[2026-01-31T14:43:57.829+0000] {processor.py:161} INFO - Started process (PID=190) to work on /opt/airflow/dags/airflow_dag_spark_streaming.py
[2026-01-31T14:43:57.829+0000] {processor.py:830} INFO - Processing file /opt/airflow/dags/airflow_dag_spark_streaming.py for tasks to queue
[2026-01-31T14:43:57.830+0000] {logging_mixin.py:188} INFO - [2026-01-31T14:43:57.830+0000] {dagbag.py:538} INFO - Filling up the DagBag from /opt/airflow/dags/airflow_dag_spark_streaming.py
[2026-01-31T14:43:57.841+0000] {processor.py:840} INFO - DAG(s) 'spark_sgp4_streaming' retrieved from /opt/airflow/dags/airflow_dag_spark_streaming.py
[2026-01-31T14:43:58.041+0000] {logging_mixin.py:188} INFO - [2026-01-31T14:43:58.040+0000] {override.py:1769} INFO - Created Permission View: can read on DAG:spark_sgp4_streaming
[2026-01-31T14:43:58.050+0000] {logging_mixin.py:188} INFO - [2026-01-31T14:43:58.050+0000] {override.py:1769} INFO - Created Permission View: can edit on DAG:spark_sgp4_streaming
[2026-01-31T14:43:58.056+0000] {logging_mixin.py:188} INFO - [2026-01-31T14:43:58.056+0000] {override.py:1769} INFO - Created Permission View: can delete on DAG:spark_sgp4_streaming
[2026-01-31T14:43:58.056+0000] {logging_mixin.py:188} INFO - [2026-01-31T14:43:58.056+0000] {dag.py:3036} INFO - Sync 1 DAGs
[2026-01-31T14:43:58.067+0000] {logging_mixin.py:188} INFO - [2026-01-31T14:43:58.066+0000] {dag.py:3058} INFO - Creating ORM DAG for spark_sgp4_streaming
[2026-01-31T14:43:58.067+0000] {logging_mixin.py:188} INFO - [2026-01-31T14:43:58.067+0000] {dag.py:3823} INFO - Setting next_dagrun for spark_sgp4_streaming to None, run_after=None
[2026-01-31T14:43:58.086+0000] {processor.py:183} INFO - Processing /opt/airflow/dags/airflow_dag_spark_streaming.py took 0.260 seconds
[2026-01-31T14:44:28.227+0000] {processor.py:161} INFO - Started process (PID=200) to work on /opt/airflow/dags/airflow_dag_spark_streaming.py
[2026-01-31T14:44:28.228+0000] {processor.py:830} INFO - Processing file /opt/airflow/dags/airflow_dag_spark_streaming.py for tasks to queue
[2026-01-31T14:44:28.230+0000] {logging_mixin.py:188} INFO - [2026-01-31T14:44:28.229+0000] {dagbag.py:538} INFO - Filling up the DagBag from /opt/airflow/dags/airflow_dag_spark_streaming.py
[2026-01-31T14:44:28.245+0000] {processor.py:840} INFO - DAG(s) 'spark_sgp4_streaming' retrieved from /opt/airflow/dags/airflow_dag_spark_streaming.py
[2026-01-31T14:44:28.278+0000] {logging_mixin.py:188} INFO - [2026-01-31T14:44:28.278+0000] {dag.py:3036} INFO - Sync 1 DAGs
[2026-01-31T14:44:28.299+0000] {logging_mixin.py:188} INFO - [2026-01-31T14:44:28.298+0000] {dag.py:3823} INFO - Setting next_dagrun for spark_sgp4_streaming to None, run_after=None
[2026-01-31T14:44:28.326+0000] {processor.py:183} INFO - Processing /opt/airflow/dags/airflow_dag_spark_streaming.py took 0.104 seconds
[2026-01-31T14:44:58.462+0000] {processor.py:161} INFO - Started process (PID=215) to work on /opt/airflow/dags/airflow_dag_spark_streaming.py
[2026-01-31T14:44:58.463+0000] {processor.py:830} INFO - Processing file /opt/airflow/dags/airflow_dag_spark_streaming.py for tasks to queue
[2026-01-31T14:44:58.464+0000] {logging_mixin.py:188} INFO - [2026-01-31T14:44:58.464+0000] {dagbag.py:538} INFO - Filling up the DagBag from /opt/airflow/dags/airflow_dag_spark_streaming.py
[2026-01-31T14:44:58.475+0000] {processor.py:840} INFO - DAG(s) 'spark_sgp4_streaming' retrieved from /opt/airflow/dags/airflow_dag_spark_streaming.py
[2026-01-31T14:44:58.509+0000] {logging_mixin.py:188} INFO - [2026-01-31T14:44:58.508+0000] {dag.py:3036} INFO - Sync 1 DAGs
[2026-01-31T14:44:58.527+0000] {logging_mixin.py:188} INFO - [2026-01-31T14:44:58.526+0000] {dag.py:3823} INFO - Setting next_dagrun for spark_sgp4_streaming to None, run_after=None
[2026-01-31T14:44:58.550+0000] {processor.py:183} INFO - Processing /opt/airflow/dags/airflow_dag_spark_streaming.py took 0.091 seconds
[2026-01-31T14:45:28.685+0000] {processor.py:161} INFO - Started process (PID=225) to work on /opt/airflow/dags/airflow_dag_spark_streaming.py
[2026-01-31T14:45:28.687+0000] {processor.py:830} INFO - Processing file /opt/airflow/dags/airflow_dag_spark_streaming.py for tasks to queue
[2026-01-31T14:45:28.688+0000] {logging_mixin.py:188} INFO - [2026-01-31T14:45:28.688+0000] {dagbag.py:538} INFO - Filling up the DagBag from /opt/airflow/dags/airflow_dag_spark_streaming.py
[2026-01-31T14:45:28.703+0000] {processor.py:840} INFO - DAG(s) 'spark_sgp4_streaming' retrieved from /opt/airflow/dags/airflow_dag_spark_streaming.py
[2026-01-31T14:45:28.742+0000] {logging_mixin.py:188} INFO - [2026-01-31T14:45:28.742+0000] {dag.py:3036} INFO - Sync 1 DAGs
[2026-01-31T14:45:28.765+0000] {logging_mixin.py:188} INFO - [2026-01-31T14:45:28.765+0000] {dag.py:3823} INFO - Setting next_dagrun for spark_sgp4_streaming to None, run_after=None
[2026-01-31T14:45:28.787+0000] {processor.py:183} INFO - Processing /opt/airflow/dags/airflow_dag_spark_streaming.py took 0.106 seconds
[2026-01-31T14:45:58.945+0000] {processor.py:161} INFO - Started process (PID=235) to work on /opt/airflow/dags/airflow_dag_spark_streaming.py
[2026-01-31T14:45:58.947+0000] {processor.py:830} INFO - Processing file /opt/airflow/dags/airflow_dag_spark_streaming.py for tasks to queue
[2026-01-31T14:45:58.948+0000] {logging_mixin.py:188} INFO - [2026-01-31T14:45:58.947+0000] {dagbag.py:538} INFO - Filling up the DagBag from /opt/airflow/dags/airflow_dag_spark_streaming.py
[2026-01-31T14:45:58.963+0000] {processor.py:840} INFO - DAG(s) 'spark_sgp4_streaming' retrieved from /opt/airflow/dags/airflow_dag_spark_streaming.py
[2026-01-31T14:45:59.003+0000] {logging_mixin.py:188} INFO - [2026-01-31T14:45:59.003+0000] {dag.py:3036} INFO - Sync 1 DAGs
[2026-01-31T14:45:59.024+0000] {logging_mixin.py:188} INFO - [2026-01-31T14:45:59.023+0000] {dag.py:3823} INFO - Setting next_dagrun for spark_sgp4_streaming to None, run_after=None
[2026-01-31T14:45:59.045+0000] {processor.py:183} INFO - Processing /opt/airflow/dags/airflow_dag_spark_streaming.py took 0.108 seconds
[2026-01-31T14:46:29.197+0000] {processor.py:161} INFO - Started process (PID=262) to work on /opt/airflow/dags/airflow_dag_spark_streaming.py
[2026-01-31T14:46:29.198+0000] {processor.py:830} INFO - Processing file /opt/airflow/dags/airflow_dag_spark_streaming.py for tasks to queue
[2026-01-31T14:46:29.199+0000] {logging_mixin.py:188} INFO - [2026-01-31T14:46:29.199+0000] {dagbag.py:538} INFO - Filling up the DagBag from /opt/airflow/dags/airflow_dag_spark_streaming.py
[2026-01-31T14:46:29.219+0000] {processor.py:840} INFO - DAG(s) 'spark_sgp4_streaming' retrieved from /opt/airflow/dags/airflow_dag_spark_streaming.py
[2026-01-31T14:46:29.263+0000] {logging_mixin.py:188} INFO - [2026-01-31T14:46:29.263+0000] {dag.py:3036} INFO - Sync 1 DAGs
[2026-01-31T14:46:29.286+0000] {logging_mixin.py:188} INFO - [2026-01-31T14:46:29.285+0000] {dag.py:3823} INFO - Setting next_dagrun for spark_sgp4_streaming to None, run_after=None
[2026-01-31T14:46:29.308+0000] {processor.py:183} INFO - Processing /opt/airflow/dags/airflow_dag_spark_streaming.py took 0.115 seconds
[2026-01-31T14:46:59.465+0000] {processor.py:161} INFO - Started process (PID=272) to work on /opt/airflow/dags/airflow_dag_spark_streaming.py
[2026-01-31T14:46:59.467+0000] {processor.py:830} INFO - Processing file /opt/airflow/dags/airflow_dag_spark_streaming.py for tasks to queue
[2026-01-31T14:46:59.468+0000] {logging_mixin.py:188} INFO - [2026-01-31T14:46:59.467+0000] {dagbag.py:538} INFO - Filling up the DagBag from /opt/airflow/dags/airflow_dag_spark_streaming.py
[2026-01-31T14:46:59.480+0000] {processor.py:840} INFO - DAG(s) 'spark_sgp4_streaming' retrieved from /opt/airflow/dags/airflow_dag_spark_streaming.py
[2026-01-31T14:46:59.518+0000] {logging_mixin.py:188} INFO - [2026-01-31T14:46:59.517+0000] {dag.py:3036} INFO - Sync 1 DAGs
[2026-01-31T14:46:59.535+0000] {logging_mixin.py:188} INFO - [2026-01-31T14:46:59.535+0000] {dag.py:3823} INFO - Setting next_dagrun for spark_sgp4_streaming to None, run_after=None
[2026-01-31T14:46:59.555+0000] {processor.py:183} INFO - Processing /opt/airflow/dags/airflow_dag_spark_streaming.py took 0.094 seconds
[2026-01-31T14:47:29.717+0000] {processor.py:161} INFO - Started process (PID=282) to work on /opt/airflow/dags/airflow_dag_spark_streaming.py
[2026-01-31T14:47:29.719+0000] {processor.py:830} INFO - Processing file /opt/airflow/dags/airflow_dag_spark_streaming.py for tasks to queue
[2026-01-31T14:47:29.720+0000] {logging_mixin.py:188} INFO - [2026-01-31T14:47:29.719+0000] {dagbag.py:538} INFO - Filling up the DagBag from /opt/airflow/dags/airflow_dag_spark_streaming.py
[2026-01-31T14:47:29.732+0000] {processor.py:840} INFO - DAG(s) 'spark_sgp4_streaming' retrieved from /opt/airflow/dags/airflow_dag_spark_streaming.py
[2026-01-31T14:47:29.768+0000] {logging_mixin.py:188} INFO - [2026-01-31T14:47:29.768+0000] {dag.py:3036} INFO - Sync 1 DAGs
[2026-01-31T14:47:29.799+0000] {logging_mixin.py:188} INFO - [2026-01-31T14:47:29.799+0000] {dag.py:3823} INFO - Setting next_dagrun for spark_sgp4_streaming to None, run_after=None
[2026-01-31T14:47:29.818+0000] {processor.py:183} INFO - Processing /opt/airflow/dags/airflow_dag_spark_streaming.py took 0.105 seconds
[2026-01-31T14:47:59.974+0000] {processor.py:161} INFO - Started process (PID=292) to work on /opt/airflow/dags/airflow_dag_spark_streaming.py
[2026-01-31T14:47:59.975+0000] {processor.py:830} INFO - Processing file /opt/airflow/dags/airflow_dag_spark_streaming.py for tasks to queue
[2026-01-31T14:47:59.976+0000] {logging_mixin.py:188} INFO - [2026-01-31T14:47:59.975+0000] {dagbag.py:538} INFO - Filling up the DagBag from /opt/airflow/dags/airflow_dag_spark_streaming.py
[2026-01-31T14:47:59.988+0000] {processor.py:840} INFO - DAG(s) 'spark_sgp4_streaming' retrieved from /opt/airflow/dags/airflow_dag_spark_streaming.py
[2026-01-31T14:48:00.024+0000] {logging_mixin.py:188} INFO - [2026-01-31T14:48:00.024+0000] {dag.py:3036} INFO - Sync 1 DAGs
[2026-01-31T14:48:00.041+0000] {logging_mixin.py:188} INFO - [2026-01-31T14:48:00.041+0000] {dag.py:3823} INFO - Setting next_dagrun for spark_sgp4_streaming to None, run_after=None
[2026-01-31T14:48:00.061+0000] {processor.py:183} INFO - Processing /opt/airflow/dags/airflow_dag_spark_streaming.py took 0.091 seconds
[2026-01-31T14:48:30.263+0000] {processor.py:161} INFO - Started process (PID=336) to work on /opt/airflow/dags/airflow_dag_spark_streaming.py
[2026-01-31T14:48:30.264+0000] {processor.py:830} INFO - Processing file /opt/airflow/dags/airflow_dag_spark_streaming.py for tasks to queue
[2026-01-31T14:48:30.265+0000] {logging_mixin.py:188} INFO - [2026-01-31T14:48:30.264+0000] {dagbag.py:538} INFO - Filling up the DagBag from /opt/airflow/dags/airflow_dag_spark_streaming.py
[2026-01-31T14:48:30.277+0000] {processor.py:840} INFO - DAG(s) 'spark_sgp4_streaming' retrieved from /opt/airflow/dags/airflow_dag_spark_streaming.py
[2026-01-31T14:48:30.313+0000] {logging_mixin.py:188} INFO - [2026-01-31T14:48:30.312+0000] {dag.py:3036} INFO - Sync 1 DAGs
[2026-01-31T14:48:30.330+0000] {logging_mixin.py:188} INFO - [2026-01-31T14:48:30.330+0000] {dag.py:3823} INFO - Setting next_dagrun for spark_sgp4_streaming to None, run_after=None
[2026-01-31T14:48:30.351+0000] {processor.py:183} INFO - Processing /opt/airflow/dags/airflow_dag_spark_streaming.py took 0.094 seconds
[2026-01-31T14:49:00.522+0000] {processor.py:161} INFO - Started process (PID=351) to work on /opt/airflow/dags/airflow_dag_spark_streaming.py
[2026-01-31T14:49:00.523+0000] {processor.py:830} INFO - Processing file /opt/airflow/dags/airflow_dag_spark_streaming.py for tasks to queue
[2026-01-31T14:49:00.524+0000] {logging_mixin.py:188} INFO - [2026-01-31T14:49:00.523+0000] {dagbag.py:538} INFO - Filling up the DagBag from /opt/airflow/dags/airflow_dag_spark_streaming.py
[2026-01-31T14:49:00.539+0000] {processor.py:840} INFO - DAG(s) 'spark_sgp4_streaming' retrieved from /opt/airflow/dags/airflow_dag_spark_streaming.py
[2026-01-31T14:49:00.576+0000] {logging_mixin.py:188} INFO - [2026-01-31T14:49:00.575+0000] {dag.py:3036} INFO - Sync 1 DAGs
[2026-01-31T14:49:00.599+0000] {logging_mixin.py:188} INFO - [2026-01-31T14:49:00.599+0000] {dag.py:3823} INFO - Setting next_dagrun for spark_sgp4_streaming to None, run_after=None
[2026-01-31T14:49:00.621+0000] {processor.py:183} INFO - Processing /opt/airflow/dags/airflow_dag_spark_streaming.py took 0.103 seconds
[2026-01-31T14:49:30.778+0000] {processor.py:161} INFO - Started process (PID=361) to work on /opt/airflow/dags/airflow_dag_spark_streaming.py
[2026-01-31T14:49:30.780+0000] {processor.py:830} INFO - Processing file /opt/airflow/dags/airflow_dag_spark_streaming.py for tasks to queue
[2026-01-31T14:49:30.781+0000] {logging_mixin.py:188} INFO - [2026-01-31T14:49:30.780+0000] {dagbag.py:538} INFO - Filling up the DagBag from /opt/airflow/dags/airflow_dag_spark_streaming.py
[2026-01-31T14:49:30.794+0000] {processor.py:840} INFO - DAG(s) 'spark_sgp4_streaming' retrieved from /opt/airflow/dags/airflow_dag_spark_streaming.py
[2026-01-31T14:49:30.830+0000] {logging_mixin.py:188} INFO - [2026-01-31T14:49:30.829+0000] {dag.py:3036} INFO - Sync 1 DAGs
[2026-01-31T14:49:30.854+0000] {logging_mixin.py:188} INFO - [2026-01-31T14:49:30.854+0000] {dag.py:3823} INFO - Setting next_dagrun for spark_sgp4_streaming to None, run_after=None
[2026-01-31T14:49:30.880+0000] {processor.py:183} INFO - Processing /opt/airflow/dags/airflow_dag_spark_streaming.py took 0.106 seconds
[2026-01-31T14:50:01.039+0000] {processor.py:161} INFO - Started process (PID=371) to work on /opt/airflow/dags/airflow_dag_spark_streaming.py
[2026-01-31T14:50:01.041+0000] {processor.py:830} INFO - Processing file /opt/airflow/dags/airflow_dag_spark_streaming.py for tasks to queue
[2026-01-31T14:50:01.042+0000] {logging_mixin.py:188} INFO - [2026-01-31T14:50:01.042+0000] {dagbag.py:538} INFO - Filling up the DagBag from /opt/airflow/dags/airflow_dag_spark_streaming.py
[2026-01-31T14:50:01.054+0000] {processor.py:840} INFO - DAG(s) 'spark_sgp4_streaming' retrieved from /opt/airflow/dags/airflow_dag_spark_streaming.py
[2026-01-31T14:50:01.094+0000] {logging_mixin.py:188} INFO - [2026-01-31T14:50:01.093+0000] {dag.py:3036} INFO - Sync 1 DAGs
[2026-01-31T14:50:01.113+0000] {logging_mixin.py:188} INFO - [2026-01-31T14:50:01.112+0000] {dag.py:3823} INFO - Setting next_dagrun for spark_sgp4_streaming to None, run_after=None
[2026-01-31T14:50:01.133+0000] {processor.py:183} INFO - Processing /opt/airflow/dags/airflow_dag_spark_streaming.py took 0.098 seconds
[2026-01-31T14:50:24.272+0000] {processor.py:161} INFO - Started process (PID=381) to work on /opt/airflow/dags/airflow_dag_spark_streaming.py
[2026-01-31T14:50:24.274+0000] {processor.py:830} INFO - Processing file /opt/airflow/dags/airflow_dag_spark_streaming.py for tasks to queue
[2026-01-31T14:50:24.275+0000] {logging_mixin.py:188} INFO - [2026-01-31T14:50:24.275+0000] {dagbag.py:538} INFO - Filling up the DagBag from /opt/airflow/dags/airflow_dag_spark_streaming.py
[2026-01-31T14:50:24.289+0000] {processor.py:840} INFO - DAG(s) 'spark_sgp4_streaming' retrieved from /opt/airflow/dags/airflow_dag_spark_streaming.py
[2026-01-31T14:50:24.454+0000] {logging_mixin.py:188} INFO - [2026-01-31T14:50:24.454+0000] {dag.py:3036} INFO - Sync 1 DAGs
[2026-01-31T14:50:24.469+0000] {logging_mixin.py:188} INFO - [2026-01-31T14:50:24.469+0000] {dag.py:3823} INFO - Setting next_dagrun for spark_sgp4_streaming to None, run_after=None
[2026-01-31T14:50:24.496+0000] {processor.py:183} INFO - Processing /opt/airflow/dags/airflow_dag_spark_streaming.py took 0.227 seconds
[2026-01-31T14:50:54.655+0000] {processor.py:161} INFO - Started process (PID=391) to work on /opt/airflow/dags/airflow_dag_spark_streaming.py
[2026-01-31T14:50:54.657+0000] {processor.py:830} INFO - Processing file /opt/airflow/dags/airflow_dag_spark_streaming.py for tasks to queue
[2026-01-31T14:50:54.659+0000] {logging_mixin.py:188} INFO - [2026-01-31T14:50:54.658+0000] {dagbag.py:538} INFO - Filling up the DagBag from /opt/airflow/dags/airflow_dag_spark_streaming.py
[2026-01-31T14:50:54.677+0000] {processor.py:840} INFO - DAG(s) 'spark_sgp4_streaming' retrieved from /opt/airflow/dags/airflow_dag_spark_streaming.py
[2026-01-31T14:50:54.730+0000] {logging_mixin.py:188} INFO - [2026-01-31T14:50:54.730+0000] {dag.py:3036} INFO - Sync 1 DAGs
[2026-01-31T14:50:54.755+0000] {logging_mixin.py:188} INFO - [2026-01-31T14:50:54.755+0000] {dag.py:3823} INFO - Setting next_dagrun for spark_sgp4_streaming to None, run_after=None
[2026-01-31T14:50:54.787+0000] {processor.py:183} INFO - Processing /opt/airflow/dags/airflow_dag_spark_streaming.py took 0.138 seconds
[2026-01-31T14:51:24.942+0000] {processor.py:161} INFO - Started process (PID=432) to work on /opt/airflow/dags/airflow_dag_spark_streaming.py
[2026-01-31T14:51:24.945+0000] {processor.py:830} INFO - Processing file /opt/airflow/dags/airflow_dag_spark_streaming.py for tasks to queue
[2026-01-31T14:51:24.946+0000] {logging_mixin.py:188} INFO - [2026-01-31T14:51:24.945+0000] {dagbag.py:538} INFO - Filling up the DagBag from /opt/airflow/dags/airflow_dag_spark_streaming.py
[2026-01-31T14:51:24.958+0000] {processor.py:840} INFO - DAG(s) 'spark_sgp4_streaming' retrieved from /opt/airflow/dags/airflow_dag_spark_streaming.py
[2026-01-31T14:51:24.994+0000] {logging_mixin.py:188} INFO - [2026-01-31T14:51:24.994+0000] {dag.py:3036} INFO - Sync 1 DAGs
[2026-01-31T14:51:25.011+0000] {logging_mixin.py:188} INFO - [2026-01-31T14:51:25.010+0000] {dag.py:3823} INFO - Setting next_dagrun for spark_sgp4_streaming to None, run_after=None
[2026-01-31T14:51:25.032+0000] {processor.py:183} INFO - Processing /opt/airflow/dags/airflow_dag_spark_streaming.py took 0.095 seconds
[2026-01-31T14:51:55.198+0000] {processor.py:161} INFO - Started process (PID=457) to work on /opt/airflow/dags/airflow_dag_spark_streaming.py
[2026-01-31T14:51:55.200+0000] {processor.py:830} INFO - Processing file /opt/airflow/dags/airflow_dag_spark_streaming.py for tasks to queue
[2026-01-31T14:51:55.201+0000] {logging_mixin.py:188} INFO - [2026-01-31T14:51:55.201+0000] {dagbag.py:538} INFO - Filling up the DagBag from /opt/airflow/dags/airflow_dag_spark_streaming.py
[2026-01-31T14:51:55.219+0000] {processor.py:840} INFO - DAG(s) 'spark_sgp4_streaming' retrieved from /opt/airflow/dags/airflow_dag_spark_streaming.py
[2026-01-31T14:51:55.271+0000] {logging_mixin.py:188} INFO - [2026-01-31T14:51:55.270+0000] {dag.py:3036} INFO - Sync 1 DAGs
[2026-01-31T14:51:55.297+0000] {logging_mixin.py:188} INFO - [2026-01-31T14:51:55.297+0000] {dag.py:3823} INFO - Setting next_dagrun for spark_sgp4_streaming to None, run_after=None
[2026-01-31T14:51:55.329+0000] {processor.py:183} INFO - Processing /opt/airflow/dags/airflow_dag_spark_streaming.py took 0.136 seconds
[2026-01-31T14:52:25.495+0000] {processor.py:161} INFO - Started process (PID=500) to work on /opt/airflow/dags/airflow_dag_spark_streaming.py
[2026-01-31T14:52:25.496+0000] {processor.py:830} INFO - Processing file /opt/airflow/dags/airflow_dag_spark_streaming.py for tasks to queue
[2026-01-31T14:52:25.497+0000] {logging_mixin.py:188} INFO - [2026-01-31T14:52:25.497+0000] {dagbag.py:538} INFO - Filling up the DagBag from /opt/airflow/dags/airflow_dag_spark_streaming.py
[2026-01-31T14:52:25.510+0000] {processor.py:840} INFO - DAG(s) 'spark_sgp4_streaming' retrieved from /opt/airflow/dags/airflow_dag_spark_streaming.py
[2026-01-31T14:52:25.549+0000] {logging_mixin.py:188} INFO - [2026-01-31T14:52:25.549+0000] {dag.py:3036} INFO - Sync 1 DAGs
[2026-01-31T14:52:25.567+0000] {logging_mixin.py:188} INFO - [2026-01-31T14:52:25.566+0000] {dag.py:3823} INFO - Setting next_dagrun for spark_sgp4_streaming to None, run_after=None
[2026-01-31T14:52:25.592+0000] {processor.py:183} INFO - Processing /opt/airflow/dags/airflow_dag_spark_streaming.py took 0.101 seconds
[2026-01-31T14:52:55.734+0000] {processor.py:161} INFO - Started process (PID=510) to work on /opt/airflow/dags/airflow_dag_spark_streaming.py
[2026-01-31T14:52:55.735+0000] {processor.py:830} INFO - Processing file /opt/airflow/dags/airflow_dag_spark_streaming.py for tasks to queue
[2026-01-31T14:52:55.736+0000] {logging_mixin.py:188} INFO - [2026-01-31T14:52:55.736+0000] {dagbag.py:538} INFO - Filling up the DagBag from /opt/airflow/dags/airflow_dag_spark_streaming.py
[2026-01-31T14:52:55.749+0000] {processor.py:840} INFO - DAG(s) 'spark_sgp4_streaming' retrieved from /opt/airflow/dags/airflow_dag_spark_streaming.py
[2026-01-31T14:52:55.788+0000] {logging_mixin.py:188} INFO - [2026-01-31T14:52:55.787+0000] {dag.py:3036} INFO - Sync 1 DAGs
[2026-01-31T14:52:55.811+0000] {logging_mixin.py:188} INFO - [2026-01-31T14:52:55.811+0000] {dag.py:3823} INFO - Setting next_dagrun for spark_sgp4_streaming to None, run_after=None
[2026-01-31T14:52:55.841+0000] {processor.py:183} INFO - Processing /opt/airflow/dags/airflow_dag_spark_streaming.py took 0.110 seconds
[2026-01-31T14:53:25.980+0000] {processor.py:161} INFO - Started process (PID=520) to work on /opt/airflow/dags/airflow_dag_spark_streaming.py
[2026-01-31T14:53:25.983+0000] {processor.py:830} INFO - Processing file /opt/airflow/dags/airflow_dag_spark_streaming.py for tasks to queue
[2026-01-31T14:53:25.984+0000] {logging_mixin.py:188} INFO - [2026-01-31T14:53:25.983+0000] {dagbag.py:538} INFO - Filling up the DagBag from /opt/airflow/dags/airflow_dag_spark_streaming.py
[2026-01-31T14:53:26.003+0000] {processor.py:840} INFO - DAG(s) 'spark_sgp4_streaming' retrieved from /opt/airflow/dags/airflow_dag_spark_streaming.py
[2026-01-31T14:53:26.043+0000] {logging_mixin.py:188} INFO - [2026-01-31T14:53:26.043+0000] {dag.py:3036} INFO - Sync 1 DAGs
[2026-01-31T14:53:26.065+0000] {logging_mixin.py:188} INFO - [2026-01-31T14:53:26.065+0000] {dag.py:3823} INFO - Setting next_dagrun for spark_sgp4_streaming to None, run_after=None
[2026-01-31T14:53:26.091+0000] {processor.py:183} INFO - Processing /opt/airflow/dags/airflow_dag_spark_streaming.py took 0.116 seconds
[2026-01-31T14:53:56.250+0000] {processor.py:161} INFO - Started process (PID=530) to work on /opt/airflow/dags/airflow_dag_spark_streaming.py
[2026-01-31T14:53:56.251+0000] {processor.py:830} INFO - Processing file /opt/airflow/dags/airflow_dag_spark_streaming.py for tasks to queue
[2026-01-31T14:53:56.253+0000] {logging_mixin.py:188} INFO - [2026-01-31T14:53:56.252+0000] {dagbag.py:538} INFO - Filling up the DagBag from /opt/airflow/dags/airflow_dag_spark_streaming.py
[2026-01-31T14:53:56.270+0000] {processor.py:840} INFO - DAG(s) 'spark_sgp4_streaming' retrieved from /opt/airflow/dags/airflow_dag_spark_streaming.py
[2026-01-31T14:53:56.312+0000] {logging_mixin.py:188} INFO - [2026-01-31T14:53:56.311+0000] {dag.py:3036} INFO - Sync 1 DAGs
[2026-01-31T14:53:56.331+0000] {logging_mixin.py:188} INFO - [2026-01-31T14:53:56.330+0000] {dag.py:3823} INFO - Setting next_dagrun for spark_sgp4_streaming to None, run_after=None
[2026-01-31T14:53:56.352+0000] {processor.py:183} INFO - Processing /opt/airflow/dags/airflow_dag_spark_streaming.py took 0.107 seconds
[2026-01-31T14:54:26.529+0000] {processor.py:161} INFO - Started process (PID=540) to work on /opt/airflow/dags/airflow_dag_spark_streaming.py
[2026-01-31T14:54:26.532+0000] {processor.py:830} INFO - Processing file /opt/airflow/dags/airflow_dag_spark_streaming.py for tasks to queue
[2026-01-31T14:54:26.534+0000] {logging_mixin.py:188} INFO - [2026-01-31T14:54:26.533+0000] {dagbag.py:538} INFO - Filling up the DagBag from /opt/airflow/dags/airflow_dag_spark_streaming.py
[2026-01-31T14:54:26.553+0000] {processor.py:840} INFO - DAG(s) 'spark_sgp4_streaming' retrieved from /opt/airflow/dags/airflow_dag_spark_streaming.py
[2026-01-31T14:54:26.604+0000] {logging_mixin.py:188} INFO - [2026-01-31T14:54:26.604+0000] {dag.py:3036} INFO - Sync 1 DAGs
[2026-01-31T14:54:26.630+0000] {logging_mixin.py:188} INFO - [2026-01-31T14:54:26.630+0000] {dag.py:3823} INFO - Setting next_dagrun for spark_sgp4_streaming to None, run_after=None
[2026-01-31T14:54:26.663+0000] {processor.py:183} INFO - Processing /opt/airflow/dags/airflow_dag_spark_streaming.py took 0.139 seconds
[2026-01-31T14:54:56.833+0000] {processor.py:161} INFO - Started process (PID=550) to work on /opt/airflow/dags/airflow_dag_spark_streaming.py
[2026-01-31T14:54:56.836+0000] {processor.py:830} INFO - Processing file /opt/airflow/dags/airflow_dag_spark_streaming.py for tasks to queue
[2026-01-31T14:54:56.837+0000] {logging_mixin.py:188} INFO - [2026-01-31T14:54:56.836+0000] {dagbag.py:538} INFO - Filling up the DagBag from /opt/airflow/dags/airflow_dag_spark_streaming.py
[2026-01-31T14:54:56.849+0000] {processor.py:840} INFO - DAG(s) 'spark_sgp4_streaming' retrieved from /opt/airflow/dags/airflow_dag_spark_streaming.py
[2026-01-31T14:54:56.884+0000] {logging_mixin.py:188} INFO - [2026-01-31T14:54:56.883+0000] {dag.py:3036} INFO - Sync 1 DAGs
[2026-01-31T14:54:56.902+0000] {logging_mixin.py:188} INFO - [2026-01-31T14:54:56.902+0000] {dag.py:3823} INFO - Setting next_dagrun for spark_sgp4_streaming to None, run_after=None
[2026-01-31T14:54:56.933+0000] {processor.py:183} INFO - Processing /opt/airflow/dags/airflow_dag_spark_streaming.py took 0.103 seconds
[2026-01-31T14:55:27.100+0000] {processor.py:161} INFO - Started process (PID=560) to work on /opt/airflow/dags/airflow_dag_spark_streaming.py
[2026-01-31T14:55:27.103+0000] {processor.py:830} INFO - Processing file /opt/airflow/dags/airflow_dag_spark_streaming.py for tasks to queue
[2026-01-31T14:55:27.104+0000] {logging_mixin.py:188} INFO - [2026-01-31T14:55:27.103+0000] {dagbag.py:538} INFO - Filling up the DagBag from /opt/airflow/dags/airflow_dag_spark_streaming.py
[2026-01-31T14:55:27.115+0000] {processor.py:840} INFO - DAG(s) 'spark_sgp4_streaming' retrieved from /opt/airflow/dags/airflow_dag_spark_streaming.py
[2026-01-31T14:55:27.153+0000] {logging_mixin.py:188} INFO - [2026-01-31T14:55:27.153+0000] {dag.py:3036} INFO - Sync 1 DAGs
[2026-01-31T14:55:27.178+0000] {logging_mixin.py:188} INFO - [2026-01-31T14:55:27.178+0000] {dag.py:3823} INFO - Setting next_dagrun for spark_sgp4_streaming to None, run_after=None
[2026-01-31T14:55:27.207+0000] {processor.py:183} INFO - Processing /opt/airflow/dags/airflow_dag_spark_streaming.py took 0.110 seconds
[2026-01-31T14:55:57.354+0000] {processor.py:161} INFO - Started process (PID=570) to work on /opt/airflow/dags/airflow_dag_spark_streaming.py
[2026-01-31T14:55:57.355+0000] {processor.py:830} INFO - Processing file /opt/airflow/dags/airflow_dag_spark_streaming.py for tasks to queue
[2026-01-31T14:55:57.356+0000] {logging_mixin.py:188} INFO - [2026-01-31T14:55:57.355+0000] {dagbag.py:538} INFO - Filling up the DagBag from /opt/airflow/dags/airflow_dag_spark_streaming.py
[2026-01-31T14:55:57.368+0000] {processor.py:840} INFO - DAG(s) 'spark_sgp4_streaming' retrieved from /opt/airflow/dags/airflow_dag_spark_streaming.py
[2026-01-31T14:55:57.402+0000] {logging_mixin.py:188} INFO - [2026-01-31T14:55:57.402+0000] {dag.py:3036} INFO - Sync 1 DAGs
[2026-01-31T14:55:57.420+0000] {logging_mixin.py:188} INFO - [2026-01-31T14:55:57.419+0000] {dag.py:3823} INFO - Setting next_dagrun for spark_sgp4_streaming to None, run_after=None
[2026-01-31T14:55:57.441+0000] {processor.py:183} INFO - Processing /opt/airflow/dags/airflow_dag_spark_streaming.py took 0.090 seconds
[2026-01-31T14:56:03.383+0000] {processor.py:161} INFO - Started process (PID=575) to work on /opt/airflow/dags/airflow_dag_spark_streaming.py
[2026-01-31T14:56:03.384+0000] {processor.py:830} INFO - Processing file /opt/airflow/dags/airflow_dag_spark_streaming.py for tasks to queue
[2026-01-31T14:56:03.384+0000] {logging_mixin.py:188} INFO - [2026-01-31T14:56:03.384+0000] {dagbag.py:538} INFO - Filling up the DagBag from /opt/airflow/dags/airflow_dag_spark_streaming.py
[2026-01-31T14:56:03.397+0000] {processor.py:840} INFO - DAG(s) 'spark_sgp4_streaming' retrieved from /opt/airflow/dags/airflow_dag_spark_streaming.py
[2026-01-31T14:56:03.430+0000] {logging_mixin.py:188} INFO - [2026-01-31T14:56:03.430+0000] {dag.py:3036} INFO - Sync 1 DAGs
[2026-01-31T14:56:03.449+0000] {logging_mixin.py:188} INFO - [2026-01-31T14:56:03.448+0000] {dag.py:3823} INFO - Setting next_dagrun for spark_sgp4_streaming to None, run_after=None
[2026-01-31T14:56:03.478+0000] {processor.py:183} INFO - Processing /opt/airflow/dags/airflow_dag_spark_streaming.py took 0.099 seconds
[2026-01-31T14:56:33.637+0000] {processor.py:161} INFO - Started process (PID=585) to work on /opt/airflow/dags/airflow_dag_spark_streaming.py
[2026-01-31T14:56:33.640+0000] {processor.py:830} INFO - Processing file /opt/airflow/dags/airflow_dag_spark_streaming.py for tasks to queue
[2026-01-31T14:56:33.641+0000] {logging_mixin.py:188} INFO - [2026-01-31T14:56:33.640+0000] {dagbag.py:538} INFO - Filling up the DagBag from /opt/airflow/dags/airflow_dag_spark_streaming.py
[2026-01-31T14:56:33.652+0000] {processor.py:840} INFO - DAG(s) 'spark_sgp4_streaming' retrieved from /opt/airflow/dags/airflow_dag_spark_streaming.py
[2026-01-31T14:56:33.692+0000] {logging_mixin.py:188} INFO - [2026-01-31T14:56:33.691+0000] {dag.py:3036} INFO - Sync 1 DAGs
[2026-01-31T14:56:33.708+0000] {logging_mixin.py:188} INFO - [2026-01-31T14:56:33.707+0000] {dag.py:3823} INFO - Setting next_dagrun for spark_sgp4_streaming to None, run_after=None
[2026-01-31T14:56:33.728+0000] {processor.py:183} INFO - Processing /opt/airflow/dags/airflow_dag_spark_streaming.py took 0.096 seconds
[2026-01-31T14:57:03.903+0000] {processor.py:161} INFO - Started process (PID=595) to work on /opt/airflow/dags/airflow_dag_spark_streaming.py
[2026-01-31T14:57:03.905+0000] {processor.py:830} INFO - Processing file /opt/airflow/dags/airflow_dag_spark_streaming.py for tasks to queue
[2026-01-31T14:57:03.906+0000] {logging_mixin.py:188} INFO - [2026-01-31T14:57:03.906+0000] {dagbag.py:538} INFO - Filling up the DagBag from /opt/airflow/dags/airflow_dag_spark_streaming.py
[2026-01-31T14:57:03.918+0000] {processor.py:840} INFO - DAG(s) 'spark_sgp4_streaming' retrieved from /opt/airflow/dags/airflow_dag_spark_streaming.py
[2026-01-31T14:57:03.958+0000] {logging_mixin.py:188} INFO - [2026-01-31T14:57:03.958+0000] {dag.py:3036} INFO - Sync 1 DAGs
[2026-01-31T14:57:03.984+0000] {logging_mixin.py:188} INFO - [2026-01-31T14:57:03.983+0000] {dag.py:3823} INFO - Setting next_dagrun for spark_sgp4_streaming to None, run_after=None
[2026-01-31T14:57:04.005+0000] {processor.py:183} INFO - Processing /opt/airflow/dags/airflow_dag_spark_streaming.py took 0.106 seconds
[2026-01-31T14:57:34.163+0000] {processor.py:161} INFO - Started process (PID=612) to work on /opt/airflow/dags/airflow_dag_spark_streaming.py
[2026-01-31T14:57:34.164+0000] {processor.py:830} INFO - Processing file /opt/airflow/dags/airflow_dag_spark_streaming.py for tasks to queue
[2026-01-31T14:57:34.165+0000] {logging_mixin.py:188} INFO - [2026-01-31T14:57:34.165+0000] {dagbag.py:538} INFO - Filling up the DagBag from /opt/airflow/dags/airflow_dag_spark_streaming.py
[2026-01-31T14:57:34.176+0000] {processor.py:840} INFO - DAG(s) 'spark_sgp4_streaming' retrieved from /opt/airflow/dags/airflow_dag_spark_streaming.py
[2026-01-31T14:57:34.216+0000] {logging_mixin.py:188} INFO - [2026-01-31T14:57:34.215+0000] {dag.py:3036} INFO - Sync 1 DAGs
[2026-01-31T14:57:34.235+0000] {logging_mixin.py:188} INFO - [2026-01-31T14:57:34.235+0000] {dag.py:3823} INFO - Setting next_dagrun for spark_sgp4_streaming to None, run_after=None
[2026-01-31T14:57:34.261+0000] {processor.py:183} INFO - Processing /opt/airflow/dags/airflow_dag_spark_streaming.py took 0.102 seconds
[2026-01-31T14:58:01.425+0000] {processor.py:161} INFO - Started process (PID=622) to work on /opt/airflow/dags/airflow_dag_spark_streaming.py
[2026-01-31T14:58:01.426+0000] {processor.py:830} INFO - Processing file /opt/airflow/dags/airflow_dag_spark_streaming.py for tasks to queue
[2026-01-31T14:58:01.427+0000] {logging_mixin.py:188} INFO - [2026-01-31T14:58:01.427+0000] {dagbag.py:538} INFO - Filling up the DagBag from /opt/airflow/dags/airflow_dag_spark_streaming.py
[2026-01-31T14:58:01.441+0000] {processor.py:840} INFO - DAG(s) 'spark_sgp4_streaming' retrieved from /opt/airflow/dags/airflow_dag_spark_streaming.py
[2026-01-31T14:58:01.479+0000] {logging_mixin.py:188} INFO - [2026-01-31T14:58:01.479+0000] {dag.py:3036} INFO - Sync 1 DAGs
[2026-01-31T14:58:01.499+0000] {logging_mixin.py:188} INFO - [2026-01-31T14:58:01.498+0000] {dag.py:3823} INFO - Setting next_dagrun for spark_sgp4_streaming to None, run_after=None
[2026-01-31T14:58:01.527+0000] {processor.py:183} INFO - Processing /opt/airflow/dags/airflow_dag_spark_streaming.py took 0.107 seconds
[2026-01-31T14:58:31.702+0000] {processor.py:161} INFO - Started process (PID=632) to work on /opt/airflow/dags/airflow_dag_spark_streaming.py
[2026-01-31T14:58:31.705+0000] {processor.py:830} INFO - Processing file /opt/airflow/dags/airflow_dag_spark_streaming.py for tasks to queue
[2026-01-31T14:58:31.706+0000] {logging_mixin.py:188} INFO - [2026-01-31T14:58:31.706+0000] {dagbag.py:538} INFO - Filling up the DagBag from /opt/airflow/dags/airflow_dag_spark_streaming.py
[2026-01-31T14:58:31.725+0000] {processor.py:840} INFO - DAG(s) 'spark_sgp4_streaming' retrieved from /opt/airflow/dags/airflow_dag_spark_streaming.py
[2026-01-31T14:58:31.765+0000] {logging_mixin.py:188} INFO - [2026-01-31T14:58:31.765+0000] {dag.py:3036} INFO - Sync 1 DAGs
[2026-01-31T14:58:31.784+0000] {logging_mixin.py:188} INFO - [2026-01-31T14:58:31.783+0000] {dag.py:3823} INFO - Setting next_dagrun for spark_sgp4_streaming to None, run_after=None
[2026-01-31T14:58:31.803+0000] {processor.py:183} INFO - Processing /opt/airflow/dags/airflow_dag_spark_streaming.py took 0.107 seconds
[2026-01-31T14:59:01.965+0000] {processor.py:161} INFO - Started process (PID=642) to work on /opt/airflow/dags/airflow_dag_spark_streaming.py
[2026-01-31T14:59:01.967+0000] {processor.py:830} INFO - Processing file /opt/airflow/dags/airflow_dag_spark_streaming.py for tasks to queue
[2026-01-31T14:59:01.968+0000] {logging_mixin.py:188} INFO - [2026-01-31T14:59:01.968+0000] {dagbag.py:538} INFO - Filling up the DagBag from /opt/airflow/dags/airflow_dag_spark_streaming.py
[2026-01-31T14:59:01.980+0000] {processor.py:840} INFO - DAG(s) 'spark_sgp4_streaming' retrieved from /opt/airflow/dags/airflow_dag_spark_streaming.py
[2026-01-31T14:59:02.014+0000] {logging_mixin.py:188} INFO - [2026-01-31T14:59:02.014+0000] {dag.py:3036} INFO - Sync 1 DAGs
[2026-01-31T14:59:02.030+0000] {logging_mixin.py:188} INFO - [2026-01-31T14:59:02.030+0000] {dag.py:3823} INFO - Setting next_dagrun for spark_sgp4_streaming to None, run_after=None
[2026-01-31T14:59:02.052+0000] {processor.py:183} INFO - Processing /opt/airflow/dags/airflow_dag_spark_streaming.py took 0.091 seconds
[2026-01-31T14:59:32.228+0000] {processor.py:161} INFO - Started process (PID=658) to work on /opt/airflow/dags/airflow_dag_spark_streaming.py
[2026-01-31T14:59:32.231+0000] {processor.py:830} INFO - Processing file /opt/airflow/dags/airflow_dag_spark_streaming.py for tasks to queue
[2026-01-31T14:59:32.232+0000] {logging_mixin.py:188} INFO - [2026-01-31T14:59:32.232+0000] {dagbag.py:538} INFO - Filling up the DagBag from /opt/airflow/dags/airflow_dag_spark_streaming.py
[2026-01-31T14:59:32.245+0000] {processor.py:840} INFO - DAG(s) 'spark_sgp4_streaming' retrieved from /opt/airflow/dags/airflow_dag_spark_streaming.py
[2026-01-31T14:59:32.284+0000] {logging_mixin.py:188} INFO - [2026-01-31T14:59:32.284+0000] {dag.py:3036} INFO - Sync 1 DAGs
[2026-01-31T14:59:32.304+0000] {logging_mixin.py:188} INFO - [2026-01-31T14:59:32.303+0000] {dag.py:3823} INFO - Setting next_dagrun for spark_sgp4_streaming to None, run_after=None
[2026-01-31T14:59:32.329+0000] {processor.py:183} INFO - Processing /opt/airflow/dags/airflow_dag_spark_streaming.py took 0.107 seconds
[2026-01-31T15:00:02.494+0000] {processor.py:161} INFO - Started process (PID=670) to work on /opt/airflow/dags/airflow_dag_spark_streaming.py
[2026-01-31T15:00:02.497+0000] {processor.py:830} INFO - Processing file /opt/airflow/dags/airflow_dag_spark_streaming.py for tasks to queue
[2026-01-31T15:00:02.498+0000] {logging_mixin.py:188} INFO - [2026-01-31T15:00:02.497+0000] {dagbag.py:538} INFO - Filling up the DagBag from /opt/airflow/dags/airflow_dag_spark_streaming.py
[2026-01-31T15:00:02.516+0000] {processor.py:840} INFO - DAG(s) 'spark_sgp4_streaming' retrieved from /opt/airflow/dags/airflow_dag_spark_streaming.py
[2026-01-31T15:00:02.561+0000] {logging_mixin.py:188} INFO - [2026-01-31T15:00:02.561+0000] {dag.py:3036} INFO - Sync 1 DAGs
[2026-01-31T15:00:02.576+0000] {logging_mixin.py:188} INFO - [2026-01-31T15:00:02.576+0000] {dag.py:3823} INFO - Setting next_dagrun for spark_sgp4_streaming to None, run_after=None
[2026-01-31T15:00:02.598+0000] {processor.py:183} INFO - Processing /opt/airflow/dags/airflow_dag_spark_streaming.py took 0.109 seconds
[2026-01-31T15:00:32.763+0000] {processor.py:161} INFO - Started process (PID=683) to work on /opt/airflow/dags/airflow_dag_spark_streaming.py
[2026-01-31T15:00:32.764+0000] {processor.py:830} INFO - Processing file /opt/airflow/dags/airflow_dag_spark_streaming.py for tasks to queue
[2026-01-31T15:00:32.765+0000] {logging_mixin.py:188} INFO - [2026-01-31T15:00:32.764+0000] {dagbag.py:538} INFO - Filling up the DagBag from /opt/airflow/dags/airflow_dag_spark_streaming.py
[2026-01-31T15:00:32.778+0000] {processor.py:840} INFO - DAG(s) 'spark_sgp4_streaming' retrieved from /opt/airflow/dags/airflow_dag_spark_streaming.py
[2026-01-31T15:00:32.818+0000] {logging_mixin.py:188} INFO - [2026-01-31T15:00:32.817+0000] {dag.py:3036} INFO - Sync 1 DAGs
[2026-01-31T15:00:32.843+0000] {logging_mixin.py:188} INFO - [2026-01-31T15:00:32.842+0000] {dag.py:3823} INFO - Setting next_dagrun for spark_sgp4_streaming to None, run_after=None
[2026-01-31T15:00:32.872+0000] {processor.py:183} INFO - Processing /opt/airflow/dags/airflow_dag_spark_streaming.py took 0.113 seconds
[2026-01-31T15:01:03.043+0000] {processor.py:161} INFO - Started process (PID=693) to work on /opt/airflow/dags/airflow_dag_spark_streaming.py
[2026-01-31T15:01:03.045+0000] {processor.py:830} INFO - Processing file /opt/airflow/dags/airflow_dag_spark_streaming.py for tasks to queue
[2026-01-31T15:01:03.047+0000] {logging_mixin.py:188} INFO - [2026-01-31T15:01:03.046+0000] {dagbag.py:538} INFO - Filling up the DagBag from /opt/airflow/dags/airflow_dag_spark_streaming.py
[2026-01-31T15:01:03.060+0000] {processor.py:840} INFO - DAG(s) 'spark_sgp4_streaming' retrieved from /opt/airflow/dags/airflow_dag_spark_streaming.py
[2026-01-31T15:01:03.097+0000] {logging_mixin.py:188} INFO - [2026-01-31T15:01:03.097+0000] {dag.py:3036} INFO - Sync 1 DAGs
[2026-01-31T15:01:03.113+0000] {logging_mixin.py:188} INFO - [2026-01-31T15:01:03.113+0000] {dag.py:3823} INFO - Setting next_dagrun for spark_sgp4_streaming to None, run_after=None
[2026-01-31T15:01:03.131+0000] {processor.py:183} INFO - Processing /opt/airflow/dags/airflow_dag_spark_streaming.py took 0.093 seconds
[2026-01-31T15:01:33.300+0000] {processor.py:161} INFO - Started process (PID=703) to work on /opt/airflow/dags/airflow_dag_spark_streaming.py
[2026-01-31T15:01:33.301+0000] {processor.py:830} INFO - Processing file /opt/airflow/dags/airflow_dag_spark_streaming.py for tasks to queue
[2026-01-31T15:01:33.302+0000] {logging_mixin.py:188} INFO - [2026-01-31T15:01:33.301+0000] {dagbag.py:538} INFO - Filling up the DagBag from /opt/airflow/dags/airflow_dag_spark_streaming.py
[2026-01-31T15:01:33.314+0000] {processor.py:840} INFO - DAG(s) 'spark_sgp4_streaming' retrieved from /opt/airflow/dags/airflow_dag_spark_streaming.py
[2026-01-31T15:01:33.350+0000] {logging_mixin.py:188} INFO - [2026-01-31T15:01:33.350+0000] {dag.py:3036} INFO - Sync 1 DAGs
[2026-01-31T15:01:33.368+0000] {logging_mixin.py:188} INFO - [2026-01-31T15:01:33.368+0000] {dag.py:3823} INFO - Setting next_dagrun for spark_sgp4_streaming to None, run_after=None
[2026-01-31T15:01:33.389+0000] {processor.py:183} INFO - Processing /opt/airflow/dags/airflow_dag_spark_streaming.py took 0.094 seconds
[2026-01-31T15:01:54.300+0000] {processor.py:161} INFO - Started process (PID=189) to work on /opt/airflow/dags/airflow_dag_spark_streaming.py
[2026-01-31T15:01:54.301+0000] {processor.py:830} INFO - Processing file /opt/airflow/dags/airflow_dag_spark_streaming.py for tasks to queue
[2026-01-31T15:01:54.301+0000] {logging_mixin.py:188} INFO - [2026-01-31T15:01:54.301+0000] {dagbag.py:538} INFO - Filling up the DagBag from /opt/airflow/dags/airflow_dag_spark_streaming.py
[2026-01-31T15:01:54.311+0000] {processor.py:840} INFO - DAG(s) 'spark_sgp4_streaming' retrieved from /opt/airflow/dags/airflow_dag_spark_streaming.py
[2026-01-31T15:01:54.354+0000] {logging_mixin.py:188} INFO - [2026-01-31T15:01:54.354+0000] {dag.py:3036} INFO - Sync 1 DAGs
[2026-01-31T15:01:54.367+0000] {logging_mixin.py:188} INFO - [2026-01-31T15:01:54.367+0000] {dag.py:3823} INFO - Setting next_dagrun for spark_sgp4_streaming to None, run_after=None
[2026-01-31T15:01:54.388+0000] {processor.py:183} INFO - Processing /opt/airflow/dags/airflow_dag_spark_streaming.py took 0.090 seconds
[2026-01-31T15:02:24.522+0000] {processor.py:161} INFO - Started process (PID=205) to work on /opt/airflow/dags/airflow_dag_spark_streaming.py
[2026-01-31T15:02:24.522+0000] {processor.py:830} INFO - Processing file /opt/airflow/dags/airflow_dag_spark_streaming.py for tasks to queue
[2026-01-31T15:02:24.523+0000] {logging_mixin.py:188} INFO - [2026-01-31T15:02:24.523+0000] {dagbag.py:538} INFO - Filling up the DagBag from /opt/airflow/dags/airflow_dag_spark_streaming.py
[2026-01-31T15:02:24.533+0000] {processor.py:840} INFO - DAG(s) 'spark_sgp4_streaming' retrieved from /opt/airflow/dags/airflow_dag_spark_streaming.py
[2026-01-31T15:02:24.566+0000] {logging_mixin.py:188} INFO - [2026-01-31T15:02:24.566+0000] {dag.py:3036} INFO - Sync 1 DAGs
[2026-01-31T15:02:24.583+0000] {logging_mixin.py:188} INFO - [2026-01-31T15:02:24.583+0000] {dag.py:3823} INFO - Setting next_dagrun for spark_sgp4_streaming to None, run_after=None
[2026-01-31T15:02:24.606+0000] {processor.py:183} INFO - Processing /opt/airflow/dags/airflow_dag_spark_streaming.py took 0.087 seconds
[2026-01-31T15:02:54.744+0000] {processor.py:161} INFO - Started process (PID=222) to work on /opt/airflow/dags/airflow_dag_spark_streaming.py
[2026-01-31T15:02:54.745+0000] {processor.py:830} INFO - Processing file /opt/airflow/dags/airflow_dag_spark_streaming.py for tasks to queue
[2026-01-31T15:02:54.746+0000] {logging_mixin.py:188} INFO - [2026-01-31T15:02:54.746+0000] {dagbag.py:538} INFO - Filling up the DagBag from /opt/airflow/dags/airflow_dag_spark_streaming.py
[2026-01-31T15:02:54.757+0000] {processor.py:840} INFO - DAG(s) 'spark_sgp4_streaming' retrieved from /opt/airflow/dags/airflow_dag_spark_streaming.py
[2026-01-31T15:02:54.793+0000] {logging_mixin.py:188} INFO - [2026-01-31T15:02:54.792+0000] {dag.py:3036} INFO - Sync 1 DAGs
[2026-01-31T15:02:54.812+0000] {logging_mixin.py:188} INFO - [2026-01-31T15:02:54.812+0000] {dag.py:3823} INFO - Setting next_dagrun for spark_sgp4_streaming to None, run_after=None
[2026-01-31T15:02:54.835+0000] {processor.py:183} INFO - Processing /opt/airflow/dags/airflow_dag_spark_streaming.py took 0.095 seconds
[2026-01-31T15:03:24.983+0000] {processor.py:161} INFO - Started process (PID=232) to work on /opt/airflow/dags/airflow_dag_spark_streaming.py
[2026-01-31T15:03:24.986+0000] {processor.py:830} INFO - Processing file /opt/airflow/dags/airflow_dag_spark_streaming.py for tasks to queue
[2026-01-31T15:03:24.987+0000] {logging_mixin.py:188} INFO - [2026-01-31T15:03:24.986+0000] {dagbag.py:538} INFO - Filling up the DagBag from /opt/airflow/dags/airflow_dag_spark_streaming.py
[2026-01-31T15:03:24.998+0000] {processor.py:840} INFO - DAG(s) 'spark_sgp4_streaming' retrieved from /opt/airflow/dags/airflow_dag_spark_streaming.py
[2026-01-31T15:03:25.031+0000] {logging_mixin.py:188} INFO - [2026-01-31T15:03:25.031+0000] {dag.py:3036} INFO - Sync 1 DAGs
[2026-01-31T15:03:25.048+0000] {logging_mixin.py:188} INFO - [2026-01-31T15:03:25.048+0000] {dag.py:3823} INFO - Setting next_dagrun for spark_sgp4_streaming to None, run_after=None
[2026-01-31T15:03:25.069+0000] {processor.py:183} INFO - Processing /opt/airflow/dags/airflow_dag_spark_streaming.py took 0.089 seconds
[2026-01-31T15:03:55.229+0000] {processor.py:161} INFO - Started process (PID=242) to work on /opt/airflow/dags/airflow_dag_spark_streaming.py
[2026-01-31T15:03:55.232+0000] {processor.py:830} INFO - Processing file /opt/airflow/dags/airflow_dag_spark_streaming.py for tasks to queue
[2026-01-31T15:03:55.233+0000] {logging_mixin.py:188} INFO - [2026-01-31T15:03:55.232+0000] {dagbag.py:538} INFO - Filling up the DagBag from /opt/airflow/dags/airflow_dag_spark_streaming.py
[2026-01-31T15:03:55.249+0000] {processor.py:840} INFO - DAG(s) 'spark_sgp4_streaming' retrieved from /opt/airflow/dags/airflow_dag_spark_streaming.py
[2026-01-31T15:03:55.286+0000] {logging_mixin.py:188} INFO - [2026-01-31T15:03:55.285+0000] {dag.py:3036} INFO - Sync 1 DAGs
[2026-01-31T15:03:55.302+0000] {logging_mixin.py:188} INFO - [2026-01-31T15:03:55.301+0000] {dag.py:3823} INFO - Setting next_dagrun for spark_sgp4_streaming to None, run_after=None
[2026-01-31T15:03:55.326+0000] {processor.py:183} INFO - Processing /opt/airflow/dags/airflow_dag_spark_streaming.py took 0.102 seconds
[2026-01-31T15:04:25.485+0000] {processor.py:161} INFO - Started process (PID=252) to work on /opt/airflow/dags/airflow_dag_spark_streaming.py
[2026-01-31T15:04:25.487+0000] {processor.py:830} INFO - Processing file /opt/airflow/dags/airflow_dag_spark_streaming.py for tasks to queue
[2026-01-31T15:04:25.489+0000] {logging_mixin.py:188} INFO - [2026-01-31T15:04:25.488+0000] {dagbag.py:538} INFO - Filling up the DagBag from /opt/airflow/dags/airflow_dag_spark_streaming.py
[2026-01-31T15:04:25.505+0000] {processor.py:840} INFO - DAG(s) 'spark_sgp4_streaming' retrieved from /opt/airflow/dags/airflow_dag_spark_streaming.py
[2026-01-31T15:04:25.545+0000] {logging_mixin.py:188} INFO - [2026-01-31T15:04:25.545+0000] {dag.py:3036} INFO - Sync 1 DAGs
[2026-01-31T15:04:25.561+0000] {logging_mixin.py:188} INFO - [2026-01-31T15:04:25.560+0000] {dag.py:3823} INFO - Setting next_dagrun for spark_sgp4_streaming to None, run_after=None
[2026-01-31T15:04:25.580+0000] {processor.py:183} INFO - Processing /opt/airflow/dags/airflow_dag_spark_streaming.py took 0.100 seconds
[2026-01-31T15:04:55.728+0000] {processor.py:161} INFO - Started process (PID=277) to work on /opt/airflow/dags/airflow_dag_spark_streaming.py
[2026-01-31T15:04:55.733+0000] {processor.py:830} INFO - Processing file /opt/airflow/dags/airflow_dag_spark_streaming.py for tasks to queue
[2026-01-31T15:04:55.734+0000] {logging_mixin.py:188} INFO - [2026-01-31T15:04:55.734+0000] {dagbag.py:538} INFO - Filling up the DagBag from /opt/airflow/dags/airflow_dag_spark_streaming.py
[2026-01-31T15:04:55.750+0000] {processor.py:840} INFO - DAG(s) 'spark_sgp4_streaming' retrieved from /opt/airflow/dags/airflow_dag_spark_streaming.py
[2026-01-31T15:04:55.788+0000] {logging_mixin.py:188} INFO - [2026-01-31T15:04:55.788+0000] {dag.py:3036} INFO - Sync 1 DAGs
[2026-01-31T15:04:55.812+0000] {logging_mixin.py:188} INFO - [2026-01-31T15:04:55.812+0000] {dag.py:3823} INFO - Setting next_dagrun for spark_sgp4_streaming to None, run_after=None
[2026-01-31T15:04:55.841+0000] {processor.py:183} INFO - Processing /opt/airflow/dags/airflow_dag_spark_streaming.py took 0.118 seconds
[2026-01-31T15:05:25.984+0000] {processor.py:161} INFO - Started process (PID=287) to work on /opt/airflow/dags/airflow_dag_spark_streaming.py
[2026-01-31T15:05:25.985+0000] {processor.py:830} INFO - Processing file /opt/airflow/dags/airflow_dag_spark_streaming.py for tasks to queue
[2026-01-31T15:05:25.986+0000] {logging_mixin.py:188} INFO - [2026-01-31T15:05:25.986+0000] {dagbag.py:538} INFO - Filling up the DagBag from /opt/airflow/dags/airflow_dag_spark_streaming.py
[2026-01-31T15:05:25.995+0000] {processor.py:840} INFO - DAG(s) 'spark_sgp4_streaming' retrieved from /opt/airflow/dags/airflow_dag_spark_streaming.py
[2026-01-31T15:05:26.028+0000] {logging_mixin.py:188} INFO - [2026-01-31T15:05:26.028+0000] {dag.py:3036} INFO - Sync 1 DAGs
[2026-01-31T15:05:26.047+0000] {logging_mixin.py:188} INFO - [2026-01-31T15:05:26.047+0000] {dag.py:3823} INFO - Setting next_dagrun for spark_sgp4_streaming to None, run_after=None
[2026-01-31T15:05:26.068+0000] {processor.py:183} INFO - Processing /opt/airflow/dags/airflow_dag_spark_streaming.py took 0.086 seconds
[2026-01-31T15:05:56.219+0000] {processor.py:161} INFO - Started process (PID=297) to work on /opt/airflow/dags/airflow_dag_spark_streaming.py
[2026-01-31T15:05:56.221+0000] {processor.py:830} INFO - Processing file /opt/airflow/dags/airflow_dag_spark_streaming.py for tasks to queue
[2026-01-31T15:05:56.223+0000] {logging_mixin.py:188} INFO - [2026-01-31T15:05:56.222+0000] {dagbag.py:538} INFO - Filling up the DagBag from /opt/airflow/dags/airflow_dag_spark_streaming.py
[2026-01-31T15:05:56.239+0000] {processor.py:840} INFO - DAG(s) 'spark_sgp4_streaming' retrieved from /opt/airflow/dags/airflow_dag_spark_streaming.py
[2026-01-31T15:05:56.280+0000] {logging_mixin.py:188} INFO - [2026-01-31T15:05:56.280+0000] {dag.py:3036} INFO - Sync 1 DAGs
[2026-01-31T15:05:56.304+0000] {logging_mixin.py:188} INFO - [2026-01-31T15:05:56.304+0000] {dag.py:3823} INFO - Setting next_dagrun for spark_sgp4_streaming to None, run_after=None
[2026-01-31T15:05:56.330+0000] {processor.py:183} INFO - Processing /opt/airflow/dags/airflow_dag_spark_streaming.py took 0.117 seconds
[2026-01-31T15:06:26.500+0000] {processor.py:161} INFO - Started process (PID=307) to work on /opt/airflow/dags/airflow_dag_spark_streaming.py
[2026-01-31T15:06:26.502+0000] {processor.py:830} INFO - Processing file /opt/airflow/dags/airflow_dag_spark_streaming.py for tasks to queue
[2026-01-31T15:06:26.503+0000] {logging_mixin.py:188} INFO - [2026-01-31T15:06:26.503+0000] {dagbag.py:538} INFO - Filling up the DagBag from /opt/airflow/dags/airflow_dag_spark_streaming.py
[2026-01-31T15:06:26.520+0000] {processor.py:840} INFO - DAG(s) 'spark_sgp4_streaming' retrieved from /opt/airflow/dags/airflow_dag_spark_streaming.py
[2026-01-31T15:06:26.570+0000] {logging_mixin.py:188} INFO - [2026-01-31T15:06:26.570+0000] {dag.py:3036} INFO - Sync 1 DAGs
[2026-01-31T15:06:26.593+0000] {logging_mixin.py:188} INFO - [2026-01-31T15:06:26.593+0000] {dag.py:3823} INFO - Setting next_dagrun for spark_sgp4_streaming to None, run_after=None
[2026-01-31T15:06:26.615+0000] {processor.py:183} INFO - Processing /opt/airflow/dags/airflow_dag_spark_streaming.py took 0.120 seconds
[2026-01-31T15:06:56.786+0000] {processor.py:161} INFO - Started process (PID=317) to work on /opt/airflow/dags/airflow_dag_spark_streaming.py
[2026-01-31T15:06:56.788+0000] {processor.py:830} INFO - Processing file /opt/airflow/dags/airflow_dag_spark_streaming.py for tasks to queue
[2026-01-31T15:06:56.789+0000] {logging_mixin.py:188} INFO - [2026-01-31T15:06:56.788+0000] {dagbag.py:538} INFO - Filling up the DagBag from /opt/airflow/dags/airflow_dag_spark_streaming.py
[2026-01-31T15:06:56.800+0000] {processor.py:840} INFO - DAG(s) 'spark_sgp4_streaming' retrieved from /opt/airflow/dags/airflow_dag_spark_streaming.py
[2026-01-31T15:06:56.835+0000] {logging_mixin.py:188} INFO - [2026-01-31T15:06:56.835+0000] {dag.py:3036} INFO - Sync 1 DAGs
[2026-01-31T15:06:56.856+0000] {logging_mixin.py:188} INFO - [2026-01-31T15:06:56.856+0000] {dag.py:3823} INFO - Setting next_dagrun for spark_sgp4_streaming to None, run_after=None
[2026-01-31T15:06:56.878+0000] {processor.py:183} INFO - Processing /opt/airflow/dags/airflow_dag_spark_streaming.py took 0.095 seconds
[2026-01-31T15:07:27.018+0000] {processor.py:161} INFO - Started process (PID=327) to work on /opt/airflow/dags/airflow_dag_spark_streaming.py
[2026-01-31T15:07:27.020+0000] {processor.py:830} INFO - Processing file /opt/airflow/dags/airflow_dag_spark_streaming.py for tasks to queue
[2026-01-31T15:07:27.021+0000] {logging_mixin.py:188} INFO - [2026-01-31T15:07:27.021+0000] {dagbag.py:538} INFO - Filling up the DagBag from /opt/airflow/dags/airflow_dag_spark_streaming.py
[2026-01-31T15:07:27.032+0000] {processor.py:840} INFO - DAG(s) 'spark_sgp4_streaming' retrieved from /opt/airflow/dags/airflow_dag_spark_streaming.py
[2026-01-31T15:07:27.067+0000] {logging_mixin.py:188} INFO - [2026-01-31T15:07:27.067+0000] {dag.py:3036} INFO - Sync 1 DAGs
[2026-01-31T15:07:27.086+0000] {logging_mixin.py:188} INFO - [2026-01-31T15:07:27.086+0000] {dag.py:3823} INFO - Setting next_dagrun for spark_sgp4_streaming to None, run_after=None
[2026-01-31T15:07:27.107+0000] {processor.py:183} INFO - Processing /opt/airflow/dags/airflow_dag_spark_streaming.py took 0.093 seconds
[2026-01-31T15:07:57.250+0000] {processor.py:161} INFO - Started process (PID=337) to work on /opt/airflow/dags/airflow_dag_spark_streaming.py
[2026-01-31T15:07:57.252+0000] {processor.py:830} INFO - Processing file /opt/airflow/dags/airflow_dag_spark_streaming.py for tasks to queue
[2026-01-31T15:07:57.254+0000] {logging_mixin.py:188} INFO - [2026-01-31T15:07:57.253+0000] {dagbag.py:538} INFO - Filling up the DagBag from /opt/airflow/dags/airflow_dag_spark_streaming.py
[2026-01-31T15:07:57.271+0000] {processor.py:840} INFO - DAG(s) 'spark_sgp4_streaming' retrieved from /opt/airflow/dags/airflow_dag_spark_streaming.py
[2026-01-31T15:07:57.323+0000] {logging_mixin.py:188} INFO - [2026-01-31T15:07:57.323+0000] {dag.py:3036} INFO - Sync 1 DAGs
[2026-01-31T15:07:57.345+0000] {logging_mixin.py:188} INFO - [2026-01-31T15:07:57.345+0000] {dag.py:3823} INFO - Setting next_dagrun for spark_sgp4_streaming to None, run_after=None
[2026-01-31T15:07:57.374+0000] {processor.py:183} INFO - Processing /opt/airflow/dags/airflow_dag_spark_streaming.py took 0.129 seconds
[2026-01-31T15:08:27.551+0000] {processor.py:161} INFO - Started process (PID=347) to work on /opt/airflow/dags/airflow_dag_spark_streaming.py
[2026-01-31T15:08:27.553+0000] {processor.py:830} INFO - Processing file /opt/airflow/dags/airflow_dag_spark_streaming.py for tasks to queue
[2026-01-31T15:08:27.554+0000] {logging_mixin.py:188} INFO - [2026-01-31T15:08:27.553+0000] {dagbag.py:538} INFO - Filling up the DagBag from /opt/airflow/dags/airflow_dag_spark_streaming.py
[2026-01-31T15:08:27.565+0000] {processor.py:840} INFO - DAG(s) 'spark_sgp4_streaming' retrieved from /opt/airflow/dags/airflow_dag_spark_streaming.py
[2026-01-31T15:08:27.600+0000] {logging_mixin.py:188} INFO - [2026-01-31T15:08:27.599+0000] {dag.py:3036} INFO - Sync 1 DAGs
[2026-01-31T15:08:27.617+0000] {logging_mixin.py:188} INFO - [2026-01-31T15:08:27.617+0000] {dag.py:3823} INFO - Setting next_dagrun for spark_sgp4_streaming to None, run_after=None
[2026-01-31T15:08:27.640+0000] {processor.py:183} INFO - Processing /opt/airflow/dags/airflow_dag_spark_streaming.py took 0.094 seconds
[2026-01-31T15:08:57.799+0000] {processor.py:161} INFO - Started process (PID=357) to work on /opt/airflow/dags/airflow_dag_spark_streaming.py
[2026-01-31T15:08:57.939+0000] {processor.py:830} INFO - Processing file /opt/airflow/dags/airflow_dag_spark_streaming.py for tasks to queue
[2026-01-31T15:08:57.940+0000] {logging_mixin.py:188} INFO - [2026-01-31T15:08:57.939+0000] {dagbag.py:538} INFO - Filling up the DagBag from /opt/airflow/dags/airflow_dag_spark_streaming.py
[2026-01-31T15:08:57.952+0000] {processor.py:840} INFO - DAG(s) 'spark_sgp4_streaming' retrieved from /opt/airflow/dags/airflow_dag_spark_streaming.py
[2026-01-31T15:08:57.988+0000] {logging_mixin.py:188} INFO - [2026-01-31T15:08:57.987+0000] {dag.py:3036} INFO - Sync 1 DAGs
[2026-01-31T15:08:58.005+0000] {logging_mixin.py:188} INFO - [2026-01-31T15:08:58.004+0000] {dag.py:3823} INFO - Setting next_dagrun for spark_sgp4_streaming to None, run_after=None
[2026-01-31T15:08:58.023+0000] {processor.py:183} INFO - Processing /opt/airflow/dags/airflow_dag_spark_streaming.py took 0.228 seconds
[2026-01-31T20:40:06.117+0530] {processor.py:161} INFO - Started process (PID=189) to work on /opt/airflow/dags/airflow_dag_spark_streaming.py
[2026-01-31T20:40:06.118+0530] {processor.py:830} INFO - Processing file /opt/airflow/dags/airflow_dag_spark_streaming.py for tasks to queue
[2026-01-31T20:40:06.118+0530] {logging_mixin.py:188} INFO - [2026-01-31T20:40:06.118+0530] {dagbag.py:538} INFO - Filling up the DagBag from /opt/airflow/dags/airflow_dag_spark_streaming.py
[2026-01-31T20:40:06.130+0530] {processor.py:840} INFO - DAG(s) 'spark_sgp4_streaming' retrieved from /opt/airflow/dags/airflow_dag_spark_streaming.py
[2026-01-31T20:40:06.353+0530] {logging_mixin.py:188} INFO - [2026-01-31T20:40:06.353+0530] {dag.py:3036} INFO - Sync 1 DAGs
[2026-01-31T20:40:06.363+0530] {logging_mixin.py:188} INFO - [2026-01-31T20:40:06.363+0530] {dag.py:3823} INFO - Setting next_dagrun for spark_sgp4_streaming to None, run_after=None
[2026-01-31T20:40:06.380+0530] {processor.py:183} INFO - Processing /opt/airflow/dags/airflow_dag_spark_streaming.py took 0.266 seconds
[2026-01-31T20:40:36.526+0530] {processor.py:161} INFO - Started process (PID=213) to work on /opt/airflow/dags/airflow_dag_spark_streaming.py
[2026-01-31T20:40:36.528+0530] {processor.py:830} INFO - Processing file /opt/airflow/dags/airflow_dag_spark_streaming.py for tasks to queue
[2026-01-31T20:40:36.530+0530] {logging_mixin.py:188} INFO - [2026-01-31T20:40:36.529+0530] {dagbag.py:538} INFO - Filling up the DagBag from /opt/airflow/dags/airflow_dag_spark_streaming.py
[2026-01-31T20:40:36.541+0530] {processor.py:840} INFO - DAG(s) 'spark_sgp4_streaming' retrieved from /opt/airflow/dags/airflow_dag_spark_streaming.py
[2026-01-31T20:40:36.574+0530] {logging_mixin.py:188} INFO - [2026-01-31T20:40:36.574+0530] {dag.py:3036} INFO - Sync 1 DAGs
[2026-01-31T20:40:36.590+0530] {logging_mixin.py:188} INFO - [2026-01-31T20:40:36.590+0530] {dag.py:3823} INFO - Setting next_dagrun for spark_sgp4_streaming to None, run_after=None
[2026-01-31T20:40:36.611+0530] {processor.py:183} INFO - Processing /opt/airflow/dags/airflow_dag_spark_streaming.py took 0.090 seconds
[2026-01-31T20:41:06.745+0530] {processor.py:161} INFO - Started process (PID=223) to work on /opt/airflow/dags/airflow_dag_spark_streaming.py
[2026-01-31T20:41:06.747+0530] {processor.py:830} INFO - Processing file /opt/airflow/dags/airflow_dag_spark_streaming.py for tasks to queue
[2026-01-31T20:41:06.748+0530] {logging_mixin.py:188} INFO - [2026-01-31T20:41:06.748+0530] {dagbag.py:538} INFO - Filling up the DagBag from /opt/airflow/dags/airflow_dag_spark_streaming.py
[2026-01-31T20:41:06.759+0530] {processor.py:840} INFO - DAG(s) 'spark_sgp4_streaming' retrieved from /opt/airflow/dags/airflow_dag_spark_streaming.py
[2026-01-31T20:41:06.794+0530] {logging_mixin.py:188} INFO - [2026-01-31T20:41:06.793+0530] {dag.py:3036} INFO - Sync 1 DAGs
[2026-01-31T20:41:06.817+0530] {logging_mixin.py:188} INFO - [2026-01-31T20:41:06.816+0530] {dag.py:3823} INFO - Setting next_dagrun for spark_sgp4_streaming to None, run_after=None
[2026-01-31T20:41:06.839+0530] {processor.py:183} INFO - Processing /opt/airflow/dags/airflow_dag_spark_streaming.py took 0.097 seconds
[2026-01-31T20:41:36.986+0530] {processor.py:161} INFO - Started process (PID=233) to work on /opt/airflow/dags/airflow_dag_spark_streaming.py
[2026-01-31T20:41:36.988+0530] {processor.py:830} INFO - Processing file /opt/airflow/dags/airflow_dag_spark_streaming.py for tasks to queue
[2026-01-31T20:41:36.989+0530] {logging_mixin.py:188} INFO - [2026-01-31T20:41:36.989+0530] {dagbag.py:538} INFO - Filling up the DagBag from /opt/airflow/dags/airflow_dag_spark_streaming.py
[2026-01-31T20:41:36.999+0530] {processor.py:840} INFO - DAG(s) 'spark_sgp4_streaming' retrieved from /opt/airflow/dags/airflow_dag_spark_streaming.py
[2026-01-31T20:41:37.033+0530] {logging_mixin.py:188} INFO - [2026-01-31T20:41:37.032+0530] {dag.py:3036} INFO - Sync 1 DAGs
[2026-01-31T20:41:37.054+0530] {logging_mixin.py:188} INFO - [2026-01-31T20:41:37.054+0530] {dag.py:3823} INFO - Setting next_dagrun for spark_sgp4_streaming to None, run_after=None
[2026-01-31T20:41:37.080+0530] {processor.py:183} INFO - Processing /opt/airflow/dags/airflow_dag_spark_streaming.py took 0.097 seconds
[2026-01-31T20:42:07.232+0530] {processor.py:161} INFO - Started process (PID=243) to work on /opt/airflow/dags/airflow_dag_spark_streaming.py
[2026-01-31T20:42:07.235+0530] {processor.py:830} INFO - Processing file /opt/airflow/dags/airflow_dag_spark_streaming.py for tasks to queue
[2026-01-31T20:42:07.236+0530] {logging_mixin.py:188} INFO - [2026-01-31T20:42:07.235+0530] {dagbag.py:538} INFO - Filling up the DagBag from /opt/airflow/dags/airflow_dag_spark_streaming.py
[2026-01-31T20:42:07.247+0530] {processor.py:840} INFO - DAG(s) 'spark_sgp4_streaming' retrieved from /opt/airflow/dags/airflow_dag_spark_streaming.py
[2026-01-31T20:42:07.282+0530] {logging_mixin.py:188} INFO - [2026-01-31T20:42:07.282+0530] {dag.py:3036} INFO - Sync 1 DAGs
[2026-01-31T20:42:07.299+0530] {logging_mixin.py:188} INFO - [2026-01-31T20:42:07.299+0530] {dag.py:3823} INFO - Setting next_dagrun for spark_sgp4_streaming to None, run_after=None
[2026-01-31T20:42:07.321+0530] {processor.py:183} INFO - Processing /opt/airflow/dags/airflow_dag_spark_streaming.py took 0.094 seconds
[2026-01-31T20:42:37.467+0530] {processor.py:161} INFO - Started process (PID=268) to work on /opt/airflow/dags/airflow_dag_spark_streaming.py
[2026-01-31T20:42:37.469+0530] {processor.py:830} INFO - Processing file /opt/airflow/dags/airflow_dag_spark_streaming.py for tasks to queue
[2026-01-31T20:42:37.470+0530] {logging_mixin.py:188} INFO - [2026-01-31T20:42:37.470+0530] {dagbag.py:538} INFO - Filling up the DagBag from /opt/airflow/dags/airflow_dag_spark_streaming.py
[2026-01-31T20:42:37.480+0530] {processor.py:840} INFO - DAG(s) 'spark_sgp4_streaming' retrieved from /opt/airflow/dags/airflow_dag_spark_streaming.py
[2026-01-31T20:42:37.514+0530] {logging_mixin.py:188} INFO - [2026-01-31T20:42:37.513+0530] {dag.py:3036} INFO - Sync 1 DAGs
[2026-01-31T20:42:37.529+0530] {logging_mixin.py:188} INFO - [2026-01-31T20:42:37.529+0530] {dag.py:3823} INFO - Setting next_dagrun for spark_sgp4_streaming to None, run_after=None
[2026-01-31T20:42:37.548+0530] {processor.py:183} INFO - Processing /opt/airflow/dags/airflow_dag_spark_streaming.py took 0.085 seconds
[2026-01-31T20:43:07.690+0530] {processor.py:161} INFO - Started process (PID=278) to work on /opt/airflow/dags/airflow_dag_spark_streaming.py
[2026-01-31T20:43:07.692+0530] {processor.py:830} INFO - Processing file /opt/airflow/dags/airflow_dag_spark_streaming.py for tasks to queue
[2026-01-31T20:43:07.693+0530] {logging_mixin.py:188} INFO - [2026-01-31T20:43:07.692+0530] {dagbag.py:538} INFO - Filling up the DagBag from /opt/airflow/dags/airflow_dag_spark_streaming.py
[2026-01-31T20:43:07.703+0530] {processor.py:840} INFO - DAG(s) 'spark_sgp4_streaming' retrieved from /opt/airflow/dags/airflow_dag_spark_streaming.py
[2026-01-31T20:43:07.735+0530] {logging_mixin.py:188} INFO - [2026-01-31T20:43:07.735+0530] {dag.py:3036} INFO - Sync 1 DAGs
[2026-01-31T20:43:07.751+0530] {logging_mixin.py:188} INFO - [2026-01-31T20:43:07.751+0530] {dag.py:3823} INFO - Setting next_dagrun for spark_sgp4_streaming to None, run_after=None
[2026-01-31T20:43:07.771+0530] {processor.py:183} INFO - Processing /opt/airflow/dags/airflow_dag_spark_streaming.py took 0.085 seconds
[2026-01-31T20:43:37.908+0530] {processor.py:161} INFO - Started process (PID=288) to work on /opt/airflow/dags/airflow_dag_spark_streaming.py
[2026-01-31T20:43:37.909+0530] {processor.py:830} INFO - Processing file /opt/airflow/dags/airflow_dag_spark_streaming.py for tasks to queue
[2026-01-31T20:43:37.910+0530] {logging_mixin.py:188} INFO - [2026-01-31T20:43:37.910+0530] {dagbag.py:538} INFO - Filling up the DagBag from /opt/airflow/dags/airflow_dag_spark_streaming.py
[2026-01-31T20:43:37.920+0530] {processor.py:840} INFO - DAG(s) 'spark_sgp4_streaming' retrieved from /opt/airflow/dags/airflow_dag_spark_streaming.py
[2026-01-31T20:43:37.952+0530] {logging_mixin.py:188} INFO - [2026-01-31T20:43:37.952+0530] {dag.py:3036} INFO - Sync 1 DAGs
[2026-01-31T20:43:37.968+0530] {logging_mixin.py:188} INFO - [2026-01-31T20:43:37.967+0530] {dag.py:3823} INFO - Setting next_dagrun for spark_sgp4_streaming to None, run_after=None
[2026-01-31T20:43:37.990+0530] {processor.py:183} INFO - Processing /opt/airflow/dags/airflow_dag_spark_streaming.py took 0.086 seconds
[2026-01-31T20:44:08.142+0530] {processor.py:161} INFO - Started process (PID=298) to work on /opt/airflow/dags/airflow_dag_spark_streaming.py
[2026-01-31T20:44:08.145+0530] {processor.py:830} INFO - Processing file /opt/airflow/dags/airflow_dag_spark_streaming.py for tasks to queue
[2026-01-31T20:44:08.146+0530] {logging_mixin.py:188} INFO - [2026-01-31T20:44:08.145+0530] {dagbag.py:538} INFO - Filling up the DagBag from /opt/airflow/dags/airflow_dag_spark_streaming.py
[2026-01-31T20:44:08.156+0530] {processor.py:840} INFO - DAG(s) 'spark_sgp4_streaming' retrieved from /opt/airflow/dags/airflow_dag_spark_streaming.py
[2026-01-31T20:44:08.197+0530] {logging_mixin.py:188} INFO - [2026-01-31T20:44:08.197+0530] {dag.py:3036} INFO - Sync 1 DAGs
[2026-01-31T20:44:08.216+0530] {logging_mixin.py:188} INFO - [2026-01-31T20:44:08.216+0530] {dag.py:3823} INFO - Setting next_dagrun for spark_sgp4_streaming to None, run_after=None
[2026-01-31T20:44:08.238+0530] {processor.py:183} INFO - Processing /opt/airflow/dags/airflow_dag_spark_streaming.py took 0.099 seconds
[2026-01-31T20:44:38.388+0530] {processor.py:161} INFO - Started process (PID=308) to work on /opt/airflow/dags/airflow_dag_spark_streaming.py
[2026-01-31T20:44:38.391+0530] {processor.py:830} INFO - Processing file /opt/airflow/dags/airflow_dag_spark_streaming.py for tasks to queue
[2026-01-31T20:44:38.392+0530] {logging_mixin.py:188} INFO - [2026-01-31T20:44:38.392+0530] {dagbag.py:538} INFO - Filling up the DagBag from /opt/airflow/dags/airflow_dag_spark_streaming.py
[2026-01-31T20:44:38.406+0530] {processor.py:840} INFO - DAG(s) 'spark_sgp4_streaming' retrieved from /opt/airflow/dags/airflow_dag_spark_streaming.py
[2026-01-31T20:44:38.442+0530] {logging_mixin.py:188} INFO - [2026-01-31T20:44:38.442+0530] {dag.py:3036} INFO - Sync 1 DAGs
[2026-01-31T20:44:38.459+0530] {logging_mixin.py:188} INFO - [2026-01-31T20:44:38.459+0530] {dag.py:3823} INFO - Setting next_dagrun for spark_sgp4_streaming to None, run_after=None
[2026-01-31T20:44:38.478+0530] {processor.py:183} INFO - Processing /opt/airflow/dags/airflow_dag_spark_streaming.py took 0.096 seconds
[2026-01-31T20:45:08.632+0530] {processor.py:161} INFO - Started process (PID=318) to work on /opt/airflow/dags/airflow_dag_spark_streaming.py
[2026-01-31T20:45:08.635+0530] {processor.py:830} INFO - Processing file /opt/airflow/dags/airflow_dag_spark_streaming.py for tasks to queue
[2026-01-31T20:45:08.636+0530] {logging_mixin.py:188} INFO - [2026-01-31T20:45:08.635+0530] {dagbag.py:538} INFO - Filling up the DagBag from /opt/airflow/dags/airflow_dag_spark_streaming.py
[2026-01-31T20:45:08.651+0530] {processor.py:840} INFO - DAG(s) 'spark_sgp4_streaming' retrieved from /opt/airflow/dags/airflow_dag_spark_streaming.py
[2026-01-31T20:45:08.685+0530] {logging_mixin.py:188} INFO - [2026-01-31T20:45:08.684+0530] {dag.py:3036} INFO - Sync 1 DAGs
[2026-01-31T20:45:08.702+0530] {logging_mixin.py:188} INFO - [2026-01-31T20:45:08.702+0530] {dag.py:3823} INFO - Setting next_dagrun for spark_sgp4_streaming to None, run_after=None
[2026-01-31T20:45:08.722+0530] {processor.py:183} INFO - Processing /opt/airflow/dags/airflow_dag_spark_streaming.py took 0.094 seconds
[2026-01-31T20:45:38.871+0530] {processor.py:161} INFO - Started process (PID=328) to work on /opt/airflow/dags/airflow_dag_spark_streaming.py
[2026-01-31T20:45:38.874+0530] {processor.py:830} INFO - Processing file /opt/airflow/dags/airflow_dag_spark_streaming.py for tasks to queue
[2026-01-31T20:45:38.875+0530] {logging_mixin.py:188} INFO - [2026-01-31T20:45:38.874+0530] {dagbag.py:538} INFO - Filling up the DagBag from /opt/airflow/dags/airflow_dag_spark_streaming.py
[2026-01-31T20:45:38.891+0530] {processor.py:840} INFO - DAG(s) 'spark_sgp4_streaming' retrieved from /opt/airflow/dags/airflow_dag_spark_streaming.py
[2026-01-31T20:45:38.926+0530] {logging_mixin.py:188} INFO - [2026-01-31T20:45:38.926+0530] {dag.py:3036} INFO - Sync 1 DAGs
[2026-01-31T20:45:38.943+0530] {logging_mixin.py:188} INFO - [2026-01-31T20:45:38.942+0530] {dag.py:3823} INFO - Setting next_dagrun for spark_sgp4_streaming to None, run_after=None
[2026-01-31T20:45:38.967+0530] {processor.py:183} INFO - Processing /opt/airflow/dags/airflow_dag_spark_streaming.py took 0.099 seconds
[2026-01-31T20:46:09.104+0530] {processor.py:161} INFO - Started process (PID=338) to work on /opt/airflow/dags/airflow_dag_spark_streaming.py
[2026-01-31T20:46:09.105+0530] {processor.py:830} INFO - Processing file /opt/airflow/dags/airflow_dag_spark_streaming.py for tasks to queue
[2026-01-31T20:46:09.106+0530] {logging_mixin.py:188} INFO - [2026-01-31T20:46:09.105+0530] {dagbag.py:538} INFO - Filling up the DagBag from /opt/airflow/dags/airflow_dag_spark_streaming.py
[2026-01-31T20:46:09.116+0530] {processor.py:840} INFO - DAG(s) 'spark_sgp4_streaming' retrieved from /opt/airflow/dags/airflow_dag_spark_streaming.py
[2026-01-31T20:46:09.147+0530] {logging_mixin.py:188} INFO - [2026-01-31T20:46:09.147+0530] {dag.py:3036} INFO - Sync 1 DAGs
[2026-01-31T20:46:09.166+0530] {logging_mixin.py:188} INFO - [2026-01-31T20:46:09.165+0530] {dag.py:3823} INFO - Setting next_dagrun for spark_sgp4_streaming to None, run_after=None
[2026-01-31T20:46:09.189+0530] {processor.py:183} INFO - Processing /opt/airflow/dags/airflow_dag_spark_streaming.py took 0.088 seconds
[2026-01-31T20:46:39.332+0530] {processor.py:161} INFO - Started process (PID=348) to work on /opt/airflow/dags/airflow_dag_spark_streaming.py
[2026-01-31T20:46:39.333+0530] {processor.py:830} INFO - Processing file /opt/airflow/dags/airflow_dag_spark_streaming.py for tasks to queue
[2026-01-31T20:46:39.334+0530] {logging_mixin.py:188} INFO - [2026-01-31T20:46:39.334+0530] {dagbag.py:538} INFO - Filling up the DagBag from /opt/airflow/dags/airflow_dag_spark_streaming.py
[2026-01-31T20:46:39.345+0530] {processor.py:840} INFO - DAG(s) 'spark_sgp4_streaming' retrieved from /opt/airflow/dags/airflow_dag_spark_streaming.py
[2026-01-31T20:46:39.380+0530] {logging_mixin.py:188} INFO - [2026-01-31T20:46:39.380+0530] {dag.py:3036} INFO - Sync 1 DAGs
[2026-01-31T20:46:39.398+0530] {logging_mixin.py:188} INFO - [2026-01-31T20:46:39.398+0530] {dag.py:3823} INFO - Setting next_dagrun for spark_sgp4_streaming to None, run_after=None
[2026-01-31T20:46:39.420+0530] {processor.py:183} INFO - Processing /opt/airflow/dags/airflow_dag_spark_streaming.py took 0.091 seconds
[2026-01-31T20:47:09.564+0530] {processor.py:161} INFO - Started process (PID=358) to work on /opt/airflow/dags/airflow_dag_spark_streaming.py
[2026-01-31T20:47:09.567+0530] {processor.py:830} INFO - Processing file /opt/airflow/dags/airflow_dag_spark_streaming.py for tasks to queue
[2026-01-31T20:47:09.568+0530] {logging_mixin.py:188} INFO - [2026-01-31T20:47:09.568+0530] {dagbag.py:538} INFO - Filling up the DagBag from /opt/airflow/dags/airflow_dag_spark_streaming.py
[2026-01-31T20:47:09.579+0530] {processor.py:840} INFO - DAG(s) 'spark_sgp4_streaming' retrieved from /opt/airflow/dags/airflow_dag_spark_streaming.py
[2026-01-31T20:47:09.614+0530] {logging_mixin.py:188} INFO - [2026-01-31T20:47:09.614+0530] {dag.py:3036} INFO - Sync 1 DAGs
[2026-01-31T20:47:09.630+0530] {logging_mixin.py:188} INFO - [2026-01-31T20:47:09.630+0530] {dag.py:3823} INFO - Setting next_dagrun for spark_sgp4_streaming to None, run_after=None
[2026-01-31T20:47:09.650+0530] {processor.py:183} INFO - Processing /opt/airflow/dags/airflow_dag_spark_streaming.py took 0.090 seconds
[2026-01-31T20:47:39.798+0530] {processor.py:161} INFO - Started process (PID=368) to work on /opt/airflow/dags/airflow_dag_spark_streaming.py
[2026-01-31T20:47:39.800+0530] {processor.py:830} INFO - Processing file /opt/airflow/dags/airflow_dag_spark_streaming.py for tasks to queue
[2026-01-31T20:47:39.801+0530] {logging_mixin.py:188} INFO - [2026-01-31T20:47:39.800+0530] {dagbag.py:538} INFO - Filling up the DagBag from /opt/airflow/dags/airflow_dag_spark_streaming.py
[2026-01-31T20:47:39.811+0530] {processor.py:840} INFO - DAG(s) 'spark_sgp4_streaming' retrieved from /opt/airflow/dags/airflow_dag_spark_streaming.py
[2026-01-31T20:47:39.849+0530] {logging_mixin.py:188} INFO - [2026-01-31T20:47:39.848+0530] {dag.py:3036} INFO - Sync 1 DAGs
[2026-01-31T20:47:39.866+0530] {logging_mixin.py:188} INFO - [2026-01-31T20:47:39.866+0530] {dag.py:3823} INFO - Setting next_dagrun for spark_sgp4_streaming to None, run_after=None
[2026-01-31T20:47:39.888+0530] {processor.py:183} INFO - Processing /opt/airflow/dags/airflow_dag_spark_streaming.py took 0.094 seconds
[2026-01-31T20:48:10.037+0530] {processor.py:161} INFO - Started process (PID=378) to work on /opt/airflow/dags/airflow_dag_spark_streaming.py
[2026-01-31T20:48:10.039+0530] {processor.py:830} INFO - Processing file /opt/airflow/dags/airflow_dag_spark_streaming.py for tasks to queue
[2026-01-31T20:48:10.040+0530] {logging_mixin.py:188} INFO - [2026-01-31T20:48:10.040+0530] {dagbag.py:538} INFO - Filling up the DagBag from /opt/airflow/dags/airflow_dag_spark_streaming.py
[2026-01-31T20:48:10.051+0530] {processor.py:840} INFO - DAG(s) 'spark_sgp4_streaming' retrieved from /opt/airflow/dags/airflow_dag_spark_streaming.py
[2026-01-31T20:48:10.083+0530] {logging_mixin.py:188} INFO - [2026-01-31T20:48:10.083+0530] {dag.py:3036} INFO - Sync 1 DAGs
[2026-01-31T20:48:10.100+0530] {logging_mixin.py:188} INFO - [2026-01-31T20:48:10.099+0530] {dag.py:3823} INFO - Setting next_dagrun for spark_sgp4_streaming to None, run_after=None
[2026-01-31T20:48:10.124+0530] {processor.py:183} INFO - Processing /opt/airflow/dags/airflow_dag_spark_streaming.py took 0.092 seconds
[2026-01-31T20:48:40.268+0530] {processor.py:161} INFO - Started process (PID=388) to work on /opt/airflow/dags/airflow_dag_spark_streaming.py
[2026-01-31T20:48:40.270+0530] {processor.py:830} INFO - Processing file /opt/airflow/dags/airflow_dag_spark_streaming.py for tasks to queue
[2026-01-31T20:48:40.271+0530] {logging_mixin.py:188} INFO - [2026-01-31T20:48:40.271+0530] {dagbag.py:538} INFO - Filling up the DagBag from /opt/airflow/dags/airflow_dag_spark_streaming.py
[2026-01-31T20:48:40.283+0530] {processor.py:840} INFO - DAG(s) 'spark_sgp4_streaming' retrieved from /opt/airflow/dags/airflow_dag_spark_streaming.py
[2026-01-31T20:48:40.317+0530] {logging_mixin.py:188} INFO - [2026-01-31T20:48:40.317+0530] {dag.py:3036} INFO - Sync 1 DAGs
[2026-01-31T20:48:40.334+0530] {logging_mixin.py:188} INFO - [2026-01-31T20:48:40.333+0530] {dag.py:3823} INFO - Setting next_dagrun for spark_sgp4_streaming to None, run_after=None
[2026-01-31T20:48:40.362+0530] {processor.py:183} INFO - Processing /opt/airflow/dags/airflow_dag_spark_streaming.py took 0.098 seconds
[2026-01-31T20:49:10.505+0530] {processor.py:161} INFO - Started process (PID=398) to work on /opt/airflow/dags/airflow_dag_spark_streaming.py
[2026-01-31T20:49:10.507+0530] {processor.py:830} INFO - Processing file /opt/airflow/dags/airflow_dag_spark_streaming.py for tasks to queue
[2026-01-31T20:49:10.508+0530] {logging_mixin.py:188} INFO - [2026-01-31T20:49:10.507+0530] {dagbag.py:538} INFO - Filling up the DagBag from /opt/airflow/dags/airflow_dag_spark_streaming.py
[2026-01-31T20:49:10.519+0530] {processor.py:840} INFO - DAG(s) 'spark_sgp4_streaming' retrieved from /opt/airflow/dags/airflow_dag_spark_streaming.py
[2026-01-31T20:49:10.554+0530] {logging_mixin.py:188} INFO - [2026-01-31T20:49:10.553+0530] {dag.py:3036} INFO - Sync 1 DAGs
[2026-01-31T20:49:10.569+0530] {logging_mixin.py:188} INFO - [2026-01-31T20:49:10.569+0530] {dag.py:3823} INFO - Setting next_dagrun for spark_sgp4_streaming to None, run_after=None
[2026-01-31T20:49:10.589+0530] {processor.py:183} INFO - Processing /opt/airflow/dags/airflow_dag_spark_streaming.py took 0.088 seconds
[2026-01-31T20:49:40.731+0530] {processor.py:161} INFO - Started process (PID=408) to work on /opt/airflow/dags/airflow_dag_spark_streaming.py
[2026-01-31T20:49:40.733+0530] {processor.py:830} INFO - Processing file /opt/airflow/dags/airflow_dag_spark_streaming.py for tasks to queue
[2026-01-31T20:49:40.734+0530] {logging_mixin.py:188} INFO - [2026-01-31T20:49:40.733+0530] {dagbag.py:538} INFO - Filling up the DagBag from /opt/airflow/dags/airflow_dag_spark_streaming.py
[2026-01-31T20:49:40.744+0530] {processor.py:840} INFO - DAG(s) 'spark_sgp4_streaming' retrieved from /opt/airflow/dags/airflow_dag_spark_streaming.py
[2026-01-31T20:49:40.777+0530] {logging_mixin.py:188} INFO - [2026-01-31T20:49:40.777+0530] {dag.py:3036} INFO - Sync 1 DAGs
[2026-01-31T20:49:40.793+0530] {logging_mixin.py:188} INFO - [2026-01-31T20:49:40.792+0530] {dag.py:3823} INFO - Setting next_dagrun for spark_sgp4_streaming to None, run_after=None
[2026-01-31T20:49:40.812+0530] {processor.py:183} INFO - Processing /opt/airflow/dags/airflow_dag_spark_streaming.py took 0.085 seconds
[2026-01-31T20:50:10.959+0530] {processor.py:161} INFO - Started process (PID=418) to work on /opt/airflow/dags/airflow_dag_spark_streaming.py
[2026-01-31T20:50:10.961+0530] {processor.py:830} INFO - Processing file /opt/airflow/dags/airflow_dag_spark_streaming.py for tasks to queue
[2026-01-31T20:50:10.962+0530] {logging_mixin.py:188} INFO - [2026-01-31T20:50:10.962+0530] {dagbag.py:538} INFO - Filling up the DagBag from /opt/airflow/dags/airflow_dag_spark_streaming.py
[2026-01-31T20:50:10.972+0530] {processor.py:840} INFO - DAG(s) 'spark_sgp4_streaming' retrieved from /opt/airflow/dags/airflow_dag_spark_streaming.py
[2026-01-31T20:50:11.007+0530] {logging_mixin.py:188} INFO - [2026-01-31T20:50:11.006+0530] {dag.py:3036} INFO - Sync 1 DAGs
[2026-01-31T20:50:11.032+0530] {logging_mixin.py:188} INFO - [2026-01-31T20:50:11.032+0530] {dag.py:3823} INFO - Setting next_dagrun for spark_sgp4_streaming to None, run_after=None
[2026-01-31T20:50:11.057+0530] {processor.py:183} INFO - Processing /opt/airflow/dags/airflow_dag_spark_streaming.py took 0.102 seconds
[2026-01-31T20:50:41.191+0530] {processor.py:161} INFO - Started process (PID=428) to work on /opt/airflow/dags/airflow_dag_spark_streaming.py
[2026-01-31T20:50:41.193+0530] {processor.py:830} INFO - Processing file /opt/airflow/dags/airflow_dag_spark_streaming.py for tasks to queue
[2026-01-31T20:50:41.195+0530] {logging_mixin.py:188} INFO - [2026-01-31T20:50:41.194+0530] {dagbag.py:538} INFO - Filling up the DagBag from /opt/airflow/dags/airflow_dag_spark_streaming.py
[2026-01-31T20:50:41.205+0530] {processor.py:840} INFO - DAG(s) 'spark_sgp4_streaming' retrieved from /opt/airflow/dags/airflow_dag_spark_streaming.py
[2026-01-31T20:50:41.238+0530] {logging_mixin.py:188} INFO - [2026-01-31T20:50:41.238+0530] {dag.py:3036} INFO - Sync 1 DAGs
[2026-01-31T20:50:41.253+0530] {logging_mixin.py:188} INFO - [2026-01-31T20:50:41.253+0530] {dag.py:3823} INFO - Setting next_dagrun for spark_sgp4_streaming to None, run_after=None
[2026-01-31T20:50:41.275+0530] {processor.py:183} INFO - Processing /opt/airflow/dags/airflow_dag_spark_streaming.py took 0.087 seconds
[2026-01-31T20:51:11.397+0530] {processor.py:161} INFO - Started process (PID=438) to work on /opt/airflow/dags/airflow_dag_spark_streaming.py
[2026-01-31T20:51:11.399+0530] {processor.py:830} INFO - Processing file /opt/airflow/dags/airflow_dag_spark_streaming.py for tasks to queue
[2026-01-31T20:51:11.400+0530] {logging_mixin.py:188} INFO - [2026-01-31T20:51:11.399+0530] {dagbag.py:538} INFO - Filling up the DagBag from /opt/airflow/dags/airflow_dag_spark_streaming.py
[2026-01-31T20:51:11.408+0530] {processor.py:840} INFO - DAG(s) 'spark_sgp4_streaming' retrieved from /opt/airflow/dags/airflow_dag_spark_streaming.py
[2026-01-31T20:51:11.435+0530] {logging_mixin.py:188} INFO - [2026-01-31T20:51:11.435+0530] {dag.py:3036} INFO - Sync 1 DAGs
[2026-01-31T20:51:11.448+0530] {logging_mixin.py:188} INFO - [2026-01-31T20:51:11.447+0530] {dag.py:3823} INFO - Setting next_dagrun for spark_sgp4_streaming to None, run_after=None
[2026-01-31T20:51:11.463+0530] {processor.py:183} INFO - Processing /opt/airflow/dags/airflow_dag_spark_streaming.py took 0.070 seconds
[2026-01-31T20:51:41.581+0530] {processor.py:161} INFO - Started process (PID=448) to work on /opt/airflow/dags/airflow_dag_spark_streaming.py
[2026-01-31T20:51:41.583+0530] {processor.py:830} INFO - Processing file /opt/airflow/dags/airflow_dag_spark_streaming.py for tasks to queue
[2026-01-31T20:51:41.584+0530] {logging_mixin.py:188} INFO - [2026-01-31T20:51:41.583+0530] {dagbag.py:538} INFO - Filling up the DagBag from /opt/airflow/dags/airflow_dag_spark_streaming.py
[2026-01-31T20:51:41.592+0530] {processor.py:840} INFO - DAG(s) 'spark_sgp4_streaming' retrieved from /opt/airflow/dags/airflow_dag_spark_streaming.py
[2026-01-31T20:51:41.619+0530] {logging_mixin.py:188} INFO - [2026-01-31T20:51:41.619+0530] {dag.py:3036} INFO - Sync 1 DAGs
[2026-01-31T20:51:41.632+0530] {logging_mixin.py:188} INFO - [2026-01-31T20:51:41.632+0530] {dag.py:3823} INFO - Setting next_dagrun for spark_sgp4_streaming to None, run_after=None
[2026-01-31T20:51:41.648+0530] {processor.py:183} INFO - Processing /opt/airflow/dags/airflow_dag_spark_streaming.py took 0.070 seconds
[2026-01-31T20:52:11.774+0530] {processor.py:161} INFO - Started process (PID=458) to work on /opt/airflow/dags/airflow_dag_spark_streaming.py
[2026-01-31T20:52:11.776+0530] {processor.py:830} INFO - Processing file /opt/airflow/dags/airflow_dag_spark_streaming.py for tasks to queue
[2026-01-31T20:52:11.777+0530] {logging_mixin.py:188} INFO - [2026-01-31T20:52:11.777+0530] {dagbag.py:538} INFO - Filling up the DagBag from /opt/airflow/dags/airflow_dag_spark_streaming.py
[2026-01-31T20:52:11.785+0530] {processor.py:840} INFO - DAG(s) 'spark_sgp4_streaming' retrieved from /opt/airflow/dags/airflow_dag_spark_streaming.py
[2026-01-31T20:52:11.813+0530] {logging_mixin.py:188} INFO - [2026-01-31T20:52:11.813+0530] {dag.py:3036} INFO - Sync 1 DAGs
[2026-01-31T20:52:11.825+0530] {logging_mixin.py:188} INFO - [2026-01-31T20:52:11.825+0530] {dag.py:3823} INFO - Setting next_dagrun for spark_sgp4_streaming to None, run_after=None
[2026-01-31T20:52:11.843+0530] {processor.py:183} INFO - Processing /opt/airflow/dags/airflow_dag_spark_streaming.py took 0.072 seconds
[2026-01-31T20:52:41.965+0530] {processor.py:161} INFO - Started process (PID=468) to work on /opt/airflow/dags/airflow_dag_spark_streaming.py
[2026-01-31T20:52:41.967+0530] {processor.py:830} INFO - Processing file /opt/airflow/dags/airflow_dag_spark_streaming.py for tasks to queue
[2026-01-31T20:52:41.968+0530] {logging_mixin.py:188} INFO - [2026-01-31T20:52:41.968+0530] {dagbag.py:538} INFO - Filling up the DagBag from /opt/airflow/dags/airflow_dag_spark_streaming.py
[2026-01-31T20:52:41.977+0530] {processor.py:840} INFO - DAG(s) 'spark_sgp4_streaming' retrieved from /opt/airflow/dags/airflow_dag_spark_streaming.py
[2026-01-31T20:52:42.004+0530] {logging_mixin.py:188} INFO - [2026-01-31T20:52:42.004+0530] {dag.py:3036} INFO - Sync 1 DAGs
[2026-01-31T20:52:42.018+0530] {logging_mixin.py:188} INFO - [2026-01-31T20:52:42.017+0530] {dag.py:3823} INFO - Setting next_dagrun for spark_sgp4_streaming to None, run_after=None
[2026-01-31T20:52:42.034+0530] {processor.py:183} INFO - Processing /opt/airflow/dags/airflow_dag_spark_streaming.py took 0.072 seconds
[2026-01-31T20:53:12.165+0530] {processor.py:161} INFO - Started process (PID=478) to work on /opt/airflow/dags/airflow_dag_spark_streaming.py
[2026-01-31T20:53:12.167+0530] {processor.py:830} INFO - Processing file /opt/airflow/dags/airflow_dag_spark_streaming.py for tasks to queue
[2026-01-31T20:53:12.168+0530] {logging_mixin.py:188} INFO - [2026-01-31T20:53:12.168+0530] {dagbag.py:538} INFO - Filling up the DagBag from /opt/airflow/dags/airflow_dag_spark_streaming.py
[2026-01-31T20:53:12.179+0530] {processor.py:840} INFO - DAG(s) 'spark_sgp4_streaming' retrieved from /opt/airflow/dags/airflow_dag_spark_streaming.py
[2026-01-31T20:53:12.211+0530] {logging_mixin.py:188} INFO - [2026-01-31T20:53:12.210+0530] {dag.py:3036} INFO - Sync 1 DAGs
[2026-01-31T20:53:12.226+0530] {logging_mixin.py:188} INFO - [2026-01-31T20:53:12.226+0530] {dag.py:3823} INFO - Setting next_dagrun for spark_sgp4_streaming to None, run_after=None
[2026-01-31T20:53:12.247+0530] {processor.py:183} INFO - Processing /opt/airflow/dags/airflow_dag_spark_streaming.py took 0.086 seconds
[2026-01-31T20:53:42.385+0530] {processor.py:161} INFO - Started process (PID=488) to work on /opt/airflow/dags/airflow_dag_spark_streaming.py
[2026-01-31T20:53:42.387+0530] {processor.py:830} INFO - Processing file /opt/airflow/dags/airflow_dag_spark_streaming.py for tasks to queue
[2026-01-31T20:53:42.388+0530] {logging_mixin.py:188} INFO - [2026-01-31T20:53:42.388+0530] {dagbag.py:538} INFO - Filling up the DagBag from /opt/airflow/dags/airflow_dag_spark_streaming.py
[2026-01-31T20:53:42.401+0530] {processor.py:840} INFO - DAG(s) 'spark_sgp4_streaming' retrieved from /opt/airflow/dags/airflow_dag_spark_streaming.py
[2026-01-31T20:53:42.433+0530] {logging_mixin.py:188} INFO - [2026-01-31T20:53:42.433+0530] {dag.py:3036} INFO - Sync 1 DAGs
[2026-01-31T20:53:42.448+0530] {logging_mixin.py:188} INFO - [2026-01-31T20:53:42.448+0530] {dag.py:3823} INFO - Setting next_dagrun for spark_sgp4_streaming to None, run_after=None
[2026-01-31T20:53:42.468+0530] {processor.py:183} INFO - Processing /opt/airflow/dags/airflow_dag_spark_streaming.py took 0.086 seconds
[2026-01-31T20:54:12.605+0530] {processor.py:161} INFO - Started process (PID=498) to work on /opt/airflow/dags/airflow_dag_spark_streaming.py
[2026-01-31T20:54:12.608+0530] {processor.py:830} INFO - Processing file /opt/airflow/dags/airflow_dag_spark_streaming.py for tasks to queue
[2026-01-31T20:54:12.609+0530] {logging_mixin.py:188} INFO - [2026-01-31T20:54:12.608+0530] {dagbag.py:538} INFO - Filling up the DagBag from /opt/airflow/dags/airflow_dag_spark_streaming.py
[2026-01-31T20:54:12.619+0530] {processor.py:840} INFO - DAG(s) 'spark_sgp4_streaming' retrieved from /opt/airflow/dags/airflow_dag_spark_streaming.py
[2026-01-31T20:54:12.652+0530] {logging_mixin.py:188} INFO - [2026-01-31T20:54:12.652+0530] {dag.py:3036} INFO - Sync 1 DAGs
[2026-01-31T20:54:12.667+0530] {logging_mixin.py:188} INFO - [2026-01-31T20:54:12.667+0530] {dag.py:3823} INFO - Setting next_dagrun for spark_sgp4_streaming to None, run_after=None
[2026-01-31T20:54:12.689+0530] {processor.py:183} INFO - Processing /opt/airflow/dags/airflow_dag_spark_streaming.py took 0.087 seconds
[2026-01-31T20:54:42.822+0530] {processor.py:161} INFO - Started process (PID=508) to work on /opt/airflow/dags/airflow_dag_spark_streaming.py
[2026-01-31T20:54:42.825+0530] {processor.py:830} INFO - Processing file /opt/airflow/dags/airflow_dag_spark_streaming.py for tasks to queue
[2026-01-31T20:54:42.826+0530] {logging_mixin.py:188} INFO - [2026-01-31T20:54:42.826+0530] {dagbag.py:538} INFO - Filling up the DagBag from /opt/airflow/dags/airflow_dag_spark_streaming.py
[2026-01-31T20:54:42.837+0530] {processor.py:840} INFO - DAG(s) 'spark_sgp4_streaming' retrieved from /opt/airflow/dags/airflow_dag_spark_streaming.py
[2026-01-31T20:54:42.869+0530] {logging_mixin.py:188} INFO - [2026-01-31T20:54:42.869+0530] {dag.py:3036} INFO - Sync 1 DAGs
[2026-01-31T20:54:42.884+0530] {logging_mixin.py:188} INFO - [2026-01-31T20:54:42.884+0530] {dag.py:3823} INFO - Setting next_dagrun for spark_sgp4_streaming to None, run_after=None
[2026-01-31T20:54:42.906+0530] {processor.py:183} INFO - Processing /opt/airflow/dags/airflow_dag_spark_streaming.py took 0.089 seconds
[2026-01-31T20:55:13.060+0530] {processor.py:161} INFO - Started process (PID=518) to work on /opt/airflow/dags/airflow_dag_spark_streaming.py
[2026-01-31T20:55:13.062+0530] {processor.py:830} INFO - Processing file /opt/airflow/dags/airflow_dag_spark_streaming.py for tasks to queue
[2026-01-31T20:55:13.063+0530] {logging_mixin.py:188} INFO - [2026-01-31T20:55:13.063+0530] {dagbag.py:538} INFO - Filling up the DagBag from /opt/airflow/dags/airflow_dag_spark_streaming.py
[2026-01-31T20:55:13.074+0530] {processor.py:840} INFO - DAG(s) 'spark_sgp4_streaming' retrieved from /opt/airflow/dags/airflow_dag_spark_streaming.py
[2026-01-31T20:55:13.108+0530] {logging_mixin.py:188} INFO - [2026-01-31T20:55:13.108+0530] {dag.py:3036} INFO - Sync 1 DAGs
[2026-01-31T20:55:13.124+0530] {logging_mixin.py:188} INFO - [2026-01-31T20:55:13.124+0530] {dag.py:3823} INFO - Setting next_dagrun for spark_sgp4_streaming to None, run_after=None
[2026-01-31T20:55:13.145+0530] {processor.py:183} INFO - Processing /opt/airflow/dags/airflow_dag_spark_streaming.py took 0.089 seconds
[2026-01-31T20:55:43.288+0530] {processor.py:161} INFO - Started process (PID=528) to work on /opt/airflow/dags/airflow_dag_spark_streaming.py
[2026-01-31T20:55:43.290+0530] {processor.py:830} INFO - Processing file /opt/airflow/dags/airflow_dag_spark_streaming.py for tasks to queue
[2026-01-31T20:55:43.291+0530] {logging_mixin.py:188} INFO - [2026-01-31T20:55:43.291+0530] {dagbag.py:538} INFO - Filling up the DagBag from /opt/airflow/dags/airflow_dag_spark_streaming.py
[2026-01-31T20:55:43.302+0530] {processor.py:840} INFO - DAG(s) 'spark_sgp4_streaming' retrieved from /opt/airflow/dags/airflow_dag_spark_streaming.py
[2026-01-31T20:55:43.335+0530] {logging_mixin.py:188} INFO - [2026-01-31T20:55:43.334+0530] {dag.py:3036} INFO - Sync 1 DAGs
[2026-01-31T20:55:43.350+0530] {logging_mixin.py:188} INFO - [2026-01-31T20:55:43.350+0530] {dag.py:3823} INFO - Setting next_dagrun for spark_sgp4_streaming to None, run_after=None
[2026-01-31T20:55:43.369+0530] {processor.py:183} INFO - Processing /opt/airflow/dags/airflow_dag_spark_streaming.py took 0.085 seconds
[2026-01-31T20:56:13.509+0530] {processor.py:161} INFO - Started process (PID=538) to work on /opt/airflow/dags/airflow_dag_spark_streaming.py
[2026-01-31T20:56:13.511+0530] {processor.py:830} INFO - Processing file /opt/airflow/dags/airflow_dag_spark_streaming.py for tasks to queue
[2026-01-31T20:56:13.512+0530] {logging_mixin.py:188} INFO - [2026-01-31T20:56:13.512+0530] {dagbag.py:538} INFO - Filling up the DagBag from /opt/airflow/dags/airflow_dag_spark_streaming.py
[2026-01-31T20:56:13.523+0530] {processor.py:840} INFO - DAG(s) 'spark_sgp4_streaming' retrieved from /opt/airflow/dags/airflow_dag_spark_streaming.py
[2026-01-31T20:56:13.555+0530] {logging_mixin.py:188} INFO - [2026-01-31T20:56:13.555+0530] {dag.py:3036} INFO - Sync 1 DAGs
[2026-01-31T20:56:13.570+0530] {logging_mixin.py:188} INFO - [2026-01-31T20:56:13.570+0530] {dag.py:3823} INFO - Setting next_dagrun for spark_sgp4_streaming to None, run_after=None
[2026-01-31T20:56:13.590+0530] {processor.py:183} INFO - Processing /opt/airflow/dags/airflow_dag_spark_streaming.py took 0.085 seconds
[2026-01-31T20:56:43.735+0530] {processor.py:161} INFO - Started process (PID=548) to work on /opt/airflow/dags/airflow_dag_spark_streaming.py
[2026-01-31T20:56:43.737+0530] {processor.py:830} INFO - Processing file /opt/airflow/dags/airflow_dag_spark_streaming.py for tasks to queue
[2026-01-31T20:56:43.738+0530] {logging_mixin.py:188} INFO - [2026-01-31T20:56:43.738+0530] {dagbag.py:538} INFO - Filling up the DagBag from /opt/airflow/dags/airflow_dag_spark_streaming.py
[2026-01-31T20:56:43.753+0530] {processor.py:840} INFO - DAG(s) 'spark_sgp4_streaming' retrieved from /opt/airflow/dags/airflow_dag_spark_streaming.py
[2026-01-31T20:56:43.789+0530] {logging_mixin.py:188} INFO - [2026-01-31T20:56:43.789+0530] {dag.py:3036} INFO - Sync 1 DAGs
[2026-01-31T20:56:43.805+0530] {logging_mixin.py:188} INFO - [2026-01-31T20:56:43.805+0530] {dag.py:3823} INFO - Setting next_dagrun for spark_sgp4_streaming to None, run_after=None
[2026-01-31T20:56:43.825+0530] {processor.py:183} INFO - Processing /opt/airflow/dags/airflow_dag_spark_streaming.py took 0.095 seconds
[2026-01-31T20:57:13.958+0530] {processor.py:161} INFO - Started process (PID=558) to work on /opt/airflow/dags/airflow_dag_spark_streaming.py
[2026-01-31T20:57:13.960+0530] {processor.py:830} INFO - Processing file /opt/airflow/dags/airflow_dag_spark_streaming.py for tasks to queue
[2026-01-31T20:57:13.961+0530] {logging_mixin.py:188} INFO - [2026-01-31T20:57:13.961+0530] {dagbag.py:538} INFO - Filling up the DagBag from /opt/airflow/dags/airflow_dag_spark_streaming.py
[2026-01-31T20:57:13.971+0530] {processor.py:840} INFO - DAG(s) 'spark_sgp4_streaming' retrieved from /opt/airflow/dags/airflow_dag_spark_streaming.py
[2026-01-31T20:57:14.003+0530] {logging_mixin.py:188} INFO - [2026-01-31T20:57:14.003+0530] {dag.py:3036} INFO - Sync 1 DAGs
[2026-01-31T20:57:14.020+0530] {logging_mixin.py:188} INFO - [2026-01-31T20:57:14.019+0530] {dag.py:3823} INFO - Setting next_dagrun for spark_sgp4_streaming to None, run_after=None
[2026-01-31T20:57:14.040+0530] {processor.py:183} INFO - Processing /opt/airflow/dags/airflow_dag_spark_streaming.py took 0.086 seconds
[2026-01-31T20:57:44.182+0530] {processor.py:161} INFO - Started process (PID=568) to work on /opt/airflow/dags/airflow_dag_spark_streaming.py
[2026-01-31T20:57:44.184+0530] {processor.py:830} INFO - Processing file /opt/airflow/dags/airflow_dag_spark_streaming.py for tasks to queue
[2026-01-31T20:57:44.185+0530] {logging_mixin.py:188} INFO - [2026-01-31T20:57:44.185+0530] {dagbag.py:538} INFO - Filling up the DagBag from /opt/airflow/dags/airflow_dag_spark_streaming.py
[2026-01-31T20:57:44.195+0530] {processor.py:840} INFO - DAG(s) 'spark_sgp4_streaming' retrieved from /opt/airflow/dags/airflow_dag_spark_streaming.py
[2026-01-31T20:57:44.227+0530] {logging_mixin.py:188} INFO - [2026-01-31T20:57:44.227+0530] {dag.py:3036} INFO - Sync 1 DAGs
[2026-01-31T20:57:44.243+0530] {logging_mixin.py:188} INFO - [2026-01-31T20:57:44.243+0530] {dag.py:3823} INFO - Setting next_dagrun for spark_sgp4_streaming to None, run_after=None
[2026-01-31T20:57:44.264+0530] {processor.py:183} INFO - Processing /opt/airflow/dags/airflow_dag_spark_streaming.py took 0.086 seconds
[2026-01-31T20:58:14.407+0530] {processor.py:161} INFO - Started process (PID=578) to work on /opt/airflow/dags/airflow_dag_spark_streaming.py
[2026-01-31T20:58:14.410+0530] {processor.py:830} INFO - Processing file /opt/airflow/dags/airflow_dag_spark_streaming.py for tasks to queue
[2026-01-31T20:58:14.411+0530] {logging_mixin.py:188} INFO - [2026-01-31T20:58:14.410+0530] {dagbag.py:538} INFO - Filling up the DagBag from /opt/airflow/dags/airflow_dag_spark_streaming.py
[2026-01-31T20:58:14.421+0530] {processor.py:840} INFO - DAG(s) 'spark_sgp4_streaming' retrieved from /opt/airflow/dags/airflow_dag_spark_streaming.py
[2026-01-31T20:58:14.455+0530] {logging_mixin.py:188} INFO - [2026-01-31T20:58:14.454+0530] {dag.py:3036} INFO - Sync 1 DAGs
[2026-01-31T20:58:14.470+0530] {logging_mixin.py:188} INFO - [2026-01-31T20:58:14.470+0530] {dag.py:3823} INFO - Setting next_dagrun for spark_sgp4_streaming to None, run_after=None
[2026-01-31T20:58:14.490+0530] {processor.py:183} INFO - Processing /opt/airflow/dags/airflow_dag_spark_streaming.py took 0.086 seconds
[2026-01-31T20:58:44.623+0530] {processor.py:161} INFO - Started process (PID=588) to work on /opt/airflow/dags/airflow_dag_spark_streaming.py
[2026-01-31T20:58:44.625+0530] {processor.py:830} INFO - Processing file /opt/airflow/dags/airflow_dag_spark_streaming.py for tasks to queue
[2026-01-31T20:58:44.626+0530] {logging_mixin.py:188} INFO - [2026-01-31T20:58:44.626+0530] {dagbag.py:538} INFO - Filling up the DagBag from /opt/airflow/dags/airflow_dag_spark_streaming.py
[2026-01-31T20:58:44.636+0530] {processor.py:840} INFO - DAG(s) 'spark_sgp4_streaming' retrieved from /opt/airflow/dags/airflow_dag_spark_streaming.py
[2026-01-31T20:58:44.667+0530] {logging_mixin.py:188} INFO - [2026-01-31T20:58:44.667+0530] {dag.py:3036} INFO - Sync 1 DAGs
[2026-01-31T20:58:44.686+0530] {logging_mixin.py:188} INFO - [2026-01-31T20:58:44.686+0530] {dag.py:3823} INFO - Setting next_dagrun for spark_sgp4_streaming to None, run_after=None
[2026-01-31T20:58:44.705+0530] {processor.py:183} INFO - Processing /opt/airflow/dags/airflow_dag_spark_streaming.py took 0.085 seconds
[2026-01-31T20:59:14.846+0530] {processor.py:161} INFO - Started process (PID=598) to work on /opt/airflow/dags/airflow_dag_spark_streaming.py
[2026-01-31T20:59:14.848+0530] {processor.py:830} INFO - Processing file /opt/airflow/dags/airflow_dag_spark_streaming.py for tasks to queue
[2026-01-31T20:59:14.849+0530] {logging_mixin.py:188} INFO - [2026-01-31T20:59:14.849+0530] {dagbag.py:538} INFO - Filling up the DagBag from /opt/airflow/dags/airflow_dag_spark_streaming.py
[2026-01-31T20:59:14.859+0530] {processor.py:840} INFO - DAG(s) 'spark_sgp4_streaming' retrieved from /opt/airflow/dags/airflow_dag_spark_streaming.py
[2026-01-31T20:59:14.891+0530] {logging_mixin.py:188} INFO - [2026-01-31T20:59:14.891+0530] {dag.py:3036} INFO - Sync 1 DAGs
[2026-01-31T20:59:14.908+0530] {logging_mixin.py:188} INFO - [2026-01-31T20:59:14.907+0530] {dag.py:3823} INFO - Setting next_dagrun for spark_sgp4_streaming to None, run_after=None
[2026-01-31T20:59:14.930+0530] {processor.py:183} INFO - Processing /opt/airflow/dags/airflow_dag_spark_streaming.py took 0.087 seconds
[2026-01-31T20:59:45.069+0530] {processor.py:161} INFO - Started process (PID=608) to work on /opt/airflow/dags/airflow_dag_spark_streaming.py
[2026-01-31T20:59:45.072+0530] {processor.py:830} INFO - Processing file /opt/airflow/dags/airflow_dag_spark_streaming.py for tasks to queue
[2026-01-31T20:59:45.073+0530] {logging_mixin.py:188} INFO - [2026-01-31T20:59:45.072+0530] {dagbag.py:538} INFO - Filling up the DagBag from /opt/airflow/dags/airflow_dag_spark_streaming.py
[2026-01-31T20:59:45.083+0530] {processor.py:840} INFO - DAG(s) 'spark_sgp4_streaming' retrieved from /opt/airflow/dags/airflow_dag_spark_streaming.py
[2026-01-31T20:59:45.116+0530] {logging_mixin.py:188} INFO - [2026-01-31T20:59:45.116+0530] {dag.py:3036} INFO - Sync 1 DAGs
[2026-01-31T20:59:45.134+0530] {logging_mixin.py:188} INFO - [2026-01-31T20:59:45.134+0530] {dag.py:3823} INFO - Setting next_dagrun for spark_sgp4_streaming to None, run_after=None
[2026-01-31T20:59:45.157+0530] {processor.py:183} INFO - Processing /opt/airflow/dags/airflow_dag_spark_streaming.py took 0.092 seconds
[2026-01-31T21:00:15.303+0530] {processor.py:161} INFO - Started process (PID=623) to work on /opt/airflow/dags/airflow_dag_spark_streaming.py
[2026-01-31T21:00:15.306+0530] {processor.py:830} INFO - Processing file /opt/airflow/dags/airflow_dag_spark_streaming.py for tasks to queue
[2026-01-31T21:00:15.307+0530] {logging_mixin.py:188} INFO - [2026-01-31T21:00:15.307+0530] {dagbag.py:538} INFO - Filling up the DagBag from /opt/airflow/dags/airflow_dag_spark_streaming.py
[2026-01-31T21:00:15.317+0530] {processor.py:840} INFO - DAG(s) 'spark_sgp4_streaming' retrieved from /opt/airflow/dags/airflow_dag_spark_streaming.py
[2026-01-31T21:00:15.349+0530] {logging_mixin.py:188} INFO - [2026-01-31T21:00:15.349+0530] {dag.py:3036} INFO - Sync 1 DAGs
[2026-01-31T21:00:15.366+0530] {logging_mixin.py:188} INFO - [2026-01-31T21:00:15.365+0530] {dag.py:3823} INFO - Setting next_dagrun for spark_sgp4_streaming to None, run_after=None
[2026-01-31T21:00:15.385+0530] {processor.py:183} INFO - Processing /opt/airflow/dags/airflow_dag_spark_streaming.py took 0.086 seconds
[2026-01-31T21:00:45.527+0530] {processor.py:161} INFO - Started process (PID=633) to work on /opt/airflow/dags/airflow_dag_spark_streaming.py
[2026-01-31T21:00:45.528+0530] {processor.py:830} INFO - Processing file /opt/airflow/dags/airflow_dag_spark_streaming.py for tasks to queue
[2026-01-31T21:00:45.529+0530] {logging_mixin.py:188} INFO - [2026-01-31T21:00:45.529+0530] {dagbag.py:538} INFO - Filling up the DagBag from /opt/airflow/dags/airflow_dag_spark_streaming.py
[2026-01-31T21:00:45.543+0530] {processor.py:840} INFO - DAG(s) 'spark_sgp4_streaming' retrieved from /opt/airflow/dags/airflow_dag_spark_streaming.py
[2026-01-31T21:00:45.578+0530] {logging_mixin.py:188} INFO - [2026-01-31T21:00:45.577+0530] {dag.py:3036} INFO - Sync 1 DAGs
[2026-01-31T21:00:45.595+0530] {logging_mixin.py:188} INFO - [2026-01-31T21:00:45.594+0530] {dag.py:3823} INFO - Setting next_dagrun for spark_sgp4_streaming to None, run_after=None
[2026-01-31T21:00:45.616+0530] {processor.py:183} INFO - Processing /opt/airflow/dags/airflow_dag_spark_streaming.py took 0.094 seconds
[2026-01-31T21:01:15.755+0530] {processor.py:161} INFO - Started process (PID=643) to work on /opt/airflow/dags/airflow_dag_spark_streaming.py
[2026-01-31T21:01:15.756+0530] {processor.py:830} INFO - Processing file /opt/airflow/dags/airflow_dag_spark_streaming.py for tasks to queue
[2026-01-31T21:01:15.757+0530] {logging_mixin.py:188} INFO - [2026-01-31T21:01:15.756+0530] {dagbag.py:538} INFO - Filling up the DagBag from /opt/airflow/dags/airflow_dag_spark_streaming.py
[2026-01-31T21:01:15.767+0530] {processor.py:840} INFO - DAG(s) 'spark_sgp4_streaming' retrieved from /opt/airflow/dags/airflow_dag_spark_streaming.py
[2026-01-31T21:01:15.801+0530] {logging_mixin.py:188} INFO - [2026-01-31T21:01:15.800+0530] {dag.py:3036} INFO - Sync 1 DAGs
[2026-01-31T21:01:15.819+0530] {logging_mixin.py:188} INFO - [2026-01-31T21:01:15.819+0530] {dag.py:3823} INFO - Setting next_dagrun for spark_sgp4_streaming to None, run_after=None
[2026-01-31T21:01:15.841+0530] {processor.py:183} INFO - Processing /opt/airflow/dags/airflow_dag_spark_streaming.py took 0.090 seconds
[2026-01-31T21:01:45.991+0530] {processor.py:161} INFO - Started process (PID=653) to work on /opt/airflow/dags/airflow_dag_spark_streaming.py
[2026-01-31T21:01:45.993+0530] {processor.py:830} INFO - Processing file /opt/airflow/dags/airflow_dag_spark_streaming.py for tasks to queue
[2026-01-31T21:01:45.994+0530] {logging_mixin.py:188} INFO - [2026-01-31T21:01:45.993+0530] {dagbag.py:538} INFO - Filling up the DagBag from /opt/airflow/dags/airflow_dag_spark_streaming.py
[2026-01-31T21:01:46.004+0530] {processor.py:840} INFO - DAG(s) 'spark_sgp4_streaming' retrieved from /opt/airflow/dags/airflow_dag_spark_streaming.py
[2026-01-31T21:01:46.037+0530] {logging_mixin.py:188} INFO - [2026-01-31T21:01:46.036+0530] {dag.py:3036} INFO - Sync 1 DAGs
[2026-01-31T21:01:46.052+0530] {logging_mixin.py:188} INFO - [2026-01-31T21:01:46.052+0530] {dag.py:3823} INFO - Setting next_dagrun for spark_sgp4_streaming to None, run_after=None
[2026-01-31T21:01:46.073+0530] {processor.py:183} INFO - Processing /opt/airflow/dags/airflow_dag_spark_streaming.py took 0.086 seconds
[2026-01-31T21:02:16.220+0530] {processor.py:161} INFO - Started process (PID=663) to work on /opt/airflow/dags/airflow_dag_spark_streaming.py
[2026-01-31T21:02:16.222+0530] {processor.py:830} INFO - Processing file /opt/airflow/dags/airflow_dag_spark_streaming.py for tasks to queue
[2026-01-31T21:02:16.223+0530] {logging_mixin.py:188} INFO - [2026-01-31T21:02:16.223+0530] {dagbag.py:538} INFO - Filling up the DagBag from /opt/airflow/dags/airflow_dag_spark_streaming.py
[2026-01-31T21:02:16.233+0530] {processor.py:840} INFO - DAG(s) 'spark_sgp4_streaming' retrieved from /opt/airflow/dags/airflow_dag_spark_streaming.py
[2026-01-31T21:02:16.266+0530] {logging_mixin.py:188} INFO - [2026-01-31T21:02:16.266+0530] {dag.py:3036} INFO - Sync 1 DAGs
[2026-01-31T21:02:16.283+0530] {logging_mixin.py:188} INFO - [2026-01-31T21:02:16.282+0530] {dag.py:3823} INFO - Setting next_dagrun for spark_sgp4_streaming to None, run_after=None
[2026-01-31T21:02:16.304+0530] {processor.py:183} INFO - Processing /opt/airflow/dags/airflow_dag_spark_streaming.py took 0.087 seconds
[2026-01-31T21:02:46.448+0530] {processor.py:161} INFO - Started process (PID=673) to work on /opt/airflow/dags/airflow_dag_spark_streaming.py
[2026-01-31T21:02:46.449+0530] {processor.py:830} INFO - Processing file /opt/airflow/dags/airflow_dag_spark_streaming.py for tasks to queue
[2026-01-31T21:02:46.450+0530] {logging_mixin.py:188} INFO - [2026-01-31T21:02:46.449+0530] {dagbag.py:538} INFO - Filling up the DagBag from /opt/airflow/dags/airflow_dag_spark_streaming.py
[2026-01-31T21:02:46.460+0530] {processor.py:840} INFO - DAG(s) 'spark_sgp4_streaming' retrieved from /opt/airflow/dags/airflow_dag_spark_streaming.py
[2026-01-31T21:02:46.493+0530] {logging_mixin.py:188} INFO - [2026-01-31T21:02:46.493+0530] {dag.py:3036} INFO - Sync 1 DAGs
[2026-01-31T21:02:46.510+0530] {logging_mixin.py:188} INFO - [2026-01-31T21:02:46.510+0530] {dag.py:3823} INFO - Setting next_dagrun for spark_sgp4_streaming to None, run_after=None
[2026-01-31T21:02:46.529+0530] {processor.py:183} INFO - Processing /opt/airflow/dags/airflow_dag_spark_streaming.py took 0.085 seconds
[2026-01-31T21:03:16.686+0530] {processor.py:161} INFO - Started process (PID=683) to work on /opt/airflow/dags/airflow_dag_spark_streaming.py
[2026-01-31T21:03:16.688+0530] {processor.py:830} INFO - Processing file /opt/airflow/dags/airflow_dag_spark_streaming.py for tasks to queue
[2026-01-31T21:03:16.689+0530] {logging_mixin.py:188} INFO - [2026-01-31T21:03:16.689+0530] {dagbag.py:538} INFO - Filling up the DagBag from /opt/airflow/dags/airflow_dag_spark_streaming.py
[2026-01-31T21:03:16.699+0530] {processor.py:840} INFO - DAG(s) 'spark_sgp4_streaming' retrieved from /opt/airflow/dags/airflow_dag_spark_streaming.py
[2026-01-31T21:03:16.743+0530] {logging_mixin.py:188} INFO - [2026-01-31T21:03:16.743+0530] {dag.py:3036} INFO - Sync 1 DAGs
[2026-01-31T21:03:16.766+0530] {logging_mixin.py:188} INFO - [2026-01-31T21:03:16.766+0530] {dag.py:3823} INFO - Setting next_dagrun for spark_sgp4_streaming to None, run_after=None
[2026-01-31T21:03:16.785+0530] {processor.py:183} INFO - Processing /opt/airflow/dags/airflow_dag_spark_streaming.py took 0.103 seconds
[2026-01-31T21:03:46.923+0530] {processor.py:161} INFO - Started process (PID=693) to work on /opt/airflow/dags/airflow_dag_spark_streaming.py
[2026-01-31T21:03:46.925+0530] {processor.py:830} INFO - Processing file /opt/airflow/dags/airflow_dag_spark_streaming.py for tasks to queue
[2026-01-31T21:03:46.926+0530] {logging_mixin.py:188} INFO - [2026-01-31T21:03:46.926+0530] {dagbag.py:538} INFO - Filling up the DagBag from /opt/airflow/dags/airflow_dag_spark_streaming.py
[2026-01-31T21:03:46.937+0530] {processor.py:840} INFO - DAG(s) 'spark_sgp4_streaming' retrieved from /opt/airflow/dags/airflow_dag_spark_streaming.py
[2026-01-31T21:03:46.971+0530] {logging_mixin.py:188} INFO - [2026-01-31T21:03:46.970+0530] {dag.py:3036} INFO - Sync 1 DAGs
[2026-01-31T21:03:46.986+0530] {logging_mixin.py:188} INFO - [2026-01-31T21:03:46.986+0530] {dag.py:3823} INFO - Setting next_dagrun for spark_sgp4_streaming to None, run_after=None
[2026-01-31T21:03:47.007+0530] {processor.py:183} INFO - Processing /opt/airflow/dags/airflow_dag_spark_streaming.py took 0.088 seconds
[2026-01-31T21:04:17.165+0530] {processor.py:161} INFO - Started process (PID=703) to work on /opt/airflow/dags/airflow_dag_spark_streaming.py
[2026-01-31T21:04:17.167+0530] {processor.py:830} INFO - Processing file /opt/airflow/dags/airflow_dag_spark_streaming.py for tasks to queue
[2026-01-31T21:04:17.168+0530] {logging_mixin.py:188} INFO - [2026-01-31T21:04:17.168+0530] {dagbag.py:538} INFO - Filling up the DagBag from /opt/airflow/dags/airflow_dag_spark_streaming.py
[2026-01-31T21:04:17.178+0530] {processor.py:840} INFO - DAG(s) 'spark_sgp4_streaming' retrieved from /opt/airflow/dags/airflow_dag_spark_streaming.py
[2026-01-31T21:04:17.213+0530] {logging_mixin.py:188} INFO - [2026-01-31T21:04:17.213+0530] {dag.py:3036} INFO - Sync 1 DAGs
[2026-01-31T21:04:17.228+0530] {logging_mixin.py:188} INFO - [2026-01-31T21:04:17.228+0530] {dag.py:3823} INFO - Setting next_dagrun for spark_sgp4_streaming to None, run_after=None
[2026-01-31T21:04:17.246+0530] {processor.py:183} INFO - Processing /opt/airflow/dags/airflow_dag_spark_streaming.py took 0.084 seconds
[2026-01-31T21:04:47.395+0530] {processor.py:161} INFO - Started process (PID=713) to work on /opt/airflow/dags/airflow_dag_spark_streaming.py
[2026-01-31T21:04:47.397+0530] {processor.py:830} INFO - Processing file /opt/airflow/dags/airflow_dag_spark_streaming.py for tasks to queue
[2026-01-31T21:04:47.398+0530] {logging_mixin.py:188} INFO - [2026-01-31T21:04:47.397+0530] {dagbag.py:538} INFO - Filling up the DagBag from /opt/airflow/dags/airflow_dag_spark_streaming.py
[2026-01-31T21:04:47.407+0530] {processor.py:840} INFO - DAG(s) 'spark_sgp4_streaming' retrieved from /opt/airflow/dags/airflow_dag_spark_streaming.py
[2026-01-31T21:04:47.441+0530] {logging_mixin.py:188} INFO - [2026-01-31T21:04:47.440+0530] {dag.py:3036} INFO - Sync 1 DAGs
[2026-01-31T21:04:47.456+0530] {logging_mixin.py:188} INFO - [2026-01-31T21:04:47.456+0530] {dag.py:3823} INFO - Setting next_dagrun for spark_sgp4_streaming to None, run_after=None
[2026-01-31T21:04:47.474+0530] {processor.py:183} INFO - Processing /opt/airflow/dags/airflow_dag_spark_streaming.py took 0.083 seconds
[2026-01-31T21:05:17.628+0530] {processor.py:161} INFO - Started process (PID=723) to work on /opt/airflow/dags/airflow_dag_spark_streaming.py
[2026-01-31T21:05:17.629+0530] {processor.py:830} INFO - Processing file /opt/airflow/dags/airflow_dag_spark_streaming.py for tasks to queue
[2026-01-31T21:05:17.630+0530] {logging_mixin.py:188} INFO - [2026-01-31T21:05:17.630+0530] {dagbag.py:538} INFO - Filling up the DagBag from /opt/airflow/dags/airflow_dag_spark_streaming.py
[2026-01-31T21:05:17.641+0530] {processor.py:840} INFO - DAG(s) 'spark_sgp4_streaming' retrieved from /opt/airflow/dags/airflow_dag_spark_streaming.py
[2026-01-31T21:05:17.677+0530] {logging_mixin.py:188} INFO - [2026-01-31T21:05:17.677+0530] {dag.py:3036} INFO - Sync 1 DAGs
[2026-01-31T21:05:17.697+0530] {logging_mixin.py:188} INFO - [2026-01-31T21:05:17.697+0530] {dag.py:3823} INFO - Setting next_dagrun for spark_sgp4_streaming to None, run_after=None
[2026-01-31T21:05:17.718+0530] {processor.py:183} INFO - Processing /opt/airflow/dags/airflow_dag_spark_streaming.py took 0.094 seconds
[2026-01-31T21:05:47.864+0530] {processor.py:161} INFO - Started process (PID=733) to work on /opt/airflow/dags/airflow_dag_spark_streaming.py
[2026-01-31T21:05:47.864+0530] {processor.py:830} INFO - Processing file /opt/airflow/dags/airflow_dag_spark_streaming.py for tasks to queue
[2026-01-31T21:05:47.865+0530] {logging_mixin.py:188} INFO - [2026-01-31T21:05:47.865+0530] {dagbag.py:538} INFO - Filling up the DagBag from /opt/airflow/dags/airflow_dag_spark_streaming.py
[2026-01-31T21:05:47.875+0530] {processor.py:840} INFO - DAG(s) 'spark_sgp4_streaming' retrieved from /opt/airflow/dags/airflow_dag_spark_streaming.py
[2026-01-31T21:05:47.908+0530] {logging_mixin.py:188} INFO - [2026-01-31T21:05:47.907+0530] {dag.py:3036} INFO - Sync 1 DAGs
[2026-01-31T21:05:47.924+0530] {logging_mixin.py:188} INFO - [2026-01-31T21:05:47.924+0530] {dag.py:3823} INFO - Setting next_dagrun for spark_sgp4_streaming to None, run_after=None
[2026-01-31T21:05:47.944+0530] {processor.py:183} INFO - Processing /opt/airflow/dags/airflow_dag_spark_streaming.py took 0.084 seconds
[2026-01-31T21:06:18.087+0530] {processor.py:161} INFO - Started process (PID=743) to work on /opt/airflow/dags/airflow_dag_spark_streaming.py
[2026-01-31T21:06:18.089+0530] {processor.py:830} INFO - Processing file /opt/airflow/dags/airflow_dag_spark_streaming.py for tasks to queue
[2026-01-31T21:06:18.090+0530] {logging_mixin.py:188} INFO - [2026-01-31T21:06:18.090+0530] {dagbag.py:538} INFO - Filling up the DagBag from /opt/airflow/dags/airflow_dag_spark_streaming.py
[2026-01-31T21:06:18.100+0530] {processor.py:840} INFO - DAG(s) 'spark_sgp4_streaming' retrieved from /opt/airflow/dags/airflow_dag_spark_streaming.py
[2026-01-31T21:06:18.134+0530] {logging_mixin.py:188} INFO - [2026-01-31T21:06:18.134+0530] {dag.py:3036} INFO - Sync 1 DAGs
[2026-01-31T21:06:18.153+0530] {logging_mixin.py:188} INFO - [2026-01-31T21:06:18.153+0530] {dag.py:3823} INFO - Setting next_dagrun for spark_sgp4_streaming to None, run_after=None
[2026-01-31T21:06:18.179+0530] {processor.py:183} INFO - Processing /opt/airflow/dags/airflow_dag_spark_streaming.py took 0.095 seconds
[2026-01-31T21:06:48.319+0530] {processor.py:161} INFO - Started process (PID=753) to work on /opt/airflow/dags/airflow_dag_spark_streaming.py
[2026-01-31T21:06:48.321+0530] {processor.py:830} INFO - Processing file /opt/airflow/dags/airflow_dag_spark_streaming.py for tasks to queue
[2026-01-31T21:06:48.322+0530] {logging_mixin.py:188} INFO - [2026-01-31T21:06:48.322+0530] {dagbag.py:538} INFO - Filling up the DagBag from /opt/airflow/dags/airflow_dag_spark_streaming.py
[2026-01-31T21:06:48.333+0530] {processor.py:840} INFO - DAG(s) 'spark_sgp4_streaming' retrieved from /opt/airflow/dags/airflow_dag_spark_streaming.py
[2026-01-31T21:06:48.365+0530] {logging_mixin.py:188} INFO - [2026-01-31T21:06:48.365+0530] {dag.py:3036} INFO - Sync 1 DAGs
[2026-01-31T21:06:48.380+0530] {logging_mixin.py:188} INFO - [2026-01-31T21:06:48.379+0530] {dag.py:3823} INFO - Setting next_dagrun for spark_sgp4_streaming to None, run_after=None
[2026-01-31T21:06:48.398+0530] {processor.py:183} INFO - Processing /opt/airflow/dags/airflow_dag_spark_streaming.py took 0.083 seconds
[2026-01-31T21:07:18.555+0530] {processor.py:161} INFO - Started process (PID=763) to work on /opt/airflow/dags/airflow_dag_spark_streaming.py
[2026-01-31T21:07:18.558+0530] {processor.py:830} INFO - Processing file /opt/airflow/dags/airflow_dag_spark_streaming.py for tasks to queue
[2026-01-31T21:07:18.559+0530] {logging_mixin.py:188} INFO - [2026-01-31T21:07:18.558+0530] {dagbag.py:538} INFO - Filling up the DagBag from /opt/airflow/dags/airflow_dag_spark_streaming.py
[2026-01-31T21:07:18.569+0530] {processor.py:840} INFO - DAG(s) 'spark_sgp4_streaming' retrieved from /opt/airflow/dags/airflow_dag_spark_streaming.py
[2026-01-31T21:07:18.601+0530] {logging_mixin.py:188} INFO - [2026-01-31T21:07:18.601+0530] {dag.py:3036} INFO - Sync 1 DAGs
[2026-01-31T21:07:18.618+0530] {logging_mixin.py:188} INFO - [2026-01-31T21:07:18.618+0530] {dag.py:3823} INFO - Setting next_dagrun for spark_sgp4_streaming to None, run_after=None
[2026-01-31T21:07:18.638+0530] {processor.py:183} INFO - Processing /opt/airflow/dags/airflow_dag_spark_streaming.py took 0.086 seconds
[2026-01-31T21:07:48.788+0530] {processor.py:161} INFO - Started process (PID=773) to work on /opt/airflow/dags/airflow_dag_spark_streaming.py
[2026-01-31T21:07:48.790+0530] {processor.py:830} INFO - Processing file /opt/airflow/dags/airflow_dag_spark_streaming.py for tasks to queue
[2026-01-31T21:07:48.791+0530] {logging_mixin.py:188} INFO - [2026-01-31T21:07:48.790+0530] {dagbag.py:538} INFO - Filling up the DagBag from /opt/airflow/dags/airflow_dag_spark_streaming.py
[2026-01-31T21:07:48.802+0530] {processor.py:840} INFO - DAG(s) 'spark_sgp4_streaming' retrieved from /opt/airflow/dags/airflow_dag_spark_streaming.py
[2026-01-31T21:07:48.835+0530] {logging_mixin.py:188} INFO - [2026-01-31T21:07:48.835+0530] {dag.py:3036} INFO - Sync 1 DAGs
[2026-01-31T21:07:48.851+0530] {logging_mixin.py:188} INFO - [2026-01-31T21:07:48.851+0530] {dag.py:3823} INFO - Setting next_dagrun for spark_sgp4_streaming to None, run_after=None
[2026-01-31T21:07:48.871+0530] {processor.py:183} INFO - Processing /opt/airflow/dags/airflow_dag_spark_streaming.py took 0.087 seconds
[2026-01-31T21:08:19.019+0530] {processor.py:161} INFO - Started process (PID=783) to work on /opt/airflow/dags/airflow_dag_spark_streaming.py
[2026-01-31T21:08:19.021+0530] {processor.py:830} INFO - Processing file /opt/airflow/dags/airflow_dag_spark_streaming.py for tasks to queue
[2026-01-31T21:08:19.022+0530] {logging_mixin.py:188} INFO - [2026-01-31T21:08:19.022+0530] {dagbag.py:538} INFO - Filling up the DagBag from /opt/airflow/dags/airflow_dag_spark_streaming.py
[2026-01-31T21:08:19.032+0530] {processor.py:840} INFO - DAG(s) 'spark_sgp4_streaming' retrieved from /opt/airflow/dags/airflow_dag_spark_streaming.py
[2026-01-31T21:08:19.064+0530] {logging_mixin.py:188} INFO - [2026-01-31T21:08:19.064+0530] {dag.py:3036} INFO - Sync 1 DAGs
[2026-01-31T21:08:19.082+0530] {logging_mixin.py:188} INFO - [2026-01-31T21:08:19.082+0530] {dag.py:3823} INFO - Setting next_dagrun for spark_sgp4_streaming to None, run_after=None
[2026-01-31T21:08:19.102+0530] {processor.py:183} INFO - Processing /opt/airflow/dags/airflow_dag_spark_streaming.py took 0.086 seconds
[2026-01-31T21:08:49.242+0530] {processor.py:161} INFO - Started process (PID=793) to work on /opt/airflow/dags/airflow_dag_spark_streaming.py
[2026-01-31T21:08:49.244+0530] {processor.py:830} INFO - Processing file /opt/airflow/dags/airflow_dag_spark_streaming.py for tasks to queue
[2026-01-31T21:08:49.245+0530] {logging_mixin.py:188} INFO - [2026-01-31T21:08:49.245+0530] {dagbag.py:538} INFO - Filling up the DagBag from /opt/airflow/dags/airflow_dag_spark_streaming.py
[2026-01-31T21:08:49.256+0530] {processor.py:840} INFO - DAG(s) 'spark_sgp4_streaming' retrieved from /opt/airflow/dags/airflow_dag_spark_streaming.py
[2026-01-31T21:08:49.290+0530] {logging_mixin.py:188} INFO - [2026-01-31T21:08:49.290+0530] {dag.py:3036} INFO - Sync 1 DAGs
[2026-01-31T21:08:49.307+0530] {logging_mixin.py:188} INFO - [2026-01-31T21:08:49.307+0530] {dag.py:3823} INFO - Setting next_dagrun for spark_sgp4_streaming to None, run_after=None
[2026-01-31T21:08:49.330+0530] {processor.py:183} INFO - Processing /opt/airflow/dags/airflow_dag_spark_streaming.py took 0.091 seconds
[2026-01-31T21:09:19.469+0530] {processor.py:161} INFO - Started process (PID=803) to work on /opt/airflow/dags/airflow_dag_spark_streaming.py
[2026-01-31T21:09:19.471+0530] {processor.py:830} INFO - Processing file /opt/airflow/dags/airflow_dag_spark_streaming.py for tasks to queue
[2026-01-31T21:09:19.472+0530] {logging_mixin.py:188} INFO - [2026-01-31T21:09:19.472+0530] {dagbag.py:538} INFO - Filling up the DagBag from /opt/airflow/dags/airflow_dag_spark_streaming.py
[2026-01-31T21:09:19.482+0530] {processor.py:840} INFO - DAG(s) 'spark_sgp4_streaming' retrieved from /opt/airflow/dags/airflow_dag_spark_streaming.py
[2026-01-31T21:09:19.514+0530] {logging_mixin.py:188} INFO - [2026-01-31T21:09:19.514+0530] {dag.py:3036} INFO - Sync 1 DAGs
[2026-01-31T21:09:19.532+0530] {logging_mixin.py:188} INFO - [2026-01-31T21:09:19.531+0530] {dag.py:3823} INFO - Setting next_dagrun for spark_sgp4_streaming to None, run_after=None
[2026-01-31T21:09:19.550+0530] {processor.py:183} INFO - Processing /opt/airflow/dags/airflow_dag_spark_streaming.py took 0.085 seconds
[2026-01-31T21:09:49.751+0530] {processor.py:161} INFO - Started process (PID=813) to work on /opt/airflow/dags/airflow_dag_spark_streaming.py
[2026-01-31T21:09:49.754+0530] {processor.py:830} INFO - Processing file /opt/airflow/dags/airflow_dag_spark_streaming.py for tasks to queue
[2026-01-31T21:09:49.757+0530] {logging_mixin.py:188} INFO - [2026-01-31T21:09:49.756+0530] {dagbag.py:538} INFO - Filling up the DagBag from /opt/airflow/dags/airflow_dag_spark_streaming.py
[2026-01-31T21:09:49.795+0530] {processor.py:840} INFO - DAG(s) 'spark_sgp4_streaming' retrieved from /opt/airflow/dags/airflow_dag_spark_streaming.py
[2026-01-31T21:09:49.898+0530] {logging_mixin.py:188} INFO - [2026-01-31T21:09:49.898+0530] {dag.py:3036} INFO - Sync 1 DAGs
[2026-01-31T21:09:49.922+0530] {logging_mixin.py:188} INFO - [2026-01-31T21:09:49.922+0530] {dag.py:3823} INFO - Setting next_dagrun for spark_sgp4_streaming to None, run_after=None
[2026-01-31T21:09:49.967+0530] {processor.py:183} INFO - Processing /opt/airflow/dags/airflow_dag_spark_streaming.py took 0.234 seconds
[2026-01-31T21:10:20.125+0530] {processor.py:161} INFO - Started process (PID=823) to work on /opt/airflow/dags/airflow_dag_spark_streaming.py
[2026-01-31T21:10:20.127+0530] {processor.py:830} INFO - Processing file /opt/airflow/dags/airflow_dag_spark_streaming.py for tasks to queue
[2026-01-31T21:10:20.128+0530] {logging_mixin.py:188} INFO - [2026-01-31T21:10:20.127+0530] {dagbag.py:538} INFO - Filling up the DagBag from /opt/airflow/dags/airflow_dag_spark_streaming.py
[2026-01-31T21:10:20.142+0530] {processor.py:840} INFO - DAG(s) 'spark_sgp4_streaming' retrieved from /opt/airflow/dags/airflow_dag_spark_streaming.py
[2026-01-31T21:10:20.182+0530] {logging_mixin.py:188} INFO - [2026-01-31T21:10:20.181+0530] {dag.py:3036} INFO - Sync 1 DAGs
[2026-01-31T21:10:20.200+0530] {logging_mixin.py:188} INFO - [2026-01-31T21:10:20.200+0530] {dag.py:3823} INFO - Setting next_dagrun for spark_sgp4_streaming to None, run_after=None
[2026-01-31T21:10:20.226+0530] {processor.py:183} INFO - Processing /opt/airflow/dags/airflow_dag_spark_streaming.py took 0.105 seconds
[2026-01-31T21:10:50.369+0530] {processor.py:161} INFO - Started process (PID=833) to work on /opt/airflow/dags/airflow_dag_spark_streaming.py
[2026-01-31T21:10:50.371+0530] {processor.py:830} INFO - Processing file /opt/airflow/dags/airflow_dag_spark_streaming.py for tasks to queue
[2026-01-31T21:10:50.372+0530] {logging_mixin.py:188} INFO - [2026-01-31T21:10:50.371+0530] {dagbag.py:538} INFO - Filling up the DagBag from /opt/airflow/dags/airflow_dag_spark_streaming.py
[2026-01-31T21:10:50.384+0530] {processor.py:840} INFO - DAG(s) 'spark_sgp4_streaming' retrieved from /opt/airflow/dags/airflow_dag_spark_streaming.py
[2026-01-31T21:10:50.418+0530] {logging_mixin.py:188} INFO - [2026-01-31T21:10:50.418+0530] {dag.py:3036} INFO - Sync 1 DAGs
[2026-01-31T21:10:50.435+0530] {logging_mixin.py:188} INFO - [2026-01-31T21:10:50.435+0530] {dag.py:3823} INFO - Setting next_dagrun for spark_sgp4_streaming to None, run_after=None
[2026-01-31T21:10:50.456+0530] {processor.py:183} INFO - Processing /opt/airflow/dags/airflow_dag_spark_streaming.py took 0.091 seconds
[2026-01-31T21:11:20.603+0530] {processor.py:161} INFO - Started process (PID=843) to work on /opt/airflow/dags/airflow_dag_spark_streaming.py
[2026-01-31T21:11:20.605+0530] {processor.py:830} INFO - Processing file /opt/airflow/dags/airflow_dag_spark_streaming.py for tasks to queue
[2026-01-31T21:11:20.606+0530] {logging_mixin.py:188} INFO - [2026-01-31T21:11:20.605+0530] {dagbag.py:538} INFO - Filling up the DagBag from /opt/airflow/dags/airflow_dag_spark_streaming.py
[2026-01-31T21:11:20.618+0530] {processor.py:840} INFO - DAG(s) 'spark_sgp4_streaming' retrieved from /opt/airflow/dags/airflow_dag_spark_streaming.py
[2026-01-31T21:11:20.657+0530] {logging_mixin.py:188} INFO - [2026-01-31T21:11:20.656+0530] {dag.py:3036} INFO - Sync 1 DAGs
[2026-01-31T21:11:20.675+0530] {logging_mixin.py:188} INFO - [2026-01-31T21:11:20.675+0530] {dag.py:3823} INFO - Setting next_dagrun for spark_sgp4_streaming to None, run_after=None
[2026-01-31T21:11:20.696+0530] {processor.py:183} INFO - Processing /opt/airflow/dags/airflow_dag_spark_streaming.py took 0.098 seconds
[2026-01-31T21:11:50.851+0530] {processor.py:161} INFO - Started process (PID=853) to work on /opt/airflow/dags/airflow_dag_spark_streaming.py
[2026-01-31T21:11:50.852+0530] {processor.py:830} INFO - Processing file /opt/airflow/dags/airflow_dag_spark_streaming.py for tasks to queue
[2026-01-31T21:11:50.853+0530] {logging_mixin.py:188} INFO - [2026-01-31T21:11:50.853+0530] {dagbag.py:538} INFO - Filling up the DagBag from /opt/airflow/dags/airflow_dag_spark_streaming.py
[2026-01-31T21:11:50.869+0530] {processor.py:840} INFO - DAG(s) 'spark_sgp4_streaming' retrieved from /opt/airflow/dags/airflow_dag_spark_streaming.py
[2026-01-31T21:11:50.916+0530] {logging_mixin.py:188} INFO - [2026-01-31T21:11:50.916+0530] {dag.py:3036} INFO - Sync 1 DAGs
[2026-01-31T21:11:50.943+0530] {logging_mixin.py:188} INFO - [2026-01-31T21:11:50.942+0530] {dag.py:3823} INFO - Setting next_dagrun for spark_sgp4_streaming to None, run_after=None
[2026-01-31T21:11:50.969+0530] {processor.py:183} INFO - Processing /opt/airflow/dags/airflow_dag_spark_streaming.py took 0.124 seconds
[2026-01-31T21:12:21.118+0530] {processor.py:161} INFO - Started process (PID=863) to work on /opt/airflow/dags/airflow_dag_spark_streaming.py
[2026-01-31T21:12:21.119+0530] {processor.py:830} INFO - Processing file /opt/airflow/dags/airflow_dag_spark_streaming.py for tasks to queue
[2026-01-31T21:12:21.120+0530] {logging_mixin.py:188} INFO - [2026-01-31T21:12:21.120+0530] {dagbag.py:538} INFO - Filling up the DagBag from /opt/airflow/dags/airflow_dag_spark_streaming.py
[2026-01-31T21:12:21.132+0530] {processor.py:840} INFO - DAG(s) 'spark_sgp4_streaming' retrieved from /opt/airflow/dags/airflow_dag_spark_streaming.py
[2026-01-31T21:12:21.167+0530] {logging_mixin.py:188} INFO - [2026-01-31T21:12:21.166+0530] {dag.py:3036} INFO - Sync 1 DAGs
[2026-01-31T21:12:21.182+0530] {logging_mixin.py:188} INFO - [2026-01-31T21:12:21.182+0530] {dag.py:3823} INFO - Setting next_dagrun for spark_sgp4_streaming to None, run_after=None
[2026-01-31T21:12:21.202+0530] {processor.py:183} INFO - Processing /opt/airflow/dags/airflow_dag_spark_streaming.py took 0.088 seconds
[2026-01-31T21:12:51.347+0530] {processor.py:161} INFO - Started process (PID=873) to work on /opt/airflow/dags/airflow_dag_spark_streaming.py
[2026-01-31T21:12:51.348+0530] {processor.py:830} INFO - Processing file /opt/airflow/dags/airflow_dag_spark_streaming.py for tasks to queue
[2026-01-31T21:12:51.349+0530] {logging_mixin.py:188} INFO - [2026-01-31T21:12:51.348+0530] {dagbag.py:538} INFO - Filling up the DagBag from /opt/airflow/dags/airflow_dag_spark_streaming.py
[2026-01-31T21:12:51.361+0530] {processor.py:840} INFO - DAG(s) 'spark_sgp4_streaming' retrieved from /opt/airflow/dags/airflow_dag_spark_streaming.py
[2026-01-31T21:12:51.396+0530] {logging_mixin.py:188} INFO - [2026-01-31T21:12:51.396+0530] {dag.py:3036} INFO - Sync 1 DAGs
[2026-01-31T21:12:51.417+0530] {logging_mixin.py:188} INFO - [2026-01-31T21:12:51.416+0530] {dag.py:3823} INFO - Setting next_dagrun for spark_sgp4_streaming to None, run_after=None
[2026-01-31T21:12:51.439+0530] {processor.py:183} INFO - Processing /opt/airflow/dags/airflow_dag_spark_streaming.py took 0.096 seconds
[2026-01-31T21:13:21.591+0530] {processor.py:161} INFO - Started process (PID=883) to work on /opt/airflow/dags/airflow_dag_spark_streaming.py
[2026-01-31T21:13:21.593+0530] {processor.py:830} INFO - Processing file /opt/airflow/dags/airflow_dag_spark_streaming.py for tasks to queue
[2026-01-31T21:13:21.594+0530] {logging_mixin.py:188} INFO - [2026-01-31T21:13:21.593+0530] {dagbag.py:538} INFO - Filling up the DagBag from /opt/airflow/dags/airflow_dag_spark_streaming.py
[2026-01-31T21:13:21.621+0530] {processor.py:840} INFO - DAG(s) 'spark_sgp4_streaming' retrieved from /opt/airflow/dags/airflow_dag_spark_streaming.py
[2026-01-31T21:13:21.671+0530] {logging_mixin.py:188} INFO - [2026-01-31T21:13:21.671+0530] {dag.py:3036} INFO - Sync 1 DAGs
[2026-01-31T21:13:21.698+0530] {logging_mixin.py:188} INFO - [2026-01-31T21:13:21.698+0530] {dag.py:3823} INFO - Setting next_dagrun for spark_sgp4_streaming to None, run_after=None
[2026-01-31T21:13:21.724+0530] {processor.py:183} INFO - Processing /opt/airflow/dags/airflow_dag_spark_streaming.py took 0.140 seconds
[2026-01-31T21:13:51.867+0530] {processor.py:161} INFO - Started process (PID=893) to work on /opt/airflow/dags/airflow_dag_spark_streaming.py
[2026-01-31T21:13:51.868+0530] {processor.py:830} INFO - Processing file /opt/airflow/dags/airflow_dag_spark_streaming.py for tasks to queue
[2026-01-31T21:13:51.869+0530] {logging_mixin.py:188} INFO - [2026-01-31T21:13:51.869+0530] {dagbag.py:538} INFO - Filling up the DagBag from /opt/airflow/dags/airflow_dag_spark_streaming.py
[2026-01-31T21:13:51.889+0530] {processor.py:840} INFO - DAG(s) 'spark_sgp4_streaming' retrieved from /opt/airflow/dags/airflow_dag_spark_streaming.py
[2026-01-31T21:13:51.939+0530] {logging_mixin.py:188} INFO - [2026-01-31T21:13:51.939+0530] {dag.py:3036} INFO - Sync 1 DAGs
[2026-01-31T21:13:51.962+0530] {logging_mixin.py:188} INFO - [2026-01-31T21:13:51.961+0530] {dag.py:3823} INFO - Setting next_dagrun for spark_sgp4_streaming to None, run_after=None
[2026-01-31T21:13:51.990+0530] {processor.py:183} INFO - Processing /opt/airflow/dags/airflow_dag_spark_streaming.py took 0.129 seconds
[2026-01-31T21:14:22.141+0530] {processor.py:161} INFO - Started process (PID=903) to work on /opt/airflow/dags/airflow_dag_spark_streaming.py
[2026-01-31T21:14:22.143+0530] {processor.py:830} INFO - Processing file /opt/airflow/dags/airflow_dag_spark_streaming.py for tasks to queue
[2026-01-31T21:14:22.144+0530] {logging_mixin.py:188} INFO - [2026-01-31T21:14:22.144+0530] {dagbag.py:538} INFO - Filling up the DagBag from /opt/airflow/dags/airflow_dag_spark_streaming.py
[2026-01-31T21:14:22.157+0530] {processor.py:840} INFO - DAG(s) 'spark_sgp4_streaming' retrieved from /opt/airflow/dags/airflow_dag_spark_streaming.py
[2026-01-31T21:14:22.192+0530] {logging_mixin.py:188} INFO - [2026-01-31T21:14:22.192+0530] {dag.py:3036} INFO - Sync 1 DAGs
[2026-01-31T21:14:22.209+0530] {logging_mixin.py:188} INFO - [2026-01-31T21:14:22.209+0530] {dag.py:3823} INFO - Setting next_dagrun for spark_sgp4_streaming to None, run_after=None
[2026-01-31T21:14:22.231+0530] {processor.py:183} INFO - Processing /opt/airflow/dags/airflow_dag_spark_streaming.py took 0.094 seconds
[2026-01-31T21:14:52.382+0530] {processor.py:161} INFO - Started process (PID=913) to work on /opt/airflow/dags/airflow_dag_spark_streaming.py
[2026-01-31T21:14:52.384+0530] {processor.py:830} INFO - Processing file /opt/airflow/dags/airflow_dag_spark_streaming.py for tasks to queue
[2026-01-31T21:14:52.385+0530] {logging_mixin.py:188} INFO - [2026-01-31T21:14:52.385+0530] {dagbag.py:538} INFO - Filling up the DagBag from /opt/airflow/dags/airflow_dag_spark_streaming.py
[2026-01-31T21:14:52.399+0530] {processor.py:840} INFO - DAG(s) 'spark_sgp4_streaming' retrieved from /opt/airflow/dags/airflow_dag_spark_streaming.py
[2026-01-31T21:14:52.438+0530] {logging_mixin.py:188} INFO - [2026-01-31T21:14:52.437+0530] {dag.py:3036} INFO - Sync 1 DAGs
[2026-01-31T21:14:52.455+0530] {logging_mixin.py:188} INFO - [2026-01-31T21:14:52.455+0530] {dag.py:3823} INFO - Setting next_dagrun for spark_sgp4_streaming to None, run_after=None
[2026-01-31T21:14:52.475+0530] {processor.py:183} INFO - Processing /opt/airflow/dags/airflow_dag_spark_streaming.py took 0.098 seconds
[2026-01-31T21:15:22.640+0530] {processor.py:161} INFO - Started process (PID=923) to work on /opt/airflow/dags/airflow_dag_spark_streaming.py
[2026-01-31T21:15:22.642+0530] {processor.py:830} INFO - Processing file /opt/airflow/dags/airflow_dag_spark_streaming.py for tasks to queue
[2026-01-31T21:15:22.643+0530] {logging_mixin.py:188} INFO - [2026-01-31T21:15:22.642+0530] {dagbag.py:538} INFO - Filling up the DagBag from /opt/airflow/dags/airflow_dag_spark_streaming.py
[2026-01-31T21:15:22.655+0530] {processor.py:840} INFO - DAG(s) 'spark_sgp4_streaming' retrieved from /opt/airflow/dags/airflow_dag_spark_streaming.py
[2026-01-31T21:15:22.691+0530] {logging_mixin.py:188} INFO - [2026-01-31T21:15:22.690+0530] {dag.py:3036} INFO - Sync 1 DAGs
[2026-01-31T21:15:22.710+0530] {logging_mixin.py:188} INFO - [2026-01-31T21:15:22.709+0530] {dag.py:3823} INFO - Setting next_dagrun for spark_sgp4_streaming to None, run_after=None
[2026-01-31T21:15:22.734+0530] {processor.py:183} INFO - Processing /opt/airflow/dags/airflow_dag_spark_streaming.py took 0.098 seconds
[2026-01-31T21:15:52.878+0530] {processor.py:161} INFO - Started process (PID=933) to work on /opt/airflow/dags/airflow_dag_spark_streaming.py
[2026-01-31T21:15:52.879+0530] {processor.py:830} INFO - Processing file /opt/airflow/dags/airflow_dag_spark_streaming.py for tasks to queue
[2026-01-31T21:15:52.880+0530] {logging_mixin.py:188} INFO - [2026-01-31T21:15:52.880+0530] {dagbag.py:538} INFO - Filling up the DagBag from /opt/airflow/dags/airflow_dag_spark_streaming.py
[2026-01-31T21:15:52.893+0530] {processor.py:840} INFO - DAG(s) 'spark_sgp4_streaming' retrieved from /opt/airflow/dags/airflow_dag_spark_streaming.py
[2026-01-31T21:15:52.928+0530] {logging_mixin.py:188} INFO - [2026-01-31T21:15:52.928+0530] {dag.py:3036} INFO - Sync 1 DAGs
[2026-01-31T21:15:52.947+0530] {logging_mixin.py:188} INFO - [2026-01-31T21:15:52.946+0530] {dag.py:3823} INFO - Setting next_dagrun for spark_sgp4_streaming to None, run_after=None
[2026-01-31T21:15:52.970+0530] {processor.py:183} INFO - Processing /opt/airflow/dags/airflow_dag_spark_streaming.py took 0.095 seconds
[2026-01-31T21:16:23.125+0530] {processor.py:161} INFO - Started process (PID=943) to work on /opt/airflow/dags/airflow_dag_spark_streaming.py
[2026-01-31T21:16:23.126+0530] {processor.py:830} INFO - Processing file /opt/airflow/dags/airflow_dag_spark_streaming.py for tasks to queue
[2026-01-31T21:16:23.127+0530] {logging_mixin.py:188} INFO - [2026-01-31T21:16:23.126+0530] {dagbag.py:538} INFO - Filling up the DagBag from /opt/airflow/dags/airflow_dag_spark_streaming.py
[2026-01-31T21:16:23.140+0530] {processor.py:840} INFO - DAG(s) 'spark_sgp4_streaming' retrieved from /opt/airflow/dags/airflow_dag_spark_streaming.py
[2026-01-31T21:16:23.188+0530] {logging_mixin.py:188} INFO - [2026-01-31T21:16:23.188+0530] {dag.py:3036} INFO - Sync 1 DAGs
[2026-01-31T21:16:23.215+0530] {logging_mixin.py:188} INFO - [2026-01-31T21:16:23.214+0530] {dag.py:3823} INFO - Setting next_dagrun for spark_sgp4_streaming to None, run_after=None
[2026-01-31T21:16:23.246+0530] {processor.py:183} INFO - Processing /opt/airflow/dags/airflow_dag_spark_streaming.py took 0.126 seconds
[2026-01-31T21:16:53.404+0530] {processor.py:161} INFO - Started process (PID=953) to work on /opt/airflow/dags/airflow_dag_spark_streaming.py
[2026-01-31T21:16:53.405+0530] {processor.py:830} INFO - Processing file /opt/airflow/dags/airflow_dag_spark_streaming.py for tasks to queue
[2026-01-31T21:16:53.406+0530] {logging_mixin.py:188} INFO - [2026-01-31T21:16:53.406+0530] {dagbag.py:538} INFO - Filling up the DagBag from /opt/airflow/dags/airflow_dag_spark_streaming.py
[2026-01-31T21:16:53.419+0530] {processor.py:840} INFO - DAG(s) 'spark_sgp4_streaming' retrieved from /opt/airflow/dags/airflow_dag_spark_streaming.py
[2026-01-31T21:16:53.467+0530] {logging_mixin.py:188} INFO - [2026-01-31T21:16:53.467+0530] {dag.py:3036} INFO - Sync 1 DAGs
[2026-01-31T21:16:53.487+0530] {logging_mixin.py:188} INFO - [2026-01-31T21:16:53.487+0530] {dag.py:3823} INFO - Setting next_dagrun for spark_sgp4_streaming to None, run_after=None
[2026-01-31T21:16:53.508+0530] {processor.py:183} INFO - Processing /opt/airflow/dags/airflow_dag_spark_streaming.py took 0.107 seconds
[2026-01-31T21:17:23.666+0530] {processor.py:161} INFO - Started process (PID=963) to work on /opt/airflow/dags/airflow_dag_spark_streaming.py
[2026-01-31T21:17:23.667+0530] {processor.py:830} INFO - Processing file /opt/airflow/dags/airflow_dag_spark_streaming.py for tasks to queue
[2026-01-31T21:17:23.670+0530] {logging_mixin.py:188} INFO - [2026-01-31T21:17:23.669+0530] {dagbag.py:538} INFO - Filling up the DagBag from /opt/airflow/dags/airflow_dag_spark_streaming.py
[2026-01-31T21:17:23.689+0530] {processor.py:840} INFO - DAG(s) 'spark_sgp4_streaming' retrieved from /opt/airflow/dags/airflow_dag_spark_streaming.py
[2026-01-31T21:17:23.739+0530] {logging_mixin.py:188} INFO - [2026-01-31T21:17:23.739+0530] {dag.py:3036} INFO - Sync 1 DAGs
[2026-01-31T21:17:23.757+0530] {logging_mixin.py:188} INFO - [2026-01-31T21:17:23.757+0530] {dag.py:3823} INFO - Setting next_dagrun for spark_sgp4_streaming to None, run_after=None
[2026-01-31T21:17:23.779+0530] {processor.py:183} INFO - Processing /opt/airflow/dags/airflow_dag_spark_streaming.py took 0.117 seconds
[2026-01-31T21:17:53.947+0530] {processor.py:161} INFO - Started process (PID=973) to work on /opt/airflow/dags/airflow_dag_spark_streaming.py
[2026-01-31T21:17:53.950+0530] {processor.py:830} INFO - Processing file /opt/airflow/dags/airflow_dag_spark_streaming.py for tasks to queue
[2026-01-31T21:17:53.952+0530] {logging_mixin.py:188} INFO - [2026-01-31T21:17:53.951+0530] {dagbag.py:538} INFO - Filling up the DagBag from /opt/airflow/dags/airflow_dag_spark_streaming.py
[2026-01-31T21:17:53.974+0530] {processor.py:840} INFO - DAG(s) 'spark_sgp4_streaming' retrieved from /opt/airflow/dags/airflow_dag_spark_streaming.py
[2026-01-31T21:17:54.029+0530] {logging_mixin.py:188} INFO - [2026-01-31T21:17:54.029+0530] {dag.py:3036} INFO - Sync 1 DAGs
[2026-01-31T21:17:54.050+0530] {logging_mixin.py:188} INFO - [2026-01-31T21:17:54.050+0530] {dag.py:3823} INFO - Setting next_dagrun for spark_sgp4_streaming to None, run_after=None
[2026-01-31T21:17:54.072+0530] {processor.py:183} INFO - Processing /opt/airflow/dags/airflow_dag_spark_streaming.py took 0.131 seconds
[2026-01-31T21:18:24.247+0530] {processor.py:161} INFO - Started process (PID=983) to work on /opt/airflow/dags/airflow_dag_spark_streaming.py
[2026-01-31T21:18:24.248+0530] {processor.py:830} INFO - Processing file /opt/airflow/dags/airflow_dag_spark_streaming.py for tasks to queue
[2026-01-31T21:18:24.249+0530] {logging_mixin.py:188} INFO - [2026-01-31T21:18:24.248+0530] {dagbag.py:538} INFO - Filling up the DagBag from /opt/airflow/dags/airflow_dag_spark_streaming.py
[2026-01-31T21:18:24.297+0530] {processor.py:840} INFO - DAG(s) 'spark_sgp4_streaming' retrieved from /opt/airflow/dags/airflow_dag_spark_streaming.py
[2026-01-31T21:18:24.344+0530] {logging_mixin.py:188} INFO - [2026-01-31T21:18:24.344+0530] {dag.py:3036} INFO - Sync 1 DAGs
[2026-01-31T21:18:24.372+0530] {logging_mixin.py:188} INFO - [2026-01-31T21:18:24.371+0530] {dag.py:3823} INFO - Setting next_dagrun for spark_sgp4_streaming to None, run_after=None
[2026-01-31T21:18:24.397+0530] {processor.py:183} INFO - Processing /opt/airflow/dags/airflow_dag_spark_streaming.py took 0.154 seconds
[2026-01-31T21:18:54.577+0530] {processor.py:161} INFO - Started process (PID=993) to work on /opt/airflow/dags/airflow_dag_spark_streaming.py
[2026-01-31T21:18:54.579+0530] {processor.py:830} INFO - Processing file /opt/airflow/dags/airflow_dag_spark_streaming.py for tasks to queue
[2026-01-31T21:18:54.580+0530] {logging_mixin.py:188} INFO - [2026-01-31T21:18:54.579+0530] {dagbag.py:538} INFO - Filling up the DagBag from /opt/airflow/dags/airflow_dag_spark_streaming.py
[2026-01-31T21:18:54.595+0530] {processor.py:840} INFO - DAG(s) 'spark_sgp4_streaming' retrieved from /opt/airflow/dags/airflow_dag_spark_streaming.py
[2026-01-31T21:18:54.639+0530] {logging_mixin.py:188} INFO - [2026-01-31T21:18:54.639+0530] {dag.py:3036} INFO - Sync 1 DAGs
[2026-01-31T21:18:54.665+0530] {logging_mixin.py:188} INFO - [2026-01-31T21:18:54.665+0530] {dag.py:3823} INFO - Setting next_dagrun for spark_sgp4_streaming to None, run_after=None
[2026-01-31T21:18:54.694+0530] {processor.py:183} INFO - Processing /opt/airflow/dags/airflow_dag_spark_streaming.py took 0.121 seconds
[2026-01-31T21:19:24.846+0530] {processor.py:161} INFO - Started process (PID=1003) to work on /opt/airflow/dags/airflow_dag_spark_streaming.py
[2026-01-31T21:19:24.855+0530] {processor.py:830} INFO - Processing file /opt/airflow/dags/airflow_dag_spark_streaming.py for tasks to queue
[2026-01-31T21:19:24.856+0530] {logging_mixin.py:188} INFO - [2026-01-31T21:19:24.856+0530] {dagbag.py:538} INFO - Filling up the DagBag from /opt/airflow/dags/airflow_dag_spark_streaming.py
[2026-01-31T21:19:24.874+0530] {processor.py:840} INFO - DAG(s) 'spark_sgp4_streaming' retrieved from /opt/airflow/dags/airflow_dag_spark_streaming.py
[2026-01-31T21:19:24.913+0530] {logging_mixin.py:188} INFO - [2026-01-31T21:19:24.913+0530] {dag.py:3036} INFO - Sync 1 DAGs
[2026-01-31T21:19:24.937+0530] {logging_mixin.py:188} INFO - [2026-01-31T21:19:24.937+0530] {dag.py:3823} INFO - Setting next_dagrun for spark_sgp4_streaming to None, run_after=None
[2026-01-31T21:19:24.963+0530] {processor.py:183} INFO - Processing /opt/airflow/dags/airflow_dag_spark_streaming.py took 0.122 seconds
[2026-01-31T21:19:55.109+0530] {processor.py:161} INFO - Started process (PID=1013) to work on /opt/airflow/dags/airflow_dag_spark_streaming.py
[2026-01-31T21:19:55.112+0530] {processor.py:830} INFO - Processing file /opt/airflow/dags/airflow_dag_spark_streaming.py for tasks to queue
[2026-01-31T21:19:55.113+0530] {logging_mixin.py:188} INFO - [2026-01-31T21:19:55.112+0530] {dagbag.py:538} INFO - Filling up the DagBag from /opt/airflow/dags/airflow_dag_spark_streaming.py
[2026-01-31T21:19:55.135+0530] {processor.py:840} INFO - DAG(s) 'spark_sgp4_streaming' retrieved from /opt/airflow/dags/airflow_dag_spark_streaming.py
[2026-01-31T21:19:55.182+0530] {logging_mixin.py:188} INFO - [2026-01-31T21:19:55.182+0530] {dag.py:3036} INFO - Sync 1 DAGs
[2026-01-31T21:19:55.204+0530] {logging_mixin.py:188} INFO - [2026-01-31T21:19:55.204+0530] {dag.py:3823} INFO - Setting next_dagrun for spark_sgp4_streaming to None, run_after=None
[2026-01-31T21:19:55.227+0530] {processor.py:183} INFO - Processing /opt/airflow/dags/airflow_dag_spark_streaming.py took 0.123 seconds
[2026-01-31T21:20:25.384+0530] {processor.py:161} INFO - Started process (PID=1023) to work on /opt/airflow/dags/airflow_dag_spark_streaming.py
[2026-01-31T21:20:25.385+0530] {processor.py:830} INFO - Processing file /opt/airflow/dags/airflow_dag_spark_streaming.py for tasks to queue
[2026-01-31T21:20:25.387+0530] {logging_mixin.py:188} INFO - [2026-01-31T21:20:25.386+0530] {dagbag.py:538} INFO - Filling up the DagBag from /opt/airflow/dags/airflow_dag_spark_streaming.py
[2026-01-31T21:20:25.403+0530] {processor.py:840} INFO - DAG(s) 'spark_sgp4_streaming' retrieved from /opt/airflow/dags/airflow_dag_spark_streaming.py
[2026-01-31T21:20:25.451+0530] {logging_mixin.py:188} INFO - [2026-01-31T21:20:25.450+0530] {dag.py:3036} INFO - Sync 1 DAGs
[2026-01-31T21:20:25.470+0530] {logging_mixin.py:188} INFO - [2026-01-31T21:20:25.469+0530] {dag.py:3823} INFO - Setting next_dagrun for spark_sgp4_streaming to None, run_after=None
[2026-01-31T21:20:25.492+0530] {processor.py:183} INFO - Processing /opt/airflow/dags/airflow_dag_spark_streaming.py took 0.113 seconds
[2026-01-31T21:20:55.648+0530] {processor.py:161} INFO - Started process (PID=1033) to work on /opt/airflow/dags/airflow_dag_spark_streaming.py
[2026-01-31T21:20:55.649+0530] {processor.py:830} INFO - Processing file /opt/airflow/dags/airflow_dag_spark_streaming.py for tasks to queue
[2026-01-31T21:20:55.650+0530] {logging_mixin.py:188} INFO - [2026-01-31T21:20:55.650+0530] {dagbag.py:538} INFO - Filling up the DagBag from /opt/airflow/dags/airflow_dag_spark_streaming.py
[2026-01-31T21:20:55.668+0530] {processor.py:840} INFO - DAG(s) 'spark_sgp4_streaming' retrieved from /opt/airflow/dags/airflow_dag_spark_streaming.py
[2026-01-31T21:20:55.706+0530] {logging_mixin.py:188} INFO - [2026-01-31T21:20:55.706+0530] {dag.py:3036} INFO - Sync 1 DAGs
[2026-01-31T21:20:55.727+0530] {logging_mixin.py:188} INFO - [2026-01-31T21:20:55.727+0530] {dag.py:3823} INFO - Setting next_dagrun for spark_sgp4_streaming to None, run_after=None
[2026-01-31T21:20:55.750+0530] {processor.py:183} INFO - Processing /opt/airflow/dags/airflow_dag_spark_streaming.py took 0.109 seconds
[2026-01-31T21:21:25.898+0530] {processor.py:161} INFO - Started process (PID=1043) to work on /opt/airflow/dags/airflow_dag_spark_streaming.py
[2026-01-31T21:21:25.899+0530] {processor.py:830} INFO - Processing file /opt/airflow/dags/airflow_dag_spark_streaming.py for tasks to queue
[2026-01-31T21:21:25.900+0530] {logging_mixin.py:188} INFO - [2026-01-31T21:21:25.899+0530] {dagbag.py:538} INFO - Filling up the DagBag from /opt/airflow/dags/airflow_dag_spark_streaming.py
[2026-01-31T21:21:25.913+0530] {processor.py:840} INFO - DAG(s) 'spark_sgp4_streaming' retrieved from /opt/airflow/dags/airflow_dag_spark_streaming.py
[2026-01-31T21:21:25.953+0530] {logging_mixin.py:188} INFO - [2026-01-31T21:21:25.952+0530] {dag.py:3036} INFO - Sync 1 DAGs
[2026-01-31T21:21:25.975+0530] {logging_mixin.py:188} INFO - [2026-01-31T21:21:25.975+0530] {dag.py:3823} INFO - Setting next_dagrun for spark_sgp4_streaming to None, run_after=None
[2026-01-31T21:21:26.006+0530] {processor.py:183} INFO - Processing /opt/airflow/dags/airflow_dag_spark_streaming.py took 0.112 seconds
[2026-01-31T21:21:56.162+0530] {processor.py:161} INFO - Started process (PID=1053) to work on /opt/airflow/dags/airflow_dag_spark_streaming.py
[2026-01-31T21:21:56.163+0530] {processor.py:830} INFO - Processing file /opt/airflow/dags/airflow_dag_spark_streaming.py for tasks to queue
[2026-01-31T21:21:56.164+0530] {logging_mixin.py:188} INFO - [2026-01-31T21:21:56.164+0530] {dagbag.py:538} INFO - Filling up the DagBag from /opt/airflow/dags/airflow_dag_spark_streaming.py
[2026-01-31T21:21:56.197+0530] {processor.py:840} INFO - DAG(s) 'spark_sgp4_streaming' retrieved from /opt/airflow/dags/airflow_dag_spark_streaming.py
[2026-01-31T21:21:56.250+0530] {logging_mixin.py:188} INFO - [2026-01-31T21:21:56.250+0530] {dag.py:3036} INFO - Sync 1 DAGs
[2026-01-31T21:21:56.271+0530] {logging_mixin.py:188} INFO - [2026-01-31T21:21:56.270+0530] {dag.py:3823} INFO - Setting next_dagrun for spark_sgp4_streaming to None, run_after=None
[2026-01-31T21:21:56.293+0530] {processor.py:183} INFO - Processing /opt/airflow/dags/airflow_dag_spark_streaming.py took 0.139 seconds
[2026-01-31T21:22:26.447+0530] {processor.py:161} INFO - Started process (PID=1063) to work on /opt/airflow/dags/airflow_dag_spark_streaming.py
[2026-01-31T21:22:26.448+0530] {processor.py:830} INFO - Processing file /opt/airflow/dags/airflow_dag_spark_streaming.py for tasks to queue
[2026-01-31T21:22:26.450+0530] {logging_mixin.py:188} INFO - [2026-01-31T21:22:26.449+0530] {dagbag.py:538} INFO - Filling up the DagBag from /opt/airflow/dags/airflow_dag_spark_streaming.py
[2026-01-31T21:22:26.475+0530] {processor.py:840} INFO - DAG(s) 'spark_sgp4_streaming' retrieved from /opt/airflow/dags/airflow_dag_spark_streaming.py
[2026-01-31T21:22:26.522+0530] {logging_mixin.py:188} INFO - [2026-01-31T21:22:26.522+0530] {dag.py:3036} INFO - Sync 1 DAGs
[2026-01-31T21:22:26.550+0530] {logging_mixin.py:188} INFO - [2026-01-31T21:22:26.550+0530] {dag.py:3823} INFO - Setting next_dagrun for spark_sgp4_streaming to None, run_after=None
[2026-01-31T21:22:26.574+0530] {processor.py:183} INFO - Processing /opt/airflow/dags/airflow_dag_spark_streaming.py took 0.135 seconds
[2026-01-31T21:22:56.740+0530] {processor.py:161} INFO - Started process (PID=1073) to work on /opt/airflow/dags/airflow_dag_spark_streaming.py
[2026-01-31T21:22:56.742+0530] {processor.py:830} INFO - Processing file /opt/airflow/dags/airflow_dag_spark_streaming.py for tasks to queue
[2026-01-31T21:22:56.744+0530] {logging_mixin.py:188} INFO - [2026-01-31T21:22:56.743+0530] {dagbag.py:538} INFO - Filling up the DagBag from /opt/airflow/dags/airflow_dag_spark_streaming.py
[2026-01-31T21:22:56.794+0530] {processor.py:840} INFO - DAG(s) 'spark_sgp4_streaming' retrieved from /opt/airflow/dags/airflow_dag_spark_streaming.py
[2026-01-31T21:22:56.855+0530] {logging_mixin.py:188} INFO - [2026-01-31T21:22:56.855+0530] {dag.py:3036} INFO - Sync 1 DAGs
[2026-01-31T21:22:56.886+0530] {logging_mixin.py:188} INFO - [2026-01-31T21:22:56.886+0530] {dag.py:3823} INFO - Setting next_dagrun for spark_sgp4_streaming to None, run_after=None
[2026-01-31T21:22:56.920+0530] {processor.py:183} INFO - Processing /opt/airflow/dags/airflow_dag_spark_streaming.py took 0.191 seconds
[2026-01-31T21:23:27.077+0530] {processor.py:161} INFO - Started process (PID=1083) to work on /opt/airflow/dags/airflow_dag_spark_streaming.py
[2026-01-31T21:23:27.078+0530] {processor.py:830} INFO - Processing file /opt/airflow/dags/airflow_dag_spark_streaming.py for tasks to queue
[2026-01-31T21:23:27.080+0530] {logging_mixin.py:188} INFO - [2026-01-31T21:23:27.079+0530] {dagbag.py:538} INFO - Filling up the DagBag from /opt/airflow/dags/airflow_dag_spark_streaming.py
[2026-01-31T21:23:27.100+0530] {processor.py:840} INFO - DAG(s) 'spark_sgp4_streaming' retrieved from /opt/airflow/dags/airflow_dag_spark_streaming.py
[2026-01-31T21:23:27.155+0530] {logging_mixin.py:188} INFO - [2026-01-31T21:23:27.155+0530] {dag.py:3036} INFO - Sync 1 DAGs
[2026-01-31T21:23:27.177+0530] {logging_mixin.py:188} INFO - [2026-01-31T21:23:27.176+0530] {dag.py:3823} INFO - Setting next_dagrun for spark_sgp4_streaming to None, run_after=None
[2026-01-31T21:23:27.203+0530] {processor.py:183} INFO - Processing /opt/airflow/dags/airflow_dag_spark_streaming.py took 0.132 seconds
[2026-01-31T21:23:57.426+0530] {processor.py:161} INFO - Started process (PID=1093) to work on /opt/airflow/dags/airflow_dag_spark_streaming.py
[2026-01-31T21:23:57.427+0530] {processor.py:830} INFO - Processing file /opt/airflow/dags/airflow_dag_spark_streaming.py for tasks to queue
[2026-01-31T21:23:57.429+0530] {logging_mixin.py:188} INFO - [2026-01-31T21:23:57.428+0530] {dagbag.py:538} INFO - Filling up the DagBag from /opt/airflow/dags/airflow_dag_spark_streaming.py
[2026-01-31T21:23:57.452+0530] {processor.py:840} INFO - DAG(s) 'spark_sgp4_streaming' retrieved from /opt/airflow/dags/airflow_dag_spark_streaming.py
[2026-01-31T21:23:57.498+0530] {logging_mixin.py:188} INFO - [2026-01-31T21:23:57.497+0530] {dag.py:3036} INFO - Sync 1 DAGs
[2026-01-31T21:23:57.525+0530] {logging_mixin.py:188} INFO - [2026-01-31T21:23:57.524+0530] {dag.py:3823} INFO - Setting next_dagrun for spark_sgp4_streaming to None, run_after=None
[2026-01-31T21:23:57.550+0530] {processor.py:183} INFO - Processing /opt/airflow/dags/airflow_dag_spark_streaming.py took 0.131 seconds
[2026-01-31T21:24:27.720+0530] {processor.py:161} INFO - Started process (PID=1103) to work on /opt/airflow/dags/airflow_dag_spark_streaming.py
[2026-01-31T21:24:27.721+0530] {processor.py:830} INFO - Processing file /opt/airflow/dags/airflow_dag_spark_streaming.py for tasks to queue
[2026-01-31T21:24:27.724+0530] {logging_mixin.py:188} INFO - [2026-01-31T21:24:27.722+0530] {dagbag.py:538} INFO - Filling up the DagBag from /opt/airflow/dags/airflow_dag_spark_streaming.py
[2026-01-31T21:24:27.780+0530] {processor.py:840} INFO - DAG(s) 'spark_sgp4_streaming' retrieved from /opt/airflow/dags/airflow_dag_spark_streaming.py
[2026-01-31T21:24:27.857+0530] {logging_mixin.py:188} INFO - [2026-01-31T21:24:27.856+0530] {dag.py:3036} INFO - Sync 1 DAGs
[2026-01-31T21:24:27.884+0530] {logging_mixin.py:188} INFO - [2026-01-31T21:24:27.884+0530] {dag.py:3823} INFO - Setting next_dagrun for spark_sgp4_streaming to None, run_after=None
[2026-01-31T21:24:27.911+0530] {processor.py:183} INFO - Processing /opt/airflow/dags/airflow_dag_spark_streaming.py took 0.204 seconds
[2026-01-31T21:24:58.048+0530] {processor.py:161} INFO - Started process (PID=1113) to work on /opt/airflow/dags/airflow_dag_spark_streaming.py
[2026-01-31T21:24:58.049+0530] {processor.py:830} INFO - Processing file /opt/airflow/dags/airflow_dag_spark_streaming.py for tasks to queue
[2026-01-31T21:24:58.050+0530] {logging_mixin.py:188} INFO - [2026-01-31T21:24:58.050+0530] {dagbag.py:538} INFO - Filling up the DagBag from /opt/airflow/dags/airflow_dag_spark_streaming.py
[2026-01-31T21:24:58.067+0530] {processor.py:840} INFO - DAG(s) 'spark_sgp4_streaming' retrieved from /opt/airflow/dags/airflow_dag_spark_streaming.py
[2026-01-31T21:24:58.109+0530] {logging_mixin.py:188} INFO - [2026-01-31T21:24:58.109+0530] {dag.py:3036} INFO - Sync 1 DAGs
[2026-01-31T21:24:58.128+0530] {logging_mixin.py:188} INFO - [2026-01-31T21:24:58.127+0530] {dag.py:3823} INFO - Setting next_dagrun for spark_sgp4_streaming to None, run_after=None
[2026-01-31T21:24:58.151+0530] {processor.py:183} INFO - Processing /opt/airflow/dags/airflow_dag_spark_streaming.py took 0.107 seconds
[2026-01-31T21:25:28.306+0530] {processor.py:161} INFO - Started process (PID=1123) to work on /opt/airflow/dags/airflow_dag_spark_streaming.py
[2026-01-31T21:25:28.307+0530] {processor.py:830} INFO - Processing file /opt/airflow/dags/airflow_dag_spark_streaming.py for tasks to queue
[2026-01-31T21:25:28.310+0530] {logging_mixin.py:188} INFO - [2026-01-31T21:25:28.308+0530] {dagbag.py:538} INFO - Filling up the DagBag from /opt/airflow/dags/airflow_dag_spark_streaming.py
[2026-01-31T21:25:28.343+0530] {processor.py:840} INFO - DAG(s) 'spark_sgp4_streaming' retrieved from /opt/airflow/dags/airflow_dag_spark_streaming.py
[2026-01-31T21:25:28.403+0530] {logging_mixin.py:188} INFO - [2026-01-31T21:25:28.402+0530] {dag.py:3036} INFO - Sync 1 DAGs
[2026-01-31T21:25:28.426+0530] {logging_mixin.py:188} INFO - [2026-01-31T21:25:28.426+0530] {dag.py:3823} INFO - Setting next_dagrun for spark_sgp4_streaming to None, run_after=None
[2026-01-31T21:25:28.452+0530] {processor.py:183} INFO - Processing /opt/airflow/dags/airflow_dag_spark_streaming.py took 0.154 seconds
[2026-01-31T21:25:58.594+0530] {processor.py:161} INFO - Started process (PID=1133) to work on /opt/airflow/dags/airflow_dag_spark_streaming.py
[2026-01-31T21:25:58.597+0530] {processor.py:830} INFO - Processing file /opt/airflow/dags/airflow_dag_spark_streaming.py for tasks to queue
[2026-01-31T21:25:58.598+0530] {logging_mixin.py:188} INFO - [2026-01-31T21:25:58.597+0530] {dagbag.py:538} INFO - Filling up the DagBag from /opt/airflow/dags/airflow_dag_spark_streaming.py
[2026-01-31T21:25:58.611+0530] {processor.py:840} INFO - DAG(s) 'spark_sgp4_streaming' retrieved from /opt/airflow/dags/airflow_dag_spark_streaming.py
[2026-01-31T21:25:58.649+0530] {logging_mixin.py:188} INFO - [2026-01-31T21:25:58.649+0530] {dag.py:3036} INFO - Sync 1 DAGs
[2026-01-31T21:25:58.667+0530] {logging_mixin.py:188} INFO - [2026-01-31T21:25:58.667+0530] {dag.py:3823} INFO - Setting next_dagrun for spark_sgp4_streaming to None, run_after=None
[2026-01-31T21:25:58.690+0530] {processor.py:183} INFO - Processing /opt/airflow/dags/airflow_dag_spark_streaming.py took 0.100 seconds
[2026-01-31T21:26:28.835+0530] {processor.py:161} INFO - Started process (PID=1143) to work on /opt/airflow/dags/airflow_dag_spark_streaming.py
[2026-01-31T21:26:28.835+0530] {processor.py:830} INFO - Processing file /opt/airflow/dags/airflow_dag_spark_streaming.py for tasks to queue
[2026-01-31T21:26:28.837+0530] {logging_mixin.py:188} INFO - [2026-01-31T21:26:28.836+0530] {dagbag.py:538} INFO - Filling up the DagBag from /opt/airflow/dags/airflow_dag_spark_streaming.py
[2026-01-31T21:26:28.851+0530] {processor.py:840} INFO - DAG(s) 'spark_sgp4_streaming' retrieved from /opt/airflow/dags/airflow_dag_spark_streaming.py
[2026-01-31T21:26:28.887+0530] {logging_mixin.py:188} INFO - [2026-01-31T21:26:28.887+0530] {dag.py:3036} INFO - Sync 1 DAGs
[2026-01-31T21:26:28.905+0530] {logging_mixin.py:188} INFO - [2026-01-31T21:26:28.905+0530] {dag.py:3823} INFO - Setting next_dagrun for spark_sgp4_streaming to None, run_after=None
[2026-01-31T21:26:28.928+0530] {processor.py:183} INFO - Processing /opt/airflow/dags/airflow_dag_spark_streaming.py took 0.097 seconds
[2026-01-31T21:26:59.072+0530] {processor.py:161} INFO - Started process (PID=1153) to work on /opt/airflow/dags/airflow_dag_spark_streaming.py
[2026-01-31T21:26:59.073+0530] {processor.py:830} INFO - Processing file /opt/airflow/dags/airflow_dag_spark_streaming.py for tasks to queue
[2026-01-31T21:26:59.074+0530] {logging_mixin.py:188} INFO - [2026-01-31T21:26:59.073+0530] {dagbag.py:538} INFO - Filling up the DagBag from /opt/airflow/dags/airflow_dag_spark_streaming.py
[2026-01-31T21:26:59.087+0530] {processor.py:840} INFO - DAG(s) 'spark_sgp4_streaming' retrieved from /opt/airflow/dags/airflow_dag_spark_streaming.py
[2026-01-31T21:26:59.121+0530] {logging_mixin.py:188} INFO - [2026-01-31T21:26:59.121+0530] {dag.py:3036} INFO - Sync 1 DAGs
[2026-01-31T21:26:59.139+0530] {logging_mixin.py:188} INFO - [2026-01-31T21:26:59.139+0530] {dag.py:3823} INFO - Setting next_dagrun for spark_sgp4_streaming to None, run_after=None
[2026-01-31T21:26:59.160+0530] {processor.py:183} INFO - Processing /opt/airflow/dags/airflow_dag_spark_streaming.py took 0.092 seconds
[2026-01-31T21:27:29.305+0530] {processor.py:161} INFO - Started process (PID=1163) to work on /opt/airflow/dags/airflow_dag_spark_streaming.py
[2026-01-31T21:27:29.306+0530] {processor.py:830} INFO - Processing file /opt/airflow/dags/airflow_dag_spark_streaming.py for tasks to queue
[2026-01-31T21:27:29.307+0530] {logging_mixin.py:188} INFO - [2026-01-31T21:27:29.306+0530] {dagbag.py:538} INFO - Filling up the DagBag from /opt/airflow/dags/airflow_dag_spark_streaming.py
[2026-01-31T21:27:29.320+0530] {processor.py:840} INFO - DAG(s) 'spark_sgp4_streaming' retrieved from /opt/airflow/dags/airflow_dag_spark_streaming.py
[2026-01-31T21:27:29.359+0530] {logging_mixin.py:188} INFO - [2026-01-31T21:27:29.358+0530] {dag.py:3036} INFO - Sync 1 DAGs
[2026-01-31T21:27:29.379+0530] {logging_mixin.py:188} INFO - [2026-01-31T21:27:29.378+0530] {dag.py:3823} INFO - Setting next_dagrun for spark_sgp4_streaming to None, run_after=None
[2026-01-31T21:27:29.401+0530] {processor.py:183} INFO - Processing /opt/airflow/dags/airflow_dag_spark_streaming.py took 0.099 seconds
[2026-01-31T21:27:59.560+0530] {processor.py:161} INFO - Started process (PID=1173) to work on /opt/airflow/dags/airflow_dag_spark_streaming.py
[2026-01-31T21:27:59.561+0530] {processor.py:830} INFO - Processing file /opt/airflow/dags/airflow_dag_spark_streaming.py for tasks to queue
[2026-01-31T21:27:59.563+0530] {logging_mixin.py:188} INFO - [2026-01-31T21:27:59.562+0530] {dagbag.py:538} INFO - Filling up the DagBag from /opt/airflow/dags/airflow_dag_spark_streaming.py
[2026-01-31T21:27:59.583+0530] {processor.py:840} INFO - DAG(s) 'spark_sgp4_streaming' retrieved from /opt/airflow/dags/airflow_dag_spark_streaming.py
[2026-01-31T21:27:59.620+0530] {logging_mixin.py:188} INFO - [2026-01-31T21:27:59.619+0530] {dag.py:3036} INFO - Sync 1 DAGs
[2026-01-31T21:27:59.640+0530] {logging_mixin.py:188} INFO - [2026-01-31T21:27:59.639+0530] {dag.py:3823} INFO - Setting next_dagrun for spark_sgp4_streaming to None, run_after=None
[2026-01-31T21:27:59.667+0530] {processor.py:183} INFO - Processing /opt/airflow/dags/airflow_dag_spark_streaming.py took 0.114 seconds
[2026-01-31T21:28:29.819+0530] {processor.py:161} INFO - Started process (PID=1183) to work on /opt/airflow/dags/airflow_dag_spark_streaming.py
[2026-01-31T21:28:29.820+0530] {processor.py:830} INFO - Processing file /opt/airflow/dags/airflow_dag_spark_streaming.py for tasks to queue
[2026-01-31T21:28:29.821+0530] {logging_mixin.py:188} INFO - [2026-01-31T21:28:29.821+0530] {dagbag.py:538} INFO - Filling up the DagBag from /opt/airflow/dags/airflow_dag_spark_streaming.py
[2026-01-31T21:28:29.834+0530] {processor.py:840} INFO - DAG(s) 'spark_sgp4_streaming' retrieved from /opt/airflow/dags/airflow_dag_spark_streaming.py
[2026-01-31T21:28:29.874+0530] {logging_mixin.py:188} INFO - [2026-01-31T21:28:29.874+0530] {dag.py:3036} INFO - Sync 1 DAGs
[2026-01-31T21:28:29.891+0530] {logging_mixin.py:188} INFO - [2026-01-31T21:28:29.890+0530] {dag.py:3823} INFO - Setting next_dagrun for spark_sgp4_streaming to None, run_after=None
[2026-01-31T21:28:29.911+0530] {processor.py:183} INFO - Processing /opt/airflow/dags/airflow_dag_spark_streaming.py took 0.096 seconds
[2026-01-31T21:29:00.054+0530] {processor.py:161} INFO - Started process (PID=1193) to work on /opt/airflow/dags/airflow_dag_spark_streaming.py
[2026-01-31T21:29:00.055+0530] {processor.py:830} INFO - Processing file /opt/airflow/dags/airflow_dag_spark_streaming.py for tasks to queue
[2026-01-31T21:29:00.056+0530] {logging_mixin.py:188} INFO - [2026-01-31T21:29:00.055+0530] {dagbag.py:538} INFO - Filling up the DagBag from /opt/airflow/dags/airflow_dag_spark_streaming.py
[2026-01-31T21:29:00.070+0530] {processor.py:840} INFO - DAG(s) 'spark_sgp4_streaming' retrieved from /opt/airflow/dags/airflow_dag_spark_streaming.py
[2026-01-31T21:29:00.113+0530] {logging_mixin.py:188} INFO - [2026-01-31T21:29:00.113+0530] {dag.py:3036} INFO - Sync 1 DAGs
[2026-01-31T21:29:00.132+0530] {logging_mixin.py:188} INFO - [2026-01-31T21:29:00.131+0530] {dag.py:3823} INFO - Setting next_dagrun for spark_sgp4_streaming to None, run_after=None
[2026-01-31T21:29:00.152+0530] {processor.py:183} INFO - Processing /opt/airflow/dags/airflow_dag_spark_streaming.py took 0.103 seconds
[2026-01-31T21:29:30.294+0530] {processor.py:161} INFO - Started process (PID=1203) to work on /opt/airflow/dags/airflow_dag_spark_streaming.py
[2026-01-31T21:29:30.296+0530] {processor.py:830} INFO - Processing file /opt/airflow/dags/airflow_dag_spark_streaming.py for tasks to queue
[2026-01-31T21:29:30.297+0530] {logging_mixin.py:188} INFO - [2026-01-31T21:29:30.296+0530] {dagbag.py:538} INFO - Filling up the DagBag from /opt/airflow/dags/airflow_dag_spark_streaming.py
[2026-01-31T21:29:30.310+0530] {processor.py:840} INFO - DAG(s) 'spark_sgp4_streaming' retrieved from /opt/airflow/dags/airflow_dag_spark_streaming.py
[2026-01-31T21:29:30.347+0530] {logging_mixin.py:188} INFO - [2026-01-31T21:29:30.347+0530] {dag.py:3036} INFO - Sync 1 DAGs
[2026-01-31T21:29:30.364+0530] {logging_mixin.py:188} INFO - [2026-01-31T21:29:30.364+0530] {dag.py:3823} INFO - Setting next_dagrun for spark_sgp4_streaming to None, run_after=None
[2026-01-31T21:29:30.384+0530] {processor.py:183} INFO - Processing /opt/airflow/dags/airflow_dag_spark_streaming.py took 0.094 seconds
[2026-01-31T21:30:00.529+0530] {processor.py:161} INFO - Started process (PID=1213) to work on /opt/airflow/dags/airflow_dag_spark_streaming.py
[2026-01-31T21:30:00.530+0530] {processor.py:830} INFO - Processing file /opt/airflow/dags/airflow_dag_spark_streaming.py for tasks to queue
[2026-01-31T21:30:00.531+0530] {logging_mixin.py:188} INFO - [2026-01-31T21:30:00.531+0530] {dagbag.py:538} INFO - Filling up the DagBag from /opt/airflow/dags/airflow_dag_spark_streaming.py
[2026-01-31T21:30:00.553+0530] {processor.py:840} INFO - DAG(s) 'spark_sgp4_streaming' retrieved from /opt/airflow/dags/airflow_dag_spark_streaming.py
[2026-01-31T21:30:00.591+0530] {logging_mixin.py:188} INFO - [2026-01-31T21:30:00.591+0530] {dag.py:3036} INFO - Sync 1 DAGs
[2026-01-31T21:30:00.610+0530] {logging_mixin.py:188} INFO - [2026-01-31T21:30:00.609+0530] {dag.py:3823} INFO - Setting next_dagrun for spark_sgp4_streaming to None, run_after=None
[2026-01-31T21:30:00.636+0530] {processor.py:183} INFO - Processing /opt/airflow/dags/airflow_dag_spark_streaming.py took 0.110 seconds
[2026-01-31T21:30:30.788+0530] {processor.py:161} INFO - Started process (PID=1223) to work on /opt/airflow/dags/airflow_dag_spark_streaming.py
[2026-01-31T21:30:30.790+0530] {processor.py:830} INFO - Processing file /opt/airflow/dags/airflow_dag_spark_streaming.py for tasks to queue
[2026-01-31T21:30:30.791+0530] {logging_mixin.py:188} INFO - [2026-01-31T21:30:30.791+0530] {dagbag.py:538} INFO - Filling up the DagBag from /opt/airflow/dags/airflow_dag_spark_streaming.py
[2026-01-31T21:30:30.808+0530] {processor.py:840} INFO - DAG(s) 'spark_sgp4_streaming' retrieved from /opt/airflow/dags/airflow_dag_spark_streaming.py
[2026-01-31T21:30:30.847+0530] {logging_mixin.py:188} INFO - [2026-01-31T21:30:30.846+0530] {dag.py:3036} INFO - Sync 1 DAGs
[2026-01-31T21:30:30.864+0530] {logging_mixin.py:188} INFO - [2026-01-31T21:30:30.864+0530] {dag.py:3823} INFO - Setting next_dagrun for spark_sgp4_streaming to None, run_after=None
[2026-01-31T21:30:30.885+0530] {processor.py:183} INFO - Processing /opt/airflow/dags/airflow_dag_spark_streaming.py took 0.102 seconds
[2026-01-31T21:31:01.026+0530] {processor.py:161} INFO - Started process (PID=1233) to work on /opt/airflow/dags/airflow_dag_spark_streaming.py
[2026-01-31T21:31:01.029+0530] {processor.py:830} INFO - Processing file /opt/airflow/dags/airflow_dag_spark_streaming.py for tasks to queue
[2026-01-31T21:31:01.030+0530] {logging_mixin.py:188} INFO - [2026-01-31T21:31:01.030+0530] {dagbag.py:538} INFO - Filling up the DagBag from /opt/airflow/dags/airflow_dag_spark_streaming.py
[2026-01-31T21:31:01.044+0530] {processor.py:840} INFO - DAG(s) 'spark_sgp4_streaming' retrieved from /opt/airflow/dags/airflow_dag_spark_streaming.py
[2026-01-31T21:31:01.081+0530] {logging_mixin.py:188} INFO - [2026-01-31T21:31:01.080+0530] {dag.py:3036} INFO - Sync 1 DAGs
[2026-01-31T21:31:01.102+0530] {logging_mixin.py:188} INFO - [2026-01-31T21:31:01.102+0530] {dag.py:3823} INFO - Setting next_dagrun for spark_sgp4_streaming to None, run_after=None
[2026-01-31T21:31:01.121+0530] {processor.py:183} INFO - Processing /opt/airflow/dags/airflow_dag_spark_streaming.py took 0.101 seconds
[2026-01-31T21:31:31.263+0530] {processor.py:161} INFO - Started process (PID=1243) to work on /opt/airflow/dags/airflow_dag_spark_streaming.py
[2026-01-31T21:31:31.265+0530] {processor.py:830} INFO - Processing file /opt/airflow/dags/airflow_dag_spark_streaming.py for tasks to queue
[2026-01-31T21:31:31.266+0530] {logging_mixin.py:188} INFO - [2026-01-31T21:31:31.266+0530] {dagbag.py:538} INFO - Filling up the DagBag from /opt/airflow/dags/airflow_dag_spark_streaming.py
[2026-01-31T21:31:31.280+0530] {processor.py:840} INFO - DAG(s) 'spark_sgp4_streaming' retrieved from /opt/airflow/dags/airflow_dag_spark_streaming.py
[2026-01-31T21:31:31.316+0530] {logging_mixin.py:188} INFO - [2026-01-31T21:31:31.315+0530] {dag.py:3036} INFO - Sync 1 DAGs
[2026-01-31T21:31:31.332+0530] {logging_mixin.py:188} INFO - [2026-01-31T21:31:31.332+0530] {dag.py:3823} INFO - Setting next_dagrun for spark_sgp4_streaming to None, run_after=None
[2026-01-31T21:31:31.353+0530] {processor.py:183} INFO - Processing /opt/airflow/dags/airflow_dag_spark_streaming.py took 0.094 seconds
[2026-01-31T21:32:01.498+0530] {processor.py:161} INFO - Started process (PID=1253) to work on /opt/airflow/dags/airflow_dag_spark_streaming.py
[2026-01-31T21:32:01.500+0530] {processor.py:830} INFO - Processing file /opt/airflow/dags/airflow_dag_spark_streaming.py for tasks to queue
[2026-01-31T21:32:01.501+0530] {logging_mixin.py:188} INFO - [2026-01-31T21:32:01.500+0530] {dagbag.py:538} INFO - Filling up the DagBag from /opt/airflow/dags/airflow_dag_spark_streaming.py
[2026-01-31T21:32:01.515+0530] {processor.py:840} INFO - DAG(s) 'spark_sgp4_streaming' retrieved from /opt/airflow/dags/airflow_dag_spark_streaming.py
[2026-01-31T21:32:01.552+0530] {logging_mixin.py:188} INFO - [2026-01-31T21:32:01.551+0530] {dag.py:3036} INFO - Sync 1 DAGs
[2026-01-31T21:32:01.569+0530] {logging_mixin.py:188} INFO - [2026-01-31T21:32:01.569+0530] {dag.py:3823} INFO - Setting next_dagrun for spark_sgp4_streaming to None, run_after=None
[2026-01-31T21:32:01.588+0530] {processor.py:183} INFO - Processing /opt/airflow/dags/airflow_dag_spark_streaming.py took 0.095 seconds
[2026-01-31T21:32:31.741+0530] {processor.py:161} INFO - Started process (PID=1263) to work on /opt/airflow/dags/airflow_dag_spark_streaming.py
[2026-01-31T21:32:31.743+0530] {processor.py:830} INFO - Processing file /opt/airflow/dags/airflow_dag_spark_streaming.py for tasks to queue
[2026-01-31T21:32:31.744+0530] {logging_mixin.py:188} INFO - [2026-01-31T21:32:31.743+0530] {dagbag.py:538} INFO - Filling up the DagBag from /opt/airflow/dags/airflow_dag_spark_streaming.py
[2026-01-31T21:32:31.762+0530] {processor.py:840} INFO - DAG(s) 'spark_sgp4_streaming' retrieved from /opt/airflow/dags/airflow_dag_spark_streaming.py
[2026-01-31T21:32:31.799+0530] {logging_mixin.py:188} INFO - [2026-01-31T21:32:31.799+0530] {dag.py:3036} INFO - Sync 1 DAGs
[2026-01-31T21:32:31.822+0530] {logging_mixin.py:188} INFO - [2026-01-31T21:32:31.822+0530] {dag.py:3823} INFO - Setting next_dagrun for spark_sgp4_streaming to None, run_after=None
[2026-01-31T21:32:31.846+0530] {processor.py:183} INFO - Processing /opt/airflow/dags/airflow_dag_spark_streaming.py took 0.109 seconds
[2026-01-31T21:33:01.996+0530] {processor.py:161} INFO - Started process (PID=1273) to work on /opt/airflow/dags/airflow_dag_spark_streaming.py
[2026-01-31T21:33:01.998+0530] {processor.py:830} INFO - Processing file /opt/airflow/dags/airflow_dag_spark_streaming.py for tasks to queue
[2026-01-31T21:33:01.999+0530] {logging_mixin.py:188} INFO - [2026-01-31T21:33:01.999+0530] {dagbag.py:538} INFO - Filling up the DagBag from /opt/airflow/dags/airflow_dag_spark_streaming.py
[2026-01-31T21:33:02.014+0530] {processor.py:840} INFO - DAG(s) 'spark_sgp4_streaming' retrieved from /opt/airflow/dags/airflow_dag_spark_streaming.py
[2026-01-31T21:33:02.052+0530] {logging_mixin.py:188} INFO - [2026-01-31T21:33:02.052+0530] {dag.py:3036} INFO - Sync 1 DAGs
[2026-01-31T21:33:02.072+0530] {logging_mixin.py:188} INFO - [2026-01-31T21:33:02.071+0530] {dag.py:3823} INFO - Setting next_dagrun for spark_sgp4_streaming to None, run_after=None
[2026-01-31T21:33:02.093+0530] {processor.py:183} INFO - Processing /opt/airflow/dags/airflow_dag_spark_streaming.py took 0.101 seconds
[2026-01-31T21:33:32.238+0530] {processor.py:161} INFO - Started process (PID=1283) to work on /opt/airflow/dags/airflow_dag_spark_streaming.py
[2026-01-31T21:33:32.240+0530] {processor.py:830} INFO - Processing file /opt/airflow/dags/airflow_dag_spark_streaming.py for tasks to queue
[2026-01-31T21:33:32.241+0530] {logging_mixin.py:188} INFO - [2026-01-31T21:33:32.241+0530] {dagbag.py:538} INFO - Filling up the DagBag from /opt/airflow/dags/airflow_dag_spark_streaming.py
[2026-01-31T21:33:32.259+0530] {processor.py:840} INFO - DAG(s) 'spark_sgp4_streaming' retrieved from /opt/airflow/dags/airflow_dag_spark_streaming.py
[2026-01-31T21:33:32.299+0530] {logging_mixin.py:188} INFO - [2026-01-31T21:33:32.298+0530] {dag.py:3036} INFO - Sync 1 DAGs
[2026-01-31T21:33:32.317+0530] {logging_mixin.py:188} INFO - [2026-01-31T21:33:32.317+0530] {dag.py:3823} INFO - Setting next_dagrun for spark_sgp4_streaming to None, run_after=None
[2026-01-31T21:33:32.339+0530] {processor.py:183} INFO - Processing /opt/airflow/dags/airflow_dag_spark_streaming.py took 0.107 seconds
[2026-01-31T21:34:02.472+0530] {processor.py:161} INFO - Started process (PID=1293) to work on /opt/airflow/dags/airflow_dag_spark_streaming.py
[2026-01-31T21:34:02.473+0530] {processor.py:830} INFO - Processing file /opt/airflow/dags/airflow_dag_spark_streaming.py for tasks to queue
[2026-01-31T21:34:02.474+0530] {logging_mixin.py:188} INFO - [2026-01-31T21:34:02.474+0530] {dagbag.py:538} INFO - Filling up the DagBag from /opt/airflow/dags/airflow_dag_spark_streaming.py
[2026-01-31T21:34:02.488+0530] {processor.py:840} INFO - DAG(s) 'spark_sgp4_streaming' retrieved from /opt/airflow/dags/airflow_dag_spark_streaming.py
[2026-01-31T21:34:02.523+0530] {logging_mixin.py:188} INFO - [2026-01-31T21:34:02.522+0530] {dag.py:3036} INFO - Sync 1 DAGs
[2026-01-31T21:34:02.540+0530] {logging_mixin.py:188} INFO - [2026-01-31T21:34:02.540+0530] {dag.py:3823} INFO - Setting next_dagrun for spark_sgp4_streaming to None, run_after=None
[2026-01-31T21:34:02.561+0530] {processor.py:183} INFO - Processing /opt/airflow/dags/airflow_dag_spark_streaming.py took 0.093 seconds
[2026-01-31T21:34:32.712+0530] {processor.py:161} INFO - Started process (PID=1303) to work on /opt/airflow/dags/airflow_dag_spark_streaming.py
[2026-01-31T21:34:32.714+0530] {processor.py:830} INFO - Processing file /opt/airflow/dags/airflow_dag_spark_streaming.py for tasks to queue
[2026-01-31T21:34:32.716+0530] {logging_mixin.py:188} INFO - [2026-01-31T21:34:32.715+0530] {dagbag.py:538} INFO - Filling up the DagBag from /opt/airflow/dags/airflow_dag_spark_streaming.py
[2026-01-31T21:34:32.744+0530] {processor.py:840} INFO - DAG(s) 'spark_sgp4_streaming' retrieved from /opt/airflow/dags/airflow_dag_spark_streaming.py
[2026-01-31T21:34:32.794+0530] {logging_mixin.py:188} INFO - [2026-01-31T21:34:32.793+0530] {dag.py:3036} INFO - Sync 1 DAGs
[2026-01-31T21:34:32.818+0530] {logging_mixin.py:188} INFO - [2026-01-31T21:34:32.818+0530] {dag.py:3823} INFO - Setting next_dagrun for spark_sgp4_streaming to None, run_after=None
[2026-01-31T21:34:32.843+0530] {processor.py:183} INFO - Processing /opt/airflow/dags/airflow_dag_spark_streaming.py took 0.139 seconds
[2026-01-31T21:35:02.988+0530] {processor.py:161} INFO - Started process (PID=1313) to work on /opt/airflow/dags/airflow_dag_spark_streaming.py
[2026-01-31T21:35:02.990+0530] {processor.py:830} INFO - Processing file /opt/airflow/dags/airflow_dag_spark_streaming.py for tasks to queue
[2026-01-31T21:35:02.992+0530] {logging_mixin.py:188} INFO - [2026-01-31T21:35:02.991+0530] {dagbag.py:538} INFO - Filling up the DagBag from /opt/airflow/dags/airflow_dag_spark_streaming.py
[2026-01-31T21:35:03.016+0530] {processor.py:840} INFO - DAG(s) 'spark_sgp4_streaming' retrieved from /opt/airflow/dags/airflow_dag_spark_streaming.py
[2026-01-31T21:35:03.059+0530] {logging_mixin.py:188} INFO - [2026-01-31T21:35:03.059+0530] {dag.py:3036} INFO - Sync 1 DAGs
[2026-01-31T21:35:03.081+0530] {logging_mixin.py:188} INFO - [2026-01-31T21:35:03.081+0530] {dag.py:3823} INFO - Setting next_dagrun for spark_sgp4_streaming to None, run_after=None
[2026-01-31T21:35:03.105+0530] {processor.py:183} INFO - Processing /opt/airflow/dags/airflow_dag_spark_streaming.py took 0.122 seconds
[2026-01-31T21:35:33.267+0530] {processor.py:161} INFO - Started process (PID=1323) to work on /opt/airflow/dags/airflow_dag_spark_streaming.py
[2026-01-31T21:35:33.268+0530] {processor.py:830} INFO - Processing file /opt/airflow/dags/airflow_dag_spark_streaming.py for tasks to queue
[2026-01-31T21:35:33.269+0530] {logging_mixin.py:188} INFO - [2026-01-31T21:35:33.268+0530] {dagbag.py:538} INFO - Filling up the DagBag from /opt/airflow/dags/airflow_dag_spark_streaming.py
[2026-01-31T21:35:33.283+0530] {processor.py:840} INFO - DAG(s) 'spark_sgp4_streaming' retrieved from /opt/airflow/dags/airflow_dag_spark_streaming.py
[2026-01-31T21:35:33.319+0530] {logging_mixin.py:188} INFO - [2026-01-31T21:35:33.319+0530] {dag.py:3036} INFO - Sync 1 DAGs
[2026-01-31T21:35:33.345+0530] {logging_mixin.py:188} INFO - [2026-01-31T21:35:33.345+0530] {dag.py:3823} INFO - Setting next_dagrun for spark_sgp4_streaming to None, run_after=None
[2026-01-31T21:35:33.371+0530] {processor.py:183} INFO - Processing /opt/airflow/dags/airflow_dag_spark_streaming.py took 0.109 seconds
[2026-01-31T21:36:03.508+0530] {processor.py:161} INFO - Started process (PID=1333) to work on /opt/airflow/dags/airflow_dag_spark_streaming.py
[2026-01-31T21:36:03.509+0530] {processor.py:830} INFO - Processing file /opt/airflow/dags/airflow_dag_spark_streaming.py for tasks to queue
[2026-01-31T21:36:03.510+0530] {logging_mixin.py:188} INFO - [2026-01-31T21:36:03.510+0530] {dagbag.py:538} INFO - Filling up the DagBag from /opt/airflow/dags/airflow_dag_spark_streaming.py
[2026-01-31T21:36:03.522+0530] {processor.py:840} INFO - DAG(s) 'spark_sgp4_streaming' retrieved from /opt/airflow/dags/airflow_dag_spark_streaming.py
[2026-01-31T21:36:03.554+0530] {logging_mixin.py:188} INFO - [2026-01-31T21:36:03.553+0530] {dag.py:3036} INFO - Sync 1 DAGs
[2026-01-31T21:36:03.569+0530] {logging_mixin.py:188} INFO - [2026-01-31T21:36:03.568+0530] {dag.py:3823} INFO - Setting next_dagrun for spark_sgp4_streaming to None, run_after=None
[2026-01-31T21:36:03.586+0530] {processor.py:183} INFO - Processing /opt/airflow/dags/airflow_dag_spark_streaming.py took 0.082 seconds
[2026-01-31T21:36:33.724+0530] {processor.py:161} INFO - Started process (PID=1343) to work on /opt/airflow/dags/airflow_dag_spark_streaming.py
[2026-01-31T21:36:33.725+0530] {processor.py:830} INFO - Processing file /opt/airflow/dags/airflow_dag_spark_streaming.py for tasks to queue
[2026-01-31T21:36:33.727+0530] {logging_mixin.py:188} INFO - [2026-01-31T21:36:33.726+0530] {dagbag.py:538} INFO - Filling up the DagBag from /opt/airflow/dags/airflow_dag_spark_streaming.py
[2026-01-31T21:36:33.749+0530] {processor.py:840} INFO - DAG(s) 'spark_sgp4_streaming' retrieved from /opt/airflow/dags/airflow_dag_spark_streaming.py
[2026-01-31T21:36:33.790+0530] {logging_mixin.py:188} INFO - [2026-01-31T21:36:33.790+0530] {dag.py:3036} INFO - Sync 1 DAGs
[2026-01-31T21:36:33.810+0530] {logging_mixin.py:188} INFO - [2026-01-31T21:36:33.809+0530] {dag.py:3823} INFO - Setting next_dagrun for spark_sgp4_streaming to None, run_after=None
[2026-01-31T21:36:33.832+0530] {processor.py:183} INFO - Processing /opt/airflow/dags/airflow_dag_spark_streaming.py took 0.115 seconds
[2026-01-31T21:37:03.950+0530] {processor.py:161} INFO - Started process (PID=1353) to work on /opt/airflow/dags/airflow_dag_spark_streaming.py
[2026-01-31T21:37:03.951+0530] {processor.py:830} INFO - Processing file /opt/airflow/dags/airflow_dag_spark_streaming.py for tasks to queue
[2026-01-31T21:37:03.951+0530] {logging_mixin.py:188} INFO - [2026-01-31T21:37:03.951+0530] {dagbag.py:538} INFO - Filling up the DagBag from /opt/airflow/dags/airflow_dag_spark_streaming.py
[2026-01-31T21:37:03.962+0530] {processor.py:840} INFO - DAG(s) 'spark_sgp4_streaming' retrieved from /opt/airflow/dags/airflow_dag_spark_streaming.py
[2026-01-31T21:37:03.993+0530] {logging_mixin.py:188} INFO - [2026-01-31T21:37:03.993+0530] {dag.py:3036} INFO - Sync 1 DAGs
[2026-01-31T21:37:04.006+0530] {logging_mixin.py:188} INFO - [2026-01-31T21:37:04.006+0530] {dag.py:3823} INFO - Setting next_dagrun for spark_sgp4_streaming to None, run_after=None
[2026-01-31T21:37:04.022+0530] {processor.py:183} INFO - Processing /opt/airflow/dags/airflow_dag_spark_streaming.py took 0.075 seconds
[2026-01-31T21:37:34.142+0530] {processor.py:161} INFO - Started process (PID=1363) to work on /opt/airflow/dags/airflow_dag_spark_streaming.py
[2026-01-31T21:37:34.143+0530] {processor.py:830} INFO - Processing file /opt/airflow/dags/airflow_dag_spark_streaming.py for tasks to queue
[2026-01-31T21:37:34.144+0530] {logging_mixin.py:188} INFO - [2026-01-31T21:37:34.143+0530] {dagbag.py:538} INFO - Filling up the DagBag from /opt/airflow/dags/airflow_dag_spark_streaming.py
[2026-01-31T21:37:34.154+0530] {processor.py:840} INFO - DAG(s) 'spark_sgp4_streaming' retrieved from /opt/airflow/dags/airflow_dag_spark_streaming.py
[2026-01-31T21:37:34.184+0530] {logging_mixin.py:188} INFO - [2026-01-31T21:37:34.184+0530] {dag.py:3036} INFO - Sync 1 DAGs
[2026-01-31T21:37:34.198+0530] {logging_mixin.py:188} INFO - [2026-01-31T21:37:34.198+0530] {dag.py:3823} INFO - Setting next_dagrun for spark_sgp4_streaming to None, run_after=None
[2026-01-31T21:37:34.215+0530] {processor.py:183} INFO - Processing /opt/airflow/dags/airflow_dag_spark_streaming.py took 0.077 seconds
[2026-01-31T21:38:04.348+0530] {processor.py:161} INFO - Started process (PID=1373) to work on /opt/airflow/dags/airflow_dag_spark_streaming.py
[2026-01-31T21:38:04.349+0530] {processor.py:830} INFO - Processing file /opt/airflow/dags/airflow_dag_spark_streaming.py for tasks to queue
[2026-01-31T21:38:04.350+0530] {logging_mixin.py:188} INFO - [2026-01-31T21:38:04.350+0530] {dagbag.py:538} INFO - Filling up the DagBag from /opt/airflow/dags/airflow_dag_spark_streaming.py
[2026-01-31T21:38:04.367+0530] {processor.py:840} INFO - DAG(s) 'spark_sgp4_streaming' retrieved from /opt/airflow/dags/airflow_dag_spark_streaming.py
[2026-01-31T21:38:04.405+0530] {logging_mixin.py:188} INFO - [2026-01-31T21:38:04.404+0530] {dag.py:3036} INFO - Sync 1 DAGs
[2026-01-31T21:38:04.422+0530] {logging_mixin.py:188} INFO - [2026-01-31T21:38:04.422+0530] {dag.py:3823} INFO - Setting next_dagrun for spark_sgp4_streaming to None, run_after=None
[2026-01-31T21:38:04.444+0530] {processor.py:183} INFO - Processing /opt/airflow/dags/airflow_dag_spark_streaming.py took 0.101 seconds
[2026-01-31T21:38:34.582+0530] {processor.py:161} INFO - Started process (PID=1383) to work on /opt/airflow/dags/airflow_dag_spark_streaming.py
[2026-01-31T21:38:34.585+0530] {processor.py:830} INFO - Processing file /opt/airflow/dags/airflow_dag_spark_streaming.py for tasks to queue
[2026-01-31T21:38:34.586+0530] {logging_mixin.py:188} INFO - [2026-01-31T21:38:34.585+0530] {dagbag.py:538} INFO - Filling up the DagBag from /opt/airflow/dags/airflow_dag_spark_streaming.py
[2026-01-31T21:38:34.599+0530] {processor.py:840} INFO - DAG(s) 'spark_sgp4_streaming' retrieved from /opt/airflow/dags/airflow_dag_spark_streaming.py
[2026-01-31T21:38:34.640+0530] {logging_mixin.py:188} INFO - [2026-01-31T21:38:34.640+0530] {dag.py:3036} INFO - Sync 1 DAGs
[2026-01-31T21:38:34.658+0530] {logging_mixin.py:188} INFO - [2026-01-31T21:38:34.658+0530] {dag.py:3823} INFO - Setting next_dagrun for spark_sgp4_streaming to None, run_after=None
[2026-01-31T21:38:34.680+0530] {processor.py:183} INFO - Processing /opt/airflow/dags/airflow_dag_spark_streaming.py took 0.102 seconds
[2026-01-31T21:39:04.841+0530] {processor.py:161} INFO - Started process (PID=1393) to work on /opt/airflow/dags/airflow_dag_spark_streaming.py
[2026-01-31T21:39:04.843+0530] {processor.py:830} INFO - Processing file /opt/airflow/dags/airflow_dag_spark_streaming.py for tasks to queue
[2026-01-31T21:39:04.845+0530] {logging_mixin.py:188} INFO - [2026-01-31T21:39:04.844+0530] {dagbag.py:538} INFO - Filling up the DagBag from /opt/airflow/dags/airflow_dag_spark_streaming.py
[2026-01-31T21:39:04.884+0530] {processor.py:840} INFO - DAG(s) 'spark_sgp4_streaming' retrieved from /opt/airflow/dags/airflow_dag_spark_streaming.py
[2026-01-31T21:39:04.941+0530] {logging_mixin.py:188} INFO - [2026-01-31T21:39:04.941+0530] {dag.py:3036} INFO - Sync 1 DAGs
[2026-01-31T21:39:04.967+0530] {logging_mixin.py:188} INFO - [2026-01-31T21:39:04.967+0530] {dag.py:3823} INFO - Setting next_dagrun for spark_sgp4_streaming to None, run_after=None
[2026-01-31T21:39:05.004+0530] {processor.py:183} INFO - Processing /opt/airflow/dags/airflow_dag_spark_streaming.py took 0.174 seconds
[2026-01-31T21:39:35.162+0530] {processor.py:161} INFO - Started process (PID=1403) to work on /opt/airflow/dags/airflow_dag_spark_streaming.py
[2026-01-31T21:39:35.163+0530] {processor.py:830} INFO - Processing file /opt/airflow/dags/airflow_dag_spark_streaming.py for tasks to queue
[2026-01-31T21:39:35.165+0530] {logging_mixin.py:188} INFO - [2026-01-31T21:39:35.164+0530] {dagbag.py:538} INFO - Filling up the DagBag from /opt/airflow/dags/airflow_dag_spark_streaming.py
[2026-01-31T21:39:35.205+0530] {processor.py:840} INFO - DAG(s) 'spark_sgp4_streaming' retrieved from /opt/airflow/dags/airflow_dag_spark_streaming.py
[2026-01-31T21:39:35.272+0530] {logging_mixin.py:188} INFO - [2026-01-31T21:39:35.272+0530] {dag.py:3036} INFO - Sync 1 DAGs
[2026-01-31T21:39:35.297+0530] {logging_mixin.py:188} INFO - [2026-01-31T21:39:35.297+0530] {dag.py:3823} INFO - Setting next_dagrun for spark_sgp4_streaming to None, run_after=None
[2026-01-31T21:39:35.326+0530] {processor.py:183} INFO - Processing /opt/airflow/dags/airflow_dag_spark_streaming.py took 0.177 seconds
[2026-01-31T21:40:05.463+0530] {processor.py:161} INFO - Started process (PID=1413) to work on /opt/airflow/dags/airflow_dag_spark_streaming.py
[2026-01-31T21:40:05.464+0530] {processor.py:830} INFO - Processing file /opt/airflow/dags/airflow_dag_spark_streaming.py for tasks to queue
[2026-01-31T21:40:05.465+0530] {logging_mixin.py:188} INFO - [2026-01-31T21:40:05.464+0530] {dagbag.py:538} INFO - Filling up the DagBag from /opt/airflow/dags/airflow_dag_spark_streaming.py
[2026-01-31T21:40:05.479+0530] {processor.py:840} INFO - DAG(s) 'spark_sgp4_streaming' retrieved from /opt/airflow/dags/airflow_dag_spark_streaming.py
[2026-01-31T21:40:05.518+0530] {logging_mixin.py:188} INFO - [2026-01-31T21:40:05.518+0530] {dag.py:3036} INFO - Sync 1 DAGs
[2026-01-31T21:40:05.539+0530] {logging_mixin.py:188} INFO - [2026-01-31T21:40:05.538+0530] {dag.py:3823} INFO - Setting next_dagrun for spark_sgp4_streaming to None, run_after=None
[2026-01-31T21:40:05.560+0530] {processor.py:183} INFO - Processing /opt/airflow/dags/airflow_dag_spark_streaming.py took 0.101 seconds
[2026-01-31T21:40:35.719+0530] {processor.py:161} INFO - Started process (PID=1423) to work on /opt/airflow/dags/airflow_dag_spark_streaming.py
[2026-01-31T21:40:35.720+0530] {processor.py:830} INFO - Processing file /opt/airflow/dags/airflow_dag_spark_streaming.py for tasks to queue
[2026-01-31T21:40:35.721+0530] {logging_mixin.py:188} INFO - [2026-01-31T21:40:35.720+0530] {dagbag.py:538} INFO - Filling up the DagBag from /opt/airflow/dags/airflow_dag_spark_streaming.py
[2026-01-31T21:40:35.734+0530] {processor.py:840} INFO - DAG(s) 'spark_sgp4_streaming' retrieved from /opt/airflow/dags/airflow_dag_spark_streaming.py
[2026-01-31T21:40:35.771+0530] {logging_mixin.py:188} INFO - [2026-01-31T21:40:35.770+0530] {dag.py:3036} INFO - Sync 1 DAGs
[2026-01-31T21:40:35.793+0530] {logging_mixin.py:188} INFO - [2026-01-31T21:40:35.793+0530] {dag.py:3823} INFO - Setting next_dagrun for spark_sgp4_streaming to None, run_after=None
[2026-01-31T21:40:35.820+0530] {processor.py:183} INFO - Processing /opt/airflow/dags/airflow_dag_spark_streaming.py took 0.105 seconds
[2026-01-31T21:41:05.968+0530] {processor.py:161} INFO - Started process (PID=1433) to work on /opt/airflow/dags/airflow_dag_spark_streaming.py
[2026-01-31T21:41:05.970+0530] {processor.py:830} INFO - Processing file /opt/airflow/dags/airflow_dag_spark_streaming.py for tasks to queue
[2026-01-31T21:41:05.971+0530] {logging_mixin.py:188} INFO - [2026-01-31T21:41:05.971+0530] {dagbag.py:538} INFO - Filling up the DagBag from /opt/airflow/dags/airflow_dag_spark_streaming.py
[2026-01-31T21:41:05.985+0530] {processor.py:840} INFO - DAG(s) 'spark_sgp4_streaming' retrieved from /opt/airflow/dags/airflow_dag_spark_streaming.py
[2026-01-31T21:41:06.019+0530] {logging_mixin.py:188} INFO - [2026-01-31T21:41:06.019+0530] {dag.py:3036} INFO - Sync 1 DAGs
[2026-01-31T21:41:06.036+0530] {logging_mixin.py:188} INFO - [2026-01-31T21:41:06.036+0530] {dag.py:3823} INFO - Setting next_dagrun for spark_sgp4_streaming to None, run_after=None
[2026-01-31T21:41:06.055+0530] {processor.py:183} INFO - Processing /opt/airflow/dags/airflow_dag_spark_streaming.py took 0.092 seconds
[2026-01-31T21:41:36.190+0530] {processor.py:161} INFO - Started process (PID=1443) to work on /opt/airflow/dags/airflow_dag_spark_streaming.py
[2026-01-31T21:41:36.191+0530] {processor.py:830} INFO - Processing file /opt/airflow/dags/airflow_dag_spark_streaming.py for tasks to queue
[2026-01-31T21:41:36.192+0530] {logging_mixin.py:188} INFO - [2026-01-31T21:41:36.191+0530] {dagbag.py:538} INFO - Filling up the DagBag from /opt/airflow/dags/airflow_dag_spark_streaming.py
[2026-01-31T21:41:36.206+0530] {processor.py:840} INFO - DAG(s) 'spark_sgp4_streaming' retrieved from /opt/airflow/dags/airflow_dag_spark_streaming.py
[2026-01-31T21:41:36.242+0530] {logging_mixin.py:188} INFO - [2026-01-31T21:41:36.241+0530] {dag.py:3036} INFO - Sync 1 DAGs
[2026-01-31T21:41:36.259+0530] {logging_mixin.py:188} INFO - [2026-01-31T21:41:36.259+0530] {dag.py:3823} INFO - Setting next_dagrun for spark_sgp4_streaming to None, run_after=None
[2026-01-31T21:41:36.284+0530] {processor.py:183} INFO - Processing /opt/airflow/dags/airflow_dag_spark_streaming.py took 0.099 seconds
[2026-01-31T21:42:06.430+0530] {processor.py:161} INFO - Started process (PID=1453) to work on /opt/airflow/dags/airflow_dag_spark_streaming.py
[2026-01-31T21:42:06.435+0530] {processor.py:830} INFO - Processing file /opt/airflow/dags/airflow_dag_spark_streaming.py for tasks to queue
[2026-01-31T21:42:06.436+0530] {logging_mixin.py:188} INFO - [2026-01-31T21:42:06.436+0530] {dagbag.py:538} INFO - Filling up the DagBag from /opt/airflow/dags/airflow_dag_spark_streaming.py
[2026-01-31T21:42:06.450+0530] {processor.py:840} INFO - DAG(s) 'spark_sgp4_streaming' retrieved from /opt/airflow/dags/airflow_dag_spark_streaming.py
[2026-01-31T21:42:06.486+0530] {logging_mixin.py:188} INFO - [2026-01-31T21:42:06.486+0530] {dag.py:3036} INFO - Sync 1 DAGs
[2026-01-31T21:42:06.504+0530] {logging_mixin.py:188} INFO - [2026-01-31T21:42:06.503+0530] {dag.py:3823} INFO - Setting next_dagrun for spark_sgp4_streaming to None, run_after=None
[2026-01-31T21:42:06.524+0530] {processor.py:183} INFO - Processing /opt/airflow/dags/airflow_dag_spark_streaming.py took 0.098 seconds
[2026-01-31T21:42:36.666+0530] {processor.py:161} INFO - Started process (PID=1463) to work on /opt/airflow/dags/airflow_dag_spark_streaming.py
[2026-01-31T21:42:36.667+0530] {processor.py:830} INFO - Processing file /opt/airflow/dags/airflow_dag_spark_streaming.py for tasks to queue
[2026-01-31T21:42:36.668+0530] {logging_mixin.py:188} INFO - [2026-01-31T21:42:36.668+0530] {dagbag.py:538} INFO - Filling up the DagBag from /opt/airflow/dags/airflow_dag_spark_streaming.py
[2026-01-31T21:42:36.681+0530] {processor.py:840} INFO - DAG(s) 'spark_sgp4_streaming' retrieved from /opt/airflow/dags/airflow_dag_spark_streaming.py
[2026-01-31T21:42:36.717+0530] {logging_mixin.py:188} INFO - [2026-01-31T21:42:36.716+0530] {dag.py:3036} INFO - Sync 1 DAGs
[2026-01-31T21:42:36.734+0530] {logging_mixin.py:188} INFO - [2026-01-31T21:42:36.734+0530] {dag.py:3823} INFO - Setting next_dagrun for spark_sgp4_streaming to None, run_after=None
[2026-01-31T21:42:36.754+0530] {processor.py:183} INFO - Processing /opt/airflow/dags/airflow_dag_spark_streaming.py took 0.092 seconds
[2026-01-31T21:43:06.896+0530] {processor.py:161} INFO - Started process (PID=1473) to work on /opt/airflow/dags/airflow_dag_spark_streaming.py
[2026-01-31T21:43:06.897+0530] {processor.py:830} INFO - Processing file /opt/airflow/dags/airflow_dag_spark_streaming.py for tasks to queue
[2026-01-31T21:43:06.898+0530] {logging_mixin.py:188} INFO - [2026-01-31T21:43:06.897+0530] {dagbag.py:538} INFO - Filling up the DagBag from /opt/airflow/dags/airflow_dag_spark_streaming.py
[2026-01-31T21:43:06.910+0530] {processor.py:840} INFO - DAG(s) 'spark_sgp4_streaming' retrieved from /opt/airflow/dags/airflow_dag_spark_streaming.py
[2026-01-31T21:43:06.944+0530] {logging_mixin.py:188} INFO - [2026-01-31T21:43:06.944+0530] {dag.py:3036} INFO - Sync 1 DAGs
[2026-01-31T21:43:06.961+0530] {logging_mixin.py:188} INFO - [2026-01-31T21:43:06.961+0530] {dag.py:3823} INFO - Setting next_dagrun for spark_sgp4_streaming to None, run_after=None
[2026-01-31T21:43:06.985+0530] {processor.py:183} INFO - Processing /opt/airflow/dags/airflow_dag_spark_streaming.py took 0.093 seconds
[2026-01-31T21:43:37.125+0530] {processor.py:161} INFO - Started process (PID=1483) to work on /opt/airflow/dags/airflow_dag_spark_streaming.py
[2026-01-31T21:43:37.128+0530] {processor.py:830} INFO - Processing file /opt/airflow/dags/airflow_dag_spark_streaming.py for tasks to queue
[2026-01-31T21:43:37.129+0530] {logging_mixin.py:188} INFO - [2026-01-31T21:43:37.128+0530] {dagbag.py:538} INFO - Filling up the DagBag from /opt/airflow/dags/airflow_dag_spark_streaming.py
[2026-01-31T21:43:37.142+0530] {processor.py:840} INFO - DAG(s) 'spark_sgp4_streaming' retrieved from /opt/airflow/dags/airflow_dag_spark_streaming.py
[2026-01-31T21:43:37.178+0530] {logging_mixin.py:188} INFO - [2026-01-31T21:43:37.177+0530] {dag.py:3036} INFO - Sync 1 DAGs
[2026-01-31T21:43:37.195+0530] {logging_mixin.py:188} INFO - [2026-01-31T21:43:37.194+0530] {dag.py:3823} INFO - Setting next_dagrun for spark_sgp4_streaming to None, run_after=None
[2026-01-31T21:43:37.215+0530] {processor.py:183} INFO - Processing /opt/airflow/dags/airflow_dag_spark_streaming.py took 0.094 seconds
[2026-01-31T21:44:07.364+0530] {processor.py:161} INFO - Started process (PID=1493) to work on /opt/airflow/dags/airflow_dag_spark_streaming.py
[2026-01-31T21:44:07.367+0530] {processor.py:830} INFO - Processing file /opt/airflow/dags/airflow_dag_spark_streaming.py for tasks to queue
[2026-01-31T21:44:07.368+0530] {logging_mixin.py:188} INFO - [2026-01-31T21:44:07.367+0530] {dagbag.py:538} INFO - Filling up the DagBag from /opt/airflow/dags/airflow_dag_spark_streaming.py
[2026-01-31T21:44:07.381+0530] {processor.py:840} INFO - DAG(s) 'spark_sgp4_streaming' retrieved from /opt/airflow/dags/airflow_dag_spark_streaming.py
[2026-01-31T21:44:07.419+0530] {logging_mixin.py:188} INFO - [2026-01-31T21:44:07.419+0530] {dag.py:3036} INFO - Sync 1 DAGs
[2026-01-31T21:44:07.437+0530] {logging_mixin.py:188} INFO - [2026-01-31T21:44:07.437+0530] {dag.py:3823} INFO - Setting next_dagrun for spark_sgp4_streaming to None, run_after=None
[2026-01-31T21:44:07.457+0530] {processor.py:183} INFO - Processing /opt/airflow/dags/airflow_dag_spark_streaming.py took 0.097 seconds
[2026-01-31T21:44:37.595+0530] {processor.py:161} INFO - Started process (PID=1503) to work on /opt/airflow/dags/airflow_dag_spark_streaming.py
[2026-01-31T21:44:37.597+0530] {processor.py:830} INFO - Processing file /opt/airflow/dags/airflow_dag_spark_streaming.py for tasks to queue
[2026-01-31T21:44:37.598+0530] {logging_mixin.py:188} INFO - [2026-01-31T21:44:37.598+0530] {dagbag.py:538} INFO - Filling up the DagBag from /opt/airflow/dags/airflow_dag_spark_streaming.py
[2026-01-31T21:44:37.612+0530] {processor.py:840} INFO - DAG(s) 'spark_sgp4_streaming' retrieved from /opt/airflow/dags/airflow_dag_spark_streaming.py
[2026-01-31T21:44:37.649+0530] {logging_mixin.py:188} INFO - [2026-01-31T21:44:37.649+0530] {dag.py:3036} INFO - Sync 1 DAGs
[2026-01-31T21:44:37.666+0530] {logging_mixin.py:188} INFO - [2026-01-31T21:44:37.665+0530] {dag.py:3823} INFO - Setting next_dagrun for spark_sgp4_streaming to None, run_after=None
[2026-01-31T21:44:37.686+0530] {processor.py:183} INFO - Processing /opt/airflow/dags/airflow_dag_spark_streaming.py took 0.095 seconds
[2026-01-31T21:45:07.827+0530] {processor.py:161} INFO - Started process (PID=1513) to work on /opt/airflow/dags/airflow_dag_spark_streaming.py
[2026-01-31T21:45:07.828+0530] {processor.py:830} INFO - Processing file /opt/airflow/dags/airflow_dag_spark_streaming.py for tasks to queue
[2026-01-31T21:45:07.829+0530] {logging_mixin.py:188} INFO - [2026-01-31T21:45:07.828+0530] {dagbag.py:538} INFO - Filling up the DagBag from /opt/airflow/dags/airflow_dag_spark_streaming.py
[2026-01-31T21:45:07.844+0530] {processor.py:840} INFO - DAG(s) 'spark_sgp4_streaming' retrieved from /opt/airflow/dags/airflow_dag_spark_streaming.py
[2026-01-31T21:45:07.884+0530] {logging_mixin.py:188} INFO - [2026-01-31T21:45:07.883+0530] {dag.py:3036} INFO - Sync 1 DAGs
[2026-01-31T21:45:07.903+0530] {logging_mixin.py:188} INFO - [2026-01-31T21:45:07.902+0530] {dag.py:3823} INFO - Setting next_dagrun for spark_sgp4_streaming to None, run_after=None
[2026-01-31T21:45:07.926+0530] {processor.py:183} INFO - Processing /opt/airflow/dags/airflow_dag_spark_streaming.py took 0.104 seconds
[2026-01-31T21:45:38.085+0530] {processor.py:161} INFO - Started process (PID=1523) to work on /opt/airflow/dags/airflow_dag_spark_streaming.py
[2026-01-31T21:45:38.086+0530] {processor.py:830} INFO - Processing file /opt/airflow/dags/airflow_dag_spark_streaming.py for tasks to queue
[2026-01-31T21:45:38.088+0530] {logging_mixin.py:188} INFO - [2026-01-31T21:45:38.087+0530] {dagbag.py:538} INFO - Filling up the DagBag from /opt/airflow/dags/airflow_dag_spark_streaming.py
[2026-01-31T21:45:38.114+0530] {processor.py:840} INFO - DAG(s) 'spark_sgp4_streaming' retrieved from /opt/airflow/dags/airflow_dag_spark_streaming.py
[2026-01-31T21:45:38.156+0530] {logging_mixin.py:188} INFO - [2026-01-31T21:45:38.156+0530] {dag.py:3036} INFO - Sync 1 DAGs
[2026-01-31T21:45:38.176+0530] {logging_mixin.py:188} INFO - [2026-01-31T21:45:38.176+0530] {dag.py:3823} INFO - Setting next_dagrun for spark_sgp4_streaming to None, run_after=None
[2026-01-31T21:45:38.201+0530] {processor.py:183} INFO - Processing /opt/airflow/dags/airflow_dag_spark_streaming.py took 0.123 seconds
[2026-01-31T21:46:08.354+0530] {processor.py:161} INFO - Started process (PID=1533) to work on /opt/airflow/dags/airflow_dag_spark_streaming.py
[2026-01-31T21:46:08.355+0530] {processor.py:830} INFO - Processing file /opt/airflow/dags/airflow_dag_spark_streaming.py for tasks to queue
[2026-01-31T21:46:08.357+0530] {logging_mixin.py:188} INFO - [2026-01-31T21:46:08.356+0530] {dagbag.py:538} INFO - Filling up the DagBag from /opt/airflow/dags/airflow_dag_spark_streaming.py
[2026-01-31T21:46:08.383+0530] {processor.py:840} INFO - DAG(s) 'spark_sgp4_streaming' retrieved from /opt/airflow/dags/airflow_dag_spark_streaming.py
[2026-01-31T21:46:08.431+0530] {logging_mixin.py:188} INFO - [2026-01-31T21:46:08.431+0530] {dag.py:3036} INFO - Sync 1 DAGs
[2026-01-31T21:46:08.465+0530] {logging_mixin.py:188} INFO - [2026-01-31T21:46:08.464+0530] {dag.py:3823} INFO - Setting next_dagrun for spark_sgp4_streaming to None, run_after=None
[2026-01-31T21:46:08.497+0530] {processor.py:183} INFO - Processing /opt/airflow/dags/airflow_dag_spark_streaming.py took 0.151 seconds
[2026-01-31T21:46:38.653+0530] {processor.py:161} INFO - Started process (PID=1543) to work on /opt/airflow/dags/airflow_dag_spark_streaming.py
[2026-01-31T21:46:38.655+0530] {processor.py:830} INFO - Processing file /opt/airflow/dags/airflow_dag_spark_streaming.py for tasks to queue
[2026-01-31T21:46:38.656+0530] {logging_mixin.py:188} INFO - [2026-01-31T21:46:38.655+0530] {dagbag.py:538} INFO - Filling up the DagBag from /opt/airflow/dags/airflow_dag_spark_streaming.py
[2026-01-31T21:46:38.671+0530] {processor.py:840} INFO - DAG(s) 'spark_sgp4_streaming' retrieved from /opt/airflow/dags/airflow_dag_spark_streaming.py
[2026-01-31T21:46:38.709+0530] {logging_mixin.py:188} INFO - [2026-01-31T21:46:38.709+0530] {dag.py:3036} INFO - Sync 1 DAGs
[2026-01-31T21:46:38.731+0530] {logging_mixin.py:188} INFO - [2026-01-31T21:46:38.731+0530] {dag.py:3823} INFO - Setting next_dagrun for spark_sgp4_streaming to None, run_after=None
[2026-01-31T21:46:38.755+0530] {processor.py:183} INFO - Processing /opt/airflow/dags/airflow_dag_spark_streaming.py took 0.106 seconds
[2026-01-31T21:47:08.907+0530] {processor.py:161} INFO - Started process (PID=1553) to work on /opt/airflow/dags/airflow_dag_spark_streaming.py
[2026-01-31T21:47:08.908+0530] {processor.py:830} INFO - Processing file /opt/airflow/dags/airflow_dag_spark_streaming.py for tasks to queue
[2026-01-31T21:47:08.910+0530] {logging_mixin.py:188} INFO - [2026-01-31T21:47:08.909+0530] {dagbag.py:538} INFO - Filling up the DagBag from /opt/airflow/dags/airflow_dag_spark_streaming.py
[2026-01-31T21:47:08.928+0530] {processor.py:840} INFO - DAG(s) 'spark_sgp4_streaming' retrieved from /opt/airflow/dags/airflow_dag_spark_streaming.py
[2026-01-31T21:47:08.964+0530] {logging_mixin.py:188} INFO - [2026-01-31T21:47:08.964+0530] {dag.py:3036} INFO - Sync 1 DAGs
[2026-01-31T21:47:08.981+0530] {logging_mixin.py:188} INFO - [2026-01-31T21:47:08.981+0530] {dag.py:3823} INFO - Setting next_dagrun for spark_sgp4_streaming to None, run_after=None
[2026-01-31T21:47:09.001+0530] {processor.py:183} INFO - Processing /opt/airflow/dags/airflow_dag_spark_streaming.py took 0.099 seconds
[2026-01-31T21:47:39.141+0530] {processor.py:161} INFO - Started process (PID=1563) to work on /opt/airflow/dags/airflow_dag_spark_streaming.py
[2026-01-31T21:47:39.142+0530] {processor.py:830} INFO - Processing file /opt/airflow/dags/airflow_dag_spark_streaming.py for tasks to queue
[2026-01-31T21:47:39.143+0530] {logging_mixin.py:188} INFO - [2026-01-31T21:47:39.142+0530] {dagbag.py:538} INFO - Filling up the DagBag from /opt/airflow/dags/airflow_dag_spark_streaming.py
[2026-01-31T21:47:39.156+0530] {processor.py:840} INFO - DAG(s) 'spark_sgp4_streaming' retrieved from /opt/airflow/dags/airflow_dag_spark_streaming.py
[2026-01-31T21:47:39.193+0530] {logging_mixin.py:188} INFO - [2026-01-31T21:47:39.193+0530] {dag.py:3036} INFO - Sync 1 DAGs
[2026-01-31T21:47:39.212+0530] {logging_mixin.py:188} INFO - [2026-01-31T21:47:39.211+0530] {dag.py:3823} INFO - Setting next_dagrun for spark_sgp4_streaming to None, run_after=None
[2026-01-31T21:47:39.235+0530] {processor.py:183} INFO - Processing /opt/airflow/dags/airflow_dag_spark_streaming.py took 0.098 seconds
[2026-01-31T21:48:09.385+0530] {processor.py:161} INFO - Started process (PID=1573) to work on /opt/airflow/dags/airflow_dag_spark_streaming.py
[2026-01-31T21:48:09.387+0530] {processor.py:830} INFO - Processing file /opt/airflow/dags/airflow_dag_spark_streaming.py for tasks to queue
[2026-01-31T21:48:09.389+0530] {logging_mixin.py:188} INFO - [2026-01-31T21:48:09.388+0530] {dagbag.py:538} INFO - Filling up the DagBag from /opt/airflow/dags/airflow_dag_spark_streaming.py
[2026-01-31T21:48:09.402+0530] {processor.py:840} INFO - DAG(s) 'spark_sgp4_streaming' retrieved from /opt/airflow/dags/airflow_dag_spark_streaming.py
[2026-01-31T21:48:09.438+0530] {logging_mixin.py:188} INFO - [2026-01-31T21:48:09.438+0530] {dag.py:3036} INFO - Sync 1 DAGs
[2026-01-31T21:48:09.457+0530] {logging_mixin.py:188} INFO - [2026-01-31T21:48:09.456+0530] {dag.py:3823} INFO - Setting next_dagrun for spark_sgp4_streaming to None, run_after=None
[2026-01-31T21:48:09.478+0530] {processor.py:183} INFO - Processing /opt/airflow/dags/airflow_dag_spark_streaming.py took 0.097 seconds
[2026-01-31T21:48:39.626+0530] {processor.py:161} INFO - Started process (PID=1583) to work on /opt/airflow/dags/airflow_dag_spark_streaming.py
[2026-01-31T21:48:39.627+0530] {processor.py:830} INFO - Processing file /opt/airflow/dags/airflow_dag_spark_streaming.py for tasks to queue
[2026-01-31T21:48:39.628+0530] {logging_mixin.py:188} INFO - [2026-01-31T21:48:39.628+0530] {dagbag.py:538} INFO - Filling up the DagBag from /opt/airflow/dags/airflow_dag_spark_streaming.py
[2026-01-31T21:48:39.642+0530] {processor.py:840} INFO - DAG(s) 'spark_sgp4_streaming' retrieved from /opt/airflow/dags/airflow_dag_spark_streaming.py
[2026-01-31T21:48:39.681+0530] {logging_mixin.py:188} INFO - [2026-01-31T21:48:39.680+0530] {dag.py:3036} INFO - Sync 1 DAGs
[2026-01-31T21:48:39.702+0530] {logging_mixin.py:188} INFO - [2026-01-31T21:48:39.702+0530] {dag.py:3823} INFO - Setting next_dagrun for spark_sgp4_streaming to None, run_after=None
[2026-01-31T21:48:39.722+0530] {processor.py:183} INFO - Processing /opt/airflow/dags/airflow_dag_spark_streaming.py took 0.100 seconds
[2026-01-31T21:49:09.860+0530] {processor.py:161} INFO - Started process (PID=1593) to work on /opt/airflow/dags/airflow_dag_spark_streaming.py
[2026-01-31T21:49:09.862+0530] {processor.py:830} INFO - Processing file /opt/airflow/dags/airflow_dag_spark_streaming.py for tasks to queue
[2026-01-31T21:49:09.863+0530] {logging_mixin.py:188} INFO - [2026-01-31T21:49:09.863+0530] {dagbag.py:538} INFO - Filling up the DagBag from /opt/airflow/dags/airflow_dag_spark_streaming.py
[2026-01-31T21:49:09.877+0530] {processor.py:840} INFO - DAG(s) 'spark_sgp4_streaming' retrieved from /opt/airflow/dags/airflow_dag_spark_streaming.py
[2026-01-31T21:49:09.922+0530] {logging_mixin.py:188} INFO - [2026-01-31T21:49:09.922+0530] {dag.py:3036} INFO - Sync 1 DAGs
[2026-01-31T21:49:09.939+0530] {logging_mixin.py:188} INFO - [2026-01-31T21:49:09.938+0530] {dag.py:3823} INFO - Setting next_dagrun for spark_sgp4_streaming to None, run_after=None
[2026-01-31T21:49:09.960+0530] {processor.py:183} INFO - Processing /opt/airflow/dags/airflow_dag_spark_streaming.py took 0.103 seconds
[2026-01-31T21:49:40.099+0530] {processor.py:161} INFO - Started process (PID=1603) to work on /opt/airflow/dags/airflow_dag_spark_streaming.py
[2026-01-31T21:49:40.100+0530] {processor.py:830} INFO - Processing file /opt/airflow/dags/airflow_dag_spark_streaming.py for tasks to queue
[2026-01-31T21:49:40.101+0530] {logging_mixin.py:188} INFO - [2026-01-31T21:49:40.100+0530] {dagbag.py:538} INFO - Filling up the DagBag from /opt/airflow/dags/airflow_dag_spark_streaming.py
[2026-01-31T21:49:40.114+0530] {processor.py:840} INFO - DAG(s) 'spark_sgp4_streaming' retrieved from /opt/airflow/dags/airflow_dag_spark_streaming.py
[2026-01-31T21:49:40.150+0530] {logging_mixin.py:188} INFO - [2026-01-31T21:49:40.150+0530] {dag.py:3036} INFO - Sync 1 DAGs
[2026-01-31T21:49:40.167+0530] {logging_mixin.py:188} INFO - [2026-01-31T21:49:40.167+0530] {dag.py:3823} INFO - Setting next_dagrun for spark_sgp4_streaming to None, run_after=None
[2026-01-31T21:49:40.188+0530] {processor.py:183} INFO - Processing /opt/airflow/dags/airflow_dag_spark_streaming.py took 0.093 seconds
[2026-01-31T21:50:10.329+0530] {processor.py:161} INFO - Started process (PID=1613) to work on /opt/airflow/dags/airflow_dag_spark_streaming.py
[2026-01-31T21:50:10.330+0530] {processor.py:830} INFO - Processing file /opt/airflow/dags/airflow_dag_spark_streaming.py for tasks to queue
[2026-01-31T21:50:10.331+0530] {logging_mixin.py:188} INFO - [2026-01-31T21:50:10.330+0530] {dagbag.py:538} INFO - Filling up the DagBag from /opt/airflow/dags/airflow_dag_spark_streaming.py
[2026-01-31T21:50:10.344+0530] {processor.py:840} INFO - DAG(s) 'spark_sgp4_streaming' retrieved from /opt/airflow/dags/airflow_dag_spark_streaming.py
[2026-01-31T21:50:10.382+0530] {logging_mixin.py:188} INFO - [2026-01-31T21:50:10.382+0530] {dag.py:3036} INFO - Sync 1 DAGs
[2026-01-31T21:50:10.400+0530] {logging_mixin.py:188} INFO - [2026-01-31T21:50:10.400+0530] {dag.py:3823} INFO - Setting next_dagrun for spark_sgp4_streaming to None, run_after=None
[2026-01-31T21:50:10.422+0530] {processor.py:183} INFO - Processing /opt/airflow/dags/airflow_dag_spark_streaming.py took 0.097 seconds
[2026-01-31T21:50:40.565+0530] {processor.py:161} INFO - Started process (PID=1623) to work on /opt/airflow/dags/airflow_dag_spark_streaming.py
[2026-01-31T21:50:40.567+0530] {processor.py:830} INFO - Processing file /opt/airflow/dags/airflow_dag_spark_streaming.py for tasks to queue
[2026-01-31T21:50:40.568+0530] {logging_mixin.py:188} INFO - [2026-01-31T21:50:40.568+0530] {dagbag.py:538} INFO - Filling up the DagBag from /opt/airflow/dags/airflow_dag_spark_streaming.py
[2026-01-31T21:50:40.582+0530] {processor.py:840} INFO - DAG(s) 'spark_sgp4_streaming' retrieved from /opt/airflow/dags/airflow_dag_spark_streaming.py
[2026-01-31T21:50:40.619+0530] {logging_mixin.py:188} INFO - [2026-01-31T21:50:40.619+0530] {dag.py:3036} INFO - Sync 1 DAGs
[2026-01-31T21:50:40.638+0530] {logging_mixin.py:188} INFO - [2026-01-31T21:50:40.638+0530] {dag.py:3823} INFO - Setting next_dagrun for spark_sgp4_streaming to None, run_after=None
[2026-01-31T21:50:40.658+0530] {processor.py:183} INFO - Processing /opt/airflow/dags/airflow_dag_spark_streaming.py took 0.098 seconds
[2026-01-31T21:51:10.841+0530] {processor.py:161} INFO - Started process (PID=1633) to work on /opt/airflow/dags/airflow_dag_spark_streaming.py
[2026-01-31T21:51:10.843+0530] {processor.py:830} INFO - Processing file /opt/airflow/dags/airflow_dag_spark_streaming.py for tasks to queue
[2026-01-31T21:51:10.845+0530] {logging_mixin.py:188} INFO - [2026-01-31T21:51:10.844+0530] {dagbag.py:538} INFO - Filling up the DagBag from /opt/airflow/dags/airflow_dag_spark_streaming.py
[2026-01-31T21:51:10.879+0530] {processor.py:840} INFO - DAG(s) 'spark_sgp4_streaming' retrieved from /opt/airflow/dags/airflow_dag_spark_streaming.py
[2026-01-31T21:51:10.939+0530] {logging_mixin.py:188} INFO - [2026-01-31T21:51:10.939+0530] {dag.py:3036} INFO - Sync 1 DAGs
[2026-01-31T21:51:10.963+0530] {logging_mixin.py:188} INFO - [2026-01-31T21:51:10.963+0530] {dag.py:3823} INFO - Setting next_dagrun for spark_sgp4_streaming to None, run_after=None
[2026-01-31T21:51:10.985+0530] {processor.py:183} INFO - Processing /opt/airflow/dags/airflow_dag_spark_streaming.py took 0.155 seconds
[2026-01-31T21:51:41.145+0530] {processor.py:161} INFO - Started process (PID=1643) to work on /opt/airflow/dags/airflow_dag_spark_streaming.py
[2026-01-31T21:51:41.147+0530] {processor.py:830} INFO - Processing file /opt/airflow/dags/airflow_dag_spark_streaming.py for tasks to queue
[2026-01-31T21:51:41.149+0530] {logging_mixin.py:188} INFO - [2026-01-31T21:51:41.148+0530] {dagbag.py:538} INFO - Filling up the DagBag from /opt/airflow/dags/airflow_dag_spark_streaming.py
[2026-01-31T21:51:41.181+0530] {processor.py:840} INFO - DAG(s) 'spark_sgp4_streaming' retrieved from /opt/airflow/dags/airflow_dag_spark_streaming.py
[2026-01-31T21:51:41.241+0530] {logging_mixin.py:188} INFO - [2026-01-31T21:51:41.240+0530] {dag.py:3036} INFO - Sync 1 DAGs
[2026-01-31T21:51:41.264+0530] {logging_mixin.py:188} INFO - [2026-01-31T21:51:41.264+0530] {dag.py:3823} INFO - Setting next_dagrun for spark_sgp4_streaming to None, run_after=None
[2026-01-31T21:51:41.287+0530] {processor.py:183} INFO - Processing /opt/airflow/dags/airflow_dag_spark_streaming.py took 0.153 seconds
[2026-01-31T21:52:11.419+0530] {processor.py:161} INFO - Started process (PID=1653) to work on /opt/airflow/dags/airflow_dag_spark_streaming.py
[2026-01-31T21:52:11.421+0530] {processor.py:830} INFO - Processing file /opt/airflow/dags/airflow_dag_spark_streaming.py for tasks to queue
[2026-01-31T21:52:11.423+0530] {logging_mixin.py:188} INFO - [2026-01-31T21:52:11.422+0530] {dagbag.py:538} INFO - Filling up the DagBag from /opt/airflow/dags/airflow_dag_spark_streaming.py
[2026-01-31T21:52:11.446+0530] {processor.py:840} INFO - DAG(s) 'spark_sgp4_streaming' retrieved from /opt/airflow/dags/airflow_dag_spark_streaming.py
[2026-01-31T21:52:11.486+0530] {logging_mixin.py:188} INFO - [2026-01-31T21:52:11.486+0530] {dag.py:3036} INFO - Sync 1 DAGs
[2026-01-31T21:52:11.505+0530] {logging_mixin.py:188} INFO - [2026-01-31T21:52:11.504+0530] {dag.py:3823} INFO - Setting next_dagrun for spark_sgp4_streaming to None, run_after=None
[2026-01-31T21:52:11.531+0530] {processor.py:183} INFO - Processing /opt/airflow/dags/airflow_dag_spark_streaming.py took 0.116 seconds
[2026-01-31T21:52:41.703+0530] {processor.py:161} INFO - Started process (PID=1663) to work on /opt/airflow/dags/airflow_dag_spark_streaming.py
[2026-01-31T21:52:41.705+0530] {processor.py:830} INFO - Processing file /opt/airflow/dags/airflow_dag_spark_streaming.py for tasks to queue
[2026-01-31T21:52:41.707+0530] {logging_mixin.py:188} INFO - [2026-01-31T21:52:41.706+0530] {dagbag.py:538} INFO - Filling up the DagBag from /opt/airflow/dags/airflow_dag_spark_streaming.py
[2026-01-31T21:52:41.744+0530] {processor.py:840} INFO - DAG(s) 'spark_sgp4_streaming' retrieved from /opt/airflow/dags/airflow_dag_spark_streaming.py
[2026-01-31T21:52:41.807+0530] {logging_mixin.py:188} INFO - [2026-01-31T21:52:41.806+0530] {dag.py:3036} INFO - Sync 1 DAGs
[2026-01-31T21:52:41.830+0530] {logging_mixin.py:188} INFO - [2026-01-31T21:52:41.830+0530] {dag.py:3823} INFO - Setting next_dagrun for spark_sgp4_streaming to None, run_after=None
[2026-01-31T21:52:41.852+0530] {processor.py:183} INFO - Processing /opt/airflow/dags/airflow_dag_spark_streaming.py took 0.162 seconds
[2026-01-31T21:53:12.007+0530] {processor.py:161} INFO - Started process (PID=1673) to work on /opt/airflow/dags/airflow_dag_spark_streaming.py
[2026-01-31T21:53:12.009+0530] {processor.py:830} INFO - Processing file /opt/airflow/dags/airflow_dag_spark_streaming.py for tasks to queue
[2026-01-31T21:53:12.011+0530] {logging_mixin.py:188} INFO - [2026-01-31T21:53:12.010+0530] {dagbag.py:538} INFO - Filling up the DagBag from /opt/airflow/dags/airflow_dag_spark_streaming.py
[2026-01-31T21:53:12.047+0530] {processor.py:840} INFO - DAG(s) 'spark_sgp4_streaming' retrieved from /opt/airflow/dags/airflow_dag_spark_streaming.py
[2026-01-31T21:53:12.104+0530] {logging_mixin.py:188} INFO - [2026-01-31T21:53:12.104+0530] {dag.py:3036} INFO - Sync 1 DAGs
[2026-01-31T21:53:12.125+0530] {logging_mixin.py:188} INFO - [2026-01-31T21:53:12.125+0530] {dag.py:3823} INFO - Setting next_dagrun for spark_sgp4_streaming to None, run_after=None
[2026-01-31T21:53:12.149+0530] {processor.py:183} INFO - Processing /opt/airflow/dags/airflow_dag_spark_streaming.py took 0.153 seconds
[2026-01-31T21:53:42.318+0530] {processor.py:161} INFO - Started process (PID=1683) to work on /opt/airflow/dags/airflow_dag_spark_streaming.py
[2026-01-31T21:53:42.320+0530] {processor.py:830} INFO - Processing file /opt/airflow/dags/airflow_dag_spark_streaming.py for tasks to queue
[2026-01-31T21:53:42.322+0530] {logging_mixin.py:188} INFO - [2026-01-31T21:53:42.321+0530] {dagbag.py:538} INFO - Filling up the DagBag from /opt/airflow/dags/airflow_dag_spark_streaming.py
[2026-01-31T21:53:42.364+0530] {processor.py:840} INFO - DAG(s) 'spark_sgp4_streaming' retrieved from /opt/airflow/dags/airflow_dag_spark_streaming.py
[2026-01-31T21:53:42.425+0530] {logging_mixin.py:188} INFO - [2026-01-31T21:53:42.425+0530] {dag.py:3036} INFO - Sync 1 DAGs
[2026-01-31T21:53:42.447+0530] {logging_mixin.py:188} INFO - [2026-01-31T21:53:42.447+0530] {dag.py:3823} INFO - Setting next_dagrun for spark_sgp4_streaming to None, run_after=None
[2026-01-31T21:53:42.471+0530] {processor.py:183} INFO - Processing /opt/airflow/dags/airflow_dag_spark_streaming.py took 0.166 seconds
[2026-01-31T21:54:12.686+0530] {processor.py:161} INFO - Started process (PID=1693) to work on /opt/airflow/dags/airflow_dag_spark_streaming.py
[2026-01-31T21:54:12.690+0530] {processor.py:830} INFO - Processing file /opt/airflow/dags/airflow_dag_spark_streaming.py for tasks to queue
[2026-01-31T21:54:12.693+0530] {logging_mixin.py:188} INFO - [2026-01-31T21:54:12.692+0530] {dagbag.py:538} INFO - Filling up the DagBag from /opt/airflow/dags/airflow_dag_spark_streaming.py
[2026-01-31T21:54:12.754+0530] {processor.py:840} INFO - DAG(s) 'spark_sgp4_streaming' retrieved from /opt/airflow/dags/airflow_dag_spark_streaming.py
[2026-01-31T21:54:12.855+0530] {logging_mixin.py:188} INFO - [2026-01-31T21:54:12.855+0530] {dag.py:3036} INFO - Sync 1 DAGs
[2026-01-31T21:54:12.888+0530] {logging_mixin.py:188} INFO - [2026-01-31T21:54:12.887+0530] {dag.py:3823} INFO - Setting next_dagrun for spark_sgp4_streaming to None, run_after=None
[2026-01-31T21:54:12.922+0530] {processor.py:183} INFO - Processing /opt/airflow/dags/airflow_dag_spark_streaming.py took 0.259 seconds
[2026-01-31T21:54:43.172+0530] {processor.py:161} INFO - Started process (PID=1703) to work on /opt/airflow/dags/airflow_dag_spark_streaming.py
[2026-01-31T21:54:43.175+0530] {processor.py:830} INFO - Processing file /opt/airflow/dags/airflow_dag_spark_streaming.py for tasks to queue
[2026-01-31T21:54:43.178+0530] {logging_mixin.py:188} INFO - [2026-01-31T21:54:43.177+0530] {dagbag.py:538} INFO - Filling up the DagBag from /opt/airflow/dags/airflow_dag_spark_streaming.py
[2026-01-31T21:54:43.268+0530] {processor.py:840} INFO - DAG(s) 'spark_sgp4_streaming' retrieved from /opt/airflow/dags/airflow_dag_spark_streaming.py
[2026-01-31T21:54:43.357+0530] {logging_mixin.py:188} INFO - [2026-01-31T21:54:43.356+0530] {dag.py:3036} INFO - Sync 1 DAGs
[2026-01-31T21:54:43.393+0530] {logging_mixin.py:188} INFO - [2026-01-31T21:54:43.393+0530] {dag.py:3823} INFO - Setting next_dagrun for spark_sgp4_streaming to None, run_after=None
[2026-01-31T21:54:43.426+0530] {processor.py:183} INFO - Processing /opt/airflow/dags/airflow_dag_spark_streaming.py took 0.280 seconds
[2026-01-31T21:55:13.698+0530] {processor.py:161} INFO - Started process (PID=1713) to work on /opt/airflow/dags/airflow_dag_spark_streaming.py
[2026-01-31T21:55:13.704+0530] {processor.py:830} INFO - Processing file /opt/airflow/dags/airflow_dag_spark_streaming.py for tasks to queue
[2026-01-31T21:55:13.709+0530] {logging_mixin.py:188} INFO - [2026-01-31T21:55:13.705+0530] {dagbag.py:538} INFO - Filling up the DagBag from /opt/airflow/dags/airflow_dag_spark_streaming.py
[2026-01-31T21:55:13.847+0530] {processor.py:840} INFO - DAG(s) 'spark_sgp4_streaming' retrieved from /opt/airflow/dags/airflow_dag_spark_streaming.py
[2026-01-31T21:55:14.170+0530] {logging_mixin.py:188} INFO - [2026-01-31T21:55:14.170+0530] {dag.py:3036} INFO - Sync 1 DAGs
[2026-01-31T21:55:14.263+0530] {logging_mixin.py:188} INFO - [2026-01-31T21:55:14.263+0530] {dag.py:3823} INFO - Setting next_dagrun for spark_sgp4_streaming to None, run_after=None
[2026-01-31T21:55:14.338+0530] {processor.py:183} INFO - Processing /opt/airflow/dags/airflow_dag_spark_streaming.py took 0.679 seconds
[2026-01-31T21:55:44.666+0530] {processor.py:161} INFO - Started process (PID=1723) to work on /opt/airflow/dags/airflow_dag_spark_streaming.py
[2026-01-31T21:55:44.668+0530] {processor.py:830} INFO - Processing file /opt/airflow/dags/airflow_dag_spark_streaming.py for tasks to queue
[2026-01-31T21:55:44.671+0530] {logging_mixin.py:188} INFO - [2026-01-31T21:55:44.669+0530] {dagbag.py:538} INFO - Filling up the DagBag from /opt/airflow/dags/airflow_dag_spark_streaming.py
[2026-01-31T21:55:44.721+0530] {processor.py:840} INFO - DAG(s) 'spark_sgp4_streaming' retrieved from /opt/airflow/dags/airflow_dag_spark_streaming.py
[2026-01-31T21:55:44.800+0530] {logging_mixin.py:188} INFO - [2026-01-31T21:55:44.800+0530] {dag.py:3036} INFO - Sync 1 DAGs
[2026-01-31T21:55:44.830+0530] {logging_mixin.py:188} INFO - [2026-01-31T21:55:44.830+0530] {dag.py:3823} INFO - Setting next_dagrun for spark_sgp4_streaming to None, run_after=None
[2026-01-31T21:55:44.861+0530] {processor.py:183} INFO - Processing /opt/airflow/dags/airflow_dag_spark_streaming.py took 0.208 seconds
[2026-01-31T21:56:15.077+0530] {processor.py:161} INFO - Started process (PID=1733) to work on /opt/airflow/dags/airflow_dag_spark_streaming.py
[2026-01-31T21:56:15.079+0530] {processor.py:830} INFO - Processing file /opt/airflow/dags/airflow_dag_spark_streaming.py for tasks to queue
[2026-01-31T21:56:15.082+0530] {logging_mixin.py:188} INFO - [2026-01-31T21:56:15.081+0530] {dagbag.py:538} INFO - Filling up the DagBag from /opt/airflow/dags/airflow_dag_spark_streaming.py
[2026-01-31T21:56:15.101+0530] {processor.py:840} INFO - DAG(s) 'spark_sgp4_streaming' retrieved from /opt/airflow/dags/airflow_dag_spark_streaming.py
[2026-01-31T21:56:15.152+0530] {logging_mixin.py:188} INFO - [2026-01-31T21:56:15.152+0530] {dag.py:3036} INFO - Sync 1 DAGs
[2026-01-31T21:56:15.177+0530] {logging_mixin.py:188} INFO - [2026-01-31T21:56:15.177+0530] {dag.py:3823} INFO - Setting next_dagrun for spark_sgp4_streaming to None, run_after=None
[2026-01-31T21:56:15.208+0530] {processor.py:183} INFO - Processing /opt/airflow/dags/airflow_dag_spark_streaming.py took 0.136 seconds
[2026-01-31T21:56:45.407+0530] {processor.py:161} INFO - Started process (PID=1743) to work on /opt/airflow/dags/airflow_dag_spark_streaming.py
[2026-01-31T21:56:45.409+0530] {processor.py:830} INFO - Processing file /opt/airflow/dags/airflow_dag_spark_streaming.py for tasks to queue
[2026-01-31T21:56:45.413+0530] {logging_mixin.py:188} INFO - [2026-01-31T21:56:45.411+0530] {dagbag.py:538} INFO - Filling up the DagBag from /opt/airflow/dags/airflow_dag_spark_streaming.py
[2026-01-31T21:56:45.509+0530] {processor.py:840} INFO - DAG(s) 'spark_sgp4_streaming' retrieved from /opt/airflow/dags/airflow_dag_spark_streaming.py
[2026-01-31T21:56:45.699+0530] {logging_mixin.py:188} INFO - [2026-01-31T21:56:45.699+0530] {dag.py:3036} INFO - Sync 1 DAGs
[2026-01-31T21:56:45.736+0530] {logging_mixin.py:188} INFO - [2026-01-31T21:56:45.736+0530] {dag.py:3823} INFO - Setting next_dagrun for spark_sgp4_streaming to None, run_after=None
[2026-01-31T21:56:45.773+0530] {processor.py:183} INFO - Processing /opt/airflow/dags/airflow_dag_spark_streaming.py took 0.389 seconds
[2026-01-31T21:57:15.854+0530] {processor.py:161} INFO - Started process (PID=1753) to work on /opt/airflow/dags/airflow_dag_spark_streaming.py
[2026-01-31T21:57:15.856+0530] {processor.py:830} INFO - Processing file /opt/airflow/dags/airflow_dag_spark_streaming.py for tasks to queue
[2026-01-31T21:57:15.858+0530] {logging_mixin.py:188} INFO - [2026-01-31T21:57:15.857+0530] {dagbag.py:538} INFO - Filling up the DagBag from /opt/airflow/dags/airflow_dag_spark_streaming.py
[2026-01-31T21:57:15.887+0530] {processor.py:840} INFO - DAG(s) 'spark_sgp4_streaming' retrieved from /opt/airflow/dags/airflow_dag_spark_streaming.py
[2026-01-31T21:57:15.947+0530] {logging_mixin.py:188} INFO - [2026-01-31T21:57:15.946+0530] {dag.py:3036} INFO - Sync 1 DAGs
[2026-01-31T21:57:15.976+0530] {logging_mixin.py:188} INFO - [2026-01-31T21:57:15.975+0530] {dag.py:3823} INFO - Setting next_dagrun for spark_sgp4_streaming to None, run_after=None
[2026-01-31T21:57:16.007+0530] {processor.py:183} INFO - Processing /opt/airflow/dags/airflow_dag_spark_streaming.py took 0.159 seconds
[2026-01-31T21:57:46.335+0530] {processor.py:161} INFO - Started process (PID=1763) to work on /opt/airflow/dags/airflow_dag_spark_streaming.py
[2026-01-31T21:57:46.338+0530] {processor.py:830} INFO - Processing file /opt/airflow/dags/airflow_dag_spark_streaming.py for tasks to queue
[2026-01-31T21:57:46.342+0530] {logging_mixin.py:188} INFO - [2026-01-31T21:57:46.340+0530] {dagbag.py:538} INFO - Filling up the DagBag from /opt/airflow/dags/airflow_dag_spark_streaming.py
[2026-01-31T21:57:46.420+0530] {processor.py:840} INFO - DAG(s) 'spark_sgp4_streaming' retrieved from /opt/airflow/dags/airflow_dag_spark_streaming.py
[2026-01-31T21:57:46.530+0530] {logging_mixin.py:188} INFO - [2026-01-31T21:57:46.529+0530] {dag.py:3036} INFO - Sync 1 DAGs
[2026-01-31T21:57:46.574+0530] {logging_mixin.py:188} INFO - [2026-01-31T21:57:46.574+0530] {dag.py:3823} INFO - Setting next_dagrun for spark_sgp4_streaming to None, run_after=None
[2026-01-31T21:57:46.624+0530] {processor.py:183} INFO - Processing /opt/airflow/dags/airflow_dag_spark_streaming.py took 0.307 seconds
[2026-01-31T21:58:16.896+0530] {processor.py:161} INFO - Started process (PID=1773) to work on /opt/airflow/dags/airflow_dag_spark_streaming.py
[2026-01-31T21:58:16.897+0530] {processor.py:830} INFO - Processing file /opt/airflow/dags/airflow_dag_spark_streaming.py for tasks to queue
[2026-01-31T21:58:16.900+0530] {logging_mixin.py:188} INFO - [2026-01-31T21:58:16.899+0530] {dagbag.py:538} INFO - Filling up the DagBag from /opt/airflow/dags/airflow_dag_spark_streaming.py
[2026-01-31T21:58:16.954+0530] {processor.py:840} INFO - DAG(s) 'spark_sgp4_streaming' retrieved from /opt/airflow/dags/airflow_dag_spark_streaming.py
[2026-01-31T21:58:17.035+0530] {logging_mixin.py:188} INFO - [2026-01-31T21:58:17.035+0530] {dag.py:3036} INFO - Sync 1 DAGs
[2026-01-31T21:58:17.063+0530] {logging_mixin.py:188} INFO - [2026-01-31T21:58:17.063+0530] {dag.py:3823} INFO - Setting next_dagrun for spark_sgp4_streaming to None, run_after=None
[2026-01-31T21:58:17.092+0530] {processor.py:183} INFO - Processing /opt/airflow/dags/airflow_dag_spark_streaming.py took 0.211 seconds
[2026-01-31T21:58:47.248+0530] {processor.py:161} INFO - Started process (PID=1783) to work on /opt/airflow/dags/airflow_dag_spark_streaming.py
[2026-01-31T21:58:47.249+0530] {processor.py:830} INFO - Processing file /opt/airflow/dags/airflow_dag_spark_streaming.py for tasks to queue
[2026-01-31T21:58:47.251+0530] {logging_mixin.py:188} INFO - [2026-01-31T21:58:47.250+0530] {dagbag.py:538} INFO - Filling up the DagBag from /opt/airflow/dags/airflow_dag_spark_streaming.py
[2026-01-31T21:58:47.267+0530] {processor.py:840} INFO - DAG(s) 'spark_sgp4_streaming' retrieved from /opt/airflow/dags/airflow_dag_spark_streaming.py
[2026-01-31T21:58:47.312+0530] {logging_mixin.py:188} INFO - [2026-01-31T21:58:47.312+0530] {dag.py:3036} INFO - Sync 1 DAGs
[2026-01-31T21:58:47.330+0530] {logging_mixin.py:188} INFO - [2026-01-31T21:58:47.330+0530] {dag.py:3823} INFO - Setting next_dagrun for spark_sgp4_streaming to None, run_after=None
[2026-01-31T21:58:47.354+0530] {processor.py:183} INFO - Processing /opt/airflow/dags/airflow_dag_spark_streaming.py took 0.110 seconds
[2026-01-31T21:59:17.567+0530] {processor.py:161} INFO - Started process (PID=1793) to work on /opt/airflow/dags/airflow_dag_spark_streaming.py
[2026-01-31T21:59:17.570+0530] {processor.py:830} INFO - Processing file /opt/airflow/dags/airflow_dag_spark_streaming.py for tasks to queue
[2026-01-31T21:59:17.574+0530] {logging_mixin.py:188} INFO - [2026-01-31T21:59:17.571+0530] {dagbag.py:538} INFO - Filling up the DagBag from /opt/airflow/dags/airflow_dag_spark_streaming.py
[2026-01-31T21:59:17.646+0530] {processor.py:840} INFO - DAG(s) 'spark_sgp4_streaming' retrieved from /opt/airflow/dags/airflow_dag_spark_streaming.py
[2026-01-31T21:59:17.777+0530] {logging_mixin.py:188} INFO - [2026-01-31T21:59:17.777+0530] {dag.py:3036} INFO - Sync 1 DAGs
[2026-01-31T21:59:17.825+0530] {logging_mixin.py:188} INFO - [2026-01-31T21:59:17.824+0530] {dag.py:3823} INFO - Setting next_dagrun for spark_sgp4_streaming to None, run_after=None
[2026-01-31T21:59:17.864+0530] {processor.py:183} INFO - Processing /opt/airflow/dags/airflow_dag_spark_streaming.py took 0.339 seconds
[2026-01-31T21:59:48.069+0530] {processor.py:161} INFO - Started process (PID=1803) to work on /opt/airflow/dags/airflow_dag_spark_streaming.py
[2026-01-31T21:59:48.071+0530] {processor.py:830} INFO - Processing file /opt/airflow/dags/airflow_dag_spark_streaming.py for tasks to queue
[2026-01-31T21:59:48.075+0530] {logging_mixin.py:188} INFO - [2026-01-31T21:59:48.073+0530] {dagbag.py:538} INFO - Filling up the DagBag from /opt/airflow/dags/airflow_dag_spark_streaming.py
[2026-01-31T21:59:48.125+0530] {processor.py:840} INFO - DAG(s) 'spark_sgp4_streaming' retrieved from /opt/airflow/dags/airflow_dag_spark_streaming.py
[2026-01-31T21:59:48.198+0530] {logging_mixin.py:188} INFO - [2026-01-31T21:59:48.197+0530] {dag.py:3036} INFO - Sync 1 DAGs
[2026-01-31T21:59:48.228+0530] {logging_mixin.py:188} INFO - [2026-01-31T21:59:48.227+0530] {dag.py:3823} INFO - Setting next_dagrun for spark_sgp4_streaming to None, run_after=None
[2026-01-31T21:59:48.255+0530] {processor.py:183} INFO - Processing /opt/airflow/dags/airflow_dag_spark_streaming.py took 0.202 seconds
[2026-01-31T22:00:18.445+0530] {processor.py:161} INFO - Started process (PID=1818) to work on /opt/airflow/dags/airflow_dag_spark_streaming.py
[2026-01-31T22:00:18.446+0530] {processor.py:830} INFO - Processing file /opt/airflow/dags/airflow_dag_spark_streaming.py for tasks to queue
[2026-01-31T22:00:18.448+0530] {logging_mixin.py:188} INFO - [2026-01-31T22:00:18.447+0530] {dagbag.py:538} INFO - Filling up the DagBag from /opt/airflow/dags/airflow_dag_spark_streaming.py
[2026-01-31T22:00:18.477+0530] {processor.py:840} INFO - DAG(s) 'spark_sgp4_streaming' retrieved from /opt/airflow/dags/airflow_dag_spark_streaming.py
[2026-01-31T22:00:18.548+0530] {logging_mixin.py:188} INFO - [2026-01-31T22:00:18.547+0530] {dag.py:3036} INFO - Sync 1 DAGs
[2026-01-31T22:00:18.572+0530] {logging_mixin.py:188} INFO - [2026-01-31T22:00:18.572+0530] {dag.py:3823} INFO - Setting next_dagrun for spark_sgp4_streaming to None, run_after=None
[2026-01-31T22:00:18.598+0530] {processor.py:183} INFO - Processing /opt/airflow/dags/airflow_dag_spark_streaming.py took 0.161 seconds
[2026-01-31T22:00:48.750+0530] {processor.py:161} INFO - Started process (PID=1828) to work on /opt/airflow/dags/airflow_dag_spark_streaming.py
[2026-01-31T22:00:48.751+0530] {processor.py:830} INFO - Processing file /opt/airflow/dags/airflow_dag_spark_streaming.py for tasks to queue
[2026-01-31T22:00:48.752+0530] {logging_mixin.py:188} INFO - [2026-01-31T22:00:48.752+0530] {dagbag.py:538} INFO - Filling up the DagBag from /opt/airflow/dags/airflow_dag_spark_streaming.py
[2026-01-31T22:00:48.778+0530] {processor.py:840} INFO - DAG(s) 'spark_sgp4_streaming' retrieved from /opt/airflow/dags/airflow_dag_spark_streaming.py
[2026-01-31T22:00:48.852+0530] {logging_mixin.py:188} INFO - [2026-01-31T22:00:48.852+0530] {dag.py:3036} INFO - Sync 1 DAGs
[2026-01-31T22:00:48.879+0530] {logging_mixin.py:188} INFO - [2026-01-31T22:00:48.879+0530] {dag.py:3823} INFO - Setting next_dagrun for spark_sgp4_streaming to None, run_after=None
[2026-01-31T22:00:48.899+0530] {processor.py:183} INFO - Processing /opt/airflow/dags/airflow_dag_spark_streaming.py took 0.158 seconds
