[2026-01-31T14:43:57.838+0000] {processor.py:161} INFO - Started process (PID=193) to work on /opt/airflow/dags/airflow_dag_api_to_kafka.py
[2026-01-31T14:43:57.838+0000] {processor.py:830} INFO - Processing file /opt/airflow/dags/airflow_dag_api_to_kafka.py for tasks to queue
[2026-01-31T14:43:57.839+0000] {logging_mixin.py:188} INFO - [2026-01-31T14:43:57.839+0000] {dagbag.py:538} INFO - Filling up the DagBag from /opt/airflow/dags/airflow_dag_api_to_kafka.py
[2026-01-31T14:43:57.879+0000] {processor.py:840} INFO - DAG(s) 'tle_api_to_kafka_streaming' retrieved from /opt/airflow/dags/airflow_dag_api_to_kafka.py
[2026-01-31T14:43:58.041+0000] {logging_mixin.py:188} INFO - [2026-01-31T14:43:58.041+0000] {override.py:1769} INFO - Created Permission View: can read on DAG:tle_api_to_kafka_streaming
[2026-01-31T14:43:58.050+0000] {logging_mixin.py:188} INFO - [2026-01-31T14:43:58.050+0000] {override.py:1769} INFO - Created Permission View: can edit on DAG:tle_api_to_kafka_streaming
[2026-01-31T14:43:58.055+0000] {logging_mixin.py:188} INFO - [2026-01-31T14:43:58.055+0000] {override.py:1769} INFO - Created Permission View: can delete on DAG:tle_api_to_kafka_streaming
[2026-01-31T14:43:58.055+0000] {logging_mixin.py:188} INFO - [2026-01-31T14:43:58.055+0000] {dag.py:3036} INFO - Sync 1 DAGs
[2026-01-31T14:43:58.067+0000] {logging_mixin.py:188} INFO - [2026-01-31T14:43:58.067+0000] {dag.py:3058} INFO - Creating ORM DAG for tle_api_to_kafka_streaming
[2026-01-31T14:43:58.077+0000] {logging_mixin.py:188} INFO - [2026-01-31T14:43:58.077+0000] {dag.py:3823} INFO - Setting next_dagrun for tle_api_to_kafka_streaming to 2026-01-31 13:00:00+00:00, run_after=2026-01-31 14:00:00+00:00
[2026-01-31T14:43:58.092+0000] {processor.py:183} INFO - Processing /opt/airflow/dags/airflow_dag_api_to_kafka.py took 0.256 seconds
[2026-01-31T14:44:28.240+0000] {processor.py:161} INFO - Started process (PID=203) to work on /opt/airflow/dags/airflow_dag_api_to_kafka.py
[2026-01-31T14:44:28.240+0000] {processor.py:830} INFO - Processing file /opt/airflow/dags/airflow_dag_api_to_kafka.py for tasks to queue
[2026-01-31T14:44:28.241+0000] {logging_mixin.py:188} INFO - [2026-01-31T14:44:28.241+0000] {dagbag.py:538} INFO - Filling up the DagBag from /opt/airflow/dags/airflow_dag_api_to_kafka.py
[2026-01-31T14:44:28.319+0000] {processor.py:840} INFO - DAG(s) 'tle_api_to_kafka_streaming' retrieved from /opt/airflow/dags/airflow_dag_api_to_kafka.py
[2026-01-31T14:44:28.355+0000] {logging_mixin.py:188} INFO - [2026-01-31T14:44:28.355+0000] {dag.py:3036} INFO - Sync 1 DAGs
[2026-01-31T14:44:28.394+0000] {logging_mixin.py:188} INFO - [2026-01-31T14:44:28.394+0000] {dag.py:3823} INFO - Setting next_dagrun for tle_api_to_kafka_streaming to 2026-01-31 13:00:00+00:00, run_after=2026-01-31 14:00:00+00:00
[2026-01-31T14:44:28.413+0000] {processor.py:183} INFO - Processing /opt/airflow/dags/airflow_dag_api_to_kafka.py took 0.177 seconds
[2026-01-31T14:44:58.474+0000] {processor.py:161} INFO - Started process (PID=218) to work on /opt/airflow/dags/airflow_dag_api_to_kafka.py
[2026-01-31T14:44:58.475+0000] {processor.py:830} INFO - Processing file /opt/airflow/dags/airflow_dag_api_to_kafka.py for tasks to queue
[2026-01-31T14:44:58.476+0000] {logging_mixin.py:188} INFO - [2026-01-31T14:44:58.475+0000] {dagbag.py:538} INFO - Filling up the DagBag from /opt/airflow/dags/airflow_dag_api_to_kafka.py
[2026-01-31T14:44:58.542+0000] {processor.py:840} INFO - DAG(s) 'tle_api_to_kafka_streaming' retrieved from /opt/airflow/dags/airflow_dag_api_to_kafka.py
[2026-01-31T14:44:58.573+0000] {logging_mixin.py:188} INFO - [2026-01-31T14:44:58.573+0000] {dag.py:3036} INFO - Sync 1 DAGs
[2026-01-31T14:44:58.609+0000] {logging_mixin.py:188} INFO - [2026-01-31T14:44:58.609+0000] {dag.py:3823} INFO - Setting next_dagrun for tle_api_to_kafka_streaming to 2026-01-31 14:00:00+00:00, run_after=2026-01-31 15:00:00+00:00
[2026-01-31T14:44:58.630+0000] {processor.py:183} INFO - Processing /opt/airflow/dags/airflow_dag_api_to_kafka.py took 0.159 seconds
[2026-01-31T14:45:28.695+0000] {processor.py:161} INFO - Started process (PID=228) to work on /opt/airflow/dags/airflow_dag_api_to_kafka.py
[2026-01-31T14:45:28.696+0000] {processor.py:830} INFO - Processing file /opt/airflow/dags/airflow_dag_api_to_kafka.py for tasks to queue
[2026-01-31T14:45:28.697+0000] {logging_mixin.py:188} INFO - [2026-01-31T14:45:28.696+0000] {dagbag.py:538} INFO - Filling up the DagBag from /opt/airflow/dags/airflow_dag_api_to_kafka.py
[2026-01-31T14:45:28.761+0000] {processor.py:840} INFO - DAG(s) 'tle_api_to_kafka_streaming' retrieved from /opt/airflow/dags/airflow_dag_api_to_kafka.py
[2026-01-31T14:45:28.794+0000] {logging_mixin.py:188} INFO - [2026-01-31T14:45:28.794+0000] {dag.py:3036} INFO - Sync 1 DAGs
[2026-01-31T14:45:28.829+0000] {logging_mixin.py:188} INFO - [2026-01-31T14:45:28.829+0000] {dag.py:3823} INFO - Setting next_dagrun for tle_api_to_kafka_streaming to 2026-01-31 14:00:00+00:00, run_after=2026-01-31 15:00:00+00:00
[2026-01-31T14:45:28.848+0000] {processor.py:183} INFO - Processing /opt/airflow/dags/airflow_dag_api_to_kafka.py took 0.157 seconds
[2026-01-31T14:45:58.951+0000] {processor.py:161} INFO - Started process (PID=238) to work on /opt/airflow/dags/airflow_dag_api_to_kafka.py
[2026-01-31T14:45:58.952+0000] {processor.py:830} INFO - Processing file /opt/airflow/dags/airflow_dag_api_to_kafka.py for tasks to queue
[2026-01-31T14:45:58.953+0000] {logging_mixin.py:188} INFO - [2026-01-31T14:45:58.953+0000] {dagbag.py:538} INFO - Filling up the DagBag from /opt/airflow/dags/airflow_dag_api_to_kafka.py
[2026-01-31T14:45:59.040+0000] {processor.py:840} INFO - DAG(s) 'tle_api_to_kafka_streaming' retrieved from /opt/airflow/dags/airflow_dag_api_to_kafka.py
[2026-01-31T14:45:59.091+0000] {logging_mixin.py:188} INFO - [2026-01-31T14:45:59.090+0000] {dag.py:3036} INFO - Sync 1 DAGs
[2026-01-31T14:45:59.137+0000] {logging_mixin.py:188} INFO - [2026-01-31T14:45:59.137+0000] {dag.py:3823} INFO - Setting next_dagrun for tle_api_to_kafka_streaming to 2026-01-31 14:00:00+00:00, run_after=2026-01-31 15:00:00+00:00
[2026-01-31T14:45:59.161+0000] {processor.py:183} INFO - Processing /opt/airflow/dags/airflow_dag_api_to_kafka.py took 0.214 seconds
[2026-01-31T14:46:29.290+0000] {processor.py:161} INFO - Started process (PID=265) to work on /opt/airflow/dags/airflow_dag_api_to_kafka.py
[2026-01-31T14:46:29.291+0000] {processor.py:830} INFO - Processing file /opt/airflow/dags/airflow_dag_api_to_kafka.py for tasks to queue
[2026-01-31T14:46:29.292+0000] {logging_mixin.py:188} INFO - [2026-01-31T14:46:29.291+0000] {dagbag.py:538} INFO - Filling up the DagBag from /opt/airflow/dags/airflow_dag_api_to_kafka.py
[2026-01-31T14:46:29.378+0000] {processor.py:840} INFO - DAG(s) 'tle_api_to_kafka_streaming' retrieved from /opt/airflow/dags/airflow_dag_api_to_kafka.py
[2026-01-31T14:46:29.431+0000] {logging_mixin.py:188} INFO - [2026-01-31T14:46:29.431+0000] {dag.py:3036} INFO - Sync 1 DAGs
[2026-01-31T14:46:29.478+0000] {logging_mixin.py:188} INFO - [2026-01-31T14:46:29.478+0000] {dag.py:3823} INFO - Setting next_dagrun for tle_api_to_kafka_streaming to 2026-01-31 14:00:00+00:00, run_after=2026-01-31 15:00:00+00:00
[2026-01-31T14:46:29.500+0000] {processor.py:183} INFO - Processing /opt/airflow/dags/airflow_dag_api_to_kafka.py took 0.214 seconds
[2026-01-31T14:46:59.586+0000] {processor.py:161} INFO - Started process (PID=277) to work on /opt/airflow/dags/airflow_dag_api_to_kafka.py
[2026-01-31T14:46:59.588+0000] {processor.py:830} INFO - Processing file /opt/airflow/dags/airflow_dag_api_to_kafka.py for tasks to queue
[2026-01-31T14:46:59.589+0000] {logging_mixin.py:188} INFO - [2026-01-31T14:46:59.588+0000] {dagbag.py:538} INFO - Filling up the DagBag from /opt/airflow/dags/airflow_dag_api_to_kafka.py
[2026-01-31T14:46:59.677+0000] {processor.py:840} INFO - DAG(s) 'tle_api_to_kafka_streaming' retrieved from /opt/airflow/dags/airflow_dag_api_to_kafka.py
[2026-01-31T14:46:59.717+0000] {logging_mixin.py:188} INFO - [2026-01-31T14:46:59.717+0000] {dag.py:3036} INFO - Sync 1 DAGs
[2026-01-31T14:46:59.747+0000] {logging_mixin.py:188} INFO - [2026-01-31T14:46:59.747+0000] {dag.py:3823} INFO - Setting next_dagrun for tle_api_to_kafka_streaming to 2026-01-31 14:00:00+00:00, run_after=2026-01-31 15:00:00+00:00
[2026-01-31T14:46:59.767+0000] {processor.py:183} INFO - Processing /opt/airflow/dags/airflow_dag_api_to_kafka.py took 0.185 seconds
[2026-01-31T14:47:29.851+0000] {processor.py:161} INFO - Started process (PID=287) to work on /opt/airflow/dags/airflow_dag_api_to_kafka.py
[2026-01-31T14:47:29.852+0000] {processor.py:830} INFO - Processing file /opt/airflow/dags/airflow_dag_api_to_kafka.py for tasks to queue
[2026-01-31T14:47:29.853+0000] {logging_mixin.py:188} INFO - [2026-01-31T14:47:29.853+0000] {dagbag.py:538} INFO - Filling up the DagBag from /opt/airflow/dags/airflow_dag_api_to_kafka.py
[2026-01-31T14:47:29.920+0000] {processor.py:840} INFO - DAG(s) 'tle_api_to_kafka_streaming' retrieved from /opt/airflow/dags/airflow_dag_api_to_kafka.py
[2026-01-31T14:47:29.967+0000] {logging_mixin.py:188} INFO - [2026-01-31T14:47:29.967+0000] {dag.py:3036} INFO - Sync 1 DAGs
[2026-01-31T14:47:30.012+0000] {logging_mixin.py:188} INFO - [2026-01-31T14:47:30.012+0000] {dag.py:3823} INFO - Setting next_dagrun for tle_api_to_kafka_streaming to 2026-01-31 14:00:00+00:00, run_after=2026-01-31 15:00:00+00:00
[2026-01-31T14:47:30.038+0000] {processor.py:183} INFO - Processing /opt/airflow/dags/airflow_dag_api_to_kafka.py took 0.191 seconds
[2026-01-31T14:48:00.097+0000] {processor.py:161} INFO - Started process (PID=297) to work on /opt/airflow/dags/airflow_dag_api_to_kafka.py
[2026-01-31T14:48:00.098+0000] {processor.py:830} INFO - Processing file /opt/airflow/dags/airflow_dag_api_to_kafka.py for tasks to queue
[2026-01-31T14:48:00.099+0000] {logging_mixin.py:188} INFO - [2026-01-31T14:48:00.099+0000] {dagbag.py:538} INFO - Filling up the DagBag from /opt/airflow/dags/airflow_dag_api_to_kafka.py
[2026-01-31T14:48:00.176+0000] {processor.py:840} INFO - DAG(s) 'tle_api_to_kafka_streaming' retrieved from /opt/airflow/dags/airflow_dag_api_to_kafka.py
[2026-01-31T14:48:00.215+0000] {logging_mixin.py:188} INFO - [2026-01-31T14:48:00.214+0000] {dag.py:3036} INFO - Sync 1 DAGs
[2026-01-31T14:48:00.247+0000] {logging_mixin.py:188} INFO - [2026-01-31T14:48:00.247+0000] {dag.py:3823} INFO - Setting next_dagrun for tle_api_to_kafka_streaming to 2026-01-31 14:00:00+00:00, run_after=2026-01-31 15:00:00+00:00
[2026-01-31T14:48:00.267+0000] {processor.py:183} INFO - Processing /opt/airflow/dags/airflow_dag_api_to_kafka.py took 0.174 seconds
[2026-01-31T14:48:30.384+0000] {processor.py:161} INFO - Started process (PID=341) to work on /opt/airflow/dags/airflow_dag_api_to_kafka.py
[2026-01-31T14:48:30.385+0000] {processor.py:830} INFO - Processing file /opt/airflow/dags/airflow_dag_api_to_kafka.py for tasks to queue
[2026-01-31T14:48:30.386+0000] {logging_mixin.py:188} INFO - [2026-01-31T14:48:30.385+0000] {dagbag.py:538} INFO - Filling up the DagBag from /opt/airflow/dags/airflow_dag_api_to_kafka.py
[2026-01-31T14:48:30.453+0000] {processor.py:840} INFO - DAG(s) 'tle_api_to_kafka_streaming' retrieved from /opt/airflow/dags/airflow_dag_api_to_kafka.py
[2026-01-31T14:48:30.496+0000] {logging_mixin.py:188} INFO - [2026-01-31T14:48:30.495+0000] {dag.py:3036} INFO - Sync 1 DAGs
[2026-01-31T14:48:30.536+0000] {logging_mixin.py:188} INFO - [2026-01-31T14:48:30.535+0000] {dag.py:3823} INFO - Setting next_dagrun for tle_api_to_kafka_streaming to 2026-01-31 14:00:00+00:00, run_after=2026-01-31 15:00:00+00:00
[2026-01-31T14:48:30.558+0000] {processor.py:183} INFO - Processing /opt/airflow/dags/airflow_dag_api_to_kafka.py took 0.178 seconds
[2026-01-31T14:49:00.662+0000] {processor.py:161} INFO - Started process (PID=356) to work on /opt/airflow/dags/airflow_dag_api_to_kafka.py
[2026-01-31T14:49:00.664+0000] {processor.py:830} INFO - Processing file /opt/airflow/dags/airflow_dag_api_to_kafka.py for tasks to queue
[2026-01-31T14:49:00.665+0000] {logging_mixin.py:188} INFO - [2026-01-31T14:49:00.665+0000] {dagbag.py:538} INFO - Filling up the DagBag from /opt/airflow/dags/airflow_dag_api_to_kafka.py
[2026-01-31T14:49:00.755+0000] {processor.py:840} INFO - DAG(s) 'tle_api_to_kafka_streaming' retrieved from /opt/airflow/dags/airflow_dag_api_to_kafka.py
[2026-01-31T14:49:00.811+0000] {logging_mixin.py:188} INFO - [2026-01-31T14:49:00.811+0000] {dag.py:3036} INFO - Sync 1 DAGs
[2026-01-31T14:49:00.841+0000] {logging_mixin.py:188} INFO - [2026-01-31T14:49:00.841+0000] {dag.py:3823} INFO - Setting next_dagrun for tle_api_to_kafka_streaming to 2026-01-31 14:00:00+00:00, run_after=2026-01-31 15:00:00+00:00
[2026-01-31T14:49:00.862+0000] {processor.py:183} INFO - Processing /opt/airflow/dags/airflow_dag_api_to_kafka.py took 0.206 seconds
[2026-01-31T14:49:30.911+0000] {processor.py:161} INFO - Started process (PID=366) to work on /opt/airflow/dags/airflow_dag_api_to_kafka.py
[2026-01-31T14:49:30.912+0000] {processor.py:830} INFO - Processing file /opt/airflow/dags/airflow_dag_api_to_kafka.py for tasks to queue
[2026-01-31T14:49:30.913+0000] {logging_mixin.py:188} INFO - [2026-01-31T14:49:30.912+0000] {dagbag.py:538} INFO - Filling up the DagBag from /opt/airflow/dags/airflow_dag_api_to_kafka.py
[2026-01-31T14:49:30.970+0000] {processor.py:840} INFO - DAG(s) 'tle_api_to_kafka_streaming' retrieved from /opt/airflow/dags/airflow_dag_api_to_kafka.py
[2026-01-31T14:49:31.010+0000] {logging_mixin.py:188} INFO - [2026-01-31T14:49:31.010+0000] {dag.py:3036} INFO - Sync 1 DAGs
[2026-01-31T14:49:31.049+0000] {logging_mixin.py:188} INFO - [2026-01-31T14:49:31.048+0000] {dag.py:3823} INFO - Setting next_dagrun for tle_api_to_kafka_streaming to 2026-01-31 14:00:00+00:00, run_after=2026-01-31 15:00:00+00:00
[2026-01-31T14:49:31.078+0000] {processor.py:183} INFO - Processing /opt/airflow/dags/airflow_dag_api_to_kafka.py took 0.170 seconds
[2026-01-31T14:50:01.167+0000] {processor.py:161} INFO - Started process (PID=376) to work on /opt/airflow/dags/airflow_dag_api_to_kafka.py
[2026-01-31T14:50:01.169+0000] {processor.py:830} INFO - Processing file /opt/airflow/dags/airflow_dag_api_to_kafka.py for tasks to queue
[2026-01-31T14:50:01.170+0000] {logging_mixin.py:188} INFO - [2026-01-31T14:50:01.169+0000] {dagbag.py:538} INFO - Filling up the DagBag from /opt/airflow/dags/airflow_dag_api_to_kafka.py
[2026-01-31T14:50:01.243+0000] {processor.py:840} INFO - DAG(s) 'tle_api_to_kafka_streaming' retrieved from /opt/airflow/dags/airflow_dag_api_to_kafka.py
[2026-01-31T14:50:01.285+0000] {logging_mixin.py:188} INFO - [2026-01-31T14:50:01.285+0000] {dag.py:3036} INFO - Sync 1 DAGs
[2026-01-31T14:50:01.330+0000] {logging_mixin.py:188} INFO - [2026-01-31T14:50:01.330+0000] {dag.py:3823} INFO - Setting next_dagrun for tle_api_to_kafka_streaming to 2026-01-31 14:00:00+00:00, run_after=2026-01-31 15:00:00+00:00
[2026-01-31T14:50:01.359+0000] {processor.py:183} INFO - Processing /opt/airflow/dags/airflow_dag_api_to_kafka.py took 0.195 seconds
[2026-01-31T14:50:31.492+0000] {processor.py:161} INFO - Started process (PID=386) to work on /opt/airflow/dags/airflow_dag_api_to_kafka.py
[2026-01-31T14:50:31.494+0000] {processor.py:830} INFO - Processing file /opt/airflow/dags/airflow_dag_api_to_kafka.py for tasks to queue
[2026-01-31T14:50:31.495+0000] {logging_mixin.py:188} INFO - [2026-01-31T14:50:31.495+0000] {dagbag.py:538} INFO - Filling up the DagBag from /opt/airflow/dags/airflow_dag_api_to_kafka.py
[2026-01-31T14:50:31.570+0000] {processor.py:840} INFO - DAG(s) 'tle_api_to_kafka_streaming' retrieved from /opt/airflow/dags/airflow_dag_api_to_kafka.py
[2026-01-31T14:50:31.608+0000] {logging_mixin.py:188} INFO - [2026-01-31T14:50:31.607+0000] {dag.py:3036} INFO - Sync 1 DAGs
[2026-01-31T14:50:31.645+0000] {logging_mixin.py:188} INFO - [2026-01-31T14:50:31.645+0000] {dag.py:3823} INFO - Setting next_dagrun for tle_api_to_kafka_streaming to 2026-01-31 14:00:00+00:00, run_after=2026-01-31 15:00:00+00:00
[2026-01-31T14:50:31.673+0000] {processor.py:183} INFO - Processing /opt/airflow/dags/airflow_dag_api_to_kafka.py took 0.184 seconds
[2026-01-31T14:51:01.832+0000] {processor.py:161} INFO - Started process (PID=396) to work on /opt/airflow/dags/airflow_dag_api_to_kafka.py
[2026-01-31T14:51:01.834+0000] {processor.py:830} INFO - Processing file /opt/airflow/dags/airflow_dag_api_to_kafka.py for tasks to queue
[2026-01-31T14:51:01.836+0000] {logging_mixin.py:188} INFO - [2026-01-31T14:51:01.835+0000] {dagbag.py:538} INFO - Filling up the DagBag from /opt/airflow/dags/airflow_dag_api_to_kafka.py
[2026-01-31T14:51:01.929+0000] {processor.py:840} INFO - DAG(s) 'tle_api_to_kafka_streaming' retrieved from /opt/airflow/dags/airflow_dag_api_to_kafka.py
[2026-01-31T14:51:01.969+0000] {logging_mixin.py:188} INFO - [2026-01-31T14:51:01.968+0000] {dag.py:3036} INFO - Sync 1 DAGs
[2026-01-31T14:51:02.005+0000] {logging_mixin.py:188} INFO - [2026-01-31T14:51:02.004+0000] {dag.py:3823} INFO - Setting next_dagrun for tle_api_to_kafka_streaming to 2026-01-31 14:00:00+00:00, run_after=2026-01-31 15:00:00+00:00
[2026-01-31T14:51:02.034+0000] {processor.py:183} INFO - Processing /opt/airflow/dags/airflow_dag_api_to_kafka.py took 0.208 seconds
[2026-01-31T14:51:32.096+0000] {processor.py:161} INFO - Started process (PID=440) to work on /opt/airflow/dags/airflow_dag_api_to_kafka.py
[2026-01-31T14:51:32.098+0000] {processor.py:830} INFO - Processing file /opt/airflow/dags/airflow_dag_api_to_kafka.py for tasks to queue
[2026-01-31T14:51:32.099+0000] {logging_mixin.py:188} INFO - [2026-01-31T14:51:32.099+0000] {dagbag.py:538} INFO - Filling up the DagBag from /opt/airflow/dags/airflow_dag_api_to_kafka.py
[2026-01-31T14:51:32.191+0000] {processor.py:840} INFO - DAG(s) 'tle_api_to_kafka_streaming' retrieved from /opt/airflow/dags/airflow_dag_api_to_kafka.py
[2026-01-31T14:51:32.238+0000] {logging_mixin.py:188} INFO - [2026-01-31T14:51:32.237+0000] {dag.py:3036} INFO - Sync 1 DAGs
[2026-01-31T14:51:32.279+0000] {logging_mixin.py:188} INFO - [2026-01-31T14:51:32.279+0000] {dag.py:3823} INFO - Setting next_dagrun for tle_api_to_kafka_streaming to 2026-01-31 14:00:00+00:00, run_after=2026-01-31 15:00:00+00:00
[2026-01-31T14:51:32.301+0000] {processor.py:183} INFO - Processing /opt/airflow/dags/airflow_dag_api_to_kafka.py took 0.209 seconds
[2026-01-31T14:52:02.396+0000] {processor.py:161} INFO - Started process (PID=462) to work on /opt/airflow/dags/airflow_dag_api_to_kafka.py
[2026-01-31T14:52:02.398+0000] {processor.py:830} INFO - Processing file /opt/airflow/dags/airflow_dag_api_to_kafka.py for tasks to queue
[2026-01-31T14:52:02.399+0000] {logging_mixin.py:188} INFO - [2026-01-31T14:52:02.399+0000] {dagbag.py:538} INFO - Filling up the DagBag from /opt/airflow/dags/airflow_dag_api_to_kafka.py
[2026-01-31T14:52:02.464+0000] {processor.py:840} INFO - DAG(s) 'tle_api_to_kafka_streaming' retrieved from /opt/airflow/dags/airflow_dag_api_to_kafka.py
[2026-01-31T14:52:02.500+0000] {logging_mixin.py:188} INFO - [2026-01-31T14:52:02.500+0000] {dag.py:3036} INFO - Sync 1 DAGs
[2026-01-31T14:52:02.535+0000] {logging_mixin.py:188} INFO - [2026-01-31T14:52:02.534+0000] {dag.py:3823} INFO - Setting next_dagrun for tle_api_to_kafka_streaming to 2026-01-31 14:00:00+00:00, run_after=2026-01-31 15:00:00+00:00
[2026-01-31T14:52:02.557+0000] {processor.py:183} INFO - Processing /opt/airflow/dags/airflow_dag_api_to_kafka.py took 0.165 seconds
[2026-01-31T14:52:32.645+0000] {processor.py:161} INFO - Started process (PID=505) to work on /opt/airflow/dags/airflow_dag_api_to_kafka.py
[2026-01-31T14:52:32.646+0000] {processor.py:830} INFO - Processing file /opt/airflow/dags/airflow_dag_api_to_kafka.py for tasks to queue
[2026-01-31T14:52:32.647+0000] {logging_mixin.py:188} INFO - [2026-01-31T14:52:32.647+0000] {dagbag.py:538} INFO - Filling up the DagBag from /opt/airflow/dags/airflow_dag_api_to_kafka.py
[2026-01-31T14:52:32.713+0000] {processor.py:840} INFO - DAG(s) 'tle_api_to_kafka_streaming' retrieved from /opt/airflow/dags/airflow_dag_api_to_kafka.py
[2026-01-31T14:52:32.747+0000] {logging_mixin.py:188} INFO - [2026-01-31T14:52:32.746+0000] {dag.py:3036} INFO - Sync 1 DAGs
[2026-01-31T14:52:32.779+0000] {logging_mixin.py:188} INFO - [2026-01-31T14:52:32.779+0000] {dag.py:3823} INFO - Setting next_dagrun for tle_api_to_kafka_streaming to 2026-01-31 14:00:00+00:00, run_after=2026-01-31 15:00:00+00:00
[2026-01-31T14:52:32.801+0000] {processor.py:183} INFO - Processing /opt/airflow/dags/airflow_dag_api_to_kafka.py took 0.159 seconds
[2026-01-31T14:53:02.895+0000] {processor.py:161} INFO - Started process (PID=515) to work on /opt/airflow/dags/airflow_dag_api_to_kafka.py
[2026-01-31T14:53:02.896+0000] {processor.py:830} INFO - Processing file /opt/airflow/dags/airflow_dag_api_to_kafka.py for tasks to queue
[2026-01-31T14:53:02.897+0000] {logging_mixin.py:188} INFO - [2026-01-31T14:53:02.896+0000] {dagbag.py:538} INFO - Filling up the DagBag from /opt/airflow/dags/airflow_dag_api_to_kafka.py
[2026-01-31T14:53:02.960+0000] {processor.py:840} INFO - DAG(s) 'tle_api_to_kafka_streaming' retrieved from /opt/airflow/dags/airflow_dag_api_to_kafka.py
[2026-01-31T14:53:02.998+0000] {logging_mixin.py:188} INFO - [2026-01-31T14:53:02.998+0000] {dag.py:3036} INFO - Sync 1 DAGs
[2026-01-31T14:53:03.034+0000] {logging_mixin.py:188} INFO - [2026-01-31T14:53:03.033+0000] {dag.py:3823} INFO - Setting next_dagrun for tle_api_to_kafka_streaming to 2026-01-31 14:00:00+00:00, run_after=2026-01-31 15:00:00+00:00
[2026-01-31T14:53:03.057+0000] {processor.py:183} INFO - Processing /opt/airflow/dags/airflow_dag_api_to_kafka.py took 0.166 seconds
[2026-01-31T14:53:33.147+0000] {processor.py:161} INFO - Started process (PID=525) to work on /opt/airflow/dags/airflow_dag_api_to_kafka.py
[2026-01-31T14:53:33.149+0000] {processor.py:830} INFO - Processing file /opt/airflow/dags/airflow_dag_api_to_kafka.py for tasks to queue
[2026-01-31T14:53:33.150+0000] {logging_mixin.py:188} INFO - [2026-01-31T14:53:33.150+0000] {dagbag.py:538} INFO - Filling up the DagBag from /opt/airflow/dags/airflow_dag_api_to_kafka.py
[2026-01-31T14:53:33.221+0000] {processor.py:840} INFO - DAG(s) 'tle_api_to_kafka_streaming' retrieved from /opt/airflow/dags/airflow_dag_api_to_kafka.py
[2026-01-31T14:53:33.257+0000] {logging_mixin.py:188} INFO - [2026-01-31T14:53:33.256+0000] {dag.py:3036} INFO - Sync 1 DAGs
[2026-01-31T14:53:33.288+0000] {logging_mixin.py:188} INFO - [2026-01-31T14:53:33.288+0000] {dag.py:3823} INFO - Setting next_dagrun for tle_api_to_kafka_streaming to 2026-01-31 14:00:00+00:00, run_after=2026-01-31 15:00:00+00:00
[2026-01-31T14:53:33.309+0000] {processor.py:183} INFO - Processing /opt/airflow/dags/airflow_dag_api_to_kafka.py took 0.166 seconds
[2026-01-31T14:54:03.416+0000] {processor.py:161} INFO - Started process (PID=535) to work on /opt/airflow/dags/airflow_dag_api_to_kafka.py
[2026-01-31T14:54:03.418+0000] {processor.py:830} INFO - Processing file /opt/airflow/dags/airflow_dag_api_to_kafka.py for tasks to queue
[2026-01-31T14:54:03.419+0000] {logging_mixin.py:188} INFO - [2026-01-31T14:54:03.419+0000] {dagbag.py:538} INFO - Filling up the DagBag from /opt/airflow/dags/airflow_dag_api_to_kafka.py
[2026-01-31T14:54:03.501+0000] {processor.py:840} INFO - DAG(s) 'tle_api_to_kafka_streaming' retrieved from /opt/airflow/dags/airflow_dag_api_to_kafka.py
[2026-01-31T14:54:03.548+0000] {logging_mixin.py:188} INFO - [2026-01-31T14:54:03.547+0000] {dag.py:3036} INFO - Sync 1 DAGs
[2026-01-31T14:54:03.591+0000] {logging_mixin.py:188} INFO - [2026-01-31T14:54:03.591+0000] {dag.py:3823} INFO - Setting next_dagrun for tle_api_to_kafka_streaming to 2026-01-31 14:00:00+00:00, run_after=2026-01-31 15:00:00+00:00
[2026-01-31T14:54:03.619+0000] {processor.py:183} INFO - Processing /opt/airflow/dags/airflow_dag_api_to_kafka.py took 0.207 seconds
[2026-01-31T14:54:33.734+0000] {processor.py:161} INFO - Started process (PID=545) to work on /opt/airflow/dags/airflow_dag_api_to_kafka.py
[2026-01-31T14:54:33.737+0000] {processor.py:830} INFO - Processing file /opt/airflow/dags/airflow_dag_api_to_kafka.py for tasks to queue
[2026-01-31T14:54:33.738+0000] {logging_mixin.py:188} INFO - [2026-01-31T14:54:33.737+0000] {dagbag.py:538} INFO - Filling up the DagBag from /opt/airflow/dags/airflow_dag_api_to_kafka.py
[2026-01-31T14:54:33.827+0000] {processor.py:840} INFO - DAG(s) 'tle_api_to_kafka_streaming' retrieved from /opt/airflow/dags/airflow_dag_api_to_kafka.py
[2026-01-31T14:54:33.881+0000] {logging_mixin.py:188} INFO - [2026-01-31T14:54:33.880+0000] {dag.py:3036} INFO - Sync 1 DAGs
[2026-01-31T14:54:33.930+0000] {logging_mixin.py:188} INFO - [2026-01-31T14:54:33.930+0000] {dag.py:3823} INFO - Setting next_dagrun for tle_api_to_kafka_streaming to 2026-01-31 14:00:00+00:00, run_after=2026-01-31 15:00:00+00:00
[2026-01-31T14:54:33.962+0000] {processor.py:183} INFO - Processing /opt/airflow/dags/airflow_dag_api_to_kafka.py took 0.234 seconds
[2026-01-31T14:55:04.878+0000] {processor.py:161} INFO - Started process (PID=555) to work on /opt/airflow/dags/airflow_dag_api_to_kafka.py
[2026-01-31T14:55:04.879+0000] {processor.py:830} INFO - Processing file /opt/airflow/dags/airflow_dag_api_to_kafka.py for tasks to queue
[2026-01-31T14:55:04.880+0000] {logging_mixin.py:188} INFO - [2026-01-31T14:55:04.880+0000] {dagbag.py:538} INFO - Filling up the DagBag from /opt/airflow/dags/airflow_dag_api_to_kafka.py
[2026-01-31T14:55:04.965+0000] {processor.py:840} INFO - DAG(s) 'tle_api_to_kafka_streaming' retrieved from /opt/airflow/dags/airflow_dag_api_to_kafka.py
[2026-01-31T14:55:05.002+0000] {logging_mixin.py:188} INFO - [2026-01-31T14:55:05.001+0000] {dag.py:3036} INFO - Sync 1 DAGs
[2026-01-31T14:55:05.040+0000] {logging_mixin.py:188} INFO - [2026-01-31T14:55:05.039+0000] {dag.py:3823} INFO - Setting next_dagrun for tle_api_to_kafka_streaming to 2026-01-31 14:00:00+00:00, run_after=2026-01-31 15:00:00+00:00
[2026-01-31T14:55:05.061+0000] {processor.py:183} INFO - Processing /opt/airflow/dags/airflow_dag_api_to_kafka.py took 0.187 seconds
[2026-01-31T14:55:35.205+0000] {processor.py:161} INFO - Started process (PID=565) to work on /opt/airflow/dags/airflow_dag_api_to_kafka.py
[2026-01-31T14:55:35.206+0000] {processor.py:830} INFO - Processing file /opt/airflow/dags/airflow_dag_api_to_kafka.py for tasks to queue
[2026-01-31T14:55:35.207+0000] {logging_mixin.py:188} INFO - [2026-01-31T14:55:35.207+0000] {dagbag.py:538} INFO - Filling up the DagBag from /opt/airflow/dags/airflow_dag_api_to_kafka.py
[2026-01-31T14:55:35.286+0000] {processor.py:840} INFO - DAG(s) 'tle_api_to_kafka_streaming' retrieved from /opt/airflow/dags/airflow_dag_api_to_kafka.py
[2026-01-31T14:55:35.325+0000] {logging_mixin.py:188} INFO - [2026-01-31T14:55:35.325+0000] {dag.py:3036} INFO - Sync 1 DAGs
[2026-01-31T14:55:35.364+0000] {logging_mixin.py:188} INFO - [2026-01-31T14:55:35.363+0000] {dag.py:3823} INFO - Setting next_dagrun for tle_api_to_kafka_streaming to 2026-01-31 14:00:00+00:00, run_after=2026-01-31 15:00:00+00:00
[2026-01-31T14:55:35.389+0000] {processor.py:183} INFO - Processing /opt/airflow/dags/airflow_dag_api_to_kafka.py took 0.188 seconds
[2026-01-31T14:56:05.514+0000] {processor.py:161} INFO - Started process (PID=580) to work on /opt/airflow/dags/airflow_dag_api_to_kafka.py
[2026-01-31T14:56:05.515+0000] {processor.py:830} INFO - Processing file /opt/airflow/dags/airflow_dag_api_to_kafka.py for tasks to queue
[2026-01-31T14:56:05.516+0000] {logging_mixin.py:188} INFO - [2026-01-31T14:56:05.516+0000] {dagbag.py:538} INFO - Filling up the DagBag from /opt/airflow/dags/airflow_dag_api_to_kafka.py
[2026-01-31T14:56:05.572+0000] {processor.py:840} INFO - DAG(s) 'tle_api_to_kafka_streaming' retrieved from /opt/airflow/dags/airflow_dag_api_to_kafka.py
[2026-01-31T14:56:05.604+0000] {logging_mixin.py:188} INFO - [2026-01-31T14:56:05.604+0000] {dag.py:3036} INFO - Sync 1 DAGs
[2026-01-31T14:56:05.641+0000] {logging_mixin.py:188} INFO - [2026-01-31T14:56:05.641+0000] {dag.py:3823} INFO - Setting next_dagrun for tle_api_to_kafka_streaming to 2026-01-31 14:00:00+00:00, run_after=2026-01-31 15:00:00+00:00
[2026-01-31T14:56:05.660+0000] {processor.py:183} INFO - Processing /opt/airflow/dags/airflow_dag_api_to_kafka.py took 0.149 seconds
[2026-01-31T14:56:35.775+0000] {processor.py:161} INFO - Started process (PID=590) to work on /opt/airflow/dags/airflow_dag_api_to_kafka.py
[2026-01-31T14:56:35.777+0000] {processor.py:830} INFO - Processing file /opt/airflow/dags/airflow_dag_api_to_kafka.py for tasks to queue
[2026-01-31T14:56:35.779+0000] {logging_mixin.py:188} INFO - [2026-01-31T14:56:35.778+0000] {dagbag.py:538} INFO - Filling up the DagBag from /opt/airflow/dags/airflow_dag_api_to_kafka.py
[2026-01-31T14:56:35.837+0000] {processor.py:840} INFO - DAG(s) 'tle_api_to_kafka_streaming' retrieved from /opt/airflow/dags/airflow_dag_api_to_kafka.py
[2026-01-31T14:56:35.874+0000] {logging_mixin.py:188} INFO - [2026-01-31T14:56:35.873+0000] {dag.py:3036} INFO - Sync 1 DAGs
[2026-01-31T14:56:35.908+0000] {logging_mixin.py:188} INFO - [2026-01-31T14:56:35.908+0000] {dag.py:3823} INFO - Setting next_dagrun for tle_api_to_kafka_streaming to 2026-01-31 14:00:00+00:00, run_after=2026-01-31 15:00:00+00:00
[2026-01-31T14:56:35.927+0000] {processor.py:183} INFO - Processing /opt/airflow/dags/airflow_dag_api_to_kafka.py took 0.157 seconds
[2026-01-31T14:57:06.046+0000] {processor.py:161} INFO - Started process (PID=600) to work on /opt/airflow/dags/airflow_dag_api_to_kafka.py
[2026-01-31T14:57:06.049+0000] {processor.py:830} INFO - Processing file /opt/airflow/dags/airflow_dag_api_to_kafka.py for tasks to queue
[2026-01-31T14:57:06.050+0000] {logging_mixin.py:188} INFO - [2026-01-31T14:57:06.049+0000] {dagbag.py:538} INFO - Filling up the DagBag from /opt/airflow/dags/airflow_dag_api_to_kafka.py
[2026-01-31T14:57:06.116+0000] {processor.py:840} INFO - DAG(s) 'tle_api_to_kafka_streaming' retrieved from /opt/airflow/dags/airflow_dag_api_to_kafka.py
[2026-01-31T14:57:06.153+0000] {logging_mixin.py:188} INFO - [2026-01-31T14:57:06.153+0000] {dag.py:3036} INFO - Sync 1 DAGs
[2026-01-31T14:57:06.183+0000] {logging_mixin.py:188} INFO - [2026-01-31T14:57:06.183+0000] {dag.py:3823} INFO - Setting next_dagrun for tle_api_to_kafka_streaming to 2026-01-31 14:00:00+00:00, run_after=2026-01-31 15:00:00+00:00
[2026-01-31T14:57:06.205+0000] {processor.py:183} INFO - Processing /opt/airflow/dags/airflow_dag_api_to_kafka.py took 0.164 seconds
[2026-01-31T14:57:36.312+0000] {processor.py:161} INFO - Started process (PID=617) to work on /opt/airflow/dags/airflow_dag_api_to_kafka.py
[2026-01-31T14:57:36.315+0000] {processor.py:830} INFO - Processing file /opt/airflow/dags/airflow_dag_api_to_kafka.py for tasks to queue
[2026-01-31T14:57:36.317+0000] {logging_mixin.py:188} INFO - [2026-01-31T14:57:36.316+0000] {dagbag.py:538} INFO - Filling up the DagBag from /opt/airflow/dags/airflow_dag_api_to_kafka.py
[2026-01-31T14:57:36.404+0000] {processor.py:840} INFO - DAG(s) 'tle_api_to_kafka_streaming' retrieved from /opt/airflow/dags/airflow_dag_api_to_kafka.py
[2026-01-31T14:57:36.455+0000] {logging_mixin.py:188} INFO - [2026-01-31T14:57:36.455+0000] {dag.py:3036} INFO - Sync 1 DAGs
[2026-01-31T14:57:36.505+0000] {logging_mixin.py:188} INFO - [2026-01-31T14:57:36.505+0000] {dag.py:3823} INFO - Setting next_dagrun for tle_api_to_kafka_streaming to 2026-01-31 14:00:00+00:00, run_after=2026-01-31 15:00:00+00:00
[2026-01-31T14:57:36.529+0000] {processor.py:183} INFO - Processing /opt/airflow/dags/airflow_dag_api_to_kafka.py took 0.222 seconds
[2026-01-31T14:58:06.572+0000] {processor.py:161} INFO - Started process (PID=627) to work on /opt/airflow/dags/airflow_dag_api_to_kafka.py
[2026-01-31T14:58:06.581+0000] {processor.py:830} INFO - Processing file /opt/airflow/dags/airflow_dag_api_to_kafka.py for tasks to queue
[2026-01-31T14:58:06.582+0000] {logging_mixin.py:188} INFO - [2026-01-31T14:58:06.581+0000] {dagbag.py:538} INFO - Filling up the DagBag from /opt/airflow/dags/airflow_dag_api_to_kafka.py
[2026-01-31T14:58:06.649+0000] {processor.py:840} INFO - DAG(s) 'tle_api_to_kafka_streaming' retrieved from /opt/airflow/dags/airflow_dag_api_to_kafka.py
[2026-01-31T14:58:06.696+0000] {logging_mixin.py:188} INFO - [2026-01-31T14:58:06.696+0000] {dag.py:3036} INFO - Sync 1 DAGs
[2026-01-31T14:58:06.747+0000] {logging_mixin.py:188} INFO - [2026-01-31T14:58:06.747+0000] {dag.py:3823} INFO - Setting next_dagrun for tle_api_to_kafka_streaming to 2026-01-31 14:00:00+00:00, run_after=2026-01-31 15:00:00+00:00
[2026-01-31T14:58:06.828+0000] {processor.py:183} INFO - Processing /opt/airflow/dags/airflow_dag_api_to_kafka.py took 0.260 seconds
[2026-01-31T14:58:37.745+0000] {processor.py:161} INFO - Started process (PID=637) to work on /opt/airflow/dags/airflow_dag_api_to_kafka.py
[2026-01-31T14:58:37.748+0000] {processor.py:830} INFO - Processing file /opt/airflow/dags/airflow_dag_api_to_kafka.py for tasks to queue
[2026-01-31T14:58:37.749+0000] {logging_mixin.py:188} INFO - [2026-01-31T14:58:37.749+0000] {dagbag.py:538} INFO - Filling up the DagBag from /opt/airflow/dags/airflow_dag_api_to_kafka.py
[2026-01-31T14:58:37.845+0000] {processor.py:840} INFO - DAG(s) 'tle_api_to_kafka_streaming' retrieved from /opt/airflow/dags/airflow_dag_api_to_kafka.py
[2026-01-31T14:58:37.891+0000] {logging_mixin.py:188} INFO - [2026-01-31T14:58:37.891+0000] {dag.py:3036} INFO - Sync 1 DAGs
[2026-01-31T14:58:37.938+0000] {logging_mixin.py:188} INFO - [2026-01-31T14:58:37.938+0000] {dag.py:3823} INFO - Setting next_dagrun for tle_api_to_kafka_streaming to 2026-01-31 14:00:00+00:00, run_after=2026-01-31 15:00:00+00:00
[2026-01-31T14:58:37.971+0000] {processor.py:183} INFO - Processing /opt/airflow/dags/airflow_dag_api_to_kafka.py took 0.232 seconds
[2026-01-31T14:59:08.117+0000] {processor.py:161} INFO - Started process (PID=647) to work on /opt/airflow/dags/airflow_dag_api_to_kafka.py
[2026-01-31T14:59:08.120+0000] {processor.py:830} INFO - Processing file /opt/airflow/dags/airflow_dag_api_to_kafka.py for tasks to queue
[2026-01-31T14:59:08.121+0000] {logging_mixin.py:188} INFO - [2026-01-31T14:59:08.121+0000] {dagbag.py:538} INFO - Filling up the DagBag from /opt/airflow/dags/airflow_dag_api_to_kafka.py
[2026-01-31T14:59:08.213+0000] {processor.py:840} INFO - DAG(s) 'tle_api_to_kafka_streaming' retrieved from /opt/airflow/dags/airflow_dag_api_to_kafka.py
[2026-01-31T14:59:08.263+0000] {logging_mixin.py:188} INFO - [2026-01-31T14:59:08.262+0000] {dag.py:3036} INFO - Sync 1 DAGs
[2026-01-31T14:59:08.307+0000] {logging_mixin.py:188} INFO - [2026-01-31T14:59:08.307+0000] {dag.py:3823} INFO - Setting next_dagrun for tle_api_to_kafka_streaming to 2026-01-31 14:00:00+00:00, run_after=2026-01-31 15:00:00+00:00
[2026-01-31T14:59:08.337+0000] {processor.py:183} INFO - Processing /opt/airflow/dags/airflow_dag_api_to_kafka.py took 0.225 seconds
[2026-01-31T14:59:38.382+0000] {processor.py:161} INFO - Started process (PID=663) to work on /opt/airflow/dags/airflow_dag_api_to_kafka.py
[2026-01-31T14:59:38.384+0000] {processor.py:830} INFO - Processing file /opt/airflow/dags/airflow_dag_api_to_kafka.py for tasks to queue
[2026-01-31T14:59:38.385+0000] {logging_mixin.py:188} INFO - [2026-01-31T14:59:38.384+0000] {dagbag.py:538} INFO - Filling up the DagBag from /opt/airflow/dags/airflow_dag_api_to_kafka.py
[2026-01-31T14:59:38.456+0000] {processor.py:840} INFO - DAG(s) 'tle_api_to_kafka_streaming' retrieved from /opt/airflow/dags/airflow_dag_api_to_kafka.py
[2026-01-31T14:59:38.492+0000] {logging_mixin.py:188} INFO - [2026-01-31T14:59:38.491+0000] {dag.py:3036} INFO - Sync 1 DAGs
[2026-01-31T14:59:38.527+0000] {logging_mixin.py:188} INFO - [2026-01-31T14:59:38.526+0000] {dag.py:3823} INFO - Setting next_dagrun for tle_api_to_kafka_streaming to 2026-01-31 14:00:00+00:00, run_after=2026-01-31 15:00:00+00:00
[2026-01-31T14:59:38.546+0000] {processor.py:183} INFO - Processing /opt/airflow/dags/airflow_dag_api_to_kafka.py took 0.168 seconds
[2026-01-31T15:00:08.662+0000] {processor.py:161} INFO - Started process (PID=678) to work on /opt/airflow/dags/airflow_dag_api_to_kafka.py
[2026-01-31T15:00:08.665+0000] {processor.py:830} INFO - Processing file /opt/airflow/dags/airflow_dag_api_to_kafka.py for tasks to queue
[2026-01-31T15:00:08.666+0000] {logging_mixin.py:188} INFO - [2026-01-31T15:00:08.666+0000] {dagbag.py:538} INFO - Filling up the DagBag from /opt/airflow/dags/airflow_dag_api_to_kafka.py
[2026-01-31T15:00:08.734+0000] {processor.py:840} INFO - DAG(s) 'tle_api_to_kafka_streaming' retrieved from /opt/airflow/dags/airflow_dag_api_to_kafka.py
[2026-01-31T15:00:08.768+0000] {logging_mixin.py:188} INFO - [2026-01-31T15:00:08.768+0000] {dag.py:3036} INFO - Sync 1 DAGs
[2026-01-31T15:00:08.802+0000] {logging_mixin.py:188} INFO - [2026-01-31T15:00:08.801+0000] {dag.py:3823} INFO - Setting next_dagrun for tle_api_to_kafka_streaming to 2026-01-31 15:00:00+00:00, run_after=2026-01-31 16:00:00+00:00
[2026-01-31T15:00:08.822+0000] {processor.py:183} INFO - Processing /opt/airflow/dags/airflow_dag_api_to_kafka.py took 0.165 seconds
[2026-01-31T15:00:38.923+0000] {processor.py:161} INFO - Started process (PID=688) to work on /opt/airflow/dags/airflow_dag_api_to_kafka.py
[2026-01-31T15:00:38.924+0000] {processor.py:830} INFO - Processing file /opt/airflow/dags/airflow_dag_api_to_kafka.py for tasks to queue
[2026-01-31T15:00:38.925+0000] {logging_mixin.py:188} INFO - [2026-01-31T15:00:38.925+0000] {dagbag.py:538} INFO - Filling up the DagBag from /opt/airflow/dags/airflow_dag_api_to_kafka.py
[2026-01-31T15:00:38.982+0000] {processor.py:840} INFO - DAG(s) 'tle_api_to_kafka_streaming' retrieved from /opt/airflow/dags/airflow_dag_api_to_kafka.py
[2026-01-31T15:00:39.016+0000] {logging_mixin.py:188} INFO - [2026-01-31T15:00:39.016+0000] {dag.py:3036} INFO - Sync 1 DAGs
[2026-01-31T15:00:39.048+0000] {logging_mixin.py:188} INFO - [2026-01-31T15:00:39.048+0000] {dag.py:3823} INFO - Setting next_dagrun for tle_api_to_kafka_streaming to 2026-01-31 15:00:00+00:00, run_after=2026-01-31 16:00:00+00:00
[2026-01-31T15:00:39.067+0000] {processor.py:183} INFO - Processing /opt/airflow/dags/airflow_dag_api_to_kafka.py took 0.148 seconds
[2026-01-31T15:01:09.191+0000] {processor.py:161} INFO - Started process (PID=698) to work on /opt/airflow/dags/airflow_dag_api_to_kafka.py
[2026-01-31T15:01:09.194+0000] {processor.py:830} INFO - Processing file /opt/airflow/dags/airflow_dag_api_to_kafka.py for tasks to queue
[2026-01-31T15:01:09.195+0000] {logging_mixin.py:188} INFO - [2026-01-31T15:01:09.194+0000] {dagbag.py:538} INFO - Filling up the DagBag from /opt/airflow/dags/airflow_dag_api_to_kafka.py
[2026-01-31T15:01:09.248+0000] {processor.py:840} INFO - DAG(s) 'tle_api_to_kafka_streaming' retrieved from /opt/airflow/dags/airflow_dag_api_to_kafka.py
[2026-01-31T15:01:09.284+0000] {logging_mixin.py:188} INFO - [2026-01-31T15:01:09.284+0000] {dag.py:3036} INFO - Sync 1 DAGs
[2026-01-31T15:01:09.314+0000] {logging_mixin.py:188} INFO - [2026-01-31T15:01:09.314+0000] {dag.py:3823} INFO - Setting next_dagrun for tle_api_to_kafka_streaming to 2026-01-31 15:00:00+00:00, run_after=2026-01-31 16:00:00+00:00
[2026-01-31T15:01:09.333+0000] {processor.py:183} INFO - Processing /opt/airflow/dags/airflow_dag_api_to_kafka.py took 0.145 seconds
[2026-01-31T15:01:39.443+0000] {processor.py:161} INFO - Started process (PID=708) to work on /opt/airflow/dags/airflow_dag_api_to_kafka.py
[2026-01-31T15:01:39.445+0000] {processor.py:830} INFO - Processing file /opt/airflow/dags/airflow_dag_api_to_kafka.py for tasks to queue
[2026-01-31T15:01:39.446+0000] {logging_mixin.py:188} INFO - [2026-01-31T15:01:39.446+0000] {dagbag.py:538} INFO - Filling up the DagBag from /opt/airflow/dags/airflow_dag_api_to_kafka.py
[2026-01-31T15:01:39.510+0000] {processor.py:840} INFO - DAG(s) 'tle_api_to_kafka_streaming' retrieved from /opt/airflow/dags/airflow_dag_api_to_kafka.py
[2026-01-31T15:01:39.546+0000] {logging_mixin.py:188} INFO - [2026-01-31T15:01:39.546+0000] {dag.py:3036} INFO - Sync 1 DAGs
[2026-01-31T15:01:39.580+0000] {logging_mixin.py:188} INFO - [2026-01-31T15:01:39.580+0000] {dag.py:3823} INFO - Setting next_dagrun for tle_api_to_kafka_streaming to 2026-01-31 15:00:00+00:00, run_after=2026-01-31 16:00:00+00:00
[2026-01-31T15:01:39.602+0000] {processor.py:183} INFO - Processing /opt/airflow/dags/airflow_dag_api_to_kafka.py took 0.163 seconds
[2026-01-31T15:01:54.310+0000] {processor.py:161} INFO - Started process (PID=192) to work on /opt/airflow/dags/airflow_dag_api_to_kafka.py
[2026-01-31T15:01:54.311+0000] {processor.py:830} INFO - Processing file /opt/airflow/dags/airflow_dag_api_to_kafka.py for tasks to queue
[2026-01-31T15:01:54.312+0000] {logging_mixin.py:188} INFO - [2026-01-31T15:01:54.311+0000] {dagbag.py:538} INFO - Filling up the DagBag from /opt/airflow/dags/airflow_dag_api_to_kafka.py
[2026-01-31T15:01:54.357+0000] {processor.py:840} INFO - DAG(s) 'tle_api_to_kafka_streaming' retrieved from /opt/airflow/dags/airflow_dag_api_to_kafka.py
[2026-01-31T15:01:54.396+0000] {logging_mixin.py:188} INFO - [2026-01-31T15:01:54.396+0000] {dag.py:3036} INFO - Sync 1 DAGs
[2026-01-31T15:01:54.422+0000] {logging_mixin.py:188} INFO - [2026-01-31T15:01:54.422+0000] {dag.py:3823} INFO - Setting next_dagrun for tle_api_to_kafka_streaming to 2026-01-31 15:00:00+00:00, run_after=2026-01-31 16:00:00+00:00
[2026-01-31T15:01:54.439+0000] {processor.py:183} INFO - Processing /opt/airflow/dags/airflow_dag_api_to_kafka.py took 0.131 seconds
[2026-01-31T15:02:24.532+0000] {processor.py:161} INFO - Started process (PID=208) to work on /opt/airflow/dags/airflow_dag_api_to_kafka.py
[2026-01-31T15:02:24.532+0000] {processor.py:830} INFO - Processing file /opt/airflow/dags/airflow_dag_api_to_kafka.py for tasks to queue
[2026-01-31T15:02:24.533+0000] {logging_mixin.py:188} INFO - [2026-01-31T15:02:24.533+0000] {dagbag.py:538} INFO - Filling up the DagBag from /opt/airflow/dags/airflow_dag_api_to_kafka.py
[2026-01-31T15:02:24.602+0000] {processor.py:840} INFO - DAG(s) 'tle_api_to_kafka_streaming' retrieved from /opt/airflow/dags/airflow_dag_api_to_kafka.py
[2026-01-31T15:02:24.638+0000] {logging_mixin.py:188} INFO - [2026-01-31T15:02:24.637+0000] {dag.py:3036} INFO - Sync 1 DAGs
[2026-01-31T15:02:24.673+0000] {logging_mixin.py:188} INFO - [2026-01-31T15:02:24.673+0000] {dag.py:3823} INFO - Setting next_dagrun for tle_api_to_kafka_streaming to 2026-01-31 15:00:00+00:00, run_after=2026-01-31 16:00:00+00:00
[2026-01-31T15:02:24.692+0000] {processor.py:183} INFO - Processing /opt/airflow/dags/airflow_dag_api_to_kafka.py took 0.163 seconds
[2026-01-31T15:02:54.754+0000] {processor.py:161} INFO - Started process (PID=225) to work on /opt/airflow/dags/airflow_dag_api_to_kafka.py
[2026-01-31T15:02:54.755+0000] {processor.py:830} INFO - Processing file /opt/airflow/dags/airflow_dag_api_to_kafka.py for tasks to queue
[2026-01-31T15:02:54.756+0000] {logging_mixin.py:188} INFO - [2026-01-31T15:02:54.756+0000] {dagbag.py:538} INFO - Filling up the DagBag from /opt/airflow/dags/airflow_dag_api_to_kafka.py
[2026-01-31T15:02:54.813+0000] {processor.py:840} INFO - DAG(s) 'tle_api_to_kafka_streaming' retrieved from /opt/airflow/dags/airflow_dag_api_to_kafka.py
[2026-01-31T15:02:54.848+0000] {logging_mixin.py:188} INFO - [2026-01-31T15:02:54.848+0000] {dag.py:3036} INFO - Sync 1 DAGs
[2026-01-31T15:02:54.883+0000] {logging_mixin.py:188} INFO - [2026-01-31T15:02:54.882+0000] {dag.py:3823} INFO - Setting next_dagrun for tle_api_to_kafka_streaming to 2026-01-31 15:00:00+00:00, run_after=2026-01-31 16:00:00+00:00
[2026-01-31T15:02:54.903+0000] {processor.py:183} INFO - Processing /opt/airflow/dags/airflow_dag_api_to_kafka.py took 0.152 seconds
[2026-01-31T15:03:24.992+0000] {processor.py:161} INFO - Started process (PID=235) to work on /opt/airflow/dags/airflow_dag_api_to_kafka.py
[2026-01-31T15:03:24.993+0000] {processor.py:830} INFO - Processing file /opt/airflow/dags/airflow_dag_api_to_kafka.py for tasks to queue
[2026-01-31T15:03:24.994+0000] {logging_mixin.py:188} INFO - [2026-01-31T15:03:24.994+0000] {dagbag.py:538} INFO - Filling up the DagBag from /opt/airflow/dags/airflow_dag_api_to_kafka.py
[2026-01-31T15:03:25.058+0000] {processor.py:840} INFO - DAG(s) 'tle_api_to_kafka_streaming' retrieved from /opt/airflow/dags/airflow_dag_api_to_kafka.py
[2026-01-31T15:03:25.098+0000] {logging_mixin.py:188} INFO - [2026-01-31T15:03:25.097+0000] {dag.py:3036} INFO - Sync 1 DAGs
[2026-01-31T15:03:25.127+0000] {logging_mixin.py:188} INFO - [2026-01-31T15:03:25.126+0000] {dag.py:3823} INFO - Setting next_dagrun for tle_api_to_kafka_streaming to 2026-01-31 15:00:00+00:00, run_after=2026-01-31 16:00:00+00:00
[2026-01-31T15:03:25.147+0000] {processor.py:183} INFO - Processing /opt/airflow/dags/airflow_dag_api_to_kafka.py took 0.159 seconds
[2026-01-31T15:03:55.240+0000] {processor.py:161} INFO - Started process (PID=245) to work on /opt/airflow/dags/airflow_dag_api_to_kafka.py
[2026-01-31T15:03:55.242+0000] {processor.py:830} INFO - Processing file /opt/airflow/dags/airflow_dag_api_to_kafka.py for tasks to queue
[2026-01-31T15:03:55.244+0000] {logging_mixin.py:188} INFO - [2026-01-31T15:03:55.243+0000] {dagbag.py:538} INFO - Filling up the DagBag from /opt/airflow/dags/airflow_dag_api_to_kafka.py
[2026-01-31T15:03:55.310+0000] {processor.py:840} INFO - DAG(s) 'tle_api_to_kafka_streaming' retrieved from /opt/airflow/dags/airflow_dag_api_to_kafka.py
[2026-01-31T15:03:55.349+0000] {logging_mixin.py:188} INFO - [2026-01-31T15:03:55.349+0000] {dag.py:3036} INFO - Sync 1 DAGs
[2026-01-31T15:03:55.381+0000] {logging_mixin.py:188} INFO - [2026-01-31T15:03:55.381+0000] {dag.py:3823} INFO - Setting next_dagrun for tle_api_to_kafka_streaming to 2026-01-31 15:00:00+00:00, run_after=2026-01-31 16:00:00+00:00
[2026-01-31T15:03:55.404+0000] {processor.py:183} INFO - Processing /opt/airflow/dags/airflow_dag_api_to_kafka.py took 0.169 seconds
[2026-01-31T15:04:25.498+0000] {processor.py:161} INFO - Started process (PID=255) to work on /opt/airflow/dags/airflow_dag_api_to_kafka.py
[2026-01-31T15:04:25.499+0000] {processor.py:830} INFO - Processing file /opt/airflow/dags/airflow_dag_api_to_kafka.py for tasks to queue
[2026-01-31T15:04:25.500+0000] {logging_mixin.py:188} INFO - [2026-01-31T15:04:25.500+0000] {dagbag.py:538} INFO - Filling up the DagBag from /opt/airflow/dags/airflow_dag_api_to_kafka.py
[2026-01-31T15:04:25.580+0000] {processor.py:840} INFO - DAG(s) 'tle_api_to_kafka_streaming' retrieved from /opt/airflow/dags/airflow_dag_api_to_kafka.py
[2026-01-31T15:04:25.618+0000] {logging_mixin.py:188} INFO - [2026-01-31T15:04:25.618+0000] {dag.py:3036} INFO - Sync 1 DAGs
[2026-01-31T15:04:25.656+0000] {logging_mixin.py:188} INFO - [2026-01-31T15:04:25.656+0000] {dag.py:3823} INFO - Setting next_dagrun for tle_api_to_kafka_streaming to 2026-01-31 15:00:00+00:00, run_after=2026-01-31 16:00:00+00:00
[2026-01-31T15:04:25.678+0000] {processor.py:183} INFO - Processing /opt/airflow/dags/airflow_dag_api_to_kafka.py took 0.185 seconds
[2026-01-31T15:04:55.740+0000] {processor.py:161} INFO - Started process (PID=280) to work on /opt/airflow/dags/airflow_dag_api_to_kafka.py
[2026-01-31T15:04:55.741+0000] {processor.py:830} INFO - Processing file /opt/airflow/dags/airflow_dag_api_to_kafka.py for tasks to queue
[2026-01-31T15:04:55.742+0000] {logging_mixin.py:188} INFO - [2026-01-31T15:04:55.742+0000] {dagbag.py:538} INFO - Filling up the DagBag from /opt/airflow/dags/airflow_dag_api_to_kafka.py
[2026-01-31T15:04:55.827+0000] {processor.py:840} INFO - DAG(s) 'tle_api_to_kafka_streaming' retrieved from /opt/airflow/dags/airflow_dag_api_to_kafka.py
[2026-01-31T15:04:55.868+0000] {logging_mixin.py:188} INFO - [2026-01-31T15:04:55.867+0000] {dag.py:3036} INFO - Sync 1 DAGs
[2026-01-31T15:04:55.900+0000] {logging_mixin.py:188} INFO - [2026-01-31T15:04:55.900+0000] {dag.py:3823} INFO - Setting next_dagrun for tle_api_to_kafka_streaming to 2026-01-31 15:00:00+00:00, run_after=2026-01-31 16:00:00+00:00
[2026-01-31T15:04:55.919+0000] {processor.py:183} INFO - Processing /opt/airflow/dags/airflow_dag_api_to_kafka.py took 0.183 seconds
[2026-01-31T15:05:25.991+0000] {processor.py:161} INFO - Started process (PID=290) to work on /opt/airflow/dags/airflow_dag_api_to_kafka.py
[2026-01-31T15:05:25.992+0000] {processor.py:830} INFO - Processing file /opt/airflow/dags/airflow_dag_api_to_kafka.py for tasks to queue
[2026-01-31T15:05:25.993+0000] {logging_mixin.py:188} INFO - [2026-01-31T15:05:25.992+0000] {dagbag.py:538} INFO - Filling up the DagBag from /opt/airflow/dags/airflow_dag_api_to_kafka.py
[2026-01-31T15:05:26.053+0000] {processor.py:840} INFO - DAG(s) 'tle_api_to_kafka_streaming' retrieved from /opt/airflow/dags/airflow_dag_api_to_kafka.py
[2026-01-31T15:05:26.088+0000] {logging_mixin.py:188} INFO - [2026-01-31T15:05:26.087+0000] {dag.py:3036} INFO - Sync 1 DAGs
[2026-01-31T15:05:26.116+0000] {logging_mixin.py:188} INFO - [2026-01-31T15:05:26.116+0000] {dag.py:3823} INFO - Setting next_dagrun for tle_api_to_kafka_streaming to 2026-01-31 15:00:00+00:00, run_after=2026-01-31 16:00:00+00:00
[2026-01-31T15:05:26.140+0000] {processor.py:183} INFO - Processing /opt/airflow/dags/airflow_dag_api_to_kafka.py took 0.152 seconds
[2026-01-31T15:05:56.224+0000] {processor.py:161} INFO - Started process (PID=300) to work on /opt/airflow/dags/airflow_dag_api_to_kafka.py
[2026-01-31T15:05:56.225+0000] {processor.py:830} INFO - Processing file /opt/airflow/dags/airflow_dag_api_to_kafka.py for tasks to queue
[2026-01-31T15:05:56.226+0000] {logging_mixin.py:188} INFO - [2026-01-31T15:05:56.225+0000] {dagbag.py:538} INFO - Filling up the DagBag from /opt/airflow/dags/airflow_dag_api_to_kafka.py
[2026-01-31T15:05:56.313+0000] {processor.py:840} INFO - DAG(s) 'tle_api_to_kafka_streaming' retrieved from /opt/airflow/dags/airflow_dag_api_to_kafka.py
[2026-01-31T15:05:56.354+0000] {logging_mixin.py:188} INFO - [2026-01-31T15:05:56.353+0000] {dag.py:3036} INFO - Sync 1 DAGs
[2026-01-31T15:05:56.398+0000] {logging_mixin.py:188} INFO - [2026-01-31T15:05:56.397+0000] {dag.py:3823} INFO - Setting next_dagrun for tle_api_to_kafka_streaming to 2026-01-31 15:00:00+00:00, run_after=2026-01-31 16:00:00+00:00
[2026-01-31T15:05:56.423+0000] {processor.py:183} INFO - Processing /opt/airflow/dags/airflow_dag_api_to_kafka.py took 0.202 seconds
[2026-01-31T15:06:26.512+0000] {processor.py:161} INFO - Started process (PID=310) to work on /opt/airflow/dags/airflow_dag_api_to_kafka.py
[2026-01-31T15:06:26.513+0000] {processor.py:830} INFO - Processing file /opt/airflow/dags/airflow_dag_api_to_kafka.py for tasks to queue
[2026-01-31T15:06:26.514+0000] {logging_mixin.py:188} INFO - [2026-01-31T15:06:26.514+0000] {dagbag.py:538} INFO - Filling up the DagBag from /opt/airflow/dags/airflow_dag_api_to_kafka.py
[2026-01-31T15:06:26.613+0000] {processor.py:840} INFO - DAG(s) 'tle_api_to_kafka_streaming' retrieved from /opt/airflow/dags/airflow_dag_api_to_kafka.py
[2026-01-31T15:06:26.654+0000] {logging_mixin.py:188} INFO - [2026-01-31T15:06:26.654+0000] {dag.py:3036} INFO - Sync 1 DAGs
[2026-01-31T15:06:26.691+0000] {logging_mixin.py:188} INFO - [2026-01-31T15:06:26.691+0000] {dag.py:3823} INFO - Setting next_dagrun for tle_api_to_kafka_streaming to 2026-01-31 15:00:00+00:00, run_after=2026-01-31 16:00:00+00:00
[2026-01-31T15:06:26.711+0000] {processor.py:183} INFO - Processing /opt/airflow/dags/airflow_dag_api_to_kafka.py took 0.203 seconds
[2026-01-31T15:06:56.796+0000] {processor.py:161} INFO - Started process (PID=320) to work on /opt/airflow/dags/airflow_dag_api_to_kafka.py
[2026-01-31T15:06:56.797+0000] {processor.py:830} INFO - Processing file /opt/airflow/dags/airflow_dag_api_to_kafka.py for tasks to queue
[2026-01-31T15:06:56.797+0000] {logging_mixin.py:188} INFO - [2026-01-31T15:06:56.797+0000] {dagbag.py:538} INFO - Filling up the DagBag from /opt/airflow/dags/airflow_dag_api_to_kafka.py
[2026-01-31T15:06:56.875+0000] {processor.py:840} INFO - DAG(s) 'tle_api_to_kafka_streaming' retrieved from /opt/airflow/dags/airflow_dag_api_to_kafka.py
[2026-01-31T15:06:56.911+0000] {logging_mixin.py:188} INFO - [2026-01-31T15:06:56.910+0000] {dag.py:3036} INFO - Sync 1 DAGs
[2026-01-31T15:06:56.957+0000] {logging_mixin.py:188} INFO - [2026-01-31T15:06:56.957+0000] {dag.py:3823} INFO - Setting next_dagrun for tle_api_to_kafka_streaming to 2026-01-31 15:00:00+00:00, run_after=2026-01-31 16:00:00+00:00
[2026-01-31T15:06:56.988+0000] {processor.py:183} INFO - Processing /opt/airflow/dags/airflow_dag_api_to_kafka.py took 0.196 seconds
[2026-01-31T15:07:27.113+0000] {processor.py:161} INFO - Started process (PID=330) to work on /opt/airflow/dags/airflow_dag_api_to_kafka.py
[2026-01-31T15:07:27.114+0000] {processor.py:830} INFO - Processing file /opt/airflow/dags/airflow_dag_api_to_kafka.py for tasks to queue
[2026-01-31T15:07:27.115+0000] {logging_mixin.py:188} INFO - [2026-01-31T15:07:27.114+0000] {dagbag.py:538} INFO - Filling up the DagBag from /opt/airflow/dags/airflow_dag_api_to_kafka.py
[2026-01-31T15:07:27.196+0000] {processor.py:840} INFO - DAG(s) 'tle_api_to_kafka_streaming' retrieved from /opt/airflow/dags/airflow_dag_api_to_kafka.py
[2026-01-31T15:07:27.248+0000] {logging_mixin.py:188} INFO - [2026-01-31T15:07:27.247+0000] {dag.py:3036} INFO - Sync 1 DAGs
[2026-01-31T15:07:27.296+0000] {logging_mixin.py:188} INFO - [2026-01-31T15:07:27.296+0000] {dag.py:3823} INFO - Setting next_dagrun for tle_api_to_kafka_streaming to 2026-01-31 15:00:00+00:00, run_after=2026-01-31 16:00:00+00:00
[2026-01-31T15:07:27.325+0000] {processor.py:183} INFO - Processing /opt/airflow/dags/airflow_dag_api_to_kafka.py took 0.216 seconds
[2026-01-31T15:07:57.405+0000] {processor.py:161} INFO - Started process (PID=342) to work on /opt/airflow/dags/airflow_dag_api_to_kafka.py
[2026-01-31T15:07:57.407+0000] {processor.py:830} INFO - Processing file /opt/airflow/dags/airflow_dag_api_to_kafka.py for tasks to queue
[2026-01-31T15:07:57.408+0000] {logging_mixin.py:188} INFO - [2026-01-31T15:07:57.407+0000] {dagbag.py:538} INFO - Filling up the DagBag from /opt/airflow/dags/airflow_dag_api_to_kafka.py
[2026-01-31T15:07:57.467+0000] {processor.py:840} INFO - DAG(s) 'tle_api_to_kafka_streaming' retrieved from /opt/airflow/dags/airflow_dag_api_to_kafka.py
[2026-01-31T15:07:57.500+0000] {logging_mixin.py:188} INFO - [2026-01-31T15:07:57.499+0000] {dag.py:3036} INFO - Sync 1 DAGs
[2026-01-31T15:07:57.537+0000] {logging_mixin.py:188} INFO - [2026-01-31T15:07:57.537+0000] {dag.py:3823} INFO - Setting next_dagrun for tle_api_to_kafka_streaming to 2026-01-31 15:00:00+00:00, run_after=2026-01-31 16:00:00+00:00
[2026-01-31T15:07:57.562+0000] {processor.py:183} INFO - Processing /opt/airflow/dags/airflow_dag_api_to_kafka.py took 0.160 seconds
[2026-01-31T15:08:27.678+0000] {processor.py:161} INFO - Started process (PID=352) to work on /opt/airflow/dags/airflow_dag_api_to_kafka.py
[2026-01-31T15:08:27.679+0000] {processor.py:830} INFO - Processing file /opt/airflow/dags/airflow_dag_api_to_kafka.py for tasks to queue
[2026-01-31T15:08:27.680+0000] {logging_mixin.py:188} INFO - [2026-01-31T15:08:27.680+0000] {dagbag.py:538} INFO - Filling up the DagBag from /opt/airflow/dags/airflow_dag_api_to_kafka.py
[2026-01-31T15:08:27.737+0000] {processor.py:840} INFO - DAG(s) 'tle_api_to_kafka_streaming' retrieved from /opt/airflow/dags/airflow_dag_api_to_kafka.py
[2026-01-31T15:08:27.782+0000] {logging_mixin.py:188} INFO - [2026-01-31T15:08:27.781+0000] {dag.py:3036} INFO - Sync 1 DAGs
[2026-01-31T15:08:27.824+0000] {logging_mixin.py:188} INFO - [2026-01-31T15:08:27.824+0000] {dag.py:3823} INFO - Setting next_dagrun for tle_api_to_kafka_streaming to 2026-01-31 15:00:00+00:00, run_after=2026-01-31 16:00:00+00:00
[2026-01-31T15:08:27.845+0000] {processor.py:183} INFO - Processing /opt/airflow/dags/airflow_dag_api_to_kafka.py took 0.171 seconds
[2026-01-31T15:08:57.978+0000] {processor.py:161} INFO - Started process (PID=360) to work on /opt/airflow/dags/airflow_dag_api_to_kafka.py
[2026-01-31T15:08:57.979+0000] {processor.py:830} INFO - Processing file /opt/airflow/dags/airflow_dag_api_to_kafka.py for tasks to queue
[2026-01-31T15:08:57.980+0000] {logging_mixin.py:188} INFO - [2026-01-31T15:08:57.980+0000] {dagbag.py:538} INFO - Filling up the DagBag from /opt/airflow/dags/airflow_dag_api_to_kafka.py
[2026-01-31T15:08:58.037+0000] {processor.py:840} INFO - DAG(s) 'tle_api_to_kafka_streaming' retrieved from /opt/airflow/dags/airflow_dag_api_to_kafka.py
[2026-01-31T15:08:58.070+0000] {logging_mixin.py:188} INFO - [2026-01-31T15:08:58.070+0000] {dag.py:3036} INFO - Sync 1 DAGs
[2026-01-31T15:08:58.104+0000] {logging_mixin.py:188} INFO - [2026-01-31T15:08:58.103+0000] {dag.py:3823} INFO - Setting next_dagrun for tle_api_to_kafka_streaming to 2026-01-31 15:00:00+00:00, run_after=2026-01-31 16:00:00+00:00
[2026-01-31T15:08:58.123+0000] {processor.py:183} INFO - Processing /opt/airflow/dags/airflow_dag_api_to_kafka.py took 0.149 seconds
[2026-01-31T20:40:06.126+0530] {processor.py:161} INFO - Started process (PID=192) to work on /opt/airflow/dags/airflow_dag_api_to_kafka.py
[2026-01-31T20:40:06.127+0530] {processor.py:830} INFO - Processing file /opt/airflow/dags/airflow_dag_api_to_kafka.py for tasks to queue
[2026-01-31T20:40:06.127+0530] {logging_mixin.py:188} INFO - [2026-01-31T20:40:06.127+0530] {dagbag.py:538} INFO - Filling up the DagBag from /opt/airflow/dags/airflow_dag_api_to_kafka.py
[2026-01-31T20:40:06.182+0530] {processor.py:840} INFO - DAG(s) 'tle_api_to_kafka_streaming' retrieved from /opt/airflow/dags/airflow_dag_api_to_kafka.py
[2026-01-31T20:40:06.353+0530] {logging_mixin.py:188} INFO - [2026-01-31T20:40:06.352+0530] {dag.py:3036} INFO - Sync 1 DAGs
[2026-01-31T20:40:06.375+0530] {logging_mixin.py:188} INFO - [2026-01-31T20:40:06.375+0530] {dag.py:3823} INFO - Setting next_dagrun for tle_api_to_kafka_streaming to 2026-01-31 14:30:00+00:00, run_after=2026-01-31 15:30:00+00:00
[2026-01-31T20:40:06.391+0530] {processor.py:183} INFO - Processing /opt/airflow/dags/airflow_dag_api_to_kafka.py took 0.267 seconds
[2026-01-31T20:40:36.538+0530] {processor.py:161} INFO - Started process (PID=216) to work on /opt/airflow/dags/airflow_dag_api_to_kafka.py
[2026-01-31T20:40:36.539+0530] {processor.py:830} INFO - Processing file /opt/airflow/dags/airflow_dag_api_to_kafka.py for tasks to queue
[2026-01-31T20:40:36.539+0530] {logging_mixin.py:188} INFO - [2026-01-31T20:40:36.539+0530] {dagbag.py:538} INFO - Filling up the DagBag from /opt/airflow/dags/airflow_dag_api_to_kafka.py
[2026-01-31T20:40:36.593+0530] {processor.py:840} INFO - DAG(s) 'tle_api_to_kafka_streaming' retrieved from /opt/airflow/dags/airflow_dag_api_to_kafka.py
[2026-01-31T20:40:36.629+0530] {logging_mixin.py:188} INFO - [2026-01-31T20:40:36.628+0530] {dag.py:3036} INFO - Sync 1 DAGs
[2026-01-31T20:40:36.660+0530] {logging_mixin.py:188} INFO - [2026-01-31T20:40:36.659+0530] {dag.py:3823} INFO - Setting next_dagrun for tle_api_to_kafka_streaming to 2026-01-31 14:30:00+00:00, run_after=2026-01-31 15:30:00+00:00
[2026-01-31T20:40:36.678+0530] {processor.py:183} INFO - Processing /opt/airflow/dags/airflow_dag_api_to_kafka.py took 0.143 seconds
[2026-01-31T20:41:06.755+0530] {processor.py:161} INFO - Started process (PID=226) to work on /opt/airflow/dags/airflow_dag_api_to_kafka.py
[2026-01-31T20:41:06.756+0530] {processor.py:830} INFO - Processing file /opt/airflow/dags/airflow_dag_api_to_kafka.py for tasks to queue
[2026-01-31T20:41:06.757+0530] {logging_mixin.py:188} INFO - [2026-01-31T20:41:06.757+0530] {dagbag.py:538} INFO - Filling up the DagBag from /opt/airflow/dags/airflow_dag_api_to_kafka.py
[2026-01-31T20:41:06.815+0530] {processor.py:840} INFO - DAG(s) 'tle_api_to_kafka_streaming' retrieved from /opt/airflow/dags/airflow_dag_api_to_kafka.py
[2026-01-31T20:41:06.848+0530] {logging_mixin.py:188} INFO - [2026-01-31T20:41:06.848+0530] {dag.py:3036} INFO - Sync 1 DAGs
[2026-01-31T20:41:06.879+0530] {logging_mixin.py:188} INFO - [2026-01-31T20:41:06.879+0530] {dag.py:3823} INFO - Setting next_dagrun for tle_api_to_kafka_streaming to 2026-01-31 14:30:00+00:00, run_after=2026-01-31 15:30:00+00:00
[2026-01-31T20:41:06.897+0530] {processor.py:183} INFO - Processing /opt/airflow/dags/airflow_dag_api_to_kafka.py took 0.145 seconds
[2026-01-31T20:41:37.002+0530] {processor.py:161} INFO - Started process (PID=236) to work on /opt/airflow/dags/airflow_dag_api_to_kafka.py
[2026-01-31T20:41:37.003+0530] {processor.py:830} INFO - Processing file /opt/airflow/dags/airflow_dag_api_to_kafka.py for tasks to queue
[2026-01-31T20:41:37.004+0530] {logging_mixin.py:188} INFO - [2026-01-31T20:41:37.004+0530] {dagbag.py:538} INFO - Filling up the DagBag from /opt/airflow/dags/airflow_dag_api_to_kafka.py
[2026-01-31T20:41:37.061+0530] {processor.py:840} INFO - DAG(s) 'tle_api_to_kafka_streaming' retrieved from /opt/airflow/dags/airflow_dag_api_to_kafka.py
[2026-01-31T20:41:37.100+0530] {logging_mixin.py:188} INFO - [2026-01-31T20:41:37.100+0530] {dag.py:3036} INFO - Sync 1 DAGs
[2026-01-31T20:41:37.133+0530] {logging_mixin.py:188} INFO - [2026-01-31T20:41:37.133+0530] {dag.py:3823} INFO - Setting next_dagrun for tle_api_to_kafka_streaming to 2026-01-31 14:30:00+00:00, run_after=2026-01-31 15:30:00+00:00
[2026-01-31T20:41:37.152+0530] {processor.py:183} INFO - Processing /opt/airflow/dags/airflow_dag_api_to_kafka.py took 0.153 seconds
[2026-01-31T20:42:07.240+0530] {processor.py:161} INFO - Started process (PID=246) to work on /opt/airflow/dags/airflow_dag_api_to_kafka.py
[2026-01-31T20:42:07.240+0530] {processor.py:830} INFO - Processing file /opt/airflow/dags/airflow_dag_api_to_kafka.py for tasks to queue
[2026-01-31T20:42:07.241+0530] {logging_mixin.py:188} INFO - [2026-01-31T20:42:07.241+0530] {dagbag.py:538} INFO - Filling up the DagBag from /opt/airflow/dags/airflow_dag_api_to_kafka.py
[2026-01-31T20:42:07.315+0530] {processor.py:840} INFO - DAG(s) 'tle_api_to_kafka_streaming' retrieved from /opt/airflow/dags/airflow_dag_api_to_kafka.py
[2026-01-31T20:42:07.358+0530] {logging_mixin.py:188} INFO - [2026-01-31T20:42:07.357+0530] {dag.py:3036} INFO - Sync 1 DAGs
[2026-01-31T20:42:07.401+0530] {logging_mixin.py:188} INFO - [2026-01-31T20:42:07.400+0530] {dag.py:3823} INFO - Setting next_dagrun for tle_api_to_kafka_streaming to 2026-01-31 14:30:00+00:00, run_after=2026-01-31 15:30:00+00:00
[2026-01-31T20:42:07.431+0530] {processor.py:183} INFO - Processing /opt/airflow/dags/airflow_dag_api_to_kafka.py took 0.195 seconds
[2026-01-31T20:42:37.477+0530] {processor.py:161} INFO - Started process (PID=271) to work on /opt/airflow/dags/airflow_dag_api_to_kafka.py
[2026-01-31T20:42:37.478+0530] {processor.py:830} INFO - Processing file /opt/airflow/dags/airflow_dag_api_to_kafka.py for tasks to queue
[2026-01-31T20:42:37.479+0530] {logging_mixin.py:188} INFO - [2026-01-31T20:42:37.479+0530] {dagbag.py:538} INFO - Filling up the DagBag from /opt/airflow/dags/airflow_dag_api_to_kafka.py
[2026-01-31T20:42:37.542+0530] {processor.py:840} INFO - DAG(s) 'tle_api_to_kafka_streaming' retrieved from /opt/airflow/dags/airflow_dag_api_to_kafka.py
[2026-01-31T20:42:37.579+0530] {logging_mixin.py:188} INFO - [2026-01-31T20:42:37.578+0530] {dag.py:3036} INFO - Sync 1 DAGs
[2026-01-31T20:42:37.620+0530] {logging_mixin.py:188} INFO - [2026-01-31T20:42:37.620+0530] {dag.py:3823} INFO - Setting next_dagrun for tle_api_to_kafka_streaming to 2026-01-31 14:30:00+00:00, run_after=2026-01-31 15:30:00+00:00
[2026-01-31T20:42:37.642+0530] {processor.py:183} INFO - Processing /opt/airflow/dags/airflow_dag_api_to_kafka.py took 0.168 seconds
[2026-01-31T20:43:07.702+0530] {processor.py:161} INFO - Started process (PID=281) to work on /opt/airflow/dags/airflow_dag_api_to_kafka.py
[2026-01-31T20:43:07.703+0530] {processor.py:830} INFO - Processing file /opt/airflow/dags/airflow_dag_api_to_kafka.py for tasks to queue
[2026-01-31T20:43:07.704+0530] {logging_mixin.py:188} INFO - [2026-01-31T20:43:07.703+0530] {dagbag.py:538} INFO - Filling up the DagBag from /opt/airflow/dags/airflow_dag_api_to_kafka.py
[2026-01-31T20:43:07.759+0530] {processor.py:840} INFO - DAG(s) 'tle_api_to_kafka_streaming' retrieved from /opt/airflow/dags/airflow_dag_api_to_kafka.py
[2026-01-31T20:43:07.789+0530] {logging_mixin.py:188} INFO - [2026-01-31T20:43:07.789+0530] {dag.py:3036} INFO - Sync 1 DAGs
[2026-01-31T20:43:07.818+0530] {logging_mixin.py:188} INFO - [2026-01-31T20:43:07.818+0530] {dag.py:3823} INFO - Setting next_dagrun for tle_api_to_kafka_streaming to 2026-01-31 14:30:00+00:00, run_after=2026-01-31 15:30:00+00:00
[2026-01-31T20:43:07.837+0530] {processor.py:183} INFO - Processing /opt/airflow/dags/airflow_dag_api_to_kafka.py took 0.139 seconds
[2026-01-31T20:43:37.920+0530] {processor.py:161} INFO - Started process (PID=291) to work on /opt/airflow/dags/airflow_dag_api_to_kafka.py
[2026-01-31T20:43:37.921+0530] {processor.py:830} INFO - Processing file /opt/airflow/dags/airflow_dag_api_to_kafka.py for tasks to queue
[2026-01-31T20:43:37.922+0530] {logging_mixin.py:188} INFO - [2026-01-31T20:43:37.921+0530] {dagbag.py:538} INFO - Filling up the DagBag from /opt/airflow/dags/airflow_dag_api_to_kafka.py
[2026-01-31T20:43:37.984+0530] {processor.py:840} INFO - DAG(s) 'tle_api_to_kafka_streaming' retrieved from /opt/airflow/dags/airflow_dag_api_to_kafka.py
[2026-01-31T20:43:38.017+0530] {logging_mixin.py:188} INFO - [2026-01-31T20:43:38.017+0530] {dag.py:3036} INFO - Sync 1 DAGs
[2026-01-31T20:43:38.055+0530] {logging_mixin.py:188} INFO - [2026-01-31T20:43:38.055+0530] {dag.py:3823} INFO - Setting next_dagrun for tle_api_to_kafka_streaming to 2026-01-31 14:30:00+00:00, run_after=2026-01-31 15:30:00+00:00
[2026-01-31T20:43:38.078+0530] {processor.py:183} INFO - Processing /opt/airflow/dags/airflow_dag_api_to_kafka.py took 0.161 seconds
[2026-01-31T20:44:08.152+0530] {processor.py:161} INFO - Started process (PID=301) to work on /opt/airflow/dags/airflow_dag_api_to_kafka.py
[2026-01-31T20:44:08.152+0530] {processor.py:830} INFO - Processing file /opt/airflow/dags/airflow_dag_api_to_kafka.py for tasks to queue
[2026-01-31T20:44:08.153+0530] {logging_mixin.py:188} INFO - [2026-01-31T20:44:08.153+0530] {dagbag.py:538} INFO - Filling up the DagBag from /opt/airflow/dags/airflow_dag_api_to_kafka.py
[2026-01-31T20:44:08.231+0530] {processor.py:840} INFO - DAG(s) 'tle_api_to_kafka_streaming' retrieved from /opt/airflow/dags/airflow_dag_api_to_kafka.py
[2026-01-31T20:44:08.270+0530] {logging_mixin.py:188} INFO - [2026-01-31T20:44:08.269+0530] {dag.py:3036} INFO - Sync 1 DAGs
[2026-01-31T20:44:08.308+0530] {logging_mixin.py:188} INFO - [2026-01-31T20:44:08.308+0530] {dag.py:3823} INFO - Setting next_dagrun for tle_api_to_kafka_streaming to 2026-01-31 14:30:00+00:00, run_after=2026-01-31 15:30:00+00:00
[2026-01-31T20:44:08.334+0530] {processor.py:183} INFO - Processing /opt/airflow/dags/airflow_dag_api_to_kafka.py took 0.186 seconds
[2026-01-31T20:44:38.395+0530] {processor.py:161} INFO - Started process (PID=311) to work on /opt/airflow/dags/airflow_dag_api_to_kafka.py
[2026-01-31T20:44:38.396+0530] {processor.py:830} INFO - Processing file /opt/airflow/dags/airflow_dag_api_to_kafka.py for tasks to queue
[2026-01-31T20:44:38.397+0530] {logging_mixin.py:188} INFO - [2026-01-31T20:44:38.396+0530] {dagbag.py:538} INFO - Filling up the DagBag from /opt/airflow/dags/airflow_dag_api_to_kafka.py
[2026-01-31T20:44:38.470+0530] {processor.py:840} INFO - DAG(s) 'tle_api_to_kafka_streaming' retrieved from /opt/airflow/dags/airflow_dag_api_to_kafka.py
[2026-01-31T20:44:38.503+0530] {logging_mixin.py:188} INFO - [2026-01-31T20:44:38.503+0530] {dag.py:3036} INFO - Sync 1 DAGs
[2026-01-31T20:44:38.541+0530] {logging_mixin.py:188} INFO - [2026-01-31T20:44:38.541+0530] {dag.py:3823} INFO - Setting next_dagrun for tle_api_to_kafka_streaming to 2026-01-31 14:30:00+00:00, run_after=2026-01-31 15:30:00+00:00
[2026-01-31T20:44:38.566+0530] {processor.py:183} INFO - Processing /opt/airflow/dags/airflow_dag_api_to_kafka.py took 0.174 seconds
[2026-01-31T20:45:08.641+0530] {processor.py:161} INFO - Started process (PID=321) to work on /opt/airflow/dags/airflow_dag_api_to_kafka.py
[2026-01-31T20:45:08.642+0530] {processor.py:830} INFO - Processing file /opt/airflow/dags/airflow_dag_api_to_kafka.py for tasks to queue
[2026-01-31T20:45:08.643+0530] {logging_mixin.py:188} INFO - [2026-01-31T20:45:08.642+0530] {dagbag.py:538} INFO - Filling up the DagBag from /opt/airflow/dags/airflow_dag_api_to_kafka.py
[2026-01-31T20:45:08.700+0530] {processor.py:840} INFO - DAG(s) 'tle_api_to_kafka_streaming' retrieved from /opt/airflow/dags/airflow_dag_api_to_kafka.py
[2026-01-31T20:45:08.731+0530] {logging_mixin.py:188} INFO - [2026-01-31T20:45:08.730+0530] {dag.py:3036} INFO - Sync 1 DAGs
[2026-01-31T20:45:08.767+0530] {logging_mixin.py:188} INFO - [2026-01-31T20:45:08.767+0530] {dag.py:3823} INFO - Setting next_dagrun for tle_api_to_kafka_streaming to 2026-01-31 14:30:00+00:00, run_after=2026-01-31 15:30:00+00:00
[2026-01-31T20:45:08.785+0530] {processor.py:183} INFO - Processing /opt/airflow/dags/airflow_dag_api_to_kafka.py took 0.148 seconds
[2026-01-31T20:45:38.882+0530] {processor.py:161} INFO - Started process (PID=331) to work on /opt/airflow/dags/airflow_dag_api_to_kafka.py
[2026-01-31T20:45:38.883+0530] {processor.py:830} INFO - Processing file /opt/airflow/dags/airflow_dag_api_to_kafka.py for tasks to queue
[2026-01-31T20:45:38.884+0530] {logging_mixin.py:188} INFO - [2026-01-31T20:45:38.884+0530] {dagbag.py:538} INFO - Filling up the DagBag from /opt/airflow/dags/airflow_dag_api_to_kafka.py
[2026-01-31T20:45:38.938+0530] {processor.py:840} INFO - DAG(s) 'tle_api_to_kafka_streaming' retrieved from /opt/airflow/dags/airflow_dag_api_to_kafka.py
[2026-01-31T20:45:38.971+0530] {logging_mixin.py:188} INFO - [2026-01-31T20:45:38.970+0530] {dag.py:3036} INFO - Sync 1 DAGs
[2026-01-31T20:45:39.000+0530] {logging_mixin.py:188} INFO - [2026-01-31T20:45:39.000+0530] {dag.py:3823} INFO - Setting next_dagrun for tle_api_to_kafka_streaming to 2026-01-31 14:30:00+00:00, run_after=2026-01-31 15:30:00+00:00
[2026-01-31T20:45:39.022+0530] {processor.py:183} INFO - Processing /opt/airflow/dags/airflow_dag_api_to_kafka.py took 0.143 seconds
[2026-01-31T20:46:09.112+0530] {processor.py:161} INFO - Started process (PID=341) to work on /opt/airflow/dags/airflow_dag_api_to_kafka.py
[2026-01-31T20:46:09.113+0530] {processor.py:830} INFO - Processing file /opt/airflow/dags/airflow_dag_api_to_kafka.py for tasks to queue
[2026-01-31T20:46:09.114+0530] {logging_mixin.py:188} INFO - [2026-01-31T20:46:09.114+0530] {dagbag.py:538} INFO - Filling up the DagBag from /opt/airflow/dags/airflow_dag_api_to_kafka.py
[2026-01-31T20:46:09.187+0530] {processor.py:840} INFO - DAG(s) 'tle_api_to_kafka_streaming' retrieved from /opt/airflow/dags/airflow_dag_api_to_kafka.py
[2026-01-31T20:46:09.220+0530] {logging_mixin.py:188} INFO - [2026-01-31T20:46:09.220+0530] {dag.py:3036} INFO - Sync 1 DAGs
[2026-01-31T20:46:09.251+0530] {logging_mixin.py:188} INFO - [2026-01-31T20:46:09.251+0530] {dag.py:3823} INFO - Setting next_dagrun for tle_api_to_kafka_streaming to 2026-01-31 14:30:00+00:00, run_after=2026-01-31 15:30:00+00:00
[2026-01-31T20:46:09.270+0530] {processor.py:183} INFO - Processing /opt/airflow/dags/airflow_dag_api_to_kafka.py took 0.161 seconds
[2026-01-31T20:46:39.343+0530] {processor.py:161} INFO - Started process (PID=351) to work on /opt/airflow/dags/airflow_dag_api_to_kafka.py
[2026-01-31T20:46:39.344+0530] {processor.py:830} INFO - Processing file /opt/airflow/dags/airflow_dag_api_to_kafka.py for tasks to queue
[2026-01-31T20:46:39.345+0530] {logging_mixin.py:188} INFO - [2026-01-31T20:46:39.345+0530] {dagbag.py:538} INFO - Filling up the DagBag from /opt/airflow/dags/airflow_dag_api_to_kafka.py
[2026-01-31T20:46:39.408+0530] {processor.py:840} INFO - DAG(s) 'tle_api_to_kafka_streaming' retrieved from /opt/airflow/dags/airflow_dag_api_to_kafka.py
[2026-01-31T20:46:39.443+0530] {logging_mixin.py:188} INFO - [2026-01-31T20:46:39.443+0530] {dag.py:3036} INFO - Sync 1 DAGs
[2026-01-31T20:46:39.475+0530] {logging_mixin.py:188} INFO - [2026-01-31T20:46:39.475+0530] {dag.py:3823} INFO - Setting next_dagrun for tle_api_to_kafka_streaming to 2026-01-31 14:30:00+00:00, run_after=2026-01-31 15:30:00+00:00
[2026-01-31T20:46:39.496+0530] {processor.py:183} INFO - Processing /opt/airflow/dags/airflow_dag_api_to_kafka.py took 0.156 seconds
[2026-01-31T20:47:09.572+0530] {processor.py:161} INFO - Started process (PID=361) to work on /opt/airflow/dags/airflow_dag_api_to_kafka.py
[2026-01-31T20:47:09.573+0530] {processor.py:830} INFO - Processing file /opt/airflow/dags/airflow_dag_api_to_kafka.py for tasks to queue
[2026-01-31T20:47:09.573+0530] {logging_mixin.py:188} INFO - [2026-01-31T20:47:09.573+0530] {dagbag.py:538} INFO - Filling up the DagBag from /opt/airflow/dags/airflow_dag_api_to_kafka.py
[2026-01-31T20:47:09.633+0530] {processor.py:840} INFO - DAG(s) 'tle_api_to_kafka_streaming' retrieved from /opt/airflow/dags/airflow_dag_api_to_kafka.py
[2026-01-31T20:47:09.665+0530] {logging_mixin.py:188} INFO - [2026-01-31T20:47:09.665+0530] {dag.py:3036} INFO - Sync 1 DAGs
[2026-01-31T20:47:09.699+0530] {logging_mixin.py:188} INFO - [2026-01-31T20:47:09.699+0530] {dag.py:3823} INFO - Setting next_dagrun for tle_api_to_kafka_streaming to 2026-01-31 14:30:00+00:00, run_after=2026-01-31 15:30:00+00:00
[2026-01-31T20:47:09.720+0530] {processor.py:183} INFO - Processing /opt/airflow/dags/airflow_dag_api_to_kafka.py took 0.151 seconds
[2026-01-31T20:47:39.812+0530] {processor.py:161} INFO - Started process (PID=371) to work on /opt/airflow/dags/airflow_dag_api_to_kafka.py
[2026-01-31T20:47:39.813+0530] {processor.py:830} INFO - Processing file /opt/airflow/dags/airflow_dag_api_to_kafka.py for tasks to queue
[2026-01-31T20:47:39.814+0530] {logging_mixin.py:188} INFO - [2026-01-31T20:47:39.814+0530] {dagbag.py:538} INFO - Filling up the DagBag from /opt/airflow/dags/airflow_dag_api_to_kafka.py
[2026-01-31T20:47:39.900+0530] {processor.py:840} INFO - DAG(s) 'tle_api_to_kafka_streaming' retrieved from /opt/airflow/dags/airflow_dag_api_to_kafka.py
[2026-01-31T20:47:39.940+0530] {logging_mixin.py:188} INFO - [2026-01-31T20:47:39.940+0530] {dag.py:3036} INFO - Sync 1 DAGs
[2026-01-31T20:47:39.972+0530] {logging_mixin.py:188} INFO - [2026-01-31T20:47:39.972+0530] {dag.py:3823} INFO - Setting next_dagrun for tle_api_to_kafka_streaming to 2026-01-31 14:30:00+00:00, run_after=2026-01-31 15:30:00+00:00
[2026-01-31T20:47:39.991+0530] {processor.py:183} INFO - Processing /opt/airflow/dags/airflow_dag_api_to_kafka.py took 0.183 seconds
[2026-01-31T20:48:10.048+0530] {processor.py:161} INFO - Started process (PID=381) to work on /opt/airflow/dags/airflow_dag_api_to_kafka.py
[2026-01-31T20:48:10.049+0530] {processor.py:830} INFO - Processing file /opt/airflow/dags/airflow_dag_api_to_kafka.py for tasks to queue
[2026-01-31T20:48:10.050+0530] {logging_mixin.py:188} INFO - [2026-01-31T20:48:10.050+0530] {dagbag.py:538} INFO - Filling up the DagBag from /opt/airflow/dags/airflow_dag_api_to_kafka.py
[2026-01-31T20:48:10.126+0530] {processor.py:840} INFO - DAG(s) 'tle_api_to_kafka_streaming' retrieved from /opt/airflow/dags/airflow_dag_api_to_kafka.py
[2026-01-31T20:48:10.159+0530] {logging_mixin.py:188} INFO - [2026-01-31T20:48:10.158+0530] {dag.py:3036} INFO - Sync 1 DAGs
[2026-01-31T20:48:10.203+0530] {logging_mixin.py:188} INFO - [2026-01-31T20:48:10.203+0530] {dag.py:3823} INFO - Setting next_dagrun for tle_api_to_kafka_streaming to 2026-01-31 14:30:00+00:00, run_after=2026-01-31 15:30:00+00:00
[2026-01-31T20:48:10.234+0530] {processor.py:183} INFO - Processing /opt/airflow/dags/airflow_dag_api_to_kafka.py took 0.189 seconds
[2026-01-31T20:48:40.279+0530] {processor.py:161} INFO - Started process (PID=391) to work on /opt/airflow/dags/airflow_dag_api_to_kafka.py
[2026-01-31T20:48:40.280+0530] {processor.py:830} INFO - Processing file /opt/airflow/dags/airflow_dag_api_to_kafka.py for tasks to queue
[2026-01-31T20:48:40.281+0530] {logging_mixin.py:188} INFO - [2026-01-31T20:48:40.281+0530] {dagbag.py:538} INFO - Filling up the DagBag from /opt/airflow/dags/airflow_dag_api_to_kafka.py
[2026-01-31T20:48:40.339+0530] {processor.py:840} INFO - DAG(s) 'tle_api_to_kafka_streaming' retrieved from /opt/airflow/dags/airflow_dag_api_to_kafka.py
[2026-01-31T20:48:40.375+0530] {logging_mixin.py:188} INFO - [2026-01-31T20:48:40.375+0530] {dag.py:3036} INFO - Sync 1 DAGs
[2026-01-31T20:48:40.410+0530] {logging_mixin.py:188} INFO - [2026-01-31T20:48:40.410+0530] {dag.py:3823} INFO - Setting next_dagrun for tle_api_to_kafka_streaming to 2026-01-31 14:30:00+00:00, run_after=2026-01-31 15:30:00+00:00
[2026-01-31T20:48:40.431+0530] {processor.py:183} INFO - Processing /opt/airflow/dags/airflow_dag_api_to_kafka.py took 0.156 seconds
[2026-01-31T20:49:10.516+0530] {processor.py:161} INFO - Started process (PID=401) to work on /opt/airflow/dags/airflow_dag_api_to_kafka.py
[2026-01-31T20:49:10.517+0530] {processor.py:830} INFO - Processing file /opt/airflow/dags/airflow_dag_api_to_kafka.py for tasks to queue
[2026-01-31T20:49:10.518+0530] {logging_mixin.py:188} INFO - [2026-01-31T20:49:10.518+0530] {dagbag.py:538} INFO - Filling up the DagBag from /opt/airflow/dags/airflow_dag_api_to_kafka.py
[2026-01-31T20:49:10.574+0530] {processor.py:840} INFO - DAG(s) 'tle_api_to_kafka_streaming' retrieved from /opt/airflow/dags/airflow_dag_api_to_kafka.py
[2026-01-31T20:49:10.606+0530] {logging_mixin.py:188} INFO - [2026-01-31T20:49:10.606+0530] {dag.py:3036} INFO - Sync 1 DAGs
[2026-01-31T20:49:10.644+0530] {logging_mixin.py:188} INFO - [2026-01-31T20:49:10.643+0530] {dag.py:3823} INFO - Setting next_dagrun for tle_api_to_kafka_streaming to 2026-01-31 14:30:00+00:00, run_after=2026-01-31 15:30:00+00:00
[2026-01-31T20:49:10.664+0530] {processor.py:183} INFO - Processing /opt/airflow/dags/airflow_dag_api_to_kafka.py took 0.152 seconds
[2026-01-31T20:49:40.745+0530] {processor.py:161} INFO - Started process (PID=411) to work on /opt/airflow/dags/airflow_dag_api_to_kafka.py
[2026-01-31T20:49:40.746+0530] {processor.py:830} INFO - Processing file /opt/airflow/dags/airflow_dag_api_to_kafka.py for tasks to queue
[2026-01-31T20:49:40.746+0530] {logging_mixin.py:188} INFO - [2026-01-31T20:49:40.746+0530] {dagbag.py:538} INFO - Filling up the DagBag from /opt/airflow/dags/airflow_dag_api_to_kafka.py
[2026-01-31T20:49:40.803+0530] {processor.py:840} INFO - DAG(s) 'tle_api_to_kafka_streaming' retrieved from /opt/airflow/dags/airflow_dag_api_to_kafka.py
[2026-01-31T20:49:40.841+0530] {logging_mixin.py:188} INFO - [2026-01-31T20:49:40.841+0530] {dag.py:3036} INFO - Sync 1 DAGs
[2026-01-31T20:49:40.880+0530] {logging_mixin.py:188} INFO - [2026-01-31T20:49:40.880+0530] {dag.py:3823} INFO - Setting next_dagrun for tle_api_to_kafka_streaming to 2026-01-31 14:30:00+00:00, run_after=2026-01-31 15:30:00+00:00
[2026-01-31T20:49:40.902+0530] {processor.py:183} INFO - Processing /opt/airflow/dags/airflow_dag_api_to_kafka.py took 0.161 seconds
[2026-01-31T20:50:10.968+0530] {processor.py:161} INFO - Started process (PID=421) to work on /opt/airflow/dags/airflow_dag_api_to_kafka.py
[2026-01-31T20:50:10.969+0530] {processor.py:830} INFO - Processing file /opt/airflow/dags/airflow_dag_api_to_kafka.py for tasks to queue
[2026-01-31T20:50:10.969+0530] {logging_mixin.py:188} INFO - [2026-01-31T20:50:10.969+0530] {dagbag.py:538} INFO - Filling up the DagBag from /opt/airflow/dags/airflow_dag_api_to_kafka.py
[2026-01-31T20:50:11.024+0530] {processor.py:840} INFO - DAG(s) 'tle_api_to_kafka_streaming' retrieved from /opt/airflow/dags/airflow_dag_api_to_kafka.py
[2026-01-31T20:50:11.061+0530] {logging_mixin.py:188} INFO - [2026-01-31T20:50:11.061+0530] {dag.py:3036} INFO - Sync 1 DAGs
[2026-01-31T20:50:11.094+0530] {logging_mixin.py:188} INFO - [2026-01-31T20:50:11.093+0530] {dag.py:3823} INFO - Setting next_dagrun for tle_api_to_kafka_streaming to 2026-01-31 14:30:00+00:00, run_after=2026-01-31 15:30:00+00:00
[2026-01-31T20:50:11.114+0530] {processor.py:183} INFO - Processing /opt/airflow/dags/airflow_dag_api_to_kafka.py took 0.149 seconds
[2026-01-31T20:50:41.203+0530] {processor.py:161} INFO - Started process (PID=431) to work on /opt/airflow/dags/airflow_dag_api_to_kafka.py
[2026-01-31T20:50:41.204+0530] {processor.py:830} INFO - Processing file /opt/airflow/dags/airflow_dag_api_to_kafka.py for tasks to queue
[2026-01-31T20:50:41.205+0530] {logging_mixin.py:188} INFO - [2026-01-31T20:50:41.205+0530] {dagbag.py:538} INFO - Filling up the DagBag from /opt/airflow/dags/airflow_dag_api_to_kafka.py
[2026-01-31T20:50:41.261+0530] {processor.py:840} INFO - DAG(s) 'tle_api_to_kafka_streaming' retrieved from /opt/airflow/dags/airflow_dag_api_to_kafka.py
[2026-01-31T20:50:41.292+0530] {logging_mixin.py:188} INFO - [2026-01-31T20:50:41.292+0530] {dag.py:3036} INFO - Sync 1 DAGs
[2026-01-31T20:50:41.322+0530] {logging_mixin.py:188} INFO - [2026-01-31T20:50:41.322+0530] {dag.py:3823} INFO - Setting next_dagrun for tle_api_to_kafka_streaming to 2026-01-31 14:30:00+00:00, run_after=2026-01-31 15:30:00+00:00
[2026-01-31T20:50:41.342+0530] {processor.py:183} INFO - Processing /opt/airflow/dags/airflow_dag_api_to_kafka.py took 0.142 seconds
[2026-01-31T20:51:11.406+0530] {processor.py:161} INFO - Started process (PID=441) to work on /opt/airflow/dags/airflow_dag_api_to_kafka.py
[2026-01-31T20:51:11.406+0530] {processor.py:830} INFO - Processing file /opt/airflow/dags/airflow_dag_api_to_kafka.py for tasks to queue
[2026-01-31T20:51:11.407+0530] {logging_mixin.py:188} INFO - [2026-01-31T20:51:11.407+0530] {dagbag.py:538} INFO - Filling up the DagBag from /opt/airflow/dags/airflow_dag_api_to_kafka.py
[2026-01-31T20:51:11.448+0530] {processor.py:840} INFO - DAG(s) 'tle_api_to_kafka_streaming' retrieved from /opt/airflow/dags/airflow_dag_api_to_kafka.py
[2026-01-31T20:51:11.474+0530] {logging_mixin.py:188} INFO - [2026-01-31T20:51:11.474+0530] {dag.py:3036} INFO - Sync 1 DAGs
[2026-01-31T20:51:11.500+0530] {logging_mixin.py:188} INFO - [2026-01-31T20:51:11.500+0530] {dag.py:3823} INFO - Setting next_dagrun for tle_api_to_kafka_streaming to 2026-01-31 14:30:00+00:00, run_after=2026-01-31 15:30:00+00:00
[2026-01-31T20:51:11.516+0530] {processor.py:183} INFO - Processing /opt/airflow/dags/airflow_dag_api_to_kafka.py took 0.114 seconds
[2026-01-31T20:51:41.590+0530] {processor.py:161} INFO - Started process (PID=451) to work on /opt/airflow/dags/airflow_dag_api_to_kafka.py
[2026-01-31T20:51:41.590+0530] {processor.py:830} INFO - Processing file /opt/airflow/dags/airflow_dag_api_to_kafka.py for tasks to queue
[2026-01-31T20:51:41.591+0530] {logging_mixin.py:188} INFO - [2026-01-31T20:51:41.591+0530] {dagbag.py:538} INFO - Filling up the DagBag from /opt/airflow/dags/airflow_dag_api_to_kafka.py
[2026-01-31T20:51:41.634+0530] {processor.py:840} INFO - DAG(s) 'tle_api_to_kafka_streaming' retrieved from /opt/airflow/dags/airflow_dag_api_to_kafka.py
[2026-01-31T20:51:41.661+0530] {logging_mixin.py:188} INFO - [2026-01-31T20:51:41.661+0530] {dag.py:3036} INFO - Sync 1 DAGs
[2026-01-31T20:51:41.688+0530] {logging_mixin.py:188} INFO - [2026-01-31T20:51:41.688+0530] {dag.py:3823} INFO - Setting next_dagrun for tle_api_to_kafka_streaming to 2026-01-31 14:30:00+00:00, run_after=2026-01-31 15:30:00+00:00
[2026-01-31T20:51:41.703+0530] {processor.py:183} INFO - Processing /opt/airflow/dags/airflow_dag_api_to_kafka.py took 0.116 seconds
[2026-01-31T20:52:11.786+0530] {processor.py:161} INFO - Started process (PID=461) to work on /opt/airflow/dags/airflow_dag_api_to_kafka.py
[2026-01-31T20:52:11.787+0530] {processor.py:830} INFO - Processing file /opt/airflow/dags/airflow_dag_api_to_kafka.py for tasks to queue
[2026-01-31T20:52:11.788+0530] {logging_mixin.py:188} INFO - [2026-01-31T20:52:11.787+0530] {dagbag.py:538} INFO - Filling up the DagBag from /opt/airflow/dags/airflow_dag_api_to_kafka.py
[2026-01-31T20:52:11.829+0530] {processor.py:840} INFO - DAG(s) 'tle_api_to_kafka_streaming' retrieved from /opt/airflow/dags/airflow_dag_api_to_kafka.py
[2026-01-31T20:52:11.855+0530] {logging_mixin.py:188} INFO - [2026-01-31T20:52:11.855+0530] {dag.py:3036} INFO - Sync 1 DAGs
[2026-01-31T20:52:11.880+0530] {logging_mixin.py:188} INFO - [2026-01-31T20:52:11.880+0530] {dag.py:3823} INFO - Setting next_dagrun for tle_api_to_kafka_streaming to 2026-01-31 14:30:00+00:00, run_after=2026-01-31 15:30:00+00:00
[2026-01-31T20:52:11.897+0530] {processor.py:183} INFO - Processing /opt/airflow/dags/airflow_dag_api_to_kafka.py took 0.113 seconds
[2026-01-31T20:52:41.975+0530] {processor.py:161} INFO - Started process (PID=471) to work on /opt/airflow/dags/airflow_dag_api_to_kafka.py
[2026-01-31T20:52:41.976+0530] {processor.py:830} INFO - Processing file /opt/airflow/dags/airflow_dag_api_to_kafka.py for tasks to queue
[2026-01-31T20:52:41.976+0530] {logging_mixin.py:188} INFO - [2026-01-31T20:52:41.976+0530] {dagbag.py:538} INFO - Filling up the DagBag from /opt/airflow/dags/airflow_dag_api_to_kafka.py
[2026-01-31T20:52:42.018+0530] {processor.py:840} INFO - DAG(s) 'tle_api_to_kafka_streaming' retrieved from /opt/airflow/dags/airflow_dag_api_to_kafka.py
[2026-01-31T20:52:42.044+0530] {logging_mixin.py:188} INFO - [2026-01-31T20:52:42.044+0530] {dag.py:3036} INFO - Sync 1 DAGs
[2026-01-31T20:52:42.070+0530] {logging_mixin.py:188} INFO - [2026-01-31T20:52:42.070+0530] {dag.py:3823} INFO - Setting next_dagrun for tle_api_to_kafka_streaming to 2026-01-31 14:30:00+00:00, run_after=2026-01-31 15:30:00+00:00
[2026-01-31T20:52:42.085+0530] {processor.py:183} INFO - Processing /opt/airflow/dags/airflow_dag_api_to_kafka.py took 0.113 seconds
[2026-01-31T20:53:12.178+0530] {processor.py:161} INFO - Started process (PID=481) to work on /opt/airflow/dags/airflow_dag_api_to_kafka.py
[2026-01-31T20:53:12.178+0530] {processor.py:830} INFO - Processing file /opt/airflow/dags/airflow_dag_api_to_kafka.py for tasks to queue
[2026-01-31T20:53:12.179+0530] {logging_mixin.py:188} INFO - [2026-01-31T20:53:12.179+0530] {dagbag.py:538} INFO - Filling up the DagBag from /opt/airflow/dags/airflow_dag_api_to_kafka.py
[2026-01-31T20:53:12.239+0530] {processor.py:840} INFO - DAG(s) 'tle_api_to_kafka_streaming' retrieved from /opt/airflow/dags/airflow_dag_api_to_kafka.py
[2026-01-31T20:53:12.270+0530] {logging_mixin.py:188} INFO - [2026-01-31T20:53:12.270+0530] {dag.py:3036} INFO - Sync 1 DAGs
[2026-01-31T20:53:12.304+0530] {logging_mixin.py:188} INFO - [2026-01-31T20:53:12.304+0530] {dag.py:3823} INFO - Setting next_dagrun for tle_api_to_kafka_streaming to 2026-01-31 14:30:00+00:00, run_after=2026-01-31 15:30:00+00:00
[2026-01-31T20:53:12.325+0530] {processor.py:183} INFO - Processing /opt/airflow/dags/airflow_dag_api_to_kafka.py took 0.151 seconds
[2026-01-31T20:53:42.394+0530] {processor.py:161} INFO - Started process (PID=491) to work on /opt/airflow/dags/airflow_dag_api_to_kafka.py
[2026-01-31T20:53:42.395+0530] {processor.py:830} INFO - Processing file /opt/airflow/dags/airflow_dag_api_to_kafka.py for tasks to queue
[2026-01-31T20:53:42.396+0530] {logging_mixin.py:188} INFO - [2026-01-31T20:53:42.396+0530] {dagbag.py:538} INFO - Filling up the DagBag from /opt/airflow/dags/airflow_dag_api_to_kafka.py
[2026-01-31T20:53:42.465+0530] {processor.py:840} INFO - DAG(s) 'tle_api_to_kafka_streaming' retrieved from /opt/airflow/dags/airflow_dag_api_to_kafka.py
[2026-01-31T20:53:42.497+0530] {logging_mixin.py:188} INFO - [2026-01-31T20:53:42.497+0530] {dag.py:3036} INFO - Sync 1 DAGs
[2026-01-31T20:53:42.539+0530] {logging_mixin.py:188} INFO - [2026-01-31T20:53:42.538+0530] {dag.py:3823} INFO - Setting next_dagrun for tle_api_to_kafka_streaming to 2026-01-31 14:30:00+00:00, run_after=2026-01-31 15:30:00+00:00
[2026-01-31T20:53:42.565+0530] {processor.py:183} INFO - Processing /opt/airflow/dags/airflow_dag_api_to_kafka.py took 0.174 seconds
[2026-01-31T20:54:12.620+0530] {processor.py:161} INFO - Started process (PID=501) to work on /opt/airflow/dags/airflow_dag_api_to_kafka.py
[2026-01-31T20:54:12.621+0530] {processor.py:830} INFO - Processing file /opt/airflow/dags/airflow_dag_api_to_kafka.py for tasks to queue
[2026-01-31T20:54:12.622+0530] {logging_mixin.py:188} INFO - [2026-01-31T20:54:12.621+0530] {dagbag.py:538} INFO - Filling up the DagBag from /opt/airflow/dags/airflow_dag_api_to_kafka.py
[2026-01-31T20:54:12.679+0530] {processor.py:840} INFO - DAG(s) 'tle_api_to_kafka_streaming' retrieved from /opt/airflow/dags/airflow_dag_api_to_kafka.py
[2026-01-31T20:54:12.711+0530] {logging_mixin.py:188} INFO - [2026-01-31T20:54:12.711+0530] {dag.py:3036} INFO - Sync 1 DAGs
[2026-01-31T20:54:12.745+0530] {logging_mixin.py:188} INFO - [2026-01-31T20:54:12.745+0530] {dag.py:3823} INFO - Setting next_dagrun for tle_api_to_kafka_streaming to 2026-01-31 14:30:00+00:00, run_after=2026-01-31 15:30:00+00:00
[2026-01-31T20:54:12.764+0530] {processor.py:183} INFO - Processing /opt/airflow/dags/airflow_dag_api_to_kafka.py took 0.150 seconds
[2026-01-31T20:54:42.832+0530] {processor.py:161} INFO - Started process (PID=511) to work on /opt/airflow/dags/airflow_dag_api_to_kafka.py
[2026-01-31T20:54:42.832+0530] {processor.py:830} INFO - Processing file /opt/airflow/dags/airflow_dag_api_to_kafka.py for tasks to queue
[2026-01-31T20:54:42.833+0530] {logging_mixin.py:188} INFO - [2026-01-31T20:54:42.833+0530] {dagbag.py:538} INFO - Filling up the DagBag from /opt/airflow/dags/airflow_dag_api_to_kafka.py
[2026-01-31T20:54:42.889+0530] {processor.py:840} INFO - DAG(s) 'tle_api_to_kafka_streaming' retrieved from /opt/airflow/dags/airflow_dag_api_to_kafka.py
[2026-01-31T20:54:42.928+0530] {logging_mixin.py:188} INFO - [2026-01-31T20:54:42.927+0530] {dag.py:3036} INFO - Sync 1 DAGs
[2026-01-31T20:54:42.966+0530] {logging_mixin.py:188} INFO - [2026-01-31T20:54:42.966+0530] {dag.py:3823} INFO - Setting next_dagrun for tle_api_to_kafka_streaming to 2026-01-31 14:30:00+00:00, run_after=2026-01-31 15:30:00+00:00
[2026-01-31T20:54:42.989+0530] {processor.py:183} INFO - Processing /opt/airflow/dags/airflow_dag_api_to_kafka.py took 0.160 seconds
[2026-01-31T20:55:13.066+0530] {processor.py:161} INFO - Started process (PID=521) to work on /opt/airflow/dags/airflow_dag_api_to_kafka.py
[2026-01-31T20:55:13.067+0530] {processor.py:830} INFO - Processing file /opt/airflow/dags/airflow_dag_api_to_kafka.py for tasks to queue
[2026-01-31T20:55:13.068+0530] {logging_mixin.py:188} INFO - [2026-01-31T20:55:13.067+0530] {dagbag.py:538} INFO - Filling up the DagBag from /opt/airflow/dags/airflow_dag_api_to_kafka.py
[2026-01-31T20:55:13.123+0530] {processor.py:840} INFO - DAG(s) 'tle_api_to_kafka_streaming' retrieved from /opt/airflow/dags/airflow_dag_api_to_kafka.py
[2026-01-31T20:55:13.157+0530] {logging_mixin.py:188} INFO - [2026-01-31T20:55:13.156+0530] {dag.py:3036} INFO - Sync 1 DAGs
[2026-01-31T20:55:13.187+0530] {logging_mixin.py:188} INFO - [2026-01-31T20:55:13.187+0530] {dag.py:3823} INFO - Setting next_dagrun for tle_api_to_kafka_streaming to 2026-01-31 14:30:00+00:00, run_after=2026-01-31 15:30:00+00:00
[2026-01-31T20:55:13.208+0530] {processor.py:183} INFO - Processing /opt/airflow/dags/airflow_dag_api_to_kafka.py took 0.145 seconds
[2026-01-31T20:55:43.301+0530] {processor.py:161} INFO - Started process (PID=531) to work on /opt/airflow/dags/airflow_dag_api_to_kafka.py
[2026-01-31T20:55:43.302+0530] {processor.py:830} INFO - Processing file /opt/airflow/dags/airflow_dag_api_to_kafka.py for tasks to queue
[2026-01-31T20:55:43.302+0530] {logging_mixin.py:188} INFO - [2026-01-31T20:55:43.302+0530] {dagbag.py:538} INFO - Filling up the DagBag from /opt/airflow/dags/airflow_dag_api_to_kafka.py
[2026-01-31T20:55:43.356+0530] {processor.py:840} INFO - DAG(s) 'tle_api_to_kafka_streaming' retrieved from /opt/airflow/dags/airflow_dag_api_to_kafka.py
[2026-01-31T20:55:43.388+0530] {logging_mixin.py:188} INFO - [2026-01-31T20:55:43.388+0530] {dag.py:3036} INFO - Sync 1 DAGs
[2026-01-31T20:55:43.422+0530] {logging_mixin.py:188} INFO - [2026-01-31T20:55:43.422+0530] {dag.py:3823} INFO - Setting next_dagrun for tle_api_to_kafka_streaming to 2026-01-31 14:30:00+00:00, run_after=2026-01-31 15:30:00+00:00
[2026-01-31T20:55:43.440+0530] {processor.py:183} INFO - Processing /opt/airflow/dags/airflow_dag_api_to_kafka.py took 0.142 seconds
[2026-01-31T20:56:13.520+0530] {processor.py:161} INFO - Started process (PID=541) to work on /opt/airflow/dags/airflow_dag_api_to_kafka.py
[2026-01-31T20:56:13.521+0530] {processor.py:830} INFO - Processing file /opt/airflow/dags/airflow_dag_api_to_kafka.py for tasks to queue
[2026-01-31T20:56:13.521+0530] {logging_mixin.py:188} INFO - [2026-01-31T20:56:13.521+0530] {dagbag.py:538} INFO - Filling up the DagBag from /opt/airflow/dags/airflow_dag_api_to_kafka.py
[2026-01-31T20:56:13.587+0530] {processor.py:840} INFO - DAG(s) 'tle_api_to_kafka_streaming' retrieved from /opt/airflow/dags/airflow_dag_api_to_kafka.py
[2026-01-31T20:56:13.618+0530] {logging_mixin.py:188} INFO - [2026-01-31T20:56:13.618+0530] {dag.py:3036} INFO - Sync 1 DAGs
[2026-01-31T20:56:13.655+0530] {logging_mixin.py:188} INFO - [2026-01-31T20:56:13.654+0530] {dag.py:3823} INFO - Setting next_dagrun for tle_api_to_kafka_streaming to 2026-01-31 14:30:00+00:00, run_after=2026-01-31 15:30:00+00:00
[2026-01-31T20:56:13.673+0530] {processor.py:183} INFO - Processing /opt/airflow/dags/airflow_dag_api_to_kafka.py took 0.157 seconds
[2026-01-31T20:56:43.743+0530] {processor.py:161} INFO - Started process (PID=551) to work on /opt/airflow/dags/airflow_dag_api_to_kafka.py
[2026-01-31T20:56:43.743+0530] {processor.py:830} INFO - Processing file /opt/airflow/dags/airflow_dag_api_to_kafka.py for tasks to queue
[2026-01-31T20:56:43.744+0530] {logging_mixin.py:188} INFO - [2026-01-31T20:56:43.744+0530] {dagbag.py:538} INFO - Filling up the DagBag from /opt/airflow/dags/airflow_dag_api_to_kafka.py
[2026-01-31T20:56:43.797+0530] {processor.py:840} INFO - DAG(s) 'tle_api_to_kafka_streaming' retrieved from /opt/airflow/dags/airflow_dag_api_to_kafka.py
[2026-01-31T20:56:43.830+0530] {logging_mixin.py:188} INFO - [2026-01-31T20:56:43.830+0530] {dag.py:3036} INFO - Sync 1 DAGs
[2026-01-31T20:56:43.860+0530] {logging_mixin.py:188} INFO - [2026-01-31T20:56:43.860+0530] {dag.py:3823} INFO - Setting next_dagrun for tle_api_to_kafka_streaming to 2026-01-31 14:30:00+00:00, run_after=2026-01-31 15:30:00+00:00
[2026-01-31T20:56:43.881+0530] {processor.py:183} INFO - Processing /opt/airflow/dags/airflow_dag_api_to_kafka.py took 0.142 seconds
[2026-01-31T20:57:13.968+0530] {processor.py:161} INFO - Started process (PID=561) to work on /opt/airflow/dags/airflow_dag_api_to_kafka.py
[2026-01-31T20:57:13.969+0530] {processor.py:830} INFO - Processing file /opt/airflow/dags/airflow_dag_api_to_kafka.py for tasks to queue
[2026-01-31T20:57:13.969+0530] {logging_mixin.py:188} INFO - [2026-01-31T20:57:13.969+0530] {dagbag.py:538} INFO - Filling up the DagBag from /opt/airflow/dags/airflow_dag_api_to_kafka.py
[2026-01-31T20:57:14.024+0530] {processor.py:840} INFO - DAG(s) 'tle_api_to_kafka_streaming' retrieved from /opt/airflow/dags/airflow_dag_api_to_kafka.py
[2026-01-31T20:57:14.055+0530] {logging_mixin.py:188} INFO - [2026-01-31T20:57:14.055+0530] {dag.py:3036} INFO - Sync 1 DAGs
[2026-01-31T20:57:14.090+0530] {logging_mixin.py:188} INFO - [2026-01-31T20:57:14.090+0530] {dag.py:3823} INFO - Setting next_dagrun for tle_api_to_kafka_streaming to 2026-01-31 14:30:00+00:00, run_after=2026-01-31 15:30:00+00:00
[2026-01-31T20:57:14.114+0530] {processor.py:183} INFO - Processing /opt/airflow/dags/airflow_dag_api_to_kafka.py took 0.149 seconds
[2026-01-31T20:57:44.192+0530] {processor.py:161} INFO - Started process (PID=571) to work on /opt/airflow/dags/airflow_dag_api_to_kafka.py
[2026-01-31T20:57:44.193+0530] {processor.py:830} INFO - Processing file /opt/airflow/dags/airflow_dag_api_to_kafka.py for tasks to queue
[2026-01-31T20:57:44.193+0530] {logging_mixin.py:188} INFO - [2026-01-31T20:57:44.193+0530] {dagbag.py:538} INFO - Filling up the DagBag from /opt/airflow/dags/airflow_dag_api_to_kafka.py
[2026-01-31T20:57:44.258+0530] {processor.py:840} INFO - DAG(s) 'tle_api_to_kafka_streaming' retrieved from /opt/airflow/dags/airflow_dag_api_to_kafka.py
[2026-01-31T20:57:44.290+0530] {logging_mixin.py:188} INFO - [2026-01-31T20:57:44.290+0530] {dag.py:3036} INFO - Sync 1 DAGs
[2026-01-31T20:57:44.321+0530] {logging_mixin.py:188} INFO - [2026-01-31T20:57:44.321+0530] {dag.py:3823} INFO - Setting next_dagrun for tle_api_to_kafka_streaming to 2026-01-31 14:30:00+00:00, run_after=2026-01-31 15:30:00+00:00
[2026-01-31T20:57:44.339+0530] {processor.py:183} INFO - Processing /opt/airflow/dags/airflow_dag_api_to_kafka.py took 0.151 seconds
[2026-01-31T20:58:14.418+0530] {processor.py:161} INFO - Started process (PID=581) to work on /opt/airflow/dags/airflow_dag_api_to_kafka.py
[2026-01-31T20:58:14.419+0530] {processor.py:830} INFO - Processing file /opt/airflow/dags/airflow_dag_api_to_kafka.py for tasks to queue
[2026-01-31T20:58:14.419+0530] {logging_mixin.py:188} INFO - [2026-01-31T20:58:14.419+0530] {dagbag.py:538} INFO - Filling up the DagBag from /opt/airflow/dags/airflow_dag_api_to_kafka.py
[2026-01-31T20:58:14.473+0530] {processor.py:840} INFO - DAG(s) 'tle_api_to_kafka_streaming' retrieved from /opt/airflow/dags/airflow_dag_api_to_kafka.py
[2026-01-31T20:58:14.507+0530] {logging_mixin.py:188} INFO - [2026-01-31T20:58:14.507+0530] {dag.py:3036} INFO - Sync 1 DAGs
[2026-01-31T20:58:14.539+0530] {logging_mixin.py:188} INFO - [2026-01-31T20:58:14.538+0530] {dag.py:3823} INFO - Setting next_dagrun for tle_api_to_kafka_streaming to 2026-01-31 14:30:00+00:00, run_after=2026-01-31 15:30:00+00:00
[2026-01-31T20:58:14.562+0530] {processor.py:183} INFO - Processing /opt/airflow/dags/airflow_dag_api_to_kafka.py took 0.148 seconds
[2026-01-31T20:58:44.632+0530] {processor.py:161} INFO - Started process (PID=591) to work on /opt/airflow/dags/airflow_dag_api_to_kafka.py
[2026-01-31T20:58:44.633+0530] {processor.py:830} INFO - Processing file /opt/airflow/dags/airflow_dag_api_to_kafka.py for tasks to queue
[2026-01-31T20:58:44.633+0530] {logging_mixin.py:188} INFO - [2026-01-31T20:58:44.633+0530] {dagbag.py:538} INFO - Filling up the DagBag from /opt/airflow/dags/airflow_dag_api_to_kafka.py
[2026-01-31T20:58:44.701+0530] {processor.py:840} INFO - DAG(s) 'tle_api_to_kafka_streaming' retrieved from /opt/airflow/dags/airflow_dag_api_to_kafka.py
[2026-01-31T20:58:44.733+0530] {logging_mixin.py:188} INFO - [2026-01-31T20:58:44.733+0530] {dag.py:3036} INFO - Sync 1 DAGs
[2026-01-31T20:58:44.765+0530] {logging_mixin.py:188} INFO - [2026-01-31T20:58:44.765+0530] {dag.py:3823} INFO - Setting next_dagrun for tle_api_to_kafka_streaming to 2026-01-31 14:30:00+00:00, run_after=2026-01-31 15:30:00+00:00
[2026-01-31T20:58:44.784+0530] {processor.py:183} INFO - Processing /opt/airflow/dags/airflow_dag_api_to_kafka.py took 0.156 seconds
[2026-01-31T20:59:14.856+0530] {processor.py:161} INFO - Started process (PID=601) to work on /opt/airflow/dags/airflow_dag_api_to_kafka.py
[2026-01-31T20:59:14.857+0530] {processor.py:830} INFO - Processing file /opt/airflow/dags/airflow_dag_api_to_kafka.py for tasks to queue
[2026-01-31T20:59:14.858+0530] {logging_mixin.py:188} INFO - [2026-01-31T20:59:14.857+0530] {dagbag.py:538} INFO - Filling up the DagBag from /opt/airflow/dags/airflow_dag_api_to_kafka.py
[2026-01-31T20:59:14.914+0530] {processor.py:840} INFO - DAG(s) 'tle_api_to_kafka_streaming' retrieved from /opt/airflow/dags/airflow_dag_api_to_kafka.py
[2026-01-31T20:59:14.953+0530] {logging_mixin.py:188} INFO - [2026-01-31T20:59:14.952+0530] {dag.py:3036} INFO - Sync 1 DAGs
[2026-01-31T20:59:14.982+0530] {logging_mixin.py:188} INFO - [2026-01-31T20:59:14.982+0530] {dag.py:3823} INFO - Setting next_dagrun for tle_api_to_kafka_streaming to 2026-01-31 14:30:00+00:00, run_after=2026-01-31 15:30:00+00:00
[2026-01-31T20:59:15.001+0530] {processor.py:183} INFO - Processing /opt/airflow/dags/airflow_dag_api_to_kafka.py took 0.148 seconds
[2026-01-31T20:59:45.079+0530] {processor.py:161} INFO - Started process (PID=611) to work on /opt/airflow/dags/airflow_dag_api_to_kafka.py
[2026-01-31T20:59:45.080+0530] {processor.py:830} INFO - Processing file /opt/airflow/dags/airflow_dag_api_to_kafka.py for tasks to queue
[2026-01-31T20:59:45.081+0530] {logging_mixin.py:188} INFO - [2026-01-31T20:59:45.081+0530] {dagbag.py:538} INFO - Filling up the DagBag from /opt/airflow/dags/airflow_dag_api_to_kafka.py
[2026-01-31T20:59:45.152+0530] {processor.py:840} INFO - DAG(s) 'tle_api_to_kafka_streaming' retrieved from /opt/airflow/dags/airflow_dag_api_to_kafka.py
[2026-01-31T20:59:45.192+0530] {logging_mixin.py:188} INFO - [2026-01-31T20:59:45.191+0530] {dag.py:3036} INFO - Sync 1 DAGs
[2026-01-31T20:59:45.225+0530] {logging_mixin.py:188} INFO - [2026-01-31T20:59:45.225+0530] {dag.py:3823} INFO - Setting next_dagrun for tle_api_to_kafka_streaming to 2026-01-31 14:30:00+00:00, run_after=2026-01-31 15:30:00+00:00
[2026-01-31T20:59:45.247+0530] {processor.py:183} INFO - Processing /opt/airflow/dags/airflow_dag_api_to_kafka.py took 0.171 seconds
[2026-01-31T21:00:15.311+0530] {processor.py:161} INFO - Started process (PID=626) to work on /opt/airflow/dags/airflow_dag_api_to_kafka.py
[2026-01-31T21:00:15.312+0530] {processor.py:830} INFO - Processing file /opt/airflow/dags/airflow_dag_api_to_kafka.py for tasks to queue
[2026-01-31T21:00:15.312+0530] {logging_mixin.py:188} INFO - [2026-01-31T21:00:15.312+0530] {dagbag.py:538} INFO - Filling up the DagBag from /opt/airflow/dags/airflow_dag_api_to_kafka.py
[2026-01-31T21:00:15.384+0530] {processor.py:840} INFO - DAG(s) 'tle_api_to_kafka_streaming' retrieved from /opt/airflow/dags/airflow_dag_api_to_kafka.py
[2026-01-31T21:00:15.420+0530] {logging_mixin.py:188} INFO - [2026-01-31T21:00:15.419+0530] {dag.py:3036} INFO - Sync 1 DAGs
[2026-01-31T21:00:15.484+0530] {logging_mixin.py:188} INFO - [2026-01-31T21:00:15.484+0530] {dag.py:3823} INFO - Setting next_dagrun for tle_api_to_kafka_streaming to 2026-01-31 15:30:00+00:00, run_after=2026-01-31 16:30:00+00:00
[2026-01-31T21:00:15.504+0530] {processor.py:183} INFO - Processing /opt/airflow/dags/airflow_dag_api_to_kafka.py took 0.196 seconds
[2026-01-31T21:00:45.619+0530] {processor.py:161} INFO - Started process (PID=636) to work on /opt/airflow/dags/airflow_dag_api_to_kafka.py
[2026-01-31T21:00:45.620+0530] {processor.py:830} INFO - Processing file /opt/airflow/dags/airflow_dag_api_to_kafka.py for tasks to queue
[2026-01-31T21:00:45.620+0530] {logging_mixin.py:188} INFO - [2026-01-31T21:00:45.620+0530] {dagbag.py:538} INFO - Filling up the DagBag from /opt/airflow/dags/airflow_dag_api_to_kafka.py
[2026-01-31T21:00:45.680+0530] {processor.py:840} INFO - DAG(s) 'tle_api_to_kafka_streaming' retrieved from /opt/airflow/dags/airflow_dag_api_to_kafka.py
[2026-01-31T21:00:45.712+0530] {logging_mixin.py:188} INFO - [2026-01-31T21:00:45.711+0530] {dag.py:3036} INFO - Sync 1 DAGs
[2026-01-31T21:00:45.743+0530] {logging_mixin.py:188} INFO - [2026-01-31T21:00:45.743+0530] {dag.py:3823} INFO - Setting next_dagrun for tle_api_to_kafka_streaming to 2026-01-31 15:30:00+00:00, run_after=2026-01-31 16:30:00+00:00
[2026-01-31T21:00:45.763+0530] {processor.py:183} INFO - Processing /opt/airflow/dags/airflow_dag_api_to_kafka.py took 0.148 seconds
[2026-01-31T21:01:15.871+0530] {processor.py:161} INFO - Started process (PID=648) to work on /opt/airflow/dags/airflow_dag_api_to_kafka.py
[2026-01-31T21:01:15.872+0530] {processor.py:830} INFO - Processing file /opt/airflow/dags/airflow_dag_api_to_kafka.py for tasks to queue
[2026-01-31T21:01:15.873+0530] {logging_mixin.py:188} INFO - [2026-01-31T21:01:15.872+0530] {dagbag.py:538} INFO - Filling up the DagBag from /opt/airflow/dags/airflow_dag_api_to_kafka.py
[2026-01-31T21:01:15.931+0530] {processor.py:840} INFO - DAG(s) 'tle_api_to_kafka_streaming' retrieved from /opt/airflow/dags/airflow_dag_api_to_kafka.py
[2026-01-31T21:01:15.961+0530] {logging_mixin.py:188} INFO - [2026-01-31T21:01:15.961+0530] {dag.py:3036} INFO - Sync 1 DAGs
[2026-01-31T21:01:15.993+0530] {logging_mixin.py:188} INFO - [2026-01-31T21:01:15.992+0530] {dag.py:3823} INFO - Setting next_dagrun for tle_api_to_kafka_streaming to 2026-01-31 15:30:00+00:00, run_after=2026-01-31 16:30:00+00:00
[2026-01-31T21:01:16.012+0530] {processor.py:183} INFO - Processing /opt/airflow/dags/airflow_dag_api_to_kafka.py took 0.145 seconds
[2026-01-31T21:01:46.104+0530] {processor.py:161} INFO - Started process (PID=658) to work on /opt/airflow/dags/airflow_dag_api_to_kafka.py
[2026-01-31T21:01:46.105+0530] {processor.py:830} INFO - Processing file /opt/airflow/dags/airflow_dag_api_to_kafka.py for tasks to queue
[2026-01-31T21:01:46.106+0530] {logging_mixin.py:188} INFO - [2026-01-31T21:01:46.106+0530] {dagbag.py:538} INFO - Filling up the DagBag from /opt/airflow/dags/airflow_dag_api_to_kafka.py
[2026-01-31T21:01:46.174+0530] {processor.py:840} INFO - DAG(s) 'tle_api_to_kafka_streaming' retrieved from /opt/airflow/dags/airflow_dag_api_to_kafka.py
[2026-01-31T21:01:46.205+0530] {logging_mixin.py:188} INFO - [2026-01-31T21:01:46.205+0530] {dag.py:3036} INFO - Sync 1 DAGs
[2026-01-31T21:01:46.240+0530] {logging_mixin.py:188} INFO - [2026-01-31T21:01:46.240+0530] {dag.py:3823} INFO - Setting next_dagrun for tle_api_to_kafka_streaming to 2026-01-31 15:30:00+00:00, run_after=2026-01-31 16:30:00+00:00
[2026-01-31T21:01:46.261+0530] {processor.py:183} INFO - Processing /opt/airflow/dags/airflow_dag_api_to_kafka.py took 0.161 seconds
[2026-01-31T21:02:16.332+0530] {processor.py:161} INFO - Started process (PID=668) to work on /opt/airflow/dags/airflow_dag_api_to_kafka.py
[2026-01-31T21:02:16.333+0530] {processor.py:830} INFO - Processing file /opt/airflow/dags/airflow_dag_api_to_kafka.py for tasks to queue
[2026-01-31T21:02:16.334+0530] {logging_mixin.py:188} INFO - [2026-01-31T21:02:16.334+0530] {dagbag.py:538} INFO - Filling up the DagBag from /opt/airflow/dags/airflow_dag_api_to_kafka.py
[2026-01-31T21:02:16.391+0530] {processor.py:840} INFO - DAG(s) 'tle_api_to_kafka_streaming' retrieved from /opt/airflow/dags/airflow_dag_api_to_kafka.py
[2026-01-31T21:02:16.422+0530] {logging_mixin.py:188} INFO - [2026-01-31T21:02:16.422+0530] {dag.py:3036} INFO - Sync 1 DAGs
[2026-01-31T21:02:16.453+0530] {logging_mixin.py:188} INFO - [2026-01-31T21:02:16.452+0530] {dag.py:3823} INFO - Setting next_dagrun for tle_api_to_kafka_streaming to 2026-01-31 15:30:00+00:00, run_after=2026-01-31 16:30:00+00:00
[2026-01-31T21:02:16.473+0530] {processor.py:183} INFO - Processing /opt/airflow/dags/airflow_dag_api_to_kafka.py took 0.144 seconds
[2026-01-31T21:02:46.559+0530] {processor.py:161} INFO - Started process (PID=678) to work on /opt/airflow/dags/airflow_dag_api_to_kafka.py
[2026-01-31T21:02:46.561+0530] {processor.py:830} INFO - Processing file /opt/airflow/dags/airflow_dag_api_to_kafka.py for tasks to queue
[2026-01-31T21:02:46.561+0530] {logging_mixin.py:188} INFO - [2026-01-31T21:02:46.561+0530] {dagbag.py:538} INFO - Filling up the DagBag from /opt/airflow/dags/airflow_dag_api_to_kafka.py
[2026-01-31T21:02:46.636+0530] {processor.py:840} INFO - DAG(s) 'tle_api_to_kafka_streaming' retrieved from /opt/airflow/dags/airflow_dag_api_to_kafka.py
[2026-01-31T21:02:46.672+0530] {logging_mixin.py:188} INFO - [2026-01-31T21:02:46.672+0530] {dag.py:3036} INFO - Sync 1 DAGs
[2026-01-31T21:02:46.705+0530] {logging_mixin.py:188} INFO - [2026-01-31T21:02:46.705+0530] {dag.py:3823} INFO - Setting next_dagrun for tle_api_to_kafka_streaming to 2026-01-31 15:30:00+00:00, run_after=2026-01-31 16:30:00+00:00
[2026-01-31T21:02:46.728+0530] {processor.py:183} INFO - Processing /opt/airflow/dags/airflow_dag_api_to_kafka.py took 0.172 seconds
[2026-01-31T21:03:16.817+0530] {processor.py:161} INFO - Started process (PID=688) to work on /opt/airflow/dags/airflow_dag_api_to_kafka.py
[2026-01-31T21:03:16.819+0530] {processor.py:830} INFO - Processing file /opt/airflow/dags/airflow_dag_api_to_kafka.py for tasks to queue
[2026-01-31T21:03:16.820+0530] {logging_mixin.py:188} INFO - [2026-01-31T21:03:16.819+0530] {dagbag.py:538} INFO - Filling up the DagBag from /opt/airflow/dags/airflow_dag_api_to_kafka.py
[2026-01-31T21:03:16.877+0530] {processor.py:840} INFO - DAG(s) 'tle_api_to_kafka_streaming' retrieved from /opt/airflow/dags/airflow_dag_api_to_kafka.py
[2026-01-31T21:03:16.915+0530] {logging_mixin.py:188} INFO - [2026-01-31T21:03:16.914+0530] {dag.py:3036} INFO - Sync 1 DAGs
[2026-01-31T21:03:16.949+0530] {logging_mixin.py:188} INFO - [2026-01-31T21:03:16.948+0530] {dag.py:3823} INFO - Setting next_dagrun for tle_api_to_kafka_streaming to 2026-01-31 15:30:00+00:00, run_after=2026-01-31 16:30:00+00:00
[2026-01-31T21:03:16.970+0530] {processor.py:183} INFO - Processing /opt/airflow/dags/airflow_dag_api_to_kafka.py took 0.158 seconds
[2026-01-31T21:03:47.038+0530] {processor.py:161} INFO - Started process (PID=698) to work on /opt/airflow/dags/airflow_dag_api_to_kafka.py
[2026-01-31T21:03:47.040+0530] {processor.py:830} INFO - Processing file /opt/airflow/dags/airflow_dag_api_to_kafka.py for tasks to queue
[2026-01-31T21:03:47.040+0530] {logging_mixin.py:188} INFO - [2026-01-31T21:03:47.040+0530] {dagbag.py:538} INFO - Filling up the DagBag from /opt/airflow/dags/airflow_dag_api_to_kafka.py
[2026-01-31T21:03:47.107+0530] {processor.py:840} INFO - DAG(s) 'tle_api_to_kafka_streaming' retrieved from /opt/airflow/dags/airflow_dag_api_to_kafka.py
[2026-01-31T21:03:47.149+0530] {logging_mixin.py:188} INFO - [2026-01-31T21:03:47.149+0530] {dag.py:3036} INFO - Sync 1 DAGs
[2026-01-31T21:03:47.195+0530] {logging_mixin.py:188} INFO - [2026-01-31T21:03:47.194+0530] {dag.py:3823} INFO - Setting next_dagrun for tle_api_to_kafka_streaming to 2026-01-31 15:30:00+00:00, run_after=2026-01-31 16:30:00+00:00
[2026-01-31T21:03:47.218+0530] {processor.py:183} INFO - Processing /opt/airflow/dags/airflow_dag_api_to_kafka.py took 0.182 seconds
[2026-01-31T21:04:17.276+0530] {processor.py:161} INFO - Started process (PID=708) to work on /opt/airflow/dags/airflow_dag_api_to_kafka.py
[2026-01-31T21:04:17.277+0530] {processor.py:830} INFO - Processing file /opt/airflow/dags/airflow_dag_api_to_kafka.py for tasks to queue
[2026-01-31T21:04:17.278+0530] {logging_mixin.py:188} INFO - [2026-01-31T21:04:17.278+0530] {dagbag.py:538} INFO - Filling up the DagBag from /opt/airflow/dags/airflow_dag_api_to_kafka.py
[2026-01-31T21:04:17.340+0530] {processor.py:840} INFO - DAG(s) 'tle_api_to_kafka_streaming' retrieved from /opt/airflow/dags/airflow_dag_api_to_kafka.py
[2026-01-31T21:04:17.374+0530] {logging_mixin.py:188} INFO - [2026-01-31T21:04:17.374+0530] {dag.py:3036} INFO - Sync 1 DAGs
[2026-01-31T21:04:17.405+0530] {logging_mixin.py:188} INFO - [2026-01-31T21:04:17.404+0530] {dag.py:3823} INFO - Setting next_dagrun for tle_api_to_kafka_streaming to 2026-01-31 15:30:00+00:00, run_after=2026-01-31 16:30:00+00:00
[2026-01-31T21:04:17.426+0530] {processor.py:183} INFO - Processing /opt/airflow/dags/airflow_dag_api_to_kafka.py took 0.154 seconds
[2026-01-31T21:04:47.504+0530] {processor.py:161} INFO - Started process (PID=718) to work on /opt/airflow/dags/airflow_dag_api_to_kafka.py
[2026-01-31T21:04:47.505+0530] {processor.py:830} INFO - Processing file /opt/airflow/dags/airflow_dag_api_to_kafka.py for tasks to queue
[2026-01-31T21:04:47.506+0530] {logging_mixin.py:188} INFO - [2026-01-31T21:04:47.506+0530] {dagbag.py:538} INFO - Filling up the DagBag from /opt/airflow/dags/airflow_dag_api_to_kafka.py
[2026-01-31T21:04:47.590+0530] {processor.py:840} INFO - DAG(s) 'tle_api_to_kafka_streaming' retrieved from /opt/airflow/dags/airflow_dag_api_to_kafka.py
[2026-01-31T21:04:47.637+0530] {logging_mixin.py:188} INFO - [2026-01-31T21:04:47.636+0530] {dag.py:3036} INFO - Sync 1 DAGs
[2026-01-31T21:04:47.680+0530] {logging_mixin.py:188} INFO - [2026-01-31T21:04:47.680+0530] {dag.py:3823} INFO - Setting next_dagrun for tle_api_to_kafka_streaming to 2026-01-31 15:30:00+00:00, run_after=2026-01-31 16:30:00+00:00
[2026-01-31T21:04:47.706+0530] {processor.py:183} INFO - Processing /opt/airflow/dags/airflow_dag_api_to_kafka.py took 0.206 seconds
[2026-01-31T21:05:17.747+0530] {processor.py:161} INFO - Started process (PID=728) to work on /opt/airflow/dags/airflow_dag_api_to_kafka.py
[2026-01-31T21:05:17.748+0530] {processor.py:830} INFO - Processing file /opt/airflow/dags/airflow_dag_api_to_kafka.py for tasks to queue
[2026-01-31T21:05:17.749+0530] {logging_mixin.py:188} INFO - [2026-01-31T21:05:17.749+0530] {dagbag.py:538} INFO - Filling up the DagBag from /opt/airflow/dags/airflow_dag_api_to_kafka.py
[2026-01-31T21:05:17.807+0530] {processor.py:840} INFO - DAG(s) 'tle_api_to_kafka_streaming' retrieved from /opt/airflow/dags/airflow_dag_api_to_kafka.py
[2026-01-31T21:05:17.841+0530] {logging_mixin.py:188} INFO - [2026-01-31T21:05:17.841+0530] {dag.py:3036} INFO - Sync 1 DAGs
[2026-01-31T21:05:17.874+0530] {logging_mixin.py:188} INFO - [2026-01-31T21:05:17.873+0530] {dag.py:3823} INFO - Setting next_dagrun for tle_api_to_kafka_streaming to 2026-01-31 15:30:00+00:00, run_after=2026-01-31 16:30:00+00:00
[2026-01-31T21:05:17.896+0530] {processor.py:183} INFO - Processing /opt/airflow/dags/airflow_dag_api_to_kafka.py took 0.152 seconds
[2026-01-31T21:05:47.975+0530] {processor.py:161} INFO - Started process (PID=738) to work on /opt/airflow/dags/airflow_dag_api_to_kafka.py
[2026-01-31T21:05:47.976+0530] {processor.py:830} INFO - Processing file /opt/airflow/dags/airflow_dag_api_to_kafka.py for tasks to queue
[2026-01-31T21:05:47.977+0530] {logging_mixin.py:188} INFO - [2026-01-31T21:05:47.976+0530] {dagbag.py:538} INFO - Filling up the DagBag from /opt/airflow/dags/airflow_dag_api_to_kafka.py
[2026-01-31T21:05:48.040+0530] {processor.py:840} INFO - DAG(s) 'tle_api_to_kafka_streaming' retrieved from /opt/airflow/dags/airflow_dag_api_to_kafka.py
[2026-01-31T21:05:48.072+0530] {logging_mixin.py:188} INFO - [2026-01-31T21:05:48.072+0530] {dag.py:3036} INFO - Sync 1 DAGs
[2026-01-31T21:05:48.106+0530] {logging_mixin.py:188} INFO - [2026-01-31T21:05:48.106+0530] {dag.py:3823} INFO - Setting next_dagrun for tle_api_to_kafka_streaming to 2026-01-31 15:30:00+00:00, run_after=2026-01-31 16:30:00+00:00
[2026-01-31T21:05:48.127+0530] {processor.py:183} INFO - Processing /opt/airflow/dags/airflow_dag_api_to_kafka.py took 0.155 seconds
[2026-01-31T21:06:18.209+0530] {processor.py:161} INFO - Started process (PID=748) to work on /opt/airflow/dags/airflow_dag_api_to_kafka.py
[2026-01-31T21:06:18.210+0530] {processor.py:830} INFO - Processing file /opt/airflow/dags/airflow_dag_api_to_kafka.py for tasks to queue
[2026-01-31T21:06:18.211+0530] {logging_mixin.py:188} INFO - [2026-01-31T21:06:18.211+0530] {dagbag.py:538} INFO - Filling up the DagBag from /opt/airflow/dags/airflow_dag_api_to_kafka.py
[2026-01-31T21:06:18.272+0530] {processor.py:840} INFO - DAG(s) 'tle_api_to_kafka_streaming' retrieved from /opt/airflow/dags/airflow_dag_api_to_kafka.py
[2026-01-31T21:06:18.308+0530] {logging_mixin.py:188} INFO - [2026-01-31T21:06:18.308+0530] {dag.py:3036} INFO - Sync 1 DAGs
[2026-01-31T21:06:18.341+0530] {logging_mixin.py:188} INFO - [2026-01-31T21:06:18.341+0530] {dag.py:3823} INFO - Setting next_dagrun for tle_api_to_kafka_streaming to 2026-01-31 15:30:00+00:00, run_after=2026-01-31 16:30:00+00:00
[2026-01-31T21:06:18.359+0530] {processor.py:183} INFO - Processing /opt/airflow/dags/airflow_dag_api_to_kafka.py took 0.153 seconds
[2026-01-31T21:06:48.428+0530] {processor.py:161} INFO - Started process (PID=758) to work on /opt/airflow/dags/airflow_dag_api_to_kafka.py
[2026-01-31T21:06:48.430+0530] {processor.py:830} INFO - Processing file /opt/airflow/dags/airflow_dag_api_to_kafka.py for tasks to queue
[2026-01-31T21:06:48.430+0530] {logging_mixin.py:188} INFO - [2026-01-31T21:06:48.430+0530] {dagbag.py:538} INFO - Filling up the DagBag from /opt/airflow/dags/airflow_dag_api_to_kafka.py
[2026-01-31T21:06:48.488+0530] {processor.py:840} INFO - DAG(s) 'tle_api_to_kafka_streaming' retrieved from /opt/airflow/dags/airflow_dag_api_to_kafka.py
[2026-01-31T21:06:48.521+0530] {logging_mixin.py:188} INFO - [2026-01-31T21:06:48.520+0530] {dag.py:3036} INFO - Sync 1 DAGs
[2026-01-31T21:06:48.552+0530] {logging_mixin.py:188} INFO - [2026-01-31T21:06:48.552+0530] {dag.py:3823} INFO - Setting next_dagrun for tle_api_to_kafka_streaming to 2026-01-31 15:30:00+00:00, run_after=2026-01-31 16:30:00+00:00
[2026-01-31T21:06:48.571+0530] {processor.py:183} INFO - Processing /opt/airflow/dags/airflow_dag_api_to_kafka.py took 0.146 seconds
[2026-01-31T21:07:18.666+0530] {processor.py:161} INFO - Started process (PID=768) to work on /opt/airflow/dags/airflow_dag_api_to_kafka.py
[2026-01-31T21:07:18.668+0530] {processor.py:830} INFO - Processing file /opt/airflow/dags/airflow_dag_api_to_kafka.py for tasks to queue
[2026-01-31T21:07:18.668+0530] {logging_mixin.py:188} INFO - [2026-01-31T21:07:18.668+0530] {dagbag.py:538} INFO - Filling up the DagBag from /opt/airflow/dags/airflow_dag_api_to_kafka.py
[2026-01-31T21:07:18.724+0530] {processor.py:840} INFO - DAG(s) 'tle_api_to_kafka_streaming' retrieved from /opt/airflow/dags/airflow_dag_api_to_kafka.py
[2026-01-31T21:07:18.754+0530] {logging_mixin.py:188} INFO - [2026-01-31T21:07:18.754+0530] {dag.py:3036} INFO - Sync 1 DAGs
[2026-01-31T21:07:18.784+0530] {logging_mixin.py:188} INFO - [2026-01-31T21:07:18.784+0530] {dag.py:3823} INFO - Setting next_dagrun for tle_api_to_kafka_streaming to 2026-01-31 15:30:00+00:00, run_after=2026-01-31 16:30:00+00:00
[2026-01-31T21:07:18.805+0530] {processor.py:183} INFO - Processing /opt/airflow/dags/airflow_dag_api_to_kafka.py took 0.142 seconds
[2026-01-31T21:07:48.900+0530] {processor.py:161} INFO - Started process (PID=778) to work on /opt/airflow/dags/airflow_dag_api_to_kafka.py
[2026-01-31T21:07:48.901+0530] {processor.py:830} INFO - Processing file /opt/airflow/dags/airflow_dag_api_to_kafka.py for tasks to queue
[2026-01-31T21:07:48.902+0530] {logging_mixin.py:188} INFO - [2026-01-31T21:07:48.901+0530] {dagbag.py:538} INFO - Filling up the DagBag from /opt/airflow/dags/airflow_dag_api_to_kafka.py
[2026-01-31T21:07:48.964+0530] {processor.py:840} INFO - DAG(s) 'tle_api_to_kafka_streaming' retrieved from /opt/airflow/dags/airflow_dag_api_to_kafka.py
[2026-01-31T21:07:48.997+0530] {logging_mixin.py:188} INFO - [2026-01-31T21:07:48.996+0530] {dag.py:3036} INFO - Sync 1 DAGs
[2026-01-31T21:07:49.035+0530] {logging_mixin.py:188} INFO - [2026-01-31T21:07:49.035+0530] {dag.py:3823} INFO - Setting next_dagrun for tle_api_to_kafka_streaming to 2026-01-31 15:30:00+00:00, run_after=2026-01-31 16:30:00+00:00
[2026-01-31T21:07:49.054+0530] {processor.py:183} INFO - Processing /opt/airflow/dags/airflow_dag_api_to_kafka.py took 0.158 seconds
[2026-01-31T21:08:19.131+0530] {processor.py:161} INFO - Started process (PID=788) to work on /opt/airflow/dags/airflow_dag_api_to_kafka.py
[2026-01-31T21:08:19.132+0530] {processor.py:830} INFO - Processing file /opt/airflow/dags/airflow_dag_api_to_kafka.py for tasks to queue
[2026-01-31T21:08:19.133+0530] {logging_mixin.py:188} INFO - [2026-01-31T21:08:19.132+0530] {dagbag.py:538} INFO - Filling up the DagBag from /opt/airflow/dags/airflow_dag_api_to_kafka.py
[2026-01-31T21:08:19.192+0530] {processor.py:840} INFO - DAG(s) 'tle_api_to_kafka_streaming' retrieved from /opt/airflow/dags/airflow_dag_api_to_kafka.py
[2026-01-31T21:08:19.225+0530] {logging_mixin.py:188} INFO - [2026-01-31T21:08:19.225+0530] {dag.py:3036} INFO - Sync 1 DAGs
[2026-01-31T21:08:19.255+0530] {logging_mixin.py:188} INFO - [2026-01-31T21:08:19.255+0530] {dag.py:3823} INFO - Setting next_dagrun for tle_api_to_kafka_streaming to 2026-01-31 15:30:00+00:00, run_after=2026-01-31 16:30:00+00:00
[2026-01-31T21:08:19.274+0530] {processor.py:183} INFO - Processing /opt/airflow/dags/airflow_dag_api_to_kafka.py took 0.146 seconds
[2026-01-31T21:08:49.359+0530] {processor.py:161} INFO - Started process (PID=798) to work on /opt/airflow/dags/airflow_dag_api_to_kafka.py
[2026-01-31T21:08:49.361+0530] {processor.py:830} INFO - Processing file /opt/airflow/dags/airflow_dag_api_to_kafka.py for tasks to queue
[2026-01-31T21:08:49.361+0530] {logging_mixin.py:188} INFO - [2026-01-31T21:08:49.361+0530] {dagbag.py:538} INFO - Filling up the DagBag from /opt/airflow/dags/airflow_dag_api_to_kafka.py
[2026-01-31T21:08:49.422+0530] {processor.py:840} INFO - DAG(s) 'tle_api_to_kafka_streaming' retrieved from /opt/airflow/dags/airflow_dag_api_to_kafka.py
[2026-01-31T21:08:49.454+0530] {logging_mixin.py:188} INFO - [2026-01-31T21:08:49.453+0530] {dag.py:3036} INFO - Sync 1 DAGs
[2026-01-31T21:08:49.497+0530] {logging_mixin.py:188} INFO - [2026-01-31T21:08:49.497+0530] {dag.py:3823} INFO - Setting next_dagrun for tle_api_to_kafka_streaming to 2026-01-31 15:30:00+00:00, run_after=2026-01-31 16:30:00+00:00
[2026-01-31T21:08:49.519+0530] {processor.py:183} INFO - Processing /opt/airflow/dags/airflow_dag_api_to_kafka.py took 0.164 seconds
[2026-01-31T21:09:19.579+0530] {processor.py:161} INFO - Started process (PID=808) to work on /opt/airflow/dags/airflow_dag_api_to_kafka.py
[2026-01-31T21:09:19.580+0530] {processor.py:830} INFO - Processing file /opt/airflow/dags/airflow_dag_api_to_kafka.py for tasks to queue
[2026-01-31T21:09:19.581+0530] {logging_mixin.py:188} INFO - [2026-01-31T21:09:19.581+0530] {dagbag.py:538} INFO - Filling up the DagBag from /opt/airflow/dags/airflow_dag_api_to_kafka.py
[2026-01-31T21:09:19.639+0530] {processor.py:840} INFO - DAG(s) 'tle_api_to_kafka_streaming' retrieved from /opt/airflow/dags/airflow_dag_api_to_kafka.py
[2026-01-31T21:09:19.671+0530] {logging_mixin.py:188} INFO - [2026-01-31T21:09:19.671+0530] {dag.py:3036} INFO - Sync 1 DAGs
[2026-01-31T21:09:19.704+0530] {logging_mixin.py:188} INFO - [2026-01-31T21:09:19.704+0530] {dag.py:3823} INFO - Setting next_dagrun for tle_api_to_kafka_streaming to 2026-01-31 15:30:00+00:00, run_after=2026-01-31 16:30:00+00:00
[2026-01-31T21:09:19.724+0530] {processor.py:183} INFO - Processing /opt/airflow/dags/airflow_dag_api_to_kafka.py took 0.148 seconds
[2026-01-31T21:09:49.870+0530] {processor.py:161} INFO - Started process (PID=816) to work on /opt/airflow/dags/airflow_dag_api_to_kafka.py
[2026-01-31T21:09:49.872+0530] {processor.py:830} INFO - Processing file /opt/airflow/dags/airflow_dag_api_to_kafka.py for tasks to queue
[2026-01-31T21:09:49.873+0530] {logging_mixin.py:188} INFO - [2026-01-31T21:09:49.872+0530] {dagbag.py:538} INFO - Filling up the DagBag from /opt/airflow/dags/airflow_dag_api_to_kafka.py
[2026-01-31T21:09:50.024+0530] {processor.py:840} INFO - DAG(s) 'tle_api_to_kafka_streaming' retrieved from /opt/airflow/dags/airflow_dag_api_to_kafka.py
[2026-01-31T21:09:50.056+0530] {logging_mixin.py:188} INFO - [2026-01-31T21:09:50.056+0530] {dag.py:3036} INFO - Sync 1 DAGs
[2026-01-31T21:09:50.091+0530] {logging_mixin.py:188} INFO - [2026-01-31T21:09:50.091+0530] {dag.py:3823} INFO - Setting next_dagrun for tle_api_to_kafka_streaming to 2026-01-31 15:30:00+00:00, run_after=2026-01-31 16:30:00+00:00
[2026-01-31T21:09:50.109+0530] {processor.py:183} INFO - Processing /opt/airflow/dags/airflow_dag_api_to_kafka.py took 0.251 seconds
[2026-01-31T21:10:20.235+0530] {processor.py:161} INFO - Started process (PID=826) to work on /opt/airflow/dags/airflow_dag_api_to_kafka.py
[2026-01-31T21:10:20.236+0530] {processor.py:830} INFO - Processing file /opt/airflow/dags/airflow_dag_api_to_kafka.py for tasks to queue
[2026-01-31T21:10:20.236+0530] {logging_mixin.py:188} INFO - [2026-01-31T21:10:20.236+0530] {dagbag.py:538} INFO - Filling up the DagBag from /opt/airflow/dags/airflow_dag_api_to_kafka.py
[2026-01-31T21:10:20.323+0530] {processor.py:840} INFO - DAG(s) 'tle_api_to_kafka_streaming' retrieved from /opt/airflow/dags/airflow_dag_api_to_kafka.py
[2026-01-31T21:10:20.356+0530] {logging_mixin.py:188} INFO - [2026-01-31T21:10:20.356+0530] {dag.py:3036} INFO - Sync 1 DAGs
[2026-01-31T21:10:20.392+0530] {logging_mixin.py:188} INFO - [2026-01-31T21:10:20.391+0530] {dag.py:3823} INFO - Setting next_dagrun for tle_api_to_kafka_streaming to 2026-01-31 15:30:00+00:00, run_after=2026-01-31 16:30:00+00:00
[2026-01-31T21:10:20.411+0530] {processor.py:183} INFO - Processing /opt/airflow/dags/airflow_dag_api_to_kafka.py took 0.180 seconds
[2026-01-31T21:10:50.488+0530] {processor.py:161} INFO - Started process (PID=838) to work on /opt/airflow/dags/airflow_dag_api_to_kafka.py
[2026-01-31T21:10:50.489+0530] {processor.py:830} INFO - Processing file /opt/airflow/dags/airflow_dag_api_to_kafka.py for tasks to queue
[2026-01-31T21:10:50.490+0530] {logging_mixin.py:188} INFO - [2026-01-31T21:10:50.489+0530] {dagbag.py:538} INFO - Filling up the DagBag from /opt/airflow/dags/airflow_dag_api_to_kafka.py
[2026-01-31T21:10:50.558+0530] {processor.py:840} INFO - DAG(s) 'tle_api_to_kafka_streaming' retrieved from /opt/airflow/dags/airflow_dag_api_to_kafka.py
[2026-01-31T21:10:50.604+0530] {logging_mixin.py:188} INFO - [2026-01-31T21:10:50.604+0530] {dag.py:3036} INFO - Sync 1 DAGs
[2026-01-31T21:10:50.649+0530] {logging_mixin.py:188} INFO - [2026-01-31T21:10:50.649+0530] {dag.py:3823} INFO - Setting next_dagrun for tle_api_to_kafka_streaming to 2026-01-31 15:30:00+00:00, run_after=2026-01-31 16:30:00+00:00
[2026-01-31T21:10:50.679+0530] {processor.py:183} INFO - Processing /opt/airflow/dags/airflow_dag_api_to_kafka.py took 0.195 seconds
[2026-01-31T21:11:20.730+0530] {processor.py:161} INFO - Started process (PID=848) to work on /opt/airflow/dags/airflow_dag_api_to_kafka.py
[2026-01-31T21:11:20.731+0530] {processor.py:830} INFO - Processing file /opt/airflow/dags/airflow_dag_api_to_kafka.py for tasks to queue
[2026-01-31T21:11:20.732+0530] {logging_mixin.py:188} INFO - [2026-01-31T21:11:20.731+0530] {dagbag.py:538} INFO - Filling up the DagBag from /opt/airflow/dags/airflow_dag_api_to_kafka.py
[2026-01-31T21:11:20.799+0530] {processor.py:840} INFO - DAG(s) 'tle_api_to_kafka_streaming' retrieved from /opt/airflow/dags/airflow_dag_api_to_kafka.py
[2026-01-31T21:11:20.833+0530] {logging_mixin.py:188} INFO - [2026-01-31T21:11:20.833+0530] {dag.py:3036} INFO - Sync 1 DAGs
[2026-01-31T21:11:20.869+0530] {logging_mixin.py:188} INFO - [2026-01-31T21:11:20.869+0530] {dag.py:3823} INFO - Setting next_dagrun for tle_api_to_kafka_streaming to 2026-01-31 15:30:00+00:00, run_after=2026-01-31 16:30:00+00:00
[2026-01-31T21:11:20.893+0530] {processor.py:183} INFO - Processing /opt/airflow/dags/airflow_dag_api_to_kafka.py took 0.167 seconds
[2026-01-31T21:11:51.002+0530] {processor.py:161} INFO - Started process (PID=858) to work on /opt/airflow/dags/airflow_dag_api_to_kafka.py
[2026-01-31T21:11:51.003+0530] {processor.py:830} INFO - Processing file /opt/airflow/dags/airflow_dag_api_to_kafka.py for tasks to queue
[2026-01-31T21:11:51.004+0530] {logging_mixin.py:188} INFO - [2026-01-31T21:11:51.004+0530] {dagbag.py:538} INFO - Filling up the DagBag from /opt/airflow/dags/airflow_dag_api_to_kafka.py
[2026-01-31T21:11:51.071+0530] {processor.py:840} INFO - DAG(s) 'tle_api_to_kafka_streaming' retrieved from /opt/airflow/dags/airflow_dag_api_to_kafka.py
[2026-01-31T21:11:51.105+0530] {logging_mixin.py:188} INFO - [2026-01-31T21:11:51.105+0530] {dag.py:3036} INFO - Sync 1 DAGs
[2026-01-31T21:11:51.143+0530] {logging_mixin.py:188} INFO - [2026-01-31T21:11:51.143+0530] {dag.py:3823} INFO - Setting next_dagrun for tle_api_to_kafka_streaming to 2026-01-31 15:30:00+00:00, run_after=2026-01-31 16:30:00+00:00
[2026-01-31T21:11:51.165+0530] {processor.py:183} INFO - Processing /opt/airflow/dags/airflow_dag_api_to_kafka.py took 0.167 seconds
[2026-01-31T21:12:21.233+0530] {processor.py:161} INFO - Started process (PID=868) to work on /opt/airflow/dags/airflow_dag_api_to_kafka.py
[2026-01-31T21:12:21.234+0530] {processor.py:830} INFO - Processing file /opt/airflow/dags/airflow_dag_api_to_kafka.py for tasks to queue
[2026-01-31T21:12:21.235+0530] {logging_mixin.py:188} INFO - [2026-01-31T21:12:21.235+0530] {dagbag.py:538} INFO - Filling up the DagBag from /opt/airflow/dags/airflow_dag_api_to_kafka.py
[2026-01-31T21:12:21.303+0530] {processor.py:840} INFO - DAG(s) 'tle_api_to_kafka_streaming' retrieved from /opt/airflow/dags/airflow_dag_api_to_kafka.py
[2026-01-31T21:12:21.336+0530] {logging_mixin.py:188} INFO - [2026-01-31T21:12:21.336+0530] {dag.py:3036} INFO - Sync 1 DAGs
[2026-01-31T21:12:21.378+0530] {logging_mixin.py:188} INFO - [2026-01-31T21:12:21.377+0530] {dag.py:3823} INFO - Setting next_dagrun for tle_api_to_kafka_streaming to 2026-01-31 15:30:00+00:00, run_after=2026-01-31 16:30:00+00:00
[2026-01-31T21:12:21.409+0530] {processor.py:183} INFO - Processing /opt/airflow/dags/airflow_dag_api_to_kafka.py took 0.180 seconds
[2026-01-31T21:12:51.472+0530] {processor.py:161} INFO - Started process (PID=878) to work on /opt/airflow/dags/airflow_dag_api_to_kafka.py
[2026-01-31T21:12:51.473+0530] {processor.py:830} INFO - Processing file /opt/airflow/dags/airflow_dag_api_to_kafka.py for tasks to queue
[2026-01-31T21:12:51.474+0530] {logging_mixin.py:188} INFO - [2026-01-31T21:12:51.473+0530] {dagbag.py:538} INFO - Filling up the DagBag from /opt/airflow/dags/airflow_dag_api_to_kafka.py
[2026-01-31T21:12:51.540+0530] {processor.py:840} INFO - DAG(s) 'tle_api_to_kafka_streaming' retrieved from /opt/airflow/dags/airflow_dag_api_to_kafka.py
[2026-01-31T21:12:51.574+0530] {logging_mixin.py:188} INFO - [2026-01-31T21:12:51.574+0530] {dag.py:3036} INFO - Sync 1 DAGs
[2026-01-31T21:12:51.610+0530] {logging_mixin.py:188} INFO - [2026-01-31T21:12:51.610+0530] {dag.py:3823} INFO - Setting next_dagrun for tle_api_to_kafka_streaming to 2026-01-31 15:30:00+00:00, run_after=2026-01-31 16:30:00+00:00
[2026-01-31T21:12:51.629+0530] {processor.py:183} INFO - Processing /opt/airflow/dags/airflow_dag_api_to_kafka.py took 0.161 seconds
[2026-01-31T21:13:21.749+0530] {processor.py:161} INFO - Started process (PID=888) to work on /opt/airflow/dags/airflow_dag_api_to_kafka.py
[2026-01-31T21:13:21.750+0530] {processor.py:830} INFO - Processing file /opt/airflow/dags/airflow_dag_api_to_kafka.py for tasks to queue
[2026-01-31T21:13:21.751+0530] {logging_mixin.py:188} INFO - [2026-01-31T21:13:21.751+0530] {dagbag.py:538} INFO - Filling up the DagBag from /opt/airflow/dags/airflow_dag_api_to_kafka.py
[2026-01-31T21:13:21.863+0530] {processor.py:840} INFO - DAG(s) 'tle_api_to_kafka_streaming' retrieved from /opt/airflow/dags/airflow_dag_api_to_kafka.py
[2026-01-31T21:13:21.899+0530] {logging_mixin.py:188} INFO - [2026-01-31T21:13:21.899+0530] {dag.py:3036} INFO - Sync 1 DAGs
[2026-01-31T21:13:21.932+0530] {logging_mixin.py:188} INFO - [2026-01-31T21:13:21.931+0530] {dag.py:3823} INFO - Setting next_dagrun for tle_api_to_kafka_streaming to 2026-01-31 15:30:00+00:00, run_after=2026-01-31 16:30:00+00:00
[2026-01-31T21:13:21.953+0530] {processor.py:183} INFO - Processing /opt/airflow/dags/airflow_dag_api_to_kafka.py took 0.207 seconds
[2026-01-31T21:13:52.022+0530] {processor.py:161} INFO - Started process (PID=898) to work on /opt/airflow/dags/airflow_dag_api_to_kafka.py
[2026-01-31T21:13:52.023+0530] {processor.py:830} INFO - Processing file /opt/airflow/dags/airflow_dag_api_to_kafka.py for tasks to queue
[2026-01-31T21:13:52.024+0530] {logging_mixin.py:188} INFO - [2026-01-31T21:13:52.023+0530] {dagbag.py:538} INFO - Filling up the DagBag from /opt/airflow/dags/airflow_dag_api_to_kafka.py
[2026-01-31T21:13:52.105+0530] {processor.py:840} INFO - DAG(s) 'tle_api_to_kafka_streaming' retrieved from /opt/airflow/dags/airflow_dag_api_to_kafka.py
[2026-01-31T21:13:52.142+0530] {logging_mixin.py:188} INFO - [2026-01-31T21:13:52.142+0530] {dag.py:3036} INFO - Sync 1 DAGs
[2026-01-31T21:13:52.181+0530] {logging_mixin.py:188} INFO - [2026-01-31T21:13:52.181+0530] {dag.py:3823} INFO - Setting next_dagrun for tle_api_to_kafka_streaming to 2026-01-31 15:30:00+00:00, run_after=2026-01-31 16:30:00+00:00
[2026-01-31T21:13:52.203+0530] {processor.py:183} INFO - Processing /opt/airflow/dags/airflow_dag_api_to_kafka.py took 0.186 seconds
[2026-01-31T21:14:22.263+0530] {processor.py:161} INFO - Started process (PID=908) to work on /opt/airflow/dags/airflow_dag_api_to_kafka.py
[2026-01-31T21:14:22.264+0530] {processor.py:830} INFO - Processing file /opt/airflow/dags/airflow_dag_api_to_kafka.py for tasks to queue
[2026-01-31T21:14:22.265+0530] {logging_mixin.py:188} INFO - [2026-01-31T21:14:22.264+0530] {dagbag.py:538} INFO - Filling up the DagBag from /opt/airflow/dags/airflow_dag_api_to_kafka.py
[2026-01-31T21:14:22.334+0530] {processor.py:840} INFO - DAG(s) 'tle_api_to_kafka_streaming' retrieved from /opt/airflow/dags/airflow_dag_api_to_kafka.py
[2026-01-31T21:14:22.367+0530] {logging_mixin.py:188} INFO - [2026-01-31T21:14:22.366+0530] {dag.py:3036} INFO - Sync 1 DAGs
[2026-01-31T21:14:22.400+0530] {logging_mixin.py:188} INFO - [2026-01-31T21:14:22.400+0530] {dag.py:3823} INFO - Setting next_dagrun for tle_api_to_kafka_streaming to 2026-01-31 15:30:00+00:00, run_after=2026-01-31 16:30:00+00:00
[2026-01-31T21:14:22.419+0530] {processor.py:183} INFO - Processing /opt/airflow/dags/airflow_dag_api_to_kafka.py took 0.160 seconds
[2026-01-31T21:14:52.510+0530] {processor.py:161} INFO - Started process (PID=918) to work on /opt/airflow/dags/airflow_dag_api_to_kafka.py
[2026-01-31T21:14:52.512+0530] {processor.py:830} INFO - Processing file /opt/airflow/dags/airflow_dag_api_to_kafka.py for tasks to queue
[2026-01-31T21:14:52.513+0530] {logging_mixin.py:188} INFO - [2026-01-31T21:14:52.513+0530] {dagbag.py:538} INFO - Filling up the DagBag from /opt/airflow/dags/airflow_dag_api_to_kafka.py
[2026-01-31T21:14:52.590+0530] {processor.py:840} INFO - DAG(s) 'tle_api_to_kafka_streaming' retrieved from /opt/airflow/dags/airflow_dag_api_to_kafka.py
[2026-01-31T21:14:52.626+0530] {logging_mixin.py:188} INFO - [2026-01-31T21:14:52.626+0530] {dag.py:3036} INFO - Sync 1 DAGs
[2026-01-31T21:14:52.657+0530] {logging_mixin.py:188} INFO - [2026-01-31T21:14:52.657+0530] {dag.py:3823} INFO - Setting next_dagrun for tle_api_to_kafka_streaming to 2026-01-31 15:30:00+00:00, run_after=2026-01-31 16:30:00+00:00
[2026-01-31T21:14:52.678+0530] {processor.py:183} INFO - Processing /opt/airflow/dags/airflow_dag_api_to_kafka.py took 0.172 seconds
[2026-01-31T21:15:22.769+0530] {processor.py:161} INFO - Started process (PID=928) to work on /opt/airflow/dags/airflow_dag_api_to_kafka.py
[2026-01-31T21:15:22.769+0530] {processor.py:830} INFO - Processing file /opt/airflow/dags/airflow_dag_api_to_kafka.py for tasks to queue
[2026-01-31T21:15:22.770+0530] {logging_mixin.py:188} INFO - [2026-01-31T21:15:22.770+0530] {dagbag.py:538} INFO - Filling up the DagBag from /opt/airflow/dags/airflow_dag_api_to_kafka.py
[2026-01-31T21:15:22.837+0530] {processor.py:840} INFO - DAG(s) 'tle_api_to_kafka_streaming' retrieved from /opt/airflow/dags/airflow_dag_api_to_kafka.py
[2026-01-31T21:15:22.872+0530] {logging_mixin.py:188} INFO - [2026-01-31T21:15:22.872+0530] {dag.py:3036} INFO - Sync 1 DAGs
[2026-01-31T21:15:22.905+0530] {logging_mixin.py:188} INFO - [2026-01-31T21:15:22.905+0530] {dag.py:3823} INFO - Setting next_dagrun for tle_api_to_kafka_streaming to 2026-01-31 15:30:00+00:00, run_after=2026-01-31 16:30:00+00:00
[2026-01-31T21:15:22.927+0530] {processor.py:183} INFO - Processing /opt/airflow/dags/airflow_dag_api_to_kafka.py took 0.162 seconds
[2026-01-31T21:15:53.002+0530] {processor.py:161} INFO - Started process (PID=938) to work on /opt/airflow/dags/airflow_dag_api_to_kafka.py
[2026-01-31T21:15:53.003+0530] {processor.py:830} INFO - Processing file /opt/airflow/dags/airflow_dag_api_to_kafka.py for tasks to queue
[2026-01-31T21:15:53.004+0530] {logging_mixin.py:188} INFO - [2026-01-31T21:15:53.004+0530] {dagbag.py:538} INFO - Filling up the DagBag from /opt/airflow/dags/airflow_dag_api_to_kafka.py
[2026-01-31T21:15:53.092+0530] {processor.py:840} INFO - DAG(s) 'tle_api_to_kafka_streaming' retrieved from /opt/airflow/dags/airflow_dag_api_to_kafka.py
[2026-01-31T21:15:53.128+0530] {logging_mixin.py:188} INFO - [2026-01-31T21:15:53.128+0530] {dag.py:3036} INFO - Sync 1 DAGs
[2026-01-31T21:15:53.162+0530] {logging_mixin.py:188} INFO - [2026-01-31T21:15:53.162+0530] {dag.py:3823} INFO - Setting next_dagrun for tle_api_to_kafka_streaming to 2026-01-31 15:30:00+00:00, run_after=2026-01-31 16:30:00+00:00
[2026-01-31T21:15:53.185+0530] {processor.py:183} INFO - Processing /opt/airflow/dags/airflow_dag_api_to_kafka.py took 0.187 seconds
[2026-01-31T21:16:23.286+0530] {processor.py:161} INFO - Started process (PID=948) to work on /opt/airflow/dags/airflow_dag_api_to_kafka.py
[2026-01-31T21:16:23.288+0530] {processor.py:830} INFO - Processing file /opt/airflow/dags/airflow_dag_api_to_kafka.py for tasks to queue
[2026-01-31T21:16:23.289+0530] {logging_mixin.py:188} INFO - [2026-01-31T21:16:23.289+0530] {dagbag.py:538} INFO - Filling up the DagBag from /opt/airflow/dags/airflow_dag_api_to_kafka.py
[2026-01-31T21:16:23.356+0530] {processor.py:840} INFO - DAG(s) 'tle_api_to_kafka_streaming' retrieved from /opt/airflow/dags/airflow_dag_api_to_kafka.py
[2026-01-31T21:16:23.389+0530] {logging_mixin.py:188} INFO - [2026-01-31T21:16:23.389+0530] {dag.py:3036} INFO - Sync 1 DAGs
[2026-01-31T21:16:23.426+0530] {logging_mixin.py:188} INFO - [2026-01-31T21:16:23.425+0530] {dag.py:3823} INFO - Setting next_dagrun for tle_api_to_kafka_streaming to 2026-01-31 15:30:00+00:00, run_after=2026-01-31 16:30:00+00:00
[2026-01-31T21:16:23.448+0530] {processor.py:183} INFO - Processing /opt/airflow/dags/airflow_dag_api_to_kafka.py took 0.168 seconds
[2026-01-31T21:16:53.540+0530] {processor.py:161} INFO - Started process (PID=958) to work on /opt/airflow/dags/airflow_dag_api_to_kafka.py
[2026-01-31T21:16:53.541+0530] {processor.py:830} INFO - Processing file /opt/airflow/dags/airflow_dag_api_to_kafka.py for tasks to queue
[2026-01-31T21:16:53.542+0530] {logging_mixin.py:188} INFO - [2026-01-31T21:16:53.541+0530] {dagbag.py:538} INFO - Filling up the DagBag from /opt/airflow/dags/airflow_dag_api_to_kafka.py
[2026-01-31T21:16:53.615+0530] {processor.py:840} INFO - DAG(s) 'tle_api_to_kafka_streaming' retrieved from /opt/airflow/dags/airflow_dag_api_to_kafka.py
[2026-01-31T21:16:53.650+0530] {logging_mixin.py:188} INFO - [2026-01-31T21:16:53.650+0530] {dag.py:3036} INFO - Sync 1 DAGs
[2026-01-31T21:16:53.691+0530] {logging_mixin.py:188} INFO - [2026-01-31T21:16:53.690+0530] {dag.py:3823} INFO - Setting next_dagrun for tle_api_to_kafka_streaming to 2026-01-31 15:30:00+00:00, run_after=2026-01-31 16:30:00+00:00
[2026-01-31T21:16:53.715+0530] {processor.py:183} INFO - Processing /opt/airflow/dags/airflow_dag_api_to_kafka.py took 0.178 seconds
[2026-01-31T21:17:23.817+0530] {processor.py:161} INFO - Started process (PID=968) to work on /opt/airflow/dags/airflow_dag_api_to_kafka.py
[2026-01-31T21:17:23.818+0530] {processor.py:830} INFO - Processing file /opt/airflow/dags/airflow_dag_api_to_kafka.py for tasks to queue
[2026-01-31T21:17:23.819+0530] {logging_mixin.py:188} INFO - [2026-01-31T21:17:23.819+0530] {dagbag.py:538} INFO - Filling up the DagBag from /opt/airflow/dags/airflow_dag_api_to_kafka.py
[2026-01-31T21:17:23.894+0530] {processor.py:840} INFO - DAG(s) 'tle_api_to_kafka_streaming' retrieved from /opt/airflow/dags/airflow_dag_api_to_kafka.py
[2026-01-31T21:17:23.931+0530] {logging_mixin.py:188} INFO - [2026-01-31T21:17:23.931+0530] {dag.py:3036} INFO - Sync 1 DAGs
[2026-01-31T21:17:23.966+0530] {logging_mixin.py:188} INFO - [2026-01-31T21:17:23.966+0530] {dag.py:3823} INFO - Setting next_dagrun for tle_api_to_kafka_streaming to 2026-01-31 15:30:00+00:00, run_after=2026-01-31 16:30:00+00:00
[2026-01-31T21:17:23.989+0530] {processor.py:183} INFO - Processing /opt/airflow/dags/airflow_dag_api_to_kafka.py took 0.177 seconds
[2026-01-31T21:17:54.106+0530] {processor.py:161} INFO - Started process (PID=978) to work on /opt/airflow/dags/airflow_dag_api_to_kafka.py
[2026-01-31T21:17:54.107+0530] {processor.py:830} INFO - Processing file /opt/airflow/dags/airflow_dag_api_to_kafka.py for tasks to queue
[2026-01-31T21:17:54.108+0530] {logging_mixin.py:188} INFO - [2026-01-31T21:17:54.107+0530] {dagbag.py:538} INFO - Filling up the DagBag from /opt/airflow/dags/airflow_dag_api_to_kafka.py
[2026-01-31T21:17:54.203+0530] {processor.py:840} INFO - DAG(s) 'tle_api_to_kafka_streaming' retrieved from /opt/airflow/dags/airflow_dag_api_to_kafka.py
[2026-01-31T21:17:54.256+0530] {logging_mixin.py:188} INFO - [2026-01-31T21:17:54.256+0530] {dag.py:3036} INFO - Sync 1 DAGs
[2026-01-31T21:17:54.306+0530] {logging_mixin.py:188} INFO - [2026-01-31T21:17:54.305+0530] {dag.py:3823} INFO - Setting next_dagrun for tle_api_to_kafka_streaming to 2026-01-31 15:30:00+00:00, run_after=2026-01-31 16:30:00+00:00
[2026-01-31T21:17:54.340+0530] {processor.py:183} INFO - Processing /opt/airflow/dags/airflow_dag_api_to_kafka.py took 0.238 seconds
[2026-01-31T21:18:24.445+0530] {processor.py:161} INFO - Started process (PID=988) to work on /opt/airflow/dags/airflow_dag_api_to_kafka.py
[2026-01-31T21:18:24.447+0530] {processor.py:830} INFO - Processing file /opt/airflow/dags/airflow_dag_api_to_kafka.py for tasks to queue
[2026-01-31T21:18:24.447+0530] {logging_mixin.py:188} INFO - [2026-01-31T21:18:24.447+0530] {dagbag.py:538} INFO - Filling up the DagBag from /opt/airflow/dags/airflow_dag_api_to_kafka.py
[2026-01-31T21:18:24.530+0530] {processor.py:840} INFO - DAG(s) 'tle_api_to_kafka_streaming' retrieved from /opt/airflow/dags/airflow_dag_api_to_kafka.py
[2026-01-31T21:18:24.578+0530] {logging_mixin.py:188} INFO - [2026-01-31T21:18:24.577+0530] {dag.py:3036} INFO - Sync 1 DAGs
[2026-01-31T21:18:24.632+0530] {logging_mixin.py:188} INFO - [2026-01-31T21:18:24.631+0530] {dag.py:3823} INFO - Setting next_dagrun for tle_api_to_kafka_streaming to 2026-01-31 15:30:00+00:00, run_after=2026-01-31 16:30:00+00:00
[2026-01-31T21:18:24.659+0530] {processor.py:183} INFO - Processing /opt/airflow/dags/airflow_dag_api_to_kafka.py took 0.217 seconds
[2026-01-31T21:18:54.727+0530] {processor.py:161} INFO - Started process (PID=998) to work on /opt/airflow/dags/airflow_dag_api_to_kafka.py
[2026-01-31T21:18:54.728+0530] {processor.py:830} INFO - Processing file /opt/airflow/dags/airflow_dag_api_to_kafka.py for tasks to queue
[2026-01-31T21:18:54.729+0530] {logging_mixin.py:188} INFO - [2026-01-31T21:18:54.728+0530] {dagbag.py:538} INFO - Filling up the DagBag from /opt/airflow/dags/airflow_dag_api_to_kafka.py
[2026-01-31T21:18:54.794+0530] {processor.py:840} INFO - DAG(s) 'tle_api_to_kafka_streaming' retrieved from /opt/airflow/dags/airflow_dag_api_to_kafka.py
[2026-01-31T21:18:54.845+0530] {logging_mixin.py:188} INFO - [2026-01-31T21:18:54.844+0530] {dag.py:3036} INFO - Sync 1 DAGs
[2026-01-31T21:18:54.894+0530] {logging_mixin.py:188} INFO - [2026-01-31T21:18:54.893+0530] {dag.py:3823} INFO - Setting next_dagrun for tle_api_to_kafka_streaming to 2026-01-31 15:30:00+00:00, run_after=2026-01-31 16:30:00+00:00
[2026-01-31T21:18:54.929+0530] {processor.py:183} INFO - Processing /opt/airflow/dags/airflow_dag_api_to_kafka.py took 0.206 seconds
[2026-01-31T21:19:25.002+0530] {processor.py:161} INFO - Started process (PID=1008) to work on /opt/airflow/dags/airflow_dag_api_to_kafka.py
[2026-01-31T21:19:25.004+0530] {processor.py:830} INFO - Processing file /opt/airflow/dags/airflow_dag_api_to_kafka.py for tasks to queue
[2026-01-31T21:19:25.005+0530] {logging_mixin.py:188} INFO - [2026-01-31T21:19:25.004+0530] {dagbag.py:538} INFO - Filling up the DagBag from /opt/airflow/dags/airflow_dag_api_to_kafka.py
[2026-01-31T21:19:25.071+0530] {processor.py:840} INFO - DAG(s) 'tle_api_to_kafka_streaming' retrieved from /opt/airflow/dags/airflow_dag_api_to_kafka.py
[2026-01-31T21:19:25.110+0530] {logging_mixin.py:188} INFO - [2026-01-31T21:19:25.109+0530] {dag.py:3036} INFO - Sync 1 DAGs
[2026-01-31T21:19:25.146+0530] {logging_mixin.py:188} INFO - [2026-01-31T21:19:25.146+0530] {dag.py:3823} INFO - Setting next_dagrun for tle_api_to_kafka_streaming to 2026-01-31 15:30:00+00:00, run_after=2026-01-31 16:30:00+00:00
[2026-01-31T21:19:25.167+0530] {processor.py:183} INFO - Processing /opt/airflow/dags/airflow_dag_api_to_kafka.py took 0.171 seconds
[2026-01-31T21:19:55.261+0530] {processor.py:161} INFO - Started process (PID=1018) to work on /opt/airflow/dags/airflow_dag_api_to_kafka.py
[2026-01-31T21:19:55.262+0530] {processor.py:830} INFO - Processing file /opt/airflow/dags/airflow_dag_api_to_kafka.py for tasks to queue
[2026-01-31T21:19:55.263+0530] {logging_mixin.py:188} INFO - [2026-01-31T21:19:55.263+0530] {dagbag.py:538} INFO - Filling up the DagBag from /opt/airflow/dags/airflow_dag_api_to_kafka.py
[2026-01-31T21:19:55.344+0530] {processor.py:840} INFO - DAG(s) 'tle_api_to_kafka_streaming' retrieved from /opt/airflow/dags/airflow_dag_api_to_kafka.py
[2026-01-31T21:19:55.386+0530] {logging_mixin.py:188} INFO - [2026-01-31T21:19:55.386+0530] {dag.py:3036} INFO - Sync 1 DAGs
[2026-01-31T21:19:55.428+0530] {logging_mixin.py:188} INFO - [2026-01-31T21:19:55.428+0530] {dag.py:3823} INFO - Setting next_dagrun for tle_api_to_kafka_streaming to 2026-01-31 15:30:00+00:00, run_after=2026-01-31 16:30:00+00:00
[2026-01-31T21:19:55.452+0530] {processor.py:183} INFO - Processing /opt/airflow/dags/airflow_dag_api_to_kafka.py took 0.196 seconds
[2026-01-31T21:20:25.529+0530] {processor.py:161} INFO - Started process (PID=1028) to work on /opt/airflow/dags/airflow_dag_api_to_kafka.py
[2026-01-31T21:20:25.530+0530] {processor.py:830} INFO - Processing file /opt/airflow/dags/airflow_dag_api_to_kafka.py for tasks to queue
[2026-01-31T21:20:25.531+0530] {logging_mixin.py:188} INFO - [2026-01-31T21:20:25.530+0530] {dagbag.py:538} INFO - Filling up the DagBag from /opt/airflow/dags/airflow_dag_api_to_kafka.py
[2026-01-31T21:20:25.597+0530] {processor.py:840} INFO - DAG(s) 'tle_api_to_kafka_streaming' retrieved from /opt/airflow/dags/airflow_dag_api_to_kafka.py
[2026-01-31T21:20:25.631+0530] {logging_mixin.py:188} INFO - [2026-01-31T21:20:25.631+0530] {dag.py:3036} INFO - Sync 1 DAGs
[2026-01-31T21:20:25.666+0530] {logging_mixin.py:188} INFO - [2026-01-31T21:20:25.666+0530] {dag.py:3823} INFO - Setting next_dagrun for tle_api_to_kafka_streaming to 2026-01-31 15:30:00+00:00, run_after=2026-01-31 16:30:00+00:00
[2026-01-31T21:20:25.688+0530] {processor.py:183} INFO - Processing /opt/airflow/dags/airflow_dag_api_to_kafka.py took 0.163 seconds
[2026-01-31T21:20:55.789+0530] {processor.py:161} INFO - Started process (PID=1038) to work on /opt/airflow/dags/airflow_dag_api_to_kafka.py
[2026-01-31T21:20:55.790+0530] {processor.py:830} INFO - Processing file /opt/airflow/dags/airflow_dag_api_to_kafka.py for tasks to queue
[2026-01-31T21:20:55.791+0530] {logging_mixin.py:188} INFO - [2026-01-31T21:20:55.791+0530] {dagbag.py:538} INFO - Filling up the DagBag from /opt/airflow/dags/airflow_dag_api_to_kafka.py
[2026-01-31T21:20:55.873+0530] {processor.py:840} INFO - DAG(s) 'tle_api_to_kafka_streaming' retrieved from /opt/airflow/dags/airflow_dag_api_to_kafka.py
[2026-01-31T21:20:55.908+0530] {logging_mixin.py:188} INFO - [2026-01-31T21:20:55.908+0530] {dag.py:3036} INFO - Sync 1 DAGs
[2026-01-31T21:20:55.951+0530] {logging_mixin.py:188} INFO - [2026-01-31T21:20:55.951+0530] {dag.py:3823} INFO - Setting next_dagrun for tle_api_to_kafka_streaming to 2026-01-31 15:30:00+00:00, run_after=2026-01-31 16:30:00+00:00
[2026-01-31T21:20:55.975+0530] {processor.py:183} INFO - Processing /opt/airflow/dags/airflow_dag_api_to_kafka.py took 0.190 seconds
[2026-01-31T21:21:26.045+0530] {processor.py:161} INFO - Started process (PID=1048) to work on /opt/airflow/dags/airflow_dag_api_to_kafka.py
[2026-01-31T21:21:26.046+0530] {processor.py:830} INFO - Processing file /opt/airflow/dags/airflow_dag_api_to_kafka.py for tasks to queue
[2026-01-31T21:21:26.047+0530] {logging_mixin.py:188} INFO - [2026-01-31T21:21:26.047+0530] {dagbag.py:538} INFO - Filling up the DagBag from /opt/airflow/dags/airflow_dag_api_to_kafka.py
[2026-01-31T21:21:26.110+0530] {processor.py:840} INFO - DAG(s) 'tle_api_to_kafka_streaming' retrieved from /opt/airflow/dags/airflow_dag_api_to_kafka.py
[2026-01-31T21:21:26.146+0530] {logging_mixin.py:188} INFO - [2026-01-31T21:21:26.146+0530] {dag.py:3036} INFO - Sync 1 DAGs
[2026-01-31T21:21:26.206+0530] {logging_mixin.py:188} INFO - [2026-01-31T21:21:26.206+0530] {dag.py:3823} INFO - Setting next_dagrun for tle_api_to_kafka_streaming to 2026-01-31 15:30:00+00:00, run_after=2026-01-31 16:30:00+00:00
[2026-01-31T21:21:26.238+0530] {processor.py:183} INFO - Processing /opt/airflow/dags/airflow_dag_api_to_kafka.py took 0.197 seconds
[2026-01-31T21:21:56.326+0530] {processor.py:161} INFO - Started process (PID=1058) to work on /opt/airflow/dags/airflow_dag_api_to_kafka.py
[2026-01-31T21:21:56.327+0530] {processor.py:830} INFO - Processing file /opt/airflow/dags/airflow_dag_api_to_kafka.py for tasks to queue
[2026-01-31T21:21:56.328+0530] {logging_mixin.py:188} INFO - [2026-01-31T21:21:56.328+0530] {dagbag.py:538} INFO - Filling up the DagBag from /opt/airflow/dags/airflow_dag_api_to_kafka.py
[2026-01-31T21:21:56.398+0530] {processor.py:840} INFO - DAG(s) 'tle_api_to_kafka_streaming' retrieved from /opt/airflow/dags/airflow_dag_api_to_kafka.py
[2026-01-31T21:21:56.433+0530] {logging_mixin.py:188} INFO - [2026-01-31T21:21:56.433+0530] {dag.py:3036} INFO - Sync 1 DAGs
[2026-01-31T21:21:56.472+0530] {logging_mixin.py:188} INFO - [2026-01-31T21:21:56.472+0530] {dag.py:3823} INFO - Setting next_dagrun for tle_api_to_kafka_streaming to 2026-01-31 15:30:00+00:00, run_after=2026-01-31 16:30:00+00:00
[2026-01-31T21:21:56.501+0530] {processor.py:183} INFO - Processing /opt/airflow/dags/airflow_dag_api_to_kafka.py took 0.180 seconds
[2026-01-31T21:22:26.608+0530] {processor.py:161} INFO - Started process (PID=1068) to work on /opt/airflow/dags/airflow_dag_api_to_kafka.py
[2026-01-31T21:22:26.609+0530] {processor.py:830} INFO - Processing file /opt/airflow/dags/airflow_dag_api_to_kafka.py for tasks to queue
[2026-01-31T21:22:26.610+0530] {logging_mixin.py:188} INFO - [2026-01-31T21:22:26.610+0530] {dagbag.py:538} INFO - Filling up the DagBag from /opt/airflow/dags/airflow_dag_api_to_kafka.py
[2026-01-31T21:22:26.703+0530] {processor.py:840} INFO - DAG(s) 'tle_api_to_kafka_streaming' retrieved from /opt/airflow/dags/airflow_dag_api_to_kafka.py
[2026-01-31T21:22:26.742+0530] {logging_mixin.py:188} INFO - [2026-01-31T21:22:26.742+0530] {dag.py:3036} INFO - Sync 1 DAGs
[2026-01-31T21:22:26.780+0530] {logging_mixin.py:188} INFO - [2026-01-31T21:22:26.780+0530] {dag.py:3823} INFO - Setting next_dagrun for tle_api_to_kafka_streaming to 2026-01-31 15:30:00+00:00, run_after=2026-01-31 16:30:00+00:00
[2026-01-31T21:22:26.802+0530] {processor.py:183} INFO - Processing /opt/airflow/dags/airflow_dag_api_to_kafka.py took 0.198 seconds
[2026-01-31T21:22:56.931+0530] {processor.py:161} INFO - Started process (PID=1076) to work on /opt/airflow/dags/airflow_dag_api_to_kafka.py
[2026-01-31T21:22:56.932+0530] {processor.py:830} INFO - Processing file /opt/airflow/dags/airflow_dag_api_to_kafka.py for tasks to queue
[2026-01-31T21:22:56.933+0530] {logging_mixin.py:188} INFO - [2026-01-31T21:22:56.932+0530] {dagbag.py:538} INFO - Filling up the DagBag from /opt/airflow/dags/airflow_dag_api_to_kafka.py
[2026-01-31T21:22:57.032+0530] {processor.py:840} INFO - DAG(s) 'tle_api_to_kafka_streaming' retrieved from /opt/airflow/dags/airflow_dag_api_to_kafka.py
[2026-01-31T21:22:57.067+0530] {logging_mixin.py:188} INFO - [2026-01-31T21:22:57.067+0530] {dag.py:3036} INFO - Sync 1 DAGs
[2026-01-31T21:22:57.107+0530] {logging_mixin.py:188} INFO - [2026-01-31T21:22:57.107+0530] {dag.py:3823} INFO - Setting next_dagrun for tle_api_to_kafka_streaming to 2026-01-31 15:30:00+00:00, run_after=2026-01-31 16:30:00+00:00
[2026-01-31T21:22:57.130+0530] {processor.py:183} INFO - Processing /opt/airflow/dags/airflow_dag_api_to_kafka.py took 0.203 seconds
[2026-01-31T21:23:27.237+0530] {processor.py:161} INFO - Started process (PID=1088) to work on /opt/airflow/dags/airflow_dag_api_to_kafka.py
[2026-01-31T21:23:27.238+0530] {processor.py:830} INFO - Processing file /opt/airflow/dags/airflow_dag_api_to_kafka.py for tasks to queue
[2026-01-31T21:23:27.239+0530] {logging_mixin.py:188} INFO - [2026-01-31T21:23:27.239+0530] {dagbag.py:538} INFO - Filling up the DagBag from /opt/airflow/dags/airflow_dag_api_to_kafka.py
[2026-01-31T21:23:27.304+0530] {processor.py:840} INFO - DAG(s) 'tle_api_to_kafka_streaming' retrieved from /opt/airflow/dags/airflow_dag_api_to_kafka.py
[2026-01-31T21:23:27.349+0530] {logging_mixin.py:188} INFO - [2026-01-31T21:23:27.349+0530] {dag.py:3036} INFO - Sync 1 DAGs
[2026-01-31T21:23:27.400+0530] {logging_mixin.py:188} INFO - [2026-01-31T21:23:27.400+0530] {dag.py:3823} INFO - Setting next_dagrun for tle_api_to_kafka_streaming to 2026-01-31 15:30:00+00:00, run_after=2026-01-31 16:30:00+00:00
[2026-01-31T21:23:27.421+0530] {processor.py:183} INFO - Processing /opt/airflow/dags/airflow_dag_api_to_kafka.py took 0.188 seconds
[2026-01-31T21:23:57.560+0530] {processor.py:161} INFO - Started process (PID=1096) to work on /opt/airflow/dags/airflow_dag_api_to_kafka.py
[2026-01-31T21:23:57.561+0530] {processor.py:830} INFO - Processing file /opt/airflow/dags/airflow_dag_api_to_kafka.py for tasks to queue
[2026-01-31T21:23:57.562+0530] {logging_mixin.py:188} INFO - [2026-01-31T21:23:57.561+0530] {dagbag.py:538} INFO - Filling up the DagBag from /opt/airflow/dags/airflow_dag_api_to_kafka.py
[2026-01-31T21:23:57.640+0530] {processor.py:840} INFO - DAG(s) 'tle_api_to_kafka_streaming' retrieved from /opt/airflow/dags/airflow_dag_api_to_kafka.py
[2026-01-31T21:23:57.673+0530] {logging_mixin.py:188} INFO - [2026-01-31T21:23:57.673+0530] {dag.py:3036} INFO - Sync 1 DAGs
[2026-01-31T21:23:57.718+0530] {logging_mixin.py:188} INFO - [2026-01-31T21:23:57.718+0530] {dag.py:3823} INFO - Setting next_dagrun for tle_api_to_kafka_streaming to 2026-01-31 15:30:00+00:00, run_after=2026-01-31 16:30:00+00:00
[2026-01-31T21:23:57.737+0530] {processor.py:183} INFO - Processing /opt/airflow/dags/airflow_dag_api_to_kafka.py took 0.182 seconds
[2026-01-31T21:24:27.863+0530] {processor.py:161} INFO - Started process (PID=1106) to work on /opt/airflow/dags/airflow_dag_api_to_kafka.py
[2026-01-31T21:24:27.864+0530] {processor.py:830} INFO - Processing file /opt/airflow/dags/airflow_dag_api_to_kafka.py for tasks to queue
[2026-01-31T21:24:27.865+0530] {logging_mixin.py:188} INFO - [2026-01-31T21:24:27.865+0530] {dagbag.py:538} INFO - Filling up the DagBag from /opt/airflow/dags/airflow_dag_api_to_kafka.py
[2026-01-31T21:24:27.967+0530] {processor.py:840} INFO - DAG(s) 'tle_api_to_kafka_streaming' retrieved from /opt/airflow/dags/airflow_dag_api_to_kafka.py
[2026-01-31T21:24:28.006+0530] {logging_mixin.py:188} INFO - [2026-01-31T21:24:28.006+0530] {dag.py:3036} INFO - Sync 1 DAGs
[2026-01-31T21:24:28.125+0530] {logging_mixin.py:188} INFO - [2026-01-31T21:24:28.125+0530] {dag.py:3823} INFO - Setting next_dagrun for tle_api_to_kafka_streaming to 2026-01-31 15:30:00+00:00, run_after=2026-01-31 16:30:00+00:00
[2026-01-31T21:24:28.145+0530] {processor.py:183} INFO - Processing /opt/airflow/dags/airflow_dag_api_to_kafka.py took 0.287 seconds
[2026-01-31T21:24:58.186+0530] {processor.py:161} INFO - Started process (PID=1118) to work on /opt/airflow/dags/airflow_dag_api_to_kafka.py
[2026-01-31T21:24:58.188+0530] {processor.py:830} INFO - Processing file /opt/airflow/dags/airflow_dag_api_to_kafka.py for tasks to queue
[2026-01-31T21:24:58.189+0530] {logging_mixin.py:188} INFO - [2026-01-31T21:24:58.188+0530] {dagbag.py:538} INFO - Filling up the DagBag from /opt/airflow/dags/airflow_dag_api_to_kafka.py
[2026-01-31T21:24:58.271+0530] {processor.py:840} INFO - DAG(s) 'tle_api_to_kafka_streaming' retrieved from /opt/airflow/dags/airflow_dag_api_to_kafka.py
[2026-01-31T21:24:58.308+0530] {logging_mixin.py:188} INFO - [2026-01-31T21:24:58.308+0530] {dag.py:3036} INFO - Sync 1 DAGs
[2026-01-31T21:24:58.344+0530] {logging_mixin.py:188} INFO - [2026-01-31T21:24:58.344+0530] {dag.py:3823} INFO - Setting next_dagrun for tle_api_to_kafka_streaming to 2026-01-31 15:30:00+00:00, run_after=2026-01-31 16:30:00+00:00
[2026-01-31T21:24:58.367+0530] {processor.py:183} INFO - Processing /opt/airflow/dags/airflow_dag_api_to_kafka.py took 0.185 seconds
[2026-01-31T21:25:28.487+0530] {processor.py:161} INFO - Started process (PID=1128) to work on /opt/airflow/dags/airflow_dag_api_to_kafka.py
[2026-01-31T21:25:28.488+0530] {processor.py:830} INFO - Processing file /opt/airflow/dags/airflow_dag_api_to_kafka.py for tasks to queue
[2026-01-31T21:25:28.489+0530] {logging_mixin.py:188} INFO - [2026-01-31T21:25:28.488+0530] {dagbag.py:538} INFO - Filling up the DagBag from /opt/airflow/dags/airflow_dag_api_to_kafka.py
[2026-01-31T21:25:28.578+0530] {processor.py:840} INFO - DAG(s) 'tle_api_to_kafka_streaming' retrieved from /opt/airflow/dags/airflow_dag_api_to_kafka.py
[2026-01-31T21:25:28.621+0530] {logging_mixin.py:188} INFO - [2026-01-31T21:25:28.621+0530] {dag.py:3036} INFO - Sync 1 DAGs
[2026-01-31T21:25:28.659+0530] {logging_mixin.py:188} INFO - [2026-01-31T21:25:28.659+0530] {dag.py:3823} INFO - Setting next_dagrun for tle_api_to_kafka_streaming to 2026-01-31 15:30:00+00:00, run_after=2026-01-31 16:30:00+00:00
[2026-01-31T21:25:28.686+0530] {processor.py:183} INFO - Processing /opt/airflow/dags/airflow_dag_api_to_kafka.py took 0.203 seconds
[2026-01-31T21:25:58.730+0530] {processor.py:161} INFO - Started process (PID=1138) to work on /opt/airflow/dags/airflow_dag_api_to_kafka.py
[2026-01-31T21:25:58.731+0530] {processor.py:830} INFO - Processing file /opt/airflow/dags/airflow_dag_api_to_kafka.py for tasks to queue
[2026-01-31T21:25:58.732+0530] {logging_mixin.py:188} INFO - [2026-01-31T21:25:58.732+0530] {dagbag.py:538} INFO - Filling up the DagBag from /opt/airflow/dags/airflow_dag_api_to_kafka.py
[2026-01-31T21:25:58.795+0530] {processor.py:840} INFO - DAG(s) 'tle_api_to_kafka_streaming' retrieved from /opt/airflow/dags/airflow_dag_api_to_kafka.py
[2026-01-31T21:25:58.829+0530] {logging_mixin.py:188} INFO - [2026-01-31T21:25:58.829+0530] {dag.py:3036} INFO - Sync 1 DAGs
[2026-01-31T21:25:58.869+0530] {logging_mixin.py:188} INFO - [2026-01-31T21:25:58.869+0530] {dag.py:3823} INFO - Setting next_dagrun for tle_api_to_kafka_streaming to 2026-01-31 15:30:00+00:00, run_after=2026-01-31 16:30:00+00:00
[2026-01-31T21:25:58.888+0530] {processor.py:183} INFO - Processing /opt/airflow/dags/airflow_dag_api_to_kafka.py took 0.162 seconds
[2026-01-31T21:26:28.965+0530] {processor.py:161} INFO - Started process (PID=1148) to work on /opt/airflow/dags/airflow_dag_api_to_kafka.py
[2026-01-31T21:26:28.967+0530] {processor.py:830} INFO - Processing file /opt/airflow/dags/airflow_dag_api_to_kafka.py for tasks to queue
[2026-01-31T21:26:28.967+0530] {logging_mixin.py:188} INFO - [2026-01-31T21:26:28.967+0530] {dagbag.py:538} INFO - Filling up the DagBag from /opt/airflow/dags/airflow_dag_api_to_kafka.py
[2026-01-31T21:26:29.032+0530] {processor.py:840} INFO - DAG(s) 'tle_api_to_kafka_streaming' retrieved from /opt/airflow/dags/airflow_dag_api_to_kafka.py
[2026-01-31T21:26:29.070+0530] {logging_mixin.py:188} INFO - [2026-01-31T21:26:29.069+0530] {dag.py:3036} INFO - Sync 1 DAGs
[2026-01-31T21:26:29.112+0530] {logging_mixin.py:188} INFO - [2026-01-31T21:26:29.111+0530] {dag.py:3823} INFO - Setting next_dagrun for tle_api_to_kafka_streaming to 2026-01-31 15:30:00+00:00, run_after=2026-01-31 16:30:00+00:00
[2026-01-31T21:26:29.134+0530] {processor.py:183} INFO - Processing /opt/airflow/dags/airflow_dag_api_to_kafka.py took 0.173 seconds
[2026-01-31T21:26:59.193+0530] {processor.py:161} INFO - Started process (PID=1158) to work on /opt/airflow/dags/airflow_dag_api_to_kafka.py
[2026-01-31T21:26:59.194+0530] {processor.py:830} INFO - Processing file /opt/airflow/dags/airflow_dag_api_to_kafka.py for tasks to queue
[2026-01-31T21:26:59.195+0530] {logging_mixin.py:188} INFO - [2026-01-31T21:26:59.194+0530] {dagbag.py:538} INFO - Filling up the DagBag from /opt/airflow/dags/airflow_dag_api_to_kafka.py
[2026-01-31T21:26:59.258+0530] {processor.py:840} INFO - DAG(s) 'tle_api_to_kafka_streaming' retrieved from /opt/airflow/dags/airflow_dag_api_to_kafka.py
[2026-01-31T21:26:59.295+0530] {logging_mixin.py:188} INFO - [2026-01-31T21:26:59.295+0530] {dag.py:3036} INFO - Sync 1 DAGs
[2026-01-31T21:26:59.338+0530] {logging_mixin.py:188} INFO - [2026-01-31T21:26:59.338+0530] {dag.py:3823} INFO - Setting next_dagrun for tle_api_to_kafka_streaming to 2026-01-31 15:30:00+00:00, run_after=2026-01-31 16:30:00+00:00
[2026-01-31T21:26:59.359+0530] {processor.py:183} INFO - Processing /opt/airflow/dags/airflow_dag_api_to_kafka.py took 0.171 seconds
[2026-01-31T21:27:29.433+0530] {processor.py:161} INFO - Started process (PID=1168) to work on /opt/airflow/dags/airflow_dag_api_to_kafka.py
[2026-01-31T21:27:29.434+0530] {processor.py:830} INFO - Processing file /opt/airflow/dags/airflow_dag_api_to_kafka.py for tasks to queue
[2026-01-31T21:27:29.435+0530] {logging_mixin.py:188} INFO - [2026-01-31T21:27:29.435+0530] {dagbag.py:538} INFO - Filling up the DagBag from /opt/airflow/dags/airflow_dag_api_to_kafka.py
[2026-01-31T21:27:29.493+0530] {processor.py:840} INFO - DAG(s) 'tle_api_to_kafka_streaming' retrieved from /opt/airflow/dags/airflow_dag_api_to_kafka.py
[2026-01-31T21:27:29.528+0530] {logging_mixin.py:188} INFO - [2026-01-31T21:27:29.528+0530] {dag.py:3036} INFO - Sync 1 DAGs
[2026-01-31T21:27:29.561+0530] {logging_mixin.py:188} INFO - [2026-01-31T21:27:29.561+0530] {dag.py:3823} INFO - Setting next_dagrun for tle_api_to_kafka_streaming to 2026-01-31 15:30:00+00:00, run_after=2026-01-31 16:30:00+00:00
[2026-01-31T21:27:29.580+0530] {processor.py:183} INFO - Processing /opt/airflow/dags/airflow_dag_api_to_kafka.py took 0.151 seconds
[2026-01-31T21:27:59.699+0530] {processor.py:161} INFO - Started process (PID=1178) to work on /opt/airflow/dags/airflow_dag_api_to_kafka.py
[2026-01-31T21:27:59.700+0530] {processor.py:830} INFO - Processing file /opt/airflow/dags/airflow_dag_api_to_kafka.py for tasks to queue
[2026-01-31T21:27:59.701+0530] {logging_mixin.py:188} INFO - [2026-01-31T21:27:59.700+0530] {dagbag.py:538} INFO - Filling up the DagBag from /opt/airflow/dags/airflow_dag_api_to_kafka.py
[2026-01-31T21:27:59.762+0530] {processor.py:840} INFO - DAG(s) 'tle_api_to_kafka_streaming' retrieved from /opt/airflow/dags/airflow_dag_api_to_kafka.py
[2026-01-31T21:27:59.796+0530] {logging_mixin.py:188} INFO - [2026-01-31T21:27:59.795+0530] {dag.py:3036} INFO - Sync 1 DAGs
[2026-01-31T21:27:59.829+0530] {logging_mixin.py:188} INFO - [2026-01-31T21:27:59.828+0530] {dag.py:3823} INFO - Setting next_dagrun for tle_api_to_kafka_streaming to 2026-01-31 15:30:00+00:00, run_after=2026-01-31 16:30:00+00:00
[2026-01-31T21:27:59.852+0530] {processor.py:183} INFO - Processing /opt/airflow/dags/airflow_dag_api_to_kafka.py took 0.157 seconds
[2026-01-31T21:28:29.945+0530] {processor.py:161} INFO - Started process (PID=1188) to work on /opt/airflow/dags/airflow_dag_api_to_kafka.py
[2026-01-31T21:28:29.946+0530] {processor.py:830} INFO - Processing file /opt/airflow/dags/airflow_dag_api_to_kafka.py for tasks to queue
[2026-01-31T21:28:29.947+0530] {logging_mixin.py:188} INFO - [2026-01-31T21:28:29.947+0530] {dagbag.py:538} INFO - Filling up the DagBag from /opt/airflow/dags/airflow_dag_api_to_kafka.py
[2026-01-31T21:28:30.009+0530] {processor.py:840} INFO - DAG(s) 'tle_api_to_kafka_streaming' retrieved from /opt/airflow/dags/airflow_dag_api_to_kafka.py
[2026-01-31T21:28:30.049+0530] {logging_mixin.py:188} INFO - [2026-01-31T21:28:30.049+0530] {dag.py:3036} INFO - Sync 1 DAGs
[2026-01-31T21:28:30.091+0530] {logging_mixin.py:188} INFO - [2026-01-31T21:28:30.091+0530] {dag.py:3823} INFO - Setting next_dagrun for tle_api_to_kafka_streaming to 2026-01-31 15:30:00+00:00, run_after=2026-01-31 16:30:00+00:00
[2026-01-31T21:28:30.113+0530] {processor.py:183} INFO - Processing /opt/airflow/dags/airflow_dag_api_to_kafka.py took 0.173 seconds
[2026-01-31T21:29:00.186+0530] {processor.py:161} INFO - Started process (PID=1198) to work on /opt/airflow/dags/airflow_dag_api_to_kafka.py
[2026-01-31T21:29:00.187+0530] {processor.py:830} INFO - Processing file /opt/airflow/dags/airflow_dag_api_to_kafka.py for tasks to queue
[2026-01-31T21:29:00.188+0530] {logging_mixin.py:188} INFO - [2026-01-31T21:29:00.188+0530] {dagbag.py:538} INFO - Filling up the DagBag from /opt/airflow/dags/airflow_dag_api_to_kafka.py
[2026-01-31T21:29:00.262+0530] {processor.py:840} INFO - DAG(s) 'tle_api_to_kafka_streaming' retrieved from /opt/airflow/dags/airflow_dag_api_to_kafka.py
[2026-01-31T21:29:00.302+0530] {logging_mixin.py:188} INFO - [2026-01-31T21:29:00.302+0530] {dag.py:3036} INFO - Sync 1 DAGs
[2026-01-31T21:29:00.335+0530] {logging_mixin.py:188} INFO - [2026-01-31T21:29:00.335+0530] {dag.py:3823} INFO - Setting next_dagrun for tle_api_to_kafka_streaming to 2026-01-31 15:30:00+00:00, run_after=2026-01-31 16:30:00+00:00
[2026-01-31T21:29:00.355+0530] {processor.py:183} INFO - Processing /opt/airflow/dags/airflow_dag_api_to_kafka.py took 0.173 seconds
[2026-01-31T21:29:30.416+0530] {processor.py:161} INFO - Started process (PID=1208) to work on /opt/airflow/dags/airflow_dag_api_to_kafka.py
[2026-01-31T21:29:30.417+0530] {processor.py:830} INFO - Processing file /opt/airflow/dags/airflow_dag_api_to_kafka.py for tasks to queue
[2026-01-31T21:29:30.418+0530] {logging_mixin.py:188} INFO - [2026-01-31T21:29:30.418+0530] {dagbag.py:538} INFO - Filling up the DagBag from /opt/airflow/dags/airflow_dag_api_to_kafka.py
[2026-01-31T21:29:30.477+0530] {processor.py:840} INFO - DAG(s) 'tle_api_to_kafka_streaming' retrieved from /opt/airflow/dags/airflow_dag_api_to_kafka.py
[2026-01-31T21:29:30.511+0530] {logging_mixin.py:188} INFO - [2026-01-31T21:29:30.511+0530] {dag.py:3036} INFO - Sync 1 DAGs
[2026-01-31T21:29:30.546+0530] {logging_mixin.py:188} INFO - [2026-01-31T21:29:30.546+0530] {dag.py:3823} INFO - Setting next_dagrun for tle_api_to_kafka_streaming to 2026-01-31 15:30:00+00:00, run_after=2026-01-31 16:30:00+00:00
[2026-01-31T21:29:30.572+0530] {processor.py:183} INFO - Processing /opt/airflow/dags/airflow_dag_api_to_kafka.py took 0.160 seconds
[2026-01-31T21:30:00.669+0530] {processor.py:161} INFO - Started process (PID=1218) to work on /opt/airflow/dags/airflow_dag_api_to_kafka.py
[2026-01-31T21:30:00.670+0530] {processor.py:830} INFO - Processing file /opt/airflow/dags/airflow_dag_api_to_kafka.py for tasks to queue
[2026-01-31T21:30:00.671+0530] {logging_mixin.py:188} INFO - [2026-01-31T21:30:00.671+0530] {dagbag.py:538} INFO - Filling up the DagBag from /opt/airflow/dags/airflow_dag_api_to_kafka.py
[2026-01-31T21:30:00.750+0530] {processor.py:840} INFO - DAG(s) 'tle_api_to_kafka_streaming' retrieved from /opt/airflow/dags/airflow_dag_api_to_kafka.py
[2026-01-31T21:30:00.783+0530] {logging_mixin.py:188} INFO - [2026-01-31T21:30:00.783+0530] {dag.py:3036} INFO - Sync 1 DAGs
[2026-01-31T21:30:00.816+0530] {logging_mixin.py:188} INFO - [2026-01-31T21:30:00.816+0530] {dag.py:3823} INFO - Setting next_dagrun for tle_api_to_kafka_streaming to 2026-01-31 15:30:00+00:00, run_after=2026-01-31 16:30:00+00:00
[2026-01-31T21:30:00.836+0530] {processor.py:183} INFO - Processing /opt/airflow/dags/airflow_dag_api_to_kafka.py took 0.171 seconds
[2026-01-31T21:30:30.918+0530] {processor.py:161} INFO - Started process (PID=1228) to work on /opt/airflow/dags/airflow_dag_api_to_kafka.py
[2026-01-31T21:30:30.919+0530] {processor.py:830} INFO - Processing file /opt/airflow/dags/airflow_dag_api_to_kafka.py for tasks to queue
[2026-01-31T21:30:30.920+0530] {logging_mixin.py:188} INFO - [2026-01-31T21:30:30.920+0530] {dagbag.py:538} INFO - Filling up the DagBag from /opt/airflow/dags/airflow_dag_api_to_kafka.py
[2026-01-31T21:30:30.984+0530] {processor.py:840} INFO - DAG(s) 'tle_api_to_kafka_streaming' retrieved from /opt/airflow/dags/airflow_dag_api_to_kafka.py
[2026-01-31T21:30:31.019+0530] {logging_mixin.py:188} INFO - [2026-01-31T21:30:31.019+0530] {dag.py:3036} INFO - Sync 1 DAGs
[2026-01-31T21:30:31.052+0530] {logging_mixin.py:188} INFO - [2026-01-31T21:30:31.052+0530] {dag.py:3823} INFO - Setting next_dagrun for tle_api_to_kafka_streaming to 2026-01-31 15:30:00+00:00, run_after=2026-01-31 16:30:00+00:00
[2026-01-31T21:30:31.074+0530] {processor.py:183} INFO - Processing /opt/airflow/dags/airflow_dag_api_to_kafka.py took 0.160 seconds
[2026-01-31T21:31:01.154+0530] {processor.py:161} INFO - Started process (PID=1238) to work on /opt/airflow/dags/airflow_dag_api_to_kafka.py
[2026-01-31T21:31:01.155+0530] {processor.py:830} INFO - Processing file /opt/airflow/dags/airflow_dag_api_to_kafka.py for tasks to queue
[2026-01-31T21:31:01.156+0530] {logging_mixin.py:188} INFO - [2026-01-31T21:31:01.155+0530] {dagbag.py:538} INFO - Filling up the DagBag from /opt/airflow/dags/airflow_dag_api_to_kafka.py
[2026-01-31T21:31:01.221+0530] {processor.py:840} INFO - DAG(s) 'tle_api_to_kafka_streaming' retrieved from /opt/airflow/dags/airflow_dag_api_to_kafka.py
[2026-01-31T21:31:01.256+0530] {logging_mixin.py:188} INFO - [2026-01-31T21:31:01.256+0530] {dag.py:3036} INFO - Sync 1 DAGs
[2026-01-31T21:31:01.301+0530] {logging_mixin.py:188} INFO - [2026-01-31T21:31:01.301+0530] {dag.py:3823} INFO - Setting next_dagrun for tle_api_to_kafka_streaming to 2026-01-31 15:30:00+00:00, run_after=2026-01-31 16:30:00+00:00
[2026-01-31T21:31:01.331+0530] {processor.py:183} INFO - Processing /opt/airflow/dags/airflow_dag_api_to_kafka.py took 0.182 seconds
[2026-01-31T21:31:31.387+0530] {processor.py:161} INFO - Started process (PID=1248) to work on /opt/airflow/dags/airflow_dag_api_to_kafka.py
[2026-01-31T21:31:31.388+0530] {processor.py:830} INFO - Processing file /opt/airflow/dags/airflow_dag_api_to_kafka.py for tasks to queue
[2026-01-31T21:31:31.389+0530] {logging_mixin.py:188} INFO - [2026-01-31T21:31:31.388+0530] {dagbag.py:538} INFO - Filling up the DagBag from /opt/airflow/dags/airflow_dag_api_to_kafka.py
[2026-01-31T21:31:31.450+0530] {processor.py:840} INFO - DAG(s) 'tle_api_to_kafka_streaming' retrieved from /opt/airflow/dags/airflow_dag_api_to_kafka.py
[2026-01-31T21:31:31.487+0530] {logging_mixin.py:188} INFO - [2026-01-31T21:31:31.486+0530] {dag.py:3036} INFO - Sync 1 DAGs
[2026-01-31T21:31:31.520+0530] {logging_mixin.py:188} INFO - [2026-01-31T21:31:31.520+0530] {dag.py:3823} INFO - Setting next_dagrun for tle_api_to_kafka_streaming to 2026-01-31 15:30:00+00:00, run_after=2026-01-31 16:30:00+00:00
[2026-01-31T21:31:31.541+0530] {processor.py:183} INFO - Processing /opt/airflow/dags/airflow_dag_api_to_kafka.py took 0.158 seconds
[2026-01-31T21:32:01.621+0530] {processor.py:161} INFO - Started process (PID=1258) to work on /opt/airflow/dags/airflow_dag_api_to_kafka.py
[2026-01-31T21:32:01.622+0530] {processor.py:830} INFO - Processing file /opt/airflow/dags/airflow_dag_api_to_kafka.py for tasks to queue
[2026-01-31T21:32:01.623+0530] {logging_mixin.py:188} INFO - [2026-01-31T21:32:01.622+0530] {dagbag.py:538} INFO - Filling up the DagBag from /opt/airflow/dags/airflow_dag_api_to_kafka.py
[2026-01-31T21:32:01.711+0530] {processor.py:840} INFO - DAG(s) 'tle_api_to_kafka_streaming' retrieved from /opt/airflow/dags/airflow_dag_api_to_kafka.py
[2026-01-31T21:32:01.749+0530] {logging_mixin.py:188} INFO - [2026-01-31T21:32:01.749+0530] {dag.py:3036} INFO - Sync 1 DAGs
[2026-01-31T21:32:01.785+0530] {logging_mixin.py:188} INFO - [2026-01-31T21:32:01.784+0530] {dag.py:3823} INFO - Setting next_dagrun for tle_api_to_kafka_streaming to 2026-01-31 15:30:00+00:00, run_after=2026-01-31 16:30:00+00:00
[2026-01-31T21:32:01.806+0530] {processor.py:183} INFO - Processing /opt/airflow/dags/airflow_dag_api_to_kafka.py took 0.189 seconds
[2026-01-31T21:32:31.878+0530] {processor.py:161} INFO - Started process (PID=1268) to work on /opt/airflow/dags/airflow_dag_api_to_kafka.py
[2026-01-31T21:32:31.879+0530] {processor.py:830} INFO - Processing file /opt/airflow/dags/airflow_dag_api_to_kafka.py for tasks to queue
[2026-01-31T21:32:31.880+0530] {logging_mixin.py:188} INFO - [2026-01-31T21:32:31.880+0530] {dagbag.py:538} INFO - Filling up the DagBag from /opt/airflow/dags/airflow_dag_api_to_kafka.py
[2026-01-31T21:32:31.953+0530] {processor.py:840} INFO - DAG(s) 'tle_api_to_kafka_streaming' retrieved from /opt/airflow/dags/airflow_dag_api_to_kafka.py
[2026-01-31T21:32:31.992+0530] {logging_mixin.py:188} INFO - [2026-01-31T21:32:31.992+0530] {dag.py:3036} INFO - Sync 1 DAGs
[2026-01-31T21:32:32.024+0530] {logging_mixin.py:188} INFO - [2026-01-31T21:32:32.024+0530] {dag.py:3823} INFO - Setting next_dagrun for tle_api_to_kafka_streaming to 2026-01-31 15:30:00+00:00, run_after=2026-01-31 16:30:00+00:00
[2026-01-31T21:32:32.046+0530] {processor.py:183} INFO - Processing /opt/airflow/dags/airflow_dag_api_to_kafka.py took 0.172 seconds
[2026-01-31T21:33:02.127+0530] {processor.py:161} INFO - Started process (PID=1278) to work on /opt/airflow/dags/airflow_dag_api_to_kafka.py
[2026-01-31T21:33:02.128+0530] {processor.py:830} INFO - Processing file /opt/airflow/dags/airflow_dag_api_to_kafka.py for tasks to queue
[2026-01-31T21:33:02.129+0530] {logging_mixin.py:188} INFO - [2026-01-31T21:33:02.128+0530] {dagbag.py:538} INFO - Filling up the DagBag from /opt/airflow/dags/airflow_dag_api_to_kafka.py
[2026-01-31T21:33:02.213+0530] {processor.py:840} INFO - DAG(s) 'tle_api_to_kafka_streaming' retrieved from /opt/airflow/dags/airflow_dag_api_to_kafka.py
[2026-01-31T21:33:02.253+0530] {logging_mixin.py:188} INFO - [2026-01-31T21:33:02.253+0530] {dag.py:3036} INFO - Sync 1 DAGs
[2026-01-31T21:33:02.286+0530] {logging_mixin.py:188} INFO - [2026-01-31T21:33:02.286+0530] {dag.py:3823} INFO - Setting next_dagrun for tle_api_to_kafka_streaming to 2026-01-31 15:30:00+00:00, run_after=2026-01-31 16:30:00+00:00
[2026-01-31T21:33:02.308+0530] {processor.py:183} INFO - Processing /opt/airflow/dags/airflow_dag_api_to_kafka.py took 0.186 seconds
[2026-01-31T21:33:32.372+0530] {processor.py:161} INFO - Started process (PID=1288) to work on /opt/airflow/dags/airflow_dag_api_to_kafka.py
[2026-01-31T21:33:32.373+0530] {processor.py:830} INFO - Processing file /opt/airflow/dags/airflow_dag_api_to_kafka.py for tasks to queue
[2026-01-31T21:33:32.374+0530] {logging_mixin.py:188} INFO - [2026-01-31T21:33:32.374+0530] {dagbag.py:538} INFO - Filling up the DagBag from /opt/airflow/dags/airflow_dag_api_to_kafka.py
[2026-01-31T21:33:32.462+0530] {processor.py:840} INFO - DAG(s) 'tle_api_to_kafka_streaming' retrieved from /opt/airflow/dags/airflow_dag_api_to_kafka.py
[2026-01-31T21:33:32.498+0530] {logging_mixin.py:188} INFO - [2026-01-31T21:33:32.498+0530] {dag.py:3036} INFO - Sync 1 DAGs
[2026-01-31T21:33:32.538+0530] {logging_mixin.py:188} INFO - [2026-01-31T21:33:32.538+0530] {dag.py:3823} INFO - Setting next_dagrun for tle_api_to_kafka_streaming to 2026-01-31 15:30:00+00:00, run_after=2026-01-31 16:30:00+00:00
[2026-01-31T21:33:32.561+0530] {processor.py:183} INFO - Processing /opt/airflow/dags/airflow_dag_api_to_kafka.py took 0.193 seconds
[2026-01-31T21:34:02.594+0530] {processor.py:161} INFO - Started process (PID=1298) to work on /opt/airflow/dags/airflow_dag_api_to_kafka.py
[2026-01-31T21:34:02.595+0530] {processor.py:830} INFO - Processing file /opt/airflow/dags/airflow_dag_api_to_kafka.py for tasks to queue
[2026-01-31T21:34:02.596+0530] {logging_mixin.py:188} INFO - [2026-01-31T21:34:02.596+0530] {dagbag.py:538} INFO - Filling up the DagBag from /opt/airflow/dags/airflow_dag_api_to_kafka.py
[2026-01-31T21:34:02.677+0530] {processor.py:840} INFO - DAG(s) 'tle_api_to_kafka_streaming' retrieved from /opt/airflow/dags/airflow_dag_api_to_kafka.py
[2026-01-31T21:34:02.715+0530] {logging_mixin.py:188} INFO - [2026-01-31T21:34:02.715+0530] {dag.py:3036} INFO - Sync 1 DAGs
[2026-01-31T21:34:02.781+0530] {logging_mixin.py:188} INFO - [2026-01-31T21:34:02.781+0530] {dag.py:3823} INFO - Setting next_dagrun for tle_api_to_kafka_streaming to 2026-01-31 15:30:00+00:00, run_after=2026-01-31 16:30:00+00:00
[2026-01-31T21:34:02.804+0530] {processor.py:183} INFO - Processing /opt/airflow/dags/airflow_dag_api_to_kafka.py took 0.214 seconds
[2026-01-31T21:34:32.876+0530] {processor.py:161} INFO - Started process (PID=1308) to work on /opt/airflow/dags/airflow_dag_api_to_kafka.py
[2026-01-31T21:34:32.877+0530] {processor.py:830} INFO - Processing file /opt/airflow/dags/airflow_dag_api_to_kafka.py for tasks to queue
[2026-01-31T21:34:32.878+0530] {logging_mixin.py:188} INFO - [2026-01-31T21:34:32.877+0530] {dagbag.py:538} INFO - Filling up the DagBag from /opt/airflow/dags/airflow_dag_api_to_kafka.py
[2026-01-31T21:34:32.969+0530] {processor.py:840} INFO - DAG(s) 'tle_api_to_kafka_streaming' retrieved from /opt/airflow/dags/airflow_dag_api_to_kafka.py
[2026-01-31T21:34:33.019+0530] {logging_mixin.py:188} INFO - [2026-01-31T21:34:33.018+0530] {dag.py:3036} INFO - Sync 1 DAGs
[2026-01-31T21:34:33.074+0530] {logging_mixin.py:188} INFO - [2026-01-31T21:34:33.073+0530] {dag.py:3823} INFO - Setting next_dagrun for tle_api_to_kafka_streaming to 2026-01-31 15:30:00+00:00, run_after=2026-01-31 16:30:00+00:00
[2026-01-31T21:34:33.102+0530] {processor.py:183} INFO - Processing /opt/airflow/dags/airflow_dag_api_to_kafka.py took 0.230 seconds
[2026-01-31T21:35:03.140+0530] {processor.py:161} INFO - Started process (PID=1318) to work on /opt/airflow/dags/airflow_dag_api_to_kafka.py
[2026-01-31T21:35:03.141+0530] {processor.py:830} INFO - Processing file /opt/airflow/dags/airflow_dag_api_to_kafka.py for tasks to queue
[2026-01-31T21:35:03.142+0530] {logging_mixin.py:188} INFO - [2026-01-31T21:35:03.142+0530] {dagbag.py:538} INFO - Filling up the DagBag from /opt/airflow/dags/airflow_dag_api_to_kafka.py
[2026-01-31T21:35:03.229+0530] {processor.py:840} INFO - DAG(s) 'tle_api_to_kafka_streaming' retrieved from /opt/airflow/dags/airflow_dag_api_to_kafka.py
[2026-01-31T21:35:03.264+0530] {logging_mixin.py:188} INFO - [2026-01-31T21:35:03.263+0530] {dag.py:3036} INFO - Sync 1 DAGs
[2026-01-31T21:35:03.304+0530] {logging_mixin.py:188} INFO - [2026-01-31T21:35:03.303+0530] {dag.py:3823} INFO - Setting next_dagrun for tle_api_to_kafka_streaming to 2026-01-31 15:30:00+00:00, run_after=2026-01-31 16:30:00+00:00
[2026-01-31T21:35:03.326+0530] {processor.py:183} INFO - Processing /opt/airflow/dags/airflow_dag_api_to_kafka.py took 0.190 seconds
[2026-01-31T21:35:33.408+0530] {processor.py:161} INFO - Started process (PID=1328) to work on /opt/airflow/dags/airflow_dag_api_to_kafka.py
[2026-01-31T21:35:33.409+0530] {processor.py:830} INFO - Processing file /opt/airflow/dags/airflow_dag_api_to_kafka.py for tasks to queue
[2026-01-31T21:35:33.410+0530] {logging_mixin.py:188} INFO - [2026-01-31T21:35:33.410+0530] {dagbag.py:538} INFO - Filling up the DagBag from /opt/airflow/dags/airflow_dag_api_to_kafka.py
[2026-01-31T21:35:33.481+0530] {processor.py:840} INFO - DAG(s) 'tle_api_to_kafka_streaming' retrieved from /opt/airflow/dags/airflow_dag_api_to_kafka.py
[2026-01-31T21:35:33.525+0530] {logging_mixin.py:188} INFO - [2026-01-31T21:35:33.524+0530] {dag.py:3036} INFO - Sync 1 DAGs
[2026-01-31T21:35:33.557+0530] {logging_mixin.py:188} INFO - [2026-01-31T21:35:33.557+0530] {dag.py:3823} INFO - Setting next_dagrun for tle_api_to_kafka_streaming to 2026-01-31 15:30:00+00:00, run_after=2026-01-31 16:30:00+00:00
[2026-01-31T21:35:33.578+0530] {processor.py:183} INFO - Processing /opt/airflow/dags/airflow_dag_api_to_kafka.py took 0.175 seconds
[2026-01-31T21:36:03.615+0530] {processor.py:161} INFO - Started process (PID=1338) to work on /opt/airflow/dags/airflow_dag_api_to_kafka.py
[2026-01-31T21:36:03.617+0530] {processor.py:830} INFO - Processing file /opt/airflow/dags/airflow_dag_api_to_kafka.py for tasks to queue
[2026-01-31T21:36:03.618+0530] {logging_mixin.py:188} INFO - [2026-01-31T21:36:03.617+0530] {dagbag.py:538} INFO - Filling up the DagBag from /opt/airflow/dags/airflow_dag_api_to_kafka.py
[2026-01-31T21:36:03.668+0530] {processor.py:840} INFO - DAG(s) 'tle_api_to_kafka_streaming' retrieved from /opt/airflow/dags/airflow_dag_api_to_kafka.py
[2026-01-31T21:36:03.700+0530] {logging_mixin.py:188} INFO - [2026-01-31T21:36:03.700+0530] {dag.py:3036} INFO - Sync 1 DAGs
[2026-01-31T21:36:03.732+0530] {logging_mixin.py:188} INFO - [2026-01-31T21:36:03.732+0530] {dag.py:3823} INFO - Setting next_dagrun for tle_api_to_kafka_streaming to 2026-01-31 15:30:00+00:00, run_after=2026-01-31 16:30:00+00:00
[2026-01-31T21:36:03.747+0530] {processor.py:183} INFO - Processing /opt/airflow/dags/airflow_dag_api_to_kafka.py took 0.135 seconds
[2026-01-31T21:36:33.848+0530] {processor.py:161} INFO - Started process (PID=1348) to work on /opt/airflow/dags/airflow_dag_api_to_kafka.py
[2026-01-31T21:36:33.849+0530] {processor.py:830} INFO - Processing file /opt/airflow/dags/airflow_dag_api_to_kafka.py for tasks to queue
[2026-01-31T21:36:33.850+0530] {logging_mixin.py:188} INFO - [2026-01-31T21:36:33.849+0530] {dagbag.py:538} INFO - Filling up the DagBag from /opt/airflow/dags/airflow_dag_api_to_kafka.py
[2026-01-31T21:36:33.922+0530] {processor.py:840} INFO - DAG(s) 'tle_api_to_kafka_streaming' retrieved from /opt/airflow/dags/airflow_dag_api_to_kafka.py
[2026-01-31T21:36:33.954+0530] {logging_mixin.py:188} INFO - [2026-01-31T21:36:33.954+0530] {dag.py:3036} INFO - Sync 1 DAGs
[2026-01-31T21:36:34.028+0530] {logging_mixin.py:188} INFO - [2026-01-31T21:36:34.027+0530] {dag.py:3823} INFO - Setting next_dagrun for tle_api_to_kafka_streaming to 2026-01-31 15:30:00+00:00, run_after=2026-01-31 16:30:00+00:00
[2026-01-31T21:36:34.046+0530] {processor.py:183} INFO - Processing /opt/airflow/dags/airflow_dag_api_to_kafka.py took 0.200 seconds
[2026-01-31T21:37:04.963+0530] {processor.py:161} INFO - Started process (PID=1358) to work on /opt/airflow/dags/airflow_dag_api_to_kafka.py
[2026-01-31T21:37:04.964+0530] {processor.py:830} INFO - Processing file /opt/airflow/dags/airflow_dag_api_to_kafka.py for tasks to queue
[2026-01-31T21:37:04.965+0530] {logging_mixin.py:188} INFO - [2026-01-31T21:37:04.964+0530] {dagbag.py:538} INFO - Filling up the DagBag from /opt/airflow/dags/airflow_dag_api_to_kafka.py
[2026-01-31T21:37:05.011+0530] {processor.py:840} INFO - DAG(s) 'tle_api_to_kafka_streaming' retrieved from /opt/airflow/dags/airflow_dag_api_to_kafka.py
[2026-01-31T21:37:05.044+0530] {logging_mixin.py:188} INFO - [2026-01-31T21:37:05.044+0530] {dag.py:3036} INFO - Sync 1 DAGs
[2026-01-31T21:37:05.071+0530] {logging_mixin.py:188} INFO - [2026-01-31T21:37:05.071+0530] {dag.py:3823} INFO - Setting next_dagrun for tle_api_to_kafka_streaming to 2026-01-31 15:30:00+00:00, run_after=2026-01-31 16:30:00+00:00
[2026-01-31T21:37:05.089+0530] {processor.py:183} INFO - Processing /opt/airflow/dags/airflow_dag_api_to_kafka.py took 0.129 seconds
[2026-01-31T21:37:35.194+0530] {processor.py:161} INFO - Started process (PID=1368) to work on /opt/airflow/dags/airflow_dag_api_to_kafka.py
[2026-01-31T21:37:35.196+0530] {processor.py:830} INFO - Processing file /opt/airflow/dags/airflow_dag_api_to_kafka.py for tasks to queue
[2026-01-31T21:37:35.197+0530] {logging_mixin.py:188} INFO - [2026-01-31T21:37:35.197+0530] {dagbag.py:538} INFO - Filling up the DagBag from /opt/airflow/dags/airflow_dag_api_to_kafka.py
[2026-01-31T21:37:35.246+0530] {processor.py:840} INFO - DAG(s) 'tle_api_to_kafka_streaming' retrieved from /opt/airflow/dags/airflow_dag_api_to_kafka.py
[2026-01-31T21:37:35.273+0530] {logging_mixin.py:188} INFO - [2026-01-31T21:37:35.272+0530] {dag.py:3036} INFO - Sync 1 DAGs
[2026-01-31T21:37:35.297+0530] {logging_mixin.py:188} INFO - [2026-01-31T21:37:35.297+0530] {dag.py:3823} INFO - Setting next_dagrun for tle_api_to_kafka_streaming to 2026-01-31 15:30:00+00:00, run_after=2026-01-31 16:30:00+00:00
[2026-01-31T21:37:35.314+0530] {processor.py:183} INFO - Processing /opt/airflow/dags/airflow_dag_api_to_kafka.py took 0.123 seconds
[2026-01-31T21:38:05.427+0530] {processor.py:161} INFO - Started process (PID=1378) to work on /opt/airflow/dags/airflow_dag_api_to_kafka.py
[2026-01-31T21:38:05.428+0530] {processor.py:830} INFO - Processing file /opt/airflow/dags/airflow_dag_api_to_kafka.py for tasks to queue
[2026-01-31T21:38:05.429+0530] {logging_mixin.py:188} INFO - [2026-01-31T21:38:05.429+0530] {dagbag.py:538} INFO - Filling up the DagBag from /opt/airflow/dags/airflow_dag_api_to_kafka.py
[2026-01-31T21:38:05.492+0530] {processor.py:840} INFO - DAG(s) 'tle_api_to_kafka_streaming' retrieved from /opt/airflow/dags/airflow_dag_api_to_kafka.py
[2026-01-31T21:38:05.528+0530] {logging_mixin.py:188} INFO - [2026-01-31T21:38:05.528+0530] {dag.py:3036} INFO - Sync 1 DAGs
[2026-01-31T21:38:05.565+0530] {logging_mixin.py:188} INFO - [2026-01-31T21:38:05.565+0530] {dag.py:3823} INFO - Setting next_dagrun for tle_api_to_kafka_streaming to 2026-01-31 15:30:00+00:00, run_after=2026-01-31 16:30:00+00:00
[2026-01-31T21:38:05.588+0530] {processor.py:183} INFO - Processing /opt/airflow/dags/airflow_dag_api_to_kafka.py took 0.165 seconds
[2026-01-31T21:38:35.707+0530] {processor.py:161} INFO - Started process (PID=1388) to work on /opt/airflow/dags/airflow_dag_api_to_kafka.py
[2026-01-31T21:38:35.708+0530] {processor.py:830} INFO - Processing file /opt/airflow/dags/airflow_dag_api_to_kafka.py for tasks to queue
[2026-01-31T21:38:35.709+0530] {logging_mixin.py:188} INFO - [2026-01-31T21:38:35.709+0530] {dagbag.py:538} INFO - Filling up the DagBag from /opt/airflow/dags/airflow_dag_api_to_kafka.py
[2026-01-31T21:38:35.773+0530] {processor.py:840} INFO - DAG(s) 'tle_api_to_kafka_streaming' retrieved from /opt/airflow/dags/airflow_dag_api_to_kafka.py
[2026-01-31T21:38:35.807+0530] {logging_mixin.py:188} INFO - [2026-01-31T21:38:35.806+0530] {dag.py:3036} INFO - Sync 1 DAGs
[2026-01-31T21:38:35.839+0530] {logging_mixin.py:188} INFO - [2026-01-31T21:38:35.839+0530] {dag.py:3823} INFO - Setting next_dagrun for tle_api_to_kafka_streaming to 2026-01-31 15:30:00+00:00, run_after=2026-01-31 16:30:00+00:00
[2026-01-31T21:38:35.862+0530] {processor.py:183} INFO - Processing /opt/airflow/dags/airflow_dag_api_to_kafka.py took 0.159 seconds
[2026-01-31T21:39:05.991+0530] {processor.py:161} INFO - Started process (PID=1398) to work on /opt/airflow/dags/airflow_dag_api_to_kafka.py
[2026-01-31T21:39:06.001+0530] {processor.py:830} INFO - Processing file /opt/airflow/dags/airflow_dag_api_to_kafka.py for tasks to queue
[2026-01-31T21:39:06.002+0530] {logging_mixin.py:188} INFO - [2026-01-31T21:39:06.001+0530] {dagbag.py:538} INFO - Filling up the DagBag from /opt/airflow/dags/airflow_dag_api_to_kafka.py
[2026-01-31T21:39:06.089+0530] {processor.py:840} INFO - DAG(s) 'tle_api_to_kafka_streaming' retrieved from /opt/airflow/dags/airflow_dag_api_to_kafka.py
[2026-01-31T21:39:06.126+0530] {logging_mixin.py:188} INFO - [2026-01-31T21:39:06.126+0530] {dag.py:3036} INFO - Sync 1 DAGs
[2026-01-31T21:39:06.166+0530] {logging_mixin.py:188} INFO - [2026-01-31T21:39:06.165+0530] {dag.py:3823} INFO - Setting next_dagrun for tle_api_to_kafka_streaming to 2026-01-31 15:30:00+00:00, run_after=2026-01-31 16:30:00+00:00
[2026-01-31T21:39:06.187+0530] {processor.py:183} INFO - Processing /opt/airflow/dags/airflow_dag_api_to_kafka.py took 0.201 seconds
[2026-01-31T21:39:36.315+0530] {processor.py:161} INFO - Started process (PID=1408) to work on /opt/airflow/dags/airflow_dag_api_to_kafka.py
[2026-01-31T21:39:36.317+0530] {processor.py:830} INFO - Processing file /opt/airflow/dags/airflow_dag_api_to_kafka.py for tasks to queue
[2026-01-31T21:39:36.318+0530] {logging_mixin.py:188} INFO - [2026-01-31T21:39:36.318+0530] {dagbag.py:538} INFO - Filling up the DagBag from /opt/airflow/dags/airflow_dag_api_to_kafka.py
[2026-01-31T21:39:36.422+0530] {processor.py:840} INFO - DAG(s) 'tle_api_to_kafka_streaming' retrieved from /opt/airflow/dags/airflow_dag_api_to_kafka.py
[2026-01-31T21:39:36.457+0530] {logging_mixin.py:188} INFO - [2026-01-31T21:39:36.457+0530] {dag.py:3036} INFO - Sync 1 DAGs
[2026-01-31T21:39:36.498+0530] {logging_mixin.py:188} INFO - [2026-01-31T21:39:36.497+0530] {dag.py:3823} INFO - Setting next_dagrun for tle_api_to_kafka_streaming to 2026-01-31 15:30:00+00:00, run_after=2026-01-31 16:30:00+00:00
[2026-01-31T21:39:36.519+0530] {processor.py:183} INFO - Processing /opt/airflow/dags/airflow_dag_api_to_kafka.py took 0.209 seconds
[2026-01-31T21:40:06.597+0530] {processor.py:161} INFO - Started process (PID=1418) to work on /opt/airflow/dags/airflow_dag_api_to_kafka.py
[2026-01-31T21:40:06.598+0530] {processor.py:830} INFO - Processing file /opt/airflow/dags/airflow_dag_api_to_kafka.py for tasks to queue
[2026-01-31T21:40:06.599+0530] {logging_mixin.py:188} INFO - [2026-01-31T21:40:06.599+0530] {dagbag.py:538} INFO - Filling up the DagBag from /opt/airflow/dags/airflow_dag_api_to_kafka.py
[2026-01-31T21:40:06.676+0530] {processor.py:840} INFO - DAG(s) 'tle_api_to_kafka_streaming' retrieved from /opt/airflow/dags/airflow_dag_api_to_kafka.py
[2026-01-31T21:40:06.712+0530] {logging_mixin.py:188} INFO - [2026-01-31T21:40:06.711+0530] {dag.py:3036} INFO - Sync 1 DAGs
[2026-01-31T21:40:06.748+0530] {logging_mixin.py:188} INFO - [2026-01-31T21:40:06.748+0530] {dag.py:3823} INFO - Setting next_dagrun for tle_api_to_kafka_streaming to 2026-01-31 15:30:00+00:00, run_after=2026-01-31 16:30:00+00:00
[2026-01-31T21:40:06.770+0530] {processor.py:183} INFO - Processing /opt/airflow/dags/airflow_dag_api_to_kafka.py took 0.177 seconds
[2026-01-31T21:40:36.859+0530] {processor.py:161} INFO - Started process (PID=1428) to work on /opt/airflow/dags/airflow_dag_api_to_kafka.py
[2026-01-31T21:40:36.861+0530] {processor.py:830} INFO - Processing file /opt/airflow/dags/airflow_dag_api_to_kafka.py for tasks to queue
[2026-01-31T21:40:36.862+0530] {logging_mixin.py:188} INFO - [2026-01-31T21:40:36.862+0530] {dagbag.py:538} INFO - Filling up the DagBag from /opt/airflow/dags/airflow_dag_api_to_kafka.py
[2026-01-31T21:40:36.923+0530] {processor.py:840} INFO - DAG(s) 'tle_api_to_kafka_streaming' retrieved from /opt/airflow/dags/airflow_dag_api_to_kafka.py
[2026-01-31T21:40:36.957+0530] {logging_mixin.py:188} INFO - [2026-01-31T21:40:36.957+0530] {dag.py:3036} INFO - Sync 1 DAGs
[2026-01-31T21:40:36.990+0530] {logging_mixin.py:188} INFO - [2026-01-31T21:40:36.989+0530] {dag.py:3823} INFO - Setting next_dagrun for tle_api_to_kafka_streaming to 2026-01-31 15:30:00+00:00, run_after=2026-01-31 16:30:00+00:00
[2026-01-31T21:40:37.015+0530] {processor.py:183} INFO - Processing /opt/airflow/dags/airflow_dag_api_to_kafka.py took 0.161 seconds
[2026-01-31T21:41:07.090+0530] {processor.py:161} INFO - Started process (PID=1438) to work on /opt/airflow/dags/airflow_dag_api_to_kafka.py
[2026-01-31T21:41:07.091+0530] {processor.py:830} INFO - Processing file /opt/airflow/dags/airflow_dag_api_to_kafka.py for tasks to queue
[2026-01-31T21:41:07.092+0530] {logging_mixin.py:188} INFO - [2026-01-31T21:41:07.092+0530] {dagbag.py:538} INFO - Filling up the DagBag from /opt/airflow/dags/airflow_dag_api_to_kafka.py
[2026-01-31T21:41:07.167+0530] {processor.py:840} INFO - DAG(s) 'tle_api_to_kafka_streaming' retrieved from /opt/airflow/dags/airflow_dag_api_to_kafka.py
[2026-01-31T21:41:07.202+0530] {logging_mixin.py:188} INFO - [2026-01-31T21:41:07.201+0530] {dag.py:3036} INFO - Sync 1 DAGs
[2026-01-31T21:41:07.241+0530] {logging_mixin.py:188} INFO - [2026-01-31T21:41:07.241+0530] {dag.py:3823} INFO - Setting next_dagrun for tle_api_to_kafka_streaming to 2026-01-31 15:30:00+00:00, run_after=2026-01-31 16:30:00+00:00
[2026-01-31T21:41:07.271+0530] {processor.py:183} INFO - Processing /opt/airflow/dags/airflow_dag_api_to_kafka.py took 0.185 seconds
[2026-01-31T21:41:37.323+0530] {processor.py:161} INFO - Started process (PID=1448) to work on /opt/airflow/dags/airflow_dag_api_to_kafka.py
[2026-01-31T21:41:37.324+0530] {processor.py:830} INFO - Processing file /opt/airflow/dags/airflow_dag_api_to_kafka.py for tasks to queue
[2026-01-31T21:41:37.325+0530] {logging_mixin.py:188} INFO - [2026-01-31T21:41:37.324+0530] {dagbag.py:538} INFO - Filling up the DagBag from /opt/airflow/dags/airflow_dag_api_to_kafka.py
[2026-01-31T21:41:37.394+0530] {processor.py:840} INFO - DAG(s) 'tle_api_to_kafka_streaming' retrieved from /opt/airflow/dags/airflow_dag_api_to_kafka.py
[2026-01-31T21:41:37.428+0530] {logging_mixin.py:188} INFO - [2026-01-31T21:41:37.427+0530] {dag.py:3036} INFO - Sync 1 DAGs
[2026-01-31T21:41:37.460+0530] {logging_mixin.py:188} INFO - [2026-01-31T21:41:37.460+0530] {dag.py:3823} INFO - Setting next_dagrun for tle_api_to_kafka_streaming to 2026-01-31 15:30:00+00:00, run_after=2026-01-31 16:30:00+00:00
[2026-01-31T21:41:37.479+0530] {processor.py:183} INFO - Processing /opt/airflow/dags/airflow_dag_api_to_kafka.py took 0.160 seconds
[2026-01-31T21:42:07.565+0530] {processor.py:161} INFO - Started process (PID=1458) to work on /opt/airflow/dags/airflow_dag_api_to_kafka.py
[2026-01-31T21:42:07.574+0530] {processor.py:830} INFO - Processing file /opt/airflow/dags/airflow_dag_api_to_kafka.py for tasks to queue
[2026-01-31T21:42:07.575+0530] {logging_mixin.py:188} INFO - [2026-01-31T21:42:07.575+0530] {dagbag.py:538} INFO - Filling up the DagBag from /opt/airflow/dags/airflow_dag_api_to_kafka.py
[2026-01-31T21:42:07.642+0530] {processor.py:840} INFO - DAG(s) 'tle_api_to_kafka_streaming' retrieved from /opt/airflow/dags/airflow_dag_api_to_kafka.py
[2026-01-31T21:42:07.679+0530] {logging_mixin.py:188} INFO - [2026-01-31T21:42:07.678+0530] {dag.py:3036} INFO - Sync 1 DAGs
[2026-01-31T21:42:07.714+0530] {logging_mixin.py:188} INFO - [2026-01-31T21:42:07.714+0530] {dag.py:3823} INFO - Setting next_dagrun for tle_api_to_kafka_streaming to 2026-01-31 15:30:00+00:00, run_after=2026-01-31 16:30:00+00:00
[2026-01-31T21:42:07.749+0530] {processor.py:183} INFO - Processing /opt/airflow/dags/airflow_dag_api_to_kafka.py took 0.188 seconds
[2026-01-31T21:42:37.790+0530] {processor.py:161} INFO - Started process (PID=1468) to work on /opt/airflow/dags/airflow_dag_api_to_kafka.py
[2026-01-31T21:42:37.792+0530] {processor.py:830} INFO - Processing file /opt/airflow/dags/airflow_dag_api_to_kafka.py for tasks to queue
[2026-01-31T21:42:37.794+0530] {logging_mixin.py:188} INFO - [2026-01-31T21:42:37.793+0530] {dagbag.py:538} INFO - Filling up the DagBag from /opt/airflow/dags/airflow_dag_api_to_kafka.py
[2026-01-31T21:42:37.855+0530] {processor.py:840} INFO - DAG(s) 'tle_api_to_kafka_streaming' retrieved from /opt/airflow/dags/airflow_dag_api_to_kafka.py
[2026-01-31T21:42:37.891+0530] {logging_mixin.py:188} INFO - [2026-01-31T21:42:37.891+0530] {dag.py:3036} INFO - Sync 1 DAGs
[2026-01-31T21:42:37.928+0530] {logging_mixin.py:188} INFO - [2026-01-31T21:42:37.927+0530] {dag.py:3823} INFO - Setting next_dagrun for tle_api_to_kafka_streaming to 2026-01-31 15:30:00+00:00, run_after=2026-01-31 16:30:00+00:00
[2026-01-31T21:42:37.950+0530] {processor.py:183} INFO - Processing /opt/airflow/dags/airflow_dag_api_to_kafka.py took 0.165 seconds
[2026-01-31T21:43:08.021+0530] {processor.py:161} INFO - Started process (PID=1478) to work on /opt/airflow/dags/airflow_dag_api_to_kafka.py
[2026-01-31T21:43:08.023+0530] {processor.py:830} INFO - Processing file /opt/airflow/dags/airflow_dag_api_to_kafka.py for tasks to queue
[2026-01-31T21:43:08.024+0530] {logging_mixin.py:188} INFO - [2026-01-31T21:43:08.024+0530] {dagbag.py:538} INFO - Filling up the DagBag from /opt/airflow/dags/airflow_dag_api_to_kafka.py
[2026-01-31T21:43:08.087+0530] {processor.py:840} INFO - DAG(s) 'tle_api_to_kafka_streaming' retrieved from /opt/airflow/dags/airflow_dag_api_to_kafka.py
[2026-01-31T21:43:08.125+0530] {logging_mixin.py:188} INFO - [2026-01-31T21:43:08.124+0530] {dag.py:3036} INFO - Sync 1 DAGs
[2026-01-31T21:43:08.159+0530] {logging_mixin.py:188} INFO - [2026-01-31T21:43:08.159+0530] {dag.py:3823} INFO - Setting next_dagrun for tle_api_to_kafka_streaming to 2026-01-31 15:30:00+00:00, run_after=2026-01-31 16:30:00+00:00
[2026-01-31T21:43:08.181+0530] {processor.py:183} INFO - Processing /opt/airflow/dags/airflow_dag_api_to_kafka.py took 0.164 seconds
[2026-01-31T21:43:38.252+0530] {processor.py:161} INFO - Started process (PID=1488) to work on /opt/airflow/dags/airflow_dag_api_to_kafka.py
[2026-01-31T21:43:38.253+0530] {processor.py:830} INFO - Processing file /opt/airflow/dags/airflow_dag_api_to_kafka.py for tasks to queue
[2026-01-31T21:43:38.254+0530] {logging_mixin.py:188} INFO - [2026-01-31T21:43:38.254+0530] {dagbag.py:538} INFO - Filling up the DagBag from /opt/airflow/dags/airflow_dag_api_to_kafka.py
[2026-01-31T21:43:38.316+0530] {processor.py:840} INFO - DAG(s) 'tle_api_to_kafka_streaming' retrieved from /opt/airflow/dags/airflow_dag_api_to_kafka.py
[2026-01-31T21:43:38.351+0530] {logging_mixin.py:188} INFO - [2026-01-31T21:43:38.351+0530] {dag.py:3036} INFO - Sync 1 DAGs
[2026-01-31T21:43:38.384+0530] {logging_mixin.py:188} INFO - [2026-01-31T21:43:38.384+0530] {dag.py:3823} INFO - Setting next_dagrun for tle_api_to_kafka_streaming to 2026-01-31 15:30:00+00:00, run_after=2026-01-31 16:30:00+00:00
[2026-01-31T21:43:38.407+0530] {processor.py:183} INFO - Processing /opt/airflow/dags/airflow_dag_api_to_kafka.py took 0.159 seconds
[2026-01-31T21:44:08.493+0530] {processor.py:161} INFO - Started process (PID=1498) to work on /opt/airflow/dags/airflow_dag_api_to_kafka.py
[2026-01-31T21:44:08.494+0530] {processor.py:830} INFO - Processing file /opt/airflow/dags/airflow_dag_api_to_kafka.py for tasks to queue
[2026-01-31T21:44:08.495+0530] {logging_mixin.py:188} INFO - [2026-01-31T21:44:08.495+0530] {dagbag.py:538} INFO - Filling up the DagBag from /opt/airflow/dags/airflow_dag_api_to_kafka.py
[2026-01-31T21:44:08.559+0530] {processor.py:840} INFO - DAG(s) 'tle_api_to_kafka_streaming' retrieved from /opt/airflow/dags/airflow_dag_api_to_kafka.py
[2026-01-31T21:44:08.605+0530] {logging_mixin.py:188} INFO - [2026-01-31T21:44:08.604+0530] {dag.py:3036} INFO - Sync 1 DAGs
[2026-01-31T21:44:08.642+0530] {logging_mixin.py:188} INFO - [2026-01-31T21:44:08.642+0530] {dag.py:3823} INFO - Setting next_dagrun for tle_api_to_kafka_streaming to 2026-01-31 15:30:00+00:00, run_after=2026-01-31 16:30:00+00:00
[2026-01-31T21:44:08.664+0530] {processor.py:183} INFO - Processing /opt/airflow/dags/airflow_dag_api_to_kafka.py took 0.175 seconds
[2026-01-31T21:44:38.721+0530] {processor.py:161} INFO - Started process (PID=1508) to work on /opt/airflow/dags/airflow_dag_api_to_kafka.py
[2026-01-31T21:44:38.722+0530] {processor.py:830} INFO - Processing file /opt/airflow/dags/airflow_dag_api_to_kafka.py for tasks to queue
[2026-01-31T21:44:38.723+0530] {logging_mixin.py:188} INFO - [2026-01-31T21:44:38.723+0530] {dagbag.py:538} INFO - Filling up the DagBag from /opt/airflow/dags/airflow_dag_api_to_kafka.py
[2026-01-31T21:44:38.796+0530] {processor.py:840} INFO - DAG(s) 'tle_api_to_kafka_streaming' retrieved from /opt/airflow/dags/airflow_dag_api_to_kafka.py
[2026-01-31T21:44:38.830+0530] {logging_mixin.py:188} INFO - [2026-01-31T21:44:38.830+0530] {dag.py:3036} INFO - Sync 1 DAGs
[2026-01-31T21:44:38.877+0530] {logging_mixin.py:188} INFO - [2026-01-31T21:44:38.877+0530] {dag.py:3823} INFO - Setting next_dagrun for tle_api_to_kafka_streaming to 2026-01-31 15:30:00+00:00, run_after=2026-01-31 16:30:00+00:00
[2026-01-31T21:44:38.906+0530] {processor.py:183} INFO - Processing /opt/airflow/dags/airflow_dag_api_to_kafka.py took 0.188 seconds
[2026-01-31T21:45:08.967+0530] {processor.py:161} INFO - Started process (PID=1518) to work on /opt/airflow/dags/airflow_dag_api_to_kafka.py
[2026-01-31T21:45:08.968+0530] {processor.py:830} INFO - Processing file /opt/airflow/dags/airflow_dag_api_to_kafka.py for tasks to queue
[2026-01-31T21:45:08.969+0530] {logging_mixin.py:188} INFO - [2026-01-31T21:45:08.969+0530] {dagbag.py:538} INFO - Filling up the DagBag from /opt/airflow/dags/airflow_dag_api_to_kafka.py
[2026-01-31T21:45:09.035+0530] {processor.py:840} INFO - DAG(s) 'tle_api_to_kafka_streaming' retrieved from /opt/airflow/dags/airflow_dag_api_to_kafka.py
[2026-01-31T21:45:09.070+0530] {logging_mixin.py:188} INFO - [2026-01-31T21:45:09.070+0530] {dag.py:3036} INFO - Sync 1 DAGs
[2026-01-31T21:45:09.104+0530] {logging_mixin.py:188} INFO - [2026-01-31T21:45:09.104+0530] {dag.py:3823} INFO - Setting next_dagrun for tle_api_to_kafka_streaming to 2026-01-31 15:30:00+00:00, run_after=2026-01-31 16:30:00+00:00
[2026-01-31T21:45:09.129+0530] {processor.py:183} INFO - Processing /opt/airflow/dags/airflow_dag_api_to_kafka.py took 0.168 seconds
[2026-01-31T21:45:39.239+0530] {processor.py:161} INFO - Started process (PID=1528) to work on /opt/airflow/dags/airflow_dag_api_to_kafka.py
[2026-01-31T21:45:39.242+0530] {processor.py:830} INFO - Processing file /opt/airflow/dags/airflow_dag_api_to_kafka.py for tasks to queue
[2026-01-31T21:45:39.243+0530] {logging_mixin.py:188} INFO - [2026-01-31T21:45:39.243+0530] {dagbag.py:538} INFO - Filling up the DagBag from /opt/airflow/dags/airflow_dag_api_to_kafka.py
[2026-01-31T21:45:39.316+0530] {processor.py:840} INFO - DAG(s) 'tle_api_to_kafka_streaming' retrieved from /opt/airflow/dags/airflow_dag_api_to_kafka.py
[2026-01-31T21:45:39.356+0530] {logging_mixin.py:188} INFO - [2026-01-31T21:45:39.356+0530] {dag.py:3036} INFO - Sync 1 DAGs
[2026-01-31T21:45:39.428+0530] {logging_mixin.py:188} INFO - [2026-01-31T21:45:39.428+0530] {dag.py:3823} INFO - Setting next_dagrun for tle_api_to_kafka_streaming to 2026-01-31 15:30:00+00:00, run_after=2026-01-31 16:30:00+00:00
[2026-01-31T21:45:39.450+0530] {processor.py:183} INFO - Processing /opt/airflow/dags/airflow_dag_api_to_kafka.py took 0.215 seconds
[2026-01-31T21:46:09.533+0530] {processor.py:161} INFO - Started process (PID=1538) to work on /opt/airflow/dags/airflow_dag_api_to_kafka.py
[2026-01-31T21:46:09.534+0530] {processor.py:830} INFO - Processing file /opt/airflow/dags/airflow_dag_api_to_kafka.py for tasks to queue
[2026-01-31T21:46:09.535+0530] {logging_mixin.py:188} INFO - [2026-01-31T21:46:09.535+0530] {dagbag.py:538} INFO - Filling up the DagBag from /opt/airflow/dags/airflow_dag_api_to_kafka.py
[2026-01-31T21:46:09.615+0530] {processor.py:840} INFO - DAG(s) 'tle_api_to_kafka_streaming' retrieved from /opt/airflow/dags/airflow_dag_api_to_kafka.py
[2026-01-31T21:46:09.650+0530] {logging_mixin.py:188} INFO - [2026-01-31T21:46:09.650+0530] {dag.py:3036} INFO - Sync 1 DAGs
[2026-01-31T21:46:09.686+0530] {logging_mixin.py:188} INFO - [2026-01-31T21:46:09.686+0530] {dag.py:3823} INFO - Setting next_dagrun for tle_api_to_kafka_streaming to 2026-01-31 15:30:00+00:00, run_after=2026-01-31 16:30:00+00:00
[2026-01-31T21:46:09.706+0530] {processor.py:183} INFO - Processing /opt/airflow/dags/airflow_dag_api_to_kafka.py took 0.177 seconds
[2026-01-31T21:46:39.798+0530] {processor.py:161} INFO - Started process (PID=1548) to work on /opt/airflow/dags/airflow_dag_api_to_kafka.py
[2026-01-31T21:46:39.799+0530] {processor.py:830} INFO - Processing file /opt/airflow/dags/airflow_dag_api_to_kafka.py for tasks to queue
[2026-01-31T21:46:39.800+0530] {logging_mixin.py:188} INFO - [2026-01-31T21:46:39.800+0530] {dagbag.py:538} INFO - Filling up the DagBag from /opt/airflow/dags/airflow_dag_api_to_kafka.py
[2026-01-31T21:46:39.873+0530] {processor.py:840} INFO - DAG(s) 'tle_api_to_kafka_streaming' retrieved from /opt/airflow/dags/airflow_dag_api_to_kafka.py
[2026-01-31T21:46:39.913+0530] {logging_mixin.py:188} INFO - [2026-01-31T21:46:39.913+0530] {dag.py:3036} INFO - Sync 1 DAGs
[2026-01-31T21:46:39.949+0530] {logging_mixin.py:188} INFO - [2026-01-31T21:46:39.949+0530] {dag.py:3823} INFO - Setting next_dagrun for tle_api_to_kafka_streaming to 2026-01-31 15:30:00+00:00, run_after=2026-01-31 16:30:00+00:00
[2026-01-31T21:46:39.972+0530] {processor.py:183} INFO - Processing /opt/airflow/dags/airflow_dag_api_to_kafka.py took 0.178 seconds
[2026-01-31T21:47:10.036+0530] {processor.py:161} INFO - Started process (PID=1558) to work on /opt/airflow/dags/airflow_dag_api_to_kafka.py
[2026-01-31T21:47:10.038+0530] {processor.py:830} INFO - Processing file /opt/airflow/dags/airflow_dag_api_to_kafka.py for tasks to queue
[2026-01-31T21:47:10.039+0530] {logging_mixin.py:188} INFO - [2026-01-31T21:47:10.038+0530] {dagbag.py:538} INFO - Filling up the DagBag from /opt/airflow/dags/airflow_dag_api_to_kafka.py
[2026-01-31T21:47:10.098+0530] {processor.py:840} INFO - DAG(s) 'tle_api_to_kafka_streaming' retrieved from /opt/airflow/dags/airflow_dag_api_to_kafka.py
[2026-01-31T21:47:10.134+0530] {logging_mixin.py:188} INFO - [2026-01-31T21:47:10.134+0530] {dag.py:3036} INFO - Sync 1 DAGs
[2026-01-31T21:47:10.166+0530] {logging_mixin.py:188} INFO - [2026-01-31T21:47:10.166+0530] {dag.py:3823} INFO - Setting next_dagrun for tle_api_to_kafka_streaming to 2026-01-31 15:30:00+00:00, run_after=2026-01-31 16:30:00+00:00
[2026-01-31T21:47:10.187+0530] {processor.py:183} INFO - Processing /opt/airflow/dags/airflow_dag_api_to_kafka.py took 0.155 seconds
[2026-01-31T21:47:40.272+0530] {processor.py:161} INFO - Started process (PID=1568) to work on /opt/airflow/dags/airflow_dag_api_to_kafka.py
[2026-01-31T21:47:40.273+0530] {processor.py:830} INFO - Processing file /opt/airflow/dags/airflow_dag_api_to_kafka.py for tasks to queue
[2026-01-31T21:47:40.274+0530] {logging_mixin.py:188} INFO - [2026-01-31T21:47:40.274+0530] {dagbag.py:538} INFO - Filling up the DagBag from /opt/airflow/dags/airflow_dag_api_to_kafka.py
[2026-01-31T21:47:40.342+0530] {processor.py:840} INFO - DAG(s) 'tle_api_to_kafka_streaming' retrieved from /opt/airflow/dags/airflow_dag_api_to_kafka.py
[2026-01-31T21:47:40.375+0530] {logging_mixin.py:188} INFO - [2026-01-31T21:47:40.375+0530] {dag.py:3036} INFO - Sync 1 DAGs
[2026-01-31T21:47:40.413+0530] {logging_mixin.py:188} INFO - [2026-01-31T21:47:40.413+0530] {dag.py:3823} INFO - Setting next_dagrun for tle_api_to_kafka_streaming to 2026-01-31 15:30:00+00:00, run_after=2026-01-31 16:30:00+00:00
[2026-01-31T21:47:40.434+0530] {processor.py:183} INFO - Processing /opt/airflow/dags/airflow_dag_api_to_kafka.py took 0.166 seconds
[2026-01-31T21:48:10.520+0530] {processor.py:161} INFO - Started process (PID=1578) to work on /opt/airflow/dags/airflow_dag_api_to_kafka.py
[2026-01-31T21:48:10.522+0530] {processor.py:830} INFO - Processing file /opt/airflow/dags/airflow_dag_api_to_kafka.py for tasks to queue
[2026-01-31T21:48:10.523+0530] {logging_mixin.py:188} INFO - [2026-01-31T21:48:10.523+0530] {dagbag.py:538} INFO - Filling up the DagBag from /opt/airflow/dags/airflow_dag_api_to_kafka.py
[2026-01-31T21:48:10.588+0530] {processor.py:840} INFO - DAG(s) 'tle_api_to_kafka_streaming' retrieved from /opt/airflow/dags/airflow_dag_api_to_kafka.py
[2026-01-31T21:48:10.623+0530] {logging_mixin.py:188} INFO - [2026-01-31T21:48:10.623+0530] {dag.py:3036} INFO - Sync 1 DAGs
[2026-01-31T21:48:10.661+0530] {logging_mixin.py:188} INFO - [2026-01-31T21:48:10.661+0530] {dag.py:3823} INFO - Setting next_dagrun for tle_api_to_kafka_streaming to 2026-01-31 15:30:00+00:00, run_after=2026-01-31 16:30:00+00:00
[2026-01-31T21:48:10.683+0530] {processor.py:183} INFO - Processing /opt/airflow/dags/airflow_dag_api_to_kafka.py took 0.168 seconds
[2026-01-31T21:48:40.758+0530] {processor.py:161} INFO - Started process (PID=1588) to work on /opt/airflow/dags/airflow_dag_api_to_kafka.py
[2026-01-31T21:48:40.759+0530] {processor.py:830} INFO - Processing file /opt/airflow/dags/airflow_dag_api_to_kafka.py for tasks to queue
[2026-01-31T21:48:40.760+0530] {logging_mixin.py:188} INFO - [2026-01-31T21:48:40.760+0530] {dagbag.py:538} INFO - Filling up the DagBag from /opt/airflow/dags/airflow_dag_api_to_kafka.py
[2026-01-31T21:48:40.850+0530] {processor.py:840} INFO - DAG(s) 'tle_api_to_kafka_streaming' retrieved from /opt/airflow/dags/airflow_dag_api_to_kafka.py
[2026-01-31T21:48:40.887+0530] {logging_mixin.py:188} INFO - [2026-01-31T21:48:40.887+0530] {dag.py:3036} INFO - Sync 1 DAGs
[2026-01-31T21:48:40.920+0530] {logging_mixin.py:188} INFO - [2026-01-31T21:48:40.920+0530] {dag.py:3823} INFO - Setting next_dagrun for tle_api_to_kafka_streaming to 2026-01-31 15:30:00+00:00, run_after=2026-01-31 16:30:00+00:00
[2026-01-31T21:48:40.943+0530] {processor.py:183} INFO - Processing /opt/airflow/dags/airflow_dag_api_to_kafka.py took 0.190 seconds
[2026-01-31T21:49:11.000+0530] {processor.py:161} INFO - Started process (PID=1598) to work on /opt/airflow/dags/airflow_dag_api_to_kafka.py
[2026-01-31T21:49:11.003+0530] {processor.py:830} INFO - Processing file /opt/airflow/dags/airflow_dag_api_to_kafka.py for tasks to queue
[2026-01-31T21:49:11.004+0530] {logging_mixin.py:188} INFO - [2026-01-31T21:49:11.004+0530] {dagbag.py:538} INFO - Filling up the DagBag from /opt/airflow/dags/airflow_dag_api_to_kafka.py
[2026-01-31T21:49:11.068+0530] {processor.py:840} INFO - DAG(s) 'tle_api_to_kafka_streaming' retrieved from /opt/airflow/dags/airflow_dag_api_to_kafka.py
[2026-01-31T21:49:11.104+0530] {logging_mixin.py:188} INFO - [2026-01-31T21:49:11.103+0530] {dag.py:3036} INFO - Sync 1 DAGs
[2026-01-31T21:49:11.140+0530] {logging_mixin.py:188} INFO - [2026-01-31T21:49:11.140+0530] {dag.py:3823} INFO - Setting next_dagrun for tle_api_to_kafka_streaming to 2026-01-31 15:30:00+00:00, run_after=2026-01-31 16:30:00+00:00
[2026-01-31T21:49:11.162+0530] {processor.py:183} INFO - Processing /opt/airflow/dags/airflow_dag_api_to_kafka.py took 0.166 seconds
[2026-01-31T21:49:41.224+0530] {processor.py:161} INFO - Started process (PID=1608) to work on /opt/airflow/dags/airflow_dag_api_to_kafka.py
[2026-01-31T21:49:41.226+0530] {processor.py:830} INFO - Processing file /opt/airflow/dags/airflow_dag_api_to_kafka.py for tasks to queue
[2026-01-31T21:49:41.227+0530] {logging_mixin.py:188} INFO - [2026-01-31T21:49:41.226+0530] {dagbag.py:538} INFO - Filling up the DagBag from /opt/airflow/dags/airflow_dag_api_to_kafka.py
[2026-01-31T21:49:41.289+0530] {processor.py:840} INFO - DAG(s) 'tle_api_to_kafka_streaming' retrieved from /opt/airflow/dags/airflow_dag_api_to_kafka.py
[2026-01-31T21:49:41.325+0530] {logging_mixin.py:188} INFO - [2026-01-31T21:49:41.325+0530] {dag.py:3036} INFO - Sync 1 DAGs
[2026-01-31T21:49:41.369+0530] {logging_mixin.py:188} INFO - [2026-01-31T21:49:41.369+0530] {dag.py:3823} INFO - Setting next_dagrun for tle_api_to_kafka_streaming to 2026-01-31 15:30:00+00:00, run_after=2026-01-31 16:30:00+00:00
[2026-01-31T21:49:41.388+0530] {processor.py:183} INFO - Processing /opt/airflow/dags/airflow_dag_api_to_kafka.py took 0.168 seconds
[2026-01-31T21:50:11.462+0530] {processor.py:161} INFO - Started process (PID=1618) to work on /opt/airflow/dags/airflow_dag_api_to_kafka.py
[2026-01-31T21:50:11.463+0530] {processor.py:830} INFO - Processing file /opt/airflow/dags/airflow_dag_api_to_kafka.py for tasks to queue
[2026-01-31T21:50:11.464+0530] {logging_mixin.py:188} INFO - [2026-01-31T21:50:11.464+0530] {dagbag.py:538} INFO - Filling up the DagBag from /opt/airflow/dags/airflow_dag_api_to_kafka.py
[2026-01-31T21:50:11.534+0530] {processor.py:840} INFO - DAG(s) 'tle_api_to_kafka_streaming' retrieved from /opt/airflow/dags/airflow_dag_api_to_kafka.py
[2026-01-31T21:50:11.576+0530] {logging_mixin.py:188} INFO - [2026-01-31T21:50:11.576+0530] {dag.py:3036} INFO - Sync 1 DAGs
[2026-01-31T21:50:11.621+0530] {logging_mixin.py:188} INFO - [2026-01-31T21:50:11.621+0530] {dag.py:3823} INFO - Setting next_dagrun for tle_api_to_kafka_streaming to 2026-01-31 15:30:00+00:00, run_after=2026-01-31 16:30:00+00:00
[2026-01-31T21:50:11.648+0530] {processor.py:183} INFO - Processing /opt/airflow/dags/airflow_dag_api_to_kafka.py took 0.191 seconds
[2026-01-31T21:50:41.696+0530] {processor.py:161} INFO - Started process (PID=1628) to work on /opt/airflow/dags/airflow_dag_api_to_kafka.py
[2026-01-31T21:50:41.698+0530] {processor.py:830} INFO - Processing file /opt/airflow/dags/airflow_dag_api_to_kafka.py for tasks to queue
[2026-01-31T21:50:41.699+0530] {logging_mixin.py:188} INFO - [2026-01-31T21:50:41.698+0530] {dagbag.py:538} INFO - Filling up the DagBag from /opt/airflow/dags/airflow_dag_api_to_kafka.py
[2026-01-31T21:50:41.766+0530] {processor.py:840} INFO - DAG(s) 'tle_api_to_kafka_streaming' retrieved from /opt/airflow/dags/airflow_dag_api_to_kafka.py
[2026-01-31T21:50:41.803+0530] {logging_mixin.py:188} INFO - [2026-01-31T21:50:41.803+0530] {dag.py:3036} INFO - Sync 1 DAGs
[2026-01-31T21:50:41.837+0530] {logging_mixin.py:188} INFO - [2026-01-31T21:50:41.837+0530] {dag.py:3823} INFO - Setting next_dagrun for tle_api_to_kafka_streaming to 2026-01-31 15:30:00+00:00, run_after=2026-01-31 16:30:00+00:00
[2026-01-31T21:50:41.859+0530] {processor.py:183} INFO - Processing /opt/airflow/dags/airflow_dag_api_to_kafka.py took 0.168 seconds
[2026-01-31T21:51:11.985+0530] {processor.py:161} INFO - Started process (PID=1638) to work on /opt/airflow/dags/airflow_dag_api_to_kafka.py
[2026-01-31T21:51:11.987+0530] {processor.py:830} INFO - Processing file /opt/airflow/dags/airflow_dag_api_to_kafka.py for tasks to queue
[2026-01-31T21:51:11.988+0530] {logging_mixin.py:188} INFO - [2026-01-31T21:51:11.987+0530] {dagbag.py:538} INFO - Filling up the DagBag from /opt/airflow/dags/airflow_dag_api_to_kafka.py
[2026-01-31T21:51:12.142+0530] {processor.py:840} INFO - DAG(s) 'tle_api_to_kafka_streaming' retrieved from /opt/airflow/dags/airflow_dag_api_to_kafka.py
[2026-01-31T21:51:12.202+0530] {logging_mixin.py:188} INFO - [2026-01-31T21:51:12.202+0530] {dag.py:3036} INFO - Sync 1 DAGs
[2026-01-31T21:51:12.260+0530] {logging_mixin.py:188} INFO - [2026-01-31T21:51:12.260+0530] {dag.py:3823} INFO - Setting next_dagrun for tle_api_to_kafka_streaming to 2026-01-31 15:30:00+00:00, run_after=2026-01-31 16:30:00+00:00
[2026-01-31T21:51:12.284+0530] {processor.py:183} INFO - Processing /opt/airflow/dags/airflow_dag_api_to_kafka.py took 0.302 seconds
[2026-01-31T21:51:42.319+0530] {processor.py:161} INFO - Started process (PID=1648) to work on /opt/airflow/dags/airflow_dag_api_to_kafka.py
[2026-01-31T21:51:42.320+0530] {processor.py:830} INFO - Processing file /opt/airflow/dags/airflow_dag_api_to_kafka.py for tasks to queue
[2026-01-31T21:51:42.321+0530] {logging_mixin.py:188} INFO - [2026-01-31T21:51:42.321+0530] {dagbag.py:538} INFO - Filling up the DagBag from /opt/airflow/dags/airflow_dag_api_to_kafka.py
[2026-01-31T21:51:42.399+0530] {processor.py:840} INFO - DAG(s) 'tle_api_to_kafka_streaming' retrieved from /opt/airflow/dags/airflow_dag_api_to_kafka.py
[2026-01-31T21:51:42.431+0530] {logging_mixin.py:188} INFO - [2026-01-31T21:51:42.431+0530] {dag.py:3036} INFO - Sync 1 DAGs
[2026-01-31T21:51:42.464+0530] {logging_mixin.py:188} INFO - [2026-01-31T21:51:42.464+0530] {dag.py:3823} INFO - Setting next_dagrun for tle_api_to_kafka_streaming to 2026-01-31 15:30:00+00:00, run_after=2026-01-31 16:30:00+00:00
[2026-01-31T21:51:42.481+0530] {processor.py:183} INFO - Processing /opt/airflow/dags/airflow_dag_api_to_kafka.py took 0.166 seconds
[2026-01-31T21:52:12.564+0530] {processor.py:161} INFO - Started process (PID=1658) to work on /opt/airflow/dags/airflow_dag_api_to_kafka.py
[2026-01-31T21:52:12.565+0530] {processor.py:830} INFO - Processing file /opt/airflow/dags/airflow_dag_api_to_kafka.py for tasks to queue
[2026-01-31T21:52:12.566+0530] {logging_mixin.py:188} INFO - [2026-01-31T21:52:12.565+0530] {dagbag.py:538} INFO - Filling up the DagBag from /opt/airflow/dags/airflow_dag_api_to_kafka.py
[2026-01-31T21:52:12.618+0530] {processor.py:840} INFO - DAG(s) 'tle_api_to_kafka_streaming' retrieved from /opt/airflow/dags/airflow_dag_api_to_kafka.py
[2026-01-31T21:52:12.649+0530] {logging_mixin.py:188} INFO - [2026-01-31T21:52:12.649+0530] {dag.py:3036} INFO - Sync 1 DAGs
[2026-01-31T21:52:12.675+0530] {logging_mixin.py:188} INFO - [2026-01-31T21:52:12.675+0530] {dag.py:3823} INFO - Setting next_dagrun for tle_api_to_kafka_streaming to 2026-01-31 15:30:00+00:00, run_after=2026-01-31 16:30:00+00:00
[2026-01-31T21:52:12.693+0530] {processor.py:183} INFO - Processing /opt/airflow/dags/airflow_dag_api_to_kafka.py took 0.132 seconds
[2026-01-31T21:52:42.804+0530] {processor.py:161} INFO - Started process (PID=1668) to work on /opt/airflow/dags/airflow_dag_api_to_kafka.py
[2026-01-31T21:52:42.805+0530] {processor.py:830} INFO - Processing file /opt/airflow/dags/airflow_dag_api_to_kafka.py for tasks to queue
[2026-01-31T21:52:42.806+0530] {logging_mixin.py:188} INFO - [2026-01-31T21:52:42.806+0530] {dagbag.py:538} INFO - Filling up the DagBag from /opt/airflow/dags/airflow_dag_api_to_kafka.py
[2026-01-31T21:52:42.892+0530] {processor.py:840} INFO - DAG(s) 'tle_api_to_kafka_streaming' retrieved from /opt/airflow/dags/airflow_dag_api_to_kafka.py
[2026-01-31T21:52:42.928+0530] {logging_mixin.py:188} INFO - [2026-01-31T21:52:42.927+0530] {dag.py:3036} INFO - Sync 1 DAGs
[2026-01-31T21:52:42.963+0530] {logging_mixin.py:188} INFO - [2026-01-31T21:52:42.963+0530] {dag.py:3823} INFO - Setting next_dagrun for tle_api_to_kafka_streaming to 2026-01-31 15:30:00+00:00, run_after=2026-01-31 16:30:00+00:00
[2026-01-31T21:52:42.981+0530] {processor.py:183} INFO - Processing /opt/airflow/dags/airflow_dag_api_to_kafka.py took 0.181 seconds
[2026-01-31T21:53:13.094+0530] {processor.py:161} INFO - Started process (PID=1678) to work on /opt/airflow/dags/airflow_dag_api_to_kafka.py
[2026-01-31T21:53:13.095+0530] {processor.py:830} INFO - Processing file /opt/airflow/dags/airflow_dag_api_to_kafka.py for tasks to queue
[2026-01-31T21:53:13.096+0530] {logging_mixin.py:188} INFO - [2026-01-31T21:53:13.096+0530] {dagbag.py:538} INFO - Filling up the DagBag from /opt/airflow/dags/airflow_dag_api_to_kafka.py
[2026-01-31T21:53:13.178+0530] {processor.py:840} INFO - DAG(s) 'tle_api_to_kafka_streaming' retrieved from /opt/airflow/dags/airflow_dag_api_to_kafka.py
[2026-01-31T21:53:13.209+0530] {logging_mixin.py:188} INFO - [2026-01-31T21:53:13.208+0530] {dag.py:3036} INFO - Sync 1 DAGs
[2026-01-31T21:53:13.240+0530] {logging_mixin.py:188} INFO - [2026-01-31T21:53:13.240+0530] {dag.py:3823} INFO - Setting next_dagrun for tle_api_to_kafka_streaming to 2026-01-31 15:30:00+00:00, run_after=2026-01-31 16:30:00+00:00
[2026-01-31T21:53:13.257+0530] {processor.py:183} INFO - Processing /opt/airflow/dags/airflow_dag_api_to_kafka.py took 0.167 seconds
[2026-01-31T21:53:43.370+0530] {processor.py:161} INFO - Started process (PID=1688) to work on /opt/airflow/dags/airflow_dag_api_to_kafka.py
[2026-01-31T21:53:43.371+0530] {processor.py:830} INFO - Processing file /opt/airflow/dags/airflow_dag_api_to_kafka.py for tasks to queue
[2026-01-31T21:53:43.372+0530] {logging_mixin.py:188} INFO - [2026-01-31T21:53:43.372+0530] {dagbag.py:538} INFO - Filling up the DagBag from /opt/airflow/dags/airflow_dag_api_to_kafka.py
[2026-01-31T21:53:43.466+0530] {processor.py:840} INFO - DAG(s) 'tle_api_to_kafka_streaming' retrieved from /opt/airflow/dags/airflow_dag_api_to_kafka.py
[2026-01-31T21:53:43.496+0530] {logging_mixin.py:188} INFO - [2026-01-31T21:53:43.496+0530] {dag.py:3036} INFO - Sync 1 DAGs
[2026-01-31T21:53:43.571+0530] {logging_mixin.py:188} INFO - [2026-01-31T21:53:43.571+0530] {dag.py:3823} INFO - Setting next_dagrun for tle_api_to_kafka_streaming to 2026-01-31 15:30:00+00:00, run_after=2026-01-31 16:30:00+00:00
[2026-01-31T21:53:43.589+0530] {processor.py:183} INFO - Processing /opt/airflow/dags/airflow_dag_api_to_kafka.py took 0.222 seconds
[2026-01-31T21:54:13.727+0530] {processor.py:161} INFO - Started process (PID=1698) to work on /opt/airflow/dags/airflow_dag_api_to_kafka.py
[2026-01-31T21:54:13.728+0530] {processor.py:830} INFO - Processing file /opt/airflow/dags/airflow_dag_api_to_kafka.py for tasks to queue
[2026-01-31T21:54:13.730+0530] {logging_mixin.py:188} INFO - [2026-01-31T21:54:13.729+0530] {dagbag.py:538} INFO - Filling up the DagBag from /opt/airflow/dags/airflow_dag_api_to_kafka.py
[2026-01-31T21:54:13.852+0530] {processor.py:840} INFO - DAG(s) 'tle_api_to_kafka_streaming' retrieved from /opt/airflow/dags/airflow_dag_api_to_kafka.py
[2026-01-31T21:54:13.910+0530] {logging_mixin.py:188} INFO - [2026-01-31T21:54:13.909+0530] {dag.py:3036} INFO - Sync 1 DAGs
[2026-01-31T21:54:13.957+0530] {logging_mixin.py:188} INFO - [2026-01-31T21:54:13.957+0530] {dag.py:3823} INFO - Setting next_dagrun for tle_api_to_kafka_streaming to 2026-01-31 15:30:00+00:00, run_after=2026-01-31 16:30:00+00:00
[2026-01-31T21:54:13.985+0530] {processor.py:183} INFO - Processing /opt/airflow/dags/airflow_dag_api_to_kafka.py took 0.264 seconds
[2026-01-31T21:54:44.154+0530] {processor.py:161} INFO - Started process (PID=1708) to work on /opt/airflow/dags/airflow_dag_api_to_kafka.py
[2026-01-31T21:54:44.155+0530] {processor.py:830} INFO - Processing file /opt/airflow/dags/airflow_dag_api_to_kafka.py for tasks to queue
[2026-01-31T21:54:44.156+0530] {logging_mixin.py:188} INFO - [2026-01-31T21:54:44.155+0530] {dagbag.py:538} INFO - Filling up the DagBag from /opt/airflow/dags/airflow_dag_api_to_kafka.py
[2026-01-31T21:54:44.242+0530] {processor.py:840} INFO - DAG(s) 'tle_api_to_kafka_streaming' retrieved from /opt/airflow/dags/airflow_dag_api_to_kafka.py
[2026-01-31T21:54:44.272+0530] {logging_mixin.py:188} INFO - [2026-01-31T21:54:44.272+0530] {dag.py:3036} INFO - Sync 1 DAGs
[2026-01-31T21:54:44.305+0530] {logging_mixin.py:188} INFO - [2026-01-31T21:54:44.305+0530] {dag.py:3823} INFO - Setting next_dagrun for tle_api_to_kafka_streaming to 2026-01-31 15:30:00+00:00, run_after=2026-01-31 16:30:00+00:00
[2026-01-31T21:54:44.324+0530] {processor.py:183} INFO - Processing /opt/airflow/dags/airflow_dag_api_to_kafka.py took 0.173 seconds
[2026-01-31T21:55:14.457+0530] {processor.py:161} INFO - Started process (PID=1718) to work on /opt/airflow/dags/airflow_dag_api_to_kafka.py
[2026-01-31T21:55:14.462+0530] {processor.py:830} INFO - Processing file /opt/airflow/dags/airflow_dag_api_to_kafka.py for tasks to queue
[2026-01-31T21:55:14.466+0530] {logging_mixin.py:188} INFO - [2026-01-31T21:55:14.463+0530] {dagbag.py:538} INFO - Filling up the DagBag from /opt/airflow/dags/airflow_dag_api_to_kafka.py
[2026-01-31T21:55:14.732+0530] {processor.py:840} INFO - DAG(s) 'tle_api_to_kafka_streaming' retrieved from /opt/airflow/dags/airflow_dag_api_to_kafka.py
[2026-01-31T21:55:14.845+0530] {logging_mixin.py:188} INFO - [2026-01-31T21:55:14.845+0530] {dag.py:3036} INFO - Sync 1 DAGs
[2026-01-31T21:55:14.928+0530] {logging_mixin.py:188} INFO - [2026-01-31T21:55:14.927+0530] {dag.py:3823} INFO - Setting next_dagrun for tle_api_to_kafka_streaming to 2026-01-31 15:30:00+00:00, run_after=2026-01-31 16:30:00+00:00
[2026-01-31T21:55:14.965+0530] {processor.py:183} INFO - Processing /opt/airflow/dags/airflow_dag_api_to_kafka.py took 0.524 seconds
[2026-01-31T21:55:45.660+0530] {processor.py:161} INFO - Started process (PID=1728) to work on /opt/airflow/dags/airflow_dag_api_to_kafka.py
[2026-01-31T21:55:45.661+0530] {processor.py:830} INFO - Processing file /opt/airflow/dags/airflow_dag_api_to_kafka.py for tasks to queue
[2026-01-31T21:55:45.662+0530] {logging_mixin.py:188} INFO - [2026-01-31T21:55:45.661+0530] {dagbag.py:538} INFO - Filling up the DagBag from /opt/airflow/dags/airflow_dag_api_to_kafka.py
[2026-01-31T21:55:45.782+0530] {processor.py:840} INFO - DAG(s) 'tle_api_to_kafka_streaming' retrieved from /opt/airflow/dags/airflow_dag_api_to_kafka.py
[2026-01-31T21:55:45.828+0530] {logging_mixin.py:188} INFO - [2026-01-31T21:55:45.828+0530] {dag.py:3036} INFO - Sync 1 DAGs
[2026-01-31T21:55:45.879+0530] {logging_mixin.py:188} INFO - [2026-01-31T21:55:45.879+0530] {dag.py:3823} INFO - Setting next_dagrun for tle_api_to_kafka_streaming to 2026-01-31 15:30:00+00:00, run_after=2026-01-31 16:30:00+00:00
[2026-01-31T21:55:45.904+0530] {processor.py:183} INFO - Processing /opt/airflow/dags/airflow_dag_api_to_kafka.py took 0.249 seconds
[2026-01-31T21:56:16.069+0530] {processor.py:161} INFO - Started process (PID=1738) to work on /opt/airflow/dags/airflow_dag_api_to_kafka.py
[2026-01-31T21:56:16.080+0530] {processor.py:830} INFO - Processing file /opt/airflow/dags/airflow_dag_api_to_kafka.py for tasks to queue
[2026-01-31T21:56:16.082+0530] {logging_mixin.py:188} INFO - [2026-01-31T21:56:16.081+0530] {dagbag.py:538} INFO - Filling up the DagBag from /opt/airflow/dags/airflow_dag_api_to_kafka.py
[2026-01-31T21:56:16.182+0530] {processor.py:840} INFO - DAG(s) 'tle_api_to_kafka_streaming' retrieved from /opt/airflow/dags/airflow_dag_api_to_kafka.py
[2026-01-31T21:56:16.228+0530] {logging_mixin.py:188} INFO - [2026-01-31T21:56:16.228+0530] {dag.py:3036} INFO - Sync 1 DAGs
[2026-01-31T21:56:16.273+0530] {logging_mixin.py:188} INFO - [2026-01-31T21:56:16.273+0530] {dag.py:3823} INFO - Setting next_dagrun for tle_api_to_kafka_streaming to 2026-01-31 15:30:00+00:00, run_after=2026-01-31 16:30:00+00:00
[2026-01-31T21:56:16.303+0530] {processor.py:183} INFO - Processing /opt/airflow/dags/airflow_dag_api_to_kafka.py took 0.237 seconds
[2026-01-31T21:56:46.440+0530] {processor.py:161} INFO - Started process (PID=1748) to work on /opt/airflow/dags/airflow_dag_api_to_kafka.py
[2026-01-31T21:56:46.442+0530] {processor.py:830} INFO - Processing file /opt/airflow/dags/airflow_dag_api_to_kafka.py for tasks to queue
[2026-01-31T21:56:46.443+0530] {logging_mixin.py:188} INFO - [2026-01-31T21:56:46.442+0530] {dagbag.py:538} INFO - Filling up the DagBag from /opt/airflow/dags/airflow_dag_api_to_kafka.py
[2026-01-31T21:56:46.569+0530] {processor.py:840} INFO - DAG(s) 'tle_api_to_kafka_streaming' retrieved from /opt/airflow/dags/airflow_dag_api_to_kafka.py
[2026-01-31T21:56:46.614+0530] {logging_mixin.py:188} INFO - [2026-01-31T21:56:46.614+0530] {dag.py:3036} INFO - Sync 1 DAGs
[2026-01-31T21:56:46.659+0530] {logging_mixin.py:188} INFO - [2026-01-31T21:56:46.659+0530] {dag.py:3823} INFO - Setting next_dagrun for tle_api_to_kafka_streaming to 2026-01-31 15:30:00+00:00, run_after=2026-01-31 16:30:00+00:00
[2026-01-31T21:56:46.683+0530] {processor.py:183} INFO - Processing /opt/airflow/dags/airflow_dag_api_to_kafka.py took 0.249 seconds
[2026-01-31T21:57:16.870+0530] {processor.py:161} INFO - Started process (PID=1758) to work on /opt/airflow/dags/airflow_dag_api_to_kafka.py
[2026-01-31T21:57:16.892+0530] {processor.py:830} INFO - Processing file /opt/airflow/dags/airflow_dag_api_to_kafka.py for tasks to queue
[2026-01-31T21:57:16.895+0530] {logging_mixin.py:188} INFO - [2026-01-31T21:57:16.894+0530] {dagbag.py:538} INFO - Filling up the DagBag from /opt/airflow/dags/airflow_dag_api_to_kafka.py
[2026-01-31T21:57:17.002+0530] {processor.py:840} INFO - DAG(s) 'tle_api_to_kafka_streaming' retrieved from /opt/airflow/dags/airflow_dag_api_to_kafka.py
[2026-01-31T21:57:17.044+0530] {logging_mixin.py:188} INFO - [2026-01-31T21:57:17.043+0530] {dag.py:3036} INFO - Sync 1 DAGs
[2026-01-31T21:57:17.087+0530] {logging_mixin.py:188} INFO - [2026-01-31T21:57:17.087+0530] {dag.py:3823} INFO - Setting next_dagrun for tle_api_to_kafka_streaming to 2026-01-31 15:30:00+00:00, run_after=2026-01-31 16:30:00+00:00
[2026-01-31T21:57:17.118+0530] {processor.py:183} INFO - Processing /opt/airflow/dags/airflow_dag_api_to_kafka.py took 0.256 seconds
[2026-01-31T21:57:47.406+0530] {processor.py:161} INFO - Started process (PID=1768) to work on /opt/airflow/dags/airflow_dag_api_to_kafka.py
[2026-01-31T21:57:47.407+0530] {processor.py:830} INFO - Processing file /opt/airflow/dags/airflow_dag_api_to_kafka.py for tasks to queue
[2026-01-31T21:57:47.409+0530] {logging_mixin.py:188} INFO - [2026-01-31T21:57:47.408+0530] {dagbag.py:538} INFO - Filling up the DagBag from /opt/airflow/dags/airflow_dag_api_to_kafka.py
[2026-01-31T21:57:47.553+0530] {processor.py:840} INFO - DAG(s) 'tle_api_to_kafka_streaming' retrieved from /opt/airflow/dags/airflow_dag_api_to_kafka.py
[2026-01-31T21:57:47.608+0530] {logging_mixin.py:188} INFO - [2026-01-31T21:57:47.607+0530] {dag.py:3036} INFO - Sync 1 DAGs
[2026-01-31T21:57:47.658+0530] {logging_mixin.py:188} INFO - [2026-01-31T21:57:47.658+0530] {dag.py:3823} INFO - Setting next_dagrun for tle_api_to_kafka_streaming to 2026-01-31 15:30:00+00:00, run_after=2026-01-31 16:30:00+00:00
[2026-01-31T21:57:47.701+0530] {processor.py:183} INFO - Processing /opt/airflow/dags/airflow_dag_api_to_kafka.py took 0.301 seconds
[2026-01-31T21:58:17.896+0530] {processor.py:161} INFO - Started process (PID=1778) to work on /opt/airflow/dags/airflow_dag_api_to_kafka.py
[2026-01-31T21:58:17.897+0530] {processor.py:830} INFO - Processing file /opt/airflow/dags/airflow_dag_api_to_kafka.py for tasks to queue
[2026-01-31T21:58:17.898+0530] {logging_mixin.py:188} INFO - [2026-01-31T21:58:17.898+0530] {dagbag.py:538} INFO - Filling up the DagBag from /opt/airflow/dags/airflow_dag_api_to_kafka.py
[2026-01-31T21:58:18.017+0530] {processor.py:840} INFO - DAG(s) 'tle_api_to_kafka_streaming' retrieved from /opt/airflow/dags/airflow_dag_api_to_kafka.py
[2026-01-31T21:58:18.056+0530] {logging_mixin.py:188} INFO - [2026-01-31T21:58:18.056+0530] {dag.py:3036} INFO - Sync 1 DAGs
[2026-01-31T21:58:18.101+0530] {logging_mixin.py:188} INFO - [2026-01-31T21:58:18.101+0530] {dag.py:3823} INFO - Setting next_dagrun for tle_api_to_kafka_streaming to 2026-01-31 15:30:00+00:00, run_after=2026-01-31 16:30:00+00:00
[2026-01-31T21:58:18.125+0530] {processor.py:183} INFO - Processing /opt/airflow/dags/airflow_dag_api_to_kafka.py took 0.234 seconds
[2026-01-31T21:58:48.270+0530] {processor.py:161} INFO - Started process (PID=1788) to work on /opt/airflow/dags/airflow_dag_api_to_kafka.py
[2026-01-31T21:58:48.272+0530] {processor.py:830} INFO - Processing file /opt/airflow/dags/airflow_dag_api_to_kafka.py for tasks to queue
[2026-01-31T21:58:48.273+0530] {logging_mixin.py:188} INFO - [2026-01-31T21:58:48.273+0530] {dagbag.py:538} INFO - Filling up the DagBag from /opt/airflow/dags/airflow_dag_api_to_kafka.py
[2026-01-31T21:58:48.362+0530] {processor.py:840} INFO - DAG(s) 'tle_api_to_kafka_streaming' retrieved from /opt/airflow/dags/airflow_dag_api_to_kafka.py
[2026-01-31T21:58:48.402+0530] {logging_mixin.py:188} INFO - [2026-01-31T21:58:48.402+0530] {dag.py:3036} INFO - Sync 1 DAGs
[2026-01-31T21:58:48.441+0530] {logging_mixin.py:188} INFO - [2026-01-31T21:58:48.441+0530] {dag.py:3823} INFO - Setting next_dagrun for tle_api_to_kafka_streaming to 2026-01-31 15:30:00+00:00, run_after=2026-01-31 16:30:00+00:00
[2026-01-31T21:58:48.465+0530] {processor.py:183} INFO - Processing /opt/airflow/dags/airflow_dag_api_to_kafka.py took 0.200 seconds
[2026-01-31T21:59:18.622+0530] {processor.py:161} INFO - Started process (PID=1798) to work on /opt/airflow/dags/airflow_dag_api_to_kafka.py
[2026-01-31T21:59:18.623+0530] {processor.py:830} INFO - Processing file /opt/airflow/dags/airflow_dag_api_to_kafka.py for tasks to queue
[2026-01-31T21:59:18.624+0530] {logging_mixin.py:188} INFO - [2026-01-31T21:59:18.624+0530] {dagbag.py:538} INFO - Filling up the DagBag from /opt/airflow/dags/airflow_dag_api_to_kafka.py
[2026-01-31T21:59:18.768+0530] {processor.py:840} INFO - DAG(s) 'tle_api_to_kafka_streaming' retrieved from /opt/airflow/dags/airflow_dag_api_to_kafka.py
[2026-01-31T21:59:18.814+0530] {logging_mixin.py:188} INFO - [2026-01-31T21:59:18.814+0530] {dag.py:3036} INFO - Sync 1 DAGs
[2026-01-31T21:59:18.866+0530] {logging_mixin.py:188} INFO - [2026-01-31T21:59:18.866+0530] {dag.py:3823} INFO - Setting next_dagrun for tle_api_to_kafka_streaming to 2026-01-31 15:30:00+00:00, run_after=2026-01-31 16:30:00+00:00
[2026-01-31T21:59:18.893+0530] {processor.py:183} INFO - Processing /opt/airflow/dags/airflow_dag_api_to_kafka.py took 0.282 seconds
[2026-01-31T21:59:49.069+0530] {processor.py:161} INFO - Started process (PID=1808) to work on /opt/airflow/dags/airflow_dag_api_to_kafka.py
[2026-01-31T21:59:49.070+0530] {processor.py:830} INFO - Processing file /opt/airflow/dags/airflow_dag_api_to_kafka.py for tasks to queue
[2026-01-31T21:59:49.071+0530] {logging_mixin.py:188} INFO - [2026-01-31T21:59:49.070+0530] {dagbag.py:538} INFO - Filling up the DagBag from /opt/airflow/dags/airflow_dag_api_to_kafka.py
[2026-01-31T21:59:49.176+0530] {processor.py:840} INFO - DAG(s) 'tle_api_to_kafka_streaming' retrieved from /opt/airflow/dags/airflow_dag_api_to_kafka.py
[2026-01-31T21:59:49.215+0530] {logging_mixin.py:188} INFO - [2026-01-31T21:59:49.214+0530] {dag.py:3036} INFO - Sync 1 DAGs
[2026-01-31T21:59:49.256+0530] {logging_mixin.py:188} INFO - [2026-01-31T21:59:49.255+0530] {dag.py:3823} INFO - Setting next_dagrun for tle_api_to_kafka_streaming to 2026-01-31 15:30:00+00:00, run_after=2026-01-31 16:30:00+00:00
[2026-01-31T21:59:49.277+0530] {processor.py:183} INFO - Processing /opt/airflow/dags/airflow_dag_api_to_kafka.py took 0.213 seconds
[2026-01-31T22:00:19.478+0530] {processor.py:161} INFO - Started process (PID=1823) to work on /opt/airflow/dags/airflow_dag_api_to_kafka.py
[2026-01-31T22:00:19.482+0530] {processor.py:830} INFO - Processing file /opt/airflow/dags/airflow_dag_api_to_kafka.py for tasks to queue
[2026-01-31T22:00:19.487+0530] {logging_mixin.py:188} INFO - [2026-01-31T22:00:19.483+0530] {dagbag.py:538} INFO - Filling up the DagBag from /opt/airflow/dags/airflow_dag_api_to_kafka.py
[2026-01-31T22:00:19.687+0530] {processor.py:840} INFO - DAG(s) 'tle_api_to_kafka_streaming' retrieved from /opt/airflow/dags/airflow_dag_api_to_kafka.py
[2026-01-31T22:00:19.736+0530] {logging_mixin.py:188} INFO - [2026-01-31T22:00:19.736+0530] {dag.py:3036} INFO - Sync 1 DAGs
[2026-01-31T22:00:19.783+0530] {logging_mixin.py:188} INFO - [2026-01-31T22:00:19.783+0530] {dag.py:3823} INFO - Setting next_dagrun for tle_api_to_kafka_streaming to 2026-01-31 16:30:00+00:00, run_after=2026-01-31 17:30:00+00:00
[2026-01-31T22:00:19.810+0530] {processor.py:183} INFO - Processing /opt/airflow/dags/airflow_dag_api_to_kafka.py took 0.345 seconds
[2026-01-31T22:00:49.935+0530] {processor.py:161} INFO - Started process (PID=1833) to work on /opt/airflow/dags/airflow_dag_api_to_kafka.py
[2026-01-31T22:00:49.936+0530] {processor.py:830} INFO - Processing file /opt/airflow/dags/airflow_dag_api_to_kafka.py for tasks to queue
[2026-01-31T22:00:49.937+0530] {logging_mixin.py:188} INFO - [2026-01-31T22:00:49.937+0530] {dagbag.py:538} INFO - Filling up the DagBag from /opt/airflow/dags/airflow_dag_api_to_kafka.py
[2026-01-31T22:00:50.031+0530] {processor.py:840} INFO - DAG(s) 'tle_api_to_kafka_streaming' retrieved from /opt/airflow/dags/airflow_dag_api_to_kafka.py
[2026-01-31T22:00:50.066+0530] {logging_mixin.py:188} INFO - [2026-01-31T22:00:50.066+0530] {dag.py:3036} INFO - Sync 1 DAGs
[2026-01-31T22:00:50.104+0530] {logging_mixin.py:188} INFO - [2026-01-31T22:00:50.104+0530] {dag.py:3823} INFO - Setting next_dagrun for tle_api_to_kafka_streaming to 2026-01-31 16:30:00+00:00, run_after=2026-01-31 17:30:00+00:00
[2026-01-31T22:00:50.126+0530] {processor.py:183} INFO - Processing /opt/airflow/dags/airflow_dag_api_to_kafka.py took 0.195 seconds
