[2026-01-30T04:23:09.901+0000] {processor.py:161} INFO - Started process (PID=190) to work on /opt/airflow/dags/airflow_dag_spark_streaming.py
[2026-01-30T04:23:09.902+0000] {processor.py:830} INFO - Processing file /opt/airflow/dags/airflow_dag_spark_streaming.py for tasks to queue
[2026-01-30T04:23:09.903+0000] {logging_mixin.py:188} INFO - [2026-01-30T04:23:09.903+0000] {dagbag.py:538} INFO - Filling up the DagBag from /opt/airflow/dags/airflow_dag_spark_streaming.py
[2026-01-30T04:23:09.916+0000] {processor.py:840} INFO - DAG(s) 'spark_sgp4_streaming' retrieved from /opt/airflow/dags/airflow_dag_spark_streaming.py
[2026-01-30T04:23:10.150+0000] {logging_mixin.py:188} INFO - [2026-01-30T04:23:10.150+0000] {override.py:1769} INFO - Created Permission View: can edit on DAG:spark_sgp4_streaming
[2026-01-30T04:23:10.160+0000] {logging_mixin.py:188} INFO - [2026-01-30T04:23:10.159+0000] {override.py:1769} INFO - Created Permission View: can delete on DAG:spark_sgp4_streaming
[2026-01-30T04:23:10.165+0000] {logging_mixin.py:188} INFO - [2026-01-30T04:23:10.164+0000] {override.py:1769} INFO - Created Permission View: can read on DAG:spark_sgp4_streaming
[2026-01-30T04:23:10.165+0000] {logging_mixin.py:188} INFO - [2026-01-30T04:23:10.165+0000] {dag.py:3036} INFO - Sync 1 DAGs
[2026-01-30T04:23:10.176+0000] {logging_mixin.py:188} INFO - [2026-01-30T04:23:10.176+0000] {dag.py:3058} INFO - Creating ORM DAG for spark_sgp4_streaming
[2026-01-30T04:23:10.177+0000] {logging_mixin.py:188} INFO - [2026-01-30T04:23:10.177+0000] {dag.py:3823} INFO - Setting next_dagrun for spark_sgp4_streaming to None, run_after=None
[2026-01-30T04:23:10.200+0000] {processor.py:183} INFO - Processing /opt/airflow/dags/airflow_dag_spark_streaming.py took 0.302 seconds
[2026-01-30T04:23:40.344+0000] {processor.py:161} INFO - Started process (PID=200) to work on /opt/airflow/dags/airflow_dag_spark_streaming.py
[2026-01-30T04:23:40.345+0000] {processor.py:830} INFO - Processing file /opt/airflow/dags/airflow_dag_spark_streaming.py for tasks to queue
[2026-01-30T04:23:40.345+0000] {logging_mixin.py:188} INFO - [2026-01-30T04:23:40.345+0000] {dagbag.py:538} INFO - Filling up the DagBag from /opt/airflow/dags/airflow_dag_spark_streaming.py
[2026-01-30T04:23:40.356+0000] {processor.py:840} INFO - DAG(s) 'spark_sgp4_streaming' retrieved from /opt/airflow/dags/airflow_dag_spark_streaming.py
[2026-01-30T04:23:40.392+0000] {logging_mixin.py:188} INFO - [2026-01-30T04:23:40.392+0000] {dag.py:3036} INFO - Sync 1 DAGs
[2026-01-30T04:23:40.420+0000] {logging_mixin.py:188} INFO - [2026-01-30T04:23:40.420+0000] {dag.py:3823} INFO - Setting next_dagrun for spark_sgp4_streaming to None, run_after=None
[2026-01-30T04:23:40.448+0000] {processor.py:183} INFO - Processing /opt/airflow/dags/airflow_dag_spark_streaming.py took 0.108 seconds
[2026-01-30T04:24:10.608+0000] {processor.py:161} INFO - Started process (PID=210) to work on /opt/airflow/dags/airflow_dag_spark_streaming.py
[2026-01-30T04:24:10.609+0000] {processor.py:830} INFO - Processing file /opt/airflow/dags/airflow_dag_spark_streaming.py for tasks to queue
[2026-01-30T04:24:10.610+0000] {logging_mixin.py:188} INFO - [2026-01-30T04:24:10.610+0000] {dagbag.py:538} INFO - Filling up the DagBag from /opt/airflow/dags/airflow_dag_spark_streaming.py
[2026-01-30T04:24:10.625+0000] {processor.py:840} INFO - DAG(s) 'spark_sgp4_streaming' retrieved from /opt/airflow/dags/airflow_dag_spark_streaming.py
[2026-01-30T04:24:10.666+0000] {logging_mixin.py:188} INFO - [2026-01-30T04:24:10.666+0000] {dag.py:3036} INFO - Sync 1 DAGs
[2026-01-30T04:24:10.682+0000] {logging_mixin.py:188} INFO - [2026-01-30T04:24:10.682+0000] {dag.py:3823} INFO - Setting next_dagrun for spark_sgp4_streaming to None, run_after=None
[2026-01-30T04:24:10.704+0000] {processor.py:183} INFO - Processing /opt/airflow/dags/airflow_dag_spark_streaming.py took 0.099 seconds
[2026-01-30T04:24:40.840+0000] {processor.py:161} INFO - Started process (PID=220) to work on /opt/airflow/dags/airflow_dag_spark_streaming.py
[2026-01-30T04:24:40.840+0000] {processor.py:830} INFO - Processing file /opt/airflow/dags/airflow_dag_spark_streaming.py for tasks to queue
[2026-01-30T04:24:40.841+0000] {logging_mixin.py:188} INFO - [2026-01-30T04:24:40.841+0000] {dagbag.py:538} INFO - Filling up the DagBag from /opt/airflow/dags/airflow_dag_spark_streaming.py
[2026-01-30T04:24:40.852+0000] {processor.py:840} INFO - DAG(s) 'spark_sgp4_streaming' retrieved from /opt/airflow/dags/airflow_dag_spark_streaming.py
[2026-01-30T04:24:40.885+0000] {logging_mixin.py:188} INFO - [2026-01-30T04:24:40.885+0000] {dag.py:3036} INFO - Sync 1 DAGs
[2026-01-30T04:24:40.901+0000] {logging_mixin.py:188} INFO - [2026-01-30T04:24:40.901+0000] {dag.py:3823} INFO - Setting next_dagrun for spark_sgp4_streaming to None, run_after=None
[2026-01-30T04:24:40.922+0000] {processor.py:183} INFO - Processing /opt/airflow/dags/airflow_dag_spark_streaming.py took 0.086 seconds
[2026-01-30T04:25:11.081+0000] {processor.py:161} INFO - Started process (PID=230) to work on /opt/airflow/dags/airflow_dag_spark_streaming.py
[2026-01-30T04:25:11.084+0000] {processor.py:830} INFO - Processing file /opt/airflow/dags/airflow_dag_spark_streaming.py for tasks to queue
[2026-01-30T04:25:11.086+0000] {logging_mixin.py:188} INFO - [2026-01-30T04:25:11.085+0000] {dagbag.py:538} INFO - Filling up the DagBag from /opt/airflow/dags/airflow_dag_spark_streaming.py
[2026-01-30T04:25:11.101+0000] {processor.py:840} INFO - DAG(s) 'spark_sgp4_streaming' retrieved from /opt/airflow/dags/airflow_dag_spark_streaming.py
[2026-01-30T04:25:11.140+0000] {logging_mixin.py:188} INFO - [2026-01-30T04:25:11.139+0000] {dag.py:3036} INFO - Sync 1 DAGs
[2026-01-30T04:25:11.165+0000] {logging_mixin.py:188} INFO - [2026-01-30T04:25:11.164+0000] {dag.py:3823} INFO - Setting next_dagrun for spark_sgp4_streaming to None, run_after=None
[2026-01-30T04:25:11.195+0000] {processor.py:183} INFO - Processing /opt/airflow/dags/airflow_dag_spark_streaming.py took 0.119 seconds
[2026-01-30T04:25:41.356+0000] {processor.py:161} INFO - Started process (PID=240) to work on /opt/airflow/dags/airflow_dag_spark_streaming.py
[2026-01-30T04:25:41.359+0000] {processor.py:830} INFO - Processing file /opt/airflow/dags/airflow_dag_spark_streaming.py for tasks to queue
[2026-01-30T04:25:41.360+0000] {logging_mixin.py:188} INFO - [2026-01-30T04:25:41.360+0000] {dagbag.py:538} INFO - Filling up the DagBag from /opt/airflow/dags/airflow_dag_spark_streaming.py
[2026-01-30T04:25:41.377+0000] {processor.py:840} INFO - DAG(s) 'spark_sgp4_streaming' retrieved from /opt/airflow/dags/airflow_dag_spark_streaming.py
[2026-01-30T04:25:41.411+0000] {logging_mixin.py:188} INFO - [2026-01-30T04:25:41.411+0000] {dag.py:3036} INFO - Sync 1 DAGs
[2026-01-30T04:25:41.430+0000] {logging_mixin.py:188} INFO - [2026-01-30T04:25:41.430+0000] {dag.py:3823} INFO - Setting next_dagrun for spark_sgp4_streaming to None, run_after=None
[2026-01-30T04:25:41.454+0000] {processor.py:183} INFO - Processing /opt/airflow/dags/airflow_dag_spark_streaming.py took 0.103 seconds
[2026-01-30T04:26:11.602+0000] {processor.py:161} INFO - Started process (PID=250) to work on /opt/airflow/dags/airflow_dag_spark_streaming.py
[2026-01-30T04:26:11.604+0000] {processor.py:830} INFO - Processing file /opt/airflow/dags/airflow_dag_spark_streaming.py for tasks to queue
[2026-01-30T04:26:11.606+0000] {logging_mixin.py:188} INFO - [2026-01-30T04:26:11.605+0000] {dagbag.py:538} INFO - Filling up the DagBag from /opt/airflow/dags/airflow_dag_spark_streaming.py
[2026-01-30T04:26:11.617+0000] {processor.py:840} INFO - DAG(s) 'spark_sgp4_streaming' retrieved from /opt/airflow/dags/airflow_dag_spark_streaming.py
[2026-01-30T04:26:11.650+0000] {logging_mixin.py:188} INFO - [2026-01-30T04:26:11.650+0000] {dag.py:3036} INFO - Sync 1 DAGs
[2026-01-30T04:26:11.668+0000] {logging_mixin.py:188} INFO - [2026-01-30T04:26:11.668+0000] {dag.py:3823} INFO - Setting next_dagrun for spark_sgp4_streaming to None, run_after=None
[2026-01-30T04:26:11.689+0000] {processor.py:183} INFO - Processing /opt/airflow/dags/airflow_dag_spark_streaming.py took 0.091 seconds
[2026-01-30T04:26:41.841+0000] {processor.py:161} INFO - Started process (PID=260) to work on /opt/airflow/dags/airflow_dag_spark_streaming.py
[2026-01-30T04:26:41.844+0000] {processor.py:830} INFO - Processing file /opt/airflow/dags/airflow_dag_spark_streaming.py for tasks to queue
[2026-01-30T04:26:41.844+0000] {logging_mixin.py:188} INFO - [2026-01-30T04:26:41.844+0000] {dagbag.py:538} INFO - Filling up the DagBag from /opt/airflow/dags/airflow_dag_spark_streaming.py
[2026-01-30T04:26:41.854+0000] {processor.py:840} INFO - DAG(s) 'spark_sgp4_streaming' retrieved from /opt/airflow/dags/airflow_dag_spark_streaming.py
[2026-01-30T04:26:41.891+0000] {logging_mixin.py:188} INFO - [2026-01-30T04:26:41.890+0000] {dag.py:3036} INFO - Sync 1 DAGs
[2026-01-30T04:26:41.911+0000] {logging_mixin.py:188} INFO - [2026-01-30T04:26:41.910+0000] {dag.py:3823} INFO - Setting next_dagrun for spark_sgp4_streaming to None, run_after=None
[2026-01-30T04:26:41.934+0000] {processor.py:183} INFO - Processing /opt/airflow/dags/airflow_dag_spark_streaming.py took 0.096 seconds
[2026-01-30T04:27:12.096+0000] {processor.py:161} INFO - Started process (PID=270) to work on /opt/airflow/dags/airflow_dag_spark_streaming.py
[2026-01-30T04:27:12.098+0000] {processor.py:830} INFO - Processing file /opt/airflow/dags/airflow_dag_spark_streaming.py for tasks to queue
[2026-01-30T04:27:12.099+0000] {logging_mixin.py:188} INFO - [2026-01-30T04:27:12.099+0000] {dagbag.py:538} INFO - Filling up the DagBag from /opt/airflow/dags/airflow_dag_spark_streaming.py
[2026-01-30T04:27:12.112+0000] {processor.py:840} INFO - DAG(s) 'spark_sgp4_streaming' retrieved from /opt/airflow/dags/airflow_dag_spark_streaming.py
[2026-01-30T04:27:12.164+0000] {logging_mixin.py:188} INFO - [2026-01-30T04:27:12.164+0000] {dag.py:3036} INFO - Sync 1 DAGs
[2026-01-30T04:27:12.190+0000] {logging_mixin.py:188} INFO - [2026-01-30T04:27:12.190+0000] {dag.py:3823} INFO - Setting next_dagrun for spark_sgp4_streaming to None, run_after=None
[2026-01-30T04:27:12.220+0000] {processor.py:183} INFO - Processing /opt/airflow/dags/airflow_dag_spark_streaming.py took 0.130 seconds
[2026-01-30T04:27:42.377+0000] {processor.py:161} INFO - Started process (PID=280) to work on /opt/airflow/dags/airflow_dag_spark_streaming.py
[2026-01-30T04:27:42.380+0000] {processor.py:830} INFO - Processing file /opt/airflow/dags/airflow_dag_spark_streaming.py for tasks to queue
[2026-01-30T04:27:42.381+0000] {logging_mixin.py:188} INFO - [2026-01-30T04:27:42.381+0000] {dagbag.py:538} INFO - Filling up the DagBag from /opt/airflow/dags/airflow_dag_spark_streaming.py
[2026-01-30T04:27:42.396+0000] {processor.py:840} INFO - DAG(s) 'spark_sgp4_streaming' retrieved from /opt/airflow/dags/airflow_dag_spark_streaming.py
[2026-01-30T04:27:42.432+0000] {logging_mixin.py:188} INFO - [2026-01-30T04:27:42.432+0000] {dag.py:3036} INFO - Sync 1 DAGs
[2026-01-30T04:27:42.447+0000] {logging_mixin.py:188} INFO - [2026-01-30T04:27:42.447+0000] {dag.py:3823} INFO - Setting next_dagrun for spark_sgp4_streaming to None, run_after=None
[2026-01-30T04:27:42.470+0000] {processor.py:183} INFO - Processing /opt/airflow/dags/airflow_dag_spark_streaming.py took 0.098 seconds
[2026-01-30T04:28:12.631+0000] {processor.py:161} INFO - Started process (PID=290) to work on /opt/airflow/dags/airflow_dag_spark_streaming.py
[2026-01-30T04:28:12.634+0000] {processor.py:830} INFO - Processing file /opt/airflow/dags/airflow_dag_spark_streaming.py for tasks to queue
[2026-01-30T04:28:12.634+0000] {logging_mixin.py:188} INFO - [2026-01-30T04:28:12.634+0000] {dagbag.py:538} INFO - Filling up the DagBag from /opt/airflow/dags/airflow_dag_spark_streaming.py
[2026-01-30T04:28:12.646+0000] {processor.py:840} INFO - DAG(s) 'spark_sgp4_streaming' retrieved from /opt/airflow/dags/airflow_dag_spark_streaming.py
[2026-01-30T04:28:12.678+0000] {logging_mixin.py:188} INFO - [2026-01-30T04:28:12.677+0000] {dag.py:3036} INFO - Sync 1 DAGs
[2026-01-30T04:28:12.698+0000] {logging_mixin.py:188} INFO - [2026-01-30T04:28:12.698+0000] {dag.py:3823} INFO - Setting next_dagrun for spark_sgp4_streaming to None, run_after=None
[2026-01-30T04:28:12.723+0000] {processor.py:183} INFO - Processing /opt/airflow/dags/airflow_dag_spark_streaming.py took 0.096 seconds
[2026-01-30T04:28:42.857+0000] {processor.py:161} INFO - Started process (PID=300) to work on /opt/airflow/dags/airflow_dag_spark_streaming.py
[2026-01-30T04:28:42.858+0000] {processor.py:830} INFO - Processing file /opt/airflow/dags/airflow_dag_spark_streaming.py for tasks to queue
[2026-01-30T04:28:42.858+0000] {logging_mixin.py:188} INFO - [2026-01-30T04:28:42.858+0000] {dagbag.py:538} INFO - Filling up the DagBag from /opt/airflow/dags/airflow_dag_spark_streaming.py
[2026-01-30T04:28:42.868+0000] {processor.py:840} INFO - DAG(s) 'spark_sgp4_streaming' retrieved from /opt/airflow/dags/airflow_dag_spark_streaming.py
[2026-01-30T04:28:42.902+0000] {logging_mixin.py:188} INFO - [2026-01-30T04:28:42.901+0000] {dag.py:3036} INFO - Sync 1 DAGs
[2026-01-30T04:28:42.917+0000] {logging_mixin.py:188} INFO - [2026-01-30T04:28:42.916+0000] {dag.py:3823} INFO - Setting next_dagrun for spark_sgp4_streaming to None, run_after=None
[2026-01-30T04:28:42.935+0000] {processor.py:183} INFO - Processing /opt/airflow/dags/airflow_dag_spark_streaming.py took 0.082 seconds
[2026-01-30T04:29:13.065+0000] {processor.py:161} INFO - Started process (PID=310) to work on /opt/airflow/dags/airflow_dag_spark_streaming.py
[2026-01-30T04:29:13.067+0000] {processor.py:830} INFO - Processing file /opt/airflow/dags/airflow_dag_spark_streaming.py for tasks to queue
[2026-01-30T04:29:13.068+0000] {logging_mixin.py:188} INFO - [2026-01-30T04:29:13.068+0000] {dagbag.py:538} INFO - Filling up the DagBag from /opt/airflow/dags/airflow_dag_spark_streaming.py
[2026-01-30T04:29:13.077+0000] {processor.py:840} INFO - DAG(s) 'spark_sgp4_streaming' retrieved from /opt/airflow/dags/airflow_dag_spark_streaming.py
[2026-01-30T04:29:13.104+0000] {logging_mixin.py:188} INFO - [2026-01-30T04:29:13.104+0000] {dag.py:3036} INFO - Sync 1 DAGs
[2026-01-30T04:29:13.117+0000] {logging_mixin.py:188} INFO - [2026-01-30T04:29:13.117+0000] {dag.py:3823} INFO - Setting next_dagrun for spark_sgp4_streaming to None, run_after=None
[2026-01-30T04:29:13.133+0000] {processor.py:183} INFO - Processing /opt/airflow/dags/airflow_dag_spark_streaming.py took 0.070 seconds
[2026-01-30T04:29:43.262+0000] {processor.py:161} INFO - Started process (PID=320) to work on /opt/airflow/dags/airflow_dag_spark_streaming.py
[2026-01-30T04:29:43.265+0000] {processor.py:830} INFO - Processing file /opt/airflow/dags/airflow_dag_spark_streaming.py for tasks to queue
[2026-01-30T04:29:43.266+0000] {logging_mixin.py:188} INFO - [2026-01-30T04:29:43.265+0000] {dagbag.py:538} INFO - Filling up the DagBag from /opt/airflow/dags/airflow_dag_spark_streaming.py
[2026-01-30T04:29:43.274+0000] {processor.py:840} INFO - DAG(s) 'spark_sgp4_streaming' retrieved from /opt/airflow/dags/airflow_dag_spark_streaming.py
[2026-01-30T04:29:43.301+0000] {logging_mixin.py:188} INFO - [2026-01-30T04:29:43.301+0000] {dag.py:3036} INFO - Sync 1 DAGs
[2026-01-30T04:29:43.315+0000] {logging_mixin.py:188} INFO - [2026-01-30T04:29:43.315+0000] {dag.py:3823} INFO - Setting next_dagrun for spark_sgp4_streaming to None, run_after=None
[2026-01-30T04:29:43.331+0000] {processor.py:183} INFO - Processing /opt/airflow/dags/airflow_dag_spark_streaming.py took 0.072 seconds
[2026-01-30T04:30:13.458+0000] {processor.py:161} INFO - Started process (PID=330) to work on /opt/airflow/dags/airflow_dag_spark_streaming.py
[2026-01-30T04:30:13.459+0000] {processor.py:830} INFO - Processing file /opt/airflow/dags/airflow_dag_spark_streaming.py for tasks to queue
[2026-01-30T04:30:13.460+0000] {logging_mixin.py:188} INFO - [2026-01-30T04:30:13.460+0000] {dagbag.py:538} INFO - Filling up the DagBag from /opt/airflow/dags/airflow_dag_spark_streaming.py
[2026-01-30T04:30:13.469+0000] {processor.py:840} INFO - DAG(s) 'spark_sgp4_streaming' retrieved from /opt/airflow/dags/airflow_dag_spark_streaming.py
[2026-01-30T04:30:13.497+0000] {logging_mixin.py:188} INFO - [2026-01-30T04:30:13.497+0000] {dag.py:3036} INFO - Sync 1 DAGs
[2026-01-30T04:30:13.511+0000] {logging_mixin.py:188} INFO - [2026-01-30T04:30:13.510+0000] {dag.py:3823} INFO - Setting next_dagrun for spark_sgp4_streaming to None, run_after=None
[2026-01-30T04:30:13.528+0000] {processor.py:183} INFO - Processing /opt/airflow/dags/airflow_dag_spark_streaming.py took 0.073 seconds
[2026-01-30T04:30:43.680+0000] {processor.py:161} INFO - Started process (PID=340) to work on /opt/airflow/dags/airflow_dag_spark_streaming.py
[2026-01-30T04:30:43.682+0000] {processor.py:830} INFO - Processing file /opt/airflow/dags/airflow_dag_spark_streaming.py for tasks to queue
[2026-01-30T04:30:43.684+0000] {logging_mixin.py:188} INFO - [2026-01-30T04:30:43.683+0000] {dagbag.py:538} INFO - Filling up the DagBag from /opt/airflow/dags/airflow_dag_spark_streaming.py
[2026-01-30T04:30:43.699+0000] {processor.py:840} INFO - DAG(s) 'spark_sgp4_streaming' retrieved from /opt/airflow/dags/airflow_dag_spark_streaming.py
[2026-01-30T04:30:43.737+0000] {logging_mixin.py:188} INFO - [2026-01-30T04:30:43.737+0000] {dag.py:3036} INFO - Sync 1 DAGs
[2026-01-30T04:30:43.755+0000] {logging_mixin.py:188} INFO - [2026-01-30T04:30:43.754+0000] {dag.py:3823} INFO - Setting next_dagrun for spark_sgp4_streaming to None, run_after=None
[2026-01-30T04:30:43.773+0000] {processor.py:183} INFO - Processing /opt/airflow/dags/airflow_dag_spark_streaming.py took 0.098 seconds
[2026-01-30T04:31:13.926+0000] {processor.py:161} INFO - Started process (PID=350) to work on /opt/airflow/dags/airflow_dag_spark_streaming.py
[2026-01-30T04:31:13.929+0000] {processor.py:830} INFO - Processing file /opt/airflow/dags/airflow_dag_spark_streaming.py for tasks to queue
[2026-01-30T04:31:13.930+0000] {logging_mixin.py:188} INFO - [2026-01-30T04:31:13.930+0000] {dagbag.py:538} INFO - Filling up the DagBag from /opt/airflow/dags/airflow_dag_spark_streaming.py
[2026-01-30T04:31:13.942+0000] {processor.py:840} INFO - DAG(s) 'spark_sgp4_streaming' retrieved from /opt/airflow/dags/airflow_dag_spark_streaming.py
[2026-01-30T04:31:13.977+0000] {logging_mixin.py:188} INFO - [2026-01-30T04:31:13.977+0000] {dag.py:3036} INFO - Sync 1 DAGs
[2026-01-30T04:31:13.993+0000] {logging_mixin.py:188} INFO - [2026-01-30T04:31:13.993+0000] {dag.py:3823} INFO - Setting next_dagrun for spark_sgp4_streaming to None, run_after=None
[2026-01-30T04:31:14.012+0000] {processor.py:183} INFO - Processing /opt/airflow/dags/airflow_dag_spark_streaming.py took 0.090 seconds
[2026-01-30T04:31:44.176+0000] {processor.py:161} INFO - Started process (PID=360) to work on /opt/airflow/dags/airflow_dag_spark_streaming.py
[2026-01-30T04:31:44.178+0000] {processor.py:830} INFO - Processing file /opt/airflow/dags/airflow_dag_spark_streaming.py for tasks to queue
[2026-01-30T04:31:44.179+0000] {logging_mixin.py:188} INFO - [2026-01-30T04:31:44.178+0000] {dagbag.py:538} INFO - Filling up the DagBag from /opt/airflow/dags/airflow_dag_spark_streaming.py
[2026-01-30T04:31:44.189+0000] {processor.py:840} INFO - DAG(s) 'spark_sgp4_streaming' retrieved from /opt/airflow/dags/airflow_dag_spark_streaming.py
[2026-01-30T04:31:44.224+0000] {logging_mixin.py:188} INFO - [2026-01-30T04:31:44.223+0000] {dag.py:3036} INFO - Sync 1 DAGs
[2026-01-30T04:31:44.245+0000] {logging_mixin.py:188} INFO - [2026-01-30T04:31:44.245+0000] {dag.py:3823} INFO - Setting next_dagrun for spark_sgp4_streaming to None, run_after=None
[2026-01-30T04:31:44.269+0000] {processor.py:183} INFO - Processing /opt/airflow/dags/airflow_dag_spark_streaming.py took 0.097 seconds
[2026-01-30T04:32:14.437+0000] {processor.py:161} INFO - Started process (PID=370) to work on /opt/airflow/dags/airflow_dag_spark_streaming.py
[2026-01-30T04:32:14.439+0000] {processor.py:830} INFO - Processing file /opt/airflow/dags/airflow_dag_spark_streaming.py for tasks to queue
[2026-01-30T04:32:14.440+0000] {logging_mixin.py:188} INFO - [2026-01-30T04:32:14.440+0000] {dagbag.py:538} INFO - Filling up the DagBag from /opt/airflow/dags/airflow_dag_spark_streaming.py
[2026-01-30T04:32:14.453+0000] {processor.py:840} INFO - DAG(s) 'spark_sgp4_streaming' retrieved from /opt/airflow/dags/airflow_dag_spark_streaming.py
[2026-01-30T04:32:14.491+0000] {logging_mixin.py:188} INFO - [2026-01-30T04:32:14.490+0000] {dag.py:3036} INFO - Sync 1 DAGs
[2026-01-30T04:32:14.514+0000] {logging_mixin.py:188} INFO - [2026-01-30T04:32:14.514+0000] {dag.py:3823} INFO - Setting next_dagrun for spark_sgp4_streaming to None, run_after=None
[2026-01-30T04:32:14.538+0000] {processor.py:183} INFO - Processing /opt/airflow/dags/airflow_dag_spark_streaming.py took 0.106 seconds
[2026-01-30T04:32:44.706+0000] {processor.py:161} INFO - Started process (PID=380) to work on /opt/airflow/dags/airflow_dag_spark_streaming.py
[2026-01-30T04:32:44.708+0000] {processor.py:830} INFO - Processing file /opt/airflow/dags/airflow_dag_spark_streaming.py for tasks to queue
[2026-01-30T04:32:44.709+0000] {logging_mixin.py:188} INFO - [2026-01-30T04:32:44.709+0000] {dagbag.py:538} INFO - Filling up the DagBag from /opt/airflow/dags/airflow_dag_spark_streaming.py
[2026-01-30T04:32:44.719+0000] {processor.py:840} INFO - DAG(s) 'spark_sgp4_streaming' retrieved from /opt/airflow/dags/airflow_dag_spark_streaming.py
[2026-01-30T04:32:44.750+0000] {logging_mixin.py:188} INFO - [2026-01-30T04:32:44.750+0000] {dag.py:3036} INFO - Sync 1 DAGs
[2026-01-30T04:32:44.767+0000] {logging_mixin.py:188} INFO - [2026-01-30T04:32:44.767+0000] {dag.py:3823} INFO - Setting next_dagrun for spark_sgp4_streaming to None, run_after=None
[2026-01-30T04:32:44.787+0000] {processor.py:183} INFO - Processing /opt/airflow/dags/airflow_dag_spark_streaming.py took 0.084 seconds
[2026-01-30T04:33:14.960+0000] {processor.py:161} INFO - Started process (PID=390) to work on /opt/airflow/dags/airflow_dag_spark_streaming.py
[2026-01-30T04:33:14.963+0000] {processor.py:830} INFO - Processing file /opt/airflow/dags/airflow_dag_spark_streaming.py for tasks to queue
[2026-01-30T04:33:14.964+0000] {logging_mixin.py:188} INFO - [2026-01-30T04:33:14.964+0000] {dagbag.py:538} INFO - Filling up the DagBag from /opt/airflow/dags/airflow_dag_spark_streaming.py
[2026-01-30T04:33:14.980+0000] {processor.py:840} INFO - DAG(s) 'spark_sgp4_streaming' retrieved from /opt/airflow/dags/airflow_dag_spark_streaming.py
[2026-01-30T04:33:15.019+0000] {logging_mixin.py:188} INFO - [2026-01-30T04:33:15.019+0000] {dag.py:3036} INFO - Sync 1 DAGs
[2026-01-30T04:33:15.040+0000] {logging_mixin.py:188} INFO - [2026-01-30T04:33:15.039+0000] {dag.py:3823} INFO - Setting next_dagrun for spark_sgp4_streaming to None, run_after=None
[2026-01-30T04:33:15.068+0000] {processor.py:183} INFO - Processing /opt/airflow/dags/airflow_dag_spark_streaming.py took 0.113 seconds
[2026-01-30T04:33:45.227+0000] {processor.py:161} INFO - Started process (PID=400) to work on /opt/airflow/dags/airflow_dag_spark_streaming.py
[2026-01-30T04:33:45.229+0000] {processor.py:830} INFO - Processing file /opt/airflow/dags/airflow_dag_spark_streaming.py for tasks to queue
[2026-01-30T04:33:45.231+0000] {logging_mixin.py:188} INFO - [2026-01-30T04:33:45.230+0000] {dagbag.py:538} INFO - Filling up the DagBag from /opt/airflow/dags/airflow_dag_spark_streaming.py
[2026-01-30T04:33:45.241+0000] {processor.py:840} INFO - DAG(s) 'spark_sgp4_streaming' retrieved from /opt/airflow/dags/airflow_dag_spark_streaming.py
[2026-01-30T04:33:45.273+0000] {logging_mixin.py:188} INFO - [2026-01-30T04:33:45.272+0000] {dag.py:3036} INFO - Sync 1 DAGs
[2026-01-30T04:33:45.293+0000] {logging_mixin.py:188} INFO - [2026-01-30T04:33:45.292+0000] {dag.py:3823} INFO - Setting next_dagrun for spark_sgp4_streaming to None, run_after=None
[2026-01-30T04:33:45.321+0000] {processor.py:183} INFO - Processing /opt/airflow/dags/airflow_dag_spark_streaming.py took 0.099 seconds
[2026-01-30T04:34:15.467+0000] {processor.py:161} INFO - Started process (PID=410) to work on /opt/airflow/dags/airflow_dag_spark_streaming.py
[2026-01-30T04:34:15.469+0000] {processor.py:830} INFO - Processing file /opt/airflow/dags/airflow_dag_spark_streaming.py for tasks to queue
[2026-01-30T04:34:15.471+0000] {logging_mixin.py:188} INFO - [2026-01-30T04:34:15.470+0000] {dagbag.py:538} INFO - Filling up the DagBag from /opt/airflow/dags/airflow_dag_spark_streaming.py
[2026-01-30T04:34:15.483+0000] {processor.py:840} INFO - DAG(s) 'spark_sgp4_streaming' retrieved from /opt/airflow/dags/airflow_dag_spark_streaming.py
[2026-01-30T04:34:15.523+0000] {logging_mixin.py:188} INFO - [2026-01-30T04:34:15.523+0000] {dag.py:3036} INFO - Sync 1 DAGs
[2026-01-30T04:34:15.542+0000] {logging_mixin.py:188} INFO - [2026-01-30T04:34:15.542+0000] {dag.py:3823} INFO - Setting next_dagrun for spark_sgp4_streaming to None, run_after=None
[2026-01-30T04:34:15.561+0000] {processor.py:183} INFO - Processing /opt/airflow/dags/airflow_dag_spark_streaming.py took 0.097 seconds
[2026-01-30T04:34:45.731+0000] {processor.py:161} INFO - Started process (PID=420) to work on /opt/airflow/dags/airflow_dag_spark_streaming.py
[2026-01-30T04:34:45.733+0000] {processor.py:830} INFO - Processing file /opt/airflow/dags/airflow_dag_spark_streaming.py for tasks to queue
[2026-01-30T04:34:45.734+0000] {logging_mixin.py:188} INFO - [2026-01-30T04:34:45.733+0000] {dagbag.py:538} INFO - Filling up the DagBag from /opt/airflow/dags/airflow_dag_spark_streaming.py
[2026-01-30T04:34:45.744+0000] {processor.py:840} INFO - DAG(s) 'spark_sgp4_streaming' retrieved from /opt/airflow/dags/airflow_dag_spark_streaming.py
[2026-01-30T04:34:45.782+0000] {logging_mixin.py:188} INFO - [2026-01-30T04:34:45.781+0000] {dag.py:3036} INFO - Sync 1 DAGs
[2026-01-30T04:34:45.800+0000] {logging_mixin.py:188} INFO - [2026-01-30T04:34:45.800+0000] {dag.py:3823} INFO - Setting next_dagrun for spark_sgp4_streaming to None, run_after=None
[2026-01-30T04:34:45.820+0000] {processor.py:183} INFO - Processing /opt/airflow/dags/airflow_dag_spark_streaming.py took 0.092 seconds
[2026-01-30T04:35:15.970+0000] {processor.py:161} INFO - Started process (PID=430) to work on /opt/airflow/dags/airflow_dag_spark_streaming.py
[2026-01-30T04:35:15.972+0000] {processor.py:830} INFO - Processing file /opt/airflow/dags/airflow_dag_spark_streaming.py for tasks to queue
[2026-01-30T04:35:15.973+0000] {logging_mixin.py:188} INFO - [2026-01-30T04:35:15.973+0000] {dagbag.py:538} INFO - Filling up the DagBag from /opt/airflow/dags/airflow_dag_spark_streaming.py
[2026-01-30T04:35:15.983+0000] {processor.py:840} INFO - DAG(s) 'spark_sgp4_streaming' retrieved from /opt/airflow/dags/airflow_dag_spark_streaming.py
[2026-01-30T04:35:16.016+0000] {logging_mixin.py:188} INFO - [2026-01-30T04:35:16.016+0000] {dag.py:3036} INFO - Sync 1 DAGs
[2026-01-30T04:35:16.040+0000] {logging_mixin.py:188} INFO - [2026-01-30T04:35:16.040+0000] {dag.py:3823} INFO - Setting next_dagrun for spark_sgp4_streaming to None, run_after=None
[2026-01-30T04:35:16.069+0000] {processor.py:183} INFO - Processing /opt/airflow/dags/airflow_dag_spark_streaming.py took 0.102 seconds
[2026-01-30T04:35:46.239+0000] {processor.py:161} INFO - Started process (PID=440) to work on /opt/airflow/dags/airflow_dag_spark_streaming.py
[2026-01-30T04:35:46.241+0000] {processor.py:830} INFO - Processing file /opt/airflow/dags/airflow_dag_spark_streaming.py for tasks to queue
[2026-01-30T04:35:46.242+0000] {logging_mixin.py:188} INFO - [2026-01-30T04:35:46.242+0000] {dagbag.py:538} INFO - Filling up the DagBag from /opt/airflow/dags/airflow_dag_spark_streaming.py
[2026-01-30T04:35:46.252+0000] {processor.py:840} INFO - DAG(s) 'spark_sgp4_streaming' retrieved from /opt/airflow/dags/airflow_dag_spark_streaming.py
[2026-01-30T04:35:46.284+0000] {logging_mixin.py:188} INFO - [2026-01-30T04:35:46.283+0000] {dag.py:3036} INFO - Sync 1 DAGs
[2026-01-30T04:35:46.299+0000] {logging_mixin.py:188} INFO - [2026-01-30T04:35:46.299+0000] {dag.py:3823} INFO - Setting next_dagrun for spark_sgp4_streaming to None, run_after=None
[2026-01-30T04:35:46.317+0000] {processor.py:183} INFO - Processing /opt/airflow/dags/airflow_dag_spark_streaming.py took 0.082 seconds
[2026-01-30T04:36:16.479+0000] {processor.py:161} INFO - Started process (PID=450) to work on /opt/airflow/dags/airflow_dag_spark_streaming.py
[2026-01-30T04:36:16.482+0000] {processor.py:830} INFO - Processing file /opt/airflow/dags/airflow_dag_spark_streaming.py for tasks to queue
[2026-01-30T04:36:16.483+0000] {logging_mixin.py:188} INFO - [2026-01-30T04:36:16.482+0000] {dagbag.py:538} INFO - Filling up the DagBag from /opt/airflow/dags/airflow_dag_spark_streaming.py
[2026-01-30T04:36:16.493+0000] {processor.py:840} INFO - DAG(s) 'spark_sgp4_streaming' retrieved from /opt/airflow/dags/airflow_dag_spark_streaming.py
[2026-01-30T04:36:16.525+0000] {logging_mixin.py:188} INFO - [2026-01-30T04:36:16.525+0000] {dag.py:3036} INFO - Sync 1 DAGs
[2026-01-30T04:36:16.540+0000] {logging_mixin.py:188} INFO - [2026-01-30T04:36:16.540+0000] {dag.py:3823} INFO - Setting next_dagrun for spark_sgp4_streaming to None, run_after=None
[2026-01-30T04:36:16.559+0000] {processor.py:183} INFO - Processing /opt/airflow/dags/airflow_dag_spark_streaming.py took 0.083 seconds
[2026-01-30T04:36:46.718+0000] {processor.py:161} INFO - Started process (PID=460) to work on /opt/airflow/dags/airflow_dag_spark_streaming.py
[2026-01-30T04:36:46.720+0000] {processor.py:830} INFO - Processing file /opt/airflow/dags/airflow_dag_spark_streaming.py for tasks to queue
[2026-01-30T04:36:46.721+0000] {logging_mixin.py:188} INFO - [2026-01-30T04:36:46.721+0000] {dagbag.py:538} INFO - Filling up the DagBag from /opt/airflow/dags/airflow_dag_spark_streaming.py
[2026-01-30T04:36:46.731+0000] {processor.py:840} INFO - DAG(s) 'spark_sgp4_streaming' retrieved from /opt/airflow/dags/airflow_dag_spark_streaming.py
[2026-01-30T04:36:46.763+0000] {logging_mixin.py:188} INFO - [2026-01-30T04:36:46.763+0000] {dag.py:3036} INFO - Sync 1 DAGs
[2026-01-30T04:36:46.778+0000] {logging_mixin.py:188} INFO - [2026-01-30T04:36:46.778+0000] {dag.py:3823} INFO - Setting next_dagrun for spark_sgp4_streaming to None, run_after=None
[2026-01-30T04:36:46.796+0000] {processor.py:183} INFO - Processing /opt/airflow/dags/airflow_dag_spark_streaming.py took 0.082 seconds
[2026-01-30T04:37:16.962+0000] {processor.py:161} INFO - Started process (PID=470) to work on /opt/airflow/dags/airflow_dag_spark_streaming.py
[2026-01-30T04:37:16.964+0000] {processor.py:830} INFO - Processing file /opt/airflow/dags/airflow_dag_spark_streaming.py for tasks to queue
[2026-01-30T04:37:16.965+0000] {logging_mixin.py:188} INFO - [2026-01-30T04:37:16.965+0000] {dagbag.py:538} INFO - Filling up the DagBag from /opt/airflow/dags/airflow_dag_spark_streaming.py
[2026-01-30T04:37:16.975+0000] {processor.py:840} INFO - DAG(s) 'spark_sgp4_streaming' retrieved from /opt/airflow/dags/airflow_dag_spark_streaming.py
[2026-01-30T04:37:17.007+0000] {logging_mixin.py:188} INFO - [2026-01-30T04:37:17.006+0000] {dag.py:3036} INFO - Sync 1 DAGs
[2026-01-30T04:37:17.022+0000] {logging_mixin.py:188} INFO - [2026-01-30T04:37:17.021+0000] {dag.py:3823} INFO - Setting next_dagrun for spark_sgp4_streaming to None, run_after=None
[2026-01-30T04:37:17.042+0000] {processor.py:183} INFO - Processing /opt/airflow/dags/airflow_dag_spark_streaming.py took 0.083 seconds
[2026-01-30T04:37:47.209+0000] {processor.py:161} INFO - Started process (PID=480) to work on /opt/airflow/dags/airflow_dag_spark_streaming.py
[2026-01-30T04:37:47.212+0000] {processor.py:830} INFO - Processing file /opt/airflow/dags/airflow_dag_spark_streaming.py for tasks to queue
[2026-01-30T04:37:47.213+0000] {logging_mixin.py:188} INFO - [2026-01-30T04:37:47.212+0000] {dagbag.py:538} INFO - Filling up the DagBag from /opt/airflow/dags/airflow_dag_spark_streaming.py
[2026-01-30T04:37:47.228+0000] {processor.py:840} INFO - DAG(s) 'spark_sgp4_streaming' retrieved from /opt/airflow/dags/airflow_dag_spark_streaming.py
[2026-01-30T04:37:47.277+0000] {logging_mixin.py:188} INFO - [2026-01-30T04:37:47.277+0000] {dag.py:3036} INFO - Sync 1 DAGs
[2026-01-30T04:37:47.301+0000] {logging_mixin.py:188} INFO - [2026-01-30T04:37:47.301+0000] {dag.py:3823} INFO - Setting next_dagrun for spark_sgp4_streaming to None, run_after=None
[2026-01-30T04:37:47.328+0000] {processor.py:183} INFO - Processing /opt/airflow/dags/airflow_dag_spark_streaming.py took 0.124 seconds
[2026-01-30T04:38:17.515+0000] {processor.py:161} INFO - Started process (PID=490) to work on /opt/airflow/dags/airflow_dag_spark_streaming.py
[2026-01-30T04:38:17.517+0000] {processor.py:830} INFO - Processing file /opt/airflow/dags/airflow_dag_spark_streaming.py for tasks to queue
[2026-01-30T04:38:17.518+0000] {logging_mixin.py:188} INFO - [2026-01-30T04:38:17.518+0000] {dagbag.py:538} INFO - Filling up the DagBag from /opt/airflow/dags/airflow_dag_spark_streaming.py
[2026-01-30T04:38:17.529+0000] {processor.py:840} INFO - DAG(s) 'spark_sgp4_streaming' retrieved from /opt/airflow/dags/airflow_dag_spark_streaming.py
[2026-01-30T04:38:17.561+0000] {logging_mixin.py:188} INFO - [2026-01-30T04:38:17.561+0000] {dag.py:3036} INFO - Sync 1 DAGs
[2026-01-30T04:38:17.577+0000] {logging_mixin.py:188} INFO - [2026-01-30T04:38:17.576+0000] {dag.py:3823} INFO - Setting next_dagrun for spark_sgp4_streaming to None, run_after=None
[2026-01-30T04:38:17.597+0000] {processor.py:183} INFO - Processing /opt/airflow/dags/airflow_dag_spark_streaming.py took 0.086 seconds
[2026-01-30T04:38:47.753+0000] {processor.py:161} INFO - Started process (PID=500) to work on /opt/airflow/dags/airflow_dag_spark_streaming.py
[2026-01-30T04:38:47.755+0000] {processor.py:830} INFO - Processing file /opt/airflow/dags/airflow_dag_spark_streaming.py for tasks to queue
[2026-01-30T04:38:47.756+0000] {logging_mixin.py:188} INFO - [2026-01-30T04:38:47.756+0000] {dagbag.py:538} INFO - Filling up the DagBag from /opt/airflow/dags/airflow_dag_spark_streaming.py
[2026-01-30T04:38:47.766+0000] {processor.py:840} INFO - DAG(s) 'spark_sgp4_streaming' retrieved from /opt/airflow/dags/airflow_dag_spark_streaming.py
[2026-01-30T04:38:47.797+0000] {logging_mixin.py:188} INFO - [2026-01-30T04:38:47.797+0000] {dag.py:3036} INFO - Sync 1 DAGs
[2026-01-30T04:38:47.813+0000] {logging_mixin.py:188} INFO - [2026-01-30T04:38:47.812+0000] {dag.py:3823} INFO - Setting next_dagrun for spark_sgp4_streaming to None, run_after=None
[2026-01-30T04:38:47.832+0000] {processor.py:183} INFO - Processing /opt/airflow/dags/airflow_dag_spark_streaming.py took 0.082 seconds
[2026-01-30T04:39:17.986+0000] {processor.py:161} INFO - Started process (PID=510) to work on /opt/airflow/dags/airflow_dag_spark_streaming.py
[2026-01-30T04:39:17.989+0000] {processor.py:830} INFO - Processing file /opt/airflow/dags/airflow_dag_spark_streaming.py for tasks to queue
[2026-01-30T04:39:17.989+0000] {logging_mixin.py:188} INFO - [2026-01-30T04:39:17.989+0000] {dagbag.py:538} INFO - Filling up the DagBag from /opt/airflow/dags/airflow_dag_spark_streaming.py
[2026-01-30T04:39:18.000+0000] {processor.py:840} INFO - DAG(s) 'spark_sgp4_streaming' retrieved from /opt/airflow/dags/airflow_dag_spark_streaming.py
[2026-01-30T04:39:18.036+0000] {logging_mixin.py:188} INFO - [2026-01-30T04:39:18.036+0000] {dag.py:3036} INFO - Sync 1 DAGs
[2026-01-30T04:39:18.052+0000] {logging_mixin.py:188} INFO - [2026-01-30T04:39:18.052+0000] {dag.py:3823} INFO - Setting next_dagrun for spark_sgp4_streaming to None, run_after=None
[2026-01-30T04:39:18.072+0000] {processor.py:183} INFO - Processing /opt/airflow/dags/airflow_dag_spark_streaming.py took 0.089 seconds
[2026-01-30T04:39:48.234+0000] {processor.py:161} INFO - Started process (PID=520) to work on /opt/airflow/dags/airflow_dag_spark_streaming.py
[2026-01-30T04:39:48.236+0000] {processor.py:830} INFO - Processing file /opt/airflow/dags/airflow_dag_spark_streaming.py for tasks to queue
[2026-01-30T04:39:48.238+0000] {logging_mixin.py:188} INFO - [2026-01-30T04:39:48.237+0000] {dagbag.py:538} INFO - Filling up the DagBag from /opt/airflow/dags/airflow_dag_spark_streaming.py
[2026-01-30T04:39:48.253+0000] {processor.py:840} INFO - DAG(s) 'spark_sgp4_streaming' retrieved from /opt/airflow/dags/airflow_dag_spark_streaming.py
[2026-01-30T04:39:48.290+0000] {logging_mixin.py:188} INFO - [2026-01-30T04:39:48.289+0000] {dag.py:3036} INFO - Sync 1 DAGs
[2026-01-30T04:39:48.312+0000] {logging_mixin.py:188} INFO - [2026-01-30T04:39:48.311+0000] {dag.py:3823} INFO - Setting next_dagrun for spark_sgp4_streaming to None, run_after=None
[2026-01-30T04:39:48.333+0000] {processor.py:183} INFO - Processing /opt/airflow/dags/airflow_dag_spark_streaming.py took 0.105 seconds
[2026-01-30T04:40:18.490+0000] {processor.py:161} INFO - Started process (PID=530) to work on /opt/airflow/dags/airflow_dag_spark_streaming.py
[2026-01-30T04:40:18.493+0000] {processor.py:830} INFO - Processing file /opt/airflow/dags/airflow_dag_spark_streaming.py for tasks to queue
[2026-01-30T04:40:18.493+0000] {logging_mixin.py:188} INFO - [2026-01-30T04:40:18.493+0000] {dagbag.py:538} INFO - Filling up the DagBag from /opt/airflow/dags/airflow_dag_spark_streaming.py
[2026-01-30T04:40:18.506+0000] {processor.py:840} INFO - DAG(s) 'spark_sgp4_streaming' retrieved from /opt/airflow/dags/airflow_dag_spark_streaming.py
[2026-01-30T04:40:18.540+0000] {logging_mixin.py:188} INFO - [2026-01-30T04:40:18.540+0000] {dag.py:3036} INFO - Sync 1 DAGs
[2026-01-30T04:40:18.561+0000] {logging_mixin.py:188} INFO - [2026-01-30T04:40:18.561+0000] {dag.py:3823} INFO - Setting next_dagrun for spark_sgp4_streaming to None, run_after=None
[2026-01-30T04:40:18.580+0000] {processor.py:183} INFO - Processing /opt/airflow/dags/airflow_dag_spark_streaming.py took 0.093 seconds
[2026-01-30T04:40:48.733+0000] {processor.py:161} INFO - Started process (PID=540) to work on /opt/airflow/dags/airflow_dag_spark_streaming.py
[2026-01-30T04:40:48.736+0000] {processor.py:830} INFO - Processing file /opt/airflow/dags/airflow_dag_spark_streaming.py for tasks to queue
[2026-01-30T04:40:48.737+0000] {logging_mixin.py:188} INFO - [2026-01-30T04:40:48.737+0000] {dagbag.py:538} INFO - Filling up the DagBag from /opt/airflow/dags/airflow_dag_spark_streaming.py
[2026-01-30T04:40:48.751+0000] {processor.py:840} INFO - DAG(s) 'spark_sgp4_streaming' retrieved from /opt/airflow/dags/airflow_dag_spark_streaming.py
[2026-01-30T04:40:48.785+0000] {logging_mixin.py:188} INFO - [2026-01-30T04:40:48.784+0000] {dag.py:3036} INFO - Sync 1 DAGs
[2026-01-30T04:40:48.800+0000] {logging_mixin.py:188} INFO - [2026-01-30T04:40:48.800+0000] {dag.py:3823} INFO - Setting next_dagrun for spark_sgp4_streaming to None, run_after=None
[2026-01-30T04:40:48.821+0000] {processor.py:183} INFO - Processing /opt/airflow/dags/airflow_dag_spark_streaming.py took 0.093 seconds
[2026-01-30T04:41:18.973+0000] {processor.py:161} INFO - Started process (PID=550) to work on /opt/airflow/dags/airflow_dag_spark_streaming.py
[2026-01-30T04:41:18.974+0000] {processor.py:830} INFO - Processing file /opt/airflow/dags/airflow_dag_spark_streaming.py for tasks to queue
[2026-01-30T04:41:18.975+0000] {logging_mixin.py:188} INFO - [2026-01-30T04:41:18.974+0000] {dagbag.py:538} INFO - Filling up the DagBag from /opt/airflow/dags/airflow_dag_spark_streaming.py
[2026-01-30T04:41:18.985+0000] {processor.py:840} INFO - DAG(s) 'spark_sgp4_streaming' retrieved from /opt/airflow/dags/airflow_dag_spark_streaming.py
[2026-01-30T04:41:19.024+0000] {logging_mixin.py:188} INFO - [2026-01-30T04:41:19.023+0000] {dag.py:3036} INFO - Sync 1 DAGs
[2026-01-30T04:41:19.047+0000] {logging_mixin.py:188} INFO - [2026-01-30T04:41:19.047+0000] {dag.py:3823} INFO - Setting next_dagrun for spark_sgp4_streaming to None, run_after=None
[2026-01-30T04:41:19.074+0000] {processor.py:183} INFO - Processing /opt/airflow/dags/airflow_dag_spark_streaming.py took 0.104 seconds
[2026-01-30T04:41:49.215+0000] {processor.py:161} INFO - Started process (PID=560) to work on /opt/airflow/dags/airflow_dag_spark_streaming.py
[2026-01-30T04:41:49.216+0000] {processor.py:830} INFO - Processing file /opt/airflow/dags/airflow_dag_spark_streaming.py for tasks to queue
[2026-01-30T04:41:49.217+0000] {logging_mixin.py:188} INFO - [2026-01-30T04:41:49.216+0000] {dagbag.py:538} INFO - Filling up the DagBag from /opt/airflow/dags/airflow_dag_spark_streaming.py
[2026-01-30T04:41:49.227+0000] {processor.py:840} INFO - DAG(s) 'spark_sgp4_streaming' retrieved from /opt/airflow/dags/airflow_dag_spark_streaming.py
[2026-01-30T04:41:49.262+0000] {logging_mixin.py:188} INFO - [2026-01-30T04:41:49.262+0000] {dag.py:3036} INFO - Sync 1 DAGs
[2026-01-30T04:41:49.279+0000] {logging_mixin.py:188} INFO - [2026-01-30T04:41:49.279+0000] {dag.py:3823} INFO - Setting next_dagrun for spark_sgp4_streaming to None, run_after=None
[2026-01-30T04:41:49.300+0000] {processor.py:183} INFO - Processing /opt/airflow/dags/airflow_dag_spark_streaming.py took 0.089 seconds
[2026-01-30T04:42:19.463+0000] {processor.py:161} INFO - Started process (PID=570) to work on /opt/airflow/dags/airflow_dag_spark_streaming.py
[2026-01-30T04:42:19.466+0000] {processor.py:830} INFO - Processing file /opt/airflow/dags/airflow_dag_spark_streaming.py for tasks to queue
[2026-01-30T04:42:19.468+0000] {logging_mixin.py:188} INFO - [2026-01-30T04:42:19.467+0000] {dagbag.py:538} INFO - Filling up the DagBag from /opt/airflow/dags/airflow_dag_spark_streaming.py
[2026-01-30T04:42:19.487+0000] {processor.py:840} INFO - DAG(s) 'spark_sgp4_streaming' retrieved from /opt/airflow/dags/airflow_dag_spark_streaming.py
[2026-01-30T04:42:19.542+0000] {logging_mixin.py:188} INFO - [2026-01-30T04:42:19.542+0000] {dag.py:3036} INFO - Sync 1 DAGs
[2026-01-30T04:42:19.570+0000] {logging_mixin.py:188} INFO - [2026-01-30T04:42:19.570+0000] {dag.py:3823} INFO - Setting next_dagrun for spark_sgp4_streaming to None, run_after=None
[2026-01-30T04:42:19.595+0000] {processor.py:183} INFO - Processing /opt/airflow/dags/airflow_dag_spark_streaming.py took 0.138 seconds
[2026-01-30T04:42:49.739+0000] {processor.py:161} INFO - Started process (PID=580) to work on /opt/airflow/dags/airflow_dag_spark_streaming.py
[2026-01-30T04:42:49.741+0000] {processor.py:830} INFO - Processing file /opt/airflow/dags/airflow_dag_spark_streaming.py for tasks to queue
[2026-01-30T04:42:49.742+0000] {logging_mixin.py:188} INFO - [2026-01-30T04:42:49.742+0000] {dagbag.py:538} INFO - Filling up the DagBag from /opt/airflow/dags/airflow_dag_spark_streaming.py
[2026-01-30T04:42:49.753+0000] {processor.py:840} INFO - DAG(s) 'spark_sgp4_streaming' retrieved from /opt/airflow/dags/airflow_dag_spark_streaming.py
[2026-01-30T04:42:49.794+0000] {logging_mixin.py:188} INFO - [2026-01-30T04:42:49.794+0000] {dag.py:3036} INFO - Sync 1 DAGs
[2026-01-30T04:42:49.812+0000] {logging_mixin.py:188} INFO - [2026-01-30T04:42:49.812+0000] {dag.py:3823} INFO - Setting next_dagrun for spark_sgp4_streaming to None, run_after=None
[2026-01-30T04:42:49.832+0000] {processor.py:183} INFO - Processing /opt/airflow/dags/airflow_dag_spark_streaming.py took 0.097 seconds
[2026-01-30T04:43:19.989+0000] {processor.py:161} INFO - Started process (PID=590) to work on /opt/airflow/dags/airflow_dag_spark_streaming.py
[2026-01-30T04:43:19.990+0000] {processor.py:830} INFO - Processing file /opt/airflow/dags/airflow_dag_spark_streaming.py for tasks to queue
[2026-01-30T04:43:19.991+0000] {logging_mixin.py:188} INFO - [2026-01-30T04:43:19.991+0000] {dagbag.py:538} INFO - Filling up the DagBag from /opt/airflow/dags/airflow_dag_spark_streaming.py
[2026-01-30T04:43:20.001+0000] {processor.py:840} INFO - DAG(s) 'spark_sgp4_streaming' retrieved from /opt/airflow/dags/airflow_dag_spark_streaming.py
[2026-01-30T04:43:20.033+0000] {logging_mixin.py:188} INFO - [2026-01-30T04:43:20.033+0000] {dag.py:3036} INFO - Sync 1 DAGs
[2026-01-30T04:43:20.050+0000] {logging_mixin.py:188} INFO - [2026-01-30T04:43:20.050+0000] {dag.py:3823} INFO - Setting next_dagrun for spark_sgp4_streaming to None, run_after=None
[2026-01-30T04:43:20.071+0000] {processor.py:183} INFO - Processing /opt/airflow/dags/airflow_dag_spark_streaming.py took 0.085 seconds
[2026-01-30T04:43:50.232+0000] {processor.py:161} INFO - Started process (PID=600) to work on /opt/airflow/dags/airflow_dag_spark_streaming.py
[2026-01-30T04:43:50.234+0000] {processor.py:830} INFO - Processing file /opt/airflow/dags/airflow_dag_spark_streaming.py for tasks to queue
[2026-01-30T04:43:50.235+0000] {logging_mixin.py:188} INFO - [2026-01-30T04:43:50.234+0000] {dagbag.py:538} INFO - Filling up the DagBag from /opt/airflow/dags/airflow_dag_spark_streaming.py
[2026-01-30T04:43:50.248+0000] {processor.py:840} INFO - DAG(s) 'spark_sgp4_streaming' retrieved from /opt/airflow/dags/airflow_dag_spark_streaming.py
[2026-01-30T04:43:50.286+0000] {logging_mixin.py:188} INFO - [2026-01-30T04:43:50.286+0000] {dag.py:3036} INFO - Sync 1 DAGs
[2026-01-30T04:43:50.308+0000] {logging_mixin.py:188} INFO - [2026-01-30T04:43:50.308+0000] {dag.py:3823} INFO - Setting next_dagrun for spark_sgp4_streaming to None, run_after=None
[2026-01-30T04:43:50.332+0000] {processor.py:183} INFO - Processing /opt/airflow/dags/airflow_dag_spark_streaming.py took 0.104 seconds
[2026-01-30T04:44:20.495+0000] {processor.py:161} INFO - Started process (PID=610) to work on /opt/airflow/dags/airflow_dag_spark_streaming.py
[2026-01-30T04:44:20.497+0000] {processor.py:830} INFO - Processing file /opt/airflow/dags/airflow_dag_spark_streaming.py for tasks to queue
[2026-01-30T04:44:20.498+0000] {logging_mixin.py:188} INFO - [2026-01-30T04:44:20.498+0000] {dagbag.py:538} INFO - Filling up the DagBag from /opt/airflow/dags/airflow_dag_spark_streaming.py
[2026-01-30T04:44:20.508+0000] {processor.py:840} INFO - DAG(s) 'spark_sgp4_streaming' retrieved from /opt/airflow/dags/airflow_dag_spark_streaming.py
[2026-01-30T04:44:20.544+0000] {logging_mixin.py:188} INFO - [2026-01-30T04:44:20.544+0000] {dag.py:3036} INFO - Sync 1 DAGs
[2026-01-30T04:44:20.563+0000] {logging_mixin.py:188} INFO - [2026-01-30T04:44:20.563+0000] {dag.py:3823} INFO - Setting next_dagrun for spark_sgp4_streaming to None, run_after=None
[2026-01-30T04:44:20.589+0000] {processor.py:183} INFO - Processing /opt/airflow/dags/airflow_dag_spark_streaming.py took 0.097 seconds
[2026-01-30T04:44:50.762+0000] {processor.py:161} INFO - Started process (PID=620) to work on /opt/airflow/dags/airflow_dag_spark_streaming.py
[2026-01-30T04:44:50.765+0000] {processor.py:830} INFO - Processing file /opt/airflow/dags/airflow_dag_spark_streaming.py for tasks to queue
[2026-01-30T04:44:50.765+0000] {logging_mixin.py:188} INFO - [2026-01-30T04:44:50.765+0000] {dagbag.py:538} INFO - Filling up the DagBag from /opt/airflow/dags/airflow_dag_spark_streaming.py
[2026-01-30T04:44:50.776+0000] {processor.py:840} INFO - DAG(s) 'spark_sgp4_streaming' retrieved from /opt/airflow/dags/airflow_dag_spark_streaming.py
[2026-01-30T04:44:50.822+0000] {logging_mixin.py:188} INFO - [2026-01-30T04:44:50.822+0000] {dag.py:3036} INFO - Sync 1 DAGs
[2026-01-30T04:44:50.848+0000] {logging_mixin.py:188} INFO - [2026-01-30T04:44:50.848+0000] {dag.py:3823} INFO - Setting next_dagrun for spark_sgp4_streaming to None, run_after=None
[2026-01-30T04:44:50.877+0000] {processor.py:183} INFO - Processing /opt/airflow/dags/airflow_dag_spark_streaming.py took 0.118 seconds
[2026-01-30T04:45:21.052+0000] {processor.py:161} INFO - Started process (PID=630) to work on /opt/airflow/dags/airflow_dag_spark_streaming.py
[2026-01-30T04:45:21.055+0000] {processor.py:830} INFO - Processing file /opt/airflow/dags/airflow_dag_spark_streaming.py for tasks to queue
[2026-01-30T04:45:21.056+0000] {logging_mixin.py:188} INFO - [2026-01-30T04:45:21.056+0000] {dagbag.py:538} INFO - Filling up the DagBag from /opt/airflow/dags/airflow_dag_spark_streaming.py
[2026-01-30T04:45:21.073+0000] {processor.py:840} INFO - DAG(s) 'spark_sgp4_streaming' retrieved from /opt/airflow/dags/airflow_dag_spark_streaming.py
[2026-01-30T04:45:21.111+0000] {logging_mixin.py:188} INFO - [2026-01-30T04:45:21.111+0000] {dag.py:3036} INFO - Sync 1 DAGs
[2026-01-30T04:45:21.135+0000] {logging_mixin.py:188} INFO - [2026-01-30T04:45:21.135+0000] {dag.py:3823} INFO - Setting next_dagrun for spark_sgp4_streaming to None, run_after=None
[2026-01-30T04:45:21.163+0000] {processor.py:183} INFO - Processing /opt/airflow/dags/airflow_dag_spark_streaming.py took 0.116 seconds
[2026-01-30T04:45:51.323+0000] {processor.py:161} INFO - Started process (PID=640) to work on /opt/airflow/dags/airflow_dag_spark_streaming.py
[2026-01-30T04:45:51.324+0000] {processor.py:830} INFO - Processing file /opt/airflow/dags/airflow_dag_spark_streaming.py for tasks to queue
[2026-01-30T04:45:51.325+0000] {logging_mixin.py:188} INFO - [2026-01-30T04:45:51.325+0000] {dagbag.py:538} INFO - Filling up the DagBag from /opt/airflow/dags/airflow_dag_spark_streaming.py
[2026-01-30T04:45:51.336+0000] {processor.py:840} INFO - DAG(s) 'spark_sgp4_streaming' retrieved from /opt/airflow/dags/airflow_dag_spark_streaming.py
[2026-01-30T04:45:51.368+0000] {logging_mixin.py:188} INFO - [2026-01-30T04:45:51.367+0000] {dag.py:3036} INFO - Sync 1 DAGs
[2026-01-30T04:45:51.384+0000] {logging_mixin.py:188} INFO - [2026-01-30T04:45:51.384+0000] {dag.py:3823} INFO - Setting next_dagrun for spark_sgp4_streaming to None, run_after=None
[2026-01-30T04:45:51.406+0000] {processor.py:183} INFO - Processing /opt/airflow/dags/airflow_dag_spark_streaming.py took 0.087 seconds
[2026-01-30T04:46:21.575+0000] {processor.py:161} INFO - Started process (PID=650) to work on /opt/airflow/dags/airflow_dag_spark_streaming.py
[2026-01-30T04:46:21.577+0000] {processor.py:830} INFO - Processing file /opt/airflow/dags/airflow_dag_spark_streaming.py for tasks to queue
[2026-01-30T04:46:21.578+0000] {logging_mixin.py:188} INFO - [2026-01-30T04:46:21.578+0000] {dagbag.py:538} INFO - Filling up the DagBag from /opt/airflow/dags/airflow_dag_spark_streaming.py
[2026-01-30T04:46:21.594+0000] {processor.py:840} INFO - DAG(s) 'spark_sgp4_streaming' retrieved from /opt/airflow/dags/airflow_dag_spark_streaming.py
[2026-01-30T04:46:21.645+0000] {logging_mixin.py:188} INFO - [2026-01-30T04:46:21.644+0000] {dag.py:3036} INFO - Sync 1 DAGs
[2026-01-30T04:46:21.671+0000] {logging_mixin.py:188} INFO - [2026-01-30T04:46:21.670+0000] {dag.py:3823} INFO - Setting next_dagrun for spark_sgp4_streaming to None, run_after=None
[2026-01-30T04:46:21.700+0000] {processor.py:183} INFO - Processing /opt/airflow/dags/airflow_dag_spark_streaming.py took 0.130 seconds
[2026-01-30T04:46:51.857+0000] {processor.py:161} INFO - Started process (PID=660) to work on /opt/airflow/dags/airflow_dag_spark_streaming.py
[2026-01-30T04:46:51.857+0000] {processor.py:830} INFO - Processing file /opt/airflow/dags/airflow_dag_spark_streaming.py for tasks to queue
[2026-01-30T04:46:51.858+0000] {logging_mixin.py:188} INFO - [2026-01-30T04:46:51.858+0000] {dagbag.py:538} INFO - Filling up the DagBag from /opt/airflow/dags/airflow_dag_spark_streaming.py
[2026-01-30T04:46:51.869+0000] {processor.py:840} INFO - DAG(s) 'spark_sgp4_streaming' retrieved from /opt/airflow/dags/airflow_dag_spark_streaming.py
[2026-01-30T04:46:51.903+0000] {logging_mixin.py:188} INFO - [2026-01-30T04:46:51.903+0000] {dag.py:3036} INFO - Sync 1 DAGs
[2026-01-30T04:46:51.919+0000] {logging_mixin.py:188} INFO - [2026-01-30T04:46:51.918+0000] {dag.py:3823} INFO - Setting next_dagrun for spark_sgp4_streaming to None, run_after=None
[2026-01-30T04:46:51.938+0000] {processor.py:183} INFO - Processing /opt/airflow/dags/airflow_dag_spark_streaming.py took 0.085 seconds
[2026-01-30T04:47:22.115+0000] {processor.py:161} INFO - Started process (PID=670) to work on /opt/airflow/dags/airflow_dag_spark_streaming.py
[2026-01-30T04:47:22.116+0000] {processor.py:830} INFO - Processing file /opt/airflow/dags/airflow_dag_spark_streaming.py for tasks to queue
[2026-01-30T04:47:22.118+0000] {logging_mixin.py:188} INFO - [2026-01-30T04:47:22.117+0000] {dagbag.py:538} INFO - Filling up the DagBag from /opt/airflow/dags/airflow_dag_spark_streaming.py
[2026-01-30T04:47:22.134+0000] {processor.py:840} INFO - DAG(s) 'spark_sgp4_streaming' retrieved from /opt/airflow/dags/airflow_dag_spark_streaming.py
[2026-01-30T04:47:22.173+0000] {logging_mixin.py:188} INFO - [2026-01-30T04:47:22.172+0000] {dag.py:3036} INFO - Sync 1 DAGs
[2026-01-30T04:47:22.189+0000] {logging_mixin.py:188} INFO - [2026-01-30T04:47:22.189+0000] {dag.py:3823} INFO - Setting next_dagrun for spark_sgp4_streaming to None, run_after=None
[2026-01-30T04:47:22.207+0000] {processor.py:183} INFO - Processing /opt/airflow/dags/airflow_dag_spark_streaming.py took 0.097 seconds
[2026-01-30T04:47:52.383+0000] {processor.py:161} INFO - Started process (PID=680) to work on /opt/airflow/dags/airflow_dag_spark_streaming.py
[2026-01-30T04:47:52.385+0000] {processor.py:830} INFO - Processing file /opt/airflow/dags/airflow_dag_spark_streaming.py for tasks to queue
[2026-01-30T04:47:52.386+0000] {logging_mixin.py:188} INFO - [2026-01-30T04:47:52.385+0000] {dagbag.py:538} INFO - Filling up the DagBag from /opt/airflow/dags/airflow_dag_spark_streaming.py
[2026-01-30T04:47:52.397+0000] {processor.py:840} INFO - DAG(s) 'spark_sgp4_streaming' retrieved from /opt/airflow/dags/airflow_dag_spark_streaming.py
[2026-01-30T04:47:52.434+0000] {logging_mixin.py:188} INFO - [2026-01-30T04:47:52.434+0000] {dag.py:3036} INFO - Sync 1 DAGs
[2026-01-30T04:47:52.454+0000] {logging_mixin.py:188} INFO - [2026-01-30T04:47:52.453+0000] {dag.py:3823} INFO - Setting next_dagrun for spark_sgp4_streaming to None, run_after=None
[2026-01-30T04:47:52.481+0000] {processor.py:183} INFO - Processing /opt/airflow/dags/airflow_dag_spark_streaming.py took 0.102 seconds
[2026-01-30T04:48:22.667+0000] {processor.py:161} INFO - Started process (PID=690) to work on /opt/airflow/dags/airflow_dag_spark_streaming.py
[2026-01-30T04:48:22.669+0000] {processor.py:830} INFO - Processing file /opt/airflow/dags/airflow_dag_spark_streaming.py for tasks to queue
[2026-01-30T04:48:22.670+0000] {logging_mixin.py:188} INFO - [2026-01-30T04:48:22.670+0000] {dagbag.py:538} INFO - Filling up the DagBag from /opt/airflow/dags/airflow_dag_spark_streaming.py
[2026-01-30T04:48:22.682+0000] {processor.py:840} INFO - DAG(s) 'spark_sgp4_streaming' retrieved from /opt/airflow/dags/airflow_dag_spark_streaming.py
[2026-01-30T04:48:22.717+0000] {logging_mixin.py:188} INFO - [2026-01-30T04:48:22.717+0000] {dag.py:3036} INFO - Sync 1 DAGs
[2026-01-30T04:48:22.734+0000] {logging_mixin.py:188} INFO - [2026-01-30T04:48:22.734+0000] {dag.py:3823} INFO - Setting next_dagrun for spark_sgp4_streaming to None, run_after=None
[2026-01-30T04:48:22.754+0000] {processor.py:183} INFO - Processing /opt/airflow/dags/airflow_dag_spark_streaming.py took 0.091 seconds
[2026-01-30T04:48:52.917+0000] {processor.py:161} INFO - Started process (PID=700) to work on /opt/airflow/dags/airflow_dag_spark_streaming.py
[2026-01-30T04:48:52.919+0000] {processor.py:830} INFO - Processing file /opt/airflow/dags/airflow_dag_spark_streaming.py for tasks to queue
[2026-01-30T04:48:52.920+0000] {logging_mixin.py:188} INFO - [2026-01-30T04:48:52.919+0000] {dagbag.py:538} INFO - Filling up the DagBag from /opt/airflow/dags/airflow_dag_spark_streaming.py
[2026-01-30T04:48:52.930+0000] {processor.py:840} INFO - DAG(s) 'spark_sgp4_streaming' retrieved from /opt/airflow/dags/airflow_dag_spark_streaming.py
[2026-01-30T04:48:52.963+0000] {logging_mixin.py:188} INFO - [2026-01-30T04:48:52.963+0000] {dag.py:3036} INFO - Sync 1 DAGs
[2026-01-30T04:48:52.982+0000] {logging_mixin.py:188} INFO - [2026-01-30T04:48:52.982+0000] {dag.py:3823} INFO - Setting next_dagrun for spark_sgp4_streaming to None, run_after=None
[2026-01-30T04:48:53.013+0000] {processor.py:183} INFO - Processing /opt/airflow/dags/airflow_dag_spark_streaming.py took 0.099 seconds
[2026-01-30T04:49:23.105+0000] {processor.py:161} INFO - Started process (PID=710) to work on /opt/airflow/dags/airflow_dag_spark_streaming.py
[2026-01-30T04:49:23.108+0000] {processor.py:830} INFO - Processing file /opt/airflow/dags/airflow_dag_spark_streaming.py for tasks to queue
[2026-01-30T04:49:23.109+0000] {logging_mixin.py:188} INFO - [2026-01-30T04:49:23.108+0000] {dagbag.py:538} INFO - Filling up the DagBag from /opt/airflow/dags/airflow_dag_spark_streaming.py
[2026-01-30T04:49:23.122+0000] {processor.py:840} INFO - DAG(s) 'spark_sgp4_streaming' retrieved from /opt/airflow/dags/airflow_dag_spark_streaming.py
[2026-01-30T04:49:23.156+0000] {logging_mixin.py:188} INFO - [2026-01-30T04:49:23.156+0000] {dag.py:3036} INFO - Sync 1 DAGs
[2026-01-30T04:49:23.172+0000] {logging_mixin.py:188} INFO - [2026-01-30T04:49:23.172+0000] {dag.py:3823} INFO - Setting next_dagrun for spark_sgp4_streaming to None, run_after=None
[2026-01-30T04:49:23.192+0000] {processor.py:183} INFO - Processing /opt/airflow/dags/airflow_dag_spark_streaming.py took 0.093 seconds
[2026-01-30T04:49:53.357+0000] {processor.py:161} INFO - Started process (PID=720) to work on /opt/airflow/dags/airflow_dag_spark_streaming.py
[2026-01-30T04:49:53.359+0000] {processor.py:830} INFO - Processing file /opt/airflow/dags/airflow_dag_spark_streaming.py for tasks to queue
[2026-01-30T04:49:53.360+0000] {logging_mixin.py:188} INFO - [2026-01-30T04:49:53.360+0000] {dagbag.py:538} INFO - Filling up the DagBag from /opt/airflow/dags/airflow_dag_spark_streaming.py
[2026-01-30T04:49:53.371+0000] {processor.py:840} INFO - DAG(s) 'spark_sgp4_streaming' retrieved from /opt/airflow/dags/airflow_dag_spark_streaming.py
[2026-01-30T04:49:53.410+0000] {logging_mixin.py:188} INFO - [2026-01-30T04:49:53.410+0000] {dag.py:3036} INFO - Sync 1 DAGs
[2026-01-30T04:49:53.435+0000] {logging_mixin.py:188} INFO - [2026-01-30T04:49:53.435+0000] {dag.py:3823} INFO - Setting next_dagrun for spark_sgp4_streaming to None, run_after=None
[2026-01-30T04:49:53.461+0000] {processor.py:183} INFO - Processing /opt/airflow/dags/airflow_dag_spark_streaming.py took 0.108 seconds
[2026-01-30T04:50:23.621+0000] {processor.py:161} INFO - Started process (PID=730) to work on /opt/airflow/dags/airflow_dag_spark_streaming.py
[2026-01-30T04:50:23.624+0000] {processor.py:830} INFO - Processing file /opt/airflow/dags/airflow_dag_spark_streaming.py for tasks to queue
[2026-01-30T04:50:23.625+0000] {logging_mixin.py:188} INFO - [2026-01-30T04:50:23.625+0000] {dagbag.py:538} INFO - Filling up the DagBag from /opt/airflow/dags/airflow_dag_spark_streaming.py
[2026-01-30T04:50:23.642+0000] {processor.py:840} INFO - DAG(s) 'spark_sgp4_streaming' retrieved from /opt/airflow/dags/airflow_dag_spark_streaming.py
[2026-01-30T04:50:23.686+0000] {logging_mixin.py:188} INFO - [2026-01-30T04:50:23.686+0000] {dag.py:3036} INFO - Sync 1 DAGs
[2026-01-30T04:50:23.704+0000] {logging_mixin.py:188} INFO - [2026-01-30T04:50:23.703+0000] {dag.py:3823} INFO - Setting next_dagrun for spark_sgp4_streaming to None, run_after=None
[2026-01-30T04:50:23.726+0000] {processor.py:183} INFO - Processing /opt/airflow/dags/airflow_dag_spark_streaming.py took 0.111 seconds
[2026-01-30T04:50:53.903+0000] {processor.py:161} INFO - Started process (PID=740) to work on /opt/airflow/dags/airflow_dag_spark_streaming.py
[2026-01-30T04:50:53.905+0000] {processor.py:830} INFO - Processing file /opt/airflow/dags/airflow_dag_spark_streaming.py for tasks to queue
[2026-01-30T04:50:53.906+0000] {logging_mixin.py:188} INFO - [2026-01-30T04:50:53.906+0000] {dagbag.py:538} INFO - Filling up the DagBag from /opt/airflow/dags/airflow_dag_spark_streaming.py
[2026-01-30T04:50:53.917+0000] {processor.py:840} INFO - DAG(s) 'spark_sgp4_streaming' retrieved from /opt/airflow/dags/airflow_dag_spark_streaming.py
[2026-01-30T04:50:53.949+0000] {logging_mixin.py:188} INFO - [2026-01-30T04:50:53.949+0000] {dag.py:3036} INFO - Sync 1 DAGs
[2026-01-30T04:50:53.969+0000] {logging_mixin.py:188} INFO - [2026-01-30T04:50:53.969+0000] {dag.py:3823} INFO - Setting next_dagrun for spark_sgp4_streaming to None, run_after=None
[2026-01-30T04:50:53.996+0000] {processor.py:183} INFO - Processing /opt/airflow/dags/airflow_dag_spark_streaming.py took 0.097 seconds
[2026-01-30T04:51:24.171+0000] {processor.py:161} INFO - Started process (PID=750) to work on /opt/airflow/dags/airflow_dag_spark_streaming.py
[2026-01-30T04:51:24.174+0000] {processor.py:830} INFO - Processing file /opt/airflow/dags/airflow_dag_spark_streaming.py for tasks to queue
[2026-01-30T04:51:24.175+0000] {logging_mixin.py:188} INFO - [2026-01-30T04:51:24.174+0000] {dagbag.py:538} INFO - Filling up the DagBag from /opt/airflow/dags/airflow_dag_spark_streaming.py
[2026-01-30T04:51:24.187+0000] {processor.py:840} INFO - DAG(s) 'spark_sgp4_streaming' retrieved from /opt/airflow/dags/airflow_dag_spark_streaming.py
[2026-01-30T04:51:24.222+0000] {logging_mixin.py:188} INFO - [2026-01-30T04:51:24.222+0000] {dag.py:3036} INFO - Sync 1 DAGs
[2026-01-30T04:51:24.239+0000] {logging_mixin.py:188} INFO - [2026-01-30T04:51:24.238+0000] {dag.py:3823} INFO - Setting next_dagrun for spark_sgp4_streaming to None, run_after=None
[2026-01-30T04:51:24.263+0000] {processor.py:183} INFO - Processing /opt/airflow/dags/airflow_dag_spark_streaming.py took 0.095 seconds
[2026-01-30T04:51:54.425+0000] {processor.py:161} INFO - Started process (PID=760) to work on /opt/airflow/dags/airflow_dag_spark_streaming.py
[2026-01-30T04:51:54.428+0000] {processor.py:830} INFO - Processing file /opt/airflow/dags/airflow_dag_spark_streaming.py for tasks to queue
[2026-01-30T04:51:54.429+0000] {logging_mixin.py:188} INFO - [2026-01-30T04:51:54.429+0000] {dagbag.py:538} INFO - Filling up the DagBag from /opt/airflow/dags/airflow_dag_spark_streaming.py
[2026-01-30T04:51:54.446+0000] {processor.py:840} INFO - DAG(s) 'spark_sgp4_streaming' retrieved from /opt/airflow/dags/airflow_dag_spark_streaming.py
[2026-01-30T04:51:54.493+0000] {logging_mixin.py:188} INFO - [2026-01-30T04:51:54.493+0000] {dag.py:3036} INFO - Sync 1 DAGs
[2026-01-30T04:51:54.517+0000] {logging_mixin.py:188} INFO - [2026-01-30T04:51:54.516+0000] {dag.py:3823} INFO - Setting next_dagrun for spark_sgp4_streaming to None, run_after=None
[2026-01-30T04:51:54.542+0000] {processor.py:183} INFO - Processing /opt/airflow/dags/airflow_dag_spark_streaming.py took 0.121 seconds
[2026-01-30T04:52:24.708+0000] {processor.py:161} INFO - Started process (PID=770) to work on /opt/airflow/dags/airflow_dag_spark_streaming.py
[2026-01-30T04:52:24.710+0000] {processor.py:830} INFO - Processing file /opt/airflow/dags/airflow_dag_spark_streaming.py for tasks to queue
[2026-01-30T04:52:24.711+0000] {logging_mixin.py:188} INFO - [2026-01-30T04:52:24.711+0000] {dagbag.py:538} INFO - Filling up the DagBag from /opt/airflow/dags/airflow_dag_spark_streaming.py
[2026-01-30T04:52:24.721+0000] {processor.py:840} INFO - DAG(s) 'spark_sgp4_streaming' retrieved from /opt/airflow/dags/airflow_dag_spark_streaming.py
[2026-01-30T04:52:24.753+0000] {logging_mixin.py:188} INFO - [2026-01-30T04:52:24.753+0000] {dag.py:3036} INFO - Sync 1 DAGs
[2026-01-30T04:52:24.773+0000] {logging_mixin.py:188} INFO - [2026-01-30T04:52:24.773+0000] {dag.py:3823} INFO - Setting next_dagrun for spark_sgp4_streaming to None, run_after=None
[2026-01-30T04:52:24.801+0000] {processor.py:183} INFO - Processing /opt/airflow/dags/airflow_dag_spark_streaming.py took 0.097 seconds
[2026-01-30T04:52:54.967+0000] {processor.py:161} INFO - Started process (PID=780) to work on /opt/airflow/dags/airflow_dag_spark_streaming.py
[2026-01-30T04:52:54.970+0000] {processor.py:830} INFO - Processing file /opt/airflow/dags/airflow_dag_spark_streaming.py for tasks to queue
[2026-01-30T04:52:54.971+0000] {logging_mixin.py:188} INFO - [2026-01-30T04:52:54.971+0000] {dagbag.py:538} INFO - Filling up the DagBag from /opt/airflow/dags/airflow_dag_spark_streaming.py
[2026-01-30T04:52:54.988+0000] {processor.py:840} INFO - DAG(s) 'spark_sgp4_streaming' retrieved from /opt/airflow/dags/airflow_dag_spark_streaming.py
[2026-01-30T04:52:55.038+0000] {logging_mixin.py:188} INFO - [2026-01-30T04:52:55.038+0000] {dag.py:3036} INFO - Sync 1 DAGs
[2026-01-30T04:52:55.063+0000] {logging_mixin.py:188} INFO - [2026-01-30T04:52:55.063+0000] {dag.py:3823} INFO - Setting next_dagrun for spark_sgp4_streaming to None, run_after=None
[2026-01-30T04:52:55.095+0000] {processor.py:183} INFO - Processing /opt/airflow/dags/airflow_dag_spark_streaming.py took 0.132 seconds
[2026-01-30T04:53:25.313+0000] {processor.py:161} INFO - Started process (PID=790) to work on /opt/airflow/dags/airflow_dag_spark_streaming.py
[2026-01-30T04:53:25.316+0000] {processor.py:830} INFO - Processing file /opt/airflow/dags/airflow_dag_spark_streaming.py for tasks to queue
[2026-01-30T04:53:25.317+0000] {logging_mixin.py:188} INFO - [2026-01-30T04:53:25.316+0000] {dagbag.py:538} INFO - Filling up the DagBag from /opt/airflow/dags/airflow_dag_spark_streaming.py
[2026-01-30T04:53:25.334+0000] {processor.py:840} INFO - DAG(s) 'spark_sgp4_streaming' retrieved from /opt/airflow/dags/airflow_dag_spark_streaming.py
[2026-01-30T04:53:25.377+0000] {logging_mixin.py:188} INFO - [2026-01-30T04:53:25.377+0000] {dag.py:3036} INFO - Sync 1 DAGs
[2026-01-30T04:53:25.402+0000] {logging_mixin.py:188} INFO - [2026-01-30T04:53:25.401+0000] {dag.py:3823} INFO - Setting next_dagrun for spark_sgp4_streaming to None, run_after=None
[2026-01-30T04:53:25.431+0000] {processor.py:183} INFO - Processing /opt/airflow/dags/airflow_dag_spark_streaming.py took 0.122 seconds
[2026-01-30T04:53:55.588+0000] {processor.py:161} INFO - Started process (PID=800) to work on /opt/airflow/dags/airflow_dag_spark_streaming.py
[2026-01-30T04:53:55.590+0000] {processor.py:830} INFO - Processing file /opt/airflow/dags/airflow_dag_spark_streaming.py for tasks to queue
[2026-01-30T04:53:55.591+0000] {logging_mixin.py:188} INFO - [2026-01-30T04:53:55.591+0000] {dagbag.py:538} INFO - Filling up the DagBag from /opt/airflow/dags/airflow_dag_spark_streaming.py
[2026-01-30T04:53:55.602+0000] {processor.py:840} INFO - DAG(s) 'spark_sgp4_streaming' retrieved from /opt/airflow/dags/airflow_dag_spark_streaming.py
[2026-01-30T04:53:55.633+0000] {logging_mixin.py:188} INFO - [2026-01-30T04:53:55.633+0000] {dag.py:3036} INFO - Sync 1 DAGs
[2026-01-30T04:53:55.656+0000] {logging_mixin.py:188} INFO - [2026-01-30T04:53:55.656+0000] {dag.py:3823} INFO - Setting next_dagrun for spark_sgp4_streaming to None, run_after=None
[2026-01-30T04:53:55.675+0000] {processor.py:183} INFO - Processing /opt/airflow/dags/airflow_dag_spark_streaming.py took 0.091 seconds
[2026-01-30T04:54:25.862+0000] {processor.py:161} INFO - Started process (PID=810) to work on /opt/airflow/dags/airflow_dag_spark_streaming.py
[2026-01-30T04:54:25.864+0000] {processor.py:830} INFO - Processing file /opt/airflow/dags/airflow_dag_spark_streaming.py for tasks to queue
[2026-01-30T04:54:25.865+0000] {logging_mixin.py:188} INFO - [2026-01-30T04:54:25.865+0000] {dagbag.py:538} INFO - Filling up the DagBag from /opt/airflow/dags/airflow_dag_spark_streaming.py
[2026-01-30T04:54:25.876+0000] {processor.py:840} INFO - DAG(s) 'spark_sgp4_streaming' retrieved from /opt/airflow/dags/airflow_dag_spark_streaming.py
[2026-01-30T04:54:25.908+0000] {logging_mixin.py:188} INFO - [2026-01-30T04:54:25.908+0000] {dag.py:3036} INFO - Sync 1 DAGs
[2026-01-30T04:54:25.924+0000] {logging_mixin.py:188} INFO - [2026-01-30T04:54:25.923+0000] {dag.py:3823} INFO - Setting next_dagrun for spark_sgp4_streaming to None, run_after=None
[2026-01-30T04:54:25.949+0000] {processor.py:183} INFO - Processing /opt/airflow/dags/airflow_dag_spark_streaming.py took 0.090 seconds
[2026-01-30T04:54:56.108+0000] {processor.py:161} INFO - Started process (PID=820) to work on /opt/airflow/dags/airflow_dag_spark_streaming.py
[2026-01-30T04:54:56.111+0000] {processor.py:830} INFO - Processing file /opt/airflow/dags/airflow_dag_spark_streaming.py for tasks to queue
[2026-01-30T04:54:56.112+0000] {logging_mixin.py:188} INFO - [2026-01-30T04:54:56.111+0000] {dagbag.py:538} INFO - Filling up the DagBag from /opt/airflow/dags/airflow_dag_spark_streaming.py
[2026-01-30T04:54:56.124+0000] {processor.py:840} INFO - DAG(s) 'spark_sgp4_streaming' retrieved from /opt/airflow/dags/airflow_dag_spark_streaming.py
[2026-01-30T04:54:56.163+0000] {logging_mixin.py:188} INFO - [2026-01-30T04:54:56.163+0000] {dag.py:3036} INFO - Sync 1 DAGs
[2026-01-30T04:54:56.178+0000] {logging_mixin.py:188} INFO - [2026-01-30T04:54:56.178+0000] {dag.py:3823} INFO - Setting next_dagrun for spark_sgp4_streaming to None, run_after=None
[2026-01-30T04:54:56.198+0000] {processor.py:183} INFO - Processing /opt/airflow/dags/airflow_dag_spark_streaming.py took 0.093 seconds
[2026-01-30T04:55:26.356+0000] {processor.py:161} INFO - Started process (PID=830) to work on /opt/airflow/dags/airflow_dag_spark_streaming.py
[2026-01-30T04:55:26.359+0000] {processor.py:830} INFO - Processing file /opt/airflow/dags/airflow_dag_spark_streaming.py for tasks to queue
[2026-01-30T04:55:26.360+0000] {logging_mixin.py:188} INFO - [2026-01-30T04:55:26.359+0000] {dagbag.py:538} INFO - Filling up the DagBag from /opt/airflow/dags/airflow_dag_spark_streaming.py
[2026-01-30T04:55:26.371+0000] {processor.py:840} INFO - DAG(s) 'spark_sgp4_streaming' retrieved from /opt/airflow/dags/airflow_dag_spark_streaming.py
[2026-01-30T04:55:26.404+0000] {logging_mixin.py:188} INFO - [2026-01-30T04:55:26.404+0000] {dag.py:3036} INFO - Sync 1 DAGs
[2026-01-30T04:55:26.420+0000] {logging_mixin.py:188} INFO - [2026-01-30T04:55:26.420+0000] {dag.py:3823} INFO - Setting next_dagrun for spark_sgp4_streaming to None, run_after=None
[2026-01-30T04:55:26.440+0000] {processor.py:183} INFO - Processing /opt/airflow/dags/airflow_dag_spark_streaming.py took 0.088 seconds
[2026-01-30T04:55:56.607+0000] {processor.py:161} INFO - Started process (PID=840) to work on /opt/airflow/dags/airflow_dag_spark_streaming.py
[2026-01-30T04:55:56.609+0000] {processor.py:830} INFO - Processing file /opt/airflow/dags/airflow_dag_spark_streaming.py for tasks to queue
[2026-01-30T04:55:56.610+0000] {logging_mixin.py:188} INFO - [2026-01-30T04:55:56.609+0000] {dagbag.py:538} INFO - Filling up the DagBag from /opt/airflow/dags/airflow_dag_spark_streaming.py
[2026-01-30T04:55:56.621+0000] {processor.py:840} INFO - DAG(s) 'spark_sgp4_streaming' retrieved from /opt/airflow/dags/airflow_dag_spark_streaming.py
[2026-01-30T04:55:56.654+0000] {logging_mixin.py:188} INFO - [2026-01-30T04:55:56.653+0000] {dag.py:3036} INFO - Sync 1 DAGs
[2026-01-30T04:55:56.669+0000] {logging_mixin.py:188} INFO - [2026-01-30T04:55:56.669+0000] {dag.py:3823} INFO - Setting next_dagrun for spark_sgp4_streaming to None, run_after=None
[2026-01-30T04:55:56.690+0000] {processor.py:183} INFO - Processing /opt/airflow/dags/airflow_dag_spark_streaming.py took 0.087 seconds
[2026-01-30T04:56:26.855+0000] {processor.py:161} INFO - Started process (PID=850) to work on /opt/airflow/dags/airflow_dag_spark_streaming.py
[2026-01-30T04:56:26.858+0000] {processor.py:830} INFO - Processing file /opt/airflow/dags/airflow_dag_spark_streaming.py for tasks to queue
[2026-01-30T04:56:26.859+0000] {logging_mixin.py:188} INFO - [2026-01-30T04:56:26.858+0000] {dagbag.py:538} INFO - Filling up the DagBag from /opt/airflow/dags/airflow_dag_spark_streaming.py
[2026-01-30T04:56:26.870+0000] {processor.py:840} INFO - DAG(s) 'spark_sgp4_streaming' retrieved from /opt/airflow/dags/airflow_dag_spark_streaming.py
[2026-01-30T04:56:26.906+0000] {logging_mixin.py:188} INFO - [2026-01-30T04:56:26.906+0000] {dag.py:3036} INFO - Sync 1 DAGs
[2026-01-30T04:56:26.922+0000] {logging_mixin.py:188} INFO - [2026-01-30T04:56:26.922+0000] {dag.py:3823} INFO - Setting next_dagrun for spark_sgp4_streaming to None, run_after=None
[2026-01-30T04:56:26.941+0000] {processor.py:183} INFO - Processing /opt/airflow/dags/airflow_dag_spark_streaming.py took 0.090 seconds
[2026-01-30T04:56:57.101+0000] {processor.py:161} INFO - Started process (PID=860) to work on /opt/airflow/dags/airflow_dag_spark_streaming.py
[2026-01-30T04:56:57.103+0000] {processor.py:830} INFO - Processing file /opt/airflow/dags/airflow_dag_spark_streaming.py for tasks to queue
[2026-01-30T04:56:57.104+0000] {logging_mixin.py:188} INFO - [2026-01-30T04:56:57.104+0000] {dagbag.py:538} INFO - Filling up the DagBag from /opt/airflow/dags/airflow_dag_spark_streaming.py
[2026-01-30T04:56:57.115+0000] {processor.py:840} INFO - DAG(s) 'spark_sgp4_streaming' retrieved from /opt/airflow/dags/airflow_dag_spark_streaming.py
[2026-01-30T04:56:57.147+0000] {logging_mixin.py:188} INFO - [2026-01-30T04:56:57.147+0000] {dag.py:3036} INFO - Sync 1 DAGs
[2026-01-30T04:56:57.164+0000] {logging_mixin.py:188} INFO - [2026-01-30T04:56:57.163+0000] {dag.py:3823} INFO - Setting next_dagrun for spark_sgp4_streaming to None, run_after=None
[2026-01-30T04:56:57.184+0000] {processor.py:183} INFO - Processing /opt/airflow/dags/airflow_dag_spark_streaming.py took 0.087 seconds
[2026-01-30T04:57:27.360+0000] {processor.py:161} INFO - Started process (PID=870) to work on /opt/airflow/dags/airflow_dag_spark_streaming.py
[2026-01-30T04:57:27.363+0000] {processor.py:830} INFO - Processing file /opt/airflow/dags/airflow_dag_spark_streaming.py for tasks to queue
[2026-01-30T04:57:27.364+0000] {logging_mixin.py:188} INFO - [2026-01-30T04:57:27.363+0000] {dagbag.py:538} INFO - Filling up the DagBag from /opt/airflow/dags/airflow_dag_spark_streaming.py
[2026-01-30T04:57:27.380+0000] {processor.py:840} INFO - DAG(s) 'spark_sgp4_streaming' retrieved from /opt/airflow/dags/airflow_dag_spark_streaming.py
[2026-01-30T04:57:27.433+0000] {logging_mixin.py:188} INFO - [2026-01-30T04:57:27.433+0000] {dag.py:3036} INFO - Sync 1 DAGs
[2026-01-30T04:57:27.454+0000] {logging_mixin.py:188} INFO - [2026-01-30T04:57:27.454+0000] {dag.py:3823} INFO - Setting next_dagrun for spark_sgp4_streaming to None, run_after=None
[2026-01-30T04:57:27.484+0000] {processor.py:183} INFO - Processing /opt/airflow/dags/airflow_dag_spark_streaming.py took 0.129 seconds
[2026-01-30T04:57:57.656+0000] {processor.py:161} INFO - Started process (PID=880) to work on /opt/airflow/dags/airflow_dag_spark_streaming.py
[2026-01-30T04:57:57.659+0000] {processor.py:830} INFO - Processing file /opt/airflow/dags/airflow_dag_spark_streaming.py for tasks to queue
[2026-01-30T04:57:57.660+0000] {logging_mixin.py:188} INFO - [2026-01-30T04:57:57.660+0000] {dagbag.py:538} INFO - Filling up the DagBag from /opt/airflow/dags/airflow_dag_spark_streaming.py
[2026-01-30T04:57:57.677+0000] {processor.py:840} INFO - DAG(s) 'spark_sgp4_streaming' retrieved from /opt/airflow/dags/airflow_dag_spark_streaming.py
[2026-01-30T04:57:57.723+0000] {logging_mixin.py:188} INFO - [2026-01-30T04:57:57.723+0000] {dag.py:3036} INFO - Sync 1 DAGs
[2026-01-30T04:57:57.743+0000] {logging_mixin.py:188} INFO - [2026-01-30T04:57:57.743+0000] {dag.py:3823} INFO - Setting next_dagrun for spark_sgp4_streaming to None, run_after=None
[2026-01-30T04:57:57.762+0000] {processor.py:183} INFO - Processing /opt/airflow/dags/airflow_dag_spark_streaming.py took 0.112 seconds
[2026-01-30T04:58:27.954+0000] {processor.py:161} INFO - Started process (PID=890) to work on /opt/airflow/dags/airflow_dag_spark_streaming.py
[2026-01-30T04:58:27.957+0000] {processor.py:830} INFO - Processing file /opt/airflow/dags/airflow_dag_spark_streaming.py for tasks to queue
[2026-01-30T04:58:27.957+0000] {logging_mixin.py:188} INFO - [2026-01-30T04:58:27.957+0000] {dagbag.py:538} INFO - Filling up the DagBag from /opt/airflow/dags/airflow_dag_spark_streaming.py
[2026-01-30T04:58:27.970+0000] {processor.py:840} INFO - DAG(s) 'spark_sgp4_streaming' retrieved from /opt/airflow/dags/airflow_dag_spark_streaming.py
[2026-01-30T04:58:28.009+0000] {logging_mixin.py:188} INFO - [2026-01-30T04:58:28.008+0000] {dag.py:3036} INFO - Sync 1 DAGs
[2026-01-30T04:58:28.031+0000] {logging_mixin.py:188} INFO - [2026-01-30T04:58:28.031+0000] {dag.py:3823} INFO - Setting next_dagrun for spark_sgp4_streaming to None, run_after=None
[2026-01-30T04:58:28.057+0000] {processor.py:183} INFO - Processing /opt/airflow/dags/airflow_dag_spark_streaming.py took 0.107 seconds
[2026-01-30T04:58:58.226+0000] {processor.py:161} INFO - Started process (PID=900) to work on /opt/airflow/dags/airflow_dag_spark_streaming.py
[2026-01-30T04:58:58.229+0000] {processor.py:830} INFO - Processing file /opt/airflow/dags/airflow_dag_spark_streaming.py for tasks to queue
[2026-01-30T04:58:58.230+0000] {logging_mixin.py:188} INFO - [2026-01-30T04:58:58.229+0000] {dagbag.py:538} INFO - Filling up the DagBag from /opt/airflow/dags/airflow_dag_spark_streaming.py
[2026-01-30T04:58:58.246+0000] {processor.py:840} INFO - DAG(s) 'spark_sgp4_streaming' retrieved from /opt/airflow/dags/airflow_dag_spark_streaming.py
[2026-01-30T04:58:58.283+0000] {logging_mixin.py:188} INFO - [2026-01-30T04:58:58.283+0000] {dag.py:3036} INFO - Sync 1 DAGs
[2026-01-30T04:58:58.307+0000] {logging_mixin.py:188} INFO - [2026-01-30T04:58:58.307+0000] {dag.py:3823} INFO - Setting next_dagrun for spark_sgp4_streaming to None, run_after=None
[2026-01-30T04:58:58.325+0000] {processor.py:183} INFO - Processing /opt/airflow/dags/airflow_dag_spark_streaming.py took 0.104 seconds
[2026-01-30T04:59:28.477+0000] {processor.py:161} INFO - Started process (PID=910) to work on /opt/airflow/dags/airflow_dag_spark_streaming.py
[2026-01-30T04:59:28.478+0000] {processor.py:830} INFO - Processing file /opt/airflow/dags/airflow_dag_spark_streaming.py for tasks to queue
[2026-01-30T04:59:28.479+0000] {logging_mixin.py:188} INFO - [2026-01-30T04:59:28.478+0000] {dagbag.py:538} INFO - Filling up the DagBag from /opt/airflow/dags/airflow_dag_spark_streaming.py
[2026-01-30T04:59:28.489+0000] {processor.py:840} INFO - DAG(s) 'spark_sgp4_streaming' retrieved from /opt/airflow/dags/airflow_dag_spark_streaming.py
[2026-01-30T04:59:28.521+0000] {logging_mixin.py:188} INFO - [2026-01-30T04:59:28.521+0000] {dag.py:3036} INFO - Sync 1 DAGs
[2026-01-30T04:59:28.544+0000] {logging_mixin.py:188} INFO - [2026-01-30T04:59:28.543+0000] {dag.py:3823} INFO - Setting next_dagrun for spark_sgp4_streaming to None, run_after=None
[2026-01-30T04:59:28.572+0000] {processor.py:183} INFO - Processing /opt/airflow/dags/airflow_dag_spark_streaming.py took 0.098 seconds
[2026-01-30T04:59:58.724+0000] {processor.py:161} INFO - Started process (PID=920) to work on /opt/airflow/dags/airflow_dag_spark_streaming.py
[2026-01-30T04:59:58.726+0000] {processor.py:830} INFO - Processing file /opt/airflow/dags/airflow_dag_spark_streaming.py for tasks to queue
[2026-01-30T04:59:58.727+0000] {logging_mixin.py:188} INFO - [2026-01-30T04:59:58.727+0000] {dagbag.py:538} INFO - Filling up the DagBag from /opt/airflow/dags/airflow_dag_spark_streaming.py
[2026-01-30T04:59:58.736+0000] {processor.py:840} INFO - DAG(s) 'spark_sgp4_streaming' retrieved from /opt/airflow/dags/airflow_dag_spark_streaming.py
[2026-01-30T04:59:58.767+0000] {logging_mixin.py:188} INFO - [2026-01-30T04:59:58.767+0000] {dag.py:3036} INFO - Sync 1 DAGs
[2026-01-30T04:59:58.784+0000] {logging_mixin.py:188} INFO - [2026-01-30T04:59:58.784+0000] {dag.py:3823} INFO - Setting next_dagrun for spark_sgp4_streaming to None, run_after=None
[2026-01-30T04:59:58.802+0000] {processor.py:183} INFO - Processing /opt/airflow/dags/airflow_dag_spark_streaming.py took 0.081 seconds
[2026-01-30T05:00:28.931+0000] {processor.py:161} INFO - Started process (PID=930) to work on /opt/airflow/dags/airflow_dag_spark_streaming.py
[2026-01-30T05:00:28.933+0000] {processor.py:830} INFO - Processing file /opt/airflow/dags/airflow_dag_spark_streaming.py for tasks to queue
[2026-01-30T05:00:28.934+0000] {logging_mixin.py:188} INFO - [2026-01-30T05:00:28.934+0000] {dagbag.py:538} INFO - Filling up the DagBag from /opt/airflow/dags/airflow_dag_spark_streaming.py
[2026-01-30T05:00:28.944+0000] {processor.py:840} INFO - DAG(s) 'spark_sgp4_streaming' retrieved from /opt/airflow/dags/airflow_dag_spark_streaming.py
[2026-01-30T05:00:28.974+0000] {logging_mixin.py:188} INFO - [2026-01-30T05:00:28.974+0000] {dag.py:3036} INFO - Sync 1 DAGs
[2026-01-30T05:00:28.989+0000] {logging_mixin.py:188} INFO - [2026-01-30T05:00:28.989+0000] {dag.py:3823} INFO - Setting next_dagrun for spark_sgp4_streaming to None, run_after=None
[2026-01-30T05:00:29.006+0000] {processor.py:183} INFO - Processing /opt/airflow/dags/airflow_dag_spark_streaming.py took 0.078 seconds
[2026-01-30T05:00:59.144+0000] {processor.py:161} INFO - Started process (PID=940) to work on /opt/airflow/dags/airflow_dag_spark_streaming.py
[2026-01-30T05:00:59.146+0000] {processor.py:830} INFO - Processing file /opt/airflow/dags/airflow_dag_spark_streaming.py for tasks to queue
[2026-01-30T05:00:59.147+0000] {logging_mixin.py:188} INFO - [2026-01-30T05:00:59.147+0000] {dagbag.py:538} INFO - Filling up the DagBag from /opt/airflow/dags/airflow_dag_spark_streaming.py
[2026-01-30T05:00:59.156+0000] {processor.py:840} INFO - DAG(s) 'spark_sgp4_streaming' retrieved from /opt/airflow/dags/airflow_dag_spark_streaming.py
[2026-01-30T05:00:59.191+0000] {logging_mixin.py:188} INFO - [2026-01-30T05:00:59.191+0000] {dag.py:3036} INFO - Sync 1 DAGs
[2026-01-30T05:00:59.205+0000] {logging_mixin.py:188} INFO - [2026-01-30T05:00:59.205+0000] {dag.py:3823} INFO - Setting next_dagrun for spark_sgp4_streaming to None, run_after=None
[2026-01-30T05:00:59.219+0000] {processor.py:183} INFO - Processing /opt/airflow/dags/airflow_dag_spark_streaming.py took 0.078 seconds
[2026-01-30T05:01:29.378+0000] {processor.py:161} INFO - Started process (PID=950) to work on /opt/airflow/dags/airflow_dag_spark_streaming.py
[2026-01-30T05:01:29.380+0000] {processor.py:830} INFO - Processing file /opt/airflow/dags/airflow_dag_spark_streaming.py for tasks to queue
[2026-01-30T05:01:29.381+0000] {logging_mixin.py:188} INFO - [2026-01-30T05:01:29.381+0000] {dagbag.py:538} INFO - Filling up the DagBag from /opt/airflow/dags/airflow_dag_spark_streaming.py
[2026-01-30T05:01:29.392+0000] {processor.py:840} INFO - DAG(s) 'spark_sgp4_streaming' retrieved from /opt/airflow/dags/airflow_dag_spark_streaming.py
[2026-01-30T05:01:29.430+0000] {logging_mixin.py:188} INFO - [2026-01-30T05:01:29.429+0000] {dag.py:3036} INFO - Sync 1 DAGs
[2026-01-30T05:01:29.449+0000] {logging_mixin.py:188} INFO - [2026-01-30T05:01:29.449+0000] {dag.py:3823} INFO - Setting next_dagrun for spark_sgp4_streaming to None, run_after=None
[2026-01-30T05:01:29.474+0000] {processor.py:183} INFO - Processing /opt/airflow/dags/airflow_dag_spark_streaming.py took 0.099 seconds
[2026-01-30T05:01:59.625+0000] {processor.py:161} INFO - Started process (PID=960) to work on /opt/airflow/dags/airflow_dag_spark_streaming.py
[2026-01-30T05:01:59.627+0000] {processor.py:830} INFO - Processing file /opt/airflow/dags/airflow_dag_spark_streaming.py for tasks to queue
[2026-01-30T05:01:59.628+0000] {logging_mixin.py:188} INFO - [2026-01-30T05:01:59.628+0000] {dagbag.py:538} INFO - Filling up the DagBag from /opt/airflow/dags/airflow_dag_spark_streaming.py
[2026-01-30T05:01:59.646+0000] {processor.py:840} INFO - DAG(s) 'spark_sgp4_streaming' retrieved from /opt/airflow/dags/airflow_dag_spark_streaming.py
[2026-01-30T05:01:59.679+0000] {logging_mixin.py:188} INFO - [2026-01-30T05:01:59.679+0000] {dag.py:3036} INFO - Sync 1 DAGs
[2026-01-30T05:01:59.695+0000] {logging_mixin.py:188} INFO - [2026-01-30T05:01:59.695+0000] {dag.py:3823} INFO - Setting next_dagrun for spark_sgp4_streaming to None, run_after=None
[2026-01-30T05:01:59.716+0000] {processor.py:183} INFO - Processing /opt/airflow/dags/airflow_dag_spark_streaming.py took 0.095 seconds
[2026-01-30T05:02:29.879+0000] {processor.py:161} INFO - Started process (PID=970) to work on /opt/airflow/dags/airflow_dag_spark_streaming.py
[2026-01-30T05:02:29.882+0000] {processor.py:830} INFO - Processing file /opt/airflow/dags/airflow_dag_spark_streaming.py for tasks to queue
[2026-01-30T05:02:29.882+0000] {logging_mixin.py:188} INFO - [2026-01-30T05:02:29.882+0000] {dagbag.py:538} INFO - Filling up the DagBag from /opt/airflow/dags/airflow_dag_spark_streaming.py
[2026-01-30T05:02:29.893+0000] {processor.py:840} INFO - DAG(s) 'spark_sgp4_streaming' retrieved from /opt/airflow/dags/airflow_dag_spark_streaming.py
[2026-01-30T05:02:29.925+0000] {logging_mixin.py:188} INFO - [2026-01-30T05:02:29.925+0000] {dag.py:3036} INFO - Sync 1 DAGs
[2026-01-30T05:02:29.940+0000] {logging_mixin.py:188} INFO - [2026-01-30T05:02:29.940+0000] {dag.py:3823} INFO - Setting next_dagrun for spark_sgp4_streaming to None, run_after=None
[2026-01-30T05:02:29.960+0000] {processor.py:183} INFO - Processing /opt/airflow/dags/airflow_dag_spark_streaming.py took 0.084 seconds
[2026-01-30T05:03:00.132+0000] {processor.py:161} INFO - Started process (PID=980) to work on /opt/airflow/dags/airflow_dag_spark_streaming.py
[2026-01-30T05:03:00.135+0000] {processor.py:830} INFO - Processing file /opt/airflow/dags/airflow_dag_spark_streaming.py for tasks to queue
[2026-01-30T05:03:00.136+0000] {logging_mixin.py:188} INFO - [2026-01-30T05:03:00.135+0000] {dagbag.py:538} INFO - Filling up the DagBag from /opt/airflow/dags/airflow_dag_spark_streaming.py
[2026-01-30T05:03:00.147+0000] {processor.py:840} INFO - DAG(s) 'spark_sgp4_streaming' retrieved from /opt/airflow/dags/airflow_dag_spark_streaming.py
[2026-01-30T05:03:00.183+0000] {logging_mixin.py:188} INFO - [2026-01-30T05:03:00.182+0000] {dag.py:3036} INFO - Sync 1 DAGs
[2026-01-30T05:03:00.199+0000] {logging_mixin.py:188} INFO - [2026-01-30T05:03:00.199+0000] {dag.py:3823} INFO - Setting next_dagrun for spark_sgp4_streaming to None, run_after=None
[2026-01-30T05:03:00.216+0000] {processor.py:183} INFO - Processing /opt/airflow/dags/airflow_dag_spark_streaming.py took 0.088 seconds
[2026-01-30T05:12:24.211+0000] {processor.py:161} INFO - Started process (PID=990) to work on /opt/airflow/dags/airflow_dag_spark_streaming.py
[2026-01-30T05:12:24.220+0000] {processor.py:830} INFO - Processing file /opt/airflow/dags/airflow_dag_spark_streaming.py for tasks to queue
[2026-01-30T05:12:24.221+0000] {logging_mixin.py:188} INFO - [2026-01-30T05:12:24.221+0000] {dagbag.py:538} INFO - Filling up the DagBag from /opt/airflow/dags/airflow_dag_spark_streaming.py
[2026-01-30T05:12:24.232+0000] {processor.py:840} INFO - DAG(s) 'spark_sgp4_streaming' retrieved from /opt/airflow/dags/airflow_dag_spark_streaming.py
[2026-01-30T05:12:24.272+0000] {logging_mixin.py:188} INFO - [2026-01-30T05:12:24.271+0000] {dag.py:3036} INFO - Sync 1 DAGs
[2026-01-30T05:12:24.288+0000] {logging_mixin.py:188} INFO - [2026-01-30T05:12:24.288+0000] {dag.py:3823} INFO - Setting next_dagrun for spark_sgp4_streaming to None, run_after=None
[2026-01-30T05:12:24.308+0000] {processor.py:183} INFO - Processing /opt/airflow/dags/airflow_dag_spark_streaming.py took 0.101 seconds
[2026-01-30T05:12:54.442+0000] {processor.py:161} INFO - Started process (PID=1002) to work on /opt/airflow/dags/airflow_dag_spark_streaming.py
[2026-01-30T05:12:54.443+0000] {processor.py:830} INFO - Processing file /opt/airflow/dags/airflow_dag_spark_streaming.py for tasks to queue
[2026-01-30T05:12:54.444+0000] {logging_mixin.py:188} INFO - [2026-01-30T05:12:54.443+0000] {dagbag.py:538} INFO - Filling up the DagBag from /opt/airflow/dags/airflow_dag_spark_streaming.py
[2026-01-30T05:12:54.460+0000] {processor.py:840} INFO - DAG(s) 'spark_sgp4_streaming' retrieved from /opt/airflow/dags/airflow_dag_spark_streaming.py
[2026-01-30T05:12:54.499+0000] {logging_mixin.py:188} INFO - [2026-01-30T05:12:54.499+0000] {dag.py:3036} INFO - Sync 1 DAGs
[2026-01-30T05:12:54.516+0000] {logging_mixin.py:188} INFO - [2026-01-30T05:12:54.516+0000] {dag.py:3823} INFO - Setting next_dagrun for spark_sgp4_streaming to None, run_after=None
[2026-01-30T05:12:54.535+0000] {processor.py:183} INFO - Processing /opt/airflow/dags/airflow_dag_spark_streaming.py took 0.097 seconds
[2026-01-30T05:13:24.666+0000] {processor.py:161} INFO - Started process (PID=1012) to work on /opt/airflow/dags/airflow_dag_spark_streaming.py
[2026-01-30T05:13:24.666+0000] {processor.py:830} INFO - Processing file /opt/airflow/dags/airflow_dag_spark_streaming.py for tasks to queue
[2026-01-30T05:13:24.667+0000] {logging_mixin.py:188} INFO - [2026-01-30T05:13:24.667+0000] {dagbag.py:538} INFO - Filling up the DagBag from /opt/airflow/dags/airflow_dag_spark_streaming.py
[2026-01-30T05:13:24.677+0000] {processor.py:840} INFO - DAG(s) 'spark_sgp4_streaming' retrieved from /opt/airflow/dags/airflow_dag_spark_streaming.py
[2026-01-30T05:13:24.708+0000] {logging_mixin.py:188} INFO - [2026-01-30T05:13:24.708+0000] {dag.py:3036} INFO - Sync 1 DAGs
[2026-01-30T05:13:24.723+0000] {logging_mixin.py:188} INFO - [2026-01-30T05:13:24.723+0000] {dag.py:3823} INFO - Setting next_dagrun for spark_sgp4_streaming to None, run_after=None
[2026-01-30T05:13:24.744+0000] {processor.py:183} INFO - Processing /opt/airflow/dags/airflow_dag_spark_streaming.py took 0.082 seconds
[2026-01-30T05:13:54.874+0000] {processor.py:161} INFO - Started process (PID=1022) to work on /opt/airflow/dags/airflow_dag_spark_streaming.py
[2026-01-30T05:13:54.876+0000] {processor.py:830} INFO - Processing file /opt/airflow/dags/airflow_dag_spark_streaming.py for tasks to queue
[2026-01-30T05:13:54.877+0000] {logging_mixin.py:188} INFO - [2026-01-30T05:13:54.876+0000] {dagbag.py:538} INFO - Filling up the DagBag from /opt/airflow/dags/airflow_dag_spark_streaming.py
[2026-01-30T05:13:54.887+0000] {processor.py:840} INFO - DAG(s) 'spark_sgp4_streaming' retrieved from /opt/airflow/dags/airflow_dag_spark_streaming.py
[2026-01-30T05:13:54.920+0000] {logging_mixin.py:188} INFO - [2026-01-30T05:13:54.919+0000] {dag.py:3036} INFO - Sync 1 DAGs
[2026-01-30T05:13:54.933+0000] {logging_mixin.py:188} INFO - [2026-01-30T05:13:54.932+0000] {dag.py:3823} INFO - Setting next_dagrun for spark_sgp4_streaming to None, run_after=None
[2026-01-30T05:13:54.950+0000] {processor.py:183} INFO - Processing /opt/airflow/dags/airflow_dag_spark_streaming.py took 0.079 seconds
[2026-01-30T05:14:25.092+0000] {processor.py:161} INFO - Started process (PID=1032) to work on /opt/airflow/dags/airflow_dag_spark_streaming.py
[2026-01-30T05:14:25.093+0000] {processor.py:830} INFO - Processing file /opt/airflow/dags/airflow_dag_spark_streaming.py for tasks to queue
[2026-01-30T05:14:25.094+0000] {logging_mixin.py:188} INFO - [2026-01-30T05:14:25.093+0000] {dagbag.py:538} INFO - Filling up the DagBag from /opt/airflow/dags/airflow_dag_spark_streaming.py
[2026-01-30T05:14:25.105+0000] {processor.py:840} INFO - DAG(s) 'spark_sgp4_streaming' retrieved from /opt/airflow/dags/airflow_dag_spark_streaming.py
[2026-01-30T05:14:25.138+0000] {logging_mixin.py:188} INFO - [2026-01-30T05:14:25.137+0000] {dag.py:3036} INFO - Sync 1 DAGs
[2026-01-30T05:14:25.154+0000] {logging_mixin.py:188} INFO - [2026-01-30T05:14:25.154+0000] {dag.py:3823} INFO - Setting next_dagrun for spark_sgp4_streaming to None, run_after=None
[2026-01-30T05:14:25.176+0000] {processor.py:183} INFO - Processing /opt/airflow/dags/airflow_dag_spark_streaming.py took 0.088 seconds
[2026-01-30T05:14:55.927+0000] {processor.py:161} INFO - Started process (PID=1042) to work on /opt/airflow/dags/airflow_dag_spark_streaming.py
[2026-01-30T05:14:55.928+0000] {processor.py:830} INFO - Processing file /opt/airflow/dags/airflow_dag_spark_streaming.py for tasks to queue
[2026-01-30T05:14:55.929+0000] {logging_mixin.py:188} INFO - [2026-01-30T05:14:55.928+0000] {dagbag.py:538} INFO - Filling up the DagBag from /opt/airflow/dags/airflow_dag_spark_streaming.py
[2026-01-30T05:14:55.941+0000] {processor.py:840} INFO - DAG(s) 'spark_sgp4_streaming' retrieved from /opt/airflow/dags/airflow_dag_spark_streaming.py
[2026-01-30T05:14:55.975+0000] {logging_mixin.py:188} INFO - [2026-01-30T05:14:55.974+0000] {dag.py:3036} INFO - Sync 1 DAGs
[2026-01-30T05:14:55.991+0000] {logging_mixin.py:188} INFO - [2026-01-30T05:14:55.991+0000] {dag.py:3823} INFO - Setting next_dagrun for spark_sgp4_streaming to None, run_after=None
[2026-01-30T05:14:56.011+0000] {processor.py:183} INFO - Processing /opt/airflow/dags/airflow_dag_spark_streaming.py took 0.088 seconds
[2026-01-30T05:15:26.159+0000] {processor.py:161} INFO - Started process (PID=1052) to work on /opt/airflow/dags/airflow_dag_spark_streaming.py
[2026-01-30T05:15:26.160+0000] {processor.py:830} INFO - Processing file /opt/airflow/dags/airflow_dag_spark_streaming.py for tasks to queue
[2026-01-30T05:15:26.161+0000] {logging_mixin.py:188} INFO - [2026-01-30T05:15:26.161+0000] {dagbag.py:538} INFO - Filling up the DagBag from /opt/airflow/dags/airflow_dag_spark_streaming.py
[2026-01-30T05:15:26.172+0000] {processor.py:840} INFO - DAG(s) 'spark_sgp4_streaming' retrieved from /opt/airflow/dags/airflow_dag_spark_streaming.py
[2026-01-30T05:15:26.206+0000] {logging_mixin.py:188} INFO - [2026-01-30T05:15:26.206+0000] {dag.py:3036} INFO - Sync 1 DAGs
[2026-01-30T05:15:26.224+0000] {logging_mixin.py:188} INFO - [2026-01-30T05:15:26.223+0000] {dag.py:3823} INFO - Setting next_dagrun for spark_sgp4_streaming to None, run_after=None
[2026-01-30T05:15:26.247+0000] {processor.py:183} INFO - Processing /opt/airflow/dags/airflow_dag_spark_streaming.py took 0.091 seconds
[2026-01-30T05:15:56.389+0000] {processor.py:161} INFO - Started process (PID=1062) to work on /opt/airflow/dags/airflow_dag_spark_streaming.py
[2026-01-30T05:15:56.390+0000] {processor.py:830} INFO - Processing file /opt/airflow/dags/airflow_dag_spark_streaming.py for tasks to queue
[2026-01-30T05:15:56.391+0000] {logging_mixin.py:188} INFO - [2026-01-30T05:15:56.391+0000] {dagbag.py:538} INFO - Filling up the DagBag from /opt/airflow/dags/airflow_dag_spark_streaming.py
[2026-01-30T05:15:56.402+0000] {processor.py:840} INFO - DAG(s) 'spark_sgp4_streaming' retrieved from /opt/airflow/dags/airflow_dag_spark_streaming.py
[2026-01-30T05:15:56.435+0000] {logging_mixin.py:188} INFO - [2026-01-30T05:15:56.435+0000] {dag.py:3036} INFO - Sync 1 DAGs
[2026-01-30T05:15:56.457+0000] {logging_mixin.py:188} INFO - [2026-01-30T05:15:56.457+0000] {dag.py:3823} INFO - Setting next_dagrun for spark_sgp4_streaming to None, run_after=None
[2026-01-30T05:15:56.479+0000] {processor.py:183} INFO - Processing /opt/airflow/dags/airflow_dag_spark_streaming.py took 0.094 seconds
[2026-01-30T05:16:26.635+0000] {processor.py:161} INFO - Started process (PID=1072) to work on /opt/airflow/dags/airflow_dag_spark_streaming.py
[2026-01-30T05:16:26.636+0000] {processor.py:830} INFO - Processing file /opt/airflow/dags/airflow_dag_spark_streaming.py for tasks to queue
[2026-01-30T05:16:26.637+0000] {logging_mixin.py:188} INFO - [2026-01-30T05:16:26.636+0000] {dagbag.py:538} INFO - Filling up the DagBag from /opt/airflow/dags/airflow_dag_spark_streaming.py
[2026-01-30T05:16:26.650+0000] {processor.py:840} INFO - DAG(s) 'spark_sgp4_streaming' retrieved from /opt/airflow/dags/airflow_dag_spark_streaming.py
[2026-01-30T05:16:26.688+0000] {logging_mixin.py:188} INFO - [2026-01-30T05:16:26.688+0000] {dag.py:3036} INFO - Sync 1 DAGs
[2026-01-30T05:16:26.708+0000] {logging_mixin.py:188} INFO - [2026-01-30T05:16:26.707+0000] {dag.py:3823} INFO - Setting next_dagrun for spark_sgp4_streaming to None, run_after=None
[2026-01-30T05:16:26.730+0000] {processor.py:183} INFO - Processing /opt/airflow/dags/airflow_dag_spark_streaming.py took 0.100 seconds
[2026-01-30T05:16:56.880+0000] {processor.py:161} INFO - Started process (PID=1082) to work on /opt/airflow/dags/airflow_dag_spark_streaming.py
[2026-01-30T05:16:56.882+0000] {processor.py:830} INFO - Processing file /opt/airflow/dags/airflow_dag_spark_streaming.py for tasks to queue
[2026-01-30T05:16:56.883+0000] {logging_mixin.py:188} INFO - [2026-01-30T05:16:56.883+0000] {dagbag.py:538} INFO - Filling up the DagBag from /opt/airflow/dags/airflow_dag_spark_streaming.py
[2026-01-30T05:16:56.895+0000] {processor.py:840} INFO - DAG(s) 'spark_sgp4_streaming' retrieved from /opt/airflow/dags/airflow_dag_spark_streaming.py
[2026-01-30T05:16:56.929+0000] {logging_mixin.py:188} INFO - [2026-01-30T05:16:56.928+0000] {dag.py:3036} INFO - Sync 1 DAGs
[2026-01-30T05:16:56.947+0000] {logging_mixin.py:188} INFO - [2026-01-30T05:16:56.947+0000] {dag.py:3823} INFO - Setting next_dagrun for spark_sgp4_streaming to None, run_after=None
[2026-01-30T05:16:56.966+0000] {processor.py:183} INFO - Processing /opt/airflow/dags/airflow_dag_spark_streaming.py took 0.090 seconds
[2026-01-30T05:17:27.159+0000] {processor.py:161} INFO - Started process (PID=1092) to work on /opt/airflow/dags/airflow_dag_spark_streaming.py
[2026-01-30T05:17:27.160+0000] {processor.py:830} INFO - Processing file /opt/airflow/dags/airflow_dag_spark_streaming.py for tasks to queue
[2026-01-30T05:17:27.162+0000] {logging_mixin.py:188} INFO - [2026-01-30T05:17:27.161+0000] {dagbag.py:538} INFO - Filling up the DagBag from /opt/airflow/dags/airflow_dag_spark_streaming.py
[2026-01-30T05:17:27.178+0000] {processor.py:840} INFO - DAG(s) 'spark_sgp4_streaming' retrieved from /opt/airflow/dags/airflow_dag_spark_streaming.py
[2026-01-30T05:17:27.226+0000] {logging_mixin.py:188} INFO - [2026-01-30T05:17:27.226+0000] {dag.py:3036} INFO - Sync 1 DAGs
[2026-01-30T05:17:27.252+0000] {logging_mixin.py:188} INFO - [2026-01-30T05:17:27.252+0000] {dag.py:3823} INFO - Setting next_dagrun for spark_sgp4_streaming to None, run_after=None
[2026-01-30T05:17:27.278+0000] {processor.py:183} INFO - Processing /opt/airflow/dags/airflow_dag_spark_streaming.py took 0.125 seconds
[2026-01-30T05:17:57.449+0000] {processor.py:161} INFO - Started process (PID=1102) to work on /opt/airflow/dags/airflow_dag_spark_streaming.py
[2026-01-30T05:17:57.452+0000] {processor.py:830} INFO - Processing file /opt/airflow/dags/airflow_dag_spark_streaming.py for tasks to queue
[2026-01-30T05:17:57.453+0000] {logging_mixin.py:188} INFO - [2026-01-30T05:17:57.453+0000] {dagbag.py:538} INFO - Filling up the DagBag from /opt/airflow/dags/airflow_dag_spark_streaming.py
[2026-01-30T05:17:57.464+0000] {processor.py:840} INFO - DAG(s) 'spark_sgp4_streaming' retrieved from /opt/airflow/dags/airflow_dag_spark_streaming.py
[2026-01-30T05:17:57.496+0000] {logging_mixin.py:188} INFO - [2026-01-30T05:17:57.496+0000] {dag.py:3036} INFO - Sync 1 DAGs
[2026-01-30T05:17:57.512+0000] {logging_mixin.py:188} INFO - [2026-01-30T05:17:57.512+0000] {dag.py:3823} INFO - Setting next_dagrun for spark_sgp4_streaming to None, run_after=None
[2026-01-30T05:17:57.532+0000] {processor.py:183} INFO - Processing /opt/airflow/dags/airflow_dag_spark_streaming.py took 0.087 seconds
[2026-01-30T05:18:27.684+0000] {processor.py:161} INFO - Started process (PID=1112) to work on /opt/airflow/dags/airflow_dag_spark_streaming.py
[2026-01-30T05:18:27.686+0000] {processor.py:830} INFO - Processing file /opt/airflow/dags/airflow_dag_spark_streaming.py for tasks to queue
[2026-01-30T05:18:27.687+0000] {logging_mixin.py:188} INFO - [2026-01-30T05:18:27.687+0000] {dagbag.py:538} INFO - Filling up the DagBag from /opt/airflow/dags/airflow_dag_spark_streaming.py
[2026-01-30T05:18:27.699+0000] {processor.py:840} INFO - DAG(s) 'spark_sgp4_streaming' retrieved from /opt/airflow/dags/airflow_dag_spark_streaming.py
[2026-01-30T05:18:27.735+0000] {logging_mixin.py:188} INFO - [2026-01-30T05:18:27.734+0000] {dag.py:3036} INFO - Sync 1 DAGs
[2026-01-30T05:18:27.753+0000] {logging_mixin.py:188} INFO - [2026-01-30T05:18:27.753+0000] {dag.py:3823} INFO - Setting next_dagrun for spark_sgp4_streaming to None, run_after=None
[2026-01-30T05:18:27.775+0000] {processor.py:183} INFO - Processing /opt/airflow/dags/airflow_dag_spark_streaming.py took 0.096 seconds
[2026-01-30T05:18:57.917+0000] {processor.py:161} INFO - Started process (PID=1122) to work on /opt/airflow/dags/airflow_dag_spark_streaming.py
[2026-01-30T05:18:57.918+0000] {processor.py:830} INFO - Processing file /opt/airflow/dags/airflow_dag_spark_streaming.py for tasks to queue
[2026-01-30T05:18:57.919+0000] {logging_mixin.py:188} INFO - [2026-01-30T05:18:57.919+0000] {dagbag.py:538} INFO - Filling up the DagBag from /opt/airflow/dags/airflow_dag_spark_streaming.py
[2026-01-30T05:18:57.933+0000] {processor.py:840} INFO - DAG(s) 'spark_sgp4_streaming' retrieved from /opt/airflow/dags/airflow_dag_spark_streaming.py
[2026-01-30T05:18:57.976+0000] {logging_mixin.py:188} INFO - [2026-01-30T05:18:57.976+0000] {dag.py:3036} INFO - Sync 1 DAGs
[2026-01-30T05:18:57.995+0000] {logging_mixin.py:188} INFO - [2026-01-30T05:18:57.994+0000] {dag.py:3823} INFO - Setting next_dagrun for spark_sgp4_streaming to None, run_after=None
[2026-01-30T05:18:58.018+0000] {processor.py:183} INFO - Processing /opt/airflow/dags/airflow_dag_spark_streaming.py took 0.108 seconds
[2026-01-30T05:19:28.175+0000] {processor.py:161} INFO - Started process (PID=1132) to work on /opt/airflow/dags/airflow_dag_spark_streaming.py
[2026-01-30T05:19:28.176+0000] {processor.py:830} INFO - Processing file /opt/airflow/dags/airflow_dag_spark_streaming.py for tasks to queue
[2026-01-30T05:19:28.177+0000] {logging_mixin.py:188} INFO - [2026-01-30T05:19:28.176+0000] {dagbag.py:538} INFO - Filling up the DagBag from /opt/airflow/dags/airflow_dag_spark_streaming.py
[2026-01-30T05:19:28.192+0000] {processor.py:840} INFO - DAG(s) 'spark_sgp4_streaming' retrieved from /opt/airflow/dags/airflow_dag_spark_streaming.py
[2026-01-30T05:19:28.229+0000] {logging_mixin.py:188} INFO - [2026-01-30T05:19:28.229+0000] {dag.py:3036} INFO - Sync 1 DAGs
[2026-01-30T05:19:28.250+0000] {logging_mixin.py:188} INFO - [2026-01-30T05:19:28.250+0000] {dag.py:3823} INFO - Setting next_dagrun for spark_sgp4_streaming to None, run_after=None
[2026-01-30T05:19:28.274+0000] {processor.py:183} INFO - Processing /opt/airflow/dags/airflow_dag_spark_streaming.py took 0.103 seconds
[2026-01-30T05:20:17.195+0000] {processor.py:161} INFO - Started process (PID=1142) to work on /opt/airflow/dags/airflow_dag_spark_streaming.py
[2026-01-30T05:20:17.198+0000] {processor.py:830} INFO - Processing file /opt/airflow/dags/airflow_dag_spark_streaming.py for tasks to queue
[2026-01-30T05:20:17.200+0000] {logging_mixin.py:188} INFO - [2026-01-30T05:20:17.199+0000] {dagbag.py:538} INFO - Filling up the DagBag from /opt/airflow/dags/airflow_dag_spark_streaming.py
[2026-01-30T05:20:17.216+0000] {processor.py:840} INFO - DAG(s) 'spark_sgp4_streaming' retrieved from /opt/airflow/dags/airflow_dag_spark_streaming.py
[2026-01-30T05:20:17.254+0000] {logging_mixin.py:188} INFO - [2026-01-30T05:20:17.254+0000] {dag.py:3036} INFO - Sync 1 DAGs
[2026-01-30T05:20:17.271+0000] {logging_mixin.py:188} INFO - [2026-01-30T05:20:17.271+0000] {dag.py:3823} INFO - Setting next_dagrun for spark_sgp4_streaming to None, run_after=None
[2026-01-30T05:20:17.291+0000] {processor.py:183} INFO - Processing /opt/airflow/dags/airflow_dag_spark_streaming.py took 0.101 seconds
[2026-01-30T05:20:47.440+0000] {processor.py:161} INFO - Started process (PID=1154) to work on /opt/airflow/dags/airflow_dag_spark_streaming.py
[2026-01-30T05:20:47.443+0000] {processor.py:830} INFO - Processing file /opt/airflow/dags/airflow_dag_spark_streaming.py for tasks to queue
[2026-01-30T05:20:47.444+0000] {logging_mixin.py:188} INFO - [2026-01-30T05:20:47.444+0000] {dagbag.py:538} INFO - Filling up the DagBag from /opt/airflow/dags/airflow_dag_spark_streaming.py
[2026-01-30T05:20:47.453+0000] {processor.py:840} INFO - DAG(s) 'spark_sgp4_streaming' retrieved from /opt/airflow/dags/airflow_dag_spark_streaming.py
[2026-01-30T05:20:47.481+0000] {logging_mixin.py:188} INFO - [2026-01-30T05:20:47.481+0000] {dag.py:3036} INFO - Sync 1 DAGs
[2026-01-30T05:20:47.494+0000] {logging_mixin.py:188} INFO - [2026-01-30T05:20:47.494+0000] {dag.py:3823} INFO - Setting next_dagrun for spark_sgp4_streaming to None, run_after=None
[2026-01-30T05:20:47.511+0000] {processor.py:183} INFO - Processing /opt/airflow/dags/airflow_dag_spark_streaming.py took 0.074 seconds
[2026-01-30T05:21:17.644+0000] {processor.py:161} INFO - Started process (PID=1164) to work on /opt/airflow/dags/airflow_dag_spark_streaming.py
[2026-01-30T05:21:17.646+0000] {processor.py:830} INFO - Processing file /opt/airflow/dags/airflow_dag_spark_streaming.py for tasks to queue
[2026-01-30T05:21:17.647+0000] {logging_mixin.py:188} INFO - [2026-01-30T05:21:17.646+0000] {dagbag.py:538} INFO - Filling up the DagBag from /opt/airflow/dags/airflow_dag_spark_streaming.py
[2026-01-30T05:21:17.657+0000] {processor.py:840} INFO - DAG(s) 'spark_sgp4_streaming' retrieved from /opt/airflow/dags/airflow_dag_spark_streaming.py
[2026-01-30T05:21:17.685+0000] {logging_mixin.py:188} INFO - [2026-01-30T05:21:17.685+0000] {dag.py:3036} INFO - Sync 1 DAGs
[2026-01-30T05:21:17.699+0000] {logging_mixin.py:188} INFO - [2026-01-30T05:21:17.698+0000] {dag.py:3823} INFO - Setting next_dagrun for spark_sgp4_streaming to None, run_after=None
[2026-01-30T05:21:17.714+0000] {processor.py:183} INFO - Processing /opt/airflow/dags/airflow_dag_spark_streaming.py took 0.074 seconds
[2026-01-30T05:21:47.843+0000] {processor.py:161} INFO - Started process (PID=1174) to work on /opt/airflow/dags/airflow_dag_spark_streaming.py
[2026-01-30T05:21:47.846+0000] {processor.py:830} INFO - Processing file /opt/airflow/dags/airflow_dag_spark_streaming.py for tasks to queue
[2026-01-30T05:21:47.847+0000] {logging_mixin.py:188} INFO - [2026-01-30T05:21:47.847+0000] {dagbag.py:538} INFO - Filling up the DagBag from /opt/airflow/dags/airflow_dag_spark_streaming.py
[2026-01-30T05:21:47.856+0000] {processor.py:840} INFO - DAG(s) 'spark_sgp4_streaming' retrieved from /opt/airflow/dags/airflow_dag_spark_streaming.py
[2026-01-30T05:21:47.883+0000] {logging_mixin.py:188} INFO - [2026-01-30T05:21:47.883+0000] {dag.py:3036} INFO - Sync 1 DAGs
[2026-01-30T05:21:47.897+0000] {logging_mixin.py:188} INFO - [2026-01-30T05:21:47.897+0000] {dag.py:3823} INFO - Setting next_dagrun for spark_sgp4_streaming to None, run_after=None
[2026-01-30T05:21:47.913+0000] {processor.py:183} INFO - Processing /opt/airflow/dags/airflow_dag_spark_streaming.py took 0.072 seconds
[2026-01-30T05:22:18.069+0000] {processor.py:161} INFO - Started process (PID=1184) to work on /opt/airflow/dags/airflow_dag_spark_streaming.py
[2026-01-30T05:22:18.069+0000] {processor.py:830} INFO - Processing file /opt/airflow/dags/airflow_dag_spark_streaming.py for tasks to queue
[2026-01-30T05:22:18.071+0000] {logging_mixin.py:188} INFO - [2026-01-30T05:22:18.070+0000] {dagbag.py:538} INFO - Filling up the DagBag from /opt/airflow/dags/airflow_dag_spark_streaming.py
[2026-01-30T05:22:18.083+0000] {processor.py:840} INFO - DAG(s) 'spark_sgp4_streaming' retrieved from /opt/airflow/dags/airflow_dag_spark_streaming.py
[2026-01-30T05:22:18.121+0000] {logging_mixin.py:188} INFO - [2026-01-30T05:22:18.121+0000] {dag.py:3036} INFO - Sync 1 DAGs
[2026-01-30T05:22:18.142+0000] {logging_mixin.py:188} INFO - [2026-01-30T05:22:18.142+0000] {dag.py:3823} INFO - Setting next_dagrun for spark_sgp4_streaming to None, run_after=None
[2026-01-30T05:22:18.169+0000] {processor.py:183} INFO - Processing /opt/airflow/dags/airflow_dag_spark_streaming.py took 0.104 seconds
[2026-01-30T05:31:08.205+0000] {processor.py:161} INFO - Started process (PID=1194) to work on /opt/airflow/dags/airflow_dag_spark_streaming.py
[2026-01-30T05:31:08.206+0000] {processor.py:830} INFO - Processing file /opt/airflow/dags/airflow_dag_spark_streaming.py for tasks to queue
[2026-01-30T05:31:08.207+0000] {logging_mixin.py:188} INFO - [2026-01-30T05:31:08.207+0000] {dagbag.py:538} INFO - Filling up the DagBag from /opt/airflow/dags/airflow_dag_spark_streaming.py
[2026-01-30T05:31:08.221+0000] {processor.py:840} INFO - DAG(s) 'spark_sgp4_streaming' retrieved from /opt/airflow/dags/airflow_dag_spark_streaming.py
[2026-01-30T05:31:08.254+0000] {logging_mixin.py:188} INFO - [2026-01-30T05:31:08.254+0000] {dag.py:3036} INFO - Sync 1 DAGs
[2026-01-30T05:31:08.271+0000] {logging_mixin.py:188} INFO - [2026-01-30T05:31:08.270+0000] {dag.py:3823} INFO - Setting next_dagrun for spark_sgp4_streaming to None, run_after=None
[2026-01-30T05:31:08.293+0000] {processor.py:183} INFO - Processing /opt/airflow/dags/airflow_dag_spark_streaming.py took 0.091 seconds
[2026-01-30T06:40:04.218+0000] {processor.py:161} INFO - Started process (PID=1206) to work on /opt/airflow/dags/airflow_dag_spark_streaming.py
[2026-01-30T06:40:04.219+0000] {processor.py:830} INFO - Processing file /opt/airflow/dags/airflow_dag_spark_streaming.py for tasks to queue
[2026-01-30T06:40:04.220+0000] {logging_mixin.py:188} INFO - [2026-01-30T06:40:04.219+0000] {dagbag.py:538} INFO - Filling up the DagBag from /opt/airflow/dags/airflow_dag_spark_streaming.py
[2026-01-30T06:40:04.234+0000] {processor.py:840} INFO - DAG(s) 'spark_sgp4_streaming' retrieved from /opt/airflow/dags/airflow_dag_spark_streaming.py
[2026-01-30T06:40:04.277+0000] {logging_mixin.py:188} INFO - [2026-01-30T06:40:04.276+0000] {dag.py:3036} INFO - Sync 1 DAGs
[2026-01-30T06:40:04.294+0000] {logging_mixin.py:188} INFO - [2026-01-30T06:40:04.294+0000] {dag.py:3823} INFO - Setting next_dagrun for spark_sgp4_streaming to None, run_after=None
[2026-01-30T06:40:04.315+0000] {processor.py:183} INFO - Processing /opt/airflow/dags/airflow_dag_spark_streaming.py took 0.101 seconds
[2026-01-30T06:40:34.446+0000] {processor.py:161} INFO - Started process (PID=1218) to work on /opt/airflow/dags/airflow_dag_spark_streaming.py
[2026-01-30T06:40:34.447+0000] {processor.py:830} INFO - Processing file /opt/airflow/dags/airflow_dag_spark_streaming.py for tasks to queue
[2026-01-30T06:40:34.448+0000] {logging_mixin.py:188} INFO - [2026-01-30T06:40:34.447+0000] {dagbag.py:538} INFO - Filling up the DagBag from /opt/airflow/dags/airflow_dag_spark_streaming.py
[2026-01-30T06:40:34.460+0000] {processor.py:840} INFO - DAG(s) 'spark_sgp4_streaming' retrieved from /opt/airflow/dags/airflow_dag_spark_streaming.py
[2026-01-30T06:40:34.494+0000] {logging_mixin.py:188} INFO - [2026-01-30T06:40:34.494+0000] {dag.py:3036} INFO - Sync 1 DAGs
[2026-01-30T06:40:34.508+0000] {logging_mixin.py:188} INFO - [2026-01-30T06:40:34.508+0000] {dag.py:3823} INFO - Setting next_dagrun for spark_sgp4_streaming to None, run_after=None
[2026-01-30T06:40:34.524+0000] {processor.py:183} INFO - Processing /opt/airflow/dags/airflow_dag_spark_streaming.py took 0.083 seconds
[2026-01-30T06:55:19.186+0000] {processor.py:161} INFO - Started process (PID=1228) to work on /opt/airflow/dags/airflow_dag_spark_streaming.py
[2026-01-30T06:55:19.187+0000] {processor.py:830} INFO - Processing file /opt/airflow/dags/airflow_dag_spark_streaming.py for tasks to queue
[2026-01-30T06:55:19.188+0000] {logging_mixin.py:188} INFO - [2026-01-30T06:55:19.187+0000] {dagbag.py:538} INFO - Filling up the DagBag from /opt/airflow/dags/airflow_dag_spark_streaming.py
[2026-01-30T06:55:19.204+0000] {processor.py:840} INFO - DAG(s) 'spark_sgp4_streaming' retrieved from /opt/airflow/dags/airflow_dag_spark_streaming.py
[2026-01-30T06:55:19.244+0000] {logging_mixin.py:188} INFO - [2026-01-30T06:55:19.244+0000] {dag.py:3036} INFO - Sync 1 DAGs
[2026-01-30T06:55:19.265+0000] {logging_mixin.py:188} INFO - [2026-01-30T06:55:19.265+0000] {dag.py:3823} INFO - Setting next_dagrun for spark_sgp4_streaming to None, run_after=None
[2026-01-30T06:55:19.294+0000] {processor.py:183} INFO - Processing /opt/airflow/dags/airflow_dag_spark_streaming.py took 0.112 seconds
[2026-01-30T06:55:49.430+0000] {processor.py:161} INFO - Started process (PID=1240) to work on /opt/airflow/dags/airflow_dag_spark_streaming.py
[2026-01-30T06:55:49.432+0000] {processor.py:830} INFO - Processing file /opt/airflow/dags/airflow_dag_spark_streaming.py for tasks to queue
[2026-01-30T06:55:49.432+0000] {logging_mixin.py:188} INFO - [2026-01-30T06:55:49.432+0000] {dagbag.py:538} INFO - Filling up the DagBag from /opt/airflow/dags/airflow_dag_spark_streaming.py
[2026-01-30T06:55:49.445+0000] {processor.py:840} INFO - DAG(s) 'spark_sgp4_streaming' retrieved from /opt/airflow/dags/airflow_dag_spark_streaming.py
[2026-01-30T06:55:49.474+0000] {logging_mixin.py:188} INFO - [2026-01-30T06:55:49.474+0000] {dag.py:3036} INFO - Sync 1 DAGs
[2026-01-30T06:55:49.488+0000] {logging_mixin.py:188} INFO - [2026-01-30T06:55:49.488+0000] {dag.py:3823} INFO - Setting next_dagrun for spark_sgp4_streaming to None, run_after=None
[2026-01-30T06:55:49.504+0000] {processor.py:183} INFO - Processing /opt/airflow/dags/airflow_dag_spark_streaming.py took 0.078 seconds
[2026-01-30T06:56:19.641+0000] {processor.py:161} INFO - Started process (PID=1250) to work on /opt/airflow/dags/airflow_dag_spark_streaming.py
[2026-01-30T06:56:19.644+0000] {processor.py:830} INFO - Processing file /opt/airflow/dags/airflow_dag_spark_streaming.py for tasks to queue
[2026-01-30T06:56:19.645+0000] {logging_mixin.py:188} INFO - [2026-01-30T06:56:19.644+0000] {dagbag.py:538} INFO - Filling up the DagBag from /opt/airflow/dags/airflow_dag_spark_streaming.py
[2026-01-30T06:56:19.660+0000] {processor.py:840} INFO - DAG(s) 'spark_sgp4_streaming' retrieved from /opt/airflow/dags/airflow_dag_spark_streaming.py
[2026-01-30T06:56:19.696+0000] {logging_mixin.py:188} INFO - [2026-01-30T06:56:19.696+0000] {dag.py:3036} INFO - Sync 1 DAGs
[2026-01-30T06:56:19.713+0000] {logging_mixin.py:188} INFO - [2026-01-30T06:56:19.713+0000] {dag.py:3823} INFO - Setting next_dagrun for spark_sgp4_streaming to None, run_after=None
[2026-01-30T06:56:19.732+0000] {processor.py:183} INFO - Processing /opt/airflow/dags/airflow_dag_spark_streaming.py took 0.095 seconds
[2026-01-30T06:56:49.879+0000] {processor.py:161} INFO - Started process (PID=1260) to work on /opt/airflow/dags/airflow_dag_spark_streaming.py
[2026-01-30T06:56:49.881+0000] {processor.py:830} INFO - Processing file /opt/airflow/dags/airflow_dag_spark_streaming.py for tasks to queue
[2026-01-30T06:56:49.882+0000] {logging_mixin.py:188} INFO - [2026-01-30T06:56:49.882+0000] {dagbag.py:538} INFO - Filling up the DagBag from /opt/airflow/dags/airflow_dag_spark_streaming.py
[2026-01-30T06:56:49.894+0000] {processor.py:840} INFO - DAG(s) 'spark_sgp4_streaming' retrieved from /opt/airflow/dags/airflow_dag_spark_streaming.py
[2026-01-30T06:56:49.925+0000] {logging_mixin.py:188} INFO - [2026-01-30T06:56:49.925+0000] {dag.py:3036} INFO - Sync 1 DAGs
[2026-01-30T06:56:49.939+0000] {logging_mixin.py:188} INFO - [2026-01-30T06:56:49.939+0000] {dag.py:3823} INFO - Setting next_dagrun for spark_sgp4_streaming to None, run_after=None
[2026-01-30T06:56:49.955+0000] {processor.py:183} INFO - Processing /opt/airflow/dags/airflow_dag_spark_streaming.py took 0.080 seconds
[2026-01-30T06:57:20.701+0000] {processor.py:161} INFO - Started process (PID=1270) to work on /opt/airflow/dags/airflow_dag_spark_streaming.py
[2026-01-30T06:57:20.703+0000] {processor.py:830} INFO - Processing file /opt/airflow/dags/airflow_dag_spark_streaming.py for tasks to queue
[2026-01-30T06:57:20.704+0000] {logging_mixin.py:188} INFO - [2026-01-30T06:57:20.703+0000] {dagbag.py:538} INFO - Filling up the DagBag from /opt/airflow/dags/airflow_dag_spark_streaming.py
[2026-01-30T06:57:20.714+0000] {processor.py:840} INFO - DAG(s) 'spark_sgp4_streaming' retrieved from /opt/airflow/dags/airflow_dag_spark_streaming.py
[2026-01-30T06:57:20.745+0000] {logging_mixin.py:188} INFO - [2026-01-30T06:57:20.744+0000] {dag.py:3036} INFO - Sync 1 DAGs
[2026-01-30T06:57:20.759+0000] {logging_mixin.py:188} INFO - [2026-01-30T06:57:20.759+0000] {dag.py:3823} INFO - Setting next_dagrun for spark_sgp4_streaming to None, run_after=None
[2026-01-30T06:57:20.776+0000] {processor.py:183} INFO - Processing /opt/airflow/dags/airflow_dag_spark_streaming.py took 0.078 seconds
[2026-01-30T06:57:50.916+0000] {processor.py:161} INFO - Started process (PID=1280) to work on /opt/airflow/dags/airflow_dag_spark_streaming.py
[2026-01-30T06:57:50.918+0000] {processor.py:830} INFO - Processing file /opt/airflow/dags/airflow_dag_spark_streaming.py for tasks to queue
[2026-01-30T06:57:50.920+0000] {logging_mixin.py:188} INFO - [2026-01-30T06:57:50.919+0000] {dagbag.py:538} INFO - Filling up the DagBag from /opt/airflow/dags/airflow_dag_spark_streaming.py
[2026-01-30T06:57:50.929+0000] {processor.py:840} INFO - DAG(s) 'spark_sgp4_streaming' retrieved from /opt/airflow/dags/airflow_dag_spark_streaming.py
[2026-01-30T06:57:50.957+0000] {logging_mixin.py:188} INFO - [2026-01-30T06:57:50.957+0000] {dag.py:3036} INFO - Sync 1 DAGs
[2026-01-30T06:57:50.970+0000] {logging_mixin.py:188} INFO - [2026-01-30T06:57:50.970+0000] {dag.py:3823} INFO - Setting next_dagrun for spark_sgp4_streaming to None, run_after=None
[2026-01-30T06:57:50.986+0000] {processor.py:183} INFO - Processing /opt/airflow/dags/airflow_dag_spark_streaming.py took 0.073 seconds
[2026-01-30T06:58:21.125+0000] {processor.py:161} INFO - Started process (PID=1290) to work on /opt/airflow/dags/airflow_dag_spark_streaming.py
[2026-01-30T06:58:21.127+0000] {processor.py:830} INFO - Processing file /opt/airflow/dags/airflow_dag_spark_streaming.py for tasks to queue
[2026-01-30T06:58:21.128+0000] {logging_mixin.py:188} INFO - [2026-01-30T06:58:21.128+0000] {dagbag.py:538} INFO - Filling up the DagBag from /opt/airflow/dags/airflow_dag_spark_streaming.py
[2026-01-30T06:58:21.138+0000] {processor.py:840} INFO - DAG(s) 'spark_sgp4_streaming' retrieved from /opt/airflow/dags/airflow_dag_spark_streaming.py
[2026-01-30T06:58:21.172+0000] {logging_mixin.py:188} INFO - [2026-01-30T06:58:21.172+0000] {dag.py:3036} INFO - Sync 1 DAGs
[2026-01-30T06:58:21.185+0000] {logging_mixin.py:188} INFO - [2026-01-30T06:58:21.185+0000] {dag.py:3823} INFO - Setting next_dagrun for spark_sgp4_streaming to None, run_after=None
[2026-01-30T06:58:21.203+0000] {processor.py:183} INFO - Processing /opt/airflow/dags/airflow_dag_spark_streaming.py took 0.080 seconds
[2026-01-30T06:58:51.343+0000] {processor.py:161} INFO - Started process (PID=1300) to work on /opt/airflow/dags/airflow_dag_spark_streaming.py
[2026-01-30T06:58:51.344+0000] {processor.py:830} INFO - Processing file /opt/airflow/dags/airflow_dag_spark_streaming.py for tasks to queue
[2026-01-30T06:58:51.345+0000] {logging_mixin.py:188} INFO - [2026-01-30T06:58:51.345+0000] {dagbag.py:538} INFO - Filling up the DagBag from /opt/airflow/dags/airflow_dag_spark_streaming.py
[2026-01-30T06:58:51.355+0000] {processor.py:840} INFO - DAG(s) 'spark_sgp4_streaming' retrieved from /opt/airflow/dags/airflow_dag_spark_streaming.py
[2026-01-30T06:58:51.387+0000] {logging_mixin.py:188} INFO - [2026-01-30T06:58:51.386+0000] {dag.py:3036} INFO - Sync 1 DAGs
[2026-01-30T06:58:51.402+0000] {logging_mixin.py:188} INFO - [2026-01-30T06:58:51.402+0000] {dag.py:3823} INFO - Setting next_dagrun for spark_sgp4_streaming to None, run_after=None
[2026-01-30T06:58:51.420+0000] {processor.py:183} INFO - Processing /opt/airflow/dags/airflow_dag_spark_streaming.py took 0.079 seconds
[2026-01-30T06:59:21.574+0000] {processor.py:161} INFO - Started process (PID=1310) to work on /opt/airflow/dags/airflow_dag_spark_streaming.py
[2026-01-30T06:59:21.576+0000] {processor.py:830} INFO - Processing file /opt/airflow/dags/airflow_dag_spark_streaming.py for tasks to queue
[2026-01-30T06:59:21.577+0000] {logging_mixin.py:188} INFO - [2026-01-30T06:59:21.577+0000] {dagbag.py:538} INFO - Filling up the DagBag from /opt/airflow/dags/airflow_dag_spark_streaming.py
[2026-01-30T06:59:21.599+0000] {processor.py:840} INFO - DAG(s) 'spark_sgp4_streaming' retrieved from /opt/airflow/dags/airflow_dag_spark_streaming.py
[2026-01-30T06:59:21.658+0000] {logging_mixin.py:188} INFO - [2026-01-30T06:59:21.657+0000] {dag.py:3036} INFO - Sync 1 DAGs
[2026-01-30T06:59:21.685+0000] {logging_mixin.py:188} INFO - [2026-01-30T06:59:21.685+0000] {dag.py:3823} INFO - Setting next_dagrun for spark_sgp4_streaming to None, run_after=None
[2026-01-30T06:59:21.721+0000] {processor.py:183} INFO - Processing /opt/airflow/dags/airflow_dag_spark_streaming.py took 0.153 seconds
[2026-01-30T06:59:51.927+0000] {processor.py:161} INFO - Started process (PID=1320) to work on /opt/airflow/dags/airflow_dag_spark_streaming.py
[2026-01-30T06:59:51.928+0000] {processor.py:830} INFO - Processing file /opt/airflow/dags/airflow_dag_spark_streaming.py for tasks to queue
[2026-01-30T06:59:51.930+0000] {logging_mixin.py:188} INFO - [2026-01-30T06:59:51.929+0000] {dagbag.py:538} INFO - Filling up the DagBag from /opt/airflow/dags/airflow_dag_spark_streaming.py
[2026-01-30T06:59:51.951+0000] {processor.py:840} INFO - DAG(s) 'spark_sgp4_streaming' retrieved from /opt/airflow/dags/airflow_dag_spark_streaming.py
[2026-01-30T06:59:52.011+0000] {logging_mixin.py:188} INFO - [2026-01-30T06:59:52.011+0000] {dag.py:3036} INFO - Sync 1 DAGs
[2026-01-30T06:59:52.039+0000] {logging_mixin.py:188} INFO - [2026-01-30T06:59:52.038+0000] {dag.py:3823} INFO - Setting next_dagrun for spark_sgp4_streaming to None, run_after=None
[2026-01-30T06:59:52.075+0000] {processor.py:183} INFO - Processing /opt/airflow/dags/airflow_dag_spark_streaming.py took 0.155 seconds
[2026-01-30T07:00:49.216+0000] {processor.py:161} INFO - Started process (PID=1330) to work on /opt/airflow/dags/airflow_dag_spark_streaming.py
[2026-01-30T07:00:49.231+0000] {processor.py:830} INFO - Processing file /opt/airflow/dags/airflow_dag_spark_streaming.py for tasks to queue
[2026-01-30T07:00:49.233+0000] {logging_mixin.py:188} INFO - [2026-01-30T07:00:49.232+0000] {dagbag.py:538} INFO - Filling up the DagBag from /opt/airflow/dags/airflow_dag_spark_streaming.py
[2026-01-30T07:00:49.260+0000] {processor.py:840} INFO - DAG(s) 'spark_sgp4_streaming' retrieved from /opt/airflow/dags/airflow_dag_spark_streaming.py
[2026-01-30T07:00:49.317+0000] {logging_mixin.py:188} INFO - [2026-01-30T07:00:49.316+0000] {dag.py:3036} INFO - Sync 1 DAGs
[2026-01-30T07:00:49.345+0000] {logging_mixin.py:188} INFO - [2026-01-30T07:00:49.345+0000] {dag.py:3823} INFO - Setting next_dagrun for spark_sgp4_streaming to None, run_after=None
[2026-01-30T07:00:49.384+0000] {processor.py:183} INFO - Processing /opt/airflow/dags/airflow_dag_spark_streaming.py took 0.175 seconds
[2026-01-30T07:01:19.559+0000] {processor.py:161} INFO - Started process (PID=1342) to work on /opt/airflow/dags/airflow_dag_spark_streaming.py
[2026-01-30T07:01:19.560+0000] {processor.py:830} INFO - Processing file /opt/airflow/dags/airflow_dag_spark_streaming.py for tasks to queue
[2026-01-30T07:01:19.561+0000] {logging_mixin.py:188} INFO - [2026-01-30T07:01:19.560+0000] {dagbag.py:538} INFO - Filling up the DagBag from /opt/airflow/dags/airflow_dag_spark_streaming.py
[2026-01-30T07:01:19.571+0000] {processor.py:840} INFO - DAG(s) 'spark_sgp4_streaming' retrieved from /opt/airflow/dags/airflow_dag_spark_streaming.py
[2026-01-30T07:01:19.602+0000] {logging_mixin.py:188} INFO - [2026-01-30T07:01:19.602+0000] {dag.py:3036} INFO - Sync 1 DAGs
[2026-01-30T07:01:19.615+0000] {logging_mixin.py:188} INFO - [2026-01-30T07:01:19.615+0000] {dag.py:3823} INFO - Setting next_dagrun for spark_sgp4_streaming to None, run_after=None
[2026-01-30T07:01:19.631+0000] {processor.py:183} INFO - Processing /opt/airflow/dags/airflow_dag_spark_streaming.py took 0.075 seconds
[2026-01-30T07:01:49.775+0000] {processor.py:161} INFO - Started process (PID=1352) to work on /opt/airflow/dags/airflow_dag_spark_streaming.py
[2026-01-30T07:01:49.776+0000] {processor.py:830} INFO - Processing file /opt/airflow/dags/airflow_dag_spark_streaming.py for tasks to queue
[2026-01-30T07:01:49.777+0000] {logging_mixin.py:188} INFO - [2026-01-30T07:01:49.776+0000] {dagbag.py:538} INFO - Filling up the DagBag from /opt/airflow/dags/airflow_dag_spark_streaming.py
[2026-01-30T07:01:49.787+0000] {processor.py:840} INFO - DAG(s) 'spark_sgp4_streaming' retrieved from /opt/airflow/dags/airflow_dag_spark_streaming.py
[2026-01-30T07:01:49.818+0000] {logging_mixin.py:188} INFO - [2026-01-30T07:01:49.818+0000] {dag.py:3036} INFO - Sync 1 DAGs
[2026-01-30T07:01:49.835+0000] {logging_mixin.py:188} INFO - [2026-01-30T07:01:49.834+0000] {dag.py:3823} INFO - Setting next_dagrun for spark_sgp4_streaming to None, run_after=None
[2026-01-30T07:01:49.854+0000] {processor.py:183} INFO - Processing /opt/airflow/dags/airflow_dag_spark_streaming.py took 0.082 seconds
[2026-01-30T07:02:19.997+0000] {processor.py:161} INFO - Started process (PID=1362) to work on /opt/airflow/dags/airflow_dag_spark_streaming.py
[2026-01-30T07:02:19.998+0000] {processor.py:830} INFO - Processing file /opt/airflow/dags/airflow_dag_spark_streaming.py for tasks to queue
[2026-01-30T07:02:19.999+0000] {logging_mixin.py:188} INFO - [2026-01-30T07:02:19.999+0000] {dagbag.py:538} INFO - Filling up the DagBag from /opt/airflow/dags/airflow_dag_spark_streaming.py
[2026-01-30T07:02:20.009+0000] {processor.py:840} INFO - DAG(s) 'spark_sgp4_streaming' retrieved from /opt/airflow/dags/airflow_dag_spark_streaming.py
[2026-01-30T07:02:20.040+0000] {logging_mixin.py:188} INFO - [2026-01-30T07:02:20.040+0000] {dag.py:3036} INFO - Sync 1 DAGs
[2026-01-30T07:02:20.054+0000] {logging_mixin.py:188} INFO - [2026-01-30T07:02:20.054+0000] {dag.py:3823} INFO - Setting next_dagrun for spark_sgp4_streaming to None, run_after=None
[2026-01-30T07:02:20.071+0000] {processor.py:183} INFO - Processing /opt/airflow/dags/airflow_dag_spark_streaming.py took 0.077 seconds
[2026-01-30T07:02:50.235+0000] {processor.py:161} INFO - Started process (PID=1372) to work on /opt/airflow/dags/airflow_dag_spark_streaming.py
[2026-01-30T07:02:50.236+0000] {processor.py:830} INFO - Processing file /opt/airflow/dags/airflow_dag_spark_streaming.py for tasks to queue
[2026-01-30T07:02:50.238+0000] {logging_mixin.py:188} INFO - [2026-01-30T07:02:50.237+0000] {dagbag.py:538} INFO - Filling up the DagBag from /opt/airflow/dags/airflow_dag_spark_streaming.py
[2026-01-30T07:02:50.260+0000] {processor.py:840} INFO - DAG(s) 'spark_sgp4_streaming' retrieved from /opt/airflow/dags/airflow_dag_spark_streaming.py
[2026-01-30T07:02:50.320+0000] {logging_mixin.py:188} INFO - [2026-01-30T07:02:50.320+0000] {dag.py:3036} INFO - Sync 1 DAGs
[2026-01-30T07:02:50.347+0000] {logging_mixin.py:188} INFO - [2026-01-30T07:02:50.347+0000] {dag.py:3823} INFO - Setting next_dagrun for spark_sgp4_streaming to None, run_after=None
[2026-01-30T07:02:50.378+0000] {processor.py:183} INFO - Processing /opt/airflow/dags/airflow_dag_spark_streaming.py took 0.150 seconds
[2026-01-30T09:44:11.248+0000] {processor.py:161} INFO - Started process (PID=1382) to work on /opt/airflow/dags/airflow_dag_spark_streaming.py
[2026-01-30T09:44:11.250+0000] {processor.py:830} INFO - Processing file /opt/airflow/dags/airflow_dag_spark_streaming.py for tasks to queue
[2026-01-30T09:44:11.252+0000] {logging_mixin.py:188} INFO - [2026-01-30T09:44:11.251+0000] {dagbag.py:538} INFO - Filling up the DagBag from /opt/airflow/dags/airflow_dag_spark_streaming.py
[2026-01-30T09:44:11.279+0000] {processor.py:840} INFO - DAG(s) 'spark_sgp4_streaming' retrieved from /opt/airflow/dags/airflow_dag_spark_streaming.py
[2026-01-30T09:44:11.341+0000] {logging_mixin.py:188} INFO - [2026-01-30T09:44:11.341+0000] {dag.py:3036} INFO - Sync 1 DAGs
[2026-01-30T09:44:11.376+0000] {logging_mixin.py:188} INFO - [2026-01-30T09:44:11.375+0000] {dag.py:3823} INFO - Setting next_dagrun for spark_sgp4_streaming to None, run_after=None
[2026-01-30T09:44:11.414+0000] {processor.py:183} INFO - Processing /opt/airflow/dags/airflow_dag_spark_streaming.py took 0.175 seconds
[2026-01-30T09:44:41.569+0000] {processor.py:161} INFO - Started process (PID=1394) to work on /opt/airflow/dags/airflow_dag_spark_streaming.py
[2026-01-30T09:44:41.570+0000] {processor.py:830} INFO - Processing file /opt/airflow/dags/airflow_dag_spark_streaming.py for tasks to queue
[2026-01-30T09:44:41.571+0000] {logging_mixin.py:188} INFO - [2026-01-30T09:44:41.571+0000] {dagbag.py:538} INFO - Filling up the DagBag from /opt/airflow/dags/airflow_dag_spark_streaming.py
[2026-01-30T09:44:41.589+0000] {processor.py:840} INFO - DAG(s) 'spark_sgp4_streaming' retrieved from /opt/airflow/dags/airflow_dag_spark_streaming.py
[2026-01-30T09:44:41.628+0000] {logging_mixin.py:188} INFO - [2026-01-30T09:44:41.627+0000] {dag.py:3036} INFO - Sync 1 DAGs
[2026-01-30T09:44:41.645+0000] {logging_mixin.py:188} INFO - [2026-01-30T09:44:41.645+0000] {dag.py:3823} INFO - Setting next_dagrun for spark_sgp4_streaming to None, run_after=None
[2026-01-30T09:44:41.666+0000] {processor.py:183} INFO - Processing /opt/airflow/dags/airflow_dag_spark_streaming.py took 0.103 seconds
[2026-01-30T09:45:12.436+0000] {processor.py:161} INFO - Started process (PID=1404) to work on /opt/airflow/dags/airflow_dag_spark_streaming.py
[2026-01-30T09:45:12.437+0000] {processor.py:830} INFO - Processing file /opt/airflow/dags/airflow_dag_spark_streaming.py for tasks to queue
[2026-01-30T09:45:12.439+0000] {logging_mixin.py:188} INFO - [2026-01-30T09:45:12.438+0000] {dagbag.py:538} INFO - Filling up the DagBag from /opt/airflow/dags/airflow_dag_spark_streaming.py
[2026-01-30T09:45:12.456+0000] {processor.py:840} INFO - DAG(s) 'spark_sgp4_streaming' retrieved from /opt/airflow/dags/airflow_dag_spark_streaming.py
[2026-01-30T09:45:12.513+0000] {logging_mixin.py:188} INFO - [2026-01-30T09:45:12.513+0000] {dag.py:3036} INFO - Sync 1 DAGs
[2026-01-30T09:45:12.542+0000] {logging_mixin.py:188} INFO - [2026-01-30T09:45:12.541+0000] {dag.py:3823} INFO - Setting next_dagrun for spark_sgp4_streaming to None, run_after=None
[2026-01-30T09:45:12.578+0000] {processor.py:183} INFO - Processing /opt/airflow/dags/airflow_dag_spark_streaming.py took 0.150 seconds
[2026-01-30T09:45:42.769+0000] {processor.py:161} INFO - Started process (PID=1414) to work on /opt/airflow/dags/airflow_dag_spark_streaming.py
[2026-01-30T09:45:42.772+0000] {processor.py:830} INFO - Processing file /opt/airflow/dags/airflow_dag_spark_streaming.py for tasks to queue
[2026-01-30T09:45:42.775+0000] {logging_mixin.py:188} INFO - [2026-01-30T09:45:42.774+0000] {dagbag.py:538} INFO - Filling up the DagBag from /opt/airflow/dags/airflow_dag_spark_streaming.py
[2026-01-30T09:45:42.800+0000] {processor.py:840} INFO - DAG(s) 'spark_sgp4_streaming' retrieved from /opt/airflow/dags/airflow_dag_spark_streaming.py
[2026-01-30T09:45:42.863+0000] {logging_mixin.py:188} INFO - [2026-01-30T09:45:42.862+0000] {dag.py:3036} INFO - Sync 1 DAGs
[2026-01-30T09:45:42.891+0000] {logging_mixin.py:188} INFO - [2026-01-30T09:45:42.890+0000] {dag.py:3823} INFO - Setting next_dagrun for spark_sgp4_streaming to None, run_after=None
[2026-01-30T09:45:42.927+0000] {processor.py:183} INFO - Processing /opt/airflow/dags/airflow_dag_spark_streaming.py took 0.166 seconds
[2026-01-30T09:46:13.125+0000] {processor.py:161} INFO - Started process (PID=1424) to work on /opt/airflow/dags/airflow_dag_spark_streaming.py
[2026-01-30T09:46:13.127+0000] {processor.py:830} INFO - Processing file /opt/airflow/dags/airflow_dag_spark_streaming.py for tasks to queue
[2026-01-30T09:46:13.128+0000] {logging_mixin.py:188} INFO - [2026-01-30T09:46:13.127+0000] {dagbag.py:538} INFO - Filling up the DagBag from /opt/airflow/dags/airflow_dag_spark_streaming.py
[2026-01-30T09:46:13.149+0000] {processor.py:840} INFO - DAG(s) 'spark_sgp4_streaming' retrieved from /opt/airflow/dags/airflow_dag_spark_streaming.py
[2026-01-30T09:46:13.207+0000] {logging_mixin.py:188} INFO - [2026-01-30T09:46:13.207+0000] {dag.py:3036} INFO - Sync 1 DAGs
[2026-01-30T09:46:13.234+0000] {logging_mixin.py:188} INFO - [2026-01-30T09:46:13.234+0000] {dag.py:3823} INFO - Setting next_dagrun for spark_sgp4_streaming to None, run_after=None
[2026-01-30T09:46:13.269+0000] {processor.py:183} INFO - Processing /opt/airflow/dags/airflow_dag_spark_streaming.py took 0.150 seconds
[2026-01-30T09:46:43.474+0000] {processor.py:161} INFO - Started process (PID=1434) to work on /opt/airflow/dags/airflow_dag_spark_streaming.py
[2026-01-30T09:46:43.477+0000] {processor.py:830} INFO - Processing file /opt/airflow/dags/airflow_dag_spark_streaming.py for tasks to queue
[2026-01-30T09:46:43.479+0000] {logging_mixin.py:188} INFO - [2026-01-30T09:46:43.478+0000] {dagbag.py:538} INFO - Filling up the DagBag from /opt/airflow/dags/airflow_dag_spark_streaming.py
[2026-01-30T09:46:43.501+0000] {processor.py:840} INFO - DAG(s) 'spark_sgp4_streaming' retrieved from /opt/airflow/dags/airflow_dag_spark_streaming.py
[2026-01-30T09:46:43.561+0000] {logging_mixin.py:188} INFO - [2026-01-30T09:46:43.561+0000] {dag.py:3036} INFO - Sync 1 DAGs
[2026-01-30T09:46:43.588+0000] {logging_mixin.py:188} INFO - [2026-01-30T09:46:43.588+0000] {dag.py:3823} INFO - Setting next_dagrun for spark_sgp4_streaming to None, run_after=None
[2026-01-30T09:46:43.624+0000] {processor.py:183} INFO - Processing /opt/airflow/dags/airflow_dag_spark_streaming.py took 0.157 seconds
[2026-01-30T09:47:13.832+0000] {processor.py:161} INFO - Started process (PID=1444) to work on /opt/airflow/dags/airflow_dag_spark_streaming.py
[2026-01-30T09:47:13.833+0000] {processor.py:830} INFO - Processing file /opt/airflow/dags/airflow_dag_spark_streaming.py for tasks to queue
[2026-01-30T09:47:13.835+0000] {logging_mixin.py:188} INFO - [2026-01-30T09:47:13.834+0000] {dagbag.py:538} INFO - Filling up the DagBag from /opt/airflow/dags/airflow_dag_spark_streaming.py
[2026-01-30T09:47:13.855+0000] {processor.py:840} INFO - DAG(s) 'spark_sgp4_streaming' retrieved from /opt/airflow/dags/airflow_dag_spark_streaming.py
[2026-01-30T09:47:13.915+0000] {logging_mixin.py:188} INFO - [2026-01-30T09:47:13.914+0000] {dag.py:3036} INFO - Sync 1 DAGs
[2026-01-30T09:47:13.942+0000] {logging_mixin.py:188} INFO - [2026-01-30T09:47:13.941+0000] {dag.py:3823} INFO - Setting next_dagrun for spark_sgp4_streaming to None, run_after=None
[2026-01-30T09:47:13.976+0000] {processor.py:183} INFO - Processing /opt/airflow/dags/airflow_dag_spark_streaming.py took 0.152 seconds
[2026-01-30T09:47:44.174+0000] {processor.py:161} INFO - Started process (PID=1454) to work on /opt/airflow/dags/airflow_dag_spark_streaming.py
[2026-01-30T09:47:44.176+0000] {processor.py:830} INFO - Processing file /opt/airflow/dags/airflow_dag_spark_streaming.py for tasks to queue
[2026-01-30T09:47:44.177+0000] {logging_mixin.py:188} INFO - [2026-01-30T09:47:44.177+0000] {dagbag.py:538} INFO - Filling up the DagBag from /opt/airflow/dags/airflow_dag_spark_streaming.py
[2026-01-30T09:47:44.199+0000] {processor.py:840} INFO - DAG(s) 'spark_sgp4_streaming' retrieved from /opt/airflow/dags/airflow_dag_spark_streaming.py
[2026-01-30T09:47:44.260+0000] {logging_mixin.py:188} INFO - [2026-01-30T09:47:44.260+0000] {dag.py:3036} INFO - Sync 1 DAGs
[2026-01-30T09:47:44.289+0000] {logging_mixin.py:188} INFO - [2026-01-30T09:47:44.288+0000] {dag.py:3823} INFO - Setting next_dagrun for spark_sgp4_streaming to None, run_after=None
[2026-01-30T09:47:44.323+0000] {processor.py:183} INFO - Processing /opt/airflow/dags/airflow_dag_spark_streaming.py took 0.155 seconds
[2026-01-30T09:48:14.525+0000] {processor.py:161} INFO - Started process (PID=1464) to work on /opt/airflow/dags/airflow_dag_spark_streaming.py
[2026-01-30T09:48:14.528+0000] {processor.py:830} INFO - Processing file /opt/airflow/dags/airflow_dag_spark_streaming.py for tasks to queue
[2026-01-30T09:48:14.530+0000] {logging_mixin.py:188} INFO - [2026-01-30T09:48:14.529+0000] {dagbag.py:538} INFO - Filling up the DagBag from /opt/airflow/dags/airflow_dag_spark_streaming.py
[2026-01-30T09:48:14.548+0000] {processor.py:840} INFO - DAG(s) 'spark_sgp4_streaming' retrieved from /opt/airflow/dags/airflow_dag_spark_streaming.py
[2026-01-30T09:48:14.610+0000] {logging_mixin.py:188} INFO - [2026-01-30T09:48:14.609+0000] {dag.py:3036} INFO - Sync 1 DAGs
[2026-01-30T09:48:14.639+0000] {logging_mixin.py:188} INFO - [2026-01-30T09:48:14.638+0000] {dag.py:3823} INFO - Setting next_dagrun for spark_sgp4_streaming to None, run_after=None
[2026-01-30T09:48:14.679+0000] {processor.py:183} INFO - Processing /opt/airflow/dags/airflow_dag_spark_streaming.py took 0.161 seconds
[2026-01-30T09:48:44.890+0000] {processor.py:161} INFO - Started process (PID=1474) to work on /opt/airflow/dags/airflow_dag_spark_streaming.py
[2026-01-30T09:48:44.892+0000] {processor.py:830} INFO - Processing file /opt/airflow/dags/airflow_dag_spark_streaming.py for tasks to queue
[2026-01-30T09:48:44.894+0000] {logging_mixin.py:188} INFO - [2026-01-30T09:48:44.893+0000] {dagbag.py:538} INFO - Filling up the DagBag from /opt/airflow/dags/airflow_dag_spark_streaming.py
[2026-01-30T09:48:44.914+0000] {processor.py:840} INFO - DAG(s) 'spark_sgp4_streaming' retrieved from /opt/airflow/dags/airflow_dag_spark_streaming.py
[2026-01-30T09:48:44.975+0000] {logging_mixin.py:188} INFO - [2026-01-30T09:48:44.974+0000] {dag.py:3036} INFO - Sync 1 DAGs
[2026-01-30T09:48:45.002+0000] {logging_mixin.py:188} INFO - [2026-01-30T09:48:45.002+0000] {dag.py:3823} INFO - Setting next_dagrun for spark_sgp4_streaming to None, run_after=None
[2026-01-30T09:48:45.038+0000] {processor.py:183} INFO - Processing /opt/airflow/dags/airflow_dag_spark_streaming.py took 0.154 seconds
[2026-01-30T09:49:15.250+0000] {processor.py:161} INFO - Started process (PID=1484) to work on /opt/airflow/dags/airflow_dag_spark_streaming.py
[2026-01-30T09:49:15.252+0000] {processor.py:830} INFO - Processing file /opt/airflow/dags/airflow_dag_spark_streaming.py for tasks to queue
[2026-01-30T09:49:15.254+0000] {logging_mixin.py:188} INFO - [2026-01-30T09:49:15.253+0000] {dagbag.py:538} INFO - Filling up the DagBag from /opt/airflow/dags/airflow_dag_spark_streaming.py
[2026-01-30T09:49:15.276+0000] {processor.py:840} INFO - DAG(s) 'spark_sgp4_streaming' retrieved from /opt/airflow/dags/airflow_dag_spark_streaming.py
[2026-01-30T09:49:15.338+0000] {logging_mixin.py:188} INFO - [2026-01-30T09:49:15.337+0000] {dag.py:3036} INFO - Sync 1 DAGs
[2026-01-30T09:49:15.367+0000] {logging_mixin.py:188} INFO - [2026-01-30T09:49:15.366+0000] {dag.py:3823} INFO - Setting next_dagrun for spark_sgp4_streaming to None, run_after=None
[2026-01-30T09:49:15.406+0000] {processor.py:183} INFO - Processing /opt/airflow/dags/airflow_dag_spark_streaming.py took 0.162 seconds
[2026-01-30T09:49:45.615+0000] {processor.py:161} INFO - Started process (PID=1494) to work on /opt/airflow/dags/airflow_dag_spark_streaming.py
[2026-01-30T09:49:45.616+0000] {processor.py:830} INFO - Processing file /opt/airflow/dags/airflow_dag_spark_streaming.py for tasks to queue
[2026-01-30T09:49:45.618+0000] {logging_mixin.py:188} INFO - [2026-01-30T09:49:45.617+0000] {dagbag.py:538} INFO - Filling up the DagBag from /opt/airflow/dags/airflow_dag_spark_streaming.py
[2026-01-30T09:49:45.640+0000] {processor.py:840} INFO - DAG(s) 'spark_sgp4_streaming' retrieved from /opt/airflow/dags/airflow_dag_spark_streaming.py
[2026-01-30T09:49:45.701+0000] {logging_mixin.py:188} INFO - [2026-01-30T09:49:45.700+0000] {dag.py:3036} INFO - Sync 1 DAGs
[2026-01-30T09:49:45.727+0000] {logging_mixin.py:188} INFO - [2026-01-30T09:49:45.727+0000] {dag.py:3823} INFO - Setting next_dagrun for spark_sgp4_streaming to None, run_after=None
[2026-01-30T09:49:45.762+0000] {processor.py:183} INFO - Processing /opt/airflow/dags/airflow_dag_spark_streaming.py took 0.154 seconds
[2026-01-30T09:50:15.971+0000] {processor.py:161} INFO - Started process (PID=1504) to work on /opt/airflow/dags/airflow_dag_spark_streaming.py
[2026-01-30T09:50:15.975+0000] {processor.py:830} INFO - Processing file /opt/airflow/dags/airflow_dag_spark_streaming.py for tasks to queue
[2026-01-30T09:50:15.976+0000] {logging_mixin.py:188} INFO - [2026-01-30T09:50:15.975+0000] {dagbag.py:538} INFO - Filling up the DagBag from /opt/airflow/dags/airflow_dag_spark_streaming.py
[2026-01-30T09:50:15.998+0000] {processor.py:840} INFO - DAG(s) 'spark_sgp4_streaming' retrieved from /opt/airflow/dags/airflow_dag_spark_streaming.py
[2026-01-30T09:50:16.061+0000] {logging_mixin.py:188} INFO - [2026-01-30T09:50:16.061+0000] {dag.py:3036} INFO - Sync 1 DAGs
[2026-01-30T09:50:16.087+0000] {logging_mixin.py:188} INFO - [2026-01-30T09:50:16.086+0000] {dag.py:3823} INFO - Setting next_dagrun for spark_sgp4_streaming to None, run_after=None
[2026-01-30T09:50:16.121+0000] {processor.py:183} INFO - Processing /opt/airflow/dags/airflow_dag_spark_streaming.py took 0.156 seconds
[2026-01-30T09:50:46.325+0000] {processor.py:161} INFO - Started process (PID=1514) to work on /opt/airflow/dags/airflow_dag_spark_streaming.py
[2026-01-30T09:50:46.327+0000] {processor.py:830} INFO - Processing file /opt/airflow/dags/airflow_dag_spark_streaming.py for tasks to queue
[2026-01-30T09:50:46.328+0000] {logging_mixin.py:188} INFO - [2026-01-30T09:50:46.328+0000] {dagbag.py:538} INFO - Filling up the DagBag from /opt/airflow/dags/airflow_dag_spark_streaming.py
[2026-01-30T09:50:46.350+0000] {processor.py:840} INFO - DAG(s) 'spark_sgp4_streaming' retrieved from /opt/airflow/dags/airflow_dag_spark_streaming.py
[2026-01-30T09:50:46.410+0000] {logging_mixin.py:188} INFO - [2026-01-30T09:50:46.409+0000] {dag.py:3036} INFO - Sync 1 DAGs
[2026-01-30T09:50:46.438+0000] {logging_mixin.py:188} INFO - [2026-01-30T09:50:46.437+0000] {dag.py:3823} INFO - Setting next_dagrun for spark_sgp4_streaming to None, run_after=None
[2026-01-30T09:50:46.475+0000] {processor.py:183} INFO - Processing /opt/airflow/dags/airflow_dag_spark_streaming.py took 0.155 seconds
[2026-01-30T09:51:16.689+0000] {processor.py:161} INFO - Started process (PID=1524) to work on /opt/airflow/dags/airflow_dag_spark_streaming.py
[2026-01-30T09:51:16.691+0000] {processor.py:830} INFO - Processing file /opt/airflow/dags/airflow_dag_spark_streaming.py for tasks to queue
[2026-01-30T09:51:16.693+0000] {logging_mixin.py:188} INFO - [2026-01-30T09:51:16.692+0000] {dagbag.py:538} INFO - Filling up the DagBag from /opt/airflow/dags/airflow_dag_spark_streaming.py
[2026-01-30T09:51:16.714+0000] {processor.py:840} INFO - DAG(s) 'spark_sgp4_streaming' retrieved from /opt/airflow/dags/airflow_dag_spark_streaming.py
[2026-01-30T09:51:16.774+0000] {logging_mixin.py:188} INFO - [2026-01-30T09:51:16.773+0000] {dag.py:3036} INFO - Sync 1 DAGs
[2026-01-30T09:51:16.801+0000] {logging_mixin.py:188} INFO - [2026-01-30T09:51:16.801+0000] {dag.py:3823} INFO - Setting next_dagrun for spark_sgp4_streaming to None, run_after=None
[2026-01-30T09:51:16.836+0000] {processor.py:183} INFO - Processing /opt/airflow/dags/airflow_dag_spark_streaming.py took 0.153 seconds
[2026-01-30T09:51:47.042+0000] {processor.py:161} INFO - Started process (PID=1534) to work on /opt/airflow/dags/airflow_dag_spark_streaming.py
[2026-01-30T09:51:47.045+0000] {processor.py:830} INFO - Processing file /opt/airflow/dags/airflow_dag_spark_streaming.py for tasks to queue
[2026-01-30T09:51:47.046+0000] {logging_mixin.py:188} INFO - [2026-01-30T09:51:47.045+0000] {dagbag.py:538} INFO - Filling up the DagBag from /opt/airflow/dags/airflow_dag_spark_streaming.py
[2026-01-30T09:51:47.068+0000] {processor.py:840} INFO - DAG(s) 'spark_sgp4_streaming' retrieved from /opt/airflow/dags/airflow_dag_spark_streaming.py
[2026-01-30T09:51:47.129+0000] {logging_mixin.py:188} INFO - [2026-01-30T09:51:47.128+0000] {dag.py:3036} INFO - Sync 1 DAGs
[2026-01-30T09:51:47.156+0000] {logging_mixin.py:188} INFO - [2026-01-30T09:51:47.155+0000] {dag.py:3823} INFO - Setting next_dagrun for spark_sgp4_streaming to None, run_after=None
[2026-01-30T09:51:47.196+0000] {processor.py:183} INFO - Processing /opt/airflow/dags/airflow_dag_spark_streaming.py took 0.161 seconds
[2026-01-30T09:52:17.401+0000] {processor.py:161} INFO - Started process (PID=1544) to work on /opt/airflow/dags/airflow_dag_spark_streaming.py
[2026-01-30T09:52:17.402+0000] {processor.py:830} INFO - Processing file /opt/airflow/dags/airflow_dag_spark_streaming.py for tasks to queue
[2026-01-30T09:52:17.404+0000] {logging_mixin.py:188} INFO - [2026-01-30T09:52:17.403+0000] {dagbag.py:538} INFO - Filling up the DagBag from /opt/airflow/dags/airflow_dag_spark_streaming.py
[2026-01-30T09:52:17.427+0000] {processor.py:840} INFO - DAG(s) 'spark_sgp4_streaming' retrieved from /opt/airflow/dags/airflow_dag_spark_streaming.py
[2026-01-30T09:52:17.488+0000] {logging_mixin.py:188} INFO - [2026-01-30T09:52:17.487+0000] {dag.py:3036} INFO - Sync 1 DAGs
[2026-01-30T09:52:17.516+0000] {logging_mixin.py:188} INFO - [2026-01-30T09:52:17.516+0000] {dag.py:3823} INFO - Setting next_dagrun for spark_sgp4_streaming to None, run_after=None
[2026-01-30T09:52:17.551+0000] {processor.py:183} INFO - Processing /opt/airflow/dags/airflow_dag_spark_streaming.py took 0.157 seconds
[2026-01-30T09:52:47.758+0000] {processor.py:161} INFO - Started process (PID=1554) to work on /opt/airflow/dags/airflow_dag_spark_streaming.py
[2026-01-30T09:52:47.762+0000] {processor.py:830} INFO - Processing file /opt/airflow/dags/airflow_dag_spark_streaming.py for tasks to queue
[2026-01-30T09:52:47.763+0000] {logging_mixin.py:188} INFO - [2026-01-30T09:52:47.762+0000] {dagbag.py:538} INFO - Filling up the DagBag from /opt/airflow/dags/airflow_dag_spark_streaming.py
[2026-01-30T09:52:47.785+0000] {processor.py:840} INFO - DAG(s) 'spark_sgp4_streaming' retrieved from /opt/airflow/dags/airflow_dag_spark_streaming.py
[2026-01-30T09:52:47.845+0000] {logging_mixin.py:188} INFO - [2026-01-30T09:52:47.845+0000] {dag.py:3036} INFO - Sync 1 DAGs
[2026-01-30T09:52:47.872+0000] {logging_mixin.py:188} INFO - [2026-01-30T09:52:47.872+0000] {dag.py:3823} INFO - Setting next_dagrun for spark_sgp4_streaming to None, run_after=None
[2026-01-30T09:52:47.907+0000] {processor.py:183} INFO - Processing /opt/airflow/dags/airflow_dag_spark_streaming.py took 0.156 seconds
[2026-01-30T09:53:18.114+0000] {processor.py:161} INFO - Started process (PID=1564) to work on /opt/airflow/dags/airflow_dag_spark_streaming.py
[2026-01-30T09:53:18.117+0000] {processor.py:830} INFO - Processing file /opt/airflow/dags/airflow_dag_spark_streaming.py for tasks to queue
[2026-01-30T09:53:18.119+0000] {logging_mixin.py:188} INFO - [2026-01-30T09:53:18.118+0000] {dagbag.py:538} INFO - Filling up the DagBag from /opt/airflow/dags/airflow_dag_spark_streaming.py
[2026-01-30T09:53:18.141+0000] {processor.py:840} INFO - DAG(s) 'spark_sgp4_streaming' retrieved from /opt/airflow/dags/airflow_dag_spark_streaming.py
[2026-01-30T09:53:18.198+0000] {logging_mixin.py:188} INFO - [2026-01-30T09:53:18.198+0000] {dag.py:3036} INFO - Sync 1 DAGs
[2026-01-30T09:53:18.226+0000] {logging_mixin.py:188} INFO - [2026-01-30T09:53:18.225+0000] {dag.py:3823} INFO - Setting next_dagrun for spark_sgp4_streaming to None, run_after=None
[2026-01-30T09:53:18.261+0000] {processor.py:183} INFO - Processing /opt/airflow/dags/airflow_dag_spark_streaming.py took 0.154 seconds
[2026-01-30T09:53:48.465+0000] {processor.py:161} INFO - Started process (PID=1574) to work on /opt/airflow/dags/airflow_dag_spark_streaming.py
[2026-01-30T09:53:48.466+0000] {processor.py:830} INFO - Processing file /opt/airflow/dags/airflow_dag_spark_streaming.py for tasks to queue
[2026-01-30T09:53:48.468+0000] {logging_mixin.py:188} INFO - [2026-01-30T09:53:48.467+0000] {dagbag.py:538} INFO - Filling up the DagBag from /opt/airflow/dags/airflow_dag_spark_streaming.py
[2026-01-30T09:53:48.490+0000] {processor.py:840} INFO - DAG(s) 'spark_sgp4_streaming' retrieved from /opt/airflow/dags/airflow_dag_spark_streaming.py
[2026-01-30T09:53:48.550+0000] {logging_mixin.py:188} INFO - [2026-01-30T09:53:48.550+0000] {dag.py:3036} INFO - Sync 1 DAGs
[2026-01-30T09:53:48.579+0000] {logging_mixin.py:188} INFO - [2026-01-30T09:53:48.578+0000] {dag.py:3823} INFO - Setting next_dagrun for spark_sgp4_streaming to None, run_after=None
[2026-01-30T09:53:48.616+0000] {processor.py:183} INFO - Processing /opt/airflow/dags/airflow_dag_spark_streaming.py took 0.157 seconds
[2026-01-30T09:54:18.845+0000] {processor.py:161} INFO - Started process (PID=1584) to work on /opt/airflow/dags/airflow_dag_spark_streaming.py
[2026-01-30T09:54:18.847+0000] {processor.py:830} INFO - Processing file /opt/airflow/dags/airflow_dag_spark_streaming.py for tasks to queue
[2026-01-30T09:54:18.848+0000] {logging_mixin.py:188} INFO - [2026-01-30T09:54:18.847+0000] {dagbag.py:538} INFO - Filling up the DagBag from /opt/airflow/dags/airflow_dag_spark_streaming.py
[2026-01-30T09:54:18.870+0000] {processor.py:840} INFO - DAG(s) 'spark_sgp4_streaming' retrieved from /opt/airflow/dags/airflow_dag_spark_streaming.py
[2026-01-30T09:54:18.931+0000] {logging_mixin.py:188} INFO - [2026-01-30T09:54:18.930+0000] {dag.py:3036} INFO - Sync 1 DAGs
[2026-01-30T09:54:18.958+0000] {logging_mixin.py:188} INFO - [2026-01-30T09:54:18.958+0000] {dag.py:3823} INFO - Setting next_dagrun for spark_sgp4_streaming to None, run_after=None
[2026-01-30T09:54:18.993+0000] {processor.py:183} INFO - Processing /opt/airflow/dags/airflow_dag_spark_streaming.py took 0.154 seconds
[2026-01-30T09:54:49.201+0000] {processor.py:161} INFO - Started process (PID=1594) to work on /opt/airflow/dags/airflow_dag_spark_streaming.py
[2026-01-30T09:54:49.202+0000] {processor.py:830} INFO - Processing file /opt/airflow/dags/airflow_dag_spark_streaming.py for tasks to queue
[2026-01-30T09:54:49.204+0000] {logging_mixin.py:188} INFO - [2026-01-30T09:54:49.203+0000] {dagbag.py:538} INFO - Filling up the DagBag from /opt/airflow/dags/airflow_dag_spark_streaming.py
[2026-01-30T09:54:49.226+0000] {processor.py:840} INFO - DAG(s) 'spark_sgp4_streaming' retrieved from /opt/airflow/dags/airflow_dag_spark_streaming.py
[2026-01-30T09:54:49.285+0000] {logging_mixin.py:188} INFO - [2026-01-30T09:54:49.285+0000] {dag.py:3036} INFO - Sync 1 DAGs
[2026-01-30T09:54:49.312+0000] {logging_mixin.py:188} INFO - [2026-01-30T09:54:49.311+0000] {dag.py:3823} INFO - Setting next_dagrun for spark_sgp4_streaming to None, run_after=None
[2026-01-30T09:54:49.345+0000] {processor.py:183} INFO - Processing /opt/airflow/dags/airflow_dag_spark_streaming.py took 0.151 seconds
[2026-01-30T09:55:19.556+0000] {processor.py:161} INFO - Started process (PID=1604) to work on /opt/airflow/dags/airflow_dag_spark_streaming.py
[2026-01-30T09:55:19.557+0000] {processor.py:830} INFO - Processing file /opt/airflow/dags/airflow_dag_spark_streaming.py for tasks to queue
[2026-01-30T09:55:19.559+0000] {logging_mixin.py:188} INFO - [2026-01-30T09:55:19.558+0000] {dagbag.py:538} INFO - Filling up the DagBag from /opt/airflow/dags/airflow_dag_spark_streaming.py
[2026-01-30T09:55:19.581+0000] {processor.py:840} INFO - DAG(s) 'spark_sgp4_streaming' retrieved from /opt/airflow/dags/airflow_dag_spark_streaming.py
[2026-01-30T09:55:19.641+0000] {logging_mixin.py:188} INFO - [2026-01-30T09:55:19.640+0000] {dag.py:3036} INFO - Sync 1 DAGs
[2026-01-30T09:55:19.668+0000] {logging_mixin.py:188} INFO - [2026-01-30T09:55:19.668+0000] {dag.py:3823} INFO - Setting next_dagrun for spark_sgp4_streaming to None, run_after=None
[2026-01-30T09:55:19.703+0000] {processor.py:183} INFO - Processing /opt/airflow/dags/airflow_dag_spark_streaming.py took 0.154 seconds
[2026-01-30T09:55:49.909+0000] {processor.py:161} INFO - Started process (PID=1614) to work on /opt/airflow/dags/airflow_dag_spark_streaming.py
[2026-01-30T09:55:49.911+0000] {processor.py:830} INFO - Processing file /opt/airflow/dags/airflow_dag_spark_streaming.py for tasks to queue
[2026-01-30T09:55:49.912+0000] {logging_mixin.py:188} INFO - [2026-01-30T09:55:49.912+0000] {dagbag.py:538} INFO - Filling up the DagBag from /opt/airflow/dags/airflow_dag_spark_streaming.py
[2026-01-30T09:55:49.933+0000] {processor.py:840} INFO - DAG(s) 'spark_sgp4_streaming' retrieved from /opt/airflow/dags/airflow_dag_spark_streaming.py
[2026-01-30T09:55:49.991+0000] {logging_mixin.py:188} INFO - [2026-01-30T09:55:49.990+0000] {dag.py:3036} INFO - Sync 1 DAGs
[2026-01-30T09:55:50.016+0000] {logging_mixin.py:188} INFO - [2026-01-30T09:55:50.016+0000] {dag.py:3823} INFO - Setting next_dagrun for spark_sgp4_streaming to None, run_after=None
[2026-01-30T09:55:50.051+0000] {processor.py:183} INFO - Processing /opt/airflow/dags/airflow_dag_spark_streaming.py took 0.147 seconds
[2026-01-30T09:56:20.261+0000] {processor.py:161} INFO - Started process (PID=1624) to work on /opt/airflow/dags/airflow_dag_spark_streaming.py
[2026-01-30T09:56:20.264+0000] {processor.py:830} INFO - Processing file /opt/airflow/dags/airflow_dag_spark_streaming.py for tasks to queue
[2026-01-30T09:56:20.266+0000] {logging_mixin.py:188} INFO - [2026-01-30T09:56:20.265+0000] {dagbag.py:538} INFO - Filling up the DagBag from /opt/airflow/dags/airflow_dag_spark_streaming.py
[2026-01-30T09:56:20.288+0000] {processor.py:840} INFO - DAG(s) 'spark_sgp4_streaming' retrieved from /opt/airflow/dags/airflow_dag_spark_streaming.py
[2026-01-30T09:56:20.347+0000] {logging_mixin.py:188} INFO - [2026-01-30T09:56:20.346+0000] {dag.py:3036} INFO - Sync 1 DAGs
[2026-01-30T09:56:20.374+0000] {logging_mixin.py:188} INFO - [2026-01-30T09:56:20.374+0000] {dag.py:3823} INFO - Setting next_dagrun for spark_sgp4_streaming to None, run_after=None
[2026-01-30T09:56:20.411+0000] {processor.py:183} INFO - Processing /opt/airflow/dags/airflow_dag_spark_streaming.py took 0.157 seconds
[2026-01-30T09:56:50.615+0000] {processor.py:161} INFO - Started process (PID=1634) to work on /opt/airflow/dags/airflow_dag_spark_streaming.py
[2026-01-30T09:56:50.616+0000] {processor.py:830} INFO - Processing file /opt/airflow/dags/airflow_dag_spark_streaming.py for tasks to queue
[2026-01-30T09:56:50.618+0000] {logging_mixin.py:188} INFO - [2026-01-30T09:56:50.617+0000] {dagbag.py:538} INFO - Filling up the DagBag from /opt/airflow/dags/airflow_dag_spark_streaming.py
[2026-01-30T09:56:50.639+0000] {processor.py:840} INFO - DAG(s) 'spark_sgp4_streaming' retrieved from /opt/airflow/dags/airflow_dag_spark_streaming.py
[2026-01-30T09:56:50.696+0000] {logging_mixin.py:188} INFO - [2026-01-30T09:56:50.696+0000] {dag.py:3036} INFO - Sync 1 DAGs
[2026-01-30T09:56:50.724+0000] {logging_mixin.py:188} INFO - [2026-01-30T09:56:50.723+0000] {dag.py:3823} INFO - Setting next_dagrun for spark_sgp4_streaming to None, run_after=None
[2026-01-30T09:56:50.760+0000] {processor.py:183} INFO - Processing /opt/airflow/dags/airflow_dag_spark_streaming.py took 0.152 seconds
[2026-01-30T09:57:20.971+0000] {processor.py:161} INFO - Started process (PID=1644) to work on /opt/airflow/dags/airflow_dag_spark_streaming.py
[2026-01-30T09:57:20.973+0000] {processor.py:830} INFO - Processing file /opt/airflow/dags/airflow_dag_spark_streaming.py for tasks to queue
[2026-01-30T09:57:20.974+0000] {logging_mixin.py:188} INFO - [2026-01-30T09:57:20.973+0000] {dagbag.py:538} INFO - Filling up the DagBag from /opt/airflow/dags/airflow_dag_spark_streaming.py
[2026-01-30T09:57:20.996+0000] {processor.py:840} INFO - DAG(s) 'spark_sgp4_streaming' retrieved from /opt/airflow/dags/airflow_dag_spark_streaming.py
[2026-01-30T09:57:21.055+0000] {logging_mixin.py:188} INFO - [2026-01-30T09:57:21.055+0000] {dag.py:3036} INFO - Sync 1 DAGs
[2026-01-30T09:57:21.082+0000] {logging_mixin.py:188} INFO - [2026-01-30T09:57:21.082+0000] {dag.py:3823} INFO - Setting next_dagrun for spark_sgp4_streaming to None, run_after=None
[2026-01-30T09:57:21.119+0000] {processor.py:183} INFO - Processing /opt/airflow/dags/airflow_dag_spark_streaming.py took 0.154 seconds
[2026-01-30T09:57:51.323+0000] {processor.py:161} INFO - Started process (PID=1654) to work on /opt/airflow/dags/airflow_dag_spark_streaming.py
[2026-01-30T09:57:51.324+0000] {processor.py:830} INFO - Processing file /opt/airflow/dags/airflow_dag_spark_streaming.py for tasks to queue
[2026-01-30T09:57:51.326+0000] {logging_mixin.py:188} INFO - [2026-01-30T09:57:51.325+0000] {dagbag.py:538} INFO - Filling up the DagBag from /opt/airflow/dags/airflow_dag_spark_streaming.py
[2026-01-30T09:57:51.348+0000] {processor.py:840} INFO - DAG(s) 'spark_sgp4_streaming' retrieved from /opt/airflow/dags/airflow_dag_spark_streaming.py
[2026-01-30T09:57:51.411+0000] {logging_mixin.py:188} INFO - [2026-01-30T09:57:51.410+0000] {dag.py:3036} INFO - Sync 1 DAGs
[2026-01-30T09:57:51.441+0000] {logging_mixin.py:188} INFO - [2026-01-30T09:57:51.441+0000] {dag.py:3823} INFO - Setting next_dagrun for spark_sgp4_streaming to None, run_after=None
[2026-01-30T09:57:51.477+0000] {processor.py:183} INFO - Processing /opt/airflow/dags/airflow_dag_spark_streaming.py took 0.161 seconds
[2026-01-30T09:58:21.678+0000] {processor.py:161} INFO - Started process (PID=1664) to work on /opt/airflow/dags/airflow_dag_spark_streaming.py
[2026-01-30T09:58:21.681+0000] {processor.py:830} INFO - Processing file /opt/airflow/dags/airflow_dag_spark_streaming.py for tasks to queue
[2026-01-30T09:58:21.683+0000] {logging_mixin.py:188} INFO - [2026-01-30T09:58:21.682+0000] {dagbag.py:538} INFO - Filling up the DagBag from /opt/airflow/dags/airflow_dag_spark_streaming.py
[2026-01-30T09:58:21.704+0000] {processor.py:840} INFO - DAG(s) 'spark_sgp4_streaming' retrieved from /opt/airflow/dags/airflow_dag_spark_streaming.py
[2026-01-30T09:58:21.768+0000] {logging_mixin.py:188} INFO - [2026-01-30T09:58:21.768+0000] {dag.py:3036} INFO - Sync 1 DAGs
[2026-01-30T09:58:21.797+0000] {logging_mixin.py:188} INFO - [2026-01-30T09:58:21.797+0000] {dag.py:3823} INFO - Setting next_dagrun for spark_sgp4_streaming to None, run_after=None
[2026-01-30T09:58:21.829+0000] {processor.py:183} INFO - Processing /opt/airflow/dags/airflow_dag_spark_streaming.py took 0.158 seconds
[2026-01-30T09:58:52.028+0000] {processor.py:161} INFO - Started process (PID=1674) to work on /opt/airflow/dags/airflow_dag_spark_streaming.py
[2026-01-30T09:58:52.030+0000] {processor.py:830} INFO - Processing file /opt/airflow/dags/airflow_dag_spark_streaming.py for tasks to queue
[2026-01-30T09:58:52.032+0000] {logging_mixin.py:188} INFO - [2026-01-30T09:58:52.031+0000] {dagbag.py:538} INFO - Filling up the DagBag from /opt/airflow/dags/airflow_dag_spark_streaming.py
[2026-01-30T09:58:52.053+0000] {processor.py:840} INFO - DAG(s) 'spark_sgp4_streaming' retrieved from /opt/airflow/dags/airflow_dag_spark_streaming.py
[2026-01-30T09:58:52.119+0000] {logging_mixin.py:188} INFO - [2026-01-30T09:58:52.119+0000] {dag.py:3036} INFO - Sync 1 DAGs
[2026-01-30T09:58:52.150+0000] {logging_mixin.py:188} INFO - [2026-01-30T09:58:52.150+0000] {dag.py:3823} INFO - Setting next_dagrun for spark_sgp4_streaming to None, run_after=None
[2026-01-30T09:58:52.189+0000] {processor.py:183} INFO - Processing /opt/airflow/dags/airflow_dag_spark_streaming.py took 0.167 seconds
[2026-01-30T09:59:22.409+0000] {processor.py:161} INFO - Started process (PID=1684) to work on /opt/airflow/dags/airflow_dag_spark_streaming.py
[2026-01-30T09:59:22.410+0000] {processor.py:830} INFO - Processing file /opt/airflow/dags/airflow_dag_spark_streaming.py for tasks to queue
[2026-01-30T09:59:22.412+0000] {logging_mixin.py:188} INFO - [2026-01-30T09:59:22.411+0000] {dagbag.py:538} INFO - Filling up the DagBag from /opt/airflow/dags/airflow_dag_spark_streaming.py
[2026-01-30T09:59:22.434+0000] {processor.py:840} INFO - DAG(s) 'spark_sgp4_streaming' retrieved from /opt/airflow/dags/airflow_dag_spark_streaming.py
[2026-01-30T09:59:22.494+0000] {logging_mixin.py:188} INFO - [2026-01-30T09:59:22.494+0000] {dag.py:3036} INFO - Sync 1 DAGs
[2026-01-30T09:59:22.521+0000] {logging_mixin.py:188} INFO - [2026-01-30T09:59:22.520+0000] {dag.py:3823} INFO - Setting next_dagrun for spark_sgp4_streaming to None, run_after=None
[2026-01-30T09:59:22.556+0000] {processor.py:183} INFO - Processing /opt/airflow/dags/airflow_dag_spark_streaming.py took 0.154 seconds
[2026-01-30T09:59:52.767+0000] {processor.py:161} INFO - Started process (PID=1694) to work on /opt/airflow/dags/airflow_dag_spark_streaming.py
[2026-01-30T09:59:52.769+0000] {processor.py:830} INFO - Processing file /opt/airflow/dags/airflow_dag_spark_streaming.py for tasks to queue
[2026-01-30T09:59:52.770+0000] {logging_mixin.py:188} INFO - [2026-01-30T09:59:52.770+0000] {dagbag.py:538} INFO - Filling up the DagBag from /opt/airflow/dags/airflow_dag_spark_streaming.py
[2026-01-30T09:59:52.793+0000] {processor.py:840} INFO - DAG(s) 'spark_sgp4_streaming' retrieved from /opt/airflow/dags/airflow_dag_spark_streaming.py
[2026-01-30T09:59:52.855+0000] {logging_mixin.py:188} INFO - [2026-01-30T09:59:52.855+0000] {dag.py:3036} INFO - Sync 1 DAGs
[2026-01-30T09:59:52.884+0000] {logging_mixin.py:188} INFO - [2026-01-30T09:59:52.883+0000] {dag.py:3823} INFO - Setting next_dagrun for spark_sgp4_streaming to None, run_after=None
[2026-01-30T09:59:52.923+0000] {processor.py:183} INFO - Processing /opt/airflow/dags/airflow_dag_spark_streaming.py took 0.162 seconds
[2026-01-30T10:00:23.135+0000] {processor.py:161} INFO - Started process (PID=1704) to work on /opt/airflow/dags/airflow_dag_spark_streaming.py
[2026-01-30T10:00:23.138+0000] {processor.py:830} INFO - Processing file /opt/airflow/dags/airflow_dag_spark_streaming.py for tasks to queue
[2026-01-30T10:00:23.140+0000] {logging_mixin.py:188} INFO - [2026-01-30T10:00:23.139+0000] {dagbag.py:538} INFO - Filling up the DagBag from /opt/airflow/dags/airflow_dag_spark_streaming.py
[2026-01-30T10:00:23.162+0000] {processor.py:840} INFO - DAG(s) 'spark_sgp4_streaming' retrieved from /opt/airflow/dags/airflow_dag_spark_streaming.py
[2026-01-30T10:00:23.222+0000] {logging_mixin.py:188} INFO - [2026-01-30T10:00:23.222+0000] {dag.py:3036} INFO - Sync 1 DAGs
[2026-01-30T10:00:23.249+0000] {logging_mixin.py:188} INFO - [2026-01-30T10:00:23.249+0000] {dag.py:3823} INFO - Setting next_dagrun for spark_sgp4_streaming to None, run_after=None
[2026-01-30T10:00:23.284+0000] {processor.py:183} INFO - Processing /opt/airflow/dags/airflow_dag_spark_streaming.py took 0.156 seconds
[2026-01-30T10:00:53.493+0000] {processor.py:161} INFO - Started process (PID=1714) to work on /opt/airflow/dags/airflow_dag_spark_streaming.py
[2026-01-30T10:00:53.495+0000] {processor.py:830} INFO - Processing file /opt/airflow/dags/airflow_dag_spark_streaming.py for tasks to queue
[2026-01-30T10:00:53.496+0000] {logging_mixin.py:188} INFO - [2026-01-30T10:00:53.496+0000] {dagbag.py:538} INFO - Filling up the DagBag from /opt/airflow/dags/airflow_dag_spark_streaming.py
[2026-01-30T10:00:53.518+0000] {processor.py:840} INFO - DAG(s) 'spark_sgp4_streaming' retrieved from /opt/airflow/dags/airflow_dag_spark_streaming.py
[2026-01-30T10:00:53.577+0000] {logging_mixin.py:188} INFO - [2026-01-30T10:00:53.576+0000] {dag.py:3036} INFO - Sync 1 DAGs
[2026-01-30T10:00:53.603+0000] {logging_mixin.py:188} INFO - [2026-01-30T10:00:53.602+0000] {dag.py:3823} INFO - Setting next_dagrun for spark_sgp4_streaming to None, run_after=None
[2026-01-30T10:00:53.638+0000] {processor.py:183} INFO - Processing /opt/airflow/dags/airflow_dag_spark_streaming.py took 0.152 seconds
[2026-01-30T10:01:23.843+0000] {processor.py:161} INFO - Started process (PID=1724) to work on /opt/airflow/dags/airflow_dag_spark_streaming.py
[2026-01-30T10:01:23.846+0000] {processor.py:830} INFO - Processing file /opt/airflow/dags/airflow_dag_spark_streaming.py for tasks to queue
[2026-01-30T10:01:23.848+0000] {logging_mixin.py:188} INFO - [2026-01-30T10:01:23.847+0000] {dagbag.py:538} INFO - Filling up the DagBag from /opt/airflow/dags/airflow_dag_spark_streaming.py
[2026-01-30T10:01:23.872+0000] {processor.py:840} INFO - DAG(s) 'spark_sgp4_streaming' retrieved from /opt/airflow/dags/airflow_dag_spark_streaming.py
[2026-01-30T10:01:23.933+0000] {logging_mixin.py:188} INFO - [2026-01-30T10:01:23.932+0000] {dag.py:3036} INFO - Sync 1 DAGs
[2026-01-30T10:01:23.961+0000] {logging_mixin.py:188} INFO - [2026-01-30T10:01:23.961+0000] {dag.py:3823} INFO - Setting next_dagrun for spark_sgp4_streaming to None, run_after=None
[2026-01-30T10:01:23.996+0000] {processor.py:183} INFO - Processing /opt/airflow/dags/airflow_dag_spark_streaming.py took 0.159 seconds
[2026-01-30T10:01:54.201+0000] {processor.py:161} INFO - Started process (PID=1734) to work on /opt/airflow/dags/airflow_dag_spark_streaming.py
[2026-01-30T10:01:54.202+0000] {processor.py:830} INFO - Processing file /opt/airflow/dags/airflow_dag_spark_streaming.py for tasks to queue
[2026-01-30T10:01:54.204+0000] {logging_mixin.py:188} INFO - [2026-01-30T10:01:54.203+0000] {dagbag.py:538} INFO - Filling up the DagBag from /opt/airflow/dags/airflow_dag_spark_streaming.py
[2026-01-30T10:01:54.226+0000] {processor.py:840} INFO - DAG(s) 'spark_sgp4_streaming' retrieved from /opt/airflow/dags/airflow_dag_spark_streaming.py
[2026-01-30T10:01:54.284+0000] {logging_mixin.py:188} INFO - [2026-01-30T10:01:54.284+0000] {dag.py:3036} INFO - Sync 1 DAGs
[2026-01-30T10:01:54.311+0000] {logging_mixin.py:188} INFO - [2026-01-30T10:01:54.311+0000] {dag.py:3823} INFO - Setting next_dagrun for spark_sgp4_streaming to None, run_after=None
[2026-01-30T10:01:54.346+0000] {processor.py:183} INFO - Processing /opt/airflow/dags/airflow_dag_spark_streaming.py took 0.153 seconds
[2026-01-30T10:02:24.558+0000] {processor.py:161} INFO - Started process (PID=1744) to work on /opt/airflow/dags/airflow_dag_spark_streaming.py
[2026-01-30T10:02:24.559+0000] {processor.py:830} INFO - Processing file /opt/airflow/dags/airflow_dag_spark_streaming.py for tasks to queue
[2026-01-30T10:02:24.561+0000] {logging_mixin.py:188} INFO - [2026-01-30T10:02:24.560+0000] {dagbag.py:538} INFO - Filling up the DagBag from /opt/airflow/dags/airflow_dag_spark_streaming.py
[2026-01-30T10:02:24.583+0000] {processor.py:840} INFO - DAG(s) 'spark_sgp4_streaming' retrieved from /opt/airflow/dags/airflow_dag_spark_streaming.py
[2026-01-30T10:02:24.645+0000] {logging_mixin.py:188} INFO - [2026-01-30T10:02:24.644+0000] {dag.py:3036} INFO - Sync 1 DAGs
[2026-01-30T10:02:24.672+0000] {logging_mixin.py:188} INFO - [2026-01-30T10:02:24.672+0000] {dag.py:3823} INFO - Setting next_dagrun for spark_sgp4_streaming to None, run_after=None
[2026-01-30T10:02:24.706+0000] {processor.py:183} INFO - Processing /opt/airflow/dags/airflow_dag_spark_streaming.py took 0.155 seconds
[2026-01-30T10:02:54.909+0000] {processor.py:161} INFO - Started process (PID=1754) to work on /opt/airflow/dags/airflow_dag_spark_streaming.py
[2026-01-30T10:02:54.913+0000] {processor.py:830} INFO - Processing file /opt/airflow/dags/airflow_dag_spark_streaming.py for tasks to queue
[2026-01-30T10:02:54.914+0000] {logging_mixin.py:188} INFO - [2026-01-30T10:02:54.913+0000] {dagbag.py:538} INFO - Filling up the DagBag from /opt/airflow/dags/airflow_dag_spark_streaming.py
[2026-01-30T10:02:54.936+0000] {processor.py:840} INFO - DAG(s) 'spark_sgp4_streaming' retrieved from /opt/airflow/dags/airflow_dag_spark_streaming.py
[2026-01-30T10:02:54.996+0000] {logging_mixin.py:188} INFO - [2026-01-30T10:02:54.996+0000] {dag.py:3036} INFO - Sync 1 DAGs
[2026-01-30T10:02:55.024+0000] {logging_mixin.py:188} INFO - [2026-01-30T10:02:55.024+0000] {dag.py:3823} INFO - Setting next_dagrun for spark_sgp4_streaming to None, run_after=None
[2026-01-30T10:02:55.059+0000] {processor.py:183} INFO - Processing /opt/airflow/dags/airflow_dag_spark_streaming.py took 0.156 seconds
[2026-01-30T10:03:25.272+0000] {processor.py:161} INFO - Started process (PID=1764) to work on /opt/airflow/dags/airflow_dag_spark_streaming.py
[2026-01-30T10:03:25.274+0000] {processor.py:830} INFO - Processing file /opt/airflow/dags/airflow_dag_spark_streaming.py for tasks to queue
[2026-01-30T10:03:25.275+0000] {logging_mixin.py:188} INFO - [2026-01-30T10:03:25.275+0000] {dagbag.py:538} INFO - Filling up the DagBag from /opt/airflow/dags/airflow_dag_spark_streaming.py
[2026-01-30T10:03:25.297+0000] {processor.py:840} INFO - DAG(s) 'spark_sgp4_streaming' retrieved from /opt/airflow/dags/airflow_dag_spark_streaming.py
[2026-01-30T10:03:25.357+0000] {logging_mixin.py:188} INFO - [2026-01-30T10:03:25.356+0000] {dag.py:3036} INFO - Sync 1 DAGs
[2026-01-30T10:03:25.384+0000] {logging_mixin.py:188} INFO - [2026-01-30T10:03:25.384+0000] {dag.py:3823} INFO - Setting next_dagrun for spark_sgp4_streaming to None, run_after=None
[2026-01-30T10:03:25.419+0000] {processor.py:183} INFO - Processing /opt/airflow/dags/airflow_dag_spark_streaming.py took 0.153 seconds
[2026-01-30T10:03:55.613+0000] {processor.py:161} INFO - Started process (PID=1774) to work on /opt/airflow/dags/airflow_dag_spark_streaming.py
[2026-01-30T10:03:55.616+0000] {processor.py:830} INFO - Processing file /opt/airflow/dags/airflow_dag_spark_streaming.py for tasks to queue
[2026-01-30T10:03:55.618+0000] {logging_mixin.py:188} INFO - [2026-01-30T10:03:55.617+0000] {dagbag.py:538} INFO - Filling up the DagBag from /opt/airflow/dags/airflow_dag_spark_streaming.py
[2026-01-30T10:03:55.638+0000] {processor.py:840} INFO - DAG(s) 'spark_sgp4_streaming' retrieved from /opt/airflow/dags/airflow_dag_spark_streaming.py
[2026-01-30T10:03:55.693+0000] {logging_mixin.py:188} INFO - [2026-01-30T10:03:55.693+0000] {dag.py:3036} INFO - Sync 1 DAGs
[2026-01-30T10:03:55.720+0000] {logging_mixin.py:188} INFO - [2026-01-30T10:03:55.720+0000] {dag.py:3823} INFO - Setting next_dagrun for spark_sgp4_streaming to None, run_after=None
[2026-01-30T10:03:55.753+0000] {processor.py:183} INFO - Processing /opt/airflow/dags/airflow_dag_spark_streaming.py took 0.146 seconds
[2026-01-30T10:04:25.945+0000] {processor.py:161} INFO - Started process (PID=1784) to work on /opt/airflow/dags/airflow_dag_spark_streaming.py
[2026-01-30T10:04:25.946+0000] {processor.py:830} INFO - Processing file /opt/airflow/dags/airflow_dag_spark_streaming.py for tasks to queue
[2026-01-30T10:04:25.948+0000] {logging_mixin.py:188} INFO - [2026-01-30T10:04:25.947+0000] {dagbag.py:538} INFO - Filling up the DagBag from /opt/airflow/dags/airflow_dag_spark_streaming.py
[2026-01-30T10:04:25.968+0000] {processor.py:840} INFO - DAG(s) 'spark_sgp4_streaming' retrieved from /opt/airflow/dags/airflow_dag_spark_streaming.py
[2026-01-30T10:04:26.023+0000] {logging_mixin.py:188} INFO - [2026-01-30T10:04:26.023+0000] {dag.py:3036} INFO - Sync 1 DAGs
[2026-01-30T10:04:26.050+0000] {logging_mixin.py:188} INFO - [2026-01-30T10:04:26.050+0000] {dag.py:3823} INFO - Setting next_dagrun for spark_sgp4_streaming to None, run_after=None
[2026-01-30T10:04:26.085+0000] {processor.py:183} INFO - Processing /opt/airflow/dags/airflow_dag_spark_streaming.py took 0.146 seconds
[2026-01-30T10:04:56.283+0000] {processor.py:161} INFO - Started process (PID=1794) to work on /opt/airflow/dags/airflow_dag_spark_streaming.py
[2026-01-30T10:04:56.284+0000] {processor.py:830} INFO - Processing file /opt/airflow/dags/airflow_dag_spark_streaming.py for tasks to queue
[2026-01-30T10:04:56.286+0000] {logging_mixin.py:188} INFO - [2026-01-30T10:04:56.285+0000] {dagbag.py:538} INFO - Filling up the DagBag from /opt/airflow/dags/airflow_dag_spark_streaming.py
[2026-01-30T10:04:56.309+0000] {processor.py:840} INFO - DAG(s) 'spark_sgp4_streaming' retrieved from /opt/airflow/dags/airflow_dag_spark_streaming.py
[2026-01-30T10:04:56.369+0000] {logging_mixin.py:188} INFO - [2026-01-30T10:04:56.369+0000] {dag.py:3036} INFO - Sync 1 DAGs
[2026-01-30T10:04:56.397+0000] {logging_mixin.py:188} INFO - [2026-01-30T10:04:56.396+0000] {dag.py:3823} INFO - Setting next_dagrun for spark_sgp4_streaming to None, run_after=None
[2026-01-30T10:04:56.433+0000] {processor.py:183} INFO - Processing /opt/airflow/dags/airflow_dag_spark_streaming.py took 0.156 seconds
[2026-01-30T10:05:26.639+0000] {processor.py:161} INFO - Started process (PID=1804) to work on /opt/airflow/dags/airflow_dag_spark_streaming.py
[2026-01-30T10:05:26.642+0000] {processor.py:830} INFO - Processing file /opt/airflow/dags/airflow_dag_spark_streaming.py for tasks to queue
[2026-01-30T10:05:26.644+0000] {logging_mixin.py:188} INFO - [2026-01-30T10:05:26.643+0000] {dagbag.py:538} INFO - Filling up the DagBag from /opt/airflow/dags/airflow_dag_spark_streaming.py
[2026-01-30T10:05:26.665+0000] {processor.py:840} INFO - DAG(s) 'spark_sgp4_streaming' retrieved from /opt/airflow/dags/airflow_dag_spark_streaming.py
[2026-01-30T10:05:26.725+0000] {logging_mixin.py:188} INFO - [2026-01-30T10:05:26.725+0000] {dag.py:3036} INFO - Sync 1 DAGs
[2026-01-30T10:05:26.752+0000] {logging_mixin.py:188} INFO - [2026-01-30T10:05:26.752+0000] {dag.py:3823} INFO - Setting next_dagrun for spark_sgp4_streaming to None, run_after=None
[2026-01-30T10:05:26.787+0000] {processor.py:183} INFO - Processing /opt/airflow/dags/airflow_dag_spark_streaming.py took 0.155 seconds
[2026-01-30T10:05:56.997+0000] {processor.py:161} INFO - Started process (PID=1814) to work on /opt/airflow/dags/airflow_dag_spark_streaming.py
[2026-01-30T10:05:56.998+0000] {processor.py:830} INFO - Processing file /opt/airflow/dags/airflow_dag_spark_streaming.py for tasks to queue
[2026-01-30T10:05:57.000+0000] {logging_mixin.py:188} INFO - [2026-01-30T10:05:56.999+0000] {dagbag.py:538} INFO - Filling up the DagBag from /opt/airflow/dags/airflow_dag_spark_streaming.py
[2026-01-30T10:05:57.022+0000] {processor.py:840} INFO - DAG(s) 'spark_sgp4_streaming' retrieved from /opt/airflow/dags/airflow_dag_spark_streaming.py
[2026-01-30T10:05:57.082+0000] {logging_mixin.py:188} INFO - [2026-01-30T10:05:57.082+0000] {dag.py:3036} INFO - Sync 1 DAGs
[2026-01-30T10:05:57.110+0000] {logging_mixin.py:188} INFO - [2026-01-30T10:05:57.109+0000] {dag.py:3823} INFO - Setting next_dagrun for spark_sgp4_streaming to None, run_after=None
[2026-01-30T10:05:57.145+0000] {processor.py:183} INFO - Processing /opt/airflow/dags/airflow_dag_spark_streaming.py took 0.155 seconds
[2026-01-30T10:06:27.354+0000] {processor.py:161} INFO - Started process (PID=1824) to work on /opt/airflow/dags/airflow_dag_spark_streaming.py
[2026-01-30T10:06:27.357+0000] {processor.py:830} INFO - Processing file /opt/airflow/dags/airflow_dag_spark_streaming.py for tasks to queue
[2026-01-30T10:06:27.359+0000] {logging_mixin.py:188} INFO - [2026-01-30T10:06:27.358+0000] {dagbag.py:538} INFO - Filling up the DagBag from /opt/airflow/dags/airflow_dag_spark_streaming.py
[2026-01-30T10:06:27.381+0000] {processor.py:840} INFO - DAG(s) 'spark_sgp4_streaming' retrieved from /opt/airflow/dags/airflow_dag_spark_streaming.py
[2026-01-30T10:06:27.440+0000] {logging_mixin.py:188} INFO - [2026-01-30T10:06:27.440+0000] {dag.py:3036} INFO - Sync 1 DAGs
[2026-01-30T10:06:27.467+0000] {logging_mixin.py:188} INFO - [2026-01-30T10:06:27.467+0000] {dag.py:3823} INFO - Setting next_dagrun for spark_sgp4_streaming to None, run_after=None
[2026-01-30T10:06:27.503+0000] {processor.py:183} INFO - Processing /opt/airflow/dags/airflow_dag_spark_streaming.py took 0.155 seconds
[2026-01-30T10:06:57.707+0000] {processor.py:161} INFO - Started process (PID=1834) to work on /opt/airflow/dags/airflow_dag_spark_streaming.py
[2026-01-30T10:06:57.708+0000] {processor.py:830} INFO - Processing file /opt/airflow/dags/airflow_dag_spark_streaming.py for tasks to queue
[2026-01-30T10:06:57.710+0000] {logging_mixin.py:188} INFO - [2026-01-30T10:06:57.709+0000] {dagbag.py:538} INFO - Filling up the DagBag from /opt/airflow/dags/airflow_dag_spark_streaming.py
[2026-01-30T10:06:57.733+0000] {processor.py:840} INFO - DAG(s) 'spark_sgp4_streaming' retrieved from /opt/airflow/dags/airflow_dag_spark_streaming.py
[2026-01-30T10:06:57.794+0000] {logging_mixin.py:188} INFO - [2026-01-30T10:06:57.793+0000] {dag.py:3036} INFO - Sync 1 DAGs
[2026-01-30T10:06:57.821+0000] {logging_mixin.py:188} INFO - [2026-01-30T10:06:57.820+0000] {dag.py:3823} INFO - Setting next_dagrun for spark_sgp4_streaming to None, run_after=None
[2026-01-30T10:06:57.856+0000] {processor.py:183} INFO - Processing /opt/airflow/dags/airflow_dag_spark_streaming.py took 0.156 seconds
[2026-01-30T10:07:28.066+0000] {processor.py:161} INFO - Started process (PID=1844) to work on /opt/airflow/dags/airflow_dag_spark_streaming.py
[2026-01-30T10:07:28.067+0000] {processor.py:830} INFO - Processing file /opt/airflow/dags/airflow_dag_spark_streaming.py for tasks to queue
[2026-01-30T10:07:28.069+0000] {logging_mixin.py:188} INFO - [2026-01-30T10:07:28.068+0000] {dagbag.py:538} INFO - Filling up the DagBag from /opt/airflow/dags/airflow_dag_spark_streaming.py
[2026-01-30T10:07:28.091+0000] {processor.py:840} INFO - DAG(s) 'spark_sgp4_streaming' retrieved from /opt/airflow/dags/airflow_dag_spark_streaming.py
[2026-01-30T10:07:28.150+0000] {logging_mixin.py:188} INFO - [2026-01-30T10:07:28.149+0000] {dag.py:3036} INFO - Sync 1 DAGs
[2026-01-30T10:07:28.177+0000] {logging_mixin.py:188} INFO - [2026-01-30T10:07:28.177+0000] {dag.py:3823} INFO - Setting next_dagrun for spark_sgp4_streaming to None, run_after=None
[2026-01-30T10:07:28.212+0000] {processor.py:183} INFO - Processing /opt/airflow/dags/airflow_dag_spark_streaming.py took 0.153 seconds
[2026-01-30T10:07:58.407+0000] {processor.py:161} INFO - Started process (PID=1854) to work on /opt/airflow/dags/airflow_dag_spark_streaming.py
[2026-01-30T10:07:58.408+0000] {processor.py:830} INFO - Processing file /opt/airflow/dags/airflow_dag_spark_streaming.py for tasks to queue
[2026-01-30T10:07:58.410+0000] {logging_mixin.py:188} INFO - [2026-01-30T10:07:58.409+0000] {dagbag.py:538} INFO - Filling up the DagBag from /opt/airflow/dags/airflow_dag_spark_streaming.py
[2026-01-30T10:07:58.430+0000] {processor.py:840} INFO - DAG(s) 'spark_sgp4_streaming' retrieved from /opt/airflow/dags/airflow_dag_spark_streaming.py
[2026-01-30T10:07:58.483+0000] {logging_mixin.py:188} INFO - [2026-01-30T10:07:58.482+0000] {dag.py:3036} INFO - Sync 1 DAGs
[2026-01-30T10:07:58.504+0000] {logging_mixin.py:188} INFO - [2026-01-30T10:07:58.504+0000] {dag.py:3823} INFO - Setting next_dagrun for spark_sgp4_streaming to None, run_after=None
[2026-01-30T10:07:58.539+0000] {processor.py:183} INFO - Processing /opt/airflow/dags/airflow_dag_spark_streaming.py took 0.138 seconds
[2026-01-30T10:08:28.729+0000] {processor.py:161} INFO - Started process (PID=1864) to work on /opt/airflow/dags/airflow_dag_spark_streaming.py
[2026-01-30T10:08:28.731+0000] {processor.py:830} INFO - Processing file /opt/airflow/dags/airflow_dag_spark_streaming.py for tasks to queue
[2026-01-30T10:08:28.732+0000] {logging_mixin.py:188} INFO - [2026-01-30T10:08:28.732+0000] {dagbag.py:538} INFO - Filling up the DagBag from /opt/airflow/dags/airflow_dag_spark_streaming.py
[2026-01-30T10:08:28.753+0000] {processor.py:840} INFO - DAG(s) 'spark_sgp4_streaming' retrieved from /opt/airflow/dags/airflow_dag_spark_streaming.py
[2026-01-30T10:08:28.810+0000] {logging_mixin.py:188} INFO - [2026-01-30T10:08:28.810+0000] {dag.py:3036} INFO - Sync 1 DAGs
[2026-01-30T10:08:28.836+0000] {logging_mixin.py:188} INFO - [2026-01-30T10:08:28.835+0000] {dag.py:3823} INFO - Setting next_dagrun for spark_sgp4_streaming to None, run_after=None
[2026-01-30T10:08:28.868+0000] {processor.py:183} INFO - Processing /opt/airflow/dags/airflow_dag_spark_streaming.py took 0.144 seconds
[2026-01-30T10:08:59.053+0000] {processor.py:161} INFO - Started process (PID=1874) to work on /opt/airflow/dags/airflow_dag_spark_streaming.py
[2026-01-30T10:08:59.056+0000] {processor.py:830} INFO - Processing file /opt/airflow/dags/airflow_dag_spark_streaming.py for tasks to queue
[2026-01-30T10:08:59.058+0000] {logging_mixin.py:188} INFO - [2026-01-30T10:08:59.057+0000] {dagbag.py:538} INFO - Filling up the DagBag from /opt/airflow/dags/airflow_dag_spark_streaming.py
[2026-01-30T10:08:59.078+0000] {processor.py:840} INFO - DAG(s) 'spark_sgp4_streaming' retrieved from /opt/airflow/dags/airflow_dag_spark_streaming.py
[2026-01-30T10:08:59.135+0000] {logging_mixin.py:188} INFO - [2026-01-30T10:08:59.135+0000] {dag.py:3036} INFO - Sync 1 DAGs
[2026-01-30T10:08:59.163+0000] {logging_mixin.py:188} INFO - [2026-01-30T10:08:59.162+0000] {dag.py:3823} INFO - Setting next_dagrun for spark_sgp4_streaming to None, run_after=None
[2026-01-30T10:08:59.196+0000] {processor.py:183} INFO - Processing /opt/airflow/dags/airflow_dag_spark_streaming.py took 0.150 seconds
[2026-01-30T10:09:29.406+0000] {processor.py:161} INFO - Started process (PID=1884) to work on /opt/airflow/dags/airflow_dag_spark_streaming.py
[2026-01-30T10:09:29.408+0000] {processor.py:830} INFO - Processing file /opt/airflow/dags/airflow_dag_spark_streaming.py for tasks to queue
[2026-01-30T10:09:29.409+0000] {logging_mixin.py:188} INFO - [2026-01-30T10:09:29.408+0000] {dagbag.py:538} INFO - Filling up the DagBag from /opt/airflow/dags/airflow_dag_spark_streaming.py
[2026-01-30T10:09:29.431+0000] {processor.py:840} INFO - DAG(s) 'spark_sgp4_streaming' retrieved from /opt/airflow/dags/airflow_dag_spark_streaming.py
[2026-01-30T10:09:29.492+0000] {logging_mixin.py:188} INFO - [2026-01-30T10:09:29.492+0000] {dag.py:3036} INFO - Sync 1 DAGs
[2026-01-30T10:09:29.519+0000] {logging_mixin.py:188} INFO - [2026-01-30T10:09:29.519+0000] {dag.py:3823} INFO - Setting next_dagrun for spark_sgp4_streaming to None, run_after=None
[2026-01-30T10:09:29.555+0000] {processor.py:183} INFO - Processing /opt/airflow/dags/airflow_dag_spark_streaming.py took 0.155 seconds
[2026-01-30T10:09:59.762+0000] {processor.py:161} INFO - Started process (PID=1894) to work on /opt/airflow/dags/airflow_dag_spark_streaming.py
[2026-01-30T10:09:59.764+0000] {processor.py:830} INFO - Processing file /opt/airflow/dags/airflow_dag_spark_streaming.py for tasks to queue
[2026-01-30T10:09:59.765+0000] {logging_mixin.py:188} INFO - [2026-01-30T10:09:59.765+0000] {dagbag.py:538} INFO - Filling up the DagBag from /opt/airflow/dags/airflow_dag_spark_streaming.py
[2026-01-30T10:09:59.787+0000] {processor.py:840} INFO - DAG(s) 'spark_sgp4_streaming' retrieved from /opt/airflow/dags/airflow_dag_spark_streaming.py
[2026-01-30T10:09:59.846+0000] {logging_mixin.py:188} INFO - [2026-01-30T10:09:59.846+0000] {dag.py:3036} INFO - Sync 1 DAGs
[2026-01-30T10:09:59.873+0000] {logging_mixin.py:188} INFO - [2026-01-30T10:09:59.872+0000] {dag.py:3823} INFO - Setting next_dagrun for spark_sgp4_streaming to None, run_after=None
[2026-01-30T10:09:59.908+0000] {processor.py:183} INFO - Processing /opt/airflow/dags/airflow_dag_spark_streaming.py took 0.152 seconds
[2026-01-30T10:10:30.115+0000] {processor.py:161} INFO - Started process (PID=1904) to work on /opt/airflow/dags/airflow_dag_spark_streaming.py
[2026-01-30T10:10:30.116+0000] {processor.py:830} INFO - Processing file /opt/airflow/dags/airflow_dag_spark_streaming.py for tasks to queue
[2026-01-30T10:10:30.118+0000] {logging_mixin.py:188} INFO - [2026-01-30T10:10:30.117+0000] {dagbag.py:538} INFO - Filling up the DagBag from /opt/airflow/dags/airflow_dag_spark_streaming.py
[2026-01-30T10:10:30.140+0000] {processor.py:840} INFO - DAG(s) 'spark_sgp4_streaming' retrieved from /opt/airflow/dags/airflow_dag_spark_streaming.py
[2026-01-30T10:10:30.200+0000] {logging_mixin.py:188} INFO - [2026-01-30T10:10:30.199+0000] {dag.py:3036} INFO - Sync 1 DAGs
[2026-01-30T10:10:30.228+0000] {logging_mixin.py:188} INFO - [2026-01-30T10:10:30.227+0000] {dag.py:3823} INFO - Setting next_dagrun for spark_sgp4_streaming to None, run_after=None
[2026-01-30T10:10:30.265+0000] {processor.py:183} INFO - Processing /opt/airflow/dags/airflow_dag_spark_streaming.py took 0.156 seconds
[2026-01-30T10:11:00.468+0000] {processor.py:161} INFO - Started process (PID=1914) to work on /opt/airflow/dags/airflow_dag_spark_streaming.py
[2026-01-30T10:11:00.472+0000] {processor.py:830} INFO - Processing file /opt/airflow/dags/airflow_dag_spark_streaming.py for tasks to queue
[2026-01-30T10:11:00.474+0000] {logging_mixin.py:188} INFO - [2026-01-30T10:11:00.473+0000] {dagbag.py:538} INFO - Filling up the DagBag from /opt/airflow/dags/airflow_dag_spark_streaming.py
[2026-01-30T10:11:00.496+0000] {processor.py:840} INFO - DAG(s) 'spark_sgp4_streaming' retrieved from /opt/airflow/dags/airflow_dag_spark_streaming.py
[2026-01-30T10:11:00.556+0000] {logging_mixin.py:188} INFO - [2026-01-30T10:11:00.555+0000] {dag.py:3036} INFO - Sync 1 DAGs
[2026-01-30T10:11:00.583+0000] {logging_mixin.py:188} INFO - [2026-01-30T10:11:00.583+0000] {dag.py:3823} INFO - Setting next_dagrun for spark_sgp4_streaming to None, run_after=None
[2026-01-30T10:11:00.619+0000] {processor.py:183} INFO - Processing /opt/airflow/dags/airflow_dag_spark_streaming.py took 0.158 seconds
[2026-01-30T10:11:30.815+0000] {processor.py:161} INFO - Started process (PID=1924) to work on /opt/airflow/dags/airflow_dag_spark_streaming.py
[2026-01-30T10:11:30.816+0000] {processor.py:830} INFO - Processing file /opt/airflow/dags/airflow_dag_spark_streaming.py for tasks to queue
[2026-01-30T10:11:30.818+0000] {logging_mixin.py:188} INFO - [2026-01-30T10:11:30.817+0000] {dagbag.py:538} INFO - Filling up the DagBag from /opt/airflow/dags/airflow_dag_spark_streaming.py
[2026-01-30T10:11:30.836+0000] {processor.py:840} INFO - DAG(s) 'spark_sgp4_streaming' retrieved from /opt/airflow/dags/airflow_dag_spark_streaming.py
[2026-01-30T10:11:30.892+0000] {logging_mixin.py:188} INFO - [2026-01-30T10:11:30.892+0000] {dag.py:3036} INFO - Sync 1 DAGs
[2026-01-30T10:11:30.918+0000] {logging_mixin.py:188} INFO - [2026-01-30T10:11:30.917+0000] {dag.py:3823} INFO - Setting next_dagrun for spark_sgp4_streaming to None, run_after=None
[2026-01-30T10:11:30.949+0000] {processor.py:183} INFO - Processing /opt/airflow/dags/airflow_dag_spark_streaming.py took 0.140 seconds
[2026-01-30T10:12:01.129+0000] {processor.py:161} INFO - Started process (PID=1934) to work on /opt/airflow/dags/airflow_dag_spark_streaming.py
[2026-01-30T10:12:01.130+0000] {processor.py:830} INFO - Processing file /opt/airflow/dags/airflow_dag_spark_streaming.py for tasks to queue
[2026-01-30T10:12:01.132+0000] {logging_mixin.py:188} INFO - [2026-01-30T10:12:01.131+0000] {dagbag.py:538} INFO - Filling up the DagBag from /opt/airflow/dags/airflow_dag_spark_streaming.py
[2026-01-30T10:12:01.153+0000] {processor.py:840} INFO - DAG(s) 'spark_sgp4_streaming' retrieved from /opt/airflow/dags/airflow_dag_spark_streaming.py
[2026-01-30T10:12:01.201+0000] {logging_mixin.py:188} INFO - [2026-01-30T10:12:01.201+0000] {dag.py:3036} INFO - Sync 1 DAGs
[2026-01-30T10:12:01.226+0000] {logging_mixin.py:188} INFO - [2026-01-30T10:12:01.226+0000] {dag.py:3823} INFO - Setting next_dagrun for spark_sgp4_streaming to None, run_after=None
[2026-01-30T10:12:01.257+0000] {processor.py:183} INFO - Processing /opt/airflow/dags/airflow_dag_spark_streaming.py took 0.134 seconds
[2026-01-30T10:12:31.439+0000] {processor.py:161} INFO - Started process (PID=1944) to work on /opt/airflow/dags/airflow_dag_spark_streaming.py
[2026-01-30T10:12:31.440+0000] {processor.py:830} INFO - Processing file /opt/airflow/dags/airflow_dag_spark_streaming.py for tasks to queue
[2026-01-30T10:12:31.442+0000] {logging_mixin.py:188} INFO - [2026-01-30T10:12:31.441+0000] {dagbag.py:538} INFO - Filling up the DagBag from /opt/airflow/dags/airflow_dag_spark_streaming.py
[2026-01-30T10:12:31.462+0000] {processor.py:840} INFO - DAG(s) 'spark_sgp4_streaming' retrieved from /opt/airflow/dags/airflow_dag_spark_streaming.py
[2026-01-30T10:12:31.515+0000] {logging_mixin.py:188} INFO - [2026-01-30T10:12:31.515+0000] {dag.py:3036} INFO - Sync 1 DAGs
[2026-01-30T10:12:31.535+0000] {logging_mixin.py:188} INFO - [2026-01-30T10:12:31.535+0000] {dag.py:3823} INFO - Setting next_dagrun for spark_sgp4_streaming to None, run_after=None
[2026-01-30T10:12:31.566+0000] {processor.py:183} INFO - Processing /opt/airflow/dags/airflow_dag_spark_streaming.py took 0.133 seconds
[2026-01-30T10:13:01.755+0000] {processor.py:161} INFO - Started process (PID=1954) to work on /opt/airflow/dags/airflow_dag_spark_streaming.py
[2026-01-30T10:13:01.758+0000] {processor.py:830} INFO - Processing file /opt/airflow/dags/airflow_dag_spark_streaming.py for tasks to queue
[2026-01-30T10:13:01.759+0000] {logging_mixin.py:188} INFO - [2026-01-30T10:13:01.759+0000] {dagbag.py:538} INFO - Filling up the DagBag from /opt/airflow/dags/airflow_dag_spark_streaming.py
[2026-01-30T10:13:01.779+0000] {processor.py:840} INFO - DAG(s) 'spark_sgp4_streaming' retrieved from /opt/airflow/dags/airflow_dag_spark_streaming.py
[2026-01-30T10:13:01.835+0000] {logging_mixin.py:188} INFO - [2026-01-30T10:13:01.835+0000] {dag.py:3036} INFO - Sync 1 DAGs
[2026-01-30T10:13:01.861+0000] {logging_mixin.py:188} INFO - [2026-01-30T10:13:01.861+0000] {dag.py:3823} INFO - Setting next_dagrun for spark_sgp4_streaming to None, run_after=None
[2026-01-30T10:13:01.891+0000] {processor.py:183} INFO - Processing /opt/airflow/dags/airflow_dag_spark_streaming.py took 0.143 seconds
[2026-01-30T10:13:32.103+0000] {processor.py:161} INFO - Started process (PID=1964) to work on /opt/airflow/dags/airflow_dag_spark_streaming.py
[2026-01-30T10:13:32.105+0000] {processor.py:830} INFO - Processing file /opt/airflow/dags/airflow_dag_spark_streaming.py for tasks to queue
[2026-01-30T10:13:32.107+0000] {logging_mixin.py:188} INFO - [2026-01-30T10:13:32.106+0000] {dagbag.py:538} INFO - Filling up the DagBag from /opt/airflow/dags/airflow_dag_spark_streaming.py
[2026-01-30T10:13:32.127+0000] {processor.py:840} INFO - DAG(s) 'spark_sgp4_streaming' retrieved from /opt/airflow/dags/airflow_dag_spark_streaming.py
[2026-01-30T10:13:32.183+0000] {logging_mixin.py:188} INFO - [2026-01-30T10:13:32.183+0000] {dag.py:3036} INFO - Sync 1 DAGs
[2026-01-30T10:13:32.211+0000] {logging_mixin.py:188} INFO - [2026-01-30T10:13:32.211+0000] {dag.py:3823} INFO - Setting next_dagrun for spark_sgp4_streaming to None, run_after=None
[2026-01-30T10:13:32.244+0000] {processor.py:183} INFO - Processing /opt/airflow/dags/airflow_dag_spark_streaming.py took 0.148 seconds
[2026-01-30T10:14:02.450+0000] {processor.py:161} INFO - Started process (PID=1974) to work on /opt/airflow/dags/airflow_dag_spark_streaming.py
[2026-01-30T10:14:02.452+0000] {processor.py:830} INFO - Processing file /opt/airflow/dags/airflow_dag_spark_streaming.py for tasks to queue
[2026-01-30T10:14:02.454+0000] {logging_mixin.py:188} INFO - [2026-01-30T10:14:02.453+0000] {dagbag.py:538} INFO - Filling up the DagBag from /opt/airflow/dags/airflow_dag_spark_streaming.py
[2026-01-30T10:14:02.476+0000] {processor.py:840} INFO - DAG(s) 'spark_sgp4_streaming' retrieved from /opt/airflow/dags/airflow_dag_spark_streaming.py
[2026-01-30T10:14:02.536+0000] {logging_mixin.py:188} INFO - [2026-01-30T10:14:02.535+0000] {dag.py:3036} INFO - Sync 1 DAGs
[2026-01-30T10:14:02.563+0000] {logging_mixin.py:188} INFO - [2026-01-30T10:14:02.562+0000] {dag.py:3823} INFO - Setting next_dagrun for spark_sgp4_streaming to None, run_after=None
[2026-01-30T10:14:02.598+0000] {processor.py:183} INFO - Processing /opt/airflow/dags/airflow_dag_spark_streaming.py took 0.154 seconds
[2026-01-30T10:14:32.842+0000] {processor.py:161} INFO - Started process (PID=1984) to work on /opt/airflow/dags/airflow_dag_spark_streaming.py
[2026-01-30T10:14:32.844+0000] {processor.py:830} INFO - Processing file /opt/airflow/dags/airflow_dag_spark_streaming.py for tasks to queue
[2026-01-30T10:14:32.845+0000] {logging_mixin.py:188} INFO - [2026-01-30T10:14:32.844+0000] {dagbag.py:538} INFO - Filling up the DagBag from /opt/airflow/dags/airflow_dag_spark_streaming.py
[2026-01-30T10:14:32.866+0000] {processor.py:840} INFO - DAG(s) 'spark_sgp4_streaming' retrieved from /opt/airflow/dags/airflow_dag_spark_streaming.py
[2026-01-30T10:14:32.929+0000] {logging_mixin.py:188} INFO - [2026-01-30T10:14:32.929+0000] {dag.py:3036} INFO - Sync 1 DAGs
[2026-01-30T10:14:32.954+0000] {logging_mixin.py:188} INFO - [2026-01-30T10:14:32.954+0000] {dag.py:3823} INFO - Setting next_dagrun for spark_sgp4_streaming to None, run_after=None
[2026-01-30T10:14:32.990+0000] {processor.py:183} INFO - Processing /opt/airflow/dags/airflow_dag_spark_streaming.py took 0.154 seconds
[2026-01-30T10:15:03.178+0000] {processor.py:161} INFO - Started process (PID=1994) to work on /opt/airflow/dags/airflow_dag_spark_streaming.py
[2026-01-30T10:15:03.180+0000] {processor.py:830} INFO - Processing file /opt/airflow/dags/airflow_dag_spark_streaming.py for tasks to queue
[2026-01-30T10:15:03.181+0000] {logging_mixin.py:188} INFO - [2026-01-30T10:15:03.181+0000] {dagbag.py:538} INFO - Filling up the DagBag from /opt/airflow/dags/airflow_dag_spark_streaming.py
[2026-01-30T10:15:03.197+0000] {processor.py:840} INFO - DAG(s) 'spark_sgp4_streaming' retrieved from /opt/airflow/dags/airflow_dag_spark_streaming.py
[2026-01-30T10:15:03.248+0000] {logging_mixin.py:188} INFO - [2026-01-30T10:15:03.248+0000] {dag.py:3036} INFO - Sync 1 DAGs
[2026-01-30T10:15:03.271+0000] {logging_mixin.py:188} INFO - [2026-01-30T10:15:03.271+0000] {dag.py:3823} INFO - Setting next_dagrun for spark_sgp4_streaming to None, run_after=None
[2026-01-30T10:15:03.300+0000] {processor.py:183} INFO - Processing /opt/airflow/dags/airflow_dag_spark_streaming.py took 0.128 seconds
[2026-01-30T10:15:33.488+0000] {processor.py:161} INFO - Started process (PID=2004) to work on /opt/airflow/dags/airflow_dag_spark_streaming.py
[2026-01-30T10:15:33.489+0000] {processor.py:830} INFO - Processing file /opt/airflow/dags/airflow_dag_spark_streaming.py for tasks to queue
[2026-01-30T10:15:33.491+0000] {logging_mixin.py:188} INFO - [2026-01-30T10:15:33.490+0000] {dagbag.py:538} INFO - Filling up the DagBag from /opt/airflow/dags/airflow_dag_spark_streaming.py
[2026-01-30T10:15:33.510+0000] {processor.py:840} INFO - DAG(s) 'spark_sgp4_streaming' retrieved from /opt/airflow/dags/airflow_dag_spark_streaming.py
[2026-01-30T10:15:33.565+0000] {logging_mixin.py:188} INFO - [2026-01-30T10:15:33.564+0000] {dag.py:3036} INFO - Sync 1 DAGs
[2026-01-30T10:15:33.591+0000] {logging_mixin.py:188} INFO - [2026-01-30T10:15:33.590+0000] {dag.py:3823} INFO - Setting next_dagrun for spark_sgp4_streaming to None, run_after=None
[2026-01-30T10:15:33.623+0000] {processor.py:183} INFO - Processing /opt/airflow/dags/airflow_dag_spark_streaming.py took 0.141 seconds
[2026-01-30T10:16:03.807+0000] {processor.py:161} INFO - Started process (PID=2014) to work on /opt/airflow/dags/airflow_dag_spark_streaming.py
[2026-01-30T10:16:03.808+0000] {processor.py:830} INFO - Processing file /opt/airflow/dags/airflow_dag_spark_streaming.py for tasks to queue
[2026-01-30T10:16:03.810+0000] {logging_mixin.py:188} INFO - [2026-01-30T10:16:03.809+0000] {dagbag.py:538} INFO - Filling up the DagBag from /opt/airflow/dags/airflow_dag_spark_streaming.py
[2026-01-30T10:16:03.830+0000] {processor.py:840} INFO - DAG(s) 'spark_sgp4_streaming' retrieved from /opt/airflow/dags/airflow_dag_spark_streaming.py
[2026-01-30T10:16:03.880+0000] {logging_mixin.py:188} INFO - [2026-01-30T10:16:03.879+0000] {dag.py:3036} INFO - Sync 1 DAGs
[2026-01-30T10:16:03.900+0000] {logging_mixin.py:188} INFO - [2026-01-30T10:16:03.900+0000] {dag.py:3823} INFO - Setting next_dagrun for spark_sgp4_streaming to None, run_after=None
[2026-01-30T10:16:03.932+0000] {processor.py:183} INFO - Processing /opt/airflow/dags/airflow_dag_spark_streaming.py took 0.131 seconds
[2026-01-30T10:16:34.114+0000] {processor.py:161} INFO - Started process (PID=2024) to work on /opt/airflow/dags/airflow_dag_spark_streaming.py
[2026-01-30T10:16:34.115+0000] {processor.py:830} INFO - Processing file /opt/airflow/dags/airflow_dag_spark_streaming.py for tasks to queue
[2026-01-30T10:16:34.116+0000] {logging_mixin.py:188} INFO - [2026-01-30T10:16:34.115+0000] {dagbag.py:538} INFO - Filling up the DagBag from /opt/airflow/dags/airflow_dag_spark_streaming.py
[2026-01-30T10:16:34.133+0000] {processor.py:840} INFO - DAG(s) 'spark_sgp4_streaming' retrieved from /opt/airflow/dags/airflow_dag_spark_streaming.py
[2026-01-30T10:16:34.185+0000] {logging_mixin.py:188} INFO - [2026-01-30T10:16:34.185+0000] {dag.py:3036} INFO - Sync 1 DAGs
[2026-01-30T10:16:34.207+0000] {logging_mixin.py:188} INFO - [2026-01-30T10:16:34.207+0000] {dag.py:3823} INFO - Setting next_dagrun for spark_sgp4_streaming to None, run_after=None
[2026-01-30T10:16:34.237+0000] {processor.py:183} INFO - Processing /opt/airflow/dags/airflow_dag_spark_streaming.py took 0.129 seconds
[2026-01-30T10:17:04.437+0000] {processor.py:161} INFO - Started process (PID=2034) to work on /opt/airflow/dags/airflow_dag_spark_streaming.py
[2026-01-30T10:17:04.441+0000] {processor.py:830} INFO - Processing file /opt/airflow/dags/airflow_dag_spark_streaming.py for tasks to queue
[2026-01-30T10:17:04.442+0000] {logging_mixin.py:188} INFO - [2026-01-30T10:17:04.442+0000] {dagbag.py:538} INFO - Filling up the DagBag from /opt/airflow/dags/airflow_dag_spark_streaming.py
[2026-01-30T10:17:04.465+0000] {processor.py:840} INFO - DAG(s) 'spark_sgp4_streaming' retrieved from /opt/airflow/dags/airflow_dag_spark_streaming.py
[2026-01-30T10:17:04.526+0000] {logging_mixin.py:188} INFO - [2026-01-30T10:17:04.526+0000] {dag.py:3036} INFO - Sync 1 DAGs
[2026-01-30T10:17:04.554+0000] {logging_mixin.py:188} INFO - [2026-01-30T10:17:04.553+0000] {dag.py:3823} INFO - Setting next_dagrun for spark_sgp4_streaming to None, run_after=None
[2026-01-30T10:17:04.589+0000] {processor.py:183} INFO - Processing /opt/airflow/dags/airflow_dag_spark_streaming.py took 0.158 seconds
[2026-01-30T10:17:34.797+0000] {processor.py:161} INFO - Started process (PID=2044) to work on /opt/airflow/dags/airflow_dag_spark_streaming.py
[2026-01-30T10:17:34.798+0000] {processor.py:830} INFO - Processing file /opt/airflow/dags/airflow_dag_spark_streaming.py for tasks to queue
[2026-01-30T10:17:34.800+0000] {logging_mixin.py:188} INFO - [2026-01-30T10:17:34.799+0000] {dagbag.py:538} INFO - Filling up the DagBag from /opt/airflow/dags/airflow_dag_spark_streaming.py
[2026-01-30T10:17:34.820+0000] {processor.py:840} INFO - DAG(s) 'spark_sgp4_streaming' retrieved from /opt/airflow/dags/airflow_dag_spark_streaming.py
[2026-01-30T10:17:34.877+0000] {logging_mixin.py:188} INFO - [2026-01-30T10:17:34.876+0000] {dag.py:3036} INFO - Sync 1 DAGs
[2026-01-30T10:17:34.904+0000] {logging_mixin.py:188} INFO - [2026-01-30T10:17:34.903+0000] {dag.py:3823} INFO - Setting next_dagrun for spark_sgp4_streaming to None, run_after=None
[2026-01-30T10:17:34.937+0000] {processor.py:183} INFO - Processing /opt/airflow/dags/airflow_dag_spark_streaming.py took 0.146 seconds
[2026-01-30T10:18:05.141+0000] {processor.py:161} INFO - Started process (PID=2054) to work on /opt/airflow/dags/airflow_dag_spark_streaming.py
[2026-01-30T10:18:05.143+0000] {processor.py:830} INFO - Processing file /opt/airflow/dags/airflow_dag_spark_streaming.py for tasks to queue
[2026-01-30T10:18:05.144+0000] {logging_mixin.py:188} INFO - [2026-01-30T10:18:05.144+0000] {dagbag.py:538} INFO - Filling up the DagBag from /opt/airflow/dags/airflow_dag_spark_streaming.py
[2026-01-30T10:18:05.166+0000] {processor.py:840} INFO - DAG(s) 'spark_sgp4_streaming' retrieved from /opt/airflow/dags/airflow_dag_spark_streaming.py
[2026-01-30T10:18:05.226+0000] {logging_mixin.py:188} INFO - [2026-01-30T10:18:05.225+0000] {dag.py:3036} INFO - Sync 1 DAGs
[2026-01-30T10:18:05.254+0000] {logging_mixin.py:188} INFO - [2026-01-30T10:18:05.253+0000] {dag.py:3823} INFO - Setting next_dagrun for spark_sgp4_streaming to None, run_after=None
[2026-01-30T10:18:05.289+0000] {processor.py:183} INFO - Processing /opt/airflow/dags/airflow_dag_spark_streaming.py took 0.154 seconds
[2026-01-30T10:18:35.494+0000] {processor.py:161} INFO - Started process (PID=2064) to work on /opt/airflow/dags/airflow_dag_spark_streaming.py
[2026-01-30T10:18:35.495+0000] {processor.py:830} INFO - Processing file /opt/airflow/dags/airflow_dag_spark_streaming.py for tasks to queue
[2026-01-30T10:18:35.497+0000] {logging_mixin.py:188} INFO - [2026-01-30T10:18:35.496+0000] {dagbag.py:538} INFO - Filling up the DagBag from /opt/airflow/dags/airflow_dag_spark_streaming.py
[2026-01-30T10:18:35.519+0000] {processor.py:840} INFO - DAG(s) 'spark_sgp4_streaming' retrieved from /opt/airflow/dags/airflow_dag_spark_streaming.py
[2026-01-30T10:18:35.581+0000] {logging_mixin.py:188} INFO - [2026-01-30T10:18:35.581+0000] {dag.py:3036} INFO - Sync 1 DAGs
[2026-01-30T10:18:35.609+0000] {logging_mixin.py:188} INFO - [2026-01-30T10:18:35.609+0000] {dag.py:3823} INFO - Setting next_dagrun for spark_sgp4_streaming to None, run_after=None
[2026-01-30T10:18:35.646+0000] {processor.py:183} INFO - Processing /opt/airflow/dags/airflow_dag_spark_streaming.py took 0.159 seconds
[2026-01-30T10:19:05.860+0000] {processor.py:161} INFO - Started process (PID=2074) to work on /opt/airflow/dags/airflow_dag_spark_streaming.py
[2026-01-30T10:19:05.863+0000] {processor.py:830} INFO - Processing file /opt/airflow/dags/airflow_dag_spark_streaming.py for tasks to queue
[2026-01-30T10:19:05.866+0000] {logging_mixin.py:188} INFO - [2026-01-30T10:19:05.865+0000] {dagbag.py:538} INFO - Filling up the DagBag from /opt/airflow/dags/airflow_dag_spark_streaming.py
[2026-01-30T10:19:05.889+0000] {processor.py:840} INFO - DAG(s) 'spark_sgp4_streaming' retrieved from /opt/airflow/dags/airflow_dag_spark_streaming.py
[2026-01-30T10:19:05.951+0000] {logging_mixin.py:188} INFO - [2026-01-30T10:19:05.950+0000] {dag.py:3036} INFO - Sync 1 DAGs
[2026-01-30T10:19:05.978+0000] {logging_mixin.py:188} INFO - [2026-01-30T10:19:05.977+0000] {dag.py:3823} INFO - Setting next_dagrun for spark_sgp4_streaming to None, run_after=None
[2026-01-30T10:19:06.014+0000] {processor.py:183} INFO - Processing /opt/airflow/dags/airflow_dag_spark_streaming.py took 0.161 seconds
[2026-01-30T10:19:36.239+0000] {processor.py:161} INFO - Started process (PID=2084) to work on /opt/airflow/dags/airflow_dag_spark_streaming.py
[2026-01-30T10:19:36.241+0000] {processor.py:830} INFO - Processing file /opt/airflow/dags/airflow_dag_spark_streaming.py for tasks to queue
[2026-01-30T10:19:36.243+0000] {logging_mixin.py:188} INFO - [2026-01-30T10:19:36.242+0000] {dagbag.py:538} INFO - Filling up the DagBag from /opt/airflow/dags/airflow_dag_spark_streaming.py
[2026-01-30T10:19:36.265+0000] {processor.py:840} INFO - DAG(s) 'spark_sgp4_streaming' retrieved from /opt/airflow/dags/airflow_dag_spark_streaming.py
[2026-01-30T10:19:36.324+0000] {logging_mixin.py:188} INFO - [2026-01-30T10:19:36.324+0000] {dag.py:3036} INFO - Sync 1 DAGs
[2026-01-30T10:19:36.354+0000] {logging_mixin.py:188} INFO - [2026-01-30T10:19:36.354+0000] {dag.py:3823} INFO - Setting next_dagrun for spark_sgp4_streaming to None, run_after=None
[2026-01-30T10:19:36.392+0000] {processor.py:183} INFO - Processing /opt/airflow/dags/airflow_dag_spark_streaming.py took 0.160 seconds
[2026-01-30T10:20:06.601+0000] {processor.py:161} INFO - Started process (PID=2094) to work on /opt/airflow/dags/airflow_dag_spark_streaming.py
[2026-01-30T10:20:06.603+0000] {processor.py:830} INFO - Processing file /opt/airflow/dags/airflow_dag_spark_streaming.py for tasks to queue
[2026-01-30T10:20:06.604+0000] {logging_mixin.py:188} INFO - [2026-01-30T10:20:06.604+0000] {dagbag.py:538} INFO - Filling up the DagBag from /opt/airflow/dags/airflow_dag_spark_streaming.py
[2026-01-30T10:20:06.626+0000] {processor.py:840} INFO - DAG(s) 'spark_sgp4_streaming' retrieved from /opt/airflow/dags/airflow_dag_spark_streaming.py
[2026-01-30T10:20:06.687+0000] {logging_mixin.py:188} INFO - [2026-01-30T10:20:06.687+0000] {dag.py:3036} INFO - Sync 1 DAGs
[2026-01-30T10:20:06.714+0000] {logging_mixin.py:188} INFO - [2026-01-30T10:20:06.714+0000] {dag.py:3823} INFO - Setting next_dagrun for spark_sgp4_streaming to None, run_after=None
[2026-01-30T10:20:06.750+0000] {processor.py:183} INFO - Processing /opt/airflow/dags/airflow_dag_spark_streaming.py took 0.155 seconds
[2026-01-30T10:20:36.955+0000] {processor.py:161} INFO - Started process (PID=2104) to work on /opt/airflow/dags/airflow_dag_spark_streaming.py
[2026-01-30T10:20:36.957+0000] {processor.py:830} INFO - Processing file /opt/airflow/dags/airflow_dag_spark_streaming.py for tasks to queue
[2026-01-30T10:20:36.958+0000] {logging_mixin.py:188} INFO - [2026-01-30T10:20:36.958+0000] {dagbag.py:538} INFO - Filling up the DagBag from /opt/airflow/dags/airflow_dag_spark_streaming.py
[2026-01-30T10:20:36.980+0000] {processor.py:840} INFO - DAG(s) 'spark_sgp4_streaming' retrieved from /opt/airflow/dags/airflow_dag_spark_streaming.py
[2026-01-30T10:20:37.036+0000] {logging_mixin.py:188} INFO - [2026-01-30T10:20:37.036+0000] {dag.py:3036} INFO - Sync 1 DAGs
[2026-01-30T10:20:37.062+0000] {logging_mixin.py:188} INFO - [2026-01-30T10:20:37.061+0000] {dag.py:3823} INFO - Setting next_dagrun for spark_sgp4_streaming to None, run_after=None
[2026-01-30T10:20:37.093+0000] {processor.py:183} INFO - Processing /opt/airflow/dags/airflow_dag_spark_streaming.py took 0.145 seconds
[2026-01-30T10:21:07.275+0000] {processor.py:161} INFO - Started process (PID=2114) to work on /opt/airflow/dags/airflow_dag_spark_streaming.py
[2026-01-30T10:21:07.276+0000] {processor.py:830} INFO - Processing file /opt/airflow/dags/airflow_dag_spark_streaming.py for tasks to queue
[2026-01-30T10:21:07.277+0000] {logging_mixin.py:188} INFO - [2026-01-30T10:21:07.277+0000] {dagbag.py:538} INFO - Filling up the DagBag from /opt/airflow/dags/airflow_dag_spark_streaming.py
[2026-01-30T10:21:07.293+0000] {processor.py:840} INFO - DAG(s) 'spark_sgp4_streaming' retrieved from /opt/airflow/dags/airflow_dag_spark_streaming.py
[2026-01-30T10:21:07.345+0000] {logging_mixin.py:188} INFO - [2026-01-30T10:21:07.345+0000] {dag.py:3036} INFO - Sync 1 DAGs
[2026-01-30T10:21:07.374+0000] {logging_mixin.py:188} INFO - [2026-01-30T10:21:07.373+0000] {dag.py:3823} INFO - Setting next_dagrun for spark_sgp4_streaming to None, run_after=None
[2026-01-30T10:21:07.405+0000] {processor.py:183} INFO - Processing /opt/airflow/dags/airflow_dag_spark_streaming.py took 0.137 seconds
[2026-01-30T10:21:37.599+0000] {processor.py:161} INFO - Started process (PID=2124) to work on /opt/airflow/dags/airflow_dag_spark_streaming.py
[2026-01-30T10:21:37.600+0000] {processor.py:830} INFO - Processing file /opt/airflow/dags/airflow_dag_spark_streaming.py for tasks to queue
[2026-01-30T10:21:37.601+0000] {logging_mixin.py:188} INFO - [2026-01-30T10:21:37.601+0000] {dagbag.py:538} INFO - Filling up the DagBag from /opt/airflow/dags/airflow_dag_spark_streaming.py
[2026-01-30T10:21:37.622+0000] {processor.py:840} INFO - DAG(s) 'spark_sgp4_streaming' retrieved from /opt/airflow/dags/airflow_dag_spark_streaming.py
[2026-01-30T10:21:37.676+0000] {logging_mixin.py:188} INFO - [2026-01-30T10:21:37.675+0000] {dag.py:3036} INFO - Sync 1 DAGs
[2026-01-30T10:21:37.703+0000] {logging_mixin.py:188} INFO - [2026-01-30T10:21:37.703+0000] {dag.py:3823} INFO - Setting next_dagrun for spark_sgp4_streaming to None, run_after=None
[2026-01-30T10:21:37.736+0000] {processor.py:183} INFO - Processing /opt/airflow/dags/airflow_dag_spark_streaming.py took 0.141 seconds
[2026-01-30T10:22:07.923+0000] {processor.py:161} INFO - Started process (PID=2134) to work on /opt/airflow/dags/airflow_dag_spark_streaming.py
[2026-01-30T10:22:07.924+0000] {processor.py:830} INFO - Processing file /opt/airflow/dags/airflow_dag_spark_streaming.py for tasks to queue
[2026-01-30T10:22:07.926+0000] {logging_mixin.py:188} INFO - [2026-01-30T10:22:07.925+0000] {dagbag.py:538} INFO - Filling up the DagBag from /opt/airflow/dags/airflow_dag_spark_streaming.py
[2026-01-30T10:22:07.946+0000] {processor.py:840} INFO - DAG(s) 'spark_sgp4_streaming' retrieved from /opt/airflow/dags/airflow_dag_spark_streaming.py
[2026-01-30T10:22:08.006+0000] {logging_mixin.py:188} INFO - [2026-01-30T10:22:08.005+0000] {dag.py:3036} INFO - Sync 1 DAGs
[2026-01-30T10:22:08.032+0000] {logging_mixin.py:188} INFO - [2026-01-30T10:22:08.032+0000] {dag.py:3823} INFO - Setting next_dagrun for spark_sgp4_streaming to None, run_after=None
[2026-01-30T10:22:08.067+0000] {processor.py:183} INFO - Processing /opt/airflow/dags/airflow_dag_spark_streaming.py took 0.151 seconds
[2026-01-30T10:22:38.268+0000] {processor.py:161} INFO - Started process (PID=2144) to work on /opt/airflow/dags/airflow_dag_spark_streaming.py
[2026-01-30T10:22:38.269+0000] {processor.py:830} INFO - Processing file /opt/airflow/dags/airflow_dag_spark_streaming.py for tasks to queue
[2026-01-30T10:22:38.270+0000] {logging_mixin.py:188} INFO - [2026-01-30T10:22:38.270+0000] {dagbag.py:538} INFO - Filling up the DagBag from /opt/airflow/dags/airflow_dag_spark_streaming.py
[2026-01-30T10:22:38.291+0000] {processor.py:840} INFO - DAG(s) 'spark_sgp4_streaming' retrieved from /opt/airflow/dags/airflow_dag_spark_streaming.py
[2026-01-30T10:22:38.350+0000] {logging_mixin.py:188} INFO - [2026-01-30T10:22:38.350+0000] {dag.py:3036} INFO - Sync 1 DAGs
[2026-01-30T10:22:38.379+0000] {logging_mixin.py:188} INFO - [2026-01-30T10:22:38.379+0000] {dag.py:3823} INFO - Setting next_dagrun for spark_sgp4_streaming to None, run_after=None
[2026-01-30T10:22:38.417+0000] {processor.py:183} INFO - Processing /opt/airflow/dags/airflow_dag_spark_streaming.py took 0.156 seconds
[2026-01-30T10:23:08.615+0000] {processor.py:161} INFO - Started process (PID=2154) to work on /opt/airflow/dags/airflow_dag_spark_streaming.py
[2026-01-30T10:23:08.618+0000] {processor.py:830} INFO - Processing file /opt/airflow/dags/airflow_dag_spark_streaming.py for tasks to queue
[2026-01-30T10:23:08.619+0000] {logging_mixin.py:188} INFO - [2026-01-30T10:23:08.619+0000] {dagbag.py:538} INFO - Filling up the DagBag from /opt/airflow/dags/airflow_dag_spark_streaming.py
[2026-01-30T10:23:08.640+0000] {processor.py:840} INFO - DAG(s) 'spark_sgp4_streaming' retrieved from /opt/airflow/dags/airflow_dag_spark_streaming.py
[2026-01-30T10:23:08.697+0000] {logging_mixin.py:188} INFO - [2026-01-30T10:23:08.697+0000] {dag.py:3036} INFO - Sync 1 DAGs
[2026-01-30T10:23:08.725+0000] {logging_mixin.py:188} INFO - [2026-01-30T10:23:08.725+0000] {dag.py:3823} INFO - Setting next_dagrun for spark_sgp4_streaming to None, run_after=None
[2026-01-30T10:23:08.761+0000] {processor.py:183} INFO - Processing /opt/airflow/dags/airflow_dag_spark_streaming.py took 0.153 seconds
[2026-01-30T10:23:38.953+0000] {processor.py:161} INFO - Started process (PID=2164) to work on /opt/airflow/dags/airflow_dag_spark_streaming.py
[2026-01-30T10:23:38.954+0000] {processor.py:830} INFO - Processing file /opt/airflow/dags/airflow_dag_spark_streaming.py for tasks to queue
[2026-01-30T10:23:38.956+0000] {logging_mixin.py:188} INFO - [2026-01-30T10:23:38.955+0000] {dagbag.py:538} INFO - Filling up the DagBag from /opt/airflow/dags/airflow_dag_spark_streaming.py
[2026-01-30T10:23:38.978+0000] {processor.py:840} INFO - DAG(s) 'spark_sgp4_streaming' retrieved from /opt/airflow/dags/airflow_dag_spark_streaming.py
[2026-01-30T10:23:39.036+0000] {logging_mixin.py:188} INFO - [2026-01-30T10:23:39.036+0000] {dag.py:3036} INFO - Sync 1 DAGs
[2026-01-30T10:23:39.063+0000] {logging_mixin.py:188} INFO - [2026-01-30T10:23:39.063+0000] {dag.py:3823} INFO - Setting next_dagrun for spark_sgp4_streaming to None, run_after=None
[2026-01-30T10:23:39.094+0000] {processor.py:183} INFO - Processing /opt/airflow/dags/airflow_dag_spark_streaming.py took 0.148 seconds
[2026-01-30T10:24:09.287+0000] {processor.py:161} INFO - Started process (PID=2174) to work on /opt/airflow/dags/airflow_dag_spark_streaming.py
[2026-01-30T10:24:09.288+0000] {processor.py:830} INFO - Processing file /opt/airflow/dags/airflow_dag_spark_streaming.py for tasks to queue
[2026-01-30T10:24:09.290+0000] {logging_mixin.py:188} INFO - [2026-01-30T10:24:09.289+0000] {dagbag.py:538} INFO - Filling up the DagBag from /opt/airflow/dags/airflow_dag_spark_streaming.py
[2026-01-30T10:24:09.312+0000] {processor.py:840} INFO - DAG(s) 'spark_sgp4_streaming' retrieved from /opt/airflow/dags/airflow_dag_spark_streaming.py
[2026-01-30T10:24:09.371+0000] {logging_mixin.py:188} INFO - [2026-01-30T10:24:09.370+0000] {dag.py:3036} INFO - Sync 1 DAGs
[2026-01-30T10:24:09.398+0000] {logging_mixin.py:188} INFO - [2026-01-30T10:24:09.397+0000] {dag.py:3823} INFO - Setting next_dagrun for spark_sgp4_streaming to None, run_after=None
[2026-01-30T10:24:09.433+0000] {processor.py:183} INFO - Processing /opt/airflow/dags/airflow_dag_spark_streaming.py took 0.153 seconds
[2026-01-30T10:24:39.647+0000] {processor.py:161} INFO - Started process (PID=2184) to work on /opt/airflow/dags/airflow_dag_spark_streaming.py
[2026-01-30T10:24:39.648+0000] {processor.py:830} INFO - Processing file /opt/airflow/dags/airflow_dag_spark_streaming.py for tasks to queue
[2026-01-30T10:24:39.650+0000] {logging_mixin.py:188} INFO - [2026-01-30T10:24:39.649+0000] {dagbag.py:538} INFO - Filling up the DagBag from /opt/airflow/dags/airflow_dag_spark_streaming.py
[2026-01-30T10:24:39.673+0000] {processor.py:840} INFO - DAG(s) 'spark_sgp4_streaming' retrieved from /opt/airflow/dags/airflow_dag_spark_streaming.py
[2026-01-30T10:24:39.733+0000] {logging_mixin.py:188} INFO - [2026-01-30T10:24:39.733+0000] {dag.py:3036} INFO - Sync 1 DAGs
[2026-01-30T10:24:39.758+0000] {logging_mixin.py:188} INFO - [2026-01-30T10:24:39.758+0000] {dag.py:3823} INFO - Setting next_dagrun for spark_sgp4_streaming to None, run_after=None
[2026-01-30T10:24:39.790+0000] {processor.py:183} INFO - Processing /opt/airflow/dags/airflow_dag_spark_streaming.py took 0.150 seconds
[2026-01-30T10:25:09.987+0000] {processor.py:161} INFO - Started process (PID=2194) to work on /opt/airflow/dags/airflow_dag_spark_streaming.py
[2026-01-30T10:25:09.991+0000] {processor.py:830} INFO - Processing file /opt/airflow/dags/airflow_dag_spark_streaming.py for tasks to queue
[2026-01-30T10:25:09.992+0000] {logging_mixin.py:188} INFO - [2026-01-30T10:25:09.991+0000] {dagbag.py:538} INFO - Filling up the DagBag from /opt/airflow/dags/airflow_dag_spark_streaming.py
[2026-01-30T10:25:10.017+0000] {processor.py:840} INFO - DAG(s) 'spark_sgp4_streaming' retrieved from /opt/airflow/dags/airflow_dag_spark_streaming.py
[2026-01-30T10:25:10.082+0000] {logging_mixin.py:188} INFO - [2026-01-30T10:25:10.081+0000] {dag.py:3036} INFO - Sync 1 DAGs
[2026-01-30T10:25:10.111+0000] {logging_mixin.py:188} INFO - [2026-01-30T10:25:10.110+0000] {dag.py:3823} INFO - Setting next_dagrun for spark_sgp4_streaming to None, run_after=None
[2026-01-30T10:25:10.149+0000] {processor.py:183} INFO - Processing /opt/airflow/dags/airflow_dag_spark_streaming.py took 0.168 seconds
[2026-01-30T10:25:40.347+0000] {processor.py:161} INFO - Started process (PID=2204) to work on /opt/airflow/dags/airflow_dag_spark_streaming.py
[2026-01-30T10:25:40.348+0000] {processor.py:830} INFO - Processing file /opt/airflow/dags/airflow_dag_spark_streaming.py for tasks to queue
[2026-01-30T10:25:40.350+0000] {logging_mixin.py:188} INFO - [2026-01-30T10:25:40.349+0000] {dagbag.py:538} INFO - Filling up the DagBag from /opt/airflow/dags/airflow_dag_spark_streaming.py
[2026-01-30T10:25:40.372+0000] {processor.py:840} INFO - DAG(s) 'spark_sgp4_streaming' retrieved from /opt/airflow/dags/airflow_dag_spark_streaming.py
[2026-01-30T10:25:40.437+0000] {logging_mixin.py:188} INFO - [2026-01-30T10:25:40.437+0000] {dag.py:3036} INFO - Sync 1 DAGs
[2026-01-30T10:25:40.469+0000] {logging_mixin.py:188} INFO - [2026-01-30T10:25:40.469+0000] {dag.py:3823} INFO - Setting next_dagrun for spark_sgp4_streaming to None, run_after=None
[2026-01-30T10:25:40.507+0000] {processor.py:183} INFO - Processing /opt/airflow/dags/airflow_dag_spark_streaming.py took 0.167 seconds
[2026-01-30T10:26:10.702+0000] {processor.py:161} INFO - Started process (PID=2214) to work on /opt/airflow/dags/airflow_dag_spark_streaming.py
[2026-01-30T10:26:10.703+0000] {processor.py:830} INFO - Processing file /opt/airflow/dags/airflow_dag_spark_streaming.py for tasks to queue
[2026-01-30T10:26:10.705+0000] {logging_mixin.py:188} INFO - [2026-01-30T10:26:10.704+0000] {dagbag.py:538} INFO - Filling up the DagBag from /opt/airflow/dags/airflow_dag_spark_streaming.py
[2026-01-30T10:26:10.726+0000] {processor.py:840} INFO - DAG(s) 'spark_sgp4_streaming' retrieved from /opt/airflow/dags/airflow_dag_spark_streaming.py
[2026-01-30T10:26:10.782+0000] {logging_mixin.py:188} INFO - [2026-01-30T10:26:10.782+0000] {dag.py:3036} INFO - Sync 1 DAGs
[2026-01-30T10:26:10.808+0000] {logging_mixin.py:188} INFO - [2026-01-30T10:26:10.807+0000] {dag.py:3823} INFO - Setting next_dagrun for spark_sgp4_streaming to None, run_after=None
[2026-01-30T10:26:10.839+0000] {processor.py:183} INFO - Processing /opt/airflow/dags/airflow_dag_spark_streaming.py took 0.144 seconds
[2026-01-30T10:26:41.044+0000] {processor.py:161} INFO - Started process (PID=2224) to work on /opt/airflow/dags/airflow_dag_spark_streaming.py
[2026-01-30T10:26:41.045+0000] {processor.py:830} INFO - Processing file /opt/airflow/dags/airflow_dag_spark_streaming.py for tasks to queue
[2026-01-30T10:26:41.047+0000] {logging_mixin.py:188} INFO - [2026-01-30T10:26:41.046+0000] {dagbag.py:538} INFO - Filling up the DagBag from /opt/airflow/dags/airflow_dag_spark_streaming.py
[2026-01-30T10:26:41.068+0000] {processor.py:840} INFO - DAG(s) 'spark_sgp4_streaming' retrieved from /opt/airflow/dags/airflow_dag_spark_streaming.py
[2026-01-30T10:26:41.129+0000] {logging_mixin.py:188} INFO - [2026-01-30T10:26:41.129+0000] {dag.py:3036} INFO - Sync 1 DAGs
[2026-01-30T10:26:41.157+0000] {logging_mixin.py:188} INFO - [2026-01-30T10:26:41.156+0000] {dag.py:3823} INFO - Setting next_dagrun for spark_sgp4_streaming to None, run_after=None
[2026-01-30T10:26:41.194+0000] {processor.py:183} INFO - Processing /opt/airflow/dags/airflow_dag_spark_streaming.py took 0.157 seconds
[2026-01-30T10:27:11.391+0000] {processor.py:161} INFO - Started process (PID=2234) to work on /opt/airflow/dags/airflow_dag_spark_streaming.py
[2026-01-30T10:27:11.393+0000] {processor.py:830} INFO - Processing file /opt/airflow/dags/airflow_dag_spark_streaming.py for tasks to queue
[2026-01-30T10:27:11.394+0000] {logging_mixin.py:188} INFO - [2026-01-30T10:27:11.394+0000] {dagbag.py:538} INFO - Filling up the DagBag from /opt/airflow/dags/airflow_dag_spark_streaming.py
[2026-01-30T10:27:11.415+0000] {processor.py:840} INFO - DAG(s) 'spark_sgp4_streaming' retrieved from /opt/airflow/dags/airflow_dag_spark_streaming.py
[2026-01-30T10:27:11.473+0000] {logging_mixin.py:188} INFO - [2026-01-30T10:27:11.473+0000] {dag.py:3036} INFO - Sync 1 DAGs
[2026-01-30T10:27:11.501+0000] {logging_mixin.py:188} INFO - [2026-01-30T10:27:11.500+0000] {dag.py:3823} INFO - Setting next_dagrun for spark_sgp4_streaming to None, run_after=None
[2026-01-30T10:27:11.536+0000] {processor.py:183} INFO - Processing /opt/airflow/dags/airflow_dag_spark_streaming.py took 0.151 seconds
[2026-01-30T10:27:41.740+0000] {processor.py:161} INFO - Started process (PID=2244) to work on /opt/airflow/dags/airflow_dag_spark_streaming.py
[2026-01-30T10:27:41.742+0000] {processor.py:830} INFO - Processing file /opt/airflow/dags/airflow_dag_spark_streaming.py for tasks to queue
[2026-01-30T10:27:41.743+0000] {logging_mixin.py:188} INFO - [2026-01-30T10:27:41.743+0000] {dagbag.py:538} INFO - Filling up the DagBag from /opt/airflow/dags/airflow_dag_spark_streaming.py
[2026-01-30T10:27:41.766+0000] {processor.py:840} INFO - DAG(s) 'spark_sgp4_streaming' retrieved from /opt/airflow/dags/airflow_dag_spark_streaming.py
[2026-01-30T10:27:41.829+0000] {logging_mixin.py:188} INFO - [2026-01-30T10:27:41.829+0000] {dag.py:3036} INFO - Sync 1 DAGs
[2026-01-30T10:27:41.858+0000] {logging_mixin.py:188} INFO - [2026-01-30T10:27:41.857+0000] {dag.py:3823} INFO - Setting next_dagrun for spark_sgp4_streaming to None, run_after=None
[2026-01-30T10:27:41.896+0000] {processor.py:183} INFO - Processing /opt/airflow/dags/airflow_dag_spark_streaming.py took 0.162 seconds
[2026-01-30T10:28:12.096+0000] {processor.py:161} INFO - Started process (PID=2254) to work on /opt/airflow/dags/airflow_dag_spark_streaming.py
[2026-01-30T10:28:12.098+0000] {processor.py:830} INFO - Processing file /opt/airflow/dags/airflow_dag_spark_streaming.py for tasks to queue
[2026-01-30T10:28:12.100+0000] {logging_mixin.py:188} INFO - [2026-01-30T10:28:12.099+0000] {dagbag.py:538} INFO - Filling up the DagBag from /opt/airflow/dags/airflow_dag_spark_streaming.py
[2026-01-30T10:28:12.127+0000] {processor.py:840} INFO - DAG(s) 'spark_sgp4_streaming' retrieved from /opt/airflow/dags/airflow_dag_spark_streaming.py
[2026-01-30T10:28:12.190+0000] {logging_mixin.py:188} INFO - [2026-01-30T10:28:12.189+0000] {dag.py:3036} INFO - Sync 1 DAGs
[2026-01-30T10:28:12.219+0000] {logging_mixin.py:188} INFO - [2026-01-30T10:28:12.218+0000] {dag.py:3823} INFO - Setting next_dagrun for spark_sgp4_streaming to None, run_after=None
[2026-01-30T10:28:12.256+0000] {processor.py:183} INFO - Processing /opt/airflow/dags/airflow_dag_spark_streaming.py took 0.167 seconds
[2026-01-30T10:28:42.461+0000] {processor.py:161} INFO - Started process (PID=2264) to work on /opt/airflow/dags/airflow_dag_spark_streaming.py
[2026-01-30T10:28:42.463+0000] {processor.py:830} INFO - Processing file /opt/airflow/dags/airflow_dag_spark_streaming.py for tasks to queue
[2026-01-30T10:28:42.465+0000] {logging_mixin.py:188} INFO - [2026-01-30T10:28:42.464+0000] {dagbag.py:538} INFO - Filling up the DagBag from /opt/airflow/dags/airflow_dag_spark_streaming.py
[2026-01-30T10:28:42.487+0000] {processor.py:840} INFO - DAG(s) 'spark_sgp4_streaming' retrieved from /opt/airflow/dags/airflow_dag_spark_streaming.py
[2026-01-30T10:28:42.547+0000] {logging_mixin.py:188} INFO - [2026-01-30T10:28:42.547+0000] {dag.py:3036} INFO - Sync 1 DAGs
[2026-01-30T10:28:42.576+0000] {logging_mixin.py:188} INFO - [2026-01-30T10:28:42.575+0000] {dag.py:3823} INFO - Setting next_dagrun for spark_sgp4_streaming to None, run_after=None
[2026-01-30T10:28:42.611+0000] {processor.py:183} INFO - Processing /opt/airflow/dags/airflow_dag_spark_streaming.py took 0.156 seconds
[2026-01-30T10:29:12.811+0000] {processor.py:161} INFO - Started process (PID=2274) to work on /opt/airflow/dags/airflow_dag_spark_streaming.py
[2026-01-30T10:29:12.814+0000] {processor.py:830} INFO - Processing file /opt/airflow/dags/airflow_dag_spark_streaming.py for tasks to queue
[2026-01-30T10:29:12.816+0000] {logging_mixin.py:188} INFO - [2026-01-30T10:29:12.815+0000] {dagbag.py:538} INFO - Filling up the DagBag from /opt/airflow/dags/airflow_dag_spark_streaming.py
[2026-01-30T10:29:12.838+0000] {processor.py:840} INFO - DAG(s) 'spark_sgp4_streaming' retrieved from /opt/airflow/dags/airflow_dag_spark_streaming.py
[2026-01-30T10:29:12.899+0000] {logging_mixin.py:188} INFO - [2026-01-30T10:29:12.898+0000] {dag.py:3036} INFO - Sync 1 DAGs
[2026-01-30T10:29:12.929+0000] {logging_mixin.py:188} INFO - [2026-01-30T10:29:12.928+0000] {dag.py:3823} INFO - Setting next_dagrun for spark_sgp4_streaming to None, run_after=None
[2026-01-30T10:29:12.966+0000] {processor.py:183} INFO - Processing /opt/airflow/dags/airflow_dag_spark_streaming.py took 0.161 seconds
[2026-01-30T10:29:43.187+0000] {processor.py:161} INFO - Started process (PID=2284) to work on /opt/airflow/dags/airflow_dag_spark_streaming.py
[2026-01-30T10:29:43.188+0000] {processor.py:830} INFO - Processing file /opt/airflow/dags/airflow_dag_spark_streaming.py for tasks to queue
[2026-01-30T10:29:43.190+0000] {logging_mixin.py:188} INFO - [2026-01-30T10:29:43.189+0000] {dagbag.py:538} INFO - Filling up the DagBag from /opt/airflow/dags/airflow_dag_spark_streaming.py
[2026-01-30T10:29:43.212+0000] {processor.py:840} INFO - DAG(s) 'spark_sgp4_streaming' retrieved from /opt/airflow/dags/airflow_dag_spark_streaming.py
[2026-01-30T10:29:43.272+0000] {logging_mixin.py:188} INFO - [2026-01-30T10:29:43.272+0000] {dag.py:3036} INFO - Sync 1 DAGs
[2026-01-30T10:29:43.302+0000] {logging_mixin.py:188} INFO - [2026-01-30T10:29:43.301+0000] {dag.py:3823} INFO - Setting next_dagrun for spark_sgp4_streaming to None, run_after=None
[2026-01-30T10:29:43.341+0000] {processor.py:183} INFO - Processing /opt/airflow/dags/airflow_dag_spark_streaming.py took 0.161 seconds
[2026-01-30T10:30:13.535+0000] {processor.py:161} INFO - Started process (PID=2294) to work on /opt/airflow/dags/airflow_dag_spark_streaming.py
[2026-01-30T10:30:13.536+0000] {processor.py:830} INFO - Processing file /opt/airflow/dags/airflow_dag_spark_streaming.py for tasks to queue
[2026-01-30T10:30:13.537+0000] {logging_mixin.py:188} INFO - [2026-01-30T10:30:13.537+0000] {dagbag.py:538} INFO - Filling up the DagBag from /opt/airflow/dags/airflow_dag_spark_streaming.py
[2026-01-30T10:30:13.564+0000] {processor.py:840} INFO - DAG(s) 'spark_sgp4_streaming' retrieved from /opt/airflow/dags/airflow_dag_spark_streaming.py
[2026-01-30T10:30:13.625+0000] {logging_mixin.py:188} INFO - [2026-01-30T10:30:13.625+0000] {dag.py:3036} INFO - Sync 1 DAGs
[2026-01-30T10:30:13.653+0000] {logging_mixin.py:188} INFO - [2026-01-30T10:30:13.653+0000] {dag.py:3823} INFO - Setting next_dagrun for spark_sgp4_streaming to None, run_after=None
[2026-01-30T10:30:13.685+0000] {processor.py:183} INFO - Processing /opt/airflow/dags/airflow_dag_spark_streaming.py took 0.156 seconds
[2026-01-30T10:30:43.879+0000] {processor.py:161} INFO - Started process (PID=2304) to work on /opt/airflow/dags/airflow_dag_spark_streaming.py
[2026-01-30T10:30:43.880+0000] {processor.py:830} INFO - Processing file /opt/airflow/dags/airflow_dag_spark_streaming.py for tasks to queue
[2026-01-30T10:30:43.882+0000] {logging_mixin.py:188} INFO - [2026-01-30T10:30:43.881+0000] {dagbag.py:538} INFO - Filling up the DagBag from /opt/airflow/dags/airflow_dag_spark_streaming.py
[2026-01-30T10:30:43.902+0000] {processor.py:840} INFO - DAG(s) 'spark_sgp4_streaming' retrieved from /opt/airflow/dags/airflow_dag_spark_streaming.py
[2026-01-30T10:30:43.960+0000] {logging_mixin.py:188} INFO - [2026-01-30T10:30:43.960+0000] {dag.py:3036} INFO - Sync 1 DAGs
[2026-01-30T10:30:43.986+0000] {logging_mixin.py:188} INFO - [2026-01-30T10:30:43.986+0000] {dag.py:3823} INFO - Setting next_dagrun for spark_sgp4_streaming to None, run_after=None
[2026-01-30T10:30:44.020+0000] {processor.py:183} INFO - Processing /opt/airflow/dags/airflow_dag_spark_streaming.py took 0.147 seconds
[2026-01-30T10:31:14.221+0000] {processor.py:161} INFO - Started process (PID=2314) to work on /opt/airflow/dags/airflow_dag_spark_streaming.py
[2026-01-30T10:31:14.224+0000] {processor.py:830} INFO - Processing file /opt/airflow/dags/airflow_dag_spark_streaming.py for tasks to queue
[2026-01-30T10:31:14.226+0000] {logging_mixin.py:188} INFO - [2026-01-30T10:31:14.225+0000] {dagbag.py:538} INFO - Filling up the DagBag from /opt/airflow/dags/airflow_dag_spark_streaming.py
[2026-01-30T10:31:14.247+0000] {processor.py:840} INFO - DAG(s) 'spark_sgp4_streaming' retrieved from /opt/airflow/dags/airflow_dag_spark_streaming.py
[2026-01-30T10:31:14.313+0000] {logging_mixin.py:188} INFO - [2026-01-30T10:31:14.312+0000] {dag.py:3036} INFO - Sync 1 DAGs
[2026-01-30T10:31:14.342+0000] {logging_mixin.py:188} INFO - [2026-01-30T10:31:14.342+0000] {dag.py:3823} INFO - Setting next_dagrun for spark_sgp4_streaming to None, run_after=None
[2026-01-30T10:31:14.380+0000] {processor.py:183} INFO - Processing /opt/airflow/dags/airflow_dag_spark_streaming.py took 0.166 seconds
[2026-01-30T10:31:44.579+0000] {processor.py:161} INFO - Started process (PID=2324) to work on /opt/airflow/dags/airflow_dag_spark_streaming.py
[2026-01-30T10:31:44.580+0000] {processor.py:830} INFO - Processing file /opt/airflow/dags/airflow_dag_spark_streaming.py for tasks to queue
[2026-01-30T10:31:44.582+0000] {logging_mixin.py:188} INFO - [2026-01-30T10:31:44.581+0000] {dagbag.py:538} INFO - Filling up the DagBag from /opt/airflow/dags/airflow_dag_spark_streaming.py
[2026-01-30T10:31:44.602+0000] {processor.py:840} INFO - DAG(s) 'spark_sgp4_streaming' retrieved from /opt/airflow/dags/airflow_dag_spark_streaming.py
[2026-01-30T10:31:44.658+0000] {logging_mixin.py:188} INFO - [2026-01-30T10:31:44.658+0000] {dag.py:3036} INFO - Sync 1 DAGs
[2026-01-30T10:31:44.685+0000] {logging_mixin.py:188} INFO - [2026-01-30T10:31:44.684+0000] {dag.py:3823} INFO - Setting next_dagrun for spark_sgp4_streaming to None, run_after=None
[2026-01-30T10:31:44.720+0000] {processor.py:183} INFO - Processing /opt/airflow/dags/airflow_dag_spark_streaming.py took 0.148 seconds
[2026-01-30T10:32:14.911+0000] {processor.py:161} INFO - Started process (PID=2334) to work on /opt/airflow/dags/airflow_dag_spark_streaming.py
[2026-01-30T10:32:14.913+0000] {processor.py:830} INFO - Processing file /opt/airflow/dags/airflow_dag_spark_streaming.py for tasks to queue
[2026-01-30T10:32:14.915+0000] {logging_mixin.py:188} INFO - [2026-01-30T10:32:14.914+0000] {dagbag.py:538} INFO - Filling up the DagBag from /opt/airflow/dags/airflow_dag_spark_streaming.py
[2026-01-30T10:32:14.937+0000] {processor.py:840} INFO - DAG(s) 'spark_sgp4_streaming' retrieved from /opt/airflow/dags/airflow_dag_spark_streaming.py
[2026-01-30T10:32:15.003+0000] {logging_mixin.py:188} INFO - [2026-01-30T10:32:15.003+0000] {dag.py:3036} INFO - Sync 1 DAGs
[2026-01-30T10:32:15.031+0000] {logging_mixin.py:188} INFO - [2026-01-30T10:32:15.030+0000] {dag.py:3823} INFO - Setting next_dagrun for spark_sgp4_streaming to None, run_after=None
[2026-01-30T10:32:15.064+0000] {processor.py:183} INFO - Processing /opt/airflow/dags/airflow_dag_spark_streaming.py took 0.158 seconds
[2026-01-30T10:32:45.256+0000] {processor.py:161} INFO - Started process (PID=2344) to work on /opt/airflow/dags/airflow_dag_spark_streaming.py
[2026-01-30T10:32:45.258+0000] {processor.py:830} INFO - Processing file /opt/airflow/dags/airflow_dag_spark_streaming.py for tasks to queue
[2026-01-30T10:32:45.260+0000] {logging_mixin.py:188} INFO - [2026-01-30T10:32:45.259+0000] {dagbag.py:538} INFO - Filling up the DagBag from /opt/airflow/dags/airflow_dag_spark_streaming.py
[2026-01-30T10:32:45.280+0000] {processor.py:840} INFO - DAG(s) 'spark_sgp4_streaming' retrieved from /opt/airflow/dags/airflow_dag_spark_streaming.py
[2026-01-30T10:32:45.341+0000] {logging_mixin.py:188} INFO - [2026-01-30T10:32:45.340+0000] {dag.py:3036} INFO - Sync 1 DAGs
[2026-01-30T10:32:45.372+0000] {logging_mixin.py:188} INFO - [2026-01-30T10:32:45.372+0000] {dag.py:3823} INFO - Setting next_dagrun for spark_sgp4_streaming to None, run_after=None
[2026-01-30T10:32:45.410+0000] {processor.py:183} INFO - Processing /opt/airflow/dags/airflow_dag_spark_streaming.py took 0.161 seconds
[2026-01-30T10:33:15.601+0000] {processor.py:161} INFO - Started process (PID=2354) to work on /opt/airflow/dags/airflow_dag_spark_streaming.py
[2026-01-30T10:33:15.603+0000] {processor.py:830} INFO - Processing file /opt/airflow/dags/airflow_dag_spark_streaming.py for tasks to queue
[2026-01-30T10:33:15.605+0000] {logging_mixin.py:188} INFO - [2026-01-30T10:33:15.604+0000] {dagbag.py:538} INFO - Filling up the DagBag from /opt/airflow/dags/airflow_dag_spark_streaming.py
[2026-01-30T10:33:15.626+0000] {processor.py:840} INFO - DAG(s) 'spark_sgp4_streaming' retrieved from /opt/airflow/dags/airflow_dag_spark_streaming.py
[2026-01-30T10:33:15.683+0000] {logging_mixin.py:188} INFO - [2026-01-30T10:33:15.682+0000] {dag.py:3036} INFO - Sync 1 DAGs
[2026-01-30T10:33:15.712+0000] {logging_mixin.py:188} INFO - [2026-01-30T10:33:15.712+0000] {dag.py:3823} INFO - Setting next_dagrun for spark_sgp4_streaming to None, run_after=None
[2026-01-30T10:33:15.744+0000] {processor.py:183} INFO - Processing /opt/airflow/dags/airflow_dag_spark_streaming.py took 0.150 seconds
[2026-01-30T10:33:45.919+0000] {processor.py:161} INFO - Started process (PID=2364) to work on /opt/airflow/dags/airflow_dag_spark_streaming.py
[2026-01-30T10:33:45.920+0000] {processor.py:830} INFO - Processing file /opt/airflow/dags/airflow_dag_spark_streaming.py for tasks to queue
[2026-01-30T10:33:45.922+0000] {logging_mixin.py:188} INFO - [2026-01-30T10:33:45.921+0000] {dagbag.py:538} INFO - Filling up the DagBag from /opt/airflow/dags/airflow_dag_spark_streaming.py
[2026-01-30T10:33:45.944+0000] {processor.py:840} INFO - DAG(s) 'spark_sgp4_streaming' retrieved from /opt/airflow/dags/airflow_dag_spark_streaming.py
[2026-01-30T10:33:46.003+0000] {logging_mixin.py:188} INFO - [2026-01-30T10:33:46.003+0000] {dag.py:3036} INFO - Sync 1 DAGs
[2026-01-30T10:33:46.031+0000] {logging_mixin.py:188} INFO - [2026-01-30T10:33:46.030+0000] {dag.py:3823} INFO - Setting next_dagrun for spark_sgp4_streaming to None, run_after=None
[2026-01-30T10:33:46.068+0000] {processor.py:183} INFO - Processing /opt/airflow/dags/airflow_dag_spark_streaming.py took 0.155 seconds
[2026-01-30T10:34:16.267+0000] {processor.py:161} INFO - Started process (PID=2374) to work on /opt/airflow/dags/airflow_dag_spark_streaming.py
[2026-01-30T10:34:16.268+0000] {processor.py:830} INFO - Processing file /opt/airflow/dags/airflow_dag_spark_streaming.py for tasks to queue
[2026-01-30T10:34:16.269+0000] {logging_mixin.py:188} INFO - [2026-01-30T10:34:16.269+0000] {dagbag.py:538} INFO - Filling up the DagBag from /opt/airflow/dags/airflow_dag_spark_streaming.py
[2026-01-30T10:34:16.290+0000] {processor.py:840} INFO - DAG(s) 'spark_sgp4_streaming' retrieved from /opt/airflow/dags/airflow_dag_spark_streaming.py
[2026-01-30T10:34:16.348+0000] {logging_mixin.py:188} INFO - [2026-01-30T10:34:16.347+0000] {dag.py:3036} INFO - Sync 1 DAGs
[2026-01-30T10:34:16.375+0000] {logging_mixin.py:188} INFO - [2026-01-30T10:34:16.374+0000] {dag.py:3823} INFO - Setting next_dagrun for spark_sgp4_streaming to None, run_after=None
[2026-01-30T10:34:16.411+0000] {processor.py:183} INFO - Processing /opt/airflow/dags/airflow_dag_spark_streaming.py took 0.150 seconds
[2026-01-30T10:34:46.607+0000] {processor.py:161} INFO - Started process (PID=2384) to work on /opt/airflow/dags/airflow_dag_spark_streaming.py
[2026-01-30T10:34:46.609+0000] {processor.py:830} INFO - Processing file /opt/airflow/dags/airflow_dag_spark_streaming.py for tasks to queue
[2026-01-30T10:34:46.610+0000] {logging_mixin.py:188} INFO - [2026-01-30T10:34:46.609+0000] {dagbag.py:538} INFO - Filling up the DagBag from /opt/airflow/dags/airflow_dag_spark_streaming.py
[2026-01-30T10:34:46.631+0000] {processor.py:840} INFO - DAG(s) 'spark_sgp4_streaming' retrieved from /opt/airflow/dags/airflow_dag_spark_streaming.py
[2026-01-30T10:34:46.692+0000] {logging_mixin.py:188} INFO - [2026-01-30T10:34:46.692+0000] {dag.py:3036} INFO - Sync 1 DAGs
[2026-01-30T10:34:46.721+0000] {logging_mixin.py:188} INFO - [2026-01-30T10:34:46.721+0000] {dag.py:3823} INFO - Setting next_dagrun for spark_sgp4_streaming to None, run_after=None
[2026-01-30T10:34:46.754+0000] {processor.py:183} INFO - Processing /opt/airflow/dags/airflow_dag_spark_streaming.py took 0.154 seconds
[2026-01-30T10:35:16.948+0000] {processor.py:161} INFO - Started process (PID=2394) to work on /opt/airflow/dags/airflow_dag_spark_streaming.py
[2026-01-30T10:35:16.950+0000] {processor.py:830} INFO - Processing file /opt/airflow/dags/airflow_dag_spark_streaming.py for tasks to queue
[2026-01-30T10:35:16.951+0000] {logging_mixin.py:188} INFO - [2026-01-30T10:35:16.951+0000] {dagbag.py:538} INFO - Filling up the DagBag from /opt/airflow/dags/airflow_dag_spark_streaming.py
[2026-01-30T10:35:16.973+0000] {processor.py:840} INFO - DAG(s) 'spark_sgp4_streaming' retrieved from /opt/airflow/dags/airflow_dag_spark_streaming.py
[2026-01-30T10:35:17.031+0000] {logging_mixin.py:188} INFO - [2026-01-30T10:35:17.031+0000] {dag.py:3036} INFO - Sync 1 DAGs
[2026-01-30T10:35:17.058+0000] {logging_mixin.py:188} INFO - [2026-01-30T10:35:17.058+0000] {dag.py:3823} INFO - Setting next_dagrun for spark_sgp4_streaming to None, run_after=None
[2026-01-30T10:35:17.092+0000] {processor.py:183} INFO - Processing /opt/airflow/dags/airflow_dag_spark_streaming.py took 0.148 seconds
[2026-01-30T10:35:47.292+0000] {processor.py:161} INFO - Started process (PID=2404) to work on /opt/airflow/dags/airflow_dag_spark_streaming.py
[2026-01-30T10:35:47.294+0000] {processor.py:830} INFO - Processing file /opt/airflow/dags/airflow_dag_spark_streaming.py for tasks to queue
[2026-01-30T10:35:47.296+0000] {logging_mixin.py:188} INFO - [2026-01-30T10:35:47.295+0000] {dagbag.py:538} INFO - Filling up the DagBag from /opt/airflow/dags/airflow_dag_spark_streaming.py
[2026-01-30T10:35:47.317+0000] {processor.py:840} INFO - DAG(s) 'spark_sgp4_streaming' retrieved from /opt/airflow/dags/airflow_dag_spark_streaming.py
[2026-01-30T10:35:47.379+0000] {logging_mixin.py:188} INFO - [2026-01-30T10:35:47.378+0000] {dag.py:3036} INFO - Sync 1 DAGs
[2026-01-30T10:35:47.406+0000] {logging_mixin.py:188} INFO - [2026-01-30T10:35:47.405+0000] {dag.py:3823} INFO - Setting next_dagrun for spark_sgp4_streaming to None, run_after=None
[2026-01-30T10:35:47.440+0000] {processor.py:183} INFO - Processing /opt/airflow/dags/airflow_dag_spark_streaming.py took 0.154 seconds
[2026-01-30T10:36:17.635+0000] {processor.py:161} INFO - Started process (PID=2414) to work on /opt/airflow/dags/airflow_dag_spark_streaming.py
[2026-01-30T10:36:17.638+0000] {processor.py:830} INFO - Processing file /opt/airflow/dags/airflow_dag_spark_streaming.py for tasks to queue
[2026-01-30T10:36:17.639+0000] {logging_mixin.py:188} INFO - [2026-01-30T10:36:17.638+0000] {dagbag.py:538} INFO - Filling up the DagBag from /opt/airflow/dags/airflow_dag_spark_streaming.py
[2026-01-30T10:36:17.660+0000] {processor.py:840} INFO - DAG(s) 'spark_sgp4_streaming' retrieved from /opt/airflow/dags/airflow_dag_spark_streaming.py
[2026-01-30T10:36:17.719+0000] {logging_mixin.py:188} INFO - [2026-01-30T10:36:17.719+0000] {dag.py:3036} INFO - Sync 1 DAGs
[2026-01-30T10:36:17.746+0000] {logging_mixin.py:188} INFO - [2026-01-30T10:36:17.745+0000] {dag.py:3823} INFO - Setting next_dagrun for spark_sgp4_streaming to None, run_after=None
[2026-01-30T10:36:17.778+0000] {processor.py:183} INFO - Processing /opt/airflow/dags/airflow_dag_spark_streaming.py took 0.150 seconds
[2026-01-30T10:36:47.966+0000] {processor.py:161} INFO - Started process (PID=2424) to work on /opt/airflow/dags/airflow_dag_spark_streaming.py
[2026-01-30T10:36:47.967+0000] {processor.py:830} INFO - Processing file /opt/airflow/dags/airflow_dag_spark_streaming.py for tasks to queue
[2026-01-30T10:36:47.968+0000] {logging_mixin.py:188} INFO - [2026-01-30T10:36:47.968+0000] {dagbag.py:538} INFO - Filling up the DagBag from /opt/airflow/dags/airflow_dag_spark_streaming.py
[2026-01-30T10:36:47.983+0000] {processor.py:840} INFO - DAG(s) 'spark_sgp4_streaming' retrieved from /opt/airflow/dags/airflow_dag_spark_streaming.py
[2026-01-30T10:36:48.043+0000] {logging_mixin.py:188} INFO - [2026-01-30T10:36:48.043+0000] {dag.py:3036} INFO - Sync 1 DAGs
[2026-01-30T10:36:48.073+0000] {logging_mixin.py:188} INFO - [2026-01-30T10:36:48.072+0000] {dag.py:3823} INFO - Setting next_dagrun for spark_sgp4_streaming to None, run_after=None
[2026-01-30T10:36:48.110+0000] {processor.py:183} INFO - Processing /opt/airflow/dags/airflow_dag_spark_streaming.py took 0.148 seconds
[2026-01-30T10:37:18.306+0000] {processor.py:161} INFO - Started process (PID=2434) to work on /opt/airflow/dags/airflow_dag_spark_streaming.py
[2026-01-30T10:37:18.308+0000] {processor.py:830} INFO - Processing file /opt/airflow/dags/airflow_dag_spark_streaming.py for tasks to queue
[2026-01-30T10:37:18.310+0000] {logging_mixin.py:188} INFO - [2026-01-30T10:37:18.309+0000] {dagbag.py:538} INFO - Filling up the DagBag from /opt/airflow/dags/airflow_dag_spark_streaming.py
[2026-01-30T10:37:18.333+0000] {processor.py:840} INFO - DAG(s) 'spark_sgp4_streaming' retrieved from /opt/airflow/dags/airflow_dag_spark_streaming.py
[2026-01-30T10:37:18.386+0000] {logging_mixin.py:188} INFO - [2026-01-30T10:37:18.386+0000] {dag.py:3036} INFO - Sync 1 DAGs
[2026-01-30T10:37:18.409+0000] {logging_mixin.py:188} INFO - [2026-01-30T10:37:18.408+0000] {dag.py:3823} INFO - Setting next_dagrun for spark_sgp4_streaming to None, run_after=None
[2026-01-30T10:37:18.443+0000] {processor.py:183} INFO - Processing /opt/airflow/dags/airflow_dag_spark_streaming.py took 0.143 seconds
[2026-01-30T10:37:48.645+0000] {processor.py:161} INFO - Started process (PID=2444) to work on /opt/airflow/dags/airflow_dag_spark_streaming.py
[2026-01-30T10:37:48.646+0000] {processor.py:830} INFO - Processing file /opt/airflow/dags/airflow_dag_spark_streaming.py for tasks to queue
[2026-01-30T10:37:48.648+0000] {logging_mixin.py:188} INFO - [2026-01-30T10:37:48.647+0000] {dagbag.py:538} INFO - Filling up the DagBag from /opt/airflow/dags/airflow_dag_spark_streaming.py
[2026-01-30T10:37:48.670+0000] {processor.py:840} INFO - DAG(s) 'spark_sgp4_streaming' retrieved from /opt/airflow/dags/airflow_dag_spark_streaming.py
[2026-01-30T10:37:48.729+0000] {logging_mixin.py:188} INFO - [2026-01-30T10:37:48.729+0000] {dag.py:3036} INFO - Sync 1 DAGs
[2026-01-30T10:37:48.758+0000] {logging_mixin.py:188} INFO - [2026-01-30T10:37:48.757+0000] {dag.py:3823} INFO - Setting next_dagrun for spark_sgp4_streaming to None, run_after=None
[2026-01-30T10:37:48.793+0000] {processor.py:183} INFO - Processing /opt/airflow/dags/airflow_dag_spark_streaming.py took 0.155 seconds
[2026-01-30T10:38:18.984+0000] {processor.py:161} INFO - Started process (PID=2454) to work on /opt/airflow/dags/airflow_dag_spark_streaming.py
[2026-01-30T10:38:18.985+0000] {processor.py:830} INFO - Processing file /opt/airflow/dags/airflow_dag_spark_streaming.py for tasks to queue
[2026-01-30T10:38:18.987+0000] {logging_mixin.py:188} INFO - [2026-01-30T10:38:18.986+0000] {dagbag.py:538} INFO - Filling up the DagBag from /opt/airflow/dags/airflow_dag_spark_streaming.py
[2026-01-30T10:38:19.008+0000] {processor.py:840} INFO - DAG(s) 'spark_sgp4_streaming' retrieved from /opt/airflow/dags/airflow_dag_spark_streaming.py
[2026-01-30T10:38:19.070+0000] {logging_mixin.py:188} INFO - [2026-01-30T10:38:19.070+0000] {dag.py:3036} INFO - Sync 1 DAGs
[2026-01-30T10:38:19.098+0000] {logging_mixin.py:188} INFO - [2026-01-30T10:38:19.098+0000] {dag.py:3823} INFO - Setting next_dagrun for spark_sgp4_streaming to None, run_after=None
[2026-01-30T10:38:19.132+0000] {processor.py:183} INFO - Processing /opt/airflow/dags/airflow_dag_spark_streaming.py took 0.155 seconds
[2026-01-30T10:38:49.322+0000] {processor.py:161} INFO - Started process (PID=2464) to work on /opt/airflow/dags/airflow_dag_spark_streaming.py
[2026-01-30T10:38:49.325+0000] {processor.py:830} INFO - Processing file /opt/airflow/dags/airflow_dag_spark_streaming.py for tasks to queue
[2026-01-30T10:38:49.327+0000] {logging_mixin.py:188} INFO - [2026-01-30T10:38:49.326+0000] {dagbag.py:538} INFO - Filling up the DagBag from /opt/airflow/dags/airflow_dag_spark_streaming.py
[2026-01-30T10:38:49.348+0000] {processor.py:840} INFO - DAG(s) 'spark_sgp4_streaming' retrieved from /opt/airflow/dags/airflow_dag_spark_streaming.py
[2026-01-30T10:38:49.408+0000] {logging_mixin.py:188} INFO - [2026-01-30T10:38:49.408+0000] {dag.py:3036} INFO - Sync 1 DAGs
[2026-01-30T10:38:49.435+0000] {logging_mixin.py:188} INFO - [2026-01-30T10:38:49.434+0000] {dag.py:3823} INFO - Setting next_dagrun for spark_sgp4_streaming to None, run_after=None
[2026-01-30T10:38:49.468+0000] {processor.py:183} INFO - Processing /opt/airflow/dags/airflow_dag_spark_streaming.py took 0.152 seconds
[2026-01-30T10:39:19.660+0000] {processor.py:161} INFO - Started process (PID=2474) to work on /opt/airflow/dags/airflow_dag_spark_streaming.py
[2026-01-30T10:39:19.662+0000] {processor.py:830} INFO - Processing file /opt/airflow/dags/airflow_dag_spark_streaming.py for tasks to queue
[2026-01-30T10:39:19.664+0000] {logging_mixin.py:188} INFO - [2026-01-30T10:39:19.663+0000] {dagbag.py:538} INFO - Filling up the DagBag from /opt/airflow/dags/airflow_dag_spark_streaming.py
[2026-01-30T10:39:19.685+0000] {processor.py:840} INFO - DAG(s) 'spark_sgp4_streaming' retrieved from /opt/airflow/dags/airflow_dag_spark_streaming.py
[2026-01-30T10:39:19.745+0000] {logging_mixin.py:188} INFO - [2026-01-30T10:39:19.744+0000] {dag.py:3036} INFO - Sync 1 DAGs
[2026-01-30T10:39:19.772+0000] {logging_mixin.py:188} INFO - [2026-01-30T10:39:19.772+0000] {dag.py:3823} INFO - Setting next_dagrun for spark_sgp4_streaming to None, run_after=None
[2026-01-30T10:39:19.808+0000] {processor.py:183} INFO - Processing /opt/airflow/dags/airflow_dag_spark_streaming.py took 0.154 seconds
[2026-01-30T10:39:50.002+0000] {processor.py:161} INFO - Started process (PID=2484) to work on /opt/airflow/dags/airflow_dag_spark_streaming.py
[2026-01-30T10:39:50.005+0000] {processor.py:830} INFO - Processing file /opt/airflow/dags/airflow_dag_spark_streaming.py for tasks to queue
[2026-01-30T10:39:50.007+0000] {logging_mixin.py:188} INFO - [2026-01-30T10:39:50.006+0000] {dagbag.py:538} INFO - Filling up the DagBag from /opt/airflow/dags/airflow_dag_spark_streaming.py
[2026-01-30T10:39:50.029+0000] {processor.py:840} INFO - DAG(s) 'spark_sgp4_streaming' retrieved from /opt/airflow/dags/airflow_dag_spark_streaming.py
[2026-01-30T10:39:50.094+0000] {logging_mixin.py:188} INFO - [2026-01-30T10:39:50.094+0000] {dag.py:3036} INFO - Sync 1 DAGs
[2026-01-30T10:39:50.125+0000] {logging_mixin.py:188} INFO - [2026-01-30T10:39:50.124+0000] {dag.py:3823} INFO - Setting next_dagrun for spark_sgp4_streaming to None, run_after=None
[2026-01-30T10:39:50.159+0000] {processor.py:183} INFO - Processing /opt/airflow/dags/airflow_dag_spark_streaming.py took 0.165 seconds
[2026-01-30T10:40:20.345+0000] {processor.py:161} INFO - Started process (PID=2494) to work on /opt/airflow/dags/airflow_dag_spark_streaming.py
[2026-01-30T10:40:20.346+0000] {processor.py:830} INFO - Processing file /opt/airflow/dags/airflow_dag_spark_streaming.py for tasks to queue
[2026-01-30T10:40:20.348+0000] {logging_mixin.py:188} INFO - [2026-01-30T10:40:20.347+0000] {dagbag.py:538} INFO - Filling up the DagBag from /opt/airflow/dags/airflow_dag_spark_streaming.py
[2026-01-30T10:40:20.370+0000] {processor.py:840} INFO - DAG(s) 'spark_sgp4_streaming' retrieved from /opt/airflow/dags/airflow_dag_spark_streaming.py
[2026-01-30T10:40:20.427+0000] {logging_mixin.py:188} INFO - [2026-01-30T10:40:20.426+0000] {dag.py:3036} INFO - Sync 1 DAGs
[2026-01-30T10:40:20.451+0000] {logging_mixin.py:188} INFO - [2026-01-30T10:40:20.451+0000] {dag.py:3823} INFO - Setting next_dagrun for spark_sgp4_streaming to None, run_after=None
[2026-01-30T10:40:20.479+0000] {processor.py:183} INFO - Processing /opt/airflow/dags/airflow_dag_spark_streaming.py took 0.141 seconds
[2026-01-30T10:40:50.656+0000] {processor.py:161} INFO - Started process (PID=2504) to work on /opt/airflow/dags/airflow_dag_spark_streaming.py
[2026-01-30T10:40:50.657+0000] {processor.py:830} INFO - Processing file /opt/airflow/dags/airflow_dag_spark_streaming.py for tasks to queue
[2026-01-30T10:40:50.658+0000] {logging_mixin.py:188} INFO - [2026-01-30T10:40:50.658+0000] {dagbag.py:538} INFO - Filling up the DagBag from /opt/airflow/dags/airflow_dag_spark_streaming.py
[2026-01-30T10:40:50.677+0000] {processor.py:840} INFO - DAG(s) 'spark_sgp4_streaming' retrieved from /opt/airflow/dags/airflow_dag_spark_streaming.py
[2026-01-30T10:40:50.736+0000] {logging_mixin.py:188} INFO - [2026-01-30T10:40:50.736+0000] {dag.py:3036} INFO - Sync 1 DAGs
[2026-01-30T10:40:50.766+0000] {logging_mixin.py:188} INFO - [2026-01-30T10:40:50.765+0000] {dag.py:3823} INFO - Setting next_dagrun for spark_sgp4_streaming to None, run_after=None
[2026-01-30T10:40:50.800+0000] {processor.py:183} INFO - Processing /opt/airflow/dags/airflow_dag_spark_streaming.py took 0.149 seconds
[2026-01-30T10:41:21.001+0000] {processor.py:161} INFO - Started process (PID=2514) to work on /opt/airflow/dags/airflow_dag_spark_streaming.py
[2026-01-30T10:41:21.004+0000] {processor.py:830} INFO - Processing file /opt/airflow/dags/airflow_dag_spark_streaming.py for tasks to queue
[2026-01-30T10:41:21.006+0000] {logging_mixin.py:188} INFO - [2026-01-30T10:41:21.005+0000] {dagbag.py:538} INFO - Filling up the DagBag from /opt/airflow/dags/airflow_dag_spark_streaming.py
[2026-01-30T10:41:21.027+0000] {processor.py:840} INFO - DAG(s) 'spark_sgp4_streaming' retrieved from /opt/airflow/dags/airflow_dag_spark_streaming.py
[2026-01-30T10:41:21.089+0000] {logging_mixin.py:188} INFO - [2026-01-30T10:41:21.089+0000] {dag.py:3036} INFO - Sync 1 DAGs
[2026-01-30T10:41:21.117+0000] {logging_mixin.py:188} INFO - [2026-01-30T10:41:21.116+0000] {dag.py:3823} INFO - Setting next_dagrun for spark_sgp4_streaming to None, run_after=None
[2026-01-30T10:41:21.151+0000] {processor.py:183} INFO - Processing /opt/airflow/dags/airflow_dag_spark_streaming.py took 0.157 seconds
[2026-01-30T10:41:51.359+0000] {processor.py:161} INFO - Started process (PID=2524) to work on /opt/airflow/dags/airflow_dag_spark_streaming.py
[2026-01-30T10:41:51.361+0000] {processor.py:830} INFO - Processing file /opt/airflow/dags/airflow_dag_spark_streaming.py for tasks to queue
[2026-01-30T10:41:51.362+0000] {logging_mixin.py:188} INFO - [2026-01-30T10:41:51.361+0000] {dagbag.py:538} INFO - Filling up the DagBag from /opt/airflow/dags/airflow_dag_spark_streaming.py
[2026-01-30T10:41:51.385+0000] {processor.py:840} INFO - DAG(s) 'spark_sgp4_streaming' retrieved from /opt/airflow/dags/airflow_dag_spark_streaming.py
[2026-01-30T10:41:51.455+0000] {logging_mixin.py:188} INFO - [2026-01-30T10:41:51.454+0000] {dag.py:3036} INFO - Sync 1 DAGs
[2026-01-30T10:41:51.482+0000] {logging_mixin.py:188} INFO - [2026-01-30T10:41:51.482+0000] {dag.py:3823} INFO - Setting next_dagrun for spark_sgp4_streaming to None, run_after=None
[2026-01-30T10:41:51.517+0000] {processor.py:183} INFO - Processing /opt/airflow/dags/airflow_dag_spark_streaming.py took 0.165 seconds
[2026-01-30T10:42:21.726+0000] {processor.py:161} INFO - Started process (PID=2534) to work on /opt/airflow/dags/airflow_dag_spark_streaming.py
[2026-01-30T10:42:21.729+0000] {processor.py:830} INFO - Processing file /opt/airflow/dags/airflow_dag_spark_streaming.py for tasks to queue
[2026-01-30T10:42:21.730+0000] {logging_mixin.py:188} INFO - [2026-01-30T10:42:21.730+0000] {dagbag.py:538} INFO - Filling up the DagBag from /opt/airflow/dags/airflow_dag_spark_streaming.py
[2026-01-30T10:42:21.753+0000] {processor.py:840} INFO - DAG(s) 'spark_sgp4_streaming' retrieved from /opt/airflow/dags/airflow_dag_spark_streaming.py
[2026-01-30T10:42:21.812+0000] {logging_mixin.py:188} INFO - [2026-01-30T10:42:21.812+0000] {dag.py:3036} INFO - Sync 1 DAGs
[2026-01-30T10:42:21.841+0000] {logging_mixin.py:188} INFO - [2026-01-30T10:42:21.841+0000] {dag.py:3823} INFO - Setting next_dagrun for spark_sgp4_streaming to None, run_after=None
[2026-01-30T10:42:21.877+0000] {processor.py:183} INFO - Processing /opt/airflow/dags/airflow_dag_spark_streaming.py took 0.158 seconds
[2026-01-30T10:42:52.089+0000] {processor.py:161} INFO - Started process (PID=2544) to work on /opt/airflow/dags/airflow_dag_spark_streaming.py
[2026-01-30T10:42:52.092+0000] {processor.py:830} INFO - Processing file /opt/airflow/dags/airflow_dag_spark_streaming.py for tasks to queue
[2026-01-30T10:42:52.094+0000] {logging_mixin.py:188} INFO - [2026-01-30T10:42:52.094+0000] {dagbag.py:538} INFO - Filling up the DagBag from /opt/airflow/dags/airflow_dag_spark_streaming.py
[2026-01-30T10:42:52.118+0000] {processor.py:840} INFO - DAG(s) 'spark_sgp4_streaming' retrieved from /opt/airflow/dags/airflow_dag_spark_streaming.py
[2026-01-30T10:42:52.181+0000] {logging_mixin.py:188} INFO - [2026-01-30T10:42:52.181+0000] {dag.py:3036} INFO - Sync 1 DAGs
[2026-01-30T10:42:52.208+0000] {logging_mixin.py:188} INFO - [2026-01-30T10:42:52.208+0000] {dag.py:3823} INFO - Setting next_dagrun for spark_sgp4_streaming to None, run_after=None
[2026-01-30T10:42:52.244+0000] {processor.py:183} INFO - Processing /opt/airflow/dags/airflow_dag_spark_streaming.py took 0.162 seconds
[2026-01-30T10:43:22.444+0000] {processor.py:161} INFO - Started process (PID=2554) to work on /opt/airflow/dags/airflow_dag_spark_streaming.py
[2026-01-30T10:43:22.445+0000] {processor.py:830} INFO - Processing file /opt/airflow/dags/airflow_dag_spark_streaming.py for tasks to queue
[2026-01-30T10:43:22.447+0000] {logging_mixin.py:188} INFO - [2026-01-30T10:43:22.446+0000] {dagbag.py:538} INFO - Filling up the DagBag from /opt/airflow/dags/airflow_dag_spark_streaming.py
[2026-01-30T10:43:22.467+0000] {processor.py:840} INFO - DAG(s) 'spark_sgp4_streaming' retrieved from /opt/airflow/dags/airflow_dag_spark_streaming.py
[2026-01-30T10:43:22.525+0000] {logging_mixin.py:188} INFO - [2026-01-30T10:43:22.525+0000] {dag.py:3036} INFO - Sync 1 DAGs
[2026-01-30T10:43:22.552+0000] {logging_mixin.py:188} INFO - [2026-01-30T10:43:22.551+0000] {dag.py:3823} INFO - Setting next_dagrun for spark_sgp4_streaming to None, run_after=None
[2026-01-30T10:43:22.586+0000] {processor.py:183} INFO - Processing /opt/airflow/dags/airflow_dag_spark_streaming.py took 0.148 seconds
[2026-01-30T10:43:52.776+0000] {processor.py:161} INFO - Started process (PID=2564) to work on /opt/airflow/dags/airflow_dag_spark_streaming.py
[2026-01-30T10:43:52.778+0000] {processor.py:830} INFO - Processing file /opt/airflow/dags/airflow_dag_spark_streaming.py for tasks to queue
[2026-01-30T10:43:52.779+0000] {logging_mixin.py:188} INFO - [2026-01-30T10:43:52.778+0000] {dagbag.py:538} INFO - Filling up the DagBag from /opt/airflow/dags/airflow_dag_spark_streaming.py
[2026-01-30T10:43:52.801+0000] {processor.py:840} INFO - DAG(s) 'spark_sgp4_streaming' retrieved from /opt/airflow/dags/airflow_dag_spark_streaming.py
[2026-01-30T10:43:52.862+0000] {logging_mixin.py:188} INFO - [2026-01-30T10:43:52.862+0000] {dag.py:3036} INFO - Sync 1 DAGs
[2026-01-30T10:43:52.890+0000] {logging_mixin.py:188} INFO - [2026-01-30T10:43:52.890+0000] {dag.py:3823} INFO - Setting next_dagrun for spark_sgp4_streaming to None, run_after=None
[2026-01-30T10:43:52.919+0000] {processor.py:183} INFO - Processing /opt/airflow/dags/airflow_dag_spark_streaming.py took 0.149 seconds
[2026-01-30T10:44:23.147+0000] {processor.py:161} INFO - Started process (PID=2574) to work on /opt/airflow/dags/airflow_dag_spark_streaming.py
[2026-01-30T10:44:23.150+0000] {processor.py:830} INFO - Processing file /opt/airflow/dags/airflow_dag_spark_streaming.py for tasks to queue
[2026-01-30T10:44:23.151+0000] {logging_mixin.py:188} INFO - [2026-01-30T10:44:23.151+0000] {dagbag.py:538} INFO - Filling up the DagBag from /opt/airflow/dags/airflow_dag_spark_streaming.py
[2026-01-30T10:44:23.169+0000] {processor.py:840} INFO - DAG(s) 'spark_sgp4_streaming' retrieved from /opt/airflow/dags/airflow_dag_spark_streaming.py
[2026-01-30T10:44:23.228+0000] {logging_mixin.py:188} INFO - [2026-01-30T10:44:23.228+0000] {dag.py:3036} INFO - Sync 1 DAGs
[2026-01-30T10:44:23.255+0000] {logging_mixin.py:188} INFO - [2026-01-30T10:44:23.254+0000] {dag.py:3823} INFO - Setting next_dagrun for spark_sgp4_streaming to None, run_after=None
[2026-01-30T10:44:23.287+0000] {processor.py:183} INFO - Processing /opt/airflow/dags/airflow_dag_spark_streaming.py took 0.146 seconds
[2026-01-30T10:44:53.477+0000] {processor.py:161} INFO - Started process (PID=2584) to work on /opt/airflow/dags/airflow_dag_spark_streaming.py
[2026-01-30T10:44:53.479+0000] {processor.py:830} INFO - Processing file /opt/airflow/dags/airflow_dag_spark_streaming.py for tasks to queue
[2026-01-30T10:44:53.481+0000] {logging_mixin.py:188} INFO - [2026-01-30T10:44:53.480+0000] {dagbag.py:538} INFO - Filling up the DagBag from /opt/airflow/dags/airflow_dag_spark_streaming.py
[2026-01-30T10:44:53.501+0000] {processor.py:840} INFO - DAG(s) 'spark_sgp4_streaming' retrieved from /opt/airflow/dags/airflow_dag_spark_streaming.py
[2026-01-30T10:44:53.562+0000] {logging_mixin.py:188} INFO - [2026-01-30T10:44:53.561+0000] {dag.py:3036} INFO - Sync 1 DAGs
[2026-01-30T10:44:53.590+0000] {logging_mixin.py:188} INFO - [2026-01-30T10:44:53.589+0000] {dag.py:3823} INFO - Setting next_dagrun for spark_sgp4_streaming to None, run_after=None
[2026-01-30T10:44:53.623+0000] {processor.py:183} INFO - Processing /opt/airflow/dags/airflow_dag_spark_streaming.py took 0.152 seconds
[2026-01-30T10:45:23.793+0000] {processor.py:161} INFO - Started process (PID=2594) to work on /opt/airflow/dags/airflow_dag_spark_streaming.py
[2026-01-30T10:45:23.794+0000] {processor.py:830} INFO - Processing file /opt/airflow/dags/airflow_dag_spark_streaming.py for tasks to queue
[2026-01-30T10:45:23.794+0000] {logging_mixin.py:188} INFO - [2026-01-30T10:45:23.794+0000] {dagbag.py:538} INFO - Filling up the DagBag from /opt/airflow/dags/airflow_dag_spark_streaming.py
[2026-01-30T10:45:23.805+0000] {processor.py:840} INFO - DAG(s) 'spark_sgp4_streaming' retrieved from /opt/airflow/dags/airflow_dag_spark_streaming.py
[2026-01-30T10:45:23.833+0000] {logging_mixin.py:188} INFO - [2026-01-30T10:45:23.833+0000] {dag.py:3036} INFO - Sync 1 DAGs
[2026-01-30T10:45:23.847+0000] {logging_mixin.py:188} INFO - [2026-01-30T10:45:23.847+0000] {dag.py:3823} INFO - Setting next_dagrun for spark_sgp4_streaming to None, run_after=None
[2026-01-30T10:45:23.863+0000] {processor.py:183} INFO - Processing /opt/airflow/dags/airflow_dag_spark_streaming.py took 0.073 seconds
[2026-01-30T10:45:54.034+0000] {processor.py:161} INFO - Started process (PID=2604) to work on /opt/airflow/dags/airflow_dag_spark_streaming.py
[2026-01-30T10:45:54.037+0000] {processor.py:830} INFO - Processing file /opt/airflow/dags/airflow_dag_spark_streaming.py for tasks to queue
[2026-01-30T10:45:54.040+0000] {logging_mixin.py:188} INFO - [2026-01-30T10:45:54.038+0000] {dagbag.py:538} INFO - Filling up the DagBag from /opt/airflow/dags/airflow_dag_spark_streaming.py
[2026-01-30T10:45:54.078+0000] {processor.py:840} INFO - DAG(s) 'spark_sgp4_streaming' retrieved from /opt/airflow/dags/airflow_dag_spark_streaming.py
[2026-01-30T10:45:54.157+0000] {logging_mixin.py:188} INFO - [2026-01-30T10:45:54.156+0000] {dag.py:3036} INFO - Sync 1 DAGs
[2026-01-30T10:45:54.196+0000] {logging_mixin.py:188} INFO - [2026-01-30T10:45:54.195+0000] {dag.py:3823} INFO - Setting next_dagrun for spark_sgp4_streaming to None, run_after=None
[2026-01-30T10:45:54.240+0000] {processor.py:183} INFO - Processing /opt/airflow/dags/airflow_dag_spark_streaming.py took 0.217 seconds
[2026-01-30T10:46:24.442+0000] {processor.py:161} INFO - Started process (PID=2614) to work on /opt/airflow/dags/airflow_dag_spark_streaming.py
[2026-01-30T10:46:24.443+0000] {processor.py:830} INFO - Processing file /opt/airflow/dags/airflow_dag_spark_streaming.py for tasks to queue
[2026-01-30T10:46:24.445+0000] {logging_mixin.py:188} INFO - [2026-01-30T10:46:24.444+0000] {dagbag.py:538} INFO - Filling up the DagBag from /opt/airflow/dags/airflow_dag_spark_streaming.py
[2026-01-30T10:46:24.467+0000] {processor.py:840} INFO - DAG(s) 'spark_sgp4_streaming' retrieved from /opt/airflow/dags/airflow_dag_spark_streaming.py
[2026-01-30T10:46:24.527+0000] {logging_mixin.py:188} INFO - [2026-01-30T10:46:24.527+0000] {dag.py:3036} INFO - Sync 1 DAGs
[2026-01-30T10:46:24.554+0000] {logging_mixin.py:188} INFO - [2026-01-30T10:46:24.554+0000] {dag.py:3823} INFO - Setting next_dagrun for spark_sgp4_streaming to None, run_after=None
[2026-01-30T10:46:24.590+0000] {processor.py:183} INFO - Processing /opt/airflow/dags/airflow_dag_spark_streaming.py took 0.155 seconds
[2026-01-30T10:46:54.791+0000] {processor.py:161} INFO - Started process (PID=2624) to work on /opt/airflow/dags/airflow_dag_spark_streaming.py
[2026-01-30T10:46:54.792+0000] {processor.py:830} INFO - Processing file /opt/airflow/dags/airflow_dag_spark_streaming.py for tasks to queue
[2026-01-30T10:46:54.793+0000] {logging_mixin.py:188} INFO - [2026-01-30T10:46:54.793+0000] {dagbag.py:538} INFO - Filling up the DagBag from /opt/airflow/dags/airflow_dag_spark_streaming.py
[2026-01-30T10:46:54.810+0000] {processor.py:840} INFO - DAG(s) 'spark_sgp4_streaming' retrieved from /opt/airflow/dags/airflow_dag_spark_streaming.py
[2026-01-30T10:46:54.863+0000] {logging_mixin.py:188} INFO - [2026-01-30T10:46:54.863+0000] {dag.py:3036} INFO - Sync 1 DAGs
[2026-01-30T10:46:54.891+0000] {logging_mixin.py:188} INFO - [2026-01-30T10:46:54.890+0000] {dag.py:3823} INFO - Setting next_dagrun for spark_sgp4_streaming to None, run_after=None
[2026-01-30T10:46:54.923+0000] {processor.py:183} INFO - Processing /opt/airflow/dags/airflow_dag_spark_streaming.py took 0.137 seconds
[2026-01-30T10:47:25.109+0000] {processor.py:161} INFO - Started process (PID=2634) to work on /opt/airflow/dags/airflow_dag_spark_streaming.py
[2026-01-30T10:47:25.113+0000] {processor.py:830} INFO - Processing file /opt/airflow/dags/airflow_dag_spark_streaming.py for tasks to queue
[2026-01-30T10:47:25.114+0000] {logging_mixin.py:188} INFO - [2026-01-30T10:47:25.114+0000] {dagbag.py:538} INFO - Filling up the DagBag from /opt/airflow/dags/airflow_dag_spark_streaming.py
[2026-01-30T10:47:25.135+0000] {processor.py:840} INFO - DAG(s) 'spark_sgp4_streaming' retrieved from /opt/airflow/dags/airflow_dag_spark_streaming.py
[2026-01-30T10:47:25.195+0000] {logging_mixin.py:188} INFO - [2026-01-30T10:47:25.195+0000] {dag.py:3036} INFO - Sync 1 DAGs
[2026-01-30T10:47:25.224+0000] {logging_mixin.py:188} INFO - [2026-01-30T10:47:25.224+0000] {dag.py:3823} INFO - Setting next_dagrun for spark_sgp4_streaming to None, run_after=None
[2026-01-30T10:47:25.253+0000] {processor.py:183} INFO - Processing /opt/airflow/dags/airflow_dag_spark_streaming.py took 0.150 seconds
[2026-01-30T10:47:55.442+0000] {processor.py:161} INFO - Started process (PID=2644) to work on /opt/airflow/dags/airflow_dag_spark_streaming.py
[2026-01-30T10:47:55.444+0000] {processor.py:830} INFO - Processing file /opt/airflow/dags/airflow_dag_spark_streaming.py for tasks to queue
[2026-01-30T10:47:55.445+0000] {logging_mixin.py:188} INFO - [2026-01-30T10:47:55.444+0000] {dagbag.py:538} INFO - Filling up the DagBag from /opt/airflow/dags/airflow_dag_spark_streaming.py
[2026-01-30T10:47:55.465+0000] {processor.py:840} INFO - DAG(s) 'spark_sgp4_streaming' retrieved from /opt/airflow/dags/airflow_dag_spark_streaming.py
[2026-01-30T10:47:55.523+0000] {logging_mixin.py:188} INFO - [2026-01-30T10:47:55.523+0000] {dag.py:3036} INFO - Sync 1 DAGs
[2026-01-30T10:47:55.551+0000] {logging_mixin.py:188} INFO - [2026-01-30T10:47:55.550+0000] {dag.py:3823} INFO - Setting next_dagrun for spark_sgp4_streaming to None, run_after=None
[2026-01-30T10:47:55.588+0000] {processor.py:183} INFO - Processing /opt/airflow/dags/airflow_dag_spark_streaming.py took 0.152 seconds
[2026-01-30T10:48:25.772+0000] {processor.py:161} INFO - Started process (PID=2654) to work on /opt/airflow/dags/airflow_dag_spark_streaming.py
[2026-01-30T10:48:25.774+0000] {processor.py:830} INFO - Processing file /opt/airflow/dags/airflow_dag_spark_streaming.py for tasks to queue
[2026-01-30T10:48:25.775+0000] {logging_mixin.py:188} INFO - [2026-01-30T10:48:25.774+0000] {dagbag.py:538} INFO - Filling up the DagBag from /opt/airflow/dags/airflow_dag_spark_streaming.py
[2026-01-30T10:48:25.796+0000] {processor.py:840} INFO - DAG(s) 'spark_sgp4_streaming' retrieved from /opt/airflow/dags/airflow_dag_spark_streaming.py
[2026-01-30T10:48:25.854+0000] {logging_mixin.py:188} INFO - [2026-01-30T10:48:25.854+0000] {dag.py:3036} INFO - Sync 1 DAGs
[2026-01-30T10:48:25.882+0000] {logging_mixin.py:188} INFO - [2026-01-30T10:48:25.882+0000] {dag.py:3823} INFO - Setting next_dagrun for spark_sgp4_streaming to None, run_after=None
[2026-01-30T10:48:25.917+0000] {processor.py:183} INFO - Processing /opt/airflow/dags/airflow_dag_spark_streaming.py took 0.152 seconds
[2026-01-30T10:48:56.106+0000] {processor.py:161} INFO - Started process (PID=2664) to work on /opt/airflow/dags/airflow_dag_spark_streaming.py
[2026-01-30T10:48:56.107+0000] {processor.py:830} INFO - Processing file /opt/airflow/dags/airflow_dag_spark_streaming.py for tasks to queue
[2026-01-30T10:48:56.109+0000] {logging_mixin.py:188} INFO - [2026-01-30T10:48:56.108+0000] {dagbag.py:538} INFO - Filling up the DagBag from /opt/airflow/dags/airflow_dag_spark_streaming.py
[2026-01-30T10:48:56.127+0000] {processor.py:840} INFO - DAG(s) 'spark_sgp4_streaming' retrieved from /opt/airflow/dags/airflow_dag_spark_streaming.py
[2026-01-30T10:48:56.168+0000] {logging_mixin.py:188} INFO - [2026-01-30T10:48:56.168+0000] {dag.py:3036} INFO - Sync 1 DAGs
[2026-01-30T10:48:56.196+0000] {logging_mixin.py:188} INFO - [2026-01-30T10:48:56.196+0000] {dag.py:3823} INFO - Setting next_dagrun for spark_sgp4_streaming to None, run_after=None
[2026-01-30T10:48:56.227+0000] {processor.py:183} INFO - Processing /opt/airflow/dags/airflow_dag_spark_streaming.py took 0.126 seconds
[2026-01-30T10:49:26.436+0000] {processor.py:161} INFO - Started process (PID=2674) to work on /opt/airflow/dags/airflow_dag_spark_streaming.py
[2026-01-30T10:49:26.438+0000] {processor.py:830} INFO - Processing file /opt/airflow/dags/airflow_dag_spark_streaming.py for tasks to queue
[2026-01-30T10:49:26.440+0000] {logging_mixin.py:188} INFO - [2026-01-30T10:49:26.439+0000] {dagbag.py:538} INFO - Filling up the DagBag from /opt/airflow/dags/airflow_dag_spark_streaming.py
[2026-01-30T10:49:26.466+0000] {processor.py:840} INFO - DAG(s) 'spark_sgp4_streaming' retrieved from /opt/airflow/dags/airflow_dag_spark_streaming.py
[2026-01-30T10:49:26.530+0000] {logging_mixin.py:188} INFO - [2026-01-30T10:49:26.529+0000] {dag.py:3036} INFO - Sync 1 DAGs
[2026-01-30T10:49:26.558+0000] {logging_mixin.py:188} INFO - [2026-01-30T10:49:26.557+0000] {dag.py:3823} INFO - Setting next_dagrun for spark_sgp4_streaming to None, run_after=None
[2026-01-30T10:49:26.593+0000] {processor.py:183} INFO - Processing /opt/airflow/dags/airflow_dag_spark_streaming.py took 0.165 seconds
[2026-01-30T10:49:56.793+0000] {processor.py:161} INFO - Started process (PID=2684) to work on /opt/airflow/dags/airflow_dag_spark_streaming.py
[2026-01-30T10:49:56.797+0000] {processor.py:830} INFO - Processing file /opt/airflow/dags/airflow_dag_spark_streaming.py for tasks to queue
[2026-01-30T10:49:56.798+0000] {logging_mixin.py:188} INFO - [2026-01-30T10:49:56.798+0000] {dagbag.py:538} INFO - Filling up the DagBag from /opt/airflow/dags/airflow_dag_spark_streaming.py
[2026-01-30T10:49:56.821+0000] {processor.py:840} INFO - DAG(s) 'spark_sgp4_streaming' retrieved from /opt/airflow/dags/airflow_dag_spark_streaming.py
[2026-01-30T10:49:56.879+0000] {logging_mixin.py:188} INFO - [2026-01-30T10:49:56.878+0000] {dag.py:3036} INFO - Sync 1 DAGs
[2026-01-30T10:49:56.910+0000] {logging_mixin.py:188} INFO - [2026-01-30T10:49:56.909+0000] {dag.py:3823} INFO - Setting next_dagrun for spark_sgp4_streaming to None, run_after=None
[2026-01-30T10:49:56.947+0000] {processor.py:183} INFO - Processing /opt/airflow/dags/airflow_dag_spark_streaming.py took 0.160 seconds
