[2026-01-30T04:23:09.913+0000] {processor.py:161} INFO - Started process (PID=193) to work on /opt/airflow/dags/airflow_dag_api_to_kafka.py
[2026-01-30T04:23:09.913+0000] {processor.py:830} INFO - Processing file /opt/airflow/dags/airflow_dag_api_to_kafka.py for tasks to queue
[2026-01-30T04:23:09.914+0000] {logging_mixin.py:188} INFO - [2026-01-30T04:23:09.914+0000] {dagbag.py:538} INFO - Filling up the DagBag from /opt/airflow/dags/airflow_dag_api_to_kafka.py
[2026-01-30T04:23:09.962+0000] {processor.py:840} INFO - DAG(s) 'tle_api_to_kafka_streaming' retrieved from /opt/airflow/dags/airflow_dag_api_to_kafka.py
[2026-01-30T04:23:10.150+0000] {logging_mixin.py:188} INFO - [2026-01-30T04:23:10.149+0000] {override.py:1769} INFO - Created Permission View: can edit on DAG:tle_api_to_kafka_streaming
[2026-01-30T04:23:10.159+0000] {logging_mixin.py:188} INFO - [2026-01-30T04:23:10.158+0000] {override.py:1769} INFO - Created Permission View: can delete on DAG:tle_api_to_kafka_streaming
[2026-01-30T04:23:10.164+0000] {logging_mixin.py:188} INFO - [2026-01-30T04:23:10.164+0000] {override.py:1769} INFO - Created Permission View: can read on DAG:tle_api_to_kafka_streaming
[2026-01-30T04:23:10.164+0000] {logging_mixin.py:188} INFO - [2026-01-30T04:23:10.164+0000] {dag.py:3036} INFO - Sync 1 DAGs
[2026-01-30T04:23:10.176+0000] {logging_mixin.py:188} INFO - [2026-01-30T04:23:10.176+0000] {dag.py:3058} INFO - Creating ORM DAG for tle_api_to_kafka_streaming
[2026-01-30T04:23:10.191+0000] {logging_mixin.py:188} INFO - [2026-01-30T04:23:10.191+0000] {dag.py:3823} INFO - Setting next_dagrun for tle_api_to_kafka_streaming to 2026-01-30 03:00:00+00:00, run_after=2026-01-30 04:00:00+00:00
[2026-01-30T04:23:10.212+0000] {processor.py:183} INFO - Processing /opt/airflow/dags/airflow_dag_api_to_kafka.py took 0.302 seconds
[2026-01-30T04:23:40.358+0000] {processor.py:161} INFO - Started process (PID=203) to work on /opt/airflow/dags/airflow_dag_api_to_kafka.py
[2026-01-30T04:23:40.358+0000] {processor.py:830} INFO - Processing file /opt/airflow/dags/airflow_dag_api_to_kafka.py for tasks to queue
[2026-01-30T04:23:40.359+0000] {logging_mixin.py:188} INFO - [2026-01-30T04:23:40.359+0000] {dagbag.py:538} INFO - Filling up the DagBag from /opt/airflow/dags/airflow_dag_api_to_kafka.py
[2026-01-30T04:23:40.436+0000] {processor.py:840} INFO - DAG(s) 'tle_api_to_kafka_streaming' retrieved from /opt/airflow/dags/airflow_dag_api_to_kafka.py
[2026-01-30T04:23:40.483+0000] {logging_mixin.py:188} INFO - [2026-01-30T04:23:40.483+0000] {dag.py:3036} INFO - Sync 1 DAGs
[2026-01-30T04:23:40.524+0000] {logging_mixin.py:188} INFO - [2026-01-30T04:23:40.524+0000] {dag.py:3823} INFO - Setting next_dagrun for tle_api_to_kafka_streaming to 2026-01-30 03:00:00+00:00, run_after=2026-01-30 04:00:00+00:00
[2026-01-30T04:23:40.549+0000] {processor.py:183} INFO - Processing /opt/airflow/dags/airflow_dag_api_to_kafka.py took 0.195 seconds
[2026-01-30T04:24:10.619+0000] {processor.py:161} INFO - Started process (PID=213) to work on /opt/airflow/dags/airflow_dag_api_to_kafka.py
[2026-01-30T04:24:10.620+0000] {processor.py:830} INFO - Processing file /opt/airflow/dags/airflow_dag_api_to_kafka.py for tasks to queue
[2026-01-30T04:24:10.621+0000] {logging_mixin.py:188} INFO - [2026-01-30T04:24:10.621+0000] {dagbag.py:538} INFO - Filling up the DagBag from /opt/airflow/dags/airflow_dag_api_to_kafka.py
[2026-01-30T04:24:10.680+0000] {processor.py:840} INFO - DAG(s) 'tle_api_to_kafka_streaming' retrieved from /opt/airflow/dags/airflow_dag_api_to_kafka.py
[2026-01-30T04:24:10.723+0000] {logging_mixin.py:188} INFO - [2026-01-30T04:24:10.723+0000] {dag.py:3036} INFO - Sync 1 DAGs
[2026-01-30T04:24:10.759+0000] {logging_mixin.py:188} INFO - [2026-01-30T04:24:10.759+0000] {dag.py:3823} INFO - Setting next_dagrun for tle_api_to_kafka_streaming to 2026-01-30 03:00:00+00:00, run_after=2026-01-30 04:00:00+00:00
[2026-01-30T04:24:10.782+0000] {processor.py:183} INFO - Processing /opt/airflow/dags/airflow_dag_api_to_kafka.py took 0.166 seconds
[2026-01-30T04:24:40.850+0000] {processor.py:161} INFO - Started process (PID=223) to work on /opt/airflow/dags/airflow_dag_api_to_kafka.py
[2026-01-30T04:24:40.850+0000] {processor.py:830} INFO - Processing file /opt/airflow/dags/airflow_dag_api_to_kafka.py for tasks to queue
[2026-01-30T04:24:40.851+0000] {logging_mixin.py:188} INFO - [2026-01-30T04:24:40.851+0000] {dagbag.py:538} INFO - Filling up the DagBag from /opt/airflow/dags/airflow_dag_api_to_kafka.py
[2026-01-30T04:24:40.906+0000] {processor.py:840} INFO - DAG(s) 'tle_api_to_kafka_streaming' retrieved from /opt/airflow/dags/airflow_dag_api_to_kafka.py
[2026-01-30T04:24:40.940+0000] {logging_mixin.py:188} INFO - [2026-01-30T04:24:40.939+0000] {dag.py:3036} INFO - Sync 1 DAGs
[2026-01-30T04:24:40.971+0000] {logging_mixin.py:188} INFO - [2026-01-30T04:24:40.970+0000] {dag.py:3823} INFO - Setting next_dagrun for tle_api_to_kafka_streaming to 2026-01-30 03:00:00+00:00, run_after=2026-01-30 04:00:00+00:00
[2026-01-30T04:24:40.990+0000] {processor.py:183} INFO - Processing /opt/airflow/dags/airflow_dag_api_to_kafka.py took 0.144 seconds
[2026-01-30T04:25:11.095+0000] {processor.py:161} INFO - Started process (PID=233) to work on /opt/airflow/dags/airflow_dag_api_to_kafka.py
[2026-01-30T04:25:11.097+0000] {processor.py:830} INFO - Processing file /opt/airflow/dags/airflow_dag_api_to_kafka.py for tasks to queue
[2026-01-30T04:25:11.098+0000] {logging_mixin.py:188} INFO - [2026-01-30T04:25:11.097+0000] {dagbag.py:538} INFO - Filling up the DagBag from /opt/airflow/dags/airflow_dag_api_to_kafka.py
[2026-01-30T04:25:11.180+0000] {processor.py:840} INFO - DAG(s) 'tle_api_to_kafka_streaming' retrieved from /opt/airflow/dags/airflow_dag_api_to_kafka.py
[2026-01-30T04:25:11.217+0000] {logging_mixin.py:188} INFO - [2026-01-30T04:25:11.217+0000] {dag.py:3036} INFO - Sync 1 DAGs
[2026-01-30T04:25:11.249+0000] {logging_mixin.py:188} INFO - [2026-01-30T04:25:11.249+0000] {dag.py:3823} INFO - Setting next_dagrun for tle_api_to_kafka_streaming to 2026-01-30 03:00:00+00:00, run_after=2026-01-30 04:00:00+00:00
[2026-01-30T04:25:11.269+0000] {processor.py:183} INFO - Processing /opt/airflow/dags/airflow_dag_api_to_kafka.py took 0.178 seconds
[2026-01-30T04:25:41.370+0000] {processor.py:161} INFO - Started process (PID=243) to work on /opt/airflow/dags/airflow_dag_api_to_kafka.py
[2026-01-30T04:25:41.371+0000] {processor.py:830} INFO - Processing file /opt/airflow/dags/airflow_dag_api_to_kafka.py for tasks to queue
[2026-01-30T04:25:41.373+0000] {logging_mixin.py:188} INFO - [2026-01-30T04:25:41.372+0000] {dagbag.py:538} INFO - Filling up the DagBag from /opt/airflow/dags/airflow_dag_api_to_kafka.py
[2026-01-30T04:25:41.454+0000] {processor.py:840} INFO - DAG(s) 'tle_api_to_kafka_streaming' retrieved from /opt/airflow/dags/airflow_dag_api_to_kafka.py
[2026-01-30T04:25:41.485+0000] {logging_mixin.py:188} INFO - [2026-01-30T04:25:41.485+0000] {dag.py:3036} INFO - Sync 1 DAGs
[2026-01-30T04:25:41.520+0000] {logging_mixin.py:188} INFO - [2026-01-30T04:25:41.520+0000] {dag.py:3823} INFO - Setting next_dagrun for tle_api_to_kafka_streaming to 2026-01-30 03:00:00+00:00, run_after=2026-01-30 04:00:00+00:00
[2026-01-30T04:25:41.545+0000] {processor.py:183} INFO - Processing /opt/airflow/dags/airflow_dag_api_to_kafka.py took 0.180 seconds
[2026-01-30T04:26:11.613+0000] {processor.py:161} INFO - Started process (PID=253) to work on /opt/airflow/dags/airflow_dag_api_to_kafka.py
[2026-01-30T04:26:11.614+0000] {processor.py:830} INFO - Processing file /opt/airflow/dags/airflow_dag_api_to_kafka.py for tasks to queue
[2026-01-30T04:26:11.615+0000] {logging_mixin.py:188} INFO - [2026-01-30T04:26:11.615+0000] {dagbag.py:538} INFO - Filling up the DagBag from /opt/airflow/dags/airflow_dag_api_to_kafka.py
[2026-01-30T04:26:11.671+0000] {processor.py:840} INFO - DAG(s) 'tle_api_to_kafka_streaming' retrieved from /opt/airflow/dags/airflow_dag_api_to_kafka.py
[2026-01-30T04:26:11.703+0000] {logging_mixin.py:188} INFO - [2026-01-30T04:26:11.703+0000] {dag.py:3036} INFO - Sync 1 DAGs
[2026-01-30T04:26:11.737+0000] {logging_mixin.py:188} INFO - [2026-01-30T04:26:11.736+0000] {dag.py:3823} INFO - Setting next_dagrun for tle_api_to_kafka_streaming to 2026-01-30 03:00:00+00:00, run_after=2026-01-30 04:00:00+00:00
[2026-01-30T04:26:11.757+0000] {processor.py:183} INFO - Processing /opt/airflow/dags/airflow_dag_api_to_kafka.py took 0.147 seconds
[2026-01-30T04:26:41.856+0000] {processor.py:161} INFO - Started process (PID=263) to work on /opt/airflow/dags/airflow_dag_api_to_kafka.py
[2026-01-30T04:26:41.857+0000] {processor.py:830} INFO - Processing file /opt/airflow/dags/airflow_dag_api_to_kafka.py for tasks to queue
[2026-01-30T04:26:41.858+0000] {logging_mixin.py:188} INFO - [2026-01-30T04:26:41.858+0000] {dagbag.py:538} INFO - Filling up the DagBag from /opt/airflow/dags/airflow_dag_api_to_kafka.py
[2026-01-30T04:26:41.941+0000] {processor.py:840} INFO - DAG(s) 'tle_api_to_kafka_streaming' retrieved from /opt/airflow/dags/airflow_dag_api_to_kafka.py
[2026-01-30T04:26:41.975+0000] {logging_mixin.py:188} INFO - [2026-01-30T04:26:41.975+0000] {dag.py:3036} INFO - Sync 1 DAGs
[2026-01-30T04:26:42.003+0000] {logging_mixin.py:188} INFO - [2026-01-30T04:26:42.003+0000] {dag.py:3823} INFO - Setting next_dagrun for tle_api_to_kafka_streaming to 2026-01-30 03:00:00+00:00, run_after=2026-01-30 04:00:00+00:00
[2026-01-30T04:26:42.024+0000] {processor.py:183} INFO - Processing /opt/airflow/dags/airflow_dag_api_to_kafka.py took 0.173 seconds
[2026-01-30T04:27:12.102+0000] {processor.py:161} INFO - Started process (PID=273) to work on /opt/airflow/dags/airflow_dag_api_to_kafka.py
[2026-01-30T04:27:12.103+0000] {processor.py:830} INFO - Processing file /opt/airflow/dags/airflow_dag_api_to_kafka.py for tasks to queue
[2026-01-30T04:27:12.103+0000] {logging_mixin.py:188} INFO - [2026-01-30T04:27:12.103+0000] {dagbag.py:538} INFO - Filling up the DagBag from /opt/airflow/dags/airflow_dag_api_to_kafka.py
[2026-01-30T04:27:12.184+0000] {processor.py:840} INFO - DAG(s) 'tle_api_to_kafka_streaming' retrieved from /opt/airflow/dags/airflow_dag_api_to_kafka.py
[2026-01-30T04:27:12.224+0000] {logging_mixin.py:188} INFO - [2026-01-30T04:27:12.224+0000] {dag.py:3036} INFO - Sync 1 DAGs
[2026-01-30T04:27:12.268+0000] {logging_mixin.py:188} INFO - [2026-01-30T04:27:12.267+0000] {dag.py:3823} INFO - Setting next_dagrun for tle_api_to_kafka_streaming to 2026-01-30 03:00:00+00:00, run_after=2026-01-30 04:00:00+00:00
[2026-01-30T04:27:12.293+0000] {processor.py:183} INFO - Processing /opt/airflow/dags/airflow_dag_api_to_kafka.py took 0.195 seconds
[2026-01-30T04:27:42.389+0000] {processor.py:161} INFO - Started process (PID=283) to work on /opt/airflow/dags/airflow_dag_api_to_kafka.py
[2026-01-30T04:27:42.390+0000] {processor.py:830} INFO - Processing file /opt/airflow/dags/airflow_dag_api_to_kafka.py for tasks to queue
[2026-01-30T04:27:42.391+0000] {logging_mixin.py:188} INFO - [2026-01-30T04:27:42.391+0000] {dagbag.py:538} INFO - Filling up the DagBag from /opt/airflow/dags/airflow_dag_api_to_kafka.py
[2026-01-30T04:27:42.443+0000] {processor.py:840} INFO - DAG(s) 'tle_api_to_kafka_streaming' retrieved from /opt/airflow/dags/airflow_dag_api_to_kafka.py
[2026-01-30T04:27:42.478+0000] {logging_mixin.py:188} INFO - [2026-01-30T04:27:42.477+0000] {dag.py:3036} INFO - Sync 1 DAGs
[2026-01-30T04:27:42.508+0000] {logging_mixin.py:188} INFO - [2026-01-30T04:27:42.508+0000] {dag.py:3823} INFO - Setting next_dagrun for tle_api_to_kafka_streaming to 2026-01-30 03:00:00+00:00, run_after=2026-01-30 04:00:00+00:00
[2026-01-30T04:27:42.526+0000] {processor.py:183} INFO - Processing /opt/airflow/dags/airflow_dag_api_to_kafka.py took 0.140 seconds
[2026-01-30T04:28:12.643+0000] {processor.py:161} INFO - Started process (PID=293) to work on /opt/airflow/dags/airflow_dag_api_to_kafka.py
[2026-01-30T04:28:12.644+0000] {processor.py:830} INFO - Processing file /opt/airflow/dags/airflow_dag_api_to_kafka.py for tasks to queue
[2026-01-30T04:28:12.645+0000] {logging_mixin.py:188} INFO - [2026-01-30T04:28:12.644+0000] {dagbag.py:538} INFO - Filling up the DagBag from /opt/airflow/dags/airflow_dag_api_to_kafka.py
[2026-01-30T04:28:12.717+0000] {processor.py:840} INFO - DAG(s) 'tle_api_to_kafka_streaming' retrieved from /opt/airflow/dags/airflow_dag_api_to_kafka.py
[2026-01-30T04:28:12.752+0000] {logging_mixin.py:188} INFO - [2026-01-30T04:28:12.752+0000] {dag.py:3036} INFO - Sync 1 DAGs
[2026-01-30T04:28:12.781+0000] {logging_mixin.py:188} INFO - [2026-01-30T04:28:12.780+0000] {dag.py:3823} INFO - Setting next_dagrun for tle_api_to_kafka_streaming to 2026-01-30 03:00:00+00:00, run_after=2026-01-30 04:00:00+00:00
[2026-01-30T04:28:12.799+0000] {processor.py:183} INFO - Processing /opt/airflow/dags/airflow_dag_api_to_kafka.py took 0.159 seconds
[2026-01-30T04:28:42.867+0000] {processor.py:161} INFO - Started process (PID=303) to work on /opt/airflow/dags/airflow_dag_api_to_kafka.py
[2026-01-30T04:28:42.867+0000] {processor.py:830} INFO - Processing file /opt/airflow/dags/airflow_dag_api_to_kafka.py for tasks to queue
[2026-01-30T04:28:42.868+0000] {logging_mixin.py:188} INFO - [2026-01-30T04:28:42.868+0000] {dagbag.py:538} INFO - Filling up the DagBag from /opt/airflow/dags/airflow_dag_api_to_kafka.py
[2026-01-30T04:28:42.941+0000] {processor.py:840} INFO - DAG(s) 'tle_api_to_kafka_streaming' retrieved from /opt/airflow/dags/airflow_dag_api_to_kafka.py
[2026-01-30T04:28:42.980+0000] {logging_mixin.py:188} INFO - [2026-01-30T04:28:42.980+0000] {dag.py:3036} INFO - Sync 1 DAGs
[2026-01-30T04:28:43.020+0000] {logging_mixin.py:188} INFO - [2026-01-30T04:28:43.020+0000] {dag.py:3823} INFO - Setting next_dagrun for tle_api_to_kafka_streaming to 2026-01-30 03:00:00+00:00, run_after=2026-01-30 04:00:00+00:00
[2026-01-30T04:28:43.041+0000] {processor.py:183} INFO - Processing /opt/airflow/dags/airflow_dag_api_to_kafka.py took 0.178 seconds
[2026-01-30T04:29:13.074+0000] {processor.py:161} INFO - Started process (PID=313) to work on /opt/airflow/dags/airflow_dag_api_to_kafka.py
[2026-01-30T04:29:13.075+0000] {processor.py:830} INFO - Processing file /opt/airflow/dags/airflow_dag_api_to_kafka.py for tasks to queue
[2026-01-30T04:29:13.075+0000] {logging_mixin.py:188} INFO - [2026-01-30T04:29:13.075+0000] {dagbag.py:538} INFO - Filling up the DagBag from /opt/airflow/dags/airflow_dag_api_to_kafka.py
[2026-01-30T04:29:13.118+0000] {processor.py:840} INFO - DAG(s) 'tle_api_to_kafka_streaming' retrieved from /opt/airflow/dags/airflow_dag_api_to_kafka.py
[2026-01-30T04:29:13.146+0000] {logging_mixin.py:188} INFO - [2026-01-30T04:29:13.146+0000] {dag.py:3036} INFO - Sync 1 DAGs
[2026-01-30T04:29:13.170+0000] {logging_mixin.py:188} INFO - [2026-01-30T04:29:13.170+0000] {dag.py:3823} INFO - Setting next_dagrun for tle_api_to_kafka_streaming to 2026-01-30 03:00:00+00:00, run_after=2026-01-30 04:00:00+00:00
[2026-01-30T04:29:13.186+0000] {processor.py:183} INFO - Processing /opt/airflow/dags/airflow_dag_api_to_kafka.py took 0.114 seconds
[2026-01-30T04:29:43.271+0000] {processor.py:161} INFO - Started process (PID=323) to work on /opt/airflow/dags/airflow_dag_api_to_kafka.py
[2026-01-30T04:29:43.272+0000] {processor.py:830} INFO - Processing file /opt/airflow/dags/airflow_dag_api_to_kafka.py for tasks to queue
[2026-01-30T04:29:43.272+0000] {logging_mixin.py:188} INFO - [2026-01-30T04:29:43.272+0000] {dagbag.py:538} INFO - Filling up the DagBag from /opt/airflow/dags/airflow_dag_api_to_kafka.py
[2026-01-30T04:29:43.312+0000] {processor.py:840} INFO - DAG(s) 'tle_api_to_kafka_streaming' retrieved from /opt/airflow/dags/airflow_dag_api_to_kafka.py
[2026-01-30T04:29:43.342+0000] {logging_mixin.py:188} INFO - [2026-01-30T04:29:43.342+0000] {dag.py:3036} INFO - Sync 1 DAGs
[2026-01-30T04:29:43.366+0000] {logging_mixin.py:188} INFO - [2026-01-30T04:29:43.366+0000] {dag.py:3823} INFO - Setting next_dagrun for tle_api_to_kafka_streaming to 2026-01-30 03:00:00+00:00, run_after=2026-01-30 04:00:00+00:00
[2026-01-30T04:29:43.381+0000] {processor.py:183} INFO - Processing /opt/airflow/dags/airflow_dag_api_to_kafka.py took 0.113 seconds
[2026-01-30T04:30:13.468+0000] {processor.py:161} INFO - Started process (PID=333) to work on /opt/airflow/dags/airflow_dag_api_to_kafka.py
[2026-01-30T04:30:13.469+0000] {processor.py:830} INFO - Processing file /opt/airflow/dags/airflow_dag_api_to_kafka.py for tasks to queue
[2026-01-30T04:30:13.470+0000] {logging_mixin.py:188} INFO - [2026-01-30T04:30:13.469+0000] {dagbag.py:538} INFO - Filling up the DagBag from /opt/airflow/dags/airflow_dag_api_to_kafka.py
[2026-01-30T04:30:13.515+0000] {processor.py:840} INFO - DAG(s) 'tle_api_to_kafka_streaming' retrieved from /opt/airflow/dags/airflow_dag_api_to_kafka.py
[2026-01-30T04:30:13.542+0000] {logging_mixin.py:188} INFO - [2026-01-30T04:30:13.542+0000] {dag.py:3036} INFO - Sync 1 DAGs
[2026-01-30T04:30:13.568+0000] {logging_mixin.py:188} INFO - [2026-01-30T04:30:13.568+0000] {dag.py:3823} INFO - Setting next_dagrun for tle_api_to_kafka_streaming to 2026-01-30 03:00:00+00:00, run_after=2026-01-30 04:00:00+00:00
[2026-01-30T04:30:13.587+0000] {processor.py:183} INFO - Processing /opt/airflow/dags/airflow_dag_api_to_kafka.py took 0.121 seconds
[2026-01-30T04:30:43.692+0000] {processor.py:161} INFO - Started process (PID=343) to work on /opt/airflow/dags/airflow_dag_api_to_kafka.py
[2026-01-30T04:30:43.693+0000] {processor.py:830} INFO - Processing file /opt/airflow/dags/airflow_dag_api_to_kafka.py for tasks to queue
[2026-01-30T04:30:43.694+0000] {logging_mixin.py:188} INFO - [2026-01-30T04:30:43.694+0000] {dagbag.py:538} INFO - Filling up the DagBag from /opt/airflow/dags/airflow_dag_api_to_kafka.py
[2026-01-30T04:30:43.779+0000] {processor.py:840} INFO - DAG(s) 'tle_api_to_kafka_streaming' retrieved from /opt/airflow/dags/airflow_dag_api_to_kafka.py
[2026-01-30T04:30:43.816+0000] {logging_mixin.py:188} INFO - [2026-01-30T04:30:43.815+0000] {dag.py:3036} INFO - Sync 1 DAGs
[2026-01-30T04:30:43.860+0000] {logging_mixin.py:188} INFO - [2026-01-30T04:30:43.860+0000] {dag.py:3823} INFO - Setting next_dagrun for tle_api_to_kafka_streaming to 2026-01-30 03:00:00+00:00, run_after=2026-01-30 04:00:00+00:00
[2026-01-30T04:30:43.880+0000] {processor.py:183} INFO - Processing /opt/airflow/dags/airflow_dag_api_to_kafka.py took 0.194 seconds
[2026-01-30T04:31:13.934+0000] {processor.py:161} INFO - Started process (PID=353) to work on /opt/airflow/dags/airflow_dag_api_to_kafka.py
[2026-01-30T04:31:13.935+0000] {processor.py:830} INFO - Processing file /opt/airflow/dags/airflow_dag_api_to_kafka.py for tasks to queue
[2026-01-30T04:31:13.936+0000] {logging_mixin.py:188} INFO - [2026-01-30T04:31:13.936+0000] {dagbag.py:538} INFO - Filling up the DagBag from /opt/airflow/dags/airflow_dag_api_to_kafka.py
[2026-01-30T04:31:13.994+0000] {processor.py:840} INFO - DAG(s) 'tle_api_to_kafka_streaming' retrieved from /opt/airflow/dags/airflow_dag_api_to_kafka.py
[2026-01-30T04:31:14.026+0000] {logging_mixin.py:188} INFO - [2026-01-30T04:31:14.026+0000] {dag.py:3036} INFO - Sync 1 DAGs
[2026-01-30T04:31:14.061+0000] {logging_mixin.py:188} INFO - [2026-01-30T04:31:14.061+0000] {dag.py:3823} INFO - Setting next_dagrun for tle_api_to_kafka_streaming to 2026-01-30 03:00:00+00:00, run_after=2026-01-30 04:00:00+00:00
[2026-01-30T04:31:14.079+0000] {processor.py:183} INFO - Processing /opt/airflow/dags/airflow_dag_api_to_kafka.py took 0.148 seconds
[2026-01-30T04:31:44.189+0000] {processor.py:161} INFO - Started process (PID=363) to work on /opt/airflow/dags/airflow_dag_api_to_kafka.py
[2026-01-30T04:31:44.189+0000] {processor.py:830} INFO - Processing file /opt/airflow/dags/airflow_dag_api_to_kafka.py for tasks to queue
[2026-01-30T04:31:44.190+0000] {logging_mixin.py:188} INFO - [2026-01-30T04:31:44.190+0000] {dagbag.py:538} INFO - Filling up the DagBag from /opt/airflow/dags/airflow_dag_api_to_kafka.py
[2026-01-30T04:31:44.262+0000] {processor.py:840} INFO - DAG(s) 'tle_api_to_kafka_streaming' retrieved from /opt/airflow/dags/airflow_dag_api_to_kafka.py
[2026-01-30T04:31:44.306+0000] {logging_mixin.py:188} INFO - [2026-01-30T04:31:44.305+0000] {dag.py:3036} INFO - Sync 1 DAGs
[2026-01-30T04:31:44.348+0000] {logging_mixin.py:188} INFO - [2026-01-30T04:31:44.348+0000] {dag.py:3823} INFO - Setting next_dagrun for tle_api_to_kafka_streaming to 2026-01-30 03:00:00+00:00, run_after=2026-01-30 04:00:00+00:00
[2026-01-30T04:31:44.375+0000] {processor.py:183} INFO - Processing /opt/airflow/dags/airflow_dag_api_to_kafka.py took 0.190 seconds
[2026-01-30T04:32:14.444+0000] {processor.py:161} INFO - Started process (PID=373) to work on /opt/airflow/dags/airflow_dag_api_to_kafka.py
[2026-01-30T04:32:14.444+0000] {processor.py:830} INFO - Processing file /opt/airflow/dags/airflow_dag_api_to_kafka.py for tasks to queue
[2026-01-30T04:32:14.445+0000] {logging_mixin.py:188} INFO - [2026-01-30T04:32:14.445+0000] {dagbag.py:538} INFO - Filling up the DagBag from /opt/airflow/dags/airflow_dag_api_to_kafka.py
[2026-01-30T04:32:14.515+0000] {processor.py:840} INFO - DAG(s) 'tle_api_to_kafka_streaming' retrieved from /opt/airflow/dags/airflow_dag_api_to_kafka.py
[2026-01-30T04:32:14.552+0000] {logging_mixin.py:188} INFO - [2026-01-30T04:32:14.552+0000] {dag.py:3036} INFO - Sync 1 DAGs
[2026-01-30T04:32:14.595+0000] {logging_mixin.py:188} INFO - [2026-01-30T04:32:14.595+0000] {dag.py:3823} INFO - Setting next_dagrun for tle_api_to_kafka_streaming to 2026-01-30 03:00:00+00:00, run_after=2026-01-30 04:00:00+00:00
[2026-01-30T04:32:14.623+0000] {processor.py:183} INFO - Processing /opt/airflow/dags/airflow_dag_api_to_kafka.py took 0.183 seconds
[2026-01-30T04:32:44.724+0000] {processor.py:161} INFO - Started process (PID=383) to work on /opt/airflow/dags/airflow_dag_api_to_kafka.py
[2026-01-30T04:32:44.725+0000] {processor.py:830} INFO - Processing file /opt/airflow/dags/airflow_dag_api_to_kafka.py for tasks to queue
[2026-01-30T04:32:44.726+0000] {logging_mixin.py:188} INFO - [2026-01-30T04:32:44.726+0000] {dagbag.py:538} INFO - Filling up the DagBag from /opt/airflow/dags/airflow_dag_api_to_kafka.py
[2026-01-30T04:32:44.809+0000] {processor.py:840} INFO - DAG(s) 'tle_api_to_kafka_streaming' retrieved from /opt/airflow/dags/airflow_dag_api_to_kafka.py
[2026-01-30T04:32:44.851+0000] {logging_mixin.py:188} INFO - [2026-01-30T04:32:44.851+0000] {dag.py:3036} INFO - Sync 1 DAGs
[2026-01-30T04:32:44.896+0000] {logging_mixin.py:188} INFO - [2026-01-30T04:32:44.895+0000] {dag.py:3823} INFO - Setting next_dagrun for tle_api_to_kafka_streaming to 2026-01-30 03:00:00+00:00, run_after=2026-01-30 04:00:00+00:00
[2026-01-30T04:32:44.926+0000] {processor.py:183} INFO - Processing /opt/airflow/dags/airflow_dag_api_to_kafka.py took 0.207 seconds
[2026-01-30T04:33:14.976+0000] {processor.py:161} INFO - Started process (PID=393) to work on /opt/airflow/dags/airflow_dag_api_to_kafka.py
[2026-01-30T04:33:14.977+0000] {processor.py:830} INFO - Processing file /opt/airflow/dags/airflow_dag_api_to_kafka.py for tasks to queue
[2026-01-30T04:33:14.978+0000] {logging_mixin.py:188} INFO - [2026-01-30T04:33:14.978+0000] {dagbag.py:538} INFO - Filling up the DagBag from /opt/airflow/dags/airflow_dag_api_to_kafka.py
[2026-01-30T04:33:15.061+0000] {processor.py:840} INFO - DAG(s) 'tle_api_to_kafka_streaming' retrieved from /opt/airflow/dags/airflow_dag_api_to_kafka.py
[2026-01-30T04:33:15.095+0000] {logging_mixin.py:188} INFO - [2026-01-30T04:33:15.095+0000] {dag.py:3036} INFO - Sync 1 DAGs
[2026-01-30T04:33:15.127+0000] {logging_mixin.py:188} INFO - [2026-01-30T04:33:15.127+0000] {dag.py:3823} INFO - Setting next_dagrun for tle_api_to_kafka_streaming to 2026-01-30 03:00:00+00:00, run_after=2026-01-30 04:00:00+00:00
[2026-01-30T04:33:15.152+0000] {processor.py:183} INFO - Processing /opt/airflow/dags/airflow_dag_api_to_kafka.py took 0.182 seconds
[2026-01-30T04:33:45.242+0000] {processor.py:161} INFO - Started process (PID=403) to work on /opt/airflow/dags/airflow_dag_api_to_kafka.py
[2026-01-30T04:33:45.243+0000] {processor.py:830} INFO - Processing file /opt/airflow/dags/airflow_dag_api_to_kafka.py for tasks to queue
[2026-01-30T04:33:45.244+0000] {logging_mixin.py:188} INFO - [2026-01-30T04:33:45.244+0000] {dagbag.py:538} INFO - Filling up the DagBag from /opt/airflow/dags/airflow_dag_api_to_kafka.py
[2026-01-30T04:33:45.328+0000] {processor.py:840} INFO - DAG(s) 'tle_api_to_kafka_streaming' retrieved from /opt/airflow/dags/airflow_dag_api_to_kafka.py
[2026-01-30T04:33:45.367+0000] {logging_mixin.py:188} INFO - [2026-01-30T04:33:45.367+0000] {dag.py:3036} INFO - Sync 1 DAGs
[2026-01-30T04:33:45.409+0000] {logging_mixin.py:188} INFO - [2026-01-30T04:33:45.409+0000] {dag.py:3823} INFO - Setting next_dagrun for tle_api_to_kafka_streaming to 2026-01-30 03:00:00+00:00, run_after=2026-01-30 04:00:00+00:00
[2026-01-30T04:33:45.428+0000] {processor.py:183} INFO - Processing /opt/airflow/dags/airflow_dag_api_to_kafka.py took 0.191 seconds
[2026-01-30T04:34:15.480+0000] {processor.py:161} INFO - Started process (PID=413) to work on /opt/airflow/dags/airflow_dag_api_to_kafka.py
[2026-01-30T04:34:15.481+0000] {processor.py:830} INFO - Processing file /opt/airflow/dags/airflow_dag_api_to_kafka.py for tasks to queue
[2026-01-30T04:34:15.482+0000] {logging_mixin.py:188} INFO - [2026-01-30T04:34:15.481+0000] {dagbag.py:538} INFO - Filling up the DagBag from /opt/airflow/dags/airflow_dag_api_to_kafka.py
[2026-01-30T04:34:15.537+0000] {processor.py:840} INFO - DAG(s) 'tle_api_to_kafka_streaming' retrieved from /opt/airflow/dags/airflow_dag_api_to_kafka.py
[2026-01-30T04:34:15.571+0000] {logging_mixin.py:188} INFO - [2026-01-30T04:34:15.571+0000] {dag.py:3036} INFO - Sync 1 DAGs
[2026-01-30T04:34:15.604+0000] {logging_mixin.py:188} INFO - [2026-01-30T04:34:15.603+0000] {dag.py:3823} INFO - Setting next_dagrun for tle_api_to_kafka_streaming to 2026-01-30 03:00:00+00:00, run_after=2026-01-30 04:00:00+00:00
[2026-01-30T04:34:15.622+0000] {processor.py:183} INFO - Processing /opt/airflow/dags/airflow_dag_api_to_kafka.py took 0.146 seconds
[2026-01-30T04:34:45.747+0000] {processor.py:161} INFO - Started process (PID=423) to work on /opt/airflow/dags/airflow_dag_api_to_kafka.py
[2026-01-30T04:34:45.748+0000] {processor.py:830} INFO - Processing file /opt/airflow/dags/airflow_dag_api_to_kafka.py for tasks to queue
[2026-01-30T04:34:45.749+0000] {logging_mixin.py:188} INFO - [2026-01-30T04:34:45.749+0000] {dagbag.py:538} INFO - Filling up the DagBag from /opt/airflow/dags/airflow_dag_api_to_kafka.py
[2026-01-30T04:34:45.832+0000] {processor.py:840} INFO - DAG(s) 'tle_api_to_kafka_streaming' retrieved from /opt/airflow/dags/airflow_dag_api_to_kafka.py
[2026-01-30T04:34:45.878+0000] {logging_mixin.py:188} INFO - [2026-01-30T04:34:45.878+0000] {dag.py:3036} INFO - Sync 1 DAGs
[2026-01-30T04:34:45.921+0000] {logging_mixin.py:188} INFO - [2026-01-30T04:34:45.921+0000] {dag.py:3823} INFO - Setting next_dagrun for tle_api_to_kafka_streaming to 2026-01-30 03:00:00+00:00, run_after=2026-01-30 04:00:00+00:00
[2026-01-30T04:34:45.940+0000] {processor.py:183} INFO - Processing /opt/airflow/dags/airflow_dag_api_to_kafka.py took 0.198 seconds
[2026-01-30T04:35:15.982+0000] {processor.py:161} INFO - Started process (PID=433) to work on /opt/airflow/dags/airflow_dag_api_to_kafka.py
[2026-01-30T04:35:15.983+0000] {processor.py:830} INFO - Processing file /opt/airflow/dags/airflow_dag_api_to_kafka.py for tasks to queue
[2026-01-30T04:35:15.983+0000] {logging_mixin.py:188} INFO - [2026-01-30T04:35:15.983+0000] {dagbag.py:538} INFO - Filling up the DagBag from /opt/airflow/dags/airflow_dag_api_to_kafka.py
[2026-01-30T04:35:16.036+0000] {processor.py:840} INFO - DAG(s) 'tle_api_to_kafka_streaming' retrieved from /opt/airflow/dags/airflow_dag_api_to_kafka.py
[2026-01-30T04:35:16.074+0000] {logging_mixin.py:188} INFO - [2026-01-30T04:35:16.074+0000] {dag.py:3036} INFO - Sync 1 DAGs
[2026-01-30T04:35:16.112+0000] {logging_mixin.py:188} INFO - [2026-01-30T04:35:16.112+0000] {dag.py:3823} INFO - Setting next_dagrun for tle_api_to_kafka_streaming to 2026-01-30 03:00:00+00:00, run_after=2026-01-30 04:00:00+00:00
[2026-01-30T04:35:16.137+0000] {processor.py:183} INFO - Processing /opt/airflow/dags/airflow_dag_api_to_kafka.py took 0.159 seconds
[2026-01-30T04:35:46.248+0000] {processor.py:161} INFO - Started process (PID=443) to work on /opt/airflow/dags/airflow_dag_api_to_kafka.py
[2026-01-30T04:35:46.249+0000] {processor.py:830} INFO - Processing file /opt/airflow/dags/airflow_dag_api_to_kafka.py for tasks to queue
[2026-01-30T04:35:46.249+0000] {logging_mixin.py:188} INFO - [2026-01-30T04:35:46.249+0000] {dagbag.py:538} INFO - Filling up the DagBag from /opt/airflow/dags/airflow_dag_api_to_kafka.py
[2026-01-30T04:35:46.300+0000] {processor.py:840} INFO - DAG(s) 'tle_api_to_kafka_streaming' retrieved from /opt/airflow/dags/airflow_dag_api_to_kafka.py
[2026-01-30T04:35:46.331+0000] {logging_mixin.py:188} INFO - [2026-01-30T04:35:46.330+0000] {dag.py:3036} INFO - Sync 1 DAGs
[2026-01-30T04:35:46.357+0000] {logging_mixin.py:188} INFO - [2026-01-30T04:35:46.357+0000] {dag.py:3823} INFO - Setting next_dagrun for tle_api_to_kafka_streaming to 2026-01-30 03:00:00+00:00, run_after=2026-01-30 04:00:00+00:00
[2026-01-30T04:35:46.376+0000] {processor.py:183} INFO - Processing /opt/airflow/dags/airflow_dag_api_to_kafka.py took 0.132 seconds
[2026-01-30T04:36:16.493+0000] {processor.py:161} INFO - Started process (PID=453) to work on /opt/airflow/dags/airflow_dag_api_to_kafka.py
[2026-01-30T04:36:16.494+0000] {processor.py:830} INFO - Processing file /opt/airflow/dags/airflow_dag_api_to_kafka.py for tasks to queue
[2026-01-30T04:36:16.496+0000] {logging_mixin.py:188} INFO - [2026-01-30T04:36:16.495+0000] {dagbag.py:538} INFO - Filling up the DagBag from /opt/airflow/dags/airflow_dag_api_to_kafka.py
[2026-01-30T04:36:16.581+0000] {processor.py:840} INFO - DAG(s) 'tle_api_to_kafka_streaming' retrieved from /opt/airflow/dags/airflow_dag_api_to_kafka.py
[2026-01-30T04:36:16.613+0000] {logging_mixin.py:188} INFO - [2026-01-30T04:36:16.613+0000] {dag.py:3036} INFO - Sync 1 DAGs
[2026-01-30T04:36:16.646+0000] {logging_mixin.py:188} INFO - [2026-01-30T04:36:16.646+0000] {dag.py:3823} INFO - Setting next_dagrun for tle_api_to_kafka_streaming to 2026-01-30 03:00:00+00:00, run_after=2026-01-30 04:00:00+00:00
[2026-01-30T04:36:16.667+0000] {processor.py:183} INFO - Processing /opt/airflow/dags/airflow_dag_api_to_kafka.py took 0.179 seconds
[2026-01-30T04:36:46.733+0000] {processor.py:161} INFO - Started process (PID=463) to work on /opt/airflow/dags/airflow_dag_api_to_kafka.py
[2026-01-30T04:36:46.734+0000] {processor.py:830} INFO - Processing file /opt/airflow/dags/airflow_dag_api_to_kafka.py for tasks to queue
[2026-01-30T04:36:46.735+0000] {logging_mixin.py:188} INFO - [2026-01-30T04:36:46.735+0000] {dagbag.py:538} INFO - Filling up the DagBag from /opt/airflow/dags/airflow_dag_api_to_kafka.py
[2026-01-30T04:36:46.823+0000] {processor.py:840} INFO - DAG(s) 'tle_api_to_kafka_streaming' retrieved from /opt/airflow/dags/airflow_dag_api_to_kafka.py
[2026-01-30T04:36:46.860+0000] {logging_mixin.py:188} INFO - [2026-01-30T04:36:46.860+0000] {dag.py:3036} INFO - Sync 1 DAGs
[2026-01-30T04:36:46.905+0000] {logging_mixin.py:188} INFO - [2026-01-30T04:36:46.904+0000] {dag.py:3823} INFO - Setting next_dagrun for tle_api_to_kafka_streaming to 2026-01-30 03:00:00+00:00, run_after=2026-01-30 04:00:00+00:00
[2026-01-30T04:36:46.929+0000] {processor.py:183} INFO - Processing /opt/airflow/dags/airflow_dag_api_to_kafka.py took 0.201 seconds
[2026-01-30T04:37:16.975+0000] {processor.py:161} INFO - Started process (PID=473) to work on /opt/airflow/dags/airflow_dag_api_to_kafka.py
[2026-01-30T04:37:16.976+0000] {processor.py:830} INFO - Processing file /opt/airflow/dags/airflow_dag_api_to_kafka.py for tasks to queue
[2026-01-30T04:37:16.977+0000] {logging_mixin.py:188} INFO - [2026-01-30T04:37:16.976+0000] {dagbag.py:538} INFO - Filling up the DagBag from /opt/airflow/dags/airflow_dag_api_to_kafka.py
[2026-01-30T04:37:17.046+0000] {processor.py:840} INFO - DAG(s) 'tle_api_to_kafka_streaming' retrieved from /opt/airflow/dags/airflow_dag_api_to_kafka.py
[2026-01-30T04:37:17.084+0000] {logging_mixin.py:188} INFO - [2026-01-30T04:37:17.083+0000] {dag.py:3036} INFO - Sync 1 DAGs
[2026-01-30T04:37:17.126+0000] {logging_mixin.py:188} INFO - [2026-01-30T04:37:17.126+0000] {dag.py:3823} INFO - Setting next_dagrun for tle_api_to_kafka_streaming to 2026-01-30 03:00:00+00:00, run_after=2026-01-30 04:00:00+00:00
[2026-01-30T04:37:17.157+0000] {processor.py:183} INFO - Processing /opt/airflow/dags/airflow_dag_api_to_kafka.py took 0.185 seconds
[2026-01-30T04:37:47.222+0000] {processor.py:161} INFO - Started process (PID=483) to work on /opt/airflow/dags/airflow_dag_api_to_kafka.py
[2026-01-30T04:37:47.224+0000] {processor.py:830} INFO - Processing file /opt/airflow/dags/airflow_dag_api_to_kafka.py for tasks to queue
[2026-01-30T04:37:47.225+0000] {logging_mixin.py:188} INFO - [2026-01-30T04:37:47.224+0000] {dagbag.py:538} INFO - Filling up the DagBag from /opt/airflow/dags/airflow_dag_api_to_kafka.py
[2026-01-30T04:37:47.308+0000] {processor.py:840} INFO - DAG(s) 'tle_api_to_kafka_streaming' retrieved from /opt/airflow/dags/airflow_dag_api_to_kafka.py
[2026-01-30T04:37:47.347+0000] {logging_mixin.py:188} INFO - [2026-01-30T04:37:47.347+0000] {dag.py:3036} INFO - Sync 1 DAGs
[2026-01-30T04:37:47.379+0000] {logging_mixin.py:188} INFO - [2026-01-30T04:37:47.379+0000] {dag.py:3823} INFO - Setting next_dagrun for tle_api_to_kafka_streaming to 2026-01-30 03:00:00+00:00, run_after=2026-01-30 04:00:00+00:00
[2026-01-30T04:37:47.402+0000] {processor.py:183} INFO - Processing /opt/airflow/dags/airflow_dag_api_to_kafka.py took 0.185 seconds
[2026-01-30T04:38:17.524+0000] {processor.py:161} INFO - Started process (PID=493) to work on /opt/airflow/dags/airflow_dag_api_to_kafka.py
[2026-01-30T04:38:17.525+0000] {processor.py:830} INFO - Processing file /opt/airflow/dags/airflow_dag_api_to_kafka.py for tasks to queue
[2026-01-30T04:38:17.526+0000] {logging_mixin.py:188} INFO - [2026-01-30T04:38:17.526+0000] {dagbag.py:538} INFO - Filling up the DagBag from /opt/airflow/dags/airflow_dag_api_to_kafka.py
[2026-01-30T04:38:17.587+0000] {processor.py:840} INFO - DAG(s) 'tle_api_to_kafka_streaming' retrieved from /opt/airflow/dags/airflow_dag_api_to_kafka.py
[2026-01-30T04:38:17.617+0000] {logging_mixin.py:188} INFO - [2026-01-30T04:38:17.617+0000] {dag.py:3036} INFO - Sync 1 DAGs
[2026-01-30T04:38:17.655+0000] {logging_mixin.py:188} INFO - [2026-01-30T04:38:17.655+0000] {dag.py:3823} INFO - Setting next_dagrun for tle_api_to_kafka_streaming to 2026-01-30 03:00:00+00:00, run_after=2026-01-30 04:00:00+00:00
[2026-01-30T04:38:17.682+0000] {processor.py:183} INFO - Processing /opt/airflow/dags/airflow_dag_api_to_kafka.py took 0.161 seconds
[2026-01-30T04:38:47.762+0000] {processor.py:161} INFO - Started process (PID=503) to work on /opt/airflow/dags/airflow_dag_api_to_kafka.py
[2026-01-30T04:38:47.763+0000] {processor.py:830} INFO - Processing file /opt/airflow/dags/airflow_dag_api_to_kafka.py for tasks to queue
[2026-01-30T04:38:47.763+0000] {logging_mixin.py:188} INFO - [2026-01-30T04:38:47.763+0000] {dagbag.py:538} INFO - Filling up the DagBag from /opt/airflow/dags/airflow_dag_api_to_kafka.py
[2026-01-30T04:38:47.836+0000] {processor.py:840} INFO - DAG(s) 'tle_api_to_kafka_streaming' retrieved from /opt/airflow/dags/airflow_dag_api_to_kafka.py
[2026-01-30T04:38:47.869+0000] {logging_mixin.py:188} INFO - [2026-01-30T04:38:47.869+0000] {dag.py:3036} INFO - Sync 1 DAGs
[2026-01-30T04:38:47.898+0000] {logging_mixin.py:188} INFO - [2026-01-30T04:38:47.897+0000] {dag.py:3823} INFO - Setting next_dagrun for tle_api_to_kafka_streaming to 2026-01-30 03:00:00+00:00, run_after=2026-01-30 04:00:00+00:00
[2026-01-30T04:38:47.916+0000] {processor.py:183} INFO - Processing /opt/airflow/dags/airflow_dag_api_to_kafka.py took 0.157 seconds
[2026-01-30T04:39:18.001+0000] {processor.py:161} INFO - Started process (PID=513) to work on /opt/airflow/dags/airflow_dag_api_to_kafka.py
[2026-01-30T04:39:18.002+0000] {processor.py:830} INFO - Processing file /opt/airflow/dags/airflow_dag_api_to_kafka.py for tasks to queue
[2026-01-30T04:39:18.003+0000] {logging_mixin.py:188} INFO - [2026-01-30T04:39:18.003+0000] {dagbag.py:538} INFO - Filling up the DagBag from /opt/airflow/dags/airflow_dag_api_to_kafka.py
[2026-01-30T04:39:18.084+0000] {processor.py:840} INFO - DAG(s) 'tle_api_to_kafka_streaming' retrieved from /opt/airflow/dags/airflow_dag_api_to_kafka.py
[2026-01-30T04:39:18.121+0000] {logging_mixin.py:188} INFO - [2026-01-30T04:39:18.121+0000] {dag.py:3036} INFO - Sync 1 DAGs
[2026-01-30T04:39:18.161+0000] {logging_mixin.py:188} INFO - [2026-01-30T04:39:18.160+0000] {dag.py:3823} INFO - Setting next_dagrun for tle_api_to_kafka_streaming to 2026-01-30 03:00:00+00:00, run_after=2026-01-30 04:00:00+00:00
[2026-01-30T04:39:18.189+0000] {processor.py:183} INFO - Processing /opt/airflow/dags/airflow_dag_api_to_kafka.py took 0.192 seconds
[2026-01-30T04:39:48.248+0000] {processor.py:161} INFO - Started process (PID=523) to work on /opt/airflow/dags/airflow_dag_api_to_kafka.py
[2026-01-30T04:39:48.249+0000] {processor.py:830} INFO - Processing file /opt/airflow/dags/airflow_dag_api_to_kafka.py for tasks to queue
[2026-01-30T04:39:48.250+0000] {logging_mixin.py:188} INFO - [2026-01-30T04:39:48.249+0000] {dagbag.py:538} INFO - Filling up the DagBag from /opt/airflow/dags/airflow_dag_api_to_kafka.py
[2026-01-30T04:39:48.328+0000] {processor.py:840} INFO - DAG(s) 'tle_api_to_kafka_streaming' retrieved from /opt/airflow/dags/airflow_dag_api_to_kafka.py
[2026-01-30T04:39:48.368+0000] {logging_mixin.py:188} INFO - [2026-01-30T04:39:48.368+0000] {dag.py:3036} INFO - Sync 1 DAGs
[2026-01-30T04:39:48.410+0000] {logging_mixin.py:188} INFO - [2026-01-30T04:39:48.410+0000] {dag.py:3823} INFO - Setting next_dagrun for tle_api_to_kafka_streaming to 2026-01-30 03:00:00+00:00, run_after=2026-01-30 04:00:00+00:00
[2026-01-30T04:39:48.430+0000] {processor.py:183} INFO - Processing /opt/airflow/dags/airflow_dag_api_to_kafka.py took 0.187 seconds
[2026-01-30T04:40:18.505+0000] {processor.py:161} INFO - Started process (PID=533) to work on /opt/airflow/dags/airflow_dag_api_to_kafka.py
[2026-01-30T04:40:18.506+0000] {processor.py:830} INFO - Processing file /opt/airflow/dags/airflow_dag_api_to_kafka.py for tasks to queue
[2026-01-30T04:40:18.507+0000] {logging_mixin.py:188} INFO - [2026-01-30T04:40:18.506+0000] {dagbag.py:538} INFO - Filling up the DagBag from /opt/airflow/dags/airflow_dag_api_to_kafka.py
[2026-01-30T04:40:18.586+0000] {processor.py:840} INFO - DAG(s) 'tle_api_to_kafka_streaming' retrieved from /opt/airflow/dags/airflow_dag_api_to_kafka.py
[2026-01-30T04:40:18.623+0000] {logging_mixin.py:188} INFO - [2026-01-30T04:40:18.623+0000] {dag.py:3036} INFO - Sync 1 DAGs
[2026-01-30T04:40:18.660+0000] {logging_mixin.py:188} INFO - [2026-01-30T04:40:18.660+0000] {dag.py:3823} INFO - Setting next_dagrun for tle_api_to_kafka_streaming to 2026-01-30 03:00:00+00:00, run_after=2026-01-30 04:00:00+00:00
[2026-01-30T04:40:18.679+0000] {processor.py:183} INFO - Processing /opt/airflow/dags/airflow_dag_api_to_kafka.py took 0.177 seconds
[2026-01-30T04:40:48.746+0000] {processor.py:161} INFO - Started process (PID=543) to work on /opt/airflow/dags/airflow_dag_api_to_kafka.py
[2026-01-30T04:40:48.746+0000] {processor.py:830} INFO - Processing file /opt/airflow/dags/airflow_dag_api_to_kafka.py for tasks to queue
[2026-01-30T04:40:48.747+0000] {logging_mixin.py:188} INFO - [2026-01-30T04:40:48.747+0000] {dagbag.py:538} INFO - Filling up the DagBag from /opt/airflow/dags/airflow_dag_api_to_kafka.py
[2026-01-30T04:40:48.810+0000] {processor.py:840} INFO - DAG(s) 'tle_api_to_kafka_streaming' retrieved from /opt/airflow/dags/airflow_dag_api_to_kafka.py
[2026-01-30T04:40:48.843+0000] {logging_mixin.py:188} INFO - [2026-01-30T04:40:48.843+0000] {dag.py:3036} INFO - Sync 1 DAGs
[2026-01-30T04:40:48.886+0000] {logging_mixin.py:188} INFO - [2026-01-30T04:40:48.886+0000] {dag.py:3823} INFO - Setting next_dagrun for tle_api_to_kafka_streaming to 2026-01-30 03:00:00+00:00, run_after=2026-01-30 04:00:00+00:00
[2026-01-30T04:40:48.915+0000] {processor.py:183} INFO - Processing /opt/airflow/dags/airflow_dag_api_to_kafka.py took 0.173 seconds
[2026-01-30T04:41:18.984+0000] {processor.py:161} INFO - Started process (PID=553) to work on /opt/airflow/dags/airflow_dag_api_to_kafka.py
[2026-01-30T04:41:18.984+0000] {processor.py:830} INFO - Processing file /opt/airflow/dags/airflow_dag_api_to_kafka.py for tasks to queue
[2026-01-30T04:41:18.985+0000] {logging_mixin.py:188} INFO - [2026-01-30T04:41:18.985+0000] {dagbag.py:538} INFO - Filling up the DagBag from /opt/airflow/dags/airflow_dag_api_to_kafka.py
[2026-01-30T04:41:19.038+0000] {processor.py:840} INFO - DAG(s) 'tle_api_to_kafka_streaming' retrieved from /opt/airflow/dags/airflow_dag_api_to_kafka.py
[2026-01-30T04:41:19.074+0000] {logging_mixin.py:188} INFO - [2026-01-30T04:41:19.074+0000] {dag.py:3036} INFO - Sync 1 DAGs
[2026-01-30T04:41:19.103+0000] {logging_mixin.py:188} INFO - [2026-01-30T04:41:19.103+0000] {dag.py:3823} INFO - Setting next_dagrun for tle_api_to_kafka_streaming to 2026-01-30 03:00:00+00:00, run_after=2026-01-30 04:00:00+00:00
[2026-01-30T04:41:19.120+0000] {processor.py:183} INFO - Processing /opt/airflow/dags/airflow_dag_api_to_kafka.py took 0.140 seconds
[2026-01-30T04:41:49.224+0000] {processor.py:161} INFO - Started process (PID=563) to work on /opt/airflow/dags/airflow_dag_api_to_kafka.py
[2026-01-30T04:41:49.225+0000] {processor.py:830} INFO - Processing file /opt/airflow/dags/airflow_dag_api_to_kafka.py for tasks to queue
[2026-01-30T04:41:49.226+0000] {logging_mixin.py:188} INFO - [2026-01-30T04:41:49.225+0000] {dagbag.py:538} INFO - Filling up the DagBag from /opt/airflow/dags/airflow_dag_api_to_kafka.py
[2026-01-30T04:41:49.278+0000] {processor.py:840} INFO - DAG(s) 'tle_api_to_kafka_streaming' retrieved from /opt/airflow/dags/airflow_dag_api_to_kafka.py
[2026-01-30T04:41:49.311+0000] {logging_mixin.py:188} INFO - [2026-01-30T04:41:49.311+0000] {dag.py:3036} INFO - Sync 1 DAGs
[2026-01-30T04:41:49.340+0000] {logging_mixin.py:188} INFO - [2026-01-30T04:41:49.340+0000] {dag.py:3823} INFO - Setting next_dagrun for tle_api_to_kafka_streaming to 2026-01-30 03:00:00+00:00, run_after=2026-01-30 04:00:00+00:00
[2026-01-30T04:41:49.358+0000] {processor.py:183} INFO - Processing /opt/airflow/dags/airflow_dag_api_to_kafka.py took 0.138 seconds
[2026-01-30T04:42:19.474+0000] {processor.py:161} INFO - Started process (PID=573) to work on /opt/airflow/dags/airflow_dag_api_to_kafka.py
[2026-01-30T04:42:19.475+0000] {processor.py:830} INFO - Processing file /opt/airflow/dags/airflow_dag_api_to_kafka.py for tasks to queue
[2026-01-30T04:42:19.476+0000] {logging_mixin.py:188} INFO - [2026-01-30T04:42:19.475+0000] {dagbag.py:538} INFO - Filling up the DagBag from /opt/airflow/dags/airflow_dag_api_to_kafka.py
[2026-01-30T04:42:19.549+0000] {processor.py:840} INFO - DAG(s) 'tle_api_to_kafka_streaming' retrieved from /opt/airflow/dags/airflow_dag_api_to_kafka.py
[2026-01-30T04:42:19.588+0000] {logging_mixin.py:188} INFO - [2026-01-30T04:42:19.588+0000] {dag.py:3036} INFO - Sync 1 DAGs
[2026-01-30T04:42:19.620+0000] {logging_mixin.py:188} INFO - [2026-01-30T04:42:19.619+0000] {dag.py:3823} INFO - Setting next_dagrun for tle_api_to_kafka_streaming to 2026-01-30 03:00:00+00:00, run_after=2026-01-30 04:00:00+00:00
[2026-01-30T04:42:19.639+0000] {processor.py:183} INFO - Processing /opt/airflow/dags/airflow_dag_api_to_kafka.py took 0.168 seconds
[2026-01-30T04:42:49.751+0000] {processor.py:161} INFO - Started process (PID=583) to work on /opt/airflow/dags/airflow_dag_api_to_kafka.py
[2026-01-30T04:42:49.752+0000] {processor.py:830} INFO - Processing file /opt/airflow/dags/airflow_dag_api_to_kafka.py for tasks to queue
[2026-01-30T04:42:49.753+0000] {logging_mixin.py:188} INFO - [2026-01-30T04:42:49.753+0000] {dagbag.py:538} INFO - Filling up the DagBag from /opt/airflow/dags/airflow_dag_api_to_kafka.py
[2026-01-30T04:42:49.825+0000] {processor.py:840} INFO - DAG(s) 'tle_api_to_kafka_streaming' retrieved from /opt/airflow/dags/airflow_dag_api_to_kafka.py
[2026-01-30T04:42:49.887+0000] {logging_mixin.py:188} INFO - [2026-01-30T04:42:49.886+0000] {dag.py:3036} INFO - Sync 1 DAGs
[2026-01-30T04:42:49.927+0000] {logging_mixin.py:188} INFO - [2026-01-30T04:42:49.927+0000] {dag.py:3823} INFO - Setting next_dagrun for tle_api_to_kafka_streaming to 2026-01-30 03:00:00+00:00, run_after=2026-01-30 04:00:00+00:00
[2026-01-30T04:42:49.948+0000] {processor.py:183} INFO - Processing /opt/airflow/dags/airflow_dag_api_to_kafka.py took 0.201 seconds
[2026-01-30T04:43:20.009+0000] {processor.py:161} INFO - Started process (PID=593) to work on /opt/airflow/dags/airflow_dag_api_to_kafka.py
[2026-01-30T04:43:20.010+0000] {processor.py:830} INFO - Processing file /opt/airflow/dags/airflow_dag_api_to_kafka.py for tasks to queue
[2026-01-30T04:43:20.011+0000] {logging_mixin.py:188} INFO - [2026-01-30T04:43:20.011+0000] {dagbag.py:538} INFO - Filling up the DagBag from /opt/airflow/dags/airflow_dag_api_to_kafka.py
[2026-01-30T04:43:20.097+0000] {processor.py:840} INFO - DAG(s) 'tle_api_to_kafka_streaming' retrieved from /opt/airflow/dags/airflow_dag_api_to_kafka.py
[2026-01-30T04:43:20.151+0000] {logging_mixin.py:188} INFO - [2026-01-30T04:43:20.150+0000] {dag.py:3036} INFO - Sync 1 DAGs
[2026-01-30T04:43:20.195+0000] {logging_mixin.py:188} INFO - [2026-01-30T04:43:20.195+0000] {dag.py:3823} INFO - Setting next_dagrun for tle_api_to_kafka_streaming to 2026-01-30 03:00:00+00:00, run_after=2026-01-30 04:00:00+00:00
[2026-01-30T04:43:20.217+0000] {processor.py:183} INFO - Processing /opt/airflow/dags/airflow_dag_api_to_kafka.py took 0.214 seconds
[2026-01-30T04:43:50.347+0000] {processor.py:161} INFO - Started process (PID=605) to work on /opt/airflow/dags/airflow_dag_api_to_kafka.py
[2026-01-30T04:43:50.348+0000] {processor.py:830} INFO - Processing file /opt/airflow/dags/airflow_dag_api_to_kafka.py for tasks to queue
[2026-01-30T04:43:50.349+0000] {logging_mixin.py:188} INFO - [2026-01-30T04:43:50.348+0000] {dagbag.py:538} INFO - Filling up the DagBag from /opt/airflow/dags/airflow_dag_api_to_kafka.py
[2026-01-30T04:43:50.407+0000] {processor.py:840} INFO - DAG(s) 'tle_api_to_kafka_streaming' retrieved from /opt/airflow/dags/airflow_dag_api_to_kafka.py
[2026-01-30T04:43:50.438+0000] {logging_mixin.py:188} INFO - [2026-01-30T04:43:50.437+0000] {dag.py:3036} INFO - Sync 1 DAGs
[2026-01-30T04:43:50.481+0000] {logging_mixin.py:188} INFO - [2026-01-30T04:43:50.481+0000] {dag.py:3823} INFO - Setting next_dagrun for tle_api_to_kafka_streaming to 2026-01-30 03:00:00+00:00, run_after=2026-01-30 04:00:00+00:00
[2026-01-30T04:43:50.507+0000] {processor.py:183} INFO - Processing /opt/airflow/dags/airflow_dag_api_to_kafka.py took 0.163 seconds
[2026-01-30T04:44:20.620+0000] {processor.py:161} INFO - Started process (PID=615) to work on /opt/airflow/dags/airflow_dag_api_to_kafka.py
[2026-01-30T04:44:20.622+0000] {processor.py:830} INFO - Processing file /opt/airflow/dags/airflow_dag_api_to_kafka.py for tasks to queue
[2026-01-30T04:44:20.622+0000] {logging_mixin.py:188} INFO - [2026-01-30T04:44:20.622+0000] {dagbag.py:538} INFO - Filling up the DagBag from /opt/airflow/dags/airflow_dag_api_to_kafka.py
[2026-01-30T04:44:20.707+0000] {processor.py:840} INFO - DAG(s) 'tle_api_to_kafka_streaming' retrieved from /opt/airflow/dags/airflow_dag_api_to_kafka.py
[2026-01-30T04:44:20.742+0000] {logging_mixin.py:188} INFO - [2026-01-30T04:44:20.742+0000] {dag.py:3036} INFO - Sync 1 DAGs
[2026-01-30T04:44:20.774+0000] {logging_mixin.py:188} INFO - [2026-01-30T04:44:20.773+0000] {dag.py:3823} INFO - Setting next_dagrun for tle_api_to_kafka_streaming to 2026-01-30 03:00:00+00:00, run_after=2026-01-30 04:00:00+00:00
[2026-01-30T04:44:20.793+0000] {processor.py:183} INFO - Processing /opt/airflow/dags/airflow_dag_api_to_kafka.py took 0.175 seconds
[2026-01-30T04:44:50.915+0000] {processor.py:161} INFO - Started process (PID=625) to work on /opt/airflow/dags/airflow_dag_api_to_kafka.py
[2026-01-30T04:44:50.917+0000] {processor.py:830} INFO - Processing file /opt/airflow/dags/airflow_dag_api_to_kafka.py for tasks to queue
[2026-01-30T04:44:50.918+0000] {logging_mixin.py:188} INFO - [2026-01-30T04:44:50.917+0000] {dagbag.py:538} INFO - Filling up the DagBag from /opt/airflow/dags/airflow_dag_api_to_kafka.py
[2026-01-30T04:44:51.010+0000] {processor.py:840} INFO - DAG(s) 'tle_api_to_kafka_streaming' retrieved from /opt/airflow/dags/airflow_dag_api_to_kafka.py
[2026-01-30T04:44:51.051+0000] {logging_mixin.py:188} INFO - [2026-01-30T04:44:51.051+0000] {dag.py:3036} INFO - Sync 1 DAGs
[2026-01-30T04:44:51.095+0000] {logging_mixin.py:188} INFO - [2026-01-30T04:44:51.094+0000] {dag.py:3823} INFO - Setting next_dagrun for tle_api_to_kafka_streaming to 2026-01-30 03:00:00+00:00, run_after=2026-01-30 04:00:00+00:00
[2026-01-30T04:44:51.120+0000] {processor.py:183} INFO - Processing /opt/airflow/dags/airflow_dag_api_to_kafka.py took 0.210 seconds
[2026-01-30T04:45:21.192+0000] {processor.py:161} INFO - Started process (PID=635) to work on /opt/airflow/dags/airflow_dag_api_to_kafka.py
[2026-01-30T04:45:21.193+0000] {processor.py:830} INFO - Processing file /opt/airflow/dags/airflow_dag_api_to_kafka.py for tasks to queue
[2026-01-30T04:45:21.194+0000] {logging_mixin.py:188} INFO - [2026-01-30T04:45:21.193+0000] {dagbag.py:538} INFO - Filling up the DagBag from /opt/airflow/dags/airflow_dag_api_to_kafka.py
[2026-01-30T04:45:21.282+0000] {processor.py:840} INFO - DAG(s) 'tle_api_to_kafka_streaming' retrieved from /opt/airflow/dags/airflow_dag_api_to_kafka.py
[2026-01-30T04:45:21.335+0000] {logging_mixin.py:188} INFO - [2026-01-30T04:45:21.334+0000] {dag.py:3036} INFO - Sync 1 DAGs
[2026-01-30T04:45:21.380+0000] {logging_mixin.py:188} INFO - [2026-01-30T04:45:21.380+0000] {dag.py:3823} INFO - Setting next_dagrun for tle_api_to_kafka_streaming to 2026-01-30 03:00:00+00:00, run_after=2026-01-30 04:00:00+00:00
[2026-01-30T04:45:21.406+0000] {processor.py:183} INFO - Processing /opt/airflow/dags/airflow_dag_api_to_kafka.py took 0.218 seconds
[2026-01-30T04:45:51.438+0000] {processor.py:161} INFO - Started process (PID=645) to work on /opt/airflow/dags/airflow_dag_api_to_kafka.py
[2026-01-30T04:45:51.440+0000] {processor.py:830} INFO - Processing file /opt/airflow/dags/airflow_dag_api_to_kafka.py for tasks to queue
[2026-01-30T04:45:51.441+0000] {logging_mixin.py:188} INFO - [2026-01-30T04:45:51.441+0000] {dagbag.py:538} INFO - Filling up the DagBag from /opt/airflow/dags/airflow_dag_api_to_kafka.py
[2026-01-30T04:45:51.525+0000] {processor.py:840} INFO - DAG(s) 'tle_api_to_kafka_streaming' retrieved from /opt/airflow/dags/airflow_dag_api_to_kafka.py
[2026-01-30T04:45:51.570+0000] {logging_mixin.py:188} INFO - [2026-01-30T04:45:51.570+0000] {dag.py:3036} INFO - Sync 1 DAGs
[2026-01-30T04:45:51.614+0000] {logging_mixin.py:188} INFO - [2026-01-30T04:45:51.614+0000] {dag.py:3823} INFO - Setting next_dagrun for tle_api_to_kafka_streaming to 2026-01-30 03:00:00+00:00, run_after=2026-01-30 04:00:00+00:00
[2026-01-30T04:45:51.637+0000] {processor.py:183} INFO - Processing /opt/airflow/dags/airflow_dag_api_to_kafka.py took 0.202 seconds
[2026-01-30T04:46:21.732+0000] {processor.py:161} INFO - Started process (PID=655) to work on /opt/airflow/dags/airflow_dag_api_to_kafka.py
[2026-01-30T04:46:21.733+0000] {processor.py:830} INFO - Processing file /opt/airflow/dags/airflow_dag_api_to_kafka.py for tasks to queue
[2026-01-30T04:46:21.734+0000] {logging_mixin.py:188} INFO - [2026-01-30T04:46:21.733+0000] {dagbag.py:538} INFO - Filling up the DagBag from /opt/airflow/dags/airflow_dag_api_to_kafka.py
[2026-01-30T04:46:21.815+0000] {processor.py:840} INFO - DAG(s) 'tle_api_to_kafka_streaming' retrieved from /opt/airflow/dags/airflow_dag_api_to_kafka.py
[2026-01-30T04:46:21.867+0000] {logging_mixin.py:188} INFO - [2026-01-30T04:46:21.867+0000] {dag.py:3036} INFO - Sync 1 DAGs
[2026-01-30T04:46:21.908+0000] {logging_mixin.py:188} INFO - [2026-01-30T04:46:21.907+0000] {dag.py:3823} INFO - Setting next_dagrun for tle_api_to_kafka_streaming to 2026-01-30 03:00:00+00:00, run_after=2026-01-30 04:00:00+00:00
[2026-01-30T04:46:21.933+0000] {processor.py:183} INFO - Processing /opt/airflow/dags/airflow_dag_api_to_kafka.py took 0.205 seconds
[2026-01-30T04:46:51.968+0000] {processor.py:161} INFO - Started process (PID=665) to work on /opt/airflow/dags/airflow_dag_api_to_kafka.py
[2026-01-30T04:46:51.969+0000] {processor.py:830} INFO - Processing file /opt/airflow/dags/airflow_dag_api_to_kafka.py for tasks to queue
[2026-01-30T04:46:51.970+0000] {logging_mixin.py:188} INFO - [2026-01-30T04:46:51.969+0000] {dagbag.py:538} INFO - Filling up the DagBag from /opt/airflow/dags/airflow_dag_api_to_kafka.py
[2026-01-30T04:46:52.039+0000] {processor.py:840} INFO - DAG(s) 'tle_api_to_kafka_streaming' retrieved from /opt/airflow/dags/airflow_dag_api_to_kafka.py
[2026-01-30T04:46:52.071+0000] {logging_mixin.py:188} INFO - [2026-01-30T04:46:52.070+0000] {dag.py:3036} INFO - Sync 1 DAGs
[2026-01-30T04:46:52.109+0000] {logging_mixin.py:188} INFO - [2026-01-30T04:46:52.109+0000] {dag.py:3823} INFO - Setting next_dagrun for tle_api_to_kafka_streaming to 2026-01-30 03:00:00+00:00, run_after=2026-01-30 04:00:00+00:00
[2026-01-30T04:46:52.137+0000] {processor.py:183} INFO - Processing /opt/airflow/dags/airflow_dag_api_to_kafka.py took 0.173 seconds
[2026-01-30T04:47:22.242+0000] {processor.py:161} INFO - Started process (PID=675) to work on /opt/airflow/dags/airflow_dag_api_to_kafka.py
[2026-01-30T04:47:22.243+0000] {processor.py:830} INFO - Processing file /opt/airflow/dags/airflow_dag_api_to_kafka.py for tasks to queue
[2026-01-30T04:47:22.244+0000] {logging_mixin.py:188} INFO - [2026-01-30T04:47:22.244+0000] {dagbag.py:538} INFO - Filling up the DagBag from /opt/airflow/dags/airflow_dag_api_to_kafka.py
[2026-01-30T04:47:22.332+0000] {processor.py:840} INFO - DAG(s) 'tle_api_to_kafka_streaming' retrieved from /opt/airflow/dags/airflow_dag_api_to_kafka.py
[2026-01-30T04:47:22.382+0000] {logging_mixin.py:188} INFO - [2026-01-30T04:47:22.381+0000] {dag.py:3036} INFO - Sync 1 DAGs
[2026-01-30T04:47:22.425+0000] {logging_mixin.py:188} INFO - [2026-01-30T04:47:22.425+0000] {dag.py:3823} INFO - Setting next_dagrun for tle_api_to_kafka_streaming to 2026-01-30 03:00:00+00:00, run_after=2026-01-30 04:00:00+00:00
[2026-01-30T04:47:22.451+0000] {processor.py:183} INFO - Processing /opt/airflow/dags/airflow_dag_api_to_kafka.py took 0.212 seconds
[2026-01-30T04:47:52.514+0000] {processor.py:161} INFO - Started process (PID=685) to work on /opt/airflow/dags/airflow_dag_api_to_kafka.py
[2026-01-30T04:47:52.515+0000] {processor.py:830} INFO - Processing file /opt/airflow/dags/airflow_dag_api_to_kafka.py for tasks to queue
[2026-01-30T04:47:52.516+0000] {logging_mixin.py:188} INFO - [2026-01-30T04:47:52.516+0000] {dagbag.py:538} INFO - Filling up the DagBag from /opt/airflow/dags/airflow_dag_api_to_kafka.py
[2026-01-30T04:47:52.608+0000] {processor.py:840} INFO - DAG(s) 'tle_api_to_kafka_streaming' retrieved from /opt/airflow/dags/airflow_dag_api_to_kafka.py
[2026-01-30T04:47:52.660+0000] {logging_mixin.py:188} INFO - [2026-01-30T04:47:52.659+0000] {dag.py:3036} INFO - Sync 1 DAGs
[2026-01-30T04:47:52.695+0000] {logging_mixin.py:188} INFO - [2026-01-30T04:47:52.695+0000] {dag.py:3823} INFO - Setting next_dagrun for tle_api_to_kafka_streaming to 2026-01-30 03:00:00+00:00, run_after=2026-01-30 04:00:00+00:00
[2026-01-30T04:47:52.715+0000] {processor.py:183} INFO - Processing /opt/airflow/dags/airflow_dag_api_to_kafka.py took 0.204 seconds
[2026-01-30T04:48:22.787+0000] {processor.py:161} INFO - Started process (PID=695) to work on /opt/airflow/dags/airflow_dag_api_to_kafka.py
[2026-01-30T04:48:22.788+0000] {processor.py:830} INFO - Processing file /opt/airflow/dags/airflow_dag_api_to_kafka.py for tasks to queue
[2026-01-30T04:48:22.789+0000] {logging_mixin.py:188} INFO - [2026-01-30T04:48:22.789+0000] {dagbag.py:538} INFO - Filling up the DagBag from /opt/airflow/dags/airflow_dag_api_to_kafka.py
[2026-01-30T04:48:22.877+0000] {processor.py:840} INFO - DAG(s) 'tle_api_to_kafka_streaming' retrieved from /opt/airflow/dags/airflow_dag_api_to_kafka.py
[2026-01-30T04:48:22.910+0000] {logging_mixin.py:188} INFO - [2026-01-30T04:48:22.910+0000] {dag.py:3036} INFO - Sync 1 DAGs
[2026-01-30T04:48:22.940+0000] {logging_mixin.py:188} INFO - [2026-01-30T04:48:22.940+0000] {dag.py:3823} INFO - Setting next_dagrun for tle_api_to_kafka_streaming to 2026-01-30 03:00:00+00:00, run_after=2026-01-30 04:00:00+00:00
[2026-01-30T04:48:22.959+0000] {processor.py:183} INFO - Processing /opt/airflow/dags/airflow_dag_api_to_kafka.py took 0.176 seconds
[2026-01-30T04:48:53.048+0000] {processor.py:161} INFO - Started process (PID=705) to work on /opt/airflow/dags/airflow_dag_api_to_kafka.py
[2026-01-30T04:48:53.049+0000] {processor.py:830} INFO - Processing file /opt/airflow/dags/airflow_dag_api_to_kafka.py for tasks to queue
[2026-01-30T04:48:53.050+0000] {logging_mixin.py:188} INFO - [2026-01-30T04:48:53.050+0000] {dagbag.py:538} INFO - Filling up the DagBag from /opt/airflow/dags/airflow_dag_api_to_kafka.py
[2026-01-30T04:48:53.118+0000] {processor.py:840} INFO - DAG(s) 'tle_api_to_kafka_streaming' retrieved from /opt/airflow/dags/airflow_dag_api_to_kafka.py
[2026-01-30T04:48:53.152+0000] {logging_mixin.py:188} INFO - [2026-01-30T04:48:53.152+0000] {dag.py:3036} INFO - Sync 1 DAGs
[2026-01-30T04:48:53.191+0000] {logging_mixin.py:188} INFO - [2026-01-30T04:48:53.191+0000] {dag.py:3823} INFO - Setting next_dagrun for tle_api_to_kafka_streaming to 2026-01-30 03:00:00+00:00, run_after=2026-01-30 04:00:00+00:00
[2026-01-30T04:48:53.216+0000] {processor.py:183} INFO - Processing /opt/airflow/dags/airflow_dag_api_to_kafka.py took 0.171 seconds
[2026-01-30T04:49:24.124+0000] {processor.py:161} INFO - Started process (PID=715) to work on /opt/airflow/dags/airflow_dag_api_to_kafka.py
[2026-01-30T04:49:24.125+0000] {processor.py:830} INFO - Processing file /opt/airflow/dags/airflow_dag_api_to_kafka.py for tasks to queue
[2026-01-30T04:49:24.126+0000] {logging_mixin.py:188} INFO - [2026-01-30T04:49:24.126+0000] {dagbag.py:538} INFO - Filling up the DagBag from /opt/airflow/dags/airflow_dag_api_to_kafka.py
[2026-01-30T04:49:24.221+0000] {processor.py:840} INFO - DAG(s) 'tle_api_to_kafka_streaming' retrieved from /opt/airflow/dags/airflow_dag_api_to_kafka.py
[2026-01-30T04:49:24.257+0000] {logging_mixin.py:188} INFO - [2026-01-30T04:49:24.256+0000] {dag.py:3036} INFO - Sync 1 DAGs
[2026-01-30T04:49:24.290+0000] {logging_mixin.py:188} INFO - [2026-01-30T04:49:24.290+0000] {dag.py:3823} INFO - Setting next_dagrun for tle_api_to_kafka_streaming to 2026-01-30 03:00:00+00:00, run_after=2026-01-30 04:00:00+00:00
[2026-01-30T04:49:24.309+0000] {processor.py:183} INFO - Processing /opt/airflow/dags/airflow_dag_api_to_kafka.py took 0.190 seconds
[2026-01-30T04:49:54.454+0000] {processor.py:161} INFO - Started process (PID=725) to work on /opt/airflow/dags/airflow_dag_api_to_kafka.py
[2026-01-30T04:49:54.456+0000] {processor.py:830} INFO - Processing file /opt/airflow/dags/airflow_dag_api_to_kafka.py for tasks to queue
[2026-01-30T04:49:54.457+0000] {logging_mixin.py:188} INFO - [2026-01-30T04:49:54.456+0000] {dagbag.py:538} INFO - Filling up the DagBag from /opt/airflow/dags/airflow_dag_api_to_kafka.py
[2026-01-30T04:49:54.550+0000] {processor.py:840} INFO - DAG(s) 'tle_api_to_kafka_streaming' retrieved from /opt/airflow/dags/airflow_dag_api_to_kafka.py
[2026-01-30T04:49:54.587+0000] {logging_mixin.py:188} INFO - [2026-01-30T04:49:54.586+0000] {dag.py:3036} INFO - Sync 1 DAGs
[2026-01-30T04:49:54.632+0000] {logging_mixin.py:188} INFO - [2026-01-30T04:49:54.631+0000] {dag.py:3823} INFO - Setting next_dagrun for tle_api_to_kafka_streaming to 2026-01-30 03:00:00+00:00, run_after=2026-01-30 04:00:00+00:00
[2026-01-30T04:49:54.661+0000] {processor.py:183} INFO - Processing /opt/airflow/dags/airflow_dag_api_to_kafka.py took 0.211 seconds
[2026-01-30T04:50:24.768+0000] {processor.py:161} INFO - Started process (PID=735) to work on /opt/airflow/dags/airflow_dag_api_to_kafka.py
[2026-01-30T04:50:24.771+0000] {processor.py:830} INFO - Processing file /opt/airflow/dags/airflow_dag_api_to_kafka.py for tasks to queue
[2026-01-30T04:50:24.772+0000] {logging_mixin.py:188} INFO - [2026-01-30T04:50:24.772+0000] {dagbag.py:538} INFO - Filling up the DagBag from /opt/airflow/dags/airflow_dag_api_to_kafka.py
[2026-01-30T04:50:24.865+0000] {processor.py:840} INFO - DAG(s) 'tle_api_to_kafka_streaming' retrieved from /opt/airflow/dags/airflow_dag_api_to_kafka.py
[2026-01-30T04:50:24.899+0000] {logging_mixin.py:188} INFO - [2026-01-30T04:50:24.899+0000] {dag.py:3036} INFO - Sync 1 DAGs
[2026-01-30T04:50:24.930+0000] {logging_mixin.py:188} INFO - [2026-01-30T04:50:24.929+0000] {dag.py:3823} INFO - Setting next_dagrun for tle_api_to_kafka_streaming to 2026-01-30 03:00:00+00:00, run_after=2026-01-30 04:00:00+00:00
[2026-01-30T04:50:24.949+0000] {processor.py:183} INFO - Processing /opt/airflow/dags/airflow_dag_api_to_kafka.py took 0.185 seconds
[2026-01-30T04:50:55.041+0000] {processor.py:161} INFO - Started process (PID=745) to work on /opt/airflow/dags/airflow_dag_api_to_kafka.py
[2026-01-30T04:50:55.044+0000] {processor.py:830} INFO - Processing file /opt/airflow/dags/airflow_dag_api_to_kafka.py for tasks to queue
[2026-01-30T04:50:55.045+0000] {logging_mixin.py:188} INFO - [2026-01-30T04:50:55.044+0000] {dagbag.py:538} INFO - Filling up the DagBag from /opt/airflow/dags/airflow_dag_api_to_kafka.py
[2026-01-30T04:50:55.121+0000] {processor.py:840} INFO - DAG(s) 'tle_api_to_kafka_streaming' retrieved from /opt/airflow/dags/airflow_dag_api_to_kafka.py
[2026-01-30T04:50:55.168+0000] {logging_mixin.py:188} INFO - [2026-01-30T04:50:55.168+0000] {dag.py:3036} INFO - Sync 1 DAGs
[2026-01-30T04:50:55.203+0000] {logging_mixin.py:188} INFO - [2026-01-30T04:50:55.203+0000] {dag.py:3823} INFO - Setting next_dagrun for tle_api_to_kafka_streaming to 2026-01-30 03:00:00+00:00, run_after=2026-01-30 04:00:00+00:00
[2026-01-30T04:50:55.230+0000] {processor.py:183} INFO - Processing /opt/airflow/dags/airflow_dag_api_to_kafka.py took 0.193 seconds
[2026-01-30T04:51:25.302+0000] {processor.py:161} INFO - Started process (PID=755) to work on /opt/airflow/dags/airflow_dag_api_to_kafka.py
[2026-01-30T04:51:25.305+0000] {processor.py:830} INFO - Processing file /opt/airflow/dags/airflow_dag_api_to_kafka.py for tasks to queue
[2026-01-30T04:51:25.306+0000] {logging_mixin.py:188} INFO - [2026-01-30T04:51:25.306+0000] {dagbag.py:538} INFO - Filling up the DagBag from /opt/airflow/dags/airflow_dag_api_to_kafka.py
[2026-01-30T04:51:25.400+0000] {processor.py:840} INFO - DAG(s) 'tle_api_to_kafka_streaming' retrieved from /opt/airflow/dags/airflow_dag_api_to_kafka.py
[2026-01-30T04:51:25.452+0000] {logging_mixin.py:188} INFO - [2026-01-30T04:51:25.451+0000] {dag.py:3036} INFO - Sync 1 DAGs
[2026-01-30T04:51:25.497+0000] {logging_mixin.py:188} INFO - [2026-01-30T04:51:25.497+0000] {dag.py:3823} INFO - Setting next_dagrun for tle_api_to_kafka_streaming to 2026-01-30 03:00:00+00:00, run_after=2026-01-30 04:00:00+00:00
[2026-01-30T04:51:25.530+0000] {processor.py:183} INFO - Processing /opt/airflow/dags/airflow_dag_api_to_kafka.py took 0.234 seconds
[2026-01-30T04:51:55.575+0000] {processor.py:161} INFO - Started process (PID=765) to work on /opt/airflow/dags/airflow_dag_api_to_kafka.py
[2026-01-30T04:51:55.578+0000] {processor.py:830} INFO - Processing file /opt/airflow/dags/airflow_dag_api_to_kafka.py for tasks to queue
[2026-01-30T04:51:55.579+0000] {logging_mixin.py:188} INFO - [2026-01-30T04:51:55.578+0000] {dagbag.py:538} INFO - Filling up the DagBag from /opt/airflow/dags/airflow_dag_api_to_kafka.py
[2026-01-30T04:51:55.640+0000] {processor.py:840} INFO - DAG(s) 'tle_api_to_kafka_streaming' retrieved from /opt/airflow/dags/airflow_dag_api_to_kafka.py
[2026-01-30T04:51:55.676+0000] {logging_mixin.py:188} INFO - [2026-01-30T04:51:55.676+0000] {dag.py:3036} INFO - Sync 1 DAGs
[2026-01-30T04:51:55.710+0000] {logging_mixin.py:188} INFO - [2026-01-30T04:51:55.710+0000] {dag.py:3823} INFO - Setting next_dagrun for tle_api_to_kafka_streaming to 2026-01-30 03:00:00+00:00, run_after=2026-01-30 04:00:00+00:00
[2026-01-30T04:51:55.736+0000] {processor.py:183} INFO - Processing /opt/airflow/dags/airflow_dag_api_to_kafka.py took 0.164 seconds
[2026-01-30T04:52:25.843+0000] {processor.py:161} INFO - Started process (PID=775) to work on /opt/airflow/dags/airflow_dag_api_to_kafka.py
[2026-01-30T04:52:25.846+0000] {processor.py:830} INFO - Processing file /opt/airflow/dags/airflow_dag_api_to_kafka.py for tasks to queue
[2026-01-30T04:52:25.847+0000] {logging_mixin.py:188} INFO - [2026-01-30T04:52:25.846+0000] {dagbag.py:538} INFO - Filling up the DagBag from /opt/airflow/dags/airflow_dag_api_to_kafka.py
[2026-01-30T04:52:25.933+0000] {processor.py:840} INFO - DAG(s) 'tle_api_to_kafka_streaming' retrieved from /opt/airflow/dags/airflow_dag_api_to_kafka.py
[2026-01-30T04:52:25.967+0000] {logging_mixin.py:188} INFO - [2026-01-30T04:52:25.967+0000] {dag.py:3036} INFO - Sync 1 DAGs
[2026-01-30T04:52:25.995+0000] {logging_mixin.py:188} INFO - [2026-01-30T04:52:25.995+0000] {dag.py:3823} INFO - Setting next_dagrun for tle_api_to_kafka_streaming to 2026-01-30 03:00:00+00:00, run_after=2026-01-30 04:00:00+00:00
[2026-01-30T04:52:26.014+0000] {processor.py:183} INFO - Processing /opt/airflow/dags/airflow_dag_api_to_kafka.py took 0.174 seconds
[2026-01-30T04:52:56.143+0000] {processor.py:161} INFO - Started process (PID=785) to work on /opt/airflow/dags/airflow_dag_api_to_kafka.py
[2026-01-30T04:52:56.145+0000] {processor.py:830} INFO - Processing file /opt/airflow/dags/airflow_dag_api_to_kafka.py for tasks to queue
[2026-01-30T04:52:56.146+0000] {logging_mixin.py:188} INFO - [2026-01-30T04:52:56.145+0000] {dagbag.py:538} INFO - Filling up the DagBag from /opt/airflow/dags/airflow_dag_api_to_kafka.py
[2026-01-30T04:52:56.204+0000] {processor.py:840} INFO - DAG(s) 'tle_api_to_kafka_streaming' retrieved from /opt/airflow/dags/airflow_dag_api_to_kafka.py
[2026-01-30T04:52:56.236+0000] {logging_mixin.py:188} INFO - [2026-01-30T04:52:56.236+0000] {dag.py:3036} INFO - Sync 1 DAGs
[2026-01-30T04:52:56.279+0000] {logging_mixin.py:188} INFO - [2026-01-30T04:52:56.279+0000] {dag.py:3823} INFO - Setting next_dagrun for tle_api_to_kafka_streaming to 2026-01-30 03:00:00+00:00, run_after=2026-01-30 04:00:00+00:00
[2026-01-30T04:52:56.304+0000] {processor.py:183} INFO - Processing /opt/airflow/dags/airflow_dag_api_to_kafka.py took 0.167 seconds
[2026-01-30T04:53:26.458+0000] {processor.py:161} INFO - Started process (PID=795) to work on /opt/airflow/dags/airflow_dag_api_to_kafka.py
[2026-01-30T04:53:26.460+0000] {processor.py:830} INFO - Processing file /opt/airflow/dags/airflow_dag_api_to_kafka.py for tasks to queue
[2026-01-30T04:53:26.462+0000] {logging_mixin.py:188} INFO - [2026-01-30T04:53:26.461+0000] {dagbag.py:538} INFO - Filling up the DagBag from /opt/airflow/dags/airflow_dag_api_to_kafka.py
[2026-01-30T04:53:26.556+0000] {processor.py:840} INFO - DAG(s) 'tle_api_to_kafka_streaming' retrieved from /opt/airflow/dags/airflow_dag_api_to_kafka.py
[2026-01-30T04:53:26.607+0000] {logging_mixin.py:188} INFO - [2026-01-30T04:53:26.606+0000] {dag.py:3036} INFO - Sync 1 DAGs
[2026-01-30T04:53:26.650+0000] {logging_mixin.py:188} INFO - [2026-01-30T04:53:26.650+0000] {dag.py:3823} INFO - Setting next_dagrun for tle_api_to_kafka_streaming to 2026-01-30 03:00:00+00:00, run_after=2026-01-30 04:00:00+00:00
[2026-01-30T04:53:26.669+0000] {processor.py:183} INFO - Processing /opt/airflow/dags/airflow_dag_api_to_kafka.py took 0.216 seconds
[2026-01-30T04:53:56.715+0000] {processor.py:161} INFO - Started process (PID=805) to work on /opt/airflow/dags/airflow_dag_api_to_kafka.py
[2026-01-30T04:53:56.717+0000] {processor.py:830} INFO - Processing file /opt/airflow/dags/airflow_dag_api_to_kafka.py for tasks to queue
[2026-01-30T04:53:56.719+0000] {logging_mixin.py:188} INFO - [2026-01-30T04:53:56.718+0000] {dagbag.py:538} INFO - Filling up the DagBag from /opt/airflow/dags/airflow_dag_api_to_kafka.py
[2026-01-30T04:53:56.810+0000] {processor.py:840} INFO - DAG(s) 'tle_api_to_kafka_streaming' retrieved from /opt/airflow/dags/airflow_dag_api_to_kafka.py
[2026-01-30T04:53:56.846+0000] {logging_mixin.py:188} INFO - [2026-01-30T04:53:56.846+0000] {dag.py:3036} INFO - Sync 1 DAGs
[2026-01-30T04:53:56.881+0000] {logging_mixin.py:188} INFO - [2026-01-30T04:53:56.881+0000] {dag.py:3823} INFO - Setting next_dagrun for tle_api_to_kafka_streaming to 2026-01-30 03:00:00+00:00, run_after=2026-01-30 04:00:00+00:00
[2026-01-30T04:53:56.911+0000] {processor.py:183} INFO - Processing /opt/airflow/dags/airflow_dag_api_to_kafka.py took 0.199 seconds
[2026-01-30T04:54:26.983+0000] {processor.py:161} INFO - Started process (PID=815) to work on /opt/airflow/dags/airflow_dag_api_to_kafka.py
[2026-01-30T04:54:26.985+0000] {processor.py:830} INFO - Processing file /opt/airflow/dags/airflow_dag_api_to_kafka.py for tasks to queue
[2026-01-30T04:54:26.986+0000] {logging_mixin.py:188} INFO - [2026-01-30T04:54:26.985+0000] {dagbag.py:538} INFO - Filling up the DagBag from /opt/airflow/dags/airflow_dag_api_to_kafka.py
[2026-01-30T04:54:27.067+0000] {processor.py:840} INFO - DAG(s) 'tle_api_to_kafka_streaming' retrieved from /opt/airflow/dags/airflow_dag_api_to_kafka.py
[2026-01-30T04:54:27.120+0000] {logging_mixin.py:188} INFO - [2026-01-30T04:54:27.120+0000] {dag.py:3036} INFO - Sync 1 DAGs
[2026-01-30T04:54:27.166+0000] {logging_mixin.py:188} INFO - [2026-01-30T04:54:27.166+0000] {dag.py:3823} INFO - Setting next_dagrun for tle_api_to_kafka_streaming to 2026-01-30 03:00:00+00:00, run_after=2026-01-30 04:00:00+00:00
[2026-01-30T04:54:27.197+0000] {processor.py:183} INFO - Processing /opt/airflow/dags/airflow_dag_api_to_kafka.py took 0.217 seconds
[2026-01-30T04:54:57.236+0000] {processor.py:161} INFO - Started process (PID=825) to work on /opt/airflow/dags/airflow_dag_api_to_kafka.py
[2026-01-30T04:54:57.238+0000] {processor.py:830} INFO - Processing file /opt/airflow/dags/airflow_dag_api_to_kafka.py for tasks to queue
[2026-01-30T04:54:57.239+0000] {logging_mixin.py:188} INFO - [2026-01-30T04:54:57.239+0000] {dagbag.py:538} INFO - Filling up the DagBag from /opt/airflow/dags/airflow_dag_api_to_kafka.py
[2026-01-30T04:54:57.325+0000] {processor.py:840} INFO - DAG(s) 'tle_api_to_kafka_streaming' retrieved from /opt/airflow/dags/airflow_dag_api_to_kafka.py
[2026-01-30T04:54:57.368+0000] {logging_mixin.py:188} INFO - [2026-01-30T04:54:57.368+0000] {dag.py:3036} INFO - Sync 1 DAGs
[2026-01-30T04:54:57.397+0000] {logging_mixin.py:188} INFO - [2026-01-30T04:54:57.397+0000] {dag.py:3823} INFO - Setting next_dagrun for tle_api_to_kafka_streaming to 2026-01-30 03:00:00+00:00, run_after=2026-01-30 04:00:00+00:00
[2026-01-30T04:54:57.416+0000] {processor.py:183} INFO - Processing /opt/airflow/dags/airflow_dag_api_to_kafka.py took 0.184 seconds
[2026-01-30T04:55:27.474+0000] {processor.py:161} INFO - Started process (PID=835) to work on /opt/airflow/dags/airflow_dag_api_to_kafka.py
[2026-01-30T04:55:27.476+0000] {processor.py:830} INFO - Processing file /opt/airflow/dags/airflow_dag_api_to_kafka.py for tasks to queue
[2026-01-30T04:55:27.477+0000] {logging_mixin.py:188} INFO - [2026-01-30T04:55:27.477+0000] {dagbag.py:538} INFO - Filling up the DagBag from /opt/airflow/dags/airflow_dag_api_to_kafka.py
[2026-01-30T04:55:27.541+0000] {processor.py:840} INFO - DAG(s) 'tle_api_to_kafka_streaming' retrieved from /opt/airflow/dags/airflow_dag_api_to_kafka.py
[2026-01-30T04:55:27.579+0000] {logging_mixin.py:188} INFO - [2026-01-30T04:55:27.579+0000] {dag.py:3036} INFO - Sync 1 DAGs
[2026-01-30T04:55:27.613+0000] {logging_mixin.py:188} INFO - [2026-01-30T04:55:27.612+0000] {dag.py:3823} INFO - Setting next_dagrun for tle_api_to_kafka_streaming to 2026-01-30 03:00:00+00:00, run_after=2026-01-30 04:00:00+00:00
[2026-01-30T04:55:27.636+0000] {processor.py:183} INFO - Processing /opt/airflow/dags/airflow_dag_api_to_kafka.py took 0.166 seconds
[2026-01-30T04:55:57.733+0000] {processor.py:161} INFO - Started process (PID=845) to work on /opt/airflow/dags/airflow_dag_api_to_kafka.py
[2026-01-30T04:55:57.736+0000] {processor.py:830} INFO - Processing file /opt/airflow/dags/airflow_dag_api_to_kafka.py for tasks to queue
[2026-01-30T04:55:57.737+0000] {logging_mixin.py:188} INFO - [2026-01-30T04:55:57.737+0000] {dagbag.py:538} INFO - Filling up the DagBag from /opt/airflow/dags/airflow_dag_api_to_kafka.py
[2026-01-30T04:55:57.824+0000] {processor.py:840} INFO - DAG(s) 'tle_api_to_kafka_streaming' retrieved from /opt/airflow/dags/airflow_dag_api_to_kafka.py
[2026-01-30T04:55:57.872+0000] {logging_mixin.py:188} INFO - [2026-01-30T04:55:57.871+0000] {dag.py:3036} INFO - Sync 1 DAGs
[2026-01-30T04:55:57.914+0000] {logging_mixin.py:188} INFO - [2026-01-30T04:55:57.914+0000] {dag.py:3823} INFO - Setting next_dagrun for tle_api_to_kafka_streaming to 2026-01-30 03:00:00+00:00, run_after=2026-01-30 04:00:00+00:00
[2026-01-30T04:55:57.938+0000] {processor.py:183} INFO - Processing /opt/airflow/dags/airflow_dag_api_to_kafka.py took 0.210 seconds
[2026-01-30T04:56:27.981+0000] {processor.py:161} INFO - Started process (PID=855) to work on /opt/airflow/dags/airflow_dag_api_to_kafka.py
[2026-01-30T04:56:27.984+0000] {processor.py:830} INFO - Processing file /opt/airflow/dags/airflow_dag_api_to_kafka.py for tasks to queue
[2026-01-30T04:56:27.985+0000] {logging_mixin.py:188} INFO - [2026-01-30T04:56:27.985+0000] {dagbag.py:538} INFO - Filling up the DagBag from /opt/airflow/dags/airflow_dag_api_to_kafka.py
[2026-01-30T04:56:28.077+0000] {processor.py:840} INFO - DAG(s) 'tle_api_to_kafka_streaming' retrieved from /opt/airflow/dags/airflow_dag_api_to_kafka.py
[2026-01-30T04:56:28.119+0000] {logging_mixin.py:188} INFO - [2026-01-30T04:56:28.118+0000] {dag.py:3036} INFO - Sync 1 DAGs
[2026-01-30T04:56:28.154+0000] {logging_mixin.py:188} INFO - [2026-01-30T04:56:28.154+0000] {dag.py:3823} INFO - Setting next_dagrun for tle_api_to_kafka_streaming to 2026-01-30 03:00:00+00:00, run_after=2026-01-30 04:00:00+00:00
[2026-01-30T04:56:28.181+0000] {processor.py:183} INFO - Processing /opt/airflow/dags/airflow_dag_api_to_kafka.py took 0.206 seconds
[2026-01-30T04:56:58.217+0000] {processor.py:161} INFO - Started process (PID=865) to work on /opt/airflow/dags/airflow_dag_api_to_kafka.py
[2026-01-30T04:56:58.220+0000] {processor.py:830} INFO - Processing file /opt/airflow/dags/airflow_dag_api_to_kafka.py for tasks to queue
[2026-01-30T04:56:58.220+0000] {logging_mixin.py:188} INFO - [2026-01-30T04:56:58.220+0000] {dagbag.py:538} INFO - Filling up the DagBag from /opt/airflow/dags/airflow_dag_api_to_kafka.py
[2026-01-30T04:56:58.293+0000] {processor.py:840} INFO - DAG(s) 'tle_api_to_kafka_streaming' retrieved from /opt/airflow/dags/airflow_dag_api_to_kafka.py
[2026-01-30T04:56:58.328+0000] {logging_mixin.py:188} INFO - [2026-01-30T04:56:58.328+0000] {dag.py:3036} INFO - Sync 1 DAGs
[2026-01-30T04:56:58.373+0000] {logging_mixin.py:188} INFO - [2026-01-30T04:56:58.372+0000] {dag.py:3823} INFO - Setting next_dagrun for tle_api_to_kafka_streaming to 2026-01-30 03:00:00+00:00, run_after=2026-01-30 04:00:00+00:00
[2026-01-30T04:56:58.394+0000] {processor.py:183} INFO - Processing /opt/airflow/dags/airflow_dag_api_to_kafka.py took 0.180 seconds
[2026-01-30T04:57:28.529+0000] {processor.py:161} INFO - Started process (PID=875) to work on /opt/airflow/dags/airflow_dag_api_to_kafka.py
[2026-01-30T04:57:28.532+0000] {processor.py:830} INFO - Processing file /opt/airflow/dags/airflow_dag_api_to_kafka.py for tasks to queue
[2026-01-30T04:57:28.533+0000] {logging_mixin.py:188} INFO - [2026-01-30T04:57:28.532+0000] {dagbag.py:538} INFO - Filling up the DagBag from /opt/airflow/dags/airflow_dag_api_to_kafka.py
[2026-01-30T04:57:28.625+0000] {processor.py:840} INFO - DAG(s) 'tle_api_to_kafka_streaming' retrieved from /opt/airflow/dags/airflow_dag_api_to_kafka.py
[2026-01-30T04:57:28.677+0000] {logging_mixin.py:188} INFO - [2026-01-30T04:57:28.676+0000] {dag.py:3036} INFO - Sync 1 DAGs
[2026-01-30T04:57:28.722+0000] {logging_mixin.py:188} INFO - [2026-01-30T04:57:28.722+0000] {dag.py:3823} INFO - Setting next_dagrun for tle_api_to_kafka_streaming to 2026-01-30 03:00:00+00:00, run_after=2026-01-30 04:00:00+00:00
[2026-01-30T04:57:28.745+0000] {processor.py:183} INFO - Processing /opt/airflow/dags/airflow_dag_api_to_kafka.py took 0.221 seconds
[2026-01-30T04:57:58.801+0000] {processor.py:161} INFO - Started process (PID=885) to work on /opt/airflow/dags/airflow_dag_api_to_kafka.py
[2026-01-30T04:57:58.804+0000] {processor.py:830} INFO - Processing file /opt/airflow/dags/airflow_dag_api_to_kafka.py for tasks to queue
[2026-01-30T04:57:58.805+0000] {logging_mixin.py:188} INFO - [2026-01-30T04:57:58.804+0000] {dagbag.py:538} INFO - Filling up the DagBag from /opt/airflow/dags/airflow_dag_api_to_kafka.py
[2026-01-30T04:57:58.869+0000] {processor.py:840} INFO - DAG(s) 'tle_api_to_kafka_streaming' retrieved from /opt/airflow/dags/airflow_dag_api_to_kafka.py
[2026-01-30T04:57:58.906+0000] {logging_mixin.py:188} INFO - [2026-01-30T04:57:58.905+0000] {dag.py:3036} INFO - Sync 1 DAGs
[2026-01-30T04:57:58.945+0000] {logging_mixin.py:188} INFO - [2026-01-30T04:57:58.944+0000] {dag.py:3823} INFO - Setting next_dagrun for tle_api_to_kafka_streaming to 2026-01-30 03:00:00+00:00, run_after=2026-01-30 04:00:00+00:00
[2026-01-30T04:57:58.962+0000] {processor.py:183} INFO - Processing /opt/airflow/dags/airflow_dag_api_to_kafka.py took 0.164 seconds
[2026-01-30T04:58:29.103+0000] {processor.py:161} INFO - Started process (PID=895) to work on /opt/airflow/dags/airflow_dag_api_to_kafka.py
[2026-01-30T04:58:29.106+0000] {processor.py:830} INFO - Processing file /opt/airflow/dags/airflow_dag_api_to_kafka.py for tasks to queue
[2026-01-30T04:58:29.107+0000] {logging_mixin.py:188} INFO - [2026-01-30T04:58:29.107+0000] {dagbag.py:538} INFO - Filling up the DagBag from /opt/airflow/dags/airflow_dag_api_to_kafka.py
[2026-01-30T04:58:29.198+0000] {processor.py:840} INFO - DAG(s) 'tle_api_to_kafka_streaming' retrieved from /opt/airflow/dags/airflow_dag_api_to_kafka.py
[2026-01-30T04:58:29.242+0000] {logging_mixin.py:188} INFO - [2026-01-30T04:58:29.242+0000] {dag.py:3036} INFO - Sync 1 DAGs
[2026-01-30T04:58:29.282+0000] {logging_mixin.py:188} INFO - [2026-01-30T04:58:29.281+0000] {dag.py:3823} INFO - Setting next_dagrun for tle_api_to_kafka_streaming to 2026-01-30 03:00:00+00:00, run_after=2026-01-30 04:00:00+00:00
[2026-01-30T04:58:29.314+0000] {processor.py:183} INFO - Processing /opt/airflow/dags/airflow_dag_api_to_kafka.py took 0.216 seconds
[2026-01-30T04:58:59.359+0000] {processor.py:161} INFO - Started process (PID=905) to work on /opt/airflow/dags/airflow_dag_api_to_kafka.py
[2026-01-30T04:58:59.361+0000] {processor.py:830} INFO - Processing file /opt/airflow/dags/airflow_dag_api_to_kafka.py for tasks to queue
[2026-01-30T04:58:59.362+0000] {logging_mixin.py:188} INFO - [2026-01-30T04:58:59.362+0000] {dagbag.py:538} INFO - Filling up the DagBag from /opt/airflow/dags/airflow_dag_api_to_kafka.py
[2026-01-30T04:58:59.447+0000] {processor.py:840} INFO - DAG(s) 'tle_api_to_kafka_streaming' retrieved from /opt/airflow/dags/airflow_dag_api_to_kafka.py
[2026-01-30T04:58:59.485+0000] {logging_mixin.py:188} INFO - [2026-01-30T04:58:59.484+0000] {dag.py:3036} INFO - Sync 1 DAGs
[2026-01-30T04:58:59.521+0000] {logging_mixin.py:188} INFO - [2026-01-30T04:58:59.521+0000] {dag.py:3823} INFO - Setting next_dagrun for tle_api_to_kafka_streaming to 2026-01-30 03:00:00+00:00, run_after=2026-01-30 04:00:00+00:00
[2026-01-30T04:58:59.543+0000] {processor.py:183} INFO - Processing /opt/airflow/dags/airflow_dag_api_to_kafka.py took 0.187 seconds
[2026-01-30T04:59:29.620+0000] {processor.py:161} INFO - Started process (PID=915) to work on /opt/airflow/dags/airflow_dag_api_to_kafka.py
[2026-01-30T04:59:29.622+0000] {processor.py:830} INFO - Processing file /opt/airflow/dags/airflow_dag_api_to_kafka.py for tasks to queue
[2026-01-30T04:59:29.623+0000] {logging_mixin.py:188} INFO - [2026-01-30T04:59:29.622+0000] {dagbag.py:538} INFO - Filling up the DagBag from /opt/airflow/dags/airflow_dag_api_to_kafka.py
[2026-01-30T04:59:29.714+0000] {processor.py:840} INFO - DAG(s) 'tle_api_to_kafka_streaming' retrieved from /opt/airflow/dags/airflow_dag_api_to_kafka.py
[2026-01-30T04:59:29.766+0000] {logging_mixin.py:188} INFO - [2026-01-30T04:59:29.766+0000] {dag.py:3036} INFO - Sync 1 DAGs
[2026-01-30T04:59:29.813+0000] {logging_mixin.py:188} INFO - [2026-01-30T04:59:29.813+0000] {dag.py:3823} INFO - Setting next_dagrun for tle_api_to_kafka_streaming to 2026-01-30 03:00:00+00:00, run_after=2026-01-30 04:00:00+00:00
[2026-01-30T04:59:29.843+0000] {processor.py:183} INFO - Processing /opt/airflow/dags/airflow_dag_api_to_kafka.py took 0.228 seconds
[2026-01-30T05:00:00.739+0000] {processor.py:161} INFO - Started process (PID=925) to work on /opt/airflow/dags/airflow_dag_api_to_kafka.py
[2026-01-30T05:00:00.740+0000] {processor.py:830} INFO - Processing file /opt/airflow/dags/airflow_dag_api_to_kafka.py for tasks to queue
[2026-01-30T05:00:00.741+0000] {logging_mixin.py:188} INFO - [2026-01-30T05:00:00.741+0000] {dagbag.py:538} INFO - Filling up the DagBag from /opt/airflow/dags/airflow_dag_api_to_kafka.py
[2026-01-30T05:00:00.788+0000] {processor.py:840} INFO - DAG(s) 'tle_api_to_kafka_streaming' retrieved from /opt/airflow/dags/airflow_dag_api_to_kafka.py
[2026-01-30T05:00:00.816+0000] {logging_mixin.py:188} INFO - [2026-01-30T05:00:00.815+0000] {dag.py:3036} INFO - Sync 1 DAGs
[2026-01-30T05:00:00.839+0000] {logging_mixin.py:188} INFO - [2026-01-30T05:00:00.839+0000] {dag.py:3823} INFO - Setting next_dagrun for tle_api_to_kafka_streaming to 2026-01-30 04:00:00+00:00, run_after=2026-01-30 05:00:00+00:00
[2026-01-30T05:00:00.855+0000] {processor.py:183} INFO - Processing /opt/airflow/dags/airflow_dag_api_to_kafka.py took 0.118 seconds
[2026-01-30T05:00:30.965+0000] {processor.py:161} INFO - Started process (PID=935) to work on /opt/airflow/dags/airflow_dag_api_to_kafka.py
[2026-01-30T05:00:30.967+0000] {processor.py:830} INFO - Processing file /opt/airflow/dags/airflow_dag_api_to_kafka.py for tasks to queue
[2026-01-30T05:00:30.968+0000] {logging_mixin.py:188} INFO - [2026-01-30T05:00:30.967+0000] {dagbag.py:538} INFO - Filling up the DagBag from /opt/airflow/dags/airflow_dag_api_to_kafka.py
[2026-01-30T05:00:31.018+0000] {processor.py:840} INFO - DAG(s) 'tle_api_to_kafka_streaming' retrieved from /opt/airflow/dags/airflow_dag_api_to_kafka.py
[2026-01-30T05:00:31.045+0000] {logging_mixin.py:188} INFO - [2026-01-30T05:00:31.045+0000] {dag.py:3036} INFO - Sync 1 DAGs
[2026-01-30T05:00:31.070+0000] {logging_mixin.py:188} INFO - [2026-01-30T05:00:31.069+0000] {dag.py:3823} INFO - Setting next_dagrun for tle_api_to_kafka_streaming to 2026-01-30 04:00:00+00:00, run_after=2026-01-30 05:00:00+00:00
[2026-01-30T05:00:31.086+0000] {processor.py:183} INFO - Processing /opt/airflow/dags/airflow_dag_api_to_kafka.py took 0.124 seconds
[2026-01-30T05:01:01.204+0000] {processor.py:161} INFO - Started process (PID=945) to work on /opt/airflow/dags/airflow_dag_api_to_kafka.py
[2026-01-30T05:01:01.206+0000] {processor.py:830} INFO - Processing file /opt/airflow/dags/airflow_dag_api_to_kafka.py for tasks to queue
[2026-01-30T05:01:01.206+0000] {logging_mixin.py:188} INFO - [2026-01-30T05:01:01.206+0000] {dagbag.py:538} INFO - Filling up the DagBag from /opt/airflow/dags/airflow_dag_api_to_kafka.py
[2026-01-30T05:01:01.249+0000] {processor.py:840} INFO - DAG(s) 'tle_api_to_kafka_streaming' retrieved from /opt/airflow/dags/airflow_dag_api_to_kafka.py
[2026-01-30T05:01:01.278+0000] {logging_mixin.py:188} INFO - [2026-01-30T05:01:01.278+0000] {dag.py:3036} INFO - Sync 1 DAGs
[2026-01-30T05:01:01.303+0000] {logging_mixin.py:188} INFO - [2026-01-30T05:01:01.303+0000] {dag.py:3823} INFO - Setting next_dagrun for tle_api_to_kafka_streaming to 2026-01-30 04:00:00+00:00, run_after=2026-01-30 05:00:00+00:00
[2026-01-30T05:01:01.320+0000] {processor.py:183} INFO - Processing /opt/airflow/dags/airflow_dag_api_to_kafka.py took 0.119 seconds
[2026-01-30T05:01:31.459+0000] {processor.py:161} INFO - Started process (PID=955) to work on /opt/airflow/dags/airflow_dag_api_to_kafka.py
[2026-01-30T05:01:31.462+0000] {processor.py:830} INFO - Processing file /opt/airflow/dags/airflow_dag_api_to_kafka.py for tasks to queue
[2026-01-30T05:01:31.463+0000] {logging_mixin.py:188} INFO - [2026-01-30T05:01:31.462+0000] {dagbag.py:538} INFO - Filling up the DagBag from /opt/airflow/dags/airflow_dag_api_to_kafka.py
[2026-01-30T05:01:31.545+0000] {processor.py:840} INFO - DAG(s) 'tle_api_to_kafka_streaming' retrieved from /opt/airflow/dags/airflow_dag_api_to_kafka.py
[2026-01-30T05:01:31.593+0000] {logging_mixin.py:188} INFO - [2026-01-30T05:01:31.593+0000] {dag.py:3036} INFO - Sync 1 DAGs
[2026-01-30T05:01:31.638+0000] {logging_mixin.py:188} INFO - [2026-01-30T05:01:31.637+0000] {dag.py:3823} INFO - Setting next_dagrun for tle_api_to_kafka_streaming to 2026-01-30 04:00:00+00:00, run_after=2026-01-30 05:00:00+00:00
[2026-01-30T05:01:31.669+0000] {processor.py:183} INFO - Processing /opt/airflow/dags/airflow_dag_api_to_kafka.py took 0.215 seconds
[2026-01-30T05:02:01.759+0000] {processor.py:161} INFO - Started process (PID=965) to work on /opt/airflow/dags/airflow_dag_api_to_kafka.py
[2026-01-30T05:02:01.760+0000] {processor.py:830} INFO - Processing file /opt/airflow/dags/airflow_dag_api_to_kafka.py for tasks to queue
[2026-01-30T05:02:01.761+0000] {logging_mixin.py:188} INFO - [2026-01-30T05:02:01.760+0000] {dagbag.py:538} INFO - Filling up the DagBag from /opt/airflow/dags/airflow_dag_api_to_kafka.py
[2026-01-30T05:02:01.823+0000] {processor.py:840} INFO - DAG(s) 'tle_api_to_kafka_streaming' retrieved from /opt/airflow/dags/airflow_dag_api_to_kafka.py
[2026-01-30T05:02:01.857+0000] {logging_mixin.py:188} INFO - [2026-01-30T05:02:01.857+0000] {dag.py:3036} INFO - Sync 1 DAGs
[2026-01-30T05:02:01.887+0000] {logging_mixin.py:188} INFO - [2026-01-30T05:02:01.886+0000] {dag.py:3823} INFO - Setting next_dagrun for tle_api_to_kafka_streaming to 2026-01-30 04:00:00+00:00, run_after=2026-01-30 05:00:00+00:00
[2026-01-30T05:02:01.911+0000] {processor.py:183} INFO - Processing /opt/airflow/dags/airflow_dag_api_to_kafka.py took 0.156 seconds
[2026-01-30T05:02:32.007+0000] {processor.py:161} INFO - Started process (PID=975) to work on /opt/airflow/dags/airflow_dag_api_to_kafka.py
[2026-01-30T05:02:32.010+0000] {processor.py:830} INFO - Processing file /opt/airflow/dags/airflow_dag_api_to_kafka.py for tasks to queue
[2026-01-30T05:02:32.011+0000] {logging_mixin.py:188} INFO - [2026-01-30T05:02:32.010+0000] {dagbag.py:538} INFO - Filling up the DagBag from /opt/airflow/dags/airflow_dag_api_to_kafka.py
[2026-01-30T05:02:32.094+0000] {processor.py:840} INFO - DAG(s) 'tle_api_to_kafka_streaming' retrieved from /opt/airflow/dags/airflow_dag_api_to_kafka.py
[2026-01-30T05:02:32.146+0000] {logging_mixin.py:188} INFO - [2026-01-30T05:02:32.146+0000] {dag.py:3036} INFO - Sync 1 DAGs
[2026-01-30T05:02:32.193+0000] {logging_mixin.py:188} INFO - [2026-01-30T05:02:32.193+0000] {dag.py:3823} INFO - Setting next_dagrun for tle_api_to_kafka_streaming to 2026-01-30 04:00:00+00:00, run_after=2026-01-30 05:00:00+00:00
[2026-01-30T05:02:32.213+0000] {processor.py:183} INFO - Processing /opt/airflow/dags/airflow_dag_api_to_kafka.py took 0.211 seconds
[2026-01-30T05:03:02.255+0000] {processor.py:161} INFO - Started process (PID=985) to work on /opt/airflow/dags/airflow_dag_api_to_kafka.py
[2026-01-30T05:03:02.256+0000] {processor.py:830} INFO - Processing file /opt/airflow/dags/airflow_dag_api_to_kafka.py for tasks to queue
[2026-01-30T05:03:02.257+0000] {logging_mixin.py:188} INFO - [2026-01-30T05:03:02.256+0000] {dagbag.py:538} INFO - Filling up the DagBag from /opt/airflow/dags/airflow_dag_api_to_kafka.py
[2026-01-30T05:03:02.335+0000] {processor.py:840} INFO - DAG(s) 'tle_api_to_kafka_streaming' retrieved from /opt/airflow/dags/airflow_dag_api_to_kafka.py
[2026-01-30T05:03:02.379+0000] {logging_mixin.py:188} INFO - [2026-01-30T05:03:02.378+0000] {dag.py:3036} INFO - Sync 1 DAGs
[2026-01-30T05:03:02.413+0000] {logging_mixin.py:188} INFO - [2026-01-30T05:03:02.413+0000] {dag.py:3823} INFO - Setting next_dagrun for tle_api_to_kafka_streaming to 2026-01-30 04:00:00+00:00, run_after=2026-01-30 05:00:00+00:00
[2026-01-30T05:03:02.433+0000] {processor.py:183} INFO - Processing /opt/airflow/dags/airflow_dag_api_to_kafka.py took 0.182 seconds
[2026-01-30T05:12:24.224+0000] {processor.py:161} INFO - Started process (PID=993) to work on /opt/airflow/dags/airflow_dag_api_to_kafka.py
[2026-01-30T05:12:24.225+0000] {processor.py:830} INFO - Processing file /opt/airflow/dags/airflow_dag_api_to_kafka.py for tasks to queue
[2026-01-30T05:12:24.226+0000] {logging_mixin.py:188} INFO - [2026-01-30T05:12:24.225+0000] {dagbag.py:538} INFO - Filling up the DagBag from /opt/airflow/dags/airflow_dag_api_to_kafka.py
[2026-01-30T05:12:24.286+0000] {processor.py:840} INFO - DAG(s) 'tle_api_to_kafka_streaming' retrieved from /opt/airflow/dags/airflow_dag_api_to_kafka.py
[2026-01-30T05:12:24.321+0000] {logging_mixin.py:188} INFO - [2026-01-30T05:12:24.320+0000] {dag.py:3036} INFO - Sync 1 DAGs
[2026-01-30T05:12:24.351+0000] {logging_mixin.py:188} INFO - [2026-01-30T05:12:24.351+0000] {dag.py:3823} INFO - Setting next_dagrun for tle_api_to_kafka_streaming to 2026-01-30 04:00:00+00:00, run_after=2026-01-30 05:00:00+00:00
[2026-01-30T05:12:24.374+0000] {processor.py:183} INFO - Processing /opt/airflow/dags/airflow_dag_api_to_kafka.py took 0.153 seconds
[2026-01-30T05:12:54.454+0000] {processor.py:161} INFO - Started process (PID=1005) to work on /opt/airflow/dags/airflow_dag_api_to_kafka.py
[2026-01-30T05:12:54.455+0000] {processor.py:830} INFO - Processing file /opt/airflow/dags/airflow_dag_api_to_kafka.py for tasks to queue
[2026-01-30T05:12:54.456+0000] {logging_mixin.py:188} INFO - [2026-01-30T05:12:54.456+0000] {dagbag.py:538} INFO - Filling up the DagBag from /opt/airflow/dags/airflow_dag_api_to_kafka.py
[2026-01-30T05:12:54.528+0000] {processor.py:840} INFO - DAG(s) 'tle_api_to_kafka_streaming' retrieved from /opt/airflow/dags/airflow_dag_api_to_kafka.py
[2026-01-30T05:12:54.560+0000] {logging_mixin.py:188} INFO - [2026-01-30T05:12:54.560+0000] {dag.py:3036} INFO - Sync 1 DAGs
[2026-01-30T05:12:54.598+0000] {logging_mixin.py:188} INFO - [2026-01-30T05:12:54.597+0000] {dag.py:3823} INFO - Setting next_dagrun for tle_api_to_kafka_streaming to 2026-01-30 04:00:00+00:00, run_after=2026-01-30 05:00:00+00:00
[2026-01-30T05:12:54.617+0000] {processor.py:183} INFO - Processing /opt/airflow/dags/airflow_dag_api_to_kafka.py took 0.166 seconds
[2026-01-30T05:13:24.675+0000] {processor.py:161} INFO - Started process (PID=1015) to work on /opt/airflow/dags/airflow_dag_api_to_kafka.py
[2026-01-30T05:13:24.676+0000] {processor.py:830} INFO - Processing file /opt/airflow/dags/airflow_dag_api_to_kafka.py for tasks to queue
[2026-01-30T05:13:24.677+0000] {logging_mixin.py:188} INFO - [2026-01-30T05:13:24.677+0000] {dagbag.py:538} INFO - Filling up the DagBag from /opt/airflow/dags/airflow_dag_api_to_kafka.py
[2026-01-30T05:13:24.727+0000] {processor.py:840} INFO - DAG(s) 'tle_api_to_kafka_streaming' retrieved from /opt/airflow/dags/airflow_dag_api_to_kafka.py
[2026-01-30T05:13:24.761+0000] {logging_mixin.py:188} INFO - [2026-01-30T05:13:24.760+0000] {dag.py:3036} INFO - Sync 1 DAGs
[2026-01-30T05:13:24.786+0000] {logging_mixin.py:188} INFO - [2026-01-30T05:13:24.786+0000] {dag.py:3823} INFO - Setting next_dagrun for tle_api_to_kafka_streaming to 2026-01-30 04:00:00+00:00, run_after=2026-01-30 05:00:00+00:00
[2026-01-30T05:13:24.806+0000] {processor.py:183} INFO - Processing /opt/airflow/dags/airflow_dag_api_to_kafka.py took 0.134 seconds
[2026-01-30T05:13:54.887+0000] {processor.py:161} INFO - Started process (PID=1025) to work on /opt/airflow/dags/airflow_dag_api_to_kafka.py
[2026-01-30T05:13:54.888+0000] {processor.py:830} INFO - Processing file /opt/airflow/dags/airflow_dag_api_to_kafka.py for tasks to queue
[2026-01-30T05:13:54.889+0000] {logging_mixin.py:188} INFO - [2026-01-30T05:13:54.889+0000] {dagbag.py:538} INFO - Filling up the DagBag from /opt/airflow/dags/airflow_dag_api_to_kafka.py
[2026-01-30T05:13:54.937+0000] {processor.py:840} INFO - DAG(s) 'tle_api_to_kafka_streaming' retrieved from /opt/airflow/dags/airflow_dag_api_to_kafka.py
[2026-01-30T05:13:54.963+0000] {logging_mixin.py:188} INFO - [2026-01-30T05:13:54.963+0000] {dag.py:3036} INFO - Sync 1 DAGs
[2026-01-30T05:13:54.987+0000] {logging_mixin.py:188} INFO - [2026-01-30T05:13:54.987+0000] {dag.py:3823} INFO - Setting next_dagrun for tle_api_to_kafka_streaming to 2026-01-30 04:00:00+00:00, run_after=2026-01-30 05:00:00+00:00
[2026-01-30T05:13:55.003+0000] {processor.py:183} INFO - Processing /opt/airflow/dags/airflow_dag_api_to_kafka.py took 0.119 seconds
[2026-01-30T05:14:25.104+0000] {processor.py:161} INFO - Started process (PID=1035) to work on /opt/airflow/dags/airflow_dag_api_to_kafka.py
[2026-01-30T05:14:25.105+0000] {processor.py:830} INFO - Processing file /opt/airflow/dags/airflow_dag_api_to_kafka.py for tasks to queue
[2026-01-30T05:14:25.106+0000] {logging_mixin.py:188} INFO - [2026-01-30T05:14:25.106+0000] {dagbag.py:538} INFO - Filling up the DagBag from /opt/airflow/dags/airflow_dag_api_to_kafka.py
[2026-01-30T05:14:25.164+0000] {processor.py:840} INFO - DAG(s) 'tle_api_to_kafka_streaming' retrieved from /opt/airflow/dags/airflow_dag_api_to_kafka.py
[2026-01-30T05:14:25.195+0000] {logging_mixin.py:188} INFO - [2026-01-30T05:14:25.195+0000] {dag.py:3036} INFO - Sync 1 DAGs
[2026-01-30T05:14:25.238+0000] {logging_mixin.py:188} INFO - [2026-01-30T05:14:25.237+0000] {dag.py:3823} INFO - Setting next_dagrun for tle_api_to_kafka_streaming to 2026-01-30 04:00:00+00:00, run_after=2026-01-30 05:00:00+00:00
[2026-01-30T05:14:25.264+0000] {processor.py:183} INFO - Processing /opt/airflow/dags/airflow_dag_api_to_kafka.py took 0.163 seconds
[2026-01-30T05:14:55.939+0000] {processor.py:161} INFO - Started process (PID=1045) to work on /opt/airflow/dags/airflow_dag_api_to_kafka.py
[2026-01-30T05:14:55.940+0000] {processor.py:830} INFO - Processing file /opt/airflow/dags/airflow_dag_api_to_kafka.py for tasks to queue
[2026-01-30T05:14:55.941+0000] {logging_mixin.py:188} INFO - [2026-01-30T05:14:55.941+0000] {dagbag.py:538} INFO - Filling up the DagBag from /opt/airflow/dags/airflow_dag_api_to_kafka.py
[2026-01-30T05:14:55.996+0000] {processor.py:840} INFO - DAG(s) 'tle_api_to_kafka_streaming' retrieved from /opt/airflow/dags/airflow_dag_api_to_kafka.py
[2026-01-30T05:14:56.030+0000] {logging_mixin.py:188} INFO - [2026-01-30T05:14:56.029+0000] {dag.py:3036} INFO - Sync 1 DAGs
[2026-01-30T05:14:56.062+0000] {logging_mixin.py:188} INFO - [2026-01-30T05:14:56.061+0000] {dag.py:3823} INFO - Setting next_dagrun for tle_api_to_kafka_streaming to 2026-01-30 04:00:00+00:00, run_after=2026-01-30 05:00:00+00:00
[2026-01-30T05:14:56.082+0000] {processor.py:183} INFO - Processing /opt/airflow/dags/airflow_dag_api_to_kafka.py took 0.147 seconds
[2026-01-30T05:15:26.177+0000] {processor.py:161} INFO - Started process (PID=1055) to work on /opt/airflow/dags/airflow_dag_api_to_kafka.py
[2026-01-30T05:15:26.178+0000] {processor.py:830} INFO - Processing file /opt/airflow/dags/airflow_dag_api_to_kafka.py for tasks to queue
[2026-01-30T05:15:26.178+0000] {logging_mixin.py:188} INFO - [2026-01-30T05:15:26.178+0000] {dagbag.py:538} INFO - Filling up the DagBag from /opt/airflow/dags/airflow_dag_api_to_kafka.py
[2026-01-30T05:15:26.234+0000] {processor.py:840} INFO - DAG(s) 'tle_api_to_kafka_streaming' retrieved from /opt/airflow/dags/airflow_dag_api_to_kafka.py
[2026-01-30T05:15:26.267+0000] {logging_mixin.py:188} INFO - [2026-01-30T05:15:26.266+0000] {dag.py:3036} INFO - Sync 1 DAGs
[2026-01-30T05:15:26.295+0000] {logging_mixin.py:188} INFO - [2026-01-30T05:15:26.294+0000] {dag.py:3823} INFO - Setting next_dagrun for tle_api_to_kafka_streaming to 2026-01-30 04:00:00+00:00, run_after=2026-01-30 05:00:00+00:00
[2026-01-30T05:15:26.314+0000] {processor.py:183} INFO - Processing /opt/airflow/dags/airflow_dag_api_to_kafka.py took 0.141 seconds
[2026-01-30T05:15:56.401+0000] {processor.py:161} INFO - Started process (PID=1065) to work on /opt/airflow/dags/airflow_dag_api_to_kafka.py
[2026-01-30T05:15:56.402+0000] {processor.py:830} INFO - Processing file /opt/airflow/dags/airflow_dag_api_to_kafka.py for tasks to queue
[2026-01-30T05:15:56.403+0000] {logging_mixin.py:188} INFO - [2026-01-30T05:15:56.403+0000] {dagbag.py:538} INFO - Filling up the DagBag from /opt/airflow/dags/airflow_dag_api_to_kafka.py
[2026-01-30T05:15:56.493+0000] {processor.py:840} INFO - DAG(s) 'tle_api_to_kafka_streaming' retrieved from /opt/airflow/dags/airflow_dag_api_to_kafka.py
[2026-01-30T05:15:56.528+0000] {logging_mixin.py:188} INFO - [2026-01-30T05:15:56.528+0000] {dag.py:3036} INFO - Sync 1 DAGs
[2026-01-30T05:15:56.559+0000] {logging_mixin.py:188} INFO - [2026-01-30T05:15:56.559+0000] {dag.py:3823} INFO - Setting next_dagrun for tle_api_to_kafka_streaming to 2026-01-30 04:00:00+00:00, run_after=2026-01-30 05:00:00+00:00
[2026-01-30T05:15:56.577+0000] {processor.py:183} INFO - Processing /opt/airflow/dags/airflow_dag_api_to_kafka.py took 0.181 seconds
[2026-01-30T05:16:26.646+0000] {processor.py:161} INFO - Started process (PID=1075) to work on /opt/airflow/dags/airflow_dag_api_to_kafka.py
[2026-01-30T05:16:26.647+0000] {processor.py:830} INFO - Processing file /opt/airflow/dags/airflow_dag_api_to_kafka.py for tasks to queue
[2026-01-30T05:16:26.648+0000] {logging_mixin.py:188} INFO - [2026-01-30T05:16:26.648+0000] {dagbag.py:538} INFO - Filling up the DagBag from /opt/airflow/dags/airflow_dag_api_to_kafka.py
[2026-01-30T05:16:26.708+0000] {processor.py:840} INFO - DAG(s) 'tle_api_to_kafka_streaming' retrieved from /opt/airflow/dags/airflow_dag_api_to_kafka.py
[2026-01-30T05:16:26.743+0000] {logging_mixin.py:188} INFO - [2026-01-30T05:16:26.743+0000] {dag.py:3036} INFO - Sync 1 DAGs
[2026-01-30T05:16:26.773+0000] {logging_mixin.py:188} INFO - [2026-01-30T05:16:26.773+0000] {dag.py:3823} INFO - Setting next_dagrun for tle_api_to_kafka_streaming to 2026-01-30 04:00:00+00:00, run_after=2026-01-30 05:00:00+00:00
[2026-01-30T05:16:26.793+0000] {processor.py:183} INFO - Processing /opt/airflow/dags/airflow_dag_api_to_kafka.py took 0.151 seconds
[2026-01-30T05:16:56.891+0000] {processor.py:161} INFO - Started process (PID=1085) to work on /opt/airflow/dags/airflow_dag_api_to_kafka.py
[2026-01-30T05:16:56.892+0000] {processor.py:830} INFO - Processing file /opt/airflow/dags/airflow_dag_api_to_kafka.py for tasks to queue
[2026-01-30T05:16:56.893+0000] {logging_mixin.py:188} INFO - [2026-01-30T05:16:56.892+0000] {dagbag.py:538} INFO - Filling up the DagBag from /opt/airflow/dags/airflow_dag_api_to_kafka.py
[2026-01-30T05:16:56.959+0000] {processor.py:840} INFO - DAG(s) 'tle_api_to_kafka_streaming' retrieved from /opt/airflow/dags/airflow_dag_api_to_kafka.py
[2026-01-30T05:16:56.994+0000] {logging_mixin.py:188} INFO - [2026-01-30T05:16:56.994+0000] {dag.py:3036} INFO - Sync 1 DAGs
[2026-01-30T05:16:57.038+0000] {logging_mixin.py:188} INFO - [2026-01-30T05:16:57.038+0000] {dag.py:3823} INFO - Setting next_dagrun for tle_api_to_kafka_streaming to 2026-01-30 04:00:00+00:00, run_after=2026-01-30 05:00:00+00:00
[2026-01-30T05:16:57.066+0000] {processor.py:183} INFO - Processing /opt/airflow/dags/airflow_dag_api_to_kafka.py took 0.178 seconds
[2026-01-30T05:17:27.176+0000] {processor.py:161} INFO - Started process (PID=1095) to work on /opt/airflow/dags/airflow_dag_api_to_kafka.py
[2026-01-30T05:17:27.177+0000] {processor.py:830} INFO - Processing file /opt/airflow/dags/airflow_dag_api_to_kafka.py for tasks to queue
[2026-01-30T05:17:27.178+0000] {logging_mixin.py:188} INFO - [2026-01-30T05:17:27.178+0000] {dagbag.py:538} INFO - Filling up the DagBag from /opt/airflow/dags/airflow_dag_api_to_kafka.py
[2026-01-30T05:17:27.262+0000] {processor.py:840} INFO - DAG(s) 'tle_api_to_kafka_streaming' retrieved from /opt/airflow/dags/airflow_dag_api_to_kafka.py
[2026-01-30T05:17:27.300+0000] {logging_mixin.py:188} INFO - [2026-01-30T05:17:27.300+0000] {dag.py:3036} INFO - Sync 1 DAGs
[2026-01-30T05:17:27.339+0000] {logging_mixin.py:188} INFO - [2026-01-30T05:17:27.339+0000] {dag.py:3823} INFO - Setting next_dagrun for tle_api_to_kafka_streaming to 2026-01-30 04:00:00+00:00, run_after=2026-01-30 05:00:00+00:00
[2026-01-30T05:17:27.368+0000] {processor.py:183} INFO - Processing /opt/airflow/dags/airflow_dag_api_to_kafka.py took 0.198 seconds
[2026-01-30T05:17:57.468+0000] {processor.py:161} INFO - Started process (PID=1105) to work on /opt/airflow/dags/airflow_dag_api_to_kafka.py
[2026-01-30T05:17:57.470+0000] {processor.py:830} INFO - Processing file /opt/airflow/dags/airflow_dag_api_to_kafka.py for tasks to queue
[2026-01-30T05:17:57.471+0000] {logging_mixin.py:188} INFO - [2026-01-30T05:17:57.470+0000] {dagbag.py:538} INFO - Filling up the DagBag from /opt/airflow/dags/airflow_dag_api_to_kafka.py
[2026-01-30T05:17:57.537+0000] {processor.py:840} INFO - DAG(s) 'tle_api_to_kafka_streaming' retrieved from /opt/airflow/dags/airflow_dag_api_to_kafka.py
[2026-01-30T05:17:57.571+0000] {logging_mixin.py:188} INFO - [2026-01-30T05:17:57.570+0000] {dag.py:3036} INFO - Sync 1 DAGs
[2026-01-30T05:17:57.599+0000] {logging_mixin.py:188} INFO - [2026-01-30T05:17:57.599+0000] {dag.py:3823} INFO - Setting next_dagrun for tle_api_to_kafka_streaming to 2026-01-30 04:00:00+00:00, run_after=2026-01-30 05:00:00+00:00
[2026-01-30T05:17:57.617+0000] {processor.py:183} INFO - Processing /opt/airflow/dags/airflow_dag_api_to_kafka.py took 0.155 seconds
[2026-01-30T05:18:27.695+0000] {processor.py:161} INFO - Started process (PID=1115) to work on /opt/airflow/dags/airflow_dag_api_to_kafka.py
[2026-01-30T05:18:27.697+0000] {processor.py:830} INFO - Processing file /opt/airflow/dags/airflow_dag_api_to_kafka.py for tasks to queue
[2026-01-30T05:18:27.698+0000] {logging_mixin.py:188} INFO - [2026-01-30T05:18:27.697+0000] {dagbag.py:538} INFO - Filling up the DagBag from /opt/airflow/dags/airflow_dag_api_to_kafka.py
[2026-01-30T05:18:27.764+0000] {processor.py:840} INFO - DAG(s) 'tle_api_to_kafka_streaming' retrieved from /opt/airflow/dags/airflow_dag_api_to_kafka.py
[2026-01-30T05:18:27.802+0000] {logging_mixin.py:188} INFO - [2026-01-30T05:18:27.802+0000] {dag.py:3036} INFO - Sync 1 DAGs
[2026-01-30T05:18:27.833+0000] {logging_mixin.py:188} INFO - [2026-01-30T05:18:27.832+0000] {dag.py:3823} INFO - Setting next_dagrun for tle_api_to_kafka_streaming to 2026-01-30 04:00:00+00:00, run_after=2026-01-30 05:00:00+00:00
[2026-01-30T05:18:27.853+0000] {processor.py:183} INFO - Processing /opt/airflow/dags/airflow_dag_api_to_kafka.py took 0.161 seconds
[2026-01-30T05:18:57.927+0000] {processor.py:161} INFO - Started process (PID=1125) to work on /opt/airflow/dags/airflow_dag_api_to_kafka.py
[2026-01-30T05:18:57.928+0000] {processor.py:830} INFO - Processing file /opt/airflow/dags/airflow_dag_api_to_kafka.py for tasks to queue
[2026-01-30T05:18:57.929+0000] {logging_mixin.py:188} INFO - [2026-01-30T05:18:57.928+0000] {dagbag.py:538} INFO - Filling up the DagBag from /opt/airflow/dags/airflow_dag_api_to_kafka.py
[2026-01-30T05:18:58.000+0000] {processor.py:840} INFO - DAG(s) 'tle_api_to_kafka_streaming' retrieved from /opt/airflow/dags/airflow_dag_api_to_kafka.py
[2026-01-30T05:18:58.034+0000] {logging_mixin.py:188} INFO - [2026-01-30T05:18:58.034+0000] {dag.py:3036} INFO - Sync 1 DAGs
[2026-01-30T05:18:58.069+0000] {logging_mixin.py:188} INFO - [2026-01-30T05:18:58.069+0000] {dag.py:3823} INFO - Setting next_dagrun for tle_api_to_kafka_streaming to 2026-01-30 04:00:00+00:00, run_after=2026-01-30 05:00:00+00:00
[2026-01-30T05:18:58.138+0000] {processor.py:183} INFO - Processing /opt/airflow/dags/airflow_dag_api_to_kafka.py took 0.215 seconds
[2026-01-30T05:19:28.192+0000] {processor.py:161} INFO - Started process (PID=1135) to work on /opt/airflow/dags/airflow_dag_api_to_kafka.py
[2026-01-30T05:19:28.193+0000] {processor.py:830} INFO - Processing file /opt/airflow/dags/airflow_dag_api_to_kafka.py for tasks to queue
[2026-01-30T05:19:28.193+0000] {logging_mixin.py:188} INFO - [2026-01-30T05:19:28.193+0000] {dagbag.py:538} INFO - Filling up the DagBag from /opt/airflow/dags/airflow_dag_api_to_kafka.py
[2026-01-30T05:19:28.259+0000] {processor.py:840} INFO - DAG(s) 'tle_api_to_kafka_streaming' retrieved from /opt/airflow/dags/airflow_dag_api_to_kafka.py
[2026-01-30T05:19:28.294+0000] {logging_mixin.py:188} INFO - [2026-01-30T05:19:28.294+0000] {dag.py:3036} INFO - Sync 1 DAGs
[2026-01-30T05:19:28.324+0000] {logging_mixin.py:188} INFO - [2026-01-30T05:19:28.324+0000] {dag.py:3823} INFO - Setting next_dagrun for tle_api_to_kafka_streaming to 2026-01-30 04:00:00+00:00, run_after=2026-01-30 05:00:00+00:00
[2026-01-30T05:19:28.342+0000] {processor.py:183} INFO - Processing /opt/airflow/dags/airflow_dag_api_to_kafka.py took 0.154 seconds
[2026-01-30T05:20:17.208+0000] {processor.py:161} INFO - Started process (PID=1145) to work on /opt/airflow/dags/airflow_dag_api_to_kafka.py
[2026-01-30T05:20:17.209+0000] {processor.py:830} INFO - Processing file /opt/airflow/dags/airflow_dag_api_to_kafka.py for tasks to queue
[2026-01-30T05:20:17.211+0000] {logging_mixin.py:188} INFO - [2026-01-30T05:20:17.210+0000] {dagbag.py:538} INFO - Filling up the DagBag from /opt/airflow/dags/airflow_dag_api_to_kafka.py
[2026-01-30T05:20:17.271+0000] {processor.py:840} INFO - DAG(s) 'tle_api_to_kafka_streaming' retrieved from /opt/airflow/dags/airflow_dag_api_to_kafka.py
[2026-01-30T05:20:17.304+0000] {logging_mixin.py:188} INFO - [2026-01-30T05:20:17.304+0000] {dag.py:3036} INFO - Sync 1 DAGs
[2026-01-30T05:20:17.335+0000] {logging_mixin.py:188} INFO - [2026-01-30T05:20:17.334+0000] {dag.py:3823} INFO - Setting next_dagrun for tle_api_to_kafka_streaming to 2026-01-30 04:00:00+00:00, run_after=2026-01-30 05:00:00+00:00
[2026-01-30T05:20:17.354+0000] {processor.py:183} INFO - Processing /opt/airflow/dags/airflow_dag_api_to_kafka.py took 0.151 seconds
[2026-01-30T05:20:47.448+0000] {processor.py:161} INFO - Started process (PID=1157) to work on /opt/airflow/dags/airflow_dag_api_to_kafka.py
[2026-01-30T05:20:47.449+0000] {processor.py:830} INFO - Processing file /opt/airflow/dags/airflow_dag_api_to_kafka.py for tasks to queue
[2026-01-30T05:20:47.450+0000] {logging_mixin.py:188} INFO - [2026-01-30T05:20:47.449+0000] {dagbag.py:538} INFO - Filling up the DagBag from /opt/airflow/dags/airflow_dag_api_to_kafka.py
[2026-01-30T05:20:47.493+0000] {processor.py:840} INFO - DAG(s) 'tle_api_to_kafka_streaming' retrieved from /opt/airflow/dags/airflow_dag_api_to_kafka.py
[2026-01-30T05:20:47.519+0000] {logging_mixin.py:188} INFO - [2026-01-30T05:20:47.519+0000] {dag.py:3036} INFO - Sync 1 DAGs
[2026-01-30T05:20:47.544+0000] {logging_mixin.py:188} INFO - [2026-01-30T05:20:47.544+0000] {dag.py:3823} INFO - Setting next_dagrun for tle_api_to_kafka_streaming to 2026-01-30 04:00:00+00:00, run_after=2026-01-30 05:00:00+00:00
[2026-01-30T05:20:47.560+0000] {processor.py:183} INFO - Processing /opt/airflow/dags/airflow_dag_api_to_kafka.py took 0.115 seconds
[2026-01-30T05:21:17.654+0000] {processor.py:161} INFO - Started process (PID=1167) to work on /opt/airflow/dags/airflow_dag_api_to_kafka.py
[2026-01-30T05:21:17.655+0000] {processor.py:830} INFO - Processing file /opt/airflow/dags/airflow_dag_api_to_kafka.py for tasks to queue
[2026-01-30T05:21:17.656+0000] {logging_mixin.py:188} INFO - [2026-01-30T05:21:17.656+0000] {dagbag.py:538} INFO - Filling up the DagBag from /opt/airflow/dags/airflow_dag_api_to_kafka.py
[2026-01-30T05:21:17.702+0000] {processor.py:840} INFO - DAG(s) 'tle_api_to_kafka_streaming' retrieved from /opt/airflow/dags/airflow_dag_api_to_kafka.py
[2026-01-30T05:21:17.730+0000] {logging_mixin.py:188} INFO - [2026-01-30T05:21:17.730+0000] {dag.py:3036} INFO - Sync 1 DAGs
[2026-01-30T05:21:17.755+0000] {logging_mixin.py:188} INFO - [2026-01-30T05:21:17.755+0000] {dag.py:3823} INFO - Setting next_dagrun for tle_api_to_kafka_streaming to 2026-01-30 04:00:00+00:00, run_after=2026-01-30 05:00:00+00:00
[2026-01-30T05:21:17.771+0000] {processor.py:183} INFO - Processing /opt/airflow/dags/airflow_dag_api_to_kafka.py took 0.120 seconds
[2026-01-30T05:21:47.852+0000] {processor.py:161} INFO - Started process (PID=1177) to work on /opt/airflow/dags/airflow_dag_api_to_kafka.py
[2026-01-30T05:21:47.853+0000] {processor.py:830} INFO - Processing file /opt/airflow/dags/airflow_dag_api_to_kafka.py for tasks to queue
[2026-01-30T05:21:47.853+0000] {logging_mixin.py:188} INFO - [2026-01-30T05:21:47.853+0000] {dagbag.py:538} INFO - Filling up the DagBag from /opt/airflow/dags/airflow_dag_api_to_kafka.py
[2026-01-30T05:21:47.895+0000] {processor.py:840} INFO - DAG(s) 'tle_api_to_kafka_streaming' retrieved from /opt/airflow/dags/airflow_dag_api_to_kafka.py
[2026-01-30T05:21:47.921+0000] {logging_mixin.py:188} INFO - [2026-01-30T05:21:47.920+0000] {dag.py:3036} INFO - Sync 1 DAGs
[2026-01-30T05:21:47.945+0000] {logging_mixin.py:188} INFO - [2026-01-30T05:21:47.945+0000] {dag.py:3823} INFO - Setting next_dagrun for tle_api_to_kafka_streaming to 2026-01-30 04:00:00+00:00, run_after=2026-01-30 05:00:00+00:00
[2026-01-30T05:21:47.960+0000] {processor.py:183} INFO - Processing /opt/airflow/dags/airflow_dag_api_to_kafka.py took 0.110 seconds
[2026-01-30T05:22:18.079+0000] {processor.py:161} INFO - Started process (PID=1187) to work on /opt/airflow/dags/airflow_dag_api_to_kafka.py
[2026-01-30T05:22:18.080+0000] {processor.py:830} INFO - Processing file /opt/airflow/dags/airflow_dag_api_to_kafka.py for tasks to queue
[2026-01-30T05:22:18.081+0000] {logging_mixin.py:188} INFO - [2026-01-30T05:22:18.081+0000] {dagbag.py:538} INFO - Filling up the DagBag from /opt/airflow/dags/airflow_dag_api_to_kafka.py
[2026-01-30T05:22:18.144+0000] {processor.py:840} INFO - DAG(s) 'tle_api_to_kafka_streaming' retrieved from /opt/airflow/dags/airflow_dag_api_to_kafka.py
[2026-01-30T05:22:18.187+0000] {logging_mixin.py:188} INFO - [2026-01-30T05:22:18.186+0000] {dag.py:3036} INFO - Sync 1 DAGs
[2026-01-30T05:22:18.226+0000] {logging_mixin.py:188} INFO - [2026-01-30T05:22:18.226+0000] {dag.py:3823} INFO - Setting next_dagrun for tle_api_to_kafka_streaming to 2026-01-30 04:00:00+00:00, run_after=2026-01-30 05:00:00+00:00
[2026-01-30T05:22:18.253+0000] {processor.py:183} INFO - Processing /opt/airflow/dags/airflow_dag_api_to_kafka.py took 0.178 seconds
[2026-01-30T05:31:08.217+0000] {processor.py:161} INFO - Started process (PID=1197) to work on /opt/airflow/dags/airflow_dag_api_to_kafka.py
[2026-01-30T05:31:08.218+0000] {processor.py:830} INFO - Processing file /opt/airflow/dags/airflow_dag_api_to_kafka.py for tasks to queue
[2026-01-30T05:31:08.219+0000] {logging_mixin.py:188} INFO - [2026-01-30T05:31:08.219+0000] {dagbag.py:538} INFO - Filling up the DagBag from /opt/airflow/dags/airflow_dag_api_to_kafka.py
[2026-01-30T05:31:08.280+0000] {processor.py:840} INFO - DAG(s) 'tle_api_to_kafka_streaming' retrieved from /opt/airflow/dags/airflow_dag_api_to_kafka.py
[2026-01-30T05:31:08.314+0000] {logging_mixin.py:188} INFO - [2026-01-30T05:31:08.313+0000] {dag.py:3036} INFO - Sync 1 DAGs
[2026-01-30T05:31:08.352+0000] {logging_mixin.py:188} INFO - [2026-01-30T05:31:08.351+0000] {dag.py:3823} INFO - Setting next_dagrun for tle_api_to_kafka_streaming to 2026-01-30 04:00:00+00:00, run_after=2026-01-30 05:00:00+00:00
[2026-01-30T05:31:08.369+0000] {processor.py:183} INFO - Processing /opt/airflow/dags/airflow_dag_api_to_kafka.py took 0.156 seconds
[2026-01-30T06:40:04.236+0000] {processor.py:161} INFO - Started process (PID=1209) to work on /opt/airflow/dags/airflow_dag_api_to_kafka.py
[2026-01-30T06:40:04.237+0000] {processor.py:830} INFO - Processing file /opt/airflow/dags/airflow_dag_api_to_kafka.py for tasks to queue
[2026-01-30T06:40:04.239+0000] {logging_mixin.py:188} INFO - [2026-01-30T06:40:04.238+0000] {dagbag.py:538} INFO - Filling up the DagBag from /opt/airflow/dags/airflow_dag_api_to_kafka.py
[2026-01-30T06:40:04.303+0000] {processor.py:840} INFO - DAG(s) 'tle_api_to_kafka_streaming' retrieved from /opt/airflow/dags/airflow_dag_api_to_kafka.py
[2026-01-30T06:40:04.341+0000] {logging_mixin.py:188} INFO - [2026-01-30T06:40:04.340+0000] {dag.py:3036} INFO - Sync 1 DAGs
[2026-01-30T06:40:04.375+0000] {logging_mixin.py:188} INFO - [2026-01-30T06:40:04.374+0000] {dag.py:3823} INFO - Setting next_dagrun for tle_api_to_kafka_streaming to 2026-01-30 05:00:00+00:00, run_after=2026-01-30 06:00:00+00:00
[2026-01-30T06:40:04.398+0000] {processor.py:183} INFO - Processing /opt/airflow/dags/airflow_dag_api_to_kafka.py took 0.167 seconds
[2026-01-30T06:40:34.454+0000] {processor.py:161} INFO - Started process (PID=1221) to work on /opt/airflow/dags/airflow_dag_api_to_kafka.py
[2026-01-30T06:40:34.455+0000] {processor.py:830} INFO - Processing file /opt/airflow/dags/airflow_dag_api_to_kafka.py for tasks to queue
[2026-01-30T06:40:34.456+0000] {logging_mixin.py:188} INFO - [2026-01-30T06:40:34.455+0000] {dagbag.py:538} INFO - Filling up the DagBag from /opt/airflow/dags/airflow_dag_api_to_kafka.py
[2026-01-30T06:40:34.503+0000] {processor.py:840} INFO - DAG(s) 'tle_api_to_kafka_streaming' retrieved from /opt/airflow/dags/airflow_dag_api_to_kafka.py
[2026-01-30T06:40:34.530+0000] {logging_mixin.py:188} INFO - [2026-01-30T06:40:34.530+0000] {dag.py:3036} INFO - Sync 1 DAGs
[2026-01-30T06:40:34.556+0000] {logging_mixin.py:188} INFO - [2026-01-30T06:40:34.556+0000] {dag.py:3823} INFO - Setting next_dagrun for tle_api_to_kafka_streaming to 2026-01-30 05:00:00+00:00, run_after=2026-01-30 06:00:00+00:00
[2026-01-30T06:40:34.573+0000] {processor.py:183} INFO - Processing /opt/airflow/dags/airflow_dag_api_to_kafka.py took 0.122 seconds
[2026-01-30T06:55:19.201+0000] {processor.py:161} INFO - Started process (PID=1231) to work on /opt/airflow/dags/airflow_dag_api_to_kafka.py
[2026-01-30T06:55:19.203+0000] {processor.py:830} INFO - Processing file /opt/airflow/dags/airflow_dag_api_to_kafka.py for tasks to queue
[2026-01-30T06:55:19.204+0000] {logging_mixin.py:188} INFO - [2026-01-30T06:55:19.203+0000] {dagbag.py:538} INFO - Filling up the DagBag from /opt/airflow/dags/airflow_dag_api_to_kafka.py
[2026-01-30T06:55:19.329+0000] {processor.py:840} INFO - DAG(s) 'tle_api_to_kafka_streaming' retrieved from /opt/airflow/dags/airflow_dag_api_to_kafka.py
[2026-01-30T06:55:19.375+0000] {logging_mixin.py:188} INFO - [2026-01-30T06:55:19.375+0000] {dag.py:3036} INFO - Sync 1 DAGs
[2026-01-30T06:55:19.417+0000] {logging_mixin.py:188} INFO - [2026-01-30T06:55:19.417+0000] {dag.py:3823} INFO - Setting next_dagrun for tle_api_to_kafka_streaming to 2026-01-30 05:00:00+00:00, run_after=2026-01-30 06:00:00+00:00
[2026-01-30T06:55:19.442+0000] {processor.py:183} INFO - Processing /opt/airflow/dags/airflow_dag_api_to_kafka.py took 0.245 seconds
[2026-01-30T06:55:49.531+0000] {processor.py:161} INFO - Started process (PID=1245) to work on /opt/airflow/dags/airflow_dag_api_to_kafka.py
[2026-01-30T06:55:49.533+0000] {processor.py:830} INFO - Processing file /opt/airflow/dags/airflow_dag_api_to_kafka.py for tasks to queue
[2026-01-30T06:55:49.533+0000] {logging_mixin.py:188} INFO - [2026-01-30T06:55:49.533+0000] {dagbag.py:538} INFO - Filling up the DagBag from /opt/airflow/dags/airflow_dag_api_to_kafka.py
[2026-01-30T06:55:49.580+0000] {processor.py:840} INFO - DAG(s) 'tle_api_to_kafka_streaming' retrieved from /opt/airflow/dags/airflow_dag_api_to_kafka.py
[2026-01-30T06:55:49.610+0000] {logging_mixin.py:188} INFO - [2026-01-30T06:55:49.609+0000] {dag.py:3036} INFO - Sync 1 DAGs
[2026-01-30T06:55:49.636+0000] {logging_mixin.py:188} INFO - [2026-01-30T06:55:49.636+0000] {dag.py:3823} INFO - Setting next_dagrun for tle_api_to_kafka_streaming to 2026-01-30 05:00:00+00:00, run_after=2026-01-30 06:00:00+00:00
[2026-01-30T06:55:49.654+0000] {processor.py:183} INFO - Processing /opt/airflow/dags/airflow_dag_api_to_kafka.py took 0.125 seconds
[2026-01-30T06:56:19.760+0000] {processor.py:161} INFO - Started process (PID=1255) to work on /opt/airflow/dags/airflow_dag_api_to_kafka.py
[2026-01-30T06:56:19.762+0000] {processor.py:830} INFO - Processing file /opt/airflow/dags/airflow_dag_api_to_kafka.py for tasks to queue
[2026-01-30T06:56:19.762+0000] {logging_mixin.py:188} INFO - [2026-01-30T06:56:19.762+0000] {dagbag.py:538} INFO - Filling up the DagBag from /opt/airflow/dags/airflow_dag_api_to_kafka.py
[2026-01-30T06:56:19.818+0000] {processor.py:840} INFO - DAG(s) 'tle_api_to_kafka_streaming' retrieved from /opt/airflow/dags/airflow_dag_api_to_kafka.py
[2026-01-30T06:56:19.848+0000] {logging_mixin.py:188} INFO - [2026-01-30T06:56:19.847+0000] {dag.py:3036} INFO - Sync 1 DAGs
[2026-01-30T06:56:19.877+0000] {logging_mixin.py:188} INFO - [2026-01-30T06:56:19.877+0000] {dag.py:3823} INFO - Setting next_dagrun for tle_api_to_kafka_streaming to 2026-01-30 05:00:00+00:00, run_after=2026-01-30 06:00:00+00:00
[2026-01-30T06:56:19.895+0000] {processor.py:183} INFO - Processing /opt/airflow/dags/airflow_dag_api_to_kafka.py took 0.138 seconds
[2026-01-30T06:56:49.982+0000] {processor.py:161} INFO - Started process (PID=1265) to work on /opt/airflow/dags/airflow_dag_api_to_kafka.py
[2026-01-30T06:56:49.983+0000] {processor.py:830} INFO - Processing file /opt/airflow/dags/airflow_dag_api_to_kafka.py for tasks to queue
[2026-01-30T06:56:49.984+0000] {logging_mixin.py:188} INFO - [2026-01-30T06:56:49.983+0000] {dagbag.py:538} INFO - Filling up the DagBag from /opt/airflow/dags/airflow_dag_api_to_kafka.py
[2026-01-30T06:56:50.031+0000] {processor.py:840} INFO - DAG(s) 'tle_api_to_kafka_streaming' retrieved from /opt/airflow/dags/airflow_dag_api_to_kafka.py
[2026-01-30T06:56:50.065+0000] {logging_mixin.py:188} INFO - [2026-01-30T06:56:50.065+0000] {dag.py:3036} INFO - Sync 1 DAGs
[2026-01-30T06:56:50.092+0000] {logging_mixin.py:188} INFO - [2026-01-30T06:56:50.092+0000] {dag.py:3823} INFO - Setting next_dagrun for tle_api_to_kafka_streaming to 2026-01-30 05:00:00+00:00, run_after=2026-01-30 06:00:00+00:00
[2026-01-30T06:56:50.108+0000] {processor.py:183} INFO - Processing /opt/airflow/dags/airflow_dag_api_to_kafka.py took 0.129 seconds
[2026-01-30T06:57:20.709+0000] {processor.py:161} INFO - Started process (PID=1273) to work on /opt/airflow/dags/airflow_dag_api_to_kafka.py
[2026-01-30T06:57:20.710+0000] {processor.py:830} INFO - Processing file /opt/airflow/dags/airflow_dag_api_to_kafka.py for tasks to queue
[2026-01-30T06:57:20.711+0000] {logging_mixin.py:188} INFO - [2026-01-30T06:57:20.711+0000] {dagbag.py:538} INFO - Filling up the DagBag from /opt/airflow/dags/airflow_dag_api_to_kafka.py
[2026-01-30T06:57:20.754+0000] {processor.py:840} INFO - DAG(s) 'tle_api_to_kafka_streaming' retrieved from /opt/airflow/dags/airflow_dag_api_to_kafka.py
[2026-01-30T06:57:20.782+0000] {logging_mixin.py:188} INFO - [2026-01-30T06:57:20.782+0000] {dag.py:3036} INFO - Sync 1 DAGs
[2026-01-30T06:57:20.805+0000] {logging_mixin.py:188} INFO - [2026-01-30T06:57:20.805+0000] {dag.py:3823} INFO - Setting next_dagrun for tle_api_to_kafka_streaming to 2026-01-30 05:00:00+00:00, run_after=2026-01-30 06:00:00+00:00
[2026-01-30T06:57:20.820+0000] {processor.py:183} INFO - Processing /opt/airflow/dags/airflow_dag_api_to_kafka.py took 0.114 seconds
[2026-01-30T06:57:50.925+0000] {processor.py:161} INFO - Started process (PID=1283) to work on /opt/airflow/dags/airflow_dag_api_to_kafka.py
[2026-01-30T06:57:50.926+0000] {processor.py:830} INFO - Processing file /opt/airflow/dags/airflow_dag_api_to_kafka.py for tasks to queue
[2026-01-30T06:57:50.926+0000] {logging_mixin.py:188} INFO - [2026-01-30T06:57:50.926+0000] {dagbag.py:538} INFO - Filling up the DagBag from /opt/airflow/dags/airflow_dag_api_to_kafka.py
[2026-01-30T06:57:50.969+0000] {processor.py:840} INFO - DAG(s) 'tle_api_to_kafka_streaming' retrieved from /opt/airflow/dags/airflow_dag_api_to_kafka.py
[2026-01-30T06:57:50.998+0000] {logging_mixin.py:188} INFO - [2026-01-30T06:57:50.998+0000] {dag.py:3036} INFO - Sync 1 DAGs
[2026-01-30T06:57:51.022+0000] {logging_mixin.py:188} INFO - [2026-01-30T06:57:51.021+0000] {dag.py:3823} INFO - Setting next_dagrun for tle_api_to_kafka_streaming to 2026-01-30 05:00:00+00:00, run_after=2026-01-30 06:00:00+00:00
[2026-01-30T06:57:51.038+0000] {processor.py:183} INFO - Processing /opt/airflow/dags/airflow_dag_api_to_kafka.py took 0.117 seconds
[2026-01-30T06:58:21.135+0000] {processor.py:161} INFO - Started process (PID=1293) to work on /opt/airflow/dags/airflow_dag_api_to_kafka.py
[2026-01-30T06:58:21.136+0000] {processor.py:830} INFO - Processing file /opt/airflow/dags/airflow_dag_api_to_kafka.py for tasks to queue
[2026-01-30T06:58:21.137+0000] {logging_mixin.py:188} INFO - [2026-01-30T06:58:21.136+0000] {dagbag.py:538} INFO - Filling up the DagBag from /opt/airflow/dags/airflow_dag_api_to_kafka.py
[2026-01-30T06:58:21.182+0000] {processor.py:840} INFO - DAG(s) 'tle_api_to_kafka_streaming' retrieved from /opt/airflow/dags/airflow_dag_api_to_kafka.py
[2026-01-30T06:58:21.212+0000] {logging_mixin.py:188} INFO - [2026-01-30T06:58:21.212+0000] {dag.py:3036} INFO - Sync 1 DAGs
[2026-01-30T06:58:21.239+0000] {logging_mixin.py:188} INFO - [2026-01-30T06:58:21.239+0000] {dag.py:3823} INFO - Setting next_dagrun for tle_api_to_kafka_streaming to 2026-01-30 05:00:00+00:00, run_after=2026-01-30 06:00:00+00:00
[2026-01-30T06:58:21.258+0000] {processor.py:183} INFO - Processing /opt/airflow/dags/airflow_dag_api_to_kafka.py took 0.126 seconds
[2026-01-30T06:58:51.353+0000] {processor.py:161} INFO - Started process (PID=1303) to work on /opt/airflow/dags/airflow_dag_api_to_kafka.py
[2026-01-30T06:58:51.353+0000] {processor.py:830} INFO - Processing file /opt/airflow/dags/airflow_dag_api_to_kafka.py for tasks to queue
[2026-01-30T06:58:51.354+0000] {logging_mixin.py:188} INFO - [2026-01-30T06:58:51.354+0000] {dagbag.py:538} INFO - Filling up the DagBag from /opt/airflow/dags/airflow_dag_api_to_kafka.py
[2026-01-30T06:58:51.398+0000] {processor.py:840} INFO - DAG(s) 'tle_api_to_kafka_streaming' retrieved from /opt/airflow/dags/airflow_dag_api_to_kafka.py
[2026-01-30T06:58:51.429+0000] {logging_mixin.py:188} INFO - [2026-01-30T06:58:51.429+0000] {dag.py:3036} INFO - Sync 1 DAGs
[2026-01-30T06:58:51.456+0000] {logging_mixin.py:188} INFO - [2026-01-30T06:58:51.455+0000] {dag.py:3823} INFO - Setting next_dagrun for tle_api_to_kafka_streaming to 2026-01-30 05:00:00+00:00, run_after=2026-01-30 06:00:00+00:00
[2026-01-30T06:58:51.472+0000] {processor.py:183} INFO - Processing /opt/airflow/dags/airflow_dag_api_to_kafka.py took 0.123 seconds
[2026-01-30T06:59:21.595+0000] {processor.py:161} INFO - Started process (PID=1313) to work on /opt/airflow/dags/airflow_dag_api_to_kafka.py
[2026-01-30T06:59:21.596+0000] {processor.py:830} INFO - Processing file /opt/airflow/dags/airflow_dag_api_to_kafka.py for tasks to queue
[2026-01-30T06:59:21.598+0000] {logging_mixin.py:188} INFO - [2026-01-30T06:59:21.597+0000] {dagbag.py:538} INFO - Filling up the DagBag from /opt/airflow/dags/airflow_dag_api_to_kafka.py
[2026-01-30T06:59:21.695+0000] {processor.py:840} INFO - DAG(s) 'tle_api_to_kafka_streaming' retrieved from /opt/airflow/dags/airflow_dag_api_to_kafka.py
[2026-01-30T06:59:21.752+0000] {logging_mixin.py:188} INFO - [2026-01-30T06:59:21.751+0000] {dag.py:3036} INFO - Sync 1 DAGs
[2026-01-30T06:59:21.802+0000] {logging_mixin.py:188} INFO - [2026-01-30T06:59:21.801+0000] {dag.py:3823} INFO - Setting next_dagrun for tle_api_to_kafka_streaming to 2026-01-30 05:00:00+00:00, run_after=2026-01-30 06:00:00+00:00
[2026-01-30T06:59:21.835+0000] {processor.py:183} INFO - Processing /opt/airflow/dags/airflow_dag_api_to_kafka.py took 0.246 seconds
[2026-01-30T06:59:51.945+0000] {processor.py:161} INFO - Started process (PID=1323) to work on /opt/airflow/dags/airflow_dag_api_to_kafka.py
[2026-01-30T06:59:51.947+0000] {processor.py:830} INFO - Processing file /opt/airflow/dags/airflow_dag_api_to_kafka.py for tasks to queue
[2026-01-30T06:59:51.948+0000] {logging_mixin.py:188} INFO - [2026-01-30T06:59:51.947+0000] {dagbag.py:538} INFO - Filling up the DagBag from /opt/airflow/dags/airflow_dag_api_to_kafka.py
[2026-01-30T06:59:52.043+0000] {processor.py:840} INFO - DAG(s) 'tle_api_to_kafka_streaming' retrieved from /opt/airflow/dags/airflow_dag_api_to_kafka.py
[2026-01-30T06:59:52.101+0000] {logging_mixin.py:188} INFO - [2026-01-30T06:59:52.100+0000] {dag.py:3036} INFO - Sync 1 DAGs
[2026-01-30T06:59:52.154+0000] {logging_mixin.py:188} INFO - [2026-01-30T06:59:52.154+0000] {dag.py:3823} INFO - Setting next_dagrun for tle_api_to_kafka_streaming to 2026-01-30 05:00:00+00:00, run_after=2026-01-30 06:00:00+00:00
[2026-01-30T06:59:52.189+0000] {processor.py:183} INFO - Processing /opt/airflow/dags/airflow_dag_api_to_kafka.py took 0.251 seconds
[2026-01-30T07:00:49.232+0000] {processor.py:161} INFO - Started process (PID=1333) to work on /opt/airflow/dags/airflow_dag_api_to_kafka.py
[2026-01-30T07:00:49.233+0000] {processor.py:830} INFO - Processing file /opt/airflow/dags/airflow_dag_api_to_kafka.py for tasks to queue
[2026-01-30T07:00:49.234+0000] {logging_mixin.py:188} INFO - [2026-01-30T07:00:49.234+0000] {dagbag.py:538} INFO - Filling up the DagBag from /opt/airflow/dags/airflow_dag_api_to_kafka.py
[2026-01-30T07:00:49.326+0000] {processor.py:840} INFO - DAG(s) 'tle_api_to_kafka_streaming' retrieved from /opt/airflow/dags/airflow_dag_api_to_kafka.py
[2026-01-30T07:00:49.386+0000] {logging_mixin.py:188} INFO - [2026-01-30T07:00:49.386+0000] {dag.py:3036} INFO - Sync 1 DAGs
[2026-01-30T07:00:49.436+0000] {logging_mixin.py:188} INFO - [2026-01-30T07:00:49.436+0000] {dag.py:3823} INFO - Setting next_dagrun for tle_api_to_kafka_streaming to 2026-01-30 06:00:00+00:00, run_after=2026-01-30 07:00:00+00:00
[2026-01-30T07:00:49.472+0000] {processor.py:183} INFO - Processing /opt/airflow/dags/airflow_dag_api_to_kafka.py took 0.245 seconds
[2026-01-30T07:01:19.570+0000] {processor.py:161} INFO - Started process (PID=1345) to work on /opt/airflow/dags/airflow_dag_api_to_kafka.py
[2026-01-30T07:01:19.571+0000] {processor.py:830} INFO - Processing file /opt/airflow/dags/airflow_dag_api_to_kafka.py for tasks to queue
[2026-01-30T07:01:19.572+0000] {logging_mixin.py:188} INFO - [2026-01-30T07:01:19.571+0000] {dagbag.py:538} INFO - Filling up the DagBag from /opt/airflow/dags/airflow_dag_api_to_kafka.py
[2026-01-30T07:01:19.616+0000] {processor.py:840} INFO - DAG(s) 'tle_api_to_kafka_streaming' retrieved from /opt/airflow/dags/airflow_dag_api_to_kafka.py
[2026-01-30T07:01:19.643+0000] {logging_mixin.py:188} INFO - [2026-01-30T07:01:19.643+0000] {dag.py:3036} INFO - Sync 1 DAGs
[2026-01-30T07:01:19.669+0000] {logging_mixin.py:188} INFO - [2026-01-30T07:01:19.669+0000] {dag.py:3823} INFO - Setting next_dagrun for tle_api_to_kafka_streaming to 2026-01-30 06:00:00+00:00, run_after=2026-01-30 07:00:00+00:00
[2026-01-30T07:01:19.688+0000] {processor.py:183} INFO - Processing /opt/airflow/dags/airflow_dag_api_to_kafka.py took 0.122 seconds
[2026-01-30T07:01:49.785+0000] {processor.py:161} INFO - Started process (PID=1355) to work on /opt/airflow/dags/airflow_dag_api_to_kafka.py
[2026-01-30T07:01:49.785+0000] {processor.py:830} INFO - Processing file /opt/airflow/dags/airflow_dag_api_to_kafka.py for tasks to queue
[2026-01-30T07:01:49.786+0000] {logging_mixin.py:188} INFO - [2026-01-30T07:01:49.786+0000] {dagbag.py:538} INFO - Filling up the DagBag from /opt/airflow/dags/airflow_dag_api_to_kafka.py
[2026-01-30T07:01:49.831+0000] {processor.py:840} INFO - DAG(s) 'tle_api_to_kafka_streaming' retrieved from /opt/airflow/dags/airflow_dag_api_to_kafka.py
[2026-01-30T07:01:49.860+0000] {logging_mixin.py:188} INFO - [2026-01-30T07:01:49.860+0000] {dag.py:3036} INFO - Sync 1 DAGs
[2026-01-30T07:01:49.889+0000] {logging_mixin.py:188} INFO - [2026-01-30T07:01:49.888+0000] {dag.py:3823} INFO - Setting next_dagrun for tle_api_to_kafka_streaming to 2026-01-30 06:00:00+00:00, run_after=2026-01-30 07:00:00+00:00
[2026-01-30T07:01:49.909+0000] {processor.py:183} INFO - Processing /opt/airflow/dags/airflow_dag_api_to_kafka.py took 0.127 seconds
[2026-01-30T07:02:20.006+0000] {processor.py:161} INFO - Started process (PID=1365) to work on /opt/airflow/dags/airflow_dag_api_to_kafka.py
[2026-01-30T07:02:20.007+0000] {processor.py:830} INFO - Processing file /opt/airflow/dags/airflow_dag_api_to_kafka.py for tasks to queue
[2026-01-30T07:02:20.008+0000] {logging_mixin.py:188} INFO - [2026-01-30T07:02:20.007+0000] {dagbag.py:538} INFO - Filling up the DagBag from /opt/airflow/dags/airflow_dag_api_to_kafka.py
[2026-01-30T07:02:20.052+0000] {processor.py:840} INFO - DAG(s) 'tle_api_to_kafka_streaming' retrieved from /opt/airflow/dags/airflow_dag_api_to_kafka.py
[2026-01-30T07:02:20.083+0000] {logging_mixin.py:188} INFO - [2026-01-30T07:02:20.083+0000] {dag.py:3036} INFO - Sync 1 DAGs
[2026-01-30T07:02:20.108+0000] {logging_mixin.py:188} INFO - [2026-01-30T07:02:20.108+0000] {dag.py:3823} INFO - Setting next_dagrun for tle_api_to_kafka_streaming to 2026-01-30 06:00:00+00:00, run_after=2026-01-30 07:00:00+00:00
[2026-01-30T07:02:20.125+0000] {processor.py:183} INFO - Processing /opt/airflow/dags/airflow_dag_api_to_kafka.py took 0.122 seconds
[2026-01-30T07:02:50.253+0000] {processor.py:161} INFO - Started process (PID=1375) to work on /opt/airflow/dags/airflow_dag_api_to_kafka.py
[2026-01-30T07:02:50.254+0000] {processor.py:830} INFO - Processing file /opt/airflow/dags/airflow_dag_api_to_kafka.py for tasks to queue
[2026-01-30T07:02:50.256+0000] {logging_mixin.py:188} INFO - [2026-01-30T07:02:50.255+0000] {dagbag.py:538} INFO - Filling up the DagBag from /opt/airflow/dags/airflow_dag_api_to_kafka.py
[2026-01-30T07:02:50.348+0000] {processor.py:840} INFO - DAG(s) 'tle_api_to_kafka_streaming' retrieved from /opt/airflow/dags/airflow_dag_api_to_kafka.py
[2026-01-30T07:02:50.406+0000] {logging_mixin.py:188} INFO - [2026-01-30T07:02:50.405+0000] {dag.py:3036} INFO - Sync 1 DAGs
[2026-01-30T07:02:50.452+0000] {logging_mixin.py:188} INFO - [2026-01-30T07:02:50.452+0000] {dag.py:3823} INFO - Setting next_dagrun for tle_api_to_kafka_streaming to 2026-01-30 06:00:00+00:00, run_after=2026-01-30 07:00:00+00:00
[2026-01-30T07:02:50.484+0000] {processor.py:183} INFO - Processing /opt/airflow/dags/airflow_dag_api_to_kafka.py took 0.237 seconds
[2026-01-30T09:44:11.268+0000] {processor.py:161} INFO - Started process (PID=1385) to work on /opt/airflow/dags/airflow_dag_api_to_kafka.py
[2026-01-30T09:44:11.269+0000] {processor.py:830} INFO - Processing file /opt/airflow/dags/airflow_dag_api_to_kafka.py for tasks to queue
[2026-01-30T09:44:11.271+0000] {logging_mixin.py:188} INFO - [2026-01-30T09:44:11.270+0000] {dagbag.py:538} INFO - Filling up the DagBag from /opt/airflow/dags/airflow_dag_api_to_kafka.py
[2026-01-30T09:44:11.389+0000] {processor.py:840} INFO - DAG(s) 'tle_api_to_kafka_streaming' retrieved from /opt/airflow/dags/airflow_dag_api_to_kafka.py
[2026-01-30T09:44:11.447+0000] {logging_mixin.py:188} INFO - [2026-01-30T09:44:11.447+0000] {dag.py:3036} INFO - Sync 1 DAGs
[2026-01-30T09:44:11.503+0000] {logging_mixin.py:188} INFO - [2026-01-30T09:44:11.502+0000] {dag.py:3823} INFO - Setting next_dagrun for tle_api_to_kafka_streaming to 2026-01-30 08:00:00+00:00, run_after=2026-01-30 09:00:00+00:00
[2026-01-30T09:44:11.547+0000] {processor.py:183} INFO - Processing /opt/airflow/dags/airflow_dag_api_to_kafka.py took 0.287 seconds
[2026-01-30T09:44:41.684+0000] {processor.py:161} INFO - Started process (PID=1399) to work on /opt/airflow/dags/airflow_dag_api_to_kafka.py
[2026-01-30T09:44:41.685+0000] {processor.py:830} INFO - Processing file /opt/airflow/dags/airflow_dag_api_to_kafka.py for tasks to queue
[2026-01-30T09:44:41.686+0000] {logging_mixin.py:188} INFO - [2026-01-30T09:44:41.685+0000] {dagbag.py:538} INFO - Filling up the DagBag from /opt/airflow/dags/airflow_dag_api_to_kafka.py
[2026-01-30T09:44:41.739+0000] {processor.py:840} INFO - DAG(s) 'tle_api_to_kafka_streaming' retrieved from /opt/airflow/dags/airflow_dag_api_to_kafka.py
[2026-01-30T09:44:41.770+0000] {logging_mixin.py:188} INFO - [2026-01-30T09:44:41.769+0000] {dag.py:3036} INFO - Sync 1 DAGs
[2026-01-30T09:44:41.799+0000] {logging_mixin.py:188} INFO - [2026-01-30T09:44:41.799+0000] {dag.py:3823} INFO - Setting next_dagrun for tle_api_to_kafka_streaming to 2026-01-30 08:00:00+00:00, run_after=2026-01-30 09:00:00+00:00
[2026-01-30T09:44:41.818+0000] {processor.py:183} INFO - Processing /opt/airflow/dags/airflow_dag_api_to_kafka.py took 0.137 seconds
[2026-01-30T09:45:12.447+0000] {processor.py:161} INFO - Started process (PID=1407) to work on /opt/airflow/dags/airflow_dag_api_to_kafka.py
[2026-01-30T09:45:12.447+0000] {processor.py:830} INFO - Processing file /opt/airflow/dags/airflow_dag_api_to_kafka.py for tasks to queue
[2026-01-30T09:45:12.449+0000] {logging_mixin.py:188} INFO - [2026-01-30T09:45:12.448+0000] {dagbag.py:538} INFO - Filling up the DagBag from /opt/airflow/dags/airflow_dag_api_to_kafka.py
[2026-01-30T09:45:12.534+0000] {processor.py:840} INFO - DAG(s) 'tle_api_to_kafka_streaming' retrieved from /opt/airflow/dags/airflow_dag_api_to_kafka.py
[2026-01-30T09:45:12.589+0000] {logging_mixin.py:188} INFO - [2026-01-30T09:45:12.589+0000] {dag.py:3036} INFO - Sync 1 DAGs
[2026-01-30T09:45:12.637+0000] {logging_mixin.py:188} INFO - [2026-01-30T09:45:12.637+0000] {dag.py:3823} INFO - Setting next_dagrun for tle_api_to_kafka_streaming to 2026-01-30 08:00:00+00:00, run_after=2026-01-30 09:00:00+00:00
[2026-01-30T09:45:12.670+0000] {processor.py:183} INFO - Processing /opt/airflow/dags/airflow_dag_api_to_kafka.py took 0.229 seconds
[2026-01-30T09:45:42.786+0000] {processor.py:161} INFO - Started process (PID=1417) to work on /opt/airflow/dags/airflow_dag_api_to_kafka.py
[2026-01-30T09:45:42.787+0000] {processor.py:830} INFO - Processing file /opt/airflow/dags/airflow_dag_api_to_kafka.py for tasks to queue
[2026-01-30T09:45:42.789+0000] {logging_mixin.py:188} INFO - [2026-01-30T09:45:42.788+0000] {dagbag.py:538} INFO - Filling up the DagBag from /opt/airflow/dags/airflow_dag_api_to_kafka.py
[2026-01-30T09:45:42.892+0000] {processor.py:840} INFO - DAG(s) 'tle_api_to_kafka_streaming' retrieved from /opt/airflow/dags/airflow_dag_api_to_kafka.py
[2026-01-30T09:45:42.949+0000] {logging_mixin.py:188} INFO - [2026-01-30T09:45:42.949+0000] {dag.py:3036} INFO - Sync 1 DAGs
[2026-01-30T09:45:43.000+0000] {logging_mixin.py:188} INFO - [2026-01-30T09:45:43.000+0000] {dag.py:3823} INFO - Setting next_dagrun for tle_api_to_kafka_streaming to 2026-01-30 08:00:00+00:00, run_after=2026-01-30 09:00:00+00:00
[2026-01-30T09:45:43.037+0000] {processor.py:183} INFO - Processing /opt/airflow/dags/airflow_dag_api_to_kafka.py took 0.257 seconds
[2026-01-30T09:46:13.142+0000] {processor.py:161} INFO - Started process (PID=1427) to work on /opt/airflow/dags/airflow_dag_api_to_kafka.py
[2026-01-30T09:46:13.143+0000] {processor.py:830} INFO - Processing file /opt/airflow/dags/airflow_dag_api_to_kafka.py for tasks to queue
[2026-01-30T09:46:13.145+0000] {logging_mixin.py:188} INFO - [2026-01-30T09:46:13.144+0000] {dagbag.py:538} INFO - Filling up the DagBag from /opt/airflow/dags/airflow_dag_api_to_kafka.py
[2026-01-30T09:46:13.240+0000] {processor.py:840} INFO - DAG(s) 'tle_api_to_kafka_streaming' retrieved from /opt/airflow/dags/airflow_dag_api_to_kafka.py
[2026-01-30T09:46:13.295+0000] {logging_mixin.py:188} INFO - [2026-01-30T09:46:13.295+0000] {dag.py:3036} INFO - Sync 1 DAGs
[2026-01-30T09:46:13.345+0000] {logging_mixin.py:188} INFO - [2026-01-30T09:46:13.344+0000] {dag.py:3823} INFO - Setting next_dagrun for tle_api_to_kafka_streaming to 2026-01-30 08:00:00+00:00, run_after=2026-01-30 09:00:00+00:00
[2026-01-30T09:46:13.375+0000] {processor.py:183} INFO - Processing /opt/airflow/dags/airflow_dag_api_to_kafka.py took 0.239 seconds
[2026-01-30T09:46:43.494+0000] {processor.py:161} INFO - Started process (PID=1437) to work on /opt/airflow/dags/airflow_dag_api_to_kafka.py
[2026-01-30T09:46:43.495+0000] {processor.py:830} INFO - Processing file /opt/airflow/dags/airflow_dag_api_to_kafka.py for tasks to queue
[2026-01-30T09:46:43.497+0000] {logging_mixin.py:188} INFO - [2026-01-30T09:46:43.496+0000] {dagbag.py:538} INFO - Filling up the DagBag from /opt/airflow/dags/airflow_dag_api_to_kafka.py
[2026-01-30T09:46:43.597+0000] {processor.py:840} INFO - DAG(s) 'tle_api_to_kafka_streaming' retrieved from /opt/airflow/dags/airflow_dag_api_to_kafka.py
[2026-01-30T09:46:43.657+0000] {logging_mixin.py:188} INFO - [2026-01-30T09:46:43.657+0000] {dag.py:3036} INFO - Sync 1 DAGs
[2026-01-30T09:46:43.706+0000] {logging_mixin.py:188} INFO - [2026-01-30T09:46:43.706+0000] {dag.py:3823} INFO - Setting next_dagrun for tle_api_to_kafka_streaming to 2026-01-30 08:00:00+00:00, run_after=2026-01-30 09:00:00+00:00
[2026-01-30T09:46:43.739+0000] {processor.py:183} INFO - Processing /opt/airflow/dags/airflow_dag_api_to_kafka.py took 0.251 seconds
[2026-01-30T09:47:13.848+0000] {processor.py:161} INFO - Started process (PID=1447) to work on /opt/airflow/dags/airflow_dag_api_to_kafka.py
[2026-01-30T09:47:13.849+0000] {processor.py:830} INFO - Processing file /opt/airflow/dags/airflow_dag_api_to_kafka.py for tasks to queue
[2026-01-30T09:47:13.851+0000] {logging_mixin.py:188} INFO - [2026-01-30T09:47:13.850+0000] {dagbag.py:538} INFO - Filling up the DagBag from /opt/airflow/dags/airflow_dag_api_to_kafka.py
[2026-01-30T09:47:13.948+0000] {processor.py:840} INFO - DAG(s) 'tle_api_to_kafka_streaming' retrieved from /opt/airflow/dags/airflow_dag_api_to_kafka.py
[2026-01-30T09:47:14.002+0000] {logging_mixin.py:188} INFO - [2026-01-30T09:47:14.002+0000] {dag.py:3036} INFO - Sync 1 DAGs
[2026-01-30T09:47:14.050+0000] {logging_mixin.py:188} INFO - [2026-01-30T09:47:14.050+0000] {dag.py:3823} INFO - Setting next_dagrun for tle_api_to_kafka_streaming to 2026-01-30 08:00:00+00:00, run_after=2026-01-30 09:00:00+00:00
[2026-01-30T09:47:14.086+0000] {processor.py:183} INFO - Processing /opt/airflow/dags/airflow_dag_api_to_kafka.py took 0.244 seconds
[2026-01-30T09:47:44.193+0000] {processor.py:161} INFO - Started process (PID=1457) to work on /opt/airflow/dags/airflow_dag_api_to_kafka.py
[2026-01-30T09:47:44.194+0000] {processor.py:830} INFO - Processing file /opt/airflow/dags/airflow_dag_api_to_kafka.py for tasks to queue
[2026-01-30T09:47:44.195+0000] {logging_mixin.py:188} INFO - [2026-01-30T09:47:44.195+0000] {dagbag.py:538} INFO - Filling up the DagBag from /opt/airflow/dags/airflow_dag_api_to_kafka.py
[2026-01-30T09:47:44.296+0000] {processor.py:840} INFO - DAG(s) 'tle_api_to_kafka_streaming' retrieved from /opt/airflow/dags/airflow_dag_api_to_kafka.py
[2026-01-30T09:47:44.353+0000] {logging_mixin.py:188} INFO - [2026-01-30T09:47:44.352+0000] {dag.py:3036} INFO - Sync 1 DAGs
[2026-01-30T09:47:44.402+0000] {logging_mixin.py:188} INFO - [2026-01-30T09:47:44.402+0000] {dag.py:3823} INFO - Setting next_dagrun for tle_api_to_kafka_streaming to 2026-01-30 08:00:00+00:00, run_after=2026-01-30 09:00:00+00:00
[2026-01-30T09:47:44.438+0000] {processor.py:183} INFO - Processing /opt/airflow/dags/airflow_dag_api_to_kafka.py took 0.252 seconds
[2026-01-30T09:48:14.541+0000] {processor.py:161} INFO - Started process (PID=1467) to work on /opt/airflow/dags/airflow_dag_api_to_kafka.py
[2026-01-30T09:48:14.542+0000] {processor.py:830} INFO - Processing file /opt/airflow/dags/airflow_dag_api_to_kafka.py for tasks to queue
[2026-01-30T09:48:14.544+0000] {logging_mixin.py:188} INFO - [2026-01-30T09:48:14.543+0000] {dagbag.py:538} INFO - Filling up the DagBag from /opt/airflow/dags/airflow_dag_api_to_kafka.py
[2026-01-30T09:48:14.642+0000] {processor.py:840} INFO - DAG(s) 'tle_api_to_kafka_streaming' retrieved from /opt/airflow/dags/airflow_dag_api_to_kafka.py
[2026-01-30T09:48:14.701+0000] {logging_mixin.py:188} INFO - [2026-01-30T09:48:14.701+0000] {dag.py:3036} INFO - Sync 1 DAGs
[2026-01-30T09:48:14.756+0000] {logging_mixin.py:188} INFO - [2026-01-30T09:48:14.755+0000] {dag.py:3823} INFO - Setting next_dagrun for tle_api_to_kafka_streaming to 2026-01-30 08:00:00+00:00, run_after=2026-01-30 09:00:00+00:00
[2026-01-30T09:48:14.791+0000] {processor.py:183} INFO - Processing /opt/airflow/dags/airflow_dag_api_to_kafka.py took 0.255 seconds
[2026-01-30T09:48:44.910+0000] {processor.py:161} INFO - Started process (PID=1477) to work on /opt/airflow/dags/airflow_dag_api_to_kafka.py
[2026-01-30T09:48:44.911+0000] {processor.py:830} INFO - Processing file /opt/airflow/dags/airflow_dag_api_to_kafka.py for tasks to queue
[2026-01-30T09:48:44.913+0000] {logging_mixin.py:188} INFO - [2026-01-30T09:48:44.912+0000] {dagbag.py:538} INFO - Filling up the DagBag from /opt/airflow/dags/airflow_dag_api_to_kafka.py
[2026-01-30T09:48:45.010+0000] {processor.py:840} INFO - DAG(s) 'tle_api_to_kafka_streaming' retrieved from /opt/airflow/dags/airflow_dag_api_to_kafka.py
[2026-01-30T09:48:45.067+0000] {logging_mixin.py:188} INFO - [2026-01-30T09:48:45.067+0000] {dag.py:3036} INFO - Sync 1 DAGs
[2026-01-30T09:48:45.115+0000] {logging_mixin.py:188} INFO - [2026-01-30T09:48:45.114+0000] {dag.py:3823} INFO - Setting next_dagrun for tle_api_to_kafka_streaming to 2026-01-30 08:00:00+00:00, run_after=2026-01-30 09:00:00+00:00
[2026-01-30T09:48:45.152+0000] {processor.py:183} INFO - Processing /opt/airflow/dags/airflow_dag_api_to_kafka.py took 0.249 seconds
[2026-01-30T09:49:15.270+0000] {processor.py:161} INFO - Started process (PID=1487) to work on /opt/airflow/dags/airflow_dag_api_to_kafka.py
[2026-01-30T09:49:15.272+0000] {processor.py:830} INFO - Processing file /opt/airflow/dags/airflow_dag_api_to_kafka.py for tasks to queue
[2026-01-30T09:49:15.273+0000] {logging_mixin.py:188} INFO - [2026-01-30T09:49:15.273+0000] {dagbag.py:538} INFO - Filling up the DagBag from /opt/airflow/dags/airflow_dag_api_to_kafka.py
[2026-01-30T09:49:15.375+0000] {processor.py:840} INFO - DAG(s) 'tle_api_to_kafka_streaming' retrieved from /opt/airflow/dags/airflow_dag_api_to_kafka.py
[2026-01-30T09:49:15.434+0000] {logging_mixin.py:188} INFO - [2026-01-30T09:49:15.433+0000] {dag.py:3036} INFO - Sync 1 DAGs
[2026-01-30T09:49:15.491+0000] {logging_mixin.py:188} INFO - [2026-01-30T09:49:15.490+0000] {dag.py:3823} INFO - Setting next_dagrun for tle_api_to_kafka_streaming to 2026-01-30 08:00:00+00:00, run_after=2026-01-30 09:00:00+00:00
[2026-01-30T09:49:15.529+0000] {processor.py:183} INFO - Processing /opt/airflow/dags/airflow_dag_api_to_kafka.py took 0.265 seconds
[2026-01-30T09:49:45.634+0000] {processor.py:161} INFO - Started process (PID=1497) to work on /opt/airflow/dags/airflow_dag_api_to_kafka.py
[2026-01-30T09:49:45.635+0000] {processor.py:830} INFO - Processing file /opt/airflow/dags/airflow_dag_api_to_kafka.py for tasks to queue
[2026-01-30T09:49:45.637+0000] {logging_mixin.py:188} INFO - [2026-01-30T09:49:45.636+0000] {dagbag.py:538} INFO - Filling up the DagBag from /opt/airflow/dags/airflow_dag_api_to_kafka.py
[2026-01-30T09:49:45.736+0000] {processor.py:840} INFO - DAG(s) 'tle_api_to_kafka_streaming' retrieved from /opt/airflow/dags/airflow_dag_api_to_kafka.py
[2026-01-30T09:49:45.792+0000] {logging_mixin.py:188} INFO - [2026-01-30T09:49:45.791+0000] {dag.py:3036} INFO - Sync 1 DAGs
[2026-01-30T09:49:45.840+0000] {logging_mixin.py:188} INFO - [2026-01-30T09:49:45.839+0000] {dag.py:3823} INFO - Setting next_dagrun for tle_api_to_kafka_streaming to 2026-01-30 08:00:00+00:00, run_after=2026-01-30 09:00:00+00:00
[2026-01-30T09:49:45.882+0000] {processor.py:183} INFO - Processing /opt/airflow/dags/airflow_dag_api_to_kafka.py took 0.254 seconds
[2026-01-30T09:50:15.991+0000] {processor.py:161} INFO - Started process (PID=1507) to work on /opt/airflow/dags/airflow_dag_api_to_kafka.py
[2026-01-30T09:50:15.992+0000] {processor.py:830} INFO - Processing file /opt/airflow/dags/airflow_dag_api_to_kafka.py for tasks to queue
[2026-01-30T09:50:15.994+0000] {logging_mixin.py:188} INFO - [2026-01-30T09:50:15.993+0000] {dagbag.py:538} INFO - Filling up the DagBag from /opt/airflow/dags/airflow_dag_api_to_kafka.py
[2026-01-30T09:50:16.093+0000] {processor.py:840} INFO - DAG(s) 'tle_api_to_kafka_streaming' retrieved from /opt/airflow/dags/airflow_dag_api_to_kafka.py
[2026-01-30T09:50:16.150+0000] {logging_mixin.py:188} INFO - [2026-01-30T09:50:16.150+0000] {dag.py:3036} INFO - Sync 1 DAGs
[2026-01-30T09:50:16.199+0000] {logging_mixin.py:188} INFO - [2026-01-30T09:50:16.198+0000] {dag.py:3823} INFO - Setting next_dagrun for tle_api_to_kafka_streaming to 2026-01-30 08:00:00+00:00, run_after=2026-01-30 09:00:00+00:00
[2026-01-30T09:50:16.237+0000] {processor.py:183} INFO - Processing /opt/airflow/dags/airflow_dag_api_to_kafka.py took 0.252 seconds
[2026-01-30T09:50:46.345+0000] {processor.py:161} INFO - Started process (PID=1517) to work on /opt/airflow/dags/airflow_dag_api_to_kafka.py
[2026-01-30T09:50:46.346+0000] {processor.py:830} INFO - Processing file /opt/airflow/dags/airflow_dag_api_to_kafka.py for tasks to queue
[2026-01-30T09:50:46.348+0000] {logging_mixin.py:188} INFO - [2026-01-30T09:50:46.347+0000] {dagbag.py:538} INFO - Filling up the DagBag from /opt/airflow/dags/airflow_dag_api_to_kafka.py
[2026-01-30T09:50:46.445+0000] {processor.py:840} INFO - DAG(s) 'tle_api_to_kafka_streaming' retrieved from /opt/airflow/dags/airflow_dag_api_to_kafka.py
[2026-01-30T09:50:46.501+0000] {logging_mixin.py:188} INFO - [2026-01-30T09:50:46.501+0000] {dag.py:3036} INFO - Sync 1 DAGs
[2026-01-30T09:50:46.552+0000] {logging_mixin.py:188} INFO - [2026-01-30T09:50:46.552+0000] {dag.py:3823} INFO - Setting next_dagrun for tle_api_to_kafka_streaming to 2026-01-30 08:00:00+00:00, run_after=2026-01-30 09:00:00+00:00
[2026-01-30T09:50:46.586+0000] {processor.py:183} INFO - Processing /opt/airflow/dags/airflow_dag_api_to_kafka.py took 0.248 seconds
[2026-01-30T09:51:16.709+0000] {processor.py:161} INFO - Started process (PID=1527) to work on /opt/airflow/dags/airflow_dag_api_to_kafka.py
[2026-01-30T09:51:16.710+0000] {processor.py:830} INFO - Processing file /opt/airflow/dags/airflow_dag_api_to_kafka.py for tasks to queue
[2026-01-30T09:51:16.711+0000] {logging_mixin.py:188} INFO - [2026-01-30T09:51:16.711+0000] {dagbag.py:538} INFO - Filling up the DagBag from /opt/airflow/dags/airflow_dag_api_to_kafka.py
[2026-01-30T09:51:16.810+0000] {processor.py:840} INFO - DAG(s) 'tle_api_to_kafka_streaming' retrieved from /opt/airflow/dags/airflow_dag_api_to_kafka.py
[2026-01-30T09:51:16.866+0000] {logging_mixin.py:188} INFO - [2026-01-30T09:51:16.866+0000] {dag.py:3036} INFO - Sync 1 DAGs
[2026-01-30T09:51:16.917+0000] {logging_mixin.py:188} INFO - [2026-01-30T09:51:16.917+0000] {dag.py:3823} INFO - Setting next_dagrun for tle_api_to_kafka_streaming to 2026-01-30 08:00:00+00:00, run_after=2026-01-30 09:00:00+00:00
[2026-01-30T09:51:16.949+0000] {processor.py:183} INFO - Processing /opt/airflow/dags/airflow_dag_api_to_kafka.py took 0.246 seconds
[2026-01-30T09:51:47.062+0000] {processor.py:161} INFO - Started process (PID=1537) to work on /opt/airflow/dags/airflow_dag_api_to_kafka.py
[2026-01-30T09:51:47.064+0000] {processor.py:830} INFO - Processing file /opt/airflow/dags/airflow_dag_api_to_kafka.py for tasks to queue
[2026-01-30T09:51:47.065+0000] {logging_mixin.py:188} INFO - [2026-01-30T09:51:47.064+0000] {dagbag.py:538} INFO - Filling up the DagBag from /opt/airflow/dags/airflow_dag_api_to_kafka.py
[2026-01-30T09:51:47.164+0000] {processor.py:840} INFO - DAG(s) 'tle_api_to_kafka_streaming' retrieved from /opt/airflow/dags/airflow_dag_api_to_kafka.py
[2026-01-30T09:51:47.221+0000] {logging_mixin.py:188} INFO - [2026-01-30T09:51:47.220+0000] {dag.py:3036} INFO - Sync 1 DAGs
[2026-01-30T09:51:47.269+0000] {logging_mixin.py:188} INFO - [2026-01-30T09:51:47.269+0000] {dag.py:3823} INFO - Setting next_dagrun for tle_api_to_kafka_streaming to 2026-01-30 08:00:00+00:00, run_after=2026-01-30 09:00:00+00:00
[2026-01-30T09:51:47.307+0000] {processor.py:183} INFO - Processing /opt/airflow/dags/airflow_dag_api_to_kafka.py took 0.252 seconds
[2026-01-30T09:52:17.422+0000] {processor.py:161} INFO - Started process (PID=1547) to work on /opt/airflow/dags/airflow_dag_api_to_kafka.py
[2026-01-30T09:52:17.423+0000] {processor.py:830} INFO - Processing file /opt/airflow/dags/airflow_dag_api_to_kafka.py for tasks to queue
[2026-01-30T09:52:17.425+0000] {logging_mixin.py:188} INFO - [2026-01-30T09:52:17.424+0000] {dagbag.py:538} INFO - Filling up the DagBag from /opt/airflow/dags/airflow_dag_api_to_kafka.py
[2026-01-30T09:52:17.525+0000] {processor.py:840} INFO - DAG(s) 'tle_api_to_kafka_streaming' retrieved from /opt/airflow/dags/airflow_dag_api_to_kafka.py
[2026-01-30T09:52:17.581+0000] {logging_mixin.py:188} INFO - [2026-01-30T09:52:17.581+0000] {dag.py:3036} INFO - Sync 1 DAGs
[2026-01-30T09:52:17.632+0000] {logging_mixin.py:188} INFO - [2026-01-30T09:52:17.632+0000] {dag.py:3823} INFO - Setting next_dagrun for tle_api_to_kafka_streaming to 2026-01-30 08:00:00+00:00, run_after=2026-01-30 09:00:00+00:00
[2026-01-30T09:52:17.664+0000] {processor.py:183} INFO - Processing /opt/airflow/dags/airflow_dag_api_to_kafka.py took 0.249 seconds
[2026-01-30T09:52:47.778+0000] {processor.py:161} INFO - Started process (PID=1557) to work on /opt/airflow/dags/airflow_dag_api_to_kafka.py
[2026-01-30T09:52:47.779+0000] {processor.py:830} INFO - Processing file /opt/airflow/dags/airflow_dag_api_to_kafka.py for tasks to queue
[2026-01-30T09:52:47.781+0000] {logging_mixin.py:188} INFO - [2026-01-30T09:52:47.780+0000] {dagbag.py:538} INFO - Filling up the DagBag from /opt/airflow/dags/airflow_dag_api_to_kafka.py
[2026-01-30T09:52:47.880+0000] {processor.py:840} INFO - DAG(s) 'tle_api_to_kafka_streaming' retrieved from /opt/airflow/dags/airflow_dag_api_to_kafka.py
[2026-01-30T09:52:47.938+0000] {logging_mixin.py:188} INFO - [2026-01-30T09:52:47.937+0000] {dag.py:3036} INFO - Sync 1 DAGs
[2026-01-30T09:52:47.987+0000] {logging_mixin.py:188} INFO - [2026-01-30T09:52:47.987+0000] {dag.py:3823} INFO - Setting next_dagrun for tle_api_to_kafka_streaming to 2026-01-30 08:00:00+00:00, run_after=2026-01-30 09:00:00+00:00
[2026-01-30T09:52:48.021+0000] {processor.py:183} INFO - Processing /opt/airflow/dags/airflow_dag_api_to_kafka.py took 0.249 seconds
[2026-01-30T09:53:18.136+0000] {processor.py:161} INFO - Started process (PID=1567) to work on /opt/airflow/dags/airflow_dag_api_to_kafka.py
[2026-01-30T09:53:18.137+0000] {processor.py:830} INFO - Processing file /opt/airflow/dags/airflow_dag_api_to_kafka.py for tasks to queue
[2026-01-30T09:53:18.139+0000] {logging_mixin.py:188} INFO - [2026-01-30T09:53:18.138+0000] {dagbag.py:538} INFO - Filling up the DagBag from /opt/airflow/dags/airflow_dag_api_to_kafka.py
[2026-01-30T09:53:18.237+0000] {processor.py:840} INFO - DAG(s) 'tle_api_to_kafka_streaming' retrieved from /opt/airflow/dags/airflow_dag_api_to_kafka.py
[2026-01-30T09:53:18.295+0000] {logging_mixin.py:188} INFO - [2026-01-30T09:53:18.295+0000] {dag.py:3036} INFO - Sync 1 DAGs
[2026-01-30T09:53:18.344+0000] {logging_mixin.py:188} INFO - [2026-01-30T09:53:18.343+0000] {dag.py:3823} INFO - Setting next_dagrun for tle_api_to_kafka_streaming to 2026-01-30 08:00:00+00:00, run_after=2026-01-30 09:00:00+00:00
[2026-01-30T09:53:18.378+0000] {processor.py:183} INFO - Processing /opt/airflow/dags/airflow_dag_api_to_kafka.py took 0.249 seconds
[2026-01-30T09:53:48.485+0000] {processor.py:161} INFO - Started process (PID=1577) to work on /opt/airflow/dags/airflow_dag_api_to_kafka.py
[2026-01-30T09:53:48.486+0000] {processor.py:830} INFO - Processing file /opt/airflow/dags/airflow_dag_api_to_kafka.py for tasks to queue
[2026-01-30T09:53:48.487+0000] {logging_mixin.py:188} INFO - [2026-01-30T09:53:48.487+0000] {dagbag.py:538} INFO - Filling up the DagBag from /opt/airflow/dags/airflow_dag_api_to_kafka.py
[2026-01-30T09:53:48.584+0000] {processor.py:840} INFO - DAG(s) 'tle_api_to_kafka_streaming' retrieved from /opt/airflow/dags/airflow_dag_api_to_kafka.py
[2026-01-30T09:53:48.642+0000] {logging_mixin.py:188} INFO - [2026-01-30T09:53:48.642+0000] {dag.py:3036} INFO - Sync 1 DAGs
[2026-01-30T09:53:48.698+0000] {logging_mixin.py:188} INFO - [2026-01-30T09:53:48.698+0000] {dag.py:3823} INFO - Setting next_dagrun for tle_api_to_kafka_streaming to 2026-01-30 08:00:00+00:00, run_after=2026-01-30 09:00:00+00:00
[2026-01-30T09:53:48.733+0000] {processor.py:183} INFO - Processing /opt/airflow/dags/airflow_dag_api_to_kafka.py took 0.255 seconds
[2026-01-30T09:54:18.865+0000] {processor.py:161} INFO - Started process (PID=1587) to work on /opt/airflow/dags/airflow_dag_api_to_kafka.py
[2026-01-30T09:54:18.867+0000] {processor.py:830} INFO - Processing file /opt/airflow/dags/airflow_dag_api_to_kafka.py for tasks to queue
[2026-01-30T09:54:18.868+0000] {logging_mixin.py:188} INFO - [2026-01-30T09:54:18.868+0000] {dagbag.py:538} INFO - Filling up the DagBag from /opt/airflow/dags/airflow_dag_api_to_kafka.py
[2026-01-30T09:54:18.969+0000] {processor.py:840} INFO - DAG(s) 'tle_api_to_kafka_streaming' retrieved from /opt/airflow/dags/airflow_dag_api_to_kafka.py
[2026-01-30T09:54:19.025+0000] {logging_mixin.py:188} INFO - [2026-01-30T09:54:19.024+0000] {dag.py:3036} INFO - Sync 1 DAGs
[2026-01-30T09:54:19.073+0000] {logging_mixin.py:188} INFO - [2026-01-30T09:54:19.073+0000] {dag.py:3823} INFO - Setting next_dagrun for tle_api_to_kafka_streaming to 2026-01-30 08:00:00+00:00, run_after=2026-01-30 09:00:00+00:00
[2026-01-30T09:54:19.106+0000] {processor.py:183} INFO - Processing /opt/airflow/dags/airflow_dag_api_to_kafka.py took 0.247 seconds
[2026-01-30T09:54:49.220+0000] {processor.py:161} INFO - Started process (PID=1597) to work on /opt/airflow/dags/airflow_dag_api_to_kafka.py
[2026-01-30T09:54:49.221+0000] {processor.py:830} INFO - Processing file /opt/airflow/dags/airflow_dag_api_to_kafka.py for tasks to queue
[2026-01-30T09:54:49.223+0000] {logging_mixin.py:188} INFO - [2026-01-30T09:54:49.222+0000] {dagbag.py:538} INFO - Filling up the DagBag from /opt/airflow/dags/airflow_dag_api_to_kafka.py
[2026-01-30T09:54:49.321+0000] {processor.py:840} INFO - DAG(s) 'tle_api_to_kafka_streaming' retrieved from /opt/airflow/dags/airflow_dag_api_to_kafka.py
[2026-01-30T09:54:49.377+0000] {logging_mixin.py:188} INFO - [2026-01-30T09:54:49.377+0000] {dag.py:3036} INFO - Sync 1 DAGs
[2026-01-30T09:54:49.425+0000] {logging_mixin.py:188} INFO - [2026-01-30T09:54:49.425+0000] {dag.py:3823} INFO - Setting next_dagrun for tle_api_to_kafka_streaming to 2026-01-30 08:00:00+00:00, run_after=2026-01-30 09:00:00+00:00
[2026-01-30T09:54:49.463+0000] {processor.py:183} INFO - Processing /opt/airflow/dags/airflow_dag_api_to_kafka.py took 0.249 seconds
[2026-01-30T09:55:19.575+0000] {processor.py:161} INFO - Started process (PID=1607) to work on /opt/airflow/dags/airflow_dag_api_to_kafka.py
[2026-01-30T09:55:19.576+0000] {processor.py:830} INFO - Processing file /opt/airflow/dags/airflow_dag_api_to_kafka.py for tasks to queue
[2026-01-30T09:55:19.577+0000] {logging_mixin.py:188} INFO - [2026-01-30T09:55:19.577+0000] {dagbag.py:538} INFO - Filling up the DagBag from /opt/airflow/dags/airflow_dag_api_to_kafka.py
[2026-01-30T09:55:19.675+0000] {processor.py:840} INFO - DAG(s) 'tle_api_to_kafka_streaming' retrieved from /opt/airflow/dags/airflow_dag_api_to_kafka.py
[2026-01-30T09:55:19.732+0000] {logging_mixin.py:188} INFO - [2026-01-30T09:55:19.732+0000] {dag.py:3036} INFO - Sync 1 DAGs
[2026-01-30T09:55:19.783+0000] {logging_mixin.py:188} INFO - [2026-01-30T09:55:19.782+0000] {dag.py:3823} INFO - Setting next_dagrun for tle_api_to_kafka_streaming to 2026-01-30 08:00:00+00:00, run_after=2026-01-30 09:00:00+00:00
[2026-01-30T09:55:19.819+0000] {processor.py:183} INFO - Processing /opt/airflow/dags/airflow_dag_api_to_kafka.py took 0.250 seconds
[2026-01-30T09:55:49.928+0000] {processor.py:161} INFO - Started process (PID=1617) to work on /opt/airflow/dags/airflow_dag_api_to_kafka.py
[2026-01-30T09:55:49.929+0000] {processor.py:830} INFO - Processing file /opt/airflow/dags/airflow_dag_api_to_kafka.py for tasks to queue
[2026-01-30T09:55:49.930+0000] {logging_mixin.py:188} INFO - [2026-01-30T09:55:49.930+0000] {dagbag.py:538} INFO - Filling up the DagBag from /opt/airflow/dags/airflow_dag_api_to_kafka.py
[2026-01-30T09:55:50.028+0000] {processor.py:840} INFO - DAG(s) 'tle_api_to_kafka_streaming' retrieved from /opt/airflow/dags/airflow_dag_api_to_kafka.py
[2026-01-30T09:55:50.082+0000] {logging_mixin.py:188} INFO - [2026-01-30T09:55:50.082+0000] {dag.py:3036} INFO - Sync 1 DAGs
[2026-01-30T09:55:50.129+0000] {logging_mixin.py:188} INFO - [2026-01-30T09:55:50.129+0000] {dag.py:3823} INFO - Setting next_dagrun for tle_api_to_kafka_streaming to 2026-01-30 08:00:00+00:00, run_after=2026-01-30 09:00:00+00:00
[2026-01-30T09:55:50.163+0000] {processor.py:183} INFO - Processing /opt/airflow/dags/airflow_dag_api_to_kafka.py took 0.241 seconds
[2026-01-30T09:56:20.280+0000] {processor.py:161} INFO - Started process (PID=1627) to work on /opt/airflow/dags/airflow_dag_api_to_kafka.py
[2026-01-30T09:56:20.282+0000] {processor.py:830} INFO - Processing file /opt/airflow/dags/airflow_dag_api_to_kafka.py for tasks to queue
[2026-01-30T09:56:20.284+0000] {logging_mixin.py:188} INFO - [2026-01-30T09:56:20.283+0000] {dagbag.py:538} INFO - Filling up the DagBag from /opt/airflow/dags/airflow_dag_api_to_kafka.py
[2026-01-30T09:56:20.384+0000] {processor.py:840} INFO - DAG(s) 'tle_api_to_kafka_streaming' retrieved from /opt/airflow/dags/airflow_dag_api_to_kafka.py
[2026-01-30T09:56:20.444+0000] {logging_mixin.py:188} INFO - [2026-01-30T09:56:20.443+0000] {dag.py:3036} INFO - Sync 1 DAGs
[2026-01-30T09:56:20.493+0000] {logging_mixin.py:188} INFO - [2026-01-30T09:56:20.493+0000] {dag.py:3823} INFO - Setting next_dagrun for tle_api_to_kafka_streaming to 2026-01-30 08:00:00+00:00, run_after=2026-01-30 09:00:00+00:00
[2026-01-30T09:56:20.527+0000] {processor.py:183} INFO - Processing /opt/airflow/dags/airflow_dag_api_to_kafka.py took 0.253 seconds
[2026-01-30T09:56:50.631+0000] {processor.py:161} INFO - Started process (PID=1637) to work on /opt/airflow/dags/airflow_dag_api_to_kafka.py
[2026-01-30T09:56:50.633+0000] {processor.py:830} INFO - Processing file /opt/airflow/dags/airflow_dag_api_to_kafka.py for tasks to queue
[2026-01-30T09:56:50.634+0000] {logging_mixin.py:188} INFO - [2026-01-30T09:56:50.633+0000] {dagbag.py:538} INFO - Filling up the DagBag from /opt/airflow/dags/airflow_dag_api_to_kafka.py
[2026-01-30T09:56:50.729+0000] {processor.py:840} INFO - DAG(s) 'tle_api_to_kafka_streaming' retrieved from /opt/airflow/dags/airflow_dag_api_to_kafka.py
[2026-01-30T09:56:50.784+0000] {logging_mixin.py:188} INFO - [2026-01-30T09:56:50.784+0000] {dag.py:3036} INFO - Sync 1 DAGs
[2026-01-30T09:56:50.833+0000] {logging_mixin.py:188} INFO - [2026-01-30T09:56:50.832+0000] {dag.py:3823} INFO - Setting next_dagrun for tle_api_to_kafka_streaming to 2026-01-30 08:00:00+00:00, run_after=2026-01-30 09:00:00+00:00
[2026-01-30T09:56:50.864+0000] {processor.py:183} INFO - Processing /opt/airflow/dags/airflow_dag_api_to_kafka.py took 0.239 seconds
[2026-01-30T09:57:20.991+0000] {processor.py:161} INFO - Started process (PID=1647) to work on /opt/airflow/dags/airflow_dag_api_to_kafka.py
[2026-01-30T09:57:20.992+0000] {processor.py:830} INFO - Processing file /opt/airflow/dags/airflow_dag_api_to_kafka.py for tasks to queue
[2026-01-30T09:57:20.994+0000] {logging_mixin.py:188} INFO - [2026-01-30T09:57:20.993+0000] {dagbag.py:538} INFO - Filling up the DagBag from /opt/airflow/dags/airflow_dag_api_to_kafka.py
[2026-01-30T09:57:21.092+0000] {processor.py:840} INFO - DAG(s) 'tle_api_to_kafka_streaming' retrieved from /opt/airflow/dags/airflow_dag_api_to_kafka.py
[2026-01-30T09:57:21.149+0000] {logging_mixin.py:188} INFO - [2026-01-30T09:57:21.149+0000] {dag.py:3036} INFO - Sync 1 DAGs
[2026-01-30T09:57:21.198+0000] {logging_mixin.py:188} INFO - [2026-01-30T09:57:21.197+0000] {dag.py:3823} INFO - Setting next_dagrun for tle_api_to_kafka_streaming to 2026-01-30 08:00:00+00:00, run_after=2026-01-30 09:00:00+00:00
[2026-01-30T09:57:21.230+0000] {processor.py:183} INFO - Processing /opt/airflow/dags/airflow_dag_api_to_kafka.py took 0.246 seconds
[2026-01-30T09:57:51.344+0000] {processor.py:161} INFO - Started process (PID=1657) to work on /opt/airflow/dags/airflow_dag_api_to_kafka.py
[2026-01-30T09:57:51.345+0000] {processor.py:830} INFO - Processing file /opt/airflow/dags/airflow_dag_api_to_kafka.py for tasks to queue
[2026-01-30T09:57:51.347+0000] {logging_mixin.py:188} INFO - [2026-01-30T09:57:51.346+0000] {dagbag.py:538} INFO - Filling up the DagBag from /opt/airflow/dags/airflow_dag_api_to_kafka.py
[2026-01-30T09:57:51.455+0000] {processor.py:840} INFO - DAG(s) 'tle_api_to_kafka_streaming' retrieved from /opt/airflow/dags/airflow_dag_api_to_kafka.py
[2026-01-30T09:57:51.513+0000] {logging_mixin.py:188} INFO - [2026-01-30T09:57:51.512+0000] {dag.py:3036} INFO - Sync 1 DAGs
[2026-01-30T09:57:51.564+0000] {logging_mixin.py:188} INFO - [2026-01-30T09:57:51.564+0000] {dag.py:3823} INFO - Setting next_dagrun for tle_api_to_kafka_streaming to 2026-01-30 08:00:00+00:00, run_after=2026-01-30 09:00:00+00:00
[2026-01-30T09:57:51.600+0000] {processor.py:183} INFO - Processing /opt/airflow/dags/airflow_dag_api_to_kafka.py took 0.264 seconds
[2026-01-30T09:58:21.697+0000] {processor.py:161} INFO - Started process (PID=1667) to work on /opt/airflow/dags/airflow_dag_api_to_kafka.py
[2026-01-30T09:58:21.699+0000] {processor.py:830} INFO - Processing file /opt/airflow/dags/airflow_dag_api_to_kafka.py for tasks to queue
[2026-01-30T09:58:21.700+0000] {logging_mixin.py:188} INFO - [2026-01-30T09:58:21.699+0000] {dagbag.py:538} INFO - Filling up the DagBag from /opt/airflow/dags/airflow_dag_api_to_kafka.py
[2026-01-30T09:58:21.802+0000] {processor.py:840} INFO - DAG(s) 'tle_api_to_kafka_streaming' retrieved from /opt/airflow/dags/airflow_dag_api_to_kafka.py
[2026-01-30T09:58:21.857+0000] {logging_mixin.py:188} INFO - [2026-01-30T09:58:21.857+0000] {dag.py:3036} INFO - Sync 1 DAGs
[2026-01-30T09:58:21.913+0000] {logging_mixin.py:188} INFO - [2026-01-30T09:58:21.913+0000] {dag.py:3823} INFO - Setting next_dagrun for tle_api_to_kafka_streaming to 2026-01-30 08:00:00+00:00, run_after=2026-01-30 09:00:00+00:00
[2026-01-30T09:58:21.946+0000] {processor.py:183} INFO - Processing /opt/airflow/dags/airflow_dag_api_to_kafka.py took 0.255 seconds
[2026-01-30T09:58:52.047+0000] {processor.py:161} INFO - Started process (PID=1677) to work on /opt/airflow/dags/airflow_dag_api_to_kafka.py
[2026-01-30T09:58:52.048+0000] {processor.py:830} INFO - Processing file /opt/airflow/dags/airflow_dag_api_to_kafka.py for tasks to queue
[2026-01-30T09:58:52.050+0000] {logging_mixin.py:188} INFO - [2026-01-30T09:58:52.049+0000] {dagbag.py:538} INFO - Filling up the DagBag from /opt/airflow/dags/airflow_dag_api_to_kafka.py
[2026-01-30T09:58:52.158+0000] {processor.py:840} INFO - DAG(s) 'tle_api_to_kafka_streaming' retrieved from /opt/airflow/dags/airflow_dag_api_to_kafka.py
[2026-01-30T09:58:52.216+0000] {logging_mixin.py:188} INFO - [2026-01-30T09:58:52.215+0000] {dag.py:3036} INFO - Sync 1 DAGs
[2026-01-30T09:58:52.269+0000] {logging_mixin.py:188} INFO - [2026-01-30T09:58:52.269+0000] {dag.py:3823} INFO - Setting next_dagrun for tle_api_to_kafka_streaming to 2026-01-30 08:00:00+00:00, run_after=2026-01-30 09:00:00+00:00
[2026-01-30T09:58:52.309+0000] {processor.py:183} INFO - Processing /opt/airflow/dags/airflow_dag_api_to_kafka.py took 0.268 seconds
[2026-01-30T09:59:22.428+0000] {processor.py:161} INFO - Started process (PID=1687) to work on /opt/airflow/dags/airflow_dag_api_to_kafka.py
[2026-01-30T09:59:22.429+0000] {processor.py:830} INFO - Processing file /opt/airflow/dags/airflow_dag_api_to_kafka.py for tasks to queue
[2026-01-30T09:59:22.431+0000] {logging_mixin.py:188} INFO - [2026-01-30T09:59:22.430+0000] {dagbag.py:538} INFO - Filling up the DagBag from /opt/airflow/dags/airflow_dag_api_to_kafka.py
[2026-01-30T09:59:22.530+0000] {processor.py:840} INFO - DAG(s) 'tle_api_to_kafka_streaming' retrieved from /opt/airflow/dags/airflow_dag_api_to_kafka.py
[2026-01-30T09:59:22.587+0000] {logging_mixin.py:188} INFO - [2026-01-30T09:59:22.586+0000] {dag.py:3036} INFO - Sync 1 DAGs
[2026-01-30T09:59:22.634+0000] {logging_mixin.py:188} INFO - [2026-01-30T09:59:22.634+0000] {dag.py:3823} INFO - Setting next_dagrun for tle_api_to_kafka_streaming to 2026-01-30 08:00:00+00:00, run_after=2026-01-30 09:00:00+00:00
[2026-01-30T09:59:22.671+0000] {processor.py:183} INFO - Processing /opt/airflow/dags/airflow_dag_api_to_kafka.py took 0.249 seconds
[2026-01-30T09:59:52.786+0000] {processor.py:161} INFO - Started process (PID=1697) to work on /opt/airflow/dags/airflow_dag_api_to_kafka.py
[2026-01-30T09:59:52.787+0000] {processor.py:830} INFO - Processing file /opt/airflow/dags/airflow_dag_api_to_kafka.py for tasks to queue
[2026-01-30T09:59:52.789+0000] {logging_mixin.py:188} INFO - [2026-01-30T09:59:52.788+0000] {dagbag.py:538} INFO - Filling up the DagBag from /opt/airflow/dags/airflow_dag_api_to_kafka.py
[2026-01-30T09:59:52.888+0000] {processor.py:840} INFO - DAG(s) 'tle_api_to_kafka_streaming' retrieved from /opt/airflow/dags/airflow_dag_api_to_kafka.py
[2026-01-30T09:59:52.944+0000] {logging_mixin.py:188} INFO - [2026-01-30T09:59:52.944+0000] {dag.py:3036} INFO - Sync 1 DAGs
[2026-01-30T09:59:53.002+0000] {logging_mixin.py:188} INFO - [2026-01-30T09:59:53.001+0000] {dag.py:3823} INFO - Setting next_dagrun for tle_api_to_kafka_streaming to 2026-01-30 08:00:00+00:00, run_after=2026-01-30 09:00:00+00:00
[2026-01-30T09:59:53.039+0000] {processor.py:183} INFO - Processing /opt/airflow/dags/airflow_dag_api_to_kafka.py took 0.259 seconds
[2026-01-30T10:00:23.155+0000] {processor.py:161} INFO - Started process (PID=1707) to work on /opt/airflow/dags/airflow_dag_api_to_kafka.py
[2026-01-30T10:00:23.156+0000] {processor.py:830} INFO - Processing file /opt/airflow/dags/airflow_dag_api_to_kafka.py for tasks to queue
[2026-01-30T10:00:23.158+0000] {logging_mixin.py:188} INFO - [2026-01-30T10:00:23.157+0000] {dagbag.py:538} INFO - Filling up the DagBag from /opt/airflow/dags/airflow_dag_api_to_kafka.py
[2026-01-30T10:00:23.256+0000] {processor.py:840} INFO - DAG(s) 'tle_api_to_kafka_streaming' retrieved from /opt/airflow/dags/airflow_dag_api_to_kafka.py
[2026-01-30T10:00:23.314+0000] {logging_mixin.py:188} INFO - [2026-01-30T10:00:23.313+0000] {dag.py:3036} INFO - Sync 1 DAGs
[2026-01-30T10:00:23.362+0000] {logging_mixin.py:188} INFO - [2026-01-30T10:00:23.362+0000] {dag.py:3823} INFO - Setting next_dagrun for tle_api_to_kafka_streaming to 2026-01-30 09:00:00+00:00, run_after=2026-01-30 10:00:00+00:00
[2026-01-30T10:00:23.396+0000] {processor.py:183} INFO - Processing /opt/airflow/dags/airflow_dag_api_to_kafka.py took 0.248 seconds
[2026-01-30T10:00:53.512+0000] {processor.py:161} INFO - Started process (PID=1717) to work on /opt/airflow/dags/airflow_dag_api_to_kafka.py
[2026-01-30T10:00:53.513+0000] {processor.py:830} INFO - Processing file /opt/airflow/dags/airflow_dag_api_to_kafka.py for tasks to queue
[2026-01-30T10:00:53.515+0000] {logging_mixin.py:188} INFO - [2026-01-30T10:00:53.514+0000] {dagbag.py:538} INFO - Filling up the DagBag from /opt/airflow/dags/airflow_dag_api_to_kafka.py
[2026-01-30T10:00:53.613+0000] {processor.py:840} INFO - DAG(s) 'tle_api_to_kafka_streaming' retrieved from /opt/airflow/dags/airflow_dag_api_to_kafka.py
[2026-01-30T10:00:53.670+0000] {logging_mixin.py:188} INFO - [2026-01-30T10:00:53.669+0000] {dag.py:3036} INFO - Sync 1 DAGs
[2026-01-30T10:00:53.720+0000] {logging_mixin.py:188} INFO - [2026-01-30T10:00:53.720+0000] {dag.py:3823} INFO - Setting next_dagrun for tle_api_to_kafka_streaming to 2026-01-30 09:00:00+00:00, run_after=2026-01-30 10:00:00+00:00
[2026-01-30T10:00:53.758+0000] {processor.py:183} INFO - Processing /opt/airflow/dags/airflow_dag_api_to_kafka.py took 0.252 seconds
[2026-01-30T10:01:23.863+0000] {processor.py:161} INFO - Started process (PID=1727) to work on /opt/airflow/dags/airflow_dag_api_to_kafka.py
[2026-01-30T10:01:23.864+0000] {processor.py:830} INFO - Processing file /opt/airflow/dags/airflow_dag_api_to_kafka.py for tasks to queue
[2026-01-30T10:01:23.866+0000] {logging_mixin.py:188} INFO - [2026-01-30T10:01:23.865+0000] {dagbag.py:538} INFO - Filling up the DagBag from /opt/airflow/dags/airflow_dag_api_to_kafka.py
[2026-01-30T10:01:23.969+0000] {processor.py:840} INFO - DAG(s) 'tle_api_to_kafka_streaming' retrieved from /opt/airflow/dags/airflow_dag_api_to_kafka.py
[2026-01-30T10:01:24.028+0000] {logging_mixin.py:188} INFO - [2026-01-30T10:01:24.027+0000] {dag.py:3036} INFO - Sync 1 DAGs
[2026-01-30T10:01:24.079+0000] {logging_mixin.py:188} INFO - [2026-01-30T10:01:24.079+0000] {dag.py:3823} INFO - Setting next_dagrun for tle_api_to_kafka_streaming to 2026-01-30 09:00:00+00:00, run_after=2026-01-30 10:00:00+00:00
[2026-01-30T10:01:24.110+0000] {processor.py:183} INFO - Processing /opt/airflow/dags/airflow_dag_api_to_kafka.py took 0.254 seconds
[2026-01-30T10:01:54.223+0000] {processor.py:161} INFO - Started process (PID=1737) to work on /opt/airflow/dags/airflow_dag_api_to_kafka.py
[2026-01-30T10:01:54.224+0000] {processor.py:830} INFO - Processing file /opt/airflow/dags/airflow_dag_api_to_kafka.py for tasks to queue
[2026-01-30T10:01:54.226+0000] {logging_mixin.py:188} INFO - [2026-01-30T10:01:54.225+0000] {dagbag.py:538} INFO - Filling up the DagBag from /opt/airflow/dags/airflow_dag_api_to_kafka.py
[2026-01-30T10:01:54.325+0000] {processor.py:840} INFO - DAG(s) 'tle_api_to_kafka_streaming' retrieved from /opt/airflow/dags/airflow_dag_api_to_kafka.py
[2026-01-30T10:01:54.382+0000] {logging_mixin.py:188} INFO - [2026-01-30T10:01:54.381+0000] {dag.py:3036} INFO - Sync 1 DAGs
[2026-01-30T10:01:54.430+0000] {logging_mixin.py:188} INFO - [2026-01-30T10:01:54.430+0000] {dag.py:3823} INFO - Setting next_dagrun for tle_api_to_kafka_streaming to 2026-01-30 09:00:00+00:00, run_after=2026-01-30 10:00:00+00:00
[2026-01-30T10:01:54.465+0000] {processor.py:183} INFO - Processing /opt/airflow/dags/airflow_dag_api_to_kafka.py took 0.249 seconds
[2026-01-30T10:02:24.577+0000] {processor.py:161} INFO - Started process (PID=1747) to work on /opt/airflow/dags/airflow_dag_api_to_kafka.py
[2026-01-30T10:02:24.578+0000] {processor.py:830} INFO - Processing file /opt/airflow/dags/airflow_dag_api_to_kafka.py for tasks to queue
[2026-01-30T10:02:24.580+0000] {logging_mixin.py:188} INFO - [2026-01-30T10:02:24.579+0000] {dagbag.py:538} INFO - Filling up the DagBag from /opt/airflow/dags/airflow_dag_api_to_kafka.py
[2026-01-30T10:02:24.680+0000] {processor.py:840} INFO - DAG(s) 'tle_api_to_kafka_streaming' retrieved from /opt/airflow/dags/airflow_dag_api_to_kafka.py
[2026-01-30T10:02:24.738+0000] {logging_mixin.py:188} INFO - [2026-01-30T10:02:24.737+0000] {dag.py:3036} INFO - Sync 1 DAGs
[2026-01-30T10:02:24.786+0000] {logging_mixin.py:188} INFO - [2026-01-30T10:02:24.786+0000] {dag.py:3823} INFO - Setting next_dagrun for tle_api_to_kafka_streaming to 2026-01-30 09:00:00+00:00, run_after=2026-01-30 10:00:00+00:00
[2026-01-30T10:02:24.823+0000] {processor.py:183} INFO - Processing /opt/airflow/dags/airflow_dag_api_to_kafka.py took 0.252 seconds
[2026-01-30T10:02:54.930+0000] {processor.py:161} INFO - Started process (PID=1757) to work on /opt/airflow/dags/airflow_dag_api_to_kafka.py
[2026-01-30T10:02:54.931+0000] {processor.py:830} INFO - Processing file /opt/airflow/dags/airflow_dag_api_to_kafka.py for tasks to queue
[2026-01-30T10:02:54.933+0000] {logging_mixin.py:188} INFO - [2026-01-30T10:02:54.932+0000] {dagbag.py:538} INFO - Filling up the DagBag from /opt/airflow/dags/airflow_dag_api_to_kafka.py
[2026-01-30T10:02:55.030+0000] {processor.py:840} INFO - DAG(s) 'tle_api_to_kafka_streaming' retrieved from /opt/airflow/dags/airflow_dag_api_to_kafka.py
[2026-01-30T10:02:55.088+0000] {logging_mixin.py:188} INFO - [2026-01-30T10:02:55.088+0000] {dag.py:3036} INFO - Sync 1 DAGs
[2026-01-30T10:02:55.141+0000] {logging_mixin.py:188} INFO - [2026-01-30T10:02:55.141+0000] {dag.py:3823} INFO - Setting next_dagrun for tle_api_to_kafka_streaming to 2026-01-30 09:00:00+00:00, run_after=2026-01-30 10:00:00+00:00
[2026-01-30T10:02:55.178+0000] {processor.py:183} INFO - Processing /opt/airflow/dags/airflow_dag_api_to_kafka.py took 0.255 seconds
[2026-01-30T10:03:25.292+0000] {processor.py:161} INFO - Started process (PID=1767) to work on /opt/airflow/dags/airflow_dag_api_to_kafka.py
[2026-01-30T10:03:25.293+0000] {processor.py:830} INFO - Processing file /opt/airflow/dags/airflow_dag_api_to_kafka.py for tasks to queue
[2026-01-30T10:03:25.294+0000] {logging_mixin.py:188} INFO - [2026-01-30T10:03:25.294+0000] {dagbag.py:538} INFO - Filling up the DagBag from /opt/airflow/dags/airflow_dag_api_to_kafka.py
[2026-01-30T10:03:25.392+0000] {processor.py:840} INFO - DAG(s) 'tle_api_to_kafka_streaming' retrieved from /opt/airflow/dags/airflow_dag_api_to_kafka.py
[2026-01-30T10:03:25.449+0000] {logging_mixin.py:188} INFO - [2026-01-30T10:03:25.448+0000] {dag.py:3036} INFO - Sync 1 DAGs
[2026-01-30T10:03:25.497+0000] {logging_mixin.py:188} INFO - [2026-01-30T10:03:25.497+0000] {dag.py:3823} INFO - Setting next_dagrun for tle_api_to_kafka_streaming to 2026-01-30 09:00:00+00:00, run_after=2026-01-30 10:00:00+00:00
[2026-01-30T10:03:25.531+0000] {processor.py:183} INFO - Processing /opt/airflow/dags/airflow_dag_api_to_kafka.py took 0.246 seconds
[2026-01-30T10:03:55.625+0000] {processor.py:161} INFO - Started process (PID=1777) to work on /opt/airflow/dags/airflow_dag_api_to_kafka.py
[2026-01-30T10:03:55.626+0000] {processor.py:830} INFO - Processing file /opt/airflow/dags/airflow_dag_api_to_kafka.py for tasks to queue
[2026-01-30T10:03:55.628+0000] {logging_mixin.py:188} INFO - [2026-01-30T10:03:55.627+0000] {dagbag.py:538} INFO - Filling up the DagBag from /opt/airflow/dags/airflow_dag_api_to_kafka.py
[2026-01-30T10:03:55.711+0000] {processor.py:840} INFO - DAG(s) 'tle_api_to_kafka_streaming' retrieved from /opt/airflow/dags/airflow_dag_api_to_kafka.py
[2026-01-30T10:03:55.761+0000] {logging_mixin.py:188} INFO - [2026-01-30T10:03:55.761+0000] {dag.py:3036} INFO - Sync 1 DAGs
[2026-01-30T10:03:55.808+0000] {logging_mixin.py:188} INFO - [2026-01-30T10:03:55.808+0000] {dag.py:3823} INFO - Setting next_dagrun for tle_api_to_kafka_streaming to 2026-01-30 09:00:00+00:00, run_after=2026-01-30 10:00:00+00:00
[2026-01-30T10:03:55.839+0000] {processor.py:183} INFO - Processing /opt/airflow/dags/airflow_dag_api_to_kafka.py took 0.219 seconds
[2026-01-30T10:04:25.963+0000] {processor.py:161} INFO - Started process (PID=1787) to work on /opt/airflow/dags/airflow_dag_api_to_kafka.py
[2026-01-30T10:04:25.964+0000] {processor.py:830} INFO - Processing file /opt/airflow/dags/airflow_dag_api_to_kafka.py for tasks to queue
[2026-01-30T10:04:25.966+0000] {logging_mixin.py:188} INFO - [2026-01-30T10:04:25.965+0000] {dagbag.py:538} INFO - Filling up the DagBag from /opt/airflow/dags/airflow_dag_api_to_kafka.py
[2026-01-30T10:04:26.060+0000] {processor.py:840} INFO - DAG(s) 'tle_api_to_kafka_streaming' retrieved from /opt/airflow/dags/airflow_dag_api_to_kafka.py
[2026-01-30T10:04:26.114+0000] {logging_mixin.py:188} INFO - [2026-01-30T10:04:26.114+0000] {dag.py:3036} INFO - Sync 1 DAGs
[2026-01-30T10:04:26.164+0000] {logging_mixin.py:188} INFO - [2026-01-30T10:04:26.164+0000] {dag.py:3823} INFO - Setting next_dagrun for tle_api_to_kafka_streaming to 2026-01-30 09:00:00+00:00, run_after=2026-01-30 10:00:00+00:00
[2026-01-30T10:04:26.196+0000] {processor.py:183} INFO - Processing /opt/airflow/dags/airflow_dag_api_to_kafka.py took 0.238 seconds
[2026-01-30T10:04:56.304+0000] {processor.py:161} INFO - Started process (PID=1797) to work on /opt/airflow/dags/airflow_dag_api_to_kafka.py
[2026-01-30T10:04:56.305+0000] {processor.py:830} INFO - Processing file /opt/airflow/dags/airflow_dag_api_to_kafka.py for tasks to queue
[2026-01-30T10:04:56.307+0000] {logging_mixin.py:188} INFO - [2026-01-30T10:04:56.306+0000] {dagbag.py:538} INFO - Filling up the DagBag from /opt/airflow/dags/airflow_dag_api_to_kafka.py
[2026-01-30T10:04:56.408+0000] {processor.py:840} INFO - DAG(s) 'tle_api_to_kafka_streaming' retrieved from /opt/airflow/dags/airflow_dag_api_to_kafka.py
[2026-01-30T10:04:56.466+0000] {logging_mixin.py:188} INFO - [2026-01-30T10:04:56.466+0000] {dag.py:3036} INFO - Sync 1 DAGs
[2026-01-30T10:04:56.517+0000] {logging_mixin.py:188} INFO - [2026-01-30T10:04:56.516+0000] {dag.py:3823} INFO - Setting next_dagrun for tle_api_to_kafka_streaming to 2026-01-30 09:00:00+00:00, run_after=2026-01-30 10:00:00+00:00
[2026-01-30T10:04:56.551+0000] {processor.py:183} INFO - Processing /opt/airflow/dags/airflow_dag_api_to_kafka.py took 0.254 seconds
[2026-01-30T10:05:26.658+0000] {processor.py:161} INFO - Started process (PID=1807) to work on /opt/airflow/dags/airflow_dag_api_to_kafka.py
[2026-01-30T10:05:26.659+0000] {processor.py:830} INFO - Processing file /opt/airflow/dags/airflow_dag_api_to_kafka.py for tasks to queue
[2026-01-30T10:05:26.661+0000] {logging_mixin.py:188} INFO - [2026-01-30T10:05:26.660+0000] {dagbag.py:538} INFO - Filling up the DagBag from /opt/airflow/dags/airflow_dag_api_to_kafka.py
[2026-01-30T10:05:26.761+0000] {processor.py:840} INFO - DAG(s) 'tle_api_to_kafka_streaming' retrieved from /opt/airflow/dags/airflow_dag_api_to_kafka.py
[2026-01-30T10:05:26.818+0000] {logging_mixin.py:188} INFO - [2026-01-30T10:05:26.817+0000] {dag.py:3036} INFO - Sync 1 DAGs
[2026-01-30T10:05:26.866+0000] {logging_mixin.py:188} INFO - [2026-01-30T10:05:26.865+0000] {dag.py:3823} INFO - Setting next_dagrun for tle_api_to_kafka_streaming to 2026-01-30 09:00:00+00:00, run_after=2026-01-30 10:00:00+00:00
[2026-01-30T10:05:26.902+0000] {processor.py:183} INFO - Processing /opt/airflow/dags/airflow_dag_api_to_kafka.py took 0.251 seconds
[2026-01-30T10:05:57.016+0000] {processor.py:161} INFO - Started process (PID=1817) to work on /opt/airflow/dags/airflow_dag_api_to_kafka.py
[2026-01-30T10:05:57.017+0000] {processor.py:830} INFO - Processing file /opt/airflow/dags/airflow_dag_api_to_kafka.py for tasks to queue
[2026-01-30T10:05:57.019+0000] {logging_mixin.py:188} INFO - [2026-01-30T10:05:57.018+0000] {dagbag.py:538} INFO - Filling up the DagBag from /opt/airflow/dags/airflow_dag_api_to_kafka.py
[2026-01-30T10:05:57.116+0000] {processor.py:840} INFO - DAG(s) 'tle_api_to_kafka_streaming' retrieved from /opt/airflow/dags/airflow_dag_api_to_kafka.py
[2026-01-30T10:05:57.172+0000] {logging_mixin.py:188} INFO - [2026-01-30T10:05:57.172+0000] {dag.py:3036} INFO - Sync 1 DAGs
[2026-01-30T10:05:57.222+0000] {logging_mixin.py:188} INFO - [2026-01-30T10:05:57.222+0000] {dag.py:3823} INFO - Setting next_dagrun for tle_api_to_kafka_streaming to 2026-01-30 09:00:00+00:00, run_after=2026-01-30 10:00:00+00:00
[2026-01-30T10:05:57.256+0000] {processor.py:183} INFO - Processing /opt/airflow/dags/airflow_dag_api_to_kafka.py took 0.247 seconds
[2026-01-30T10:06:27.374+0000] {processor.py:161} INFO - Started process (PID=1827) to work on /opt/airflow/dags/airflow_dag_api_to_kafka.py
[2026-01-30T10:06:27.376+0000] {processor.py:830} INFO - Processing file /opt/airflow/dags/airflow_dag_api_to_kafka.py for tasks to queue
[2026-01-30T10:06:27.377+0000] {logging_mixin.py:188} INFO - [2026-01-30T10:06:27.377+0000] {dagbag.py:538} INFO - Filling up the DagBag from /opt/airflow/dags/airflow_dag_api_to_kafka.py
[2026-01-30T10:06:27.476+0000] {processor.py:840} INFO - DAG(s) 'tle_api_to_kafka_streaming' retrieved from /opt/airflow/dags/airflow_dag_api_to_kafka.py
[2026-01-30T10:06:27.533+0000] {logging_mixin.py:188} INFO - [2026-01-30T10:06:27.533+0000] {dag.py:3036} INFO - Sync 1 DAGs
[2026-01-30T10:06:27.581+0000] {logging_mixin.py:188} INFO - [2026-01-30T10:06:27.581+0000] {dag.py:3823} INFO - Setting next_dagrun for tle_api_to_kafka_streaming to 2026-01-30 09:00:00+00:00, run_after=2026-01-30 10:00:00+00:00
[2026-01-30T10:06:27.615+0000] {processor.py:183} INFO - Processing /opt/airflow/dags/airflow_dag_api_to_kafka.py took 0.248 seconds
[2026-01-30T10:06:57.729+0000] {processor.py:161} INFO - Started process (PID=1837) to work on /opt/airflow/dags/airflow_dag_api_to_kafka.py
[2026-01-30T10:06:57.730+0000] {processor.py:830} INFO - Processing file /opt/airflow/dags/airflow_dag_api_to_kafka.py for tasks to queue
[2026-01-30T10:06:57.732+0000] {logging_mixin.py:188} INFO - [2026-01-30T10:06:57.731+0000] {dagbag.py:538} INFO - Filling up the DagBag from /opt/airflow/dags/airflow_dag_api_to_kafka.py
[2026-01-30T10:06:57.828+0000] {processor.py:840} INFO - DAG(s) 'tle_api_to_kafka_streaming' retrieved from /opt/airflow/dags/airflow_dag_api_to_kafka.py
[2026-01-30T10:06:57.885+0000] {logging_mixin.py:188} INFO - [2026-01-30T10:06:57.885+0000] {dag.py:3036} INFO - Sync 1 DAGs
[2026-01-30T10:06:57.933+0000] {logging_mixin.py:188} INFO - [2026-01-30T10:06:57.933+0000] {dag.py:3823} INFO - Setting next_dagrun for tle_api_to_kafka_streaming to 2026-01-30 09:00:00+00:00, run_after=2026-01-30 10:00:00+00:00
[2026-01-30T10:06:57.970+0000] {processor.py:183} INFO - Processing /opt/airflow/dags/airflow_dag_api_to_kafka.py took 0.248 seconds
[2026-01-30T10:07:28.085+0000] {processor.py:161} INFO - Started process (PID=1847) to work on /opt/airflow/dags/airflow_dag_api_to_kafka.py
[2026-01-30T10:07:28.086+0000] {processor.py:830} INFO - Processing file /opt/airflow/dags/airflow_dag_api_to_kafka.py for tasks to queue
[2026-01-30T10:07:28.088+0000] {logging_mixin.py:188} INFO - [2026-01-30T10:07:28.087+0000] {dagbag.py:538} INFO - Filling up the DagBag from /opt/airflow/dags/airflow_dag_api_to_kafka.py
[2026-01-30T10:07:28.185+0000] {processor.py:840} INFO - DAG(s) 'tle_api_to_kafka_streaming' retrieved from /opt/airflow/dags/airflow_dag_api_to_kafka.py
[2026-01-30T10:07:28.242+0000] {logging_mixin.py:188} INFO - [2026-01-30T10:07:28.242+0000] {dag.py:3036} INFO - Sync 1 DAGs
[2026-01-30T10:07:28.295+0000] {logging_mixin.py:188} INFO - [2026-01-30T10:07:28.295+0000] {dag.py:3823} INFO - Setting next_dagrun for tle_api_to_kafka_streaming to 2026-01-30 09:00:00+00:00, run_after=2026-01-30 10:00:00+00:00
[2026-01-30T10:07:28.331+0000] {processor.py:183} INFO - Processing /opt/airflow/dags/airflow_dag_api_to_kafka.py took 0.252 seconds
[2026-01-30T10:07:58.422+0000] {processor.py:161} INFO - Started process (PID=1857) to work on /opt/airflow/dags/airflow_dag_api_to_kafka.py
[2026-01-30T10:07:58.424+0000] {processor.py:830} INFO - Processing file /opt/airflow/dags/airflow_dag_api_to_kafka.py for tasks to queue
[2026-01-30T10:07:58.425+0000] {logging_mixin.py:188} INFO - [2026-01-30T10:07:58.424+0000] {dagbag.py:538} INFO - Filling up the DagBag from /opt/airflow/dags/airflow_dag_api_to_kafka.py
[2026-01-30T10:07:58.522+0000] {processor.py:840} INFO - DAG(s) 'tle_api_to_kafka_streaming' retrieved from /opt/airflow/dags/airflow_dag_api_to_kafka.py
[2026-01-30T10:07:58.574+0000] {logging_mixin.py:188} INFO - [2026-01-30T10:07:58.574+0000] {dag.py:3036} INFO - Sync 1 DAGs
[2026-01-30T10:07:58.621+0000] {logging_mixin.py:188} INFO - [2026-01-30T10:07:58.621+0000] {dag.py:3823} INFO - Setting next_dagrun for tle_api_to_kafka_streaming to 2026-01-30 09:00:00+00:00, run_after=2026-01-30 10:00:00+00:00
[2026-01-30T10:07:58.655+0000] {processor.py:183} INFO - Processing /opt/airflow/dags/airflow_dag_api_to_kafka.py took 0.238 seconds
[2026-01-30T10:08:28.744+0000] {processor.py:161} INFO - Started process (PID=1867) to work on /opt/airflow/dags/airflow_dag_api_to_kafka.py
[2026-01-30T10:08:28.745+0000] {processor.py:830} INFO - Processing file /opt/airflow/dags/airflow_dag_api_to_kafka.py for tasks to queue
[2026-01-30T10:08:28.746+0000] {logging_mixin.py:188} INFO - [2026-01-30T10:08:28.746+0000] {dagbag.py:538} INFO - Filling up the DagBag from /opt/airflow/dags/airflow_dag_api_to_kafka.py
[2026-01-30T10:08:28.826+0000] {processor.py:840} INFO - DAG(s) 'tle_api_to_kafka_streaming' retrieved from /opt/airflow/dags/airflow_dag_api_to_kafka.py
[2026-01-30T10:08:28.875+0000] {logging_mixin.py:188} INFO - [2026-01-30T10:08:28.874+0000] {dag.py:3036} INFO - Sync 1 DAGs
[2026-01-30T10:08:28.918+0000] {logging_mixin.py:188} INFO - [2026-01-30T10:08:28.918+0000] {dag.py:3823} INFO - Setting next_dagrun for tle_api_to_kafka_streaming to 2026-01-30 09:00:00+00:00, run_after=2026-01-30 10:00:00+00:00
[2026-01-30T10:08:28.950+0000] {processor.py:183} INFO - Processing /opt/airflow/dags/airflow_dag_api_to_kafka.py took 0.212 seconds
[2026-01-30T10:08:59.068+0000] {processor.py:161} INFO - Started process (PID=1877) to work on /opt/airflow/dags/airflow_dag_api_to_kafka.py
[2026-01-30T10:08:59.069+0000] {processor.py:830} INFO - Processing file /opt/airflow/dags/airflow_dag_api_to_kafka.py for tasks to queue
[2026-01-30T10:08:59.070+0000] {logging_mixin.py:188} INFO - [2026-01-30T10:08:59.070+0000] {dagbag.py:538} INFO - Filling up the DagBag from /opt/airflow/dags/airflow_dag_api_to_kafka.py
[2026-01-30T10:08:59.142+0000] {processor.py:840} INFO - DAG(s) 'tle_api_to_kafka_streaming' retrieved from /opt/airflow/dags/airflow_dag_api_to_kafka.py
[2026-01-30T10:08:59.189+0000] {logging_mixin.py:188} INFO - [2026-01-30T10:08:59.188+0000] {dag.py:3036} INFO - Sync 1 DAGs
[2026-01-30T10:08:59.233+0000] {logging_mixin.py:188} INFO - [2026-01-30T10:08:59.233+0000] {dag.py:3823} INFO - Setting next_dagrun for tle_api_to_kafka_streaming to 2026-01-30 09:00:00+00:00, run_after=2026-01-30 10:00:00+00:00
[2026-01-30T10:08:59.263+0000] {processor.py:183} INFO - Processing /opt/airflow/dags/airflow_dag_api_to_kafka.py took 0.200 seconds
[2026-01-30T10:09:29.424+0000] {processor.py:161} INFO - Started process (PID=1887) to work on /opt/airflow/dags/airflow_dag_api_to_kafka.py
[2026-01-30T10:09:29.425+0000] {processor.py:830} INFO - Processing file /opt/airflow/dags/airflow_dag_api_to_kafka.py for tasks to queue
[2026-01-30T10:09:29.427+0000] {logging_mixin.py:188} INFO - [2026-01-30T10:09:29.426+0000] {dagbag.py:538} INFO - Filling up the DagBag from /opt/airflow/dags/airflow_dag_api_to_kafka.py
[2026-01-30T10:09:29.525+0000] {processor.py:840} INFO - DAG(s) 'tle_api_to_kafka_streaming' retrieved from /opt/airflow/dags/airflow_dag_api_to_kafka.py
[2026-01-30T10:09:29.585+0000] {logging_mixin.py:188} INFO - [2026-01-30T10:09:29.584+0000] {dag.py:3036} INFO - Sync 1 DAGs
[2026-01-30T10:09:29.634+0000] {logging_mixin.py:188} INFO - [2026-01-30T10:09:29.633+0000] {dag.py:3823} INFO - Setting next_dagrun for tle_api_to_kafka_streaming to 2026-01-30 09:00:00+00:00, run_after=2026-01-30 10:00:00+00:00
[2026-01-30T10:09:29.666+0000] {processor.py:183} INFO - Processing /opt/airflow/dags/airflow_dag_api_to_kafka.py took 0.246 seconds
[2026-01-30T10:09:59.781+0000] {processor.py:161} INFO - Started process (PID=1897) to work on /opt/airflow/dags/airflow_dag_api_to_kafka.py
[2026-01-30T10:09:59.783+0000] {processor.py:830} INFO - Processing file /opt/airflow/dags/airflow_dag_api_to_kafka.py for tasks to queue
[2026-01-30T10:09:59.784+0000] {logging_mixin.py:188} INFO - [2026-01-30T10:09:59.784+0000] {dagbag.py:538} INFO - Filling up the DagBag from /opt/airflow/dags/airflow_dag_api_to_kafka.py
[2026-01-30T10:09:59.881+0000] {processor.py:840} INFO - DAG(s) 'tle_api_to_kafka_streaming' retrieved from /opt/airflow/dags/airflow_dag_api_to_kafka.py
[2026-01-30T10:09:59.939+0000] {logging_mixin.py:188} INFO - [2026-01-30T10:09:59.938+0000] {dag.py:3036} INFO - Sync 1 DAGs
[2026-01-30T10:09:59.995+0000] {logging_mixin.py:188} INFO - [2026-01-30T10:09:59.994+0000] {dag.py:3823} INFO - Setting next_dagrun for tle_api_to_kafka_streaming to 2026-01-30 09:00:00+00:00, run_after=2026-01-30 10:00:00+00:00
[2026-01-30T10:10:00.032+0000] {processor.py:183} INFO - Processing /opt/airflow/dags/airflow_dag_api_to_kafka.py took 0.257 seconds
[2026-01-30T10:10:30.134+0000] {processor.py:161} INFO - Started process (PID=1907) to work on /opt/airflow/dags/airflow_dag_api_to_kafka.py
[2026-01-30T10:10:30.135+0000] {processor.py:830} INFO - Processing file /opt/airflow/dags/airflow_dag_api_to_kafka.py for tasks to queue
[2026-01-30T10:10:30.136+0000] {logging_mixin.py:188} INFO - [2026-01-30T10:10:30.136+0000] {dagbag.py:538} INFO - Filling up the DagBag from /opt/airflow/dags/airflow_dag_api_to_kafka.py
[2026-01-30T10:10:30.233+0000] {processor.py:840} INFO - DAG(s) 'tle_api_to_kafka_streaming' retrieved from /opt/airflow/dags/airflow_dag_api_to_kafka.py
[2026-01-30T10:10:30.291+0000] {logging_mixin.py:188} INFO - [2026-01-30T10:10:30.291+0000] {dag.py:3036} INFO - Sync 1 DAGs
[2026-01-30T10:10:30.342+0000] {logging_mixin.py:188} INFO - [2026-01-30T10:10:30.341+0000] {dag.py:3823} INFO - Setting next_dagrun for tle_api_to_kafka_streaming to 2026-01-30 09:00:00+00:00, run_after=2026-01-30 10:00:00+00:00
[2026-01-30T10:10:30.375+0000] {processor.py:183} INFO - Processing /opt/airflow/dags/airflow_dag_api_to_kafka.py took 0.247 seconds
[2026-01-30T10:11:00.489+0000] {processor.py:161} INFO - Started process (PID=1917) to work on /opt/airflow/dags/airflow_dag_api_to_kafka.py
[2026-01-30T10:11:00.491+0000] {processor.py:830} INFO - Processing file /opt/airflow/dags/airflow_dag_api_to_kafka.py for tasks to queue
[2026-01-30T10:11:00.492+0000] {logging_mixin.py:188} INFO - [2026-01-30T10:11:00.491+0000] {dagbag.py:538} INFO - Filling up the DagBag from /opt/airflow/dags/airflow_dag_api_to_kafka.py
[2026-01-30T10:11:00.594+0000] {processor.py:840} INFO - DAG(s) 'tle_api_to_kafka_streaming' retrieved from /opt/airflow/dags/airflow_dag_api_to_kafka.py
[2026-01-30T10:11:00.650+0000] {logging_mixin.py:188} INFO - [2026-01-30T10:11:00.650+0000] {dag.py:3036} INFO - Sync 1 DAGs
[2026-01-30T10:11:00.699+0000] {logging_mixin.py:188} INFO - [2026-01-30T10:11:00.699+0000] {dag.py:3823} INFO - Setting next_dagrun for tle_api_to_kafka_streaming to 2026-01-30 09:00:00+00:00, run_after=2026-01-30 10:00:00+00:00
[2026-01-30T10:11:00.733+0000] {processor.py:183} INFO - Processing /opt/airflow/dags/airflow_dag_api_to_kafka.py took 0.250 seconds
[2026-01-30T10:11:30.830+0000] {processor.py:161} INFO - Started process (PID=1927) to work on /opt/airflow/dags/airflow_dag_api_to_kafka.py
[2026-01-30T10:11:30.832+0000] {processor.py:830} INFO - Processing file /opt/airflow/dags/airflow_dag_api_to_kafka.py for tasks to queue
[2026-01-30T10:11:30.833+0000] {logging_mixin.py:188} INFO - [2026-01-30T10:11:30.833+0000] {dagbag.py:538} INFO - Filling up the DagBag from /opt/airflow/dags/airflow_dag_api_to_kafka.py
[2026-01-30T10:11:30.914+0000] {processor.py:840} INFO - DAG(s) 'tle_api_to_kafka_streaming' retrieved from /opt/airflow/dags/airflow_dag_api_to_kafka.py
[2026-01-30T10:11:30.967+0000] {logging_mixin.py:188} INFO - [2026-01-30T10:11:30.967+0000] {dag.py:3036} INFO - Sync 1 DAGs
[2026-01-30T10:11:31.009+0000] {logging_mixin.py:188} INFO - [2026-01-30T10:11:31.009+0000] {dag.py:3823} INFO - Setting next_dagrun for tle_api_to_kafka_streaming to 2026-01-30 09:00:00+00:00, run_after=2026-01-30 10:00:00+00:00
[2026-01-30T10:11:31.041+0000] {processor.py:183} INFO - Processing /opt/airflow/dags/airflow_dag_api_to_kafka.py took 0.217 seconds
[2026-01-30T10:12:01.143+0000] {processor.py:161} INFO - Started process (PID=1937) to work on /opt/airflow/dags/airflow_dag_api_to_kafka.py
[2026-01-30T10:12:01.144+0000] {processor.py:830} INFO - Processing file /opt/airflow/dags/airflow_dag_api_to_kafka.py for tasks to queue
[2026-01-30T10:12:01.146+0000] {logging_mixin.py:188} INFO - [2026-01-30T10:12:01.145+0000] {dagbag.py:538} INFO - Filling up the DagBag from /opt/airflow/dags/airflow_dag_api_to_kafka.py
[2026-01-30T10:12:01.238+0000] {processor.py:840} INFO - DAG(s) 'tle_api_to_kafka_streaming' retrieved from /opt/airflow/dags/airflow_dag_api_to_kafka.py
[2026-01-30T10:12:01.290+0000] {logging_mixin.py:188} INFO - [2026-01-30T10:12:01.290+0000] {dag.py:3036} INFO - Sync 1 DAGs
[2026-01-30T10:12:01.338+0000] {logging_mixin.py:188} INFO - [2026-01-30T10:12:01.337+0000] {dag.py:3823} INFO - Setting next_dagrun for tle_api_to_kafka_streaming to 2026-01-30 09:00:00+00:00, run_after=2026-01-30 10:00:00+00:00
[2026-01-30T10:12:01.370+0000] {processor.py:183} INFO - Processing /opt/airflow/dags/airflow_dag_api_to_kafka.py took 0.233 seconds
[2026-01-30T10:12:31.458+0000] {processor.py:161} INFO - Started process (PID=1947) to work on /opt/airflow/dags/airflow_dag_api_to_kafka.py
[2026-01-30T10:12:31.459+0000] {processor.py:830} INFO - Processing file /opt/airflow/dags/airflow_dag_api_to_kafka.py for tasks to queue
[2026-01-30T10:12:31.461+0000] {logging_mixin.py:188} INFO - [2026-01-30T10:12:31.460+0000] {dagbag.py:538} INFO - Filling up the DagBag from /opt/airflow/dags/airflow_dag_api_to_kafka.py
[2026-01-30T10:12:31.554+0000] {processor.py:840} INFO - DAG(s) 'tle_api_to_kafka_streaming' retrieved from /opt/airflow/dags/airflow_dag_api_to_kafka.py
[2026-01-30T10:12:31.606+0000] {logging_mixin.py:188} INFO - [2026-01-30T10:12:31.605+0000] {dag.py:3036} INFO - Sync 1 DAGs
[2026-01-30T10:12:31.652+0000] {logging_mixin.py:188} INFO - [2026-01-30T10:12:31.652+0000] {dag.py:3823} INFO - Setting next_dagrun for tle_api_to_kafka_streaming to 2026-01-30 09:00:00+00:00, run_after=2026-01-30 10:00:00+00:00
[2026-01-30T10:12:31.686+0000] {processor.py:183} INFO - Processing /opt/airflow/dags/airflow_dag_api_to_kafka.py took 0.234 seconds
[2026-01-30T10:13:01.772+0000] {processor.py:161} INFO - Started process (PID=1957) to work on /opt/airflow/dags/airflow_dag_api_to_kafka.py
[2026-01-30T10:13:01.773+0000] {processor.py:830} INFO - Processing file /opt/airflow/dags/airflow_dag_api_to_kafka.py for tasks to queue
[2026-01-30T10:13:01.775+0000] {logging_mixin.py:188} INFO - [2026-01-30T10:13:01.774+0000] {dagbag.py:538} INFO - Filling up the DagBag from /opt/airflow/dags/airflow_dag_api_to_kafka.py
[2026-01-30T10:13:01.868+0000] {processor.py:840} INFO - DAG(s) 'tle_api_to_kafka_streaming' retrieved from /opt/airflow/dags/airflow_dag_api_to_kafka.py
[2026-01-30T10:13:01.919+0000] {logging_mixin.py:188} INFO - [2026-01-30T10:13:01.918+0000] {dag.py:3036} INFO - Sync 1 DAGs
[2026-01-30T10:13:01.965+0000] {logging_mixin.py:188} INFO - [2026-01-30T10:13:01.965+0000] {dag.py:3823} INFO - Setting next_dagrun for tle_api_to_kafka_streaming to 2026-01-30 09:00:00+00:00, run_after=2026-01-30 10:00:00+00:00
[2026-01-30T10:13:02.002+0000] {processor.py:183} INFO - Processing /opt/airflow/dags/airflow_dag_api_to_kafka.py took 0.237 seconds
[2026-01-30T10:13:32.122+0000] {processor.py:161} INFO - Started process (PID=1967) to work on /opt/airflow/dags/airflow_dag_api_to_kafka.py
[2026-01-30T10:13:32.123+0000] {processor.py:830} INFO - Processing file /opt/airflow/dags/airflow_dag_api_to_kafka.py for tasks to queue
[2026-01-30T10:13:32.125+0000] {logging_mixin.py:188} INFO - [2026-01-30T10:13:32.124+0000] {dagbag.py:538} INFO - Filling up the DagBag from /opt/airflow/dags/airflow_dag_api_to_kafka.py
[2026-01-30T10:13:32.218+0000] {processor.py:840} INFO - DAG(s) 'tle_api_to_kafka_streaming' retrieved from /opt/airflow/dags/airflow_dag_api_to_kafka.py
[2026-01-30T10:13:32.272+0000] {logging_mixin.py:188} INFO - [2026-01-30T10:13:32.272+0000] {dag.py:3036} INFO - Sync 1 DAGs
[2026-01-30T10:13:32.322+0000] {logging_mixin.py:188} INFO - [2026-01-30T10:13:32.321+0000] {dag.py:3823} INFO - Setting next_dagrun for tle_api_to_kafka_streaming to 2026-01-30 09:00:00+00:00, run_after=2026-01-30 10:00:00+00:00
[2026-01-30T10:13:32.356+0000] {processor.py:183} INFO - Processing /opt/airflow/dags/airflow_dag_api_to_kafka.py took 0.239 seconds
[2026-01-30T10:14:02.470+0000] {processor.py:161} INFO - Started process (PID=1977) to work on /opt/airflow/dags/airflow_dag_api_to_kafka.py
[2026-01-30T10:14:02.472+0000] {processor.py:830} INFO - Processing file /opt/airflow/dags/airflow_dag_api_to_kafka.py for tasks to queue
[2026-01-30T10:14:02.473+0000] {logging_mixin.py:188} INFO - [2026-01-30T10:14:02.473+0000] {dagbag.py:538} INFO - Filling up the DagBag from /opt/airflow/dags/airflow_dag_api_to_kafka.py
[2026-01-30T10:14:02.571+0000] {processor.py:840} INFO - DAG(s) 'tle_api_to_kafka_streaming' retrieved from /opt/airflow/dags/airflow_dag_api_to_kafka.py
[2026-01-30T10:14:02.628+0000] {logging_mixin.py:188} INFO - [2026-01-30T10:14:02.628+0000] {dag.py:3036} INFO - Sync 1 DAGs
[2026-01-30T10:14:02.677+0000] {logging_mixin.py:188} INFO - [2026-01-30T10:14:02.676+0000] {dag.py:3823} INFO - Setting next_dagrun for tle_api_to_kafka_streaming to 2026-01-30 09:00:00+00:00, run_after=2026-01-30 10:00:00+00:00
[2026-01-30T10:14:02.710+0000] {processor.py:183} INFO - Processing /opt/airflow/dags/airflow_dag_api_to_kafka.py took 0.247 seconds
[2026-01-30T10:14:32.859+0000] {processor.py:161} INFO - Started process (PID=1987) to work on /opt/airflow/dags/airflow_dag_api_to_kafka.py
[2026-01-30T10:14:32.860+0000] {processor.py:830} INFO - Processing file /opt/airflow/dags/airflow_dag_api_to_kafka.py for tasks to queue
[2026-01-30T10:14:32.862+0000] {logging_mixin.py:188} INFO - [2026-01-30T10:14:32.861+0000] {dagbag.py:538} INFO - Filling up the DagBag from /opt/airflow/dags/airflow_dag_api_to_kafka.py
[2026-01-30T10:14:32.957+0000] {processor.py:840} INFO - DAG(s) 'tle_api_to_kafka_streaming' retrieved from /opt/airflow/dags/airflow_dag_api_to_kafka.py
[2026-01-30T10:14:33.010+0000] {logging_mixin.py:188} INFO - [2026-01-30T10:14:33.010+0000] {dag.py:3036} INFO - Sync 1 DAGs
[2026-01-30T10:14:33.052+0000] {logging_mixin.py:188} INFO - [2026-01-30T10:14:33.051+0000] {dag.py:3823} INFO - Setting next_dagrun for tle_api_to_kafka_streaming to 2026-01-30 09:00:00+00:00, run_after=2026-01-30 10:00:00+00:00
[2026-01-30T10:14:33.084+0000] {processor.py:183} INFO - Processing /opt/airflow/dags/airflow_dag_api_to_kafka.py took 0.231 seconds
[2026-01-30T10:15:03.197+0000] {processor.py:161} INFO - Started process (PID=1997) to work on /opt/airflow/dags/airflow_dag_api_to_kafka.py
[2026-01-30T10:15:03.198+0000] {processor.py:830} INFO - Processing file /opt/airflow/dags/airflow_dag_api_to_kafka.py for tasks to queue
[2026-01-30T10:15:03.200+0000] {logging_mixin.py:188} INFO - [2026-01-30T10:15:03.199+0000] {dagbag.py:538} INFO - Filling up the DagBag from /opt/airflow/dags/airflow_dag_api_to_kafka.py
[2026-01-30T10:15:03.293+0000] {processor.py:840} INFO - DAG(s) 'tle_api_to_kafka_streaming' retrieved from /opt/airflow/dags/airflow_dag_api_to_kafka.py
[2026-01-30T10:15:03.346+0000] {logging_mixin.py:188} INFO - [2026-01-30T10:15:03.346+0000] {dag.py:3036} INFO - Sync 1 DAGs
[2026-01-30T10:15:03.395+0000] {logging_mixin.py:188} INFO - [2026-01-30T10:15:03.394+0000] {dag.py:3823} INFO - Setting next_dagrun for tle_api_to_kafka_streaming to 2026-01-30 09:00:00+00:00, run_after=2026-01-30 10:00:00+00:00
[2026-01-30T10:15:03.427+0000] {processor.py:183} INFO - Processing /opt/airflow/dags/airflow_dag_api_to_kafka.py took 0.236 seconds
[2026-01-30T10:15:33.508+0000] {processor.py:161} INFO - Started process (PID=2007) to work on /opt/airflow/dags/airflow_dag_api_to_kafka.py
[2026-01-30T10:15:33.509+0000] {processor.py:830} INFO - Processing file /opt/airflow/dags/airflow_dag_api_to_kafka.py for tasks to queue
[2026-01-30T10:15:33.510+0000] {logging_mixin.py:188} INFO - [2026-01-30T10:15:33.510+0000] {dagbag.py:538} INFO - Filling up the DagBag from /opt/airflow/dags/airflow_dag_api_to_kafka.py
[2026-01-30T10:15:33.591+0000] {processor.py:840} INFO - DAG(s) 'tle_api_to_kafka_streaming' retrieved from /opt/airflow/dags/airflow_dag_api_to_kafka.py
[2026-01-30T10:15:33.643+0000] {logging_mixin.py:188} INFO - [2026-01-30T10:15:33.642+0000] {dag.py:3036} INFO - Sync 1 DAGs
[2026-01-30T10:15:33.686+0000] {logging_mixin.py:188} INFO - [2026-01-30T10:15:33.686+0000] {dag.py:3823} INFO - Setting next_dagrun for tle_api_to_kafka_streaming to 2026-01-30 09:00:00+00:00, run_after=2026-01-30 10:00:00+00:00
[2026-01-30T10:15:33.715+0000] {processor.py:183} INFO - Processing /opt/airflow/dags/airflow_dag_api_to_kafka.py took 0.213 seconds
[2026-01-30T10:16:03.821+0000] {processor.py:161} INFO - Started process (PID=2017) to work on /opt/airflow/dags/airflow_dag_api_to_kafka.py
[2026-01-30T10:16:03.823+0000] {processor.py:830} INFO - Processing file /opt/airflow/dags/airflow_dag_api_to_kafka.py for tasks to queue
[2026-01-30T10:16:03.824+0000] {logging_mixin.py:188} INFO - [2026-01-30T10:16:03.824+0000] {dagbag.py:538} INFO - Filling up the DagBag from /opt/airflow/dags/airflow_dag_api_to_kafka.py
[2026-01-30T10:16:03.919+0000] {processor.py:840} INFO - DAG(s) 'tle_api_to_kafka_streaming' retrieved from /opt/airflow/dags/airflow_dag_api_to_kafka.py
[2026-01-30T10:16:03.967+0000] {logging_mixin.py:188} INFO - [2026-01-30T10:16:03.966+0000] {dag.py:3036} INFO - Sync 1 DAGs
[2026-01-30T10:16:04.013+0000] {logging_mixin.py:188} INFO - [2026-01-30T10:16:04.012+0000] {dag.py:3823} INFO - Setting next_dagrun for tle_api_to_kafka_streaming to 2026-01-30 09:00:00+00:00, run_after=2026-01-30 10:00:00+00:00
[2026-01-30T10:16:04.056+0000] {processor.py:183} INFO - Processing /opt/airflow/dags/airflow_dag_api_to_kafka.py took 0.241 seconds
[2026-01-30T10:16:34.132+0000] {processor.py:161} INFO - Started process (PID=2027) to work on /opt/airflow/dags/airflow_dag_api_to_kafka.py
[2026-01-30T10:16:34.134+0000] {processor.py:830} INFO - Processing file /opt/airflow/dags/airflow_dag_api_to_kafka.py for tasks to queue
[2026-01-30T10:16:34.135+0000] {logging_mixin.py:188} INFO - [2026-01-30T10:16:34.134+0000] {dagbag.py:538} INFO - Filling up the DagBag from /opt/airflow/dags/airflow_dag_api_to_kafka.py
[2026-01-30T10:16:34.227+0000] {processor.py:840} INFO - DAG(s) 'tle_api_to_kafka_streaming' retrieved from /opt/airflow/dags/airflow_dag_api_to_kafka.py
[2026-01-30T10:16:34.281+0000] {logging_mixin.py:188} INFO - [2026-01-30T10:16:34.281+0000] {dag.py:3036} INFO - Sync 1 DAGs
[2026-01-30T10:16:34.330+0000] {logging_mixin.py:188} INFO - [2026-01-30T10:16:34.329+0000] {dag.py:3823} INFO - Setting next_dagrun for tle_api_to_kafka_streaming to 2026-01-30 09:00:00+00:00, run_after=2026-01-30 10:00:00+00:00
[2026-01-30T10:16:34.358+0000] {processor.py:183} INFO - Processing /opt/airflow/dags/airflow_dag_api_to_kafka.py took 0.232 seconds
[2026-01-30T10:17:04.457+0000] {processor.py:161} INFO - Started process (PID=2037) to work on /opt/airflow/dags/airflow_dag_api_to_kafka.py
[2026-01-30T10:17:04.458+0000] {processor.py:830} INFO - Processing file /opt/airflow/dags/airflow_dag_api_to_kafka.py for tasks to queue
[2026-01-30T10:17:04.460+0000] {logging_mixin.py:188} INFO - [2026-01-30T10:17:04.459+0000] {dagbag.py:538} INFO - Filling up the DagBag from /opt/airflow/dags/airflow_dag_api_to_kafka.py
[2026-01-30T10:17:04.560+0000] {processor.py:840} INFO - DAG(s) 'tle_api_to_kafka_streaming' retrieved from /opt/airflow/dags/airflow_dag_api_to_kafka.py
[2026-01-30T10:17:04.617+0000] {logging_mixin.py:188} INFO - [2026-01-30T10:17:04.616+0000] {dag.py:3036} INFO - Sync 1 DAGs
[2026-01-30T10:17:04.664+0000] {logging_mixin.py:188} INFO - [2026-01-30T10:17:04.664+0000] {dag.py:3823} INFO - Setting next_dagrun for tle_api_to_kafka_streaming to 2026-01-30 09:00:00+00:00, run_after=2026-01-30 10:00:00+00:00
[2026-01-30T10:17:04.700+0000] {processor.py:183} INFO - Processing /opt/airflow/dags/airflow_dag_api_to_kafka.py took 0.250 seconds
[2026-01-30T10:17:34.815+0000] {processor.py:161} INFO - Started process (PID=2047) to work on /opt/airflow/dags/airflow_dag_api_to_kafka.py
[2026-01-30T10:17:34.816+0000] {processor.py:830} INFO - Processing file /opt/airflow/dags/airflow_dag_api_to_kafka.py for tasks to queue
[2026-01-30T10:17:34.818+0000] {logging_mixin.py:188} INFO - [2026-01-30T10:17:34.817+0000] {dagbag.py:538} INFO - Filling up the DagBag from /opt/airflow/dags/airflow_dag_api_to_kafka.py
[2026-01-30T10:17:34.912+0000] {processor.py:840} INFO - DAG(s) 'tle_api_to_kafka_streaming' retrieved from /opt/airflow/dags/airflow_dag_api_to_kafka.py
[2026-01-30T10:17:34.967+0000] {logging_mixin.py:188} INFO - [2026-01-30T10:17:34.967+0000] {dag.py:3036} INFO - Sync 1 DAGs
[2026-01-30T10:17:35.018+0000] {logging_mixin.py:188} INFO - [2026-01-30T10:17:35.018+0000] {dag.py:3823} INFO - Setting next_dagrun for tle_api_to_kafka_streaming to 2026-01-30 09:00:00+00:00, run_after=2026-01-30 10:00:00+00:00
[2026-01-30T10:17:35.054+0000] {processor.py:183} INFO - Processing /opt/airflow/dags/airflow_dag_api_to_kafka.py took 0.245 seconds
[2026-01-30T10:18:05.161+0000] {processor.py:161} INFO - Started process (PID=2057) to work on /opt/airflow/dags/airflow_dag_api_to_kafka.py
[2026-01-30T10:18:05.162+0000] {processor.py:830} INFO - Processing file /opt/airflow/dags/airflow_dag_api_to_kafka.py for tasks to queue
[2026-01-30T10:18:05.164+0000] {logging_mixin.py:188} INFO - [2026-01-30T10:18:05.163+0000] {dagbag.py:538} INFO - Filling up the DagBag from /opt/airflow/dags/airflow_dag_api_to_kafka.py
[2026-01-30T10:18:05.260+0000] {processor.py:840} INFO - DAG(s) 'tle_api_to_kafka_streaming' retrieved from /opt/airflow/dags/airflow_dag_api_to_kafka.py
[2026-01-30T10:18:05.317+0000] {logging_mixin.py:188} INFO - [2026-01-30T10:18:05.317+0000] {dag.py:3036} INFO - Sync 1 DAGs
[2026-01-30T10:18:05.368+0000] {logging_mixin.py:188} INFO - [2026-01-30T10:18:05.368+0000] {dag.py:3823} INFO - Setting next_dagrun for tle_api_to_kafka_streaming to 2026-01-30 09:00:00+00:00, run_after=2026-01-30 10:00:00+00:00
[2026-01-30T10:18:05.401+0000] {processor.py:183} INFO - Processing /opt/airflow/dags/airflow_dag_api_to_kafka.py took 0.247 seconds
[2026-01-30T10:18:35.514+0000] {processor.py:161} INFO - Started process (PID=2067) to work on /opt/airflow/dags/airflow_dag_api_to_kafka.py
[2026-01-30T10:18:35.515+0000] {processor.py:830} INFO - Processing file /opt/airflow/dags/airflow_dag_api_to_kafka.py for tasks to queue
[2026-01-30T10:18:35.517+0000] {logging_mixin.py:188} INFO - [2026-01-30T10:18:35.516+0000] {dagbag.py:538} INFO - Filling up the DagBag from /opt/airflow/dags/airflow_dag_api_to_kafka.py
[2026-01-30T10:18:35.618+0000] {processor.py:840} INFO - DAG(s) 'tle_api_to_kafka_streaming' retrieved from /opt/airflow/dags/airflow_dag_api_to_kafka.py
[2026-01-30T10:18:35.676+0000] {logging_mixin.py:188} INFO - [2026-01-30T10:18:35.676+0000] {dag.py:3036} INFO - Sync 1 DAGs
[2026-01-30T10:18:35.728+0000] {logging_mixin.py:188} INFO - [2026-01-30T10:18:35.728+0000] {dag.py:3823} INFO - Setting next_dagrun for tle_api_to_kafka_streaming to 2026-01-30 09:00:00+00:00, run_after=2026-01-30 10:00:00+00:00
[2026-01-30T10:18:35.765+0000] {processor.py:183} INFO - Processing /opt/airflow/dags/airflow_dag_api_to_kafka.py took 0.257 seconds
[2026-01-30T10:19:05.878+0000] {processor.py:161} INFO - Started process (PID=2077) to work on /opt/airflow/dags/airflow_dag_api_to_kafka.py
[2026-01-30T10:19:05.880+0000] {processor.py:830} INFO - Processing file /opt/airflow/dags/airflow_dag_api_to_kafka.py for tasks to queue
[2026-01-30T10:19:05.881+0000] {logging_mixin.py:188} INFO - [2026-01-30T10:19:05.881+0000] {dagbag.py:538} INFO - Filling up the DagBag from /opt/airflow/dags/airflow_dag_api_to_kafka.py
[2026-01-30T10:19:05.979+0000] {processor.py:840} INFO - DAG(s) 'tle_api_to_kafka_streaming' retrieved from /opt/airflow/dags/airflow_dag_api_to_kafka.py
[2026-01-30T10:19:06.037+0000] {logging_mixin.py:188} INFO - [2026-01-30T10:19:06.036+0000] {dag.py:3036} INFO - Sync 1 DAGs
[2026-01-30T10:19:06.085+0000] {logging_mixin.py:188} INFO - [2026-01-30T10:19:06.085+0000] {dag.py:3823} INFO - Setting next_dagrun for tle_api_to_kafka_streaming to 2026-01-30 09:00:00+00:00, run_after=2026-01-30 10:00:00+00:00
[2026-01-30T10:19:06.123+0000] {processor.py:183} INFO - Processing /opt/airflow/dags/airflow_dag_api_to_kafka.py took 0.251 seconds
[2026-01-30T10:19:36.259+0000] {processor.py:161} INFO - Started process (PID=2087) to work on /opt/airflow/dags/airflow_dag_api_to_kafka.py
[2026-01-30T10:19:36.260+0000] {processor.py:830} INFO - Processing file /opt/airflow/dags/airflow_dag_api_to_kafka.py for tasks to queue
[2026-01-30T10:19:36.261+0000] {logging_mixin.py:188} INFO - [2026-01-30T10:19:36.261+0000] {dagbag.py:538} INFO - Filling up the DagBag from /opt/airflow/dags/airflow_dag_api_to_kafka.py
[2026-01-30T10:19:36.362+0000] {processor.py:840} INFO - DAG(s) 'tle_api_to_kafka_streaming' retrieved from /opt/airflow/dags/airflow_dag_api_to_kafka.py
[2026-01-30T10:19:36.420+0000] {logging_mixin.py:188} INFO - [2026-01-30T10:19:36.420+0000] {dag.py:3036} INFO - Sync 1 DAGs
[2026-01-30T10:19:36.478+0000] {logging_mixin.py:188} INFO - [2026-01-30T10:19:36.478+0000] {dag.py:3823} INFO - Setting next_dagrun for tle_api_to_kafka_streaming to 2026-01-30 09:00:00+00:00, run_after=2026-01-30 10:00:00+00:00
[2026-01-30T10:19:36.516+0000] {processor.py:183} INFO - Processing /opt/airflow/dags/airflow_dag_api_to_kafka.py took 0.264 seconds
[2026-01-30T10:20:06.620+0000] {processor.py:161} INFO - Started process (PID=2097) to work on /opt/airflow/dags/airflow_dag_api_to_kafka.py
[2026-01-30T10:20:06.621+0000] {processor.py:830} INFO - Processing file /opt/airflow/dags/airflow_dag_api_to_kafka.py for tasks to queue
[2026-01-30T10:20:06.623+0000] {logging_mixin.py:188} INFO - [2026-01-30T10:20:06.622+0000] {dagbag.py:538} INFO - Filling up the DagBag from /opt/airflow/dags/airflow_dag_api_to_kafka.py
[2026-01-30T10:20:06.721+0000] {processor.py:840} INFO - DAG(s) 'tle_api_to_kafka_streaming' retrieved from /opt/airflow/dags/airflow_dag_api_to_kafka.py
[2026-01-30T10:20:06.778+0000] {logging_mixin.py:188} INFO - [2026-01-30T10:20:06.778+0000] {dag.py:3036} INFO - Sync 1 DAGs
[2026-01-30T10:20:06.827+0000] {logging_mixin.py:188} INFO - [2026-01-30T10:20:06.826+0000] {dag.py:3823} INFO - Setting next_dagrun for tle_api_to_kafka_streaming to 2026-01-30 09:00:00+00:00, run_after=2026-01-30 10:00:00+00:00
[2026-01-30T10:20:06.861+0000] {processor.py:183} INFO - Processing /opt/airflow/dags/airflow_dag_api_to_kafka.py took 0.247 seconds
[2026-01-30T10:20:36.974+0000] {processor.py:161} INFO - Started process (PID=2107) to work on /opt/airflow/dags/airflow_dag_api_to_kafka.py
[2026-01-30T10:20:36.976+0000] {processor.py:830} INFO - Processing file /opt/airflow/dags/airflow_dag_api_to_kafka.py for tasks to queue
[2026-01-30T10:20:36.977+0000] {logging_mixin.py:188} INFO - [2026-01-30T10:20:36.976+0000] {dagbag.py:538} INFO - Filling up the DagBag from /opt/airflow/dags/airflow_dag_api_to_kafka.py
[2026-01-30T10:20:37.073+0000] {processor.py:840} INFO - DAG(s) 'tle_api_to_kafka_streaming' retrieved from /opt/airflow/dags/airflow_dag_api_to_kafka.py
[2026-01-30T10:20:37.131+0000] {logging_mixin.py:188} INFO - [2026-01-30T10:20:37.131+0000] {dag.py:3036} INFO - Sync 1 DAGs
[2026-01-30T10:20:37.185+0000] {logging_mixin.py:188} INFO - [2026-01-30T10:20:37.185+0000] {dag.py:3823} INFO - Setting next_dagrun for tle_api_to_kafka_streaming to 2026-01-30 09:00:00+00:00, run_after=2026-01-30 10:00:00+00:00
[2026-01-30T10:20:37.224+0000] {processor.py:183} INFO - Processing /opt/airflow/dags/airflow_dag_api_to_kafka.py took 0.256 seconds
[2026-01-30T10:21:07.289+0000] {processor.py:161} INFO - Started process (PID=2117) to work on /opt/airflow/dags/airflow_dag_api_to_kafka.py
[2026-01-30T10:21:07.290+0000] {processor.py:830} INFO - Processing file /opt/airflow/dags/airflow_dag_api_to_kafka.py for tasks to queue
[2026-01-30T10:21:07.292+0000] {logging_mixin.py:188} INFO - [2026-01-30T10:21:07.291+0000] {dagbag.py:538} INFO - Filling up the DagBag from /opt/airflow/dags/airflow_dag_api_to_kafka.py
[2026-01-30T10:21:07.391+0000] {processor.py:840} INFO - DAG(s) 'tle_api_to_kafka_streaming' retrieved from /opt/airflow/dags/airflow_dag_api_to_kafka.py
[2026-01-30T10:21:07.447+0000] {logging_mixin.py:188} INFO - [2026-01-30T10:21:07.446+0000] {dag.py:3036} INFO - Sync 1 DAGs
[2026-01-30T10:21:07.491+0000] {logging_mixin.py:188} INFO - [2026-01-30T10:21:07.491+0000] {dag.py:3823} INFO - Setting next_dagrun for tle_api_to_kafka_streaming to 2026-01-30 09:00:00+00:00, run_after=2026-01-30 10:00:00+00:00
[2026-01-30T10:21:07.524+0000] {processor.py:183} INFO - Processing /opt/airflow/dags/airflow_dag_api_to_kafka.py took 0.241 seconds
[2026-01-30T10:21:37.620+0000] {processor.py:161} INFO - Started process (PID=2127) to work on /opt/airflow/dags/airflow_dag_api_to_kafka.py
[2026-01-30T10:21:37.621+0000] {processor.py:830} INFO - Processing file /opt/airflow/dags/airflow_dag_api_to_kafka.py for tasks to queue
[2026-01-30T10:21:37.622+0000] {logging_mixin.py:188} INFO - [2026-01-30T10:21:37.621+0000] {dagbag.py:538} INFO - Filling up the DagBag from /opt/airflow/dags/airflow_dag_api_to_kafka.py
[2026-01-30T10:21:37.723+0000] {processor.py:840} INFO - DAG(s) 'tle_api_to_kafka_streaming' retrieved from /opt/airflow/dags/airflow_dag_api_to_kafka.py
[2026-01-30T10:21:37.776+0000] {logging_mixin.py:188} INFO - [2026-01-30T10:21:37.776+0000] {dag.py:3036} INFO - Sync 1 DAGs
[2026-01-30T10:21:37.825+0000] {logging_mixin.py:188} INFO - [2026-01-30T10:21:37.825+0000] {dag.py:3823} INFO - Setting next_dagrun for tle_api_to_kafka_streaming to 2026-01-30 09:00:00+00:00, run_after=2026-01-30 10:00:00+00:00
[2026-01-30T10:21:37.853+0000] {processor.py:183} INFO - Processing /opt/airflow/dags/airflow_dag_api_to_kafka.py took 0.240 seconds
[2026-01-30T10:22:07.941+0000] {processor.py:161} INFO - Started process (PID=2137) to work on /opt/airflow/dags/airflow_dag_api_to_kafka.py
[2026-01-30T10:22:07.942+0000] {processor.py:830} INFO - Processing file /opt/airflow/dags/airflow_dag_api_to_kafka.py for tasks to queue
[2026-01-30T10:22:07.943+0000] {logging_mixin.py:188} INFO - [2026-01-30T10:22:07.943+0000] {dagbag.py:538} INFO - Filling up the DagBag from /opt/airflow/dags/airflow_dag_api_to_kafka.py
[2026-01-30T10:22:08.040+0000] {processor.py:840} INFO - DAG(s) 'tle_api_to_kafka_streaming' retrieved from /opt/airflow/dags/airflow_dag_api_to_kafka.py
[2026-01-30T10:22:08.095+0000] {logging_mixin.py:188} INFO - [2026-01-30T10:22:08.095+0000] {dag.py:3036} INFO - Sync 1 DAGs
[2026-01-30T10:22:08.144+0000] {logging_mixin.py:188} INFO - [2026-01-30T10:22:08.144+0000] {dag.py:3823} INFO - Setting next_dagrun for tle_api_to_kafka_streaming to 2026-01-30 09:00:00+00:00, run_after=2026-01-30 10:00:00+00:00
[2026-01-30T10:22:08.180+0000] {processor.py:183} INFO - Processing /opt/airflow/dags/airflow_dag_api_to_kafka.py took 0.245 seconds
[2026-01-30T10:22:38.287+0000] {processor.py:161} INFO - Started process (PID=2147) to work on /opt/airflow/dags/airflow_dag_api_to_kafka.py
[2026-01-30T10:22:38.288+0000] {processor.py:830} INFO - Processing file /opt/airflow/dags/airflow_dag_api_to_kafka.py for tasks to queue
[2026-01-30T10:22:38.289+0000] {logging_mixin.py:188} INFO - [2026-01-30T10:22:38.288+0000] {dagbag.py:538} INFO - Filling up the DagBag from /opt/airflow/dags/airflow_dag_api_to_kafka.py
[2026-01-30T10:22:38.391+0000] {processor.py:840} INFO - DAG(s) 'tle_api_to_kafka_streaming' retrieved from /opt/airflow/dags/airflow_dag_api_to_kafka.py
[2026-01-30T10:22:38.447+0000] {logging_mixin.py:188} INFO - [2026-01-30T10:22:38.446+0000] {dag.py:3036} INFO - Sync 1 DAGs
[2026-01-30T10:22:38.499+0000] {logging_mixin.py:188} INFO - [2026-01-30T10:22:38.499+0000] {dag.py:3823} INFO - Setting next_dagrun for tle_api_to_kafka_streaming to 2026-01-30 09:00:00+00:00, run_after=2026-01-30 10:00:00+00:00
[2026-01-30T10:22:38.536+0000] {processor.py:183} INFO - Processing /opt/airflow/dags/airflow_dag_api_to_kafka.py took 0.256 seconds
[2026-01-30T10:23:08.634+0000] {processor.py:161} INFO - Started process (PID=2157) to work on /opt/airflow/dags/airflow_dag_api_to_kafka.py
[2026-01-30T10:23:08.635+0000] {processor.py:830} INFO - Processing file /opt/airflow/dags/airflow_dag_api_to_kafka.py for tasks to queue
[2026-01-30T10:23:08.637+0000] {logging_mixin.py:188} INFO - [2026-01-30T10:23:08.636+0000] {dagbag.py:538} INFO - Filling up the DagBag from /opt/airflow/dags/airflow_dag_api_to_kafka.py
[2026-01-30T10:23:08.732+0000] {processor.py:840} INFO - DAG(s) 'tle_api_to_kafka_streaming' retrieved from /opt/airflow/dags/airflow_dag_api_to_kafka.py
[2026-01-30T10:23:08.787+0000] {logging_mixin.py:188} INFO - [2026-01-30T10:23:08.787+0000] {dag.py:3036} INFO - Sync 1 DAGs
[2026-01-30T10:23:08.834+0000] {logging_mixin.py:188} INFO - [2026-01-30T10:23:08.834+0000] {dag.py:3823} INFO - Setting next_dagrun for tle_api_to_kafka_streaming to 2026-01-30 09:00:00+00:00, run_after=2026-01-30 10:00:00+00:00
[2026-01-30T10:23:08.865+0000] {processor.py:183} INFO - Processing /opt/airflow/dags/airflow_dag_api_to_kafka.py took 0.238 seconds
[2026-01-30T10:23:38.972+0000] {processor.py:161} INFO - Started process (PID=2167) to work on /opt/airflow/dags/airflow_dag_api_to_kafka.py
[2026-01-30T10:23:38.973+0000] {processor.py:830} INFO - Processing file /opt/airflow/dags/airflow_dag_api_to_kafka.py for tasks to queue
[2026-01-30T10:23:38.975+0000] {logging_mixin.py:188} INFO - [2026-01-30T10:23:38.974+0000] {dagbag.py:538} INFO - Filling up the DagBag from /opt/airflow/dags/airflow_dag_api_to_kafka.py
[2026-01-30T10:23:39.076+0000] {processor.py:840} INFO - DAG(s) 'tle_api_to_kafka_streaming' retrieved from /opt/airflow/dags/airflow_dag_api_to_kafka.py
[2026-01-30T10:23:39.129+0000] {logging_mixin.py:188} INFO - [2026-01-30T10:23:39.129+0000] {dag.py:3036} INFO - Sync 1 DAGs
[2026-01-30T10:23:39.177+0000] {logging_mixin.py:188} INFO - [2026-01-30T10:23:39.177+0000] {dag.py:3823} INFO - Setting next_dagrun for tle_api_to_kafka_streaming to 2026-01-30 09:00:00+00:00, run_after=2026-01-30 10:00:00+00:00
[2026-01-30T10:23:39.207+0000] {processor.py:183} INFO - Processing /opt/airflow/dags/airflow_dag_api_to_kafka.py took 0.242 seconds
[2026-01-30T10:24:09.306+0000] {processor.py:161} INFO - Started process (PID=2177) to work on /opt/airflow/dags/airflow_dag_api_to_kafka.py
[2026-01-30T10:24:09.308+0000] {processor.py:830} INFO - Processing file /opt/airflow/dags/airflow_dag_api_to_kafka.py for tasks to queue
[2026-01-30T10:24:09.310+0000] {logging_mixin.py:188} INFO - [2026-01-30T10:24:09.309+0000] {dagbag.py:538} INFO - Filling up the DagBag from /opt/airflow/dags/airflow_dag_api_to_kafka.py
[2026-01-30T10:24:09.406+0000] {processor.py:840} INFO - DAG(s) 'tle_api_to_kafka_streaming' retrieved from /opt/airflow/dags/airflow_dag_api_to_kafka.py
[2026-01-30T10:24:09.460+0000] {logging_mixin.py:188} INFO - [2026-01-30T10:24:09.460+0000] {dag.py:3036} INFO - Sync 1 DAGs
[2026-01-30T10:24:09.514+0000] {logging_mixin.py:188} INFO - [2026-01-30T10:24:09.513+0000] {dag.py:3823} INFO - Setting next_dagrun for tle_api_to_kafka_streaming to 2026-01-30 09:00:00+00:00, run_after=2026-01-30 10:00:00+00:00
[2026-01-30T10:24:09.547+0000] {processor.py:183} INFO - Processing /opt/airflow/dags/airflow_dag_api_to_kafka.py took 0.247 seconds
[2026-01-30T10:24:39.667+0000] {processor.py:161} INFO - Started process (PID=2187) to work on /opt/airflow/dags/airflow_dag_api_to_kafka.py
[2026-01-30T10:24:39.668+0000] {processor.py:830} INFO - Processing file /opt/airflow/dags/airflow_dag_api_to_kafka.py for tasks to queue
[2026-01-30T10:24:39.670+0000] {logging_mixin.py:188} INFO - [2026-01-30T10:24:39.669+0000] {dagbag.py:538} INFO - Filling up the DagBag from /opt/airflow/dags/airflow_dag_api_to_kafka.py
[2026-01-30T10:24:39.771+0000] {processor.py:840} INFO - DAG(s) 'tle_api_to_kafka_streaming' retrieved from /opt/airflow/dags/airflow_dag_api_to_kafka.py
[2026-01-30T10:24:39.830+0000] {logging_mixin.py:188} INFO - [2026-01-30T10:24:39.829+0000] {dag.py:3036} INFO - Sync 1 DAGs
[2026-01-30T10:24:39.881+0000] {logging_mixin.py:188} INFO - [2026-01-30T10:24:39.881+0000] {dag.py:3823} INFO - Setting next_dagrun for tle_api_to_kafka_streaming to 2026-01-30 09:00:00+00:00, run_after=2026-01-30 10:00:00+00:00
[2026-01-30T10:24:39.919+0000] {processor.py:183} INFO - Processing /opt/airflow/dags/airflow_dag_api_to_kafka.py took 0.259 seconds
[2026-01-30T10:25:10.006+0000] {processor.py:161} INFO - Started process (PID=2197) to work on /opt/airflow/dags/airflow_dag_api_to_kafka.py
[2026-01-30T10:25:10.007+0000] {processor.py:830} INFO - Processing file /opt/airflow/dags/airflow_dag_api_to_kafka.py for tasks to queue
[2026-01-30T10:25:10.009+0000] {logging_mixin.py:188} INFO - [2026-01-30T10:25:10.008+0000] {dagbag.py:538} INFO - Filling up the DagBag from /opt/airflow/dags/airflow_dag_api_to_kafka.py
[2026-01-30T10:25:10.115+0000] {processor.py:840} INFO - DAG(s) 'tle_api_to_kafka_streaming' retrieved from /opt/airflow/dags/airflow_dag_api_to_kafka.py
[2026-01-30T10:25:10.174+0000] {logging_mixin.py:188} INFO - [2026-01-30T10:25:10.174+0000] {dag.py:3036} INFO - Sync 1 DAGs
[2026-01-30T10:25:10.226+0000] {logging_mixin.py:188} INFO - [2026-01-30T10:25:10.226+0000] {dag.py:3823} INFO - Setting next_dagrun for tle_api_to_kafka_streaming to 2026-01-30 09:00:00+00:00, run_after=2026-01-30 10:00:00+00:00
[2026-01-30T10:25:10.266+0000] {processor.py:183} INFO - Processing /opt/airflow/dags/airflow_dag_api_to_kafka.py took 0.267 seconds
[2026-01-30T10:25:40.368+0000] {processor.py:161} INFO - Started process (PID=2207) to work on /opt/airflow/dags/airflow_dag_api_to_kafka.py
[2026-01-30T10:25:40.369+0000] {processor.py:830} INFO - Processing file /opt/airflow/dags/airflow_dag_api_to_kafka.py for tasks to queue
[2026-01-30T10:25:40.371+0000] {logging_mixin.py:188} INFO - [2026-01-30T10:25:40.370+0000] {dagbag.py:538} INFO - Filling up the DagBag from /opt/airflow/dags/airflow_dag_api_to_kafka.py
[2026-01-30T10:25:40.472+0000] {processor.py:840} INFO - DAG(s) 'tle_api_to_kafka_streaming' retrieved from /opt/airflow/dags/airflow_dag_api_to_kafka.py
[2026-01-30T10:25:40.531+0000] {logging_mixin.py:188} INFO - [2026-01-30T10:25:40.530+0000] {dag.py:3036} INFO - Sync 1 DAGs
[2026-01-30T10:25:40.586+0000] {logging_mixin.py:188} INFO - [2026-01-30T10:25:40.586+0000] {dag.py:3823} INFO - Setting next_dagrun for tle_api_to_kafka_streaming to 2026-01-30 09:00:00+00:00, run_after=2026-01-30 10:00:00+00:00
[2026-01-30T10:25:40.624+0000] {processor.py:183} INFO - Processing /opt/airflow/dags/airflow_dag_api_to_kafka.py took 0.263 seconds
[2026-01-30T10:26:10.720+0000] {processor.py:161} INFO - Started process (PID=2217) to work on /opt/airflow/dags/airflow_dag_api_to_kafka.py
[2026-01-30T10:26:10.721+0000] {processor.py:830} INFO - Processing file /opt/airflow/dags/airflow_dag_api_to_kafka.py for tasks to queue
[2026-01-30T10:26:10.723+0000] {logging_mixin.py:188} INFO - [2026-01-30T10:26:10.722+0000] {dagbag.py:538} INFO - Filling up the DagBag from /opt/airflow/dags/airflow_dag_api_to_kafka.py
[2026-01-30T10:26:10.817+0000] {processor.py:840} INFO - DAG(s) 'tle_api_to_kafka_streaming' retrieved from /opt/airflow/dags/airflow_dag_api_to_kafka.py
[2026-01-30T10:26:10.872+0000] {logging_mixin.py:188} INFO - [2026-01-30T10:26:10.872+0000] {dag.py:3036} INFO - Sync 1 DAGs
[2026-01-30T10:26:10.920+0000] {logging_mixin.py:188} INFO - [2026-01-30T10:26:10.920+0000] {dag.py:3823} INFO - Setting next_dagrun for tle_api_to_kafka_streaming to 2026-01-30 09:00:00+00:00, run_after=2026-01-30 10:00:00+00:00
[2026-01-30T10:26:10.955+0000] {processor.py:183} INFO - Processing /opt/airflow/dags/airflow_dag_api_to_kafka.py took 0.242 seconds
[2026-01-30T10:26:41.063+0000] {processor.py:161} INFO - Started process (PID=2227) to work on /opt/airflow/dags/airflow_dag_api_to_kafka.py
[2026-01-30T10:26:41.064+0000] {processor.py:830} INFO - Processing file /opt/airflow/dags/airflow_dag_api_to_kafka.py for tasks to queue
[2026-01-30T10:26:41.065+0000] {logging_mixin.py:188} INFO - [2026-01-30T10:26:41.065+0000] {dagbag.py:538} INFO - Filling up the DagBag from /opt/airflow/dags/airflow_dag_api_to_kafka.py
[2026-01-30T10:26:41.166+0000] {processor.py:840} INFO - DAG(s) 'tle_api_to_kafka_streaming' retrieved from /opt/airflow/dags/airflow_dag_api_to_kafka.py
[2026-01-30T10:26:41.223+0000] {logging_mixin.py:188} INFO - [2026-01-30T10:26:41.222+0000] {dag.py:3036} INFO - Sync 1 DAGs
[2026-01-30T10:26:41.274+0000] {logging_mixin.py:188} INFO - [2026-01-30T10:26:41.274+0000] {dag.py:3823} INFO - Setting next_dagrun for tle_api_to_kafka_streaming to 2026-01-30 09:00:00+00:00, run_after=2026-01-30 10:00:00+00:00
[2026-01-30T10:26:41.309+0000] {processor.py:183} INFO - Processing /opt/airflow/dags/airflow_dag_api_to_kafka.py took 0.253 seconds
[2026-01-30T10:27:11.411+0000] {processor.py:161} INFO - Started process (PID=2237) to work on /opt/airflow/dags/airflow_dag_api_to_kafka.py
[2026-01-30T10:27:11.412+0000] {processor.py:830} INFO - Processing file /opt/airflow/dags/airflow_dag_api_to_kafka.py for tasks to queue
[2026-01-30T10:27:11.414+0000] {logging_mixin.py:188} INFO - [2026-01-30T10:27:11.413+0000] {dagbag.py:538} INFO - Filling up the DagBag from /opt/airflow/dags/airflow_dag_api_to_kafka.py
[2026-01-30T10:27:11.510+0000] {processor.py:840} INFO - DAG(s) 'tle_api_to_kafka_streaming' retrieved from /opt/airflow/dags/airflow_dag_api_to_kafka.py
[2026-01-30T10:27:11.567+0000] {logging_mixin.py:188} INFO - [2026-01-30T10:27:11.566+0000] {dag.py:3036} INFO - Sync 1 DAGs
[2026-01-30T10:27:11.621+0000] {logging_mixin.py:188} INFO - [2026-01-30T10:27:11.620+0000] {dag.py:3823} INFO - Setting next_dagrun for tle_api_to_kafka_streaming to 2026-01-30 09:00:00+00:00, run_after=2026-01-30 10:00:00+00:00
[2026-01-30T10:27:11.657+0000] {processor.py:183} INFO - Processing /opt/airflow/dags/airflow_dag_api_to_kafka.py took 0.253 seconds
[2026-01-30T10:27:41.761+0000] {processor.py:161} INFO - Started process (PID=2247) to work on /opt/airflow/dags/airflow_dag_api_to_kafka.py
[2026-01-30T10:27:41.762+0000] {processor.py:830} INFO - Processing file /opt/airflow/dags/airflow_dag_api_to_kafka.py for tasks to queue
[2026-01-30T10:27:41.764+0000] {logging_mixin.py:188} INFO - [2026-01-30T10:27:41.763+0000] {dagbag.py:538} INFO - Filling up the DagBag from /opt/airflow/dags/airflow_dag_api_to_kafka.py
[2026-01-30T10:27:41.869+0000] {processor.py:840} INFO - DAG(s) 'tle_api_to_kafka_streaming' retrieved from /opt/airflow/dags/airflow_dag_api_to_kafka.py
[2026-01-30T10:27:41.928+0000] {logging_mixin.py:188} INFO - [2026-01-30T10:27:41.927+0000] {dag.py:3036} INFO - Sync 1 DAGs
[2026-01-30T10:27:41.981+0000] {logging_mixin.py:188} INFO - [2026-01-30T10:27:41.980+0000] {dag.py:3823} INFO - Setting next_dagrun for tle_api_to_kafka_streaming to 2026-01-30 09:00:00+00:00, run_after=2026-01-30 10:00:00+00:00
[2026-01-30T10:27:42.018+0000] {processor.py:183} INFO - Processing /opt/airflow/dags/airflow_dag_api_to_kafka.py took 0.264 seconds
[2026-01-30T10:28:12.113+0000] {processor.py:161} INFO - Started process (PID=2257) to work on /opt/airflow/dags/airflow_dag_api_to_kafka.py
[2026-01-30T10:28:12.114+0000] {processor.py:830} INFO - Processing file /opt/airflow/dags/airflow_dag_api_to_kafka.py for tasks to queue
[2026-01-30T10:28:12.116+0000] {logging_mixin.py:188} INFO - [2026-01-30T10:28:12.115+0000] {dagbag.py:538} INFO - Filling up the DagBag from /opt/airflow/dags/airflow_dag_api_to_kafka.py
[2026-01-30T10:28:12.220+0000] {processor.py:840} INFO - DAG(s) 'tle_api_to_kafka_streaming' retrieved from /opt/airflow/dags/airflow_dag_api_to_kafka.py
[2026-01-30T10:28:12.278+0000] {logging_mixin.py:188} INFO - [2026-01-30T10:28:12.278+0000] {dag.py:3036} INFO - Sync 1 DAGs
[2026-01-30T10:28:12.328+0000] {logging_mixin.py:188} INFO - [2026-01-30T10:28:12.327+0000] {dag.py:3823} INFO - Setting next_dagrun for tle_api_to_kafka_streaming to 2026-01-30 09:00:00+00:00, run_after=2026-01-30 10:00:00+00:00
[2026-01-30T10:28:12.366+0000] {processor.py:183} INFO - Processing /opt/airflow/dags/airflow_dag_api_to_kafka.py took 0.260 seconds
[2026-01-30T10:28:42.480+0000] {processor.py:161} INFO - Started process (PID=2267) to work on /opt/airflow/dags/airflow_dag_api_to_kafka.py
[2026-01-30T10:28:42.481+0000] {processor.py:830} INFO - Processing file /opt/airflow/dags/airflow_dag_api_to_kafka.py for tasks to queue
[2026-01-30T10:28:42.483+0000] {logging_mixin.py:188} INFO - [2026-01-30T10:28:42.482+0000] {dagbag.py:538} INFO - Filling up the DagBag from /opt/airflow/dags/airflow_dag_api_to_kafka.py
[2026-01-30T10:28:42.581+0000] {processor.py:840} INFO - DAG(s) 'tle_api_to_kafka_streaming' retrieved from /opt/airflow/dags/airflow_dag_api_to_kafka.py
[2026-01-30T10:28:42.638+0000] {logging_mixin.py:188} INFO - [2026-01-30T10:28:42.637+0000] {dag.py:3036} INFO - Sync 1 DAGs
[2026-01-30T10:28:42.689+0000] {logging_mixin.py:188} INFO - [2026-01-30T10:28:42.688+0000] {dag.py:3823} INFO - Setting next_dagrun for tle_api_to_kafka_streaming to 2026-01-30 09:00:00+00:00, run_after=2026-01-30 10:00:00+00:00
[2026-01-30T10:28:42.723+0000] {processor.py:183} INFO - Processing /opt/airflow/dags/airflow_dag_api_to_kafka.py took 0.250 seconds
[2026-01-30T10:29:12.832+0000] {processor.py:161} INFO - Started process (PID=2277) to work on /opt/airflow/dags/airflow_dag_api_to_kafka.py
[2026-01-30T10:29:12.833+0000] {processor.py:830} INFO - Processing file /opt/airflow/dags/airflow_dag_api_to_kafka.py for tasks to queue
[2026-01-30T10:29:12.835+0000] {logging_mixin.py:188} INFO - [2026-01-30T10:29:12.834+0000] {dagbag.py:538} INFO - Filling up the DagBag from /opt/airflow/dags/airflow_dag_api_to_kafka.py
[2026-01-30T10:29:12.938+0000] {processor.py:840} INFO - DAG(s) 'tle_api_to_kafka_streaming' retrieved from /opt/airflow/dags/airflow_dag_api_to_kafka.py
[2026-01-30T10:29:12.998+0000] {logging_mixin.py:188} INFO - [2026-01-30T10:29:12.997+0000] {dag.py:3036} INFO - Sync 1 DAGs
[2026-01-30T10:29:13.049+0000] {logging_mixin.py:188} INFO - [2026-01-30T10:29:13.049+0000] {dag.py:3823} INFO - Setting next_dagrun for tle_api_to_kafka_streaming to 2026-01-30 09:00:00+00:00, run_after=2026-01-30 10:00:00+00:00
[2026-01-30T10:29:13.085+0000] {processor.py:183} INFO - Processing /opt/airflow/dags/airflow_dag_api_to_kafka.py took 0.260 seconds
[2026-01-30T10:29:43.206+0000] {processor.py:161} INFO - Started process (PID=2287) to work on /opt/airflow/dags/airflow_dag_api_to_kafka.py
[2026-01-30T10:29:43.207+0000] {processor.py:830} INFO - Processing file /opt/airflow/dags/airflow_dag_api_to_kafka.py for tasks to queue
[2026-01-30T10:29:43.208+0000] {logging_mixin.py:188} INFO - [2026-01-30T10:29:43.208+0000] {dagbag.py:538} INFO - Filling up the DagBag from /opt/airflow/dags/airflow_dag_api_to_kafka.py
[2026-01-30T10:29:43.309+0000] {processor.py:840} INFO - DAG(s) 'tle_api_to_kafka_streaming' retrieved from /opt/airflow/dags/airflow_dag_api_to_kafka.py
[2026-01-30T10:29:43.373+0000] {logging_mixin.py:188} INFO - [2026-01-30T10:29:43.372+0000] {dag.py:3036} INFO - Sync 1 DAGs
[2026-01-30T10:29:43.427+0000] {logging_mixin.py:188} INFO - [2026-01-30T10:29:43.426+0000] {dag.py:3823} INFO - Setting next_dagrun for tle_api_to_kafka_streaming to 2026-01-30 09:00:00+00:00, run_after=2026-01-30 10:00:00+00:00
[2026-01-30T10:29:43.465+0000] {processor.py:183} INFO - Processing /opt/airflow/dags/airflow_dag_api_to_kafka.py took 0.265 seconds
[2026-01-30T10:30:13.551+0000] {processor.py:161} INFO - Started process (PID=2297) to work on /opt/airflow/dags/airflow_dag_api_to_kafka.py
[2026-01-30T10:30:13.553+0000] {processor.py:830} INFO - Processing file /opt/airflow/dags/airflow_dag_api_to_kafka.py for tasks to queue
[2026-01-30T10:30:13.554+0000] {logging_mixin.py:188} INFO - [2026-01-30T10:30:13.553+0000] {dagbag.py:538} INFO - Filling up the DagBag from /opt/airflow/dags/airflow_dag_api_to_kafka.py
[2026-01-30T10:30:13.659+0000] {processor.py:840} INFO - DAG(s) 'tle_api_to_kafka_streaming' retrieved from /opt/airflow/dags/airflow_dag_api_to_kafka.py
[2026-01-30T10:30:13.714+0000] {logging_mixin.py:188} INFO - [2026-01-30T10:30:13.713+0000] {dag.py:3036} INFO - Sync 1 DAGs
[2026-01-30T10:30:13.766+0000] {logging_mixin.py:188} INFO - [2026-01-30T10:30:13.766+0000] {dag.py:3823} INFO - Setting next_dagrun for tle_api_to_kafka_streaming to 2026-01-30 09:00:00+00:00, run_after=2026-01-30 10:00:00+00:00
[2026-01-30T10:30:13.800+0000] {processor.py:183} INFO - Processing /opt/airflow/dags/airflow_dag_api_to_kafka.py took 0.254 seconds
[2026-01-30T10:30:43.895+0000] {processor.py:161} INFO - Started process (PID=2307) to work on /opt/airflow/dags/airflow_dag_api_to_kafka.py
[2026-01-30T10:30:43.896+0000] {processor.py:830} INFO - Processing file /opt/airflow/dags/airflow_dag_api_to_kafka.py for tasks to queue
[2026-01-30T10:30:43.898+0000] {logging_mixin.py:188} INFO - [2026-01-30T10:30:43.897+0000] {dagbag.py:538} INFO - Filling up the DagBag from /opt/airflow/dags/airflow_dag_api_to_kafka.py
[2026-01-30T10:30:43.993+0000] {processor.py:840} INFO - DAG(s) 'tle_api_to_kafka_streaming' retrieved from /opt/airflow/dags/airflow_dag_api_to_kafka.py
[2026-01-30T10:30:44.048+0000] {logging_mixin.py:188} INFO - [2026-01-30T10:30:44.047+0000] {dag.py:3036} INFO - Sync 1 DAGs
[2026-01-30T10:30:44.096+0000] {logging_mixin.py:188} INFO - [2026-01-30T10:30:44.095+0000] {dag.py:3823} INFO - Setting next_dagrun for tle_api_to_kafka_streaming to 2026-01-30 09:00:00+00:00, run_after=2026-01-30 10:00:00+00:00
[2026-01-30T10:30:44.130+0000] {processor.py:183} INFO - Processing /opt/airflow/dags/airflow_dag_api_to_kafka.py took 0.239 seconds
[2026-01-30T10:31:14.240+0000] {processor.py:161} INFO - Started process (PID=2317) to work on /opt/airflow/dags/airflow_dag_api_to_kafka.py
[2026-01-30T10:31:14.241+0000] {processor.py:830} INFO - Processing file /opt/airflow/dags/airflow_dag_api_to_kafka.py for tasks to queue
[2026-01-30T10:31:14.243+0000] {logging_mixin.py:188} INFO - [2026-01-30T10:31:14.242+0000] {dagbag.py:538} INFO - Filling up the DagBag from /opt/airflow/dags/airflow_dag_api_to_kafka.py
[2026-01-30T10:31:14.348+0000] {processor.py:840} INFO - DAG(s) 'tle_api_to_kafka_streaming' retrieved from /opt/airflow/dags/airflow_dag_api_to_kafka.py
[2026-01-30T10:31:14.403+0000] {logging_mixin.py:188} INFO - [2026-01-30T10:31:14.402+0000] {dag.py:3036} INFO - Sync 1 DAGs
[2026-01-30T10:31:14.456+0000] {logging_mixin.py:188} INFO - [2026-01-30T10:31:14.455+0000] {dag.py:3823} INFO - Setting next_dagrun for tle_api_to_kafka_streaming to 2026-01-30 09:00:00+00:00, run_after=2026-01-30 10:00:00+00:00
[2026-01-30T10:31:14.494+0000] {processor.py:183} INFO - Processing /opt/airflow/dags/airflow_dag_api_to_kafka.py took 0.261 seconds
[2026-01-30T10:31:44.596+0000] {processor.py:161} INFO - Started process (PID=2327) to work on /opt/airflow/dags/airflow_dag_api_to_kafka.py
[2026-01-30T10:31:44.597+0000] {processor.py:830} INFO - Processing file /opt/airflow/dags/airflow_dag_api_to_kafka.py for tasks to queue
[2026-01-30T10:31:44.598+0000] {logging_mixin.py:188} INFO - [2026-01-30T10:31:44.598+0000] {dagbag.py:538} INFO - Filling up the DagBag from /opt/airflow/dags/airflow_dag_api_to_kafka.py
[2026-01-30T10:31:44.694+0000] {processor.py:840} INFO - DAG(s) 'tle_api_to_kafka_streaming' retrieved from /opt/airflow/dags/airflow_dag_api_to_kafka.py
[2026-01-30T10:31:44.750+0000] {logging_mixin.py:188} INFO - [2026-01-30T10:31:44.749+0000] {dag.py:3036} INFO - Sync 1 DAGs
[2026-01-30T10:31:44.801+0000] {logging_mixin.py:188} INFO - [2026-01-30T10:31:44.800+0000] {dag.py:3823} INFO - Setting next_dagrun for tle_api_to_kafka_streaming to 2026-01-30 09:00:00+00:00, run_after=2026-01-30 10:00:00+00:00
[2026-01-30T10:31:44.834+0000] {processor.py:183} INFO - Processing /opt/airflow/dags/airflow_dag_api_to_kafka.py took 0.245 seconds
[2026-01-30T10:32:14.928+0000] {processor.py:161} INFO - Started process (PID=2337) to work on /opt/airflow/dags/airflow_dag_api_to_kafka.py
[2026-01-30T10:32:14.929+0000] {processor.py:830} INFO - Processing file /opt/airflow/dags/airflow_dag_api_to_kafka.py for tasks to queue
[2026-01-30T10:32:14.931+0000] {logging_mixin.py:188} INFO - [2026-01-30T10:32:14.930+0000] {dagbag.py:538} INFO - Filling up the DagBag from /opt/airflow/dags/airflow_dag_api_to_kafka.py
[2026-01-30T10:32:15.033+0000] {processor.py:840} INFO - DAG(s) 'tle_api_to_kafka_streaming' retrieved from /opt/airflow/dags/airflow_dag_api_to_kafka.py
[2026-01-30T10:32:15.086+0000] {logging_mixin.py:188} INFO - [2026-01-30T10:32:15.086+0000] {dag.py:3036} INFO - Sync 1 DAGs
[2026-01-30T10:32:15.139+0000] {logging_mixin.py:188} INFO - [2026-01-30T10:32:15.139+0000] {dag.py:3823} INFO - Setting next_dagrun for tle_api_to_kafka_streaming to 2026-01-30 09:00:00+00:00, run_after=2026-01-30 10:00:00+00:00
[2026-01-30T10:32:15.177+0000] {processor.py:183} INFO - Processing /opt/airflow/dags/airflow_dag_api_to_kafka.py took 0.255 seconds
[2026-01-30T10:32:45.273+0000] {processor.py:161} INFO - Started process (PID=2347) to work on /opt/airflow/dags/airflow_dag_api_to_kafka.py
[2026-01-30T10:32:45.275+0000] {processor.py:830} INFO - Processing file /opt/airflow/dags/airflow_dag_api_to_kafka.py for tasks to queue
[2026-01-30T10:32:45.276+0000] {logging_mixin.py:188} INFO - [2026-01-30T10:32:45.276+0000] {dagbag.py:538} INFO - Filling up the DagBag from /opt/airflow/dags/airflow_dag_api_to_kafka.py
[2026-01-30T10:32:45.376+0000] {processor.py:840} INFO - DAG(s) 'tle_api_to_kafka_streaming' retrieved from /opt/airflow/dags/airflow_dag_api_to_kafka.py
[2026-01-30T10:32:45.429+0000] {logging_mixin.py:188} INFO - [2026-01-30T10:32:45.429+0000] {dag.py:3036} INFO - Sync 1 DAGs
[2026-01-30T10:32:45.482+0000] {logging_mixin.py:188} INFO - [2026-01-30T10:32:45.481+0000] {dag.py:3823} INFO - Setting next_dagrun for tle_api_to_kafka_streaming to 2026-01-30 09:00:00+00:00, run_after=2026-01-30 10:00:00+00:00
[2026-01-30T10:32:45.517+0000] {processor.py:183} INFO - Processing /opt/airflow/dags/airflow_dag_api_to_kafka.py took 0.249 seconds
[2026-01-30T10:33:15.617+0000] {processor.py:161} INFO - Started process (PID=2357) to work on /opt/airflow/dags/airflow_dag_api_to_kafka.py
[2026-01-30T10:33:15.618+0000] {processor.py:830} INFO - Processing file /opt/airflow/dags/airflow_dag_api_to_kafka.py for tasks to queue
[2026-01-30T10:33:15.620+0000] {logging_mixin.py:188} INFO - [2026-01-30T10:33:15.619+0000] {dagbag.py:538} INFO - Filling up the DagBag from /opt/airflow/dags/airflow_dag_api_to_kafka.py
[2026-01-30T10:33:15.723+0000] {processor.py:840} INFO - DAG(s) 'tle_api_to_kafka_streaming' retrieved from /opt/airflow/dags/airflow_dag_api_to_kafka.py
[2026-01-30T10:33:15.772+0000] {logging_mixin.py:188} INFO - [2026-01-30T10:33:15.771+0000] {dag.py:3036} INFO - Sync 1 DAGs
[2026-01-30T10:33:15.821+0000] {logging_mixin.py:188} INFO - [2026-01-30T10:33:15.821+0000] {dag.py:3823} INFO - Setting next_dagrun for tle_api_to_kafka_streaming to 2026-01-30 09:00:00+00:00, run_after=2026-01-30 10:00:00+00:00
[2026-01-30T10:33:15.858+0000] {processor.py:183} INFO - Processing /opt/airflow/dags/airflow_dag_api_to_kafka.py took 0.247 seconds
[2026-01-30T10:33:45.938+0000] {processor.py:161} INFO - Started process (PID=2367) to work on /opt/airflow/dags/airflow_dag_api_to_kafka.py
[2026-01-30T10:33:45.939+0000] {processor.py:830} INFO - Processing file /opt/airflow/dags/airflow_dag_api_to_kafka.py for tasks to queue
[2026-01-30T10:33:45.940+0000] {logging_mixin.py:188} INFO - [2026-01-30T10:33:45.940+0000] {dagbag.py:538} INFO - Filling up the DagBag from /opt/airflow/dags/airflow_dag_api_to_kafka.py
[2026-01-30T10:33:46.039+0000] {processor.py:840} INFO - DAG(s) 'tle_api_to_kafka_streaming' retrieved from /opt/airflow/dags/airflow_dag_api_to_kafka.py
[2026-01-30T10:33:46.096+0000] {logging_mixin.py:188} INFO - [2026-01-30T10:33:46.095+0000] {dag.py:3036} INFO - Sync 1 DAGs
[2026-01-30T10:33:46.146+0000] {logging_mixin.py:188} INFO - [2026-01-30T10:33:46.146+0000] {dag.py:3823} INFO - Setting next_dagrun for tle_api_to_kafka_streaming to 2026-01-30 09:00:00+00:00, run_after=2026-01-30 10:00:00+00:00
[2026-01-30T10:33:46.184+0000] {processor.py:183} INFO - Processing /opt/airflow/dags/airflow_dag_api_to_kafka.py took 0.253 seconds
[2026-01-30T10:34:16.287+0000] {processor.py:161} INFO - Started process (PID=2377) to work on /opt/airflow/dags/airflow_dag_api_to_kafka.py
[2026-01-30T10:34:16.288+0000] {processor.py:830} INFO - Processing file /opt/airflow/dags/airflow_dag_api_to_kafka.py for tasks to queue
[2026-01-30T10:34:16.290+0000] {logging_mixin.py:188} INFO - [2026-01-30T10:34:16.289+0000] {dagbag.py:538} INFO - Filling up the DagBag from /opt/airflow/dags/airflow_dag_api_to_kafka.py
[2026-01-30T10:34:16.390+0000] {processor.py:840} INFO - DAG(s) 'tle_api_to_kafka_streaming' retrieved from /opt/airflow/dags/airflow_dag_api_to_kafka.py
[2026-01-30T10:34:16.443+0000] {logging_mixin.py:188} INFO - [2026-01-30T10:34:16.442+0000] {dag.py:3036} INFO - Sync 1 DAGs
[2026-01-30T10:34:16.490+0000] {logging_mixin.py:188} INFO - [2026-01-30T10:34:16.490+0000] {dag.py:3823} INFO - Setting next_dagrun for tle_api_to_kafka_streaming to 2026-01-30 09:00:00+00:00, run_after=2026-01-30 10:00:00+00:00
[2026-01-30T10:34:16.529+0000] {processor.py:183} INFO - Processing /opt/airflow/dags/airflow_dag_api_to_kafka.py took 0.247 seconds
[2026-01-30T10:34:46.621+0000] {processor.py:161} INFO - Started process (PID=2387) to work on /opt/airflow/dags/airflow_dag_api_to_kafka.py
[2026-01-30T10:34:46.622+0000] {processor.py:830} INFO - Processing file /opt/airflow/dags/airflow_dag_api_to_kafka.py for tasks to queue
[2026-01-30T10:34:46.623+0000] {logging_mixin.py:188} INFO - [2026-01-30T10:34:46.623+0000] {dagbag.py:538} INFO - Filling up the DagBag from /opt/airflow/dags/airflow_dag_api_to_kafka.py
[2026-01-30T10:34:46.726+0000] {processor.py:840} INFO - DAG(s) 'tle_api_to_kafka_streaming' retrieved from /opt/airflow/dags/airflow_dag_api_to_kafka.py
[2026-01-30T10:34:46.780+0000] {logging_mixin.py:188} INFO - [2026-01-30T10:34:46.780+0000] {dag.py:3036} INFO - Sync 1 DAGs
[2026-01-30T10:34:46.830+0000] {logging_mixin.py:188} INFO - [2026-01-30T10:34:46.829+0000] {dag.py:3823} INFO - Setting next_dagrun for tle_api_to_kafka_streaming to 2026-01-30 09:00:00+00:00, run_after=2026-01-30 10:00:00+00:00
[2026-01-30T10:34:46.861+0000] {processor.py:183} INFO - Processing /opt/airflow/dags/airflow_dag_api_to_kafka.py took 0.244 seconds
[2026-01-30T10:35:16.969+0000] {processor.py:161} INFO - Started process (PID=2397) to work on /opt/airflow/dags/airflow_dag_api_to_kafka.py
[2026-01-30T10:35:16.971+0000] {processor.py:830} INFO - Processing file /opt/airflow/dags/airflow_dag_api_to_kafka.py for tasks to queue
[2026-01-30T10:35:16.972+0000] {logging_mixin.py:188} INFO - [2026-01-30T10:35:16.971+0000] {dagbag.py:538} INFO - Filling up the DagBag from /opt/airflow/dags/airflow_dag_api_to_kafka.py
[2026-01-30T10:35:17.070+0000] {processor.py:840} INFO - DAG(s) 'tle_api_to_kafka_streaming' retrieved from /opt/airflow/dags/airflow_dag_api_to_kafka.py
[2026-01-30T10:35:17.125+0000] {logging_mixin.py:188} INFO - [2026-01-30T10:35:17.125+0000] {dag.py:3036} INFO - Sync 1 DAGs
[2026-01-30T10:35:17.173+0000] {logging_mixin.py:188} INFO - [2026-01-30T10:35:17.173+0000] {dag.py:3823} INFO - Setting next_dagrun for tle_api_to_kafka_streaming to 2026-01-30 09:00:00+00:00, run_after=2026-01-30 10:00:00+00:00
[2026-01-30T10:35:17.208+0000] {processor.py:183} INFO - Processing /opt/airflow/dags/airflow_dag_api_to_kafka.py took 0.244 seconds
[2026-01-30T10:35:47.311+0000] {processor.py:161} INFO - Started process (PID=2407) to work on /opt/airflow/dags/airflow_dag_api_to_kafka.py
[2026-01-30T10:35:47.313+0000] {processor.py:830} INFO - Processing file /opt/airflow/dags/airflow_dag_api_to_kafka.py for tasks to queue
[2026-01-30T10:35:47.315+0000] {logging_mixin.py:188} INFO - [2026-01-30T10:35:47.313+0000] {dagbag.py:538} INFO - Filling up the DagBag from /opt/airflow/dags/airflow_dag_api_to_kafka.py
[2026-01-30T10:35:47.412+0000] {processor.py:840} INFO - DAG(s) 'tle_api_to_kafka_streaming' retrieved from /opt/airflow/dags/airflow_dag_api_to_kafka.py
[2026-01-30T10:35:47.470+0000] {logging_mixin.py:188} INFO - [2026-01-30T10:35:47.469+0000] {dag.py:3036} INFO - Sync 1 DAGs
[2026-01-30T10:35:47.518+0000] {logging_mixin.py:188} INFO - [2026-01-30T10:35:47.518+0000] {dag.py:3823} INFO - Setting next_dagrun for tle_api_to_kafka_streaming to 2026-01-30 09:00:00+00:00, run_after=2026-01-30 10:00:00+00:00
[2026-01-30T10:35:47.554+0000] {processor.py:183} INFO - Processing /opt/airflow/dags/airflow_dag_api_to_kafka.py took 0.249 seconds
[2026-01-30T10:36:17.653+0000] {processor.py:161} INFO - Started process (PID=2417) to work on /opt/airflow/dags/airflow_dag_api_to_kafka.py
[2026-01-30T10:36:17.654+0000] {processor.py:830} INFO - Processing file /opt/airflow/dags/airflow_dag_api_to_kafka.py for tasks to queue
[2026-01-30T10:36:17.655+0000] {logging_mixin.py:188} INFO - [2026-01-30T10:36:17.655+0000] {dagbag.py:538} INFO - Filling up the DagBag from /opt/airflow/dags/airflow_dag_api_to_kafka.py
[2026-01-30T10:36:17.752+0000] {processor.py:840} INFO - DAG(s) 'tle_api_to_kafka_streaming' retrieved from /opt/airflow/dags/airflow_dag_api_to_kafka.py
[2026-01-30T10:36:17.806+0000] {logging_mixin.py:188} INFO - [2026-01-30T10:36:17.806+0000] {dag.py:3036} INFO - Sync 1 DAGs
[2026-01-30T10:36:17.855+0000] {logging_mixin.py:188} INFO - [2026-01-30T10:36:17.855+0000] {dag.py:3823} INFO - Setting next_dagrun for tle_api_to_kafka_streaming to 2026-01-30 09:00:00+00:00, run_after=2026-01-30 10:00:00+00:00
[2026-01-30T10:36:17.887+0000] {processor.py:183} INFO - Processing /opt/airflow/dags/airflow_dag_api_to_kafka.py took 0.241 seconds
[2026-01-30T10:36:47.984+0000] {processor.py:161} INFO - Started process (PID=2427) to work on /opt/airflow/dags/airflow_dag_api_to_kafka.py
[2026-01-30T10:36:47.985+0000] {processor.py:830} INFO - Processing file /opt/airflow/dags/airflow_dag_api_to_kafka.py for tasks to queue
[2026-01-30T10:36:47.987+0000] {logging_mixin.py:188} INFO - [2026-01-30T10:36:47.986+0000] {dagbag.py:538} INFO - Filling up the DagBag from /opt/airflow/dags/airflow_dag_api_to_kafka.py
[2026-01-30T10:36:48.083+0000] {processor.py:840} INFO - DAG(s) 'tle_api_to_kafka_streaming' retrieved from /opt/airflow/dags/airflow_dag_api_to_kafka.py
[2026-01-30T10:36:48.137+0000] {logging_mixin.py:188} INFO - [2026-01-30T10:36:48.137+0000] {dag.py:3036} INFO - Sync 1 DAGs
[2026-01-30T10:36:48.185+0000] {logging_mixin.py:188} INFO - [2026-01-30T10:36:48.185+0000] {dag.py:3823} INFO - Setting next_dagrun for tle_api_to_kafka_streaming to 2026-01-30 09:00:00+00:00, run_after=2026-01-30 10:00:00+00:00
[2026-01-30T10:36:48.213+0000] {processor.py:183} INFO - Processing /opt/airflow/dags/airflow_dag_api_to_kafka.py took 0.234 seconds
[2026-01-30T10:37:18.325+0000] {processor.py:161} INFO - Started process (PID=2437) to work on /opt/airflow/dags/airflow_dag_api_to_kafka.py
[2026-01-30T10:37:18.326+0000] {processor.py:830} INFO - Processing file /opt/airflow/dags/airflow_dag_api_to_kafka.py for tasks to queue
[2026-01-30T10:37:18.328+0000] {logging_mixin.py:188} INFO - [2026-01-30T10:37:18.327+0000] {dagbag.py:538} INFO - Filling up the DagBag from /opt/airflow/dags/airflow_dag_api_to_kafka.py
[2026-01-30T10:37:18.429+0000] {processor.py:840} INFO - DAG(s) 'tle_api_to_kafka_streaming' retrieved from /opt/airflow/dags/airflow_dag_api_to_kafka.py
[2026-01-30T10:37:18.489+0000] {logging_mixin.py:188} INFO - [2026-01-30T10:37:18.489+0000] {dag.py:3036} INFO - Sync 1 DAGs
[2026-01-30T10:37:18.549+0000] {logging_mixin.py:188} INFO - [2026-01-30T10:37:18.548+0000] {dag.py:3823} INFO - Setting next_dagrun for tle_api_to_kafka_streaming to 2026-01-30 09:00:00+00:00, run_after=2026-01-30 10:00:00+00:00
[2026-01-30T10:37:18.584+0000] {processor.py:183} INFO - Processing /opt/airflow/dags/airflow_dag_api_to_kafka.py took 0.265 seconds
[2026-01-30T10:37:48.665+0000] {processor.py:161} INFO - Started process (PID=2447) to work on /opt/airflow/dags/airflow_dag_api_to_kafka.py
[2026-01-30T10:37:48.666+0000] {processor.py:830} INFO - Processing file /opt/airflow/dags/airflow_dag_api_to_kafka.py for tasks to queue
[2026-01-30T10:37:48.668+0000] {logging_mixin.py:188} INFO - [2026-01-30T10:37:48.667+0000] {dagbag.py:538} INFO - Filling up the DagBag from /opt/airflow/dags/airflow_dag_api_to_kafka.py
[2026-01-30T10:37:48.765+0000] {processor.py:840} INFO - DAG(s) 'tle_api_to_kafka_streaming' retrieved from /opt/airflow/dags/airflow_dag_api_to_kafka.py
[2026-01-30T10:37:48.822+0000] {logging_mixin.py:188} INFO - [2026-01-30T10:37:48.822+0000] {dag.py:3036} INFO - Sync 1 DAGs
[2026-01-30T10:37:48.872+0000] {logging_mixin.py:188} INFO - [2026-01-30T10:37:48.872+0000] {dag.py:3823} INFO - Setting next_dagrun for tle_api_to_kafka_streaming to 2026-01-30 09:00:00+00:00, run_after=2026-01-30 10:00:00+00:00
[2026-01-30T10:37:48.905+0000] {processor.py:183} INFO - Processing /opt/airflow/dags/airflow_dag_api_to_kafka.py took 0.246 seconds
[2026-01-30T10:38:19.003+0000] {processor.py:161} INFO - Started process (PID=2457) to work on /opt/airflow/dags/airflow_dag_api_to_kafka.py
[2026-01-30T10:38:19.004+0000] {processor.py:830} INFO - Processing file /opt/airflow/dags/airflow_dag_api_to_kafka.py for tasks to queue
[2026-01-30T10:38:19.006+0000] {logging_mixin.py:188} INFO - [2026-01-30T10:38:19.005+0000] {dagbag.py:538} INFO - Filling up the DagBag from /opt/airflow/dags/airflow_dag_api_to_kafka.py
[2026-01-30T10:38:19.112+0000] {processor.py:840} INFO - DAG(s) 'tle_api_to_kafka_streaming' retrieved from /opt/airflow/dags/airflow_dag_api_to_kafka.py
[2026-01-30T10:38:19.167+0000] {logging_mixin.py:188} INFO - [2026-01-30T10:38:19.166+0000] {dag.py:3036} INFO - Sync 1 DAGs
[2026-01-30T10:38:19.221+0000] {logging_mixin.py:188} INFO - [2026-01-30T10:38:19.220+0000] {dag.py:3823} INFO - Setting next_dagrun for tle_api_to_kafka_streaming to 2026-01-30 09:00:00+00:00, run_after=2026-01-30 10:00:00+00:00
[2026-01-30T10:38:19.257+0000] {processor.py:183} INFO - Processing /opt/airflow/dags/airflow_dag_api_to_kafka.py took 0.261 seconds
[2026-01-30T10:38:49.340+0000] {processor.py:161} INFO - Started process (PID=2467) to work on /opt/airflow/dags/airflow_dag_api_to_kafka.py
[2026-01-30T10:38:49.342+0000] {processor.py:830} INFO - Processing file /opt/airflow/dags/airflow_dag_api_to_kafka.py for tasks to queue
[2026-01-30T10:38:49.343+0000] {logging_mixin.py:188} INFO - [2026-01-30T10:38:49.342+0000] {dagbag.py:538} INFO - Filling up the DagBag from /opt/airflow/dags/airflow_dag_api_to_kafka.py
[2026-01-30T10:38:49.439+0000] {processor.py:840} INFO - DAG(s) 'tle_api_to_kafka_streaming' retrieved from /opt/airflow/dags/airflow_dag_api_to_kafka.py
[2026-01-30T10:38:49.493+0000] {logging_mixin.py:188} INFO - [2026-01-30T10:38:49.493+0000] {dag.py:3036} INFO - Sync 1 DAGs
[2026-01-30T10:38:49.542+0000] {logging_mixin.py:188} INFO - [2026-01-30T10:38:49.542+0000] {dag.py:3823} INFO - Setting next_dagrun for tle_api_to_kafka_streaming to 2026-01-30 09:00:00+00:00, run_after=2026-01-30 10:00:00+00:00
[2026-01-30T10:38:49.580+0000] {processor.py:183} INFO - Processing /opt/airflow/dags/airflow_dag_api_to_kafka.py took 0.246 seconds
[2026-01-30T10:39:19.680+0000] {processor.py:161} INFO - Started process (PID=2477) to work on /opt/airflow/dags/airflow_dag_api_to_kafka.py
[2026-01-30T10:39:19.681+0000] {processor.py:830} INFO - Processing file /opt/airflow/dags/airflow_dag_api_to_kafka.py for tasks to queue
[2026-01-30T10:39:19.683+0000] {logging_mixin.py:188} INFO - [2026-01-30T10:39:19.682+0000] {dagbag.py:538} INFO - Filling up the DagBag from /opt/airflow/dags/airflow_dag_api_to_kafka.py
[2026-01-30T10:39:19.779+0000] {processor.py:840} INFO - DAG(s) 'tle_api_to_kafka_streaming' retrieved from /opt/airflow/dags/airflow_dag_api_to_kafka.py
[2026-01-30T10:39:19.835+0000] {logging_mixin.py:188} INFO - [2026-01-30T10:39:19.834+0000] {dag.py:3036} INFO - Sync 1 DAGs
[2026-01-30T10:39:19.885+0000] {logging_mixin.py:188} INFO - [2026-01-30T10:39:19.885+0000] {dag.py:3823} INFO - Setting next_dagrun for tle_api_to_kafka_streaming to 2026-01-30 09:00:00+00:00, run_after=2026-01-30 10:00:00+00:00
[2026-01-30T10:39:19.920+0000] {processor.py:183} INFO - Processing /opt/airflow/dags/airflow_dag_api_to_kafka.py took 0.246 seconds
[2026-01-30T10:39:50.020+0000] {processor.py:161} INFO - Started process (PID=2487) to work on /opt/airflow/dags/airflow_dag_api_to_kafka.py
[2026-01-30T10:39:50.021+0000] {processor.py:830} INFO - Processing file /opt/airflow/dags/airflow_dag_api_to_kafka.py for tasks to queue
[2026-01-30T10:39:50.023+0000] {logging_mixin.py:188} INFO - [2026-01-30T10:39:50.022+0000] {dagbag.py:538} INFO - Filling up the DagBag from /opt/airflow/dags/airflow_dag_api_to_kafka.py
[2026-01-30T10:39:50.125+0000] {processor.py:840} INFO - DAG(s) 'tle_api_to_kafka_streaming' retrieved from /opt/airflow/dags/airflow_dag_api_to_kafka.py
[2026-01-30T10:39:50.178+0000] {logging_mixin.py:188} INFO - [2026-01-30T10:39:50.178+0000] {dag.py:3036} INFO - Sync 1 DAGs
[2026-01-30T10:39:50.229+0000] {logging_mixin.py:188} INFO - [2026-01-30T10:39:50.229+0000] {dag.py:3823} INFO - Setting next_dagrun for tle_api_to_kafka_streaming to 2026-01-30 09:00:00+00:00, run_after=2026-01-30 10:00:00+00:00
[2026-01-30T10:39:50.263+0000] {processor.py:183} INFO - Processing /opt/airflow/dags/airflow_dag_api_to_kafka.py took 0.250 seconds
[2026-01-30T10:40:20.363+0000] {processor.py:161} INFO - Started process (PID=2497) to work on /opt/airflow/dags/airflow_dag_api_to_kafka.py
[2026-01-30T10:40:20.364+0000] {processor.py:830} INFO - Processing file /opt/airflow/dags/airflow_dag_api_to_kafka.py for tasks to queue
[2026-01-30T10:40:20.366+0000] {logging_mixin.py:188} INFO - [2026-01-30T10:40:20.365+0000] {dagbag.py:538} INFO - Filling up the DagBag from /opt/airflow/dags/airflow_dag_api_to_kafka.py
[2026-01-30T10:40:20.467+0000] {processor.py:840} INFO - DAG(s) 'tle_api_to_kafka_streaming' retrieved from /opt/airflow/dags/airflow_dag_api_to_kafka.py
[2026-01-30T10:40:20.513+0000] {logging_mixin.py:188} INFO - [2026-01-30T10:40:20.513+0000] {dag.py:3036} INFO - Sync 1 DAGs
[2026-01-30T10:40:20.564+0000] {logging_mixin.py:188} INFO - [2026-01-30T10:40:20.564+0000] {dag.py:3823} INFO - Setting next_dagrun for tle_api_to_kafka_streaming to 2026-01-30 09:00:00+00:00, run_after=2026-01-30 10:00:00+00:00
[2026-01-30T10:40:20.602+0000] {processor.py:183} INFO - Processing /opt/airflow/dags/airflow_dag_api_to_kafka.py took 0.245 seconds
[2026-01-30T10:40:50.678+0000] {processor.py:161} INFO - Started process (PID=2507) to work on /opt/airflow/dags/airflow_dag_api_to_kafka.py
[2026-01-30T10:40:50.679+0000] {processor.py:830} INFO - Processing file /opt/airflow/dags/airflow_dag_api_to_kafka.py for tasks to queue
[2026-01-30T10:40:50.681+0000] {logging_mixin.py:188} INFO - [2026-01-30T10:40:50.680+0000] {dagbag.py:538} INFO - Filling up the DagBag from /opt/airflow/dags/airflow_dag_api_to_kafka.py
[2026-01-30T10:40:50.781+0000] {processor.py:840} INFO - DAG(s) 'tle_api_to_kafka_streaming' retrieved from /opt/airflow/dags/airflow_dag_api_to_kafka.py
[2026-01-30T10:40:50.828+0000] {logging_mixin.py:188} INFO - [2026-01-30T10:40:50.827+0000] {dag.py:3036} INFO - Sync 1 DAGs
[2026-01-30T10:40:50.877+0000] {logging_mixin.py:188} INFO - [2026-01-30T10:40:50.877+0000] {dag.py:3823} INFO - Setting next_dagrun for tle_api_to_kafka_streaming to 2026-01-30 09:00:00+00:00, run_after=2026-01-30 10:00:00+00:00
[2026-01-30T10:40:50.913+0000] {processor.py:183} INFO - Processing /opt/airflow/dags/airflow_dag_api_to_kafka.py took 0.241 seconds
[2026-01-30T10:41:21.020+0000] {processor.py:161} INFO - Started process (PID=2517) to work on /opt/airflow/dags/airflow_dag_api_to_kafka.py
[2026-01-30T10:41:21.022+0000] {processor.py:830} INFO - Processing file /opt/airflow/dags/airflow_dag_api_to_kafka.py for tasks to queue
[2026-01-30T10:41:21.023+0000] {logging_mixin.py:188} INFO - [2026-01-30T10:41:21.022+0000] {dagbag.py:538} INFO - Filling up the DagBag from /opt/airflow/dags/airflow_dag_api_to_kafka.py
[2026-01-30T10:41:21.121+0000] {processor.py:840} INFO - DAG(s) 'tle_api_to_kafka_streaming' retrieved from /opt/airflow/dags/airflow_dag_api_to_kafka.py
[2026-01-30T10:41:21.178+0000] {logging_mixin.py:188} INFO - [2026-01-30T10:41:21.178+0000] {dag.py:3036} INFO - Sync 1 DAGs
[2026-01-30T10:41:21.227+0000] {logging_mixin.py:188} INFO - [2026-01-30T10:41:21.227+0000] {dag.py:3823} INFO - Setting next_dagrun for tle_api_to_kafka_streaming to 2026-01-30 09:00:00+00:00, run_after=2026-01-30 10:00:00+00:00
[2026-01-30T10:41:21.262+0000] {processor.py:183} INFO - Processing /opt/airflow/dags/airflow_dag_api_to_kafka.py took 0.249 seconds
[2026-01-30T10:41:51.381+0000] {processor.py:161} INFO - Started process (PID=2527) to work on /opt/airflow/dags/airflow_dag_api_to_kafka.py
[2026-01-30T10:41:51.382+0000] {processor.py:830} INFO - Processing file /opt/airflow/dags/airflow_dag_api_to_kafka.py for tasks to queue
[2026-01-30T10:41:51.384+0000] {logging_mixin.py:188} INFO - [2026-01-30T10:41:51.383+0000] {dagbag.py:538} INFO - Filling up the DagBag from /opt/airflow/dags/airflow_dag_api_to_kafka.py
[2026-01-30T10:41:51.489+0000] {processor.py:840} INFO - DAG(s) 'tle_api_to_kafka_streaming' retrieved from /opt/airflow/dags/airflow_dag_api_to_kafka.py
[2026-01-30T10:41:51.544+0000] {logging_mixin.py:188} INFO - [2026-01-30T10:41:51.544+0000] {dag.py:3036} INFO - Sync 1 DAGs
[2026-01-30T10:41:51.594+0000] {logging_mixin.py:188} INFO - [2026-01-30T10:41:51.594+0000] {dag.py:3823} INFO - Setting next_dagrun for tle_api_to_kafka_streaming to 2026-01-30 09:00:00+00:00, run_after=2026-01-30 10:00:00+00:00
[2026-01-30T10:41:51.633+0000] {processor.py:183} INFO - Processing /opt/airflow/dags/airflow_dag_api_to_kafka.py took 0.260 seconds
[2026-01-30T10:42:21.746+0000] {processor.py:161} INFO - Started process (PID=2537) to work on /opt/airflow/dags/airflow_dag_api_to_kafka.py
[2026-01-30T10:42:21.748+0000] {processor.py:830} INFO - Processing file /opt/airflow/dags/airflow_dag_api_to_kafka.py for tasks to queue
[2026-01-30T10:42:21.749+0000] {logging_mixin.py:188} INFO - [2026-01-30T10:42:21.749+0000] {dagbag.py:538} INFO - Filling up the DagBag from /opt/airflow/dags/airflow_dag_api_to_kafka.py
[2026-01-30T10:42:21.848+0000] {processor.py:840} INFO - DAG(s) 'tle_api_to_kafka_streaming' retrieved from /opt/airflow/dags/airflow_dag_api_to_kafka.py
[2026-01-30T10:42:21.905+0000] {logging_mixin.py:188} INFO - [2026-01-30T10:42:21.905+0000] {dag.py:3036} INFO - Sync 1 DAGs
[2026-01-30T10:42:21.956+0000] {logging_mixin.py:188} INFO - [2026-01-30T10:42:21.956+0000] {dag.py:3823} INFO - Setting next_dagrun for tle_api_to_kafka_streaming to 2026-01-30 09:00:00+00:00, run_after=2026-01-30 10:00:00+00:00
[2026-01-30T10:42:21.990+0000] {processor.py:183} INFO - Processing /opt/airflow/dags/airflow_dag_api_to_kafka.py took 0.251 seconds
[2026-01-30T10:42:52.107+0000] {processor.py:161} INFO - Started process (PID=2547) to work on /opt/airflow/dags/airflow_dag_api_to_kafka.py
[2026-01-30T10:42:52.108+0000] {processor.py:830} INFO - Processing file /opt/airflow/dags/airflow_dag_api_to_kafka.py for tasks to queue
[2026-01-30T10:42:52.110+0000] {logging_mixin.py:188} INFO - [2026-01-30T10:42:52.109+0000] {dagbag.py:538} INFO - Filling up the DagBag from /opt/airflow/dags/airflow_dag_api_to_kafka.py
[2026-01-30T10:42:52.215+0000] {processor.py:840} INFO - DAG(s) 'tle_api_to_kafka_streaming' retrieved from /opt/airflow/dags/airflow_dag_api_to_kafka.py
[2026-01-30T10:42:52.276+0000] {logging_mixin.py:188} INFO - [2026-01-30T10:42:52.275+0000] {dag.py:3036} INFO - Sync 1 DAGs
[2026-01-30T10:42:52.326+0000] {logging_mixin.py:188} INFO - [2026-01-30T10:42:52.326+0000] {dag.py:3823} INFO - Setting next_dagrun for tle_api_to_kafka_streaming to 2026-01-30 09:00:00+00:00, run_after=2026-01-30 10:00:00+00:00
[2026-01-30T10:42:52.361+0000] {processor.py:183} INFO - Processing /opt/airflow/dags/airflow_dag_api_to_kafka.py took 0.260 seconds
[2026-01-30T10:43:22.461+0000] {processor.py:161} INFO - Started process (PID=2557) to work on /opt/airflow/dags/airflow_dag_api_to_kafka.py
[2026-01-30T10:43:22.462+0000] {processor.py:830} INFO - Processing file /opt/airflow/dags/airflow_dag_api_to_kafka.py for tasks to queue
[2026-01-30T10:43:22.464+0000] {logging_mixin.py:188} INFO - [2026-01-30T10:43:22.463+0000] {dagbag.py:538} INFO - Filling up the DagBag from /opt/airflow/dags/airflow_dag_api_to_kafka.py
[2026-01-30T10:43:22.562+0000] {processor.py:840} INFO - DAG(s) 'tle_api_to_kafka_streaming' retrieved from /opt/airflow/dags/airflow_dag_api_to_kafka.py
[2026-01-30T10:43:22.614+0000] {logging_mixin.py:188} INFO - [2026-01-30T10:43:22.613+0000] {dag.py:3036} INFO - Sync 1 DAGs
[2026-01-30T10:43:22.660+0000] {logging_mixin.py:188} INFO - [2026-01-30T10:43:22.660+0000] {dag.py:3823} INFO - Setting next_dagrun for tle_api_to_kafka_streaming to 2026-01-30 09:00:00+00:00, run_after=2026-01-30 10:00:00+00:00
[2026-01-30T10:43:22.698+0000] {processor.py:183} INFO - Processing /opt/airflow/dags/airflow_dag_api_to_kafka.py took 0.244 seconds
[2026-01-30T10:43:52.792+0000] {processor.py:161} INFO - Started process (PID=2567) to work on /opt/airflow/dags/airflow_dag_api_to_kafka.py
[2026-01-30T10:43:52.792+0000] {processor.py:830} INFO - Processing file /opt/airflow/dags/airflow_dag_api_to_kafka.py for tasks to queue
[2026-01-30T10:43:52.793+0000] {logging_mixin.py:188} INFO - [2026-01-30T10:43:52.793+0000] {dagbag.py:538} INFO - Filling up the DagBag from /opt/airflow/dags/airflow_dag_api_to_kafka.py
[2026-01-30T10:43:52.887+0000] {processor.py:840} INFO - DAG(s) 'tle_api_to_kafka_streaming' retrieved from /opt/airflow/dags/airflow_dag_api_to_kafka.py
[2026-01-30T10:43:52.935+0000] {logging_mixin.py:188} INFO - [2026-01-30T10:43:52.934+0000] {dag.py:3036} INFO - Sync 1 DAGs
[2026-01-30T10:43:52.981+0000] {logging_mixin.py:188} INFO - [2026-01-30T10:43:52.981+0000] {dag.py:3823} INFO - Setting next_dagrun for tle_api_to_kafka_streaming to 2026-01-30 09:00:00+00:00, run_after=2026-01-30 10:00:00+00:00
[2026-01-30T10:43:53.013+0000] {processor.py:183} INFO - Processing /opt/airflow/dags/airflow_dag_api_to_kafka.py took 0.227 seconds
[2026-01-30T10:44:23.162+0000] {processor.py:161} INFO - Started process (PID=2577) to work on /opt/airflow/dags/airflow_dag_api_to_kafka.py
[2026-01-30T10:44:23.163+0000] {processor.py:830} INFO - Processing file /opt/airflow/dags/airflow_dag_api_to_kafka.py for tasks to queue
[2026-01-30T10:44:23.164+0000] {logging_mixin.py:188} INFO - [2026-01-30T10:44:23.163+0000] {dagbag.py:538} INFO - Filling up the DagBag from /opt/airflow/dags/airflow_dag_api_to_kafka.py
[2026-01-30T10:44:23.266+0000] {processor.py:840} INFO - DAG(s) 'tle_api_to_kafka_streaming' retrieved from /opt/airflow/dags/airflow_dag_api_to_kafka.py
[2026-01-30T10:44:23.323+0000] {logging_mixin.py:188} INFO - [2026-01-30T10:44:23.322+0000] {dag.py:3036} INFO - Sync 1 DAGs
[2026-01-30T10:44:23.375+0000] {logging_mixin.py:188} INFO - [2026-01-30T10:44:23.375+0000] {dag.py:3823} INFO - Setting next_dagrun for tle_api_to_kafka_streaming to 2026-01-30 09:00:00+00:00, run_after=2026-01-30 10:00:00+00:00
[2026-01-30T10:44:23.414+0000] {processor.py:183} INFO - Processing /opt/airflow/dags/airflow_dag_api_to_kafka.py took 0.258 seconds
[2026-01-30T10:44:53.495+0000] {processor.py:161} INFO - Started process (PID=2587) to work on /opt/airflow/dags/airflow_dag_api_to_kafka.py
[2026-01-30T10:44:53.496+0000] {processor.py:830} INFO - Processing file /opt/airflow/dags/airflow_dag_api_to_kafka.py for tasks to queue
[2026-01-30T10:44:53.498+0000] {logging_mixin.py:188} INFO - [2026-01-30T10:44:53.497+0000] {dagbag.py:538} INFO - Filling up the DagBag from /opt/airflow/dags/airflow_dag_api_to_kafka.py
[2026-01-30T10:44:53.600+0000] {processor.py:840} INFO - DAG(s) 'tle_api_to_kafka_streaming' retrieved from /opt/airflow/dags/airflow_dag_api_to_kafka.py
[2026-01-30T10:44:53.657+0000] {logging_mixin.py:188} INFO - [2026-01-30T10:44:53.657+0000] {dag.py:3036} INFO - Sync 1 DAGs
[2026-01-30T10:44:53.706+0000] {logging_mixin.py:188} INFO - [2026-01-30T10:44:53.705+0000] {dag.py:3823} INFO - Setting next_dagrun for tle_api_to_kafka_streaming to 2026-01-30 09:00:00+00:00, run_after=2026-01-30 10:00:00+00:00
[2026-01-30T10:44:53.744+0000] {processor.py:183} INFO - Processing /opt/airflow/dags/airflow_dag_api_to_kafka.py took 0.254 seconds
[2026-01-30T10:45:23.803+0000] {processor.py:161} INFO - Started process (PID=2597) to work on /opt/airflow/dags/airflow_dag_api_to_kafka.py
[2026-01-30T10:45:23.803+0000] {processor.py:830} INFO - Processing file /opt/airflow/dags/airflow_dag_api_to_kafka.py for tasks to queue
[2026-01-30T10:45:23.804+0000] {logging_mixin.py:188} INFO - [2026-01-30T10:45:23.804+0000] {dagbag.py:538} INFO - Filling up the DagBag from /opt/airflow/dags/airflow_dag_api_to_kafka.py
[2026-01-30T10:45:23.852+0000] {processor.py:840} INFO - DAG(s) 'tle_api_to_kafka_streaming' retrieved from /opt/airflow/dags/airflow_dag_api_to_kafka.py
[2026-01-30T10:45:23.882+0000] {logging_mixin.py:188} INFO - [2026-01-30T10:45:23.882+0000] {dag.py:3036} INFO - Sync 1 DAGs
[2026-01-30T10:45:23.908+0000] {logging_mixin.py:188} INFO - [2026-01-30T10:45:23.908+0000] {dag.py:3823} INFO - Setting next_dagrun for tle_api_to_kafka_streaming to 2026-01-30 09:00:00+00:00, run_after=2026-01-30 10:00:00+00:00
[2026-01-30T10:45:23.926+0000] {processor.py:183} INFO - Processing /opt/airflow/dags/airflow_dag_api_to_kafka.py took 0.127 seconds
[2026-01-30T10:45:54.044+0000] {processor.py:161} INFO - Started process (PID=2607) to work on /opt/airflow/dags/airflow_dag_api_to_kafka.py
[2026-01-30T10:45:54.046+0000] {processor.py:830} INFO - Processing file /opt/airflow/dags/airflow_dag_api_to_kafka.py for tasks to queue
[2026-01-30T10:45:54.047+0000] {logging_mixin.py:188} INFO - [2026-01-30T10:45:54.046+0000] {dagbag.py:538} INFO - Filling up the DagBag from /opt/airflow/dags/airflow_dag_api_to_kafka.py
[2026-01-30T10:45:54.185+0000] {processor.py:840} INFO - DAG(s) 'tle_api_to_kafka_streaming' retrieved from /opt/airflow/dags/airflow_dag_api_to_kafka.py
[2026-01-30T10:45:54.252+0000] {logging_mixin.py:188} INFO - [2026-01-30T10:45:54.252+0000] {dag.py:3036} INFO - Sync 1 DAGs
[2026-01-30T10:45:54.318+0000] {logging_mixin.py:188} INFO - [2026-01-30T10:45:54.317+0000] {dag.py:3823} INFO - Setting next_dagrun for tle_api_to_kafka_streaming to 2026-01-30 09:00:00+00:00, run_after=2026-01-30 10:00:00+00:00
[2026-01-30T10:45:54.351+0000] {processor.py:183} INFO - Processing /opt/airflow/dags/airflow_dag_api_to_kafka.py took 0.313 seconds
[2026-01-30T10:46:24.461+0000] {processor.py:161} INFO - Started process (PID=2617) to work on /opt/airflow/dags/airflow_dag_api_to_kafka.py
[2026-01-30T10:46:24.462+0000] {processor.py:830} INFO - Processing file /opt/airflow/dags/airflow_dag_api_to_kafka.py for tasks to queue
[2026-01-30T10:46:24.464+0000] {logging_mixin.py:188} INFO - [2026-01-30T10:46:24.463+0000] {dagbag.py:538} INFO - Filling up the DagBag from /opt/airflow/dags/airflow_dag_api_to_kafka.py
[2026-01-30T10:46:24.561+0000] {processor.py:840} INFO - DAG(s) 'tle_api_to_kafka_streaming' retrieved from /opt/airflow/dags/airflow_dag_api_to_kafka.py
[2026-01-30T10:46:24.617+0000] {logging_mixin.py:188} INFO - [2026-01-30T10:46:24.617+0000] {dag.py:3036} INFO - Sync 1 DAGs
[2026-01-30T10:46:24.666+0000] {logging_mixin.py:188} INFO - [2026-01-30T10:46:24.666+0000] {dag.py:3823} INFO - Setting next_dagrun for tle_api_to_kafka_streaming to 2026-01-30 09:00:00+00:00, run_after=2026-01-30 10:00:00+00:00
[2026-01-30T10:46:24.702+0000] {processor.py:183} INFO - Processing /opt/airflow/dags/airflow_dag_api_to_kafka.py took 0.248 seconds
[2026-01-30T10:46:54.807+0000] {processor.py:161} INFO - Started process (PID=2627) to work on /opt/airflow/dags/airflow_dag_api_to_kafka.py
[2026-01-30T10:46:54.808+0000] {processor.py:830} INFO - Processing file /opt/airflow/dags/airflow_dag_api_to_kafka.py for tasks to queue
[2026-01-30T10:46:54.809+0000] {logging_mixin.py:188} INFO - [2026-01-30T10:46:54.809+0000] {dagbag.py:538} INFO - Filling up the DagBag from /opt/airflow/dags/airflow_dag_api_to_kafka.py
[2026-01-30T10:46:54.905+0000] {processor.py:840} INFO - DAG(s) 'tle_api_to_kafka_streaming' retrieved from /opt/airflow/dags/airflow_dag_api_to_kafka.py
[2026-01-30T10:46:54.958+0000] {logging_mixin.py:188} INFO - [2026-01-30T10:46:54.958+0000] {dag.py:3036} INFO - Sync 1 DAGs
[2026-01-30T10:46:55.015+0000] {logging_mixin.py:188} INFO - [2026-01-30T10:46:55.015+0000] {dag.py:3823} INFO - Setting next_dagrun for tle_api_to_kafka_streaming to 2026-01-30 09:00:00+00:00, run_after=2026-01-30 10:00:00+00:00
[2026-01-30T10:46:55.055+0000] {processor.py:183} INFO - Processing /opt/airflow/dags/airflow_dag_api_to_kafka.py took 0.252 seconds
[2026-01-30T10:47:25.130+0000] {processor.py:161} INFO - Started process (PID=2637) to work on /opt/airflow/dags/airflow_dag_api_to_kafka.py
[2026-01-30T10:47:25.131+0000] {processor.py:830} INFO - Processing file /opt/airflow/dags/airflow_dag_api_to_kafka.py for tasks to queue
[2026-01-30T10:47:25.133+0000] {logging_mixin.py:188} INFO - [2026-01-30T10:47:25.132+0000] {dagbag.py:538} INFO - Filling up the DagBag from /opt/airflow/dags/airflow_dag_api_to_kafka.py
[2026-01-30T10:47:25.243+0000] {processor.py:840} INFO - DAG(s) 'tle_api_to_kafka_streaming' retrieved from /opt/airflow/dags/airflow_dag_api_to_kafka.py
[2026-01-30T10:47:25.299+0000] {logging_mixin.py:188} INFO - [2026-01-30T10:47:25.298+0000] {dag.py:3036} INFO - Sync 1 DAGs
[2026-01-30T10:47:25.351+0000] {logging_mixin.py:188} INFO - [2026-01-30T10:47:25.351+0000] {dag.py:3823} INFO - Setting next_dagrun for tle_api_to_kafka_streaming to 2026-01-30 09:00:00+00:00, run_after=2026-01-30 10:00:00+00:00
[2026-01-30T10:47:25.389+0000] {processor.py:183} INFO - Processing /opt/airflow/dags/airflow_dag_api_to_kafka.py took 0.266 seconds
[2026-01-30T10:47:55.461+0000] {processor.py:161} INFO - Started process (PID=2647) to work on /opt/airflow/dags/airflow_dag_api_to_kafka.py
[2026-01-30T10:47:55.462+0000] {processor.py:830} INFO - Processing file /opt/airflow/dags/airflow_dag_api_to_kafka.py for tasks to queue
[2026-01-30T10:47:55.463+0000] {logging_mixin.py:188} INFO - [2026-01-30T10:47:55.463+0000] {dagbag.py:538} INFO - Filling up the DagBag from /opt/airflow/dags/airflow_dag_api_to_kafka.py
[2026-01-30T10:47:55.566+0000] {processor.py:840} INFO - DAG(s) 'tle_api_to_kafka_streaming' retrieved from /opt/airflow/dags/airflow_dag_api_to_kafka.py
[2026-01-30T10:47:55.624+0000] {logging_mixin.py:188} INFO - [2026-01-30T10:47:55.624+0000] {dag.py:3036} INFO - Sync 1 DAGs
[2026-01-30T10:47:55.677+0000] {logging_mixin.py:188} INFO - [2026-01-30T10:47:55.677+0000] {dag.py:3823} INFO - Setting next_dagrun for tle_api_to_kafka_streaming to 2026-01-30 09:00:00+00:00, run_after=2026-01-30 10:00:00+00:00
[2026-01-30T10:47:55.717+0000] {processor.py:183} INFO - Processing /opt/airflow/dags/airflow_dag_api_to_kafka.py took 0.263 seconds
[2026-01-30T10:48:25.790+0000] {processor.py:161} INFO - Started process (PID=2657) to work on /opt/airflow/dags/airflow_dag_api_to_kafka.py
[2026-01-30T10:48:25.792+0000] {processor.py:830} INFO - Processing file /opt/airflow/dags/airflow_dag_api_to_kafka.py for tasks to queue
[2026-01-30T10:48:25.793+0000] {logging_mixin.py:188} INFO - [2026-01-30T10:48:25.793+0000] {dagbag.py:538} INFO - Filling up the DagBag from /opt/airflow/dags/airflow_dag_api_to_kafka.py
[2026-01-30T10:48:25.890+0000] {processor.py:840} INFO - DAG(s) 'tle_api_to_kafka_streaming' retrieved from /opt/airflow/dags/airflow_dag_api_to_kafka.py
[2026-01-30T10:48:25.944+0000] {logging_mixin.py:188} INFO - [2026-01-30T10:48:25.943+0000] {dag.py:3036} INFO - Sync 1 DAGs
[2026-01-30T10:48:25.994+0000] {logging_mixin.py:188} INFO - [2026-01-30T10:48:25.994+0000] {dag.py:3823} INFO - Setting next_dagrun for tle_api_to_kafka_streaming to 2026-01-30 09:00:00+00:00, run_after=2026-01-30 10:00:00+00:00
[2026-01-30T10:48:26.027+0000] {processor.py:183} INFO - Processing /opt/airflow/dags/airflow_dag_api_to_kafka.py took 0.243 seconds
[2026-01-30T10:48:56.126+0000] {processor.py:161} INFO - Started process (PID=2667) to work on /opt/airflow/dags/airflow_dag_api_to_kafka.py
[2026-01-30T10:48:56.127+0000] {processor.py:830} INFO - Processing file /opt/airflow/dags/airflow_dag_api_to_kafka.py for tasks to queue
[2026-01-30T10:48:56.128+0000] {logging_mixin.py:188} INFO - [2026-01-30T10:48:56.127+0000] {dagbag.py:538} INFO - Filling up the DagBag from /opt/airflow/dags/airflow_dag_api_to_kafka.py
[2026-01-30T10:48:56.219+0000] {processor.py:840} INFO - DAG(s) 'tle_api_to_kafka_streaming' retrieved from /opt/airflow/dags/airflow_dag_api_to_kafka.py
[2026-01-30T10:48:56.273+0000] {logging_mixin.py:188} INFO - [2026-01-30T10:48:56.273+0000] {dag.py:3036} INFO - Sync 1 DAGs
[2026-01-30T10:48:56.312+0000] {logging_mixin.py:188} INFO - [2026-01-30T10:48:56.312+0000] {dag.py:3823} INFO - Setting next_dagrun for tle_api_to_kafka_streaming to 2026-01-30 09:00:00+00:00, run_after=2026-01-30 10:00:00+00:00
[2026-01-30T10:48:56.340+0000] {processor.py:183} INFO - Processing /opt/airflow/dags/airflow_dag_api_to_kafka.py took 0.222 seconds
[2026-01-30T10:49:26.453+0000] {processor.py:161} INFO - Started process (PID=2677) to work on /opt/airflow/dags/airflow_dag_api_to_kafka.py
[2026-01-30T10:49:26.454+0000] {processor.py:830} INFO - Processing file /opt/airflow/dags/airflow_dag_api_to_kafka.py for tasks to queue
[2026-01-30T10:49:26.456+0000] {logging_mixin.py:188} INFO - [2026-01-30T10:49:26.455+0000] {dagbag.py:538} INFO - Filling up the DagBag from /opt/airflow/dags/airflow_dag_api_to_kafka.py
[2026-01-30T10:49:26.561+0000] {processor.py:840} INFO - DAG(s) 'tle_api_to_kafka_streaming' retrieved from /opt/airflow/dags/airflow_dag_api_to_kafka.py
[2026-01-30T10:49:26.620+0000] {logging_mixin.py:188} INFO - [2026-01-30T10:49:26.619+0000] {dag.py:3036} INFO - Sync 1 DAGs
[2026-01-30T10:49:26.669+0000] {logging_mixin.py:188} INFO - [2026-01-30T10:49:26.669+0000] {dag.py:3823} INFO - Setting next_dagrun for tle_api_to_kafka_streaming to 2026-01-30 09:00:00+00:00, run_after=2026-01-30 10:00:00+00:00
[2026-01-30T10:49:26.708+0000] {processor.py:183} INFO - Processing /opt/airflow/dags/airflow_dag_api_to_kafka.py took 0.262 seconds
[2026-01-30T10:49:56.813+0000] {processor.py:161} INFO - Started process (PID=2687) to work on /opt/airflow/dags/airflow_dag_api_to_kafka.py
[2026-01-30T10:49:56.814+0000] {processor.py:830} INFO - Processing file /opt/airflow/dags/airflow_dag_api_to_kafka.py for tasks to queue
[2026-01-30T10:49:56.816+0000] {logging_mixin.py:188} INFO - [2026-01-30T10:49:56.815+0000] {dagbag.py:538} INFO - Filling up the DagBag from /opt/airflow/dags/airflow_dag_api_to_kafka.py
[2026-01-30T10:49:56.921+0000] {processor.py:840} INFO - DAG(s) 'tle_api_to_kafka_streaming' retrieved from /opt/airflow/dags/airflow_dag_api_to_kafka.py
[2026-01-30T10:49:56.980+0000] {logging_mixin.py:188} INFO - [2026-01-30T10:49:56.980+0000] {dag.py:3036} INFO - Sync 1 DAGs
[2026-01-30T10:49:57.035+0000] {logging_mixin.py:188} INFO - [2026-01-30T10:49:57.034+0000] {dag.py:3823} INFO - Setting next_dagrun for tle_api_to_kafka_streaming to 2026-01-30 09:00:00+00:00, run_after=2026-01-30 10:00:00+00:00
[2026-01-30T10:49:57.071+0000] {processor.py:183} INFO - Processing /opt/airflow/dags/airflow_dag_api_to_kafka.py took 0.265 seconds
