[2026-01-27T15:18:46.168+0000] {processor.py:161} INFO - Started process (PID=186) to work on /opt/airflow/dags/airflow_dag_api_to_kafka.py
[2026-01-27T15:18:46.168+0000] {processor.py:830} INFO - Processing file /opt/airflow/dags/airflow_dag_api_to_kafka.py for tasks to queue
[2026-01-27T15:18:46.169+0000] {logging_mixin.py:188} INFO - [2026-01-27T15:18:46.169+0000] {dagbag.py:538} INFO - Filling up the DagBag from /opt/airflow/dags/airflow_dag_api_to_kafka.py
[2026-01-27T15:18:46.174+0000] {logging_mixin.py:188} INFO - [2026-01-27T15:18:46.173+0000] {dagbag.py:348} ERROR - Failed to import: /opt/airflow/dags/airflow_dag_api_to_kafka.py
Traceback (most recent call last):
  File "/home/airflow/.local/lib/python3.11/site-packages/airflow/models/dagbag.py", line 344, in parse
    loader.exec_module(new_module)
  File "<frozen importlib._bootstrap_external>", line 940, in exec_module
  File "<frozen importlib._bootstrap>", line 241, in _call_with_frames_removed
  File "/opt/airflow/dags/airflow_dag_api_to_kafka.py", line 16, in <module>
    from kafka import KafkaProducer
ModuleNotFoundError: No module named 'kafka'
[2026-01-27T15:18:46.174+0000] {processor.py:842} WARNING - No viable dags retrieved from /opt/airflow/dags/airflow_dag_api_to_kafka.py
[2026-01-27T15:18:46.196+0000] {processor.py:183} INFO - Processing /opt/airflow/dags/airflow_dag_api_to_kafka.py took 0.030 seconds
[2026-01-27T15:19:16.317+0000] {processor.py:161} INFO - Started process (PID=192) to work on /opt/airflow/dags/airflow_dag_api_to_kafka.py
[2026-01-27T15:19:16.317+0000] {processor.py:830} INFO - Processing file /opt/airflow/dags/airflow_dag_api_to_kafka.py for tasks to queue
[2026-01-27T15:19:16.318+0000] {logging_mixin.py:188} INFO - [2026-01-27T15:19:16.318+0000] {dagbag.py:538} INFO - Filling up the DagBag from /opt/airflow/dags/airflow_dag_api_to_kafka.py
[2026-01-27T15:19:16.325+0000] {logging_mixin.py:188} INFO - [2026-01-27T15:19:16.323+0000] {dagbag.py:348} ERROR - Failed to import: /opt/airflow/dags/airflow_dag_api_to_kafka.py
Traceback (most recent call last):
  File "/home/airflow/.local/lib/python3.11/site-packages/airflow/models/dagbag.py", line 344, in parse
    loader.exec_module(new_module)
  File "<frozen importlib._bootstrap_external>", line 940, in exec_module
  File "<frozen importlib._bootstrap>", line 241, in _call_with_frames_removed
  File "/opt/airflow/dags/airflow_dag_api_to_kafka.py", line 16, in <module>
    from kafka import KafkaProducer
ModuleNotFoundError: No module named 'kafka'
[2026-01-27T15:19:16.325+0000] {processor.py:842} WARNING - No viable dags retrieved from /opt/airflow/dags/airflow_dag_api_to_kafka.py
[2026-01-27T15:19:16.350+0000] {processor.py:183} INFO - Processing /opt/airflow/dags/airflow_dag_api_to_kafka.py took 0.036 seconds
[2026-01-27T15:20:19.657+0000] {processor.py:161} INFO - Started process (PID=171) to work on /opt/airflow/dags/airflow_dag_api_to_kafka.py
[2026-01-27T15:20:19.658+0000] {processor.py:830} INFO - Processing file /opt/airflow/dags/airflow_dag_api_to_kafka.py for tasks to queue
[2026-01-27T15:20:19.658+0000] {logging_mixin.py:188} INFO - [2026-01-27T15:20:19.658+0000] {dagbag.py:538} INFO - Filling up the DagBag from /opt/airflow/dags/airflow_dag_api_to_kafka.py
[2026-01-27T15:20:19.663+0000] {logging_mixin.py:188} INFO - [2026-01-27T15:20:19.662+0000] {dagbag.py:348} ERROR - Failed to import: /opt/airflow/dags/airflow_dag_api_to_kafka.py
Traceback (most recent call last):
  File "/home/airflow/.local/lib/python3.11/site-packages/airflow/models/dagbag.py", line 344, in parse
    loader.exec_module(new_module)
  File "<frozen importlib._bootstrap_external>", line 940, in exec_module
  File "<frozen importlib._bootstrap>", line 241, in _call_with_frames_removed
  File "/opt/airflow/dags/airflow_dag_api_to_kafka.py", line 16, in <module>
    from kafka import KafkaProducer
ModuleNotFoundError: No module named 'kafka'
[2026-01-27T15:20:19.664+0000] {processor.py:842} WARNING - No viable dags retrieved from /opt/airflow/dags/airflow_dag_api_to_kafka.py
[2026-01-27T15:20:19.684+0000] {processor.py:183} INFO - Processing /opt/airflow/dags/airflow_dag_api_to_kafka.py took 0.029 seconds
[2026-01-27T15:20:49.801+0000] {processor.py:161} INFO - Started process (PID=177) to work on /opt/airflow/dags/airflow_dag_api_to_kafka.py
[2026-01-27T15:20:49.803+0000] {processor.py:830} INFO - Processing file /opt/airflow/dags/airflow_dag_api_to_kafka.py for tasks to queue
[2026-01-27T15:20:49.804+0000] {logging_mixin.py:188} INFO - [2026-01-27T15:20:49.804+0000] {dagbag.py:538} INFO - Filling up the DagBag from /opt/airflow/dags/airflow_dag_api_to_kafka.py
[2026-01-27T15:20:49.811+0000] {logging_mixin.py:188} INFO - [2026-01-27T15:20:49.810+0000] {dagbag.py:348} ERROR - Failed to import: /opt/airflow/dags/airflow_dag_api_to_kafka.py
Traceback (most recent call last):
  File "/home/airflow/.local/lib/python3.11/site-packages/airflow/models/dagbag.py", line 344, in parse
    loader.exec_module(new_module)
  File "<frozen importlib._bootstrap_external>", line 940, in exec_module
  File "<frozen importlib._bootstrap>", line 241, in _call_with_frames_removed
  File "/opt/airflow/dags/airflow_dag_api_to_kafka.py", line 16, in <module>
    from kafka import KafkaProducer
ModuleNotFoundError: No module named 'kafka'
[2026-01-27T15:20:49.811+0000] {processor.py:842} WARNING - No viable dags retrieved from /opt/airflow/dags/airflow_dag_api_to_kafka.py
[2026-01-27T15:20:49.840+0000] {processor.py:183} INFO - Processing /opt/airflow/dags/airflow_dag_api_to_kafka.py took 0.042 seconds
[2026-01-27T15:21:19.947+0000] {processor.py:161} INFO - Started process (PID=182) to work on /opt/airflow/dags/airflow_dag_api_to_kafka.py
[2026-01-27T15:21:19.949+0000] {processor.py:830} INFO - Processing file /opt/airflow/dags/airflow_dag_api_to_kafka.py for tasks to queue
[2026-01-27T15:21:19.950+0000] {logging_mixin.py:188} INFO - [2026-01-27T15:21:19.949+0000] {dagbag.py:538} INFO - Filling up the DagBag from /opt/airflow/dags/airflow_dag_api_to_kafka.py
[2026-01-27T15:21:19.956+0000] {logging_mixin.py:188} INFO - [2026-01-27T15:21:19.955+0000] {dagbag.py:348} ERROR - Failed to import: /opt/airflow/dags/airflow_dag_api_to_kafka.py
Traceback (most recent call last):
  File "/home/airflow/.local/lib/python3.11/site-packages/airflow/models/dagbag.py", line 344, in parse
    loader.exec_module(new_module)
  File "<frozen importlib._bootstrap_external>", line 940, in exec_module
  File "<frozen importlib._bootstrap>", line 241, in _call_with_frames_removed
  File "/opt/airflow/dags/airflow_dag_api_to_kafka.py", line 16, in <module>
    from kafka import KafkaProducer
ModuleNotFoundError: No module named 'kafka'
[2026-01-27T15:21:19.957+0000] {processor.py:842} WARNING - No viable dags retrieved from /opt/airflow/dags/airflow_dag_api_to_kafka.py
[2026-01-27T15:21:19.982+0000] {processor.py:183} INFO - Processing /opt/airflow/dags/airflow_dag_api_to_kafka.py took 0.038 seconds
[2026-01-27T15:21:50.121+0000] {processor.py:161} INFO - Started process (PID=187) to work on /opt/airflow/dags/airflow_dag_api_to_kafka.py
[2026-01-27T15:21:50.124+0000] {processor.py:830} INFO - Processing file /opt/airflow/dags/airflow_dag_api_to_kafka.py for tasks to queue
[2026-01-27T15:21:50.125+0000] {logging_mixin.py:188} INFO - [2026-01-27T15:21:50.124+0000] {dagbag.py:538} INFO - Filling up the DagBag from /opt/airflow/dags/airflow_dag_api_to_kafka.py
[2026-01-27T15:21:50.134+0000] {logging_mixin.py:188} INFO - [2026-01-27T15:21:50.133+0000] {dagbag.py:348} ERROR - Failed to import: /opt/airflow/dags/airflow_dag_api_to_kafka.py
Traceback (most recent call last):
  File "/home/airflow/.local/lib/python3.11/site-packages/airflow/models/dagbag.py", line 344, in parse
    loader.exec_module(new_module)
  File "<frozen importlib._bootstrap_external>", line 940, in exec_module
  File "<frozen importlib._bootstrap>", line 241, in _call_with_frames_removed
  File "/opt/airflow/dags/airflow_dag_api_to_kafka.py", line 16, in <module>
    from kafka import KafkaProducer
ModuleNotFoundError: No module named 'kafka'
[2026-01-27T15:21:50.135+0000] {processor.py:842} WARNING - No viable dags retrieved from /opt/airflow/dags/airflow_dag_api_to_kafka.py
[2026-01-27T15:21:50.174+0000] {processor.py:183} INFO - Processing /opt/airflow/dags/airflow_dag_api_to_kafka.py took 0.058 seconds
[2026-01-27T15:22:20.270+0000] {processor.py:161} INFO - Started process (PID=192) to work on /opt/airflow/dags/airflow_dag_api_to_kafka.py
[2026-01-27T15:22:20.271+0000] {processor.py:830} INFO - Processing file /opt/airflow/dags/airflow_dag_api_to_kafka.py for tasks to queue
[2026-01-27T15:22:20.273+0000] {logging_mixin.py:188} INFO - [2026-01-27T15:22:20.272+0000] {dagbag.py:538} INFO - Filling up the DagBag from /opt/airflow/dags/airflow_dag_api_to_kafka.py
[2026-01-27T15:22:20.282+0000] {logging_mixin.py:188} INFO - [2026-01-27T15:22:20.280+0000] {dagbag.py:348} ERROR - Failed to import: /opt/airflow/dags/airflow_dag_api_to_kafka.py
Traceback (most recent call last):
  File "/home/airflow/.local/lib/python3.11/site-packages/airflow/models/dagbag.py", line 344, in parse
    loader.exec_module(new_module)
  File "<frozen importlib._bootstrap_external>", line 940, in exec_module
  File "<frozen importlib._bootstrap>", line 241, in _call_with_frames_removed
  File "/opt/airflow/dags/airflow_dag_api_to_kafka.py", line 16, in <module>
    from kafka import KafkaProducer
ModuleNotFoundError: No module named 'kafka'
[2026-01-27T15:22:20.283+0000] {processor.py:842} WARNING - No viable dags retrieved from /opt/airflow/dags/airflow_dag_api_to_kafka.py
[2026-01-27T15:22:20.315+0000] {processor.py:183} INFO - Processing /opt/airflow/dags/airflow_dag_api_to_kafka.py took 0.050 seconds
[2026-01-27T15:22:50.423+0000] {processor.py:161} INFO - Started process (PID=197) to work on /opt/airflow/dags/airflow_dag_api_to_kafka.py
[2026-01-27T15:22:50.425+0000] {processor.py:830} INFO - Processing file /opt/airflow/dags/airflow_dag_api_to_kafka.py for tasks to queue
[2026-01-27T15:22:50.426+0000] {logging_mixin.py:188} INFO - [2026-01-27T15:22:50.425+0000] {dagbag.py:538} INFO - Filling up the DagBag from /opt/airflow/dags/airflow_dag_api_to_kafka.py
[2026-01-27T15:22:50.431+0000] {logging_mixin.py:188} INFO - [2026-01-27T15:22:50.430+0000] {dagbag.py:348} ERROR - Failed to import: /opt/airflow/dags/airflow_dag_api_to_kafka.py
Traceback (most recent call last):
  File "/home/airflow/.local/lib/python3.11/site-packages/airflow/models/dagbag.py", line 344, in parse
    loader.exec_module(new_module)
  File "<frozen importlib._bootstrap_external>", line 940, in exec_module
  File "<frozen importlib._bootstrap>", line 241, in _call_with_frames_removed
  File "/opt/airflow/dags/airflow_dag_api_to_kafka.py", line 16, in <module>
    from kafka import KafkaProducer
ModuleNotFoundError: No module named 'kafka'
[2026-01-27T15:22:50.432+0000] {processor.py:842} WARNING - No viable dags retrieved from /opt/airflow/dags/airflow_dag_api_to_kafka.py
[2026-01-27T15:22:50.455+0000] {processor.py:183} INFO - Processing /opt/airflow/dags/airflow_dag_api_to_kafka.py took 0.036 seconds
[2026-01-27T15:23:20.690+0000] {processor.py:161} INFO - Started process (PID=202) to work on /opt/airflow/dags/airflow_dag_api_to_kafka.py
[2026-01-27T15:23:20.692+0000] {processor.py:830} INFO - Processing file /opt/airflow/dags/airflow_dag_api_to_kafka.py for tasks to queue
[2026-01-27T15:23:20.696+0000] {logging_mixin.py:188} INFO - [2026-01-27T15:23:20.694+0000] {dagbag.py:538} INFO - Filling up the DagBag from /opt/airflow/dags/airflow_dag_api_to_kafka.py
[2026-01-27T15:23:20.728+0000] {logging_mixin.py:188} INFO - [2026-01-27T15:23:20.724+0000] {dagbag.py:348} ERROR - Failed to import: /opt/airflow/dags/airflow_dag_api_to_kafka.py
Traceback (most recent call last):
  File "/home/airflow/.local/lib/python3.11/site-packages/airflow/models/dagbag.py", line 344, in parse
    loader.exec_module(new_module)
  File "<frozen importlib._bootstrap_external>", line 940, in exec_module
  File "<frozen importlib._bootstrap>", line 241, in _call_with_frames_removed
  File "/opt/airflow/dags/airflow_dag_api_to_kafka.py", line 16, in <module>
    from kafka import KafkaProducer
ModuleNotFoundError: No module named 'kafka'
[2026-01-27T15:23:20.729+0000] {processor.py:842} WARNING - No viable dags retrieved from /opt/airflow/dags/airflow_dag_api_to_kafka.py
[2026-01-27T15:23:20.811+0000] {processor.py:183} INFO - Processing /opt/airflow/dags/airflow_dag_api_to_kafka.py took 0.144 seconds
[2026-01-27T15:23:51.003+0000] {processor.py:161} INFO - Started process (PID=207) to work on /opt/airflow/dags/airflow_dag_api_to_kafka.py
[2026-01-27T15:23:51.005+0000] {processor.py:830} INFO - Processing file /opt/airflow/dags/airflow_dag_api_to_kafka.py for tasks to queue
[2026-01-27T15:23:51.007+0000] {logging_mixin.py:188} INFO - [2026-01-27T15:23:51.006+0000] {dagbag.py:538} INFO - Filling up the DagBag from /opt/airflow/dags/airflow_dag_api_to_kafka.py
[2026-01-27T15:23:51.024+0000] {logging_mixin.py:188} INFO - [2026-01-27T15:23:51.022+0000] {dagbag.py:348} ERROR - Failed to import: /opt/airflow/dags/airflow_dag_api_to_kafka.py
Traceback (most recent call last):
  File "/home/airflow/.local/lib/python3.11/site-packages/airflow/models/dagbag.py", line 344, in parse
    loader.exec_module(new_module)
  File "<frozen importlib._bootstrap_external>", line 940, in exec_module
  File "<frozen importlib._bootstrap>", line 241, in _call_with_frames_removed
  File "/opt/airflow/dags/airflow_dag_api_to_kafka.py", line 16, in <module>
    from kafka import KafkaProducer
ModuleNotFoundError: No module named 'kafka'
[2026-01-27T15:23:51.025+0000] {processor.py:842} WARNING - No viable dags retrieved from /opt/airflow/dags/airflow_dag_api_to_kafka.py
[2026-01-27T15:23:51.097+0000] {processor.py:183} INFO - Processing /opt/airflow/dags/airflow_dag_api_to_kafka.py took 0.111 seconds
[2026-01-27T15:24:21.235+0000] {processor.py:161} INFO - Started process (PID=212) to work on /opt/airflow/dags/airflow_dag_api_to_kafka.py
[2026-01-27T15:24:21.236+0000] {processor.py:830} INFO - Processing file /opt/airflow/dags/airflow_dag_api_to_kafka.py for tasks to queue
[2026-01-27T15:24:21.237+0000] {logging_mixin.py:188} INFO - [2026-01-27T15:24:21.236+0000] {dagbag.py:538} INFO - Filling up the DagBag from /opt/airflow/dags/airflow_dag_api_to_kafka.py
[2026-01-27T15:24:21.244+0000] {logging_mixin.py:188} INFO - [2026-01-27T15:24:21.243+0000] {dagbag.py:348} ERROR - Failed to import: /opt/airflow/dags/airflow_dag_api_to_kafka.py
Traceback (most recent call last):
  File "/home/airflow/.local/lib/python3.11/site-packages/airflow/models/dagbag.py", line 344, in parse
    loader.exec_module(new_module)
  File "<frozen importlib._bootstrap_external>", line 940, in exec_module
  File "<frozen importlib._bootstrap>", line 241, in _call_with_frames_removed
  File "/opt/airflow/dags/airflow_dag_api_to_kafka.py", line 16, in <module>
    from kafka import KafkaProducer
ModuleNotFoundError: No module named 'kafka'
[2026-01-27T15:24:21.245+0000] {processor.py:842} WARNING - No viable dags retrieved from /opt/airflow/dags/airflow_dag_api_to_kafka.py
[2026-01-27T15:24:21.273+0000] {processor.py:183} INFO - Processing /opt/airflow/dags/airflow_dag_api_to_kafka.py took 0.043 seconds
[2026-01-27T15:24:51.365+0000] {processor.py:161} INFO - Started process (PID=217) to work on /opt/airflow/dags/airflow_dag_api_to_kafka.py
[2026-01-27T15:24:51.366+0000] {processor.py:830} INFO - Processing file /opt/airflow/dags/airflow_dag_api_to_kafka.py for tasks to queue
[2026-01-27T15:24:51.367+0000] {logging_mixin.py:188} INFO - [2026-01-27T15:24:51.367+0000] {dagbag.py:538} INFO - Filling up the DagBag from /opt/airflow/dags/airflow_dag_api_to_kafka.py
[2026-01-27T15:24:51.375+0000] {logging_mixin.py:188} INFO - [2026-01-27T15:24:51.373+0000] {dagbag.py:348} ERROR - Failed to import: /opt/airflow/dags/airflow_dag_api_to_kafka.py
Traceback (most recent call last):
  File "/home/airflow/.local/lib/python3.11/site-packages/airflow/models/dagbag.py", line 344, in parse
    loader.exec_module(new_module)
  File "<frozen importlib._bootstrap_external>", line 940, in exec_module
  File "<frozen importlib._bootstrap>", line 241, in _call_with_frames_removed
  File "/opt/airflow/dags/airflow_dag_api_to_kafka.py", line 16, in <module>
    from kafka import KafkaProducer
ModuleNotFoundError: No module named 'kafka'
[2026-01-27T15:24:51.376+0000] {processor.py:842} WARNING - No viable dags retrieved from /opt/airflow/dags/airflow_dag_api_to_kafka.py
[2026-01-27T15:24:51.404+0000] {processor.py:183} INFO - Processing /opt/airflow/dags/airflow_dag_api_to_kafka.py took 0.043 seconds
[2026-01-27T15:25:21.564+0000] {processor.py:161} INFO - Started process (PID=222) to work on /opt/airflow/dags/airflow_dag_api_to_kafka.py
[2026-01-27T15:25:21.565+0000] {processor.py:830} INFO - Processing file /opt/airflow/dags/airflow_dag_api_to_kafka.py for tasks to queue
[2026-01-27T15:25:21.566+0000] {logging_mixin.py:188} INFO - [2026-01-27T15:25:21.565+0000] {dagbag.py:538} INFO - Filling up the DagBag from /opt/airflow/dags/airflow_dag_api_to_kafka.py
[2026-01-27T15:25:21.577+0000] {logging_mixin.py:188} INFO - [2026-01-27T15:25:21.575+0000] {dagbag.py:348} ERROR - Failed to import: /opt/airflow/dags/airflow_dag_api_to_kafka.py
Traceback (most recent call last):
  File "/home/airflow/.local/lib/python3.11/site-packages/airflow/models/dagbag.py", line 344, in parse
    loader.exec_module(new_module)
  File "<frozen importlib._bootstrap_external>", line 940, in exec_module
  File "<frozen importlib._bootstrap>", line 241, in _call_with_frames_removed
  File "/opt/airflow/dags/airflow_dag_api_to_kafka.py", line 16, in <module>
    from kafka import KafkaProducer
ModuleNotFoundError: No module named 'kafka'
[2026-01-27T15:25:21.578+0000] {processor.py:842} WARNING - No viable dags retrieved from /opt/airflow/dags/airflow_dag_api_to_kafka.py
[2026-01-27T15:25:21.605+0000] {processor.py:183} INFO - Processing /opt/airflow/dags/airflow_dag_api_to_kafka.py took 0.045 seconds
[2026-01-27T15:25:51.700+0000] {processor.py:161} INFO - Started process (PID=227) to work on /opt/airflow/dags/airflow_dag_api_to_kafka.py
[2026-01-27T15:25:51.703+0000] {processor.py:830} INFO - Processing file /opt/airflow/dags/airflow_dag_api_to_kafka.py for tasks to queue
[2026-01-27T15:25:51.704+0000] {logging_mixin.py:188} INFO - [2026-01-27T15:25:51.703+0000] {dagbag.py:538} INFO - Filling up the DagBag from /opt/airflow/dags/airflow_dag_api_to_kafka.py
[2026-01-27T15:25:51.711+0000] {logging_mixin.py:188} INFO - [2026-01-27T15:25:51.709+0000] {dagbag.py:348} ERROR - Failed to import: /opt/airflow/dags/airflow_dag_api_to_kafka.py
Traceback (most recent call last):
  File "/home/airflow/.local/lib/python3.11/site-packages/airflow/models/dagbag.py", line 344, in parse
    loader.exec_module(new_module)
  File "<frozen importlib._bootstrap_external>", line 940, in exec_module
  File "<frozen importlib._bootstrap>", line 241, in _call_with_frames_removed
  File "/opt/airflow/dags/airflow_dag_api_to_kafka.py", line 16, in <module>
    from kafka import KafkaProducer
ModuleNotFoundError: No module named 'kafka'
[2026-01-27T15:25:51.712+0000] {processor.py:842} WARNING - No viable dags retrieved from /opt/airflow/dags/airflow_dag_api_to_kafka.py
[2026-01-27T15:25:51.744+0000] {processor.py:183} INFO - Processing /opt/airflow/dags/airflow_dag_api_to_kafka.py took 0.048 seconds
[2026-01-27T15:26:21.870+0000] {processor.py:161} INFO - Started process (PID=232) to work on /opt/airflow/dags/airflow_dag_api_to_kafka.py
[2026-01-27T15:26:21.871+0000] {processor.py:830} INFO - Processing file /opt/airflow/dags/airflow_dag_api_to_kafka.py for tasks to queue
[2026-01-27T15:26:21.872+0000] {logging_mixin.py:188} INFO - [2026-01-27T15:26:21.871+0000] {dagbag.py:538} INFO - Filling up the DagBag from /opt/airflow/dags/airflow_dag_api_to_kafka.py
[2026-01-27T15:26:21.879+0000] {logging_mixin.py:188} INFO - [2026-01-27T15:26:21.878+0000] {dagbag.py:348} ERROR - Failed to import: /opt/airflow/dags/airflow_dag_api_to_kafka.py
Traceback (most recent call last):
  File "/home/airflow/.local/lib/python3.11/site-packages/airflow/models/dagbag.py", line 344, in parse
    loader.exec_module(new_module)
  File "<frozen importlib._bootstrap_external>", line 940, in exec_module
  File "<frozen importlib._bootstrap>", line 241, in _call_with_frames_removed
  File "/opt/airflow/dags/airflow_dag_api_to_kafka.py", line 16, in <module>
    from kafka import KafkaProducer
ModuleNotFoundError: No module named 'kafka'
[2026-01-27T15:26:21.880+0000] {processor.py:842} WARNING - No viable dags retrieved from /opt/airflow/dags/airflow_dag_api_to_kafka.py
[2026-01-27T15:26:21.913+0000] {processor.py:183} INFO - Processing /opt/airflow/dags/airflow_dag_api_to_kafka.py took 0.047 seconds
[2026-01-27T15:26:52.044+0000] {processor.py:161} INFO - Started process (PID=237) to work on /opt/airflow/dags/airflow_dag_api_to_kafka.py
[2026-01-27T15:26:52.045+0000] {processor.py:830} INFO - Processing file /opt/airflow/dags/airflow_dag_api_to_kafka.py for tasks to queue
[2026-01-27T15:26:52.047+0000] {logging_mixin.py:188} INFO - [2026-01-27T15:26:52.046+0000] {dagbag.py:538} INFO - Filling up the DagBag from /opt/airflow/dags/airflow_dag_api_to_kafka.py
[2026-01-27T15:26:52.066+0000] {logging_mixin.py:188} INFO - [2026-01-27T15:26:52.063+0000] {dagbag.py:348} ERROR - Failed to import: /opt/airflow/dags/airflow_dag_api_to_kafka.py
Traceback (most recent call last):
  File "/home/airflow/.local/lib/python3.11/site-packages/airflow/models/dagbag.py", line 344, in parse
    loader.exec_module(new_module)
  File "<frozen importlib._bootstrap_external>", line 940, in exec_module
  File "<frozen importlib._bootstrap>", line 241, in _call_with_frames_removed
  File "/opt/airflow/dags/airflow_dag_api_to_kafka.py", line 16, in <module>
    from kafka import KafkaProducer
ModuleNotFoundError: No module named 'kafka'
[2026-01-27T15:26:52.067+0000] {processor.py:842} WARNING - No viable dags retrieved from /opt/airflow/dags/airflow_dag_api_to_kafka.py
[2026-01-27T15:26:52.139+0000] {processor.py:183} INFO - Processing /opt/airflow/dags/airflow_dag_api_to_kafka.py took 0.107 seconds
[2026-01-27T15:27:22.278+0000] {processor.py:161} INFO - Started process (PID=242) to work on /opt/airflow/dags/airflow_dag_api_to_kafka.py
[2026-01-27T15:27:22.279+0000] {processor.py:830} INFO - Processing file /opt/airflow/dags/airflow_dag_api_to_kafka.py for tasks to queue
[2026-01-27T15:27:22.280+0000] {logging_mixin.py:188} INFO - [2026-01-27T15:27:22.279+0000] {dagbag.py:538} INFO - Filling up the DagBag from /opt/airflow/dags/airflow_dag_api_to_kafka.py
[2026-01-27T15:27:22.288+0000] {logging_mixin.py:188} INFO - [2026-01-27T15:27:22.287+0000] {dagbag.py:348} ERROR - Failed to import: /opt/airflow/dags/airflow_dag_api_to_kafka.py
Traceback (most recent call last):
  File "/home/airflow/.local/lib/python3.11/site-packages/airflow/models/dagbag.py", line 344, in parse
    loader.exec_module(new_module)
  File "<frozen importlib._bootstrap_external>", line 940, in exec_module
  File "<frozen importlib._bootstrap>", line 241, in _call_with_frames_removed
  File "/opt/airflow/dags/airflow_dag_api_to_kafka.py", line 16, in <module>
    from kafka import KafkaProducer
ModuleNotFoundError: No module named 'kafka'
[2026-01-27T15:27:22.289+0000] {processor.py:842} WARNING - No viable dags retrieved from /opt/airflow/dags/airflow_dag_api_to_kafka.py
[2026-01-27T15:27:22.318+0000] {processor.py:183} INFO - Processing /opt/airflow/dags/airflow_dag_api_to_kafka.py took 0.045 seconds
[2026-01-27T15:27:52.418+0000] {processor.py:161} INFO - Started process (PID=247) to work on /opt/airflow/dags/airflow_dag_api_to_kafka.py
[2026-01-27T15:27:52.419+0000] {processor.py:830} INFO - Processing file /opt/airflow/dags/airflow_dag_api_to_kafka.py for tasks to queue
[2026-01-27T15:27:52.421+0000] {logging_mixin.py:188} INFO - [2026-01-27T15:27:52.420+0000] {dagbag.py:538} INFO - Filling up the DagBag from /opt/airflow/dags/airflow_dag_api_to_kafka.py
[2026-01-27T15:27:52.432+0000] {logging_mixin.py:188} INFO - [2026-01-27T15:27:52.430+0000] {dagbag.py:348} ERROR - Failed to import: /opt/airflow/dags/airflow_dag_api_to_kafka.py
Traceback (most recent call last):
  File "/home/airflow/.local/lib/python3.11/site-packages/airflow/models/dagbag.py", line 344, in parse
    loader.exec_module(new_module)
  File "<frozen importlib._bootstrap_external>", line 940, in exec_module
  File "<frozen importlib._bootstrap>", line 241, in _call_with_frames_removed
  File "/opt/airflow/dags/airflow_dag_api_to_kafka.py", line 16, in <module>
    from kafka import KafkaProducer
ModuleNotFoundError: No module named 'kafka'
[2026-01-27T15:27:52.433+0000] {processor.py:842} WARNING - No viable dags retrieved from /opt/airflow/dags/airflow_dag_api_to_kafka.py
[2026-01-27T15:27:52.467+0000] {processor.py:183} INFO - Processing /opt/airflow/dags/airflow_dag_api_to_kafka.py took 0.056 seconds
[2026-01-27T15:28:22.591+0000] {processor.py:161} INFO - Started process (PID=252) to work on /opt/airflow/dags/airflow_dag_api_to_kafka.py
[2026-01-27T15:28:22.593+0000] {processor.py:830} INFO - Processing file /opt/airflow/dags/airflow_dag_api_to_kafka.py for tasks to queue
[2026-01-27T15:28:22.594+0000] {logging_mixin.py:188} INFO - [2026-01-27T15:28:22.594+0000] {dagbag.py:538} INFO - Filling up the DagBag from /opt/airflow/dags/airflow_dag_api_to_kafka.py
[2026-01-27T15:28:22.603+0000] {logging_mixin.py:188} INFO - [2026-01-27T15:28:22.601+0000] {dagbag.py:348} ERROR - Failed to import: /opt/airflow/dags/airflow_dag_api_to_kafka.py
Traceback (most recent call last):
  File "/home/airflow/.local/lib/python3.11/site-packages/airflow/models/dagbag.py", line 344, in parse
    loader.exec_module(new_module)
  File "<frozen importlib._bootstrap_external>", line 940, in exec_module
  File "<frozen importlib._bootstrap>", line 241, in _call_with_frames_removed
  File "/opt/airflow/dags/airflow_dag_api_to_kafka.py", line 16, in <module>
    from kafka import KafkaProducer
ModuleNotFoundError: No module named 'kafka'
[2026-01-27T15:28:22.603+0000] {processor.py:842} WARNING - No viable dags retrieved from /opt/airflow/dags/airflow_dag_api_to_kafka.py
[2026-01-27T15:28:22.632+0000] {processor.py:183} INFO - Processing /opt/airflow/dags/airflow_dag_api_to_kafka.py took 0.045 seconds
[2026-01-27T15:28:52.732+0000] {processor.py:161} INFO - Started process (PID=257) to work on /opt/airflow/dags/airflow_dag_api_to_kafka.py
[2026-01-27T15:28:52.735+0000] {processor.py:830} INFO - Processing file /opt/airflow/dags/airflow_dag_api_to_kafka.py for tasks to queue
[2026-01-27T15:28:52.737+0000] {logging_mixin.py:188} INFO - [2026-01-27T15:28:52.736+0000] {dagbag.py:538} INFO - Filling up the DagBag from /opt/airflow/dags/airflow_dag_api_to_kafka.py
[2026-01-27T15:28:52.752+0000] {logging_mixin.py:188} INFO - [2026-01-27T15:28:52.750+0000] {dagbag.py:348} ERROR - Failed to import: /opt/airflow/dags/airflow_dag_api_to_kafka.py
Traceback (most recent call last):
  File "/home/airflow/.local/lib/python3.11/site-packages/airflow/models/dagbag.py", line 344, in parse
    loader.exec_module(new_module)
  File "<frozen importlib._bootstrap_external>", line 940, in exec_module
  File "<frozen importlib._bootstrap>", line 241, in _call_with_frames_removed
  File "/opt/airflow/dags/airflow_dag_api_to_kafka.py", line 16, in <module>
    from kafka import KafkaProducer
ModuleNotFoundError: No module named 'kafka'
[2026-01-27T15:28:52.753+0000] {processor.py:842} WARNING - No viable dags retrieved from /opt/airflow/dags/airflow_dag_api_to_kafka.py
[2026-01-27T15:28:52.796+0000] {processor.py:183} INFO - Processing /opt/airflow/dags/airflow_dag_api_to_kafka.py took 0.073 seconds
[2026-01-27T15:29:22.897+0000] {processor.py:161} INFO - Started process (PID=262) to work on /opt/airflow/dags/airflow_dag_api_to_kafka.py
[2026-01-27T15:29:22.900+0000] {processor.py:830} INFO - Processing file /opt/airflow/dags/airflow_dag_api_to_kafka.py for tasks to queue
[2026-01-27T15:29:22.901+0000] {logging_mixin.py:188} INFO - [2026-01-27T15:29:22.900+0000] {dagbag.py:538} INFO - Filling up the DagBag from /opt/airflow/dags/airflow_dag_api_to_kafka.py
[2026-01-27T15:29:22.909+0000] {logging_mixin.py:188} INFO - [2026-01-27T15:29:22.908+0000] {dagbag.py:348} ERROR - Failed to import: /opt/airflow/dags/airflow_dag_api_to_kafka.py
Traceback (most recent call last):
  File "/home/airflow/.local/lib/python3.11/site-packages/airflow/models/dagbag.py", line 344, in parse
    loader.exec_module(new_module)
  File "<frozen importlib._bootstrap_external>", line 940, in exec_module
  File "<frozen importlib._bootstrap>", line 241, in _call_with_frames_removed
  File "/opt/airflow/dags/airflow_dag_api_to_kafka.py", line 16, in <module>
    from kafka import KafkaProducer
ModuleNotFoundError: No module named 'kafka'
[2026-01-27T15:29:22.909+0000] {processor.py:842} WARNING - No viable dags retrieved from /opt/airflow/dags/airflow_dag_api_to_kafka.py
[2026-01-27T15:29:22.945+0000] {processor.py:183} INFO - Processing /opt/airflow/dags/airflow_dag_api_to_kafka.py took 0.055 seconds
[2026-01-27T15:29:53.066+0000] {processor.py:161} INFO - Started process (PID=267) to work on /opt/airflow/dags/airflow_dag_api_to_kafka.py
[2026-01-27T15:29:53.068+0000] {processor.py:830} INFO - Processing file /opt/airflow/dags/airflow_dag_api_to_kafka.py for tasks to queue
[2026-01-27T15:29:53.069+0000] {logging_mixin.py:188} INFO - [2026-01-27T15:29:53.069+0000] {dagbag.py:538} INFO - Filling up the DagBag from /opt/airflow/dags/airflow_dag_api_to_kafka.py
[2026-01-27T15:29:53.076+0000] {logging_mixin.py:188} INFO - [2026-01-27T15:29:53.075+0000] {dagbag.py:348} ERROR - Failed to import: /opt/airflow/dags/airflow_dag_api_to_kafka.py
Traceback (most recent call last):
  File "/home/airflow/.local/lib/python3.11/site-packages/airflow/models/dagbag.py", line 344, in parse
    loader.exec_module(new_module)
  File "<frozen importlib._bootstrap_external>", line 940, in exec_module
  File "<frozen importlib._bootstrap>", line 241, in _call_with_frames_removed
  File "/opt/airflow/dags/airflow_dag_api_to_kafka.py", line 16, in <module>
    from kafka import KafkaProducer
ModuleNotFoundError: No module named 'kafka'
[2026-01-27T15:29:53.077+0000] {processor.py:842} WARNING - No viable dags retrieved from /opt/airflow/dags/airflow_dag_api_to_kafka.py
[2026-01-27T15:29:53.103+0000] {processor.py:183} INFO - Processing /opt/airflow/dags/airflow_dag_api_to_kafka.py took 0.041 seconds
[2026-01-27T15:30:23.243+0000] {processor.py:161} INFO - Started process (PID=272) to work on /opt/airflow/dags/airflow_dag_api_to_kafka.py
[2026-01-27T15:30:23.246+0000] {processor.py:830} INFO - Processing file /opt/airflow/dags/airflow_dag_api_to_kafka.py for tasks to queue
[2026-01-27T15:30:23.247+0000] {logging_mixin.py:188} INFO - [2026-01-27T15:30:23.246+0000] {dagbag.py:538} INFO - Filling up the DagBag from /opt/airflow/dags/airflow_dag_api_to_kafka.py
[2026-01-27T15:30:23.255+0000] {logging_mixin.py:188} INFO - [2026-01-27T15:30:23.253+0000] {dagbag.py:348} ERROR - Failed to import: /opt/airflow/dags/airflow_dag_api_to_kafka.py
Traceback (most recent call last):
  File "/home/airflow/.local/lib/python3.11/site-packages/airflow/models/dagbag.py", line 344, in parse
    loader.exec_module(new_module)
  File "<frozen importlib._bootstrap_external>", line 940, in exec_module
  File "<frozen importlib._bootstrap>", line 241, in _call_with_frames_removed
  File "/opt/airflow/dags/airflow_dag_api_to_kafka.py", line 16, in <module>
    from kafka import KafkaProducer
ModuleNotFoundError: No module named 'kafka'
[2026-01-27T15:30:23.256+0000] {processor.py:842} WARNING - No viable dags retrieved from /opt/airflow/dags/airflow_dag_api_to_kafka.py
[2026-01-27T15:30:23.288+0000] {processor.py:183} INFO - Processing /opt/airflow/dags/airflow_dag_api_to_kafka.py took 0.049 seconds
[2026-01-27T15:30:53.376+0000] {processor.py:161} INFO - Started process (PID=277) to work on /opt/airflow/dags/airflow_dag_api_to_kafka.py
[2026-01-27T15:30:53.379+0000] {processor.py:830} INFO - Processing file /opt/airflow/dags/airflow_dag_api_to_kafka.py for tasks to queue
[2026-01-27T15:30:53.380+0000] {logging_mixin.py:188} INFO - [2026-01-27T15:30:53.379+0000] {dagbag.py:538} INFO - Filling up the DagBag from /opt/airflow/dags/airflow_dag_api_to_kafka.py
[2026-01-27T15:30:53.392+0000] {logging_mixin.py:188} INFO - [2026-01-27T15:30:53.390+0000] {dagbag.py:348} ERROR - Failed to import: /opt/airflow/dags/airflow_dag_api_to_kafka.py
Traceback (most recent call last):
  File "/home/airflow/.local/lib/python3.11/site-packages/airflow/models/dagbag.py", line 344, in parse
    loader.exec_module(new_module)
  File "<frozen importlib._bootstrap_external>", line 940, in exec_module
  File "<frozen importlib._bootstrap>", line 241, in _call_with_frames_removed
  File "/opt/airflow/dags/airflow_dag_api_to_kafka.py", line 16, in <module>
    from kafka import KafkaProducer
ModuleNotFoundError: No module named 'kafka'
[2026-01-27T15:30:53.393+0000] {processor.py:842} WARNING - No viable dags retrieved from /opt/airflow/dags/airflow_dag_api_to_kafka.py
[2026-01-27T15:30:53.423+0000] {processor.py:183} INFO - Processing /opt/airflow/dags/airflow_dag_api_to_kafka.py took 0.053 seconds
[2026-01-27T15:31:23.533+0000] {processor.py:161} INFO - Started process (PID=282) to work on /opt/airflow/dags/airflow_dag_api_to_kafka.py
[2026-01-27T15:31:23.534+0000] {processor.py:830} INFO - Processing file /opt/airflow/dags/airflow_dag_api_to_kafka.py for tasks to queue
[2026-01-27T15:31:23.535+0000] {logging_mixin.py:188} INFO - [2026-01-27T15:31:23.534+0000] {dagbag.py:538} INFO - Filling up the DagBag from /opt/airflow/dags/airflow_dag_api_to_kafka.py
[2026-01-27T15:31:23.542+0000] {logging_mixin.py:188} INFO - [2026-01-27T15:31:23.541+0000] {dagbag.py:348} ERROR - Failed to import: /opt/airflow/dags/airflow_dag_api_to_kafka.py
Traceback (most recent call last):
  File "/home/airflow/.local/lib/python3.11/site-packages/airflow/models/dagbag.py", line 344, in parse
    loader.exec_module(new_module)
  File "<frozen importlib._bootstrap_external>", line 940, in exec_module
  File "<frozen importlib._bootstrap>", line 241, in _call_with_frames_removed
  File "/opt/airflow/dags/airflow_dag_api_to_kafka.py", line 16, in <module>
    from kafka import KafkaProducer
ModuleNotFoundError: No module named 'kafka'
[2026-01-27T15:31:23.542+0000] {processor.py:842} WARNING - No viable dags retrieved from /opt/airflow/dags/airflow_dag_api_to_kafka.py
[2026-01-27T15:31:23.571+0000] {processor.py:183} INFO - Processing /opt/airflow/dags/airflow_dag_api_to_kafka.py took 0.042 seconds
[2026-01-27T15:31:53.674+0000] {processor.py:161} INFO - Started process (PID=287) to work on /opt/airflow/dags/airflow_dag_api_to_kafka.py
[2026-01-27T15:31:53.676+0000] {processor.py:830} INFO - Processing file /opt/airflow/dags/airflow_dag_api_to_kafka.py for tasks to queue
[2026-01-27T15:31:53.677+0000] {logging_mixin.py:188} INFO - [2026-01-27T15:31:53.677+0000] {dagbag.py:538} INFO - Filling up the DagBag from /opt/airflow/dags/airflow_dag_api_to_kafka.py
[2026-01-27T15:31:53.684+0000] {logging_mixin.py:188} INFO - [2026-01-27T15:31:53.683+0000] {dagbag.py:348} ERROR - Failed to import: /opt/airflow/dags/airflow_dag_api_to_kafka.py
Traceback (most recent call last):
  File "/home/airflow/.local/lib/python3.11/site-packages/airflow/models/dagbag.py", line 344, in parse
    loader.exec_module(new_module)
  File "<frozen importlib._bootstrap_external>", line 940, in exec_module
  File "<frozen importlib._bootstrap>", line 241, in _call_with_frames_removed
  File "/opt/airflow/dags/airflow_dag_api_to_kafka.py", line 16, in <module>
    from kafka import KafkaProducer
ModuleNotFoundError: No module named 'kafka'
[2026-01-27T15:31:53.685+0000] {processor.py:842} WARNING - No viable dags retrieved from /opt/airflow/dags/airflow_dag_api_to_kafka.py
[2026-01-27T15:31:53.714+0000] {processor.py:183} INFO - Processing /opt/airflow/dags/airflow_dag_api_to_kafka.py took 0.045 seconds
[2026-01-27T15:32:23.838+0000] {processor.py:161} INFO - Started process (PID=292) to work on /opt/airflow/dags/airflow_dag_api_to_kafka.py
[2026-01-27T15:32:23.841+0000] {processor.py:830} INFO - Processing file /opt/airflow/dags/airflow_dag_api_to_kafka.py for tasks to queue
[2026-01-27T15:32:23.843+0000] {logging_mixin.py:188} INFO - [2026-01-27T15:32:23.842+0000] {dagbag.py:538} INFO - Filling up the DagBag from /opt/airflow/dags/airflow_dag_api_to_kafka.py
[2026-01-27T15:32:23.854+0000] {logging_mixin.py:188} INFO - [2026-01-27T15:32:23.852+0000] {dagbag.py:348} ERROR - Failed to import: /opt/airflow/dags/airflow_dag_api_to_kafka.py
Traceback (most recent call last):
  File "/home/airflow/.local/lib/python3.11/site-packages/airflow/models/dagbag.py", line 344, in parse
    loader.exec_module(new_module)
  File "<frozen importlib._bootstrap_external>", line 940, in exec_module
  File "<frozen importlib._bootstrap>", line 241, in _call_with_frames_removed
  File "/opt/airflow/dags/airflow_dag_api_to_kafka.py", line 16, in <module>
    from kafka import KafkaProducer
ModuleNotFoundError: No module named 'kafka'
[2026-01-27T15:32:23.855+0000] {processor.py:842} WARNING - No viable dags retrieved from /opt/airflow/dags/airflow_dag_api_to_kafka.py
[2026-01-27T15:32:23.891+0000] {processor.py:183} INFO - Processing /opt/airflow/dags/airflow_dag_api_to_kafka.py took 0.058 seconds
[2026-01-27T15:32:53.966+0000] {processor.py:161} INFO - Started process (PID=297) to work on /opt/airflow/dags/airflow_dag_api_to_kafka.py
[2026-01-27T15:32:53.968+0000] {processor.py:830} INFO - Processing file /opt/airflow/dags/airflow_dag_api_to_kafka.py for tasks to queue
[2026-01-27T15:32:53.969+0000] {logging_mixin.py:188} INFO - [2026-01-27T15:32:53.969+0000] {dagbag.py:538} INFO - Filling up the DagBag from /opt/airflow/dags/airflow_dag_api_to_kafka.py
[2026-01-27T15:32:53.977+0000] {logging_mixin.py:188} INFO - [2026-01-27T15:32:53.975+0000] {dagbag.py:348} ERROR - Failed to import: /opt/airflow/dags/airflow_dag_api_to_kafka.py
Traceback (most recent call last):
  File "/home/airflow/.local/lib/python3.11/site-packages/airflow/models/dagbag.py", line 344, in parse
    loader.exec_module(new_module)
  File "<frozen importlib._bootstrap_external>", line 940, in exec_module
  File "<frozen importlib._bootstrap>", line 241, in _call_with_frames_removed
  File "/opt/airflow/dags/airflow_dag_api_to_kafka.py", line 16, in <module>
    from kafka import KafkaProducer
ModuleNotFoundError: No module named 'kafka'
[2026-01-27T15:32:53.977+0000] {processor.py:842} WARNING - No viable dags retrieved from /opt/airflow/dags/airflow_dag_api_to_kafka.py
[2026-01-27T15:32:54.005+0000] {processor.py:183} INFO - Processing /opt/airflow/dags/airflow_dag_api_to_kafka.py took 0.043 seconds
[2026-01-27T15:33:24.149+0000] {processor.py:161} INFO - Started process (PID=302) to work on /opt/airflow/dags/airflow_dag_api_to_kafka.py
[2026-01-27T15:33:24.150+0000] {processor.py:830} INFO - Processing file /opt/airflow/dags/airflow_dag_api_to_kafka.py for tasks to queue
[2026-01-27T15:33:24.151+0000] {logging_mixin.py:188} INFO - [2026-01-27T15:33:24.151+0000] {dagbag.py:538} INFO - Filling up the DagBag from /opt/airflow/dags/airflow_dag_api_to_kafka.py
[2026-01-27T15:33:24.159+0000] {logging_mixin.py:188} INFO - [2026-01-27T15:33:24.158+0000] {dagbag.py:348} ERROR - Failed to import: /opt/airflow/dags/airflow_dag_api_to_kafka.py
Traceback (most recent call last):
  File "/home/airflow/.local/lib/python3.11/site-packages/airflow/models/dagbag.py", line 344, in parse
    loader.exec_module(new_module)
  File "<frozen importlib._bootstrap_external>", line 940, in exec_module
  File "<frozen importlib._bootstrap>", line 241, in _call_with_frames_removed
  File "/opt/airflow/dags/airflow_dag_api_to_kafka.py", line 16, in <module>
    from kafka import KafkaProducer
ModuleNotFoundError: No module named 'kafka'
[2026-01-27T15:33:24.160+0000] {processor.py:842} WARNING - No viable dags retrieved from /opt/airflow/dags/airflow_dag_api_to_kafka.py
[2026-01-27T15:33:24.193+0000] {processor.py:183} INFO - Processing /opt/airflow/dags/airflow_dag_api_to_kafka.py took 0.048 seconds
[2026-01-27T15:33:54.290+0000] {processor.py:161} INFO - Started process (PID=307) to work on /opt/airflow/dags/airflow_dag_api_to_kafka.py
[2026-01-27T15:33:54.293+0000] {processor.py:830} INFO - Processing file /opt/airflow/dags/airflow_dag_api_to_kafka.py for tasks to queue
[2026-01-27T15:33:54.293+0000] {logging_mixin.py:188} INFO - [2026-01-27T15:33:54.293+0000] {dagbag.py:538} INFO - Filling up the DagBag from /opt/airflow/dags/airflow_dag_api_to_kafka.py
[2026-01-27T15:33:54.300+0000] {logging_mixin.py:188} INFO - [2026-01-27T15:33:54.299+0000] {dagbag.py:348} ERROR - Failed to import: /opt/airflow/dags/airflow_dag_api_to_kafka.py
Traceback (most recent call last):
  File "/home/airflow/.local/lib/python3.11/site-packages/airflow/models/dagbag.py", line 344, in parse
    loader.exec_module(new_module)
  File "<frozen importlib._bootstrap_external>", line 940, in exec_module
  File "<frozen importlib._bootstrap>", line 241, in _call_with_frames_removed
  File "/opt/airflow/dags/airflow_dag_api_to_kafka.py", line 16, in <module>
    from kafka import KafkaProducer
ModuleNotFoundError: No module named 'kafka'
[2026-01-27T15:33:54.301+0000] {processor.py:842} WARNING - No viable dags retrieved from /opt/airflow/dags/airflow_dag_api_to_kafka.py
[2026-01-27T15:33:54.326+0000] {processor.py:183} INFO - Processing /opt/airflow/dags/airflow_dag_api_to_kafka.py took 0.039 seconds
[2026-01-27T15:34:24.453+0000] {processor.py:161} INFO - Started process (PID=312) to work on /opt/airflow/dags/airflow_dag_api_to_kafka.py
[2026-01-27T15:34:24.455+0000] {processor.py:830} INFO - Processing file /opt/airflow/dags/airflow_dag_api_to_kafka.py for tasks to queue
[2026-01-27T15:34:24.457+0000] {logging_mixin.py:188} INFO - [2026-01-27T15:34:24.456+0000] {dagbag.py:538} INFO - Filling up the DagBag from /opt/airflow/dags/airflow_dag_api_to_kafka.py
[2026-01-27T15:34:24.468+0000] {logging_mixin.py:188} INFO - [2026-01-27T15:34:24.466+0000] {dagbag.py:348} ERROR - Failed to import: /opt/airflow/dags/airflow_dag_api_to_kafka.py
Traceback (most recent call last):
  File "/home/airflow/.local/lib/python3.11/site-packages/airflow/models/dagbag.py", line 344, in parse
    loader.exec_module(new_module)
  File "<frozen importlib._bootstrap_external>", line 940, in exec_module
  File "<frozen importlib._bootstrap>", line 241, in _call_with_frames_removed
  File "/opt/airflow/dags/airflow_dag_api_to_kafka.py", line 16, in <module>
    from kafka import KafkaProducer
ModuleNotFoundError: No module named 'kafka'
[2026-01-27T15:34:24.469+0000] {processor.py:842} WARNING - No viable dags retrieved from /opt/airflow/dags/airflow_dag_api_to_kafka.py
[2026-01-27T15:34:24.507+0000] {processor.py:183} INFO - Processing /opt/airflow/dags/airflow_dag_api_to_kafka.py took 0.060 seconds
[2026-01-27T15:34:54.596+0000] {processor.py:161} INFO - Started process (PID=317) to work on /opt/airflow/dags/airflow_dag_api_to_kafka.py
[2026-01-27T15:34:54.598+0000] {processor.py:830} INFO - Processing file /opt/airflow/dags/airflow_dag_api_to_kafka.py for tasks to queue
[2026-01-27T15:34:54.600+0000] {logging_mixin.py:188} INFO - [2026-01-27T15:34:54.599+0000] {dagbag.py:538} INFO - Filling up the DagBag from /opt/airflow/dags/airflow_dag_api_to_kafka.py
[2026-01-27T15:34:54.611+0000] {logging_mixin.py:188} INFO - [2026-01-27T15:34:54.609+0000] {dagbag.py:348} ERROR - Failed to import: /opt/airflow/dags/airflow_dag_api_to_kafka.py
Traceback (most recent call last):
  File "/home/airflow/.local/lib/python3.11/site-packages/airflow/models/dagbag.py", line 344, in parse
    loader.exec_module(new_module)
  File "<frozen importlib._bootstrap_external>", line 940, in exec_module
  File "<frozen importlib._bootstrap>", line 241, in _call_with_frames_removed
  File "/opt/airflow/dags/airflow_dag_api_to_kafka.py", line 16, in <module>
    from kafka import KafkaProducer
ModuleNotFoundError: No module named 'kafka'
[2026-01-27T15:34:54.611+0000] {processor.py:842} WARNING - No viable dags retrieved from /opt/airflow/dags/airflow_dag_api_to_kafka.py
[2026-01-27T15:34:54.644+0000] {processor.py:183} INFO - Processing /opt/airflow/dags/airflow_dag_api_to_kafka.py took 0.055 seconds
[2026-01-27T15:35:24.772+0000] {processor.py:161} INFO - Started process (PID=322) to work on /opt/airflow/dags/airflow_dag_api_to_kafka.py
[2026-01-27T15:35:24.775+0000] {processor.py:830} INFO - Processing file /opt/airflow/dags/airflow_dag_api_to_kafka.py for tasks to queue
[2026-01-27T15:35:24.776+0000] {logging_mixin.py:188} INFO - [2026-01-27T15:35:24.775+0000] {dagbag.py:538} INFO - Filling up the DagBag from /opt/airflow/dags/airflow_dag_api_to_kafka.py
[2026-01-27T15:35:24.784+0000] {logging_mixin.py:188} INFO - [2026-01-27T15:35:24.783+0000] {dagbag.py:348} ERROR - Failed to import: /opt/airflow/dags/airflow_dag_api_to_kafka.py
Traceback (most recent call last):
  File "/home/airflow/.local/lib/python3.11/site-packages/airflow/models/dagbag.py", line 344, in parse
    loader.exec_module(new_module)
  File "<frozen importlib._bootstrap_external>", line 940, in exec_module
  File "<frozen importlib._bootstrap>", line 241, in _call_with_frames_removed
  File "/opt/airflow/dags/airflow_dag_api_to_kafka.py", line 16, in <module>
    from kafka import KafkaProducer
ModuleNotFoundError: No module named 'kafka'
[2026-01-27T15:35:24.784+0000] {processor.py:842} WARNING - No viable dags retrieved from /opt/airflow/dags/airflow_dag_api_to_kafka.py
[2026-01-27T15:35:24.813+0000] {processor.py:183} INFO - Processing /opt/airflow/dags/airflow_dag_api_to_kafka.py took 0.044 seconds
[2026-01-27T15:35:54.910+0000] {processor.py:161} INFO - Started process (PID=327) to work on /opt/airflow/dags/airflow_dag_api_to_kafka.py
[2026-01-27T15:35:54.912+0000] {processor.py:830} INFO - Processing file /opt/airflow/dags/airflow_dag_api_to_kafka.py for tasks to queue
[2026-01-27T15:35:54.915+0000] {logging_mixin.py:188} INFO - [2026-01-27T15:35:54.913+0000] {dagbag.py:538} INFO - Filling up the DagBag from /opt/airflow/dags/airflow_dag_api_to_kafka.py
[2026-01-27T15:35:54.928+0000] {logging_mixin.py:188} INFO - [2026-01-27T15:35:54.926+0000] {dagbag.py:348} ERROR - Failed to import: /opt/airflow/dags/airflow_dag_api_to_kafka.py
Traceback (most recent call last):
  File "/home/airflow/.local/lib/python3.11/site-packages/airflow/models/dagbag.py", line 344, in parse
    loader.exec_module(new_module)
  File "<frozen importlib._bootstrap_external>", line 940, in exec_module
  File "<frozen importlib._bootstrap>", line 241, in _call_with_frames_removed
  File "/opt/airflow/dags/airflow_dag_api_to_kafka.py", line 16, in <module>
    from kafka import KafkaProducer
ModuleNotFoundError: No module named 'kafka'
[2026-01-27T15:35:54.928+0000] {processor.py:842} WARNING - No viable dags retrieved from /opt/airflow/dags/airflow_dag_api_to_kafka.py
[2026-01-27T15:35:54.957+0000] {processor.py:183} INFO - Processing /opt/airflow/dags/airflow_dag_api_to_kafka.py took 0.056 seconds
[2026-01-27T15:36:25.060+0000] {processor.py:161} INFO - Started process (PID=332) to work on /opt/airflow/dags/airflow_dag_api_to_kafka.py
[2026-01-27T15:36:25.061+0000] {processor.py:830} INFO - Processing file /opt/airflow/dags/airflow_dag_api_to_kafka.py for tasks to queue
[2026-01-27T15:36:25.062+0000] {logging_mixin.py:188} INFO - [2026-01-27T15:36:25.062+0000] {dagbag.py:538} INFO - Filling up the DagBag from /opt/airflow/dags/airflow_dag_api_to_kafka.py
[2026-01-27T15:36:25.069+0000] {logging_mixin.py:188} INFO - [2026-01-27T15:36:25.068+0000] {dagbag.py:348} ERROR - Failed to import: /opt/airflow/dags/airflow_dag_api_to_kafka.py
Traceback (most recent call last):
  File "/home/airflow/.local/lib/python3.11/site-packages/airflow/models/dagbag.py", line 344, in parse
    loader.exec_module(new_module)
  File "<frozen importlib._bootstrap_external>", line 940, in exec_module
  File "<frozen importlib._bootstrap>", line 241, in _call_with_frames_removed
  File "/opt/airflow/dags/airflow_dag_api_to_kafka.py", line 16, in <module>
    from kafka import KafkaProducer
ModuleNotFoundError: No module named 'kafka'
[2026-01-27T15:36:25.070+0000] {processor.py:842} WARNING - No viable dags retrieved from /opt/airflow/dags/airflow_dag_api_to_kafka.py
[2026-01-27T15:36:25.098+0000] {processor.py:183} INFO - Processing /opt/airflow/dags/airflow_dag_api_to_kafka.py took 0.042 seconds
[2026-01-27T15:36:55.223+0000] {processor.py:161} INFO - Started process (PID=343) to work on /opt/airflow/dags/airflow_dag_api_to_kafka.py
[2026-01-27T15:36:55.225+0000] {processor.py:830} INFO - Processing file /opt/airflow/dags/airflow_dag_api_to_kafka.py for tasks to queue
[2026-01-27T15:36:55.227+0000] {logging_mixin.py:188} INFO - [2026-01-27T15:36:55.226+0000] {dagbag.py:538} INFO - Filling up the DagBag from /opt/airflow/dags/airflow_dag_api_to_kafka.py
[2026-01-27T15:36:55.235+0000] {logging_mixin.py:188} INFO - [2026-01-27T15:36:55.234+0000] {dagbag.py:348} ERROR - Failed to import: /opt/airflow/dags/airflow_dag_api_to_kafka.py
Traceback (most recent call last):
  File "/home/airflow/.local/lib/python3.11/site-packages/airflow/models/dagbag.py", line 344, in parse
    loader.exec_module(new_module)
  File "<frozen importlib._bootstrap_external>", line 940, in exec_module
  File "<frozen importlib._bootstrap>", line 241, in _call_with_frames_removed
  File "/opt/airflow/dags/airflow_dag_api_to_kafka.py", line 16, in <module>
    from kafka import KafkaProducer
ModuleNotFoundError: No module named 'kafka'
[2026-01-27T15:36:55.236+0000] {processor.py:842} WARNING - No viable dags retrieved from /opt/airflow/dags/airflow_dag_api_to_kafka.py
[2026-01-27T15:36:55.262+0000] {processor.py:183} INFO - Processing /opt/airflow/dags/airflow_dag_api_to_kafka.py took 0.045 seconds
[2026-01-27T15:37:25.370+0000] {processor.py:161} INFO - Started process (PID=348) to work on /opt/airflow/dags/airflow_dag_api_to_kafka.py
[2026-01-27T15:37:25.372+0000] {processor.py:830} INFO - Processing file /opt/airflow/dags/airflow_dag_api_to_kafka.py for tasks to queue
[2026-01-27T15:37:25.373+0000] {logging_mixin.py:188} INFO - [2026-01-27T15:37:25.372+0000] {dagbag.py:538} INFO - Filling up the DagBag from /opt/airflow/dags/airflow_dag_api_to_kafka.py
[2026-01-27T15:37:25.379+0000] {logging_mixin.py:188} INFO - [2026-01-27T15:37:25.378+0000] {dagbag.py:348} ERROR - Failed to import: /opt/airflow/dags/airflow_dag_api_to_kafka.py
Traceback (most recent call last):
  File "/home/airflow/.local/lib/python3.11/site-packages/airflow/models/dagbag.py", line 344, in parse
    loader.exec_module(new_module)
  File "<frozen importlib._bootstrap_external>", line 940, in exec_module
  File "<frozen importlib._bootstrap>", line 241, in _call_with_frames_removed
  File "/opt/airflow/dags/airflow_dag_api_to_kafka.py", line 16, in <module>
    from kafka import KafkaProducer
ModuleNotFoundError: No module named 'kafka'
[2026-01-27T15:37:25.380+0000] {processor.py:842} WARNING - No viable dags retrieved from /opt/airflow/dags/airflow_dag_api_to_kafka.py
[2026-01-27T15:37:25.408+0000] {processor.py:183} INFO - Processing /opt/airflow/dags/airflow_dag_api_to_kafka.py took 0.043 seconds
[2026-01-27T15:37:55.997+0000] {processor.py:161} INFO - Started process (PID=172) to work on /opt/airflow/dags/airflow_dag_api_to_kafka.py
[2026-01-27T15:37:55.998+0000] {processor.py:830} INFO - Processing file /opt/airflow/dags/airflow_dag_api_to_kafka.py for tasks to queue
[2026-01-27T15:37:55.999+0000] {logging_mixin.py:188} INFO - [2026-01-27T15:37:55.999+0000] {dagbag.py:538} INFO - Filling up the DagBag from /opt/airflow/dags/airflow_dag_api_to_kafka.py
[2026-01-27T15:37:56.003+0000] {logging_mixin.py:188} INFO - [2026-01-27T15:37:56.002+0000] {dagbag.py:348} ERROR - Failed to import: /opt/airflow/dags/airflow_dag_api_to_kafka.py
Traceback (most recent call last):
  File "/home/airflow/.local/lib/python3.11/site-packages/airflow/models/dagbag.py", line 344, in parse
    loader.exec_module(new_module)
  File "<frozen importlib._bootstrap_external>", line 940, in exec_module
  File "<frozen importlib._bootstrap>", line 241, in _call_with_frames_removed
  File "/opt/airflow/dags/airflow_dag_api_to_kafka.py", line 16, in <module>
    from kafka import KafkaProducer
ModuleNotFoundError: No module named 'kafka'
[2026-01-27T15:37:56.004+0000] {processor.py:842} WARNING - No viable dags retrieved from /opt/airflow/dags/airflow_dag_api_to_kafka.py
[2026-01-27T15:37:56.024+0000] {processor.py:183} INFO - Processing /opt/airflow/dags/airflow_dag_api_to_kafka.py took 0.028 seconds
[2026-01-27T15:38:26.155+0000] {processor.py:161} INFO - Started process (PID=177) to work on /opt/airflow/dags/airflow_dag_api_to_kafka.py
[2026-01-27T15:38:26.156+0000] {processor.py:830} INFO - Processing file /opt/airflow/dags/airflow_dag_api_to_kafka.py for tasks to queue
[2026-01-27T15:38:26.158+0000] {logging_mixin.py:188} INFO - [2026-01-27T15:38:26.157+0000] {dagbag.py:538} INFO - Filling up the DagBag from /opt/airflow/dags/airflow_dag_api_to_kafka.py
[2026-01-27T15:38:26.164+0000] {logging_mixin.py:188} INFO - [2026-01-27T15:38:26.163+0000] {dagbag.py:348} ERROR - Failed to import: /opt/airflow/dags/airflow_dag_api_to_kafka.py
Traceback (most recent call last):
  File "/home/airflow/.local/lib/python3.11/site-packages/airflow/models/dagbag.py", line 344, in parse
    loader.exec_module(new_module)
  File "<frozen importlib._bootstrap_external>", line 940, in exec_module
  File "<frozen importlib._bootstrap>", line 241, in _call_with_frames_removed
  File "/opt/airflow/dags/airflow_dag_api_to_kafka.py", line 16, in <module>
    from kafka import KafkaProducer
ModuleNotFoundError: No module named 'kafka'
[2026-01-27T15:38:26.164+0000] {processor.py:842} WARNING - No viable dags retrieved from /opt/airflow/dags/airflow_dag_api_to_kafka.py
[2026-01-27T15:38:26.198+0000] {processor.py:183} INFO - Processing /opt/airflow/dags/airflow_dag_api_to_kafka.py took 0.047 seconds
[2026-01-27T15:38:56.292+0000] {processor.py:161} INFO - Started process (PID=194) to work on /opt/airflow/dags/airflow_dag_api_to_kafka.py
[2026-01-27T15:38:56.295+0000] {processor.py:830} INFO - Processing file /opt/airflow/dags/airflow_dag_api_to_kafka.py for tasks to queue
[2026-01-27T15:38:56.296+0000] {logging_mixin.py:188} INFO - [2026-01-27T15:38:56.295+0000] {dagbag.py:538} INFO - Filling up the DagBag from /opt/airflow/dags/airflow_dag_api_to_kafka.py
[2026-01-27T15:38:56.305+0000] {logging_mixin.py:188} INFO - [2026-01-27T15:38:56.304+0000] {dagbag.py:348} ERROR - Failed to import: /opt/airflow/dags/airflow_dag_api_to_kafka.py
Traceback (most recent call last):
  File "/home/airflow/.local/lib/python3.11/site-packages/airflow/models/dagbag.py", line 344, in parse
    loader.exec_module(new_module)
  File "<frozen importlib._bootstrap_external>", line 940, in exec_module
  File "<frozen importlib._bootstrap>", line 241, in _call_with_frames_removed
  File "/opt/airflow/dags/airflow_dag_api_to_kafka.py", line 16, in <module>
    from kafka import KafkaProducer
ModuleNotFoundError: No module named 'kafka'
[2026-01-27T15:38:56.306+0000] {processor.py:842} WARNING - No viable dags retrieved from /opt/airflow/dags/airflow_dag_api_to_kafka.py
[2026-01-27T15:38:56.331+0000] {processor.py:183} INFO - Processing /opt/airflow/dags/airflow_dag_api_to_kafka.py took 0.042 seconds
[2026-01-27T15:39:26.446+0000] {processor.py:161} INFO - Started process (PID=199) to work on /opt/airflow/dags/airflow_dag_api_to_kafka.py
[2026-01-27T15:39:26.447+0000] {processor.py:830} INFO - Processing file /opt/airflow/dags/airflow_dag_api_to_kafka.py for tasks to queue
[2026-01-27T15:39:26.448+0000] {logging_mixin.py:188} INFO - [2026-01-27T15:39:26.448+0000] {dagbag.py:538} INFO - Filling up the DagBag from /opt/airflow/dags/airflow_dag_api_to_kafka.py
[2026-01-27T15:39:26.456+0000] {logging_mixin.py:188} INFO - [2026-01-27T15:39:26.453+0000] {dagbag.py:348} ERROR - Failed to import: /opt/airflow/dags/airflow_dag_api_to_kafka.py
Traceback (most recent call last):
  File "/home/airflow/.local/lib/python3.11/site-packages/airflow/models/dagbag.py", line 344, in parse
    loader.exec_module(new_module)
  File "<frozen importlib._bootstrap_external>", line 940, in exec_module
  File "<frozen importlib._bootstrap>", line 241, in _call_with_frames_removed
  File "/opt/airflow/dags/airflow_dag_api_to_kafka.py", line 16, in <module>
    from kafka import KafkaProducer
ModuleNotFoundError: No module named 'kafka'
[2026-01-27T15:39:26.457+0000] {processor.py:842} WARNING - No viable dags retrieved from /opt/airflow/dags/airflow_dag_api_to_kafka.py
[2026-01-27T15:39:26.485+0000] {processor.py:183} INFO - Processing /opt/airflow/dags/airflow_dag_api_to_kafka.py took 0.042 seconds
[2026-01-27T15:49:13.292+0000] {processor.py:161} INFO - Started process (PID=189) to work on /opt/airflow/dags/airflow_dag_api_to_kafka.py
[2026-01-27T15:49:13.293+0000] {processor.py:830} INFO - Processing file /opt/airflow/dags/airflow_dag_api_to_kafka.py for tasks to queue
[2026-01-27T15:49:13.294+0000] {logging_mixin.py:188} INFO - [2026-01-27T15:49:13.294+0000] {dagbag.py:538} INFO - Filling up the DagBag from /opt/airflow/dags/airflow_dag_api_to_kafka.py
[2026-01-27T15:49:13.347+0000] {processor.py:840} INFO - DAG(s) 'tle_api_to_kafka_streaming' retrieved from /opt/airflow/dags/airflow_dag_api_to_kafka.py
[2026-01-27T15:49:13.533+0000] {logging_mixin.py:188} INFO - [2026-01-27T15:49:13.533+0000] {override.py:1769} INFO - Created Permission View: can read on DAG:tle_api_to_kafka_streaming
[2026-01-27T15:49:13.540+0000] {logging_mixin.py:188} INFO - [2026-01-27T15:49:13.540+0000] {override.py:1769} INFO - Created Permission View: can edit on DAG:tle_api_to_kafka_streaming
[2026-01-27T15:49:13.544+0000] {logging_mixin.py:188} INFO - [2026-01-27T15:49:13.544+0000] {override.py:1769} INFO - Created Permission View: can delete on DAG:tle_api_to_kafka_streaming
[2026-01-27T15:49:13.545+0000] {logging_mixin.py:188} INFO - [2026-01-27T15:49:13.544+0000] {dag.py:3036} INFO - Sync 1 DAGs
[2026-01-27T15:49:13.556+0000] {logging_mixin.py:188} INFO - [2026-01-27T15:49:13.556+0000] {dag.py:3058} INFO - Creating ORM DAG for tle_api_to_kafka_streaming
[2026-01-27T15:49:13.568+0000] {logging_mixin.py:188} INFO - [2026-01-27T15:49:13.568+0000] {dag.py:3823} INFO - Setting next_dagrun for tle_api_to_kafka_streaming to 2026-01-27 14:00:00+00:00, run_after=2026-01-27 15:00:00+00:00
[2026-01-27T15:49:13.587+0000] {processor.py:183} INFO - Processing /opt/airflow/dags/airflow_dag_api_to_kafka.py took 0.297 seconds
[2026-01-27T15:49:43.713+0000] {processor.py:161} INFO - Started process (PID=195) to work on /opt/airflow/dags/airflow_dag_api_to_kafka.py
[2026-01-27T15:49:43.715+0000] {processor.py:830} INFO - Processing file /opt/airflow/dags/airflow_dag_api_to_kafka.py for tasks to queue
[2026-01-27T15:49:43.717+0000] {logging_mixin.py:188} INFO - [2026-01-27T15:49:43.716+0000] {dagbag.py:538} INFO - Filling up the DagBag from /opt/airflow/dags/airflow_dag_api_to_kafka.py
[2026-01-27T15:49:43.803+0000] {processor.py:840} INFO - DAG(s) 'tle_api_to_kafka_streaming' retrieved from /opt/airflow/dags/airflow_dag_api_to_kafka.py
[2026-01-27T15:49:43.852+0000] {logging_mixin.py:188} INFO - [2026-01-27T15:49:43.852+0000] {dag.py:3036} INFO - Sync 1 DAGs
[2026-01-27T15:49:43.901+0000] {logging_mixin.py:188} INFO - [2026-01-27T15:49:43.901+0000] {dag.py:3823} INFO - Setting next_dagrun for tle_api_to_kafka_streaming to 2026-01-27 14:00:00+00:00, run_after=2026-01-27 15:00:00+00:00
[2026-01-27T15:49:43.923+0000] {processor.py:183} INFO - Processing /opt/airflow/dags/airflow_dag_api_to_kafka.py took 0.214 seconds
[2026-01-27T15:50:14.060+0000] {processor.py:161} INFO - Started process (PID=200) to work on /opt/airflow/dags/airflow_dag_api_to_kafka.py
[2026-01-27T15:50:14.061+0000] {processor.py:830} INFO - Processing file /opt/airflow/dags/airflow_dag_api_to_kafka.py for tasks to queue
[2026-01-27T15:50:14.062+0000] {logging_mixin.py:188} INFO - [2026-01-27T15:50:14.061+0000] {dagbag.py:538} INFO - Filling up the DagBag from /opt/airflow/dags/airflow_dag_api_to_kafka.py
[2026-01-27T15:50:14.107+0000] {processor.py:840} INFO - DAG(s) 'tle_api_to_kafka_streaming' retrieved from /opt/airflow/dags/airflow_dag_api_to_kafka.py
[2026-01-27T15:50:14.138+0000] {logging_mixin.py:188} INFO - [2026-01-27T15:50:14.137+0000] {dag.py:3036} INFO - Sync 1 DAGs
[2026-01-27T15:50:14.161+0000] {logging_mixin.py:188} INFO - [2026-01-27T15:50:14.161+0000] {dag.py:3823} INFO - Setting next_dagrun for tle_api_to_kafka_streaming to 2026-01-27 14:00:00+00:00, run_after=2026-01-27 15:00:00+00:00
[2026-01-27T15:50:14.179+0000] {processor.py:183} INFO - Processing /opt/airflow/dags/airflow_dag_api_to_kafka.py took 0.121 seconds
[2026-01-27T15:50:44.288+0000] {processor.py:161} INFO - Started process (PID=205) to work on /opt/airflow/dags/airflow_dag_api_to_kafka.py
[2026-01-27T15:50:44.290+0000] {processor.py:830} INFO - Processing file /opt/airflow/dags/airflow_dag_api_to_kafka.py for tasks to queue
[2026-01-27T15:50:44.291+0000] {logging_mixin.py:188} INFO - [2026-01-27T15:50:44.291+0000] {dagbag.py:538} INFO - Filling up the DagBag from /opt/airflow/dags/airflow_dag_api_to_kafka.py
[2026-01-27T15:50:44.335+0000] {processor.py:840} INFO - DAG(s) 'tle_api_to_kafka_streaming' retrieved from /opt/airflow/dags/airflow_dag_api_to_kafka.py
[2026-01-27T15:50:44.365+0000] {logging_mixin.py:188} INFO - [2026-01-27T15:50:44.365+0000] {dag.py:3036} INFO - Sync 1 DAGs
[2026-01-27T15:50:44.391+0000] {logging_mixin.py:188} INFO - [2026-01-27T15:50:44.391+0000] {dag.py:3823} INFO - Setting next_dagrun for tle_api_to_kafka_streaming to 2026-01-27 14:00:00+00:00, run_after=2026-01-27 15:00:00+00:00
[2026-01-27T15:50:44.410+0000] {processor.py:183} INFO - Processing /opt/airflow/dags/airflow_dag_api_to_kafka.py took 0.125 seconds
[2026-01-27T15:51:14.518+0000] {processor.py:161} INFO - Started process (PID=210) to work on /opt/airflow/dags/airflow_dag_api_to_kafka.py
[2026-01-27T15:51:14.519+0000] {processor.py:830} INFO - Processing file /opt/airflow/dags/airflow_dag_api_to_kafka.py for tasks to queue
[2026-01-27T15:51:14.519+0000] {logging_mixin.py:188} INFO - [2026-01-27T15:51:14.519+0000] {dagbag.py:538} INFO - Filling up the DagBag from /opt/airflow/dags/airflow_dag_api_to_kafka.py
[2026-01-27T15:51:14.565+0000] {processor.py:840} INFO - DAG(s) 'tle_api_to_kafka_streaming' retrieved from /opt/airflow/dags/airflow_dag_api_to_kafka.py
[2026-01-27T15:51:14.595+0000] {logging_mixin.py:188} INFO - [2026-01-27T15:51:14.595+0000] {dag.py:3036} INFO - Sync 1 DAGs
[2026-01-27T15:51:14.622+0000] {logging_mixin.py:188} INFO - [2026-01-27T15:51:14.622+0000] {dag.py:3823} INFO - Setting next_dagrun for tle_api_to_kafka_streaming to 2026-01-27 14:00:00+00:00, run_after=2026-01-27 15:00:00+00:00
[2026-01-27T15:51:14.646+0000] {processor.py:183} INFO - Processing /opt/airflow/dags/airflow_dag_api_to_kafka.py took 0.131 seconds
[2026-01-27T15:51:44.778+0000] {processor.py:161} INFO - Started process (PID=215) to work on /opt/airflow/dags/airflow_dag_api_to_kafka.py
[2026-01-27T15:51:44.780+0000] {processor.py:830} INFO - Processing file /opt/airflow/dags/airflow_dag_api_to_kafka.py for tasks to queue
[2026-01-27T15:51:44.783+0000] {logging_mixin.py:188} INFO - [2026-01-27T15:51:44.782+0000] {dagbag.py:538} INFO - Filling up the DagBag from /opt/airflow/dags/airflow_dag_api_to_kafka.py
[2026-01-27T15:51:44.927+0000] {processor.py:840} INFO - DAG(s) 'tle_api_to_kafka_streaming' retrieved from /opt/airflow/dags/airflow_dag_api_to_kafka.py
[2026-01-27T15:51:44.984+0000] {logging_mixin.py:188} INFO - [2026-01-27T15:51:44.983+0000] {dag.py:3036} INFO - Sync 1 DAGs
[2026-01-27T15:51:45.038+0000] {logging_mixin.py:188} INFO - [2026-01-27T15:51:45.038+0000] {dag.py:3823} INFO - Setting next_dagrun for tle_api_to_kafka_streaming to 2026-01-27 14:00:00+00:00, run_after=2026-01-27 15:00:00+00:00
[2026-01-27T15:51:45.065+0000] {processor.py:183} INFO - Processing /opt/airflow/dags/airflow_dag_api_to_kafka.py took 0.295 seconds
[2026-01-27T15:52:15.199+0000] {processor.py:161} INFO - Started process (PID=220) to work on /opt/airflow/dags/airflow_dag_api_to_kafka.py
[2026-01-27T15:52:15.202+0000] {processor.py:830} INFO - Processing file /opt/airflow/dags/airflow_dag_api_to_kafka.py for tasks to queue
[2026-01-27T15:52:15.204+0000] {logging_mixin.py:188} INFO - [2026-01-27T15:52:15.203+0000] {dagbag.py:538} INFO - Filling up the DagBag from /opt/airflow/dags/airflow_dag_api_to_kafka.py
[2026-01-27T15:52:15.300+0000] {processor.py:840} INFO - DAG(s) 'tle_api_to_kafka_streaming' retrieved from /opt/airflow/dags/airflow_dag_api_to_kafka.py
[2026-01-27T15:52:15.338+0000] {logging_mixin.py:188} INFO - [2026-01-27T15:52:15.338+0000] {dag.py:3036} INFO - Sync 1 DAGs
[2026-01-27T15:52:15.381+0000] {logging_mixin.py:188} INFO - [2026-01-27T15:52:15.381+0000] {dag.py:3823} INFO - Setting next_dagrun for tle_api_to_kafka_streaming to 2026-01-27 14:00:00+00:00, run_after=2026-01-27 15:00:00+00:00
[2026-01-27T15:52:15.404+0000] {processor.py:183} INFO - Processing /opt/airflow/dags/airflow_dag_api_to_kafka.py took 0.211 seconds
[2026-01-27T15:52:45.541+0000] {processor.py:161} INFO - Started process (PID=225) to work on /opt/airflow/dags/airflow_dag_api_to_kafka.py
[2026-01-27T15:52:45.544+0000] {processor.py:830} INFO - Processing file /opt/airflow/dags/airflow_dag_api_to_kafka.py for tasks to queue
[2026-01-27T15:52:45.545+0000] {logging_mixin.py:188} INFO - [2026-01-27T15:52:45.545+0000] {dagbag.py:538} INFO - Filling up the DagBag from /opt/airflow/dags/airflow_dag_api_to_kafka.py
[2026-01-27T15:52:45.642+0000] {processor.py:840} INFO - DAG(s) 'tle_api_to_kafka_streaming' retrieved from /opt/airflow/dags/airflow_dag_api_to_kafka.py
[2026-01-27T15:52:45.687+0000] {logging_mixin.py:188} INFO - [2026-01-27T15:52:45.687+0000] {dag.py:3036} INFO - Sync 1 DAGs
[2026-01-27T15:52:45.734+0000] {logging_mixin.py:188} INFO - [2026-01-27T15:52:45.733+0000] {dag.py:3823} INFO - Setting next_dagrun for tle_api_to_kafka_streaming to 2026-01-27 14:00:00+00:00, run_after=2026-01-27 15:00:00+00:00
[2026-01-27T15:52:45.760+0000] {processor.py:183} INFO - Processing /opt/airflow/dags/airflow_dag_api_to_kafka.py took 0.225 seconds
[2026-01-27T15:53:15.891+0000] {processor.py:161} INFO - Started process (PID=230) to work on /opt/airflow/dags/airflow_dag_api_to_kafka.py
[2026-01-27T15:53:15.892+0000] {processor.py:830} INFO - Processing file /opt/airflow/dags/airflow_dag_api_to_kafka.py for tasks to queue
[2026-01-27T15:53:15.893+0000] {logging_mixin.py:188} INFO - [2026-01-27T15:53:15.893+0000] {dagbag.py:538} INFO - Filling up the DagBag from /opt/airflow/dags/airflow_dag_api_to_kafka.py
[2026-01-27T15:53:15.985+0000] {processor.py:840} INFO - DAG(s) 'tle_api_to_kafka_streaming' retrieved from /opt/airflow/dags/airflow_dag_api_to_kafka.py
[2026-01-27T15:53:16.035+0000] {logging_mixin.py:188} INFO - [2026-01-27T15:53:16.035+0000] {dag.py:3036} INFO - Sync 1 DAGs
[2026-01-27T15:53:16.082+0000] {logging_mixin.py:188} INFO - [2026-01-27T15:53:16.082+0000] {dag.py:3823} INFO - Setting next_dagrun for tle_api_to_kafka_streaming to 2026-01-27 14:00:00+00:00, run_after=2026-01-27 15:00:00+00:00
[2026-01-27T15:53:16.114+0000] {processor.py:183} INFO - Processing /opt/airflow/dags/airflow_dag_api_to_kafka.py took 0.227 seconds
[2026-01-27T15:53:46.267+0000] {processor.py:161} INFO - Started process (PID=235) to work on /opt/airflow/dags/airflow_dag_api_to_kafka.py
[2026-01-27T15:53:46.268+0000] {processor.py:830} INFO - Processing file /opt/airflow/dags/airflow_dag_api_to_kafka.py for tasks to queue
[2026-01-27T15:53:46.269+0000] {logging_mixin.py:188} INFO - [2026-01-27T15:53:46.269+0000] {dagbag.py:538} INFO - Filling up the DagBag from /opt/airflow/dags/airflow_dag_api_to_kafka.py
[2026-01-27T15:53:46.358+0000] {processor.py:840} INFO - DAG(s) 'tle_api_to_kafka_streaming' retrieved from /opt/airflow/dags/airflow_dag_api_to_kafka.py
[2026-01-27T15:53:46.398+0000] {logging_mixin.py:188} INFO - [2026-01-27T15:53:46.397+0000] {dag.py:3036} INFO - Sync 1 DAGs
[2026-01-27T15:53:46.441+0000] {logging_mixin.py:188} INFO - [2026-01-27T15:53:46.441+0000] {dag.py:3823} INFO - Setting next_dagrun for tle_api_to_kafka_streaming to 2026-01-27 14:00:00+00:00, run_after=2026-01-27 15:00:00+00:00
[2026-01-27T15:53:46.470+0000] {processor.py:183} INFO - Processing /opt/airflow/dags/airflow_dag_api_to_kafka.py took 0.206 seconds
[2026-01-27T15:54:16.616+0000] {processor.py:161} INFO - Started process (PID=240) to work on /opt/airflow/dags/airflow_dag_api_to_kafka.py
[2026-01-27T15:54:16.619+0000] {processor.py:830} INFO - Processing file /opt/airflow/dags/airflow_dag_api_to_kafka.py for tasks to queue
[2026-01-27T15:54:16.619+0000] {logging_mixin.py:188} INFO - [2026-01-27T15:54:16.619+0000] {dagbag.py:538} INFO - Filling up the DagBag from /opt/airflow/dags/airflow_dag_api_to_kafka.py
[2026-01-27T15:54:16.696+0000] {processor.py:840} INFO - DAG(s) 'tle_api_to_kafka_streaming' retrieved from /opt/airflow/dags/airflow_dag_api_to_kafka.py
[2026-01-27T15:54:16.763+0000] {logging_mixin.py:188} INFO - [2026-01-27T15:54:16.763+0000] {dag.py:3036} INFO - Sync 1 DAGs
[2026-01-27T15:54:16.792+0000] {logging_mixin.py:188} INFO - [2026-01-27T15:54:16.792+0000] {dag.py:3823} INFO - Setting next_dagrun for tle_api_to_kafka_streaming to 2026-01-27 14:00:00+00:00, run_after=2026-01-27 15:00:00+00:00
[2026-01-27T15:54:16.812+0000] {processor.py:183} INFO - Processing /opt/airflow/dags/airflow_dag_api_to_kafka.py took 0.200 seconds
[2026-01-27T15:54:46.950+0000] {processor.py:161} INFO - Started process (PID=245) to work on /opt/airflow/dags/airflow_dag_api_to_kafka.py
[2026-01-27T15:54:46.952+0000] {processor.py:830} INFO - Processing file /opt/airflow/dags/airflow_dag_api_to_kafka.py for tasks to queue
[2026-01-27T15:54:46.953+0000] {logging_mixin.py:188} INFO - [2026-01-27T15:54:46.953+0000] {dagbag.py:538} INFO - Filling up the DagBag from /opt/airflow/dags/airflow_dag_api_to_kafka.py
[2026-01-27T15:54:47.039+0000] {processor.py:840} INFO - DAG(s) 'tle_api_to_kafka_streaming' retrieved from /opt/airflow/dags/airflow_dag_api_to_kafka.py
[2026-01-27T15:54:47.077+0000] {logging_mixin.py:188} INFO - [2026-01-27T15:54:47.076+0000] {dag.py:3036} INFO - Sync 1 DAGs
[2026-01-27T15:54:47.107+0000] {logging_mixin.py:188} INFO - [2026-01-27T15:54:47.107+0000] {dag.py:3823} INFO - Setting next_dagrun for tle_api_to_kafka_streaming to 2026-01-27 14:00:00+00:00, run_after=2026-01-27 15:00:00+00:00
[2026-01-27T15:54:47.128+0000] {processor.py:183} INFO - Processing /opt/airflow/dags/airflow_dag_api_to_kafka.py took 0.183 seconds
[2026-01-27T15:55:17.260+0000] {processor.py:161} INFO - Started process (PID=250) to work on /opt/airflow/dags/airflow_dag_api_to_kafka.py
[2026-01-27T15:55:17.263+0000] {processor.py:830} INFO - Processing file /opt/airflow/dags/airflow_dag_api_to_kafka.py for tasks to queue
[2026-01-27T15:55:17.265+0000] {logging_mixin.py:188} INFO - [2026-01-27T15:55:17.264+0000] {dagbag.py:538} INFO - Filling up the DagBag from /opt/airflow/dags/airflow_dag_api_to_kafka.py
[2026-01-27T15:55:17.360+0000] {processor.py:840} INFO - DAG(s) 'tle_api_to_kafka_streaming' retrieved from /opt/airflow/dags/airflow_dag_api_to_kafka.py
[2026-01-27T15:55:17.397+0000] {logging_mixin.py:188} INFO - [2026-01-27T15:55:17.397+0000] {dag.py:3036} INFO - Sync 1 DAGs
[2026-01-27T15:55:17.434+0000] {logging_mixin.py:188} INFO - [2026-01-27T15:55:17.434+0000] {dag.py:3823} INFO - Setting next_dagrun for tle_api_to_kafka_streaming to 2026-01-27 14:00:00+00:00, run_after=2026-01-27 15:00:00+00:00
[2026-01-27T15:55:17.455+0000] {processor.py:183} INFO - Processing /opt/airflow/dags/airflow_dag_api_to_kafka.py took 0.200 seconds
[2026-01-27T15:55:47.584+0000] {processor.py:161} INFO - Started process (PID=255) to work on /opt/airflow/dags/airflow_dag_api_to_kafka.py
[2026-01-27T15:55:47.586+0000] {processor.py:830} INFO - Processing file /opt/airflow/dags/airflow_dag_api_to_kafka.py for tasks to queue
[2026-01-27T15:55:47.588+0000] {logging_mixin.py:188} INFO - [2026-01-27T15:55:47.587+0000] {dagbag.py:538} INFO - Filling up the DagBag from /opt/airflow/dags/airflow_dag_api_to_kafka.py
[2026-01-27T15:55:47.683+0000] {processor.py:840} INFO - DAG(s) 'tle_api_to_kafka_streaming' retrieved from /opt/airflow/dags/airflow_dag_api_to_kafka.py
[2026-01-27T15:55:47.730+0000] {logging_mixin.py:188} INFO - [2026-01-27T15:55:47.729+0000] {dag.py:3036} INFO - Sync 1 DAGs
[2026-01-27T15:55:47.766+0000] {logging_mixin.py:188} INFO - [2026-01-27T15:55:47.766+0000] {dag.py:3823} INFO - Setting next_dagrun for tle_api_to_kafka_streaming to 2026-01-27 14:00:00+00:00, run_after=2026-01-27 15:00:00+00:00
[2026-01-27T15:55:47.786+0000] {processor.py:183} INFO - Processing /opt/airflow/dags/airflow_dag_api_to_kafka.py took 0.209 seconds
[2026-01-27T15:56:17.926+0000] {processor.py:161} INFO - Started process (PID=260) to work on /opt/airflow/dags/airflow_dag_api_to_kafka.py
[2026-01-27T15:56:17.928+0000] {processor.py:830} INFO - Processing file /opt/airflow/dags/airflow_dag_api_to_kafka.py for tasks to queue
[2026-01-27T15:56:17.929+0000] {logging_mixin.py:188} INFO - [2026-01-27T15:56:17.929+0000] {dagbag.py:538} INFO - Filling up the DagBag from /opt/airflow/dags/airflow_dag_api_to_kafka.py
[2026-01-27T15:56:18.016+0000] {processor.py:840} INFO - DAG(s) 'tle_api_to_kafka_streaming' retrieved from /opt/airflow/dags/airflow_dag_api_to_kafka.py
[2026-01-27T15:56:18.070+0000] {logging_mixin.py:188} INFO - [2026-01-27T15:56:18.069+0000] {dag.py:3036} INFO - Sync 1 DAGs
[2026-01-27T15:56:18.118+0000] {logging_mixin.py:188} INFO - [2026-01-27T15:56:18.118+0000] {dag.py:3823} INFO - Setting next_dagrun for tle_api_to_kafka_streaming to 2026-01-27 14:00:00+00:00, run_after=2026-01-27 15:00:00+00:00
[2026-01-27T15:56:18.145+0000] {processor.py:183} INFO - Processing /opt/airflow/dags/airflow_dag_api_to_kafka.py took 0.223 seconds
[2026-01-27T15:56:48.276+0000] {processor.py:161} INFO - Started process (PID=265) to work on /opt/airflow/dags/airflow_dag_api_to_kafka.py
[2026-01-27T15:56:48.279+0000] {processor.py:830} INFO - Processing file /opt/airflow/dags/airflow_dag_api_to_kafka.py for tasks to queue
[2026-01-27T15:56:48.280+0000] {logging_mixin.py:188} INFO - [2026-01-27T15:56:48.279+0000] {dagbag.py:538} INFO - Filling up the DagBag from /opt/airflow/dags/airflow_dag_api_to_kafka.py
[2026-01-27T15:56:48.368+0000] {processor.py:840} INFO - DAG(s) 'tle_api_to_kafka_streaming' retrieved from /opt/airflow/dags/airflow_dag_api_to_kafka.py
[2026-01-27T15:56:48.416+0000] {logging_mixin.py:188} INFO - [2026-01-27T15:56:48.416+0000] {dag.py:3036} INFO - Sync 1 DAGs
[2026-01-27T15:56:48.457+0000] {logging_mixin.py:188} INFO - [2026-01-27T15:56:48.457+0000] {dag.py:3823} INFO - Setting next_dagrun for tle_api_to_kafka_streaming to 2026-01-27 14:00:00+00:00, run_after=2026-01-27 15:00:00+00:00
[2026-01-27T15:56:48.485+0000] {processor.py:183} INFO - Processing /opt/airflow/dags/airflow_dag_api_to_kafka.py took 0.213 seconds
[2026-01-27T15:57:18.622+0000] {processor.py:161} INFO - Started process (PID=270) to work on /opt/airflow/dags/airflow_dag_api_to_kafka.py
[2026-01-27T15:57:18.624+0000] {processor.py:830} INFO - Processing file /opt/airflow/dags/airflow_dag_api_to_kafka.py for tasks to queue
[2026-01-27T15:57:18.625+0000] {logging_mixin.py:188} INFO - [2026-01-27T15:57:18.625+0000] {dagbag.py:538} INFO - Filling up the DagBag from /opt/airflow/dags/airflow_dag_api_to_kafka.py
[2026-01-27T15:57:18.691+0000] {processor.py:840} INFO - DAG(s) 'tle_api_to_kafka_streaming' retrieved from /opt/airflow/dags/airflow_dag_api_to_kafka.py
[2026-01-27T15:57:18.731+0000] {logging_mixin.py:188} INFO - [2026-01-27T15:57:18.731+0000] {dag.py:3036} INFO - Sync 1 DAGs
[2026-01-27T15:57:18.765+0000] {logging_mixin.py:188} INFO - [2026-01-27T15:57:18.765+0000] {dag.py:3823} INFO - Setting next_dagrun for tle_api_to_kafka_streaming to 2026-01-27 14:00:00+00:00, run_after=2026-01-27 15:00:00+00:00
[2026-01-27T15:57:18.789+0000] {processor.py:183} INFO - Processing /opt/airflow/dags/airflow_dag_api_to_kafka.py took 0.171 seconds
[2026-01-27T15:57:48.930+0000] {processor.py:161} INFO - Started process (PID=275) to work on /opt/airflow/dags/airflow_dag_api_to_kafka.py
[2026-01-27T15:57:48.932+0000] {processor.py:830} INFO - Processing file /opt/airflow/dags/airflow_dag_api_to_kafka.py for tasks to queue
[2026-01-27T15:57:48.934+0000] {logging_mixin.py:188} INFO - [2026-01-27T15:57:48.933+0000] {dagbag.py:538} INFO - Filling up the DagBag from /opt/airflow/dags/airflow_dag_api_to_kafka.py
[2026-01-27T15:57:49.030+0000] {processor.py:840} INFO - DAG(s) 'tle_api_to_kafka_streaming' retrieved from /opt/airflow/dags/airflow_dag_api_to_kafka.py
[2026-01-27T15:57:49.067+0000] {logging_mixin.py:188} INFO - [2026-01-27T15:57:49.067+0000] {dag.py:3036} INFO - Sync 1 DAGs
[2026-01-27T15:57:49.096+0000] {logging_mixin.py:188} INFO - [2026-01-27T15:57:49.096+0000] {dag.py:3823} INFO - Setting next_dagrun for tle_api_to_kafka_streaming to 2026-01-27 14:00:00+00:00, run_after=2026-01-27 15:00:00+00:00
[2026-01-27T15:57:49.114+0000] {processor.py:183} INFO - Processing /opt/airflow/dags/airflow_dag_api_to_kafka.py took 0.188 seconds
[2026-01-27T15:58:19.252+0000] {processor.py:161} INFO - Started process (PID=280) to work on /opt/airflow/dags/airflow_dag_api_to_kafka.py
[2026-01-27T15:58:19.254+0000] {processor.py:830} INFO - Processing file /opt/airflow/dags/airflow_dag_api_to_kafka.py for tasks to queue
[2026-01-27T15:58:19.255+0000] {logging_mixin.py:188} INFO - [2026-01-27T15:58:19.255+0000] {dagbag.py:538} INFO - Filling up the DagBag from /opt/airflow/dags/airflow_dag_api_to_kafka.py
[2026-01-27T15:58:19.316+0000] {processor.py:840} INFO - DAG(s) 'tle_api_to_kafka_streaming' retrieved from /opt/airflow/dags/airflow_dag_api_to_kafka.py
[2026-01-27T15:58:19.350+0000] {logging_mixin.py:188} INFO - [2026-01-27T15:58:19.350+0000] {dag.py:3036} INFO - Sync 1 DAGs
[2026-01-27T15:58:19.379+0000] {logging_mixin.py:188} INFO - [2026-01-27T15:58:19.379+0000] {dag.py:3823} INFO - Setting next_dagrun for tle_api_to_kafka_streaming to 2026-01-27 14:00:00+00:00, run_after=2026-01-27 15:00:00+00:00
[2026-01-27T15:58:19.399+0000] {processor.py:183} INFO - Processing /opt/airflow/dags/airflow_dag_api_to_kafka.py took 0.151 seconds
[2026-01-27T15:58:49.542+0000] {processor.py:161} INFO - Started process (PID=285) to work on /opt/airflow/dags/airflow_dag_api_to_kafka.py
[2026-01-27T15:58:49.544+0000] {processor.py:830} INFO - Processing file /opt/airflow/dags/airflow_dag_api_to_kafka.py for tasks to queue
[2026-01-27T15:58:49.545+0000] {logging_mixin.py:188} INFO - [2026-01-27T15:58:49.545+0000] {dagbag.py:538} INFO - Filling up the DagBag from /opt/airflow/dags/airflow_dag_api_to_kafka.py
[2026-01-27T15:58:49.610+0000] {processor.py:840} INFO - DAG(s) 'tle_api_to_kafka_streaming' retrieved from /opt/airflow/dags/airflow_dag_api_to_kafka.py
[2026-01-27T15:58:49.648+0000] {logging_mixin.py:188} INFO - [2026-01-27T15:58:49.648+0000] {dag.py:3036} INFO - Sync 1 DAGs
[2026-01-27T15:58:49.686+0000] {logging_mixin.py:188} INFO - [2026-01-27T15:58:49.685+0000] {dag.py:3823} INFO - Setting next_dagrun for tle_api_to_kafka_streaming to 2026-01-27 14:00:00+00:00, run_after=2026-01-27 15:00:00+00:00
[2026-01-27T15:58:49.706+0000] {processor.py:183} INFO - Processing /opt/airflow/dags/airflow_dag_api_to_kafka.py took 0.169 seconds
[2026-01-27T15:59:19.847+0000] {processor.py:161} INFO - Started process (PID=290) to work on /opt/airflow/dags/airflow_dag_api_to_kafka.py
[2026-01-27T15:59:19.848+0000] {processor.py:830} INFO - Processing file /opt/airflow/dags/airflow_dag_api_to_kafka.py for tasks to queue
[2026-01-27T15:59:19.848+0000] {logging_mixin.py:188} INFO - [2026-01-27T15:59:19.848+0000] {dagbag.py:538} INFO - Filling up the DagBag from /opt/airflow/dags/airflow_dag_api_to_kafka.py
[2026-01-27T15:59:19.925+0000] {processor.py:840} INFO - DAG(s) 'tle_api_to_kafka_streaming' retrieved from /opt/airflow/dags/airflow_dag_api_to_kafka.py
[2026-01-27T15:59:19.968+0000] {logging_mixin.py:188} INFO - [2026-01-27T15:59:19.967+0000] {dag.py:3036} INFO - Sync 1 DAGs
[2026-01-27T15:59:20.010+0000] {logging_mixin.py:188} INFO - [2026-01-27T15:59:20.010+0000] {dag.py:3823} INFO - Setting next_dagrun for tle_api_to_kafka_streaming to 2026-01-27 14:00:00+00:00, run_after=2026-01-27 15:00:00+00:00
[2026-01-27T15:59:20.039+0000] {processor.py:183} INFO - Processing /opt/airflow/dags/airflow_dag_api_to_kafka.py took 0.197 seconds
[2026-01-27T15:59:50.180+0000] {processor.py:161} INFO - Started process (PID=295) to work on /opt/airflow/dags/airflow_dag_api_to_kafka.py
[2026-01-27T15:59:50.183+0000] {processor.py:830} INFO - Processing file /opt/airflow/dags/airflow_dag_api_to_kafka.py for tasks to queue
[2026-01-27T15:59:50.184+0000] {logging_mixin.py:188} INFO - [2026-01-27T15:59:50.183+0000] {dagbag.py:538} INFO - Filling up the DagBag from /opt/airflow/dags/airflow_dag_api_to_kafka.py
[2026-01-27T15:59:50.270+0000] {processor.py:840} INFO - DAG(s) 'tle_api_to_kafka_streaming' retrieved from /opt/airflow/dags/airflow_dag_api_to_kafka.py
[2026-01-27T15:59:50.314+0000] {logging_mixin.py:188} INFO - [2026-01-27T15:59:50.313+0000] {dag.py:3036} INFO - Sync 1 DAGs
[2026-01-27T15:59:50.346+0000] {logging_mixin.py:188} INFO - [2026-01-27T15:59:50.346+0000] {dag.py:3823} INFO - Setting next_dagrun for tle_api_to_kafka_streaming to 2026-01-27 14:00:00+00:00, run_after=2026-01-27 15:00:00+00:00
[2026-01-27T15:59:50.367+0000] {processor.py:183} INFO - Processing /opt/airflow/dags/airflow_dag_api_to_kafka.py took 0.191 seconds
[2026-01-27T16:00:20.506+0000] {processor.py:161} INFO - Started process (PID=300) to work on /opt/airflow/dags/airflow_dag_api_to_kafka.py
[2026-01-27T16:00:20.509+0000] {processor.py:830} INFO - Processing file /opt/airflow/dags/airflow_dag_api_to_kafka.py for tasks to queue
[2026-01-27T16:00:20.510+0000] {logging_mixin.py:188} INFO - [2026-01-27T16:00:20.510+0000] {dagbag.py:538} INFO - Filling up the DagBag from /opt/airflow/dags/airflow_dag_api_to_kafka.py
[2026-01-27T16:00:20.601+0000] {processor.py:840} INFO - DAG(s) 'tle_api_to_kafka_streaming' retrieved from /opt/airflow/dags/airflow_dag_api_to_kafka.py
[2026-01-27T16:00:20.640+0000] {logging_mixin.py:188} INFO - [2026-01-27T16:00:20.640+0000] {dag.py:3036} INFO - Sync 1 DAGs
[2026-01-27T16:00:20.674+0000] {logging_mixin.py:188} INFO - [2026-01-27T16:00:20.673+0000] {dag.py:3823} INFO - Setting next_dagrun for tle_api_to_kafka_streaming to 2026-01-27 15:00:00+00:00, run_after=2026-01-27 16:00:00+00:00
[2026-01-27T16:00:20.697+0000] {processor.py:183} INFO - Processing /opt/airflow/dags/airflow_dag_api_to_kafka.py took 0.196 seconds
[2026-01-27T16:00:50.832+0000] {processor.py:161} INFO - Started process (PID=305) to work on /opt/airflow/dags/airflow_dag_api_to_kafka.py
[2026-01-27T16:00:50.835+0000] {processor.py:830} INFO - Processing file /opt/airflow/dags/airflow_dag_api_to_kafka.py for tasks to queue
[2026-01-27T16:00:50.836+0000] {logging_mixin.py:188} INFO - [2026-01-27T16:00:50.835+0000] {dagbag.py:538} INFO - Filling up the DagBag from /opt/airflow/dags/airflow_dag_api_to_kafka.py
[2026-01-27T16:00:50.898+0000] {processor.py:840} INFO - DAG(s) 'tle_api_to_kafka_streaming' retrieved from /opt/airflow/dags/airflow_dag_api_to_kafka.py
[2026-01-27T16:00:50.937+0000] {logging_mixin.py:188} INFO - [2026-01-27T16:00:50.937+0000] {dag.py:3036} INFO - Sync 1 DAGs
[2026-01-27T16:00:50.968+0000] {logging_mixin.py:188} INFO - [2026-01-27T16:00:50.968+0000] {dag.py:3823} INFO - Setting next_dagrun for tle_api_to_kafka_streaming to 2026-01-27 15:00:00+00:00, run_after=2026-01-27 16:00:00+00:00
[2026-01-27T16:00:50.990+0000] {processor.py:183} INFO - Processing /opt/airflow/dags/airflow_dag_api_to_kafka.py took 0.162 seconds
[2026-01-27T16:01:21.148+0000] {processor.py:161} INFO - Started process (PID=310) to work on /opt/airflow/dags/airflow_dag_api_to_kafka.py
[2026-01-27T16:01:21.149+0000] {processor.py:830} INFO - Processing file /opt/airflow/dags/airflow_dag_api_to_kafka.py for tasks to queue
[2026-01-27T16:01:21.151+0000] {logging_mixin.py:188} INFO - [2026-01-27T16:01:21.150+0000] {dagbag.py:538} INFO - Filling up the DagBag from /opt/airflow/dags/airflow_dag_api_to_kafka.py
[2026-01-27T16:01:21.247+0000] {processor.py:840} INFO - DAG(s) 'tle_api_to_kafka_streaming' retrieved from /opt/airflow/dags/airflow_dag_api_to_kafka.py
[2026-01-27T16:01:21.300+0000] {logging_mixin.py:188} INFO - [2026-01-27T16:01:21.300+0000] {dag.py:3036} INFO - Sync 1 DAGs
[2026-01-27T16:01:21.349+0000] {logging_mixin.py:188} INFO - [2026-01-27T16:01:21.348+0000] {dag.py:3823} INFO - Setting next_dagrun for tle_api_to_kafka_streaming to 2026-01-27 15:00:00+00:00, run_after=2026-01-27 16:00:00+00:00
[2026-01-27T16:01:21.382+0000] {processor.py:183} INFO - Processing /opt/airflow/dags/airflow_dag_api_to_kafka.py took 0.240 seconds
[2026-01-27T16:02:22.541+0000] {processor.py:161} INFO - Started process (PID=189) to work on /opt/airflow/dags/airflow_dag_api_to_kafka.py
[2026-01-27T16:02:22.542+0000] {processor.py:830} INFO - Processing file /opt/airflow/dags/airflow_dag_api_to_kafka.py for tasks to queue
[2026-01-27T16:02:22.543+0000] {logging_mixin.py:188} INFO - [2026-01-27T16:02:22.542+0000] {dagbag.py:538} INFO - Filling up the DagBag from /opt/airflow/dags/airflow_dag_api_to_kafka.py
[2026-01-27T16:02:22.591+0000] {processor.py:840} INFO - DAG(s) 'tle_api_to_kafka_streaming' retrieved from /opt/airflow/dags/airflow_dag_api_to_kafka.py
[2026-01-27T16:02:22.781+0000] {logging_mixin.py:188} INFO - [2026-01-27T16:02:22.781+0000] {dag.py:3036} INFO - Sync 1 DAGs
[2026-01-27T16:02:22.805+0000] {logging_mixin.py:188} INFO - [2026-01-27T16:02:22.805+0000] {dag.py:3823} INFO - Setting next_dagrun for tle_api_to_kafka_streaming to 2026-01-27 15:00:00+00:00, run_after=2026-01-27 16:00:00+00:00
[2026-01-27T16:02:22.823+0000] {processor.py:183} INFO - Processing /opt/airflow/dags/airflow_dag_api_to_kafka.py took 0.284 seconds
[2026-01-27T16:02:52.963+0000] {processor.py:161} INFO - Started process (PID=195) to work on /opt/airflow/dags/airflow_dag_api_to_kafka.py
[2026-01-27T16:02:52.966+0000] {processor.py:830} INFO - Processing file /opt/airflow/dags/airflow_dag_api_to_kafka.py for tasks to queue
[2026-01-27T16:02:52.967+0000] {logging_mixin.py:188} INFO - [2026-01-27T16:02:52.966+0000] {dagbag.py:538} INFO - Filling up the DagBag from /opt/airflow/dags/airflow_dag_api_to_kafka.py
[2026-01-27T16:02:53.056+0000] {processor.py:840} INFO - DAG(s) 'tle_api_to_kafka_streaming' retrieved from /opt/airflow/dags/airflow_dag_api_to_kafka.py
[2026-01-27T16:02:53.094+0000] {logging_mixin.py:188} INFO - [2026-01-27T16:02:53.094+0000] {dag.py:3036} INFO - Sync 1 DAGs
[2026-01-27T16:02:53.129+0000] {logging_mixin.py:188} INFO - [2026-01-27T16:02:53.129+0000] {dag.py:3823} INFO - Setting next_dagrun for tle_api_to_kafka_streaming to 2026-01-27 15:00:00+00:00, run_after=2026-01-27 16:00:00+00:00
[2026-01-27T16:02:53.151+0000] {processor.py:183} INFO - Processing /opt/airflow/dags/airflow_dag_api_to_kafka.py took 0.194 seconds
[2026-01-27T16:03:23.283+0000] {processor.py:161} INFO - Started process (PID=206) to work on /opt/airflow/dags/airflow_dag_api_to_kafka.py
[2026-01-27T16:03:23.286+0000] {processor.py:830} INFO - Processing file /opt/airflow/dags/airflow_dag_api_to_kafka.py for tasks to queue
[2026-01-27T16:03:23.286+0000] {logging_mixin.py:188} INFO - [2026-01-27T16:03:23.286+0000] {dagbag.py:538} INFO - Filling up the DagBag from /opt/airflow/dags/airflow_dag_api_to_kafka.py
[2026-01-27T16:03:23.354+0000] {processor.py:840} INFO - DAG(s) 'tle_api_to_kafka_streaming' retrieved from /opt/airflow/dags/airflow_dag_api_to_kafka.py
[2026-01-27T16:03:23.392+0000] {logging_mixin.py:188} INFO - [2026-01-27T16:03:23.391+0000] {dag.py:3036} INFO - Sync 1 DAGs
[2026-01-27T16:03:23.420+0000] {logging_mixin.py:188} INFO - [2026-01-27T16:03:23.420+0000] {dag.py:3823} INFO - Setting next_dagrun for tle_api_to_kafka_streaming to 2026-01-27 15:00:00+00:00, run_after=2026-01-27 16:00:00+00:00
[2026-01-27T16:03:23.443+0000] {processor.py:183} INFO - Processing /opt/airflow/dags/airflow_dag_api_to_kafka.py took 0.163 seconds
[2026-01-27T16:03:53.561+0000] {processor.py:161} INFO - Started process (PID=217) to work on /opt/airflow/dags/airflow_dag_api_to_kafka.py
[2026-01-27T16:03:53.564+0000] {processor.py:830} INFO - Processing file /opt/airflow/dags/airflow_dag_api_to_kafka.py for tasks to queue
[2026-01-27T16:03:53.565+0000] {logging_mixin.py:188} INFO - [2026-01-27T16:03:53.564+0000] {dagbag.py:538} INFO - Filling up the DagBag from /opt/airflow/dags/airflow_dag_api_to_kafka.py
[2026-01-27T16:03:53.630+0000] {processor.py:840} INFO - DAG(s) 'tle_api_to_kafka_streaming' retrieved from /opt/airflow/dags/airflow_dag_api_to_kafka.py
[2026-01-27T16:03:53.665+0000] {logging_mixin.py:188} INFO - [2026-01-27T16:03:53.665+0000] {dag.py:3036} INFO - Sync 1 DAGs
[2026-01-27T16:03:53.705+0000] {logging_mixin.py:188} INFO - [2026-01-27T16:03:53.705+0000] {dag.py:3823} INFO - Setting next_dagrun for tle_api_to_kafka_streaming to 2026-01-27 15:00:00+00:00, run_after=2026-01-27 16:00:00+00:00
[2026-01-27T16:03:53.730+0000] {processor.py:183} INFO - Processing /opt/airflow/dags/airflow_dag_api_to_kafka.py took 0.172 seconds
[2026-01-27T16:04:23.853+0000] {processor.py:161} INFO - Started process (PID=222) to work on /opt/airflow/dags/airflow_dag_api_to_kafka.py
[2026-01-27T16:04:23.855+0000] {processor.py:830} INFO - Processing file /opt/airflow/dags/airflow_dag_api_to_kafka.py for tasks to queue
[2026-01-27T16:04:23.856+0000] {logging_mixin.py:188} INFO - [2026-01-27T16:04:23.856+0000] {dagbag.py:538} INFO - Filling up the DagBag from /opt/airflow/dags/airflow_dag_api_to_kafka.py
[2026-01-27T16:04:23.921+0000] {processor.py:840} INFO - DAG(s) 'tle_api_to_kafka_streaming' retrieved from /opt/airflow/dags/airflow_dag_api_to_kafka.py
[2026-01-27T16:04:23.959+0000] {logging_mixin.py:188} INFO - [2026-01-27T16:04:23.958+0000] {dag.py:3036} INFO - Sync 1 DAGs
[2026-01-27T16:04:23.996+0000] {logging_mixin.py:188} INFO - [2026-01-27T16:04:23.996+0000] {dag.py:3823} INFO - Setting next_dagrun for tle_api_to_kafka_streaming to 2026-01-27 15:00:00+00:00, run_after=2026-01-27 16:00:00+00:00
[2026-01-27T16:04:24.021+0000] {processor.py:183} INFO - Processing /opt/airflow/dags/airflow_dag_api_to_kafka.py took 0.172 seconds
[2026-01-27T16:04:54.153+0000] {processor.py:161} INFO - Started process (PID=227) to work on /opt/airflow/dags/airflow_dag_api_to_kafka.py
[2026-01-27T16:04:54.154+0000] {processor.py:830} INFO - Processing file /opt/airflow/dags/airflow_dag_api_to_kafka.py for tasks to queue
[2026-01-27T16:04:54.155+0000] {logging_mixin.py:188} INFO - [2026-01-27T16:04:54.154+0000] {dagbag.py:538} INFO - Filling up the DagBag from /opt/airflow/dags/airflow_dag_api_to_kafka.py
[2026-01-27T16:04:54.217+0000] {processor.py:840} INFO - DAG(s) 'tle_api_to_kafka_streaming' retrieved from /opt/airflow/dags/airflow_dag_api_to_kafka.py
[2026-01-27T16:04:54.252+0000] {logging_mixin.py:188} INFO - [2026-01-27T16:04:54.251+0000] {dag.py:3036} INFO - Sync 1 DAGs
[2026-01-27T16:04:54.281+0000] {logging_mixin.py:188} INFO - [2026-01-27T16:04:54.280+0000] {dag.py:3823} INFO - Setting next_dagrun for tle_api_to_kafka_streaming to 2026-01-27 15:00:00+00:00, run_after=2026-01-27 16:00:00+00:00
[2026-01-27T16:04:54.301+0000] {processor.py:183} INFO - Processing /opt/airflow/dags/airflow_dag_api_to_kafka.py took 0.152 seconds
[2026-01-27T16:05:24.427+0000] {processor.py:161} INFO - Started process (PID=232) to work on /opt/airflow/dags/airflow_dag_api_to_kafka.py
[2026-01-27T16:05:24.429+0000] {processor.py:830} INFO - Processing file /opt/airflow/dags/airflow_dag_api_to_kafka.py for tasks to queue
[2026-01-27T16:05:24.430+0000] {logging_mixin.py:188} INFO - [2026-01-27T16:05:24.430+0000] {dagbag.py:538} INFO - Filling up the DagBag from /opt/airflow/dags/airflow_dag_api_to_kafka.py
[2026-01-27T16:05:24.501+0000] {processor.py:840} INFO - DAG(s) 'tle_api_to_kafka_streaming' retrieved from /opt/airflow/dags/airflow_dag_api_to_kafka.py
[2026-01-27T16:05:24.542+0000] {logging_mixin.py:188} INFO - [2026-01-27T16:05:24.541+0000] {dag.py:3036} INFO - Sync 1 DAGs
[2026-01-27T16:05:24.593+0000] {logging_mixin.py:188} INFO - [2026-01-27T16:05:24.593+0000] {dag.py:3823} INFO - Setting next_dagrun for tle_api_to_kafka_streaming to 2026-01-27 15:00:00+00:00, run_after=2026-01-27 16:00:00+00:00
[2026-01-27T16:05:24.616+0000] {processor.py:183} INFO - Processing /opt/airflow/dags/airflow_dag_api_to_kafka.py took 0.193 seconds
[2026-01-27T16:05:54.762+0000] {processor.py:161} INFO - Started process (PID=237) to work on /opt/airflow/dags/airflow_dag_api_to_kafka.py
[2026-01-27T16:05:54.763+0000] {processor.py:830} INFO - Processing file /opt/airflow/dags/airflow_dag_api_to_kafka.py for tasks to queue
[2026-01-27T16:05:54.765+0000] {logging_mixin.py:188} INFO - [2026-01-27T16:05:54.764+0000] {dagbag.py:538} INFO - Filling up the DagBag from /opt/airflow/dags/airflow_dag_api_to_kafka.py
[2026-01-27T16:05:54.858+0000] {processor.py:840} INFO - DAG(s) 'tle_api_to_kafka_streaming' retrieved from /opt/airflow/dags/airflow_dag_api_to_kafka.py
[2026-01-27T16:05:54.912+0000] {logging_mixin.py:188} INFO - [2026-01-27T16:05:54.911+0000] {dag.py:3036} INFO - Sync 1 DAGs
[2026-01-27T16:05:54.956+0000] {logging_mixin.py:188} INFO - [2026-01-27T16:05:54.955+0000] {dag.py:3823} INFO - Setting next_dagrun for tle_api_to_kafka_streaming to 2026-01-27 15:00:00+00:00, run_after=2026-01-27 16:00:00+00:00
[2026-01-27T16:05:54.983+0000] {processor.py:183} INFO - Processing /opt/airflow/dags/airflow_dag_api_to_kafka.py took 0.227 seconds
[2026-01-27T16:06:25.133+0000] {processor.py:161} INFO - Started process (PID=242) to work on /opt/airflow/dags/airflow_dag_api_to_kafka.py
[2026-01-27T16:06:25.136+0000] {processor.py:830} INFO - Processing file /opt/airflow/dags/airflow_dag_api_to_kafka.py for tasks to queue
[2026-01-27T16:06:25.137+0000] {logging_mixin.py:188} INFO - [2026-01-27T16:06:25.137+0000] {dagbag.py:538} INFO - Filling up the DagBag from /opt/airflow/dags/airflow_dag_api_to_kafka.py
[2026-01-27T16:06:25.234+0000] {processor.py:840} INFO - DAG(s) 'tle_api_to_kafka_streaming' retrieved from /opt/airflow/dags/airflow_dag_api_to_kafka.py
[2026-01-27T16:06:25.288+0000] {logging_mixin.py:188} INFO - [2026-01-27T16:06:25.287+0000] {dag.py:3036} INFO - Sync 1 DAGs
[2026-01-27T16:06:25.338+0000] {logging_mixin.py:188} INFO - [2026-01-27T16:06:25.338+0000] {dag.py:3823} INFO - Setting next_dagrun for tle_api_to_kafka_streaming to 2026-01-27 15:00:00+00:00, run_after=2026-01-27 16:00:00+00:00
[2026-01-27T16:06:25.366+0000] {processor.py:183} INFO - Processing /opt/airflow/dags/airflow_dag_api_to_kafka.py took 0.238 seconds
[2026-01-27T16:06:55.519+0000] {processor.py:161} INFO - Started process (PID=247) to work on /opt/airflow/dags/airflow_dag_api_to_kafka.py
[2026-01-27T16:06:55.520+0000] {processor.py:830} INFO - Processing file /opt/airflow/dags/airflow_dag_api_to_kafka.py for tasks to queue
[2026-01-27T16:06:55.521+0000] {logging_mixin.py:188} INFO - [2026-01-27T16:06:55.520+0000] {dagbag.py:538} INFO - Filling up the DagBag from /opt/airflow/dags/airflow_dag_api_to_kafka.py
[2026-01-27T16:06:55.584+0000] {processor.py:840} INFO - DAG(s) 'tle_api_to_kafka_streaming' retrieved from /opt/airflow/dags/airflow_dag_api_to_kafka.py
[2026-01-27T16:06:55.624+0000] {logging_mixin.py:188} INFO - [2026-01-27T16:06:55.623+0000] {dag.py:3036} INFO - Sync 1 DAGs
[2026-01-27T16:06:55.661+0000] {logging_mixin.py:188} INFO - [2026-01-27T16:06:55.661+0000] {dag.py:3823} INFO - Setting next_dagrun for tle_api_to_kafka_streaming to 2026-01-27 15:00:00+00:00, run_after=2026-01-27 16:00:00+00:00
[2026-01-27T16:06:55.683+0000] {processor.py:183} INFO - Processing /opt/airflow/dags/airflow_dag_api_to_kafka.py took 0.167 seconds
[2026-01-27T16:07:25.833+0000] {processor.py:161} INFO - Started process (PID=252) to work on /opt/airflow/dags/airflow_dag_api_to_kafka.py
[2026-01-27T16:07:25.835+0000] {processor.py:830} INFO - Processing file /opt/airflow/dags/airflow_dag_api_to_kafka.py for tasks to queue
[2026-01-27T16:07:25.836+0000] {logging_mixin.py:188} INFO - [2026-01-27T16:07:25.836+0000] {dagbag.py:538} INFO - Filling up the DagBag from /opt/airflow/dags/airflow_dag_api_to_kafka.py
[2026-01-27T16:07:25.930+0000] {processor.py:840} INFO - DAG(s) 'tle_api_to_kafka_streaming' retrieved from /opt/airflow/dags/airflow_dag_api_to_kafka.py
[2026-01-27T16:07:25.973+0000] {logging_mixin.py:188} INFO - [2026-01-27T16:07:25.972+0000] {dag.py:3036} INFO - Sync 1 DAGs
[2026-01-27T16:07:26.019+0000] {logging_mixin.py:188} INFO - [2026-01-27T16:07:26.019+0000] {dag.py:3823} INFO - Setting next_dagrun for tle_api_to_kafka_streaming to 2026-01-27 15:00:00+00:00, run_after=2026-01-27 16:00:00+00:00
[2026-01-27T16:07:26.051+0000] {processor.py:183} INFO - Processing /opt/airflow/dags/airflow_dag_api_to_kafka.py took 0.224 seconds
[2026-01-27T16:07:56.206+0000] {processor.py:161} INFO - Started process (PID=257) to work on /opt/airflow/dags/airflow_dag_api_to_kafka.py
[2026-01-27T16:07:56.208+0000] {processor.py:830} INFO - Processing file /opt/airflow/dags/airflow_dag_api_to_kafka.py for tasks to queue
[2026-01-27T16:07:56.210+0000] {logging_mixin.py:188} INFO - [2026-01-27T16:07:56.209+0000] {dagbag.py:538} INFO - Filling up the DagBag from /opt/airflow/dags/airflow_dag_api_to_kafka.py
[2026-01-27T16:07:56.303+0000] {processor.py:840} INFO - DAG(s) 'tle_api_to_kafka_streaming' retrieved from /opt/airflow/dags/airflow_dag_api_to_kafka.py
[2026-01-27T16:07:56.342+0000] {logging_mixin.py:188} INFO - [2026-01-27T16:07:56.342+0000] {dag.py:3036} INFO - Sync 1 DAGs
[2026-01-27T16:07:56.383+0000] {logging_mixin.py:188} INFO - [2026-01-27T16:07:56.383+0000] {dag.py:3823} INFO - Setting next_dagrun for tle_api_to_kafka_streaming to 2026-01-27 15:00:00+00:00, run_after=2026-01-27 16:00:00+00:00
[2026-01-27T16:07:56.403+0000] {processor.py:183} INFO - Processing /opt/airflow/dags/airflow_dag_api_to_kafka.py took 0.203 seconds
[2026-01-27T16:08:26.549+0000] {processor.py:161} INFO - Started process (PID=262) to work on /opt/airflow/dags/airflow_dag_api_to_kafka.py
[2026-01-27T16:08:26.551+0000] {processor.py:830} INFO - Processing file /opt/airflow/dags/airflow_dag_api_to_kafka.py for tasks to queue
[2026-01-27T16:08:26.552+0000] {logging_mixin.py:188} INFO - [2026-01-27T16:08:26.552+0000] {dagbag.py:538} INFO - Filling up the DagBag from /opt/airflow/dags/airflow_dag_api_to_kafka.py
[2026-01-27T16:08:26.619+0000] {processor.py:840} INFO - DAG(s) 'tle_api_to_kafka_streaming' retrieved from /opt/airflow/dags/airflow_dag_api_to_kafka.py
[2026-01-27T16:08:26.655+0000] {logging_mixin.py:188} INFO - [2026-01-27T16:08:26.655+0000] {dag.py:3036} INFO - Sync 1 DAGs
[2026-01-27T16:08:26.687+0000] {logging_mixin.py:188} INFO - [2026-01-27T16:08:26.687+0000] {dag.py:3823} INFO - Setting next_dagrun for tle_api_to_kafka_streaming to 2026-01-27 15:00:00+00:00, run_after=2026-01-27 16:00:00+00:00
[2026-01-27T16:08:26.707+0000] {processor.py:183} INFO - Processing /opt/airflow/dags/airflow_dag_api_to_kafka.py took 0.161 seconds
[2026-01-27T16:08:56.833+0000] {processor.py:161} INFO - Started process (PID=267) to work on /opt/airflow/dags/airflow_dag_api_to_kafka.py
[2026-01-27T16:08:56.834+0000] {processor.py:830} INFO - Processing file /opt/airflow/dags/airflow_dag_api_to_kafka.py for tasks to queue
[2026-01-27T16:08:56.834+0000] {logging_mixin.py:188} INFO - [2026-01-27T16:08:56.834+0000] {dagbag.py:538} INFO - Filling up the DagBag from /opt/airflow/dags/airflow_dag_api_to_kafka.py
[2026-01-27T16:08:56.895+0000] {processor.py:840} INFO - DAG(s) 'tle_api_to_kafka_streaming' retrieved from /opt/airflow/dags/airflow_dag_api_to_kafka.py
[2026-01-27T16:08:56.931+0000] {logging_mixin.py:188} INFO - [2026-01-27T16:08:56.931+0000] {dag.py:3036} INFO - Sync 1 DAGs
[2026-01-27T16:08:56.963+0000] {logging_mixin.py:188} INFO - [2026-01-27T16:08:56.963+0000] {dag.py:3823} INFO - Setting next_dagrun for tle_api_to_kafka_streaming to 2026-01-27 15:00:00+00:00, run_after=2026-01-27 16:00:00+00:00
[2026-01-27T16:08:56.984+0000] {processor.py:183} INFO - Processing /opt/airflow/dags/airflow_dag_api_to_kafka.py took 0.155 seconds
[2026-01-27T16:09:27.129+0000] {processor.py:161} INFO - Started process (PID=272) to work on /opt/airflow/dags/airflow_dag_api_to_kafka.py
[2026-01-27T16:09:27.131+0000] {processor.py:830} INFO - Processing file /opt/airflow/dags/airflow_dag_api_to_kafka.py for tasks to queue
[2026-01-27T16:09:27.132+0000] {logging_mixin.py:188} INFO - [2026-01-27T16:09:27.131+0000] {dagbag.py:538} INFO - Filling up the DagBag from /opt/airflow/dags/airflow_dag_api_to_kafka.py
[2026-01-27T16:09:27.220+0000] {processor.py:840} INFO - DAG(s) 'tle_api_to_kafka_streaming' retrieved from /opt/airflow/dags/airflow_dag_api_to_kafka.py
[2026-01-27T16:09:27.260+0000] {logging_mixin.py:188} INFO - [2026-01-27T16:09:27.260+0000] {dag.py:3036} INFO - Sync 1 DAGs
[2026-01-27T16:09:27.305+0000] {logging_mixin.py:188} INFO - [2026-01-27T16:09:27.305+0000] {dag.py:3823} INFO - Setting next_dagrun for tle_api_to_kafka_streaming to 2026-01-27 15:00:00+00:00, run_after=2026-01-27 16:00:00+00:00
[2026-01-27T16:09:27.334+0000] {processor.py:183} INFO - Processing /opt/airflow/dags/airflow_dag_api_to_kafka.py took 0.210 seconds
[2026-01-27T16:09:57.479+0000] {processor.py:161} INFO - Started process (PID=277) to work on /opt/airflow/dags/airflow_dag_api_to_kafka.py
[2026-01-27T16:09:57.480+0000] {processor.py:830} INFO - Processing file /opt/airflow/dags/airflow_dag_api_to_kafka.py for tasks to queue
[2026-01-27T16:09:57.481+0000] {logging_mixin.py:188} INFO - [2026-01-27T16:09:57.481+0000] {dagbag.py:538} INFO - Filling up the DagBag from /opt/airflow/dags/airflow_dag_api_to_kafka.py
[2026-01-27T16:09:57.554+0000] {processor.py:840} INFO - DAG(s) 'tle_api_to_kafka_streaming' retrieved from /opt/airflow/dags/airflow_dag_api_to_kafka.py
[2026-01-27T16:09:57.587+0000] {logging_mixin.py:188} INFO - [2026-01-27T16:09:57.586+0000] {dag.py:3036} INFO - Sync 1 DAGs
[2026-01-27T16:09:57.625+0000] {logging_mixin.py:188} INFO - [2026-01-27T16:09:57.625+0000] {dag.py:3823} INFO - Setting next_dagrun for tle_api_to_kafka_streaming to 2026-01-27 15:00:00+00:00, run_after=2026-01-27 16:00:00+00:00
[2026-01-27T16:09:57.650+0000] {processor.py:183} INFO - Processing /opt/airflow/dags/airflow_dag_api_to_kafka.py took 0.174 seconds
[2026-01-27T16:10:27.781+0000] {processor.py:161} INFO - Started process (PID=286) to work on /opt/airflow/dags/airflow_dag_api_to_kafka.py
[2026-01-27T16:10:27.782+0000] {processor.py:830} INFO - Processing file /opt/airflow/dags/airflow_dag_api_to_kafka.py for tasks to queue
[2026-01-27T16:10:27.783+0000] {logging_mixin.py:188} INFO - [2026-01-27T16:10:27.782+0000] {dagbag.py:538} INFO - Filling up the DagBag from /opt/airflow/dags/airflow_dag_api_to_kafka.py
[2026-01-27T16:10:27.844+0000] {processor.py:840} INFO - DAG(s) 'tle_api_to_kafka_streaming' retrieved from /opt/airflow/dags/airflow_dag_api_to_kafka.py
[2026-01-27T16:10:27.879+0000] {logging_mixin.py:188} INFO - [2026-01-27T16:10:27.879+0000] {dag.py:3036} INFO - Sync 1 DAGs
[2026-01-27T16:10:27.910+0000] {logging_mixin.py:188} INFO - [2026-01-27T16:10:27.910+0000] {dag.py:3823} INFO - Setting next_dagrun for tle_api_to_kafka_streaming to 2026-01-27 16:00:00+00:00, run_after=2026-01-27 17:00:00+00:00
[2026-01-27T16:10:27.931+0000] {processor.py:183} INFO - Processing /opt/airflow/dags/airflow_dag_api_to_kafka.py took 0.153 seconds
[2026-01-27T16:10:58.062+0000] {processor.py:161} INFO - Started process (PID=291) to work on /opt/airflow/dags/airflow_dag_api_to_kafka.py
[2026-01-27T16:10:58.064+0000] {processor.py:830} INFO - Processing file /opt/airflow/dags/airflow_dag_api_to_kafka.py for tasks to queue
[2026-01-27T16:10:58.065+0000] {logging_mixin.py:188} INFO - [2026-01-27T16:10:58.065+0000] {dagbag.py:538} INFO - Filling up the DagBag from /opt/airflow/dags/airflow_dag_api_to_kafka.py
[2026-01-27T16:10:58.130+0000] {processor.py:840} INFO - DAG(s) 'tle_api_to_kafka_streaming' retrieved from /opt/airflow/dags/airflow_dag_api_to_kafka.py
[2026-01-27T16:10:58.161+0000] {logging_mixin.py:188} INFO - [2026-01-27T16:10:58.161+0000] {dag.py:3036} INFO - Sync 1 DAGs
[2026-01-27T16:10:58.196+0000] {logging_mixin.py:188} INFO - [2026-01-27T16:10:58.196+0000] {dag.py:3823} INFO - Setting next_dagrun for tle_api_to_kafka_streaming to 2026-01-27 16:00:00+00:00, run_after=2026-01-27 17:00:00+00:00
[2026-01-27T16:10:58.224+0000] {processor.py:183} INFO - Processing /opt/airflow/dags/airflow_dag_api_to_kafka.py took 0.166 seconds
[2026-01-27T16:11:28.356+0000] {processor.py:161} INFO - Started process (PID=296) to work on /opt/airflow/dags/airflow_dag_api_to_kafka.py
[2026-01-27T16:11:28.357+0000] {processor.py:830} INFO - Processing file /opt/airflow/dags/airflow_dag_api_to_kafka.py for tasks to queue
[2026-01-27T16:11:28.358+0000] {logging_mixin.py:188} INFO - [2026-01-27T16:11:28.358+0000] {dagbag.py:538} INFO - Filling up the DagBag from /opt/airflow/dags/airflow_dag_api_to_kafka.py
[2026-01-27T16:11:28.438+0000] {processor.py:840} INFO - DAG(s) 'tle_api_to_kafka_streaming' retrieved from /opt/airflow/dags/airflow_dag_api_to_kafka.py
[2026-01-27T16:11:28.479+0000] {logging_mixin.py:188} INFO - [2026-01-27T16:11:28.479+0000] {dag.py:3036} INFO - Sync 1 DAGs
[2026-01-27T16:11:28.521+0000] {logging_mixin.py:188} INFO - [2026-01-27T16:11:28.521+0000] {dag.py:3823} INFO - Setting next_dagrun for tle_api_to_kafka_streaming to 2026-01-27 16:00:00+00:00, run_after=2026-01-27 17:00:00+00:00
[2026-01-27T16:11:28.550+0000] {processor.py:183} INFO - Processing /opt/airflow/dags/airflow_dag_api_to_kafka.py took 0.197 seconds
[2026-01-27T16:11:58.692+0000] {processor.py:161} INFO - Started process (PID=301) to work on /opt/airflow/dags/airflow_dag_api_to_kafka.py
[2026-01-27T16:11:58.694+0000] {processor.py:830} INFO - Processing file /opt/airflow/dags/airflow_dag_api_to_kafka.py for tasks to queue
[2026-01-27T16:11:58.695+0000] {logging_mixin.py:188} INFO - [2026-01-27T16:11:58.694+0000] {dagbag.py:538} INFO - Filling up the DagBag from /opt/airflow/dags/airflow_dag_api_to_kafka.py
[2026-01-27T16:11:58.765+0000] {processor.py:840} INFO - DAG(s) 'tle_api_to_kafka_streaming' retrieved from /opt/airflow/dags/airflow_dag_api_to_kafka.py
[2026-01-27T16:11:58.807+0000] {logging_mixin.py:188} INFO - [2026-01-27T16:11:58.807+0000] {dag.py:3036} INFO - Sync 1 DAGs
[2026-01-27T16:11:58.843+0000] {logging_mixin.py:188} INFO - [2026-01-27T16:11:58.842+0000] {dag.py:3823} INFO - Setting next_dagrun for tle_api_to_kafka_streaming to 2026-01-27 16:00:00+00:00, run_after=2026-01-27 17:00:00+00:00
[2026-01-27T16:11:58.864+0000] {processor.py:183} INFO - Processing /opt/airflow/dags/airflow_dag_api_to_kafka.py took 0.176 seconds
[2026-01-27T16:12:28.997+0000] {processor.py:161} INFO - Started process (PID=306) to work on /opt/airflow/dags/airflow_dag_api_to_kafka.py
[2026-01-27T16:12:28.999+0000] {processor.py:830} INFO - Processing file /opt/airflow/dags/airflow_dag_api_to_kafka.py for tasks to queue
[2026-01-27T16:12:29.001+0000] {logging_mixin.py:188} INFO - [2026-01-27T16:12:29.000+0000] {dagbag.py:538} INFO - Filling up the DagBag from /opt/airflow/dags/airflow_dag_api_to_kafka.py
[2026-01-27T16:12:29.084+0000] {processor.py:840} INFO - DAG(s) 'tle_api_to_kafka_streaming' retrieved from /opt/airflow/dags/airflow_dag_api_to_kafka.py
[2026-01-27T16:12:29.118+0000] {logging_mixin.py:188} INFO - [2026-01-27T16:12:29.118+0000] {dag.py:3036} INFO - Sync 1 DAGs
[2026-01-27T16:12:29.149+0000] {logging_mixin.py:188} INFO - [2026-01-27T16:12:29.149+0000] {dag.py:3823} INFO - Setting next_dagrun for tle_api_to_kafka_streaming to 2026-01-27 16:00:00+00:00, run_after=2026-01-27 17:00:00+00:00
[2026-01-27T16:12:29.169+0000] {processor.py:183} INFO - Processing /opt/airflow/dags/airflow_dag_api_to_kafka.py took 0.178 seconds
[2026-01-27T16:12:59.309+0000] {processor.py:161} INFO - Started process (PID=311) to work on /opt/airflow/dags/airflow_dag_api_to_kafka.py
[2026-01-27T16:12:59.312+0000] {processor.py:830} INFO - Processing file /opt/airflow/dags/airflow_dag_api_to_kafka.py for tasks to queue
[2026-01-27T16:12:59.313+0000] {logging_mixin.py:188} INFO - [2026-01-27T16:12:59.312+0000] {dagbag.py:538} INFO - Filling up the DagBag from /opt/airflow/dags/airflow_dag_api_to_kafka.py
[2026-01-27T16:12:59.381+0000] {processor.py:840} INFO - DAG(s) 'tle_api_to_kafka_streaming' retrieved from /opt/airflow/dags/airflow_dag_api_to_kafka.py
[2026-01-27T16:12:59.417+0000] {logging_mixin.py:188} INFO - [2026-01-27T16:12:59.416+0000] {dag.py:3036} INFO - Sync 1 DAGs
[2026-01-27T16:12:59.448+0000] {logging_mixin.py:188} INFO - [2026-01-27T16:12:59.448+0000] {dag.py:3823} INFO - Setting next_dagrun for tle_api_to_kafka_streaming to 2026-01-27 16:00:00+00:00, run_after=2026-01-27 17:00:00+00:00
[2026-01-27T16:12:59.471+0000] {processor.py:183} INFO - Processing /opt/airflow/dags/airflow_dag_api_to_kafka.py took 0.165 seconds
[2026-01-27T16:13:29.611+0000] {processor.py:161} INFO - Started process (PID=318) to work on /opt/airflow/dags/airflow_dag_api_to_kafka.py
[2026-01-27T16:13:29.614+0000] {processor.py:830} INFO - Processing file /opt/airflow/dags/airflow_dag_api_to_kafka.py for tasks to queue
[2026-01-27T16:13:29.615+0000] {logging_mixin.py:188} INFO - [2026-01-27T16:13:29.615+0000] {dagbag.py:538} INFO - Filling up the DagBag from /opt/airflow/dags/airflow_dag_api_to_kafka.py
[2026-01-27T16:13:29.710+0000] {processor.py:840} INFO - DAG(s) 'tle_api_to_kafka_streaming' retrieved from /opt/airflow/dags/airflow_dag_api_to_kafka.py
[2026-01-27T16:13:29.748+0000] {logging_mixin.py:188} INFO - [2026-01-27T16:13:29.747+0000] {dag.py:3036} INFO - Sync 1 DAGs
[2026-01-27T16:13:29.794+0000] {logging_mixin.py:188} INFO - [2026-01-27T16:13:29.793+0000] {dag.py:3823} INFO - Setting next_dagrun for tle_api_to_kafka_streaming to 2026-01-27 16:00:00+00:00, run_after=2026-01-27 17:00:00+00:00
[2026-01-27T16:13:29.824+0000] {processor.py:183} INFO - Processing /opt/airflow/dags/airflow_dag_api_to_kafka.py took 0.218 seconds
[2026-01-27T16:13:59.976+0000] {processor.py:161} INFO - Started process (PID=335) to work on /opt/airflow/dags/airflow_dag_api_to_kafka.py
[2026-01-27T16:13:59.978+0000] {processor.py:830} INFO - Processing file /opt/airflow/dags/airflow_dag_api_to_kafka.py for tasks to queue
[2026-01-27T16:13:59.979+0000] {logging_mixin.py:188} INFO - [2026-01-27T16:13:59.979+0000] {dagbag.py:538} INFO - Filling up the DagBag from /opt/airflow/dags/airflow_dag_api_to_kafka.py
[2026-01-27T16:14:00.071+0000] {processor.py:840} INFO - DAG(s) 'tle_api_to_kafka_streaming' retrieved from /opt/airflow/dags/airflow_dag_api_to_kafka.py
[2026-01-27T16:14:00.113+0000] {logging_mixin.py:188} INFO - [2026-01-27T16:14:00.113+0000] {dag.py:3036} INFO - Sync 1 DAGs
[2026-01-27T16:14:00.147+0000] {logging_mixin.py:188} INFO - [2026-01-27T16:14:00.147+0000] {dag.py:3823} INFO - Setting next_dagrun for tle_api_to_kafka_streaming to 2026-01-27 16:00:00+00:00, run_after=2026-01-27 17:00:00+00:00
[2026-01-27T16:14:00.170+0000] {processor.py:183} INFO - Processing /opt/airflow/dags/airflow_dag_api_to_kafka.py took 0.199 seconds
[2026-01-27T16:14:30.307+0000] {processor.py:161} INFO - Started process (PID=340) to work on /opt/airflow/dags/airflow_dag_api_to_kafka.py
[2026-01-27T16:14:30.309+0000] {processor.py:830} INFO - Processing file /opt/airflow/dags/airflow_dag_api_to_kafka.py for tasks to queue
[2026-01-27T16:14:30.310+0000] {logging_mixin.py:188} INFO - [2026-01-27T16:14:30.310+0000] {dagbag.py:538} INFO - Filling up the DagBag from /opt/airflow/dags/airflow_dag_api_to_kafka.py
[2026-01-27T16:14:30.397+0000] {processor.py:840} INFO - DAG(s) 'tle_api_to_kafka_streaming' retrieved from /opt/airflow/dags/airflow_dag_api_to_kafka.py
[2026-01-27T16:14:30.443+0000] {logging_mixin.py:188} INFO - [2026-01-27T16:14:30.442+0000] {dag.py:3036} INFO - Sync 1 DAGs
[2026-01-27T16:14:30.496+0000] {logging_mixin.py:188} INFO - [2026-01-27T16:14:30.495+0000] {dag.py:3823} INFO - Setting next_dagrun for tle_api_to_kafka_streaming to 2026-01-27 16:00:00+00:00, run_after=2026-01-27 17:00:00+00:00
[2026-01-27T16:14:30.519+0000] {processor.py:183} INFO - Processing /opt/airflow/dags/airflow_dag_api_to_kafka.py took 0.216 seconds
[2026-01-27T16:15:00.659+0000] {processor.py:161} INFO - Started process (PID=345) to work on /opt/airflow/dags/airflow_dag_api_to_kafka.py
[2026-01-27T16:15:00.661+0000] {processor.py:830} INFO - Processing file /opt/airflow/dags/airflow_dag_api_to_kafka.py for tasks to queue
[2026-01-27T16:15:00.662+0000] {logging_mixin.py:188} INFO - [2026-01-27T16:15:00.661+0000] {dagbag.py:538} INFO - Filling up the DagBag from /opt/airflow/dags/airflow_dag_api_to_kafka.py
[2026-01-27T16:15:00.740+0000] {processor.py:840} INFO - DAG(s) 'tle_api_to_kafka_streaming' retrieved from /opt/airflow/dags/airflow_dag_api_to_kafka.py
[2026-01-27T16:15:00.772+0000] {logging_mixin.py:188} INFO - [2026-01-27T16:15:00.772+0000] {dag.py:3036} INFO - Sync 1 DAGs
[2026-01-27T16:15:00.809+0000] {logging_mixin.py:188} INFO - [2026-01-27T16:15:00.809+0000] {dag.py:3823} INFO - Setting next_dagrun for tle_api_to_kafka_streaming to 2026-01-27 16:00:00+00:00, run_after=2026-01-27 17:00:00+00:00
[2026-01-27T16:15:00.830+0000] {processor.py:183} INFO - Processing /opt/airflow/dags/airflow_dag_api_to_kafka.py took 0.175 seconds
[2026-01-27T16:15:02.870+0000] {processor.py:161} INFO - Started process (PID=350) to work on /opt/airflow/dags/airflow_dag_api_to_kafka.py
[2026-01-27T16:15:02.871+0000] {processor.py:830} INFO - Processing file /opt/airflow/dags/airflow_dag_api_to_kafka.py for tasks to queue
[2026-01-27T16:15:02.872+0000] {logging_mixin.py:188} INFO - [2026-01-27T16:15:02.872+0000] {dagbag.py:538} INFO - Filling up the DagBag from /opt/airflow/dags/airflow_dag_api_to_kafka.py
[2026-01-27T16:15:02.933+0000] {processor.py:840} INFO - DAG(s) 'tle_api_to_kafka_streaming' retrieved from /opt/airflow/dags/airflow_dag_api_to_kafka.py
[2026-01-27T16:15:02.968+0000] {logging_mixin.py:188} INFO - [2026-01-27T16:15:02.968+0000] {dag.py:3036} INFO - Sync 1 DAGs
[2026-01-27T16:15:03.000+0000] {logging_mixin.py:188} INFO - [2026-01-27T16:15:03.000+0000] {dag.py:3823} INFO - Setting next_dagrun for tle_api_to_kafka_streaming to 2026-01-27 16:00:00+00:00, run_after=2026-01-27 17:00:00+00:00
[2026-01-27T16:15:03.025+0000] {processor.py:183} INFO - Processing /opt/airflow/dags/airflow_dag_api_to_kafka.py took 0.159 seconds
[2026-01-27T16:15:33.164+0000] {processor.py:161} INFO - Started process (PID=361) to work on /opt/airflow/dags/airflow_dag_api_to_kafka.py
[2026-01-27T16:15:33.165+0000] {processor.py:830} INFO - Processing file /opt/airflow/dags/airflow_dag_api_to_kafka.py for tasks to queue
[2026-01-27T16:15:33.166+0000] {logging_mixin.py:188} INFO - [2026-01-27T16:15:33.166+0000] {dagbag.py:538} INFO - Filling up the DagBag from /opt/airflow/dags/airflow_dag_api_to_kafka.py
[2026-01-27T16:15:33.250+0000] {processor.py:840} INFO - DAG(s) 'tle_api_to_kafka_streaming' retrieved from /opt/airflow/dags/airflow_dag_api_to_kafka.py
[2026-01-27T16:15:33.292+0000] {logging_mixin.py:188} INFO - [2026-01-27T16:15:33.292+0000] {dag.py:3036} INFO - Sync 1 DAGs
[2026-01-27T16:15:33.330+0000] {logging_mixin.py:188} INFO - [2026-01-27T16:15:33.330+0000] {dag.py:3823} INFO - Setting next_dagrun for tle_api_to_kafka_streaming to 2026-01-27 16:00:00+00:00, run_after=2026-01-27 17:00:00+00:00
[2026-01-27T16:15:33.357+0000] {processor.py:183} INFO - Processing /opt/airflow/dags/airflow_dag_api_to_kafka.py took 0.197 seconds
[2026-01-27T16:16:03.510+0000] {processor.py:161} INFO - Started process (PID=366) to work on /opt/airflow/dags/airflow_dag_api_to_kafka.py
[2026-01-27T16:16:03.513+0000] {processor.py:830} INFO - Processing file /opt/airflow/dags/airflow_dag_api_to_kafka.py for tasks to queue
[2026-01-27T16:16:03.514+0000] {logging_mixin.py:188} INFO - [2026-01-27T16:16:03.513+0000] {dagbag.py:538} INFO - Filling up the DagBag from /opt/airflow/dags/airflow_dag_api_to_kafka.py
[2026-01-27T16:16:03.587+0000] {processor.py:840} INFO - DAG(s) 'tle_api_to_kafka_streaming' retrieved from /opt/airflow/dags/airflow_dag_api_to_kafka.py
[2026-01-27T16:16:03.622+0000] {logging_mixin.py:188} INFO - [2026-01-27T16:16:03.622+0000] {dag.py:3036} INFO - Sync 1 DAGs
[2026-01-27T16:16:03.652+0000] {logging_mixin.py:188} INFO - [2026-01-27T16:16:03.651+0000] {dag.py:3823} INFO - Setting next_dagrun for tle_api_to_kafka_streaming to 2026-01-27 16:00:00+00:00, run_after=2026-01-27 17:00:00+00:00
[2026-01-27T16:16:03.671+0000] {processor.py:183} INFO - Processing /opt/airflow/dags/airflow_dag_api_to_kafka.py took 0.164 seconds
[2026-01-27T16:16:33.830+0000] {processor.py:161} INFO - Started process (PID=374) to work on /opt/airflow/dags/airflow_dag_api_to_kafka.py
[2026-01-27T16:16:33.832+0000] {processor.py:830} INFO - Processing file /opt/airflow/dags/airflow_dag_api_to_kafka.py for tasks to queue
[2026-01-27T16:16:33.833+0000] {logging_mixin.py:188} INFO - [2026-01-27T16:16:33.833+0000] {dagbag.py:538} INFO - Filling up the DagBag from /opt/airflow/dags/airflow_dag_api_to_kafka.py
[2026-01-27T16:16:33.910+0000] {processor.py:840} INFO - DAG(s) 'tle_api_to_kafka_streaming' retrieved from /opt/airflow/dags/airflow_dag_api_to_kafka.py
[2026-01-27T16:16:33.954+0000] {logging_mixin.py:188} INFO - [2026-01-27T16:16:33.954+0000] {dag.py:3036} INFO - Sync 1 DAGs
[2026-01-27T16:16:34.002+0000] {logging_mixin.py:188} INFO - [2026-01-27T16:16:34.002+0000] {dag.py:3823} INFO - Setting next_dagrun for tle_api_to_kafka_streaming to 2026-01-27 16:00:00+00:00, run_after=2026-01-27 17:00:00+00:00
[2026-01-27T16:16:34.033+0000] {processor.py:183} INFO - Processing /opt/airflow/dags/airflow_dag_api_to_kafka.py took 0.206 seconds
[2026-01-27T16:17:04.188+0000] {processor.py:161} INFO - Started process (PID=379) to work on /opt/airflow/dags/airflow_dag_api_to_kafka.py
[2026-01-27T16:17:04.191+0000] {processor.py:830} INFO - Processing file /opt/airflow/dags/airflow_dag_api_to_kafka.py for tasks to queue
[2026-01-27T16:17:04.193+0000] {logging_mixin.py:188} INFO - [2026-01-27T16:17:04.192+0000] {dagbag.py:538} INFO - Filling up the DagBag from /opt/airflow/dags/airflow_dag_api_to_kafka.py
[2026-01-27T16:17:04.272+0000] {processor.py:840} INFO - DAG(s) 'tle_api_to_kafka_streaming' retrieved from /opt/airflow/dags/airflow_dag_api_to_kafka.py
[2026-01-27T16:17:04.307+0000] {logging_mixin.py:188} INFO - [2026-01-27T16:17:04.307+0000] {dag.py:3036} INFO - Sync 1 DAGs
[2026-01-27T16:17:04.350+0000] {logging_mixin.py:188} INFO - [2026-01-27T16:17:04.349+0000] {dag.py:3823} INFO - Setting next_dagrun for tle_api_to_kafka_streaming to 2026-01-27 16:00:00+00:00, run_after=2026-01-27 17:00:00+00:00
[2026-01-27T16:17:04.378+0000] {processor.py:183} INFO - Processing /opt/airflow/dags/airflow_dag_api_to_kafka.py took 0.195 seconds
[2026-01-27T16:17:34.531+0000] {processor.py:161} INFO - Started process (PID=384) to work on /opt/airflow/dags/airflow_dag_api_to_kafka.py
[2026-01-27T16:17:34.532+0000] {processor.py:830} INFO - Processing file /opt/airflow/dags/airflow_dag_api_to_kafka.py for tasks to queue
[2026-01-27T16:17:34.533+0000] {logging_mixin.py:188} INFO - [2026-01-27T16:17:34.532+0000] {dagbag.py:538} INFO - Filling up the DagBag from /opt/airflow/dags/airflow_dag_api_to_kafka.py
[2026-01-27T16:17:34.604+0000] {processor.py:840} INFO - DAG(s) 'tle_api_to_kafka_streaming' retrieved from /opt/airflow/dags/airflow_dag_api_to_kafka.py
[2026-01-27T16:17:34.640+0000] {logging_mixin.py:188} INFO - [2026-01-27T16:17:34.640+0000] {dag.py:3036} INFO - Sync 1 DAGs
[2026-01-27T16:17:34.675+0000] {logging_mixin.py:188} INFO - [2026-01-27T16:17:34.674+0000] {dag.py:3823} INFO - Setting next_dagrun for tle_api_to_kafka_streaming to 2026-01-27 16:00:00+00:00, run_after=2026-01-27 17:00:00+00:00
[2026-01-27T16:17:34.701+0000] {processor.py:183} INFO - Processing /opt/airflow/dags/airflow_dag_api_to_kafka.py took 0.175 seconds
[2026-01-27T16:18:04.858+0000] {processor.py:161} INFO - Started process (PID=389) to work on /opt/airflow/dags/airflow_dag_api_to_kafka.py
[2026-01-27T16:18:04.861+0000] {processor.py:830} INFO - Processing file /opt/airflow/dags/airflow_dag_api_to_kafka.py for tasks to queue
[2026-01-27T16:18:04.861+0000] {logging_mixin.py:188} INFO - [2026-01-27T16:18:04.861+0000] {dagbag.py:538} INFO - Filling up the DagBag from /opt/airflow/dags/airflow_dag_api_to_kafka.py
[2026-01-27T16:18:04.918+0000] {processor.py:840} INFO - DAG(s) 'tle_api_to_kafka_streaming' retrieved from /opt/airflow/dags/airflow_dag_api_to_kafka.py
[2026-01-27T16:18:04.961+0000] {logging_mixin.py:188} INFO - [2026-01-27T16:18:04.961+0000] {dag.py:3036} INFO - Sync 1 DAGs
[2026-01-27T16:18:05.008+0000] {logging_mixin.py:188} INFO - [2026-01-27T16:18:05.008+0000] {dag.py:3823} INFO - Setting next_dagrun for tle_api_to_kafka_streaming to 2026-01-27 16:00:00+00:00, run_after=2026-01-27 17:00:00+00:00
[2026-01-27T16:18:05.040+0000] {processor.py:183} INFO - Processing /opt/airflow/dags/airflow_dag_api_to_kafka.py took 0.187 seconds
[2026-01-27T16:18:35.187+0000] {processor.py:161} INFO - Started process (PID=394) to work on /opt/airflow/dags/airflow_dag_api_to_kafka.py
[2026-01-27T16:18:35.190+0000] {processor.py:830} INFO - Processing file /opt/airflow/dags/airflow_dag_api_to_kafka.py for tasks to queue
[2026-01-27T16:18:35.192+0000] {logging_mixin.py:188} INFO - [2026-01-27T16:18:35.191+0000] {dagbag.py:538} INFO - Filling up the DagBag from /opt/airflow/dags/airflow_dag_api_to_kafka.py
[2026-01-27T16:18:35.270+0000] {processor.py:840} INFO - DAG(s) 'tle_api_to_kafka_streaming' retrieved from /opt/airflow/dags/airflow_dag_api_to_kafka.py
[2026-01-27T16:18:35.313+0000] {logging_mixin.py:188} INFO - [2026-01-27T16:18:35.312+0000] {dag.py:3036} INFO - Sync 1 DAGs
[2026-01-27T16:18:35.354+0000] {logging_mixin.py:188} INFO - [2026-01-27T16:18:35.354+0000] {dag.py:3823} INFO - Setting next_dagrun for tle_api_to_kafka_streaming to 2026-01-27 16:00:00+00:00, run_after=2026-01-27 17:00:00+00:00
[2026-01-27T16:18:35.382+0000] {processor.py:183} INFO - Processing /opt/airflow/dags/airflow_dag_api_to_kafka.py took 0.201 seconds
[2026-01-27T16:18:42.223+0000] {processor.py:161} INFO - Started process (PID=399) to work on /opt/airflow/dags/airflow_dag_api_to_kafka.py
[2026-01-27T16:18:42.224+0000] {processor.py:830} INFO - Processing file /opt/airflow/dags/airflow_dag_api_to_kafka.py for tasks to queue
[2026-01-27T16:18:42.225+0000] {logging_mixin.py:188} INFO - [2026-01-27T16:18:42.224+0000] {dagbag.py:538} INFO - Filling up the DagBag from /opt/airflow/dags/airflow_dag_api_to_kafka.py
[2026-01-27T16:18:42.290+0000] {processor.py:840} INFO - DAG(s) 'tle_api_to_kafka_streaming' retrieved from /opt/airflow/dags/airflow_dag_api_to_kafka.py
[2026-01-27T16:18:42.329+0000] {logging_mixin.py:188} INFO - [2026-01-27T16:18:42.329+0000] {dag.py:3036} INFO - Sync 1 DAGs
[2026-01-27T16:18:42.361+0000] {logging_mixin.py:188} INFO - [2026-01-27T16:18:42.361+0000] {dag.py:3823} INFO - Setting next_dagrun for tle_api_to_kafka_streaming to 2026-01-27 16:00:00+00:00, run_after=2026-01-27 17:00:00+00:00
[2026-01-27T16:18:42.388+0000] {processor.py:183} INFO - Processing /opt/airflow/dags/airflow_dag_api_to_kafka.py took 0.169 seconds
[2026-01-27T16:27:37.206+0000] {processor.py:161} INFO - Started process (PID=404) to work on /opt/airflow/dags/airflow_dag_api_to_kafka.py
[2026-01-27T16:27:37.209+0000] {processor.py:830} INFO - Processing file /opt/airflow/dags/airflow_dag_api_to_kafka.py for tasks to queue
[2026-01-27T16:27:37.210+0000] {logging_mixin.py:188} INFO - [2026-01-27T16:27:37.209+0000] {dagbag.py:538} INFO - Filling up the DagBag from /opt/airflow/dags/airflow_dag_api_to_kafka.py
[2026-01-27T16:27:37.287+0000] {processor.py:840} INFO - DAG(s) 'tle_api_to_kafka_streaming' retrieved from /opt/airflow/dags/airflow_dag_api_to_kafka.py
[2026-01-27T16:27:37.324+0000] {logging_mixin.py:188} INFO - [2026-01-27T16:27:37.324+0000] {dag.py:3036} INFO - Sync 1 DAGs
[2026-01-27T16:27:37.360+0000] {logging_mixin.py:188} INFO - [2026-01-27T16:27:37.360+0000] {dag.py:3823} INFO - Setting next_dagrun for tle_api_to_kafka_streaming to 2026-01-27 16:00:00+00:00, run_after=2026-01-27 17:00:00+00:00
[2026-01-27T16:27:37.378+0000] {processor.py:183} INFO - Processing /opt/airflow/dags/airflow_dag_api_to_kafka.py took 0.176 seconds
[2026-01-27T16:28:07.524+0000] {processor.py:161} INFO - Started process (PID=411) to work on /opt/airflow/dags/airflow_dag_api_to_kafka.py
[2026-01-27T16:28:07.536+0000] {processor.py:830} INFO - Processing file /opt/airflow/dags/airflow_dag_api_to_kafka.py for tasks to queue
[2026-01-27T16:28:07.538+0000] {logging_mixin.py:188} INFO - [2026-01-27T16:28:07.537+0000] {dagbag.py:538} INFO - Filling up the DagBag from /opt/airflow/dags/airflow_dag_api_to_kafka.py
[2026-01-27T16:28:07.631+0000] {processor.py:840} INFO - DAG(s) 'tle_api_to_kafka_streaming' retrieved from /opt/airflow/dags/airflow_dag_api_to_kafka.py
[2026-01-27T16:28:07.673+0000] {logging_mixin.py:188} INFO - [2026-01-27T16:28:07.673+0000] {dag.py:3036} INFO - Sync 1 DAGs
[2026-01-27T16:28:07.705+0000] {logging_mixin.py:188} INFO - [2026-01-27T16:28:07.705+0000] {dag.py:3823} INFO - Setting next_dagrun for tle_api_to_kafka_streaming to 2026-01-27 16:00:00+00:00, run_after=2026-01-27 17:00:00+00:00
[2026-01-27T16:28:07.733+0000] {processor.py:183} INFO - Processing /opt/airflow/dags/airflow_dag_api_to_kafka.py took 0.214 seconds
[2026-01-27T16:28:37.885+0000] {processor.py:161} INFO - Started process (PID=416) to work on /opt/airflow/dags/airflow_dag_api_to_kafka.py
[2026-01-27T16:28:37.888+0000] {processor.py:830} INFO - Processing file /opt/airflow/dags/airflow_dag_api_to_kafka.py for tasks to queue
[2026-01-27T16:28:37.889+0000] {logging_mixin.py:188} INFO - [2026-01-27T16:28:37.888+0000] {dagbag.py:538} INFO - Filling up the DagBag from /opt/airflow/dags/airflow_dag_api_to_kafka.py
[2026-01-27T16:28:37.982+0000] {processor.py:840} INFO - DAG(s) 'tle_api_to_kafka_streaming' retrieved from /opt/airflow/dags/airflow_dag_api_to_kafka.py
[2026-01-27T16:28:38.022+0000] {logging_mixin.py:188} INFO - [2026-01-27T16:28:38.022+0000] {dag.py:3036} INFO - Sync 1 DAGs
[2026-01-27T16:28:38.066+0000] {logging_mixin.py:188} INFO - [2026-01-27T16:28:38.066+0000] {dag.py:3823} INFO - Setting next_dagrun for tle_api_to_kafka_streaming to 2026-01-27 16:00:00+00:00, run_after=2026-01-27 17:00:00+00:00
[2026-01-27T16:28:38.095+0000] {processor.py:183} INFO - Processing /opt/airflow/dags/airflow_dag_api_to_kafka.py took 0.216 seconds
[2026-01-27T16:29:08.227+0000] {processor.py:161} INFO - Started process (PID=421) to work on /opt/airflow/dags/airflow_dag_api_to_kafka.py
[2026-01-27T16:29:08.227+0000] {processor.py:830} INFO - Processing file /opt/airflow/dags/airflow_dag_api_to_kafka.py for tasks to queue
[2026-01-27T16:29:08.228+0000] {logging_mixin.py:188} INFO - [2026-01-27T16:29:08.228+0000] {dagbag.py:538} INFO - Filling up the DagBag from /opt/airflow/dags/airflow_dag_api_to_kafka.py
[2026-01-27T16:29:08.271+0000] {processor.py:840} INFO - DAG(s) 'tle_api_to_kafka_streaming' retrieved from /opt/airflow/dags/airflow_dag_api_to_kafka.py
[2026-01-27T16:29:08.301+0000] {logging_mixin.py:188} INFO - [2026-01-27T16:29:08.301+0000] {dag.py:3036} INFO - Sync 1 DAGs
[2026-01-27T16:29:08.326+0000] {logging_mixin.py:188} INFO - [2026-01-27T16:29:08.326+0000] {dag.py:3823} INFO - Setting next_dagrun for tle_api_to_kafka_streaming to 2026-01-27 16:00:00+00:00, run_after=2026-01-27 17:00:00+00:00
[2026-01-27T16:29:08.344+0000] {processor.py:183} INFO - Processing /opt/airflow/dags/airflow_dag_api_to_kafka.py took 0.121 seconds
[2026-01-27T16:29:38.453+0000] {processor.py:161} INFO - Started process (PID=426) to work on /opt/airflow/dags/airflow_dag_api_to_kafka.py
[2026-01-27T16:29:38.454+0000] {processor.py:830} INFO - Processing file /opt/airflow/dags/airflow_dag_api_to_kafka.py for tasks to queue
[2026-01-27T16:29:38.455+0000] {logging_mixin.py:188} INFO - [2026-01-27T16:29:38.454+0000] {dagbag.py:538} INFO - Filling up the DagBag from /opt/airflow/dags/airflow_dag_api_to_kafka.py
[2026-01-27T16:29:38.500+0000] {processor.py:840} INFO - DAG(s) 'tle_api_to_kafka_streaming' retrieved from /opt/airflow/dags/airflow_dag_api_to_kafka.py
[2026-01-27T16:29:38.527+0000] {logging_mixin.py:188} INFO - [2026-01-27T16:29:38.527+0000] {dag.py:3036} INFO - Sync 1 DAGs
[2026-01-27T16:29:38.552+0000] {logging_mixin.py:188} INFO - [2026-01-27T16:29:38.552+0000] {dag.py:3823} INFO - Setting next_dagrun for tle_api_to_kafka_streaming to 2026-01-27 16:00:00+00:00, run_after=2026-01-27 17:00:00+00:00
[2026-01-27T16:29:38.567+0000] {processor.py:183} INFO - Processing /opt/airflow/dags/airflow_dag_api_to_kafka.py took 0.117 seconds
[2026-01-27T16:30:08.672+0000] {processor.py:161} INFO - Started process (PID=431) to work on /opt/airflow/dags/airflow_dag_api_to_kafka.py
[2026-01-27T16:30:08.674+0000] {processor.py:830} INFO - Processing file /opt/airflow/dags/airflow_dag_api_to_kafka.py for tasks to queue
[2026-01-27T16:30:08.675+0000] {logging_mixin.py:188} INFO - [2026-01-27T16:30:08.674+0000] {dagbag.py:538} INFO - Filling up the DagBag from /opt/airflow/dags/airflow_dag_api_to_kafka.py
[2026-01-27T16:30:08.730+0000] {processor.py:840} INFO - DAG(s) 'tle_api_to_kafka_streaming' retrieved from /opt/airflow/dags/airflow_dag_api_to_kafka.py
[2026-01-27T16:30:08.763+0000] {logging_mixin.py:188} INFO - [2026-01-27T16:30:08.762+0000] {dag.py:3036} INFO - Sync 1 DAGs
[2026-01-27T16:30:08.790+0000] {logging_mixin.py:188} INFO - [2026-01-27T16:30:08.790+0000] {dag.py:3823} INFO - Setting next_dagrun for tle_api_to_kafka_streaming to 2026-01-27 16:00:00+00:00, run_after=2026-01-27 17:00:00+00:00
[2026-01-27T16:30:08.817+0000] {processor.py:183} INFO - Processing /opt/airflow/dags/airflow_dag_api_to_kafka.py took 0.149 seconds
[2026-01-27T16:30:38.947+0000] {processor.py:161} INFO - Started process (PID=436) to work on /opt/airflow/dags/airflow_dag_api_to_kafka.py
[2026-01-27T16:30:38.949+0000] {processor.py:830} INFO - Processing file /opt/airflow/dags/airflow_dag_api_to_kafka.py for tasks to queue
[2026-01-27T16:30:38.950+0000] {logging_mixin.py:188} INFO - [2026-01-27T16:30:38.950+0000] {dagbag.py:538} INFO - Filling up the DagBag from /opt/airflow/dags/airflow_dag_api_to_kafka.py
[2026-01-27T16:30:39.014+0000] {processor.py:840} INFO - DAG(s) 'tle_api_to_kafka_streaming' retrieved from /opt/airflow/dags/airflow_dag_api_to_kafka.py
[2026-01-27T16:30:39.051+0000] {logging_mixin.py:188} INFO - [2026-01-27T16:30:39.050+0000] {dag.py:3036} INFO - Sync 1 DAGs
[2026-01-27T16:30:39.085+0000] {logging_mixin.py:188} INFO - [2026-01-27T16:30:39.084+0000] {dag.py:3823} INFO - Setting next_dagrun for tle_api_to_kafka_streaming to 2026-01-27 16:00:00+00:00, run_after=2026-01-27 17:00:00+00:00
[2026-01-27T16:30:39.107+0000] {processor.py:183} INFO - Processing /opt/airflow/dags/airflow_dag_api_to_kafka.py took 0.165 seconds
[2026-01-27T16:31:09.231+0000] {processor.py:161} INFO - Started process (PID=441) to work on /opt/airflow/dags/airflow_dag_api_to_kafka.py
[2026-01-27T16:31:09.234+0000] {processor.py:830} INFO - Processing file /opt/airflow/dags/airflow_dag_api_to_kafka.py for tasks to queue
[2026-01-27T16:31:09.235+0000] {logging_mixin.py:188} INFO - [2026-01-27T16:31:09.234+0000] {dagbag.py:538} INFO - Filling up the DagBag from /opt/airflow/dags/airflow_dag_api_to_kafka.py
[2026-01-27T16:31:09.300+0000] {processor.py:840} INFO - DAG(s) 'tle_api_to_kafka_streaming' retrieved from /opt/airflow/dags/airflow_dag_api_to_kafka.py
[2026-01-27T16:31:09.337+0000] {logging_mixin.py:188} INFO - [2026-01-27T16:31:09.337+0000] {dag.py:3036} INFO - Sync 1 DAGs
[2026-01-27T16:31:09.370+0000] {logging_mixin.py:188} INFO - [2026-01-27T16:31:09.369+0000] {dag.py:3823} INFO - Setting next_dagrun for tle_api_to_kafka_streaming to 2026-01-27 16:00:00+00:00, run_after=2026-01-27 17:00:00+00:00
[2026-01-27T16:31:09.397+0000] {processor.py:183} INFO - Processing /opt/airflow/dags/airflow_dag_api_to_kafka.py took 0.170 seconds
[2026-01-27T16:31:39.524+0000] {processor.py:161} INFO - Started process (PID=446) to work on /opt/airflow/dags/airflow_dag_api_to_kafka.py
[2026-01-27T16:31:39.526+0000] {processor.py:830} INFO - Processing file /opt/airflow/dags/airflow_dag_api_to_kafka.py for tasks to queue
[2026-01-27T16:31:39.527+0000] {logging_mixin.py:188} INFO - [2026-01-27T16:31:39.527+0000] {dagbag.py:538} INFO - Filling up the DagBag from /opt/airflow/dags/airflow_dag_api_to_kafka.py
[2026-01-27T16:31:39.609+0000] {processor.py:840} INFO - DAG(s) 'tle_api_to_kafka_streaming' retrieved from /opt/airflow/dags/airflow_dag_api_to_kafka.py
[2026-01-27T16:31:39.648+0000] {logging_mixin.py:188} INFO - [2026-01-27T16:31:39.648+0000] {dag.py:3036} INFO - Sync 1 DAGs
[2026-01-27T16:31:39.679+0000] {logging_mixin.py:188} INFO - [2026-01-27T16:31:39.679+0000] {dag.py:3823} INFO - Setting next_dagrun for tle_api_to_kafka_streaming to 2026-01-27 16:00:00+00:00, run_after=2026-01-27 17:00:00+00:00
[2026-01-27T16:31:39.704+0000] {processor.py:183} INFO - Processing /opt/airflow/dags/airflow_dag_api_to_kafka.py took 0.184 seconds
[2026-01-27T16:32:09.830+0000] {processor.py:161} INFO - Started process (PID=451) to work on /opt/airflow/dags/airflow_dag_api_to_kafka.py
[2026-01-27T16:32:09.831+0000] {processor.py:830} INFO - Processing file /opt/airflow/dags/airflow_dag_api_to_kafka.py for tasks to queue
[2026-01-27T16:32:09.832+0000] {logging_mixin.py:188} INFO - [2026-01-27T16:32:09.832+0000] {dagbag.py:538} INFO - Filling up the DagBag from /opt/airflow/dags/airflow_dag_api_to_kafka.py
[2026-01-27T16:32:09.893+0000] {processor.py:840} INFO - DAG(s) 'tle_api_to_kafka_streaming' retrieved from /opt/airflow/dags/airflow_dag_api_to_kafka.py
[2026-01-27T16:32:09.926+0000] {logging_mixin.py:188} INFO - [2026-01-27T16:32:09.926+0000] {dag.py:3036} INFO - Sync 1 DAGs
[2026-01-27T16:32:09.958+0000] {logging_mixin.py:188} INFO - [2026-01-27T16:32:09.958+0000] {dag.py:3823} INFO - Setting next_dagrun for tle_api_to_kafka_streaming to 2026-01-27 16:00:00+00:00, run_after=2026-01-27 17:00:00+00:00
[2026-01-27T16:32:09.980+0000] {processor.py:183} INFO - Processing /opt/airflow/dags/airflow_dag_api_to_kafka.py took 0.153 seconds
[2026-01-27T16:32:40.123+0000] {processor.py:161} INFO - Started process (PID=456) to work on /opt/airflow/dags/airflow_dag_api_to_kafka.py
[2026-01-27T16:32:40.126+0000] {processor.py:830} INFO - Processing file /opt/airflow/dags/airflow_dag_api_to_kafka.py for tasks to queue
[2026-01-27T16:32:40.127+0000] {logging_mixin.py:188} INFO - [2026-01-27T16:32:40.126+0000] {dagbag.py:538} INFO - Filling up the DagBag from /opt/airflow/dags/airflow_dag_api_to_kafka.py
[2026-01-27T16:32:40.222+0000] {processor.py:840} INFO - DAG(s) 'tle_api_to_kafka_streaming' retrieved from /opt/airflow/dags/airflow_dag_api_to_kafka.py
[2026-01-27T16:32:40.259+0000] {logging_mixin.py:188} INFO - [2026-01-27T16:32:40.259+0000] {dag.py:3036} INFO - Sync 1 DAGs
[2026-01-27T16:32:40.301+0000] {logging_mixin.py:188} INFO - [2026-01-27T16:32:40.301+0000] {dag.py:3823} INFO - Setting next_dagrun for tle_api_to_kafka_streaming to 2026-01-27 16:00:00+00:00, run_after=2026-01-27 17:00:00+00:00
[2026-01-27T16:32:40.327+0000] {processor.py:183} INFO - Processing /opt/airflow/dags/airflow_dag_api_to_kafka.py took 0.208 seconds
[2026-01-27T16:33:10.478+0000] {processor.py:161} INFO - Started process (PID=461) to work on /opt/airflow/dags/airflow_dag_api_to_kafka.py
[2026-01-27T16:33:10.479+0000] {processor.py:830} INFO - Processing file /opt/airflow/dags/airflow_dag_api_to_kafka.py for tasks to queue
[2026-01-27T16:33:10.480+0000] {logging_mixin.py:188} INFO - [2026-01-27T16:33:10.480+0000] {dagbag.py:538} INFO - Filling up the DagBag from /opt/airflow/dags/airflow_dag_api_to_kafka.py
[2026-01-27T16:33:10.572+0000] {processor.py:840} INFO - DAG(s) 'tle_api_to_kafka_streaming' retrieved from /opt/airflow/dags/airflow_dag_api_to_kafka.py
[2026-01-27T16:33:10.618+0000] {logging_mixin.py:188} INFO - [2026-01-27T16:33:10.617+0000] {dag.py:3036} INFO - Sync 1 DAGs
[2026-01-27T16:33:10.654+0000] {logging_mixin.py:188} INFO - [2026-01-27T16:33:10.653+0000] {dag.py:3823} INFO - Setting next_dagrun for tle_api_to_kafka_streaming to 2026-01-27 16:00:00+00:00, run_after=2026-01-27 17:00:00+00:00
[2026-01-27T16:33:10.674+0000] {processor.py:183} INFO - Processing /opt/airflow/dags/airflow_dag_api_to_kafka.py took 0.202 seconds
[2026-01-27T16:33:40.807+0000] {processor.py:161} INFO - Started process (PID=466) to work on /opt/airflow/dags/airflow_dag_api_to_kafka.py
[2026-01-27T16:33:40.809+0000] {processor.py:830} INFO - Processing file /opt/airflow/dags/airflow_dag_api_to_kafka.py for tasks to queue
[2026-01-27T16:33:40.810+0000] {logging_mixin.py:188} INFO - [2026-01-27T16:33:40.810+0000] {dagbag.py:538} INFO - Filling up the DagBag from /opt/airflow/dags/airflow_dag_api_to_kafka.py
[2026-01-27T16:33:40.876+0000] {processor.py:840} INFO - DAG(s) 'tle_api_to_kafka_streaming' retrieved from /opt/airflow/dags/airflow_dag_api_to_kafka.py
[2026-01-27T16:33:40.911+0000] {logging_mixin.py:188} INFO - [2026-01-27T16:33:40.911+0000] {dag.py:3036} INFO - Sync 1 DAGs
[2026-01-27T16:33:40.946+0000] {logging_mixin.py:188} INFO - [2026-01-27T16:33:40.945+0000] {dag.py:3823} INFO - Setting next_dagrun for tle_api_to_kafka_streaming to 2026-01-27 16:00:00+00:00, run_after=2026-01-27 17:00:00+00:00
[2026-01-27T16:33:40.968+0000] {processor.py:183} INFO - Processing /opt/airflow/dags/airflow_dag_api_to_kafka.py took 0.165 seconds
[2026-01-27T16:34:11.096+0000] {processor.py:161} INFO - Started process (PID=471) to work on /opt/airflow/dags/airflow_dag_api_to_kafka.py
[2026-01-27T16:34:11.098+0000] {processor.py:830} INFO - Processing file /opt/airflow/dags/airflow_dag_api_to_kafka.py for tasks to queue
[2026-01-27T16:34:11.099+0000] {logging_mixin.py:188} INFO - [2026-01-27T16:34:11.098+0000] {dagbag.py:538} INFO - Filling up the DagBag from /opt/airflow/dags/airflow_dag_api_to_kafka.py
[2026-01-27T16:34:11.162+0000] {processor.py:840} INFO - DAG(s) 'tle_api_to_kafka_streaming' retrieved from /opt/airflow/dags/airflow_dag_api_to_kafka.py
[2026-01-27T16:34:11.197+0000] {logging_mixin.py:188} INFO - [2026-01-27T16:34:11.197+0000] {dag.py:3036} INFO - Sync 1 DAGs
[2026-01-27T16:34:11.230+0000] {logging_mixin.py:188} INFO - [2026-01-27T16:34:11.230+0000] {dag.py:3823} INFO - Setting next_dagrun for tle_api_to_kafka_streaming to 2026-01-27 16:00:00+00:00, run_after=2026-01-27 17:00:00+00:00
[2026-01-27T16:34:11.251+0000] {processor.py:183} INFO - Processing /opt/airflow/dags/airflow_dag_api_to_kafka.py took 0.158 seconds
[2026-01-27T16:34:41.372+0000] {processor.py:161} INFO - Started process (PID=476) to work on /opt/airflow/dags/airflow_dag_api_to_kafka.py
[2026-01-27T16:34:41.375+0000] {processor.py:830} INFO - Processing file /opt/airflow/dags/airflow_dag_api_to_kafka.py for tasks to queue
[2026-01-27T16:34:41.376+0000] {logging_mixin.py:188} INFO - [2026-01-27T16:34:41.375+0000] {dagbag.py:538} INFO - Filling up the DagBag from /opt/airflow/dags/airflow_dag_api_to_kafka.py
[2026-01-27T16:34:41.458+0000] {processor.py:840} INFO - DAG(s) 'tle_api_to_kafka_streaming' retrieved from /opt/airflow/dags/airflow_dag_api_to_kafka.py
[2026-01-27T16:34:41.508+0000] {logging_mixin.py:188} INFO - [2026-01-27T16:34:41.508+0000] {dag.py:3036} INFO - Sync 1 DAGs
[2026-01-27T16:34:41.550+0000] {logging_mixin.py:188} INFO - [2026-01-27T16:34:41.549+0000] {dag.py:3823} INFO - Setting next_dagrun for tle_api_to_kafka_streaming to 2026-01-27 16:00:00+00:00, run_after=2026-01-27 17:00:00+00:00
[2026-01-27T16:34:41.576+0000] {processor.py:183} INFO - Processing /opt/airflow/dags/airflow_dag_api_to_kafka.py took 0.207 seconds
[2026-01-27T16:35:11.709+0000] {processor.py:161} INFO - Started process (PID=481) to work on /opt/airflow/dags/airflow_dag_api_to_kafka.py
[2026-01-27T16:35:11.710+0000] {processor.py:830} INFO - Processing file /opt/airflow/dags/airflow_dag_api_to_kafka.py for tasks to queue
[2026-01-27T16:35:11.711+0000] {logging_mixin.py:188} INFO - [2026-01-27T16:35:11.711+0000] {dagbag.py:538} INFO - Filling up the DagBag from /opt/airflow/dags/airflow_dag_api_to_kafka.py
[2026-01-27T16:35:11.778+0000] {processor.py:840} INFO - DAG(s) 'tle_api_to_kafka_streaming' retrieved from /opt/airflow/dags/airflow_dag_api_to_kafka.py
[2026-01-27T16:35:11.815+0000] {logging_mixin.py:188} INFO - [2026-01-27T16:35:11.814+0000] {dag.py:3036} INFO - Sync 1 DAGs
[2026-01-27T16:35:11.847+0000] {logging_mixin.py:188} INFO - [2026-01-27T16:35:11.847+0000] {dag.py:3823} INFO - Setting next_dagrun for tle_api_to_kafka_streaming to 2026-01-27 16:00:00+00:00, run_after=2026-01-27 17:00:00+00:00
[2026-01-27T16:35:11.867+0000] {processor.py:183} INFO - Processing /opt/airflow/dags/airflow_dag_api_to_kafka.py took 0.162 seconds
[2026-01-27T16:35:42.001+0000] {processor.py:161} INFO - Started process (PID=486) to work on /opt/airflow/dags/airflow_dag_api_to_kafka.py
[2026-01-27T16:35:42.002+0000] {processor.py:830} INFO - Processing file /opt/airflow/dags/airflow_dag_api_to_kafka.py for tasks to queue
[2026-01-27T16:35:42.003+0000] {logging_mixin.py:188} INFO - [2026-01-27T16:35:42.003+0000] {dagbag.py:538} INFO - Filling up the DagBag from /opt/airflow/dags/airflow_dag_api_to_kafka.py
[2026-01-27T16:35:42.087+0000] {processor.py:840} INFO - DAG(s) 'tle_api_to_kafka_streaming' retrieved from /opt/airflow/dags/airflow_dag_api_to_kafka.py
[2026-01-27T16:35:42.126+0000] {logging_mixin.py:188} INFO - [2026-01-27T16:35:42.125+0000] {dag.py:3036} INFO - Sync 1 DAGs
[2026-01-27T16:35:42.172+0000] {logging_mixin.py:188} INFO - [2026-01-27T16:35:42.172+0000] {dag.py:3823} INFO - Setting next_dagrun for tle_api_to_kafka_streaming to 2026-01-27 16:00:00+00:00, run_after=2026-01-27 17:00:00+00:00
[2026-01-27T16:35:42.202+0000] {processor.py:183} INFO - Processing /opt/airflow/dags/airflow_dag_api_to_kafka.py took 0.205 seconds
[2026-01-27T16:36:12.360+0000] {processor.py:161} INFO - Started process (PID=491) to work on /opt/airflow/dags/airflow_dag_api_to_kafka.py
[2026-01-27T16:36:12.362+0000] {processor.py:830} INFO - Processing file /opt/airflow/dags/airflow_dag_api_to_kafka.py for tasks to queue
[2026-01-27T16:36:12.363+0000] {logging_mixin.py:188} INFO - [2026-01-27T16:36:12.363+0000] {dagbag.py:538} INFO - Filling up the DagBag from /opt/airflow/dags/airflow_dag_api_to_kafka.py
[2026-01-27T16:36:12.456+0000] {processor.py:840} INFO - DAG(s) 'tle_api_to_kafka_streaming' retrieved from /opt/airflow/dags/airflow_dag_api_to_kafka.py
[2026-01-27T16:36:12.494+0000] {logging_mixin.py:188} INFO - [2026-01-27T16:36:12.494+0000] {dag.py:3036} INFO - Sync 1 DAGs
[2026-01-27T16:36:12.532+0000] {logging_mixin.py:188} INFO - [2026-01-27T16:36:12.532+0000] {dag.py:3823} INFO - Setting next_dagrun for tle_api_to_kafka_streaming to 2026-01-27 16:00:00+00:00, run_after=2026-01-27 17:00:00+00:00
[2026-01-27T16:36:12.562+0000] {processor.py:183} INFO - Processing /opt/airflow/dags/airflow_dag_api_to_kafka.py took 0.208 seconds
[2026-01-27T16:36:42.723+0000] {processor.py:161} INFO - Started process (PID=496) to work on /opt/airflow/dags/airflow_dag_api_to_kafka.py
[2026-01-27T16:36:42.726+0000] {processor.py:830} INFO - Processing file /opt/airflow/dags/airflow_dag_api_to_kafka.py for tasks to queue
[2026-01-27T16:36:42.728+0000] {logging_mixin.py:188} INFO - [2026-01-27T16:36:42.727+0000] {dagbag.py:538} INFO - Filling up the DagBag from /opt/airflow/dags/airflow_dag_api_to_kafka.py
[2026-01-27T16:36:42.821+0000] {processor.py:840} INFO - DAG(s) 'tle_api_to_kafka_streaming' retrieved from /opt/airflow/dags/airflow_dag_api_to_kafka.py
[2026-01-27T16:36:42.874+0000] {logging_mixin.py:188} INFO - [2026-01-27T16:36:42.873+0000] {dag.py:3036} INFO - Sync 1 DAGs
[2026-01-27T16:36:42.916+0000] {logging_mixin.py:188} INFO - [2026-01-27T16:36:42.915+0000] {dag.py:3823} INFO - Setting next_dagrun for tle_api_to_kafka_streaming to 2026-01-27 16:00:00+00:00, run_after=2026-01-27 17:00:00+00:00
[2026-01-27T16:36:42.942+0000] {processor.py:183} INFO - Processing /opt/airflow/dags/airflow_dag_api_to_kafka.py took 0.225 seconds
[2026-01-27T16:37:13.097+0000] {processor.py:161} INFO - Started process (PID=501) to work on /opt/airflow/dags/airflow_dag_api_to_kafka.py
[2026-01-27T16:37:13.098+0000] {processor.py:830} INFO - Processing file /opt/airflow/dags/airflow_dag_api_to_kafka.py for tasks to queue
[2026-01-27T16:37:13.100+0000] {logging_mixin.py:188} INFO - [2026-01-27T16:37:13.099+0000] {dagbag.py:538} INFO - Filling up the DagBag from /opt/airflow/dags/airflow_dag_api_to_kafka.py
[2026-01-27T16:37:13.176+0000] {processor.py:840} INFO - DAG(s) 'tle_api_to_kafka_streaming' retrieved from /opt/airflow/dags/airflow_dag_api_to_kafka.py
[2026-01-27T16:37:13.212+0000] {logging_mixin.py:188} INFO - [2026-01-27T16:37:13.211+0000] {dag.py:3036} INFO - Sync 1 DAGs
[2026-01-27T16:37:13.245+0000] {logging_mixin.py:188} INFO - [2026-01-27T16:37:13.245+0000] {dag.py:3823} INFO - Setting next_dagrun for tle_api_to_kafka_streaming to 2026-01-27 16:00:00+00:00, run_after=2026-01-27 17:00:00+00:00
[2026-01-27T16:37:13.268+0000] {processor.py:183} INFO - Processing /opt/airflow/dags/airflow_dag_api_to_kafka.py took 0.174 seconds
[2026-01-27T16:37:43.435+0000] {processor.py:161} INFO - Started process (PID=506) to work on /opt/airflow/dags/airflow_dag_api_to_kafka.py
[2026-01-27T16:37:43.438+0000] {processor.py:830} INFO - Processing file /opt/airflow/dags/airflow_dag_api_to_kafka.py for tasks to queue
[2026-01-27T16:37:43.440+0000] {logging_mixin.py:188} INFO - [2026-01-27T16:37:43.439+0000] {dagbag.py:538} INFO - Filling up the DagBag from /opt/airflow/dags/airflow_dag_api_to_kafka.py
[2026-01-27T16:37:43.532+0000] {processor.py:840} INFO - DAG(s) 'tle_api_to_kafka_streaming' retrieved from /opt/airflow/dags/airflow_dag_api_to_kafka.py
[2026-01-27T16:37:43.584+0000] {logging_mixin.py:188} INFO - [2026-01-27T16:37:43.584+0000] {dag.py:3036} INFO - Sync 1 DAGs
[2026-01-27T16:37:43.630+0000] {logging_mixin.py:188} INFO - [2026-01-27T16:37:43.629+0000] {dag.py:3823} INFO - Setting next_dagrun for tle_api_to_kafka_streaming to 2026-01-27 16:00:00+00:00, run_after=2026-01-27 17:00:00+00:00
[2026-01-27T16:37:43.653+0000] {processor.py:183} INFO - Processing /opt/airflow/dags/airflow_dag_api_to_kafka.py took 0.223 seconds
[2026-01-27T16:38:13.802+0000] {processor.py:161} INFO - Started process (PID=511) to work on /opt/airflow/dags/airflow_dag_api_to_kafka.py
[2026-01-27T16:38:13.804+0000] {processor.py:830} INFO - Processing file /opt/airflow/dags/airflow_dag_api_to_kafka.py for tasks to queue
[2026-01-27T16:38:13.805+0000] {logging_mixin.py:188} INFO - [2026-01-27T16:38:13.804+0000] {dagbag.py:538} INFO - Filling up the DagBag from /opt/airflow/dags/airflow_dag_api_to_kafka.py
[2026-01-27T16:38:13.897+0000] {processor.py:840} INFO - DAG(s) 'tle_api_to_kafka_streaming' retrieved from /opt/airflow/dags/airflow_dag_api_to_kafka.py
[2026-01-27T16:38:13.933+0000] {logging_mixin.py:188} INFO - [2026-01-27T16:38:13.933+0000] {dag.py:3036} INFO - Sync 1 DAGs
[2026-01-27T16:38:13.976+0000] {logging_mixin.py:188} INFO - [2026-01-27T16:38:13.976+0000] {dag.py:3823} INFO - Setting next_dagrun for tle_api_to_kafka_streaming to 2026-01-27 16:00:00+00:00, run_after=2026-01-27 17:00:00+00:00
[2026-01-27T16:38:14.001+0000] {processor.py:183} INFO - Processing /opt/airflow/dags/airflow_dag_api_to_kafka.py took 0.204 seconds
[2026-01-27T16:38:44.162+0000] {processor.py:161} INFO - Started process (PID=516) to work on /opt/airflow/dags/airflow_dag_api_to_kafka.py
[2026-01-27T16:38:44.165+0000] {processor.py:830} INFO - Processing file /opt/airflow/dags/airflow_dag_api_to_kafka.py for tasks to queue
[2026-01-27T16:38:44.166+0000] {logging_mixin.py:188} INFO - [2026-01-27T16:38:44.165+0000] {dagbag.py:538} INFO - Filling up the DagBag from /opt/airflow/dags/airflow_dag_api_to_kafka.py
[2026-01-27T16:38:44.241+0000] {processor.py:840} INFO - DAG(s) 'tle_api_to_kafka_streaming' retrieved from /opt/airflow/dags/airflow_dag_api_to_kafka.py
[2026-01-27T16:38:44.324+0000] {logging_mixin.py:188} INFO - [2026-01-27T16:38:44.323+0000] {dag.py:3036} INFO - Sync 1 DAGs
[2026-01-27T16:38:44.371+0000] {logging_mixin.py:188} INFO - [2026-01-27T16:38:44.371+0000] {dag.py:3823} INFO - Setting next_dagrun for tle_api_to_kafka_streaming to 2026-01-27 16:00:00+00:00, run_after=2026-01-27 17:00:00+00:00
[2026-01-27T16:38:44.395+0000] {processor.py:183} INFO - Processing /opt/airflow/dags/airflow_dag_api_to_kafka.py took 0.236 seconds
[2026-01-27T16:39:14.552+0000] {processor.py:161} INFO - Started process (PID=521) to work on /opt/airflow/dags/airflow_dag_api_to_kafka.py
[2026-01-27T16:39:14.555+0000] {processor.py:830} INFO - Processing file /opt/airflow/dags/airflow_dag_api_to_kafka.py for tasks to queue
[2026-01-27T16:39:14.557+0000] {logging_mixin.py:188} INFO - [2026-01-27T16:39:14.556+0000] {dagbag.py:538} INFO - Filling up the DagBag from /opt/airflow/dags/airflow_dag_api_to_kafka.py
[2026-01-27T16:39:14.649+0000] {processor.py:840} INFO - DAG(s) 'tle_api_to_kafka_streaming' retrieved from /opt/airflow/dags/airflow_dag_api_to_kafka.py
[2026-01-27T16:39:14.709+0000] {logging_mixin.py:188} INFO - [2026-01-27T16:39:14.709+0000] {dag.py:3036} INFO - Sync 1 DAGs
[2026-01-27T16:39:14.756+0000] {logging_mixin.py:188} INFO - [2026-01-27T16:39:14.756+0000] {dag.py:3823} INFO - Setting next_dagrun for tle_api_to_kafka_streaming to 2026-01-27 16:00:00+00:00, run_after=2026-01-27 17:00:00+00:00
[2026-01-27T16:39:14.782+0000] {processor.py:183} INFO - Processing /opt/airflow/dags/airflow_dag_api_to_kafka.py took 0.236 seconds
[2026-01-27T16:39:44.936+0000] {processor.py:161} INFO - Started process (PID=526) to work on /opt/airflow/dags/airflow_dag_api_to_kafka.py
[2026-01-27T16:39:44.939+0000] {processor.py:830} INFO - Processing file /opt/airflow/dags/airflow_dag_api_to_kafka.py for tasks to queue
[2026-01-27T16:39:44.940+0000] {logging_mixin.py:188} INFO - [2026-01-27T16:39:44.939+0000] {dagbag.py:538} INFO - Filling up the DagBag from /opt/airflow/dags/airflow_dag_api_to_kafka.py
[2026-01-27T16:39:45.030+0000] {processor.py:840} INFO - DAG(s) 'tle_api_to_kafka_streaming' retrieved from /opt/airflow/dags/airflow_dag_api_to_kafka.py
[2026-01-27T16:39:45.085+0000] {logging_mixin.py:188} INFO - [2026-01-27T16:39:45.085+0000] {dag.py:3036} INFO - Sync 1 DAGs
[2026-01-27T16:39:45.128+0000] {logging_mixin.py:188} INFO - [2026-01-27T16:39:45.128+0000] {dag.py:3823} INFO - Setting next_dagrun for tle_api_to_kafka_streaming to 2026-01-27 16:00:00+00:00, run_after=2026-01-27 17:00:00+00:00
[2026-01-27T16:39:45.157+0000] {processor.py:183} INFO - Processing /opt/airflow/dags/airflow_dag_api_to_kafka.py took 0.224 seconds
[2026-01-27T16:40:15.321+0000] {processor.py:161} INFO - Started process (PID=531) to work on /opt/airflow/dags/airflow_dag_api_to_kafka.py
[2026-01-27T16:40:15.323+0000] {processor.py:830} INFO - Processing file /opt/airflow/dags/airflow_dag_api_to_kafka.py for tasks to queue
[2026-01-27T16:40:15.324+0000] {logging_mixin.py:188} INFO - [2026-01-27T16:40:15.323+0000] {dagbag.py:538} INFO - Filling up the DagBag from /opt/airflow/dags/airflow_dag_api_to_kafka.py
[2026-01-27T16:40:15.417+0000] {processor.py:840} INFO - DAG(s) 'tle_api_to_kafka_streaming' retrieved from /opt/airflow/dags/airflow_dag_api_to_kafka.py
[2026-01-27T16:40:15.465+0000] {logging_mixin.py:188} INFO - [2026-01-27T16:40:15.465+0000] {dag.py:3036} INFO - Sync 1 DAGs
[2026-01-27T16:40:15.512+0000] {logging_mixin.py:188} INFO - [2026-01-27T16:40:15.512+0000] {dag.py:3823} INFO - Setting next_dagrun for tle_api_to_kafka_streaming to 2026-01-27 16:00:00+00:00, run_after=2026-01-27 17:00:00+00:00
[2026-01-27T16:40:15.540+0000] {processor.py:183} INFO - Processing /opt/airflow/dags/airflow_dag_api_to_kafka.py took 0.223 seconds
[2026-01-27T16:40:45.697+0000] {processor.py:161} INFO - Started process (PID=536) to work on /opt/airflow/dags/airflow_dag_api_to_kafka.py
[2026-01-27T16:40:45.699+0000] {processor.py:830} INFO - Processing file /opt/airflow/dags/airflow_dag_api_to_kafka.py for tasks to queue
[2026-01-27T16:40:45.700+0000] {logging_mixin.py:188} INFO - [2026-01-27T16:40:45.700+0000] {dagbag.py:538} INFO - Filling up the DagBag from /opt/airflow/dags/airflow_dag_api_to_kafka.py
[2026-01-27T16:40:45.799+0000] {processor.py:840} INFO - DAG(s) 'tle_api_to_kafka_streaming' retrieved from /opt/airflow/dags/airflow_dag_api_to_kafka.py
[2026-01-27T16:40:45.849+0000] {logging_mixin.py:188} INFO - [2026-01-27T16:40:45.849+0000] {dag.py:3036} INFO - Sync 1 DAGs
[2026-01-27T16:40:45.896+0000] {logging_mixin.py:188} INFO - [2026-01-27T16:40:45.895+0000] {dag.py:3823} INFO - Setting next_dagrun for tle_api_to_kafka_streaming to 2026-01-27 16:00:00+00:00, run_after=2026-01-27 17:00:00+00:00
[2026-01-27T16:40:45.929+0000] {processor.py:183} INFO - Processing /opt/airflow/dags/airflow_dag_api_to_kafka.py took 0.236 seconds
[2026-01-27T16:41:16.087+0000] {processor.py:161} INFO - Started process (PID=541) to work on /opt/airflow/dags/airflow_dag_api_to_kafka.py
[2026-01-27T16:41:16.088+0000] {processor.py:830} INFO - Processing file /opt/airflow/dags/airflow_dag_api_to_kafka.py for tasks to queue
[2026-01-27T16:41:16.089+0000] {logging_mixin.py:188} INFO - [2026-01-27T16:41:16.088+0000] {dagbag.py:538} INFO - Filling up the DagBag from /opt/airflow/dags/airflow_dag_api_to_kafka.py
[2026-01-27T16:41:16.187+0000] {processor.py:840} INFO - DAG(s) 'tle_api_to_kafka_streaming' retrieved from /opt/airflow/dags/airflow_dag_api_to_kafka.py
[2026-01-27T16:41:16.236+0000] {logging_mixin.py:188} INFO - [2026-01-27T16:41:16.235+0000] {dag.py:3036} INFO - Sync 1 DAGs
[2026-01-27T16:41:16.285+0000] {logging_mixin.py:188} INFO - [2026-01-27T16:41:16.284+0000] {dag.py:3823} INFO - Setting next_dagrun for tle_api_to_kafka_streaming to 2026-01-27 16:00:00+00:00, run_after=2026-01-27 17:00:00+00:00
[2026-01-27T16:41:16.315+0000] {processor.py:183} INFO - Processing /opt/airflow/dags/airflow_dag_api_to_kafka.py took 0.232 seconds
[2026-01-27T16:41:46.468+0000] {processor.py:161} INFO - Started process (PID=546) to work on /opt/airflow/dags/airflow_dag_api_to_kafka.py
[2026-01-27T16:41:46.470+0000] {processor.py:830} INFO - Processing file /opt/airflow/dags/airflow_dag_api_to_kafka.py for tasks to queue
[2026-01-27T16:41:46.471+0000] {logging_mixin.py:188} INFO - [2026-01-27T16:41:46.471+0000] {dagbag.py:538} INFO - Filling up the DagBag from /opt/airflow/dags/airflow_dag_api_to_kafka.py
[2026-01-27T16:41:46.562+0000] {processor.py:840} INFO - DAG(s) 'tle_api_to_kafka_streaming' retrieved from /opt/airflow/dags/airflow_dag_api_to_kafka.py
[2026-01-27T16:41:46.604+0000] {logging_mixin.py:188} INFO - [2026-01-27T16:41:46.604+0000] {dag.py:3036} INFO - Sync 1 DAGs
[2026-01-27T16:41:46.635+0000] {logging_mixin.py:188} INFO - [2026-01-27T16:41:46.635+0000] {dag.py:3823} INFO - Setting next_dagrun for tle_api_to_kafka_streaming to 2026-01-27 16:00:00+00:00, run_after=2026-01-27 17:00:00+00:00
[2026-01-27T16:41:46.659+0000] {processor.py:183} INFO - Processing /opt/airflow/dags/airflow_dag_api_to_kafka.py took 0.195 seconds
[2026-01-27T16:42:16.808+0000] {processor.py:161} INFO - Started process (PID=551) to work on /opt/airflow/dags/airflow_dag_api_to_kafka.py
[2026-01-27T16:42:16.817+0000] {processor.py:830} INFO - Processing file /opt/airflow/dags/airflow_dag_api_to_kafka.py for tasks to queue
[2026-01-27T16:42:16.818+0000] {logging_mixin.py:188} INFO - [2026-01-27T16:42:16.818+0000] {dagbag.py:538} INFO - Filling up the DagBag from /opt/airflow/dags/airflow_dag_api_to_kafka.py
[2026-01-27T16:42:16.911+0000] {processor.py:840} INFO - DAG(s) 'tle_api_to_kafka_streaming' retrieved from /opt/airflow/dags/airflow_dag_api_to_kafka.py
[2026-01-27T16:42:16.951+0000] {logging_mixin.py:188} INFO - [2026-01-27T16:42:16.951+0000] {dag.py:3036} INFO - Sync 1 DAGs
[2026-01-27T16:42:16.990+0000] {logging_mixin.py:188} INFO - [2026-01-27T16:42:16.990+0000] {dag.py:3823} INFO - Setting next_dagrun for tle_api_to_kafka_streaming to 2026-01-27 16:00:00+00:00, run_after=2026-01-27 17:00:00+00:00
[2026-01-27T16:42:17.030+0000] {processor.py:183} INFO - Processing /opt/airflow/dags/airflow_dag_api_to_kafka.py took 0.227 seconds
[2026-01-27T16:42:47.196+0000] {processor.py:161} INFO - Started process (PID=556) to work on /opt/airflow/dags/airflow_dag_api_to_kafka.py
[2026-01-27T16:42:47.198+0000] {processor.py:830} INFO - Processing file /opt/airflow/dags/airflow_dag_api_to_kafka.py for tasks to queue
[2026-01-27T16:42:47.200+0000] {logging_mixin.py:188} INFO - [2026-01-27T16:42:47.199+0000] {dagbag.py:538} INFO - Filling up the DagBag from /opt/airflow/dags/airflow_dag_api_to_kafka.py
[2026-01-27T16:42:47.302+0000] {processor.py:840} INFO - DAG(s) 'tle_api_to_kafka_streaming' retrieved from /opt/airflow/dags/airflow_dag_api_to_kafka.py
[2026-01-27T16:42:47.342+0000] {logging_mixin.py:188} INFO - [2026-01-27T16:42:47.342+0000] {dag.py:3036} INFO - Sync 1 DAGs
[2026-01-27T16:42:47.386+0000] {logging_mixin.py:188} INFO - [2026-01-27T16:42:47.386+0000] {dag.py:3823} INFO - Setting next_dagrun for tle_api_to_kafka_streaming to 2026-01-27 16:00:00+00:00, run_after=2026-01-27 17:00:00+00:00
[2026-01-27T16:42:47.412+0000] {processor.py:183} INFO - Processing /opt/airflow/dags/airflow_dag_api_to_kafka.py took 0.222 seconds
[2026-01-27T16:43:17.566+0000] {processor.py:161} INFO - Started process (PID=561) to work on /opt/airflow/dags/airflow_dag_api_to_kafka.py
[2026-01-27T16:43:17.569+0000] {processor.py:830} INFO - Processing file /opt/airflow/dags/airflow_dag_api_to_kafka.py for tasks to queue
[2026-01-27T16:43:17.570+0000] {logging_mixin.py:188} INFO - [2026-01-27T16:43:17.569+0000] {dagbag.py:538} INFO - Filling up the DagBag from /opt/airflow/dags/airflow_dag_api_to_kafka.py
[2026-01-27T16:43:17.668+0000] {processor.py:840} INFO - DAG(s) 'tle_api_to_kafka_streaming' retrieved from /opt/airflow/dags/airflow_dag_api_to_kafka.py
[2026-01-27T16:43:17.719+0000] {logging_mixin.py:188} INFO - [2026-01-27T16:43:17.719+0000] {dag.py:3036} INFO - Sync 1 DAGs
[2026-01-27T16:43:17.766+0000] {logging_mixin.py:188} INFO - [2026-01-27T16:43:17.766+0000] {dag.py:3823} INFO - Setting next_dagrun for tle_api_to_kafka_streaming to 2026-01-27 16:00:00+00:00, run_after=2026-01-27 17:00:00+00:00
[2026-01-27T16:43:17.796+0000] {processor.py:183} INFO - Processing /opt/airflow/dags/airflow_dag_api_to_kafka.py took 0.236 seconds
[2026-01-27T16:43:47.947+0000] {processor.py:161} INFO - Started process (PID=566) to work on /opt/airflow/dags/airflow_dag_api_to_kafka.py
[2026-01-27T16:43:47.949+0000] {processor.py:830} INFO - Processing file /opt/airflow/dags/airflow_dag_api_to_kafka.py for tasks to queue
[2026-01-27T16:43:47.950+0000] {logging_mixin.py:188} INFO - [2026-01-27T16:43:47.949+0000] {dagbag.py:538} INFO - Filling up the DagBag from /opt/airflow/dags/airflow_dag_api_to_kafka.py
[2026-01-27T16:43:48.049+0000] {processor.py:840} INFO - DAG(s) 'tle_api_to_kafka_streaming' retrieved from /opt/airflow/dags/airflow_dag_api_to_kafka.py
[2026-01-27T16:43:48.099+0000] {logging_mixin.py:188} INFO - [2026-01-27T16:43:48.099+0000] {dag.py:3036} INFO - Sync 1 DAGs
[2026-01-27T16:43:48.141+0000] {logging_mixin.py:188} INFO - [2026-01-27T16:43:48.141+0000] {dag.py:3823} INFO - Setting next_dagrun for tle_api_to_kafka_streaming to 2026-01-27 16:00:00+00:00, run_after=2026-01-27 17:00:00+00:00
[2026-01-27T16:43:48.176+0000] {processor.py:183} INFO - Processing /opt/airflow/dags/airflow_dag_api_to_kafka.py took 0.233 seconds
[2026-01-27T16:44:18.346+0000] {processor.py:161} INFO - Started process (PID=571) to work on /opt/airflow/dags/airflow_dag_api_to_kafka.py
[2026-01-27T16:44:18.349+0000] {processor.py:830} INFO - Processing file /opt/airflow/dags/airflow_dag_api_to_kafka.py for tasks to queue
[2026-01-27T16:44:18.350+0000] {logging_mixin.py:188} INFO - [2026-01-27T16:44:18.350+0000] {dagbag.py:538} INFO - Filling up the DagBag from /opt/airflow/dags/airflow_dag_api_to_kafka.py
[2026-01-27T16:44:18.454+0000] {processor.py:840} INFO - DAG(s) 'tle_api_to_kafka_streaming' retrieved from /opt/airflow/dags/airflow_dag_api_to_kafka.py
[2026-01-27T16:44:18.495+0000] {logging_mixin.py:188} INFO - [2026-01-27T16:44:18.495+0000] {dag.py:3036} INFO - Sync 1 DAGs
[2026-01-27T16:44:18.531+0000] {logging_mixin.py:188} INFO - [2026-01-27T16:44:18.531+0000] {dag.py:3823} INFO - Setting next_dagrun for tle_api_to_kafka_streaming to 2026-01-27 16:00:00+00:00, run_after=2026-01-27 17:00:00+00:00
[2026-01-27T16:44:18.554+0000] {processor.py:183} INFO - Processing /opt/airflow/dags/airflow_dag_api_to_kafka.py took 0.213 seconds
[2026-01-27T16:44:48.707+0000] {processor.py:161} INFO - Started process (PID=576) to work on /opt/airflow/dags/airflow_dag_api_to_kafka.py
[2026-01-27T16:44:48.710+0000] {processor.py:830} INFO - Processing file /opt/airflow/dags/airflow_dag_api_to_kafka.py for tasks to queue
[2026-01-27T16:44:48.711+0000] {logging_mixin.py:188} INFO - [2026-01-27T16:44:48.711+0000] {dagbag.py:538} INFO - Filling up the DagBag from /opt/airflow/dags/airflow_dag_api_to_kafka.py
[2026-01-27T16:44:48.814+0000] {processor.py:840} INFO - DAG(s) 'tle_api_to_kafka_streaming' retrieved from /opt/airflow/dags/airflow_dag_api_to_kafka.py
[2026-01-27T16:44:48.855+0000] {logging_mixin.py:188} INFO - [2026-01-27T16:44:48.855+0000] {dag.py:3036} INFO - Sync 1 DAGs
[2026-01-27T16:44:48.903+0000] {logging_mixin.py:188} INFO - [2026-01-27T16:44:48.903+0000] {dag.py:3823} INFO - Setting next_dagrun for tle_api_to_kafka_streaming to 2026-01-27 16:00:00+00:00, run_after=2026-01-27 17:00:00+00:00
[2026-01-27T16:44:48.934+0000] {processor.py:183} INFO - Processing /opt/airflow/dags/airflow_dag_api_to_kafka.py took 0.232 seconds
[2026-01-27T16:45:19.093+0000] {processor.py:161} INFO - Started process (PID=581) to work on /opt/airflow/dags/airflow_dag_api_to_kafka.py
[2026-01-27T16:45:19.096+0000] {processor.py:830} INFO - Processing file /opt/airflow/dags/airflow_dag_api_to_kafka.py for tasks to queue
[2026-01-27T16:45:19.097+0000] {logging_mixin.py:188} INFO - [2026-01-27T16:45:19.096+0000] {dagbag.py:538} INFO - Filling up the DagBag from /opt/airflow/dags/airflow_dag_api_to_kafka.py
[2026-01-27T16:45:19.188+0000] {processor.py:840} INFO - DAG(s) 'tle_api_to_kafka_streaming' retrieved from /opt/airflow/dags/airflow_dag_api_to_kafka.py
[2026-01-27T16:45:19.239+0000] {logging_mixin.py:188} INFO - [2026-01-27T16:45:19.239+0000] {dag.py:3036} INFO - Sync 1 DAGs
[2026-01-27T16:45:19.281+0000] {logging_mixin.py:188} INFO - [2026-01-27T16:45:19.280+0000] {dag.py:3823} INFO - Setting next_dagrun for tle_api_to_kafka_streaming to 2026-01-27 16:00:00+00:00, run_after=2026-01-27 17:00:00+00:00
[2026-01-27T16:45:19.305+0000] {processor.py:183} INFO - Processing /opt/airflow/dags/airflow_dag_api_to_kafka.py took 0.215 seconds
[2026-01-27T16:45:49.455+0000] {processor.py:161} INFO - Started process (PID=586) to work on /opt/airflow/dags/airflow_dag_api_to_kafka.py
[2026-01-27T16:45:49.458+0000] {processor.py:830} INFO - Processing file /opt/airflow/dags/airflow_dag_api_to_kafka.py for tasks to queue
[2026-01-27T16:45:49.460+0000] {logging_mixin.py:188} INFO - [2026-01-27T16:45:49.459+0000] {dagbag.py:538} INFO - Filling up the DagBag from /opt/airflow/dags/airflow_dag_api_to_kafka.py
[2026-01-27T16:45:49.561+0000] {processor.py:840} INFO - DAG(s) 'tle_api_to_kafka_streaming' retrieved from /opt/airflow/dags/airflow_dag_api_to_kafka.py
[2026-01-27T16:45:49.610+0000] {logging_mixin.py:188} INFO - [2026-01-27T16:45:49.610+0000] {dag.py:3036} INFO - Sync 1 DAGs
[2026-01-27T16:45:49.659+0000] {logging_mixin.py:188} INFO - [2026-01-27T16:45:49.658+0000] {dag.py:3823} INFO - Setting next_dagrun for tle_api_to_kafka_streaming to 2026-01-27 16:00:00+00:00, run_after=2026-01-27 17:00:00+00:00
[2026-01-27T16:45:49.685+0000] {processor.py:183} INFO - Processing /opt/airflow/dags/airflow_dag_api_to_kafka.py took 0.236 seconds
[2026-01-27T16:46:19.816+0000] {processor.py:161} INFO - Started process (PID=591) to work on /opt/airflow/dags/airflow_dag_api_to_kafka.py
[2026-01-27T16:46:19.819+0000] {processor.py:830} INFO - Processing file /opt/airflow/dags/airflow_dag_api_to_kafka.py for tasks to queue
[2026-01-27T16:46:19.820+0000] {logging_mixin.py:188} INFO - [2026-01-27T16:46:19.819+0000] {dagbag.py:538} INFO - Filling up the DagBag from /opt/airflow/dags/airflow_dag_api_to_kafka.py
[2026-01-27T16:46:19.873+0000] {processor.py:840} INFO - DAG(s) 'tle_api_to_kafka_streaming' retrieved from /opt/airflow/dags/airflow_dag_api_to_kafka.py
[2026-01-27T16:46:19.899+0000] {logging_mixin.py:188} INFO - [2026-01-27T16:46:19.899+0000] {dag.py:3036} INFO - Sync 1 DAGs
[2026-01-27T16:46:19.925+0000] {logging_mixin.py:188} INFO - [2026-01-27T16:46:19.925+0000] {dag.py:3823} INFO - Setting next_dagrun for tle_api_to_kafka_streaming to 2026-01-27 16:00:00+00:00, run_after=2026-01-27 17:00:00+00:00
[2026-01-27T16:46:19.941+0000] {processor.py:183} INFO - Processing /opt/airflow/dags/airflow_dag_api_to_kafka.py took 0.128 seconds
[2026-01-27T16:46:50.061+0000] {processor.py:161} INFO - Started process (PID=596) to work on /opt/airflow/dags/airflow_dag_api_to_kafka.py
[2026-01-27T16:46:50.063+0000] {processor.py:830} INFO - Processing file /opt/airflow/dags/airflow_dag_api_to_kafka.py for tasks to queue
[2026-01-27T16:46:50.064+0000] {logging_mixin.py:188} INFO - [2026-01-27T16:46:50.063+0000] {dagbag.py:538} INFO - Filling up the DagBag from /opt/airflow/dags/airflow_dag_api_to_kafka.py
[2026-01-27T16:46:50.121+0000] {processor.py:840} INFO - DAG(s) 'tle_api_to_kafka_streaming' retrieved from /opt/airflow/dags/airflow_dag_api_to_kafka.py
[2026-01-27T16:46:50.151+0000] {logging_mixin.py:188} INFO - [2026-01-27T16:46:50.151+0000] {dag.py:3036} INFO - Sync 1 DAGs
[2026-01-27T16:46:50.177+0000] {logging_mixin.py:188} INFO - [2026-01-27T16:46:50.177+0000] {dag.py:3823} INFO - Setting next_dagrun for tle_api_to_kafka_streaming to 2026-01-27 16:00:00+00:00, run_after=2026-01-27 17:00:00+00:00
[2026-01-27T16:46:50.197+0000] {processor.py:183} INFO - Processing /opt/airflow/dags/airflow_dag_api_to_kafka.py took 0.140 seconds
[2026-01-27T16:47:20.312+0000] {processor.py:161} INFO - Started process (PID=601) to work on /opt/airflow/dags/airflow_dag_api_to_kafka.py
[2026-01-27T16:47:20.314+0000] {processor.py:830} INFO - Processing file /opt/airflow/dags/airflow_dag_api_to_kafka.py for tasks to queue
[2026-01-27T16:47:20.315+0000] {logging_mixin.py:188} INFO - [2026-01-27T16:47:20.314+0000] {dagbag.py:538} INFO - Filling up the DagBag from /opt/airflow/dags/airflow_dag_api_to_kafka.py
[2026-01-27T16:47:20.396+0000] {processor.py:840} INFO - DAG(s) 'tle_api_to_kafka_streaming' retrieved from /opt/airflow/dags/airflow_dag_api_to_kafka.py
[2026-01-27T16:47:20.430+0000] {logging_mixin.py:188} INFO - [2026-01-27T16:47:20.430+0000] {dag.py:3036} INFO - Sync 1 DAGs
[2026-01-27T16:47:20.466+0000] {logging_mixin.py:188} INFO - [2026-01-27T16:47:20.466+0000] {dag.py:3823} INFO - Setting next_dagrun for tle_api_to_kafka_streaming to 2026-01-27 16:00:00+00:00, run_after=2026-01-27 17:00:00+00:00
[2026-01-27T16:47:20.485+0000] {processor.py:183} INFO - Processing /opt/airflow/dags/airflow_dag_api_to_kafka.py took 0.177 seconds
[2026-01-27T16:47:50.636+0000] {processor.py:161} INFO - Started process (PID=606) to work on /opt/airflow/dags/airflow_dag_api_to_kafka.py
[2026-01-27T16:47:50.638+0000] {processor.py:830} INFO - Processing file /opt/airflow/dags/airflow_dag_api_to_kafka.py for tasks to queue
[2026-01-27T16:47:50.639+0000] {logging_mixin.py:188} INFO - [2026-01-27T16:47:50.639+0000] {dagbag.py:538} INFO - Filling up the DagBag from /opt/airflow/dags/airflow_dag_api_to_kafka.py
[2026-01-27T16:47:50.723+0000] {processor.py:840} INFO - DAG(s) 'tle_api_to_kafka_streaming' retrieved from /opt/airflow/dags/airflow_dag_api_to_kafka.py
[2026-01-27T16:47:50.774+0000] {logging_mixin.py:188} INFO - [2026-01-27T16:47:50.774+0000] {dag.py:3036} INFO - Sync 1 DAGs
[2026-01-27T16:47:50.821+0000] {logging_mixin.py:188} INFO - [2026-01-27T16:47:50.820+0000] {dag.py:3823} INFO - Setting next_dagrun for tle_api_to_kafka_streaming to 2026-01-27 16:00:00+00:00, run_after=2026-01-27 17:00:00+00:00
[2026-01-27T16:47:50.844+0000] {processor.py:183} INFO - Processing /opt/airflow/dags/airflow_dag_api_to_kafka.py took 0.212 seconds
[2026-01-27T16:48:21.000+0000] {processor.py:161} INFO - Started process (PID=611) to work on /opt/airflow/dags/airflow_dag_api_to_kafka.py
[2026-01-27T16:48:21.001+0000] {processor.py:830} INFO - Processing file /opt/airflow/dags/airflow_dag_api_to_kafka.py for tasks to queue
[2026-01-27T16:48:21.002+0000] {logging_mixin.py:188} INFO - [2026-01-27T16:48:21.001+0000] {dagbag.py:538} INFO - Filling up the DagBag from /opt/airflow/dags/airflow_dag_api_to_kafka.py
[2026-01-27T16:48:21.097+0000] {processor.py:840} INFO - DAG(s) 'tle_api_to_kafka_streaming' retrieved from /opt/airflow/dags/airflow_dag_api_to_kafka.py
[2026-01-27T16:48:21.135+0000] {logging_mixin.py:188} INFO - [2026-01-27T16:48:21.135+0000] {dag.py:3036} INFO - Sync 1 DAGs
[2026-01-27T16:48:21.176+0000] {logging_mixin.py:188} INFO - [2026-01-27T16:48:21.175+0000] {dag.py:3823} INFO - Setting next_dagrun for tle_api_to_kafka_streaming to 2026-01-27 16:00:00+00:00, run_after=2026-01-27 17:00:00+00:00
[2026-01-27T16:48:21.204+0000] {processor.py:183} INFO - Processing /opt/airflow/dags/airflow_dag_api_to_kafka.py took 0.208 seconds
[2026-01-27T16:48:51.359+0000] {processor.py:161} INFO - Started process (PID=616) to work on /opt/airflow/dags/airflow_dag_api_to_kafka.py
[2026-01-27T16:48:51.362+0000] {processor.py:830} INFO - Processing file /opt/airflow/dags/airflow_dag_api_to_kafka.py for tasks to queue
[2026-01-27T16:48:51.363+0000] {logging_mixin.py:188} INFO - [2026-01-27T16:48:51.363+0000] {dagbag.py:538} INFO - Filling up the DagBag from /opt/airflow/dags/airflow_dag_api_to_kafka.py
[2026-01-27T16:48:51.468+0000] {processor.py:840} INFO - DAG(s) 'tle_api_to_kafka_streaming' retrieved from /opt/airflow/dags/airflow_dag_api_to_kafka.py
[2026-01-27T16:48:51.505+0000] {logging_mixin.py:188} INFO - [2026-01-27T16:48:51.505+0000] {dag.py:3036} INFO - Sync 1 DAGs
[2026-01-27T16:48:51.536+0000] {logging_mixin.py:188} INFO - [2026-01-27T16:48:51.535+0000] {dag.py:3823} INFO - Setting next_dagrun for tle_api_to_kafka_streaming to 2026-01-27 16:00:00+00:00, run_after=2026-01-27 17:00:00+00:00
[2026-01-27T16:48:51.554+0000] {processor.py:183} INFO - Processing /opt/airflow/dags/airflow_dag_api_to_kafka.py took 0.199 seconds
[2026-01-27T16:49:21.706+0000] {processor.py:161} INFO - Started process (PID=621) to work on /opt/airflow/dags/airflow_dag_api_to_kafka.py
[2026-01-27T16:49:21.709+0000] {processor.py:830} INFO - Processing file /opt/airflow/dags/airflow_dag_api_to_kafka.py for tasks to queue
[2026-01-27T16:49:21.710+0000] {logging_mixin.py:188} INFO - [2026-01-27T16:49:21.709+0000] {dagbag.py:538} INFO - Filling up the DagBag from /opt/airflow/dags/airflow_dag_api_to_kafka.py
[2026-01-27T16:49:21.800+0000] {processor.py:840} INFO - DAG(s) 'tle_api_to_kafka_streaming' retrieved from /opt/airflow/dags/airflow_dag_api_to_kafka.py
[2026-01-27T16:49:21.839+0000] {logging_mixin.py:188} INFO - [2026-01-27T16:49:21.839+0000] {dag.py:3036} INFO - Sync 1 DAGs
[2026-01-27T16:49:21.876+0000] {logging_mixin.py:188} INFO - [2026-01-27T16:49:21.876+0000] {dag.py:3823} INFO - Setting next_dagrun for tle_api_to_kafka_streaming to 2026-01-27 16:00:00+00:00, run_after=2026-01-27 17:00:00+00:00
[2026-01-27T16:49:21.908+0000] {processor.py:183} INFO - Processing /opt/airflow/dags/airflow_dag_api_to_kafka.py took 0.206 seconds
[2026-01-27T16:49:52.069+0000] {processor.py:161} INFO - Started process (PID=626) to work on /opt/airflow/dags/airflow_dag_api_to_kafka.py
[2026-01-27T16:49:52.072+0000] {processor.py:830} INFO - Processing file /opt/airflow/dags/airflow_dag_api_to_kafka.py for tasks to queue
[2026-01-27T16:49:52.073+0000] {logging_mixin.py:188} INFO - [2026-01-27T16:49:52.073+0000] {dagbag.py:538} INFO - Filling up the DagBag from /opt/airflow/dags/airflow_dag_api_to_kafka.py
[2026-01-27T16:49:52.169+0000] {processor.py:840} INFO - DAG(s) 'tle_api_to_kafka_streaming' retrieved from /opt/airflow/dags/airflow_dag_api_to_kafka.py
[2026-01-27T16:49:52.221+0000] {logging_mixin.py:188} INFO - [2026-01-27T16:49:52.221+0000] {dag.py:3036} INFO - Sync 1 DAGs
[2026-01-27T16:49:52.268+0000] {logging_mixin.py:188} INFO - [2026-01-27T16:49:52.268+0000] {dag.py:3823} INFO - Setting next_dagrun for tle_api_to_kafka_streaming to 2026-01-27 16:00:00+00:00, run_after=2026-01-27 17:00:00+00:00
[2026-01-27T16:49:52.303+0000] {processor.py:183} INFO - Processing /opt/airflow/dags/airflow_dag_api_to_kafka.py took 0.239 seconds
[2026-01-27T16:50:22.463+0000] {processor.py:161} INFO - Started process (PID=631) to work on /opt/airflow/dags/airflow_dag_api_to_kafka.py
[2026-01-27T16:50:22.465+0000] {processor.py:830} INFO - Processing file /opt/airflow/dags/airflow_dag_api_to_kafka.py for tasks to queue
[2026-01-27T16:50:22.466+0000] {logging_mixin.py:188} INFO - [2026-01-27T16:50:22.465+0000] {dagbag.py:538} INFO - Filling up the DagBag from /opt/airflow/dags/airflow_dag_api_to_kafka.py
[2026-01-27T16:50:22.569+0000] {processor.py:840} INFO - DAG(s) 'tle_api_to_kafka_streaming' retrieved from /opt/airflow/dags/airflow_dag_api_to_kafka.py
[2026-01-27T16:50:22.616+0000] {logging_mixin.py:188} INFO - [2026-01-27T16:50:22.615+0000] {dag.py:3036} INFO - Sync 1 DAGs
[2026-01-27T16:50:22.651+0000] {logging_mixin.py:188} INFO - [2026-01-27T16:50:22.651+0000] {dag.py:3823} INFO - Setting next_dagrun for tle_api_to_kafka_streaming to 2026-01-27 16:00:00+00:00, run_after=2026-01-27 17:00:00+00:00
[2026-01-27T16:50:22.674+0000] {processor.py:183} INFO - Processing /opt/airflow/dags/airflow_dag_api_to_kafka.py took 0.216 seconds
[2026-01-27T16:50:52.817+0000] {processor.py:161} INFO - Started process (PID=636) to work on /opt/airflow/dags/airflow_dag_api_to_kafka.py
[2026-01-27T16:50:52.818+0000] {processor.py:830} INFO - Processing file /opt/airflow/dags/airflow_dag_api_to_kafka.py for tasks to queue
[2026-01-27T16:50:52.819+0000] {logging_mixin.py:188} INFO - [2026-01-27T16:50:52.819+0000] {dagbag.py:538} INFO - Filling up the DagBag from /opt/airflow/dags/airflow_dag_api_to_kafka.py
[2026-01-27T16:50:52.908+0000] {processor.py:840} INFO - DAG(s) 'tle_api_to_kafka_streaming' retrieved from /opt/airflow/dags/airflow_dag_api_to_kafka.py
[2026-01-27T16:50:52.958+0000] {logging_mixin.py:188} INFO - [2026-01-27T16:50:52.957+0000] {dag.py:3036} INFO - Sync 1 DAGs
[2026-01-27T16:50:53.004+0000] {logging_mixin.py:188} INFO - [2026-01-27T16:50:53.004+0000] {dag.py:3823} INFO - Setting next_dagrun for tle_api_to_kafka_streaming to 2026-01-27 16:00:00+00:00, run_after=2026-01-27 17:00:00+00:00
[2026-01-27T16:50:53.037+0000] {processor.py:183} INFO - Processing /opt/airflow/dags/airflow_dag_api_to_kafka.py took 0.223 seconds
[2026-01-27T16:51:23.197+0000] {processor.py:161} INFO - Started process (PID=641) to work on /opt/airflow/dags/airflow_dag_api_to_kafka.py
[2026-01-27T16:51:23.200+0000] {processor.py:830} INFO - Processing file /opt/airflow/dags/airflow_dag_api_to_kafka.py for tasks to queue
[2026-01-27T16:51:23.201+0000] {logging_mixin.py:188} INFO - [2026-01-27T16:51:23.200+0000] {dagbag.py:538} INFO - Filling up the DagBag from /opt/airflow/dags/airflow_dag_api_to_kafka.py
[2026-01-27T16:51:23.286+0000] {processor.py:840} INFO - DAG(s) 'tle_api_to_kafka_streaming' retrieved from /opt/airflow/dags/airflow_dag_api_to_kafka.py
[2026-01-27T16:51:23.337+0000] {logging_mixin.py:188} INFO - [2026-01-27T16:51:23.336+0000] {dag.py:3036} INFO - Sync 1 DAGs
[2026-01-27T16:51:23.367+0000] {logging_mixin.py:188} INFO - [2026-01-27T16:51:23.367+0000] {dag.py:3823} INFO - Setting next_dagrun for tle_api_to_kafka_streaming to 2026-01-27 16:00:00+00:00, run_after=2026-01-27 17:00:00+00:00
[2026-01-27T16:51:23.389+0000] {processor.py:183} INFO - Processing /opt/airflow/dags/airflow_dag_api_to_kafka.py took 0.195 seconds
[2026-01-27T16:51:53.547+0000] {processor.py:161} INFO - Started process (PID=646) to work on /opt/airflow/dags/airflow_dag_api_to_kafka.py
[2026-01-27T16:51:53.550+0000] {processor.py:830} INFO - Processing file /opt/airflow/dags/airflow_dag_api_to_kafka.py for tasks to queue
[2026-01-27T16:51:53.551+0000] {logging_mixin.py:188} INFO - [2026-01-27T16:51:53.550+0000] {dagbag.py:538} INFO - Filling up the DagBag from /opt/airflow/dags/airflow_dag_api_to_kafka.py
[2026-01-27T16:51:53.622+0000] {processor.py:840} INFO - DAG(s) 'tle_api_to_kafka_streaming' retrieved from /opt/airflow/dags/airflow_dag_api_to_kafka.py
[2026-01-27T16:51:53.660+0000] {logging_mixin.py:188} INFO - [2026-01-27T16:51:53.660+0000] {dag.py:3036} INFO - Sync 1 DAGs
[2026-01-27T16:51:53.699+0000] {logging_mixin.py:188} INFO - [2026-01-27T16:51:53.699+0000] {dag.py:3823} INFO - Setting next_dagrun for tle_api_to_kafka_streaming to 2026-01-27 16:00:00+00:00, run_after=2026-01-27 17:00:00+00:00
[2026-01-27T16:51:53.727+0000] {processor.py:183} INFO - Processing /opt/airflow/dags/airflow_dag_api_to_kafka.py took 0.186 seconds
[2026-01-27T16:52:23.883+0000] {processor.py:161} INFO - Started process (PID=651) to work on /opt/airflow/dags/airflow_dag_api_to_kafka.py
[2026-01-27T16:52:23.884+0000] {processor.py:830} INFO - Processing file /opt/airflow/dags/airflow_dag_api_to_kafka.py for tasks to queue
[2026-01-27T16:52:23.885+0000] {logging_mixin.py:188} INFO - [2026-01-27T16:52:23.885+0000] {dagbag.py:538} INFO - Filling up the DagBag from /opt/airflow/dags/airflow_dag_api_to_kafka.py
[2026-01-27T16:52:23.970+0000] {processor.py:840} INFO - DAG(s) 'tle_api_to_kafka_streaming' retrieved from /opt/airflow/dags/airflow_dag_api_to_kafka.py
[2026-01-27T16:52:24.009+0000] {logging_mixin.py:188} INFO - [2026-01-27T16:52:24.008+0000] {dag.py:3036} INFO - Sync 1 DAGs
[2026-01-27T16:52:24.046+0000] {logging_mixin.py:188} INFO - [2026-01-27T16:52:24.046+0000] {dag.py:3823} INFO - Setting next_dagrun for tle_api_to_kafka_streaming to 2026-01-27 16:00:00+00:00, run_after=2026-01-27 17:00:00+00:00
[2026-01-27T16:52:24.067+0000] {processor.py:183} INFO - Processing /opt/airflow/dags/airflow_dag_api_to_kafka.py took 0.190 seconds
[2026-01-27T16:52:54.229+0000] {processor.py:161} INFO - Started process (PID=656) to work on /opt/airflow/dags/airflow_dag_api_to_kafka.py
[2026-01-27T16:52:54.232+0000] {processor.py:830} INFO - Processing file /opt/airflow/dags/airflow_dag_api_to_kafka.py for tasks to queue
[2026-01-27T16:52:54.234+0000] {logging_mixin.py:188} INFO - [2026-01-27T16:52:54.233+0000] {dagbag.py:538} INFO - Filling up the DagBag from /opt/airflow/dags/airflow_dag_api_to_kafka.py
[2026-01-27T16:52:54.337+0000] {processor.py:840} INFO - DAG(s) 'tle_api_to_kafka_streaming' retrieved from /opt/airflow/dags/airflow_dag_api_to_kafka.py
[2026-01-27T16:52:54.388+0000] {logging_mixin.py:188} INFO - [2026-01-27T16:52:54.387+0000] {dag.py:3036} INFO - Sync 1 DAGs
[2026-01-27T16:52:54.434+0000] {logging_mixin.py:188} INFO - [2026-01-27T16:52:54.434+0000] {dag.py:3823} INFO - Setting next_dagrun for tle_api_to_kafka_streaming to 2026-01-27 16:00:00+00:00, run_after=2026-01-27 17:00:00+00:00
[2026-01-27T16:52:54.468+0000] {processor.py:183} INFO - Processing /opt/airflow/dags/airflow_dag_api_to_kafka.py took 0.244 seconds
[2026-01-27T16:53:24.630+0000] {processor.py:161} INFO - Started process (PID=661) to work on /opt/airflow/dags/airflow_dag_api_to_kafka.py
[2026-01-27T16:53:24.631+0000] {processor.py:830} INFO - Processing file /opt/airflow/dags/airflow_dag_api_to_kafka.py for tasks to queue
[2026-01-27T16:53:24.632+0000] {logging_mixin.py:188} INFO - [2026-01-27T16:53:24.631+0000] {dagbag.py:538} INFO - Filling up the DagBag from /opt/airflow/dags/airflow_dag_api_to_kafka.py
[2026-01-27T16:53:24.729+0000] {processor.py:840} INFO - DAG(s) 'tle_api_to_kafka_streaming' retrieved from /opt/airflow/dags/airflow_dag_api_to_kafka.py
[2026-01-27T16:53:24.774+0000] {logging_mixin.py:188} INFO - [2026-01-27T16:53:24.773+0000] {dag.py:3036} INFO - Sync 1 DAGs
[2026-01-27T16:53:24.822+0000] {logging_mixin.py:188} INFO - [2026-01-27T16:53:24.822+0000] {dag.py:3823} INFO - Setting next_dagrun for tle_api_to_kafka_streaming to 2026-01-27 16:00:00+00:00, run_after=2026-01-27 17:00:00+00:00
[2026-01-27T16:53:24.849+0000] {processor.py:183} INFO - Processing /opt/airflow/dags/airflow_dag_api_to_kafka.py took 0.224 seconds
[2026-01-27T16:53:55.009+0000] {processor.py:161} INFO - Started process (PID=666) to work on /opt/airflow/dags/airflow_dag_api_to_kafka.py
[2026-01-27T16:53:55.012+0000] {processor.py:830} INFO - Processing file /opt/airflow/dags/airflow_dag_api_to_kafka.py for tasks to queue
[2026-01-27T16:53:55.014+0000] {logging_mixin.py:188} INFO - [2026-01-27T16:53:55.013+0000] {dagbag.py:538} INFO - Filling up the DagBag from /opt/airflow/dags/airflow_dag_api_to_kafka.py
[2026-01-27T16:53:55.118+0000] {processor.py:840} INFO - DAG(s) 'tle_api_to_kafka_streaming' retrieved from /opt/airflow/dags/airflow_dag_api_to_kafka.py
[2026-01-27T16:53:55.171+0000] {logging_mixin.py:188} INFO - [2026-01-27T16:53:55.170+0000] {dag.py:3036} INFO - Sync 1 DAGs
[2026-01-27T16:53:55.218+0000] {logging_mixin.py:188} INFO - [2026-01-27T16:53:55.218+0000] {dag.py:3823} INFO - Setting next_dagrun for tle_api_to_kafka_streaming to 2026-01-27 16:00:00+00:00, run_after=2026-01-27 17:00:00+00:00
[2026-01-27T16:53:55.248+0000] {processor.py:183} INFO - Processing /opt/airflow/dags/airflow_dag_api_to_kafka.py took 0.244 seconds
[2026-01-27T16:54:25.402+0000] {processor.py:161} INFO - Started process (PID=671) to work on /opt/airflow/dags/airflow_dag_api_to_kafka.py
[2026-01-27T16:54:25.405+0000] {processor.py:830} INFO - Processing file /opt/airflow/dags/airflow_dag_api_to_kafka.py for tasks to queue
[2026-01-27T16:54:25.406+0000] {logging_mixin.py:188} INFO - [2026-01-27T16:54:25.405+0000] {dagbag.py:538} INFO - Filling up the DagBag from /opt/airflow/dags/airflow_dag_api_to_kafka.py
[2026-01-27T16:54:25.498+0000] {processor.py:840} INFO - DAG(s) 'tle_api_to_kafka_streaming' retrieved from /opt/airflow/dags/airflow_dag_api_to_kafka.py
[2026-01-27T16:54:25.537+0000] {logging_mixin.py:188} INFO - [2026-01-27T16:54:25.536+0000] {dag.py:3036} INFO - Sync 1 DAGs
[2026-01-27T16:54:25.583+0000] {logging_mixin.py:188} INFO - [2026-01-27T16:54:25.583+0000] {dag.py:3823} INFO - Setting next_dagrun for tle_api_to_kafka_streaming to 2026-01-27 16:00:00+00:00, run_after=2026-01-27 17:00:00+00:00
[2026-01-27T16:54:25.612+0000] {processor.py:183} INFO - Processing /opt/airflow/dags/airflow_dag_api_to_kafka.py took 0.213 seconds
[2026-01-27T16:54:55.758+0000] {processor.py:161} INFO - Started process (PID=676) to work on /opt/airflow/dags/airflow_dag_api_to_kafka.py
[2026-01-27T16:54:55.761+0000] {processor.py:830} INFO - Processing file /opt/airflow/dags/airflow_dag_api_to_kafka.py for tasks to queue
[2026-01-27T16:54:55.763+0000] {logging_mixin.py:188} INFO - [2026-01-27T16:54:55.762+0000] {dagbag.py:538} INFO - Filling up the DagBag from /opt/airflow/dags/airflow_dag_api_to_kafka.py
[2026-01-27T16:54:55.865+0000] {processor.py:840} INFO - DAG(s) 'tle_api_to_kafka_streaming' retrieved from /opt/airflow/dags/airflow_dag_api_to_kafka.py
[2026-01-27T16:54:55.915+0000] {logging_mixin.py:188} INFO - [2026-01-27T16:54:55.914+0000] {dag.py:3036} INFO - Sync 1 DAGs
[2026-01-27T16:54:55.963+0000] {logging_mixin.py:188} INFO - [2026-01-27T16:54:55.962+0000] {dag.py:3823} INFO - Setting next_dagrun for tle_api_to_kafka_streaming to 2026-01-27 16:00:00+00:00, run_after=2026-01-27 17:00:00+00:00
[2026-01-27T16:54:55.996+0000] {processor.py:183} INFO - Processing /opt/airflow/dags/airflow_dag_api_to_kafka.py took 0.243 seconds
[2026-01-27T16:55:26.148+0000] {processor.py:161} INFO - Started process (PID=681) to work on /opt/airflow/dags/airflow_dag_api_to_kafka.py
[2026-01-27T16:55:26.150+0000] {processor.py:830} INFO - Processing file /opt/airflow/dags/airflow_dag_api_to_kafka.py for tasks to queue
[2026-01-27T16:55:26.151+0000] {logging_mixin.py:188} INFO - [2026-01-27T16:55:26.151+0000] {dagbag.py:538} INFO - Filling up the DagBag from /opt/airflow/dags/airflow_dag_api_to_kafka.py
[2026-01-27T16:55:26.224+0000] {processor.py:840} INFO - DAG(s) 'tle_api_to_kafka_streaming' retrieved from /opt/airflow/dags/airflow_dag_api_to_kafka.py
[2026-01-27T16:55:26.263+0000] {logging_mixin.py:188} INFO - [2026-01-27T16:55:26.262+0000] {dag.py:3036} INFO - Sync 1 DAGs
[2026-01-27T16:55:26.308+0000] {logging_mixin.py:188} INFO - [2026-01-27T16:55:26.308+0000] {dag.py:3823} INFO - Setting next_dagrun for tle_api_to_kafka_streaming to 2026-01-27 16:00:00+00:00, run_after=2026-01-27 17:00:00+00:00
[2026-01-27T16:55:26.331+0000] {processor.py:183} INFO - Processing /opt/airflow/dags/airflow_dag_api_to_kafka.py took 0.187 seconds
[2026-01-27T16:55:56.491+0000] {processor.py:161} INFO - Started process (PID=686) to work on /opt/airflow/dags/airflow_dag_api_to_kafka.py
[2026-01-27T16:55:56.494+0000] {processor.py:830} INFO - Processing file /opt/airflow/dags/airflow_dag_api_to_kafka.py for tasks to queue
[2026-01-27T16:55:56.496+0000] {logging_mixin.py:188} INFO - [2026-01-27T16:55:56.495+0000] {dagbag.py:538} INFO - Filling up the DagBag from /opt/airflow/dags/airflow_dag_api_to_kafka.py
[2026-01-27T16:55:56.596+0000] {processor.py:840} INFO - DAG(s) 'tle_api_to_kafka_streaming' retrieved from /opt/airflow/dags/airflow_dag_api_to_kafka.py
[2026-01-27T16:55:56.632+0000] {logging_mixin.py:188} INFO - [2026-01-27T16:55:56.632+0000] {dag.py:3036} INFO - Sync 1 DAGs
[2026-01-27T16:55:56.675+0000] {logging_mixin.py:188} INFO - [2026-01-27T16:55:56.674+0000] {dag.py:3823} INFO - Setting next_dagrun for tle_api_to_kafka_streaming to 2026-01-27 16:00:00+00:00, run_after=2026-01-27 17:00:00+00:00
[2026-01-27T16:55:56.704+0000] {processor.py:183} INFO - Processing /opt/airflow/dags/airflow_dag_api_to_kafka.py took 0.219 seconds
[2026-01-27T16:56:26.859+0000] {processor.py:161} INFO - Started process (PID=691) to work on /opt/airflow/dags/airflow_dag_api_to_kafka.py
[2026-01-27T16:56:26.860+0000] {processor.py:830} INFO - Processing file /opt/airflow/dags/airflow_dag_api_to_kafka.py for tasks to queue
[2026-01-27T16:56:26.861+0000] {logging_mixin.py:188} INFO - [2026-01-27T16:56:26.860+0000] {dagbag.py:538} INFO - Filling up the DagBag from /opt/airflow/dags/airflow_dag_api_to_kafka.py
[2026-01-27T16:56:26.939+0000] {processor.py:840} INFO - DAG(s) 'tle_api_to_kafka_streaming' retrieved from /opt/airflow/dags/airflow_dag_api_to_kafka.py
[2026-01-27T16:56:26.986+0000] {logging_mixin.py:188} INFO - [2026-01-27T16:56:26.986+0000] {dag.py:3036} INFO - Sync 1 DAGs
[2026-01-27T16:56:27.029+0000] {logging_mixin.py:188} INFO - [2026-01-27T16:56:27.029+0000] {dag.py:3823} INFO - Setting next_dagrun for tle_api_to_kafka_streaming to 2026-01-27 16:00:00+00:00, run_after=2026-01-27 17:00:00+00:00
[2026-01-27T16:56:27.057+0000] {processor.py:183} INFO - Processing /opt/airflow/dags/airflow_dag_api_to_kafka.py took 0.202 seconds
[2026-01-27T16:56:57.206+0000] {processor.py:161} INFO - Started process (PID=696) to work on /opt/airflow/dags/airflow_dag_api_to_kafka.py
[2026-01-27T16:56:57.208+0000] {processor.py:830} INFO - Processing file /opt/airflow/dags/airflow_dag_api_to_kafka.py for tasks to queue
[2026-01-27T16:56:57.209+0000] {logging_mixin.py:188} INFO - [2026-01-27T16:56:57.209+0000] {dagbag.py:538} INFO - Filling up the DagBag from /opt/airflow/dags/airflow_dag_api_to_kafka.py
[2026-01-27T16:56:57.292+0000] {processor.py:840} INFO - DAG(s) 'tle_api_to_kafka_streaming' retrieved from /opt/airflow/dags/airflow_dag_api_to_kafka.py
[2026-01-27T16:56:57.325+0000] {logging_mixin.py:188} INFO - [2026-01-27T16:56:57.324+0000] {dag.py:3036} INFO - Sync 1 DAGs
[2026-01-27T16:56:57.355+0000] {logging_mixin.py:188} INFO - [2026-01-27T16:56:57.355+0000] {dag.py:3823} INFO - Setting next_dagrun for tle_api_to_kafka_streaming to 2026-01-27 16:00:00+00:00, run_after=2026-01-27 17:00:00+00:00
[2026-01-27T16:56:57.375+0000] {processor.py:183} INFO - Processing /opt/airflow/dags/airflow_dag_api_to_kafka.py took 0.173 seconds
[2026-01-27T16:57:27.532+0000] {processor.py:161} INFO - Started process (PID=701) to work on /opt/airflow/dags/airflow_dag_api_to_kafka.py
[2026-01-27T16:57:27.534+0000] {processor.py:830} INFO - Processing file /opt/airflow/dags/airflow_dag_api_to_kafka.py for tasks to queue
[2026-01-27T16:57:27.536+0000] {logging_mixin.py:188} INFO - [2026-01-27T16:57:27.535+0000] {dagbag.py:538} INFO - Filling up the DagBag from /opt/airflow/dags/airflow_dag_api_to_kafka.py
[2026-01-27T16:57:27.626+0000] {processor.py:840} INFO - DAG(s) 'tle_api_to_kafka_streaming' retrieved from /opt/airflow/dags/airflow_dag_api_to_kafka.py
[2026-01-27T16:57:27.664+0000] {logging_mixin.py:188} INFO - [2026-01-27T16:57:27.664+0000] {dag.py:3036} INFO - Sync 1 DAGs
[2026-01-27T16:57:27.711+0000] {logging_mixin.py:188} INFO - [2026-01-27T16:57:27.710+0000] {dag.py:3823} INFO - Setting next_dagrun for tle_api_to_kafka_streaming to 2026-01-27 16:00:00+00:00, run_after=2026-01-27 17:00:00+00:00
[2026-01-27T16:57:27.740+0000] {processor.py:183} INFO - Processing /opt/airflow/dags/airflow_dag_api_to_kafka.py took 0.214 seconds
[2026-01-27T16:57:57.904+0000] {processor.py:161} INFO - Started process (PID=706) to work on /opt/airflow/dags/airflow_dag_api_to_kafka.py
[2026-01-27T16:57:57.907+0000] {processor.py:830} INFO - Processing file /opt/airflow/dags/airflow_dag_api_to_kafka.py for tasks to queue
[2026-01-27T16:57:57.908+0000] {logging_mixin.py:188} INFO - [2026-01-27T16:57:57.908+0000] {dagbag.py:538} INFO - Filling up the DagBag from /opt/airflow/dags/airflow_dag_api_to_kafka.py
[2026-01-27T16:57:58.010+0000] {processor.py:840} INFO - DAG(s) 'tle_api_to_kafka_streaming' retrieved from /opt/airflow/dags/airflow_dag_api_to_kafka.py
[2026-01-27T16:57:58.051+0000] {logging_mixin.py:188} INFO - [2026-01-27T16:57:58.051+0000] {dag.py:3036} INFO - Sync 1 DAGs
[2026-01-27T16:57:58.094+0000] {logging_mixin.py:188} INFO - [2026-01-27T16:57:58.094+0000] {dag.py:3823} INFO - Setting next_dagrun for tle_api_to_kafka_streaming to 2026-01-27 16:00:00+00:00, run_after=2026-01-27 17:00:00+00:00
[2026-01-27T16:57:58.122+0000] {processor.py:183} INFO - Processing /opt/airflow/dags/airflow_dag_api_to_kafka.py took 0.224 seconds
[2026-01-27T16:58:28.281+0000] {processor.py:161} INFO - Started process (PID=711) to work on /opt/airflow/dags/airflow_dag_api_to_kafka.py
[2026-01-27T16:58:28.284+0000] {processor.py:830} INFO - Processing file /opt/airflow/dags/airflow_dag_api_to_kafka.py for tasks to queue
[2026-01-27T16:58:28.286+0000] {logging_mixin.py:188} INFO - [2026-01-27T16:58:28.285+0000] {dagbag.py:538} INFO - Filling up the DagBag from /opt/airflow/dags/airflow_dag_api_to_kafka.py
[2026-01-27T16:58:28.390+0000] {processor.py:840} INFO - DAG(s) 'tle_api_to_kafka_streaming' retrieved from /opt/airflow/dags/airflow_dag_api_to_kafka.py
[2026-01-27T16:58:28.427+0000] {logging_mixin.py:188} INFO - [2026-01-27T16:58:28.427+0000] {dag.py:3036} INFO - Sync 1 DAGs
[2026-01-27T16:58:28.455+0000] {logging_mixin.py:188} INFO - [2026-01-27T16:58:28.455+0000] {dag.py:3823} INFO - Setting next_dagrun for tle_api_to_kafka_streaming to 2026-01-27 16:00:00+00:00, run_after=2026-01-27 17:00:00+00:00
[2026-01-27T16:58:28.476+0000] {processor.py:183} INFO - Processing /opt/airflow/dags/airflow_dag_api_to_kafka.py took 0.200 seconds
[2026-01-27T16:58:58.627+0000] {processor.py:161} INFO - Started process (PID=716) to work on /opt/airflow/dags/airflow_dag_api_to_kafka.py
[2026-01-27T16:58:58.629+0000] {processor.py:830} INFO - Processing file /opt/airflow/dags/airflow_dag_api_to_kafka.py for tasks to queue
[2026-01-27T16:58:58.630+0000] {logging_mixin.py:188} INFO - [2026-01-27T16:58:58.629+0000] {dagbag.py:538} INFO - Filling up the DagBag from /opt/airflow/dags/airflow_dag_api_to_kafka.py
[2026-01-27T16:58:58.724+0000] {processor.py:840} INFO - DAG(s) 'tle_api_to_kafka_streaming' retrieved from /opt/airflow/dags/airflow_dag_api_to_kafka.py
[2026-01-27T16:58:58.775+0000] {logging_mixin.py:188} INFO - [2026-01-27T16:58:58.775+0000] {dag.py:3036} INFO - Sync 1 DAGs
[2026-01-27T16:58:58.818+0000] {logging_mixin.py:188} INFO - [2026-01-27T16:58:58.817+0000] {dag.py:3823} INFO - Setting next_dagrun for tle_api_to_kafka_streaming to 2026-01-27 16:00:00+00:00, run_after=2026-01-27 17:00:00+00:00
[2026-01-27T16:58:58.846+0000] {processor.py:183} INFO - Processing /opt/airflow/dags/airflow_dag_api_to_kafka.py took 0.223 seconds
[2026-01-27T16:59:29.013+0000] {processor.py:161} INFO - Started process (PID=721) to work on /opt/airflow/dags/airflow_dag_api_to_kafka.py
[2026-01-27T16:59:29.016+0000] {processor.py:830} INFO - Processing file /opt/airflow/dags/airflow_dag_api_to_kafka.py for tasks to queue
[2026-01-27T16:59:29.017+0000] {logging_mixin.py:188} INFO - [2026-01-27T16:59:29.017+0000] {dagbag.py:538} INFO - Filling up the DagBag from /opt/airflow/dags/airflow_dag_api_to_kafka.py
[2026-01-27T16:59:29.090+0000] {processor.py:840} INFO - DAG(s) 'tle_api_to_kafka_streaming' retrieved from /opt/airflow/dags/airflow_dag_api_to_kafka.py
[2026-01-27T16:59:29.128+0000] {logging_mixin.py:188} INFO - [2026-01-27T16:59:29.128+0000] {dag.py:3036} INFO - Sync 1 DAGs
[2026-01-27T16:59:29.161+0000] {logging_mixin.py:188} INFO - [2026-01-27T16:59:29.160+0000] {dag.py:3823} INFO - Setting next_dagrun for tle_api_to_kafka_streaming to 2026-01-27 16:00:00+00:00, run_after=2026-01-27 17:00:00+00:00
[2026-01-27T16:59:29.180+0000] {processor.py:183} INFO - Processing /opt/airflow/dags/airflow_dag_api_to_kafka.py took 0.171 seconds
[2026-01-27T16:59:59.324+0000] {processor.py:161} INFO - Started process (PID=726) to work on /opt/airflow/dags/airflow_dag_api_to_kafka.py
[2026-01-27T16:59:59.326+0000] {processor.py:830} INFO - Processing file /opt/airflow/dags/airflow_dag_api_to_kafka.py for tasks to queue
[2026-01-27T16:59:59.327+0000] {logging_mixin.py:188} INFO - [2026-01-27T16:59:59.327+0000] {dagbag.py:538} INFO - Filling up the DagBag from /opt/airflow/dags/airflow_dag_api_to_kafka.py
[2026-01-27T16:59:59.400+0000] {processor.py:840} INFO - DAG(s) 'tle_api_to_kafka_streaming' retrieved from /opt/airflow/dags/airflow_dag_api_to_kafka.py
[2026-01-27T16:59:59.435+0000] {logging_mixin.py:188} INFO - [2026-01-27T16:59:59.435+0000] {dag.py:3036} INFO - Sync 1 DAGs
[2026-01-27T16:59:59.476+0000] {logging_mixin.py:188} INFO - [2026-01-27T16:59:59.476+0000] {dag.py:3823} INFO - Setting next_dagrun for tle_api_to_kafka_streaming to 2026-01-27 16:00:00+00:00, run_after=2026-01-27 17:00:00+00:00
[2026-01-27T16:59:59.510+0000] {processor.py:183} INFO - Processing /opt/airflow/dags/airflow_dag_api_to_kafka.py took 0.189 seconds
[2026-01-27T17:00:29.672+0000] {processor.py:161} INFO - Started process (PID=736) to work on /opt/airflow/dags/airflow_dag_api_to_kafka.py
[2026-01-27T17:00:29.674+0000] {processor.py:830} INFO - Processing file /opt/airflow/dags/airflow_dag_api_to_kafka.py for tasks to queue
[2026-01-27T17:00:29.676+0000] {logging_mixin.py:188} INFO - [2026-01-27T17:00:29.675+0000] {dagbag.py:538} INFO - Filling up the DagBag from /opt/airflow/dags/airflow_dag_api_to_kafka.py
[2026-01-27T17:00:29.761+0000] {processor.py:840} INFO - DAG(s) 'tle_api_to_kafka_streaming' retrieved from /opt/airflow/dags/airflow_dag_api_to_kafka.py
[2026-01-27T17:00:29.793+0000] {logging_mixin.py:188} INFO - [2026-01-27T17:00:29.793+0000] {dag.py:3036} INFO - Sync 1 DAGs
[2026-01-27T17:00:29.824+0000] {logging_mixin.py:188} INFO - [2026-01-27T17:00:29.824+0000] {dag.py:3823} INFO - Setting next_dagrun for tle_api_to_kafka_streaming to 2026-01-27 17:00:00+00:00, run_after=2026-01-27 18:00:00+00:00
[2026-01-27T17:00:29.846+0000] {processor.py:183} INFO - Processing /opt/airflow/dags/airflow_dag_api_to_kafka.py took 0.180 seconds
[2026-01-27T17:00:59.997+0000] {processor.py:161} INFO - Started process (PID=741) to work on /opt/airflow/dags/airflow_dag_api_to_kafka.py
[2026-01-27T17:00:59.999+0000] {processor.py:830} INFO - Processing file /opt/airflow/dags/airflow_dag_api_to_kafka.py for tasks to queue
[2026-01-27T17:01:00.000+0000] {logging_mixin.py:188} INFO - [2026-01-27T17:00:59.999+0000] {dagbag.py:538} INFO - Filling up the DagBag from /opt/airflow/dags/airflow_dag_api_to_kafka.py
[2026-01-27T17:01:00.095+0000] {processor.py:840} INFO - DAG(s) 'tle_api_to_kafka_streaming' retrieved from /opt/airflow/dags/airflow_dag_api_to_kafka.py
[2026-01-27T17:01:00.136+0000] {logging_mixin.py:188} INFO - [2026-01-27T17:01:00.136+0000] {dag.py:3036} INFO - Sync 1 DAGs
[2026-01-27T17:01:00.179+0000] {logging_mixin.py:188} INFO - [2026-01-27T17:01:00.179+0000] {dag.py:3823} INFO - Setting next_dagrun for tle_api_to_kafka_streaming to 2026-01-27 17:00:00+00:00, run_after=2026-01-27 18:00:00+00:00
[2026-01-27T17:01:00.207+0000] {processor.py:183} INFO - Processing /opt/airflow/dags/airflow_dag_api_to_kafka.py took 0.215 seconds
[2026-01-27T17:01:30.364+0000] {processor.py:161} INFO - Started process (PID=746) to work on /opt/airflow/dags/airflow_dag_api_to_kafka.py
[2026-01-27T17:01:30.366+0000] {processor.py:830} INFO - Processing file /opt/airflow/dags/airflow_dag_api_to_kafka.py for tasks to queue
[2026-01-27T17:01:30.368+0000] {logging_mixin.py:188} INFO - [2026-01-27T17:01:30.367+0000] {dagbag.py:538} INFO - Filling up the DagBag from /opt/airflow/dags/airflow_dag_api_to_kafka.py
[2026-01-27T17:01:30.471+0000] {processor.py:840} INFO - DAG(s) 'tle_api_to_kafka_streaming' retrieved from /opt/airflow/dags/airflow_dag_api_to_kafka.py
[2026-01-27T17:01:30.523+0000] {logging_mixin.py:188} INFO - [2026-01-27T17:01:30.523+0000] {dag.py:3036} INFO - Sync 1 DAGs
[2026-01-27T17:01:30.567+0000] {logging_mixin.py:188} INFO - [2026-01-27T17:01:30.567+0000] {dag.py:3823} INFO - Setting next_dagrun for tle_api_to_kafka_streaming to 2026-01-27 17:00:00+00:00, run_after=2026-01-27 18:00:00+00:00
[2026-01-27T17:01:30.598+0000] {processor.py:183} INFO - Processing /opt/airflow/dags/airflow_dag_api_to_kafka.py took 0.238 seconds
[2026-01-27T17:02:00.754+0000] {processor.py:161} INFO - Started process (PID=751) to work on /opt/airflow/dags/airflow_dag_api_to_kafka.py
[2026-01-27T17:02:00.757+0000] {processor.py:830} INFO - Processing file /opt/airflow/dags/airflow_dag_api_to_kafka.py for tasks to queue
[2026-01-27T17:02:00.759+0000] {logging_mixin.py:188} INFO - [2026-01-27T17:02:00.758+0000] {dagbag.py:538} INFO - Filling up the DagBag from /opt/airflow/dags/airflow_dag_api_to_kafka.py
[2026-01-27T17:02:00.859+0000] {processor.py:840} INFO - DAG(s) 'tle_api_to_kafka_streaming' retrieved from /opt/airflow/dags/airflow_dag_api_to_kafka.py
[2026-01-27T17:02:00.910+0000] {logging_mixin.py:188} INFO - [2026-01-27T17:02:00.910+0000] {dag.py:3036} INFO - Sync 1 DAGs
[2026-01-27T17:02:00.957+0000] {logging_mixin.py:188} INFO - [2026-01-27T17:02:00.956+0000] {dag.py:3823} INFO - Setting next_dagrun for tle_api_to_kafka_streaming to 2026-01-27 17:00:00+00:00, run_after=2026-01-27 18:00:00+00:00
[2026-01-27T17:02:00.984+0000] {processor.py:183} INFO - Processing /opt/airflow/dags/airflow_dag_api_to_kafka.py took 0.233 seconds
[2026-01-27T17:02:31.161+0000] {processor.py:161} INFO - Started process (PID=756) to work on /opt/airflow/dags/airflow_dag_api_to_kafka.py
[2026-01-27T17:02:31.164+0000] {processor.py:830} INFO - Processing file /opt/airflow/dags/airflow_dag_api_to_kafka.py for tasks to queue
[2026-01-27T17:02:31.165+0000] {logging_mixin.py:188} INFO - [2026-01-27T17:02:31.165+0000] {dagbag.py:538} INFO - Filling up the DagBag from /opt/airflow/dags/airflow_dag_api_to_kafka.py
[2026-01-27T17:02:31.266+0000] {processor.py:840} INFO - DAG(s) 'tle_api_to_kafka_streaming' retrieved from /opt/airflow/dags/airflow_dag_api_to_kafka.py
[2026-01-27T17:02:31.308+0000] {logging_mixin.py:188} INFO - [2026-01-27T17:02:31.307+0000] {dag.py:3036} INFO - Sync 1 DAGs
[2026-01-27T17:02:31.344+0000] {logging_mixin.py:188} INFO - [2026-01-27T17:02:31.343+0000] {dag.py:3823} INFO - Setting next_dagrun for tle_api_to_kafka_streaming to 2026-01-27 17:00:00+00:00, run_after=2026-01-27 18:00:00+00:00
[2026-01-27T17:02:31.369+0000] {processor.py:183} INFO - Processing /opt/airflow/dags/airflow_dag_api_to_kafka.py took 0.214 seconds
[2026-01-27T17:03:01.536+0000] {processor.py:161} INFO - Started process (PID=761) to work on /opt/airflow/dags/airflow_dag_api_to_kafka.py
[2026-01-27T17:03:01.539+0000] {processor.py:830} INFO - Processing file /opt/airflow/dags/airflow_dag_api_to_kafka.py for tasks to queue
[2026-01-27T17:03:01.541+0000] {logging_mixin.py:188} INFO - [2026-01-27T17:03:01.540+0000] {dagbag.py:538} INFO - Filling up the DagBag from /opt/airflow/dags/airflow_dag_api_to_kafka.py
[2026-01-27T17:03:01.643+0000] {processor.py:840} INFO - DAG(s) 'tle_api_to_kafka_streaming' retrieved from /opt/airflow/dags/airflow_dag_api_to_kafka.py
[2026-01-27T17:03:01.694+0000] {logging_mixin.py:188} INFO - [2026-01-27T17:03:01.694+0000] {dag.py:3036} INFO - Sync 1 DAGs
[2026-01-27T17:03:01.742+0000] {logging_mixin.py:188} INFO - [2026-01-27T17:03:01.742+0000] {dag.py:3823} INFO - Setting next_dagrun for tle_api_to_kafka_streaming to 2026-01-27 17:00:00+00:00, run_after=2026-01-27 18:00:00+00:00
[2026-01-27T17:03:01.771+0000] {processor.py:183} INFO - Processing /opt/airflow/dags/airflow_dag_api_to_kafka.py took 0.240 seconds
[2026-01-27T17:03:31.924+0000] {processor.py:161} INFO - Started process (PID=769) to work on /opt/airflow/dags/airflow_dag_api_to_kafka.py
[2026-01-27T17:03:31.927+0000] {processor.py:830} INFO - Processing file /opt/airflow/dags/airflow_dag_api_to_kafka.py for tasks to queue
[2026-01-27T17:03:31.929+0000] {logging_mixin.py:188} INFO - [2026-01-27T17:03:31.928+0000] {dagbag.py:538} INFO - Filling up the DagBag from /opt/airflow/dags/airflow_dag_api_to_kafka.py
[2026-01-27T17:03:32.030+0000] {processor.py:840} INFO - DAG(s) 'tle_api_to_kafka_streaming' retrieved from /opt/airflow/dags/airflow_dag_api_to_kafka.py
[2026-01-27T17:03:32.079+0000] {logging_mixin.py:188} INFO - [2026-01-27T17:03:32.079+0000] {dag.py:3036} INFO - Sync 1 DAGs
[2026-01-27T17:03:32.123+0000] {logging_mixin.py:188} INFO - [2026-01-27T17:03:32.123+0000] {dag.py:3823} INFO - Setting next_dagrun for tle_api_to_kafka_streaming to 2026-01-27 17:00:00+00:00, run_after=2026-01-27 18:00:00+00:00
[2026-01-27T17:03:32.148+0000] {processor.py:183} INFO - Processing /opt/airflow/dags/airflow_dag_api_to_kafka.py took 0.229 seconds
[2026-01-27T17:04:02.304+0000] {processor.py:161} INFO - Started process (PID=774) to work on /opt/airflow/dags/airflow_dag_api_to_kafka.py
[2026-01-27T17:04:02.307+0000] {processor.py:830} INFO - Processing file /opt/airflow/dags/airflow_dag_api_to_kafka.py for tasks to queue
[2026-01-27T17:04:02.308+0000] {logging_mixin.py:188} INFO - [2026-01-27T17:04:02.308+0000] {dagbag.py:538} INFO - Filling up the DagBag from /opt/airflow/dags/airflow_dag_api_to_kafka.py
[2026-01-27T17:04:02.401+0000] {processor.py:840} INFO - DAG(s) 'tle_api_to_kafka_streaming' retrieved from /opt/airflow/dags/airflow_dag_api_to_kafka.py
[2026-01-27T17:04:02.435+0000] {logging_mixin.py:188} INFO - [2026-01-27T17:04:02.435+0000] {dag.py:3036} INFO - Sync 1 DAGs
[2026-01-27T17:04:02.468+0000] {logging_mixin.py:188} INFO - [2026-01-27T17:04:02.468+0000] {dag.py:3823} INFO - Setting next_dagrun for tle_api_to_kafka_streaming to 2026-01-27 17:00:00+00:00, run_after=2026-01-27 18:00:00+00:00
[2026-01-27T17:04:02.487+0000] {processor.py:183} INFO - Processing /opt/airflow/dags/airflow_dag_api_to_kafka.py took 0.188 seconds
[2026-01-27T17:04:32.646+0000] {processor.py:161} INFO - Started process (PID=779) to work on /opt/airflow/dags/airflow_dag_api_to_kafka.py
[2026-01-27T17:04:32.648+0000] {processor.py:830} INFO - Processing file /opt/airflow/dags/airflow_dag_api_to_kafka.py for tasks to queue
[2026-01-27T17:04:32.649+0000] {logging_mixin.py:188} INFO - [2026-01-27T17:04:32.649+0000] {dagbag.py:538} INFO - Filling up the DagBag from /opt/airflow/dags/airflow_dag_api_to_kafka.py
[2026-01-27T17:04:32.734+0000] {processor.py:840} INFO - DAG(s) 'tle_api_to_kafka_streaming' retrieved from /opt/airflow/dags/airflow_dag_api_to_kafka.py
[2026-01-27T17:04:32.785+0000] {logging_mixin.py:188} INFO - [2026-01-27T17:04:32.785+0000] {dag.py:3036} INFO - Sync 1 DAGs
[2026-01-27T17:04:32.828+0000] {logging_mixin.py:188} INFO - [2026-01-27T17:04:32.827+0000] {dag.py:3823} INFO - Setting next_dagrun for tle_api_to_kafka_streaming to 2026-01-27 17:00:00+00:00, run_after=2026-01-27 18:00:00+00:00
[2026-01-27T17:04:32.851+0000] {processor.py:183} INFO - Processing /opt/airflow/dags/airflow_dag_api_to_kafka.py took 0.210 seconds
[2026-01-27T17:05:03.008+0000] {processor.py:161} INFO - Started process (PID=784) to work on /opt/airflow/dags/airflow_dag_api_to_kafka.py
[2026-01-27T17:05:03.010+0000] {processor.py:830} INFO - Processing file /opt/airflow/dags/airflow_dag_api_to_kafka.py for tasks to queue
[2026-01-27T17:05:03.011+0000] {logging_mixin.py:188} INFO - [2026-01-27T17:05:03.011+0000] {dagbag.py:538} INFO - Filling up the DagBag from /opt/airflow/dags/airflow_dag_api_to_kafka.py
[2026-01-27T17:05:03.074+0000] {processor.py:840} INFO - DAG(s) 'tle_api_to_kafka_streaming' retrieved from /opt/airflow/dags/airflow_dag_api_to_kafka.py
[2026-01-27T17:05:03.105+0000] {logging_mixin.py:188} INFO - [2026-01-27T17:05:03.105+0000] {dag.py:3036} INFO - Sync 1 DAGs
[2026-01-27T17:05:03.139+0000] {logging_mixin.py:188} INFO - [2026-01-27T17:05:03.139+0000] {dag.py:3823} INFO - Setting next_dagrun for tle_api_to_kafka_streaming to 2026-01-27 17:00:00+00:00, run_after=2026-01-27 18:00:00+00:00
[2026-01-27T17:05:03.166+0000] {processor.py:183} INFO - Processing /opt/airflow/dags/airflow_dag_api_to_kafka.py took 0.162 seconds
[2026-01-27T17:05:33.318+0000] {processor.py:161} INFO - Started process (PID=789) to work on /opt/airflow/dags/airflow_dag_api_to_kafka.py
[2026-01-27T17:05:33.320+0000] {processor.py:830} INFO - Processing file /opt/airflow/dags/airflow_dag_api_to_kafka.py for tasks to queue
[2026-01-27T17:05:33.322+0000] {logging_mixin.py:188} INFO - [2026-01-27T17:05:33.321+0000] {dagbag.py:538} INFO - Filling up the DagBag from /opt/airflow/dags/airflow_dag_api_to_kafka.py
[2026-01-27T17:05:33.418+0000] {processor.py:840} INFO - DAG(s) 'tle_api_to_kafka_streaming' retrieved from /opt/airflow/dags/airflow_dag_api_to_kafka.py
[2026-01-27T17:05:33.452+0000] {logging_mixin.py:188} INFO - [2026-01-27T17:05:33.452+0000] {dag.py:3036} INFO - Sync 1 DAGs
[2026-01-27T17:05:33.501+0000] {logging_mixin.py:188} INFO - [2026-01-27T17:05:33.500+0000] {dag.py:3823} INFO - Setting next_dagrun for tle_api_to_kafka_streaming to 2026-01-27 17:00:00+00:00, run_after=2026-01-27 18:00:00+00:00
[2026-01-27T17:05:33.530+0000] {processor.py:183} INFO - Processing /opt/airflow/dags/airflow_dag_api_to_kafka.py took 0.217 seconds
[2026-01-27T17:06:03.680+0000] {processor.py:161} INFO - Started process (PID=794) to work on /opt/airflow/dags/airflow_dag_api_to_kafka.py
[2026-01-27T17:06:03.683+0000] {processor.py:830} INFO - Processing file /opt/airflow/dags/airflow_dag_api_to_kafka.py for tasks to queue
[2026-01-27T17:06:03.683+0000] {logging_mixin.py:188} INFO - [2026-01-27T17:06:03.683+0000] {dagbag.py:538} INFO - Filling up the DagBag from /opt/airflow/dags/airflow_dag_api_to_kafka.py
[2026-01-27T17:06:03.782+0000] {processor.py:840} INFO - DAG(s) 'tle_api_to_kafka_streaming' retrieved from /opt/airflow/dags/airflow_dag_api_to_kafka.py
[2026-01-27T17:06:03.829+0000] {logging_mixin.py:188} INFO - [2026-01-27T17:06:03.829+0000] {dag.py:3036} INFO - Sync 1 DAGs
[2026-01-27T17:06:03.859+0000] {logging_mixin.py:188} INFO - [2026-01-27T17:06:03.859+0000] {dag.py:3823} INFO - Setting next_dagrun for tle_api_to_kafka_streaming to 2026-01-27 17:00:00+00:00, run_after=2026-01-27 18:00:00+00:00
[2026-01-27T17:06:03.879+0000] {processor.py:183} INFO - Processing /opt/airflow/dags/airflow_dag_api_to_kafka.py took 0.202 seconds
[2026-01-27T17:06:34.037+0000] {processor.py:161} INFO - Started process (PID=802) to work on /opt/airflow/dags/airflow_dag_api_to_kafka.py
[2026-01-27T17:06:34.040+0000] {processor.py:830} INFO - Processing file /opt/airflow/dags/airflow_dag_api_to_kafka.py for tasks to queue
[2026-01-27T17:06:34.040+0000] {logging_mixin.py:188} INFO - [2026-01-27T17:06:34.040+0000] {dagbag.py:538} INFO - Filling up the DagBag from /opt/airflow/dags/airflow_dag_api_to_kafka.py
[2026-01-27T17:06:34.133+0000] {processor.py:840} INFO - DAG(s) 'tle_api_to_kafka_streaming' retrieved from /opt/airflow/dags/airflow_dag_api_to_kafka.py
[2026-01-27T17:06:34.176+0000] {logging_mixin.py:188} INFO - [2026-01-27T17:06:34.176+0000] {dag.py:3036} INFO - Sync 1 DAGs
[2026-01-27T17:06:34.229+0000] {logging_mixin.py:188} INFO - [2026-01-27T17:06:34.229+0000] {dag.py:3823} INFO - Setting next_dagrun for tle_api_to_kafka_streaming to 2026-01-27 17:00:00+00:00, run_after=2026-01-27 18:00:00+00:00
[2026-01-27T17:06:34.251+0000] {processor.py:183} INFO - Processing /opt/airflow/dags/airflow_dag_api_to_kafka.py took 0.217 seconds
[2026-01-27T17:07:04.406+0000] {processor.py:161} INFO - Started process (PID=807) to work on /opt/airflow/dags/airflow_dag_api_to_kafka.py
[2026-01-27T17:07:04.409+0000] {processor.py:830} INFO - Processing file /opt/airflow/dags/airflow_dag_api_to_kafka.py for tasks to queue
[2026-01-27T17:07:04.410+0000] {logging_mixin.py:188} INFO - [2026-01-27T17:07:04.410+0000] {dagbag.py:538} INFO - Filling up the DagBag from /opt/airflow/dags/airflow_dag_api_to_kafka.py
[2026-01-27T17:07:04.510+0000] {processor.py:840} INFO - DAG(s) 'tle_api_to_kafka_streaming' retrieved from /opt/airflow/dags/airflow_dag_api_to_kafka.py
[2026-01-27T17:07:04.553+0000] {logging_mixin.py:188} INFO - [2026-01-27T17:07:04.553+0000] {dag.py:3036} INFO - Sync 1 DAGs
[2026-01-27T17:07:04.865+0000] {logging_mixin.py:188} INFO - [2026-01-27T17:07:04.865+0000] {dag.py:3823} INFO - Setting next_dagrun for tle_api_to_kafka_streaming to 2026-01-27 17:00:00+00:00, run_after=2026-01-27 18:00:00+00:00
[2026-01-27T17:07:04.888+0000] {processor.py:183} INFO - Processing /opt/airflow/dags/airflow_dag_api_to_kafka.py took 0.487 seconds
[2026-01-27T17:07:35.059+0000] {processor.py:161} INFO - Started process (PID=812) to work on /opt/airflow/dags/airflow_dag_api_to_kafka.py
[2026-01-27T17:07:35.060+0000] {processor.py:830} INFO - Processing file /opt/airflow/dags/airflow_dag_api_to_kafka.py for tasks to queue
[2026-01-27T17:07:35.060+0000] {logging_mixin.py:188} INFO - [2026-01-27T17:07:35.060+0000] {dagbag.py:538} INFO - Filling up the DagBag from /opt/airflow/dags/airflow_dag_api_to_kafka.py
[2026-01-27T17:07:35.143+0000] {processor.py:840} INFO - DAG(s) 'tle_api_to_kafka_streaming' retrieved from /opt/airflow/dags/airflow_dag_api_to_kafka.py
[2026-01-27T17:07:35.184+0000] {logging_mixin.py:188} INFO - [2026-01-27T17:07:35.184+0000] {dag.py:3036} INFO - Sync 1 DAGs
[2026-01-27T17:07:35.216+0000] {logging_mixin.py:188} INFO - [2026-01-27T17:07:35.215+0000] {dag.py:3823} INFO - Setting next_dagrun for tle_api_to_kafka_streaming to 2026-01-27 17:00:00+00:00, run_after=2026-01-27 18:00:00+00:00
[2026-01-27T17:07:35.244+0000] {processor.py:183} INFO - Processing /opt/airflow/dags/airflow_dag_api_to_kafka.py took 0.188 seconds
[2026-01-27T17:08:05.411+0000] {processor.py:161} INFO - Started process (PID=817) to work on /opt/airflow/dags/airflow_dag_api_to_kafka.py
[2026-01-27T17:08:05.414+0000] {processor.py:830} INFO - Processing file /opt/airflow/dags/airflow_dag_api_to_kafka.py for tasks to queue
[2026-01-27T17:08:05.415+0000] {logging_mixin.py:188} INFO - [2026-01-27T17:08:05.415+0000] {dagbag.py:538} INFO - Filling up the DagBag from /opt/airflow/dags/airflow_dag_api_to_kafka.py
[2026-01-27T17:08:05.504+0000] {processor.py:840} INFO - DAG(s) 'tle_api_to_kafka_streaming' retrieved from /opt/airflow/dags/airflow_dag_api_to_kafka.py
[2026-01-27T17:08:05.556+0000] {logging_mixin.py:188} INFO - [2026-01-27T17:08:05.556+0000] {dag.py:3036} INFO - Sync 1 DAGs
[2026-01-27T17:08:05.588+0000] {logging_mixin.py:188} INFO - [2026-01-27T17:08:05.587+0000] {dag.py:3823} INFO - Setting next_dagrun for tle_api_to_kafka_streaming to 2026-01-27 17:00:00+00:00, run_after=2026-01-27 18:00:00+00:00
[2026-01-27T17:08:05.607+0000] {processor.py:183} INFO - Processing /opt/airflow/dags/airflow_dag_api_to_kafka.py took 0.201 seconds
[2026-01-27T17:08:35.768+0000] {processor.py:161} INFO - Started process (PID=822) to work on /opt/airflow/dags/airflow_dag_api_to_kafka.py
[2026-01-27T17:08:35.771+0000] {processor.py:830} INFO - Processing file /opt/airflow/dags/airflow_dag_api_to_kafka.py for tasks to queue
[2026-01-27T17:08:35.773+0000] {logging_mixin.py:188} INFO - [2026-01-27T17:08:35.772+0000] {dagbag.py:538} INFO - Filling up the DagBag from /opt/airflow/dags/airflow_dag_api_to_kafka.py
[2026-01-27T17:08:35.844+0000] {processor.py:840} INFO - DAG(s) 'tle_api_to_kafka_streaming' retrieved from /opt/airflow/dags/airflow_dag_api_to_kafka.py
[2026-01-27T17:08:35.895+0000] {logging_mixin.py:188} INFO - [2026-01-27T17:08:35.895+0000] {dag.py:3036} INFO - Sync 1 DAGs
[2026-01-27T17:08:36.199+0000] {logging_mixin.py:188} INFO - [2026-01-27T17:08:36.199+0000] {dag.py:3823} INFO - Setting next_dagrun for tle_api_to_kafka_streaming to 2026-01-27 17:00:00+00:00, run_after=2026-01-27 18:00:00+00:00
[2026-01-27T17:08:36.224+0000] {processor.py:183} INFO - Processing /opt/airflow/dags/airflow_dag_api_to_kafka.py took 0.461 seconds
[2026-01-27T17:09:06.398+0000] {processor.py:161} INFO - Started process (PID=827) to work on /opt/airflow/dags/airflow_dag_api_to_kafka.py
[2026-01-27T17:09:06.401+0000] {processor.py:830} INFO - Processing file /opt/airflow/dags/airflow_dag_api_to_kafka.py for tasks to queue
[2026-01-27T17:09:06.402+0000] {logging_mixin.py:188} INFO - [2026-01-27T17:09:06.401+0000] {dagbag.py:538} INFO - Filling up the DagBag from /opt/airflow/dags/airflow_dag_api_to_kafka.py
[2026-01-27T17:09:06.491+0000] {processor.py:840} INFO - DAG(s) 'tle_api_to_kafka_streaming' retrieved from /opt/airflow/dags/airflow_dag_api_to_kafka.py
[2026-01-27T17:09:06.779+0000] {logging_mixin.py:188} INFO - [2026-01-27T17:09:06.779+0000] {dag.py:3036} INFO - Sync 1 DAGs
[2026-01-27T17:09:06.820+0000] {logging_mixin.py:188} INFO - [2026-01-27T17:09:06.820+0000] {dag.py:3823} INFO - Setting next_dagrun for tle_api_to_kafka_streaming to 2026-01-27 17:00:00+00:00, run_after=2026-01-27 18:00:00+00:00
[2026-01-27T17:09:06.846+0000] {processor.py:183} INFO - Processing /opt/airflow/dags/airflow_dag_api_to_kafka.py took 0.452 seconds
[2026-01-27T17:09:37.006+0000] {processor.py:161} INFO - Started process (PID=832) to work on /opt/airflow/dags/airflow_dag_api_to_kafka.py
[2026-01-27T17:09:37.007+0000] {processor.py:830} INFO - Processing file /opt/airflow/dags/airflow_dag_api_to_kafka.py for tasks to queue
[2026-01-27T17:09:37.008+0000] {logging_mixin.py:188} INFO - [2026-01-27T17:09:37.007+0000] {dagbag.py:538} INFO - Filling up the DagBag from /opt/airflow/dags/airflow_dag_api_to_kafka.py
[2026-01-27T17:09:37.067+0000] {processor.py:840} INFO - DAG(s) 'tle_api_to_kafka_streaming' retrieved from /opt/airflow/dags/airflow_dag_api_to_kafka.py
[2026-01-27T17:09:37.099+0000] {logging_mixin.py:188} INFO - [2026-01-27T17:09:37.098+0000] {dag.py:3036} INFO - Sync 1 DAGs
[2026-01-27T17:09:37.128+0000] {logging_mixin.py:188} INFO - [2026-01-27T17:09:37.128+0000] {dag.py:3823} INFO - Setting next_dagrun for tle_api_to_kafka_streaming to 2026-01-27 17:00:00+00:00, run_after=2026-01-27 18:00:00+00:00
[2026-01-27T17:09:37.150+0000] {processor.py:183} INFO - Processing /opt/airflow/dags/airflow_dag_api_to_kafka.py took 0.148 seconds
[2026-01-27T17:10:07.297+0000] {processor.py:161} INFO - Started process (PID=837) to work on /opt/airflow/dags/airflow_dag_api_to_kafka.py
[2026-01-27T17:10:07.298+0000] {processor.py:830} INFO - Processing file /opt/airflow/dags/airflow_dag_api_to_kafka.py for tasks to queue
[2026-01-27T17:10:07.299+0000] {logging_mixin.py:188} INFO - [2026-01-27T17:10:07.298+0000] {dagbag.py:538} INFO - Filling up the DagBag from /opt/airflow/dags/airflow_dag_api_to_kafka.py
[2026-01-27T17:10:07.369+0000] {processor.py:840} INFO - DAG(s) 'tle_api_to_kafka_streaming' retrieved from /opt/airflow/dags/airflow_dag_api_to_kafka.py
[2026-01-27T17:10:07.409+0000] {logging_mixin.py:188} INFO - [2026-01-27T17:10:07.409+0000] {dag.py:3036} INFO - Sync 1 DAGs
[2026-01-27T17:10:07.714+0000] {logging_mixin.py:188} INFO - [2026-01-27T17:10:07.714+0000] {dag.py:3823} INFO - Setting next_dagrun for tle_api_to_kafka_streaming to 2026-01-27 17:00:00+00:00, run_after=2026-01-27 18:00:00+00:00
[2026-01-27T17:10:07.744+0000] {processor.py:183} INFO - Processing /opt/airflow/dags/airflow_dag_api_to_kafka.py took 0.451 seconds
[2026-01-27T17:10:37.902+0000] {processor.py:161} INFO - Started process (PID=842) to work on /opt/airflow/dags/airflow_dag_api_to_kafka.py
[2026-01-27T17:10:37.904+0000] {processor.py:830} INFO - Processing file /opt/airflow/dags/airflow_dag_api_to_kafka.py for tasks to queue
[2026-01-27T17:10:37.905+0000] {logging_mixin.py:188} INFO - [2026-01-27T17:10:37.904+0000] {dagbag.py:538} INFO - Filling up the DagBag from /opt/airflow/dags/airflow_dag_api_to_kafka.py
[2026-01-27T17:10:37.978+0000] {processor.py:840} INFO - DAG(s) 'tle_api_to_kafka_streaming' retrieved from /opt/airflow/dags/airflow_dag_api_to_kafka.py
[2026-01-27T17:10:38.279+0000] {logging_mixin.py:188} INFO - [2026-01-27T17:10:38.279+0000] {dag.py:3036} INFO - Sync 1 DAGs
[2026-01-27T17:10:38.322+0000] {logging_mixin.py:188} INFO - [2026-01-27T17:10:38.321+0000] {dag.py:3823} INFO - Setting next_dagrun for tle_api_to_kafka_streaming to 2026-01-27 17:00:00+00:00, run_after=2026-01-27 18:00:00+00:00
[2026-01-27T17:10:38.344+0000] {processor.py:183} INFO - Processing /opt/airflow/dags/airflow_dag_api_to_kafka.py took 0.446 seconds
[2026-01-27T17:11:08.513+0000] {processor.py:161} INFO - Started process (PID=847) to work on /opt/airflow/dags/airflow_dag_api_to_kafka.py
[2026-01-27T17:11:08.515+0000] {processor.py:830} INFO - Processing file /opt/airflow/dags/airflow_dag_api_to_kafka.py for tasks to queue
[2026-01-27T17:11:08.516+0000] {logging_mixin.py:188} INFO - [2026-01-27T17:11:08.515+0000] {dagbag.py:538} INFO - Filling up the DagBag from /opt/airflow/dags/airflow_dag_api_to_kafka.py
[2026-01-27T17:11:08.591+0000] {processor.py:840} INFO - DAG(s) 'tle_api_to_kafka_streaming' retrieved from /opt/airflow/dags/airflow_dag_api_to_kafka.py
[2026-01-27T17:11:08.630+0000] {logging_mixin.py:188} INFO - [2026-01-27T17:11:08.630+0000] {dag.py:3036} INFO - Sync 1 DAGs
[2026-01-27T17:11:08.677+0000] {logging_mixin.py:188} INFO - [2026-01-27T17:11:08.677+0000] {dag.py:3823} INFO - Setting next_dagrun for tle_api_to_kafka_streaming to 2026-01-27 17:00:00+00:00, run_after=2026-01-27 18:00:00+00:00
[2026-01-27T17:11:08.710+0000] {processor.py:183} INFO - Processing /opt/airflow/dags/airflow_dag_api_to_kafka.py took 0.201 seconds
[2026-01-27T17:11:38.863+0000] {processor.py:161} INFO - Started process (PID=852) to work on /opt/airflow/dags/airflow_dag_api_to_kafka.py
[2026-01-27T17:11:38.865+0000] {processor.py:830} INFO - Processing file /opt/airflow/dags/airflow_dag_api_to_kafka.py for tasks to queue
[2026-01-27T17:11:38.867+0000] {logging_mixin.py:188} INFO - [2026-01-27T17:11:38.866+0000] {dagbag.py:538} INFO - Filling up the DagBag from /opt/airflow/dags/airflow_dag_api_to_kafka.py
[2026-01-27T17:11:38.954+0000] {processor.py:840} INFO - DAG(s) 'tle_api_to_kafka_streaming' retrieved from /opt/airflow/dags/airflow_dag_api_to_kafka.py
[2026-01-27T17:11:39.007+0000] {logging_mixin.py:188} INFO - [2026-01-27T17:11:39.007+0000] {dag.py:3036} INFO - Sync 1 DAGs
[2026-01-27T17:11:39.314+0000] {logging_mixin.py:188} INFO - [2026-01-27T17:11:39.313+0000] {dag.py:3823} INFO - Setting next_dagrun for tle_api_to_kafka_streaming to 2026-01-27 17:00:00+00:00, run_after=2026-01-27 18:00:00+00:00
[2026-01-27T17:11:39.341+0000] {processor.py:183} INFO - Processing /opt/airflow/dags/airflow_dag_api_to_kafka.py took 0.484 seconds
[2026-01-27T17:12:09.505+0000] {processor.py:161} INFO - Started process (PID=857) to work on /opt/airflow/dags/airflow_dag_api_to_kafka.py
[2026-01-27T17:12:09.507+0000] {processor.py:830} INFO - Processing file /opt/airflow/dags/airflow_dag_api_to_kafka.py for tasks to queue
[2026-01-27T17:12:09.508+0000] {logging_mixin.py:188} INFO - [2026-01-27T17:12:09.508+0000] {dagbag.py:538} INFO - Filling up the DagBag from /opt/airflow/dags/airflow_dag_api_to_kafka.py
[2026-01-27T17:12:09.587+0000] {processor.py:840} INFO - DAG(s) 'tle_api_to_kafka_streaming' retrieved from /opt/airflow/dags/airflow_dag_api_to_kafka.py
[2026-01-27T17:12:09.890+0000] {logging_mixin.py:188} INFO - [2026-01-27T17:12:09.889+0000] {dag.py:3036} INFO - Sync 1 DAGs
[2026-01-27T17:12:09.931+0000] {logging_mixin.py:188} INFO - [2026-01-27T17:12:09.931+0000] {dag.py:3823} INFO - Setting next_dagrun for tle_api_to_kafka_streaming to 2026-01-27 17:00:00+00:00, run_after=2026-01-27 18:00:00+00:00
[2026-01-27T17:12:09.957+0000] {processor.py:183} INFO - Processing /opt/airflow/dags/airflow_dag_api_to_kafka.py took 0.456 seconds
[2026-01-27T17:12:40.129+0000] {processor.py:161} INFO - Started process (PID=862) to work on /opt/airflow/dags/airflow_dag_api_to_kafka.py
[2026-01-27T17:12:40.131+0000] {processor.py:830} INFO - Processing file /opt/airflow/dags/airflow_dag_api_to_kafka.py for tasks to queue
[2026-01-27T17:12:40.132+0000] {logging_mixin.py:188} INFO - [2026-01-27T17:12:40.132+0000] {dagbag.py:538} INFO - Filling up the DagBag from /opt/airflow/dags/airflow_dag_api_to_kafka.py
[2026-01-27T17:12:40.401+0000] {processor.py:840} INFO - DAG(s) 'tle_api_to_kafka_streaming' retrieved from /opt/airflow/dags/airflow_dag_api_to_kafka.py
[2026-01-27T17:12:40.439+0000] {logging_mixin.py:188} INFO - [2026-01-27T17:12:40.439+0000] {dag.py:3036} INFO - Sync 1 DAGs
[2026-01-27T17:12:40.475+0000] {logging_mixin.py:188} INFO - [2026-01-27T17:12:40.475+0000] {dag.py:3823} INFO - Setting next_dagrun for tle_api_to_kafka_streaming to 2026-01-27 17:00:00+00:00, run_after=2026-01-27 18:00:00+00:00
[2026-01-27T17:12:40.504+0000] {processor.py:183} INFO - Processing /opt/airflow/dags/airflow_dag_api_to_kafka.py took 0.380 seconds
[2026-01-27T17:13:10.676+0000] {processor.py:161} INFO - Started process (PID=867) to work on /opt/airflow/dags/airflow_dag_api_to_kafka.py
[2026-01-27T17:13:10.679+0000] {processor.py:830} INFO - Processing file /opt/airflow/dags/airflow_dag_api_to_kafka.py for tasks to queue
[2026-01-27T17:13:10.680+0000] {logging_mixin.py:188} INFO - [2026-01-27T17:13:10.680+0000] {dagbag.py:538} INFO - Filling up the DagBag from /opt/airflow/dags/airflow_dag_api_to_kafka.py
[2026-01-27T17:13:10.769+0000] {processor.py:840} INFO - DAG(s) 'tle_api_to_kafka_streaming' retrieved from /opt/airflow/dags/airflow_dag_api_to_kafka.py
[2026-01-27T17:13:10.818+0000] {logging_mixin.py:188} INFO - [2026-01-27T17:13:10.818+0000] {dag.py:3036} INFO - Sync 1 DAGs
[2026-01-27T17:13:11.076+0000] {logging_mixin.py:188} INFO - [2026-01-27T17:13:11.076+0000] {dag.py:3823} INFO - Setting next_dagrun for tle_api_to_kafka_streaming to 2026-01-27 17:00:00+00:00, run_after=2026-01-27 18:00:00+00:00
[2026-01-27T17:13:11.097+0000] {processor.py:183} INFO - Processing /opt/airflow/dags/airflow_dag_api_to_kafka.py took 0.425 seconds
[2026-01-27T17:13:41.263+0000] {processor.py:161} INFO - Started process (PID=872) to work on /opt/airflow/dags/airflow_dag_api_to_kafka.py
[2026-01-27T17:13:41.266+0000] {processor.py:830} INFO - Processing file /opt/airflow/dags/airflow_dag_api_to_kafka.py for tasks to queue
[2026-01-27T17:13:41.268+0000] {logging_mixin.py:188} INFO - [2026-01-27T17:13:41.267+0000] {dagbag.py:538} INFO - Filling up the DagBag from /opt/airflow/dags/airflow_dag_api_to_kafka.py
[2026-01-27T17:13:41.359+0000] {processor.py:840} INFO - DAG(s) 'tle_api_to_kafka_streaming' retrieved from /opt/airflow/dags/airflow_dag_api_to_kafka.py
[2026-01-27T17:13:41.659+0000] {logging_mixin.py:188} INFO - [2026-01-27T17:13:41.658+0000] {dag.py:3036} INFO - Sync 1 DAGs
[2026-01-27T17:13:41.692+0000] {logging_mixin.py:188} INFO - [2026-01-27T17:13:41.692+0000] {dag.py:3823} INFO - Setting next_dagrun for tle_api_to_kafka_streaming to 2026-01-27 17:00:00+00:00, run_after=2026-01-27 18:00:00+00:00
[2026-01-27T17:13:41.708+0000] {processor.py:183} INFO - Processing /opt/airflow/dags/airflow_dag_api_to_kafka.py took 0.450 seconds
[2026-01-27T17:14:11.866+0000] {processor.py:161} INFO - Started process (PID=877) to work on /opt/airflow/dags/airflow_dag_api_to_kafka.py
[2026-01-27T17:14:11.867+0000] {processor.py:830} INFO - Processing file /opt/airflow/dags/airflow_dag_api_to_kafka.py for tasks to queue
[2026-01-27T17:14:11.869+0000] {logging_mixin.py:188} INFO - [2026-01-27T17:14:11.868+0000] {dagbag.py:538} INFO - Filling up the DagBag from /opt/airflow/dags/airflow_dag_api_to_kafka.py
[2026-01-27T17:14:12.156+0000] {processor.py:840} INFO - DAG(s) 'tle_api_to_kafka_streaming' retrieved from /opt/airflow/dags/airflow_dag_api_to_kafka.py
[2026-01-27T17:14:12.188+0000] {logging_mixin.py:188} INFO - [2026-01-27T17:14:12.188+0000] {dag.py:3036} INFO - Sync 1 DAGs
[2026-01-27T17:14:12.225+0000] {logging_mixin.py:188} INFO - [2026-01-27T17:14:12.225+0000] {dag.py:3823} INFO - Setting next_dagrun for tle_api_to_kafka_streaming to 2026-01-27 17:00:00+00:00, run_after=2026-01-27 18:00:00+00:00
[2026-01-27T17:14:12.256+0000] {processor.py:183} INFO - Processing /opt/airflow/dags/airflow_dag_api_to_kafka.py took 0.393 seconds
[2026-01-27T17:14:42.396+0000] {processor.py:161} INFO - Started process (PID=882) to work on /opt/airflow/dags/airflow_dag_api_to_kafka.py
[2026-01-27T17:14:42.398+0000] {processor.py:830} INFO - Processing file /opt/airflow/dags/airflow_dag_api_to_kafka.py for tasks to queue
[2026-01-27T17:14:42.399+0000] {logging_mixin.py:188} INFO - [2026-01-27T17:14:42.398+0000] {dagbag.py:538} INFO - Filling up the DagBag from /opt/airflow/dags/airflow_dag_api_to_kafka.py
[2026-01-27T17:14:42.673+0000] {processor.py:840} INFO - DAG(s) 'tle_api_to_kafka_streaming' retrieved from /opt/airflow/dags/airflow_dag_api_to_kafka.py
[2026-01-27T17:14:42.708+0000] {logging_mixin.py:188} INFO - [2026-01-27T17:14:42.707+0000] {dag.py:3036} INFO - Sync 1 DAGs
[2026-01-27T17:14:42.742+0000] {logging_mixin.py:188} INFO - [2026-01-27T17:14:42.741+0000] {dag.py:3823} INFO - Setting next_dagrun for tle_api_to_kafka_streaming to 2026-01-27 17:00:00+00:00, run_after=2026-01-27 18:00:00+00:00
[2026-01-27T17:14:42.766+0000] {processor.py:183} INFO - Processing /opt/airflow/dags/airflow_dag_api_to_kafka.py took 0.374 seconds
