[2026-01-29T03:19:20.288+0000] {processor.py:161} INFO - Started process (PID=9404) to work on /opt/airflow/dags/airflow_dag_spark_streaming.py
[2026-01-29T03:19:20.297+0000] {processor.py:830} INFO - Processing file /opt/airflow/dags/airflow_dag_spark_streaming.py for tasks to queue
[2026-01-29T03:19:20.301+0000] {logging_mixin.py:188} INFO - [2026-01-29T03:19:20.299+0000] {dagbag.py:538} INFO - Filling up the DagBag from /opt/airflow/dags/airflow_dag_spark_streaming.py
[2026-01-29T03:19:20.331+0000] {processor.py:840} INFO - DAG(s) 'spark_sgp4_streaming' retrieved from /opt/airflow/dags/airflow_dag_spark_streaming.py
[2026-01-29T03:19:20.398+0000] {logging_mixin.py:188} INFO - [2026-01-29T03:19:20.397+0000] {dag.py:3036} INFO - Sync 1 DAGs
[2026-01-29T03:19:20.431+0000] {logging_mixin.py:188} INFO - [2026-01-29T03:19:20.431+0000] {dag.py:3823} INFO - Setting next_dagrun for spark_sgp4_streaming to None, run_after=None
[2026-01-29T03:19:20.471+0000] {processor.py:183} INFO - Processing /opt/airflow/dags/airflow_dag_spark_streaming.py took 0.211 seconds
[2026-01-29T03:19:50.636+0000] {processor.py:161} INFO - Started process (PID=9420) to work on /opt/airflow/dags/airflow_dag_spark_streaming.py
[2026-01-29T03:19:50.637+0000] {processor.py:830} INFO - Processing file /opt/airflow/dags/airflow_dag_spark_streaming.py for tasks to queue
[2026-01-29T03:19:50.638+0000] {logging_mixin.py:188} INFO - [2026-01-29T03:19:50.637+0000] {dagbag.py:538} INFO - Filling up the DagBag from /opt/airflow/dags/airflow_dag_spark_streaming.py
[2026-01-29T03:19:50.655+0000] {processor.py:840} INFO - DAG(s) 'spark_sgp4_streaming' retrieved from /opt/airflow/dags/airflow_dag_spark_streaming.py
[2026-01-29T03:19:50.702+0000] {logging_mixin.py:188} INFO - [2026-01-29T03:19:50.702+0000] {dag.py:3036} INFO - Sync 1 DAGs
[2026-01-29T03:19:50.724+0000] {logging_mixin.py:188} INFO - [2026-01-29T03:19:50.724+0000] {dag.py:3823} INFO - Setting next_dagrun for spark_sgp4_streaming to None, run_after=None
[2026-01-29T03:19:50.746+0000] {processor.py:183} INFO - Processing /opt/airflow/dags/airflow_dag_spark_streaming.py took 0.115 seconds
[2026-01-29T03:20:20.888+0000] {processor.py:161} INFO - Started process (PID=9436) to work on /opt/airflow/dags/airflow_dag_spark_streaming.py
[2026-01-29T03:20:20.889+0000] {processor.py:830} INFO - Processing file /opt/airflow/dags/airflow_dag_spark_streaming.py for tasks to queue
[2026-01-29T03:20:20.891+0000] {logging_mixin.py:188} INFO - [2026-01-29T03:20:20.890+0000] {dagbag.py:538} INFO - Filling up the DagBag from /opt/airflow/dags/airflow_dag_spark_streaming.py
[2026-01-29T03:20:20.921+0000] {processor.py:840} INFO - DAG(s) 'spark_sgp4_streaming' retrieved from /opt/airflow/dags/airflow_dag_spark_streaming.py
[2026-01-29T03:20:20.983+0000] {logging_mixin.py:188} INFO - [2026-01-29T03:20:20.983+0000] {dag.py:3036} INFO - Sync 1 DAGs
[2026-01-29T03:20:21.012+0000] {logging_mixin.py:188} INFO - [2026-01-29T03:20:21.011+0000] {dag.py:3823} INFO - Setting next_dagrun for spark_sgp4_streaming to None, run_after=None
[2026-01-29T03:20:21.037+0000] {processor.py:183} INFO - Processing /opt/airflow/dags/airflow_dag_spark_streaming.py took 0.157 seconds
[2026-01-29T03:20:51.164+0000] {processor.py:161} INFO - Started process (PID=9446) to work on /opt/airflow/dags/airflow_dag_spark_streaming.py
[2026-01-29T03:20:51.164+0000] {processor.py:830} INFO - Processing file /opt/airflow/dags/airflow_dag_spark_streaming.py for tasks to queue
[2026-01-29T03:20:51.165+0000] {logging_mixin.py:188} INFO - [2026-01-29T03:20:51.165+0000] {dagbag.py:538} INFO - Filling up the DagBag from /opt/airflow/dags/airflow_dag_spark_streaming.py
[2026-01-29T03:20:51.177+0000] {processor.py:840} INFO - DAG(s) 'spark_sgp4_streaming' retrieved from /opt/airflow/dags/airflow_dag_spark_streaming.py
[2026-01-29T03:20:51.208+0000] {logging_mixin.py:188} INFO - [2026-01-29T03:20:51.208+0000] {dag.py:3036} INFO - Sync 1 DAGs
[2026-01-29T03:20:51.223+0000] {logging_mixin.py:188} INFO - [2026-01-29T03:20:51.223+0000] {dag.py:3823} INFO - Setting next_dagrun for spark_sgp4_streaming to None, run_after=None
[2026-01-29T03:20:51.240+0000] {processor.py:183} INFO - Processing /opt/airflow/dags/airflow_dag_spark_streaming.py took 0.081 seconds
[2026-01-29T03:21:21.420+0000] {processor.py:161} INFO - Started process (PID=9456) to work on /opt/airflow/dags/airflow_dag_spark_streaming.py
[2026-01-29T03:21:21.422+0000] {processor.py:830} INFO - Processing file /opt/airflow/dags/airflow_dag_spark_streaming.py for tasks to queue
[2026-01-29T03:21:21.424+0000] {logging_mixin.py:188} INFO - [2026-01-29T03:21:21.423+0000] {dagbag.py:538} INFO - Filling up the DagBag from /opt/airflow/dags/airflow_dag_spark_streaming.py
[2026-01-29T03:21:21.450+0000] {processor.py:840} INFO - DAG(s) 'spark_sgp4_streaming' retrieved from /opt/airflow/dags/airflow_dag_spark_streaming.py
[2026-01-29T03:21:21.523+0000] {logging_mixin.py:188} INFO - [2026-01-29T03:21:21.522+0000] {dag.py:3036} INFO - Sync 1 DAGs
[2026-01-29T03:21:21.551+0000] {logging_mixin.py:188} INFO - [2026-01-29T03:21:21.551+0000] {dag.py:3823} INFO - Setting next_dagrun for spark_sgp4_streaming to None, run_after=None
[2026-01-29T03:21:21.584+0000] {processor.py:183} INFO - Processing /opt/airflow/dags/airflow_dag_spark_streaming.py took 0.172 seconds
[2026-01-29T03:21:51.810+0000] {processor.py:161} INFO - Started process (PID=9466) to work on /opt/airflow/dags/airflow_dag_spark_streaming.py
[2026-01-29T03:21:51.813+0000] {processor.py:830} INFO - Processing file /opt/airflow/dags/airflow_dag_spark_streaming.py for tasks to queue
[2026-01-29T03:21:51.817+0000] {logging_mixin.py:188} INFO - [2026-01-29T03:21:51.814+0000] {dagbag.py:538} INFO - Filling up the DagBag from /opt/airflow/dags/airflow_dag_spark_streaming.py
[2026-01-29T03:21:51.870+0000] {processor.py:840} INFO - DAG(s) 'spark_sgp4_streaming' retrieved from /opt/airflow/dags/airflow_dag_spark_streaming.py
[2026-01-29T03:21:51.968+0000] {logging_mixin.py:188} INFO - [2026-01-29T03:21:51.968+0000] {dag.py:3036} INFO - Sync 1 DAGs
[2026-01-29T03:21:52.014+0000] {logging_mixin.py:188} INFO - [2026-01-29T03:21:52.014+0000] {dag.py:3823} INFO - Setting next_dagrun for spark_sgp4_streaming to None, run_after=None
[2026-01-29T03:21:52.056+0000] {processor.py:183} INFO - Processing /opt/airflow/dags/airflow_dag_spark_streaming.py took 0.262 seconds
[2026-01-29T03:22:22.255+0000] {processor.py:161} INFO - Started process (PID=9497) to work on /opt/airflow/dags/airflow_dag_spark_streaming.py
[2026-01-29T03:22:22.256+0000] {processor.py:830} INFO - Processing file /opt/airflow/dags/airflow_dag_spark_streaming.py for tasks to queue
[2026-01-29T03:22:22.258+0000] {logging_mixin.py:188} INFO - [2026-01-29T03:22:22.257+0000] {dagbag.py:538} INFO - Filling up the DagBag from /opt/airflow/dags/airflow_dag_spark_streaming.py
[2026-01-29T03:22:22.285+0000] {processor.py:840} INFO - DAG(s) 'spark_sgp4_streaming' retrieved from /opt/airflow/dags/airflow_dag_spark_streaming.py
[2026-01-29T03:22:22.362+0000] {logging_mixin.py:188} INFO - [2026-01-29T03:22:22.362+0000] {dag.py:3036} INFO - Sync 1 DAGs
[2026-01-29T03:22:22.396+0000] {logging_mixin.py:188} INFO - [2026-01-29T03:22:22.395+0000] {dag.py:3823} INFO - Setting next_dagrun for spark_sgp4_streaming to None, run_after=None
[2026-01-29T03:22:22.438+0000] {processor.py:183} INFO - Processing /opt/airflow/dags/airflow_dag_spark_streaming.py took 0.190 seconds
[2026-01-29T03:22:52.625+0000] {processor.py:161} INFO - Started process (PID=9507) to work on /opt/airflow/dags/airflow_dag_spark_streaming.py
[2026-01-29T03:22:52.627+0000] {processor.py:830} INFO - Processing file /opt/airflow/dags/airflow_dag_spark_streaming.py for tasks to queue
[2026-01-29T03:22:52.628+0000] {logging_mixin.py:188} INFO - [2026-01-29T03:22:52.628+0000] {dagbag.py:538} INFO - Filling up the DagBag from /opt/airflow/dags/airflow_dag_spark_streaming.py
[2026-01-29T03:22:52.654+0000] {processor.py:840} INFO - DAG(s) 'spark_sgp4_streaming' retrieved from /opt/airflow/dags/airflow_dag_spark_streaming.py
[2026-01-29T03:22:52.715+0000] {logging_mixin.py:188} INFO - [2026-01-29T03:22:52.714+0000] {dag.py:3036} INFO - Sync 1 DAGs
[2026-01-29T03:22:52.742+0000] {logging_mixin.py:188} INFO - [2026-01-29T03:22:52.741+0000] {dag.py:3823} INFO - Setting next_dagrun for spark_sgp4_streaming to None, run_after=None
[2026-01-29T03:22:52.781+0000] {processor.py:183} INFO - Processing /opt/airflow/dags/airflow_dag_spark_streaming.py took 0.163 seconds
[2026-01-29T03:23:22.975+0000] {processor.py:161} INFO - Started process (PID=9517) to work on /opt/airflow/dags/airflow_dag_spark_streaming.py
[2026-01-29T03:23:22.978+0000] {processor.py:830} INFO - Processing file /opt/airflow/dags/airflow_dag_spark_streaming.py for tasks to queue
[2026-01-29T03:23:22.980+0000] {logging_mixin.py:188} INFO - [2026-01-29T03:23:22.979+0000] {dagbag.py:538} INFO - Filling up the DagBag from /opt/airflow/dags/airflow_dag_spark_streaming.py
[2026-01-29T03:23:23.003+0000] {processor.py:840} INFO - DAG(s) 'spark_sgp4_streaming' retrieved from /opt/airflow/dags/airflow_dag_spark_streaming.py
[2026-01-29T03:23:23.065+0000] {logging_mixin.py:188} INFO - [2026-01-29T03:23:23.064+0000] {dag.py:3036} INFO - Sync 1 DAGs
[2026-01-29T03:23:23.091+0000] {logging_mixin.py:188} INFO - [2026-01-29T03:23:23.090+0000] {dag.py:3823} INFO - Setting next_dagrun for spark_sgp4_streaming to None, run_after=None
[2026-01-29T03:23:23.124+0000] {processor.py:183} INFO - Processing /opt/airflow/dags/airflow_dag_spark_streaming.py took 0.157 seconds
[2026-01-29T03:23:53.335+0000] {processor.py:161} INFO - Started process (PID=9527) to work on /opt/airflow/dags/airflow_dag_spark_streaming.py
[2026-01-29T03:23:53.336+0000] {processor.py:830} INFO - Processing file /opt/airflow/dags/airflow_dag_spark_streaming.py for tasks to queue
[2026-01-29T03:23:53.337+0000] {logging_mixin.py:188} INFO - [2026-01-29T03:23:53.337+0000] {dagbag.py:538} INFO - Filling up the DagBag from /opt/airflow/dags/airflow_dag_spark_streaming.py
[2026-01-29T03:23:53.355+0000] {processor.py:840} INFO - DAG(s) 'spark_sgp4_streaming' retrieved from /opt/airflow/dags/airflow_dag_spark_streaming.py
[2026-01-29T03:23:53.412+0000] {logging_mixin.py:188} INFO - [2026-01-29T03:23:53.412+0000] {dag.py:3036} INFO - Sync 1 DAGs
[2026-01-29T03:23:53.438+0000] {logging_mixin.py:188} INFO - [2026-01-29T03:23:53.437+0000] {dag.py:3823} INFO - Setting next_dagrun for spark_sgp4_streaming to None, run_after=None
[2026-01-29T03:23:53.461+0000] {processor.py:183} INFO - Processing /opt/airflow/dags/airflow_dag_spark_streaming.py took 0.131 seconds
[2026-01-29T03:24:23.673+0000] {processor.py:161} INFO - Started process (PID=9537) to work on /opt/airflow/dags/airflow_dag_spark_streaming.py
[2026-01-29T03:24:23.675+0000] {processor.py:830} INFO - Processing file /opt/airflow/dags/airflow_dag_spark_streaming.py for tasks to queue
[2026-01-29T03:24:23.676+0000] {logging_mixin.py:188} INFO - [2026-01-29T03:24:23.675+0000] {dagbag.py:538} INFO - Filling up the DagBag from /opt/airflow/dags/airflow_dag_spark_streaming.py
[2026-01-29T03:24:23.700+0000] {processor.py:840} INFO - DAG(s) 'spark_sgp4_streaming' retrieved from /opt/airflow/dags/airflow_dag_spark_streaming.py
[2026-01-29T03:24:23.764+0000] {logging_mixin.py:188} INFO - [2026-01-29T03:24:23.763+0000] {dag.py:3036} INFO - Sync 1 DAGs
[2026-01-29T03:24:23.791+0000] {logging_mixin.py:188} INFO - [2026-01-29T03:24:23.791+0000] {dag.py:3823} INFO - Setting next_dagrun for spark_sgp4_streaming to None, run_after=None
[2026-01-29T03:24:23.826+0000] {processor.py:183} INFO - Processing /opt/airflow/dags/airflow_dag_spark_streaming.py took 0.160 seconds
[2026-01-29T03:24:54.050+0000] {processor.py:161} INFO - Started process (PID=9547) to work on /opt/airflow/dags/airflow_dag_spark_streaming.py
[2026-01-29T03:24:54.052+0000] {processor.py:830} INFO - Processing file /opt/airflow/dags/airflow_dag_spark_streaming.py for tasks to queue
[2026-01-29T03:24:54.055+0000] {logging_mixin.py:188} INFO - [2026-01-29T03:24:54.054+0000] {dagbag.py:538} INFO - Filling up the DagBag from /opt/airflow/dags/airflow_dag_spark_streaming.py
[2026-01-29T03:24:54.076+0000] {processor.py:840} INFO - DAG(s) 'spark_sgp4_streaming' retrieved from /opt/airflow/dags/airflow_dag_spark_streaming.py
[2026-01-29T03:24:54.131+0000] {logging_mixin.py:188} INFO - [2026-01-29T03:24:54.130+0000] {dag.py:3036} INFO - Sync 1 DAGs
[2026-01-29T03:24:54.159+0000] {logging_mixin.py:188} INFO - [2026-01-29T03:24:54.158+0000] {dag.py:3823} INFO - Setting next_dagrun for spark_sgp4_streaming to None, run_after=None
[2026-01-29T03:24:54.193+0000] {processor.py:183} INFO - Processing /opt/airflow/dags/airflow_dag_spark_streaming.py took 0.151 seconds
[2026-01-29T03:25:24.417+0000] {processor.py:161} INFO - Started process (PID=9557) to work on /opt/airflow/dags/airflow_dag_spark_streaming.py
[2026-01-29T03:25:24.420+0000] {processor.py:830} INFO - Processing file /opt/airflow/dags/airflow_dag_spark_streaming.py for tasks to queue
[2026-01-29T03:25:24.422+0000] {logging_mixin.py:188} INFO - [2026-01-29T03:25:24.421+0000] {dagbag.py:538} INFO - Filling up the DagBag from /opt/airflow/dags/airflow_dag_spark_streaming.py
[2026-01-29T03:25:24.444+0000] {processor.py:840} INFO - DAG(s) 'spark_sgp4_streaming' retrieved from /opt/airflow/dags/airflow_dag_spark_streaming.py
[2026-01-29T03:25:24.505+0000] {logging_mixin.py:188} INFO - [2026-01-29T03:25:24.504+0000] {dag.py:3036} INFO - Sync 1 DAGs
[2026-01-29T03:25:24.532+0000] {logging_mixin.py:188} INFO - [2026-01-29T03:25:24.532+0000] {dag.py:3823} INFO - Setting next_dagrun for spark_sgp4_streaming to None, run_after=None
[2026-01-29T03:25:24.568+0000] {processor.py:183} INFO - Processing /opt/airflow/dags/airflow_dag_spark_streaming.py took 0.159 seconds
[2026-01-29T03:25:54.786+0000] {processor.py:161} INFO - Started process (PID=9567) to work on /opt/airflow/dags/airflow_dag_spark_streaming.py
[2026-01-29T03:25:54.788+0000] {processor.py:830} INFO - Processing file /opt/airflow/dags/airflow_dag_spark_streaming.py for tasks to queue
[2026-01-29T03:25:54.790+0000] {logging_mixin.py:188} INFO - [2026-01-29T03:25:54.789+0000] {dagbag.py:538} INFO - Filling up the DagBag from /opt/airflow/dags/airflow_dag_spark_streaming.py
[2026-01-29T03:25:54.811+0000] {processor.py:840} INFO - DAG(s) 'spark_sgp4_streaming' retrieved from /opt/airflow/dags/airflow_dag_spark_streaming.py
[2026-01-29T03:25:54.877+0000] {logging_mixin.py:188} INFO - [2026-01-29T03:25:54.877+0000] {dag.py:3036} INFO - Sync 1 DAGs
[2026-01-29T03:25:54.905+0000] {logging_mixin.py:188} INFO - [2026-01-29T03:25:54.905+0000] {dag.py:3823} INFO - Setting next_dagrun for spark_sgp4_streaming to None, run_after=None
[2026-01-29T03:25:54.942+0000] {processor.py:183} INFO - Processing /opt/airflow/dags/airflow_dag_spark_streaming.py took 0.165 seconds
[2026-01-29T03:26:25.143+0000] {processor.py:161} INFO - Started process (PID=9577) to work on /opt/airflow/dags/airflow_dag_spark_streaming.py
[2026-01-29T03:26:25.145+0000] {processor.py:830} INFO - Processing file /opt/airflow/dags/airflow_dag_spark_streaming.py for tasks to queue
[2026-01-29T03:26:25.147+0000] {logging_mixin.py:188} INFO - [2026-01-29T03:26:25.146+0000] {dagbag.py:538} INFO - Filling up the DagBag from /opt/airflow/dags/airflow_dag_spark_streaming.py
[2026-01-29T03:26:25.162+0000] {processor.py:840} INFO - DAG(s) 'spark_sgp4_streaming' retrieved from /opt/airflow/dags/airflow_dag_spark_streaming.py
[2026-01-29T03:26:25.403+0000] {logging_mixin.py:188} INFO - [2026-01-29T03:26:25.402+0000] {dag.py:3036} INFO - Sync 1 DAGs
[2026-01-29T03:26:25.423+0000] {logging_mixin.py:188} INFO - [2026-01-29T03:26:25.423+0000] {dag.py:3823} INFO - Setting next_dagrun for spark_sgp4_streaming to None, run_after=None
[2026-01-29T03:26:25.455+0000] {processor.py:183} INFO - Processing /opt/airflow/dags/airflow_dag_spark_streaming.py took 0.318 seconds
[2026-01-29T03:26:55.590+0000] {processor.py:161} INFO - Started process (PID=9587) to work on /opt/airflow/dags/airflow_dag_spark_streaming.py
[2026-01-29T03:26:55.591+0000] {processor.py:830} INFO - Processing file /opt/airflow/dags/airflow_dag_spark_streaming.py for tasks to queue
[2026-01-29T03:26:55.592+0000] {logging_mixin.py:188} INFO - [2026-01-29T03:26:55.591+0000] {dagbag.py:538} INFO - Filling up the DagBag from /opt/airflow/dags/airflow_dag_spark_streaming.py
[2026-01-29T03:26:55.602+0000] {processor.py:840} INFO - DAG(s) 'spark_sgp4_streaming' retrieved from /opt/airflow/dags/airflow_dag_spark_streaming.py
[2026-01-29T03:26:55.633+0000] {logging_mixin.py:188} INFO - [2026-01-29T03:26:55.632+0000] {dag.py:3036} INFO - Sync 1 DAGs
[2026-01-29T03:26:55.645+0000] {logging_mixin.py:188} INFO - [2026-01-29T03:26:55.645+0000] {dag.py:3823} INFO - Setting next_dagrun for spark_sgp4_streaming to None, run_after=None
[2026-01-29T03:26:55.659+0000] {processor.py:183} INFO - Processing /opt/airflow/dags/airflow_dag_spark_streaming.py took 0.073 seconds
[2026-01-29T03:27:25.815+0000] {processor.py:161} INFO - Started process (PID=9597) to work on /opt/airflow/dags/airflow_dag_spark_streaming.py
[2026-01-29T03:27:25.818+0000] {processor.py:830} INFO - Processing file /opt/airflow/dags/airflow_dag_spark_streaming.py for tasks to queue
[2026-01-29T03:27:25.822+0000] {logging_mixin.py:188} INFO - [2026-01-29T03:27:25.821+0000] {dagbag.py:538} INFO - Filling up the DagBag from /opt/airflow/dags/airflow_dag_spark_streaming.py
[2026-01-29T03:27:25.877+0000] {processor.py:840} INFO - DAG(s) 'spark_sgp4_streaming' retrieved from /opt/airflow/dags/airflow_dag_spark_streaming.py
[2026-01-29T03:27:25.992+0000] {logging_mixin.py:188} INFO - [2026-01-29T03:27:25.992+0000] {dag.py:3036} INFO - Sync 1 DAGs
[2026-01-29T03:27:26.037+0000] {logging_mixin.py:188} INFO - [2026-01-29T03:27:26.036+0000] {dag.py:3823} INFO - Setting next_dagrun for spark_sgp4_streaming to None, run_after=None
[2026-01-29T03:27:26.077+0000] {processor.py:183} INFO - Processing /opt/airflow/dags/airflow_dag_spark_streaming.py took 0.278 seconds
[2026-01-29T03:27:56.210+0000] {processor.py:161} INFO - Started process (PID=9631) to work on /opt/airflow/dags/airflow_dag_spark_streaming.py
[2026-01-29T03:27:56.212+0000] {processor.py:830} INFO - Processing file /opt/airflow/dags/airflow_dag_spark_streaming.py for tasks to queue
[2026-01-29T03:27:56.213+0000] {logging_mixin.py:188} INFO - [2026-01-29T03:27:56.212+0000] {dagbag.py:538} INFO - Filling up the DagBag from /opt/airflow/dags/airflow_dag_spark_streaming.py
[2026-01-29T03:27:56.226+0000] {processor.py:840} INFO - DAG(s) 'spark_sgp4_streaming' retrieved from /opt/airflow/dags/airflow_dag_spark_streaming.py
[2026-01-29T03:27:56.260+0000] {logging_mixin.py:188} INFO - [2026-01-29T03:27:56.260+0000] {dag.py:3036} INFO - Sync 1 DAGs
[2026-01-29T03:27:56.275+0000] {logging_mixin.py:188} INFO - [2026-01-29T03:27:56.274+0000] {dag.py:3823} INFO - Setting next_dagrun for spark_sgp4_streaming to None, run_after=None
[2026-01-29T03:27:56.297+0000] {processor.py:183} INFO - Processing /opt/airflow/dags/airflow_dag_spark_streaming.py took 0.090 seconds
[2026-01-29T03:28:26.434+0000] {processor.py:161} INFO - Started process (PID=9641) to work on /opt/airflow/dags/airflow_dag_spark_streaming.py
[2026-01-29T03:28:26.436+0000] {processor.py:830} INFO - Processing file /opt/airflow/dags/airflow_dag_spark_streaming.py for tasks to queue
[2026-01-29T03:28:26.438+0000] {logging_mixin.py:188} INFO - [2026-01-29T03:28:26.437+0000] {dagbag.py:538} INFO - Filling up the DagBag from /opt/airflow/dags/airflow_dag_spark_streaming.py
[2026-01-29T03:28:26.468+0000] {processor.py:840} INFO - DAG(s) 'spark_sgp4_streaming' retrieved from /opt/airflow/dags/airflow_dag_spark_streaming.py
[2026-01-29T03:28:26.539+0000] {logging_mixin.py:188} INFO - [2026-01-29T03:28:26.539+0000] {dag.py:3036} INFO - Sync 1 DAGs
[2026-01-29T03:28:26.561+0000] {logging_mixin.py:188} INFO - [2026-01-29T03:28:26.561+0000] {dag.py:3823} INFO - Setting next_dagrun for spark_sgp4_streaming to None, run_after=None
[2026-01-29T03:28:26.582+0000] {processor.py:183} INFO - Processing /opt/airflow/dags/airflow_dag_spark_streaming.py took 0.156 seconds
[2026-01-29T03:28:56.778+0000] {processor.py:161} INFO - Started process (PID=9651) to work on /opt/airflow/dags/airflow_dag_spark_streaming.py
[2026-01-29T03:28:56.780+0000] {processor.py:830} INFO - Processing file /opt/airflow/dags/airflow_dag_spark_streaming.py for tasks to queue
[2026-01-29T03:28:56.782+0000] {logging_mixin.py:188} INFO - [2026-01-29T03:28:56.781+0000] {dagbag.py:538} INFO - Filling up the DagBag from /opt/airflow/dags/airflow_dag_spark_streaming.py
[2026-01-29T03:28:56.818+0000] {processor.py:840} INFO - DAG(s) 'spark_sgp4_streaming' retrieved from /opt/airflow/dags/airflow_dag_spark_streaming.py
[2026-01-29T03:28:56.904+0000] {logging_mixin.py:188} INFO - [2026-01-29T03:28:56.904+0000] {dag.py:3036} INFO - Sync 1 DAGs
[2026-01-29T03:28:56.933+0000] {logging_mixin.py:188} INFO - [2026-01-29T03:28:56.932+0000] {dag.py:3823} INFO - Setting next_dagrun for spark_sgp4_streaming to None, run_after=None
[2026-01-29T03:28:56.973+0000] {processor.py:183} INFO - Processing /opt/airflow/dags/airflow_dag_spark_streaming.py took 0.205 seconds
[2026-01-29T03:29:27.242+0000] {processor.py:161} INFO - Started process (PID=9661) to work on /opt/airflow/dags/airflow_dag_spark_streaming.py
[2026-01-29T03:29:27.245+0000] {processor.py:830} INFO - Processing file /opt/airflow/dags/airflow_dag_spark_streaming.py for tasks to queue
[2026-01-29T03:29:27.249+0000] {logging_mixin.py:188} INFO - [2026-01-29T03:29:27.246+0000] {dagbag.py:538} INFO - Filling up the DagBag from /opt/airflow/dags/airflow_dag_spark_streaming.py
[2026-01-29T03:29:27.310+0000] {processor.py:840} INFO - DAG(s) 'spark_sgp4_streaming' retrieved from /opt/airflow/dags/airflow_dag_spark_streaming.py
[2026-01-29T03:29:27.411+0000] {logging_mixin.py:188} INFO - [2026-01-29T03:29:27.411+0000] {dag.py:3036} INFO - Sync 1 DAGs
[2026-01-29T03:29:27.451+0000] {logging_mixin.py:188} INFO - [2026-01-29T03:29:27.451+0000] {dag.py:3823} INFO - Setting next_dagrun for spark_sgp4_streaming to None, run_after=None
[2026-01-29T03:29:27.492+0000] {processor.py:183} INFO - Processing /opt/airflow/dags/airflow_dag_spark_streaming.py took 0.266 seconds
[2026-01-29T03:29:57.702+0000] {processor.py:161} INFO - Started process (PID=9671) to work on /opt/airflow/dags/airflow_dag_spark_streaming.py
[2026-01-29T03:29:57.704+0000] {processor.py:830} INFO - Processing file /opt/airflow/dags/airflow_dag_spark_streaming.py for tasks to queue
[2026-01-29T03:29:57.706+0000] {logging_mixin.py:188} INFO - [2026-01-29T03:29:57.705+0000] {dagbag.py:538} INFO - Filling up the DagBag from /opt/airflow/dags/airflow_dag_spark_streaming.py
[2026-01-29T03:29:57.728+0000] {processor.py:840} INFO - DAG(s) 'spark_sgp4_streaming' retrieved from /opt/airflow/dags/airflow_dag_spark_streaming.py
[2026-01-29T03:29:57.790+0000] {logging_mixin.py:188} INFO - [2026-01-29T03:29:57.789+0000] {dag.py:3036} INFO - Sync 1 DAGs
[2026-01-29T03:29:57.817+0000] {logging_mixin.py:188} INFO - [2026-01-29T03:29:57.816+0000] {dag.py:3823} INFO - Setting next_dagrun for spark_sgp4_streaming to None, run_after=None
[2026-01-29T03:29:57.850+0000] {processor.py:183} INFO - Processing /opt/airflow/dags/airflow_dag_spark_streaming.py took 0.155 seconds
[2026-01-29T04:20:16.266+0000] {processor.py:161} INFO - Started process (PID=9681) to work on /opt/airflow/dags/airflow_dag_spark_streaming.py
[2026-01-29T04:20:16.267+0000] {processor.py:830} INFO - Processing file /opt/airflow/dags/airflow_dag_spark_streaming.py for tasks to queue
[2026-01-29T04:20:16.269+0000] {logging_mixin.py:188} INFO - [2026-01-29T04:20:16.268+0000] {dagbag.py:538} INFO - Filling up the DagBag from /opt/airflow/dags/airflow_dag_spark_streaming.py
[2026-01-29T04:20:16.296+0000] {processor.py:840} INFO - DAG(s) 'spark_sgp4_streaming' retrieved from /opt/airflow/dags/airflow_dag_spark_streaming.py
[2026-01-29T04:20:16.368+0000] {logging_mixin.py:188} INFO - [2026-01-29T04:20:16.368+0000] {dag.py:3036} INFO - Sync 1 DAGs
[2026-01-29T04:20:16.401+0000] {logging_mixin.py:188} INFO - [2026-01-29T04:20:16.400+0000] {dag.py:3823} INFO - Setting next_dagrun for spark_sgp4_streaming to None, run_after=None
[2026-01-29T04:20:16.445+0000] {processor.py:183} INFO - Processing /opt/airflow/dags/airflow_dag_spark_streaming.py took 0.190 seconds
[2026-01-29T04:20:46.647+0000] {processor.py:161} INFO - Started process (PID=9710) to work on /opt/airflow/dags/airflow_dag_spark_streaming.py
[2026-01-29T04:20:46.649+0000] {processor.py:830} INFO - Processing file /opt/airflow/dags/airflow_dag_spark_streaming.py for tasks to queue
[2026-01-29T04:20:46.650+0000] {logging_mixin.py:188} INFO - [2026-01-29T04:20:46.649+0000] {dagbag.py:538} INFO - Filling up the DagBag from /opt/airflow/dags/airflow_dag_spark_streaming.py
[2026-01-29T04:20:46.673+0000] {processor.py:840} INFO - DAG(s) 'spark_sgp4_streaming' retrieved from /opt/airflow/dags/airflow_dag_spark_streaming.py
[2026-01-29T04:20:46.732+0000] {logging_mixin.py:188} INFO - [2026-01-29T04:20:46.731+0000] {dag.py:3036} INFO - Sync 1 DAGs
[2026-01-29T04:20:46.759+0000] {logging_mixin.py:188} INFO - [2026-01-29T04:20:46.759+0000] {dag.py:3823} INFO - Setting next_dagrun for spark_sgp4_streaming to None, run_after=None
[2026-01-29T04:20:46.796+0000] {processor.py:183} INFO - Processing /opt/airflow/dags/airflow_dag_spark_streaming.py took 0.155 seconds
[2026-01-29T04:21:17.000+0000] {processor.py:161} INFO - Started process (PID=9720) to work on /opt/airflow/dags/airflow_dag_spark_streaming.py
[2026-01-29T04:21:17.001+0000] {processor.py:830} INFO - Processing file /opt/airflow/dags/airflow_dag_spark_streaming.py for tasks to queue
[2026-01-29T04:21:17.002+0000] {logging_mixin.py:188} INFO - [2026-01-29T04:21:17.001+0000] {dagbag.py:538} INFO - Filling up the DagBag from /opt/airflow/dags/airflow_dag_spark_streaming.py
[2026-01-29T04:21:17.025+0000] {processor.py:840} INFO - DAG(s) 'spark_sgp4_streaming' retrieved from /opt/airflow/dags/airflow_dag_spark_streaming.py
[2026-01-29T04:21:17.085+0000] {logging_mixin.py:188} INFO - [2026-01-29T04:21:17.084+0000] {dag.py:3036} INFO - Sync 1 DAGs
[2026-01-29T04:21:17.114+0000] {logging_mixin.py:188} INFO - [2026-01-29T04:21:17.113+0000] {dag.py:3823} INFO - Setting next_dagrun for spark_sgp4_streaming to None, run_after=None
[2026-01-29T04:21:17.151+0000] {processor.py:183} INFO - Processing /opt/airflow/dags/airflow_dag_spark_streaming.py took 0.157 seconds
[2026-01-29T04:21:47.346+0000] {processor.py:161} INFO - Started process (PID=9730) to work on /opt/airflow/dags/airflow_dag_spark_streaming.py
[2026-01-29T04:21:47.349+0000] {processor.py:830} INFO - Processing file /opt/airflow/dags/airflow_dag_spark_streaming.py for tasks to queue
[2026-01-29T04:21:47.350+0000] {logging_mixin.py:188} INFO - [2026-01-29T04:21:47.350+0000] {dagbag.py:538} INFO - Filling up the DagBag from /opt/airflow/dags/airflow_dag_spark_streaming.py
[2026-01-29T04:21:47.370+0000] {processor.py:840} INFO - DAG(s) 'spark_sgp4_streaming' retrieved from /opt/airflow/dags/airflow_dag_spark_streaming.py
[2026-01-29T04:21:47.432+0000] {logging_mixin.py:188} INFO - [2026-01-29T04:21:47.431+0000] {dag.py:3036} INFO - Sync 1 DAGs
[2026-01-29T04:21:47.461+0000] {logging_mixin.py:188} INFO - [2026-01-29T04:21:47.460+0000] {dag.py:3823} INFO - Setting next_dagrun for spark_sgp4_streaming to None, run_after=None
[2026-01-29T04:21:47.500+0000] {processor.py:183} INFO - Processing /opt/airflow/dags/airflow_dag_spark_streaming.py took 0.162 seconds
[2026-01-29T04:22:17.714+0000] {processor.py:161} INFO - Started process (PID=9740) to work on /opt/airflow/dags/airflow_dag_spark_streaming.py
[2026-01-29T04:22:17.717+0000] {processor.py:830} INFO - Processing file /opt/airflow/dags/airflow_dag_spark_streaming.py for tasks to queue
[2026-01-29T04:22:17.719+0000] {logging_mixin.py:188} INFO - [2026-01-29T04:22:17.718+0000] {dagbag.py:538} INFO - Filling up the DagBag from /opt/airflow/dags/airflow_dag_spark_streaming.py
[2026-01-29T04:22:17.742+0000] {processor.py:840} INFO - DAG(s) 'spark_sgp4_streaming' retrieved from /opt/airflow/dags/airflow_dag_spark_streaming.py
[2026-01-29T04:22:17.805+0000] {logging_mixin.py:188} INFO - [2026-01-29T04:22:17.804+0000] {dag.py:3036} INFO - Sync 1 DAGs
[2026-01-29T04:22:17.832+0000] {logging_mixin.py:188} INFO - [2026-01-29T04:22:17.832+0000] {dag.py:3823} INFO - Setting next_dagrun for spark_sgp4_streaming to None, run_after=None
[2026-01-29T04:22:17.872+0000] {processor.py:183} INFO - Processing /opt/airflow/dags/airflow_dag_spark_streaming.py took 0.166 seconds
[2026-01-29T04:22:48.085+0000] {processor.py:161} INFO - Started process (PID=9750) to work on /opt/airflow/dags/airflow_dag_spark_streaming.py
[2026-01-29T04:22:48.086+0000] {processor.py:830} INFO - Processing file /opt/airflow/dags/airflow_dag_spark_streaming.py for tasks to queue
[2026-01-29T04:22:48.088+0000] {logging_mixin.py:188} INFO - [2026-01-29T04:22:48.087+0000] {dagbag.py:538} INFO - Filling up the DagBag from /opt/airflow/dags/airflow_dag_spark_streaming.py
[2026-01-29T04:22:48.110+0000] {processor.py:840} INFO - DAG(s) 'spark_sgp4_streaming' retrieved from /opt/airflow/dags/airflow_dag_spark_streaming.py
[2026-01-29T04:22:48.172+0000] {logging_mixin.py:188} INFO - [2026-01-29T04:22:48.171+0000] {dag.py:3036} INFO - Sync 1 DAGs
[2026-01-29T04:22:48.200+0000] {logging_mixin.py:188} INFO - [2026-01-29T04:22:48.199+0000] {dag.py:3823} INFO - Setting next_dagrun for spark_sgp4_streaming to None, run_after=None
[2026-01-29T04:22:48.236+0000] {processor.py:183} INFO - Processing /opt/airflow/dags/airflow_dag_spark_streaming.py took 0.158 seconds
[2026-01-29T04:23:18.454+0000] {processor.py:161} INFO - Started process (PID=9760) to work on /opt/airflow/dags/airflow_dag_spark_streaming.py
[2026-01-29T04:23:18.455+0000] {processor.py:830} INFO - Processing file /opt/airflow/dags/airflow_dag_spark_streaming.py for tasks to queue
[2026-01-29T04:23:18.457+0000] {logging_mixin.py:188} INFO - [2026-01-29T04:23:18.456+0000] {dagbag.py:538} INFO - Filling up the DagBag from /opt/airflow/dags/airflow_dag_spark_streaming.py
[2026-01-29T04:23:18.479+0000] {processor.py:840} INFO - DAG(s) 'spark_sgp4_streaming' retrieved from /opt/airflow/dags/airflow_dag_spark_streaming.py
[2026-01-29T04:23:18.540+0000] {logging_mixin.py:188} INFO - [2026-01-29T04:23:18.540+0000] {dag.py:3036} INFO - Sync 1 DAGs
[2026-01-29T04:23:18.566+0000] {logging_mixin.py:188} INFO - [2026-01-29T04:23:18.566+0000] {dag.py:3823} INFO - Setting next_dagrun for spark_sgp4_streaming to None, run_after=None
[2026-01-29T04:23:18.603+0000] {processor.py:183} INFO - Processing /opt/airflow/dags/airflow_dag_spark_streaming.py took 0.156 seconds
[2026-01-29T04:23:48.806+0000] {processor.py:161} INFO - Started process (PID=9773) to work on /opt/airflow/dags/airflow_dag_spark_streaming.py
[2026-01-29T04:23:48.807+0000] {processor.py:830} INFO - Processing file /opt/airflow/dags/airflow_dag_spark_streaming.py for tasks to queue
[2026-01-29T04:23:48.808+0000] {logging_mixin.py:188} INFO - [2026-01-29T04:23:48.808+0000] {dagbag.py:538} INFO - Filling up the DagBag from /opt/airflow/dags/airflow_dag_spark_streaming.py
[2026-01-29T04:23:48.827+0000] {processor.py:840} INFO - DAG(s) 'spark_sgp4_streaming' retrieved from /opt/airflow/dags/airflow_dag_spark_streaming.py
[2026-01-29T04:23:48.879+0000] {logging_mixin.py:188} INFO - [2026-01-29T04:23:48.879+0000] {dag.py:3036} INFO - Sync 1 DAGs
[2026-01-29T04:23:48.905+0000] {logging_mixin.py:188} INFO - [2026-01-29T04:23:48.905+0000] {dag.py:3823} INFO - Setting next_dagrun for spark_sgp4_streaming to None, run_after=None
[2026-01-29T04:23:48.937+0000] {processor.py:183} INFO - Processing /opt/airflow/dags/airflow_dag_spark_streaming.py took 0.137 seconds
[2026-01-29T04:24:19.113+0000] {processor.py:161} INFO - Started process (PID=9783) to work on /opt/airflow/dags/airflow_dag_spark_streaming.py
[2026-01-29T04:24:19.117+0000] {processor.py:830} INFO - Processing file /opt/airflow/dags/airflow_dag_spark_streaming.py for tasks to queue
[2026-01-29T04:24:19.118+0000] {logging_mixin.py:188} INFO - [2026-01-29T04:24:19.118+0000] {dagbag.py:538} INFO - Filling up the DagBag from /opt/airflow/dags/airflow_dag_spark_streaming.py
[2026-01-29T04:24:19.141+0000] {processor.py:840} INFO - DAG(s) 'spark_sgp4_streaming' retrieved from /opt/airflow/dags/airflow_dag_spark_streaming.py
[2026-01-29T04:24:19.202+0000] {logging_mixin.py:188} INFO - [2026-01-29T04:24:19.201+0000] {dag.py:3036} INFO - Sync 1 DAGs
[2026-01-29T04:24:19.229+0000] {logging_mixin.py:188} INFO - [2026-01-29T04:24:19.229+0000] {dag.py:3823} INFO - Setting next_dagrun for spark_sgp4_streaming to None, run_after=None
[2026-01-29T04:24:19.264+0000] {processor.py:183} INFO - Processing /opt/airflow/dags/airflow_dag_spark_streaming.py took 0.157 seconds
[2026-01-29T04:24:49.474+0000] {processor.py:161} INFO - Started process (PID=9793) to work on /opt/airflow/dags/airflow_dag_spark_streaming.py
[2026-01-29T04:24:49.475+0000] {processor.py:830} INFO - Processing file /opt/airflow/dags/airflow_dag_spark_streaming.py for tasks to queue
[2026-01-29T04:24:49.477+0000] {logging_mixin.py:188} INFO - [2026-01-29T04:24:49.476+0000] {dagbag.py:538} INFO - Filling up the DagBag from /opt/airflow/dags/airflow_dag_spark_streaming.py
[2026-01-29T04:24:49.499+0000] {processor.py:840} INFO - DAG(s) 'spark_sgp4_streaming' retrieved from /opt/airflow/dags/airflow_dag_spark_streaming.py
[2026-01-29T04:24:49.559+0000] {logging_mixin.py:188} INFO - [2026-01-29T04:24:49.559+0000] {dag.py:3036} INFO - Sync 1 DAGs
[2026-01-29T04:24:49.585+0000] {logging_mixin.py:188} INFO - [2026-01-29T04:24:49.585+0000] {dag.py:3823} INFO - Setting next_dagrun for spark_sgp4_streaming to None, run_after=None
[2026-01-29T04:24:49.620+0000] {processor.py:183} INFO - Processing /opt/airflow/dags/airflow_dag_spark_streaming.py took 0.153 seconds
[2026-01-29T04:25:19.858+0000] {processor.py:161} INFO - Started process (PID=9803) to work on /opt/airflow/dags/airflow_dag_spark_streaming.py
[2026-01-29T04:25:19.860+0000] {processor.py:830} INFO - Processing file /opt/airflow/dags/airflow_dag_spark_streaming.py for tasks to queue
[2026-01-29T04:25:19.861+0000] {logging_mixin.py:188} INFO - [2026-01-29T04:25:19.861+0000] {dagbag.py:538} INFO - Filling up the DagBag from /opt/airflow/dags/airflow_dag_spark_streaming.py
[2026-01-29T04:25:19.885+0000] {processor.py:840} INFO - DAG(s) 'spark_sgp4_streaming' retrieved from /opt/airflow/dags/airflow_dag_spark_streaming.py
[2026-01-29T04:25:19.951+0000] {logging_mixin.py:188} INFO - [2026-01-29T04:25:19.951+0000] {dag.py:3036} INFO - Sync 1 DAGs
[2026-01-29T04:25:19.981+0000] {logging_mixin.py:188} INFO - [2026-01-29T04:25:19.980+0000] {dag.py:3823} INFO - Setting next_dagrun for spark_sgp4_streaming to None, run_after=None
[2026-01-29T04:25:20.018+0000] {processor.py:183} INFO - Processing /opt/airflow/dags/airflow_dag_spark_streaming.py took 0.167 seconds
[2026-01-29T04:25:50.220+0000] {processor.py:161} INFO - Started process (PID=9813) to work on /opt/airflow/dags/airflow_dag_spark_streaming.py
[2026-01-29T04:25:50.221+0000] {processor.py:830} INFO - Processing file /opt/airflow/dags/airflow_dag_spark_streaming.py for tasks to queue
[2026-01-29T04:25:50.223+0000] {logging_mixin.py:188} INFO - [2026-01-29T04:25:50.222+0000] {dagbag.py:538} INFO - Filling up the DagBag from /opt/airflow/dags/airflow_dag_spark_streaming.py
[2026-01-29T04:25:50.245+0000] {processor.py:840} INFO - DAG(s) 'spark_sgp4_streaming' retrieved from /opt/airflow/dags/airflow_dag_spark_streaming.py
[2026-01-29T04:25:50.306+0000] {logging_mixin.py:188} INFO - [2026-01-29T04:25:50.305+0000] {dag.py:3036} INFO - Sync 1 DAGs
[2026-01-29T04:25:50.333+0000] {logging_mixin.py:188} INFO - [2026-01-29T04:25:50.333+0000] {dag.py:3823} INFO - Setting next_dagrun for spark_sgp4_streaming to None, run_after=None
[2026-01-29T04:25:50.370+0000] {processor.py:183} INFO - Processing /opt/airflow/dags/airflow_dag_spark_streaming.py took 0.157 seconds
[2026-01-29T05:17:57.610+0000] {processor.py:161} INFO - Started process (PID=189) to work on /opt/airflow/dags/airflow_dag_spark_streaming.py
[2026-01-29T05:17:57.611+0000] {processor.py:830} INFO - Processing file /opt/airflow/dags/airflow_dag_spark_streaming.py for tasks to queue
[2026-01-29T05:17:57.611+0000] {logging_mixin.py:188} INFO - [2026-01-29T05:17:57.611+0000] {dagbag.py:538} INFO - Filling up the DagBag from /opt/airflow/dags/airflow_dag_spark_streaming.py
[2026-01-29T05:17:57.628+0000] {processor.py:840} INFO - DAG(s) 'spark_sgp4_streaming' retrieved from /opt/airflow/dags/airflow_dag_spark_streaming.py
[2026-01-29T05:17:57.840+0000] {logging_mixin.py:188} INFO - [2026-01-29T05:17:57.840+0000] {override.py:1769} INFO - Created Permission View: can read on DAG:spark_sgp4_streaming
[2026-01-29T05:17:57.849+0000] {logging_mixin.py:188} INFO - [2026-01-29T05:17:57.848+0000] {override.py:1769} INFO - Created Permission View: can delete on DAG:spark_sgp4_streaming
[2026-01-29T05:17:57.854+0000] {logging_mixin.py:188} INFO - [2026-01-29T05:17:57.854+0000] {override.py:1769} INFO - Created Permission View: can edit on DAG:spark_sgp4_streaming
[2026-01-29T05:17:57.854+0000] {logging_mixin.py:188} INFO - [2026-01-29T05:17:57.854+0000] {dag.py:3036} INFO - Sync 1 DAGs
[2026-01-29T05:17:57.865+0000] {logging_mixin.py:188} INFO - [2026-01-29T05:17:57.865+0000] {dag.py:3058} INFO - Creating ORM DAG for spark_sgp4_streaming
[2026-01-29T05:17:57.866+0000] {logging_mixin.py:188} INFO - [2026-01-29T05:17:57.866+0000] {dag.py:3823} INFO - Setting next_dagrun for spark_sgp4_streaming to None, run_after=None
[2026-01-29T05:17:57.886+0000] {processor.py:183} INFO - Processing /opt/airflow/dags/airflow_dag_spark_streaming.py took 0.279 seconds
[2026-01-29T05:18:28.055+0000] {processor.py:161} INFO - Started process (PID=200) to work on /opt/airflow/dags/airflow_dag_spark_streaming.py
[2026-01-29T05:18:28.056+0000] {processor.py:830} INFO - Processing file /opt/airflow/dags/airflow_dag_spark_streaming.py for tasks to queue
[2026-01-29T05:18:28.058+0000] {logging_mixin.py:188} INFO - [2026-01-29T05:18:28.057+0000] {dagbag.py:538} INFO - Filling up the DagBag from /opt/airflow/dags/airflow_dag_spark_streaming.py
[2026-01-29T05:18:28.074+0000] {processor.py:840} INFO - DAG(s) 'spark_sgp4_streaming' retrieved from /opt/airflow/dags/airflow_dag_spark_streaming.py
[2026-01-29T05:18:28.127+0000] {logging_mixin.py:188} INFO - [2026-01-29T05:18:28.127+0000] {dag.py:3036} INFO - Sync 1 DAGs
[2026-01-29T05:18:28.150+0000] {logging_mixin.py:188} INFO - [2026-01-29T05:18:28.149+0000] {dag.py:3823} INFO - Setting next_dagrun for spark_sgp4_streaming to None, run_after=None
[2026-01-29T05:18:28.176+0000] {processor.py:183} INFO - Processing /opt/airflow/dags/airflow_dag_spark_streaming.py took 0.125 seconds
[2026-01-29T06:20:31.277+0000] {processor.py:161} INFO - Started process (PID=210) to work on /opt/airflow/dags/airflow_dag_spark_streaming.py
[2026-01-29T06:20:31.278+0000] {processor.py:830} INFO - Processing file /opt/airflow/dags/airflow_dag_spark_streaming.py for tasks to queue
[2026-01-29T06:20:31.280+0000] {logging_mixin.py:188} INFO - [2026-01-29T06:20:31.279+0000] {dagbag.py:538} INFO - Filling up the DagBag from /opt/airflow/dags/airflow_dag_spark_streaming.py
[2026-01-29T06:20:31.318+0000] {processor.py:840} INFO - DAG(s) 'spark_sgp4_streaming' retrieved from /opt/airflow/dags/airflow_dag_spark_streaming.py
[2026-01-29T06:20:31.365+0000] {logging_mixin.py:188} INFO - [2026-01-29T06:20:31.364+0000] {dag.py:3036} INFO - Sync 1 DAGs
[2026-01-29T06:20:31.387+0000] {logging_mixin.py:188} INFO - [2026-01-29T06:20:31.387+0000] {dag.py:3823} INFO - Setting next_dagrun for spark_sgp4_streaming to None, run_after=None
[2026-01-29T06:20:31.411+0000] {processor.py:183} INFO - Processing /opt/airflow/dags/airflow_dag_spark_streaming.py took 0.143 seconds
[2026-01-29T06:21:01.573+0000] {processor.py:161} INFO - Started process (PID=222) to work on /opt/airflow/dags/airflow_dag_spark_streaming.py
[2026-01-29T06:21:01.574+0000] {processor.py:830} INFO - Processing file /opt/airflow/dags/airflow_dag_spark_streaming.py for tasks to queue
[2026-01-29T06:21:01.575+0000] {logging_mixin.py:188} INFO - [2026-01-29T06:21:01.575+0000] {dagbag.py:538} INFO - Filling up the DagBag from /opt/airflow/dags/airflow_dag_spark_streaming.py
[2026-01-29T06:21:01.585+0000] {processor.py:840} INFO - DAG(s) 'spark_sgp4_streaming' retrieved from /opt/airflow/dags/airflow_dag_spark_streaming.py
[2026-01-29T06:21:01.618+0000] {logging_mixin.py:188} INFO - [2026-01-29T06:21:01.617+0000] {dag.py:3036} INFO - Sync 1 DAGs
[2026-01-29T06:21:01.633+0000] {logging_mixin.py:188} INFO - [2026-01-29T06:21:01.633+0000] {dag.py:3823} INFO - Setting next_dagrun for spark_sgp4_streaming to None, run_after=None
[2026-01-29T06:21:01.649+0000] {processor.py:183} INFO - Processing /opt/airflow/dags/airflow_dag_spark_streaming.py took 0.078 seconds
[2026-01-29T06:21:31.794+0000] {processor.py:161} INFO - Started process (PID=232) to work on /opt/airflow/dags/airflow_dag_spark_streaming.py
[2026-01-29T06:21:31.795+0000] {processor.py:830} INFO - Processing file /opt/airflow/dags/airflow_dag_spark_streaming.py for tasks to queue
[2026-01-29T06:21:31.796+0000] {logging_mixin.py:188} INFO - [2026-01-29T06:21:31.796+0000] {dagbag.py:538} INFO - Filling up the DagBag from /opt/airflow/dags/airflow_dag_spark_streaming.py
[2026-01-29T06:21:31.809+0000] {processor.py:840} INFO - DAG(s) 'spark_sgp4_streaming' retrieved from /opt/airflow/dags/airflow_dag_spark_streaming.py
[2026-01-29T06:21:31.846+0000] {logging_mixin.py:188} INFO - [2026-01-29T06:21:31.846+0000] {dag.py:3036} INFO - Sync 1 DAGs
[2026-01-29T06:21:31.862+0000] {logging_mixin.py:188} INFO - [2026-01-29T06:21:31.862+0000] {dag.py:3823} INFO - Setting next_dagrun for spark_sgp4_streaming to None, run_after=None
[2026-01-29T06:21:31.881+0000] {processor.py:183} INFO - Processing /opt/airflow/dags/airflow_dag_spark_streaming.py took 0.090 seconds
[2026-01-29T06:22:02.026+0000] {processor.py:161} INFO - Started process (PID=242) to work on /opt/airflow/dags/airflow_dag_spark_streaming.py
[2026-01-29T06:22:02.026+0000] {processor.py:830} INFO - Processing file /opt/airflow/dags/airflow_dag_spark_streaming.py for tasks to queue
[2026-01-29T06:22:02.027+0000] {logging_mixin.py:188} INFO - [2026-01-29T06:22:02.027+0000] {dagbag.py:538} INFO - Filling up the DagBag from /opt/airflow/dags/airflow_dag_spark_streaming.py
[2026-01-29T06:22:02.038+0000] {processor.py:840} INFO - DAG(s) 'spark_sgp4_streaming' retrieved from /opt/airflow/dags/airflow_dag_spark_streaming.py
[2026-01-29T06:22:02.069+0000] {logging_mixin.py:188} INFO - [2026-01-29T06:22:02.069+0000] {dag.py:3036} INFO - Sync 1 DAGs
[2026-01-29T06:22:02.082+0000] {logging_mixin.py:188} INFO - [2026-01-29T06:22:02.082+0000] {dag.py:3823} INFO - Setting next_dagrun for spark_sgp4_streaming to None, run_after=None
[2026-01-29T06:22:02.100+0000] {processor.py:183} INFO - Processing /opt/airflow/dags/airflow_dag_spark_streaming.py took 0.077 seconds
[2026-01-29T06:22:32.237+0000] {processor.py:161} INFO - Started process (PID=252) to work on /opt/airflow/dags/airflow_dag_spark_streaming.py
[2026-01-29T06:22:32.237+0000] {processor.py:830} INFO - Processing file /opt/airflow/dags/airflow_dag_spark_streaming.py for tasks to queue
[2026-01-29T06:22:32.238+0000] {logging_mixin.py:188} INFO - [2026-01-29T06:22:32.238+0000] {dagbag.py:538} INFO - Filling up the DagBag from /opt/airflow/dags/airflow_dag_spark_streaming.py
[2026-01-29T06:22:32.248+0000] {processor.py:840} INFO - DAG(s) 'spark_sgp4_streaming' retrieved from /opt/airflow/dags/airflow_dag_spark_streaming.py
[2026-01-29T06:22:32.277+0000] {logging_mixin.py:188} INFO - [2026-01-29T06:22:32.277+0000] {dag.py:3036} INFO - Sync 1 DAGs
[2026-01-29T06:22:32.291+0000] {logging_mixin.py:188} INFO - [2026-01-29T06:22:32.291+0000] {dag.py:3823} INFO - Setting next_dagrun for spark_sgp4_streaming to None, run_after=None
[2026-01-29T06:22:32.309+0000] {processor.py:183} INFO - Processing /opt/airflow/dags/airflow_dag_spark_streaming.py took 0.075 seconds
[2026-01-29T06:23:02.473+0000] {processor.py:161} INFO - Started process (PID=262) to work on /opt/airflow/dags/airflow_dag_spark_streaming.py
[2026-01-29T06:23:02.476+0000] {processor.py:830} INFO - Processing file /opt/airflow/dags/airflow_dag_spark_streaming.py for tasks to queue
[2026-01-29T06:23:02.478+0000] {logging_mixin.py:188} INFO - [2026-01-29T06:23:02.477+0000] {dagbag.py:538} INFO - Filling up the DagBag from /opt/airflow/dags/airflow_dag_spark_streaming.py
[2026-01-29T06:23:02.498+0000] {processor.py:840} INFO - DAG(s) 'spark_sgp4_streaming' retrieved from /opt/airflow/dags/airflow_dag_spark_streaming.py
[2026-01-29T06:23:02.554+0000] {logging_mixin.py:188} INFO - [2026-01-29T06:23:02.554+0000] {dag.py:3036} INFO - Sync 1 DAGs
[2026-01-29T06:23:02.581+0000] {logging_mixin.py:188} INFO - [2026-01-29T06:23:02.581+0000] {dag.py:3823} INFO - Setting next_dagrun for spark_sgp4_streaming to None, run_after=None
[2026-01-29T06:23:02.617+0000] {processor.py:183} INFO - Processing /opt/airflow/dags/airflow_dag_spark_streaming.py took 0.149 seconds
[2026-01-29T06:23:32.806+0000] {processor.py:161} INFO - Started process (PID=272) to work on /opt/airflow/dags/airflow_dag_spark_streaming.py
[2026-01-29T06:23:32.807+0000] {processor.py:830} INFO - Processing file /opt/airflow/dags/airflow_dag_spark_streaming.py for tasks to queue
[2026-01-29T06:23:32.809+0000] {logging_mixin.py:188} INFO - [2026-01-29T06:23:32.808+0000] {dagbag.py:538} INFO - Filling up the DagBag from /opt/airflow/dags/airflow_dag_spark_streaming.py
[2026-01-29T06:23:32.825+0000] {processor.py:840} INFO - DAG(s) 'spark_sgp4_streaming' retrieved from /opt/airflow/dags/airflow_dag_spark_streaming.py
[2026-01-29T06:23:32.876+0000] {logging_mixin.py:188} INFO - [2026-01-29T06:23:32.876+0000] {dag.py:3036} INFO - Sync 1 DAGs
[2026-01-29T06:23:32.899+0000] {logging_mixin.py:188} INFO - [2026-01-29T06:23:32.898+0000] {dag.py:3823} INFO - Setting next_dagrun for spark_sgp4_streaming to None, run_after=None
[2026-01-29T06:23:32.928+0000] {processor.py:183} INFO - Processing /opt/airflow/dags/airflow_dag_spark_streaming.py took 0.127 seconds
[2026-01-29T06:24:03.128+0000] {processor.py:161} INFO - Started process (PID=282) to work on /opt/airflow/dags/airflow_dag_spark_streaming.py
[2026-01-29T06:24:03.130+0000] {processor.py:830} INFO - Processing file /opt/airflow/dags/airflow_dag_spark_streaming.py for tasks to queue
[2026-01-29T06:24:03.131+0000] {logging_mixin.py:188} INFO - [2026-01-29T06:24:03.131+0000] {dagbag.py:538} INFO - Filling up the DagBag from /opt/airflow/dags/airflow_dag_spark_streaming.py
[2026-01-29T06:24:03.152+0000] {processor.py:840} INFO - DAG(s) 'spark_sgp4_streaming' retrieved from /opt/airflow/dags/airflow_dag_spark_streaming.py
[2026-01-29T06:24:03.212+0000] {logging_mixin.py:188} INFO - [2026-01-29T06:24:03.211+0000] {dag.py:3036} INFO - Sync 1 DAGs
[2026-01-29T06:24:03.239+0000] {logging_mixin.py:188} INFO - [2026-01-29T06:24:03.238+0000] {dag.py:3823} INFO - Setting next_dagrun for spark_sgp4_streaming to None, run_after=None
[2026-01-29T06:24:03.273+0000] {processor.py:183} INFO - Processing /opt/airflow/dags/airflow_dag_spark_streaming.py took 0.151 seconds
[2026-01-29T06:24:33.478+0000] {processor.py:161} INFO - Started process (PID=292) to work on /opt/airflow/dags/airflow_dag_spark_streaming.py
[2026-01-29T06:24:33.480+0000] {processor.py:830} INFO - Processing file /opt/airflow/dags/airflow_dag_spark_streaming.py for tasks to queue
[2026-01-29T06:24:33.481+0000] {logging_mixin.py:188} INFO - [2026-01-29T06:24:33.480+0000] {dagbag.py:538} INFO - Filling up the DagBag from /opt/airflow/dags/airflow_dag_spark_streaming.py
[2026-01-29T06:24:33.499+0000] {processor.py:840} INFO - DAG(s) 'spark_sgp4_streaming' retrieved from /opt/airflow/dags/airflow_dag_spark_streaming.py
[2026-01-29T06:24:33.555+0000] {logging_mixin.py:188} INFO - [2026-01-29T06:24:33.555+0000] {dag.py:3036} INFO - Sync 1 DAGs
[2026-01-29T06:24:33.581+0000] {logging_mixin.py:188} INFO - [2026-01-29T06:24:33.581+0000] {dag.py:3823} INFO - Setting next_dagrun for spark_sgp4_streaming to None, run_after=None
[2026-01-29T06:24:33.614+0000] {processor.py:183} INFO - Processing /opt/airflow/dags/airflow_dag_spark_streaming.py took 0.141 seconds
[2026-01-29T06:25:04.527+0000] {processor.py:161} INFO - Started process (PID=302) to work on /opt/airflow/dags/airflow_dag_spark_streaming.py
[2026-01-29T06:25:04.528+0000] {processor.py:830} INFO - Processing file /opt/airflow/dags/airflow_dag_spark_streaming.py for tasks to queue
[2026-01-29T06:25:04.530+0000] {logging_mixin.py:188} INFO - [2026-01-29T06:25:04.529+0000] {dagbag.py:538} INFO - Filling up the DagBag from /opt/airflow/dags/airflow_dag_spark_streaming.py
[2026-01-29T06:25:04.549+0000] {processor.py:840} INFO - DAG(s) 'spark_sgp4_streaming' retrieved from /opt/airflow/dags/airflow_dag_spark_streaming.py
[2026-01-29T06:25:04.594+0000] {logging_mixin.py:188} INFO - [2026-01-29T06:25:04.594+0000] {dag.py:3036} INFO - Sync 1 DAGs
[2026-01-29T06:25:04.620+0000] {logging_mixin.py:188} INFO - [2026-01-29T06:25:04.620+0000] {dag.py:3823} INFO - Setting next_dagrun for spark_sgp4_streaming to None, run_after=None
[2026-01-29T06:25:04.654+0000] {processor.py:183} INFO - Processing /opt/airflow/dags/airflow_dag_spark_streaming.py took 0.133 seconds
[2026-01-29T06:25:34.872+0000] {processor.py:161} INFO - Started process (PID=312) to work on /opt/airflow/dags/airflow_dag_spark_streaming.py
[2026-01-29T06:25:34.875+0000] {processor.py:830} INFO - Processing file /opt/airflow/dags/airflow_dag_spark_streaming.py for tasks to queue
[2026-01-29T06:25:34.877+0000] {logging_mixin.py:188} INFO - [2026-01-29T06:25:34.876+0000] {dagbag.py:538} INFO - Filling up the DagBag from /opt/airflow/dags/airflow_dag_spark_streaming.py
[2026-01-29T06:25:34.899+0000] {processor.py:840} INFO - DAG(s) 'spark_sgp4_streaming' retrieved from /opt/airflow/dags/airflow_dag_spark_streaming.py
[2026-01-29T06:25:34.955+0000] {logging_mixin.py:188} INFO - [2026-01-29T06:25:34.955+0000] {dag.py:3036} INFO - Sync 1 DAGs
[2026-01-29T06:25:34.980+0000] {logging_mixin.py:188} INFO - [2026-01-29T06:25:34.980+0000] {dag.py:3823} INFO - Setting next_dagrun for spark_sgp4_streaming to None, run_after=None
[2026-01-29T06:25:35.014+0000] {processor.py:183} INFO - Processing /opt/airflow/dags/airflow_dag_spark_streaming.py took 0.147 seconds
[2026-01-29T06:26:05.198+0000] {processor.py:161} INFO - Started process (PID=322) to work on /opt/airflow/dags/airflow_dag_spark_streaming.py
[2026-01-29T06:26:05.200+0000] {processor.py:830} INFO - Processing file /opt/airflow/dags/airflow_dag_spark_streaming.py for tasks to queue
[2026-01-29T06:26:05.201+0000] {logging_mixin.py:188} INFO - [2026-01-29T06:26:05.201+0000] {dagbag.py:538} INFO - Filling up the DagBag from /opt/airflow/dags/airflow_dag_spark_streaming.py
[2026-01-29T06:26:05.218+0000] {processor.py:840} INFO - DAG(s) 'spark_sgp4_streaming' retrieved from /opt/airflow/dags/airflow_dag_spark_streaming.py
[2026-01-29T06:26:05.274+0000] {logging_mixin.py:188} INFO - [2026-01-29T06:26:05.274+0000] {dag.py:3036} INFO - Sync 1 DAGs
[2026-01-29T06:26:05.301+0000] {logging_mixin.py:188} INFO - [2026-01-29T06:26:05.300+0000] {dag.py:3823} INFO - Setting next_dagrun for spark_sgp4_streaming to None, run_after=None
[2026-01-29T06:26:05.335+0000] {processor.py:183} INFO - Processing /opt/airflow/dags/airflow_dag_spark_streaming.py took 0.141 seconds
[2026-01-29T06:26:35.517+0000] {processor.py:161} INFO - Started process (PID=332) to work on /opt/airflow/dags/airflow_dag_spark_streaming.py
[2026-01-29T06:26:35.520+0000] {processor.py:830} INFO - Processing file /opt/airflow/dags/airflow_dag_spark_streaming.py for tasks to queue
[2026-01-29T06:26:35.521+0000] {logging_mixin.py:188} INFO - [2026-01-29T06:26:35.521+0000] {dagbag.py:538} INFO - Filling up the DagBag from /opt/airflow/dags/airflow_dag_spark_streaming.py
[2026-01-29T06:26:35.536+0000] {processor.py:840} INFO - DAG(s) 'spark_sgp4_streaming' retrieved from /opt/airflow/dags/airflow_dag_spark_streaming.py
[2026-01-29T06:26:35.575+0000] {logging_mixin.py:188} INFO - [2026-01-29T06:26:35.574+0000] {dag.py:3036} INFO - Sync 1 DAGs
[2026-01-29T06:26:35.594+0000] {logging_mixin.py:188} INFO - [2026-01-29T06:26:35.594+0000] {dag.py:3823} INFO - Setting next_dagrun for spark_sgp4_streaming to None, run_after=None
[2026-01-29T06:26:35.620+0000] {processor.py:183} INFO - Processing /opt/airflow/dags/airflow_dag_spark_streaming.py took 0.108 seconds
[2026-01-29T06:27:05.807+0000] {processor.py:161} INFO - Started process (PID=342) to work on /opt/airflow/dags/airflow_dag_spark_streaming.py
[2026-01-29T06:27:05.808+0000] {processor.py:830} INFO - Processing file /opt/airflow/dags/airflow_dag_spark_streaming.py for tasks to queue
[2026-01-29T06:27:05.810+0000] {logging_mixin.py:188} INFO - [2026-01-29T06:27:05.809+0000] {dagbag.py:538} INFO - Filling up the DagBag from /opt/airflow/dags/airflow_dag_spark_streaming.py
[2026-01-29T06:27:05.829+0000] {processor.py:840} INFO - DAG(s) 'spark_sgp4_streaming' retrieved from /opt/airflow/dags/airflow_dag_spark_streaming.py
[2026-01-29T06:27:05.886+0000] {logging_mixin.py:188} INFO - [2026-01-29T06:27:05.885+0000] {dag.py:3036} INFO - Sync 1 DAGs
[2026-01-29T06:27:05.911+0000] {logging_mixin.py:188} INFO - [2026-01-29T06:27:05.911+0000] {dag.py:3823} INFO - Setting next_dagrun for spark_sgp4_streaming to None, run_after=None
[2026-01-29T06:27:05.945+0000] {processor.py:183} INFO - Processing /opt/airflow/dags/airflow_dag_spark_streaming.py took 0.144 seconds
[2026-01-29T06:27:36.169+0000] {processor.py:161} INFO - Started process (PID=352) to work on /opt/airflow/dags/airflow_dag_spark_streaming.py
[2026-01-29T06:27:36.171+0000] {processor.py:830} INFO - Processing file /opt/airflow/dags/airflow_dag_spark_streaming.py for tasks to queue
[2026-01-29T06:27:36.173+0000] {logging_mixin.py:188} INFO - [2026-01-29T06:27:36.172+0000] {dagbag.py:538} INFO - Filling up the DagBag from /opt/airflow/dags/airflow_dag_spark_streaming.py
[2026-01-29T06:27:36.194+0000] {processor.py:840} INFO - DAG(s) 'spark_sgp4_streaming' retrieved from /opt/airflow/dags/airflow_dag_spark_streaming.py
[2026-01-29T06:27:36.253+0000] {logging_mixin.py:188} INFO - [2026-01-29T06:27:36.252+0000] {dag.py:3036} INFO - Sync 1 DAGs
[2026-01-29T06:27:36.282+0000] {logging_mixin.py:188} INFO - [2026-01-29T06:27:36.281+0000] {dag.py:3823} INFO - Setting next_dagrun for spark_sgp4_streaming to None, run_after=None
[2026-01-29T06:27:36.311+0000] {processor.py:183} INFO - Processing /opt/airflow/dags/airflow_dag_spark_streaming.py took 0.148 seconds
[2026-01-29T06:28:06.523+0000] {processor.py:161} INFO - Started process (PID=362) to work on /opt/airflow/dags/airflow_dag_spark_streaming.py
[2026-01-29T06:28:06.526+0000] {processor.py:830} INFO - Processing file /opt/airflow/dags/airflow_dag_spark_streaming.py for tasks to queue
[2026-01-29T06:28:06.527+0000] {logging_mixin.py:188} INFO - [2026-01-29T06:28:06.527+0000] {dagbag.py:538} INFO - Filling up the DagBag from /opt/airflow/dags/airflow_dag_spark_streaming.py
[2026-01-29T06:28:06.547+0000] {processor.py:840} INFO - DAG(s) 'spark_sgp4_streaming' retrieved from /opt/airflow/dags/airflow_dag_spark_streaming.py
[2026-01-29T06:28:06.601+0000] {logging_mixin.py:188} INFO - [2026-01-29T06:28:06.601+0000] {dag.py:3036} INFO - Sync 1 DAGs
[2026-01-29T06:28:06.628+0000] {logging_mixin.py:188} INFO - [2026-01-29T06:28:06.628+0000] {dag.py:3823} INFO - Setting next_dagrun for spark_sgp4_streaming to None, run_after=None
[2026-01-29T06:28:06.664+0000] {processor.py:183} INFO - Processing /opt/airflow/dags/airflow_dag_spark_streaming.py took 0.147 seconds
[2026-01-29T06:28:36.888+0000] {processor.py:161} INFO - Started process (PID=372) to work on /opt/airflow/dags/airflow_dag_spark_streaming.py
[2026-01-29T06:28:36.889+0000] {processor.py:830} INFO - Processing file /opt/airflow/dags/airflow_dag_spark_streaming.py for tasks to queue
[2026-01-29T06:28:36.891+0000] {logging_mixin.py:188} INFO - [2026-01-29T06:28:36.890+0000] {dagbag.py:538} INFO - Filling up the DagBag from /opt/airflow/dags/airflow_dag_spark_streaming.py
[2026-01-29T06:28:36.914+0000] {processor.py:840} INFO - DAG(s) 'spark_sgp4_streaming' retrieved from /opt/airflow/dags/airflow_dag_spark_streaming.py
[2026-01-29T06:28:36.979+0000] {logging_mixin.py:188} INFO - [2026-01-29T06:28:36.978+0000] {dag.py:3036} INFO - Sync 1 DAGs
[2026-01-29T06:28:37.009+0000] {logging_mixin.py:188} INFO - [2026-01-29T06:28:37.009+0000] {dag.py:3823} INFO - Setting next_dagrun for spark_sgp4_streaming to None, run_after=None
[2026-01-29T06:28:37.048+0000] {processor.py:183} INFO - Processing /opt/airflow/dags/airflow_dag_spark_streaming.py took 0.166 seconds
[2026-01-29T06:29:07.276+0000] {processor.py:161} INFO - Started process (PID=382) to work on /opt/airflow/dags/airflow_dag_spark_streaming.py
[2026-01-29T06:29:07.278+0000] {processor.py:830} INFO - Processing file /opt/airflow/dags/airflow_dag_spark_streaming.py for tasks to queue
[2026-01-29T06:29:07.280+0000] {logging_mixin.py:188} INFO - [2026-01-29T06:29:07.279+0000] {dagbag.py:538} INFO - Filling up the DagBag from /opt/airflow/dags/airflow_dag_spark_streaming.py
[2026-01-29T06:29:07.299+0000] {processor.py:840} INFO - DAG(s) 'spark_sgp4_streaming' retrieved from /opt/airflow/dags/airflow_dag_spark_streaming.py
[2026-01-29T06:29:07.357+0000] {logging_mixin.py:188} INFO - [2026-01-29T06:29:07.356+0000] {dag.py:3036} INFO - Sync 1 DAGs
[2026-01-29T06:29:07.385+0000] {logging_mixin.py:188} INFO - [2026-01-29T06:29:07.384+0000] {dag.py:3823} INFO - Setting next_dagrun for spark_sgp4_streaming to None, run_after=None
[2026-01-29T06:29:07.418+0000] {processor.py:183} INFO - Processing /opt/airflow/dags/airflow_dag_spark_streaming.py took 0.147 seconds
[2026-01-29T06:29:37.640+0000] {processor.py:161} INFO - Started process (PID=392) to work on /opt/airflow/dags/airflow_dag_spark_streaming.py
[2026-01-29T06:29:37.642+0000] {processor.py:830} INFO - Processing file /opt/airflow/dags/airflow_dag_spark_streaming.py for tasks to queue
[2026-01-29T06:29:37.643+0000] {logging_mixin.py:188} INFO - [2026-01-29T06:29:37.642+0000] {dagbag.py:538} INFO - Filling up the DagBag from /opt/airflow/dags/airflow_dag_spark_streaming.py
[2026-01-29T06:29:37.663+0000] {processor.py:840} INFO - DAG(s) 'spark_sgp4_streaming' retrieved from /opt/airflow/dags/airflow_dag_spark_streaming.py
[2026-01-29T06:29:37.721+0000] {logging_mixin.py:188} INFO - [2026-01-29T06:29:37.721+0000] {dag.py:3036} INFO - Sync 1 DAGs
[2026-01-29T06:29:37.747+0000] {logging_mixin.py:188} INFO - [2026-01-29T06:29:37.747+0000] {dag.py:3823} INFO - Setting next_dagrun for spark_sgp4_streaming to None, run_after=None
[2026-01-29T06:29:37.784+0000] {processor.py:183} INFO - Processing /opt/airflow/dags/airflow_dag_spark_streaming.py took 0.150 seconds
[2026-01-29T06:30:08.005+0000] {processor.py:161} INFO - Started process (PID=402) to work on /opt/airflow/dags/airflow_dag_spark_streaming.py
[2026-01-29T06:30:08.006+0000] {processor.py:830} INFO - Processing file /opt/airflow/dags/airflow_dag_spark_streaming.py for tasks to queue
[2026-01-29T06:30:08.008+0000] {logging_mixin.py:188} INFO - [2026-01-29T06:30:08.007+0000] {dagbag.py:538} INFO - Filling up the DagBag from /opt/airflow/dags/airflow_dag_spark_streaming.py
[2026-01-29T06:30:08.027+0000] {processor.py:840} INFO - DAG(s) 'spark_sgp4_streaming' retrieved from /opt/airflow/dags/airflow_dag_spark_streaming.py
[2026-01-29T06:30:08.085+0000] {logging_mixin.py:188} INFO - [2026-01-29T06:30:08.085+0000] {dag.py:3036} INFO - Sync 1 DAGs
[2026-01-29T06:30:08.111+0000] {logging_mixin.py:188} INFO - [2026-01-29T06:30:08.111+0000] {dag.py:3823} INFO - Setting next_dagrun for spark_sgp4_streaming to None, run_after=None
[2026-01-29T06:30:08.143+0000] {processor.py:183} INFO - Processing /opt/airflow/dags/airflow_dag_spark_streaming.py took 0.145 seconds
[2026-01-29T06:30:38.381+0000] {processor.py:161} INFO - Started process (PID=412) to work on /opt/airflow/dags/airflow_dag_spark_streaming.py
[2026-01-29T06:30:38.384+0000] {processor.py:830} INFO - Processing file /opt/airflow/dags/airflow_dag_spark_streaming.py for tasks to queue
[2026-01-29T06:30:38.386+0000] {logging_mixin.py:188} INFO - [2026-01-29T06:30:38.385+0000] {dagbag.py:538} INFO - Filling up the DagBag from /opt/airflow/dags/airflow_dag_spark_streaming.py
[2026-01-29T06:30:38.405+0000] {processor.py:840} INFO - DAG(s) 'spark_sgp4_streaming' retrieved from /opt/airflow/dags/airflow_dag_spark_streaming.py
[2026-01-29T06:30:38.465+0000] {logging_mixin.py:188} INFO - [2026-01-29T06:30:38.465+0000] {dag.py:3036} INFO - Sync 1 DAGs
[2026-01-29T06:30:38.492+0000] {logging_mixin.py:188} INFO - [2026-01-29T06:30:38.491+0000] {dag.py:3823} INFO - Setting next_dagrun for spark_sgp4_streaming to None, run_after=None
[2026-01-29T06:30:38.526+0000] {processor.py:183} INFO - Processing /opt/airflow/dags/airflow_dag_spark_streaming.py took 0.150 seconds
[2026-01-29T06:31:08.744+0000] {processor.py:161} INFO - Started process (PID=422) to work on /opt/airflow/dags/airflow_dag_spark_streaming.py
[2026-01-29T06:31:08.745+0000] {processor.py:830} INFO - Processing file /opt/airflow/dags/airflow_dag_spark_streaming.py for tasks to queue
[2026-01-29T06:31:08.746+0000] {logging_mixin.py:188} INFO - [2026-01-29T06:31:08.746+0000] {dagbag.py:538} INFO - Filling up the DagBag from /opt/airflow/dags/airflow_dag_spark_streaming.py
[2026-01-29T06:31:08.765+0000] {processor.py:840} INFO - DAG(s) 'spark_sgp4_streaming' retrieved from /opt/airflow/dags/airflow_dag_spark_streaming.py
[2026-01-29T06:31:08.819+0000] {logging_mixin.py:188} INFO - [2026-01-29T06:31:08.818+0000] {dag.py:3036} INFO - Sync 1 DAGs
[2026-01-29T06:31:08.844+0000] {logging_mixin.py:188} INFO - [2026-01-29T06:31:08.843+0000] {dag.py:3823} INFO - Setting next_dagrun for spark_sgp4_streaming to None, run_after=None
[2026-01-29T06:31:08.877+0000] {processor.py:183} INFO - Processing /opt/airflow/dags/airflow_dag_spark_streaming.py took 0.139 seconds
[2026-01-29T06:31:39.097+0000] {processor.py:161} INFO - Started process (PID=432) to work on /opt/airflow/dags/airflow_dag_spark_streaming.py
[2026-01-29T06:31:39.099+0000] {processor.py:830} INFO - Processing file /opt/airflow/dags/airflow_dag_spark_streaming.py for tasks to queue
[2026-01-29T06:31:39.100+0000] {logging_mixin.py:188} INFO - [2026-01-29T06:31:39.099+0000] {dagbag.py:538} INFO - Filling up the DagBag from /opt/airflow/dags/airflow_dag_spark_streaming.py
[2026-01-29T06:31:39.119+0000] {processor.py:840} INFO - DAG(s) 'spark_sgp4_streaming' retrieved from /opt/airflow/dags/airflow_dag_spark_streaming.py
[2026-01-29T06:31:39.178+0000] {logging_mixin.py:188} INFO - [2026-01-29T06:31:39.177+0000] {dag.py:3036} INFO - Sync 1 DAGs
[2026-01-29T06:31:39.204+0000] {logging_mixin.py:188} INFO - [2026-01-29T06:31:39.203+0000] {dag.py:3823} INFO - Setting next_dagrun for spark_sgp4_streaming to None, run_after=None
[2026-01-29T06:31:39.236+0000] {processor.py:183} INFO - Processing /opt/airflow/dags/airflow_dag_spark_streaming.py took 0.144 seconds
[2026-01-29T06:32:09.463+0000] {processor.py:161} INFO - Started process (PID=442) to work on /opt/airflow/dags/airflow_dag_spark_streaming.py
[2026-01-29T06:32:09.466+0000] {processor.py:830} INFO - Processing file /opt/airflow/dags/airflow_dag_spark_streaming.py for tasks to queue
[2026-01-29T06:32:09.468+0000] {logging_mixin.py:188} INFO - [2026-01-29T06:32:09.467+0000] {dagbag.py:538} INFO - Filling up the DagBag from /opt/airflow/dags/airflow_dag_spark_streaming.py
[2026-01-29T06:32:09.487+0000] {processor.py:840} INFO - DAG(s) 'spark_sgp4_streaming' retrieved from /opt/airflow/dags/airflow_dag_spark_streaming.py
[2026-01-29T06:32:09.545+0000] {logging_mixin.py:188} INFO - [2026-01-29T06:32:09.544+0000] {dag.py:3036} INFO - Sync 1 DAGs
[2026-01-29T06:32:09.572+0000] {logging_mixin.py:188} INFO - [2026-01-29T06:32:09.572+0000] {dag.py:3823} INFO - Setting next_dagrun for spark_sgp4_streaming to None, run_after=None
[2026-01-29T06:32:09.602+0000] {processor.py:183} INFO - Processing /opt/airflow/dags/airflow_dag_spark_streaming.py took 0.145 seconds
[2026-01-29T06:32:39.835+0000] {processor.py:161} INFO - Started process (PID=452) to work on /opt/airflow/dags/airflow_dag_spark_streaming.py
[2026-01-29T06:32:39.837+0000] {processor.py:830} INFO - Processing file /opt/airflow/dags/airflow_dag_spark_streaming.py for tasks to queue
[2026-01-29T06:32:39.838+0000] {logging_mixin.py:188} INFO - [2026-01-29T06:32:39.837+0000] {dagbag.py:538} INFO - Filling up the DagBag from /opt/airflow/dags/airflow_dag_spark_streaming.py
[2026-01-29T06:32:39.857+0000] {processor.py:840} INFO - DAG(s) 'spark_sgp4_streaming' retrieved from /opt/airflow/dags/airflow_dag_spark_streaming.py
[2026-01-29T06:32:39.914+0000] {logging_mixin.py:188} INFO - [2026-01-29T06:32:39.913+0000] {dag.py:3036} INFO - Sync 1 DAGs
[2026-01-29T06:32:39.940+0000] {logging_mixin.py:188} INFO - [2026-01-29T06:32:39.939+0000] {dag.py:3823} INFO - Setting next_dagrun for spark_sgp4_streaming to None, run_after=None
[2026-01-29T06:32:39.972+0000] {processor.py:183} INFO - Processing /opt/airflow/dags/airflow_dag_spark_streaming.py took 0.142 seconds
[2026-01-29T06:33:10.191+0000] {processor.py:161} INFO - Started process (PID=462) to work on /opt/airflow/dags/airflow_dag_spark_streaming.py
[2026-01-29T06:33:10.192+0000] {processor.py:830} INFO - Processing file /opt/airflow/dags/airflow_dag_spark_streaming.py for tasks to queue
[2026-01-29T06:33:10.193+0000] {logging_mixin.py:188} INFO - [2026-01-29T06:33:10.193+0000] {dagbag.py:538} INFO - Filling up the DagBag from /opt/airflow/dags/airflow_dag_spark_streaming.py
[2026-01-29T06:33:10.213+0000] {processor.py:840} INFO - DAG(s) 'spark_sgp4_streaming' retrieved from /opt/airflow/dags/airflow_dag_spark_streaming.py
[2026-01-29T06:33:10.269+0000] {logging_mixin.py:188} INFO - [2026-01-29T06:33:10.269+0000] {dag.py:3036} INFO - Sync 1 DAGs
[2026-01-29T06:33:10.295+0000] {logging_mixin.py:188} INFO - [2026-01-29T06:33:10.295+0000] {dag.py:3823} INFO - Setting next_dagrun for spark_sgp4_streaming to None, run_after=None
[2026-01-29T06:33:10.331+0000] {processor.py:183} INFO - Processing /opt/airflow/dags/airflow_dag_spark_streaming.py took 0.146 seconds
[2026-01-29T06:33:40.548+0000] {processor.py:161} INFO - Started process (PID=472) to work on /opt/airflow/dags/airflow_dag_spark_streaming.py
[2026-01-29T06:33:40.549+0000] {processor.py:830} INFO - Processing file /opt/airflow/dags/airflow_dag_spark_streaming.py for tasks to queue
[2026-01-29T06:33:40.550+0000] {logging_mixin.py:188} INFO - [2026-01-29T06:33:40.550+0000] {dagbag.py:538} INFO - Filling up the DagBag from /opt/airflow/dags/airflow_dag_spark_streaming.py
[2026-01-29T06:33:40.569+0000] {processor.py:840} INFO - DAG(s) 'spark_sgp4_streaming' retrieved from /opt/airflow/dags/airflow_dag_spark_streaming.py
[2026-01-29T06:33:40.627+0000] {logging_mixin.py:188} INFO - [2026-01-29T06:33:40.626+0000] {dag.py:3036} INFO - Sync 1 DAGs
[2026-01-29T06:33:40.654+0000] {logging_mixin.py:188} INFO - [2026-01-29T06:33:40.653+0000] {dag.py:3823} INFO - Setting next_dagrun for spark_sgp4_streaming to None, run_after=None
[2026-01-29T06:33:40.687+0000] {processor.py:183} INFO - Processing /opt/airflow/dags/airflow_dag_spark_streaming.py took 0.145 seconds
[2026-01-29T06:34:10.909+0000] {processor.py:161} INFO - Started process (PID=482) to work on /opt/airflow/dags/airflow_dag_spark_streaming.py
[2026-01-29T06:34:10.912+0000] {processor.py:830} INFO - Processing file /opt/airflow/dags/airflow_dag_spark_streaming.py for tasks to queue
[2026-01-29T06:34:10.913+0000] {logging_mixin.py:188} INFO - [2026-01-29T06:34:10.912+0000] {dagbag.py:538} INFO - Filling up the DagBag from /opt/airflow/dags/airflow_dag_spark_streaming.py
[2026-01-29T06:34:10.933+0000] {processor.py:840} INFO - DAG(s) 'spark_sgp4_streaming' retrieved from /opt/airflow/dags/airflow_dag_spark_streaming.py
[2026-01-29T06:34:10.992+0000] {logging_mixin.py:188} INFO - [2026-01-29T06:34:10.991+0000] {dag.py:3036} INFO - Sync 1 DAGs
[2026-01-29T06:34:11.017+0000] {logging_mixin.py:188} INFO - [2026-01-29T06:34:11.017+0000] {dag.py:3823} INFO - Setting next_dagrun for spark_sgp4_streaming to None, run_after=None
[2026-01-29T06:34:11.054+0000] {processor.py:183} INFO - Processing /opt/airflow/dags/airflow_dag_spark_streaming.py took 0.151 seconds
[2026-01-29T06:34:41.277+0000] {processor.py:161} INFO - Started process (PID=492) to work on /opt/airflow/dags/airflow_dag_spark_streaming.py
[2026-01-29T06:34:41.278+0000] {processor.py:830} INFO - Processing file /opt/airflow/dags/airflow_dag_spark_streaming.py for tasks to queue
[2026-01-29T06:34:41.279+0000] {logging_mixin.py:188} INFO - [2026-01-29T06:34:41.279+0000] {dagbag.py:538} INFO - Filling up the DagBag from /opt/airflow/dags/airflow_dag_spark_streaming.py
[2026-01-29T06:34:41.298+0000] {processor.py:840} INFO - DAG(s) 'spark_sgp4_streaming' retrieved from /opt/airflow/dags/airflow_dag_spark_streaming.py
[2026-01-29T06:34:41.356+0000] {logging_mixin.py:188} INFO - [2026-01-29T06:34:41.355+0000] {dag.py:3036} INFO - Sync 1 DAGs
[2026-01-29T06:34:41.382+0000] {logging_mixin.py:188} INFO - [2026-01-29T06:34:41.381+0000] {dag.py:3823} INFO - Setting next_dagrun for spark_sgp4_streaming to None, run_after=None
[2026-01-29T06:34:41.415+0000] {processor.py:183} INFO - Processing /opt/airflow/dags/airflow_dag_spark_streaming.py took 0.144 seconds
[2026-01-29T06:35:11.633+0000] {processor.py:161} INFO - Started process (PID=502) to work on /opt/airflow/dags/airflow_dag_spark_streaming.py
[2026-01-29T06:35:11.636+0000] {processor.py:830} INFO - Processing file /opt/airflow/dags/airflow_dag_spark_streaming.py for tasks to queue
[2026-01-29T06:35:11.638+0000] {logging_mixin.py:188} INFO - [2026-01-29T06:35:11.637+0000] {dagbag.py:538} INFO - Filling up the DagBag from /opt/airflow/dags/airflow_dag_spark_streaming.py
[2026-01-29T06:35:11.657+0000] {processor.py:840} INFO - DAG(s) 'spark_sgp4_streaming' retrieved from /opt/airflow/dags/airflow_dag_spark_streaming.py
[2026-01-29T06:35:11.714+0000] {logging_mixin.py:188} INFO - [2026-01-29T06:35:11.713+0000] {dag.py:3036} INFO - Sync 1 DAGs
[2026-01-29T06:35:11.740+0000] {logging_mixin.py:188} INFO - [2026-01-29T06:35:11.740+0000] {dag.py:3823} INFO - Setting next_dagrun for spark_sgp4_streaming to None, run_after=None
[2026-01-29T06:35:11.776+0000] {processor.py:183} INFO - Processing /opt/airflow/dags/airflow_dag_spark_streaming.py took 0.148 seconds
[2026-01-29T06:35:42.014+0000] {processor.py:161} INFO - Started process (PID=512) to work on /opt/airflow/dags/airflow_dag_spark_streaming.py
[2026-01-29T06:35:42.015+0000] {processor.py:830} INFO - Processing file /opt/airflow/dags/airflow_dag_spark_streaming.py for tasks to queue
[2026-01-29T06:35:42.017+0000] {logging_mixin.py:188} INFO - [2026-01-29T06:35:42.016+0000] {dagbag.py:538} INFO - Filling up the DagBag from /opt/airflow/dags/airflow_dag_spark_streaming.py
[2026-01-29T06:35:42.036+0000] {processor.py:840} INFO - DAG(s) 'spark_sgp4_streaming' retrieved from /opt/airflow/dags/airflow_dag_spark_streaming.py
[2026-01-29T06:35:42.093+0000] {logging_mixin.py:188} INFO - [2026-01-29T06:35:42.092+0000] {dag.py:3036} INFO - Sync 1 DAGs
[2026-01-29T06:35:42.118+0000] {logging_mixin.py:188} INFO - [2026-01-29T06:35:42.118+0000] {dag.py:3823} INFO - Setting next_dagrun for spark_sgp4_streaming to None, run_after=None
[2026-01-29T06:35:42.153+0000] {processor.py:183} INFO - Processing /opt/airflow/dags/airflow_dag_spark_streaming.py took 0.145 seconds
[2026-01-29T06:36:12.375+0000] {processor.py:161} INFO - Started process (PID=522) to work on /opt/airflow/dags/airflow_dag_spark_streaming.py
[2026-01-29T06:36:12.377+0000] {processor.py:830} INFO - Processing file /opt/airflow/dags/airflow_dag_spark_streaming.py for tasks to queue
[2026-01-29T06:36:12.378+0000] {logging_mixin.py:188} INFO - [2026-01-29T06:36:12.378+0000] {dagbag.py:538} INFO - Filling up the DagBag from /opt/airflow/dags/airflow_dag_spark_streaming.py
[2026-01-29T06:36:12.397+0000] {processor.py:840} INFO - DAG(s) 'spark_sgp4_streaming' retrieved from /opt/airflow/dags/airflow_dag_spark_streaming.py
[2026-01-29T06:36:12.454+0000] {logging_mixin.py:188} INFO - [2026-01-29T06:36:12.454+0000] {dag.py:3036} INFO - Sync 1 DAGs
[2026-01-29T06:36:12.481+0000] {logging_mixin.py:188} INFO - [2026-01-29T06:36:12.481+0000] {dag.py:3823} INFO - Setting next_dagrun for spark_sgp4_streaming to None, run_after=None
[2026-01-29T06:36:12.514+0000] {processor.py:183} INFO - Processing /opt/airflow/dags/airflow_dag_spark_streaming.py took 0.144 seconds
[2026-01-29T06:36:42.741+0000] {processor.py:161} INFO - Started process (PID=532) to work on /opt/airflow/dags/airflow_dag_spark_streaming.py
[2026-01-29T06:36:42.744+0000] {processor.py:830} INFO - Processing file /opt/airflow/dags/airflow_dag_spark_streaming.py for tasks to queue
[2026-01-29T06:36:42.745+0000] {logging_mixin.py:188} INFO - [2026-01-29T06:36:42.744+0000] {dagbag.py:538} INFO - Filling up the DagBag from /opt/airflow/dags/airflow_dag_spark_streaming.py
[2026-01-29T06:36:42.765+0000] {processor.py:840} INFO - DAG(s) 'spark_sgp4_streaming' retrieved from /opt/airflow/dags/airflow_dag_spark_streaming.py
[2026-01-29T06:36:42.826+0000] {logging_mixin.py:188} INFO - [2026-01-29T06:36:42.826+0000] {dag.py:3036} INFO - Sync 1 DAGs
[2026-01-29T06:36:42.854+0000] {logging_mixin.py:188} INFO - [2026-01-29T06:36:42.854+0000] {dag.py:3823} INFO - Setting next_dagrun for spark_sgp4_streaming to None, run_after=None
[2026-01-29T06:36:42.888+0000] {processor.py:183} INFO - Processing /opt/airflow/dags/airflow_dag_spark_streaming.py took 0.154 seconds
[2026-01-29T06:37:13.103+0000] {processor.py:161} INFO - Started process (PID=542) to work on /opt/airflow/dags/airflow_dag_spark_streaming.py
[2026-01-29T06:37:13.104+0000] {processor.py:830} INFO - Processing file /opt/airflow/dags/airflow_dag_spark_streaming.py for tasks to queue
[2026-01-29T06:37:13.105+0000] {logging_mixin.py:188} INFO - [2026-01-29T06:37:13.105+0000] {dagbag.py:538} INFO - Filling up the DagBag from /opt/airflow/dags/airflow_dag_spark_streaming.py
[2026-01-29T06:37:13.125+0000] {processor.py:840} INFO - DAG(s) 'spark_sgp4_streaming' retrieved from /opt/airflow/dags/airflow_dag_spark_streaming.py
[2026-01-29T06:37:13.187+0000] {logging_mixin.py:188} INFO - [2026-01-29T06:37:13.187+0000] {dag.py:3036} INFO - Sync 1 DAGs
[2026-01-29T06:37:13.214+0000] {logging_mixin.py:188} INFO - [2026-01-29T06:37:13.213+0000] {dag.py:3823} INFO - Setting next_dagrun for spark_sgp4_streaming to None, run_after=None
[2026-01-29T06:37:13.244+0000] {processor.py:183} INFO - Processing /opt/airflow/dags/airflow_dag_spark_streaming.py took 0.147 seconds
[2026-01-29T06:37:43.458+0000] {processor.py:161} INFO - Started process (PID=552) to work on /opt/airflow/dags/airflow_dag_spark_streaming.py
[2026-01-29T06:37:43.460+0000] {processor.py:830} INFO - Processing file /opt/airflow/dags/airflow_dag_spark_streaming.py for tasks to queue
[2026-01-29T06:37:43.461+0000] {logging_mixin.py:188} INFO - [2026-01-29T06:37:43.460+0000] {dagbag.py:538} INFO - Filling up the DagBag from /opt/airflow/dags/airflow_dag_spark_streaming.py
[2026-01-29T06:37:43.481+0000] {processor.py:840} INFO - DAG(s) 'spark_sgp4_streaming' retrieved from /opt/airflow/dags/airflow_dag_spark_streaming.py
[2026-01-29T06:37:43.540+0000] {logging_mixin.py:188} INFO - [2026-01-29T06:37:43.539+0000] {dag.py:3036} INFO - Sync 1 DAGs
[2026-01-29T06:37:43.568+0000] {logging_mixin.py:188} INFO - [2026-01-29T06:37:43.568+0000] {dag.py:3823} INFO - Setting next_dagrun for spark_sgp4_streaming to None, run_after=None
[2026-01-29T06:37:43.600+0000] {processor.py:183} INFO - Processing /opt/airflow/dags/airflow_dag_spark_streaming.py took 0.146 seconds
[2026-01-29T06:38:13.809+0000] {processor.py:161} INFO - Started process (PID=562) to work on /opt/airflow/dags/airflow_dag_spark_streaming.py
[2026-01-29T06:38:13.810+0000] {processor.py:830} INFO - Processing file /opt/airflow/dags/airflow_dag_spark_streaming.py for tasks to queue
[2026-01-29T06:38:13.811+0000] {logging_mixin.py:188} INFO - [2026-01-29T06:38:13.810+0000] {dagbag.py:538} INFO - Filling up the DagBag from /opt/airflow/dags/airflow_dag_spark_streaming.py
[2026-01-29T06:38:13.826+0000] {processor.py:840} INFO - DAG(s) 'spark_sgp4_streaming' retrieved from /opt/airflow/dags/airflow_dag_spark_streaming.py
[2026-01-29T06:38:13.879+0000] {logging_mixin.py:188} INFO - [2026-01-29T06:38:13.878+0000] {dag.py:3036} INFO - Sync 1 DAGs
[2026-01-29T06:38:13.905+0000] {logging_mixin.py:188} INFO - [2026-01-29T06:38:13.905+0000] {dag.py:3823} INFO - Setting next_dagrun for spark_sgp4_streaming to None, run_after=None
[2026-01-29T06:38:13.938+0000] {processor.py:183} INFO - Processing /opt/airflow/dags/airflow_dag_spark_streaming.py took 0.133 seconds
[2026-01-29T06:38:44.149+0000] {processor.py:161} INFO - Started process (PID=572) to work on /opt/airflow/dags/airflow_dag_spark_streaming.py
[2026-01-29T06:38:44.152+0000] {processor.py:830} INFO - Processing file /opt/airflow/dags/airflow_dag_spark_streaming.py for tasks to queue
[2026-01-29T06:38:44.154+0000] {logging_mixin.py:188} INFO - [2026-01-29T06:38:44.153+0000] {dagbag.py:538} INFO - Filling up the DagBag from /opt/airflow/dags/airflow_dag_spark_streaming.py
[2026-01-29T06:38:44.176+0000] {processor.py:840} INFO - DAG(s) 'spark_sgp4_streaming' retrieved from /opt/airflow/dags/airflow_dag_spark_streaming.py
[2026-01-29T06:38:44.239+0000] {logging_mixin.py:188} INFO - [2026-01-29T06:38:44.239+0000] {dag.py:3036} INFO - Sync 1 DAGs
[2026-01-29T06:38:44.268+0000] {logging_mixin.py:188} INFO - [2026-01-29T06:38:44.267+0000] {dag.py:3823} INFO - Setting next_dagrun for spark_sgp4_streaming to None, run_after=None
[2026-01-29T06:38:44.305+0000] {processor.py:183} INFO - Processing /opt/airflow/dags/airflow_dag_spark_streaming.py took 0.161 seconds
[2026-01-29T06:39:14.515+0000] {processor.py:161} INFO - Started process (PID=582) to work on /opt/airflow/dags/airflow_dag_spark_streaming.py
[2026-01-29T06:39:14.516+0000] {processor.py:830} INFO - Processing file /opt/airflow/dags/airflow_dag_spark_streaming.py for tasks to queue
[2026-01-29T06:39:14.517+0000] {logging_mixin.py:188} INFO - [2026-01-29T06:39:14.517+0000] {dagbag.py:538} INFO - Filling up the DagBag from /opt/airflow/dags/airflow_dag_spark_streaming.py
[2026-01-29T06:39:14.535+0000] {processor.py:840} INFO - DAG(s) 'spark_sgp4_streaming' retrieved from /opt/airflow/dags/airflow_dag_spark_streaming.py
[2026-01-29T06:39:14.589+0000] {logging_mixin.py:188} INFO - [2026-01-29T06:39:14.589+0000] {dag.py:3036} INFO - Sync 1 DAGs
[2026-01-29T06:39:14.613+0000] {logging_mixin.py:188} INFO - [2026-01-29T06:39:14.613+0000] {dag.py:3823} INFO - Setting next_dagrun for spark_sgp4_streaming to None, run_after=None
[2026-01-29T06:39:14.645+0000] {processor.py:183} INFO - Processing /opt/airflow/dags/airflow_dag_spark_streaming.py took 0.136 seconds
[2026-01-29T06:39:44.853+0000] {processor.py:161} INFO - Started process (PID=592) to work on /opt/airflow/dags/airflow_dag_spark_streaming.py
[2026-01-29T06:39:44.853+0000] {processor.py:830} INFO - Processing file /opt/airflow/dags/airflow_dag_spark_streaming.py for tasks to queue
[2026-01-29T06:39:44.854+0000] {logging_mixin.py:188} INFO - [2026-01-29T06:39:44.854+0000] {dagbag.py:538} INFO - Filling up the DagBag from /opt/airflow/dags/airflow_dag_spark_streaming.py
[2026-01-29T06:39:44.874+0000] {processor.py:840} INFO - DAG(s) 'spark_sgp4_streaming' retrieved from /opt/airflow/dags/airflow_dag_spark_streaming.py
[2026-01-29T06:39:44.931+0000] {logging_mixin.py:188} INFO - [2026-01-29T06:39:44.931+0000] {dag.py:3036} INFO - Sync 1 DAGs
[2026-01-29T06:39:44.958+0000] {logging_mixin.py:188} INFO - [2026-01-29T06:39:44.958+0000] {dag.py:3823} INFO - Setting next_dagrun for spark_sgp4_streaming to None, run_after=None
[2026-01-29T06:39:44.992+0000] {processor.py:183} INFO - Processing /opt/airflow/dags/airflow_dag_spark_streaming.py took 0.144 seconds
[2026-01-29T06:40:15.195+0000] {processor.py:161} INFO - Started process (PID=602) to work on /opt/airflow/dags/airflow_dag_spark_streaming.py
[2026-01-29T06:40:15.197+0000] {processor.py:830} INFO - Processing file /opt/airflow/dags/airflow_dag_spark_streaming.py for tasks to queue
[2026-01-29T06:40:15.198+0000] {logging_mixin.py:188} INFO - [2026-01-29T06:40:15.197+0000] {dagbag.py:538} INFO - Filling up the DagBag from /opt/airflow/dags/airflow_dag_spark_streaming.py
[2026-01-29T06:40:15.216+0000] {processor.py:840} INFO - DAG(s) 'spark_sgp4_streaming' retrieved from /opt/airflow/dags/airflow_dag_spark_streaming.py
[2026-01-29T06:40:15.270+0000] {logging_mixin.py:188} INFO - [2026-01-29T06:40:15.270+0000] {dag.py:3036} INFO - Sync 1 DAGs
[2026-01-29T06:40:15.295+0000] {logging_mixin.py:188} INFO - [2026-01-29T06:40:15.295+0000] {dag.py:3823} INFO - Setting next_dagrun for spark_sgp4_streaming to None, run_after=None
[2026-01-29T06:40:15.327+0000] {processor.py:183} INFO - Processing /opt/airflow/dags/airflow_dag_spark_streaming.py took 0.137 seconds
[2026-01-29T06:40:45.567+0000] {processor.py:161} INFO - Started process (PID=612) to work on /opt/airflow/dags/airflow_dag_spark_streaming.py
[2026-01-29T06:40:45.570+0000] {processor.py:830} INFO - Processing file /opt/airflow/dags/airflow_dag_spark_streaming.py for tasks to queue
[2026-01-29T06:40:45.572+0000] {logging_mixin.py:188} INFO - [2026-01-29T06:40:45.571+0000] {dagbag.py:538} INFO - Filling up the DagBag from /opt/airflow/dags/airflow_dag_spark_streaming.py
[2026-01-29T06:40:45.591+0000] {processor.py:840} INFO - DAG(s) 'spark_sgp4_streaming' retrieved from /opt/airflow/dags/airflow_dag_spark_streaming.py
[2026-01-29T06:40:45.652+0000] {logging_mixin.py:188} INFO - [2026-01-29T06:40:45.652+0000] {dag.py:3036} INFO - Sync 1 DAGs
[2026-01-29T06:40:45.678+0000] {logging_mixin.py:188} INFO - [2026-01-29T06:40:45.678+0000] {dag.py:3823} INFO - Setting next_dagrun for spark_sgp4_streaming to None, run_after=None
[2026-01-29T06:40:45.712+0000] {processor.py:183} INFO - Processing /opt/airflow/dags/airflow_dag_spark_streaming.py took 0.150 seconds
[2026-01-29T06:41:15.936+0000] {processor.py:161} INFO - Started process (PID=622) to work on /opt/airflow/dags/airflow_dag_spark_streaming.py
[2026-01-29T06:41:15.937+0000] {processor.py:830} INFO - Processing file /opt/airflow/dags/airflow_dag_spark_streaming.py for tasks to queue
[2026-01-29T06:41:15.939+0000] {logging_mixin.py:188} INFO - [2026-01-29T06:41:15.938+0000] {dagbag.py:538} INFO - Filling up the DagBag from /opt/airflow/dags/airflow_dag_spark_streaming.py
[2026-01-29T06:41:15.960+0000] {processor.py:840} INFO - DAG(s) 'spark_sgp4_streaming' retrieved from /opt/airflow/dags/airflow_dag_spark_streaming.py
[2026-01-29T06:41:16.020+0000] {logging_mixin.py:188} INFO - [2026-01-29T06:41:16.020+0000] {dag.py:3036} INFO - Sync 1 DAGs
[2026-01-29T06:41:16.048+0000] {logging_mixin.py:188} INFO - [2026-01-29T06:41:16.048+0000] {dag.py:3823} INFO - Setting next_dagrun for spark_sgp4_streaming to None, run_after=None
[2026-01-29T06:41:16.083+0000] {processor.py:183} INFO - Processing /opt/airflow/dags/airflow_dag_spark_streaming.py took 0.153 seconds
[2026-01-29T06:41:46.306+0000] {processor.py:161} INFO - Started process (PID=632) to work on /opt/airflow/dags/airflow_dag_spark_streaming.py
[2026-01-29T06:41:46.307+0000] {processor.py:830} INFO - Processing file /opt/airflow/dags/airflow_dag_spark_streaming.py for tasks to queue
[2026-01-29T06:41:46.309+0000] {logging_mixin.py:188} INFO - [2026-01-29T06:41:46.308+0000] {dagbag.py:538} INFO - Filling up the DagBag from /opt/airflow/dags/airflow_dag_spark_streaming.py
[2026-01-29T06:41:46.328+0000] {processor.py:840} INFO - DAG(s) 'spark_sgp4_streaming' retrieved from /opt/airflow/dags/airflow_dag_spark_streaming.py
[2026-01-29T06:41:46.386+0000] {logging_mixin.py:188} INFO - [2026-01-29T06:41:46.385+0000] {dag.py:3036} INFO - Sync 1 DAGs
[2026-01-29T06:41:46.412+0000] {logging_mixin.py:188} INFO - [2026-01-29T06:41:46.411+0000] {dag.py:3823} INFO - Setting next_dagrun for spark_sgp4_streaming to None, run_after=None
[2026-01-29T06:41:46.446+0000] {processor.py:183} INFO - Processing /opt/airflow/dags/airflow_dag_spark_streaming.py took 0.146 seconds
[2026-01-29T06:42:16.669+0000] {processor.py:161} INFO - Started process (PID=642) to work on /opt/airflow/dags/airflow_dag_spark_streaming.py
[2026-01-29T06:42:16.670+0000] {processor.py:830} INFO - Processing file /opt/airflow/dags/airflow_dag_spark_streaming.py for tasks to queue
[2026-01-29T06:42:16.672+0000] {logging_mixin.py:188} INFO - [2026-01-29T06:42:16.671+0000] {dagbag.py:538} INFO - Filling up the DagBag from /opt/airflow/dags/airflow_dag_spark_streaming.py
[2026-01-29T06:42:16.692+0000] {processor.py:840} INFO - DAG(s) 'spark_sgp4_streaming' retrieved from /opt/airflow/dags/airflow_dag_spark_streaming.py
[2026-01-29T06:42:16.753+0000] {logging_mixin.py:188} INFO - [2026-01-29T06:42:16.753+0000] {dag.py:3036} INFO - Sync 1 DAGs
[2026-01-29T06:42:16.780+0000] {logging_mixin.py:188} INFO - [2026-01-29T06:42:16.780+0000] {dag.py:3823} INFO - Setting next_dagrun for spark_sgp4_streaming to None, run_after=None
[2026-01-29T06:42:16.818+0000] {processor.py:183} INFO - Processing /opt/airflow/dags/airflow_dag_spark_streaming.py took 0.156 seconds
[2026-01-29T06:42:47.017+0000] {processor.py:161} INFO - Started process (PID=652) to work on /opt/airflow/dags/airflow_dag_spark_streaming.py
[2026-01-29T06:42:47.020+0000] {processor.py:830} INFO - Processing file /opt/airflow/dags/airflow_dag_spark_streaming.py for tasks to queue
[2026-01-29T06:42:47.021+0000] {logging_mixin.py:188} INFO - [2026-01-29T06:42:47.021+0000] {dagbag.py:538} INFO - Filling up the DagBag from /opt/airflow/dags/airflow_dag_spark_streaming.py
[2026-01-29T06:42:47.039+0000] {processor.py:840} INFO - DAG(s) 'spark_sgp4_streaming' retrieved from /opt/airflow/dags/airflow_dag_spark_streaming.py
[2026-01-29T06:42:47.088+0000] {logging_mixin.py:188} INFO - [2026-01-29T06:42:47.088+0000] {dag.py:3036} INFO - Sync 1 DAGs
[2026-01-29T06:42:47.113+0000] {logging_mixin.py:188} INFO - [2026-01-29T06:42:47.113+0000] {dag.py:3823} INFO - Setting next_dagrun for spark_sgp4_streaming to None, run_after=None
[2026-01-29T06:42:47.145+0000] {processor.py:183} INFO - Processing /opt/airflow/dags/airflow_dag_spark_streaming.py took 0.134 seconds
[2026-01-29T06:43:17.324+0000] {processor.py:161} INFO - Started process (PID=662) to work on /opt/airflow/dags/airflow_dag_spark_streaming.py
[2026-01-29T06:43:17.327+0000] {processor.py:830} INFO - Processing file /opt/airflow/dags/airflow_dag_spark_streaming.py for tasks to queue
[2026-01-29T06:43:17.328+0000] {logging_mixin.py:188} INFO - [2026-01-29T06:43:17.327+0000] {dagbag.py:538} INFO - Filling up the DagBag from /opt/airflow/dags/airflow_dag_spark_streaming.py
[2026-01-29T06:43:17.345+0000] {processor.py:840} INFO - DAG(s) 'spark_sgp4_streaming' retrieved from /opt/airflow/dags/airflow_dag_spark_streaming.py
[2026-01-29T06:43:17.396+0000] {logging_mixin.py:188} INFO - [2026-01-29T06:43:17.396+0000] {dag.py:3036} INFO - Sync 1 DAGs
[2026-01-29T06:43:17.420+0000] {logging_mixin.py:188} INFO - [2026-01-29T06:43:17.419+0000] {dag.py:3823} INFO - Setting next_dagrun for spark_sgp4_streaming to None, run_after=None
[2026-01-29T06:43:17.448+0000] {processor.py:183} INFO - Processing /opt/airflow/dags/airflow_dag_spark_streaming.py took 0.127 seconds
[2026-01-29T06:43:47.639+0000] {processor.py:161} INFO - Started process (PID=672) to work on /opt/airflow/dags/airflow_dag_spark_streaming.py
[2026-01-29T06:43:47.641+0000] {processor.py:830} INFO - Processing file /opt/airflow/dags/airflow_dag_spark_streaming.py for tasks to queue
[2026-01-29T06:43:47.643+0000] {logging_mixin.py:188} INFO - [2026-01-29T06:43:47.642+0000] {dagbag.py:538} INFO - Filling up the DagBag from /opt/airflow/dags/airflow_dag_spark_streaming.py
[2026-01-29T06:43:47.660+0000] {processor.py:840} INFO - DAG(s) 'spark_sgp4_streaming' retrieved from /opt/airflow/dags/airflow_dag_spark_streaming.py
[2026-01-29T06:43:47.712+0000] {logging_mixin.py:188} INFO - [2026-01-29T06:43:47.711+0000] {dag.py:3036} INFO - Sync 1 DAGs
[2026-01-29T06:43:47.738+0000] {logging_mixin.py:188} INFO - [2026-01-29T06:43:47.737+0000] {dag.py:3823} INFO - Setting next_dagrun for spark_sgp4_streaming to None, run_after=None
[2026-01-29T06:43:47.769+0000] {processor.py:183} INFO - Processing /opt/airflow/dags/airflow_dag_spark_streaming.py took 0.135 seconds
[2026-01-29T06:44:17.953+0000] {processor.py:161} INFO - Started process (PID=682) to work on /opt/airflow/dags/airflow_dag_spark_streaming.py
[2026-01-29T06:44:17.956+0000] {processor.py:830} INFO - Processing file /opt/airflow/dags/airflow_dag_spark_streaming.py for tasks to queue
[2026-01-29T06:44:17.957+0000] {logging_mixin.py:188} INFO - [2026-01-29T06:44:17.956+0000] {dagbag.py:538} INFO - Filling up the DagBag from /opt/airflow/dags/airflow_dag_spark_streaming.py
[2026-01-29T06:44:17.975+0000] {processor.py:840} INFO - DAG(s) 'spark_sgp4_streaming' retrieved from /opt/airflow/dags/airflow_dag_spark_streaming.py
[2026-01-29T06:44:18.029+0000] {logging_mixin.py:188} INFO - [2026-01-29T06:44:18.029+0000] {dag.py:3036} INFO - Sync 1 DAGs
[2026-01-29T06:44:18.054+0000] {logging_mixin.py:188} INFO - [2026-01-29T06:44:18.054+0000] {dag.py:3823} INFO - Setting next_dagrun for spark_sgp4_streaming to None, run_after=None
[2026-01-29T06:44:18.086+0000] {processor.py:183} INFO - Processing /opt/airflow/dags/airflow_dag_spark_streaming.py took 0.138 seconds
[2026-01-29T06:44:48.272+0000] {processor.py:161} INFO - Started process (PID=692) to work on /opt/airflow/dags/airflow_dag_spark_streaming.py
[2026-01-29T06:44:48.274+0000] {processor.py:830} INFO - Processing file /opt/airflow/dags/airflow_dag_spark_streaming.py for tasks to queue
[2026-01-29T06:44:48.276+0000] {logging_mixin.py:188} INFO - [2026-01-29T06:44:48.275+0000] {dagbag.py:538} INFO - Filling up the DagBag from /opt/airflow/dags/airflow_dag_spark_streaming.py
[2026-01-29T06:44:48.293+0000] {processor.py:840} INFO - DAG(s) 'spark_sgp4_streaming' retrieved from /opt/airflow/dags/airflow_dag_spark_streaming.py
[2026-01-29T06:44:48.346+0000] {logging_mixin.py:188} INFO - [2026-01-29T06:44:48.345+0000] {dag.py:3036} INFO - Sync 1 DAGs
[2026-01-29T06:44:48.370+0000] {logging_mixin.py:188} INFO - [2026-01-29T06:44:48.370+0000] {dag.py:3823} INFO - Setting next_dagrun for spark_sgp4_streaming to None, run_after=None
[2026-01-29T06:44:48.399+0000] {processor.py:183} INFO - Processing /opt/airflow/dags/airflow_dag_spark_streaming.py took 0.133 seconds
[2026-01-29T06:45:18.566+0000] {processor.py:161} INFO - Started process (PID=702) to work on /opt/airflow/dags/airflow_dag_spark_streaming.py
[2026-01-29T06:45:18.567+0000] {processor.py:830} INFO - Processing file /opt/airflow/dags/airflow_dag_spark_streaming.py for tasks to queue
[2026-01-29T06:45:18.568+0000] {logging_mixin.py:188} INFO - [2026-01-29T06:45:18.567+0000] {dagbag.py:538} INFO - Filling up the DagBag from /opt/airflow/dags/airflow_dag_spark_streaming.py
[2026-01-29T06:45:18.580+0000] {processor.py:840} INFO - DAG(s) 'spark_sgp4_streaming' retrieved from /opt/airflow/dags/airflow_dag_spark_streaming.py
[2026-01-29T06:45:18.617+0000] {logging_mixin.py:188} INFO - [2026-01-29T06:45:18.616+0000] {dag.py:3036} INFO - Sync 1 DAGs
[2026-01-29T06:45:18.634+0000] {logging_mixin.py:188} INFO - [2026-01-29T06:45:18.634+0000] {dag.py:3823} INFO - Setting next_dagrun for spark_sgp4_streaming to None, run_after=None
[2026-01-29T06:45:18.655+0000] {processor.py:183} INFO - Processing /opt/airflow/dags/airflow_dag_spark_streaming.py took 0.093 seconds
[2026-01-29T06:45:48.835+0000] {processor.py:161} INFO - Started process (PID=712) to work on /opt/airflow/dags/airflow_dag_spark_streaming.py
[2026-01-29T06:45:48.838+0000] {processor.py:830} INFO - Processing file /opt/airflow/dags/airflow_dag_spark_streaming.py for tasks to queue
[2026-01-29T06:45:48.839+0000] {logging_mixin.py:188} INFO - [2026-01-29T06:45:48.839+0000] {dagbag.py:538} INFO - Filling up the DagBag from /opt/airflow/dags/airflow_dag_spark_streaming.py
[2026-01-29T06:45:48.856+0000] {processor.py:840} INFO - DAG(s) 'spark_sgp4_streaming' retrieved from /opt/airflow/dags/airflow_dag_spark_streaming.py
[2026-01-29T06:45:48.910+0000] {logging_mixin.py:188} INFO - [2026-01-29T06:45:48.909+0000] {dag.py:3036} INFO - Sync 1 DAGs
[2026-01-29T06:45:48.932+0000] {logging_mixin.py:188} INFO - [2026-01-29T06:45:48.932+0000] {dag.py:3823} INFO - Setting next_dagrun for spark_sgp4_streaming to None, run_after=None
[2026-01-29T06:45:48.949+0000] {processor.py:183} INFO - Processing /opt/airflow/dags/airflow_dag_spark_streaming.py took 0.119 seconds
[2026-01-29T06:46:19.103+0000] {processor.py:161} INFO - Started process (PID=722) to work on /opt/airflow/dags/airflow_dag_spark_streaming.py
[2026-01-29T06:46:19.106+0000] {processor.py:830} INFO - Processing file /opt/airflow/dags/airflow_dag_spark_streaming.py for tasks to queue
[2026-01-29T06:46:19.107+0000] {logging_mixin.py:188} INFO - [2026-01-29T06:46:19.106+0000] {dagbag.py:538} INFO - Filling up the DagBag from /opt/airflow/dags/airflow_dag_spark_streaming.py
[2026-01-29T06:46:19.119+0000] {processor.py:840} INFO - DAG(s) 'spark_sgp4_streaming' retrieved from /opt/airflow/dags/airflow_dag_spark_streaming.py
[2026-01-29T06:46:19.153+0000] {logging_mixin.py:188} INFO - [2026-01-29T06:46:19.152+0000] {dag.py:3036} INFO - Sync 1 DAGs
[2026-01-29T06:46:19.172+0000] {logging_mixin.py:188} INFO - [2026-01-29T06:46:19.172+0000] {dag.py:3823} INFO - Setting next_dagrun for spark_sgp4_streaming to None, run_after=None
[2026-01-29T06:46:19.193+0000] {processor.py:183} INFO - Processing /opt/airflow/dags/airflow_dag_spark_streaming.py took 0.093 seconds
[2026-01-29T06:46:49.341+0000] {processor.py:161} INFO - Started process (PID=732) to work on /opt/airflow/dags/airflow_dag_spark_streaming.py
[2026-01-29T06:46:49.344+0000] {processor.py:830} INFO - Processing file /opt/airflow/dags/airflow_dag_spark_streaming.py for tasks to queue
[2026-01-29T06:46:49.345+0000] {logging_mixin.py:188} INFO - [2026-01-29T06:46:49.344+0000] {dagbag.py:538} INFO - Filling up the DagBag from /opt/airflow/dags/airflow_dag_spark_streaming.py
[2026-01-29T06:46:49.356+0000] {processor.py:840} INFO - DAG(s) 'spark_sgp4_streaming' retrieved from /opt/airflow/dags/airflow_dag_spark_streaming.py
[2026-01-29T06:46:49.402+0000] {logging_mixin.py:188} INFO - [2026-01-29T06:46:49.402+0000] {dag.py:3036} INFO - Sync 1 DAGs
[2026-01-29T06:46:49.420+0000] {logging_mixin.py:188} INFO - [2026-01-29T06:46:49.420+0000] {dag.py:3823} INFO - Setting next_dagrun for spark_sgp4_streaming to None, run_after=None
[2026-01-29T06:46:49.441+0000] {processor.py:183} INFO - Processing /opt/airflow/dags/airflow_dag_spark_streaming.py took 0.103 seconds
[2026-01-29T06:47:19.620+0000] {processor.py:161} INFO - Started process (PID=742) to work on /opt/airflow/dags/airflow_dag_spark_streaming.py
[2026-01-29T06:47:19.621+0000] {processor.py:830} INFO - Processing file /opt/airflow/dags/airflow_dag_spark_streaming.py for tasks to queue
[2026-01-29T06:47:19.622+0000] {logging_mixin.py:188} INFO - [2026-01-29T06:47:19.621+0000] {dagbag.py:538} INFO - Filling up the DagBag from /opt/airflow/dags/airflow_dag_spark_streaming.py
[2026-01-29T06:47:19.633+0000] {processor.py:840} INFO - DAG(s) 'spark_sgp4_streaming' retrieved from /opt/airflow/dags/airflow_dag_spark_streaming.py
[2026-01-29T06:47:19.669+0000] {logging_mixin.py:188} INFO - [2026-01-29T06:47:19.668+0000] {dag.py:3036} INFO - Sync 1 DAGs
[2026-01-29T06:47:19.694+0000] {logging_mixin.py:188} INFO - [2026-01-29T06:47:19.694+0000] {dag.py:3823} INFO - Setting next_dagrun for spark_sgp4_streaming to None, run_after=None
[2026-01-29T06:47:19.716+0000] {processor.py:183} INFO - Processing /opt/airflow/dags/airflow_dag_spark_streaming.py took 0.100 seconds
[2026-01-29T06:47:49.895+0000] {processor.py:161} INFO - Started process (PID=752) to work on /opt/airflow/dags/airflow_dag_spark_streaming.py
[2026-01-29T06:47:49.896+0000] {processor.py:830} INFO - Processing file /opt/airflow/dags/airflow_dag_spark_streaming.py for tasks to queue
[2026-01-29T06:47:49.897+0000] {logging_mixin.py:188} INFO - [2026-01-29T06:47:49.897+0000] {dagbag.py:538} INFO - Filling up the DagBag from /opt/airflow/dags/airflow_dag_spark_streaming.py
[2026-01-29T06:47:49.915+0000] {processor.py:840} INFO - DAG(s) 'spark_sgp4_streaming' retrieved from /opt/airflow/dags/airflow_dag_spark_streaming.py
[2026-01-29T06:47:49.970+0000] {logging_mixin.py:188} INFO - [2026-01-29T06:47:49.969+0000] {dag.py:3036} INFO - Sync 1 DAGs
[2026-01-29T06:47:49.994+0000] {logging_mixin.py:188} INFO - [2026-01-29T06:47:49.994+0000] {dag.py:3823} INFO - Setting next_dagrun for spark_sgp4_streaming to None, run_after=None
[2026-01-29T06:47:50.028+0000] {processor.py:183} INFO - Processing /opt/airflow/dags/airflow_dag_spark_streaming.py took 0.138 seconds
[2026-01-29T06:48:20.253+0000] {processor.py:161} INFO - Started process (PID=762) to work on /opt/airflow/dags/airflow_dag_spark_streaming.py
[2026-01-29T06:48:20.254+0000] {processor.py:830} INFO - Processing file /opt/airflow/dags/airflow_dag_spark_streaming.py for tasks to queue
[2026-01-29T06:48:20.256+0000] {logging_mixin.py:188} INFO - [2026-01-29T06:48:20.255+0000] {dagbag.py:538} INFO - Filling up the DagBag from /opt/airflow/dags/airflow_dag_spark_streaming.py
[2026-01-29T06:48:20.275+0000] {processor.py:840} INFO - DAG(s) 'spark_sgp4_streaming' retrieved from /opt/airflow/dags/airflow_dag_spark_streaming.py
[2026-01-29T06:48:20.332+0000] {logging_mixin.py:188} INFO - [2026-01-29T06:48:20.331+0000] {dag.py:3036} INFO - Sync 1 DAGs
[2026-01-29T06:48:20.358+0000] {logging_mixin.py:188} INFO - [2026-01-29T06:48:20.358+0000] {dag.py:3823} INFO - Setting next_dagrun for spark_sgp4_streaming to None, run_after=None
[2026-01-29T06:48:20.391+0000] {processor.py:183} INFO - Processing /opt/airflow/dags/airflow_dag_spark_streaming.py took 0.144 seconds
[2026-01-29T06:48:50.618+0000] {processor.py:161} INFO - Started process (PID=772) to work on /opt/airflow/dags/airflow_dag_spark_streaming.py
[2026-01-29T06:48:50.619+0000] {processor.py:830} INFO - Processing file /opt/airflow/dags/airflow_dag_spark_streaming.py for tasks to queue
[2026-01-29T06:48:50.621+0000] {logging_mixin.py:188} INFO - [2026-01-29T06:48:50.620+0000] {dagbag.py:538} INFO - Filling up the DagBag from /opt/airflow/dags/airflow_dag_spark_streaming.py
[2026-01-29T06:48:50.640+0000] {processor.py:840} INFO - DAG(s) 'spark_sgp4_streaming' retrieved from /opt/airflow/dags/airflow_dag_spark_streaming.py
[2026-01-29T06:48:50.698+0000] {logging_mixin.py:188} INFO - [2026-01-29T06:48:50.697+0000] {dag.py:3036} INFO - Sync 1 DAGs
[2026-01-29T06:48:50.725+0000] {logging_mixin.py:188} INFO - [2026-01-29T06:48:50.725+0000] {dag.py:3823} INFO - Setting next_dagrun for spark_sgp4_streaming to None, run_after=None
[2026-01-29T06:48:50.759+0000] {processor.py:183} INFO - Processing /opt/airflow/dags/airflow_dag_spark_streaming.py took 0.147 seconds
[2026-01-29T06:49:20.972+0000] {processor.py:161} INFO - Started process (PID=782) to work on /opt/airflow/dags/airflow_dag_spark_streaming.py
[2026-01-29T06:49:20.973+0000] {processor.py:830} INFO - Processing file /opt/airflow/dags/airflow_dag_spark_streaming.py for tasks to queue
[2026-01-29T06:49:20.974+0000] {logging_mixin.py:188} INFO - [2026-01-29T06:49:20.974+0000] {dagbag.py:538} INFO - Filling up the DagBag from /opt/airflow/dags/airflow_dag_spark_streaming.py
[2026-01-29T06:49:20.993+0000] {processor.py:840} INFO - DAG(s) 'spark_sgp4_streaming' retrieved from /opt/airflow/dags/airflow_dag_spark_streaming.py
[2026-01-29T06:49:21.050+0000] {logging_mixin.py:188} INFO - [2026-01-29T06:49:21.049+0000] {dag.py:3036} INFO - Sync 1 DAGs
[2026-01-29T06:49:21.076+0000] {logging_mixin.py:188} INFO - [2026-01-29T06:49:21.075+0000] {dag.py:3823} INFO - Setting next_dagrun for spark_sgp4_streaming to None, run_after=None
[2026-01-29T06:49:21.111+0000] {processor.py:183} INFO - Processing /opt/airflow/dags/airflow_dag_spark_streaming.py took 0.145 seconds
[2026-01-29T06:49:51.321+0000] {processor.py:161} INFO - Started process (PID=792) to work on /opt/airflow/dags/airflow_dag_spark_streaming.py
[2026-01-29T06:49:51.322+0000] {processor.py:830} INFO - Processing file /opt/airflow/dags/airflow_dag_spark_streaming.py for tasks to queue
[2026-01-29T06:49:51.324+0000] {logging_mixin.py:188} INFO - [2026-01-29T06:49:51.323+0000] {dagbag.py:538} INFO - Filling up the DagBag from /opt/airflow/dags/airflow_dag_spark_streaming.py
[2026-01-29T06:49:51.341+0000] {processor.py:840} INFO - DAG(s) 'spark_sgp4_streaming' retrieved from /opt/airflow/dags/airflow_dag_spark_streaming.py
[2026-01-29T06:49:51.396+0000] {logging_mixin.py:188} INFO - [2026-01-29T06:49:51.395+0000] {dag.py:3036} INFO - Sync 1 DAGs
[2026-01-29T06:49:51.423+0000] {logging_mixin.py:188} INFO - [2026-01-29T06:49:51.422+0000] {dag.py:3823} INFO - Setting next_dagrun for spark_sgp4_streaming to None, run_after=None
[2026-01-29T06:49:51.459+0000] {processor.py:183} INFO - Processing /opt/airflow/dags/airflow_dag_spark_streaming.py took 0.143 seconds
[2026-01-29T06:50:21.665+0000] {processor.py:161} INFO - Started process (PID=802) to work on /opt/airflow/dags/airflow_dag_spark_streaming.py
[2026-01-29T06:50:21.668+0000] {processor.py:830} INFO - Processing file /opt/airflow/dags/airflow_dag_spark_streaming.py for tasks to queue
[2026-01-29T06:50:21.669+0000] {logging_mixin.py:188} INFO - [2026-01-29T06:50:21.669+0000] {dagbag.py:538} INFO - Filling up the DagBag from /opt/airflow/dags/airflow_dag_spark_streaming.py
[2026-01-29T06:50:21.689+0000] {processor.py:840} INFO - DAG(s) 'spark_sgp4_streaming' retrieved from /opt/airflow/dags/airflow_dag_spark_streaming.py
[2026-01-29T06:50:21.747+0000] {logging_mixin.py:188} INFO - [2026-01-29T06:50:21.747+0000] {dag.py:3036} INFO - Sync 1 DAGs
[2026-01-29T06:50:21.774+0000] {logging_mixin.py:188} INFO - [2026-01-29T06:50:21.773+0000] {dag.py:3823} INFO - Setting next_dagrun for spark_sgp4_streaming to None, run_after=None
[2026-01-29T06:50:21.812+0000] {processor.py:183} INFO - Processing /opt/airflow/dags/airflow_dag_spark_streaming.py took 0.152 seconds
[2026-01-29T08:34:00.246+0000] {processor.py:161} INFO - Started process (PID=812) to work on /opt/airflow/dags/airflow_dag_spark_streaming.py
[2026-01-29T08:34:00.248+0000] {processor.py:830} INFO - Processing file /opt/airflow/dags/airflow_dag_spark_streaming.py for tasks to queue
[2026-01-29T08:34:00.250+0000] {logging_mixin.py:188} INFO - [2026-01-29T08:34:00.249+0000] {dagbag.py:538} INFO - Filling up the DagBag from /opt/airflow/dags/airflow_dag_spark_streaming.py
[2026-01-29T08:34:00.271+0000] {processor.py:840} INFO - DAG(s) 'spark_sgp4_streaming' retrieved from /opt/airflow/dags/airflow_dag_spark_streaming.py
[2026-01-29T08:34:00.333+0000] {logging_mixin.py:188} INFO - [2026-01-29T08:34:00.333+0000] {dag.py:3036} INFO - Sync 1 DAGs
[2026-01-29T08:34:00.360+0000] {logging_mixin.py:188} INFO - [2026-01-29T08:34:00.360+0000] {dag.py:3823} INFO - Setting next_dagrun for spark_sgp4_streaming to None, run_after=None
[2026-01-29T08:34:00.396+0000] {processor.py:183} INFO - Processing /opt/airflow/dags/airflow_dag_spark_streaming.py took 0.158 seconds
[2026-01-29T08:34:30.573+0000] {processor.py:161} INFO - Started process (PID=824) to work on /opt/airflow/dags/airflow_dag_spark_streaming.py
[2026-01-29T08:34:30.574+0000] {processor.py:830} INFO - Processing file /opt/airflow/dags/airflow_dag_spark_streaming.py for tasks to queue
[2026-01-29T08:34:30.575+0000] {logging_mixin.py:188} INFO - [2026-01-29T08:34:30.574+0000] {dagbag.py:538} INFO - Filling up the DagBag from /opt/airflow/dags/airflow_dag_spark_streaming.py
[2026-01-29T08:34:30.588+0000] {processor.py:840} INFO - DAG(s) 'spark_sgp4_streaming' retrieved from /opt/airflow/dags/airflow_dag_spark_streaming.py
[2026-01-29T08:34:30.620+0000] {logging_mixin.py:188} INFO - [2026-01-29T08:34:30.620+0000] {dag.py:3036} INFO - Sync 1 DAGs
[2026-01-29T08:34:30.634+0000] {logging_mixin.py:188} INFO - [2026-01-29T08:34:30.634+0000] {dag.py:3823} INFO - Setting next_dagrun for spark_sgp4_streaming to None, run_after=None
[2026-01-29T08:34:30.652+0000] {processor.py:183} INFO - Processing /opt/airflow/dags/airflow_dag_spark_streaming.py took 0.083 seconds
[2026-01-29T08:35:00.815+0000] {processor.py:161} INFO - Started process (PID=834) to work on /opt/airflow/dags/airflow_dag_spark_streaming.py
[2026-01-29T08:35:00.820+0000] {processor.py:830} INFO - Processing file /opt/airflow/dags/airflow_dag_spark_streaming.py for tasks to queue
[2026-01-29T08:35:00.821+0000] {logging_mixin.py:188} INFO - [2026-01-29T08:35:00.821+0000] {dagbag.py:538} INFO - Filling up the DagBag from /opt/airflow/dags/airflow_dag_spark_streaming.py
[2026-01-29T08:35:00.849+0000] {processor.py:840} INFO - DAG(s) 'spark_sgp4_streaming' retrieved from /opt/airflow/dags/airflow_dag_spark_streaming.py
[2026-01-29T08:35:00.897+0000] {logging_mixin.py:188} INFO - [2026-01-29T08:35:00.897+0000] {dag.py:3036} INFO - Sync 1 DAGs
[2026-01-29T08:35:00.930+0000] {logging_mixin.py:188} INFO - [2026-01-29T08:35:00.930+0000] {dag.py:3823} INFO - Setting next_dagrun for spark_sgp4_streaming to None, run_after=None
[2026-01-29T08:35:00.965+0000] {processor.py:183} INFO - Processing /opt/airflow/dags/airflow_dag_spark_streaming.py took 0.158 seconds
[2026-01-29T08:35:31.123+0000] {processor.py:161} INFO - Started process (PID=844) to work on /opt/airflow/dags/airflow_dag_spark_streaming.py
[2026-01-29T08:35:31.125+0000] {processor.py:830} INFO - Processing file /opt/airflow/dags/airflow_dag_spark_streaming.py for tasks to queue
[2026-01-29T08:35:31.127+0000] {logging_mixin.py:188} INFO - [2026-01-29T08:35:31.126+0000] {dagbag.py:538} INFO - Filling up the DagBag from /opt/airflow/dags/airflow_dag_spark_streaming.py
[2026-01-29T08:35:31.160+0000] {processor.py:840} INFO - DAG(s) 'spark_sgp4_streaming' retrieved from /opt/airflow/dags/airflow_dag_spark_streaming.py
[2026-01-29T08:35:31.227+0000] {logging_mixin.py:188} INFO - [2026-01-29T08:35:31.227+0000] {dag.py:3036} INFO - Sync 1 DAGs
[2026-01-29T08:35:31.253+0000] {logging_mixin.py:188} INFO - [2026-01-29T08:35:31.253+0000] {dag.py:3823} INFO - Setting next_dagrun for spark_sgp4_streaming to None, run_after=None
[2026-01-29T08:35:31.279+0000] {processor.py:183} INFO - Processing /opt/airflow/dags/airflow_dag_spark_streaming.py took 0.165 seconds
[2026-01-29T08:36:01.425+0000] {processor.py:161} INFO - Started process (PID=854) to work on /opt/airflow/dags/airflow_dag_spark_streaming.py
[2026-01-29T08:36:01.426+0000] {processor.py:830} INFO - Processing file /opt/airflow/dags/airflow_dag_spark_streaming.py for tasks to queue
[2026-01-29T08:36:01.427+0000] {logging_mixin.py:188} INFO - [2026-01-29T08:36:01.427+0000] {dagbag.py:538} INFO - Filling up the DagBag from /opt/airflow/dags/airflow_dag_spark_streaming.py
[2026-01-29T08:36:01.444+0000] {processor.py:840} INFO - DAG(s) 'spark_sgp4_streaming' retrieved from /opt/airflow/dags/airflow_dag_spark_streaming.py
[2026-01-29T08:36:01.481+0000] {logging_mixin.py:188} INFO - [2026-01-29T08:36:01.481+0000] {dag.py:3036} INFO - Sync 1 DAGs
[2026-01-29T08:36:01.502+0000] {logging_mixin.py:188} INFO - [2026-01-29T08:36:01.502+0000] {dag.py:3823} INFO - Setting next_dagrun for spark_sgp4_streaming to None, run_after=None
[2026-01-29T08:36:01.521+0000] {processor.py:183} INFO - Processing /opt/airflow/dags/airflow_dag_spark_streaming.py took 0.101 seconds
[2026-01-29T08:36:31.661+0000] {processor.py:161} INFO - Started process (PID=864) to work on /opt/airflow/dags/airflow_dag_spark_streaming.py
[2026-01-29T08:36:31.662+0000] {processor.py:830} INFO - Processing file /opt/airflow/dags/airflow_dag_spark_streaming.py for tasks to queue
[2026-01-29T08:36:31.664+0000] {logging_mixin.py:188} INFO - [2026-01-29T08:36:31.663+0000] {dagbag.py:538} INFO - Filling up the DagBag from /opt/airflow/dags/airflow_dag_spark_streaming.py
[2026-01-29T08:36:31.699+0000] {processor.py:840} INFO - DAG(s) 'spark_sgp4_streaming' retrieved from /opt/airflow/dags/airflow_dag_spark_streaming.py
[2026-01-29T08:36:31.744+0000] {logging_mixin.py:188} INFO - [2026-01-29T08:36:31.744+0000] {dag.py:3036} INFO - Sync 1 DAGs
[2026-01-29T08:36:31.760+0000] {logging_mixin.py:188} INFO - [2026-01-29T08:36:31.760+0000] {dag.py:3823} INFO - Setting next_dagrun for spark_sgp4_streaming to None, run_after=None
[2026-01-29T08:36:31.779+0000] {processor.py:183} INFO - Processing /opt/airflow/dags/airflow_dag_spark_streaming.py took 0.126 seconds
[2026-01-29T08:37:01.923+0000] {processor.py:161} INFO - Started process (PID=874) to work on /opt/airflow/dags/airflow_dag_spark_streaming.py
[2026-01-29T08:37:01.924+0000] {processor.py:830} INFO - Processing file /opt/airflow/dags/airflow_dag_spark_streaming.py for tasks to queue
[2026-01-29T08:37:01.926+0000] {logging_mixin.py:188} INFO - [2026-01-29T08:37:01.925+0000] {dagbag.py:538} INFO - Filling up the DagBag from /opt/airflow/dags/airflow_dag_spark_streaming.py
[2026-01-29T08:37:01.960+0000] {processor.py:840} INFO - DAG(s) 'spark_sgp4_streaming' retrieved from /opt/airflow/dags/airflow_dag_spark_streaming.py
[2026-01-29T08:37:02.019+0000] {logging_mixin.py:188} INFO - [2026-01-29T08:37:02.019+0000] {dag.py:3036} INFO - Sync 1 DAGs
[2026-01-29T08:37:02.040+0000] {logging_mixin.py:188} INFO - [2026-01-29T08:37:02.039+0000] {dag.py:3823} INFO - Setting next_dagrun for spark_sgp4_streaming to None, run_after=None
[2026-01-29T08:37:02.061+0000] {processor.py:183} INFO - Processing /opt/airflow/dags/airflow_dag_spark_streaming.py took 0.147 seconds
[2026-01-29T08:37:32.223+0000] {processor.py:161} INFO - Started process (PID=884) to work on /opt/airflow/dags/airflow_dag_spark_streaming.py
[2026-01-29T08:37:32.227+0000] {processor.py:830} INFO - Processing file /opt/airflow/dags/airflow_dag_spark_streaming.py for tasks to queue
[2026-01-29T08:37:32.229+0000] {logging_mixin.py:188} INFO - [2026-01-29T08:37:32.228+0000] {dagbag.py:538} INFO - Filling up the DagBag from /opt/airflow/dags/airflow_dag_spark_streaming.py
[2026-01-29T08:37:32.265+0000] {processor.py:840} INFO - DAG(s) 'spark_sgp4_streaming' retrieved from /opt/airflow/dags/airflow_dag_spark_streaming.py
[2026-01-29T08:37:32.339+0000] {logging_mixin.py:188} INFO - [2026-01-29T08:37:32.339+0000] {dag.py:3036} INFO - Sync 1 DAGs
[2026-01-29T08:37:32.362+0000] {logging_mixin.py:188} INFO - [2026-01-29T08:37:32.361+0000] {dag.py:3823} INFO - Setting next_dagrun for spark_sgp4_streaming to None, run_after=None
[2026-01-29T08:37:32.384+0000] {processor.py:183} INFO - Processing /opt/airflow/dags/airflow_dag_spark_streaming.py took 0.173 seconds
[2026-01-29T08:38:02.523+0000] {processor.py:161} INFO - Started process (PID=894) to work on /opt/airflow/dags/airflow_dag_spark_streaming.py
[2026-01-29T08:38:02.525+0000] {processor.py:830} INFO - Processing file /opt/airflow/dags/airflow_dag_spark_streaming.py for tasks to queue
[2026-01-29T08:38:02.527+0000] {logging_mixin.py:188} INFO - [2026-01-29T08:38:02.526+0000] {dagbag.py:538} INFO - Filling up the DagBag from /opt/airflow/dags/airflow_dag_spark_streaming.py
[2026-01-29T08:38:02.562+0000] {processor.py:840} INFO - DAG(s) 'spark_sgp4_streaming' retrieved from /opt/airflow/dags/airflow_dag_spark_streaming.py
[2026-01-29T08:38:02.625+0000] {logging_mixin.py:188} INFO - [2026-01-29T08:38:02.625+0000] {dag.py:3036} INFO - Sync 1 DAGs
[2026-01-29T08:38:02.647+0000] {logging_mixin.py:188} INFO - [2026-01-29T08:38:02.647+0000] {dag.py:3823} INFO - Setting next_dagrun for spark_sgp4_streaming to None, run_after=None
[2026-01-29T08:38:02.669+0000] {processor.py:183} INFO - Processing /opt/airflow/dags/airflow_dag_spark_streaming.py took 0.155 seconds
[2026-01-29T08:38:32.812+0000] {processor.py:161} INFO - Started process (PID=904) to work on /opt/airflow/dags/airflow_dag_spark_streaming.py
[2026-01-29T08:38:32.815+0000] {processor.py:830} INFO - Processing file /opt/airflow/dags/airflow_dag_spark_streaming.py for tasks to queue
[2026-01-29T08:38:32.818+0000] {logging_mixin.py:188} INFO - [2026-01-29T08:38:32.816+0000] {dagbag.py:538} INFO - Filling up the DagBag from /opt/airflow/dags/airflow_dag_spark_streaming.py
[2026-01-29T08:38:32.857+0000] {processor.py:840} INFO - DAG(s) 'spark_sgp4_streaming' retrieved from /opt/airflow/dags/airflow_dag_spark_streaming.py
[2026-01-29T08:38:32.920+0000] {logging_mixin.py:188} INFO - [2026-01-29T08:38:32.920+0000] {dag.py:3036} INFO - Sync 1 DAGs
[2026-01-29T08:38:32.952+0000] {logging_mixin.py:188} INFO - [2026-01-29T08:38:32.952+0000] {dag.py:3823} INFO - Setting next_dagrun for spark_sgp4_streaming to None, run_after=None
[2026-01-29T08:38:32.985+0000] {processor.py:183} INFO - Processing /opt/airflow/dags/airflow_dag_spark_streaming.py took 0.184 seconds
[2026-01-29T08:39:03.155+0000] {processor.py:161} INFO - Started process (PID=914) to work on /opt/airflow/dags/airflow_dag_spark_streaming.py
[2026-01-29T08:39:03.156+0000] {processor.py:830} INFO - Processing file /opt/airflow/dags/airflow_dag_spark_streaming.py for tasks to queue
[2026-01-29T08:39:03.158+0000] {logging_mixin.py:188} INFO - [2026-01-29T08:39:03.157+0000] {dagbag.py:538} INFO - Filling up the DagBag from /opt/airflow/dags/airflow_dag_spark_streaming.py
[2026-01-29T08:39:03.193+0000] {processor.py:840} INFO - DAG(s) 'spark_sgp4_streaming' retrieved from /opt/airflow/dags/airflow_dag_spark_streaming.py
[2026-01-29T08:39:03.264+0000] {logging_mixin.py:188} INFO - [2026-01-29T08:39:03.264+0000] {dag.py:3036} INFO - Sync 1 DAGs
[2026-01-29T08:39:03.286+0000] {logging_mixin.py:188} INFO - [2026-01-29T08:39:03.286+0000] {dag.py:3823} INFO - Setting next_dagrun for spark_sgp4_streaming to None, run_after=None
[2026-01-29T08:39:03.307+0000] {processor.py:183} INFO - Processing /opt/airflow/dags/airflow_dag_spark_streaming.py took 0.165 seconds
[2026-01-29T08:39:33.471+0000] {processor.py:161} INFO - Started process (PID=924) to work on /opt/airflow/dags/airflow_dag_spark_streaming.py
[2026-01-29T08:39:33.473+0000] {processor.py:830} INFO - Processing file /opt/airflow/dags/airflow_dag_spark_streaming.py for tasks to queue
[2026-01-29T08:39:33.475+0000] {logging_mixin.py:188} INFO - [2026-01-29T08:39:33.474+0000] {dagbag.py:538} INFO - Filling up the DagBag from /opt/airflow/dags/airflow_dag_spark_streaming.py
[2026-01-29T08:39:33.513+0000] {processor.py:840} INFO - DAG(s) 'spark_sgp4_streaming' retrieved from /opt/airflow/dags/airflow_dag_spark_streaming.py
[2026-01-29T08:39:33.583+0000] {logging_mixin.py:188} INFO - [2026-01-29T08:39:33.583+0000] {dag.py:3036} INFO - Sync 1 DAGs
[2026-01-29T08:39:33.608+0000] {logging_mixin.py:188} INFO - [2026-01-29T08:39:33.608+0000] {dag.py:3823} INFO - Setting next_dagrun for spark_sgp4_streaming to None, run_after=None
[2026-01-29T08:39:33.637+0000] {processor.py:183} INFO - Processing /opt/airflow/dags/airflow_dag_spark_streaming.py took 0.175 seconds
[2026-01-29T08:40:03.792+0000] {processor.py:161} INFO - Started process (PID=934) to work on /opt/airflow/dags/airflow_dag_spark_streaming.py
[2026-01-29T08:40:03.794+0000] {processor.py:830} INFO - Processing file /opt/airflow/dags/airflow_dag_spark_streaming.py for tasks to queue
[2026-01-29T08:40:03.797+0000] {logging_mixin.py:188} INFO - [2026-01-29T08:40:03.795+0000] {dagbag.py:538} INFO - Filling up the DagBag from /opt/airflow/dags/airflow_dag_spark_streaming.py
[2026-01-29T08:40:03.838+0000] {processor.py:840} INFO - DAG(s) 'spark_sgp4_streaming' retrieved from /opt/airflow/dags/airflow_dag_spark_streaming.py
[2026-01-29T08:40:03.907+0000] {logging_mixin.py:188} INFO - [2026-01-29T08:40:03.907+0000] {dag.py:3036} INFO - Sync 1 DAGs
[2026-01-29T08:40:03.933+0000] {logging_mixin.py:188} INFO - [2026-01-29T08:40:03.932+0000] {dag.py:3823} INFO - Setting next_dagrun for spark_sgp4_streaming to None, run_after=None
[2026-01-29T08:40:03.958+0000] {processor.py:183} INFO - Processing /opt/airflow/dags/airflow_dag_spark_streaming.py took 0.177 seconds
[2026-01-29T08:40:34.122+0000] {processor.py:161} INFO - Started process (PID=944) to work on /opt/airflow/dags/airflow_dag_spark_streaming.py
[2026-01-29T08:40:34.126+0000] {processor.py:830} INFO - Processing file /opt/airflow/dags/airflow_dag_spark_streaming.py for tasks to queue
[2026-01-29T08:40:34.128+0000] {logging_mixin.py:188} INFO - [2026-01-29T08:40:34.127+0000] {dagbag.py:538} INFO - Filling up the DagBag from /opt/airflow/dags/airflow_dag_spark_streaming.py
[2026-01-29T08:40:34.168+0000] {processor.py:840} INFO - DAG(s) 'spark_sgp4_streaming' retrieved from /opt/airflow/dags/airflow_dag_spark_streaming.py
[2026-01-29T08:40:34.307+0000] {logging_mixin.py:188} INFO - [2026-01-29T08:40:34.307+0000] {dag.py:3036} INFO - Sync 1 DAGs
[2026-01-29T08:40:34.333+0000] {logging_mixin.py:188} INFO - [2026-01-29T08:40:34.332+0000] {dag.py:3823} INFO - Setting next_dagrun for spark_sgp4_streaming to None, run_after=None
[2026-01-29T08:40:34.362+0000] {processor.py:183} INFO - Processing /opt/airflow/dags/airflow_dag_spark_streaming.py took 0.251 seconds
[2026-01-29T08:41:04.522+0000] {processor.py:161} INFO - Started process (PID=954) to work on /opt/airflow/dags/airflow_dag_spark_streaming.py
[2026-01-29T08:41:04.525+0000] {processor.py:830} INFO - Processing file /opt/airflow/dags/airflow_dag_spark_streaming.py for tasks to queue
[2026-01-29T08:41:04.527+0000] {logging_mixin.py:188} INFO - [2026-01-29T08:41:04.526+0000] {dagbag.py:538} INFO - Filling up the DagBag from /opt/airflow/dags/airflow_dag_spark_streaming.py
[2026-01-29T08:41:04.562+0000] {processor.py:840} INFO - DAG(s) 'spark_sgp4_streaming' retrieved from /opt/airflow/dags/airflow_dag_spark_streaming.py
[2026-01-29T08:41:04.663+0000] {logging_mixin.py:188} INFO - [2026-01-29T08:41:04.663+0000] {dag.py:3036} INFO - Sync 1 DAGs
[2026-01-29T08:41:04.685+0000] {logging_mixin.py:188} INFO - [2026-01-29T08:41:04.684+0000] {dag.py:3823} INFO - Setting next_dagrun for spark_sgp4_streaming to None, run_after=None
[2026-01-29T08:41:04.711+0000] {processor.py:183} INFO - Processing /opt/airflow/dags/airflow_dag_spark_streaming.py took 0.197 seconds
[2026-01-29T08:41:34.866+0000] {processor.py:161} INFO - Started process (PID=964) to work on /opt/airflow/dags/airflow_dag_spark_streaming.py
[2026-01-29T08:41:34.868+0000] {processor.py:830} INFO - Processing file /opt/airflow/dags/airflow_dag_spark_streaming.py for tasks to queue
[2026-01-29T08:41:34.871+0000] {logging_mixin.py:188} INFO - [2026-01-29T08:41:34.869+0000] {dagbag.py:538} INFO - Filling up the DagBag from /opt/airflow/dags/airflow_dag_spark_streaming.py
[2026-01-29T08:41:34.995+0000] {processor.py:840} INFO - DAG(s) 'spark_sgp4_streaming' retrieved from /opt/airflow/dags/airflow_dag_spark_streaming.py
[2026-01-29T08:41:35.055+0000] {logging_mixin.py:188} INFO - [2026-01-29T08:41:35.055+0000] {dag.py:3036} INFO - Sync 1 DAGs
[2026-01-29T08:41:35.078+0000] {logging_mixin.py:188} INFO - [2026-01-29T08:41:35.078+0000] {dag.py:3823} INFO - Setting next_dagrun for spark_sgp4_streaming to None, run_after=None
[2026-01-29T08:41:35.106+0000] {processor.py:183} INFO - Processing /opt/airflow/dags/airflow_dag_spark_streaming.py took 0.250 seconds
[2026-01-29T08:42:05.265+0000] {processor.py:161} INFO - Started process (PID=974) to work on /opt/airflow/dags/airflow_dag_spark_streaming.py
[2026-01-29T08:42:05.267+0000] {processor.py:830} INFO - Processing file /opt/airflow/dags/airflow_dag_spark_streaming.py for tasks to queue
[2026-01-29T08:42:05.270+0000] {logging_mixin.py:188} INFO - [2026-01-29T08:42:05.268+0000] {dagbag.py:538} INFO - Filling up the DagBag from /opt/airflow/dags/airflow_dag_spark_streaming.py
[2026-01-29T08:42:05.305+0000] {processor.py:840} INFO - DAG(s) 'spark_sgp4_streaming' retrieved from /opt/airflow/dags/airflow_dag_spark_streaming.py
[2026-01-29T08:42:05.372+0000] {logging_mixin.py:188} INFO - [2026-01-29T08:42:05.372+0000] {dag.py:3036} INFO - Sync 1 DAGs
[2026-01-29T08:42:05.397+0000] {logging_mixin.py:188} INFO - [2026-01-29T08:42:05.397+0000] {dag.py:3823} INFO - Setting next_dagrun for spark_sgp4_streaming to None, run_after=None
[2026-01-29T08:42:05.424+0000] {processor.py:183} INFO - Processing /opt/airflow/dags/airflow_dag_spark_streaming.py took 0.169 seconds
[2026-01-29T08:42:35.589+0000] {processor.py:161} INFO - Started process (PID=984) to work on /opt/airflow/dags/airflow_dag_spark_streaming.py
[2026-01-29T08:42:35.591+0000] {processor.py:830} INFO - Processing file /opt/airflow/dags/airflow_dag_spark_streaming.py for tasks to queue
[2026-01-29T08:42:35.594+0000] {logging_mixin.py:188} INFO - [2026-01-29T08:42:35.593+0000] {dagbag.py:538} INFO - Filling up the DagBag from /opt/airflow/dags/airflow_dag_spark_streaming.py
[2026-01-29T08:42:35.633+0000] {processor.py:840} INFO - DAG(s) 'spark_sgp4_streaming' retrieved from /opt/airflow/dags/airflow_dag_spark_streaming.py
[2026-01-29T08:42:35.702+0000] {logging_mixin.py:188} INFO - [2026-01-29T08:42:35.702+0000] {dag.py:3036} INFO - Sync 1 DAGs
[2026-01-29T08:42:35.727+0000] {logging_mixin.py:188} INFO - [2026-01-29T08:42:35.727+0000] {dag.py:3823} INFO - Setting next_dagrun for spark_sgp4_streaming to None, run_after=None
[2026-01-29T08:42:35.751+0000] {processor.py:183} INFO - Processing /opt/airflow/dags/airflow_dag_spark_streaming.py took 0.175 seconds
[2026-01-29T08:43:05.916+0000] {processor.py:161} INFO - Started process (PID=994) to work on /opt/airflow/dags/airflow_dag_spark_streaming.py
[2026-01-29T08:43:05.918+0000] {processor.py:830} INFO - Processing file /opt/airflow/dags/airflow_dag_spark_streaming.py for tasks to queue
[2026-01-29T08:43:05.920+0000] {logging_mixin.py:188} INFO - [2026-01-29T08:43:05.919+0000] {dagbag.py:538} INFO - Filling up the DagBag from /opt/airflow/dags/airflow_dag_spark_streaming.py
[2026-01-29T08:43:05.959+0000] {processor.py:840} INFO - DAG(s) 'spark_sgp4_streaming' retrieved from /opt/airflow/dags/airflow_dag_spark_streaming.py
[2026-01-29T08:43:06.024+0000] {logging_mixin.py:188} INFO - [2026-01-29T08:43:06.024+0000] {dag.py:3036} INFO - Sync 1 DAGs
[2026-01-29T08:43:06.040+0000] {logging_mixin.py:188} INFO - [2026-01-29T08:43:06.040+0000] {dag.py:3823} INFO - Setting next_dagrun for spark_sgp4_streaming to None, run_after=None
[2026-01-29T08:43:06.062+0000] {processor.py:183} INFO - Processing /opt/airflow/dags/airflow_dag_spark_streaming.py took 0.156 seconds
[2026-01-29T08:43:36.218+0000] {processor.py:161} INFO - Started process (PID=1004) to work on /opt/airflow/dags/airflow_dag_spark_streaming.py
[2026-01-29T08:43:36.220+0000] {processor.py:830} INFO - Processing file /opt/airflow/dags/airflow_dag_spark_streaming.py for tasks to queue
[2026-01-29T08:43:36.224+0000] {logging_mixin.py:188} INFO - [2026-01-29T08:43:36.222+0000] {dagbag.py:538} INFO - Filling up the DagBag from /opt/airflow/dags/airflow_dag_spark_streaming.py
[2026-01-29T08:43:36.269+0000] {processor.py:840} INFO - DAG(s) 'spark_sgp4_streaming' retrieved from /opt/airflow/dags/airflow_dag_spark_streaming.py
[2026-01-29T08:43:36.353+0000] {logging_mixin.py:188} INFO - [2026-01-29T08:43:36.353+0000] {dag.py:3036} INFO - Sync 1 DAGs
[2026-01-29T08:43:36.380+0000] {logging_mixin.py:188} INFO - [2026-01-29T08:43:36.380+0000] {dag.py:3823} INFO - Setting next_dagrun for spark_sgp4_streaming to None, run_after=None
[2026-01-29T08:43:36.405+0000] {processor.py:183} INFO - Processing /opt/airflow/dags/airflow_dag_spark_streaming.py took 0.200 seconds
[2026-01-29T08:44:06.644+0000] {processor.py:161} INFO - Started process (PID=1014) to work on /opt/airflow/dags/airflow_dag_spark_streaming.py
[2026-01-29T08:44:06.646+0000] {processor.py:830} INFO - Processing file /opt/airflow/dags/airflow_dag_spark_streaming.py for tasks to queue
[2026-01-29T08:44:06.649+0000] {logging_mixin.py:188} INFO - [2026-01-29T08:44:06.647+0000] {dagbag.py:538} INFO - Filling up the DagBag from /opt/airflow/dags/airflow_dag_spark_streaming.py
[2026-01-29T08:44:06.690+0000] {processor.py:840} INFO - DAG(s) 'spark_sgp4_streaming' retrieved from /opt/airflow/dags/airflow_dag_spark_streaming.py
[2026-01-29T08:44:06.765+0000] {logging_mixin.py:188} INFO - [2026-01-29T08:44:06.765+0000] {dag.py:3036} INFO - Sync 1 DAGs
[2026-01-29T08:44:06.791+0000] {logging_mixin.py:188} INFO - [2026-01-29T08:44:06.791+0000] {dag.py:3823} INFO - Setting next_dagrun for spark_sgp4_streaming to None, run_after=None
[2026-01-29T08:44:06.824+0000] {processor.py:183} INFO - Processing /opt/airflow/dags/airflow_dag_spark_streaming.py took 0.193 seconds
[2026-01-29T08:44:37.018+0000] {processor.py:161} INFO - Started process (PID=1024) to work on /opt/airflow/dags/airflow_dag_spark_streaming.py
[2026-01-29T08:44:37.020+0000] {processor.py:830} INFO - Processing file /opt/airflow/dags/airflow_dag_spark_streaming.py for tasks to queue
[2026-01-29T08:44:37.022+0000] {logging_mixin.py:188} INFO - [2026-01-29T08:44:37.021+0000] {dagbag.py:538} INFO - Filling up the DagBag from /opt/airflow/dags/airflow_dag_spark_streaming.py
[2026-01-29T08:44:37.084+0000] {processor.py:840} INFO - DAG(s) 'spark_sgp4_streaming' retrieved from /opt/airflow/dags/airflow_dag_spark_streaming.py
[2026-01-29T08:44:37.190+0000] {logging_mixin.py:188} INFO - [2026-01-29T08:44:37.190+0000] {dag.py:3036} INFO - Sync 1 DAGs
[2026-01-29T08:44:37.225+0000] {logging_mixin.py:188} INFO - [2026-01-29T08:44:37.224+0000] {dag.py:3823} INFO - Setting next_dagrun for spark_sgp4_streaming to None, run_after=None
[2026-01-29T08:44:37.260+0000] {processor.py:183} INFO - Processing /opt/airflow/dags/airflow_dag_spark_streaming.py took 0.261 seconds
[2026-01-29T08:45:07.456+0000] {processor.py:161} INFO - Started process (PID=1034) to work on /opt/airflow/dags/airflow_dag_spark_streaming.py
[2026-01-29T08:45:07.459+0000] {processor.py:830} INFO - Processing file /opt/airflow/dags/airflow_dag_spark_streaming.py for tasks to queue
[2026-01-29T08:45:07.461+0000] {logging_mixin.py:188} INFO - [2026-01-29T08:45:07.460+0000] {dagbag.py:538} INFO - Filling up the DagBag from /opt/airflow/dags/airflow_dag_spark_streaming.py
[2026-01-29T08:45:07.523+0000] {processor.py:840} INFO - DAG(s) 'spark_sgp4_streaming' retrieved from /opt/airflow/dags/airflow_dag_spark_streaming.py
[2026-01-29T08:45:07.612+0000] {logging_mixin.py:188} INFO - [2026-01-29T08:45:07.612+0000] {dag.py:3036} INFO - Sync 1 DAGs
[2026-01-29T08:45:07.647+0000] {logging_mixin.py:188} INFO - [2026-01-29T08:45:07.647+0000] {dag.py:3823} INFO - Setting next_dagrun for spark_sgp4_streaming to None, run_after=None
[2026-01-29T08:45:07.680+0000] {processor.py:183} INFO - Processing /opt/airflow/dags/airflow_dag_spark_streaming.py took 0.237 seconds
[2026-01-29T08:45:37.865+0000] {processor.py:161} INFO - Started process (PID=1044) to work on /opt/airflow/dags/airflow_dag_spark_streaming.py
[2026-01-29T08:45:37.866+0000] {processor.py:830} INFO - Processing file /opt/airflow/dags/airflow_dag_spark_streaming.py for tasks to queue
[2026-01-29T08:45:37.869+0000] {logging_mixin.py:188} INFO - [2026-01-29T08:45:37.868+0000] {dagbag.py:538} INFO - Filling up the DagBag from /opt/airflow/dags/airflow_dag_spark_streaming.py
[2026-01-29T08:45:37.918+0000] {processor.py:840} INFO - DAG(s) 'spark_sgp4_streaming' retrieved from /opt/airflow/dags/airflow_dag_spark_streaming.py
[2026-01-29T08:45:38.006+0000] {logging_mixin.py:188} INFO - [2026-01-29T08:45:38.006+0000] {dag.py:3036} INFO - Sync 1 DAGs
[2026-01-29T08:45:38.031+0000] {logging_mixin.py:188} INFO - [2026-01-29T08:45:38.031+0000] {dag.py:3823} INFO - Setting next_dagrun for spark_sgp4_streaming to None, run_after=None
[2026-01-29T08:45:38.061+0000] {processor.py:183} INFO - Processing /opt/airflow/dags/airflow_dag_spark_streaming.py took 0.210 seconds
[2026-01-29T08:46:08.227+0000] {processor.py:161} INFO - Started process (PID=1054) to work on /opt/airflow/dags/airflow_dag_spark_streaming.py
[2026-01-29T08:46:08.228+0000] {processor.py:830} INFO - Processing file /opt/airflow/dags/airflow_dag_spark_streaming.py for tasks to queue
[2026-01-29T08:46:08.232+0000] {logging_mixin.py:188} INFO - [2026-01-29T08:46:08.229+0000] {dagbag.py:538} INFO - Filling up the DagBag from /opt/airflow/dags/airflow_dag_spark_streaming.py
[2026-01-29T08:46:08.274+0000] {processor.py:840} INFO - DAG(s) 'spark_sgp4_streaming' retrieved from /opt/airflow/dags/airflow_dag_spark_streaming.py
[2026-01-29T08:46:08.349+0000] {logging_mixin.py:188} INFO - [2026-01-29T08:46:08.349+0000] {dag.py:3036} INFO - Sync 1 DAGs
[2026-01-29T08:46:08.375+0000] {logging_mixin.py:188} INFO - [2026-01-29T08:46:08.374+0000] {dag.py:3823} INFO - Setting next_dagrun for spark_sgp4_streaming to None, run_after=None
[2026-01-29T08:46:08.399+0000] {processor.py:183} INFO - Processing /opt/airflow/dags/airflow_dag_spark_streaming.py took 0.182 seconds
[2026-01-29T08:46:38.562+0000] {processor.py:161} INFO - Started process (PID=1064) to work on /opt/airflow/dags/airflow_dag_spark_streaming.py
[2026-01-29T08:46:38.563+0000] {processor.py:830} INFO - Processing file /opt/airflow/dags/airflow_dag_spark_streaming.py for tasks to queue
[2026-01-29T08:46:38.565+0000] {logging_mixin.py:188} INFO - [2026-01-29T08:46:38.564+0000] {dagbag.py:538} INFO - Filling up the DagBag from /opt/airflow/dags/airflow_dag_spark_streaming.py
[2026-01-29T08:46:38.602+0000] {processor.py:840} INFO - DAG(s) 'spark_sgp4_streaming' retrieved from /opt/airflow/dags/airflow_dag_spark_streaming.py
[2026-01-29T08:46:38.685+0000] {logging_mixin.py:188} INFO - [2026-01-29T08:46:38.685+0000] {dag.py:3036} INFO - Sync 1 DAGs
[2026-01-29T08:46:38.710+0000] {logging_mixin.py:188} INFO - [2026-01-29T08:46:38.710+0000] {dag.py:3823} INFO - Setting next_dagrun for spark_sgp4_streaming to None, run_after=None
[2026-01-29T08:46:38.741+0000] {processor.py:183} INFO - Processing /opt/airflow/dags/airflow_dag_spark_streaming.py took 0.188 seconds
[2026-01-29T08:47:08.925+0000] {processor.py:161} INFO - Started process (PID=1074) to work on /opt/airflow/dags/airflow_dag_spark_streaming.py
[2026-01-29T08:47:08.926+0000] {processor.py:830} INFO - Processing file /opt/airflow/dags/airflow_dag_spark_streaming.py for tasks to queue
[2026-01-29T08:47:08.929+0000] {logging_mixin.py:188} INFO - [2026-01-29T08:47:08.928+0000] {dagbag.py:538} INFO - Filling up the DagBag from /opt/airflow/dags/airflow_dag_spark_streaming.py
[2026-01-29T08:47:08.977+0000] {processor.py:840} INFO - DAG(s) 'spark_sgp4_streaming' retrieved from /opt/airflow/dags/airflow_dag_spark_streaming.py
[2026-01-29T08:47:09.071+0000] {logging_mixin.py:188} INFO - [2026-01-29T08:47:09.070+0000] {dag.py:3036} INFO - Sync 1 DAGs
[2026-01-29T08:47:09.101+0000] {logging_mixin.py:188} INFO - [2026-01-29T08:47:09.101+0000] {dag.py:3823} INFO - Setting next_dagrun for spark_sgp4_streaming to None, run_after=None
[2026-01-29T08:47:09.132+0000] {processor.py:183} INFO - Processing /opt/airflow/dags/airflow_dag_spark_streaming.py took 0.222 seconds
[2026-01-29T08:47:39.297+0000] {processor.py:161} INFO - Started process (PID=1084) to work on /opt/airflow/dags/airflow_dag_spark_streaming.py
[2026-01-29T08:47:39.299+0000] {processor.py:830} INFO - Processing file /opt/airflow/dags/airflow_dag_spark_streaming.py for tasks to queue
[2026-01-29T08:47:39.302+0000] {logging_mixin.py:188} INFO - [2026-01-29T08:47:39.301+0000] {dagbag.py:538} INFO - Filling up the DagBag from /opt/airflow/dags/airflow_dag_spark_streaming.py
[2026-01-29T08:47:39.349+0000] {processor.py:840} INFO - DAG(s) 'spark_sgp4_streaming' retrieved from /opt/airflow/dags/airflow_dag_spark_streaming.py
[2026-01-29T08:47:39.433+0000] {logging_mixin.py:188} INFO - [2026-01-29T08:47:39.433+0000] {dag.py:3036} INFO - Sync 1 DAGs
[2026-01-29T08:47:39.459+0000] {logging_mixin.py:188} INFO - [2026-01-29T08:47:39.459+0000] {dag.py:3823} INFO - Setting next_dagrun for spark_sgp4_streaming to None, run_after=None
[2026-01-29T08:47:39.487+0000] {processor.py:183} INFO - Processing /opt/airflow/dags/airflow_dag_spark_streaming.py took 0.205 seconds
[2026-01-29T08:48:09.654+0000] {processor.py:161} INFO - Started process (PID=1094) to work on /opt/airflow/dags/airflow_dag_spark_streaming.py
[2026-01-29T08:48:09.656+0000] {processor.py:830} INFO - Processing file /opt/airflow/dags/airflow_dag_spark_streaming.py for tasks to queue
[2026-01-29T08:48:09.660+0000] {logging_mixin.py:188} INFO - [2026-01-29T08:48:09.657+0000] {dagbag.py:538} INFO - Filling up the DagBag from /opt/airflow/dags/airflow_dag_spark_streaming.py
[2026-01-29T08:48:09.714+0000] {processor.py:840} INFO - DAG(s) 'spark_sgp4_streaming' retrieved from /opt/airflow/dags/airflow_dag_spark_streaming.py
[2026-01-29T08:48:09.781+0000] {logging_mixin.py:188} INFO - [2026-01-29T08:48:09.780+0000] {dag.py:3036} INFO - Sync 1 DAGs
[2026-01-29T08:48:09.802+0000] {logging_mixin.py:188} INFO - [2026-01-29T08:48:09.802+0000] {dag.py:3823} INFO - Setting next_dagrun for spark_sgp4_streaming to None, run_after=None
[2026-01-29T08:48:09.826+0000] {processor.py:183} INFO - Processing /opt/airflow/dags/airflow_dag_spark_streaming.py took 0.187 seconds
[2026-01-29T08:48:39.980+0000] {processor.py:161} INFO - Started process (PID=1104) to work on /opt/airflow/dags/airflow_dag_spark_streaming.py
[2026-01-29T08:48:39.984+0000] {processor.py:830} INFO - Processing file /opt/airflow/dags/airflow_dag_spark_streaming.py for tasks to queue
[2026-01-29T08:48:39.985+0000] {logging_mixin.py:188} INFO - [2026-01-29T08:48:39.984+0000] {dagbag.py:538} INFO - Filling up the DagBag from /opt/airflow/dags/airflow_dag_spark_streaming.py
[2026-01-29T08:48:40.021+0000] {processor.py:840} INFO - DAG(s) 'spark_sgp4_streaming' retrieved from /opt/airflow/dags/airflow_dag_spark_streaming.py
[2026-01-29T08:48:40.084+0000] {logging_mixin.py:188} INFO - [2026-01-29T08:48:40.083+0000] {dag.py:3036} INFO - Sync 1 DAGs
[2026-01-29T08:48:40.108+0000] {logging_mixin.py:188} INFO - [2026-01-29T08:48:40.107+0000] {dag.py:3823} INFO - Setting next_dagrun for spark_sgp4_streaming to None, run_after=None
[2026-01-29T08:48:40.136+0000] {processor.py:183} INFO - Processing /opt/airflow/dags/airflow_dag_spark_streaming.py took 0.165 seconds
[2026-01-29T08:49:10.327+0000] {processor.py:161} INFO - Started process (PID=1114) to work on /opt/airflow/dags/airflow_dag_spark_streaming.py
[2026-01-29T08:49:10.328+0000] {processor.py:830} INFO - Processing file /opt/airflow/dags/airflow_dag_spark_streaming.py for tasks to queue
[2026-01-29T08:49:10.330+0000] {logging_mixin.py:188} INFO - [2026-01-29T08:49:10.329+0000] {dagbag.py:538} INFO - Filling up the DagBag from /opt/airflow/dags/airflow_dag_spark_streaming.py
[2026-01-29T08:49:10.369+0000] {processor.py:840} INFO - DAG(s) 'spark_sgp4_streaming' retrieved from /opt/airflow/dags/airflow_dag_spark_streaming.py
[2026-01-29T08:49:10.444+0000] {logging_mixin.py:188} INFO - [2026-01-29T08:49:10.444+0000] {dag.py:3036} INFO - Sync 1 DAGs
[2026-01-29T08:49:10.465+0000] {logging_mixin.py:188} INFO - [2026-01-29T08:49:10.465+0000] {dag.py:3823} INFO - Setting next_dagrun for spark_sgp4_streaming to None, run_after=None
[2026-01-29T08:49:10.487+0000] {processor.py:183} INFO - Processing /opt/airflow/dags/airflow_dag_spark_streaming.py took 0.171 seconds
[2026-01-29T08:49:40.663+0000] {processor.py:161} INFO - Started process (PID=1124) to work on /opt/airflow/dags/airflow_dag_spark_streaming.py
[2026-01-29T08:49:40.665+0000] {processor.py:830} INFO - Processing file /opt/airflow/dags/airflow_dag_spark_streaming.py for tasks to queue
[2026-01-29T08:49:40.668+0000] {logging_mixin.py:188} INFO - [2026-01-29T08:49:40.666+0000] {dagbag.py:538} INFO - Filling up the DagBag from /opt/airflow/dags/airflow_dag_spark_streaming.py
[2026-01-29T08:49:40.719+0000] {processor.py:840} INFO - DAG(s) 'spark_sgp4_streaming' retrieved from /opt/airflow/dags/airflow_dag_spark_streaming.py
[2026-01-29T08:49:40.815+0000] {logging_mixin.py:188} INFO - [2026-01-29T08:49:40.814+0000] {dag.py:3036} INFO - Sync 1 DAGs
[2026-01-29T08:49:40.849+0000] {logging_mixin.py:188} INFO - [2026-01-29T08:49:40.849+0000] {dag.py:3823} INFO - Setting next_dagrun for spark_sgp4_streaming to None, run_after=None
[2026-01-29T08:49:40.887+0000] {processor.py:183} INFO - Processing /opt/airflow/dags/airflow_dag_spark_streaming.py took 0.238 seconds
[2026-01-29T08:50:11.071+0000] {processor.py:161} INFO - Started process (PID=1134) to work on /opt/airflow/dags/airflow_dag_spark_streaming.py
[2026-01-29T08:50:11.073+0000] {processor.py:830} INFO - Processing file /opt/airflow/dags/airflow_dag_spark_streaming.py for tasks to queue
[2026-01-29T08:50:11.075+0000] {logging_mixin.py:188} INFO - [2026-01-29T08:50:11.074+0000] {dagbag.py:538} INFO - Filling up the DagBag from /opt/airflow/dags/airflow_dag_spark_streaming.py
[2026-01-29T08:50:11.115+0000] {processor.py:840} INFO - DAG(s) 'spark_sgp4_streaming' retrieved from /opt/airflow/dags/airflow_dag_spark_streaming.py
[2026-01-29T08:50:11.172+0000] {logging_mixin.py:188} INFO - [2026-01-29T08:50:11.172+0000] {dag.py:3036} INFO - Sync 1 DAGs
[2026-01-29T08:50:11.191+0000] {logging_mixin.py:188} INFO - [2026-01-29T08:50:11.190+0000] {dag.py:3823} INFO - Setting next_dagrun for spark_sgp4_streaming to None, run_after=None
[2026-01-29T08:50:11.212+0000] {processor.py:183} INFO - Processing /opt/airflow/dags/airflow_dag_spark_streaming.py took 0.155 seconds
[2026-01-29T08:50:41.374+0000] {processor.py:161} INFO - Started process (PID=1144) to work on /opt/airflow/dags/airflow_dag_spark_streaming.py
[2026-01-29T08:50:41.376+0000] {processor.py:830} INFO - Processing file /opt/airflow/dags/airflow_dag_spark_streaming.py for tasks to queue
[2026-01-29T08:50:41.379+0000] {logging_mixin.py:188} INFO - [2026-01-29T08:50:41.378+0000] {dagbag.py:538} INFO - Filling up the DagBag from /opt/airflow/dags/airflow_dag_spark_streaming.py
[2026-01-29T08:50:41.420+0000] {processor.py:840} INFO - DAG(s) 'spark_sgp4_streaming' retrieved from /opt/airflow/dags/airflow_dag_spark_streaming.py
[2026-01-29T08:50:41.496+0000] {logging_mixin.py:188} INFO - [2026-01-29T08:50:41.496+0000] {dag.py:3036} INFO - Sync 1 DAGs
[2026-01-29T08:50:41.524+0000] {logging_mixin.py:188} INFO - [2026-01-29T08:50:41.523+0000] {dag.py:3823} INFO - Setting next_dagrun for spark_sgp4_streaming to None, run_after=None
[2026-01-29T08:50:41.552+0000] {processor.py:183} INFO - Processing /opt/airflow/dags/airflow_dag_spark_streaming.py took 0.192 seconds
[2026-01-29T08:51:11.731+0000] {processor.py:161} INFO - Started process (PID=1154) to work on /opt/airflow/dags/airflow_dag_spark_streaming.py
[2026-01-29T08:51:11.734+0000] {processor.py:830} INFO - Processing file /opt/airflow/dags/airflow_dag_spark_streaming.py for tasks to queue
[2026-01-29T08:51:11.736+0000] {logging_mixin.py:188} INFO - [2026-01-29T08:51:11.735+0000] {dagbag.py:538} INFO - Filling up the DagBag from /opt/airflow/dags/airflow_dag_spark_streaming.py
[2026-01-29T08:51:11.781+0000] {processor.py:840} INFO - DAG(s) 'spark_sgp4_streaming' retrieved from /opt/airflow/dags/airflow_dag_spark_streaming.py
[2026-01-29T08:51:11.878+0000] {logging_mixin.py:188} INFO - [2026-01-29T08:51:11.878+0000] {dag.py:3036} INFO - Sync 1 DAGs
[2026-01-29T08:51:11.908+0000] {logging_mixin.py:188} INFO - [2026-01-29T08:51:11.907+0000] {dag.py:3823} INFO - Setting next_dagrun for spark_sgp4_streaming to None, run_after=None
[2026-01-29T08:51:11.940+0000] {processor.py:183} INFO - Processing /opt/airflow/dags/airflow_dag_spark_streaming.py took 0.227 seconds
[2026-01-29T08:51:42.093+0000] {processor.py:161} INFO - Started process (PID=1164) to work on /opt/airflow/dags/airflow_dag_spark_streaming.py
[2026-01-29T08:51:42.095+0000] {processor.py:830} INFO - Processing file /opt/airflow/dags/airflow_dag_spark_streaming.py for tasks to queue
[2026-01-29T08:51:42.097+0000] {logging_mixin.py:188} INFO - [2026-01-29T08:51:42.096+0000] {dagbag.py:538} INFO - Filling up the DagBag from /opt/airflow/dags/airflow_dag_spark_streaming.py
[2026-01-29T08:51:42.136+0000] {processor.py:840} INFO - DAG(s) 'spark_sgp4_streaming' retrieved from /opt/airflow/dags/airflow_dag_spark_streaming.py
[2026-01-29T08:51:42.213+0000] {logging_mixin.py:188} INFO - [2026-01-29T08:51:42.212+0000] {dag.py:3036} INFO - Sync 1 DAGs
[2026-01-29T08:51:42.233+0000] {logging_mixin.py:188} INFO - [2026-01-29T08:51:42.232+0000] {dag.py:3823} INFO - Setting next_dagrun for spark_sgp4_streaming to None, run_after=None
[2026-01-29T08:51:42.253+0000] {processor.py:183} INFO - Processing /opt/airflow/dags/airflow_dag_spark_streaming.py took 0.171 seconds
[2026-01-29T08:52:12.423+0000] {processor.py:161} INFO - Started process (PID=1174) to work on /opt/airflow/dags/airflow_dag_spark_streaming.py
[2026-01-29T08:52:12.425+0000] {processor.py:830} INFO - Processing file /opt/airflow/dags/airflow_dag_spark_streaming.py for tasks to queue
[2026-01-29T08:52:12.428+0000] {logging_mixin.py:188} INFO - [2026-01-29T08:52:12.426+0000] {dagbag.py:538} INFO - Filling up the DagBag from /opt/airflow/dags/airflow_dag_spark_streaming.py
[2026-01-29T08:52:12.472+0000] {processor.py:840} INFO - DAG(s) 'spark_sgp4_streaming' retrieved from /opt/airflow/dags/airflow_dag_spark_streaming.py
[2026-01-29T08:52:12.561+0000] {logging_mixin.py:188} INFO - [2026-01-29T08:52:12.561+0000] {dag.py:3036} INFO - Sync 1 DAGs
[2026-01-29T08:52:12.587+0000] {logging_mixin.py:188} INFO - [2026-01-29T08:52:12.587+0000] {dag.py:3823} INFO - Setting next_dagrun for spark_sgp4_streaming to None, run_after=None
[2026-01-29T08:52:12.614+0000] {processor.py:183} INFO - Processing /opt/airflow/dags/airflow_dag_spark_streaming.py took 0.204 seconds
[2026-01-29T08:52:42.770+0000] {processor.py:161} INFO - Started process (PID=1184) to work on /opt/airflow/dags/airflow_dag_spark_streaming.py
[2026-01-29T08:52:42.772+0000] {processor.py:830} INFO - Processing file /opt/airflow/dags/airflow_dag_spark_streaming.py for tasks to queue
[2026-01-29T08:52:42.775+0000] {logging_mixin.py:188} INFO - [2026-01-29T08:52:42.774+0000] {dagbag.py:538} INFO - Filling up the DagBag from /opt/airflow/dags/airflow_dag_spark_streaming.py
[2026-01-29T08:52:42.819+0000] {processor.py:840} INFO - DAG(s) 'spark_sgp4_streaming' retrieved from /opt/airflow/dags/airflow_dag_spark_streaming.py
[2026-01-29T08:52:42.898+0000] {logging_mixin.py:188} INFO - [2026-01-29T08:52:42.897+0000] {dag.py:3036} INFO - Sync 1 DAGs
[2026-01-29T08:52:42.926+0000] {logging_mixin.py:188} INFO - [2026-01-29T08:52:42.926+0000] {dag.py:3823} INFO - Setting next_dagrun for spark_sgp4_streaming to None, run_after=None
[2026-01-29T08:52:42.955+0000] {processor.py:183} INFO - Processing /opt/airflow/dags/airflow_dag_spark_streaming.py took 0.198 seconds
[2026-01-29T08:53:13.139+0000] {processor.py:161} INFO - Started process (PID=1194) to work on /opt/airflow/dags/airflow_dag_spark_streaming.py
[2026-01-29T08:53:13.141+0000] {processor.py:830} INFO - Processing file /opt/airflow/dags/airflow_dag_spark_streaming.py for tasks to queue
[2026-01-29T08:53:13.144+0000] {logging_mixin.py:188} INFO - [2026-01-29T08:53:13.143+0000] {dagbag.py:538} INFO - Filling up the DagBag from /opt/airflow/dags/airflow_dag_spark_streaming.py
[2026-01-29T08:53:13.190+0000] {processor.py:840} INFO - DAG(s) 'spark_sgp4_streaming' retrieved from /opt/airflow/dags/airflow_dag_spark_streaming.py
[2026-01-29T08:53:13.274+0000] {logging_mixin.py:188} INFO - [2026-01-29T08:53:13.274+0000] {dag.py:3036} INFO - Sync 1 DAGs
[2026-01-29T08:53:13.302+0000] {logging_mixin.py:188} INFO - [2026-01-29T08:53:13.302+0000] {dag.py:3823} INFO - Setting next_dagrun for spark_sgp4_streaming to None, run_after=None
[2026-01-29T08:53:13.335+0000] {processor.py:183} INFO - Processing /opt/airflow/dags/airflow_dag_spark_streaming.py took 0.211 seconds
[2026-01-29T08:53:43.509+0000] {processor.py:161} INFO - Started process (PID=1204) to work on /opt/airflow/dags/airflow_dag_spark_streaming.py
[2026-01-29T08:53:43.512+0000] {processor.py:830} INFO - Processing file /opt/airflow/dags/airflow_dag_spark_streaming.py for tasks to queue
[2026-01-29T08:53:43.514+0000] {logging_mixin.py:188} INFO - [2026-01-29T08:53:43.513+0000] {dagbag.py:538} INFO - Filling up the DagBag from /opt/airflow/dags/airflow_dag_spark_streaming.py
[2026-01-29T08:53:43.552+0000] {processor.py:840} INFO - DAG(s) 'spark_sgp4_streaming' retrieved from /opt/airflow/dags/airflow_dag_spark_streaming.py
[2026-01-29T08:53:43.613+0000] {logging_mixin.py:188} INFO - [2026-01-29T08:53:43.613+0000] {dag.py:3036} INFO - Sync 1 DAGs
[2026-01-29T08:53:43.639+0000] {logging_mixin.py:188} INFO - [2026-01-29T08:53:43.638+0000] {dag.py:3823} INFO - Setting next_dagrun for spark_sgp4_streaming to None, run_after=None
[2026-01-29T08:53:43.669+0000] {processor.py:183} INFO - Processing /opt/airflow/dags/airflow_dag_spark_streaming.py took 0.171 seconds
[2026-01-29T08:54:13.894+0000] {processor.py:161} INFO - Started process (PID=1214) to work on /opt/airflow/dags/airflow_dag_spark_streaming.py
[2026-01-29T08:54:13.896+0000] {processor.py:830} INFO - Processing file /opt/airflow/dags/airflow_dag_spark_streaming.py for tasks to queue
[2026-01-29T08:54:13.899+0000] {logging_mixin.py:188} INFO - [2026-01-29T08:54:13.897+0000] {dagbag.py:538} INFO - Filling up the DagBag from /opt/airflow/dags/airflow_dag_spark_streaming.py
[2026-01-29T08:54:13.944+0000] {processor.py:840} INFO - DAG(s) 'spark_sgp4_streaming' retrieved from /opt/airflow/dags/airflow_dag_spark_streaming.py
[2026-01-29T08:54:14.027+0000] {logging_mixin.py:188} INFO - [2026-01-29T08:54:14.026+0000] {dag.py:3036} INFO - Sync 1 DAGs
[2026-01-29T08:54:14.055+0000] {logging_mixin.py:188} INFO - [2026-01-29T08:54:14.055+0000] {dag.py:3823} INFO - Setting next_dagrun for spark_sgp4_streaming to None, run_after=None
[2026-01-29T08:54:14.089+0000] {processor.py:183} INFO - Processing /opt/airflow/dags/airflow_dag_spark_streaming.py took 0.210 seconds
[2026-01-29T08:54:44.257+0000] {processor.py:161} INFO - Started process (PID=1224) to work on /opt/airflow/dags/airflow_dag_spark_streaming.py
[2026-01-29T08:54:44.258+0000] {processor.py:830} INFO - Processing file /opt/airflow/dags/airflow_dag_spark_streaming.py for tasks to queue
[2026-01-29T08:54:44.261+0000] {logging_mixin.py:188} INFO - [2026-01-29T08:54:44.259+0000] {dagbag.py:538} INFO - Filling up the DagBag from /opt/airflow/dags/airflow_dag_spark_streaming.py
[2026-01-29T08:54:44.303+0000] {processor.py:840} INFO - DAG(s) 'spark_sgp4_streaming' retrieved from /opt/airflow/dags/airflow_dag_spark_streaming.py
[2026-01-29T08:54:44.384+0000] {logging_mixin.py:188} INFO - [2026-01-29T08:54:44.383+0000] {dag.py:3036} INFO - Sync 1 DAGs
[2026-01-29T08:54:44.409+0000] {logging_mixin.py:188} INFO - [2026-01-29T08:54:44.409+0000] {dag.py:3823} INFO - Setting next_dagrun for spark_sgp4_streaming to None, run_after=None
[2026-01-29T08:54:44.435+0000] {processor.py:183} INFO - Processing /opt/airflow/dags/airflow_dag_spark_streaming.py took 0.189 seconds
[2026-01-29T08:55:14.606+0000] {processor.py:161} INFO - Started process (PID=1234) to work on /opt/airflow/dags/airflow_dag_spark_streaming.py
[2026-01-29T08:55:14.608+0000] {processor.py:830} INFO - Processing file /opt/airflow/dags/airflow_dag_spark_streaming.py for tasks to queue
[2026-01-29T08:55:14.611+0000] {logging_mixin.py:188} INFO - [2026-01-29T08:55:14.609+0000] {dagbag.py:538} INFO - Filling up the DagBag from /opt/airflow/dags/airflow_dag_spark_streaming.py
[2026-01-29T08:55:14.657+0000] {processor.py:840} INFO - DAG(s) 'spark_sgp4_streaming' retrieved from /opt/airflow/dags/airflow_dag_spark_streaming.py
[2026-01-29T08:55:14.742+0000] {logging_mixin.py:188} INFO - [2026-01-29T08:55:14.742+0000] {dag.py:3036} INFO - Sync 1 DAGs
[2026-01-29T08:55:14.767+0000] {logging_mixin.py:188} INFO - [2026-01-29T08:55:14.766+0000] {dag.py:3823} INFO - Setting next_dagrun for spark_sgp4_streaming to None, run_after=None
[2026-01-29T08:55:14.792+0000] {processor.py:183} INFO - Processing /opt/airflow/dags/airflow_dag_spark_streaming.py took 0.201 seconds
[2026-01-29T08:55:44.958+0000] {processor.py:161} INFO - Started process (PID=1244) to work on /opt/airflow/dags/airflow_dag_spark_streaming.py
[2026-01-29T08:55:44.960+0000] {processor.py:830} INFO - Processing file /opt/airflow/dags/airflow_dag_spark_streaming.py for tasks to queue
[2026-01-29T08:55:44.962+0000] {logging_mixin.py:188} INFO - [2026-01-29T08:55:44.961+0000] {dagbag.py:538} INFO - Filling up the DagBag from /opt/airflow/dags/airflow_dag_spark_streaming.py
[2026-01-29T08:55:45.010+0000] {processor.py:840} INFO - DAG(s) 'spark_sgp4_streaming' retrieved from /opt/airflow/dags/airflow_dag_spark_streaming.py
[2026-01-29T08:55:45.089+0000] {logging_mixin.py:188} INFO - [2026-01-29T08:55:45.089+0000] {dag.py:3036} INFO - Sync 1 DAGs
[2026-01-29T08:55:45.119+0000] {logging_mixin.py:188} INFO - [2026-01-29T08:55:45.118+0000] {dag.py:3823} INFO - Setting next_dagrun for spark_sgp4_streaming to None, run_after=None
[2026-01-29T08:55:45.144+0000] {processor.py:183} INFO - Processing /opt/airflow/dags/airflow_dag_spark_streaming.py took 0.196 seconds
[2026-01-29T08:56:15.318+0000] {processor.py:161} INFO - Started process (PID=1254) to work on /opt/airflow/dags/airflow_dag_spark_streaming.py
[2026-01-29T08:56:15.319+0000] {processor.py:830} INFO - Processing file /opt/airflow/dags/airflow_dag_spark_streaming.py for tasks to queue
[2026-01-29T08:56:15.323+0000] {logging_mixin.py:188} INFO - [2026-01-29T08:56:15.321+0000] {dagbag.py:538} INFO - Filling up the DagBag from /opt/airflow/dags/airflow_dag_spark_streaming.py
[2026-01-29T08:56:15.365+0000] {processor.py:840} INFO - DAG(s) 'spark_sgp4_streaming' retrieved from /opt/airflow/dags/airflow_dag_spark_streaming.py
[2026-01-29T08:56:15.435+0000] {logging_mixin.py:188} INFO - [2026-01-29T08:56:15.435+0000] {dag.py:3036} INFO - Sync 1 DAGs
[2026-01-29T08:56:15.456+0000] {logging_mixin.py:188} INFO - [2026-01-29T08:56:15.456+0000] {dag.py:3823} INFO - Setting next_dagrun for spark_sgp4_streaming to None, run_after=None
[2026-01-29T08:56:15.485+0000] {processor.py:183} INFO - Processing /opt/airflow/dags/airflow_dag_spark_streaming.py took 0.182 seconds
[2026-01-29T08:56:45.652+0000] {processor.py:161} INFO - Started process (PID=1264) to work on /opt/airflow/dags/airflow_dag_spark_streaming.py
[2026-01-29T08:56:45.656+0000] {processor.py:830} INFO - Processing file /opt/airflow/dags/airflow_dag_spark_streaming.py for tasks to queue
[2026-01-29T08:56:45.659+0000] {logging_mixin.py:188} INFO - [2026-01-29T08:56:45.658+0000] {dagbag.py:538} INFO - Filling up the DagBag from /opt/airflow/dags/airflow_dag_spark_streaming.py
[2026-01-29T08:56:45.702+0000] {processor.py:840} INFO - DAG(s) 'spark_sgp4_streaming' retrieved from /opt/airflow/dags/airflow_dag_spark_streaming.py
[2026-01-29T08:56:45.803+0000] {logging_mixin.py:188} INFO - [2026-01-29T08:56:45.802+0000] {dag.py:3036} INFO - Sync 1 DAGs
[2026-01-29T08:56:45.834+0000] {logging_mixin.py:188} INFO - [2026-01-29T08:56:45.833+0000] {dag.py:3823} INFO - Setting next_dagrun for spark_sgp4_streaming to None, run_after=None
[2026-01-29T08:56:45.867+0000] {processor.py:183} INFO - Processing /opt/airflow/dags/airflow_dag_spark_streaming.py took 0.230 seconds
[2026-01-29T08:57:16.072+0000] {processor.py:161} INFO - Started process (PID=1274) to work on /opt/airflow/dags/airflow_dag_spark_streaming.py
[2026-01-29T08:57:16.074+0000] {processor.py:830} INFO - Processing file /opt/airflow/dags/airflow_dag_spark_streaming.py for tasks to queue
[2026-01-29T08:57:16.077+0000] {logging_mixin.py:188} INFO - [2026-01-29T08:57:16.075+0000] {dagbag.py:538} INFO - Filling up the DagBag from /opt/airflow/dags/airflow_dag_spark_streaming.py
[2026-01-29T08:57:16.139+0000] {processor.py:840} INFO - DAG(s) 'spark_sgp4_streaming' retrieved from /opt/airflow/dags/airflow_dag_spark_streaming.py
[2026-01-29T08:57:16.245+0000] {logging_mixin.py:188} INFO - [2026-01-29T08:57:16.245+0000] {dag.py:3036} INFO - Sync 1 DAGs
[2026-01-29T08:57:16.281+0000] {logging_mixin.py:188} INFO - [2026-01-29T08:57:16.281+0000] {dag.py:3823} INFO - Setting next_dagrun for spark_sgp4_streaming to None, run_after=None
[2026-01-29T08:57:16.325+0000] {processor.py:183} INFO - Processing /opt/airflow/dags/airflow_dag_spark_streaming.py took 0.273 seconds
[2026-01-29T08:57:46.513+0000] {processor.py:161} INFO - Started process (PID=1284) to work on /opt/airflow/dags/airflow_dag_spark_streaming.py
[2026-01-29T08:57:46.514+0000] {processor.py:830} INFO - Processing file /opt/airflow/dags/airflow_dag_spark_streaming.py for tasks to queue
[2026-01-29T08:57:46.517+0000] {logging_mixin.py:188} INFO - [2026-01-29T08:57:46.515+0000] {dagbag.py:538} INFO - Filling up the DagBag from /opt/airflow/dags/airflow_dag_spark_streaming.py
[2026-01-29T08:57:46.572+0000] {processor.py:840} INFO - DAG(s) 'spark_sgp4_streaming' retrieved from /opt/airflow/dags/airflow_dag_spark_streaming.py
[2026-01-29T08:57:46.665+0000] {logging_mixin.py:188} INFO - [2026-01-29T08:57:46.665+0000] {dag.py:3036} INFO - Sync 1 DAGs
[2026-01-29T08:57:46.695+0000] {logging_mixin.py:188} INFO - [2026-01-29T08:57:46.695+0000] {dag.py:3823} INFO - Setting next_dagrun for spark_sgp4_streaming to None, run_after=None
[2026-01-29T08:57:46.726+0000] {processor.py:183} INFO - Processing /opt/airflow/dags/airflow_dag_spark_streaming.py took 0.226 seconds
[2026-01-29T08:58:16.909+0000] {processor.py:161} INFO - Started process (PID=1294) to work on /opt/airflow/dags/airflow_dag_spark_streaming.py
[2026-01-29T08:58:16.911+0000] {processor.py:830} INFO - Processing file /opt/airflow/dags/airflow_dag_spark_streaming.py for tasks to queue
[2026-01-29T08:58:16.915+0000] {logging_mixin.py:188} INFO - [2026-01-29T08:58:16.913+0000] {dagbag.py:538} INFO - Filling up the DagBag from /opt/airflow/dags/airflow_dag_spark_streaming.py
[2026-01-29T08:58:16.976+0000] {processor.py:840} INFO - DAG(s) 'spark_sgp4_streaming' retrieved from /opt/airflow/dags/airflow_dag_spark_streaming.py
[2026-01-29T08:58:17.082+0000] {logging_mixin.py:188} INFO - [2026-01-29T08:58:17.082+0000] {dag.py:3036} INFO - Sync 1 DAGs
[2026-01-29T08:58:17.119+0000] {logging_mixin.py:188} INFO - [2026-01-29T08:58:17.119+0000] {dag.py:3823} INFO - Setting next_dagrun for spark_sgp4_streaming to None, run_after=None
[2026-01-29T08:58:17.158+0000] {processor.py:183} INFO - Processing /opt/airflow/dags/airflow_dag_spark_streaming.py took 0.270 seconds
[2026-01-29T08:58:47.299+0000] {processor.py:161} INFO - Started process (PID=1304) to work on /opt/airflow/dags/airflow_dag_spark_streaming.py
[2026-01-29T08:58:47.300+0000] {processor.py:830} INFO - Processing file /opt/airflow/dags/airflow_dag_spark_streaming.py for tasks to queue
[2026-01-29T08:58:47.302+0000] {logging_mixin.py:188} INFO - [2026-01-29T08:58:47.301+0000] {dagbag.py:538} INFO - Filling up the DagBag from /opt/airflow/dags/airflow_dag_spark_streaming.py
[2026-01-29T08:58:47.342+0000] {processor.py:840} INFO - DAG(s) 'spark_sgp4_streaming' retrieved from /opt/airflow/dags/airflow_dag_spark_streaming.py
[2026-01-29T08:58:47.416+0000] {logging_mixin.py:188} INFO - [2026-01-29T08:58:47.416+0000] {dag.py:3036} INFO - Sync 1 DAGs
[2026-01-29T08:58:47.438+0000] {logging_mixin.py:188} INFO - [2026-01-29T08:58:47.438+0000] {dag.py:3823} INFO - Setting next_dagrun for spark_sgp4_streaming to None, run_after=None
[2026-01-29T08:58:47.460+0000] {processor.py:183} INFO - Processing /opt/airflow/dags/airflow_dag_spark_streaming.py took 0.172 seconds
[2026-01-29T08:59:17.669+0000] {processor.py:161} INFO - Started process (PID=1314) to work on /opt/airflow/dags/airflow_dag_spark_streaming.py
[2026-01-29T08:59:17.670+0000] {processor.py:830} INFO - Processing file /opt/airflow/dags/airflow_dag_spark_streaming.py for tasks to queue
[2026-01-29T08:59:17.672+0000] {logging_mixin.py:188} INFO - [2026-01-29T08:59:17.671+0000] {dagbag.py:538} INFO - Filling up the DagBag from /opt/airflow/dags/airflow_dag_spark_streaming.py
[2026-01-29T08:59:17.712+0000] {processor.py:840} INFO - DAG(s) 'spark_sgp4_streaming' retrieved from /opt/airflow/dags/airflow_dag_spark_streaming.py
[2026-01-29T08:59:17.777+0000] {logging_mixin.py:188} INFO - [2026-01-29T08:59:17.776+0000] {dag.py:3036} INFO - Sync 1 DAGs
[2026-01-29T08:59:17.805+0000] {logging_mixin.py:188} INFO - [2026-01-29T08:59:17.804+0000] {dag.py:3823} INFO - Setting next_dagrun for spark_sgp4_streaming to None, run_after=None
[2026-01-29T08:59:17.828+0000] {processor.py:183} INFO - Processing /opt/airflow/dags/airflow_dag_spark_streaming.py took 0.167 seconds
[2026-01-29T08:59:47.995+0000] {processor.py:161} INFO - Started process (PID=1324) to work on /opt/airflow/dags/airflow_dag_spark_streaming.py
[2026-01-29T08:59:47.997+0000] {processor.py:830} INFO - Processing file /opt/airflow/dags/airflow_dag_spark_streaming.py for tasks to queue
[2026-01-29T08:59:48.001+0000] {logging_mixin.py:188} INFO - [2026-01-29T08:59:47.999+0000] {dagbag.py:538} INFO - Filling up the DagBag from /opt/airflow/dags/airflow_dag_spark_streaming.py
[2026-01-29T08:59:48.050+0000] {processor.py:840} INFO - DAG(s) 'spark_sgp4_streaming' retrieved from /opt/airflow/dags/airflow_dag_spark_streaming.py
[2026-01-29T08:59:48.136+0000] {logging_mixin.py:188} INFO - [2026-01-29T08:59:48.136+0000] {dag.py:3036} INFO - Sync 1 DAGs
[2026-01-29T08:59:48.161+0000] {logging_mixin.py:188} INFO - [2026-01-29T08:59:48.161+0000] {dag.py:3823} INFO - Setting next_dagrun for spark_sgp4_streaming to None, run_after=None
[2026-01-29T08:59:48.191+0000] {processor.py:183} INFO - Processing /opt/airflow/dags/airflow_dag_spark_streaming.py took 0.209 seconds
[2026-01-29T09:00:18.351+0000] {processor.py:161} INFO - Started process (PID=1334) to work on /opt/airflow/dags/airflow_dag_spark_streaming.py
[2026-01-29T09:00:18.353+0000] {processor.py:830} INFO - Processing file /opt/airflow/dags/airflow_dag_spark_streaming.py for tasks to queue
[2026-01-29T09:00:18.356+0000] {logging_mixin.py:188} INFO - [2026-01-29T09:00:18.354+0000] {dagbag.py:538} INFO - Filling up the DagBag from /opt/airflow/dags/airflow_dag_spark_streaming.py
[2026-01-29T09:00:18.401+0000] {processor.py:840} INFO - DAG(s) 'spark_sgp4_streaming' retrieved from /opt/airflow/dags/airflow_dag_spark_streaming.py
[2026-01-29T09:00:18.469+0000] {logging_mixin.py:188} INFO - [2026-01-29T09:00:18.469+0000] {dag.py:3036} INFO - Sync 1 DAGs
[2026-01-29T09:00:18.496+0000] {logging_mixin.py:188} INFO - [2026-01-29T09:00:18.496+0000] {dag.py:3823} INFO - Setting next_dagrun for spark_sgp4_streaming to None, run_after=None
[2026-01-29T09:00:18.523+0000] {processor.py:183} INFO - Processing /opt/airflow/dags/airflow_dag_spark_streaming.py took 0.181 seconds
[2026-01-29T09:00:48.687+0000] {processor.py:161} INFO - Started process (PID=1344) to work on /opt/airflow/dags/airflow_dag_spark_streaming.py
[2026-01-29T09:00:48.689+0000] {processor.py:830} INFO - Processing file /opt/airflow/dags/airflow_dag_spark_streaming.py for tasks to queue
[2026-01-29T09:00:48.691+0000] {logging_mixin.py:188} INFO - [2026-01-29T09:00:48.690+0000] {dagbag.py:538} INFO - Filling up the DagBag from /opt/airflow/dags/airflow_dag_spark_streaming.py
[2026-01-29T09:00:48.733+0000] {processor.py:840} INFO - DAG(s) 'spark_sgp4_streaming' retrieved from /opt/airflow/dags/airflow_dag_spark_streaming.py
[2026-01-29T09:00:48.819+0000] {logging_mixin.py:188} INFO - [2026-01-29T09:00:48.819+0000] {dag.py:3036} INFO - Sync 1 DAGs
[2026-01-29T09:00:48.845+0000] {logging_mixin.py:188} INFO - [2026-01-29T09:00:48.844+0000] {dag.py:3823} INFO - Setting next_dagrun for spark_sgp4_streaming to None, run_after=None
[2026-01-29T09:00:48.875+0000] {processor.py:183} INFO - Processing /opt/airflow/dags/airflow_dag_spark_streaming.py took 0.204 seconds
[2026-01-29T09:01:19.061+0000] {processor.py:161} INFO - Started process (PID=1354) to work on /opt/airflow/dags/airflow_dag_spark_streaming.py
[2026-01-29T09:01:19.062+0000] {processor.py:830} INFO - Processing file /opt/airflow/dags/airflow_dag_spark_streaming.py for tasks to queue
[2026-01-29T09:01:19.065+0000] {logging_mixin.py:188} INFO - [2026-01-29T09:01:19.063+0000] {dagbag.py:538} INFO - Filling up the DagBag from /opt/airflow/dags/airflow_dag_spark_streaming.py
[2026-01-29T09:01:19.109+0000] {processor.py:840} INFO - DAG(s) 'spark_sgp4_streaming' retrieved from /opt/airflow/dags/airflow_dag_spark_streaming.py
[2026-01-29T09:01:19.184+0000] {logging_mixin.py:188} INFO - [2026-01-29T09:01:19.184+0000] {dag.py:3036} INFO - Sync 1 DAGs
[2026-01-29T09:01:19.211+0000] {logging_mixin.py:188} INFO - [2026-01-29T09:01:19.210+0000] {dag.py:3823} INFO - Setting next_dagrun for spark_sgp4_streaming to None, run_after=None
[2026-01-29T09:01:19.240+0000] {processor.py:183} INFO - Processing /opt/airflow/dags/airflow_dag_spark_streaming.py took 0.189 seconds
[2026-01-29T09:01:49.430+0000] {processor.py:161} INFO - Started process (PID=1364) to work on /opt/airflow/dags/airflow_dag_spark_streaming.py
[2026-01-29T09:01:49.431+0000] {processor.py:830} INFO - Processing file /opt/airflow/dags/airflow_dag_spark_streaming.py for tasks to queue
[2026-01-29T09:01:49.433+0000] {logging_mixin.py:188} INFO - [2026-01-29T09:01:49.432+0000] {dagbag.py:538} INFO - Filling up the DagBag from /opt/airflow/dags/airflow_dag_spark_streaming.py
[2026-01-29T09:01:49.481+0000] {processor.py:840} INFO - DAG(s) 'spark_sgp4_streaming' retrieved from /opt/airflow/dags/airflow_dag_spark_streaming.py
[2026-01-29T09:01:49.563+0000] {logging_mixin.py:188} INFO - [2026-01-29T09:01:49.563+0000] {dag.py:3036} INFO - Sync 1 DAGs
[2026-01-29T09:01:49.590+0000] {logging_mixin.py:188} INFO - [2026-01-29T09:01:49.590+0000] {dag.py:3823} INFO - Setting next_dagrun for spark_sgp4_streaming to None, run_after=None
[2026-01-29T09:01:49.616+0000] {processor.py:183} INFO - Processing /opt/airflow/dags/airflow_dag_spark_streaming.py took 0.205 seconds
[2026-01-29T09:02:19.790+0000] {processor.py:161} INFO - Started process (PID=1374) to work on /opt/airflow/dags/airflow_dag_spark_streaming.py
[2026-01-29T09:02:19.792+0000] {processor.py:830} INFO - Processing file /opt/airflow/dags/airflow_dag_spark_streaming.py for tasks to queue
[2026-01-29T09:02:19.796+0000] {logging_mixin.py:188} INFO - [2026-01-29T09:02:19.794+0000] {dagbag.py:538} INFO - Filling up the DagBag from /opt/airflow/dags/airflow_dag_spark_streaming.py
[2026-01-29T09:02:19.842+0000] {processor.py:840} INFO - DAG(s) 'spark_sgp4_streaming' retrieved from /opt/airflow/dags/airflow_dag_spark_streaming.py
[2026-01-29T09:02:19.925+0000] {logging_mixin.py:188} INFO - [2026-01-29T09:02:19.924+0000] {dag.py:3036} INFO - Sync 1 DAGs
[2026-01-29T09:02:19.949+0000] {logging_mixin.py:188} INFO - [2026-01-29T09:02:19.949+0000] {dag.py:3823} INFO - Setting next_dagrun for spark_sgp4_streaming to None, run_after=None
[2026-01-29T09:02:19.980+0000] {processor.py:183} INFO - Processing /opt/airflow/dags/airflow_dag_spark_streaming.py took 0.204 seconds
[2026-01-29T09:02:50.144+0000] {processor.py:161} INFO - Started process (PID=1384) to work on /opt/airflow/dags/airflow_dag_spark_streaming.py
[2026-01-29T09:02:50.146+0000] {processor.py:830} INFO - Processing file /opt/airflow/dags/airflow_dag_spark_streaming.py for tasks to queue
[2026-01-29T09:02:50.150+0000] {logging_mixin.py:188} INFO - [2026-01-29T09:02:50.148+0000] {dagbag.py:538} INFO - Filling up the DagBag from /opt/airflow/dags/airflow_dag_spark_streaming.py
[2026-01-29T09:02:50.199+0000] {processor.py:840} INFO - DAG(s) 'spark_sgp4_streaming' retrieved from /opt/airflow/dags/airflow_dag_spark_streaming.py
[2026-01-29T09:02:50.300+0000] {logging_mixin.py:188} INFO - [2026-01-29T09:02:50.300+0000] {dag.py:3036} INFO - Sync 1 DAGs
[2026-01-29T09:02:50.332+0000] {logging_mixin.py:188} INFO - [2026-01-29T09:02:50.332+0000] {dag.py:3823} INFO - Setting next_dagrun for spark_sgp4_streaming to None, run_after=None
[2026-01-29T09:02:50.364+0000] {processor.py:183} INFO - Processing /opt/airflow/dags/airflow_dag_spark_streaming.py took 0.240 seconds
[2026-01-29T09:03:20.500+0000] {processor.py:161} INFO - Started process (PID=1394) to work on /opt/airflow/dags/airflow_dag_spark_streaming.py
[2026-01-29T09:03:20.502+0000] {processor.py:830} INFO - Processing file /opt/airflow/dags/airflow_dag_spark_streaming.py for tasks to queue
[2026-01-29T09:03:20.504+0000] {logging_mixin.py:188} INFO - [2026-01-29T09:03:20.503+0000] {dagbag.py:538} INFO - Filling up the DagBag from /opt/airflow/dags/airflow_dag_spark_streaming.py
[2026-01-29T09:03:20.544+0000] {processor.py:840} INFO - DAG(s) 'spark_sgp4_streaming' retrieved from /opt/airflow/dags/airflow_dag_spark_streaming.py
[2026-01-29T09:03:20.620+0000] {logging_mixin.py:188} INFO - [2026-01-29T09:03:20.620+0000] {dag.py:3036} INFO - Sync 1 DAGs
[2026-01-29T09:03:20.646+0000] {logging_mixin.py:188} INFO - [2026-01-29T09:03:20.646+0000] {dag.py:3823} INFO - Setting next_dagrun for spark_sgp4_streaming to None, run_after=None
[2026-01-29T09:03:20.675+0000] {processor.py:183} INFO - Processing /opt/airflow/dags/airflow_dag_spark_streaming.py took 0.185 seconds
[2026-01-29T09:03:50.842+0000] {processor.py:161} INFO - Started process (PID=1404) to work on /opt/airflow/dags/airflow_dag_spark_streaming.py
[2026-01-29T09:03:50.844+0000] {processor.py:830} INFO - Processing file /opt/airflow/dags/airflow_dag_spark_streaming.py for tasks to queue
[2026-01-29T09:03:50.846+0000] {logging_mixin.py:188} INFO - [2026-01-29T09:03:50.845+0000] {dagbag.py:538} INFO - Filling up the DagBag from /opt/airflow/dags/airflow_dag_spark_streaming.py
[2026-01-29T09:03:50.889+0000] {processor.py:840} INFO - DAG(s) 'spark_sgp4_streaming' retrieved from /opt/airflow/dags/airflow_dag_spark_streaming.py
[2026-01-29T09:03:50.968+0000] {logging_mixin.py:188} INFO - [2026-01-29T09:03:50.968+0000] {dag.py:3036} INFO - Sync 1 DAGs
[2026-01-29T09:03:50.994+0000] {logging_mixin.py:188} INFO - [2026-01-29T09:03:50.994+0000] {dag.py:3823} INFO - Setting next_dagrun for spark_sgp4_streaming to None, run_after=None
[2026-01-29T09:03:51.021+0000] {processor.py:183} INFO - Processing /opt/airflow/dags/airflow_dag_spark_streaming.py took 0.192 seconds
[2026-01-29T09:04:21.238+0000] {processor.py:161} INFO - Started process (PID=1414) to work on /opt/airflow/dags/airflow_dag_spark_streaming.py
[2026-01-29T09:04:21.239+0000] {processor.py:830} INFO - Processing file /opt/airflow/dags/airflow_dag_spark_streaming.py for tasks to queue
[2026-01-29T09:04:21.241+0000] {logging_mixin.py:188} INFO - [2026-01-29T09:04:21.240+0000] {dagbag.py:538} INFO - Filling up the DagBag from /opt/airflow/dags/airflow_dag_spark_streaming.py
[2026-01-29T09:04:21.267+0000] {processor.py:840} INFO - DAG(s) 'spark_sgp4_streaming' retrieved from /opt/airflow/dags/airflow_dag_spark_streaming.py
[2026-01-29T09:04:21.308+0000] {logging_mixin.py:188} INFO - [2026-01-29T09:04:21.308+0000] {dag.py:3036} INFO - Sync 1 DAGs
[2026-01-29T09:04:21.329+0000] {logging_mixin.py:188} INFO - [2026-01-29T09:04:21.329+0000] {dag.py:3823} INFO - Setting next_dagrun for spark_sgp4_streaming to None, run_after=None
[2026-01-29T09:04:21.348+0000] {processor.py:183} INFO - Processing /opt/airflow/dags/airflow_dag_spark_streaming.py took 0.122 seconds
[2026-01-29T09:04:51.519+0000] {processor.py:161} INFO - Started process (PID=1424) to work on /opt/airflow/dags/airflow_dag_spark_streaming.py
[2026-01-29T09:04:51.520+0000] {processor.py:830} INFO - Processing file /opt/airflow/dags/airflow_dag_spark_streaming.py for tasks to queue
[2026-01-29T09:04:51.523+0000] {logging_mixin.py:188} INFO - [2026-01-29T09:04:51.521+0000] {dagbag.py:538} INFO - Filling up the DagBag from /opt/airflow/dags/airflow_dag_spark_streaming.py
[2026-01-29T09:04:51.569+0000] {processor.py:840} INFO - DAG(s) 'spark_sgp4_streaming' retrieved from /opt/airflow/dags/airflow_dag_spark_streaming.py
[2026-01-29T09:04:51.646+0000] {logging_mixin.py:188} INFO - [2026-01-29T09:04:51.645+0000] {dag.py:3036} INFO - Sync 1 DAGs
[2026-01-29T09:04:51.672+0000] {logging_mixin.py:188} INFO - [2026-01-29T09:04:51.672+0000] {dag.py:3823} INFO - Setting next_dagrun for spark_sgp4_streaming to None, run_after=None
[2026-01-29T09:04:51.701+0000] {processor.py:183} INFO - Processing /opt/airflow/dags/airflow_dag_spark_streaming.py took 0.195 seconds
[2026-01-29T09:05:21.870+0000] {processor.py:161} INFO - Started process (PID=1434) to work on /opt/airflow/dags/airflow_dag_spark_streaming.py
[2026-01-29T09:05:21.872+0000] {processor.py:830} INFO - Processing file /opt/airflow/dags/airflow_dag_spark_streaming.py for tasks to queue
[2026-01-29T09:05:21.874+0000] {logging_mixin.py:188} INFO - [2026-01-29T09:05:21.873+0000] {dagbag.py:538} INFO - Filling up the DagBag from /opt/airflow/dags/airflow_dag_spark_streaming.py
[2026-01-29T09:05:21.913+0000] {processor.py:840} INFO - DAG(s) 'spark_sgp4_streaming' retrieved from /opt/airflow/dags/airflow_dag_spark_streaming.py
[2026-01-29T09:05:21.977+0000] {logging_mixin.py:188} INFO - [2026-01-29T09:05:21.977+0000] {dag.py:3036} INFO - Sync 1 DAGs
[2026-01-29T09:05:22.001+0000] {logging_mixin.py:188} INFO - [2026-01-29T09:05:22.001+0000] {dag.py:3823} INFO - Setting next_dagrun for spark_sgp4_streaming to None, run_after=None
[2026-01-29T09:05:22.031+0000] {processor.py:183} INFO - Processing /opt/airflow/dags/airflow_dag_spark_streaming.py took 0.178 seconds
[2026-01-29T09:05:52.203+0000] {processor.py:161} INFO - Started process (PID=1444) to work on /opt/airflow/dags/airflow_dag_spark_streaming.py
[2026-01-29T09:05:52.205+0000] {processor.py:830} INFO - Processing file /opt/airflow/dags/airflow_dag_spark_streaming.py for tasks to queue
[2026-01-29T09:05:52.207+0000] {logging_mixin.py:188} INFO - [2026-01-29T09:05:52.206+0000] {dagbag.py:538} INFO - Filling up the DagBag from /opt/airflow/dags/airflow_dag_spark_streaming.py
[2026-01-29T09:05:52.255+0000] {processor.py:840} INFO - DAG(s) 'spark_sgp4_streaming' retrieved from /opt/airflow/dags/airflow_dag_spark_streaming.py
[2026-01-29T09:05:52.355+0000] {logging_mixin.py:188} INFO - [2026-01-29T09:05:52.355+0000] {dag.py:3036} INFO - Sync 1 DAGs
[2026-01-29T09:05:52.386+0000] {logging_mixin.py:188} INFO - [2026-01-29T09:05:52.386+0000] {dag.py:3823} INFO - Setting next_dagrun for spark_sgp4_streaming to None, run_after=None
[2026-01-29T09:05:52.426+0000] {processor.py:183} INFO - Processing /opt/airflow/dags/airflow_dag_spark_streaming.py took 0.238 seconds
[2026-01-29T09:06:22.600+0000] {processor.py:161} INFO - Started process (PID=1454) to work on /opt/airflow/dags/airflow_dag_spark_streaming.py
[2026-01-29T09:06:22.602+0000] {processor.py:830} INFO - Processing file /opt/airflow/dags/airflow_dag_spark_streaming.py for tasks to queue
[2026-01-29T09:06:22.604+0000] {logging_mixin.py:188} INFO - [2026-01-29T09:06:22.603+0000] {dagbag.py:538} INFO - Filling up the DagBag from /opt/airflow/dags/airflow_dag_spark_streaming.py
[2026-01-29T09:06:22.647+0000] {processor.py:840} INFO - DAG(s) 'spark_sgp4_streaming' retrieved from /opt/airflow/dags/airflow_dag_spark_streaming.py
[2026-01-29T09:06:22.709+0000] {logging_mixin.py:188} INFO - [2026-01-29T09:06:22.709+0000] {dag.py:3036} INFO - Sync 1 DAGs
[2026-01-29T09:06:22.738+0000] {logging_mixin.py:188} INFO - [2026-01-29T09:06:22.738+0000] {dag.py:3823} INFO - Setting next_dagrun for spark_sgp4_streaming to None, run_after=None
[2026-01-29T09:06:22.767+0000] {processor.py:183} INFO - Processing /opt/airflow/dags/airflow_dag_spark_streaming.py took 0.178 seconds
[2026-01-29T09:06:52.940+0000] {processor.py:161} INFO - Started process (PID=1464) to work on /opt/airflow/dags/airflow_dag_spark_streaming.py
[2026-01-29T09:06:52.942+0000] {processor.py:830} INFO - Processing file /opt/airflow/dags/airflow_dag_spark_streaming.py for tasks to queue
[2026-01-29T09:06:52.945+0000] {logging_mixin.py:188} INFO - [2026-01-29T09:06:52.943+0000] {dagbag.py:538} INFO - Filling up the DagBag from /opt/airflow/dags/airflow_dag_spark_streaming.py
[2026-01-29T09:06:52.994+0000] {processor.py:840} INFO - DAG(s) 'spark_sgp4_streaming' retrieved from /opt/airflow/dags/airflow_dag_spark_streaming.py
[2026-01-29T09:06:53.071+0000] {logging_mixin.py:188} INFO - [2026-01-29T09:06:53.071+0000] {dag.py:3036} INFO - Sync 1 DAGs
[2026-01-29T09:06:53.102+0000] {logging_mixin.py:188} INFO - [2026-01-29T09:06:53.102+0000] {dag.py:3823} INFO - Setting next_dagrun for spark_sgp4_streaming to None, run_after=None
[2026-01-29T09:06:53.133+0000] {processor.py:183} INFO - Processing /opt/airflow/dags/airflow_dag_spark_streaming.py took 0.210 seconds
[2026-01-29T09:07:23.313+0000] {processor.py:161} INFO - Started process (PID=1474) to work on /opt/airflow/dags/airflow_dag_spark_streaming.py
[2026-01-29T09:07:23.314+0000] {processor.py:830} INFO - Processing file /opt/airflow/dags/airflow_dag_spark_streaming.py for tasks to queue
[2026-01-29T09:07:23.316+0000] {logging_mixin.py:188} INFO - [2026-01-29T09:07:23.315+0000] {dagbag.py:538} INFO - Filling up the DagBag from /opt/airflow/dags/airflow_dag_spark_streaming.py
[2026-01-29T09:07:23.359+0000] {processor.py:840} INFO - DAG(s) 'spark_sgp4_streaming' retrieved from /opt/airflow/dags/airflow_dag_spark_streaming.py
[2026-01-29T09:07:23.434+0000] {logging_mixin.py:188} INFO - [2026-01-29T09:07:23.433+0000] {dag.py:3036} INFO - Sync 1 DAGs
[2026-01-29T09:07:23.460+0000] {logging_mixin.py:188} INFO - [2026-01-29T09:07:23.460+0000] {dag.py:3823} INFO - Setting next_dagrun for spark_sgp4_streaming to None, run_after=None
[2026-01-29T09:07:23.491+0000] {processor.py:183} INFO - Processing /opt/airflow/dags/airflow_dag_spark_streaming.py took 0.188 seconds
[2026-01-29T09:07:53.650+0000] {processor.py:161} INFO - Started process (PID=1484) to work on /opt/airflow/dags/airflow_dag_spark_streaming.py
[2026-01-29T09:07:53.651+0000] {processor.py:830} INFO - Processing file /opt/airflow/dags/airflow_dag_spark_streaming.py for tasks to queue
[2026-01-29T09:07:53.653+0000] {logging_mixin.py:188} INFO - [2026-01-29T09:07:53.652+0000] {dagbag.py:538} INFO - Filling up the DagBag from /opt/airflow/dags/airflow_dag_spark_streaming.py
[2026-01-29T09:07:53.697+0000] {processor.py:840} INFO - DAG(s) 'spark_sgp4_streaming' retrieved from /opt/airflow/dags/airflow_dag_spark_streaming.py
[2026-01-29T09:07:53.754+0000] {logging_mixin.py:188} INFO - [2026-01-29T09:07:53.754+0000] {dag.py:3036} INFO - Sync 1 DAGs
[2026-01-29T09:07:53.773+0000] {logging_mixin.py:188} INFO - [2026-01-29T09:07:53.772+0000] {dag.py:3823} INFO - Setting next_dagrun for spark_sgp4_streaming to None, run_after=None
[2026-01-29T09:07:53.793+0000] {processor.py:183} INFO - Processing /opt/airflow/dags/airflow_dag_spark_streaming.py took 0.157 seconds
[2026-01-29T09:08:23.971+0000] {processor.py:161} INFO - Started process (PID=1494) to work on /opt/airflow/dags/airflow_dag_spark_streaming.py
[2026-01-29T09:08:23.973+0000] {processor.py:830} INFO - Processing file /opt/airflow/dags/airflow_dag_spark_streaming.py for tasks to queue
[2026-01-29T09:08:23.975+0000] {logging_mixin.py:188} INFO - [2026-01-29T09:08:23.974+0000] {dagbag.py:538} INFO - Filling up the DagBag from /opt/airflow/dags/airflow_dag_spark_streaming.py
[2026-01-29T09:08:24.018+0000] {processor.py:840} INFO - DAG(s) 'spark_sgp4_streaming' retrieved from /opt/airflow/dags/airflow_dag_spark_streaming.py
[2026-01-29T09:08:24.106+0000] {logging_mixin.py:188} INFO - [2026-01-29T09:08:24.105+0000] {dag.py:3036} INFO - Sync 1 DAGs
[2026-01-29T09:08:24.135+0000] {logging_mixin.py:188} INFO - [2026-01-29T09:08:24.134+0000] {dag.py:3823} INFO - Setting next_dagrun for spark_sgp4_streaming to None, run_after=None
[2026-01-29T09:08:24.167+0000] {processor.py:183} INFO - Processing /opt/airflow/dags/airflow_dag_spark_streaming.py took 0.210 seconds
[2026-01-29T09:08:54.341+0000] {processor.py:161} INFO - Started process (PID=1504) to work on /opt/airflow/dags/airflow_dag_spark_streaming.py
[2026-01-29T09:08:54.342+0000] {processor.py:830} INFO - Processing file /opt/airflow/dags/airflow_dag_spark_streaming.py for tasks to queue
[2026-01-29T09:08:54.345+0000] {logging_mixin.py:188} INFO - [2026-01-29T09:08:54.343+0000] {dagbag.py:538} INFO - Filling up the DagBag from /opt/airflow/dags/airflow_dag_spark_streaming.py
[2026-01-29T09:08:54.394+0000] {processor.py:840} INFO - DAG(s) 'spark_sgp4_streaming' retrieved from /opt/airflow/dags/airflow_dag_spark_streaming.py
[2026-01-29T09:08:54.467+0000] {logging_mixin.py:188} INFO - [2026-01-29T09:08:54.466+0000] {dag.py:3036} INFO - Sync 1 DAGs
[2026-01-29T09:08:54.492+0000] {logging_mixin.py:188} INFO - [2026-01-29T09:08:54.492+0000] {dag.py:3823} INFO - Setting next_dagrun for spark_sgp4_streaming to None, run_after=None
[2026-01-29T09:08:54.524+0000] {processor.py:183} INFO - Processing /opt/airflow/dags/airflow_dag_spark_streaming.py took 0.197 seconds
[2026-01-29T09:09:24.722+0000] {processor.py:161} INFO - Started process (PID=1514) to work on /opt/airflow/dags/airflow_dag_spark_streaming.py
[2026-01-29T09:09:24.723+0000] {processor.py:830} INFO - Processing file /opt/airflow/dags/airflow_dag_spark_streaming.py for tasks to queue
[2026-01-29T09:09:24.726+0000] {logging_mixin.py:188} INFO - [2026-01-29T09:09:24.725+0000] {dagbag.py:538} INFO - Filling up the DagBag from /opt/airflow/dags/airflow_dag_spark_streaming.py
[2026-01-29T09:09:24.772+0000] {processor.py:840} INFO - DAG(s) 'spark_sgp4_streaming' retrieved from /opt/airflow/dags/airflow_dag_spark_streaming.py
[2026-01-29T09:09:24.851+0000] {logging_mixin.py:188} INFO - [2026-01-29T09:09:24.850+0000] {dag.py:3036} INFO - Sync 1 DAGs
[2026-01-29T09:09:24.876+0000] {logging_mixin.py:188} INFO - [2026-01-29T09:09:24.876+0000] {dag.py:3823} INFO - Setting next_dagrun for spark_sgp4_streaming to None, run_after=None
[2026-01-29T09:09:24.906+0000] {processor.py:183} INFO - Processing /opt/airflow/dags/airflow_dag_spark_streaming.py took 0.197 seconds
[2026-01-29T09:09:55.060+0000] {processor.py:161} INFO - Started process (PID=1524) to work on /opt/airflow/dags/airflow_dag_spark_streaming.py
[2026-01-29T09:09:55.061+0000] {processor.py:830} INFO - Processing file /opt/airflow/dags/airflow_dag_spark_streaming.py for tasks to queue
[2026-01-29T09:09:55.064+0000] {logging_mixin.py:188} INFO - [2026-01-29T09:09:55.062+0000] {dagbag.py:538} INFO - Filling up the DagBag from /opt/airflow/dags/airflow_dag_spark_streaming.py
[2026-01-29T09:09:55.102+0000] {processor.py:840} INFO - DAG(s) 'spark_sgp4_streaming' retrieved from /opt/airflow/dags/airflow_dag_spark_streaming.py
[2026-01-29T09:09:55.187+0000] {logging_mixin.py:188} INFO - [2026-01-29T09:09:55.186+0000] {dag.py:3036} INFO - Sync 1 DAGs
[2026-01-29T09:09:55.213+0000] {logging_mixin.py:188} INFO - [2026-01-29T09:09:55.213+0000] {dag.py:3823} INFO - Setting next_dagrun for spark_sgp4_streaming to None, run_after=None
[2026-01-29T09:09:55.239+0000] {processor.py:183} INFO - Processing /opt/airflow/dags/airflow_dag_spark_streaming.py took 0.189 seconds
[2026-01-29T09:10:25.436+0000] {processor.py:161} INFO - Started process (PID=1534) to work on /opt/airflow/dags/airflow_dag_spark_streaming.py
[2026-01-29T09:10:25.438+0000] {processor.py:830} INFO - Processing file /opt/airflow/dags/airflow_dag_spark_streaming.py for tasks to queue
[2026-01-29T09:10:25.441+0000] {logging_mixin.py:188} INFO - [2026-01-29T09:10:25.439+0000] {dagbag.py:538} INFO - Filling up the DagBag from /opt/airflow/dags/airflow_dag_spark_streaming.py
[2026-01-29T09:10:25.490+0000] {processor.py:840} INFO - DAG(s) 'spark_sgp4_streaming' retrieved from /opt/airflow/dags/airflow_dag_spark_streaming.py
[2026-01-29T09:10:25.582+0000] {logging_mixin.py:188} INFO - [2026-01-29T09:10:25.582+0000] {dag.py:3036} INFO - Sync 1 DAGs
[2026-01-29T09:10:25.612+0000] {logging_mixin.py:188} INFO - [2026-01-29T09:10:25.611+0000] {dag.py:3823} INFO - Setting next_dagrun for spark_sgp4_streaming to None, run_after=None
[2026-01-29T09:10:25.641+0000] {processor.py:183} INFO - Processing /opt/airflow/dags/airflow_dag_spark_streaming.py took 0.217 seconds
[2026-01-29T09:10:55.795+0000] {processor.py:161} INFO - Started process (PID=1544) to work on /opt/airflow/dags/airflow_dag_spark_streaming.py
[2026-01-29T09:10:55.797+0000] {processor.py:830} INFO - Processing file /opt/airflow/dags/airflow_dag_spark_streaming.py for tasks to queue
[2026-01-29T09:10:55.800+0000] {logging_mixin.py:188} INFO - [2026-01-29T09:10:55.799+0000] {dagbag.py:538} INFO - Filling up the DagBag from /opt/airflow/dags/airflow_dag_spark_streaming.py
[2026-01-29T09:10:55.843+0000] {processor.py:840} INFO - DAG(s) 'spark_sgp4_streaming' retrieved from /opt/airflow/dags/airflow_dag_spark_streaming.py
[2026-01-29T09:10:55.923+0000] {logging_mixin.py:188} INFO - [2026-01-29T09:10:55.923+0000] {dag.py:3036} INFO - Sync 1 DAGs
[2026-01-29T09:10:55.953+0000] {logging_mixin.py:188} INFO - [2026-01-29T09:10:55.952+0000] {dag.py:3823} INFO - Setting next_dagrun for spark_sgp4_streaming to None, run_after=None
[2026-01-29T09:10:55.986+0000] {processor.py:183} INFO - Processing /opt/airflow/dags/airflow_dag_spark_streaming.py took 0.203 seconds
[2026-01-29T09:11:26.162+0000] {processor.py:161} INFO - Started process (PID=1554) to work on /opt/airflow/dags/airflow_dag_spark_streaming.py
[2026-01-29T09:11:26.163+0000] {processor.py:830} INFO - Processing file /opt/airflow/dags/airflow_dag_spark_streaming.py for tasks to queue
[2026-01-29T09:11:26.166+0000] {logging_mixin.py:188} INFO - [2026-01-29T09:11:26.165+0000] {dagbag.py:538} INFO - Filling up the DagBag from /opt/airflow/dags/airflow_dag_spark_streaming.py
[2026-01-29T09:11:26.214+0000] {processor.py:840} INFO - DAG(s) 'spark_sgp4_streaming' retrieved from /opt/airflow/dags/airflow_dag_spark_streaming.py
[2026-01-29T09:11:26.301+0000] {logging_mixin.py:188} INFO - [2026-01-29T09:11:26.300+0000] {dag.py:3036} INFO - Sync 1 DAGs
[2026-01-29T09:11:26.343+0000] {logging_mixin.py:188} INFO - [2026-01-29T09:11:26.340+0000] {dag.py:3823} INFO - Setting next_dagrun for spark_sgp4_streaming to None, run_after=None
[2026-01-29T09:11:26.421+0000] {processor.py:183} INFO - Processing /opt/airflow/dags/airflow_dag_spark_streaming.py took 0.271 seconds
[2026-01-29T09:11:56.568+0000] {processor.py:161} INFO - Started process (PID=1564) to work on /opt/airflow/dags/airflow_dag_spark_streaming.py
[2026-01-29T09:11:56.571+0000] {processor.py:830} INFO - Processing file /opt/airflow/dags/airflow_dag_spark_streaming.py for tasks to queue
[2026-01-29T09:11:56.575+0000] {logging_mixin.py:188} INFO - [2026-01-29T09:11:56.574+0000] {dagbag.py:538} INFO - Filling up the DagBag from /opt/airflow/dags/airflow_dag_spark_streaming.py
[2026-01-29T09:11:56.625+0000] {processor.py:840} INFO - DAG(s) 'spark_sgp4_streaming' retrieved from /opt/airflow/dags/airflow_dag_spark_streaming.py
[2026-01-29T09:11:56.722+0000] {logging_mixin.py:188} INFO - [2026-01-29T09:11:56.722+0000] {dag.py:3036} INFO - Sync 1 DAGs
[2026-01-29T09:11:56.748+0000] {logging_mixin.py:188} INFO - [2026-01-29T09:11:56.747+0000] {dag.py:3823} INFO - Setting next_dagrun for spark_sgp4_streaming to None, run_after=None
[2026-01-29T09:11:56.779+0000] {processor.py:183} INFO - Processing /opt/airflow/dags/airflow_dag_spark_streaming.py took 0.225 seconds
[2026-01-29T09:12:26.910+0000] {processor.py:161} INFO - Started process (PID=1574) to work on /opt/airflow/dags/airflow_dag_spark_streaming.py
[2026-01-29T09:12:26.912+0000] {processor.py:830} INFO - Processing file /opt/airflow/dags/airflow_dag_spark_streaming.py for tasks to queue
[2026-01-29T09:12:26.915+0000] {logging_mixin.py:188} INFO - [2026-01-29T09:12:26.913+0000] {dagbag.py:538} INFO - Filling up the DagBag from /opt/airflow/dags/airflow_dag_spark_streaming.py
[2026-01-29T09:12:26.964+0000] {processor.py:840} INFO - DAG(s) 'spark_sgp4_streaming' retrieved from /opt/airflow/dags/airflow_dag_spark_streaming.py
[2026-01-29T09:12:27.036+0000] {logging_mixin.py:188} INFO - [2026-01-29T09:12:27.036+0000] {dag.py:3036} INFO - Sync 1 DAGs
[2026-01-29T09:12:27.064+0000] {logging_mixin.py:188} INFO - [2026-01-29T09:12:27.064+0000] {dag.py:3823} INFO - Setting next_dagrun for spark_sgp4_streaming to None, run_after=None
[2026-01-29T09:12:27.094+0000] {processor.py:183} INFO - Processing /opt/airflow/dags/airflow_dag_spark_streaming.py took 0.197 seconds
[2026-01-29T09:12:57.260+0000] {processor.py:161} INFO - Started process (PID=1584) to work on /opt/airflow/dags/airflow_dag_spark_streaming.py
[2026-01-29T09:12:57.262+0000] {processor.py:830} INFO - Processing file /opt/airflow/dags/airflow_dag_spark_streaming.py for tasks to queue
[2026-01-29T09:12:57.264+0000] {logging_mixin.py:188} INFO - [2026-01-29T09:12:57.263+0000] {dagbag.py:538} INFO - Filling up the DagBag from /opt/airflow/dags/airflow_dag_spark_streaming.py
[2026-01-29T09:12:57.310+0000] {processor.py:840} INFO - DAG(s) 'spark_sgp4_streaming' retrieved from /opt/airflow/dags/airflow_dag_spark_streaming.py
[2026-01-29T09:12:57.392+0000] {logging_mixin.py:188} INFO - [2026-01-29T09:12:57.392+0000] {dag.py:3036} INFO - Sync 1 DAGs
[2026-01-29T09:12:57.409+0000] {logging_mixin.py:188} INFO - [2026-01-29T09:12:57.409+0000] {dag.py:3823} INFO - Setting next_dagrun for spark_sgp4_streaming to None, run_after=None
[2026-01-29T09:12:57.431+0000] {processor.py:183} INFO - Processing /opt/airflow/dags/airflow_dag_spark_streaming.py took 0.186 seconds
[2026-01-29T09:13:27.616+0000] {processor.py:161} INFO - Started process (PID=1594) to work on /opt/airflow/dags/airflow_dag_spark_streaming.py
[2026-01-29T09:13:27.618+0000] {processor.py:830} INFO - Processing file /opt/airflow/dags/airflow_dag_spark_streaming.py for tasks to queue
[2026-01-29T09:13:27.620+0000] {logging_mixin.py:188} INFO - [2026-01-29T09:13:27.619+0000] {dagbag.py:538} INFO - Filling up the DagBag from /opt/airflow/dags/airflow_dag_spark_streaming.py
[2026-01-29T09:13:27.675+0000] {processor.py:840} INFO - DAG(s) 'spark_sgp4_streaming' retrieved from /opt/airflow/dags/airflow_dag_spark_streaming.py
[2026-01-29T09:13:27.765+0000] {logging_mixin.py:188} INFO - [2026-01-29T09:13:27.764+0000] {dag.py:3036} INFO - Sync 1 DAGs
[2026-01-29T09:13:27.796+0000] {logging_mixin.py:188} INFO - [2026-01-29T09:13:27.795+0000] {dag.py:3823} INFO - Setting next_dagrun for spark_sgp4_streaming to None, run_after=None
[2026-01-29T09:13:27.825+0000] {processor.py:183} INFO - Processing /opt/airflow/dags/airflow_dag_spark_streaming.py took 0.225 seconds
[2026-01-29T09:13:57.956+0000] {processor.py:161} INFO - Started process (PID=1604) to work on /opt/airflow/dags/airflow_dag_spark_streaming.py
[2026-01-29T09:13:57.957+0000] {processor.py:830} INFO - Processing file /opt/airflow/dags/airflow_dag_spark_streaming.py for tasks to queue
[2026-01-29T09:13:57.959+0000] {logging_mixin.py:188} INFO - [2026-01-29T09:13:57.958+0000] {dagbag.py:538} INFO - Filling up the DagBag from /opt/airflow/dags/airflow_dag_spark_streaming.py
[2026-01-29T09:13:57.989+0000] {processor.py:840} INFO - DAG(s) 'spark_sgp4_streaming' retrieved from /opt/airflow/dags/airflow_dag_spark_streaming.py
[2026-01-29T09:13:58.047+0000] {logging_mixin.py:188} INFO - [2026-01-29T09:13:58.046+0000] {dag.py:3036} INFO - Sync 1 DAGs
[2026-01-29T09:13:58.070+0000] {logging_mixin.py:188} INFO - [2026-01-29T09:13:58.070+0000] {dag.py:3823} INFO - Setting next_dagrun for spark_sgp4_streaming to None, run_after=None
[2026-01-29T09:13:58.093+0000] {processor.py:183} INFO - Processing /opt/airflow/dags/airflow_dag_spark_streaming.py took 0.146 seconds
[2026-01-29T09:14:28.260+0000] {processor.py:161} INFO - Started process (PID=1614) to work on /opt/airflow/dags/airflow_dag_spark_streaming.py
[2026-01-29T09:14:28.261+0000] {processor.py:830} INFO - Processing file /opt/airflow/dags/airflow_dag_spark_streaming.py for tasks to queue
[2026-01-29T09:14:28.263+0000] {logging_mixin.py:188} INFO - [2026-01-29T09:14:28.262+0000] {dagbag.py:538} INFO - Filling up the DagBag from /opt/airflow/dags/airflow_dag_spark_streaming.py
[2026-01-29T09:14:28.305+0000] {processor.py:840} INFO - DAG(s) 'spark_sgp4_streaming' retrieved from /opt/airflow/dags/airflow_dag_spark_streaming.py
[2026-01-29T09:14:28.379+0000] {logging_mixin.py:188} INFO - [2026-01-29T09:14:28.378+0000] {dag.py:3036} INFO - Sync 1 DAGs
[2026-01-29T09:14:28.403+0000] {logging_mixin.py:188} INFO - [2026-01-29T09:14:28.403+0000] {dag.py:3823} INFO - Setting next_dagrun for spark_sgp4_streaming to None, run_after=None
[2026-01-29T09:14:28.425+0000] {processor.py:183} INFO - Processing /opt/airflow/dags/airflow_dag_spark_streaming.py took 0.176 seconds
[2026-01-29T09:14:58.575+0000] {processor.py:161} INFO - Started process (PID=1624) to work on /opt/airflow/dags/airflow_dag_spark_streaming.py
[2026-01-29T09:14:58.577+0000] {processor.py:830} INFO - Processing file /opt/airflow/dags/airflow_dag_spark_streaming.py for tasks to queue
[2026-01-29T09:14:58.579+0000] {logging_mixin.py:188} INFO - [2026-01-29T09:14:58.578+0000] {dagbag.py:538} INFO - Filling up the DagBag from /opt/airflow/dags/airflow_dag_spark_streaming.py
[2026-01-29T09:14:58.618+0000] {processor.py:840} INFO - DAG(s) 'spark_sgp4_streaming' retrieved from /opt/airflow/dags/airflow_dag_spark_streaming.py
[2026-01-29T09:14:58.717+0000] {logging_mixin.py:188} INFO - [2026-01-29T09:14:58.717+0000] {dag.py:3036} INFO - Sync 1 DAGs
[2026-01-29T09:14:58.768+0000] {logging_mixin.py:188} INFO - [2026-01-29T09:14:58.767+0000] {dag.py:3823} INFO - Setting next_dagrun for spark_sgp4_streaming to None, run_after=None
[2026-01-29T09:14:58.798+0000] {processor.py:183} INFO - Processing /opt/airflow/dags/airflow_dag_spark_streaming.py took 0.236 seconds
[2026-01-29T09:15:28.961+0000] {processor.py:161} INFO - Started process (PID=1634) to work on /opt/airflow/dags/airflow_dag_spark_streaming.py
[2026-01-29T09:15:28.965+0000] {processor.py:830} INFO - Processing file /opt/airflow/dags/airflow_dag_spark_streaming.py for tasks to queue
[2026-01-29T09:15:28.967+0000] {logging_mixin.py:188} INFO - [2026-01-29T09:15:28.966+0000] {dagbag.py:538} INFO - Filling up the DagBag from /opt/airflow/dags/airflow_dag_spark_streaming.py
[2026-01-29T09:15:29.017+0000] {processor.py:840} INFO - DAG(s) 'spark_sgp4_streaming' retrieved from /opt/airflow/dags/airflow_dag_spark_streaming.py
[2026-01-29T09:15:29.112+0000] {logging_mixin.py:188} INFO - [2026-01-29T09:15:29.112+0000] {dag.py:3036} INFO - Sync 1 DAGs
[2026-01-29T09:15:29.150+0000] {logging_mixin.py:188} INFO - [2026-01-29T09:15:29.150+0000] {dag.py:3823} INFO - Setting next_dagrun for spark_sgp4_streaming to None, run_after=None
[2026-01-29T09:15:29.182+0000] {processor.py:183} INFO - Processing /opt/airflow/dags/airflow_dag_spark_streaming.py took 0.236 seconds
[2026-01-29T09:15:59.358+0000] {processor.py:161} INFO - Started process (PID=1644) to work on /opt/airflow/dags/airflow_dag_spark_streaming.py
[2026-01-29T09:15:59.360+0000] {processor.py:830} INFO - Processing file /opt/airflow/dags/airflow_dag_spark_streaming.py for tasks to queue
[2026-01-29T09:15:59.364+0000] {logging_mixin.py:188} INFO - [2026-01-29T09:15:59.362+0000] {dagbag.py:538} INFO - Filling up the DagBag from /opt/airflow/dags/airflow_dag_spark_streaming.py
[2026-01-29T09:15:59.408+0000] {processor.py:840} INFO - DAG(s) 'spark_sgp4_streaming' retrieved from /opt/airflow/dags/airflow_dag_spark_streaming.py
[2026-01-29T09:15:59.497+0000] {logging_mixin.py:188} INFO - [2026-01-29T09:15:59.497+0000] {dag.py:3036} INFO - Sync 1 DAGs
[2026-01-29T09:15:59.524+0000] {logging_mixin.py:188} INFO - [2026-01-29T09:15:59.524+0000] {dag.py:3823} INFO - Setting next_dagrun for spark_sgp4_streaming to None, run_after=None
[2026-01-29T09:15:59.553+0000] {processor.py:183} INFO - Processing /opt/airflow/dags/airflow_dag_spark_streaming.py took 0.206 seconds
[2026-01-29T09:16:29.714+0000] {processor.py:161} INFO - Started process (PID=1654) to work on /opt/airflow/dags/airflow_dag_spark_streaming.py
[2026-01-29T09:16:29.715+0000] {processor.py:830} INFO - Processing file /opt/airflow/dags/airflow_dag_spark_streaming.py for tasks to queue
[2026-01-29T09:16:29.718+0000] {logging_mixin.py:188} INFO - [2026-01-29T09:16:29.716+0000] {dagbag.py:538} INFO - Filling up the DagBag from /opt/airflow/dags/airflow_dag_spark_streaming.py
[2026-01-29T09:16:29.768+0000] {processor.py:840} INFO - DAG(s) 'spark_sgp4_streaming' retrieved from /opt/airflow/dags/airflow_dag_spark_streaming.py
[2026-01-29T09:16:29.837+0000] {logging_mixin.py:188} INFO - [2026-01-29T09:16:29.837+0000] {dag.py:3036} INFO - Sync 1 DAGs
[2026-01-29T09:16:29.864+0000] {logging_mixin.py:188} INFO - [2026-01-29T09:16:29.864+0000] {dag.py:3823} INFO - Setting next_dagrun for spark_sgp4_streaming to None, run_after=None
[2026-01-29T09:16:29.892+0000] {processor.py:183} INFO - Processing /opt/airflow/dags/airflow_dag_spark_streaming.py took 0.194 seconds
[2026-01-29T09:17:00.050+0000] {processor.py:161} INFO - Started process (PID=1664) to work on /opt/airflow/dags/airflow_dag_spark_streaming.py
[2026-01-29T09:17:00.053+0000] {processor.py:830} INFO - Processing file /opt/airflow/dags/airflow_dag_spark_streaming.py for tasks to queue
[2026-01-29T09:17:00.056+0000] {logging_mixin.py:188} INFO - [2026-01-29T09:17:00.054+0000] {dagbag.py:538} INFO - Filling up the DagBag from /opt/airflow/dags/airflow_dag_spark_streaming.py
[2026-01-29T09:17:00.093+0000] {processor.py:840} INFO - DAG(s) 'spark_sgp4_streaming' retrieved from /opt/airflow/dags/airflow_dag_spark_streaming.py
[2026-01-29T09:17:00.166+0000] {logging_mixin.py:188} INFO - [2026-01-29T09:17:00.166+0000] {dag.py:3036} INFO - Sync 1 DAGs
[2026-01-29T09:17:00.190+0000] {logging_mixin.py:188} INFO - [2026-01-29T09:17:00.190+0000] {dag.py:3823} INFO - Setting next_dagrun for spark_sgp4_streaming to None, run_after=None
[2026-01-29T09:17:00.220+0000] {processor.py:183} INFO - Processing /opt/airflow/dags/airflow_dag_spark_streaming.py took 0.183 seconds
[2026-01-29T09:17:30.376+0000] {processor.py:161} INFO - Started process (PID=1674) to work on /opt/airflow/dags/airflow_dag_spark_streaming.py
[2026-01-29T09:17:30.377+0000] {processor.py:830} INFO - Processing file /opt/airflow/dags/airflow_dag_spark_streaming.py for tasks to queue
[2026-01-29T09:17:30.379+0000] {logging_mixin.py:188} INFO - [2026-01-29T09:17:30.378+0000] {dagbag.py:538} INFO - Filling up the DagBag from /opt/airflow/dags/airflow_dag_spark_streaming.py
[2026-01-29T09:17:30.419+0000] {processor.py:840} INFO - DAG(s) 'spark_sgp4_streaming' retrieved from /opt/airflow/dags/airflow_dag_spark_streaming.py
[2026-01-29T09:17:30.461+0000] {logging_mixin.py:188} INFO - [2026-01-29T09:17:30.461+0000] {dag.py:3036} INFO - Sync 1 DAGs
[2026-01-29T09:17:30.482+0000] {logging_mixin.py:188} INFO - [2026-01-29T09:17:30.482+0000] {dag.py:3823} INFO - Setting next_dagrun for spark_sgp4_streaming to None, run_after=None
[2026-01-29T09:17:30.501+0000] {processor.py:183} INFO - Processing /opt/airflow/dags/airflow_dag_spark_streaming.py took 0.134 seconds
[2026-01-29T09:18:00.675+0000] {processor.py:161} INFO - Started process (PID=1684) to work on /opt/airflow/dags/airflow_dag_spark_streaming.py
[2026-01-29T09:18:00.676+0000] {processor.py:830} INFO - Processing file /opt/airflow/dags/airflow_dag_spark_streaming.py for tasks to queue
[2026-01-29T09:18:00.679+0000] {logging_mixin.py:188} INFO - [2026-01-29T09:18:00.677+0000] {dagbag.py:538} INFO - Filling up the DagBag from /opt/airflow/dags/airflow_dag_spark_streaming.py
[2026-01-29T09:18:00.721+0000] {processor.py:840} INFO - DAG(s) 'spark_sgp4_streaming' retrieved from /opt/airflow/dags/airflow_dag_spark_streaming.py
[2026-01-29T09:18:00.797+0000] {logging_mixin.py:188} INFO - [2026-01-29T09:18:00.796+0000] {dag.py:3036} INFO - Sync 1 DAGs
[2026-01-29T09:18:00.825+0000] {logging_mixin.py:188} INFO - [2026-01-29T09:18:00.824+0000] {dag.py:3823} INFO - Setting next_dagrun for spark_sgp4_streaming to None, run_after=None
[2026-01-29T09:18:00.852+0000] {processor.py:183} INFO - Processing /opt/airflow/dags/airflow_dag_spark_streaming.py took 0.192 seconds
[2026-01-29T09:18:31.008+0000] {processor.py:161} INFO - Started process (PID=1694) to work on /opt/airflow/dags/airflow_dag_spark_streaming.py
[2026-01-29T09:18:31.010+0000] {processor.py:830} INFO - Processing file /opt/airflow/dags/airflow_dag_spark_streaming.py for tasks to queue
[2026-01-29T09:18:31.011+0000] {logging_mixin.py:188} INFO - [2026-01-29T09:18:31.010+0000] {dagbag.py:538} INFO - Filling up the DagBag from /opt/airflow/dags/airflow_dag_spark_streaming.py
[2026-01-29T09:18:31.039+0000] {processor.py:840} INFO - DAG(s) 'spark_sgp4_streaming' retrieved from /opt/airflow/dags/airflow_dag_spark_streaming.py
[2026-01-29T09:18:31.090+0000] {logging_mixin.py:188} INFO - [2026-01-29T09:18:31.089+0000] {dag.py:3036} INFO - Sync 1 DAGs
[2026-01-29T09:18:31.112+0000] {logging_mixin.py:188} INFO - [2026-01-29T09:18:31.112+0000] {dag.py:3823} INFO - Setting next_dagrun for spark_sgp4_streaming to None, run_after=None
[2026-01-29T09:18:31.143+0000] {processor.py:183} INFO - Processing /opt/airflow/dags/airflow_dag_spark_streaming.py took 0.141 seconds
[2026-01-29T09:19:01.315+0000] {processor.py:161} INFO - Started process (PID=1704) to work on /opt/airflow/dags/airflow_dag_spark_streaming.py
[2026-01-29T09:19:01.317+0000] {processor.py:830} INFO - Processing file /opt/airflow/dags/airflow_dag_spark_streaming.py for tasks to queue
[2026-01-29T09:19:01.319+0000] {logging_mixin.py:188} INFO - [2026-01-29T09:19:01.318+0000] {dagbag.py:538} INFO - Filling up the DagBag from /opt/airflow/dags/airflow_dag_spark_streaming.py
[2026-01-29T09:19:01.368+0000] {processor.py:840} INFO - DAG(s) 'spark_sgp4_streaming' retrieved from /opt/airflow/dags/airflow_dag_spark_streaming.py
[2026-01-29T09:19:01.454+0000] {logging_mixin.py:188} INFO - [2026-01-29T09:19:01.453+0000] {dag.py:3036} INFO - Sync 1 DAGs
[2026-01-29T09:19:01.481+0000] {logging_mixin.py:188} INFO - [2026-01-29T09:19:01.480+0000] {dag.py:3823} INFO - Setting next_dagrun for spark_sgp4_streaming to None, run_after=None
[2026-01-29T09:19:01.512+0000] {processor.py:183} INFO - Processing /opt/airflow/dags/airflow_dag_spark_streaming.py took 0.211 seconds
[2026-01-29T09:19:31.682+0000] {processor.py:161} INFO - Started process (PID=1714) to work on /opt/airflow/dags/airflow_dag_spark_streaming.py
[2026-01-29T09:19:31.683+0000] {processor.py:830} INFO - Processing file /opt/airflow/dags/airflow_dag_spark_streaming.py for tasks to queue
[2026-01-29T09:19:31.686+0000] {logging_mixin.py:188} INFO - [2026-01-29T09:19:31.685+0000] {dagbag.py:538} INFO - Filling up the DagBag from /opt/airflow/dags/airflow_dag_spark_streaming.py
[2026-01-29T09:19:31.728+0000] {processor.py:840} INFO - DAG(s) 'spark_sgp4_streaming' retrieved from /opt/airflow/dags/airflow_dag_spark_streaming.py
[2026-01-29T09:19:31.792+0000] {logging_mixin.py:188} INFO - [2026-01-29T09:19:31.792+0000] {dag.py:3036} INFO - Sync 1 DAGs
[2026-01-29T09:19:31.818+0000] {logging_mixin.py:188} INFO - [2026-01-29T09:19:31.818+0000] {dag.py:3823} INFO - Setting next_dagrun for spark_sgp4_streaming to None, run_after=None
[2026-01-29T09:19:31.846+0000] {processor.py:183} INFO - Processing /opt/airflow/dags/airflow_dag_spark_streaming.py took 0.175 seconds
[2026-01-29T09:20:01.987+0000] {processor.py:161} INFO - Started process (PID=1724) to work on /opt/airflow/dags/airflow_dag_spark_streaming.py
[2026-01-29T09:20:01.988+0000] {processor.py:830} INFO - Processing file /opt/airflow/dags/airflow_dag_spark_streaming.py for tasks to queue
[2026-01-29T09:20:01.989+0000] {logging_mixin.py:188} INFO - [2026-01-29T09:20:01.989+0000] {dagbag.py:538} INFO - Filling up the DagBag from /opt/airflow/dags/airflow_dag_spark_streaming.py
[2026-01-29T09:20:02.004+0000] {processor.py:840} INFO - DAG(s) 'spark_sgp4_streaming' retrieved from /opt/airflow/dags/airflow_dag_spark_streaming.py
[2026-01-29T09:20:02.054+0000] {logging_mixin.py:188} INFO - [2026-01-29T09:20:02.054+0000] {dag.py:3036} INFO - Sync 1 DAGs
[2026-01-29T09:20:02.068+0000] {logging_mixin.py:188} INFO - [2026-01-29T09:20:02.068+0000] {dag.py:3823} INFO - Setting next_dagrun for spark_sgp4_streaming to None, run_after=None
[2026-01-29T09:20:02.084+0000] {processor.py:183} INFO - Processing /opt/airflow/dags/airflow_dag_spark_streaming.py took 0.103 seconds
[2026-01-29T09:20:32.250+0000] {processor.py:161} INFO - Started process (PID=1734) to work on /opt/airflow/dags/airflow_dag_spark_streaming.py
[2026-01-29T09:20:32.251+0000] {processor.py:830} INFO - Processing file /opt/airflow/dags/airflow_dag_spark_streaming.py for tasks to queue
[2026-01-29T09:20:32.254+0000] {logging_mixin.py:188} INFO - [2026-01-29T09:20:32.253+0000] {dagbag.py:538} INFO - Filling up the DagBag from /opt/airflow/dags/airflow_dag_spark_streaming.py
[2026-01-29T09:20:32.304+0000] {processor.py:840} INFO - DAG(s) 'spark_sgp4_streaming' retrieved from /opt/airflow/dags/airflow_dag_spark_streaming.py
[2026-01-29T09:20:32.382+0000] {logging_mixin.py:188} INFO - [2026-01-29T09:20:32.382+0000] {dag.py:3036} INFO - Sync 1 DAGs
[2026-01-29T09:20:32.408+0000] {logging_mixin.py:188} INFO - [2026-01-29T09:20:32.407+0000] {dag.py:3823} INFO - Setting next_dagrun for spark_sgp4_streaming to None, run_after=None
[2026-01-29T09:20:32.439+0000] {processor.py:183} INFO - Processing /opt/airflow/dags/airflow_dag_spark_streaming.py took 0.203 seconds
[2026-01-29T09:21:02.603+0000] {processor.py:161} INFO - Started process (PID=1744) to work on /opt/airflow/dags/airflow_dag_spark_streaming.py
[2026-01-29T09:21:02.605+0000] {processor.py:830} INFO - Processing file /opt/airflow/dags/airflow_dag_spark_streaming.py for tasks to queue
[2026-01-29T09:21:02.609+0000] {logging_mixin.py:188} INFO - [2026-01-29T09:21:02.607+0000] {dagbag.py:538} INFO - Filling up the DagBag from /opt/airflow/dags/airflow_dag_spark_streaming.py
[2026-01-29T09:21:02.648+0000] {processor.py:840} INFO - DAG(s) 'spark_sgp4_streaming' retrieved from /opt/airflow/dags/airflow_dag_spark_streaming.py
[2026-01-29T09:21:02.713+0000] {logging_mixin.py:188} INFO - [2026-01-29T09:21:02.713+0000] {dag.py:3036} INFO - Sync 1 DAGs
[2026-01-29T09:21:02.732+0000] {logging_mixin.py:188} INFO - [2026-01-29T09:21:02.732+0000] {dag.py:3823} INFO - Setting next_dagrun for spark_sgp4_streaming to None, run_after=None
[2026-01-29T09:21:02.758+0000] {processor.py:183} INFO - Processing /opt/airflow/dags/airflow_dag_spark_streaming.py took 0.166 seconds
[2026-01-29T09:21:32.920+0000] {processor.py:161} INFO - Started process (PID=1754) to work on /opt/airflow/dags/airflow_dag_spark_streaming.py
[2026-01-29T09:21:32.923+0000] {processor.py:830} INFO - Processing file /opt/airflow/dags/airflow_dag_spark_streaming.py for tasks to queue
[2026-01-29T09:21:32.926+0000] {logging_mixin.py:188} INFO - [2026-01-29T09:21:32.925+0000] {dagbag.py:538} INFO - Filling up the DagBag from /opt/airflow/dags/airflow_dag_spark_streaming.py
[2026-01-29T09:21:32.968+0000] {processor.py:840} INFO - DAG(s) 'spark_sgp4_streaming' retrieved from /opt/airflow/dags/airflow_dag_spark_streaming.py
[2026-01-29T09:21:33.036+0000] {logging_mixin.py:188} INFO - [2026-01-29T09:21:33.035+0000] {dag.py:3036} INFO - Sync 1 DAGs
[2026-01-29T09:21:33.065+0000] {logging_mixin.py:188} INFO - [2026-01-29T09:21:33.062+0000] {dag.py:3823} INFO - Setting next_dagrun for spark_sgp4_streaming to None, run_after=None
[2026-01-29T09:21:33.097+0000] {processor.py:183} INFO - Processing /opt/airflow/dags/airflow_dag_spark_streaming.py took 0.188 seconds
[2026-01-29T09:22:03.259+0000] {processor.py:161} INFO - Started process (PID=1764) to work on /opt/airflow/dags/airflow_dag_spark_streaming.py
[2026-01-29T09:22:03.260+0000] {processor.py:830} INFO - Processing file /opt/airflow/dags/airflow_dag_spark_streaming.py for tasks to queue
[2026-01-29T09:22:03.262+0000] {logging_mixin.py:188} INFO - [2026-01-29T09:22:03.261+0000] {dagbag.py:538} INFO - Filling up the DagBag from /opt/airflow/dags/airflow_dag_spark_streaming.py
[2026-01-29T09:22:03.311+0000] {processor.py:840} INFO - DAG(s) 'spark_sgp4_streaming' retrieved from /opt/airflow/dags/airflow_dag_spark_streaming.py
[2026-01-29T09:22:03.392+0000] {logging_mixin.py:188} INFO - [2026-01-29T09:22:03.392+0000] {dag.py:3036} INFO - Sync 1 DAGs
[2026-01-29T09:22:03.418+0000] {logging_mixin.py:188} INFO - [2026-01-29T09:22:03.418+0000] {dag.py:3823} INFO - Setting next_dagrun for spark_sgp4_streaming to None, run_after=None
[2026-01-29T09:22:03.441+0000] {processor.py:183} INFO - Processing /opt/airflow/dags/airflow_dag_spark_streaming.py took 0.195 seconds
[2026-01-29T09:22:33.606+0000] {processor.py:161} INFO - Started process (PID=1774) to work on /opt/airflow/dags/airflow_dag_spark_streaming.py
[2026-01-29T09:22:33.607+0000] {processor.py:830} INFO - Processing file /opt/airflow/dags/airflow_dag_spark_streaming.py for tasks to queue
[2026-01-29T09:22:33.609+0000] {logging_mixin.py:188} INFO - [2026-01-29T09:22:33.608+0000] {dagbag.py:538} INFO - Filling up the DagBag from /opt/airflow/dags/airflow_dag_spark_streaming.py
[2026-01-29T09:22:33.653+0000] {processor.py:840} INFO - DAG(s) 'spark_sgp4_streaming' retrieved from /opt/airflow/dags/airflow_dag_spark_streaming.py
[2026-01-29T09:22:33.725+0000] {logging_mixin.py:188} INFO - [2026-01-29T09:22:33.725+0000] {dag.py:3036} INFO - Sync 1 DAGs
[2026-01-29T09:22:33.750+0000] {logging_mixin.py:188} INFO - [2026-01-29T09:22:33.750+0000] {dag.py:3823} INFO - Setting next_dagrun for spark_sgp4_streaming to None, run_after=None
[2026-01-29T09:22:33.778+0000] {processor.py:183} INFO - Processing /opt/airflow/dags/airflow_dag_spark_streaming.py took 0.185 seconds
[2026-01-29T09:23:03.936+0000] {processor.py:161} INFO - Started process (PID=1784) to work on /opt/airflow/dags/airflow_dag_spark_streaming.py
[2026-01-29T09:23:03.938+0000] {processor.py:830} INFO - Processing file /opt/airflow/dags/airflow_dag_spark_streaming.py for tasks to queue
[2026-01-29T09:23:03.940+0000] {logging_mixin.py:188} INFO - [2026-01-29T09:23:03.939+0000] {dagbag.py:538} INFO - Filling up the DagBag from /opt/airflow/dags/airflow_dag_spark_streaming.py
[2026-01-29T09:23:03.985+0000] {processor.py:840} INFO - DAG(s) 'spark_sgp4_streaming' retrieved from /opt/airflow/dags/airflow_dag_spark_streaming.py
[2026-01-29T09:23:04.066+0000] {logging_mixin.py:188} INFO - [2026-01-29T09:23:04.066+0000] {dag.py:3036} INFO - Sync 1 DAGs
[2026-01-29T09:23:04.095+0000] {logging_mixin.py:188} INFO - [2026-01-29T09:23:04.094+0000] {dag.py:3823} INFO - Setting next_dagrun for spark_sgp4_streaming to None, run_after=None
[2026-01-29T09:23:04.119+0000] {processor.py:183} INFO - Processing /opt/airflow/dags/airflow_dag_spark_streaming.py took 0.195 seconds
[2026-01-29T09:23:34.276+0000] {processor.py:161} INFO - Started process (PID=1794) to work on /opt/airflow/dags/airflow_dag_spark_streaming.py
[2026-01-29T09:23:34.278+0000] {processor.py:830} INFO - Processing file /opt/airflow/dags/airflow_dag_spark_streaming.py for tasks to queue
[2026-01-29T09:23:34.280+0000] {logging_mixin.py:188} INFO - [2026-01-29T09:23:34.279+0000] {dagbag.py:538} INFO - Filling up the DagBag from /opt/airflow/dags/airflow_dag_spark_streaming.py
[2026-01-29T09:23:34.318+0000] {processor.py:840} INFO - DAG(s) 'spark_sgp4_streaming' retrieved from /opt/airflow/dags/airflow_dag_spark_streaming.py
[2026-01-29T09:23:34.385+0000] {logging_mixin.py:188} INFO - [2026-01-29T09:23:34.385+0000] {dag.py:3036} INFO - Sync 1 DAGs
[2026-01-29T09:23:34.405+0000] {logging_mixin.py:188} INFO - [2026-01-29T09:23:34.405+0000] {dag.py:3823} INFO - Setting next_dagrun for spark_sgp4_streaming to None, run_after=None
[2026-01-29T09:23:34.427+0000] {processor.py:183} INFO - Processing /opt/airflow/dags/airflow_dag_spark_streaming.py took 0.161 seconds
[2026-01-29T09:24:04.641+0000] {processor.py:161} INFO - Started process (PID=1804) to work on /opt/airflow/dags/airflow_dag_spark_streaming.py
[2026-01-29T09:24:04.643+0000] {processor.py:830} INFO - Processing file /opt/airflow/dags/airflow_dag_spark_streaming.py for tasks to queue
[2026-01-29T09:24:04.646+0000] {logging_mixin.py:188} INFO - [2026-01-29T09:24:04.644+0000] {dagbag.py:538} INFO - Filling up the DagBag from /opt/airflow/dags/airflow_dag_spark_streaming.py
[2026-01-29T09:24:04.704+0000] {processor.py:840} INFO - DAG(s) 'spark_sgp4_streaming' retrieved from /opt/airflow/dags/airflow_dag_spark_streaming.py
[2026-01-29T09:24:04.807+0000] {logging_mixin.py:188} INFO - [2026-01-29T09:24:04.807+0000] {dag.py:3036} INFO - Sync 1 DAGs
[2026-01-29T09:24:04.838+0000] {logging_mixin.py:188} INFO - [2026-01-29T09:24:04.838+0000] {dag.py:3823} INFO - Setting next_dagrun for spark_sgp4_streaming to None, run_after=None
[2026-01-29T09:24:04.871+0000] {processor.py:183} INFO - Processing /opt/airflow/dags/airflow_dag_spark_streaming.py took 0.247 seconds
[2026-01-29T09:24:35.041+0000] {processor.py:161} INFO - Started process (PID=1814) to work on /opt/airflow/dags/airflow_dag_spark_streaming.py
[2026-01-29T09:24:35.043+0000] {processor.py:830} INFO - Processing file /opt/airflow/dags/airflow_dag_spark_streaming.py for tasks to queue
[2026-01-29T09:24:35.045+0000] {logging_mixin.py:188} INFO - [2026-01-29T09:24:35.044+0000] {dagbag.py:538} INFO - Filling up the DagBag from /opt/airflow/dags/airflow_dag_spark_streaming.py
[2026-01-29T09:24:35.082+0000] {processor.py:840} INFO - DAG(s) 'spark_sgp4_streaming' retrieved from /opt/airflow/dags/airflow_dag_spark_streaming.py
[2026-01-29T09:24:35.155+0000] {logging_mixin.py:188} INFO - [2026-01-29T09:24:35.155+0000] {dag.py:3036} INFO - Sync 1 DAGs
[2026-01-29T09:24:35.178+0000] {logging_mixin.py:188} INFO - [2026-01-29T09:24:35.177+0000] {dag.py:3823} INFO - Setting next_dagrun for spark_sgp4_streaming to None, run_after=None
[2026-01-29T09:24:35.207+0000] {processor.py:183} INFO - Processing /opt/airflow/dags/airflow_dag_spark_streaming.py took 0.177 seconds
[2026-01-29T09:25:05.365+0000] {processor.py:161} INFO - Started process (PID=1824) to work on /opt/airflow/dags/airflow_dag_spark_streaming.py
[2026-01-29T09:25:05.367+0000] {processor.py:830} INFO - Processing file /opt/airflow/dags/airflow_dag_spark_streaming.py for tasks to queue
[2026-01-29T09:25:05.369+0000] {logging_mixin.py:188} INFO - [2026-01-29T09:25:05.368+0000] {dagbag.py:538} INFO - Filling up the DagBag from /opt/airflow/dags/airflow_dag_spark_streaming.py
[2026-01-29T09:25:05.414+0000] {processor.py:840} INFO - DAG(s) 'spark_sgp4_streaming' retrieved from /opt/airflow/dags/airflow_dag_spark_streaming.py
[2026-01-29T09:25:05.492+0000] {logging_mixin.py:188} INFO - [2026-01-29T09:25:05.492+0000] {dag.py:3036} INFO - Sync 1 DAGs
[2026-01-29T09:25:05.511+0000] {logging_mixin.py:188} INFO - [2026-01-29T09:25:05.510+0000] {dag.py:3823} INFO - Setting next_dagrun for spark_sgp4_streaming to None, run_after=None
[2026-01-29T09:25:05.534+0000] {processor.py:183} INFO - Processing /opt/airflow/dags/airflow_dag_spark_streaming.py took 0.184 seconds
[2026-01-29T09:25:35.706+0000] {processor.py:161} INFO - Started process (PID=1834) to work on /opt/airflow/dags/airflow_dag_spark_streaming.py
[2026-01-29T09:25:35.708+0000] {processor.py:830} INFO - Processing file /opt/airflow/dags/airflow_dag_spark_streaming.py for tasks to queue
[2026-01-29T09:25:35.710+0000] {logging_mixin.py:188} INFO - [2026-01-29T09:25:35.709+0000] {dagbag.py:538} INFO - Filling up the DagBag from /opt/airflow/dags/airflow_dag_spark_streaming.py
[2026-01-29T09:25:35.754+0000] {processor.py:840} INFO - DAG(s) 'spark_sgp4_streaming' retrieved from /opt/airflow/dags/airflow_dag_spark_streaming.py
[2026-01-29T09:25:35.834+0000] {logging_mixin.py:188} INFO - [2026-01-29T09:25:35.833+0000] {dag.py:3036} INFO - Sync 1 DAGs
[2026-01-29T09:25:35.860+0000] {logging_mixin.py:188} INFO - [2026-01-29T09:25:35.860+0000] {dag.py:3823} INFO - Setting next_dagrun for spark_sgp4_streaming to None, run_after=None
[2026-01-29T09:25:35.890+0000] {processor.py:183} INFO - Processing /opt/airflow/dags/airflow_dag_spark_streaming.py took 0.194 seconds
[2026-01-29T09:26:06.038+0000] {processor.py:161} INFO - Started process (PID=1844) to work on /opt/airflow/dags/airflow_dag_spark_streaming.py
[2026-01-29T09:26:06.039+0000] {processor.py:830} INFO - Processing file /opt/airflow/dags/airflow_dag_spark_streaming.py for tasks to queue
[2026-01-29T09:26:06.040+0000] {logging_mixin.py:188} INFO - [2026-01-29T09:26:06.040+0000] {dagbag.py:538} INFO - Filling up the DagBag from /opt/airflow/dags/airflow_dag_spark_streaming.py
[2026-01-29T09:26:06.062+0000] {processor.py:840} INFO - DAG(s) 'spark_sgp4_streaming' retrieved from /opt/airflow/dags/airflow_dag_spark_streaming.py
[2026-01-29T09:26:06.127+0000] {logging_mixin.py:188} INFO - [2026-01-29T09:26:06.127+0000] {dag.py:3036} INFO - Sync 1 DAGs
[2026-01-29T09:26:06.143+0000] {logging_mixin.py:188} INFO - [2026-01-29T09:26:06.142+0000] {dag.py:3823} INFO - Setting next_dagrun for spark_sgp4_streaming to None, run_after=None
[2026-01-29T09:26:06.167+0000] {processor.py:183} INFO - Processing /opt/airflow/dags/airflow_dag_spark_streaming.py took 0.136 seconds
[2026-01-29T09:26:36.328+0000] {processor.py:161} INFO - Started process (PID=1854) to work on /opt/airflow/dags/airflow_dag_spark_streaming.py
[2026-01-29T09:26:36.330+0000] {processor.py:830} INFO - Processing file /opt/airflow/dags/airflow_dag_spark_streaming.py for tasks to queue
[2026-01-29T09:26:36.332+0000] {logging_mixin.py:188} INFO - [2026-01-29T09:26:36.331+0000] {dagbag.py:538} INFO - Filling up the DagBag from /opt/airflow/dags/airflow_dag_spark_streaming.py
[2026-01-29T09:26:36.375+0000] {processor.py:840} INFO - DAG(s) 'spark_sgp4_streaming' retrieved from /opt/airflow/dags/airflow_dag_spark_streaming.py
[2026-01-29T09:26:36.446+0000] {logging_mixin.py:188} INFO - [2026-01-29T09:26:36.446+0000] {dag.py:3036} INFO - Sync 1 DAGs
[2026-01-29T09:26:36.477+0000] {logging_mixin.py:188} INFO - [2026-01-29T09:26:36.477+0000] {dag.py:3823} INFO - Setting next_dagrun for spark_sgp4_streaming to None, run_after=None
[2026-01-29T09:26:36.508+0000] {processor.py:183} INFO - Processing /opt/airflow/dags/airflow_dag_spark_streaming.py took 0.190 seconds
[2026-01-29T09:27:06.669+0000] {processor.py:161} INFO - Started process (PID=1864) to work on /opt/airflow/dags/airflow_dag_spark_streaming.py
[2026-01-29T09:27:06.671+0000] {processor.py:830} INFO - Processing file /opt/airflow/dags/airflow_dag_spark_streaming.py for tasks to queue
[2026-01-29T09:27:06.673+0000] {logging_mixin.py:188} INFO - [2026-01-29T09:27:06.672+0000] {dagbag.py:538} INFO - Filling up the DagBag from /opt/airflow/dags/airflow_dag_spark_streaming.py
[2026-01-29T09:27:06.724+0000] {processor.py:840} INFO - DAG(s) 'spark_sgp4_streaming' retrieved from /opt/airflow/dags/airflow_dag_spark_streaming.py
[2026-01-29T09:27:06.812+0000] {logging_mixin.py:188} INFO - [2026-01-29T09:27:06.812+0000] {dag.py:3036} INFO - Sync 1 DAGs
[2026-01-29T09:27:06.841+0000] {logging_mixin.py:188} INFO - [2026-01-29T09:27:06.841+0000] {dag.py:3823} INFO - Setting next_dagrun for spark_sgp4_streaming to None, run_after=None
[2026-01-29T09:27:06.869+0000] {processor.py:183} INFO - Processing /opt/airflow/dags/airflow_dag_spark_streaming.py took 0.215 seconds
[2026-01-29T09:27:37.042+0000] {processor.py:161} INFO - Started process (PID=1874) to work on /opt/airflow/dags/airflow_dag_spark_streaming.py
[2026-01-29T09:27:37.045+0000] {processor.py:830} INFO - Processing file /opt/airflow/dags/airflow_dag_spark_streaming.py for tasks to queue
[2026-01-29T09:27:37.047+0000] {logging_mixin.py:188} INFO - [2026-01-29T09:27:37.046+0000] {dagbag.py:538} INFO - Filling up the DagBag from /opt/airflow/dags/airflow_dag_spark_streaming.py
[2026-01-29T09:27:37.089+0000] {processor.py:840} INFO - DAG(s) 'spark_sgp4_streaming' retrieved from /opt/airflow/dags/airflow_dag_spark_streaming.py
[2026-01-29T09:27:37.168+0000] {logging_mixin.py:188} INFO - [2026-01-29T09:27:37.168+0000] {dag.py:3036} INFO - Sync 1 DAGs
[2026-01-29T09:27:37.197+0000] {logging_mixin.py:188} INFO - [2026-01-29T09:27:37.197+0000] {dag.py:3823} INFO - Setting next_dagrun for spark_sgp4_streaming to None, run_after=None
[2026-01-29T09:27:37.228+0000] {processor.py:183} INFO - Processing /opt/airflow/dags/airflow_dag_spark_streaming.py took 0.198 seconds
[2026-01-29T09:28:07.395+0000] {processor.py:161} INFO - Started process (PID=1884) to work on /opt/airflow/dags/airflow_dag_spark_streaming.py
[2026-01-29T09:28:07.397+0000] {processor.py:830} INFO - Processing file /opt/airflow/dags/airflow_dag_spark_streaming.py for tasks to queue
[2026-01-29T09:28:07.400+0000] {logging_mixin.py:188} INFO - [2026-01-29T09:28:07.398+0000] {dagbag.py:538} INFO - Filling up the DagBag from /opt/airflow/dags/airflow_dag_spark_streaming.py
[2026-01-29T09:28:07.445+0000] {processor.py:840} INFO - DAG(s) 'spark_sgp4_streaming' retrieved from /opt/airflow/dags/airflow_dag_spark_streaming.py
[2026-01-29T09:28:07.539+0000] {logging_mixin.py:188} INFO - [2026-01-29T09:28:07.538+0000] {dag.py:3036} INFO - Sync 1 DAGs
[2026-01-29T09:28:07.567+0000] {logging_mixin.py:188} INFO - [2026-01-29T09:28:07.566+0000] {dag.py:3823} INFO - Setting next_dagrun for spark_sgp4_streaming to None, run_after=None
[2026-01-29T09:28:07.597+0000] {processor.py:183} INFO - Processing /opt/airflow/dags/airflow_dag_spark_streaming.py took 0.216 seconds
[2026-01-29T09:28:37.685+0000] {processor.py:161} INFO - Started process (PID=1894) to work on /opt/airflow/dags/airflow_dag_spark_streaming.py
[2026-01-29T09:28:37.687+0000] {processor.py:830} INFO - Processing file /opt/airflow/dags/airflow_dag_spark_streaming.py for tasks to queue
[2026-01-29T09:28:37.689+0000] {logging_mixin.py:188} INFO - [2026-01-29T09:28:37.688+0000] {dagbag.py:538} INFO - Filling up the DagBag from /opt/airflow/dags/airflow_dag_spark_streaming.py
[2026-01-29T09:28:37.728+0000] {processor.py:840} INFO - DAG(s) 'spark_sgp4_streaming' retrieved from /opt/airflow/dags/airflow_dag_spark_streaming.py
[2026-01-29T09:28:37.787+0000] {logging_mixin.py:188} INFO - [2026-01-29T09:28:37.787+0000] {dag.py:3036} INFO - Sync 1 DAGs
[2026-01-29T09:28:37.816+0000] {logging_mixin.py:188} INFO - [2026-01-29T09:28:37.815+0000] {dag.py:3823} INFO - Setting next_dagrun for spark_sgp4_streaming to None, run_after=None
[2026-01-29T09:28:37.840+0000] {processor.py:183} INFO - Processing /opt/airflow/dags/airflow_dag_spark_streaming.py took 0.163 seconds
[2026-01-29T09:29:08.034+0000] {processor.py:161} INFO - Started process (PID=1904) to work on /opt/airflow/dags/airflow_dag_spark_streaming.py
[2026-01-29T09:29:08.036+0000] {processor.py:830} INFO - Processing file /opt/airflow/dags/airflow_dag_spark_streaming.py for tasks to queue
[2026-01-29T09:29:08.038+0000] {logging_mixin.py:188} INFO - [2026-01-29T09:29:08.037+0000] {dagbag.py:538} INFO - Filling up the DagBag from /opt/airflow/dags/airflow_dag_spark_streaming.py
[2026-01-29T09:29:08.081+0000] {processor.py:840} INFO - DAG(s) 'spark_sgp4_streaming' retrieved from /opt/airflow/dags/airflow_dag_spark_streaming.py
[2026-01-29T09:29:08.163+0000] {logging_mixin.py:188} INFO - [2026-01-29T09:29:08.162+0000] {dag.py:3036} INFO - Sync 1 DAGs
[2026-01-29T09:29:08.187+0000] {logging_mixin.py:188} INFO - [2026-01-29T09:29:08.186+0000] {dag.py:3823} INFO - Setting next_dagrun for spark_sgp4_streaming to None, run_after=None
[2026-01-29T09:29:08.213+0000] {processor.py:183} INFO - Processing /opt/airflow/dags/airflow_dag_spark_streaming.py took 0.193 seconds
[2026-01-29T09:29:38.376+0000] {processor.py:161} INFO - Started process (PID=1914) to work on /opt/airflow/dags/airflow_dag_spark_streaming.py
[2026-01-29T09:29:38.378+0000] {processor.py:830} INFO - Processing file /opt/airflow/dags/airflow_dag_spark_streaming.py for tasks to queue
[2026-01-29T09:29:38.381+0000] {logging_mixin.py:188} INFO - [2026-01-29T09:29:38.379+0000] {dagbag.py:538} INFO - Filling up the DagBag from /opt/airflow/dags/airflow_dag_spark_streaming.py
[2026-01-29T09:29:38.422+0000] {processor.py:840} INFO - DAG(s) 'spark_sgp4_streaming' retrieved from /opt/airflow/dags/airflow_dag_spark_streaming.py
[2026-01-29T09:29:38.492+0000] {logging_mixin.py:188} INFO - [2026-01-29T09:29:38.491+0000] {dag.py:3036} INFO - Sync 1 DAGs
[2026-01-29T09:29:38.520+0000] {logging_mixin.py:188} INFO - [2026-01-29T09:29:38.520+0000] {dag.py:3823} INFO - Setting next_dagrun for spark_sgp4_streaming to None, run_after=None
[2026-01-29T09:29:38.550+0000] {processor.py:183} INFO - Processing /opt/airflow/dags/airflow_dag_spark_streaming.py took 0.184 seconds
[2026-01-29T09:30:08.717+0000] {processor.py:161} INFO - Started process (PID=1924) to work on /opt/airflow/dags/airflow_dag_spark_streaming.py
[2026-01-29T09:30:08.719+0000] {processor.py:830} INFO - Processing file /opt/airflow/dags/airflow_dag_spark_streaming.py for tasks to queue
[2026-01-29T09:30:08.722+0000] {logging_mixin.py:188} INFO - [2026-01-29T09:30:08.721+0000] {dagbag.py:538} INFO - Filling up the DagBag from /opt/airflow/dags/airflow_dag_spark_streaming.py
[2026-01-29T09:30:08.772+0000] {processor.py:840} INFO - DAG(s) 'spark_sgp4_streaming' retrieved from /opt/airflow/dags/airflow_dag_spark_streaming.py
[2026-01-29T09:30:08.859+0000] {logging_mixin.py:188} INFO - [2026-01-29T09:30:08.859+0000] {dag.py:3036} INFO - Sync 1 DAGs
[2026-01-29T09:30:08.885+0000] {logging_mixin.py:188} INFO - [2026-01-29T09:30:08.884+0000] {dag.py:3823} INFO - Setting next_dagrun for spark_sgp4_streaming to None, run_after=None
[2026-01-29T09:30:08.914+0000] {processor.py:183} INFO - Processing /opt/airflow/dags/airflow_dag_spark_streaming.py took 0.210 seconds
[2026-01-29T09:30:39.061+0000] {processor.py:161} INFO - Started process (PID=1934) to work on /opt/airflow/dags/airflow_dag_spark_streaming.py
[2026-01-29T09:30:39.063+0000] {processor.py:830} INFO - Processing file /opt/airflow/dags/airflow_dag_spark_streaming.py for tasks to queue
[2026-01-29T09:30:39.065+0000] {logging_mixin.py:188} INFO - [2026-01-29T09:30:39.064+0000] {dagbag.py:538} INFO - Filling up the DagBag from /opt/airflow/dags/airflow_dag_spark_streaming.py
[2026-01-29T09:30:39.104+0000] {processor.py:840} INFO - DAG(s) 'spark_sgp4_streaming' retrieved from /opt/airflow/dags/airflow_dag_spark_streaming.py
[2026-01-29T09:30:39.169+0000] {logging_mixin.py:188} INFO - [2026-01-29T09:30:39.169+0000] {dag.py:3036} INFO - Sync 1 DAGs
[2026-01-29T09:30:39.196+0000] {logging_mixin.py:188} INFO - [2026-01-29T09:30:39.196+0000] {dag.py:3823} INFO - Setting next_dagrun for spark_sgp4_streaming to None, run_after=None
[2026-01-29T09:30:39.227+0000] {processor.py:183} INFO - Processing /opt/airflow/dags/airflow_dag_spark_streaming.py took 0.175 seconds
[2026-01-29T09:31:09.422+0000] {processor.py:161} INFO - Started process (PID=1944) to work on /opt/airflow/dags/airflow_dag_spark_streaming.py
[2026-01-29T09:31:09.424+0000] {processor.py:830} INFO - Processing file /opt/airflow/dags/airflow_dag_spark_streaming.py for tasks to queue
[2026-01-29T09:31:09.427+0000] {logging_mixin.py:188} INFO - [2026-01-29T09:31:09.426+0000] {dagbag.py:538} INFO - Filling up the DagBag from /opt/airflow/dags/airflow_dag_spark_streaming.py
[2026-01-29T09:31:09.494+0000] {processor.py:840} INFO - DAG(s) 'spark_sgp4_streaming' retrieved from /opt/airflow/dags/airflow_dag_spark_streaming.py
[2026-01-29T09:31:09.624+0000] {logging_mixin.py:188} INFO - [2026-01-29T09:31:09.623+0000] {dag.py:3036} INFO - Sync 1 DAGs
[2026-01-29T09:31:09.668+0000] {logging_mixin.py:188} INFO - [2026-01-29T09:31:09.667+0000] {dag.py:3823} INFO - Setting next_dagrun for spark_sgp4_streaming to None, run_after=None
[2026-01-29T09:31:09.717+0000] {processor.py:183} INFO - Processing /opt/airflow/dags/airflow_dag_spark_streaming.py took 0.316 seconds
[2026-01-29T09:31:39.843+0000] {processor.py:161} INFO - Started process (PID=1954) to work on /opt/airflow/dags/airflow_dag_spark_streaming.py
[2026-01-29T09:31:39.845+0000] {processor.py:830} INFO - Processing file /opt/airflow/dags/airflow_dag_spark_streaming.py for tasks to queue
[2026-01-29T09:31:39.848+0000] {logging_mixin.py:188} INFO - [2026-01-29T09:31:39.847+0000] {dagbag.py:538} INFO - Filling up the DagBag from /opt/airflow/dags/airflow_dag_spark_streaming.py
[2026-01-29T09:31:39.892+0000] {processor.py:840} INFO - DAG(s) 'spark_sgp4_streaming' retrieved from /opt/airflow/dags/airflow_dag_spark_streaming.py
[2026-01-29T09:31:39.967+0000] {logging_mixin.py:188} INFO - [2026-01-29T09:31:39.967+0000] {dag.py:3036} INFO - Sync 1 DAGs
[2026-01-29T09:31:39.990+0000] {logging_mixin.py:188} INFO - [2026-01-29T09:31:39.990+0000] {dag.py:3823} INFO - Setting next_dagrun for spark_sgp4_streaming to None, run_after=None
[2026-01-29T09:31:40.017+0000] {processor.py:183} INFO - Processing /opt/airflow/dags/airflow_dag_spark_streaming.py took 0.188 seconds
[2026-01-29T09:32:10.182+0000] {processor.py:161} INFO - Started process (PID=1964) to work on /opt/airflow/dags/airflow_dag_spark_streaming.py
[2026-01-29T09:32:10.184+0000] {processor.py:830} INFO - Processing file /opt/airflow/dags/airflow_dag_spark_streaming.py for tasks to queue
[2026-01-29T09:32:10.187+0000] {logging_mixin.py:188} INFO - [2026-01-29T09:32:10.185+0000] {dagbag.py:538} INFO - Filling up the DagBag from /opt/airflow/dags/airflow_dag_spark_streaming.py
[2026-01-29T09:32:10.228+0000] {processor.py:840} INFO - DAG(s) 'spark_sgp4_streaming' retrieved from /opt/airflow/dags/airflow_dag_spark_streaming.py
[2026-01-29T09:32:10.307+0000] {logging_mixin.py:188} INFO - [2026-01-29T09:32:10.306+0000] {dag.py:3036} INFO - Sync 1 DAGs
[2026-01-29T09:32:10.334+0000] {logging_mixin.py:188} INFO - [2026-01-29T09:32:10.334+0000] {dag.py:3823} INFO - Setting next_dagrun for spark_sgp4_streaming to None, run_after=None
[2026-01-29T09:32:10.358+0000] {processor.py:183} INFO - Processing /opt/airflow/dags/airflow_dag_spark_streaming.py took 0.189 seconds
[2026-01-29T09:32:40.533+0000] {processor.py:161} INFO - Started process (PID=1974) to work on /opt/airflow/dags/airflow_dag_spark_streaming.py
[2026-01-29T09:32:40.534+0000] {processor.py:830} INFO - Processing file /opt/airflow/dags/airflow_dag_spark_streaming.py for tasks to queue
[2026-01-29T09:32:40.536+0000] {logging_mixin.py:188} INFO - [2026-01-29T09:32:40.535+0000] {dagbag.py:538} INFO - Filling up the DagBag from /opt/airflow/dags/airflow_dag_spark_streaming.py
[2026-01-29T09:32:40.583+0000] {processor.py:840} INFO - DAG(s) 'spark_sgp4_streaming' retrieved from /opt/airflow/dags/airflow_dag_spark_streaming.py
[2026-01-29T09:32:40.668+0000] {logging_mixin.py:188} INFO - [2026-01-29T09:32:40.668+0000] {dag.py:3036} INFO - Sync 1 DAGs
[2026-01-29T09:32:40.698+0000] {logging_mixin.py:188} INFO - [2026-01-29T09:32:40.698+0000] {dag.py:3823} INFO - Setting next_dagrun for spark_sgp4_streaming to None, run_after=None
[2026-01-29T09:32:40.726+0000] {processor.py:183} INFO - Processing /opt/airflow/dags/airflow_dag_spark_streaming.py took 0.204 seconds
[2026-01-29T09:33:10.909+0000] {processor.py:161} INFO - Started process (PID=1984) to work on /opt/airflow/dags/airflow_dag_spark_streaming.py
[2026-01-29T09:33:10.911+0000] {processor.py:830} INFO - Processing file /opt/airflow/dags/airflow_dag_spark_streaming.py for tasks to queue
[2026-01-29T09:33:10.914+0000] {logging_mixin.py:188} INFO - [2026-01-29T09:33:10.913+0000] {dagbag.py:538} INFO - Filling up the DagBag from /opt/airflow/dags/airflow_dag_spark_streaming.py
[2026-01-29T09:33:10.959+0000] {processor.py:840} INFO - DAG(s) 'spark_sgp4_streaming' retrieved from /opt/airflow/dags/airflow_dag_spark_streaming.py
[2026-01-29T09:33:11.041+0000] {logging_mixin.py:188} INFO - [2026-01-29T09:33:11.041+0000] {dag.py:3036} INFO - Sync 1 DAGs
[2026-01-29T09:33:11.069+0000] {logging_mixin.py:188} INFO - [2026-01-29T09:33:11.068+0000] {dag.py:3823} INFO - Setting next_dagrun for spark_sgp4_streaming to None, run_after=None
[2026-01-29T09:33:11.099+0000] {processor.py:183} INFO - Processing /opt/airflow/dags/airflow_dag_spark_streaming.py took 0.205 seconds
[2026-01-29T09:33:41.253+0000] {processor.py:161} INFO - Started process (PID=1994) to work on /opt/airflow/dags/airflow_dag_spark_streaming.py
[2026-01-29T09:33:41.256+0000] {processor.py:830} INFO - Processing file /opt/airflow/dags/airflow_dag_spark_streaming.py for tasks to queue
[2026-01-29T09:33:41.259+0000] {logging_mixin.py:188} INFO - [2026-01-29T09:33:41.257+0000] {dagbag.py:538} INFO - Filling up the DagBag from /opt/airflow/dags/airflow_dag_spark_streaming.py
[2026-01-29T09:33:41.296+0000] {processor.py:840} INFO - DAG(s) 'spark_sgp4_streaming' retrieved from /opt/airflow/dags/airflow_dag_spark_streaming.py
[2026-01-29T09:33:41.374+0000] {logging_mixin.py:188} INFO - [2026-01-29T09:33:41.374+0000] {dag.py:3036} INFO - Sync 1 DAGs
[2026-01-29T09:33:41.391+0000] {logging_mixin.py:188} INFO - [2026-01-29T09:33:41.391+0000] {dag.py:3823} INFO - Setting next_dagrun for spark_sgp4_streaming to None, run_after=None
[2026-01-29T09:33:41.410+0000] {processor.py:183} INFO - Processing /opt/airflow/dags/airflow_dag_spark_streaming.py took 0.165 seconds
[2026-01-29T09:34:11.629+0000] {processor.py:161} INFO - Started process (PID=2004) to work on /opt/airflow/dags/airflow_dag_spark_streaming.py
[2026-01-29T09:34:11.631+0000] {processor.py:830} INFO - Processing file /opt/airflow/dags/airflow_dag_spark_streaming.py for tasks to queue
[2026-01-29T09:34:11.633+0000] {logging_mixin.py:188} INFO - [2026-01-29T09:34:11.632+0000] {dagbag.py:538} INFO - Filling up the DagBag from /opt/airflow/dags/airflow_dag_spark_streaming.py
[2026-01-29T09:34:11.686+0000] {processor.py:840} INFO - DAG(s) 'spark_sgp4_streaming' retrieved from /opt/airflow/dags/airflow_dag_spark_streaming.py
[2026-01-29T09:34:11.753+0000] {logging_mixin.py:188} INFO - [2026-01-29T09:34:11.753+0000] {dag.py:3036} INFO - Sync 1 DAGs
[2026-01-29T09:34:11.778+0000] {logging_mixin.py:188} INFO - [2026-01-29T09:34:11.778+0000] {dag.py:3823} INFO - Setting next_dagrun for spark_sgp4_streaming to None, run_after=None
[2026-01-29T09:34:11.808+0000] {processor.py:183} INFO - Processing /opt/airflow/dags/airflow_dag_spark_streaming.py took 0.191 seconds
[2026-01-29T09:34:42.028+0000] {processor.py:161} INFO - Started process (PID=2014) to work on /opt/airflow/dags/airflow_dag_spark_streaming.py
[2026-01-29T09:34:42.030+0000] {processor.py:830} INFO - Processing file /opt/airflow/dags/airflow_dag_spark_streaming.py for tasks to queue
[2026-01-29T09:34:42.032+0000] {logging_mixin.py:188} INFO - [2026-01-29T09:34:42.031+0000] {dagbag.py:538} INFO - Filling up the DagBag from /opt/airflow/dags/airflow_dag_spark_streaming.py
[2026-01-29T09:34:42.073+0000] {processor.py:840} INFO - DAG(s) 'spark_sgp4_streaming' retrieved from /opt/airflow/dags/airflow_dag_spark_streaming.py
[2026-01-29T09:34:42.143+0000] {logging_mixin.py:188} INFO - [2026-01-29T09:34:42.143+0000] {dag.py:3036} INFO - Sync 1 DAGs
[2026-01-29T09:34:42.165+0000] {logging_mixin.py:188} INFO - [2026-01-29T09:34:42.164+0000] {dag.py:3823} INFO - Setting next_dagrun for spark_sgp4_streaming to None, run_after=None
[2026-01-29T09:34:42.187+0000] {processor.py:183} INFO - Processing /opt/airflow/dags/airflow_dag_spark_streaming.py took 0.171 seconds
[2026-01-29T09:35:12.330+0000] {processor.py:161} INFO - Started process (PID=2024) to work on /opt/airflow/dags/airflow_dag_spark_streaming.py
[2026-01-29T09:35:12.332+0000] {processor.py:830} INFO - Processing file /opt/airflow/dags/airflow_dag_spark_streaming.py for tasks to queue
[2026-01-29T09:35:12.335+0000] {logging_mixin.py:188} INFO - [2026-01-29T09:35:12.333+0000] {dagbag.py:538} INFO - Filling up the DagBag from /opt/airflow/dags/airflow_dag_spark_streaming.py
[2026-01-29T09:35:12.379+0000] {processor.py:840} INFO - DAG(s) 'spark_sgp4_streaming' retrieved from /opt/airflow/dags/airflow_dag_spark_streaming.py
[2026-01-29T09:35:12.483+0000] {logging_mixin.py:188} INFO - [2026-01-29T09:35:12.483+0000] {dag.py:3036} INFO - Sync 1 DAGs
[2026-01-29T09:35:12.529+0000] {logging_mixin.py:188} INFO - [2026-01-29T09:35:12.529+0000] {dag.py:3823} INFO - Setting next_dagrun for spark_sgp4_streaming to None, run_after=None
[2026-01-29T09:35:12.571+0000] {processor.py:183} INFO - Processing /opt/airflow/dags/airflow_dag_spark_streaming.py took 0.252 seconds
[2026-01-29T09:35:42.783+0000] {processor.py:161} INFO - Started process (PID=2034) to work on /opt/airflow/dags/airflow_dag_spark_streaming.py
[2026-01-29T09:35:42.787+0000] {processor.py:830} INFO - Processing file /opt/airflow/dags/airflow_dag_spark_streaming.py for tasks to queue
[2026-01-29T09:35:42.789+0000] {logging_mixin.py:188} INFO - [2026-01-29T09:35:42.788+0000] {dagbag.py:538} INFO - Filling up the DagBag from /opt/airflow/dags/airflow_dag_spark_streaming.py
[2026-01-29T09:35:42.839+0000] {processor.py:840} INFO - DAG(s) 'spark_sgp4_streaming' retrieved from /opt/airflow/dags/airflow_dag_spark_streaming.py
[2026-01-29T09:35:42.940+0000] {logging_mixin.py:188} INFO - [2026-01-29T09:35:42.939+0000] {dag.py:3036} INFO - Sync 1 DAGs
[2026-01-29T09:35:42.967+0000] {logging_mixin.py:188} INFO - [2026-01-29T09:35:42.966+0000] {dag.py:3823} INFO - Setting next_dagrun for spark_sgp4_streaming to None, run_after=None
[2026-01-29T09:35:42.997+0000] {processor.py:183} INFO - Processing /opt/airflow/dags/airflow_dag_spark_streaming.py took 0.229 seconds
[2026-01-29T09:36:13.103+0000] {processor.py:161} INFO - Started process (PID=2044) to work on /opt/airflow/dags/airflow_dag_spark_streaming.py
[2026-01-29T09:36:13.105+0000] {processor.py:830} INFO - Processing file /opt/airflow/dags/airflow_dag_spark_streaming.py for tasks to queue
[2026-01-29T09:36:13.106+0000] {logging_mixin.py:188} INFO - [2026-01-29T09:36:13.106+0000] {dagbag.py:538} INFO - Filling up the DagBag from /opt/airflow/dags/airflow_dag_spark_streaming.py
[2026-01-29T09:36:13.123+0000] {processor.py:840} INFO - DAG(s) 'spark_sgp4_streaming' retrieved from /opt/airflow/dags/airflow_dag_spark_streaming.py
[2026-01-29T09:36:13.165+0000] {logging_mixin.py:188} INFO - [2026-01-29T09:36:13.165+0000] {dag.py:3036} INFO - Sync 1 DAGs
[2026-01-29T09:36:13.182+0000] {logging_mixin.py:188} INFO - [2026-01-29T09:36:13.182+0000] {dag.py:3823} INFO - Setting next_dagrun for spark_sgp4_streaming to None, run_after=None
[2026-01-29T09:36:13.210+0000] {processor.py:183} INFO - Processing /opt/airflow/dags/airflow_dag_spark_streaming.py took 0.112 seconds
[2026-01-29T09:36:43.359+0000] {processor.py:161} INFO - Started process (PID=2054) to work on /opt/airflow/dags/airflow_dag_spark_streaming.py
[2026-01-29T09:36:43.361+0000] {processor.py:830} INFO - Processing file /opt/airflow/dags/airflow_dag_spark_streaming.py for tasks to queue
[2026-01-29T09:36:43.364+0000] {logging_mixin.py:188} INFO - [2026-01-29T09:36:43.363+0000] {dagbag.py:538} INFO - Filling up the DagBag from /opt/airflow/dags/airflow_dag_spark_streaming.py
[2026-01-29T09:36:43.405+0000] {processor.py:840} INFO - DAG(s) 'spark_sgp4_streaming' retrieved from /opt/airflow/dags/airflow_dag_spark_streaming.py
[2026-01-29T09:36:43.465+0000] {logging_mixin.py:188} INFO - [2026-01-29T09:36:43.464+0000] {dag.py:3036} INFO - Sync 1 DAGs
[2026-01-29T09:36:43.491+0000] {logging_mixin.py:188} INFO - [2026-01-29T09:36:43.491+0000] {dag.py:3823} INFO - Setting next_dagrun for spark_sgp4_streaming to None, run_after=None
[2026-01-29T09:36:43.520+0000] {processor.py:183} INFO - Processing /opt/airflow/dags/airflow_dag_spark_streaming.py took 0.170 seconds
[2026-01-29T09:37:13.673+0000] {processor.py:161} INFO - Started process (PID=2064) to work on /opt/airflow/dags/airflow_dag_spark_streaming.py
[2026-01-29T09:37:13.675+0000] {processor.py:830} INFO - Processing file /opt/airflow/dags/airflow_dag_spark_streaming.py for tasks to queue
[2026-01-29T09:37:13.678+0000] {logging_mixin.py:188} INFO - [2026-01-29T09:37:13.676+0000] {dagbag.py:538} INFO - Filling up the DagBag from /opt/airflow/dags/airflow_dag_spark_streaming.py
[2026-01-29T09:37:13.719+0000] {processor.py:840} INFO - DAG(s) 'spark_sgp4_streaming' retrieved from /opt/airflow/dags/airflow_dag_spark_streaming.py
[2026-01-29T09:37:13.788+0000] {logging_mixin.py:188} INFO - [2026-01-29T09:37:13.788+0000] {dag.py:3036} INFO - Sync 1 DAGs
[2026-01-29T09:37:13.816+0000] {logging_mixin.py:188} INFO - [2026-01-29T09:37:13.816+0000] {dag.py:3823} INFO - Setting next_dagrun for spark_sgp4_streaming to None, run_after=None
[2026-01-29T09:37:13.846+0000] {processor.py:183} INFO - Processing /opt/airflow/dags/airflow_dag_spark_streaming.py took 0.187 seconds
[2026-01-29T09:37:43.997+0000] {processor.py:161} INFO - Started process (PID=2074) to work on /opt/airflow/dags/airflow_dag_spark_streaming.py
[2026-01-29T09:37:43.998+0000] {processor.py:830} INFO - Processing file /opt/airflow/dags/airflow_dag_spark_streaming.py for tasks to queue
[2026-01-29T09:37:43.999+0000] {logging_mixin.py:188} INFO - [2026-01-29T09:37:43.998+0000] {dagbag.py:538} INFO - Filling up the DagBag from /opt/airflow/dags/airflow_dag_spark_streaming.py
[2026-01-29T09:37:44.020+0000] {processor.py:840} INFO - DAG(s) 'spark_sgp4_streaming' retrieved from /opt/airflow/dags/airflow_dag_spark_streaming.py
[2026-01-29T09:37:44.071+0000] {logging_mixin.py:188} INFO - [2026-01-29T09:37:44.070+0000] {dag.py:3036} INFO - Sync 1 DAGs
[2026-01-29T09:37:44.090+0000] {logging_mixin.py:188} INFO - [2026-01-29T09:37:44.089+0000] {dag.py:3823} INFO - Setting next_dagrun for spark_sgp4_streaming to None, run_after=None
[2026-01-29T09:37:44.112+0000] {processor.py:183} INFO - Processing /opt/airflow/dags/airflow_dag_spark_streaming.py took 0.123 seconds
[2026-01-29T09:38:14.288+0000] {processor.py:161} INFO - Started process (PID=2084) to work on /opt/airflow/dags/airflow_dag_spark_streaming.py
[2026-01-29T09:38:14.291+0000] {processor.py:830} INFO - Processing file /opt/airflow/dags/airflow_dag_spark_streaming.py for tasks to queue
[2026-01-29T09:38:14.294+0000] {logging_mixin.py:188} INFO - [2026-01-29T09:38:14.293+0000] {dagbag.py:538} INFO - Filling up the DagBag from /opt/airflow/dags/airflow_dag_spark_streaming.py
[2026-01-29T09:38:14.339+0000] {processor.py:840} INFO - DAG(s) 'spark_sgp4_streaming' retrieved from /opt/airflow/dags/airflow_dag_spark_streaming.py
[2026-01-29T09:38:14.393+0000] {logging_mixin.py:188} INFO - [2026-01-29T09:38:14.393+0000] {dag.py:3036} INFO - Sync 1 DAGs
[2026-01-29T09:38:14.412+0000] {logging_mixin.py:188} INFO - [2026-01-29T09:38:14.411+0000] {dag.py:3823} INFO - Setting next_dagrun for spark_sgp4_streaming to None, run_after=None
[2026-01-29T09:38:14.437+0000] {processor.py:183} INFO - Processing /opt/airflow/dags/airflow_dag_spark_streaming.py took 0.160 seconds
[2026-01-29T09:38:44.607+0000] {processor.py:161} INFO - Started process (PID=2094) to work on /opt/airflow/dags/airflow_dag_spark_streaming.py
[2026-01-29T09:38:44.610+0000] {processor.py:830} INFO - Processing file /opt/airflow/dags/airflow_dag_spark_streaming.py for tasks to queue
[2026-01-29T09:38:44.612+0000] {logging_mixin.py:188} INFO - [2026-01-29T09:38:44.611+0000] {dagbag.py:538} INFO - Filling up the DagBag from /opt/airflow/dags/airflow_dag_spark_streaming.py
[2026-01-29T09:38:44.629+0000] {processor.py:840} INFO - DAG(s) 'spark_sgp4_streaming' retrieved from /opt/airflow/dags/airflow_dag_spark_streaming.py
[2026-01-29T09:38:44.691+0000] {logging_mixin.py:188} INFO - [2026-01-29T09:38:44.690+0000] {dag.py:3036} INFO - Sync 1 DAGs
[2026-01-29T09:38:44.714+0000] {logging_mixin.py:188} INFO - [2026-01-29T09:38:44.713+0000] {dag.py:3823} INFO - Setting next_dagrun for spark_sgp4_streaming to None, run_after=None
[2026-01-29T09:38:44.740+0000] {processor.py:183} INFO - Processing /opt/airflow/dags/airflow_dag_spark_streaming.py took 0.137 seconds
[2026-01-29T09:39:14.925+0000] {processor.py:161} INFO - Started process (PID=2104) to work on /opt/airflow/dags/airflow_dag_spark_streaming.py
[2026-01-29T09:39:14.928+0000] {processor.py:830} INFO - Processing file /opt/airflow/dags/airflow_dag_spark_streaming.py for tasks to queue
[2026-01-29T09:39:14.929+0000] {logging_mixin.py:188} INFO - [2026-01-29T09:39:14.929+0000] {dagbag.py:538} INFO - Filling up the DagBag from /opt/airflow/dags/airflow_dag_spark_streaming.py
[2026-01-29T09:39:14.945+0000] {processor.py:840} INFO - DAG(s) 'spark_sgp4_streaming' retrieved from /opt/airflow/dags/airflow_dag_spark_streaming.py
[2026-01-29T09:39:14.988+0000] {logging_mixin.py:188} INFO - [2026-01-29T09:39:14.987+0000] {dag.py:3036} INFO - Sync 1 DAGs
[2026-01-29T09:39:15.006+0000] {logging_mixin.py:188} INFO - [2026-01-29T09:39:15.006+0000] {dag.py:3823} INFO - Setting next_dagrun for spark_sgp4_streaming to None, run_after=None
[2026-01-29T09:39:15.041+0000] {processor.py:183} INFO - Processing /opt/airflow/dags/airflow_dag_spark_streaming.py took 0.120 seconds
[2026-01-29T09:39:45.221+0000] {processor.py:161} INFO - Started process (PID=2114) to work on /opt/airflow/dags/airflow_dag_spark_streaming.py
[2026-01-29T09:39:45.224+0000] {processor.py:830} INFO - Processing file /opt/airflow/dags/airflow_dag_spark_streaming.py for tasks to queue
[2026-01-29T09:39:45.225+0000] {logging_mixin.py:188} INFO - [2026-01-29T09:39:45.224+0000] {dagbag.py:538} INFO - Filling up the DagBag from /opt/airflow/dags/airflow_dag_spark_streaming.py
[2026-01-29T09:39:45.250+0000] {processor.py:840} INFO - DAG(s) 'spark_sgp4_streaming' retrieved from /opt/airflow/dags/airflow_dag_spark_streaming.py
[2026-01-29T09:39:45.294+0000] {logging_mixin.py:188} INFO - [2026-01-29T09:39:45.294+0000] {dag.py:3036} INFO - Sync 1 DAGs
[2026-01-29T09:39:45.314+0000] {logging_mixin.py:188} INFO - [2026-01-29T09:39:45.313+0000] {dag.py:3823} INFO - Setting next_dagrun for spark_sgp4_streaming to None, run_after=None
[2026-01-29T09:39:45.343+0000] {processor.py:183} INFO - Processing /opt/airflow/dags/airflow_dag_spark_streaming.py took 0.128 seconds
[2026-01-29T09:40:15.533+0000] {processor.py:161} INFO - Started process (PID=2124) to work on /opt/airflow/dags/airflow_dag_spark_streaming.py
[2026-01-29T09:40:15.534+0000] {processor.py:830} INFO - Processing file /opt/airflow/dags/airflow_dag_spark_streaming.py for tasks to queue
[2026-01-29T09:40:15.536+0000] {logging_mixin.py:188} INFO - [2026-01-29T09:40:15.535+0000] {dagbag.py:538} INFO - Filling up the DagBag from /opt/airflow/dags/airflow_dag_spark_streaming.py
[2026-01-29T09:40:15.572+0000] {processor.py:840} INFO - DAG(s) 'spark_sgp4_streaming' retrieved from /opt/airflow/dags/airflow_dag_spark_streaming.py
[2026-01-29T09:40:15.627+0000] {logging_mixin.py:188} INFO - [2026-01-29T09:40:15.626+0000] {dag.py:3036} INFO - Sync 1 DAGs
[2026-01-29T09:40:15.644+0000] {logging_mixin.py:188} INFO - [2026-01-29T09:40:15.644+0000] {dag.py:3823} INFO - Setting next_dagrun for spark_sgp4_streaming to None, run_after=None
[2026-01-29T09:40:15.814+0000] {processor.py:183} INFO - Processing /opt/airflow/dags/airflow_dag_spark_streaming.py took 0.292 seconds
[2026-01-29T09:40:45.962+0000] {processor.py:161} INFO - Started process (PID=2134) to work on /opt/airflow/dags/airflow_dag_spark_streaming.py
[2026-01-29T09:40:45.964+0000] {processor.py:830} INFO - Processing file /opt/airflow/dags/airflow_dag_spark_streaming.py for tasks to queue
[2026-01-29T09:40:45.967+0000] {logging_mixin.py:188} INFO - [2026-01-29T09:40:45.965+0000] {dagbag.py:538} INFO - Filling up the DagBag from /opt/airflow/dags/airflow_dag_spark_streaming.py
[2026-01-29T09:40:46.003+0000] {processor.py:840} INFO - DAG(s) 'spark_sgp4_streaming' retrieved from /opt/airflow/dags/airflow_dag_spark_streaming.py
[2026-01-29T09:40:46.066+0000] {logging_mixin.py:188} INFO - [2026-01-29T09:40:46.066+0000] {dag.py:3036} INFO - Sync 1 DAGs
[2026-01-29T09:40:46.092+0000] {logging_mixin.py:188} INFO - [2026-01-29T09:40:46.092+0000] {dag.py:3823} INFO - Setting next_dagrun for spark_sgp4_streaming to None, run_after=None
[2026-01-29T09:40:46.121+0000] {processor.py:183} INFO - Processing /opt/airflow/dags/airflow_dag_spark_streaming.py took 0.170 seconds
[2026-01-29T09:41:16.287+0000] {processor.py:161} INFO - Started process (PID=2144) to work on /opt/airflow/dags/airflow_dag_spark_streaming.py
[2026-01-29T09:41:16.289+0000] {processor.py:830} INFO - Processing file /opt/airflow/dags/airflow_dag_spark_streaming.py for tasks to queue
[2026-01-29T09:41:16.291+0000] {logging_mixin.py:188} INFO - [2026-01-29T09:41:16.290+0000] {dagbag.py:538} INFO - Filling up the DagBag from /opt/airflow/dags/airflow_dag_spark_streaming.py
[2026-01-29T09:41:16.332+0000] {processor.py:840} INFO - DAG(s) 'spark_sgp4_streaming' retrieved from /opt/airflow/dags/airflow_dag_spark_streaming.py
[2026-01-29T09:41:16.377+0000] {logging_mixin.py:188} INFO - [2026-01-29T09:41:16.376+0000] {dag.py:3036} INFO - Sync 1 DAGs
[2026-01-29T09:41:16.393+0000] {logging_mixin.py:188} INFO - [2026-01-29T09:41:16.393+0000] {dag.py:3823} INFO - Setting next_dagrun for spark_sgp4_streaming to None, run_after=None
[2026-01-29T09:41:16.416+0000] {processor.py:183} INFO - Processing /opt/airflow/dags/airflow_dag_spark_streaming.py took 0.142 seconds
[2026-01-29T09:41:46.560+0000] {processor.py:161} INFO - Started process (PID=2154) to work on /opt/airflow/dags/airflow_dag_spark_streaming.py
[2026-01-29T09:41:46.562+0000] {processor.py:830} INFO - Processing file /opt/airflow/dags/airflow_dag_spark_streaming.py for tasks to queue
[2026-01-29T09:41:46.563+0000] {logging_mixin.py:188} INFO - [2026-01-29T09:41:46.563+0000] {dagbag.py:538} INFO - Filling up the DagBag from /opt/airflow/dags/airflow_dag_spark_streaming.py
[2026-01-29T09:41:46.576+0000] {processor.py:840} INFO - DAG(s) 'spark_sgp4_streaming' retrieved from /opt/airflow/dags/airflow_dag_spark_streaming.py
[2026-01-29T09:41:46.635+0000] {logging_mixin.py:188} INFO - [2026-01-29T09:41:46.634+0000] {dag.py:3036} INFO - Sync 1 DAGs
[2026-01-29T09:41:46.664+0000] {logging_mixin.py:188} INFO - [2026-01-29T09:41:46.663+0000] {dag.py:3823} INFO - Setting next_dagrun for spark_sgp4_streaming to None, run_after=None
[2026-01-29T09:41:46.691+0000] {processor.py:183} INFO - Processing /opt/airflow/dags/airflow_dag_spark_streaming.py took 0.135 seconds
[2026-01-29T09:42:16.843+0000] {processor.py:161} INFO - Started process (PID=2164) to work on /opt/airflow/dags/airflow_dag_spark_streaming.py
[2026-01-29T09:42:16.845+0000] {processor.py:830} INFO - Processing file /opt/airflow/dags/airflow_dag_spark_streaming.py for tasks to queue
[2026-01-29T09:42:16.846+0000] {logging_mixin.py:188} INFO - [2026-01-29T09:42:16.845+0000] {dagbag.py:538} INFO - Filling up the DagBag from /opt/airflow/dags/airflow_dag_spark_streaming.py
[2026-01-29T09:42:16.862+0000] {processor.py:840} INFO - DAG(s) 'spark_sgp4_streaming' retrieved from /opt/airflow/dags/airflow_dag_spark_streaming.py
[2026-01-29T09:42:16.904+0000] {logging_mixin.py:188} INFO - [2026-01-29T09:42:16.904+0000] {dag.py:3036} INFO - Sync 1 DAGs
[2026-01-29T09:42:16.921+0000] {logging_mixin.py:188} INFO - [2026-01-29T09:42:16.920+0000] {dag.py:3823} INFO - Setting next_dagrun for spark_sgp4_streaming to None, run_after=None
[2026-01-29T09:42:16.941+0000] {processor.py:183} INFO - Processing /opt/airflow/dags/airflow_dag_spark_streaming.py took 0.103 seconds
[2026-01-29T09:42:47.118+0000] {processor.py:161} INFO - Started process (PID=2174) to work on /opt/airflow/dags/airflow_dag_spark_streaming.py
[2026-01-29T09:42:47.121+0000] {processor.py:830} INFO - Processing file /opt/airflow/dags/airflow_dag_spark_streaming.py for tasks to queue
[2026-01-29T09:42:47.122+0000] {logging_mixin.py:188} INFO - [2026-01-29T09:42:47.121+0000] {dagbag.py:538} INFO - Filling up the DagBag from /opt/airflow/dags/airflow_dag_spark_streaming.py
[2026-01-29T09:42:47.136+0000] {processor.py:840} INFO - DAG(s) 'spark_sgp4_streaming' retrieved from /opt/airflow/dags/airflow_dag_spark_streaming.py
[2026-01-29T09:42:47.175+0000] {logging_mixin.py:188} INFO - [2026-01-29T09:42:47.174+0000] {dag.py:3036} INFO - Sync 1 DAGs
[2026-01-29T09:42:47.193+0000] {logging_mixin.py:188} INFO - [2026-01-29T09:42:47.193+0000] {dag.py:3823} INFO - Setting next_dagrun for spark_sgp4_streaming to None, run_after=None
[2026-01-29T09:42:47.214+0000] {processor.py:183} INFO - Processing /opt/airflow/dags/airflow_dag_spark_streaming.py took 0.108 seconds
[2026-01-29T09:43:17.375+0000] {processor.py:161} INFO - Started process (PID=2184) to work on /opt/airflow/dags/airflow_dag_spark_streaming.py
[2026-01-29T09:43:17.379+0000] {processor.py:830} INFO - Processing file /opt/airflow/dags/airflow_dag_spark_streaming.py for tasks to queue
[2026-01-29T09:43:17.381+0000] {logging_mixin.py:188} INFO - [2026-01-29T09:43:17.380+0000] {dagbag.py:538} INFO - Filling up the DagBag from /opt/airflow/dags/airflow_dag_spark_streaming.py
[2026-01-29T09:43:17.403+0000] {processor.py:840} INFO - DAG(s) 'spark_sgp4_streaming' retrieved from /opt/airflow/dags/airflow_dag_spark_streaming.py
[2026-01-29T09:43:17.472+0000] {logging_mixin.py:188} INFO - [2026-01-29T09:43:17.471+0000] {dag.py:3036} INFO - Sync 1 DAGs
[2026-01-29T09:43:17.498+0000] {logging_mixin.py:188} INFO - [2026-01-29T09:43:17.498+0000] {dag.py:3823} INFO - Setting next_dagrun for spark_sgp4_streaming to None, run_after=None
[2026-01-29T09:43:17.527+0000] {processor.py:183} INFO - Processing /opt/airflow/dags/airflow_dag_spark_streaming.py took 0.161 seconds
[2026-01-29T09:43:47.680+0000] {processor.py:161} INFO - Started process (PID=2194) to work on /opt/airflow/dags/airflow_dag_spark_streaming.py
[2026-01-29T09:43:47.681+0000] {processor.py:830} INFO - Processing file /opt/airflow/dags/airflow_dag_spark_streaming.py for tasks to queue
[2026-01-29T09:43:47.683+0000] {logging_mixin.py:188} INFO - [2026-01-29T09:43:47.682+0000] {dagbag.py:538} INFO - Filling up the DagBag from /opt/airflow/dags/airflow_dag_spark_streaming.py
[2026-01-29T09:43:47.716+0000] {processor.py:840} INFO - DAG(s) 'spark_sgp4_streaming' retrieved from /opt/airflow/dags/airflow_dag_spark_streaming.py
[2026-01-29T09:43:47.754+0000] {logging_mixin.py:188} INFO - [2026-01-29T09:43:47.754+0000] {dag.py:3036} INFO - Sync 1 DAGs
[2026-01-29T09:43:47.772+0000] {logging_mixin.py:188} INFO - [2026-01-29T09:43:47.772+0000] {dag.py:3823} INFO - Setting next_dagrun for spark_sgp4_streaming to None, run_after=None
[2026-01-29T09:43:47.794+0000] {processor.py:183} INFO - Processing /opt/airflow/dags/airflow_dag_spark_streaming.py took 0.121 seconds
[2026-01-29T09:44:17.981+0000] {processor.py:161} INFO - Started process (PID=2204) to work on /opt/airflow/dags/airflow_dag_spark_streaming.py
[2026-01-29T09:44:17.985+0000] {processor.py:830} INFO - Processing file /opt/airflow/dags/airflow_dag_spark_streaming.py for tasks to queue
[2026-01-29T09:44:17.988+0000] {logging_mixin.py:188} INFO - [2026-01-29T09:44:17.986+0000] {dagbag.py:538} INFO - Filling up the DagBag from /opt/airflow/dags/airflow_dag_spark_streaming.py
[2026-01-29T09:44:18.007+0000] {processor.py:840} INFO - DAG(s) 'spark_sgp4_streaming' retrieved from /opt/airflow/dags/airflow_dag_spark_streaming.py
[2026-01-29T09:44:18.073+0000] {logging_mixin.py:188} INFO - [2026-01-29T09:44:18.072+0000] {dag.py:3036} INFO - Sync 1 DAGs
[2026-01-29T09:44:18.098+0000] {logging_mixin.py:188} INFO - [2026-01-29T09:44:18.098+0000] {dag.py:3823} INFO - Setting next_dagrun for spark_sgp4_streaming to None, run_after=None
[2026-01-29T09:44:18.125+0000] {processor.py:183} INFO - Processing /opt/airflow/dags/airflow_dag_spark_streaming.py took 0.154 seconds
[2026-01-29T09:44:48.270+0000] {processor.py:161} INFO - Started process (PID=2214) to work on /opt/airflow/dags/airflow_dag_spark_streaming.py
[2026-01-29T09:44:48.272+0000] {processor.py:830} INFO - Processing file /opt/airflow/dags/airflow_dag_spark_streaming.py for tasks to queue
[2026-01-29T09:44:48.273+0000] {logging_mixin.py:188} INFO - [2026-01-29T09:44:48.273+0000] {dagbag.py:538} INFO - Filling up the DagBag from /opt/airflow/dags/airflow_dag_spark_streaming.py
[2026-01-29T09:44:48.302+0000] {processor.py:840} INFO - DAG(s) 'spark_sgp4_streaming' retrieved from /opt/airflow/dags/airflow_dag_spark_streaming.py
[2026-01-29T09:44:48.354+0000] {logging_mixin.py:188} INFO - [2026-01-29T09:44:48.353+0000] {dag.py:3036} INFO - Sync 1 DAGs
[2026-01-29T09:44:48.368+0000] {logging_mixin.py:188} INFO - [2026-01-29T09:44:48.368+0000] {dag.py:3823} INFO - Setting next_dagrun for spark_sgp4_streaming to None, run_after=None
[2026-01-29T09:44:48.386+0000] {processor.py:183} INFO - Processing /opt/airflow/dags/airflow_dag_spark_streaming.py took 0.122 seconds
[2026-01-29T09:45:18.552+0000] {processor.py:161} INFO - Started process (PID=2224) to work on /opt/airflow/dags/airflow_dag_spark_streaming.py
[2026-01-29T09:45:18.554+0000] {processor.py:830} INFO - Processing file /opt/airflow/dags/airflow_dag_spark_streaming.py for tasks to queue
[2026-01-29T09:45:18.555+0000] {logging_mixin.py:188} INFO - [2026-01-29T09:45:18.554+0000] {dagbag.py:538} INFO - Filling up the DagBag from /opt/airflow/dags/airflow_dag_spark_streaming.py
[2026-01-29T09:45:18.577+0000] {processor.py:840} INFO - DAG(s) 'spark_sgp4_streaming' retrieved from /opt/airflow/dags/airflow_dag_spark_streaming.py
[2026-01-29T09:45:18.640+0000] {logging_mixin.py:188} INFO - [2026-01-29T09:45:18.639+0000] {dag.py:3036} INFO - Sync 1 DAGs
[2026-01-29T09:45:18.667+0000] {logging_mixin.py:188} INFO - [2026-01-29T09:45:18.667+0000] {dag.py:3823} INFO - Setting next_dagrun for spark_sgp4_streaming to None, run_after=None
[2026-01-29T09:45:18.694+0000] {processor.py:183} INFO - Processing /opt/airflow/dags/airflow_dag_spark_streaming.py took 0.153 seconds
[2026-01-29T09:45:48.858+0000] {processor.py:161} INFO - Started process (PID=2234) to work on /opt/airflow/dags/airflow_dag_spark_streaming.py
[2026-01-29T09:45:48.859+0000] {processor.py:830} INFO - Processing file /opt/airflow/dags/airflow_dag_spark_streaming.py for tasks to queue
[2026-01-29T09:45:48.860+0000] {logging_mixin.py:188} INFO - [2026-01-29T09:45:48.859+0000] {dagbag.py:538} INFO - Filling up the DagBag from /opt/airflow/dags/airflow_dag_spark_streaming.py
[2026-01-29T09:45:48.895+0000] {processor.py:840} INFO - DAG(s) 'spark_sgp4_streaming' retrieved from /opt/airflow/dags/airflow_dag_spark_streaming.py
[2026-01-29T09:45:48.942+0000] {logging_mixin.py:188} INFO - [2026-01-29T09:45:48.942+0000] {dag.py:3036} INFO - Sync 1 DAGs
[2026-01-29T09:45:48.958+0000] {logging_mixin.py:188} INFO - [2026-01-29T09:45:48.957+0000] {dag.py:3823} INFO - Setting next_dagrun for spark_sgp4_streaming to None, run_after=None
[2026-01-29T09:45:48.981+0000] {processor.py:183} INFO - Processing /opt/airflow/dags/airflow_dag_spark_streaming.py took 0.128 seconds
[2026-01-29T09:46:19.145+0000] {processor.py:161} INFO - Started process (PID=2244) to work on /opt/airflow/dags/airflow_dag_spark_streaming.py
[2026-01-29T09:46:19.147+0000] {processor.py:830} INFO - Processing file /opt/airflow/dags/airflow_dag_spark_streaming.py for tasks to queue
[2026-01-29T09:46:19.149+0000] {logging_mixin.py:188} INFO - [2026-01-29T09:46:19.148+0000] {dagbag.py:538} INFO - Filling up the DagBag from /opt/airflow/dags/airflow_dag_spark_streaming.py
[2026-01-29T09:46:19.181+0000] {processor.py:840} INFO - DAG(s) 'spark_sgp4_streaming' retrieved from /opt/airflow/dags/airflow_dag_spark_streaming.py
[2026-01-29T09:46:19.254+0000] {logging_mixin.py:188} INFO - [2026-01-29T09:46:19.254+0000] {dag.py:3036} INFO - Sync 1 DAGs
[2026-01-29T09:46:19.277+0000] {logging_mixin.py:188} INFO - [2026-01-29T09:46:19.277+0000] {dag.py:3823} INFO - Setting next_dagrun for spark_sgp4_streaming to None, run_after=None
[2026-01-29T09:46:19.308+0000] {processor.py:183} INFO - Processing /opt/airflow/dags/airflow_dag_spark_streaming.py took 0.175 seconds
[2026-01-29T09:46:49.459+0000] {processor.py:161} INFO - Started process (PID=2254) to work on /opt/airflow/dags/airflow_dag_spark_streaming.py
[2026-01-29T09:46:49.461+0000] {processor.py:830} INFO - Processing file /opt/airflow/dags/airflow_dag_spark_streaming.py for tasks to queue
[2026-01-29T09:46:49.462+0000] {logging_mixin.py:188} INFO - [2026-01-29T09:46:49.461+0000] {dagbag.py:538} INFO - Filling up the DagBag from /opt/airflow/dags/airflow_dag_spark_streaming.py
[2026-01-29T09:46:49.494+0000] {processor.py:840} INFO - DAG(s) 'spark_sgp4_streaming' retrieved from /opt/airflow/dags/airflow_dag_spark_streaming.py
[2026-01-29T09:46:49.547+0000] {logging_mixin.py:188} INFO - [2026-01-29T09:46:49.546+0000] {dag.py:3036} INFO - Sync 1 DAGs
[2026-01-29T09:46:49.564+0000] {logging_mixin.py:188} INFO - [2026-01-29T09:46:49.563+0000] {dag.py:3823} INFO - Setting next_dagrun for spark_sgp4_streaming to None, run_after=None
[2026-01-29T09:46:49.585+0000] {processor.py:183} INFO - Processing /opt/airflow/dags/airflow_dag_spark_streaming.py took 0.129 seconds
[2026-01-29T09:47:19.744+0000] {processor.py:161} INFO - Started process (PID=2264) to work on /opt/airflow/dags/airflow_dag_spark_streaming.py
[2026-01-29T09:47:19.748+0000] {processor.py:830} INFO - Processing file /opt/airflow/dags/airflow_dag_spark_streaming.py for tasks to queue
[2026-01-29T09:47:19.752+0000] {logging_mixin.py:188} INFO - [2026-01-29T09:47:19.750+0000] {dagbag.py:538} INFO - Filling up the DagBag from /opt/airflow/dags/airflow_dag_spark_streaming.py
[2026-01-29T09:47:19.775+0000] {processor.py:840} INFO - DAG(s) 'spark_sgp4_streaming' retrieved from /opt/airflow/dags/airflow_dag_spark_streaming.py
[2026-01-29T09:47:19.834+0000] {logging_mixin.py:188} INFO - [2026-01-29T09:47:19.834+0000] {dag.py:3036} INFO - Sync 1 DAGs
[2026-01-29T09:47:19.857+0000] {logging_mixin.py:188} INFO - [2026-01-29T09:47:19.857+0000] {dag.py:3823} INFO - Setting next_dagrun for spark_sgp4_streaming to None, run_after=None
[2026-01-29T09:47:19.884+0000] {processor.py:183} INFO - Processing /opt/airflow/dags/airflow_dag_spark_streaming.py took 0.150 seconds
[2026-01-29T09:47:50.056+0000] {processor.py:161} INFO - Started process (PID=2274) to work on /opt/airflow/dags/airflow_dag_spark_streaming.py
[2026-01-29T09:47:50.057+0000] {processor.py:830} INFO - Processing file /opt/airflow/dags/airflow_dag_spark_streaming.py for tasks to queue
[2026-01-29T09:47:50.059+0000] {logging_mixin.py:188} INFO - [2026-01-29T09:47:50.058+0000] {dagbag.py:538} INFO - Filling up the DagBag from /opt/airflow/dags/airflow_dag_spark_streaming.py
[2026-01-29T09:47:50.100+0000] {processor.py:840} INFO - DAG(s) 'spark_sgp4_streaming' retrieved from /opt/airflow/dags/airflow_dag_spark_streaming.py
[2026-01-29T09:47:50.180+0000] {logging_mixin.py:188} INFO - [2026-01-29T09:47:50.179+0000] {dag.py:3036} INFO - Sync 1 DAGs
[2026-01-29T09:47:50.207+0000] {logging_mixin.py:188} INFO - [2026-01-29T09:47:50.206+0000] {dag.py:3823} INFO - Setting next_dagrun for spark_sgp4_streaming to None, run_after=None
[2026-01-29T09:47:50.238+0000] {processor.py:183} INFO - Processing /opt/airflow/dags/airflow_dag_spark_streaming.py took 0.195 seconds
[2026-01-29T09:48:20.398+0000] {processor.py:161} INFO - Started process (PID=2284) to work on /opt/airflow/dags/airflow_dag_spark_streaming.py
[2026-01-29T09:48:20.400+0000] {processor.py:830} INFO - Processing file /opt/airflow/dags/airflow_dag_spark_streaming.py for tasks to queue
[2026-01-29T09:48:20.402+0000] {logging_mixin.py:188} INFO - [2026-01-29T09:48:20.401+0000] {dagbag.py:538} INFO - Filling up the DagBag from /opt/airflow/dags/airflow_dag_spark_streaming.py
[2026-01-29T09:48:20.433+0000] {processor.py:840} INFO - DAG(s) 'spark_sgp4_streaming' retrieved from /opt/airflow/dags/airflow_dag_spark_streaming.py
[2026-01-29T09:48:20.485+0000] {logging_mixin.py:188} INFO - [2026-01-29T09:48:20.485+0000] {dag.py:3036} INFO - Sync 1 DAGs
[2026-01-29T09:48:20.511+0000] {logging_mixin.py:188} INFO - [2026-01-29T09:48:20.510+0000] {dag.py:3823} INFO - Setting next_dagrun for spark_sgp4_streaming to None, run_after=None
[2026-01-29T09:48:20.539+0000] {processor.py:183} INFO - Processing /opt/airflow/dags/airflow_dag_spark_streaming.py took 0.150 seconds
[2026-01-29T09:48:50.712+0000] {processor.py:161} INFO - Started process (PID=2294) to work on /opt/airflow/dags/airflow_dag_spark_streaming.py
[2026-01-29T09:48:50.714+0000] {processor.py:830} INFO - Processing file /opt/airflow/dags/airflow_dag_spark_streaming.py for tasks to queue
[2026-01-29T09:48:50.717+0000] {logging_mixin.py:188} INFO - [2026-01-29T09:48:50.715+0000] {dagbag.py:538} INFO - Filling up the DagBag from /opt/airflow/dags/airflow_dag_spark_streaming.py
[2026-01-29T09:48:50.764+0000] {processor.py:840} INFO - DAG(s) 'spark_sgp4_streaming' retrieved from /opt/airflow/dags/airflow_dag_spark_streaming.py
[2026-01-29T09:48:50.841+0000] {logging_mixin.py:188} INFO - [2026-01-29T09:48:50.841+0000] {dag.py:3036} INFO - Sync 1 DAGs
[2026-01-29T09:48:50.867+0000] {logging_mixin.py:188} INFO - [2026-01-29T09:48:50.867+0000] {dag.py:3823} INFO - Setting next_dagrun for spark_sgp4_streaming to None, run_after=None
[2026-01-29T09:48:50.896+0000] {processor.py:183} INFO - Processing /opt/airflow/dags/airflow_dag_spark_streaming.py took 0.200 seconds
[2026-01-29T09:49:21.061+0000] {processor.py:161} INFO - Started process (PID=2304) to work on /opt/airflow/dags/airflow_dag_spark_streaming.py
[2026-01-29T09:49:21.063+0000] {processor.py:830} INFO - Processing file /opt/airflow/dags/airflow_dag_spark_streaming.py for tasks to queue
[2026-01-29T09:49:21.064+0000] {logging_mixin.py:188} INFO - [2026-01-29T09:49:21.063+0000] {dagbag.py:538} INFO - Filling up the DagBag from /opt/airflow/dags/airflow_dag_spark_streaming.py
[2026-01-29T09:49:21.082+0000] {processor.py:840} INFO - DAG(s) 'spark_sgp4_streaming' retrieved from /opt/airflow/dags/airflow_dag_spark_streaming.py
[2026-01-29T09:49:21.128+0000] {logging_mixin.py:188} INFO - [2026-01-29T09:49:21.128+0000] {dag.py:3036} INFO - Sync 1 DAGs
[2026-01-29T09:49:21.150+0000] {logging_mixin.py:188} INFO - [2026-01-29T09:49:21.149+0000] {dag.py:3823} INFO - Setting next_dagrun for spark_sgp4_streaming to None, run_after=None
[2026-01-29T09:49:21.174+0000] {processor.py:183} INFO - Processing /opt/airflow/dags/airflow_dag_spark_streaming.py took 0.118 seconds
[2026-01-29T09:49:51.336+0000] {processor.py:161} INFO - Started process (PID=2314) to work on /opt/airflow/dags/airflow_dag_spark_streaming.py
[2026-01-29T09:49:51.338+0000] {processor.py:830} INFO - Processing file /opt/airflow/dags/airflow_dag_spark_streaming.py for tasks to queue
[2026-01-29T09:49:51.343+0000] {logging_mixin.py:188} INFO - [2026-01-29T09:49:51.340+0000] {dagbag.py:538} INFO - Filling up the DagBag from /opt/airflow/dags/airflow_dag_spark_streaming.py
[2026-01-29T09:49:51.389+0000] {processor.py:840} INFO - DAG(s) 'spark_sgp4_streaming' retrieved from /opt/airflow/dags/airflow_dag_spark_streaming.py
[2026-01-29T09:49:51.462+0000] {logging_mixin.py:188} INFO - [2026-01-29T09:49:51.461+0000] {dag.py:3036} INFO - Sync 1 DAGs
[2026-01-29T09:49:51.493+0000] {logging_mixin.py:188} INFO - [2026-01-29T09:49:51.493+0000] {dag.py:3823} INFO - Setting next_dagrun for spark_sgp4_streaming to None, run_after=None
[2026-01-29T09:49:51.525+0000] {processor.py:183} INFO - Processing /opt/airflow/dags/airflow_dag_spark_streaming.py took 0.203 seconds
[2026-01-29T09:50:21.685+0000] {processor.py:161} INFO - Started process (PID=2324) to work on /opt/airflow/dags/airflow_dag_spark_streaming.py
[2026-01-29T09:50:21.687+0000] {processor.py:830} INFO - Processing file /opt/airflow/dags/airflow_dag_spark_streaming.py for tasks to queue
[2026-01-29T09:50:21.690+0000] {logging_mixin.py:188} INFO - [2026-01-29T09:50:21.688+0000] {dagbag.py:538} INFO - Filling up the DagBag from /opt/airflow/dags/airflow_dag_spark_streaming.py
[2026-01-29T09:50:21.729+0000] {processor.py:840} INFO - DAG(s) 'spark_sgp4_streaming' retrieved from /opt/airflow/dags/airflow_dag_spark_streaming.py
[2026-01-29T09:50:21.805+0000] {logging_mixin.py:188} INFO - [2026-01-29T09:50:21.804+0000] {dag.py:3036} INFO - Sync 1 DAGs
[2026-01-29T09:50:21.825+0000] {logging_mixin.py:188} INFO - [2026-01-29T09:50:21.825+0000] {dag.py:3823} INFO - Setting next_dagrun for spark_sgp4_streaming to None, run_after=None
[2026-01-29T09:50:21.848+0000] {processor.py:183} INFO - Processing /opt/airflow/dags/airflow_dag_spark_streaming.py took 0.173 seconds
[2026-01-29T09:50:52.012+0000] {processor.py:161} INFO - Started process (PID=2334) to work on /opt/airflow/dags/airflow_dag_spark_streaming.py
[2026-01-29T09:50:52.015+0000] {processor.py:830} INFO - Processing file /opt/airflow/dags/airflow_dag_spark_streaming.py for tasks to queue
[2026-01-29T09:50:52.018+0000] {logging_mixin.py:188} INFO - [2026-01-29T09:50:52.016+0000] {dagbag.py:538} INFO - Filling up the DagBag from /opt/airflow/dags/airflow_dag_spark_streaming.py
[2026-01-29T09:50:52.065+0000] {processor.py:840} INFO - DAG(s) 'spark_sgp4_streaming' retrieved from /opt/airflow/dags/airflow_dag_spark_streaming.py
[2026-01-29T09:50:52.148+0000] {logging_mixin.py:188} INFO - [2026-01-29T09:50:52.148+0000] {dag.py:3036} INFO - Sync 1 DAGs
[2026-01-29T09:50:52.176+0000] {logging_mixin.py:188} INFO - [2026-01-29T09:50:52.175+0000] {dag.py:3823} INFO - Setting next_dagrun for spark_sgp4_streaming to None, run_after=None
[2026-01-29T09:50:52.202+0000] {processor.py:183} INFO - Processing /opt/airflow/dags/airflow_dag_spark_streaming.py took 0.205 seconds
[2026-01-29T09:51:22.375+0000] {processor.py:161} INFO - Started process (PID=2344) to work on /opt/airflow/dags/airflow_dag_spark_streaming.py
[2026-01-29T09:51:22.377+0000] {processor.py:830} INFO - Processing file /opt/airflow/dags/airflow_dag_spark_streaming.py for tasks to queue
[2026-01-29T09:51:22.380+0000] {logging_mixin.py:188} INFO - [2026-01-29T09:51:22.379+0000] {dagbag.py:538} INFO - Filling up the DagBag from /opt/airflow/dags/airflow_dag_spark_streaming.py
[2026-01-29T09:51:22.425+0000] {processor.py:840} INFO - DAG(s) 'spark_sgp4_streaming' retrieved from /opt/airflow/dags/airflow_dag_spark_streaming.py
[2026-01-29T09:51:22.510+0000] {logging_mixin.py:188} INFO - [2026-01-29T09:51:22.509+0000] {dag.py:3036} INFO - Sync 1 DAGs
[2026-01-29T09:51:22.535+0000] {logging_mixin.py:188} INFO - [2026-01-29T09:51:22.534+0000] {dag.py:3823} INFO - Setting next_dagrun for spark_sgp4_streaming to None, run_after=None
[2026-01-29T09:51:22.562+0000] {processor.py:183} INFO - Processing /opt/airflow/dags/airflow_dag_spark_streaming.py took 0.205 seconds
[2026-01-29T09:51:52.717+0000] {processor.py:161} INFO - Started process (PID=2354) to work on /opt/airflow/dags/airflow_dag_spark_streaming.py
[2026-01-29T09:51:52.719+0000] {processor.py:830} INFO - Processing file /opt/airflow/dags/airflow_dag_spark_streaming.py for tasks to queue
[2026-01-29T09:51:52.721+0000] {logging_mixin.py:188} INFO - [2026-01-29T09:51:52.720+0000] {dagbag.py:538} INFO - Filling up the DagBag from /opt/airflow/dags/airflow_dag_spark_streaming.py
[2026-01-29T09:51:52.739+0000] {processor.py:840} INFO - DAG(s) 'spark_sgp4_streaming' retrieved from /opt/airflow/dags/airflow_dag_spark_streaming.py
[2026-01-29T09:51:52.788+0000] {logging_mixin.py:188} INFO - [2026-01-29T09:51:52.787+0000] {dag.py:3036} INFO - Sync 1 DAGs
[2026-01-29T09:51:52.808+0000] {logging_mixin.py:188} INFO - [2026-01-29T09:51:52.808+0000] {dag.py:3823} INFO - Setting next_dagrun for spark_sgp4_streaming to None, run_after=None
[2026-01-29T09:51:52.830+0000] {processor.py:183} INFO - Processing /opt/airflow/dags/airflow_dag_spark_streaming.py took 0.117 seconds
[2026-01-29T09:52:22.982+0000] {processor.py:161} INFO - Started process (PID=2364) to work on /opt/airflow/dags/airflow_dag_spark_streaming.py
[2026-01-29T09:52:22.984+0000] {processor.py:830} INFO - Processing file /opt/airflow/dags/airflow_dag_spark_streaming.py for tasks to queue
[2026-01-29T09:52:22.986+0000] {logging_mixin.py:188} INFO - [2026-01-29T09:52:22.985+0000] {dagbag.py:538} INFO - Filling up the DagBag from /opt/airflow/dags/airflow_dag_spark_streaming.py
[2026-01-29T09:52:23.029+0000] {processor.py:840} INFO - DAG(s) 'spark_sgp4_streaming' retrieved from /opt/airflow/dags/airflow_dag_spark_streaming.py
[2026-01-29T09:52:23.100+0000] {logging_mixin.py:188} INFO - [2026-01-29T09:52:23.100+0000] {dag.py:3036} INFO - Sync 1 DAGs
[2026-01-29T09:52:23.123+0000] {logging_mixin.py:188} INFO - [2026-01-29T09:52:23.123+0000] {dag.py:3823} INFO - Setting next_dagrun for spark_sgp4_streaming to None, run_after=None
[2026-01-29T09:52:23.156+0000] {processor.py:183} INFO - Processing /opt/airflow/dags/airflow_dag_spark_streaming.py took 0.183 seconds
[2026-01-29T09:52:53.313+0000] {processor.py:161} INFO - Started process (PID=2374) to work on /opt/airflow/dags/airflow_dag_spark_streaming.py
[2026-01-29T09:52:53.314+0000] {processor.py:830} INFO - Processing file /opt/airflow/dags/airflow_dag_spark_streaming.py for tasks to queue
[2026-01-29T09:52:53.316+0000] {logging_mixin.py:188} INFO - [2026-01-29T09:52:53.315+0000] {dagbag.py:538} INFO - Filling up the DagBag from /opt/airflow/dags/airflow_dag_spark_streaming.py
[2026-01-29T09:52:53.351+0000] {processor.py:840} INFO - DAG(s) 'spark_sgp4_streaming' retrieved from /opt/airflow/dags/airflow_dag_spark_streaming.py
[2026-01-29T09:52:53.417+0000] {logging_mixin.py:188} INFO - [2026-01-29T09:52:53.417+0000] {dag.py:3036} INFO - Sync 1 DAGs
[2026-01-29T09:52:53.441+0000] {logging_mixin.py:188} INFO - [2026-01-29T09:52:53.441+0000] {dag.py:3823} INFO - Setting next_dagrun for spark_sgp4_streaming to None, run_after=None
[2026-01-29T09:52:53.466+0000] {processor.py:183} INFO - Processing /opt/airflow/dags/airflow_dag_spark_streaming.py took 0.163 seconds
[2026-01-29T09:53:23.638+0000] {processor.py:161} INFO - Started process (PID=2384) to work on /opt/airflow/dags/airflow_dag_spark_streaming.py
[2026-01-29T09:53:23.640+0000] {processor.py:830} INFO - Processing file /opt/airflow/dags/airflow_dag_spark_streaming.py for tasks to queue
[2026-01-29T09:53:23.643+0000] {logging_mixin.py:188} INFO - [2026-01-29T09:53:23.642+0000] {dagbag.py:538} INFO - Filling up the DagBag from /opt/airflow/dags/airflow_dag_spark_streaming.py
[2026-01-29T09:53:23.695+0000] {processor.py:840} INFO - DAG(s) 'spark_sgp4_streaming' retrieved from /opt/airflow/dags/airflow_dag_spark_streaming.py
[2026-01-29T09:53:23.798+0000] {logging_mixin.py:188} INFO - [2026-01-29T09:53:23.797+0000] {dag.py:3036} INFO - Sync 1 DAGs
[2026-01-29T09:53:23.829+0000] {logging_mixin.py:188} INFO - [2026-01-29T09:53:23.829+0000] {dag.py:3823} INFO - Setting next_dagrun for spark_sgp4_streaming to None, run_after=None
[2026-01-29T09:53:23.864+0000] {processor.py:183} INFO - Processing /opt/airflow/dags/airflow_dag_spark_streaming.py took 0.242 seconds
[2026-01-29T09:53:54.006+0000] {processor.py:161} INFO - Started process (PID=2394) to work on /opt/airflow/dags/airflow_dag_spark_streaming.py
[2026-01-29T09:53:54.008+0000] {processor.py:830} INFO - Processing file /opt/airflow/dags/airflow_dag_spark_streaming.py for tasks to queue
[2026-01-29T09:53:54.009+0000] {logging_mixin.py:188} INFO - [2026-01-29T09:53:54.009+0000] {dagbag.py:538} INFO - Filling up the DagBag from /opt/airflow/dags/airflow_dag_spark_streaming.py
[2026-01-29T09:53:54.024+0000] {processor.py:840} INFO - DAG(s) 'spark_sgp4_streaming' retrieved from /opt/airflow/dags/airflow_dag_spark_streaming.py
[2026-01-29T09:53:54.084+0000] {logging_mixin.py:188} INFO - [2026-01-29T09:53:54.084+0000] {dag.py:3036} INFO - Sync 1 DAGs
[2026-01-29T09:53:54.108+0000] {logging_mixin.py:188} INFO - [2026-01-29T09:53:54.108+0000] {dag.py:3823} INFO - Setting next_dagrun for spark_sgp4_streaming to None, run_after=None
[2026-01-29T09:53:54.132+0000] {processor.py:183} INFO - Processing /opt/airflow/dags/airflow_dag_spark_streaming.py took 0.130 seconds
[2026-01-29T09:54:24.302+0000] {processor.py:161} INFO - Started process (PID=2404) to work on /opt/airflow/dags/airflow_dag_spark_streaming.py
[2026-01-29T09:54:24.303+0000] {processor.py:830} INFO - Processing file /opt/airflow/dags/airflow_dag_spark_streaming.py for tasks to queue
[2026-01-29T09:54:24.306+0000] {logging_mixin.py:188} INFO - [2026-01-29T09:54:24.305+0000] {dagbag.py:538} INFO - Filling up the DagBag from /opt/airflow/dags/airflow_dag_spark_streaming.py
[2026-01-29T09:54:24.348+0000] {processor.py:840} INFO - DAG(s) 'spark_sgp4_streaming' retrieved from /opt/airflow/dags/airflow_dag_spark_streaming.py
[2026-01-29T09:54:24.418+0000] {logging_mixin.py:188} INFO - [2026-01-29T09:54:24.418+0000] {dag.py:3036} INFO - Sync 1 DAGs
[2026-01-29T09:54:24.445+0000] {logging_mixin.py:188} INFO - [2026-01-29T09:54:24.444+0000] {dag.py:3823} INFO - Setting next_dagrun for spark_sgp4_streaming to None, run_after=None
[2026-01-29T09:54:24.463+0000] {processor.py:183} INFO - Processing /opt/airflow/dags/airflow_dag_spark_streaming.py took 0.174 seconds
[2026-01-29T09:54:54.602+0000] {processor.py:161} INFO - Started process (PID=2414) to work on /opt/airflow/dags/airflow_dag_spark_streaming.py
[2026-01-29T09:54:54.604+0000] {processor.py:830} INFO - Processing file /opt/airflow/dags/airflow_dag_spark_streaming.py for tasks to queue
[2026-01-29T09:54:54.606+0000] {logging_mixin.py:188} INFO - [2026-01-29T09:54:54.605+0000] {dagbag.py:538} INFO - Filling up the DagBag from /opt/airflow/dags/airflow_dag_spark_streaming.py
[2026-01-29T09:54:54.625+0000] {processor.py:840} INFO - DAG(s) 'spark_sgp4_streaming' retrieved from /opt/airflow/dags/airflow_dag_spark_streaming.py
[2026-01-29T09:54:54.663+0000] {logging_mixin.py:188} INFO - [2026-01-29T09:54:54.662+0000] {dag.py:3036} INFO - Sync 1 DAGs
[2026-01-29T09:54:54.680+0000] {logging_mixin.py:188} INFO - [2026-01-29T09:54:54.680+0000] {dag.py:3823} INFO - Setting next_dagrun for spark_sgp4_streaming to None, run_after=None
[2026-01-29T09:54:54.707+0000] {processor.py:183} INFO - Processing /opt/airflow/dags/airflow_dag_spark_streaming.py took 0.109 seconds
[2026-01-29T09:55:24.858+0000] {processor.py:161} INFO - Started process (PID=2424) to work on /opt/airflow/dags/airflow_dag_spark_streaming.py
[2026-01-29T09:55:24.859+0000] {processor.py:830} INFO - Processing file /opt/airflow/dags/airflow_dag_spark_streaming.py for tasks to queue
[2026-01-29T09:55:24.862+0000] {logging_mixin.py:188} INFO - [2026-01-29T09:55:24.860+0000] {dagbag.py:538} INFO - Filling up the DagBag from /opt/airflow/dags/airflow_dag_spark_streaming.py
[2026-01-29T09:55:24.885+0000] {processor.py:840} INFO - DAG(s) 'spark_sgp4_streaming' retrieved from /opt/airflow/dags/airflow_dag_spark_streaming.py
[2026-01-29T09:55:24.955+0000] {logging_mixin.py:188} INFO - [2026-01-29T09:55:24.955+0000] {dag.py:3036} INFO - Sync 1 DAGs
[2026-01-29T09:55:24.980+0000] {logging_mixin.py:188} INFO - [2026-01-29T09:55:24.979+0000] {dag.py:3823} INFO - Setting next_dagrun for spark_sgp4_streaming to None, run_after=None
[2026-01-29T09:55:25.003+0000] {processor.py:183} INFO - Processing /opt/airflow/dags/airflow_dag_spark_streaming.py took 0.156 seconds
[2026-01-29T09:55:55.163+0000] {processor.py:161} INFO - Started process (PID=2434) to work on /opt/airflow/dags/airflow_dag_spark_streaming.py
[2026-01-29T09:55:55.164+0000] {processor.py:830} INFO - Processing file /opt/airflow/dags/airflow_dag_spark_streaming.py for tasks to queue
[2026-01-29T09:55:55.166+0000] {logging_mixin.py:188} INFO - [2026-01-29T09:55:55.165+0000] {dagbag.py:538} INFO - Filling up the DagBag from /opt/airflow/dags/airflow_dag_spark_streaming.py
[2026-01-29T09:55:55.205+0000] {processor.py:840} INFO - DAG(s) 'spark_sgp4_streaming' retrieved from /opt/airflow/dags/airflow_dag_spark_streaming.py
[2026-01-29T09:55:55.286+0000] {logging_mixin.py:188} INFO - [2026-01-29T09:55:55.286+0000] {dag.py:3036} INFO - Sync 1 DAGs
[2026-01-29T09:55:55.311+0000] {logging_mixin.py:188} INFO - [2026-01-29T09:55:55.311+0000] {dag.py:3823} INFO - Setting next_dagrun for spark_sgp4_streaming to None, run_after=None
[2026-01-29T09:55:55.342+0000] {processor.py:183} INFO - Processing /opt/airflow/dags/airflow_dag_spark_streaming.py took 0.193 seconds
[2026-01-29T09:56:25.513+0000] {processor.py:161} INFO - Started process (PID=2444) to work on /opt/airflow/dags/airflow_dag_spark_streaming.py
[2026-01-29T09:56:25.514+0000] {processor.py:830} INFO - Processing file /opt/airflow/dags/airflow_dag_spark_streaming.py for tasks to queue
[2026-01-29T09:56:25.516+0000] {logging_mixin.py:188} INFO - [2026-01-29T09:56:25.515+0000] {dagbag.py:538} INFO - Filling up the DagBag from /opt/airflow/dags/airflow_dag_spark_streaming.py
[2026-01-29T09:56:25.558+0000] {processor.py:840} INFO - DAG(s) 'spark_sgp4_streaming' retrieved from /opt/airflow/dags/airflow_dag_spark_streaming.py
[2026-01-29T09:56:25.644+0000] {logging_mixin.py:188} INFO - [2026-01-29T09:56:25.644+0000] {dag.py:3036} INFO - Sync 1 DAGs
[2026-01-29T09:56:25.671+0000] {logging_mixin.py:188} INFO - [2026-01-29T09:56:25.670+0000] {dag.py:3823} INFO - Setting next_dagrun for spark_sgp4_streaming to None, run_after=None
[2026-01-29T09:56:25.700+0000] {processor.py:183} INFO - Processing /opt/airflow/dags/airflow_dag_spark_streaming.py took 0.201 seconds
[2026-01-29T09:56:55.853+0000] {processor.py:161} INFO - Started process (PID=2454) to work on /opt/airflow/dags/airflow_dag_spark_streaming.py
[2026-01-29T09:56:55.854+0000] {processor.py:830} INFO - Processing file /opt/airflow/dags/airflow_dag_spark_streaming.py for tasks to queue
[2026-01-29T09:56:55.856+0000] {logging_mixin.py:188} INFO - [2026-01-29T09:56:55.855+0000] {dagbag.py:538} INFO - Filling up the DagBag from /opt/airflow/dags/airflow_dag_spark_streaming.py
[2026-01-29T09:56:55.897+0000] {processor.py:840} INFO - DAG(s) 'spark_sgp4_streaming' retrieved from /opt/airflow/dags/airflow_dag_spark_streaming.py
[2026-01-29T09:56:55.961+0000] {logging_mixin.py:188} INFO - [2026-01-29T09:56:55.961+0000] {dag.py:3036} INFO - Sync 1 DAGs
[2026-01-29T09:56:55.988+0000] {logging_mixin.py:188} INFO - [2026-01-29T09:56:55.988+0000] {dag.py:3823} INFO - Setting next_dagrun for spark_sgp4_streaming to None, run_after=None
[2026-01-29T09:56:56.010+0000] {processor.py:183} INFO - Processing /opt/airflow/dags/airflow_dag_spark_streaming.py took 0.166 seconds
[2026-01-29T09:57:26.159+0000] {processor.py:161} INFO - Started process (PID=2464) to work on /opt/airflow/dags/airflow_dag_spark_streaming.py
[2026-01-29T09:57:26.161+0000] {processor.py:830} INFO - Processing file /opt/airflow/dags/airflow_dag_spark_streaming.py for tasks to queue
[2026-01-29T09:57:26.163+0000] {logging_mixin.py:188} INFO - [2026-01-29T09:57:26.162+0000] {dagbag.py:538} INFO - Filling up the DagBag from /opt/airflow/dags/airflow_dag_spark_streaming.py
[2026-01-29T09:57:26.198+0000] {processor.py:840} INFO - DAG(s) 'spark_sgp4_streaming' retrieved from /opt/airflow/dags/airflow_dag_spark_streaming.py
[2026-01-29T09:57:26.274+0000] {logging_mixin.py:188} INFO - [2026-01-29T09:57:26.274+0000] {dag.py:3036} INFO - Sync 1 DAGs
[2026-01-29T09:57:26.303+0000] {logging_mixin.py:188} INFO - [2026-01-29T09:57:26.303+0000] {dag.py:3823} INFO - Setting next_dagrun for spark_sgp4_streaming to None, run_after=None
[2026-01-29T09:57:26.327+0000] {processor.py:183} INFO - Processing /opt/airflow/dags/airflow_dag_spark_streaming.py took 0.180 seconds
[2026-01-29T09:57:56.488+0000] {processor.py:161} INFO - Started process (PID=2474) to work on /opt/airflow/dags/airflow_dag_spark_streaming.py
[2026-01-29T09:57:56.489+0000] {processor.py:830} INFO - Processing file /opt/airflow/dags/airflow_dag_spark_streaming.py for tasks to queue
[2026-01-29T09:57:56.491+0000] {logging_mixin.py:188} INFO - [2026-01-29T09:57:56.490+0000] {dagbag.py:538} INFO - Filling up the DagBag from /opt/airflow/dags/airflow_dag_spark_streaming.py
[2026-01-29T09:57:56.522+0000] {processor.py:840} INFO - DAG(s) 'spark_sgp4_streaming' retrieved from /opt/airflow/dags/airflow_dag_spark_streaming.py
[2026-01-29T09:57:56.583+0000] {logging_mixin.py:188} INFO - [2026-01-29T09:57:56.583+0000] {dag.py:3036} INFO - Sync 1 DAGs
[2026-01-29T09:57:56.613+0000] {logging_mixin.py:188} INFO - [2026-01-29T09:57:56.612+0000] {dag.py:3823} INFO - Setting next_dagrun for spark_sgp4_streaming to None, run_after=None
[2026-01-29T09:57:56.639+0000] {processor.py:183} INFO - Processing /opt/airflow/dags/airflow_dag_spark_streaming.py took 0.160 seconds
[2026-01-29T09:58:26.794+0000] {processor.py:161} INFO - Started process (PID=2484) to work on /opt/airflow/dags/airflow_dag_spark_streaming.py
[2026-01-29T09:58:26.795+0000] {processor.py:830} INFO - Processing file /opt/airflow/dags/airflow_dag_spark_streaming.py for tasks to queue
[2026-01-29T09:58:26.797+0000] {logging_mixin.py:188} INFO - [2026-01-29T09:58:26.796+0000] {dagbag.py:538} INFO - Filling up the DagBag from /opt/airflow/dags/airflow_dag_spark_streaming.py
[2026-01-29T09:58:26.840+0000] {processor.py:840} INFO - DAG(s) 'spark_sgp4_streaming' retrieved from /opt/airflow/dags/airflow_dag_spark_streaming.py
[2026-01-29T09:58:26.937+0000] {logging_mixin.py:188} INFO - [2026-01-29T09:58:26.936+0000] {dag.py:3036} INFO - Sync 1 DAGs
[2026-01-29T09:58:26.965+0000] {logging_mixin.py:188} INFO - [2026-01-29T09:58:26.964+0000] {dag.py:3823} INFO - Setting next_dagrun for spark_sgp4_streaming to None, run_after=None
[2026-01-29T09:58:26.992+0000] {processor.py:183} INFO - Processing /opt/airflow/dags/airflow_dag_spark_streaming.py took 0.209 seconds
[2026-01-29T09:58:57.140+0000] {processor.py:161} INFO - Started process (PID=2494) to work on /opt/airflow/dags/airflow_dag_spark_streaming.py
[2026-01-29T09:58:57.141+0000] {processor.py:830} INFO - Processing file /opt/airflow/dags/airflow_dag_spark_streaming.py for tasks to queue
[2026-01-29T09:58:57.142+0000] {logging_mixin.py:188} INFO - [2026-01-29T09:58:57.141+0000] {dagbag.py:538} INFO - Filling up the DagBag from /opt/airflow/dags/airflow_dag_spark_streaming.py
[2026-01-29T09:58:57.156+0000] {processor.py:840} INFO - DAG(s) 'spark_sgp4_streaming' retrieved from /opt/airflow/dags/airflow_dag_spark_streaming.py
[2026-01-29T09:58:57.197+0000] {logging_mixin.py:188} INFO - [2026-01-29T09:58:57.197+0000] {dag.py:3036} INFO - Sync 1 DAGs
[2026-01-29T09:58:57.215+0000] {logging_mixin.py:188} INFO - [2026-01-29T09:58:57.215+0000] {dag.py:3823} INFO - Setting next_dagrun for spark_sgp4_streaming to None, run_after=None
[2026-01-29T09:58:57.236+0000] {processor.py:183} INFO - Processing /opt/airflow/dags/airflow_dag_spark_streaming.py took 0.102 seconds
[2026-01-29T09:59:27.423+0000] {processor.py:161} INFO - Started process (PID=2504) to work on /opt/airflow/dags/airflow_dag_spark_streaming.py
[2026-01-29T09:59:27.424+0000] {processor.py:830} INFO - Processing file /opt/airflow/dags/airflow_dag_spark_streaming.py for tasks to queue
[2026-01-29T09:59:27.426+0000] {logging_mixin.py:188} INFO - [2026-01-29T09:59:27.425+0000] {dagbag.py:538} INFO - Filling up the DagBag from /opt/airflow/dags/airflow_dag_spark_streaming.py
[2026-01-29T09:59:27.461+0000] {processor.py:840} INFO - DAG(s) 'spark_sgp4_streaming' retrieved from /opt/airflow/dags/airflow_dag_spark_streaming.py
[2026-01-29T09:59:27.538+0000] {logging_mixin.py:188} INFO - [2026-01-29T09:59:27.538+0000] {dag.py:3036} INFO - Sync 1 DAGs
[2026-01-29T09:59:27.565+0000] {logging_mixin.py:188} INFO - [2026-01-29T09:59:27.565+0000] {dag.py:3823} INFO - Setting next_dagrun for spark_sgp4_streaming to None, run_after=None
[2026-01-29T09:59:27.592+0000] {processor.py:183} INFO - Processing /opt/airflow/dags/airflow_dag_spark_streaming.py took 0.181 seconds
[2026-01-29T09:59:57.752+0000] {processor.py:161} INFO - Started process (PID=2514) to work on /opt/airflow/dags/airflow_dag_spark_streaming.py
[2026-01-29T09:59:57.754+0000] {processor.py:830} INFO - Processing file /opt/airflow/dags/airflow_dag_spark_streaming.py for tasks to queue
[2026-01-29T09:59:57.757+0000] {logging_mixin.py:188} INFO - [2026-01-29T09:59:57.755+0000] {dagbag.py:538} INFO - Filling up the DagBag from /opt/airflow/dags/airflow_dag_spark_streaming.py
[2026-01-29T09:59:57.799+0000] {processor.py:840} INFO - DAG(s) 'spark_sgp4_streaming' retrieved from /opt/airflow/dags/airflow_dag_spark_streaming.py
[2026-01-29T09:59:57.879+0000] {logging_mixin.py:188} INFO - [2026-01-29T09:59:57.878+0000] {dag.py:3036} INFO - Sync 1 DAGs
[2026-01-29T09:59:57.908+0000] {logging_mixin.py:188} INFO - [2026-01-29T09:59:57.908+0000] {dag.py:3823} INFO - Setting next_dagrun for spark_sgp4_streaming to None, run_after=None
[2026-01-29T09:59:57.938+0000] {processor.py:183} INFO - Processing /opt/airflow/dags/airflow_dag_spark_streaming.py took 0.202 seconds
[2026-01-29T10:00:28.093+0000] {processor.py:161} INFO - Started process (PID=2524) to work on /opt/airflow/dags/airflow_dag_spark_streaming.py
[2026-01-29T10:00:28.095+0000] {processor.py:830} INFO - Processing file /opt/airflow/dags/airflow_dag_spark_streaming.py for tasks to queue
[2026-01-29T10:00:28.098+0000] {logging_mixin.py:188} INFO - [2026-01-29T10:00:28.096+0000] {dagbag.py:538} INFO - Filling up the DagBag from /opt/airflow/dags/airflow_dag_spark_streaming.py
[2026-01-29T10:00:28.138+0000] {processor.py:840} INFO - DAG(s) 'spark_sgp4_streaming' retrieved from /opt/airflow/dags/airflow_dag_spark_streaming.py
[2026-01-29T10:00:28.207+0000] {logging_mixin.py:188} INFO - [2026-01-29T10:00:28.207+0000] {dag.py:3036} INFO - Sync 1 DAGs
[2026-01-29T10:00:28.229+0000] {logging_mixin.py:188} INFO - [2026-01-29T10:00:28.229+0000] {dag.py:3823} INFO - Setting next_dagrun for spark_sgp4_streaming to None, run_after=None
[2026-01-29T10:00:28.259+0000] {processor.py:183} INFO - Processing /opt/airflow/dags/airflow_dag_spark_streaming.py took 0.179 seconds
[2026-01-29T10:00:58.419+0000] {processor.py:161} INFO - Started process (PID=2534) to work on /opt/airflow/dags/airflow_dag_spark_streaming.py
[2026-01-29T10:00:58.421+0000] {processor.py:830} INFO - Processing file /opt/airflow/dags/airflow_dag_spark_streaming.py for tasks to queue
[2026-01-29T10:00:58.424+0000] {logging_mixin.py:188} INFO - [2026-01-29T10:00:58.422+0000] {dagbag.py:538} INFO - Filling up the DagBag from /opt/airflow/dags/airflow_dag_spark_streaming.py
[2026-01-29T10:00:58.463+0000] {processor.py:840} INFO - DAG(s) 'spark_sgp4_streaming' retrieved from /opt/airflow/dags/airflow_dag_spark_streaming.py
[2026-01-29T10:00:58.526+0000] {logging_mixin.py:188} INFO - [2026-01-29T10:00:58.526+0000] {dag.py:3036} INFO - Sync 1 DAGs
[2026-01-29T10:00:58.550+0000] {logging_mixin.py:188} INFO - [2026-01-29T10:00:58.550+0000] {dag.py:3823} INFO - Setting next_dagrun for spark_sgp4_streaming to None, run_after=None
[2026-01-29T10:00:58.577+0000] {processor.py:183} INFO - Processing /opt/airflow/dags/airflow_dag_spark_streaming.py took 0.170 seconds
[2026-01-29T10:01:28.715+0000] {processor.py:161} INFO - Started process (PID=2544) to work on /opt/airflow/dags/airflow_dag_spark_streaming.py
[2026-01-29T10:01:28.716+0000] {processor.py:830} INFO - Processing file /opt/airflow/dags/airflow_dag_spark_streaming.py for tasks to queue
[2026-01-29T10:01:28.717+0000] {logging_mixin.py:188} INFO - [2026-01-29T10:01:28.717+0000] {dagbag.py:538} INFO - Filling up the DagBag from /opt/airflow/dags/airflow_dag_spark_streaming.py
[2026-01-29T10:01:28.737+0000] {processor.py:840} INFO - DAG(s) 'spark_sgp4_streaming' retrieved from /opt/airflow/dags/airflow_dag_spark_streaming.py
[2026-01-29T10:01:28.792+0000] {logging_mixin.py:188} INFO - [2026-01-29T10:01:28.791+0000] {dag.py:3036} INFO - Sync 1 DAGs
[2026-01-29T10:01:28.811+0000] {logging_mixin.py:188} INFO - [2026-01-29T10:01:28.810+0000] {dag.py:3823} INFO - Setting next_dagrun for spark_sgp4_streaming to None, run_after=None
[2026-01-29T10:01:28.833+0000] {processor.py:183} INFO - Processing /opt/airflow/dags/airflow_dag_spark_streaming.py took 0.122 seconds
[2026-01-29T10:01:58.996+0000] {processor.py:161} INFO - Started process (PID=2554) to work on /opt/airflow/dags/airflow_dag_spark_streaming.py
[2026-01-29T10:01:58.998+0000] {processor.py:830} INFO - Processing file /opt/airflow/dags/airflow_dag_spark_streaming.py for tasks to queue
[2026-01-29T10:01:59.001+0000] {logging_mixin.py:188} INFO - [2026-01-29T10:01:59.000+0000] {dagbag.py:538} INFO - Filling up the DagBag from /opt/airflow/dags/airflow_dag_spark_streaming.py
[2026-01-29T10:01:59.045+0000] {processor.py:840} INFO - DAG(s) 'spark_sgp4_streaming' retrieved from /opt/airflow/dags/airflow_dag_spark_streaming.py
[2026-01-29T10:01:59.120+0000] {logging_mixin.py:188} INFO - [2026-01-29T10:01:59.120+0000] {dag.py:3036} INFO - Sync 1 DAGs
[2026-01-29T10:01:59.146+0000] {logging_mixin.py:188} INFO - [2026-01-29T10:01:59.145+0000] {dag.py:3823} INFO - Setting next_dagrun for spark_sgp4_streaming to None, run_after=None
[2026-01-29T10:01:59.173+0000] {processor.py:183} INFO - Processing /opt/airflow/dags/airflow_dag_spark_streaming.py took 0.191 seconds
[2026-01-29T10:02:29.318+0000] {processor.py:161} INFO - Started process (PID=2564) to work on /opt/airflow/dags/airflow_dag_spark_streaming.py
[2026-01-29T10:02:29.320+0000] {processor.py:830} INFO - Processing file /opt/airflow/dags/airflow_dag_spark_streaming.py for tasks to queue
[2026-01-29T10:02:29.321+0000] {logging_mixin.py:188} INFO - [2026-01-29T10:02:29.321+0000] {dagbag.py:538} INFO - Filling up the DagBag from /opt/airflow/dags/airflow_dag_spark_streaming.py
[2026-01-29T10:02:29.338+0000] {processor.py:840} INFO - DAG(s) 'spark_sgp4_streaming' retrieved from /opt/airflow/dags/airflow_dag_spark_streaming.py
[2026-01-29T10:02:29.386+0000] {logging_mixin.py:188} INFO - [2026-01-29T10:02:29.386+0000] {dag.py:3036} INFO - Sync 1 DAGs
[2026-01-29T10:02:29.405+0000] {logging_mixin.py:188} INFO - [2026-01-29T10:02:29.404+0000] {dag.py:3823} INFO - Setting next_dagrun for spark_sgp4_streaming to None, run_after=None
[2026-01-29T10:02:29.425+0000] {processor.py:183} INFO - Processing /opt/airflow/dags/airflow_dag_spark_streaming.py took 0.111 seconds
[2026-01-29T10:02:59.586+0000] {processor.py:161} INFO - Started process (PID=2574) to work on /opt/airflow/dags/airflow_dag_spark_streaming.py
[2026-01-29T10:02:59.919+0000] {processor.py:830} INFO - Processing file /opt/airflow/dags/airflow_dag_spark_streaming.py for tasks to queue
[2026-01-29T10:02:59.921+0000] {logging_mixin.py:188} INFO - [2026-01-29T10:02:59.920+0000] {dagbag.py:538} INFO - Filling up the DagBag from /opt/airflow/dags/airflow_dag_spark_streaming.py
[2026-01-29T10:02:59.962+0000] {processor.py:840} INFO - DAG(s) 'spark_sgp4_streaming' retrieved from /opt/airflow/dags/airflow_dag_spark_streaming.py
[2026-01-29T10:03:00.049+0000] {logging_mixin.py:188} INFO - [2026-01-29T10:03:00.049+0000] {dag.py:3036} INFO - Sync 1 DAGs
[2026-01-29T10:03:00.076+0000] {logging_mixin.py:188} INFO - [2026-01-29T10:03:00.076+0000] {dag.py:3823} INFO - Setting next_dagrun for spark_sgp4_streaming to None, run_after=None
[2026-01-29T10:03:00.114+0000] {processor.py:183} INFO - Processing /opt/airflow/dags/airflow_dag_spark_streaming.py took 0.538 seconds
[2026-01-29T10:03:30.248+0000] {processor.py:161} INFO - Started process (PID=2584) to work on /opt/airflow/dags/airflow_dag_spark_streaming.py
[2026-01-29T10:03:30.251+0000] {processor.py:830} INFO - Processing file /opt/airflow/dags/airflow_dag_spark_streaming.py for tasks to queue
[2026-01-29T10:03:30.253+0000] {logging_mixin.py:188} INFO - [2026-01-29T10:03:30.252+0000] {dagbag.py:538} INFO - Filling up the DagBag from /opt/airflow/dags/airflow_dag_spark_streaming.py
[2026-01-29T10:03:30.291+0000] {processor.py:840} INFO - DAG(s) 'spark_sgp4_streaming' retrieved from /opt/airflow/dags/airflow_dag_spark_streaming.py
[2026-01-29T10:03:30.358+0000] {logging_mixin.py:188} INFO - [2026-01-29T10:03:30.358+0000] {dag.py:3036} INFO - Sync 1 DAGs
[2026-01-29T10:03:30.383+0000] {logging_mixin.py:188} INFO - [2026-01-29T10:03:30.383+0000] {dag.py:3823} INFO - Setting next_dagrun for spark_sgp4_streaming to None, run_after=None
[2026-01-29T10:03:30.413+0000] {processor.py:183} INFO - Processing /opt/airflow/dags/airflow_dag_spark_streaming.py took 0.175 seconds
[2026-01-29T10:04:00.589+0000] {processor.py:161} INFO - Started process (PID=2594) to work on /opt/airflow/dags/airflow_dag_spark_streaming.py
[2026-01-29T10:04:00.591+0000] {processor.py:830} INFO - Processing file /opt/airflow/dags/airflow_dag_spark_streaming.py for tasks to queue
[2026-01-29T10:04:00.593+0000] {logging_mixin.py:188} INFO - [2026-01-29T10:04:00.592+0000] {dagbag.py:538} INFO - Filling up the DagBag from /opt/airflow/dags/airflow_dag_spark_streaming.py
[2026-01-29T10:04:00.630+0000] {processor.py:840} INFO - DAG(s) 'spark_sgp4_streaming' retrieved from /opt/airflow/dags/airflow_dag_spark_streaming.py
[2026-01-29T10:04:00.709+0000] {logging_mixin.py:188} INFO - [2026-01-29T10:04:00.709+0000] {dag.py:3036} INFO - Sync 1 DAGs
[2026-01-29T10:04:00.734+0000] {logging_mixin.py:188} INFO - [2026-01-29T10:04:00.734+0000] {dag.py:3823} INFO - Setting next_dagrun for spark_sgp4_streaming to None, run_after=None
[2026-01-29T10:04:00.758+0000] {processor.py:183} INFO - Processing /opt/airflow/dags/airflow_dag_spark_streaming.py took 0.180 seconds
[2026-01-29T10:04:30.937+0000] {processor.py:161} INFO - Started process (PID=2604) to work on /opt/airflow/dags/airflow_dag_spark_streaming.py
[2026-01-29T10:04:30.938+0000] {processor.py:830} INFO - Processing file /opt/airflow/dags/airflow_dag_spark_streaming.py for tasks to queue
[2026-01-29T10:04:30.939+0000] {logging_mixin.py:188} INFO - [2026-01-29T10:04:30.939+0000] {dagbag.py:538} INFO - Filling up the DagBag from /opt/airflow/dags/airflow_dag_spark_streaming.py
[2026-01-29T10:04:30.962+0000] {processor.py:840} INFO - DAG(s) 'spark_sgp4_streaming' retrieved from /opt/airflow/dags/airflow_dag_spark_streaming.py
[2026-01-29T10:04:31.014+0000] {logging_mixin.py:188} INFO - [2026-01-29T10:04:31.014+0000] {dag.py:3036} INFO - Sync 1 DAGs
[2026-01-29T10:04:31.036+0000] {logging_mixin.py:188} INFO - [2026-01-29T10:04:31.036+0000] {dag.py:3823} INFO - Setting next_dagrun for spark_sgp4_streaming to None, run_after=None
[2026-01-29T10:04:31.062+0000] {processor.py:183} INFO - Processing /opt/airflow/dags/airflow_dag_spark_streaming.py took 0.131 seconds
[2026-01-29T10:05:01.246+0000] {processor.py:161} INFO - Started process (PID=2614) to work on /opt/airflow/dags/airflow_dag_spark_streaming.py
[2026-01-29T10:05:01.249+0000] {processor.py:830} INFO - Processing file /opt/airflow/dags/airflow_dag_spark_streaming.py for tasks to queue
[2026-01-29T10:05:01.252+0000] {logging_mixin.py:188} INFO - [2026-01-29T10:05:01.250+0000] {dagbag.py:538} INFO - Filling up the DagBag from /opt/airflow/dags/airflow_dag_spark_streaming.py
[2026-01-29T10:05:01.293+0000] {processor.py:840} INFO - DAG(s) 'spark_sgp4_streaming' retrieved from /opt/airflow/dags/airflow_dag_spark_streaming.py
[2026-01-29T10:05:01.353+0000] {logging_mixin.py:188} INFO - [2026-01-29T10:05:01.353+0000] {dag.py:3036} INFO - Sync 1 DAGs
[2026-01-29T10:05:01.381+0000] {logging_mixin.py:188} INFO - [2026-01-29T10:05:01.380+0000] {dag.py:3823} INFO - Setting next_dagrun for spark_sgp4_streaming to None, run_after=None
[2026-01-29T10:05:01.413+0000] {processor.py:183} INFO - Processing /opt/airflow/dags/airflow_dag_spark_streaming.py took 0.178 seconds
[2026-01-29T10:05:31.556+0000] {processor.py:161} INFO - Started process (PID=2624) to work on /opt/airflow/dags/airflow_dag_spark_streaming.py
[2026-01-29T10:05:31.559+0000] {processor.py:830} INFO - Processing file /opt/airflow/dags/airflow_dag_spark_streaming.py for tasks to queue
[2026-01-29T10:05:31.561+0000] {logging_mixin.py:188} INFO - [2026-01-29T10:05:31.560+0000] {dagbag.py:538} INFO - Filling up the DagBag from /opt/airflow/dags/airflow_dag_spark_streaming.py
[2026-01-29T10:05:31.591+0000] {processor.py:840} INFO - DAG(s) 'spark_sgp4_streaming' retrieved from /opt/airflow/dags/airflow_dag_spark_streaming.py
[2026-01-29T10:05:31.640+0000] {logging_mixin.py:188} INFO - [2026-01-29T10:05:31.640+0000] {dag.py:3036} INFO - Sync 1 DAGs
[2026-01-29T10:05:31.660+0000] {logging_mixin.py:188} INFO - [2026-01-29T10:05:31.660+0000] {dag.py:3823} INFO - Setting next_dagrun for spark_sgp4_streaming to None, run_after=None
[2026-01-29T10:05:31.683+0000] {processor.py:183} INFO - Processing /opt/airflow/dags/airflow_dag_spark_streaming.py took 0.135 seconds
[2026-01-29T10:06:01.858+0000] {processor.py:161} INFO - Started process (PID=2634) to work on /opt/airflow/dags/airflow_dag_spark_streaming.py
[2026-01-29T10:06:01.859+0000] {processor.py:830} INFO - Processing file /opt/airflow/dags/airflow_dag_spark_streaming.py for tasks to queue
[2026-01-29T10:06:01.861+0000] {logging_mixin.py:188} INFO - [2026-01-29T10:06:01.860+0000] {dagbag.py:538} INFO - Filling up the DagBag from /opt/airflow/dags/airflow_dag_spark_streaming.py
[2026-01-29T10:06:01.909+0000] {processor.py:840} INFO - DAG(s) 'spark_sgp4_streaming' retrieved from /opt/airflow/dags/airflow_dag_spark_streaming.py
[2026-01-29T10:06:01.985+0000] {logging_mixin.py:188} INFO - [2026-01-29T10:06:01.984+0000] {dag.py:3036} INFO - Sync 1 DAGs
[2026-01-29T10:06:02.011+0000] {logging_mixin.py:188} INFO - [2026-01-29T10:06:02.011+0000] {dag.py:3823} INFO - Setting next_dagrun for spark_sgp4_streaming to None, run_after=None
[2026-01-29T10:06:02.040+0000] {processor.py:183} INFO - Processing /opt/airflow/dags/airflow_dag_spark_streaming.py took 0.197 seconds
[2026-01-29T10:06:32.182+0000] {processor.py:161} INFO - Started process (PID=2644) to work on /opt/airflow/dags/airflow_dag_spark_streaming.py
[2026-01-29T10:06:32.183+0000] {processor.py:830} INFO - Processing file /opt/airflow/dags/airflow_dag_spark_streaming.py for tasks to queue
[2026-01-29T10:06:32.184+0000] {logging_mixin.py:188} INFO - [2026-01-29T10:06:32.184+0000] {dagbag.py:538} INFO - Filling up the DagBag from /opt/airflow/dags/airflow_dag_spark_streaming.py
[2026-01-29T10:06:32.201+0000] {processor.py:840} INFO - DAG(s) 'spark_sgp4_streaming' retrieved from /opt/airflow/dags/airflow_dag_spark_streaming.py
[2026-01-29T10:06:32.245+0000] {logging_mixin.py:188} INFO - [2026-01-29T10:06:32.245+0000] {dag.py:3036} INFO - Sync 1 DAGs
[2026-01-29T10:06:32.264+0000] {logging_mixin.py:188} INFO - [2026-01-29T10:06:32.264+0000] {dag.py:3823} INFO - Setting next_dagrun for spark_sgp4_streaming to None, run_after=None
[2026-01-29T10:06:32.288+0000] {processor.py:183} INFO - Processing /opt/airflow/dags/airflow_dag_spark_streaming.py took 0.112 seconds
[2026-01-29T10:07:02.432+0000] {processor.py:161} INFO - Started process (PID=2654) to work on /opt/airflow/dags/airflow_dag_spark_streaming.py
[2026-01-29T10:07:02.435+0000] {processor.py:830} INFO - Processing file /opt/airflow/dags/airflow_dag_spark_streaming.py for tasks to queue
[2026-01-29T10:07:02.437+0000] {logging_mixin.py:188} INFO - [2026-01-29T10:07:02.436+0000] {dagbag.py:538} INFO - Filling up the DagBag from /opt/airflow/dags/airflow_dag_spark_streaming.py
[2026-01-29T10:07:02.473+0000] {processor.py:840} INFO - DAG(s) 'spark_sgp4_streaming' retrieved from /opt/airflow/dags/airflow_dag_spark_streaming.py
[2026-01-29T10:07:02.531+0000] {logging_mixin.py:188} INFO - [2026-01-29T10:07:02.531+0000] {dag.py:3036} INFO - Sync 1 DAGs
[2026-01-29T10:07:02.556+0000] {logging_mixin.py:188} INFO - [2026-01-29T10:07:02.556+0000] {dag.py:3823} INFO - Setting next_dagrun for spark_sgp4_streaming to None, run_after=None
[2026-01-29T10:07:02.584+0000] {processor.py:183} INFO - Processing /opt/airflow/dags/airflow_dag_spark_streaming.py took 0.162 seconds
[2026-01-29T10:07:32.728+0000] {processor.py:161} INFO - Started process (PID=2664) to work on /opt/airflow/dags/airflow_dag_spark_streaming.py
[2026-01-29T10:07:32.730+0000] {processor.py:830} INFO - Processing file /opt/airflow/dags/airflow_dag_spark_streaming.py for tasks to queue
[2026-01-29T10:07:32.732+0000] {logging_mixin.py:188} INFO - [2026-01-29T10:07:32.731+0000] {dagbag.py:538} INFO - Filling up the DagBag from /opt/airflow/dags/airflow_dag_spark_streaming.py
[2026-01-29T10:07:32.747+0000] {processor.py:840} INFO - DAG(s) 'spark_sgp4_streaming' retrieved from /opt/airflow/dags/airflow_dag_spark_streaming.py
[2026-01-29T10:07:32.789+0000] {logging_mixin.py:188} INFO - [2026-01-29T10:07:32.789+0000] {dag.py:3036} INFO - Sync 1 DAGs
[2026-01-29T10:07:32.808+0000] {logging_mixin.py:188} INFO - [2026-01-29T10:07:32.808+0000] {dag.py:3823} INFO - Setting next_dagrun for spark_sgp4_streaming to None, run_after=None
[2026-01-29T10:07:32.830+0000] {processor.py:183} INFO - Processing /opt/airflow/dags/airflow_dag_spark_streaming.py took 0.106 seconds
[2026-01-29T10:08:03.005+0000] {processor.py:161} INFO - Started process (PID=2674) to work on /opt/airflow/dags/airflow_dag_spark_streaming.py
[2026-01-29T10:08:03.009+0000] {processor.py:830} INFO - Processing file /opt/airflow/dags/airflow_dag_spark_streaming.py for tasks to queue
[2026-01-29T10:08:03.012+0000] {logging_mixin.py:188} INFO - [2026-01-29T10:08:03.011+0000] {dagbag.py:538} INFO - Filling up the DagBag from /opt/airflow/dags/airflow_dag_spark_streaming.py
[2026-01-29T10:08:03.062+0000] {processor.py:840} INFO - DAG(s) 'spark_sgp4_streaming' retrieved from /opt/airflow/dags/airflow_dag_spark_streaming.py
[2026-01-29T10:08:03.139+0000] {logging_mixin.py:188} INFO - [2026-01-29T10:08:03.139+0000] {dag.py:3036} INFO - Sync 1 DAGs
[2026-01-29T10:08:03.161+0000] {logging_mixin.py:188} INFO - [2026-01-29T10:08:03.161+0000] {dag.py:3823} INFO - Setting next_dagrun for spark_sgp4_streaming to None, run_after=None
[2026-01-29T10:08:03.190+0000] {processor.py:183} INFO - Processing /opt/airflow/dags/airflow_dag_spark_streaming.py took 0.199 seconds
[2026-01-29T10:08:33.374+0000] {processor.py:161} INFO - Started process (PID=2684) to work on /opt/airflow/dags/airflow_dag_spark_streaming.py
[2026-01-29T10:08:33.375+0000] {processor.py:830} INFO - Processing file /opt/airflow/dags/airflow_dag_spark_streaming.py for tasks to queue
[2026-01-29T10:08:33.378+0000] {logging_mixin.py:188} INFO - [2026-01-29T10:08:33.377+0000] {dagbag.py:538} INFO - Filling up the DagBag from /opt/airflow/dags/airflow_dag_spark_streaming.py
[2026-01-29T10:08:33.432+0000] {processor.py:840} INFO - DAG(s) 'spark_sgp4_streaming' retrieved from /opt/airflow/dags/airflow_dag_spark_streaming.py
[2026-01-29T10:08:33.526+0000] {logging_mixin.py:188} INFO - [2026-01-29T10:08:33.526+0000] {dag.py:3036} INFO - Sync 1 DAGs
[2026-01-29T10:08:33.554+0000] {logging_mixin.py:188} INFO - [2026-01-29T10:08:33.554+0000] {dag.py:3823} INFO - Setting next_dagrun for spark_sgp4_streaming to None, run_after=None
[2026-01-29T10:08:33.585+0000] {processor.py:183} INFO - Processing /opt/airflow/dags/airflow_dag_spark_streaming.py took 0.227 seconds
[2026-01-29T10:09:03.733+0000] {processor.py:161} INFO - Started process (PID=2694) to work on /opt/airflow/dags/airflow_dag_spark_streaming.py
[2026-01-29T10:09:03.734+0000] {processor.py:830} INFO - Processing file /opt/airflow/dags/airflow_dag_spark_streaming.py for tasks to queue
[2026-01-29T10:09:03.736+0000] {logging_mixin.py:188} INFO - [2026-01-29T10:09:03.735+0000] {dagbag.py:538} INFO - Filling up the DagBag from /opt/airflow/dags/airflow_dag_spark_streaming.py
[2026-01-29T10:09:03.750+0000] {processor.py:840} INFO - DAG(s) 'spark_sgp4_streaming' retrieved from /opt/airflow/dags/airflow_dag_spark_streaming.py
[2026-01-29T10:09:03.795+0000] {logging_mixin.py:188} INFO - [2026-01-29T10:09:03.794+0000] {dag.py:3036} INFO - Sync 1 DAGs
[2026-01-29T10:09:03.811+0000] {logging_mixin.py:188} INFO - [2026-01-29T10:09:03.811+0000] {dag.py:3823} INFO - Setting next_dagrun for spark_sgp4_streaming to None, run_after=None
[2026-01-29T10:09:03.837+0000] {processor.py:183} INFO - Processing /opt/airflow/dags/airflow_dag_spark_streaming.py took 0.109 seconds
[2026-01-29T10:09:34.000+0000] {processor.py:161} INFO - Started process (PID=2704) to work on /opt/airflow/dags/airflow_dag_spark_streaming.py
[2026-01-29T10:09:34.003+0000] {processor.py:830} INFO - Processing file /opt/airflow/dags/airflow_dag_spark_streaming.py for tasks to queue
[2026-01-29T10:09:34.004+0000] {logging_mixin.py:188} INFO - [2026-01-29T10:09:34.003+0000] {dagbag.py:538} INFO - Filling up the DagBag from /opt/airflow/dags/airflow_dag_spark_streaming.py
[2026-01-29T10:09:34.036+0000] {processor.py:840} INFO - DAG(s) 'spark_sgp4_streaming' retrieved from /opt/airflow/dags/airflow_dag_spark_streaming.py
[2026-01-29T10:09:34.088+0000] {logging_mixin.py:188} INFO - [2026-01-29T10:09:34.088+0000] {dag.py:3036} INFO - Sync 1 DAGs
[2026-01-29T10:09:34.115+0000] {logging_mixin.py:188} INFO - [2026-01-29T10:09:34.114+0000] {dag.py:3823} INFO - Setting next_dagrun for spark_sgp4_streaming to None, run_after=None
[2026-01-29T10:09:34.145+0000] {processor.py:183} INFO - Processing /opt/airflow/dags/airflow_dag_spark_streaming.py took 0.154 seconds
[2026-01-29T10:10:04.314+0000] {processor.py:161} INFO - Started process (PID=2714) to work on /opt/airflow/dags/airflow_dag_spark_streaming.py
[2026-01-29T10:10:04.315+0000] {processor.py:830} INFO - Processing file /opt/airflow/dags/airflow_dag_spark_streaming.py for tasks to queue
[2026-01-29T10:10:04.317+0000] {logging_mixin.py:188} INFO - [2026-01-29T10:10:04.316+0000] {dagbag.py:538} INFO - Filling up the DagBag from /opt/airflow/dags/airflow_dag_spark_streaming.py
[2026-01-29T10:10:04.355+0000] {processor.py:840} INFO - DAG(s) 'spark_sgp4_streaming' retrieved from /opt/airflow/dags/airflow_dag_spark_streaming.py
[2026-01-29T10:10:04.424+0000] {logging_mixin.py:188} INFO - [2026-01-29T10:10:04.423+0000] {dag.py:3036} INFO - Sync 1 DAGs
[2026-01-29T10:10:04.449+0000] {logging_mixin.py:188} INFO - [2026-01-29T10:10:04.448+0000] {dag.py:3823} INFO - Setting next_dagrun for spark_sgp4_streaming to None, run_after=None
[2026-01-29T10:10:04.476+0000] {processor.py:183} INFO - Processing /opt/airflow/dags/airflow_dag_spark_streaming.py took 0.173 seconds
[2026-01-29T10:10:34.634+0000] {processor.py:161} INFO - Started process (PID=2724) to work on /opt/airflow/dags/airflow_dag_spark_streaming.py
[2026-01-29T10:10:34.635+0000] {processor.py:830} INFO - Processing file /opt/airflow/dags/airflow_dag_spark_streaming.py for tasks to queue
[2026-01-29T10:10:34.638+0000] {logging_mixin.py:188} INFO - [2026-01-29T10:10:34.636+0000] {dagbag.py:538} INFO - Filling up the DagBag from /opt/airflow/dags/airflow_dag_spark_streaming.py
[2026-01-29T10:10:34.684+0000] {processor.py:840} INFO - DAG(s) 'spark_sgp4_streaming' retrieved from /opt/airflow/dags/airflow_dag_spark_streaming.py
[2026-01-29T10:10:34.738+0000] {logging_mixin.py:188} INFO - [2026-01-29T10:10:34.737+0000] {dag.py:3036} INFO - Sync 1 DAGs
[2026-01-29T10:10:34.755+0000] {logging_mixin.py:188} INFO - [2026-01-29T10:10:34.755+0000] {dag.py:3823} INFO - Setting next_dagrun for spark_sgp4_streaming to None, run_after=None
[2026-01-29T10:10:34.776+0000] {processor.py:183} INFO - Processing /opt/airflow/dags/airflow_dag_spark_streaming.py took 0.156 seconds
[2026-01-29T10:11:04.910+0000] {processor.py:161} INFO - Started process (PID=2734) to work on /opt/airflow/dags/airflow_dag_spark_streaming.py
[2026-01-29T10:11:04.912+0000] {processor.py:830} INFO - Processing file /opt/airflow/dags/airflow_dag_spark_streaming.py for tasks to queue
[2026-01-29T10:11:04.913+0000] {logging_mixin.py:188} INFO - [2026-01-29T10:11:04.913+0000] {dagbag.py:538} INFO - Filling up the DagBag from /opt/airflow/dags/airflow_dag_spark_streaming.py
[2026-01-29T10:11:04.927+0000] {processor.py:840} INFO - DAG(s) 'spark_sgp4_streaming' retrieved from /opt/airflow/dags/airflow_dag_spark_streaming.py
[2026-01-29T10:11:04.987+0000] {logging_mixin.py:188} INFO - [2026-01-29T10:11:04.987+0000] {dag.py:3036} INFO - Sync 1 DAGs
[2026-01-29T10:11:05.008+0000] {logging_mixin.py:188} INFO - [2026-01-29T10:11:05.008+0000] {dag.py:3823} INFO - Setting next_dagrun for spark_sgp4_streaming to None, run_after=None
[2026-01-29T10:11:05.028+0000] {processor.py:183} INFO - Processing /opt/airflow/dags/airflow_dag_spark_streaming.py took 0.121 seconds
[2026-01-29T10:11:35.183+0000] {processor.py:161} INFO - Started process (PID=2744) to work on /opt/airflow/dags/airflow_dag_spark_streaming.py
[2026-01-29T10:11:35.185+0000] {processor.py:830} INFO - Processing file /opt/airflow/dags/airflow_dag_spark_streaming.py for tasks to queue
[2026-01-29T10:11:35.188+0000] {logging_mixin.py:188} INFO - [2026-01-29T10:11:35.186+0000] {dagbag.py:538} INFO - Filling up the DagBag from /opt/airflow/dags/airflow_dag_spark_streaming.py
[2026-01-29T10:11:35.231+0000] {processor.py:840} INFO - DAG(s) 'spark_sgp4_streaming' retrieved from /opt/airflow/dags/airflow_dag_spark_streaming.py
[2026-01-29T10:11:35.296+0000] {logging_mixin.py:188} INFO - [2026-01-29T10:11:35.296+0000] {dag.py:3036} INFO - Sync 1 DAGs
[2026-01-29T10:11:35.322+0000] {logging_mixin.py:188} INFO - [2026-01-29T10:11:35.322+0000] {dag.py:3823} INFO - Setting next_dagrun for spark_sgp4_streaming to None, run_after=None
[2026-01-29T10:11:35.349+0000] {processor.py:183} INFO - Processing /opt/airflow/dags/airflow_dag_spark_streaming.py took 0.176 seconds
[2026-01-29T10:12:05.510+0000] {processor.py:161} INFO - Started process (PID=2754) to work on /opt/airflow/dags/airflow_dag_spark_streaming.py
[2026-01-29T10:12:05.512+0000] {processor.py:830} INFO - Processing file /opt/airflow/dags/airflow_dag_spark_streaming.py for tasks to queue
[2026-01-29T10:12:05.514+0000] {logging_mixin.py:188} INFO - [2026-01-29T10:12:05.513+0000] {dagbag.py:538} INFO - Filling up the DagBag from /opt/airflow/dags/airflow_dag_spark_streaming.py
[2026-01-29T10:12:05.547+0000] {processor.py:840} INFO - DAG(s) 'spark_sgp4_streaming' retrieved from /opt/airflow/dags/airflow_dag_spark_streaming.py
[2026-01-29T10:12:05.588+0000] {logging_mixin.py:188} INFO - [2026-01-29T10:12:05.588+0000] {dag.py:3036} INFO - Sync 1 DAGs
[2026-01-29T10:12:05.606+0000] {logging_mixin.py:188} INFO - [2026-01-29T10:12:05.606+0000] {dag.py:3823} INFO - Setting next_dagrun for spark_sgp4_streaming to None, run_after=None
[2026-01-29T10:12:05.626+0000] {processor.py:183} INFO - Processing /opt/airflow/dags/airflow_dag_spark_streaming.py took 0.125 seconds
[2026-01-29T10:12:35.778+0000] {processor.py:161} INFO - Started process (PID=2764) to work on /opt/airflow/dags/airflow_dag_spark_streaming.py
[2026-01-29T10:12:35.779+0000] {processor.py:830} INFO - Processing file /opt/airflow/dags/airflow_dag_spark_streaming.py for tasks to queue
[2026-01-29T10:12:35.781+0000] {logging_mixin.py:188} INFO - [2026-01-29T10:12:35.780+0000] {dagbag.py:538} INFO - Filling up the DagBag from /opt/airflow/dags/airflow_dag_spark_streaming.py
[2026-01-29T10:12:35.823+0000] {processor.py:840} INFO - DAG(s) 'spark_sgp4_streaming' retrieved from /opt/airflow/dags/airflow_dag_spark_streaming.py
[2026-01-29T10:12:35.908+0000] {logging_mixin.py:188} INFO - [2026-01-29T10:12:35.907+0000] {dag.py:3036} INFO - Sync 1 DAGs
[2026-01-29T10:12:35.937+0000] {logging_mixin.py:188} INFO - [2026-01-29T10:12:35.937+0000] {dag.py:3823} INFO - Setting next_dagrun for spark_sgp4_streaming to None, run_after=None
[2026-01-29T10:12:35.969+0000] {processor.py:183} INFO - Processing /opt/airflow/dags/airflow_dag_spark_streaming.py took 0.203 seconds
[2026-01-29T10:13:06.125+0000] {processor.py:161} INFO - Started process (PID=2774) to work on /opt/airflow/dags/airflow_dag_spark_streaming.py
[2026-01-29T10:13:06.126+0000] {processor.py:830} INFO - Processing file /opt/airflow/dags/airflow_dag_spark_streaming.py for tasks to queue
[2026-01-29T10:13:06.128+0000] {logging_mixin.py:188} INFO - [2026-01-29T10:13:06.127+0000] {dagbag.py:538} INFO - Filling up the DagBag from /opt/airflow/dags/airflow_dag_spark_streaming.py
[2026-01-29T10:13:06.163+0000] {processor.py:840} INFO - DAG(s) 'spark_sgp4_streaming' retrieved from /opt/airflow/dags/airflow_dag_spark_streaming.py
[2026-01-29T10:13:06.228+0000] {logging_mixin.py:188} INFO - [2026-01-29T10:13:06.228+0000] {dag.py:3036} INFO - Sync 1 DAGs
[2026-01-29T10:13:06.251+0000] {logging_mixin.py:188} INFO - [2026-01-29T10:13:06.251+0000] {dag.py:3823} INFO - Setting next_dagrun for spark_sgp4_streaming to None, run_after=None
[2026-01-29T10:13:06.282+0000] {processor.py:183} INFO - Processing /opt/airflow/dags/airflow_dag_spark_streaming.py took 0.164 seconds
[2026-01-29T10:13:36.466+0000] {processor.py:161} INFO - Started process (PID=2784) to work on /opt/airflow/dags/airflow_dag_spark_streaming.py
[2026-01-29T10:13:36.468+0000] {processor.py:830} INFO - Processing file /opt/airflow/dags/airflow_dag_spark_streaming.py for tasks to queue
[2026-01-29T10:13:36.471+0000] {logging_mixin.py:188} INFO - [2026-01-29T10:13:36.469+0000] {dagbag.py:538} INFO - Filling up the DagBag from /opt/airflow/dags/airflow_dag_spark_streaming.py
[2026-01-29T10:13:36.526+0000] {processor.py:840} INFO - DAG(s) 'spark_sgp4_streaming' retrieved from /opt/airflow/dags/airflow_dag_spark_streaming.py
[2026-01-29T10:13:36.614+0000] {logging_mixin.py:188} INFO - [2026-01-29T10:13:36.613+0000] {dag.py:3036} INFO - Sync 1 DAGs
[2026-01-29T10:13:36.645+0000] {logging_mixin.py:188} INFO - [2026-01-29T10:13:36.645+0000] {dag.py:3823} INFO - Setting next_dagrun for spark_sgp4_streaming to None, run_after=None
[2026-01-29T10:13:36.680+0000] {processor.py:183} INFO - Processing /opt/airflow/dags/airflow_dag_spark_streaming.py took 0.233 seconds
[2026-01-29T10:14:07.114+0000] {processor.py:161} INFO - Started process (PID=2794) to work on /opt/airflow/dags/airflow_dag_spark_streaming.py
[2026-01-29T10:14:07.116+0000] {processor.py:830} INFO - Processing file /opt/airflow/dags/airflow_dag_spark_streaming.py for tasks to queue
[2026-01-29T10:14:07.118+0000] {logging_mixin.py:188} INFO - [2026-01-29T10:14:07.117+0000] {dagbag.py:538} INFO - Filling up the DagBag from /opt/airflow/dags/airflow_dag_spark_streaming.py
[2026-01-29T10:14:07.162+0000] {processor.py:840} INFO - DAG(s) 'spark_sgp4_streaming' retrieved from /opt/airflow/dags/airflow_dag_spark_streaming.py
[2026-01-29T10:14:07.245+0000] {logging_mixin.py:188} INFO - [2026-01-29T10:14:07.245+0000] {dag.py:3036} INFO - Sync 1 DAGs
[2026-01-29T10:14:07.268+0000] {logging_mixin.py:188} INFO - [2026-01-29T10:14:07.268+0000] {dag.py:3823} INFO - Setting next_dagrun for spark_sgp4_streaming to None, run_after=None
[2026-01-29T10:14:07.295+0000] {processor.py:183} INFO - Processing /opt/airflow/dags/airflow_dag_spark_streaming.py took 0.192 seconds
[2026-01-29T10:14:37.459+0000] {processor.py:161} INFO - Started process (PID=2804) to work on /opt/airflow/dags/airflow_dag_spark_streaming.py
[2026-01-29T10:14:37.460+0000] {processor.py:830} INFO - Processing file /opt/airflow/dags/airflow_dag_spark_streaming.py for tasks to queue
[2026-01-29T10:14:37.462+0000] {logging_mixin.py:188} INFO - [2026-01-29T10:14:37.461+0000] {dagbag.py:538} INFO - Filling up the DagBag from /opt/airflow/dags/airflow_dag_spark_streaming.py
[2026-01-29T10:14:37.504+0000] {processor.py:840} INFO - DAG(s) 'spark_sgp4_streaming' retrieved from /opt/airflow/dags/airflow_dag_spark_streaming.py
[2026-01-29T10:14:37.567+0000] {logging_mixin.py:188} INFO - [2026-01-29T10:14:37.566+0000] {dag.py:3036} INFO - Sync 1 DAGs
[2026-01-29T10:14:37.585+0000] {logging_mixin.py:188} INFO - [2026-01-29T10:14:37.585+0000] {dag.py:3823} INFO - Setting next_dagrun for spark_sgp4_streaming to None, run_after=None
[2026-01-29T10:14:37.605+0000] {processor.py:183} INFO - Processing /opt/airflow/dags/airflow_dag_spark_streaming.py took 0.161 seconds
[2026-01-29T10:15:07.764+0000] {processor.py:161} INFO - Started process (PID=2814) to work on /opt/airflow/dags/airflow_dag_spark_streaming.py
[2026-01-29T10:15:07.767+0000] {processor.py:830} INFO - Processing file /opt/airflow/dags/airflow_dag_spark_streaming.py for tasks to queue
[2026-01-29T10:15:07.769+0000] {logging_mixin.py:188} INFO - [2026-01-29T10:15:07.768+0000] {dagbag.py:538} INFO - Filling up the DagBag from /opt/airflow/dags/airflow_dag_spark_streaming.py
[2026-01-29T10:15:07.807+0000] {processor.py:840} INFO - DAG(s) 'spark_sgp4_streaming' retrieved from /opt/airflow/dags/airflow_dag_spark_streaming.py
[2026-01-29T10:15:07.867+0000] {logging_mixin.py:188} INFO - [2026-01-29T10:15:07.867+0000] {dag.py:3036} INFO - Sync 1 DAGs
[2026-01-29T10:15:07.895+0000] {logging_mixin.py:188} INFO - [2026-01-29T10:15:07.895+0000] {dag.py:3823} INFO - Setting next_dagrun for spark_sgp4_streaming to None, run_after=None
[2026-01-29T10:15:07.922+0000] {processor.py:183} INFO - Processing /opt/airflow/dags/airflow_dag_spark_streaming.py took 0.167 seconds
[2026-01-29T10:15:38.070+0000] {processor.py:161} INFO - Started process (PID=2824) to work on /opt/airflow/dags/airflow_dag_spark_streaming.py
[2026-01-29T10:15:38.072+0000] {processor.py:830} INFO - Processing file /opt/airflow/dags/airflow_dag_spark_streaming.py for tasks to queue
[2026-01-29T10:15:38.074+0000] {logging_mixin.py:188} INFO - [2026-01-29T10:15:38.073+0000] {dagbag.py:538} INFO - Filling up the DagBag from /opt/airflow/dags/airflow_dag_spark_streaming.py
[2026-01-29T10:15:38.112+0000] {processor.py:840} INFO - DAG(s) 'spark_sgp4_streaming' retrieved from /opt/airflow/dags/airflow_dag_spark_streaming.py
[2026-01-29T10:15:38.193+0000] {logging_mixin.py:188} INFO - [2026-01-29T10:15:38.193+0000] {dag.py:3036} INFO - Sync 1 DAGs
[2026-01-29T10:15:38.218+0000] {logging_mixin.py:188} INFO - [2026-01-29T10:15:38.217+0000] {dag.py:3823} INFO - Setting next_dagrun for spark_sgp4_streaming to None, run_after=None
[2026-01-29T10:15:38.248+0000] {processor.py:183} INFO - Processing /opt/airflow/dags/airflow_dag_spark_streaming.py took 0.188 seconds
[2026-01-29T10:16:08.411+0000] {processor.py:161} INFO - Started process (PID=2834) to work on /opt/airflow/dags/airflow_dag_spark_streaming.py
[2026-01-29T10:16:08.413+0000] {processor.py:830} INFO - Processing file /opt/airflow/dags/airflow_dag_spark_streaming.py for tasks to queue
[2026-01-29T10:16:08.415+0000] {logging_mixin.py:188} INFO - [2026-01-29T10:16:08.414+0000] {dagbag.py:538} INFO - Filling up the DagBag from /opt/airflow/dags/airflow_dag_spark_streaming.py
[2026-01-29T10:16:08.449+0000] {processor.py:840} INFO - DAG(s) 'spark_sgp4_streaming' retrieved from /opt/airflow/dags/airflow_dag_spark_streaming.py
[2026-01-29T10:16:08.513+0000] {logging_mixin.py:188} INFO - [2026-01-29T10:16:08.512+0000] {dag.py:3036} INFO - Sync 1 DAGs
[2026-01-29T10:16:08.538+0000] {logging_mixin.py:188} INFO - [2026-01-29T10:16:08.538+0000] {dag.py:3823} INFO - Setting next_dagrun for spark_sgp4_streaming to None, run_after=None
[2026-01-29T10:16:08.565+0000] {processor.py:183} INFO - Processing /opt/airflow/dags/airflow_dag_spark_streaming.py took 0.164 seconds
[2026-01-29T10:16:38.740+0000] {processor.py:161} INFO - Started process (PID=2844) to work on /opt/airflow/dags/airflow_dag_spark_streaming.py
[2026-01-29T10:16:38.742+0000] {processor.py:830} INFO - Processing file /opt/airflow/dags/airflow_dag_spark_streaming.py for tasks to queue
[2026-01-29T10:16:38.744+0000] {logging_mixin.py:188} INFO - [2026-01-29T10:16:38.743+0000] {dagbag.py:538} INFO - Filling up the DagBag from /opt/airflow/dags/airflow_dag_spark_streaming.py
[2026-01-29T10:16:38.795+0000] {processor.py:840} INFO - DAG(s) 'spark_sgp4_streaming' retrieved from /opt/airflow/dags/airflow_dag_spark_streaming.py
[2026-01-29T10:16:38.890+0000] {logging_mixin.py:188} INFO - [2026-01-29T10:16:38.890+0000] {dag.py:3036} INFO - Sync 1 DAGs
[2026-01-29T10:16:38.917+0000] {logging_mixin.py:188} INFO - [2026-01-29T10:16:38.917+0000] {dag.py:3823} INFO - Setting next_dagrun for spark_sgp4_streaming to None, run_after=None
[2026-01-29T10:16:38.952+0000] {processor.py:183} INFO - Processing /opt/airflow/dags/airflow_dag_spark_streaming.py took 0.227 seconds
[2026-01-29T10:17:09.116+0000] {processor.py:161} INFO - Started process (PID=2854) to work on /opt/airflow/dags/airflow_dag_spark_streaming.py
[2026-01-29T10:17:09.118+0000] {processor.py:830} INFO - Processing file /opt/airflow/dags/airflow_dag_spark_streaming.py for tasks to queue
[2026-01-29T10:17:09.120+0000] {logging_mixin.py:188} INFO - [2026-01-29T10:17:09.119+0000] {dagbag.py:538} INFO - Filling up the DagBag from /opt/airflow/dags/airflow_dag_spark_streaming.py
[2026-01-29T10:17:09.157+0000] {processor.py:840} INFO - DAG(s) 'spark_sgp4_streaming' retrieved from /opt/airflow/dags/airflow_dag_spark_streaming.py
[2026-01-29T10:17:09.220+0000] {logging_mixin.py:188} INFO - [2026-01-29T10:17:09.220+0000] {dag.py:3036} INFO - Sync 1 DAGs
[2026-01-29T10:17:09.243+0000] {logging_mixin.py:188} INFO - [2026-01-29T10:17:09.242+0000] {dag.py:3823} INFO - Setting next_dagrun for spark_sgp4_streaming to None, run_after=None
[2026-01-29T10:17:09.269+0000] {processor.py:183} INFO - Processing /opt/airflow/dags/airflow_dag_spark_streaming.py took 0.163 seconds
[2026-01-29T10:17:39.428+0000] {processor.py:161} INFO - Started process (PID=2864) to work on /opt/airflow/dags/airflow_dag_spark_streaming.py
[2026-01-29T10:17:39.430+0000] {processor.py:830} INFO - Processing file /opt/airflow/dags/airflow_dag_spark_streaming.py for tasks to queue
[2026-01-29T10:17:39.432+0000] {logging_mixin.py:188} INFO - [2026-01-29T10:17:39.431+0000] {dagbag.py:538} INFO - Filling up the DagBag from /opt/airflow/dags/airflow_dag_spark_streaming.py
[2026-01-29T10:17:39.476+0000] {processor.py:840} INFO - DAG(s) 'spark_sgp4_streaming' retrieved from /opt/airflow/dags/airflow_dag_spark_streaming.py
[2026-01-29T10:17:39.566+0000] {logging_mixin.py:188} INFO - [2026-01-29T10:17:39.566+0000] {dag.py:3036} INFO - Sync 1 DAGs
[2026-01-29T10:17:39.591+0000] {logging_mixin.py:188} INFO - [2026-01-29T10:17:39.591+0000] {dag.py:3823} INFO - Setting next_dagrun for spark_sgp4_streaming to None, run_after=None
[2026-01-29T10:17:39.620+0000] {processor.py:183} INFO - Processing /opt/airflow/dags/airflow_dag_spark_streaming.py took 0.204 seconds
[2026-01-29T10:18:09.784+0000] {processor.py:161} INFO - Started process (PID=2874) to work on /opt/airflow/dags/airflow_dag_spark_streaming.py
[2026-01-29T10:18:09.786+0000] {processor.py:830} INFO - Processing file /opt/airflow/dags/airflow_dag_spark_streaming.py for tasks to queue
[2026-01-29T10:18:09.788+0000] {logging_mixin.py:188} INFO - [2026-01-29T10:18:09.787+0000] {dagbag.py:538} INFO - Filling up the DagBag from /opt/airflow/dags/airflow_dag_spark_streaming.py
[2026-01-29T10:18:09.823+0000] {processor.py:840} INFO - DAG(s) 'spark_sgp4_streaming' retrieved from /opt/airflow/dags/airflow_dag_spark_streaming.py
[2026-01-29T10:18:09.896+0000] {logging_mixin.py:188} INFO - [2026-01-29T10:18:09.896+0000] {dag.py:3036} INFO - Sync 1 DAGs
[2026-01-29T10:18:09.920+0000] {logging_mixin.py:188} INFO - [2026-01-29T10:18:09.919+0000] {dag.py:3823} INFO - Setting next_dagrun for spark_sgp4_streaming to None, run_after=None
[2026-01-29T10:18:09.943+0000] {processor.py:183} INFO - Processing /opt/airflow/dags/airflow_dag_spark_streaming.py took 0.170 seconds
[2026-01-29T10:18:40.093+0000] {processor.py:161} INFO - Started process (PID=2884) to work on /opt/airflow/dags/airflow_dag_spark_streaming.py
[2026-01-29T10:18:40.094+0000] {processor.py:830} INFO - Processing file /opt/airflow/dags/airflow_dag_spark_streaming.py for tasks to queue
[2026-01-29T10:18:40.098+0000] {logging_mixin.py:188} INFO - [2026-01-29T10:18:40.095+0000] {dagbag.py:538} INFO - Filling up the DagBag from /opt/airflow/dags/airflow_dag_spark_streaming.py
[2026-01-29T10:18:40.131+0000] {processor.py:840} INFO - DAG(s) 'spark_sgp4_streaming' retrieved from /opt/airflow/dags/airflow_dag_spark_streaming.py
[2026-01-29T10:18:40.187+0000] {logging_mixin.py:188} INFO - [2026-01-29T10:18:40.187+0000] {dag.py:3036} INFO - Sync 1 DAGs
[2026-01-29T10:18:40.212+0000] {logging_mixin.py:188} INFO - [2026-01-29T10:18:40.212+0000] {dag.py:3823} INFO - Setting next_dagrun for spark_sgp4_streaming to None, run_after=None
[2026-01-29T10:18:40.233+0000] {processor.py:183} INFO - Processing /opt/airflow/dags/airflow_dag_spark_streaming.py took 0.151 seconds
[2026-01-29T10:19:10.428+0000] {processor.py:161} INFO - Started process (PID=2894) to work on /opt/airflow/dags/airflow_dag_spark_streaming.py
[2026-01-29T10:19:10.429+0000] {processor.py:830} INFO - Processing file /opt/airflow/dags/airflow_dag_spark_streaming.py for tasks to queue
[2026-01-29T10:19:10.431+0000] {logging_mixin.py:188} INFO - [2026-01-29T10:19:10.430+0000] {dagbag.py:538} INFO - Filling up the DagBag from /opt/airflow/dags/airflow_dag_spark_streaming.py
[2026-01-29T10:19:10.475+0000] {processor.py:840} INFO - DAG(s) 'spark_sgp4_streaming' retrieved from /opt/airflow/dags/airflow_dag_spark_streaming.py
[2026-01-29T10:19:10.557+0000] {logging_mixin.py:188} INFO - [2026-01-29T10:19:10.557+0000] {dag.py:3036} INFO - Sync 1 DAGs
[2026-01-29T10:19:10.584+0000] {logging_mixin.py:188} INFO - [2026-01-29T10:19:10.583+0000] {dag.py:3823} INFO - Setting next_dagrun for spark_sgp4_streaming to None, run_after=None
[2026-01-29T10:19:10.610+0000] {processor.py:183} INFO - Processing /opt/airflow/dags/airflow_dag_spark_streaming.py took 0.195 seconds
[2026-01-29T10:19:40.756+0000] {processor.py:161} INFO - Started process (PID=2904) to work on /opt/airflow/dags/airflow_dag_spark_streaming.py
[2026-01-29T10:19:40.759+0000] {processor.py:830} INFO - Processing file /opt/airflow/dags/airflow_dag_spark_streaming.py for tasks to queue
[2026-01-29T10:19:40.762+0000] {logging_mixin.py:188} INFO - [2026-01-29T10:19:40.761+0000] {dagbag.py:538} INFO - Filling up the DagBag from /opt/airflow/dags/airflow_dag_spark_streaming.py
[2026-01-29T10:19:40.795+0000] {processor.py:840} INFO - DAG(s) 'spark_sgp4_streaming' retrieved from /opt/airflow/dags/airflow_dag_spark_streaming.py
[2026-01-29T10:19:40.836+0000] {logging_mixin.py:188} INFO - [2026-01-29T10:19:40.836+0000] {dag.py:3036} INFO - Sync 1 DAGs
[2026-01-29T10:19:40.861+0000] {logging_mixin.py:188} INFO - [2026-01-29T10:19:40.861+0000] {dag.py:3823} INFO - Setting next_dagrun for spark_sgp4_streaming to None, run_after=None
[2026-01-29T10:19:40.883+0000] {processor.py:183} INFO - Processing /opt/airflow/dags/airflow_dag_spark_streaming.py took 0.135 seconds
[2026-01-29T10:20:11.048+0000] {processor.py:161} INFO - Started process (PID=2914) to work on /opt/airflow/dags/airflow_dag_spark_streaming.py
[2026-01-29T10:20:11.050+0000] {processor.py:830} INFO - Processing file /opt/airflow/dags/airflow_dag_spark_streaming.py for tasks to queue
[2026-01-29T10:20:11.052+0000] {logging_mixin.py:188} INFO - [2026-01-29T10:20:11.051+0000] {dagbag.py:538} INFO - Filling up the DagBag from /opt/airflow/dags/airflow_dag_spark_streaming.py
[2026-01-29T10:20:11.098+0000] {processor.py:840} INFO - DAG(s) 'spark_sgp4_streaming' retrieved from /opt/airflow/dags/airflow_dag_spark_streaming.py
[2026-01-29T10:20:11.181+0000] {logging_mixin.py:188} INFO - [2026-01-29T10:20:11.181+0000] {dag.py:3036} INFO - Sync 1 DAGs
[2026-01-29T10:20:11.206+0000] {logging_mixin.py:188} INFO - [2026-01-29T10:20:11.205+0000] {dag.py:3823} INFO - Setting next_dagrun for spark_sgp4_streaming to None, run_after=None
[2026-01-29T10:20:11.232+0000] {processor.py:183} INFO - Processing /opt/airflow/dags/airflow_dag_spark_streaming.py took 0.203 seconds
[2026-01-29T10:20:41.399+0000] {processor.py:161} INFO - Started process (PID=2924) to work on /opt/airflow/dags/airflow_dag_spark_streaming.py
[2026-01-29T10:20:41.400+0000] {processor.py:830} INFO - Processing file /opt/airflow/dags/airflow_dag_spark_streaming.py for tasks to queue
[2026-01-29T10:20:41.403+0000] {logging_mixin.py:188} INFO - [2026-01-29T10:20:41.402+0000] {dagbag.py:538} INFO - Filling up the DagBag from /opt/airflow/dags/airflow_dag_spark_streaming.py
[2026-01-29T10:20:41.445+0000] {processor.py:840} INFO - DAG(s) 'spark_sgp4_streaming' retrieved from /opt/airflow/dags/airflow_dag_spark_streaming.py
[2026-01-29T10:20:41.511+0000] {logging_mixin.py:188} INFO - [2026-01-29T10:20:41.510+0000] {dag.py:3036} INFO - Sync 1 DAGs
[2026-01-29T10:20:41.533+0000] {logging_mixin.py:188} INFO - [2026-01-29T10:20:41.533+0000] {dag.py:3823} INFO - Setting next_dagrun for spark_sgp4_streaming to None, run_after=None
[2026-01-29T10:20:41.556+0000] {processor.py:183} INFO - Processing /opt/airflow/dags/airflow_dag_spark_streaming.py took 0.169 seconds
[2026-01-29T10:21:11.719+0000] {processor.py:161} INFO - Started process (PID=2934) to work on /opt/airflow/dags/airflow_dag_spark_streaming.py
[2026-01-29T10:21:11.721+0000] {processor.py:830} INFO - Processing file /opt/airflow/dags/airflow_dag_spark_streaming.py for tasks to queue
[2026-01-29T10:21:11.723+0000] {logging_mixin.py:188} INFO - [2026-01-29T10:21:11.722+0000] {dagbag.py:538} INFO - Filling up the DagBag from /opt/airflow/dags/airflow_dag_spark_streaming.py
[2026-01-29T10:21:11.766+0000] {processor.py:840} INFO - DAG(s) 'spark_sgp4_streaming' retrieved from /opt/airflow/dags/airflow_dag_spark_streaming.py
[2026-01-29T10:21:11.850+0000] {logging_mixin.py:188} INFO - [2026-01-29T10:21:11.850+0000] {dag.py:3036} INFO - Sync 1 DAGs
[2026-01-29T10:21:11.874+0000] {logging_mixin.py:188} INFO - [2026-01-29T10:21:11.873+0000] {dag.py:3823} INFO - Setting next_dagrun for spark_sgp4_streaming to None, run_after=None
[2026-01-29T10:21:11.902+0000] {processor.py:183} INFO - Processing /opt/airflow/dags/airflow_dag_spark_streaming.py took 0.193 seconds
[2026-01-29T10:21:42.057+0000] {processor.py:161} INFO - Started process (PID=2944) to work on /opt/airflow/dags/airflow_dag_spark_streaming.py
[2026-01-29T10:21:42.060+0000] {processor.py:830} INFO - Processing file /opt/airflow/dags/airflow_dag_spark_streaming.py for tasks to queue
[2026-01-29T10:21:42.063+0000] {logging_mixin.py:188} INFO - [2026-01-29T10:21:42.061+0000] {dagbag.py:538} INFO - Filling up the DagBag from /opt/airflow/dags/airflow_dag_spark_streaming.py
[2026-01-29T10:21:42.088+0000] {processor.py:840} INFO - DAG(s) 'spark_sgp4_streaming' retrieved from /opt/airflow/dags/airflow_dag_spark_streaming.py
[2026-01-29T10:21:42.129+0000] {logging_mixin.py:188} INFO - [2026-01-29T10:21:42.129+0000] {dag.py:3036} INFO - Sync 1 DAGs
[2026-01-29T10:21:42.146+0000] {logging_mixin.py:188} INFO - [2026-01-29T10:21:42.146+0000] {dag.py:3823} INFO - Setting next_dagrun for spark_sgp4_streaming to None, run_after=None
[2026-01-29T10:21:42.167+0000] {processor.py:183} INFO - Processing /opt/airflow/dags/airflow_dag_spark_streaming.py took 0.119 seconds
[2026-01-29T10:22:12.317+0000] {processor.py:161} INFO - Started process (PID=2954) to work on /opt/airflow/dags/airflow_dag_spark_streaming.py
[2026-01-29T10:22:12.318+0000] {processor.py:830} INFO - Processing file /opt/airflow/dags/airflow_dag_spark_streaming.py for tasks to queue
[2026-01-29T10:22:12.320+0000] {logging_mixin.py:188} INFO - [2026-01-29T10:22:12.319+0000] {dagbag.py:538} INFO - Filling up the DagBag from /opt/airflow/dags/airflow_dag_spark_streaming.py
[2026-01-29T10:22:12.351+0000] {processor.py:840} INFO - DAG(s) 'spark_sgp4_streaming' retrieved from /opt/airflow/dags/airflow_dag_spark_streaming.py
[2026-01-29T10:22:12.404+0000] {logging_mixin.py:188} INFO - [2026-01-29T10:22:12.404+0000] {dag.py:3036} INFO - Sync 1 DAGs
[2026-01-29T10:22:12.430+0000] {logging_mixin.py:188} INFO - [2026-01-29T10:22:12.429+0000] {dag.py:3823} INFO - Setting next_dagrun for spark_sgp4_streaming to None, run_after=None
[2026-01-29T10:22:12.452+0000] {processor.py:183} INFO - Processing /opt/airflow/dags/airflow_dag_spark_streaming.py took 0.144 seconds
[2026-01-29T10:22:42.625+0000] {processor.py:161} INFO - Started process (PID=2964) to work on /opt/airflow/dags/airflow_dag_spark_streaming.py
[2026-01-29T10:22:42.626+0000] {processor.py:830} INFO - Processing file /opt/airflow/dags/airflow_dag_spark_streaming.py for tasks to queue
[2026-01-29T10:22:42.628+0000] {logging_mixin.py:188} INFO - [2026-01-29T10:22:42.627+0000] {dagbag.py:538} INFO - Filling up the DagBag from /opt/airflow/dags/airflow_dag_spark_streaming.py
[2026-01-29T10:22:42.674+0000] {processor.py:840} INFO - DAG(s) 'spark_sgp4_streaming' retrieved from /opt/airflow/dags/airflow_dag_spark_streaming.py
[2026-01-29T10:22:42.761+0000] {logging_mixin.py:188} INFO - [2026-01-29T10:22:42.760+0000] {dag.py:3036} INFO - Sync 1 DAGs
[2026-01-29T10:22:42.784+0000] {logging_mixin.py:188} INFO - [2026-01-29T10:22:42.784+0000] {dag.py:3823} INFO - Setting next_dagrun for spark_sgp4_streaming to None, run_after=None
[2026-01-29T10:22:42.811+0000] {processor.py:183} INFO - Processing /opt/airflow/dags/airflow_dag_spark_streaming.py took 0.199 seconds
[2026-01-29T10:23:12.915+0000] {processor.py:161} INFO - Started process (PID=2974) to work on /opt/airflow/dags/airflow_dag_spark_streaming.py
[2026-01-29T10:23:12.917+0000] {processor.py:830} INFO - Processing file /opt/airflow/dags/airflow_dag_spark_streaming.py for tasks to queue
[2026-01-29T10:23:12.919+0000] {logging_mixin.py:188} INFO - [2026-01-29T10:23:12.918+0000] {dagbag.py:538} INFO - Filling up the DagBag from /opt/airflow/dags/airflow_dag_spark_streaming.py
[2026-01-29T10:23:12.961+0000] {processor.py:840} INFO - DAG(s) 'spark_sgp4_streaming' retrieved from /opt/airflow/dags/airflow_dag_spark_streaming.py
[2026-01-29T10:23:13.038+0000] {logging_mixin.py:188} INFO - [2026-01-29T10:23:13.037+0000] {dag.py:3036} INFO - Sync 1 DAGs
[2026-01-29T10:23:13.064+0000] {logging_mixin.py:188} INFO - [2026-01-29T10:23:13.063+0000] {dag.py:3823} INFO - Setting next_dagrun for spark_sgp4_streaming to None, run_after=None
[2026-01-29T10:23:13.091+0000] {processor.py:183} INFO - Processing /opt/airflow/dags/airflow_dag_spark_streaming.py took 0.189 seconds
[2026-01-29T10:23:43.242+0000] {processor.py:161} INFO - Started process (PID=2984) to work on /opt/airflow/dags/airflow_dag_spark_streaming.py
[2026-01-29T10:23:43.243+0000] {processor.py:830} INFO - Processing file /opt/airflow/dags/airflow_dag_spark_streaming.py for tasks to queue
[2026-01-29T10:23:43.245+0000] {logging_mixin.py:188} INFO - [2026-01-29T10:23:43.244+0000] {dagbag.py:538} INFO - Filling up the DagBag from /opt/airflow/dags/airflow_dag_spark_streaming.py
[2026-01-29T10:23:43.266+0000] {processor.py:840} INFO - DAG(s) 'spark_sgp4_streaming' retrieved from /opt/airflow/dags/airflow_dag_spark_streaming.py
[2026-01-29T10:23:43.331+0000] {logging_mixin.py:188} INFO - [2026-01-29T10:23:43.330+0000] {dag.py:3036} INFO - Sync 1 DAGs
[2026-01-29T10:23:43.348+0000] {logging_mixin.py:188} INFO - [2026-01-29T10:23:43.347+0000] {dag.py:3823} INFO - Setting next_dagrun for spark_sgp4_streaming to None, run_after=None
[2026-01-29T10:23:43.370+0000] {processor.py:183} INFO - Processing /opt/airflow/dags/airflow_dag_spark_streaming.py took 0.134 seconds
[2026-01-29T10:24:13.542+0000] {processor.py:161} INFO - Started process (PID=2994) to work on /opt/airflow/dags/airflow_dag_spark_streaming.py
[2026-01-29T10:24:13.544+0000] {processor.py:830} INFO - Processing file /opt/airflow/dags/airflow_dag_spark_streaming.py for tasks to queue
[2026-01-29T10:24:13.546+0000] {logging_mixin.py:188} INFO - [2026-01-29T10:24:13.545+0000] {dagbag.py:538} INFO - Filling up the DagBag from /opt/airflow/dags/airflow_dag_spark_streaming.py
[2026-01-29T10:24:13.581+0000] {processor.py:840} INFO - DAG(s) 'spark_sgp4_streaming' retrieved from /opt/airflow/dags/airflow_dag_spark_streaming.py
[2026-01-29T10:24:13.644+0000] {logging_mixin.py:188} INFO - [2026-01-29T10:24:13.644+0000] {dag.py:3036} INFO - Sync 1 DAGs
[2026-01-29T10:24:13.667+0000] {logging_mixin.py:188} INFO - [2026-01-29T10:24:13.667+0000] {dag.py:3823} INFO - Setting next_dagrun for spark_sgp4_streaming to None, run_after=None
[2026-01-29T10:24:13.694+0000] {processor.py:183} INFO - Processing /opt/airflow/dags/airflow_dag_spark_streaming.py took 0.160 seconds
[2026-01-29T10:24:43.849+0000] {processor.py:161} INFO - Started process (PID=3004) to work on /opt/airflow/dags/airflow_dag_spark_streaming.py
[2026-01-29T10:24:43.851+0000] {processor.py:830} INFO - Processing file /opt/airflow/dags/airflow_dag_spark_streaming.py for tasks to queue
[2026-01-29T10:24:43.854+0000] {logging_mixin.py:188} INFO - [2026-01-29T10:24:43.853+0000] {dagbag.py:538} INFO - Filling up the DagBag from /opt/airflow/dags/airflow_dag_spark_streaming.py
[2026-01-29T10:24:43.902+0000] {processor.py:840} INFO - DAG(s) 'spark_sgp4_streaming' retrieved from /opt/airflow/dags/airflow_dag_spark_streaming.py
[2026-01-29T10:24:43.983+0000] {logging_mixin.py:188} INFO - [2026-01-29T10:24:43.983+0000] {dag.py:3036} INFO - Sync 1 DAGs
[2026-01-29T10:24:44.010+0000] {logging_mixin.py:188} INFO - [2026-01-29T10:24:44.010+0000] {dag.py:3823} INFO - Setting next_dagrun for spark_sgp4_streaming to None, run_after=None
[2026-01-29T10:24:44.040+0000] {processor.py:183} INFO - Processing /opt/airflow/dags/airflow_dag_spark_streaming.py took 0.203 seconds
[2026-01-29T10:25:14.221+0000] {processor.py:161} INFO - Started process (PID=3014) to work on /opt/airflow/dags/airflow_dag_spark_streaming.py
[2026-01-29T10:25:14.222+0000] {processor.py:830} INFO - Processing file /opt/airflow/dags/airflow_dag_spark_streaming.py for tasks to queue
[2026-01-29T10:25:14.224+0000] {logging_mixin.py:188} INFO - [2026-01-29T10:25:14.223+0000] {dagbag.py:538} INFO - Filling up the DagBag from /opt/airflow/dags/airflow_dag_spark_streaming.py
[2026-01-29T10:25:14.261+0000] {processor.py:840} INFO - DAG(s) 'spark_sgp4_streaming' retrieved from /opt/airflow/dags/airflow_dag_spark_streaming.py
[2026-01-29T10:25:14.347+0000] {logging_mixin.py:188} INFO - [2026-01-29T10:25:14.347+0000] {dag.py:3036} INFO - Sync 1 DAGs
[2026-01-29T10:25:14.369+0000] {logging_mixin.py:188} INFO - [2026-01-29T10:25:14.369+0000] {dag.py:3823} INFO - Setting next_dagrun for spark_sgp4_streaming to None, run_after=None
[2026-01-29T10:25:14.395+0000] {processor.py:183} INFO - Processing /opt/airflow/dags/airflow_dag_spark_streaming.py took 0.185 seconds
[2026-01-29T10:25:44.553+0000] {processor.py:161} INFO - Started process (PID=3024) to work on /opt/airflow/dags/airflow_dag_spark_streaming.py
[2026-01-29T10:25:44.555+0000] {processor.py:830} INFO - Processing file /opt/airflow/dags/airflow_dag_spark_streaming.py for tasks to queue
[2026-01-29T10:25:44.557+0000] {logging_mixin.py:188} INFO - [2026-01-29T10:25:44.556+0000] {dagbag.py:538} INFO - Filling up the DagBag from /opt/airflow/dags/airflow_dag_spark_streaming.py
[2026-01-29T10:25:44.592+0000] {processor.py:840} INFO - DAG(s) 'spark_sgp4_streaming' retrieved from /opt/airflow/dags/airflow_dag_spark_streaming.py
[2026-01-29T10:25:44.667+0000] {logging_mixin.py:188} INFO - [2026-01-29T10:25:44.667+0000] {dag.py:3036} INFO - Sync 1 DAGs
[2026-01-29T10:25:44.692+0000] {logging_mixin.py:188} INFO - [2026-01-29T10:25:44.692+0000] {dag.py:3823} INFO - Setting next_dagrun for spark_sgp4_streaming to None, run_after=None
[2026-01-29T10:25:44.721+0000] {processor.py:183} INFO - Processing /opt/airflow/dags/airflow_dag_spark_streaming.py took 0.181 seconds
[2026-01-29T10:26:14.897+0000] {processor.py:161} INFO - Started process (PID=3034) to work on /opt/airflow/dags/airflow_dag_spark_streaming.py
[2026-01-29T10:26:14.898+0000] {processor.py:830} INFO - Processing file /opt/airflow/dags/airflow_dag_spark_streaming.py for tasks to queue
[2026-01-29T10:26:14.900+0000] {logging_mixin.py:188} INFO - [2026-01-29T10:26:14.899+0000] {dagbag.py:538} INFO - Filling up the DagBag from /opt/airflow/dags/airflow_dag_spark_streaming.py
[2026-01-29T10:26:14.948+0000] {processor.py:840} INFO - DAG(s) 'spark_sgp4_streaming' retrieved from /opt/airflow/dags/airflow_dag_spark_streaming.py
[2026-01-29T10:26:15.032+0000] {logging_mixin.py:188} INFO - [2026-01-29T10:26:15.031+0000] {dag.py:3036} INFO - Sync 1 DAGs
[2026-01-29T10:26:15.059+0000] {logging_mixin.py:188} INFO - [2026-01-29T10:26:15.059+0000] {dag.py:3823} INFO - Setting next_dagrun for spark_sgp4_streaming to None, run_after=None
[2026-01-29T10:26:15.084+0000] {processor.py:183} INFO - Processing /opt/airflow/dags/airflow_dag_spark_streaming.py took 0.200 seconds
[2026-01-29T10:26:45.242+0000] {processor.py:161} INFO - Started process (PID=3044) to work on /opt/airflow/dags/airflow_dag_spark_streaming.py
[2026-01-29T10:26:45.243+0000] {processor.py:830} INFO - Processing file /opt/airflow/dags/airflow_dag_spark_streaming.py for tasks to queue
[2026-01-29T10:26:45.245+0000] {logging_mixin.py:188} INFO - [2026-01-29T10:26:45.244+0000] {dagbag.py:538} INFO - Filling up the DagBag from /opt/airflow/dags/airflow_dag_spark_streaming.py
[2026-01-29T10:26:45.283+0000] {processor.py:840} INFO - DAG(s) 'spark_sgp4_streaming' retrieved from /opt/airflow/dags/airflow_dag_spark_streaming.py
[2026-01-29T10:26:45.351+0000] {logging_mixin.py:188} INFO - [2026-01-29T10:26:45.351+0000] {dag.py:3036} INFO - Sync 1 DAGs
[2026-01-29T10:26:45.375+0000] {logging_mixin.py:188} INFO - [2026-01-29T10:26:45.375+0000] {dag.py:3823} INFO - Setting next_dagrun for spark_sgp4_streaming to None, run_after=None
[2026-01-29T10:26:45.401+0000] {processor.py:183} INFO - Processing /opt/airflow/dags/airflow_dag_spark_streaming.py took 0.171 seconds
[2026-01-29T10:27:15.556+0000] {processor.py:161} INFO - Started process (PID=3054) to work on /opt/airflow/dags/airflow_dag_spark_streaming.py
[2026-01-29T10:27:15.557+0000] {processor.py:830} INFO - Processing file /opt/airflow/dags/airflow_dag_spark_streaming.py for tasks to queue
[2026-01-29T10:27:15.558+0000] {logging_mixin.py:188} INFO - [2026-01-29T10:27:15.557+0000] {dagbag.py:538} INFO - Filling up the DagBag from /opt/airflow/dags/airflow_dag_spark_streaming.py
[2026-01-29T10:27:15.577+0000] {processor.py:840} INFO - DAG(s) 'spark_sgp4_streaming' retrieved from /opt/airflow/dags/airflow_dag_spark_streaming.py
[2026-01-29T10:27:15.657+0000] {logging_mixin.py:188} INFO - [2026-01-29T10:27:15.656+0000] {dag.py:3036} INFO - Sync 1 DAGs
[2026-01-29T10:27:15.685+0000] {logging_mixin.py:188} INFO - [2026-01-29T10:27:15.685+0000] {dag.py:3823} INFO - Setting next_dagrun for spark_sgp4_streaming to None, run_after=None
[2026-01-29T10:27:15.711+0000] {processor.py:183} INFO - Processing /opt/airflow/dags/airflow_dag_spark_streaming.py took 0.163 seconds
[2026-01-29T10:27:45.865+0000] {processor.py:161} INFO - Started process (PID=3064) to work on /opt/airflow/dags/airflow_dag_spark_streaming.py
[2026-01-29T10:27:45.867+0000] {processor.py:830} INFO - Processing file /opt/airflow/dags/airflow_dag_spark_streaming.py for tasks to queue
[2026-01-29T10:27:45.869+0000] {logging_mixin.py:188} INFO - [2026-01-29T10:27:45.868+0000] {dagbag.py:538} INFO - Filling up the DagBag from /opt/airflow/dags/airflow_dag_spark_streaming.py
[2026-01-29T10:27:45.907+0000] {processor.py:840} INFO - DAG(s) 'spark_sgp4_streaming' retrieved from /opt/airflow/dags/airflow_dag_spark_streaming.py
[2026-01-29T10:27:45.967+0000] {logging_mixin.py:188} INFO - [2026-01-29T10:27:45.967+0000] {dag.py:3036} INFO - Sync 1 DAGs
[2026-01-29T10:27:45.989+0000] {logging_mixin.py:188} INFO - [2026-01-29T10:27:45.989+0000] {dag.py:3823} INFO - Setting next_dagrun for spark_sgp4_streaming to None, run_after=None
[2026-01-29T10:27:46.013+0000] {processor.py:183} INFO - Processing /opt/airflow/dags/airflow_dag_spark_streaming.py took 0.159 seconds
[2026-01-29T10:28:16.179+0000] {processor.py:161} INFO - Started process (PID=3074) to work on /opt/airflow/dags/airflow_dag_spark_streaming.py
[2026-01-29T10:28:16.182+0000] {processor.py:830} INFO - Processing file /opt/airflow/dags/airflow_dag_spark_streaming.py for tasks to queue
[2026-01-29T10:28:16.185+0000] {logging_mixin.py:188} INFO - [2026-01-29T10:28:16.183+0000] {dagbag.py:538} INFO - Filling up the DagBag from /opt/airflow/dags/airflow_dag_spark_streaming.py
[2026-01-29T10:28:16.225+0000] {processor.py:840} INFO - DAG(s) 'spark_sgp4_streaming' retrieved from /opt/airflow/dags/airflow_dag_spark_streaming.py
[2026-01-29T10:28:16.294+0000] {logging_mixin.py:188} INFO - [2026-01-29T10:28:16.294+0000] {dag.py:3036} INFO - Sync 1 DAGs
[2026-01-29T10:28:16.317+0000] {logging_mixin.py:188} INFO - [2026-01-29T10:28:16.317+0000] {dag.py:3823} INFO - Setting next_dagrun for spark_sgp4_streaming to None, run_after=None
[2026-01-29T10:28:16.343+0000] {processor.py:183} INFO - Processing /opt/airflow/dags/airflow_dag_spark_streaming.py took 0.176 seconds
[2026-01-29T10:28:46.497+0000] {processor.py:161} INFO - Started process (PID=3084) to work on /opt/airflow/dags/airflow_dag_spark_streaming.py
[2026-01-29T10:28:46.499+0000] {processor.py:830} INFO - Processing file /opt/airflow/dags/airflow_dag_spark_streaming.py for tasks to queue
[2026-01-29T10:28:46.501+0000] {logging_mixin.py:188} INFO - [2026-01-29T10:28:46.500+0000] {dagbag.py:538} INFO - Filling up the DagBag from /opt/airflow/dags/airflow_dag_spark_streaming.py
[2026-01-29T10:28:46.538+0000] {processor.py:840} INFO - DAG(s) 'spark_sgp4_streaming' retrieved from /opt/airflow/dags/airflow_dag_spark_streaming.py
[2026-01-29T10:28:46.620+0000] {logging_mixin.py:188} INFO - [2026-01-29T10:28:46.619+0000] {dag.py:3036} INFO - Sync 1 DAGs
[2026-01-29T10:28:46.650+0000] {logging_mixin.py:188} INFO - [2026-01-29T10:28:46.649+0000] {dag.py:3823} INFO - Setting next_dagrun for spark_sgp4_streaming to None, run_after=None
[2026-01-29T10:28:46.677+0000] {processor.py:183} INFO - Processing /opt/airflow/dags/airflow_dag_spark_streaming.py took 0.194 seconds
[2026-01-29T10:29:16.848+0000] {processor.py:161} INFO - Started process (PID=3094) to work on /opt/airflow/dags/airflow_dag_spark_streaming.py
[2026-01-29T10:29:16.851+0000] {processor.py:830} INFO - Processing file /opt/airflow/dags/airflow_dag_spark_streaming.py for tasks to queue
[2026-01-29T10:29:16.854+0000] {logging_mixin.py:188} INFO - [2026-01-29T10:29:16.852+0000] {dagbag.py:538} INFO - Filling up the DagBag from /opt/airflow/dags/airflow_dag_spark_streaming.py
[2026-01-29T10:29:16.893+0000] {processor.py:840} INFO - DAG(s) 'spark_sgp4_streaming' retrieved from /opt/airflow/dags/airflow_dag_spark_streaming.py
[2026-01-29T10:29:16.959+0000] {logging_mixin.py:188} INFO - [2026-01-29T10:29:16.958+0000] {dag.py:3036} INFO - Sync 1 DAGs
[2026-01-29T10:29:16.983+0000] {logging_mixin.py:188} INFO - [2026-01-29T10:29:16.982+0000] {dag.py:3823} INFO - Setting next_dagrun for spark_sgp4_streaming to None, run_after=None
[2026-01-29T10:29:17.011+0000] {processor.py:183} INFO - Processing /opt/airflow/dags/airflow_dag_spark_streaming.py took 0.171 seconds
[2026-01-29T10:29:47.181+0000] {processor.py:161} INFO - Started process (PID=3104) to work on /opt/airflow/dags/airflow_dag_spark_streaming.py
[2026-01-29T10:29:47.183+0000] {processor.py:830} INFO - Processing file /opt/airflow/dags/airflow_dag_spark_streaming.py for tasks to queue
[2026-01-29T10:29:47.186+0000] {logging_mixin.py:188} INFO - [2026-01-29T10:29:47.185+0000] {dagbag.py:538} INFO - Filling up the DagBag from /opt/airflow/dags/airflow_dag_spark_streaming.py
[2026-01-29T10:29:47.233+0000] {processor.py:840} INFO - DAG(s) 'spark_sgp4_streaming' retrieved from /opt/airflow/dags/airflow_dag_spark_streaming.py
[2026-01-29T10:29:47.326+0000] {logging_mixin.py:188} INFO - [2026-01-29T10:29:47.326+0000] {dag.py:3036} INFO - Sync 1 DAGs
[2026-01-29T10:29:47.357+0000] {logging_mixin.py:188} INFO - [2026-01-29T10:29:47.357+0000] {dag.py:3823} INFO - Setting next_dagrun for spark_sgp4_streaming to None, run_after=None
[2026-01-29T10:29:47.387+0000] {processor.py:183} INFO - Processing /opt/airflow/dags/airflow_dag_spark_streaming.py took 0.220 seconds
[2026-01-29T10:30:17.539+0000] {processor.py:161} INFO - Started process (PID=3114) to work on /opt/airflow/dags/airflow_dag_spark_streaming.py
[2026-01-29T10:30:17.542+0000] {processor.py:830} INFO - Processing file /opt/airflow/dags/airflow_dag_spark_streaming.py for tasks to queue
[2026-01-29T10:30:17.543+0000] {logging_mixin.py:188} INFO - [2026-01-29T10:30:17.542+0000] {dagbag.py:538} INFO - Filling up the DagBag from /opt/airflow/dags/airflow_dag_spark_streaming.py
[2026-01-29T10:30:17.558+0000] {processor.py:840} INFO - DAG(s) 'spark_sgp4_streaming' retrieved from /opt/airflow/dags/airflow_dag_spark_streaming.py
[2026-01-29T10:30:17.598+0000] {logging_mixin.py:188} INFO - [2026-01-29T10:30:17.598+0000] {dag.py:3036} INFO - Sync 1 DAGs
[2026-01-29T10:30:17.615+0000] {logging_mixin.py:188} INFO - [2026-01-29T10:30:17.615+0000] {dag.py:3823} INFO - Setting next_dagrun for spark_sgp4_streaming to None, run_after=None
[2026-01-29T10:30:17.635+0000] {processor.py:183} INFO - Processing /opt/airflow/dags/airflow_dag_spark_streaming.py took 0.101 seconds
[2026-01-29T10:30:47.794+0000] {processor.py:161} INFO - Started process (PID=3124) to work on /opt/airflow/dags/airflow_dag_spark_streaming.py
[2026-01-29T10:30:47.796+0000] {processor.py:830} INFO - Processing file /opt/airflow/dags/airflow_dag_spark_streaming.py for tasks to queue
[2026-01-29T10:30:47.799+0000] {logging_mixin.py:188} INFO - [2026-01-29T10:30:47.798+0000] {dagbag.py:538} INFO - Filling up the DagBag from /opt/airflow/dags/airflow_dag_spark_streaming.py
[2026-01-29T10:30:47.839+0000] {processor.py:840} INFO - DAG(s) 'spark_sgp4_streaming' retrieved from /opt/airflow/dags/airflow_dag_spark_streaming.py
[2026-01-29T10:30:47.909+0000] {logging_mixin.py:188} INFO - [2026-01-29T10:30:47.908+0000] {dag.py:3036} INFO - Sync 1 DAGs
[2026-01-29T10:30:47.935+0000] {logging_mixin.py:188} INFO - [2026-01-29T10:30:47.935+0000] {dag.py:3823} INFO - Setting next_dagrun for spark_sgp4_streaming to None, run_after=None
[2026-01-29T10:30:47.968+0000] {processor.py:183} INFO - Processing /opt/airflow/dags/airflow_dag_spark_streaming.py took 0.186 seconds
[2026-01-29T10:31:18.118+0000] {processor.py:161} INFO - Started process (PID=3134) to work on /opt/airflow/dags/airflow_dag_spark_streaming.py
[2026-01-29T10:31:18.119+0000] {processor.py:830} INFO - Processing file /opt/airflow/dags/airflow_dag_spark_streaming.py for tasks to queue
[2026-01-29T10:31:18.121+0000] {logging_mixin.py:188} INFO - [2026-01-29T10:31:18.120+0000] {dagbag.py:538} INFO - Filling up the DagBag from /opt/airflow/dags/airflow_dag_spark_streaming.py
[2026-01-29T10:31:18.151+0000] {processor.py:840} INFO - DAG(s) 'spark_sgp4_streaming' retrieved from /opt/airflow/dags/airflow_dag_spark_streaming.py
[2026-01-29T10:31:18.212+0000] {logging_mixin.py:188} INFO - [2026-01-29T10:31:18.212+0000] {dag.py:3036} INFO - Sync 1 DAGs
[2026-01-29T10:31:18.234+0000] {logging_mixin.py:188} INFO - [2026-01-29T10:31:18.234+0000] {dag.py:3823} INFO - Setting next_dagrun for spark_sgp4_streaming to None, run_after=None
[2026-01-29T10:31:18.252+0000] {processor.py:183} INFO - Processing /opt/airflow/dags/airflow_dag_spark_streaming.py took 0.143 seconds
[2026-01-29T10:31:48.432+0000] {processor.py:161} INFO - Started process (PID=3144) to work on /opt/airflow/dags/airflow_dag_spark_streaming.py
[2026-01-29T10:31:48.434+0000] {processor.py:830} INFO - Processing file /opt/airflow/dags/airflow_dag_spark_streaming.py for tasks to queue
[2026-01-29T10:31:48.436+0000] {logging_mixin.py:188} INFO - [2026-01-29T10:31:48.435+0000] {dagbag.py:538} INFO - Filling up the DagBag from /opt/airflow/dags/airflow_dag_spark_streaming.py
[2026-01-29T10:31:48.481+0000] {processor.py:840} INFO - DAG(s) 'spark_sgp4_streaming' retrieved from /opt/airflow/dags/airflow_dag_spark_streaming.py
[2026-01-29T10:31:48.572+0000] {logging_mixin.py:188} INFO - [2026-01-29T10:31:48.571+0000] {dag.py:3036} INFO - Sync 1 DAGs
[2026-01-29T10:31:48.596+0000] {logging_mixin.py:188} INFO - [2026-01-29T10:31:48.596+0000] {dag.py:3823} INFO - Setting next_dagrun for spark_sgp4_streaming to None, run_after=None
[2026-01-29T10:31:48.623+0000] {processor.py:183} INFO - Processing /opt/airflow/dags/airflow_dag_spark_streaming.py took 0.210 seconds
[2026-01-29T10:32:18.802+0000] {processor.py:161} INFO - Started process (PID=3154) to work on /opt/airflow/dags/airflow_dag_spark_streaming.py
[2026-01-29T10:32:18.803+0000] {processor.py:830} INFO - Processing file /opt/airflow/dags/airflow_dag_spark_streaming.py for tasks to queue
[2026-01-29T10:32:18.806+0000] {logging_mixin.py:188} INFO - [2026-01-29T10:32:18.805+0000] {dagbag.py:538} INFO - Filling up the DagBag from /opt/airflow/dags/airflow_dag_spark_streaming.py
[2026-01-29T10:32:18.849+0000] {processor.py:840} INFO - DAG(s) 'spark_sgp4_streaming' retrieved from /opt/airflow/dags/airflow_dag_spark_streaming.py
[2026-01-29T10:32:18.926+0000] {logging_mixin.py:188} INFO - [2026-01-29T10:32:18.926+0000] {dag.py:3036} INFO - Sync 1 DAGs
[2026-01-29T10:32:18.950+0000] {logging_mixin.py:188} INFO - [2026-01-29T10:32:18.950+0000] {dag.py:3823} INFO - Setting next_dagrun for spark_sgp4_streaming to None, run_after=None
[2026-01-29T10:32:18.978+0000] {processor.py:183} INFO - Processing /opt/airflow/dags/airflow_dag_spark_streaming.py took 0.189 seconds
[2026-01-29T10:32:49.132+0000] {processor.py:161} INFO - Started process (PID=3164) to work on /opt/airflow/dags/airflow_dag_spark_streaming.py
[2026-01-29T10:32:49.135+0000] {processor.py:830} INFO - Processing file /opt/airflow/dags/airflow_dag_spark_streaming.py for tasks to queue
[2026-01-29T10:32:49.137+0000] {logging_mixin.py:188} INFO - [2026-01-29T10:32:49.136+0000] {dagbag.py:538} INFO - Filling up the DagBag from /opt/airflow/dags/airflow_dag_spark_streaming.py
[2026-01-29T10:32:49.174+0000] {processor.py:840} INFO - DAG(s) 'spark_sgp4_streaming' retrieved from /opt/airflow/dags/airflow_dag_spark_streaming.py
[2026-01-29T10:32:49.234+0000] {logging_mixin.py:188} INFO - [2026-01-29T10:32:49.234+0000] {dag.py:3036} INFO - Sync 1 DAGs
[2026-01-29T10:32:49.261+0000] {logging_mixin.py:188} INFO - [2026-01-29T10:32:49.260+0000] {dag.py:3823} INFO - Setting next_dagrun for spark_sgp4_streaming to None, run_after=None
[2026-01-29T10:32:49.288+0000] {processor.py:183} INFO - Processing /opt/airflow/dags/airflow_dag_spark_streaming.py took 0.164 seconds
[2026-01-29T10:33:19.469+0000] {processor.py:161} INFO - Started process (PID=3174) to work on /opt/airflow/dags/airflow_dag_spark_streaming.py
[2026-01-29T10:33:19.470+0000] {processor.py:830} INFO - Processing file /opt/airflow/dags/airflow_dag_spark_streaming.py for tasks to queue
[2026-01-29T10:33:19.473+0000] {logging_mixin.py:188} INFO - [2026-01-29T10:33:19.472+0000] {dagbag.py:538} INFO - Filling up the DagBag from /opt/airflow/dags/airflow_dag_spark_streaming.py
[2026-01-29T10:33:19.519+0000] {processor.py:840} INFO - DAG(s) 'spark_sgp4_streaming' retrieved from /opt/airflow/dags/airflow_dag_spark_streaming.py
[2026-01-29T10:33:19.603+0000] {logging_mixin.py:188} INFO - [2026-01-29T10:33:19.603+0000] {dag.py:3036} INFO - Sync 1 DAGs
[2026-01-29T10:33:19.627+0000] {logging_mixin.py:188} INFO - [2026-01-29T10:33:19.627+0000] {dag.py:3823} INFO - Setting next_dagrun for spark_sgp4_streaming to None, run_after=None
[2026-01-29T10:33:19.663+0000] {processor.py:183} INFO - Processing /opt/airflow/dags/airflow_dag_spark_streaming.py took 0.206 seconds
[2026-01-29T10:33:49.798+0000] {processor.py:161} INFO - Started process (PID=3184) to work on /opt/airflow/dags/airflow_dag_spark_streaming.py
[2026-01-29T10:33:49.800+0000] {processor.py:830} INFO - Processing file /opt/airflow/dags/airflow_dag_spark_streaming.py for tasks to queue
[2026-01-29T10:33:49.801+0000] {logging_mixin.py:188} INFO - [2026-01-29T10:33:49.800+0000] {dagbag.py:538} INFO - Filling up the DagBag from /opt/airflow/dags/airflow_dag_spark_streaming.py
[2026-01-29T10:33:49.834+0000] {processor.py:840} INFO - DAG(s) 'spark_sgp4_streaming' retrieved from /opt/airflow/dags/airflow_dag_spark_streaming.py
[2026-01-29T10:33:49.899+0000] {logging_mixin.py:188} INFO - [2026-01-29T10:33:49.898+0000] {dag.py:3036} INFO - Sync 1 DAGs
[2026-01-29T10:33:49.921+0000] {logging_mixin.py:188} INFO - [2026-01-29T10:33:49.920+0000] {dag.py:3823} INFO - Setting next_dagrun for spark_sgp4_streaming to None, run_after=None
[2026-01-29T10:33:49.943+0000] {processor.py:183} INFO - Processing /opt/airflow/dags/airflow_dag_spark_streaming.py took 0.155 seconds
[2026-01-29T10:34:20.103+0000] {processor.py:161} INFO - Started process (PID=3194) to work on /opt/airflow/dags/airflow_dag_spark_streaming.py
[2026-01-29T10:34:20.105+0000] {processor.py:830} INFO - Processing file /opt/airflow/dags/airflow_dag_spark_streaming.py for tasks to queue
[2026-01-29T10:34:20.107+0000] {logging_mixin.py:188} INFO - [2026-01-29T10:34:20.106+0000] {dagbag.py:538} INFO - Filling up the DagBag from /opt/airflow/dags/airflow_dag_spark_streaming.py
[2026-01-29T10:34:20.152+0000] {processor.py:840} INFO - DAG(s) 'spark_sgp4_streaming' retrieved from /opt/airflow/dags/airflow_dag_spark_streaming.py
[2026-01-29T10:34:20.225+0000] {logging_mixin.py:188} INFO - [2026-01-29T10:34:20.224+0000] {dag.py:3036} INFO - Sync 1 DAGs
[2026-01-29T10:34:20.246+0000] {logging_mixin.py:188} INFO - [2026-01-29T10:34:20.246+0000] {dag.py:3823} INFO - Setting next_dagrun for spark_sgp4_streaming to None, run_after=None
[2026-01-29T10:34:20.268+0000] {processor.py:183} INFO - Processing /opt/airflow/dags/airflow_dag_spark_streaming.py took 0.182 seconds
[2026-01-29T10:34:50.420+0000] {processor.py:161} INFO - Started process (PID=3204) to work on /opt/airflow/dags/airflow_dag_spark_streaming.py
[2026-01-29T10:34:50.421+0000] {processor.py:830} INFO - Processing file /opt/airflow/dags/airflow_dag_spark_streaming.py for tasks to queue
[2026-01-29T10:34:50.424+0000] {logging_mixin.py:188} INFO - [2026-01-29T10:34:50.422+0000] {dagbag.py:538} INFO - Filling up the DagBag from /opt/airflow/dags/airflow_dag_spark_streaming.py
[2026-01-29T10:34:50.464+0000] {processor.py:840} INFO - DAG(s) 'spark_sgp4_streaming' retrieved from /opt/airflow/dags/airflow_dag_spark_streaming.py
[2026-01-29T10:34:50.525+0000] {logging_mixin.py:188} INFO - [2026-01-29T10:34:50.525+0000] {dag.py:3036} INFO - Sync 1 DAGs
[2026-01-29T10:34:50.552+0000] {logging_mixin.py:188} INFO - [2026-01-29T10:34:50.552+0000] {dag.py:3823} INFO - Setting next_dagrun for spark_sgp4_streaming to None, run_after=None
[2026-01-29T10:34:50.579+0000] {processor.py:183} INFO - Processing /opt/airflow/dags/airflow_dag_spark_streaming.py took 0.171 seconds
[2026-01-29T10:35:20.732+0000] {processor.py:161} INFO - Started process (PID=3214) to work on /opt/airflow/dags/airflow_dag_spark_streaming.py
[2026-01-29T10:35:20.734+0000] {processor.py:830} INFO - Processing file /opt/airflow/dags/airflow_dag_spark_streaming.py for tasks to queue
[2026-01-29T10:35:20.736+0000] {logging_mixin.py:188} INFO - [2026-01-29T10:35:20.735+0000] {dagbag.py:538} INFO - Filling up the DagBag from /opt/airflow/dags/airflow_dag_spark_streaming.py
[2026-01-29T10:35:20.765+0000] {processor.py:840} INFO - DAG(s) 'spark_sgp4_streaming' retrieved from /opt/airflow/dags/airflow_dag_spark_streaming.py
[2026-01-29T10:35:20.821+0000] {logging_mixin.py:188} INFO - [2026-01-29T10:35:20.821+0000] {dag.py:3036} INFO - Sync 1 DAGs
[2026-01-29T10:35:20.840+0000] {logging_mixin.py:188} INFO - [2026-01-29T10:35:20.840+0000] {dag.py:3823} INFO - Setting next_dagrun for spark_sgp4_streaming to None, run_after=None
[2026-01-29T10:35:20.865+0000] {processor.py:183} INFO - Processing /opt/airflow/dags/airflow_dag_spark_streaming.py took 0.144 seconds
[2026-01-29T10:35:51.054+0000] {processor.py:161} INFO - Started process (PID=3224) to work on /opt/airflow/dags/airflow_dag_spark_streaming.py
[2026-01-29T10:35:51.059+0000] {processor.py:830} INFO - Processing file /opt/airflow/dags/airflow_dag_spark_streaming.py for tasks to queue
[2026-01-29T10:35:51.062+0000] {logging_mixin.py:188} INFO - [2026-01-29T10:35:51.061+0000] {dagbag.py:538} INFO - Filling up the DagBag from /opt/airflow/dags/airflow_dag_spark_streaming.py
[2026-01-29T10:35:51.110+0000] {processor.py:840} INFO - DAG(s) 'spark_sgp4_streaming' retrieved from /opt/airflow/dags/airflow_dag_spark_streaming.py
[2026-01-29T10:35:51.206+0000] {logging_mixin.py:188} INFO - [2026-01-29T10:35:51.206+0000] {dag.py:3036} INFO - Sync 1 DAGs
[2026-01-29T10:35:51.239+0000] {logging_mixin.py:188} INFO - [2026-01-29T10:35:51.239+0000] {dag.py:3823} INFO - Setting next_dagrun for spark_sgp4_streaming to None, run_after=None
[2026-01-29T10:35:51.278+0000] {processor.py:183} INFO - Processing /opt/airflow/dags/airflow_dag_spark_streaming.py took 0.241 seconds
[2026-01-29T10:36:21.432+0000] {processor.py:161} INFO - Started process (PID=3234) to work on /opt/airflow/dags/airflow_dag_spark_streaming.py
[2026-01-29T10:36:21.432+0000] {processor.py:830} INFO - Processing file /opt/airflow/dags/airflow_dag_spark_streaming.py for tasks to queue
[2026-01-29T10:36:21.433+0000] {logging_mixin.py:188} INFO - [2026-01-29T10:36:21.433+0000] {dagbag.py:538} INFO - Filling up the DagBag from /opt/airflow/dags/airflow_dag_spark_streaming.py
[2026-01-29T10:36:21.454+0000] {processor.py:840} INFO - DAG(s) 'spark_sgp4_streaming' retrieved from /opt/airflow/dags/airflow_dag_spark_streaming.py
[2026-01-29T10:36:21.501+0000] {logging_mixin.py:188} INFO - [2026-01-29T10:36:21.501+0000] {dag.py:3036} INFO - Sync 1 DAGs
[2026-01-29T10:36:21.521+0000] {logging_mixin.py:188} INFO - [2026-01-29T10:36:21.520+0000] {dag.py:3823} INFO - Setting next_dagrun for spark_sgp4_streaming to None, run_after=None
[2026-01-29T10:36:21.543+0000] {processor.py:183} INFO - Processing /opt/airflow/dags/airflow_dag_spark_streaming.py took 0.117 seconds
[2026-01-29T10:36:51.791+0000] {processor.py:161} INFO - Started process (PID=3244) to work on /opt/airflow/dags/airflow_dag_spark_streaming.py
[2026-01-29T10:36:51.793+0000] {processor.py:830} INFO - Processing file /opt/airflow/dags/airflow_dag_spark_streaming.py for tasks to queue
[2026-01-29T10:36:51.795+0000] {logging_mixin.py:188} INFO - [2026-01-29T10:36:51.794+0000] {dagbag.py:538} INFO - Filling up the DagBag from /opt/airflow/dags/airflow_dag_spark_streaming.py
[2026-01-29T10:36:51.844+0000] {processor.py:840} INFO - DAG(s) 'spark_sgp4_streaming' retrieved from /opt/airflow/dags/airflow_dag_spark_streaming.py
[2026-01-29T10:36:51.922+0000] {logging_mixin.py:188} INFO - [2026-01-29T10:36:51.921+0000] {dag.py:3036} INFO - Sync 1 DAGs
[2026-01-29T10:36:51.955+0000] {logging_mixin.py:188} INFO - [2026-01-29T10:36:51.955+0000] {dag.py:3823} INFO - Setting next_dagrun for spark_sgp4_streaming to None, run_after=None
[2026-01-29T10:36:52.002+0000] {processor.py:183} INFO - Processing /opt/airflow/dags/airflow_dag_spark_streaming.py took 0.230 seconds
[2026-01-29T10:37:22.135+0000] {processor.py:161} INFO - Started process (PID=3254) to work on /opt/airflow/dags/airflow_dag_spark_streaming.py
[2026-01-29T10:37:22.136+0000] {processor.py:830} INFO - Processing file /opt/airflow/dags/airflow_dag_spark_streaming.py for tasks to queue
[2026-01-29T10:37:22.138+0000] {logging_mixin.py:188} INFO - [2026-01-29T10:37:22.137+0000] {dagbag.py:538} INFO - Filling up the DagBag from /opt/airflow/dags/airflow_dag_spark_streaming.py
[2026-01-29T10:37:22.162+0000] {processor.py:840} INFO - DAG(s) 'spark_sgp4_streaming' retrieved from /opt/airflow/dags/airflow_dag_spark_streaming.py
[2026-01-29T10:37:22.219+0000] {logging_mixin.py:188} INFO - [2026-01-29T10:37:22.219+0000] {dag.py:3036} INFO - Sync 1 DAGs
[2026-01-29T10:37:22.239+0000] {logging_mixin.py:188} INFO - [2026-01-29T10:37:22.239+0000] {dag.py:3823} INFO - Setting next_dagrun for spark_sgp4_streaming to None, run_after=None
[2026-01-29T10:37:22.264+0000] {processor.py:183} INFO - Processing /opt/airflow/dags/airflow_dag_spark_streaming.py took 0.136 seconds
[2026-01-29T10:37:52.414+0000] {processor.py:161} INFO - Started process (PID=3264) to work on /opt/airflow/dags/airflow_dag_spark_streaming.py
[2026-01-29T10:37:52.416+0000] {processor.py:830} INFO - Processing file /opt/airflow/dags/airflow_dag_spark_streaming.py for tasks to queue
[2026-01-29T10:37:52.418+0000] {logging_mixin.py:188} INFO - [2026-01-29T10:37:52.417+0000] {dagbag.py:538} INFO - Filling up the DagBag from /opt/airflow/dags/airflow_dag_spark_streaming.py
[2026-01-29T10:37:52.432+0000] {processor.py:840} INFO - DAG(s) 'spark_sgp4_streaming' retrieved from /opt/airflow/dags/airflow_dag_spark_streaming.py
[2026-01-29T10:37:52.472+0000] {logging_mixin.py:188} INFO - [2026-01-29T10:37:52.472+0000] {dag.py:3036} INFO - Sync 1 DAGs
[2026-01-29T10:37:52.489+0000] {logging_mixin.py:188} INFO - [2026-01-29T10:37:52.489+0000] {dag.py:3823} INFO - Setting next_dagrun for spark_sgp4_streaming to None, run_after=None
[2026-01-29T10:37:52.511+0000] {processor.py:183} INFO - Processing /opt/airflow/dags/airflow_dag_spark_streaming.py took 0.102 seconds
[2026-01-29T10:38:22.661+0000] {processor.py:161} INFO - Started process (PID=3274) to work on /opt/airflow/dags/airflow_dag_spark_streaming.py
[2026-01-29T10:38:22.662+0000] {processor.py:830} INFO - Processing file /opt/airflow/dags/airflow_dag_spark_streaming.py for tasks to queue
[2026-01-29T10:38:22.664+0000] {logging_mixin.py:188} INFO - [2026-01-29T10:38:22.663+0000] {dagbag.py:538} INFO - Filling up the DagBag from /opt/airflow/dags/airflow_dag_spark_streaming.py
[2026-01-29T10:38:22.677+0000] {processor.py:840} INFO - DAG(s) 'spark_sgp4_streaming' retrieved from /opt/airflow/dags/airflow_dag_spark_streaming.py
[2026-01-29T10:38:22.711+0000] {logging_mixin.py:188} INFO - [2026-01-29T10:38:22.711+0000] {dag.py:3036} INFO - Sync 1 DAGs
[2026-01-29T10:38:22.727+0000] {logging_mixin.py:188} INFO - [2026-01-29T10:38:22.726+0000] {dag.py:3823} INFO - Setting next_dagrun for spark_sgp4_streaming to None, run_after=None
[2026-01-29T10:38:22.746+0000] {processor.py:183} INFO - Processing /opt/airflow/dags/airflow_dag_spark_streaming.py took 0.090 seconds
[2026-01-29T10:38:52.893+0000] {processor.py:161} INFO - Started process (PID=3284) to work on /opt/airflow/dags/airflow_dag_spark_streaming.py
[2026-01-29T10:38:52.894+0000] {processor.py:830} INFO - Processing file /opt/airflow/dags/airflow_dag_spark_streaming.py for tasks to queue
[2026-01-29T10:38:52.895+0000] {logging_mixin.py:188} INFO - [2026-01-29T10:38:52.894+0000] {dagbag.py:538} INFO - Filling up the DagBag from /opt/airflow/dags/airflow_dag_spark_streaming.py
[2026-01-29T10:38:52.907+0000] {processor.py:840} INFO - DAG(s) 'spark_sgp4_streaming' retrieved from /opt/airflow/dags/airflow_dag_spark_streaming.py
[2026-01-29T10:38:52.937+0000] {logging_mixin.py:188} INFO - [2026-01-29T10:38:52.937+0000] {dag.py:3036} INFO - Sync 1 DAGs
[2026-01-29T10:38:52.951+0000] {logging_mixin.py:188} INFO - [2026-01-29T10:38:52.950+0000] {dag.py:3823} INFO - Setting next_dagrun for spark_sgp4_streaming to None, run_after=None
[2026-01-29T10:38:52.965+0000] {processor.py:183} INFO - Processing /opt/airflow/dags/airflow_dag_spark_streaming.py took 0.076 seconds
[2026-01-29T10:39:23.152+0000] {processor.py:161} INFO - Started process (PID=3294) to work on /opt/airflow/dags/airflow_dag_spark_streaming.py
[2026-01-29T10:39:23.155+0000] {processor.py:830} INFO - Processing file /opt/airflow/dags/airflow_dag_spark_streaming.py for tasks to queue
[2026-01-29T10:39:23.157+0000] {logging_mixin.py:188} INFO - [2026-01-29T10:39:23.156+0000] {dagbag.py:538} INFO - Filling up the DagBag from /opt/airflow/dags/airflow_dag_spark_streaming.py
[2026-01-29T10:39:23.187+0000] {processor.py:840} INFO - DAG(s) 'spark_sgp4_streaming' retrieved from /opt/airflow/dags/airflow_dag_spark_streaming.py
[2026-01-29T10:39:23.243+0000] {logging_mixin.py:188} INFO - [2026-01-29T10:39:23.243+0000] {dag.py:3036} INFO - Sync 1 DAGs
[2026-01-29T10:39:23.267+0000] {logging_mixin.py:188} INFO - [2026-01-29T10:39:23.266+0000] {dag.py:3823} INFO - Setting next_dagrun for spark_sgp4_streaming to None, run_after=None
[2026-01-29T10:39:23.288+0000] {processor.py:183} INFO - Processing /opt/airflow/dags/airflow_dag_spark_streaming.py took 0.144 seconds
[2026-01-29T10:39:53.432+0000] {processor.py:161} INFO - Started process (PID=3304) to work on /opt/airflow/dags/airflow_dag_spark_streaming.py
[2026-01-29T10:39:53.436+0000] {processor.py:830} INFO - Processing file /opt/airflow/dags/airflow_dag_spark_streaming.py for tasks to queue
[2026-01-29T10:39:53.437+0000] {logging_mixin.py:188} INFO - [2026-01-29T10:39:53.437+0000] {dagbag.py:538} INFO - Filling up the DagBag from /opt/airflow/dags/airflow_dag_spark_streaming.py
[2026-01-29T10:39:53.453+0000] {processor.py:840} INFO - DAG(s) 'spark_sgp4_streaming' retrieved from /opt/airflow/dags/airflow_dag_spark_streaming.py
[2026-01-29T10:39:53.495+0000] {logging_mixin.py:188} INFO - [2026-01-29T10:39:53.495+0000] {dag.py:3036} INFO - Sync 1 DAGs
[2026-01-29T10:39:53.515+0000] {logging_mixin.py:188} INFO - [2026-01-29T10:39:53.515+0000] {dag.py:3823} INFO - Setting next_dagrun for spark_sgp4_streaming to None, run_after=None
[2026-01-29T10:39:53.540+0000] {processor.py:183} INFO - Processing /opt/airflow/dags/airflow_dag_spark_streaming.py took 0.113 seconds
[2026-01-29T10:40:23.713+0000] {processor.py:161} INFO - Started process (PID=3314) to work on /opt/airflow/dags/airflow_dag_spark_streaming.py
[2026-01-29T10:40:23.716+0000] {processor.py:830} INFO - Processing file /opt/airflow/dags/airflow_dag_spark_streaming.py for tasks to queue
[2026-01-29T10:40:23.718+0000] {logging_mixin.py:188} INFO - [2026-01-29T10:40:23.717+0000] {dagbag.py:538} INFO - Filling up the DagBag from /opt/airflow/dags/airflow_dag_spark_streaming.py
[2026-01-29T10:40:23.736+0000] {processor.py:840} INFO - DAG(s) 'spark_sgp4_streaming' retrieved from /opt/airflow/dags/airflow_dag_spark_streaming.py
[2026-01-29T10:40:23.775+0000] {logging_mixin.py:188} INFO - [2026-01-29T10:40:23.775+0000] {dag.py:3036} INFO - Sync 1 DAGs
[2026-01-29T10:40:23.791+0000] {logging_mixin.py:188} INFO - [2026-01-29T10:40:23.791+0000] {dag.py:3823} INFO - Setting next_dagrun for spark_sgp4_streaming to None, run_after=None
[2026-01-29T10:40:23.816+0000] {processor.py:183} INFO - Processing /opt/airflow/dags/airflow_dag_spark_streaming.py took 0.109 seconds
[2026-01-29T10:40:53.967+0000] {processor.py:161} INFO - Started process (PID=3324) to work on /opt/airflow/dags/airflow_dag_spark_streaming.py
[2026-01-29T10:40:53.970+0000] {processor.py:830} INFO - Processing file /opt/airflow/dags/airflow_dag_spark_streaming.py for tasks to queue
[2026-01-29T10:40:53.971+0000] {logging_mixin.py:188} INFO - [2026-01-29T10:40:53.971+0000] {dagbag.py:538} INFO - Filling up the DagBag from /opt/airflow/dags/airflow_dag_spark_streaming.py
[2026-01-29T10:40:53.986+0000] {processor.py:840} INFO - DAG(s) 'spark_sgp4_streaming' retrieved from /opt/airflow/dags/airflow_dag_spark_streaming.py
[2026-01-29T10:40:54.021+0000] {logging_mixin.py:188} INFO - [2026-01-29T10:40:54.020+0000] {dag.py:3036} INFO - Sync 1 DAGs
[2026-01-29T10:40:54.036+0000] {logging_mixin.py:188} INFO - [2026-01-29T10:40:54.036+0000] {dag.py:3823} INFO - Setting next_dagrun for spark_sgp4_streaming to None, run_after=None
[2026-01-29T10:40:54.056+0000] {processor.py:183} INFO - Processing /opt/airflow/dags/airflow_dag_spark_streaming.py took 0.092 seconds
[2026-01-29T10:41:24.200+0000] {processor.py:161} INFO - Started process (PID=3334) to work on /opt/airflow/dags/airflow_dag_spark_streaming.py
[2026-01-29T10:41:24.202+0000] {processor.py:830} INFO - Processing file /opt/airflow/dags/airflow_dag_spark_streaming.py for tasks to queue
[2026-01-29T10:41:24.204+0000] {logging_mixin.py:188} INFO - [2026-01-29T10:41:24.203+0000] {dagbag.py:538} INFO - Filling up the DagBag from /opt/airflow/dags/airflow_dag_spark_streaming.py
[2026-01-29T10:41:24.219+0000] {processor.py:840} INFO - DAG(s) 'spark_sgp4_streaming' retrieved from /opt/airflow/dags/airflow_dag_spark_streaming.py
[2026-01-29T10:41:24.255+0000] {logging_mixin.py:188} INFO - [2026-01-29T10:41:24.255+0000] {dag.py:3036} INFO - Sync 1 DAGs
[2026-01-29T10:41:24.271+0000] {logging_mixin.py:188} INFO - [2026-01-29T10:41:24.271+0000] {dag.py:3823} INFO - Setting next_dagrun for spark_sgp4_streaming to None, run_after=None
[2026-01-29T10:41:24.291+0000] {processor.py:183} INFO - Processing /opt/airflow/dags/airflow_dag_spark_streaming.py took 0.095 seconds
[2026-01-29T10:41:54.443+0000] {processor.py:161} INFO - Started process (PID=3344) to work on /opt/airflow/dags/airflow_dag_spark_streaming.py
[2026-01-29T10:41:54.445+0000] {processor.py:830} INFO - Processing file /opt/airflow/dags/airflow_dag_spark_streaming.py for tasks to queue
[2026-01-29T10:41:54.446+0000] {logging_mixin.py:188} INFO - [2026-01-29T10:41:54.446+0000] {dagbag.py:538} INFO - Filling up the DagBag from /opt/airflow/dags/airflow_dag_spark_streaming.py
[2026-01-29T10:41:54.460+0000] {processor.py:840} INFO - DAG(s) 'spark_sgp4_streaming' retrieved from /opt/airflow/dags/airflow_dag_spark_streaming.py
[2026-01-29T10:41:54.497+0000] {logging_mixin.py:188} INFO - [2026-01-29T10:41:54.496+0000] {dag.py:3036} INFO - Sync 1 DAGs
[2026-01-29T10:41:54.512+0000] {logging_mixin.py:188} INFO - [2026-01-29T10:41:54.512+0000] {dag.py:3823} INFO - Setting next_dagrun for spark_sgp4_streaming to None, run_after=None
[2026-01-29T10:41:54.540+0000] {processor.py:183} INFO - Processing /opt/airflow/dags/airflow_dag_spark_streaming.py took 0.102 seconds
[2026-01-29T10:42:24.685+0000] {processor.py:161} INFO - Started process (PID=3354) to work on /opt/airflow/dags/airflow_dag_spark_streaming.py
[2026-01-29T10:42:24.688+0000] {processor.py:830} INFO - Processing file /opt/airflow/dags/airflow_dag_spark_streaming.py for tasks to queue
[2026-01-29T10:42:24.689+0000] {logging_mixin.py:188} INFO - [2026-01-29T10:42:24.688+0000] {dagbag.py:538} INFO - Filling up the DagBag from /opt/airflow/dags/airflow_dag_spark_streaming.py
[2026-01-29T10:42:24.701+0000] {processor.py:840} INFO - DAG(s) 'spark_sgp4_streaming' retrieved from /opt/airflow/dags/airflow_dag_spark_streaming.py
[2026-01-29T10:42:24.738+0000] {logging_mixin.py:188} INFO - [2026-01-29T10:42:24.738+0000] {dag.py:3036} INFO - Sync 1 DAGs
[2026-01-29T10:42:24.755+0000] {logging_mixin.py:188} INFO - [2026-01-29T10:42:24.754+0000] {dag.py:3823} INFO - Setting next_dagrun for spark_sgp4_streaming to None, run_after=None
[2026-01-29T10:42:24.775+0000] {processor.py:183} INFO - Processing /opt/airflow/dags/airflow_dag_spark_streaming.py took 0.094 seconds
[2026-01-29T10:42:54.929+0000] {processor.py:161} INFO - Started process (PID=3364) to work on /opt/airflow/dags/airflow_dag_spark_streaming.py
[2026-01-29T10:42:54.932+0000] {processor.py:830} INFO - Processing file /opt/airflow/dags/airflow_dag_spark_streaming.py for tasks to queue
[2026-01-29T10:42:54.933+0000] {logging_mixin.py:188} INFO - [2026-01-29T10:42:54.932+0000] {dagbag.py:538} INFO - Filling up the DagBag from /opt/airflow/dags/airflow_dag_spark_streaming.py
[2026-01-29T10:42:54.963+0000] {processor.py:840} INFO - DAG(s) 'spark_sgp4_streaming' retrieved from /opt/airflow/dags/airflow_dag_spark_streaming.py
[2026-01-29T10:42:55.014+0000] {logging_mixin.py:188} INFO - [2026-01-29T10:42:55.014+0000] {dag.py:3036} INFO - Sync 1 DAGs
[2026-01-29T10:42:55.037+0000] {logging_mixin.py:188} INFO - [2026-01-29T10:42:55.037+0000] {dag.py:3823} INFO - Setting next_dagrun for spark_sgp4_streaming to None, run_after=None
[2026-01-29T10:42:55.058+0000] {processor.py:183} INFO - Processing /opt/airflow/dags/airflow_dag_spark_streaming.py took 0.138 seconds
[2026-01-29T10:43:25.225+0000] {processor.py:161} INFO - Started process (PID=3374) to work on /opt/airflow/dags/airflow_dag_spark_streaming.py
[2026-01-29T10:43:25.227+0000] {processor.py:830} INFO - Processing file /opt/airflow/dags/airflow_dag_spark_streaming.py for tasks to queue
[2026-01-29T10:43:25.230+0000] {logging_mixin.py:188} INFO - [2026-01-29T10:43:25.229+0000] {dagbag.py:538} INFO - Filling up the DagBag from /opt/airflow/dags/airflow_dag_spark_streaming.py
[2026-01-29T10:43:25.266+0000] {processor.py:840} INFO - DAG(s) 'spark_sgp4_streaming' retrieved from /opt/airflow/dags/airflow_dag_spark_streaming.py
[2026-01-29T10:43:25.328+0000] {logging_mixin.py:188} INFO - [2026-01-29T10:43:25.327+0000] {dag.py:3036} INFO - Sync 1 DAGs
[2026-01-29T10:43:25.351+0000] {logging_mixin.py:188} INFO - [2026-01-29T10:43:25.351+0000] {dag.py:3823} INFO - Setting next_dagrun for spark_sgp4_streaming to None, run_after=None
[2026-01-29T10:43:25.380+0000] {processor.py:183} INFO - Processing /opt/airflow/dags/airflow_dag_spark_streaming.py took 0.165 seconds
[2026-01-29T10:43:55.539+0000] {processor.py:161} INFO - Started process (PID=3384) to work on /opt/airflow/dags/airflow_dag_spark_streaming.py
[2026-01-29T10:43:55.540+0000] {processor.py:830} INFO - Processing file /opt/airflow/dags/airflow_dag_spark_streaming.py for tasks to queue
[2026-01-29T10:43:55.543+0000] {logging_mixin.py:188} INFO - [2026-01-29T10:43:55.541+0000] {dagbag.py:538} INFO - Filling up the DagBag from /opt/airflow/dags/airflow_dag_spark_streaming.py
[2026-01-29T10:43:55.582+0000] {processor.py:840} INFO - DAG(s) 'spark_sgp4_streaming' retrieved from /opt/airflow/dags/airflow_dag_spark_streaming.py
[2026-01-29T10:43:55.646+0000] {logging_mixin.py:188} INFO - [2026-01-29T10:43:55.645+0000] {dag.py:3036} INFO - Sync 1 DAGs
[2026-01-29T10:43:55.675+0000] {logging_mixin.py:188} INFO - [2026-01-29T10:43:55.675+0000] {dag.py:3823} INFO - Setting next_dagrun for spark_sgp4_streaming to None, run_after=None
[2026-01-29T10:43:55.703+0000] {processor.py:183} INFO - Processing /opt/airflow/dags/airflow_dag_spark_streaming.py took 0.175 seconds
[2026-01-29T10:44:25.896+0000] {processor.py:161} INFO - Started process (PID=3394) to work on /opt/airflow/dags/airflow_dag_spark_streaming.py
[2026-01-29T10:44:25.898+0000] {processor.py:830} INFO - Processing file /opt/airflow/dags/airflow_dag_spark_streaming.py for tasks to queue
[2026-01-29T10:44:25.900+0000] {logging_mixin.py:188} INFO - [2026-01-29T10:44:25.899+0000] {dagbag.py:538} INFO - Filling up the DagBag from /opt/airflow/dags/airflow_dag_spark_streaming.py
[2026-01-29T10:44:25.938+0000] {processor.py:840} INFO - DAG(s) 'spark_sgp4_streaming' retrieved from /opt/airflow/dags/airflow_dag_spark_streaming.py
[2026-01-29T10:44:25.995+0000] {logging_mixin.py:188} INFO - [2026-01-29T10:44:25.995+0000] {dag.py:3036} INFO - Sync 1 DAGs
[2026-01-29T10:44:26.012+0000] {logging_mixin.py:188} INFO - [2026-01-29T10:44:26.012+0000] {dag.py:3823} INFO - Setting next_dagrun for spark_sgp4_streaming to None, run_after=None
[2026-01-29T10:44:26.033+0000] {processor.py:183} INFO - Processing /opt/airflow/dags/airflow_dag_spark_streaming.py took 0.146 seconds
[2026-01-29T10:44:56.184+0000] {processor.py:161} INFO - Started process (PID=3404) to work on /opt/airflow/dags/airflow_dag_spark_streaming.py
[2026-01-29T10:44:56.186+0000] {processor.py:830} INFO - Processing file /opt/airflow/dags/airflow_dag_spark_streaming.py for tasks to queue
[2026-01-29T10:44:56.187+0000] {logging_mixin.py:188} INFO - [2026-01-29T10:44:56.187+0000] {dagbag.py:538} INFO - Filling up the DagBag from /opt/airflow/dags/airflow_dag_spark_streaming.py
[2026-01-29T10:44:56.203+0000] {processor.py:840} INFO - DAG(s) 'spark_sgp4_streaming' retrieved from /opt/airflow/dags/airflow_dag_spark_streaming.py
[2026-01-29T10:44:56.251+0000] {logging_mixin.py:188} INFO - [2026-01-29T10:44:56.250+0000] {dag.py:3036} INFO - Sync 1 DAGs
[2026-01-29T10:44:56.275+0000] {logging_mixin.py:188} INFO - [2026-01-29T10:44:56.275+0000] {dag.py:3823} INFO - Setting next_dagrun for spark_sgp4_streaming to None, run_after=None
[2026-01-29T10:44:56.299+0000] {processor.py:183} INFO - Processing /opt/airflow/dags/airflow_dag_spark_streaming.py took 0.119 seconds
[2026-01-29T10:45:26.468+0000] {processor.py:161} INFO - Started process (PID=3414) to work on /opt/airflow/dags/airflow_dag_spark_streaming.py
[2026-01-29T10:45:26.470+0000] {processor.py:830} INFO - Processing file /opt/airflow/dags/airflow_dag_spark_streaming.py for tasks to queue
[2026-01-29T10:45:26.472+0000] {logging_mixin.py:188} INFO - [2026-01-29T10:45:26.471+0000] {dagbag.py:538} INFO - Filling up the DagBag from /opt/airflow/dags/airflow_dag_spark_streaming.py
[2026-01-29T10:45:26.508+0000] {processor.py:840} INFO - DAG(s) 'spark_sgp4_streaming' retrieved from /opt/airflow/dags/airflow_dag_spark_streaming.py
[2026-01-29T10:45:26.577+0000] {logging_mixin.py:188} INFO - [2026-01-29T10:45:26.576+0000] {dag.py:3036} INFO - Sync 1 DAGs
[2026-01-29T10:45:26.602+0000] {logging_mixin.py:188} INFO - [2026-01-29T10:45:26.602+0000] {dag.py:3823} INFO - Setting next_dagrun for spark_sgp4_streaming to None, run_after=None
[2026-01-29T10:45:26.629+0000] {processor.py:183} INFO - Processing /opt/airflow/dags/airflow_dag_spark_streaming.py took 0.171 seconds
[2026-01-29T10:45:56.780+0000] {processor.py:161} INFO - Started process (PID=3424) to work on /opt/airflow/dags/airflow_dag_spark_streaming.py
[2026-01-29T10:45:56.782+0000] {processor.py:830} INFO - Processing file /opt/airflow/dags/airflow_dag_spark_streaming.py for tasks to queue
[2026-01-29T10:45:56.785+0000] {logging_mixin.py:188} INFO - [2026-01-29T10:45:56.783+0000] {dagbag.py:538} INFO - Filling up the DagBag from /opt/airflow/dags/airflow_dag_spark_streaming.py
[2026-01-29T10:45:56.821+0000] {processor.py:840} INFO - DAG(s) 'spark_sgp4_streaming' retrieved from /opt/airflow/dags/airflow_dag_spark_streaming.py
[2026-01-29T10:45:56.886+0000] {logging_mixin.py:188} INFO - [2026-01-29T10:45:56.885+0000] {dag.py:3036} INFO - Sync 1 DAGs
[2026-01-29T10:45:56.910+0000] {logging_mixin.py:188} INFO - [2026-01-29T10:45:56.910+0000] {dag.py:3823} INFO - Setting next_dagrun for spark_sgp4_streaming to None, run_after=None
[2026-01-29T10:45:56.936+0000] {processor.py:183} INFO - Processing /opt/airflow/dags/airflow_dag_spark_streaming.py took 0.166 seconds
[2026-01-29T10:46:27.095+0000] {processor.py:161} INFO - Started process (PID=3434) to work on /opt/airflow/dags/airflow_dag_spark_streaming.py
[2026-01-29T10:46:27.097+0000] {processor.py:830} INFO - Processing file /opt/airflow/dags/airflow_dag_spark_streaming.py for tasks to queue
[2026-01-29T10:46:27.099+0000] {logging_mixin.py:188} INFO - [2026-01-29T10:46:27.098+0000] {dagbag.py:538} INFO - Filling up the DagBag from /opt/airflow/dags/airflow_dag_spark_streaming.py
[2026-01-29T10:46:27.137+0000] {processor.py:840} INFO - DAG(s) 'spark_sgp4_streaming' retrieved from /opt/airflow/dags/airflow_dag_spark_streaming.py
[2026-01-29T10:46:27.194+0000] {logging_mixin.py:188} INFO - [2026-01-29T10:46:27.194+0000] {dag.py:3036} INFO - Sync 1 DAGs
[2026-01-29T10:46:27.221+0000] {logging_mixin.py:188} INFO - [2026-01-29T10:46:27.221+0000] {dag.py:3823} INFO - Setting next_dagrun for spark_sgp4_streaming to None, run_after=None
[2026-01-29T10:46:27.247+0000] {processor.py:183} INFO - Processing /opt/airflow/dags/airflow_dag_spark_streaming.py took 0.163 seconds
[2026-01-29T10:46:57.425+0000] {processor.py:161} INFO - Started process (PID=3444) to work on /opt/airflow/dags/airflow_dag_spark_streaming.py
[2026-01-29T10:46:57.427+0000] {processor.py:830} INFO - Processing file /opt/airflow/dags/airflow_dag_spark_streaming.py for tasks to queue
[2026-01-29T10:46:57.430+0000] {logging_mixin.py:188} INFO - [2026-01-29T10:46:57.428+0000] {dagbag.py:538} INFO - Filling up the DagBag from /opt/airflow/dags/airflow_dag_spark_streaming.py
[2026-01-29T10:46:57.476+0000] {processor.py:840} INFO - DAG(s) 'spark_sgp4_streaming' retrieved from /opt/airflow/dags/airflow_dag_spark_streaming.py
[2026-01-29T10:46:57.561+0000] {logging_mixin.py:188} INFO - [2026-01-29T10:46:57.560+0000] {dag.py:3036} INFO - Sync 1 DAGs
[2026-01-29T10:46:57.586+0000] {logging_mixin.py:188} INFO - [2026-01-29T10:46:57.586+0000] {dag.py:3823} INFO - Setting next_dagrun for spark_sgp4_streaming to None, run_after=None
[2026-01-29T10:46:57.620+0000] {processor.py:183} INFO - Processing /opt/airflow/dags/airflow_dag_spark_streaming.py took 0.212 seconds
[2026-01-29T10:47:27.780+0000] {processor.py:161} INFO - Started process (PID=3454) to work on /opt/airflow/dags/airflow_dag_spark_streaming.py
[2026-01-29T10:47:27.782+0000] {processor.py:830} INFO - Processing file /opt/airflow/dags/airflow_dag_spark_streaming.py for tasks to queue
[2026-01-29T10:47:27.784+0000] {logging_mixin.py:188} INFO - [2026-01-29T10:47:27.783+0000] {dagbag.py:538} INFO - Filling up the DagBag from /opt/airflow/dags/airflow_dag_spark_streaming.py
[2026-01-29T10:47:27.820+0000] {processor.py:840} INFO - DAG(s) 'spark_sgp4_streaming' retrieved from /opt/airflow/dags/airflow_dag_spark_streaming.py
[2026-01-29T10:47:27.885+0000] {logging_mixin.py:188} INFO - [2026-01-29T10:47:27.885+0000] {dag.py:3036} INFO - Sync 1 DAGs
[2026-01-29T10:47:27.910+0000] {logging_mixin.py:188} INFO - [2026-01-29T10:47:27.910+0000] {dag.py:3823} INFO - Setting next_dagrun for spark_sgp4_streaming to None, run_after=None
[2026-01-29T10:47:27.941+0000] {processor.py:183} INFO - Processing /opt/airflow/dags/airflow_dag_spark_streaming.py took 0.170 seconds
[2026-01-29T10:47:58.100+0000] {processor.py:161} INFO - Started process (PID=3464) to work on /opt/airflow/dags/airflow_dag_spark_streaming.py
[2026-01-29T10:47:58.101+0000] {processor.py:830} INFO - Processing file /opt/airflow/dags/airflow_dag_spark_streaming.py for tasks to queue
[2026-01-29T10:47:58.101+0000] {logging_mixin.py:188} INFO - [2026-01-29T10:47:58.101+0000] {dagbag.py:538} INFO - Filling up the DagBag from /opt/airflow/dags/airflow_dag_spark_streaming.py
[2026-01-29T10:47:58.140+0000] {processor.py:840} INFO - DAG(s) 'spark_sgp4_streaming' retrieved from /opt/airflow/dags/airflow_dag_spark_streaming.py
[2026-01-29T10:47:58.205+0000] {logging_mixin.py:188} INFO - [2026-01-29T10:47:58.205+0000] {dag.py:3036} INFO - Sync 1 DAGs
[2026-01-29T10:47:58.230+0000] {logging_mixin.py:188} INFO - [2026-01-29T10:47:58.230+0000] {dag.py:3823} INFO - Setting next_dagrun for spark_sgp4_streaming to None, run_after=None
[2026-01-29T10:47:58.259+0000] {processor.py:183} INFO - Processing /opt/airflow/dags/airflow_dag_spark_streaming.py took 0.170 seconds
[2026-01-29T10:48:28.421+0000] {processor.py:161} INFO - Started process (PID=3474) to work on /opt/airflow/dags/airflow_dag_spark_streaming.py
[2026-01-29T10:48:28.423+0000] {processor.py:830} INFO - Processing file /opt/airflow/dags/airflow_dag_spark_streaming.py for tasks to queue
[2026-01-29T10:48:28.426+0000] {logging_mixin.py:188} INFO - [2026-01-29T10:48:28.424+0000] {dagbag.py:538} INFO - Filling up the DagBag from /opt/airflow/dags/airflow_dag_spark_streaming.py
[2026-01-29T10:48:28.472+0000] {processor.py:840} INFO - DAG(s) 'spark_sgp4_streaming' retrieved from /opt/airflow/dags/airflow_dag_spark_streaming.py
[2026-01-29T10:48:28.547+0000] {logging_mixin.py:188} INFO - [2026-01-29T10:48:28.547+0000] {dag.py:3036} INFO - Sync 1 DAGs
[2026-01-29T10:48:28.573+0000] {logging_mixin.py:188} INFO - [2026-01-29T10:48:28.573+0000] {dag.py:3823} INFO - Setting next_dagrun for spark_sgp4_streaming to None, run_after=None
[2026-01-29T10:48:28.598+0000] {processor.py:183} INFO - Processing /opt/airflow/dags/airflow_dag_spark_streaming.py took 0.188 seconds
[2026-01-29T10:48:58.763+0000] {processor.py:161} INFO - Started process (PID=3484) to work on /opt/airflow/dags/airflow_dag_spark_streaming.py
[2026-01-29T10:48:58.765+0000] {processor.py:830} INFO - Processing file /opt/airflow/dags/airflow_dag_spark_streaming.py for tasks to queue
[2026-01-29T10:48:58.767+0000] {logging_mixin.py:188} INFO - [2026-01-29T10:48:58.766+0000] {dagbag.py:538} INFO - Filling up the DagBag from /opt/airflow/dags/airflow_dag_spark_streaming.py
[2026-01-29T10:48:58.813+0000] {processor.py:840} INFO - DAG(s) 'spark_sgp4_streaming' retrieved from /opt/airflow/dags/airflow_dag_spark_streaming.py
[2026-01-29T10:48:58.874+0000] {logging_mixin.py:188} INFO - [2026-01-29T10:48:58.874+0000] {dag.py:3036} INFO - Sync 1 DAGs
[2026-01-29T10:48:58.892+0000] {logging_mixin.py:188} INFO - [2026-01-29T10:48:58.891+0000] {dag.py:3823} INFO - Setting next_dagrun for spark_sgp4_streaming to None, run_after=None
[2026-01-29T10:48:58.910+0000] {processor.py:183} INFO - Processing /opt/airflow/dags/airflow_dag_spark_streaming.py took 0.162 seconds
[2026-01-29T10:49:29.080+0000] {processor.py:161} INFO - Started process (PID=3494) to work on /opt/airflow/dags/airflow_dag_spark_streaming.py
[2026-01-29T10:49:29.081+0000] {processor.py:830} INFO - Processing file /opt/airflow/dags/airflow_dag_spark_streaming.py for tasks to queue
[2026-01-29T10:49:29.083+0000] {logging_mixin.py:188} INFO - [2026-01-29T10:49:29.082+0000] {dagbag.py:538} INFO - Filling up the DagBag from /opt/airflow/dags/airflow_dag_spark_streaming.py
[2026-01-29T10:49:29.123+0000] {processor.py:840} INFO - DAG(s) 'spark_sgp4_streaming' retrieved from /opt/airflow/dags/airflow_dag_spark_streaming.py
[2026-01-29T10:49:29.201+0000] {logging_mixin.py:188} INFO - [2026-01-29T10:49:29.201+0000] {dag.py:3036} INFO - Sync 1 DAGs
[2026-01-29T10:49:29.228+0000] {logging_mixin.py:188} INFO - [2026-01-29T10:49:29.227+0000] {dag.py:3823} INFO - Setting next_dagrun for spark_sgp4_streaming to None, run_after=None
[2026-01-29T10:49:29.256+0000] {processor.py:183} INFO - Processing /opt/airflow/dags/airflow_dag_spark_streaming.py took 0.185 seconds
[2026-01-29T10:49:59.398+0000] {processor.py:161} INFO - Started process (PID=3504) to work on /opt/airflow/dags/airflow_dag_spark_streaming.py
[2026-01-29T10:49:59.399+0000] {processor.py:830} INFO - Processing file /opt/airflow/dags/airflow_dag_spark_streaming.py for tasks to queue
[2026-01-29T10:49:59.400+0000] {logging_mixin.py:188} INFO - [2026-01-29T10:49:59.399+0000] {dagbag.py:538} INFO - Filling up the DagBag from /opt/airflow/dags/airflow_dag_spark_streaming.py
[2026-01-29T10:49:59.427+0000] {processor.py:840} INFO - DAG(s) 'spark_sgp4_streaming' retrieved from /opt/airflow/dags/airflow_dag_spark_streaming.py
[2026-01-29T10:49:59.475+0000] {logging_mixin.py:188} INFO - [2026-01-29T10:49:59.475+0000] {dag.py:3036} INFO - Sync 1 DAGs
[2026-01-29T10:49:59.494+0000] {logging_mixin.py:188} INFO - [2026-01-29T10:49:59.494+0000] {dag.py:3823} INFO - Setting next_dagrun for spark_sgp4_streaming to None, run_after=None
[2026-01-29T10:49:59.516+0000] {processor.py:183} INFO - Processing /opt/airflow/dags/airflow_dag_spark_streaming.py took 0.125 seconds
[2026-01-29T10:50:29.671+0000] {processor.py:161} INFO - Started process (PID=3514) to work on /opt/airflow/dags/airflow_dag_spark_streaming.py
[2026-01-29T10:50:29.674+0000] {processor.py:830} INFO - Processing file /opt/airflow/dags/airflow_dag_spark_streaming.py for tasks to queue
[2026-01-29T10:50:29.676+0000] {logging_mixin.py:188} INFO - [2026-01-29T10:50:29.675+0000] {dagbag.py:538} INFO - Filling up the DagBag from /opt/airflow/dags/airflow_dag_spark_streaming.py
[2026-01-29T10:50:29.717+0000] {processor.py:840} INFO - DAG(s) 'spark_sgp4_streaming' retrieved from /opt/airflow/dags/airflow_dag_spark_streaming.py
[2026-01-29T10:50:29.785+0000] {logging_mixin.py:188} INFO - [2026-01-29T10:50:29.785+0000] {dag.py:3036} INFO - Sync 1 DAGs
[2026-01-29T10:50:29.812+0000] {logging_mixin.py:188} INFO - [2026-01-29T10:50:29.811+0000] {dag.py:3823} INFO - Setting next_dagrun for spark_sgp4_streaming to None, run_after=None
[2026-01-29T10:50:29.841+0000] {processor.py:183} INFO - Processing /opt/airflow/dags/airflow_dag_spark_streaming.py took 0.180 seconds
[2026-01-29T10:50:59.990+0000] {processor.py:161} INFO - Started process (PID=3524) to work on /opt/airflow/dags/airflow_dag_spark_streaming.py
[2026-01-29T10:50:59.993+0000] {processor.py:830} INFO - Processing file /opt/airflow/dags/airflow_dag_spark_streaming.py for tasks to queue
[2026-01-29T10:50:59.995+0000] {logging_mixin.py:188} INFO - [2026-01-29T10:50:59.994+0000] {dagbag.py:538} INFO - Filling up the DagBag from /opt/airflow/dags/airflow_dag_spark_streaming.py
[2026-01-29T10:51:00.037+0000] {processor.py:840} INFO - DAG(s) 'spark_sgp4_streaming' retrieved from /opt/airflow/dags/airflow_dag_spark_streaming.py
[2026-01-29T10:51:00.106+0000] {logging_mixin.py:188} INFO - [2026-01-29T10:51:00.106+0000] {dag.py:3036} INFO - Sync 1 DAGs
[2026-01-29T10:51:00.127+0000] {logging_mixin.py:188} INFO - [2026-01-29T10:51:00.127+0000] {dag.py:3823} INFO - Setting next_dagrun for spark_sgp4_streaming to None, run_after=None
[2026-01-29T10:51:00.149+0000] {processor.py:183} INFO - Processing /opt/airflow/dags/airflow_dag_spark_streaming.py took 0.168 seconds
[2026-01-29T10:51:30.312+0000] {processor.py:161} INFO - Started process (PID=3534) to work on /opt/airflow/dags/airflow_dag_spark_streaming.py
[2026-01-29T10:51:30.313+0000] {processor.py:830} INFO - Processing file /opt/airflow/dags/airflow_dag_spark_streaming.py for tasks to queue
[2026-01-29T10:51:30.315+0000] {logging_mixin.py:188} INFO - [2026-01-29T10:51:30.314+0000] {dagbag.py:538} INFO - Filling up the DagBag from /opt/airflow/dags/airflow_dag_spark_streaming.py
[2026-01-29T10:51:30.360+0000] {processor.py:840} INFO - DAG(s) 'spark_sgp4_streaming' retrieved from /opt/airflow/dags/airflow_dag_spark_streaming.py
[2026-01-29T10:51:30.434+0000] {logging_mixin.py:188} INFO - [2026-01-29T10:51:30.434+0000] {dag.py:3036} INFO - Sync 1 DAGs
[2026-01-29T10:51:30.464+0000] {logging_mixin.py:188} INFO - [2026-01-29T10:51:30.464+0000] {dag.py:3823} INFO - Setting next_dagrun for spark_sgp4_streaming to None, run_after=None
[2026-01-29T10:51:30.490+0000] {processor.py:183} INFO - Processing /opt/airflow/dags/airflow_dag_spark_streaming.py took 0.187 seconds
[2026-01-29T10:52:00.648+0000] {processor.py:161} INFO - Started process (PID=3544) to work on /opt/airflow/dags/airflow_dag_spark_streaming.py
[2026-01-29T10:52:00.650+0000] {processor.py:830} INFO - Processing file /opt/airflow/dags/airflow_dag_spark_streaming.py for tasks to queue
[2026-01-29T10:52:00.652+0000] {logging_mixin.py:188} INFO - [2026-01-29T10:52:00.651+0000] {dagbag.py:538} INFO - Filling up the DagBag from /opt/airflow/dags/airflow_dag_spark_streaming.py
[2026-01-29T10:52:00.708+0000] {processor.py:840} INFO - DAG(s) 'spark_sgp4_streaming' retrieved from /opt/airflow/dags/airflow_dag_spark_streaming.py
[2026-01-29T10:52:00.782+0000] {logging_mixin.py:188} INFO - [2026-01-29T10:52:00.782+0000] {dag.py:3036} INFO - Sync 1 DAGs
[2026-01-29T10:52:00.808+0000] {logging_mixin.py:188} INFO - [2026-01-29T10:52:00.808+0000] {dag.py:3823} INFO - Setting next_dagrun for spark_sgp4_streaming to None, run_after=None
[2026-01-29T10:52:00.835+0000] {processor.py:183} INFO - Processing /opt/airflow/dags/airflow_dag_spark_streaming.py took 0.200 seconds
[2026-01-29T10:52:31.010+0000] {processor.py:161} INFO - Started process (PID=3554) to work on /opt/airflow/dags/airflow_dag_spark_streaming.py
[2026-01-29T10:52:31.013+0000] {processor.py:830} INFO - Processing file /opt/airflow/dags/airflow_dag_spark_streaming.py for tasks to queue
[2026-01-29T10:52:31.016+0000] {logging_mixin.py:188} INFO - [2026-01-29T10:52:31.014+0000] {dagbag.py:538} INFO - Filling up the DagBag from /opt/airflow/dags/airflow_dag_spark_streaming.py
[2026-01-29T10:52:31.061+0000] {processor.py:840} INFO - DAG(s) 'spark_sgp4_streaming' retrieved from /opt/airflow/dags/airflow_dag_spark_streaming.py
[2026-01-29T10:52:31.154+0000] {logging_mixin.py:188} INFO - [2026-01-29T10:52:31.153+0000] {dag.py:3036} INFO - Sync 1 DAGs
[2026-01-29T10:52:31.182+0000] {logging_mixin.py:188} INFO - [2026-01-29T10:52:31.181+0000] {dag.py:3823} INFO - Setting next_dagrun for spark_sgp4_streaming to None, run_after=None
[2026-01-29T10:52:31.216+0000] {processor.py:183} INFO - Processing /opt/airflow/dags/airflow_dag_spark_streaming.py took 0.218 seconds
[2026-01-29T10:53:01.373+0000] {processor.py:161} INFO - Started process (PID=3564) to work on /opt/airflow/dags/airflow_dag_spark_streaming.py
[2026-01-29T10:53:01.374+0000] {processor.py:830} INFO - Processing file /opt/airflow/dags/airflow_dag_spark_streaming.py for tasks to queue
[2026-01-29T10:53:01.376+0000] {logging_mixin.py:188} INFO - [2026-01-29T10:53:01.375+0000] {dagbag.py:538} INFO - Filling up the DagBag from /opt/airflow/dags/airflow_dag_spark_streaming.py
[2026-01-29T10:53:01.403+0000] {processor.py:840} INFO - DAG(s) 'spark_sgp4_streaming' retrieved from /opt/airflow/dags/airflow_dag_spark_streaming.py
[2026-01-29T10:53:01.458+0000] {logging_mixin.py:188} INFO - [2026-01-29T10:53:01.458+0000] {dag.py:3036} INFO - Sync 1 DAGs
[2026-01-29T10:53:01.475+0000] {logging_mixin.py:188} INFO - [2026-01-29T10:53:01.474+0000] {dag.py:3823} INFO - Setting next_dagrun for spark_sgp4_streaming to None, run_after=None
[2026-01-29T10:53:01.495+0000] {processor.py:183} INFO - Processing /opt/airflow/dags/airflow_dag_spark_streaming.py took 0.131 seconds
[2026-01-29T10:53:31.647+0000] {processor.py:161} INFO - Started process (PID=3574) to work on /opt/airflow/dags/airflow_dag_spark_streaming.py
[2026-01-29T10:53:31.648+0000] {processor.py:830} INFO - Processing file /opt/airflow/dags/airflow_dag_spark_streaming.py for tasks to queue
[2026-01-29T10:53:31.651+0000] {logging_mixin.py:188} INFO - [2026-01-29T10:53:31.650+0000] {dagbag.py:538} INFO - Filling up the DagBag from /opt/airflow/dags/airflow_dag_spark_streaming.py
[2026-01-29T10:53:31.692+0000] {processor.py:840} INFO - DAG(s) 'spark_sgp4_streaming' retrieved from /opt/airflow/dags/airflow_dag_spark_streaming.py
[2026-01-29T10:53:31.758+0000] {logging_mixin.py:188} INFO - [2026-01-29T10:53:31.758+0000] {dag.py:3036} INFO - Sync 1 DAGs
[2026-01-29T10:53:31.786+0000] {logging_mixin.py:188} INFO - [2026-01-29T10:53:31.785+0000] {dag.py:3823} INFO - Setting next_dagrun for spark_sgp4_streaming to None, run_after=None
[2026-01-29T10:53:31.816+0000] {processor.py:183} INFO - Processing /opt/airflow/dags/airflow_dag_spark_streaming.py took 0.177 seconds
[2026-01-29T10:54:01.972+0000] {processor.py:161} INFO - Started process (PID=3584) to work on /opt/airflow/dags/airflow_dag_spark_streaming.py
[2026-01-29T10:54:01.976+0000] {processor.py:830} INFO - Processing file /opt/airflow/dags/airflow_dag_spark_streaming.py for tasks to queue
[2026-01-29T10:54:01.978+0000] {logging_mixin.py:188} INFO - [2026-01-29T10:54:01.977+0000] {dagbag.py:538} INFO - Filling up the DagBag from /opt/airflow/dags/airflow_dag_spark_streaming.py
[2026-01-29T10:54:02.015+0000] {processor.py:840} INFO - DAG(s) 'spark_sgp4_streaming' retrieved from /opt/airflow/dags/airflow_dag_spark_streaming.py
[2026-01-29T10:54:02.087+0000] {logging_mixin.py:188} INFO - [2026-01-29T10:54:02.087+0000] {dag.py:3036} INFO - Sync 1 DAGs
[2026-01-29T10:54:02.113+0000] {logging_mixin.py:188} INFO - [2026-01-29T10:54:02.113+0000] {dag.py:3823} INFO - Setting next_dagrun for spark_sgp4_streaming to None, run_after=None
[2026-01-29T10:54:02.137+0000] {processor.py:183} INFO - Processing /opt/airflow/dags/airflow_dag_spark_streaming.py took 0.176 seconds
[2026-01-29T10:54:32.319+0000] {processor.py:161} INFO - Started process (PID=3594) to work on /opt/airflow/dags/airflow_dag_spark_streaming.py
[2026-01-29T10:54:32.320+0000] {processor.py:830} INFO - Processing file /opt/airflow/dags/airflow_dag_spark_streaming.py for tasks to queue
[2026-01-29T10:54:32.323+0000] {logging_mixin.py:188} INFO - [2026-01-29T10:54:32.322+0000] {dagbag.py:538} INFO - Filling up the DagBag from /opt/airflow/dags/airflow_dag_spark_streaming.py
[2026-01-29T10:54:32.360+0000] {processor.py:840} INFO - DAG(s) 'spark_sgp4_streaming' retrieved from /opt/airflow/dags/airflow_dag_spark_streaming.py
[2026-01-29T10:54:32.436+0000] {logging_mixin.py:188} INFO - [2026-01-29T10:54:32.436+0000] {dag.py:3036} INFO - Sync 1 DAGs
[2026-01-29T10:54:32.461+0000] {logging_mixin.py:188} INFO - [2026-01-29T10:54:32.460+0000] {dag.py:3823} INFO - Setting next_dagrun for spark_sgp4_streaming to None, run_after=None
[2026-01-29T10:54:32.490+0000] {processor.py:183} INFO - Processing /opt/airflow/dags/airflow_dag_spark_streaming.py took 0.184 seconds
[2026-01-29T10:55:02.659+0000] {processor.py:161} INFO - Started process (PID=3604) to work on /opt/airflow/dags/airflow_dag_spark_streaming.py
[2026-01-29T10:55:02.660+0000] {processor.py:830} INFO - Processing file /opt/airflow/dags/airflow_dag_spark_streaming.py for tasks to queue
[2026-01-29T10:55:02.663+0000] {logging_mixin.py:188} INFO - [2026-01-29T10:55:02.661+0000] {dagbag.py:538} INFO - Filling up the DagBag from /opt/airflow/dags/airflow_dag_spark_streaming.py
[2026-01-29T10:55:02.704+0000] {processor.py:840} INFO - DAG(s) 'spark_sgp4_streaming' retrieved from /opt/airflow/dags/airflow_dag_spark_streaming.py
[2026-01-29T10:55:02.771+0000] {logging_mixin.py:188} INFO - [2026-01-29T10:55:02.771+0000] {dag.py:3036} INFO - Sync 1 DAGs
[2026-01-29T10:55:02.792+0000] {logging_mixin.py:188} INFO - [2026-01-29T10:55:02.791+0000] {dag.py:3823} INFO - Setting next_dagrun for spark_sgp4_streaming to None, run_after=None
[2026-01-29T10:55:02.815+0000] {processor.py:183} INFO - Processing /opt/airflow/dags/airflow_dag_spark_streaming.py took 0.171 seconds
[2026-01-29T10:55:32.986+0000] {processor.py:161} INFO - Started process (PID=3614) to work on /opt/airflow/dags/airflow_dag_spark_streaming.py
[2026-01-29T10:55:32.987+0000] {processor.py:830} INFO - Processing file /opt/airflow/dags/airflow_dag_spark_streaming.py for tasks to queue
[2026-01-29T10:55:32.989+0000] {logging_mixin.py:188} INFO - [2026-01-29T10:55:32.988+0000] {dagbag.py:538} INFO - Filling up the DagBag from /opt/airflow/dags/airflow_dag_spark_streaming.py
[2026-01-29T10:55:33.032+0000] {processor.py:840} INFO - DAG(s) 'spark_sgp4_streaming' retrieved from /opt/airflow/dags/airflow_dag_spark_streaming.py
[2026-01-29T10:55:33.106+0000] {logging_mixin.py:188} INFO - [2026-01-29T10:55:33.105+0000] {dag.py:3036} INFO - Sync 1 DAGs
[2026-01-29T10:55:33.131+0000] {logging_mixin.py:188} INFO - [2026-01-29T10:55:33.130+0000] {dag.py:3823} INFO - Setting next_dagrun for spark_sgp4_streaming to None, run_after=None
[2026-01-29T10:55:33.156+0000] {processor.py:183} INFO - Processing /opt/airflow/dags/airflow_dag_spark_streaming.py took 0.180 seconds
[2026-01-29T10:56:03.326+0000] {processor.py:161} INFO - Started process (PID=3624) to work on /opt/airflow/dags/airflow_dag_spark_streaming.py
[2026-01-29T10:56:03.327+0000] {processor.py:830} INFO - Processing file /opt/airflow/dags/airflow_dag_spark_streaming.py for tasks to queue
[2026-01-29T10:56:03.329+0000] {logging_mixin.py:188} INFO - [2026-01-29T10:56:03.328+0000] {dagbag.py:538} INFO - Filling up the DagBag from /opt/airflow/dags/airflow_dag_spark_streaming.py
[2026-01-29T10:56:03.373+0000] {processor.py:840} INFO - DAG(s) 'spark_sgp4_streaming' retrieved from /opt/airflow/dags/airflow_dag_spark_streaming.py
[2026-01-29T10:56:03.460+0000] {logging_mixin.py:188} INFO - [2026-01-29T10:56:03.460+0000] {dag.py:3036} INFO - Sync 1 DAGs
[2026-01-29T10:56:03.485+0000] {logging_mixin.py:188} INFO - [2026-01-29T10:56:03.485+0000] {dag.py:3823} INFO - Setting next_dagrun for spark_sgp4_streaming to None, run_after=None
[2026-01-29T10:56:03.512+0000] {processor.py:183} INFO - Processing /opt/airflow/dags/airflow_dag_spark_streaming.py took 0.201 seconds
[2026-01-29T10:56:33.673+0000] {processor.py:161} INFO - Started process (PID=3634) to work on /opt/airflow/dags/airflow_dag_spark_streaming.py
[2026-01-29T10:56:33.675+0000] {processor.py:830} INFO - Processing file /opt/airflow/dags/airflow_dag_spark_streaming.py for tasks to queue
[2026-01-29T10:56:33.677+0000] {logging_mixin.py:188} INFO - [2026-01-29T10:56:33.676+0000] {dagbag.py:538} INFO - Filling up the DagBag from /opt/airflow/dags/airflow_dag_spark_streaming.py
[2026-01-29T10:56:33.712+0000] {processor.py:840} INFO - DAG(s) 'spark_sgp4_streaming' retrieved from /opt/airflow/dags/airflow_dag_spark_streaming.py
[2026-01-29T10:56:33.769+0000] {logging_mixin.py:188} INFO - [2026-01-29T10:56:33.769+0000] {dag.py:3036} INFO - Sync 1 DAGs
[2026-01-29T10:56:33.791+0000] {logging_mixin.py:188} INFO - [2026-01-29T10:56:33.791+0000] {dag.py:3823} INFO - Setting next_dagrun for spark_sgp4_streaming to None, run_after=None
[2026-01-29T10:56:33.817+0000] {processor.py:183} INFO - Processing /opt/airflow/dags/airflow_dag_spark_streaming.py took 0.152 seconds
[2026-01-29T10:57:03.983+0000] {processor.py:161} INFO - Started process (PID=3644) to work on /opt/airflow/dags/airflow_dag_spark_streaming.py
[2026-01-29T10:57:03.985+0000] {processor.py:830} INFO - Processing file /opt/airflow/dags/airflow_dag_spark_streaming.py for tasks to queue
[2026-01-29T10:57:03.987+0000] {logging_mixin.py:188} INFO - [2026-01-29T10:57:03.986+0000] {dagbag.py:538} INFO - Filling up the DagBag from /opt/airflow/dags/airflow_dag_spark_streaming.py
[2026-01-29T10:57:04.031+0000] {processor.py:840} INFO - DAG(s) 'spark_sgp4_streaming' retrieved from /opt/airflow/dags/airflow_dag_spark_streaming.py
[2026-01-29T10:57:04.128+0000] {logging_mixin.py:188} INFO - [2026-01-29T10:57:04.127+0000] {dag.py:3036} INFO - Sync 1 DAGs
[2026-01-29T10:57:04.153+0000] {logging_mixin.py:188} INFO - [2026-01-29T10:57:04.153+0000] {dag.py:3823} INFO - Setting next_dagrun for spark_sgp4_streaming to None, run_after=None
[2026-01-29T10:57:04.178+0000] {processor.py:183} INFO - Processing /opt/airflow/dags/airflow_dag_spark_streaming.py took 0.205 seconds
[2026-01-29T10:57:34.337+0000] {processor.py:161} INFO - Started process (PID=3654) to work on /opt/airflow/dags/airflow_dag_spark_streaming.py
[2026-01-29T10:57:34.339+0000] {processor.py:830} INFO - Processing file /opt/airflow/dags/airflow_dag_spark_streaming.py for tasks to queue
[2026-01-29T10:57:34.341+0000] {logging_mixin.py:188} INFO - [2026-01-29T10:57:34.340+0000] {dagbag.py:538} INFO - Filling up the DagBag from /opt/airflow/dags/airflow_dag_spark_streaming.py
[2026-01-29T10:57:34.384+0000] {processor.py:840} INFO - DAG(s) 'spark_sgp4_streaming' retrieved from /opt/airflow/dags/airflow_dag_spark_streaming.py
[2026-01-29T10:57:34.460+0000] {logging_mixin.py:188} INFO - [2026-01-29T10:57:34.459+0000] {dag.py:3036} INFO - Sync 1 DAGs
[2026-01-29T10:57:34.487+0000] {logging_mixin.py:188} INFO - [2026-01-29T10:57:34.487+0000] {dag.py:3823} INFO - Setting next_dagrun for spark_sgp4_streaming to None, run_after=None
[2026-01-29T10:57:34.516+0000] {processor.py:183} INFO - Processing /opt/airflow/dags/airflow_dag_spark_streaming.py took 0.191 seconds
[2026-01-29T10:58:04.674+0000] {processor.py:161} INFO - Started process (PID=3664) to work on /opt/airflow/dags/airflow_dag_spark_streaming.py
[2026-01-29T10:58:04.675+0000] {processor.py:830} INFO - Processing file /opt/airflow/dags/airflow_dag_spark_streaming.py for tasks to queue
[2026-01-29T10:58:04.678+0000] {logging_mixin.py:188} INFO - [2026-01-29T10:58:04.676+0000] {dagbag.py:538} INFO - Filling up the DagBag from /opt/airflow/dags/airflow_dag_spark_streaming.py
[2026-01-29T10:58:04.721+0000] {processor.py:840} INFO - DAG(s) 'spark_sgp4_streaming' retrieved from /opt/airflow/dags/airflow_dag_spark_streaming.py
[2026-01-29T10:58:04.798+0000] {logging_mixin.py:188} INFO - [2026-01-29T10:58:04.798+0000] {dag.py:3036} INFO - Sync 1 DAGs
[2026-01-29T10:58:04.821+0000] {logging_mixin.py:188} INFO - [2026-01-29T10:58:04.821+0000] {dag.py:3823} INFO - Setting next_dagrun for spark_sgp4_streaming to None, run_after=None
[2026-01-29T10:58:04.857+0000] {processor.py:183} INFO - Processing /opt/airflow/dags/airflow_dag_spark_streaming.py took 0.196 seconds
[2026-01-29T10:58:34.982+0000] {processor.py:161} INFO - Started process (PID=3674) to work on /opt/airflow/dags/airflow_dag_spark_streaming.py
[2026-01-29T10:58:34.984+0000] {processor.py:830} INFO - Processing file /opt/airflow/dags/airflow_dag_spark_streaming.py for tasks to queue
[2026-01-29T10:58:34.986+0000] {logging_mixin.py:188} INFO - [2026-01-29T10:58:34.985+0000] {dagbag.py:538} INFO - Filling up the DagBag from /opt/airflow/dags/airflow_dag_spark_streaming.py
[2026-01-29T10:58:35.010+0000] {processor.py:840} INFO - DAG(s) 'spark_sgp4_streaming' retrieved from /opt/airflow/dags/airflow_dag_spark_streaming.py
[2026-01-29T10:58:35.062+0000] {logging_mixin.py:188} INFO - [2026-01-29T10:58:35.061+0000] {dag.py:3036} INFO - Sync 1 DAGs
[2026-01-29T10:58:35.082+0000] {logging_mixin.py:188} INFO - [2026-01-29T10:58:35.082+0000] {dag.py:3823} INFO - Setting next_dagrun for spark_sgp4_streaming to None, run_after=None
[2026-01-29T10:58:35.107+0000] {processor.py:183} INFO - Processing /opt/airflow/dags/airflow_dag_spark_streaming.py took 0.137 seconds
[2026-01-29T10:59:05.267+0000] {processor.py:161} INFO - Started process (PID=3684) to work on /opt/airflow/dags/airflow_dag_spark_streaming.py
[2026-01-29T10:59:05.268+0000] {processor.py:830} INFO - Processing file /opt/airflow/dags/airflow_dag_spark_streaming.py for tasks to queue
[2026-01-29T10:59:05.269+0000] {logging_mixin.py:188} INFO - [2026-01-29T10:59:05.268+0000] {dagbag.py:538} INFO - Filling up the DagBag from /opt/airflow/dags/airflow_dag_spark_streaming.py
[2026-01-29T10:59:05.307+0000] {processor.py:840} INFO - DAG(s) 'spark_sgp4_streaming' retrieved from /opt/airflow/dags/airflow_dag_spark_streaming.py
[2026-01-29T10:59:05.372+0000] {logging_mixin.py:188} INFO - [2026-01-29T10:59:05.372+0000] {dag.py:3036} INFO - Sync 1 DAGs
[2026-01-29T10:59:05.395+0000] {logging_mixin.py:188} INFO - [2026-01-29T10:59:05.394+0000] {dag.py:3823} INFO - Setting next_dagrun for spark_sgp4_streaming to None, run_after=None
[2026-01-29T10:59:05.418+0000] {processor.py:183} INFO - Processing /opt/airflow/dags/airflow_dag_spark_streaming.py took 0.161 seconds
[2026-01-29T10:59:35.616+0000] {processor.py:161} INFO - Started process (PID=3694) to work on /opt/airflow/dags/airflow_dag_spark_streaming.py
[2026-01-29T10:59:35.618+0000] {processor.py:830} INFO - Processing file /opt/airflow/dags/airflow_dag_spark_streaming.py for tasks to queue
[2026-01-29T10:59:35.620+0000] {logging_mixin.py:188} INFO - [2026-01-29T10:59:35.619+0000] {dagbag.py:538} INFO - Filling up the DagBag from /opt/airflow/dags/airflow_dag_spark_streaming.py
[2026-01-29T10:59:35.667+0000] {processor.py:840} INFO - DAG(s) 'spark_sgp4_streaming' retrieved from /opt/airflow/dags/airflow_dag_spark_streaming.py
[2026-01-29T10:59:35.754+0000] {logging_mixin.py:188} INFO - [2026-01-29T10:59:35.754+0000] {dag.py:3036} INFO - Sync 1 DAGs
[2026-01-29T10:59:35.782+0000] {logging_mixin.py:188} INFO - [2026-01-29T10:59:35.782+0000] {dag.py:3823} INFO - Setting next_dagrun for spark_sgp4_streaming to None, run_after=None
[2026-01-29T10:59:35.811+0000] {processor.py:183} INFO - Processing /opt/airflow/dags/airflow_dag_spark_streaming.py took 0.214 seconds
[2026-01-29T11:00:05.986+0000] {processor.py:161} INFO - Started process (PID=3704) to work on /opt/airflow/dags/airflow_dag_spark_streaming.py
[2026-01-29T11:00:05.989+0000] {processor.py:830} INFO - Processing file /opt/airflow/dags/airflow_dag_spark_streaming.py for tasks to queue
[2026-01-29T11:00:05.991+0000] {logging_mixin.py:188} INFO - [2026-01-29T11:00:05.990+0000] {dagbag.py:538} INFO - Filling up the DagBag from /opt/airflow/dags/airflow_dag_spark_streaming.py
[2026-01-29T11:00:06.040+0000] {processor.py:840} INFO - DAG(s) 'spark_sgp4_streaming' retrieved from /opt/airflow/dags/airflow_dag_spark_streaming.py
[2026-01-29T11:00:06.110+0000] {logging_mixin.py:188} INFO - [2026-01-29T11:00:06.110+0000] {dag.py:3036} INFO - Sync 1 DAGs
[2026-01-29T11:00:06.136+0000] {logging_mixin.py:188} INFO - [2026-01-29T11:00:06.135+0000] {dag.py:3823} INFO - Setting next_dagrun for spark_sgp4_streaming to None, run_after=None
[2026-01-29T11:00:06.163+0000] {processor.py:183} INFO - Processing /opt/airflow/dags/airflow_dag_spark_streaming.py took 0.192 seconds
[2026-01-29T11:00:36.296+0000] {processor.py:161} INFO - Started process (PID=3714) to work on /opt/airflow/dags/airflow_dag_spark_streaming.py
[2026-01-29T11:00:36.298+0000] {processor.py:830} INFO - Processing file /opt/airflow/dags/airflow_dag_spark_streaming.py for tasks to queue
[2026-01-29T11:00:36.300+0000] {logging_mixin.py:188} INFO - [2026-01-29T11:00:36.299+0000] {dagbag.py:538} INFO - Filling up the DagBag from /opt/airflow/dags/airflow_dag_spark_streaming.py
[2026-01-29T11:00:36.346+0000] {processor.py:840} INFO - DAG(s) 'spark_sgp4_streaming' retrieved from /opt/airflow/dags/airflow_dag_spark_streaming.py
[2026-01-29T11:00:36.426+0000] {logging_mixin.py:188} INFO - [2026-01-29T11:00:36.426+0000] {dag.py:3036} INFO - Sync 1 DAGs
[2026-01-29T11:00:36.453+0000] {logging_mixin.py:188} INFO - [2026-01-29T11:00:36.453+0000] {dag.py:3823} INFO - Setting next_dagrun for spark_sgp4_streaming to None, run_after=None
[2026-01-29T11:00:36.481+0000] {processor.py:183} INFO - Processing /opt/airflow/dags/airflow_dag_spark_streaming.py took 0.197 seconds
[2026-01-29T11:01:06.639+0000] {processor.py:161} INFO - Started process (PID=3724) to work on /opt/airflow/dags/airflow_dag_spark_streaming.py
[2026-01-29T11:01:06.641+0000] {processor.py:830} INFO - Processing file /opt/airflow/dags/airflow_dag_spark_streaming.py for tasks to queue
[2026-01-29T11:01:06.643+0000] {logging_mixin.py:188} INFO - [2026-01-29T11:01:06.642+0000] {dagbag.py:538} INFO - Filling up the DagBag from /opt/airflow/dags/airflow_dag_spark_streaming.py
[2026-01-29T11:01:06.689+0000] {processor.py:840} INFO - DAG(s) 'spark_sgp4_streaming' retrieved from /opt/airflow/dags/airflow_dag_spark_streaming.py
[2026-01-29T11:01:06.765+0000] {logging_mixin.py:188} INFO - [2026-01-29T11:01:06.765+0000] {dag.py:3036} INFO - Sync 1 DAGs
[2026-01-29T11:01:06.791+0000] {logging_mixin.py:188} INFO - [2026-01-29T11:01:06.791+0000] {dag.py:3823} INFO - Setting next_dagrun for spark_sgp4_streaming to None, run_after=None
[2026-01-29T11:01:06.821+0000] {processor.py:183} INFO - Processing /opt/airflow/dags/airflow_dag_spark_streaming.py took 0.196 seconds
[2026-01-29T11:01:36.964+0000] {processor.py:161} INFO - Started process (PID=3734) to work on /opt/airflow/dags/airflow_dag_spark_streaming.py
[2026-01-29T11:01:36.965+0000] {processor.py:830} INFO - Processing file /opt/airflow/dags/airflow_dag_spark_streaming.py for tasks to queue
[2026-01-29T11:01:36.968+0000] {logging_mixin.py:188} INFO - [2026-01-29T11:01:36.966+0000] {dagbag.py:538} INFO - Filling up the DagBag from /opt/airflow/dags/airflow_dag_spark_streaming.py
[2026-01-29T11:01:37.014+0000] {processor.py:840} INFO - DAG(s) 'spark_sgp4_streaming' retrieved from /opt/airflow/dags/airflow_dag_spark_streaming.py
[2026-01-29T11:01:37.105+0000] {logging_mixin.py:188} INFO - [2026-01-29T11:01:37.105+0000] {dag.py:3036} INFO - Sync 1 DAGs
[2026-01-29T11:01:37.132+0000] {logging_mixin.py:188} INFO - [2026-01-29T11:01:37.132+0000] {dag.py:3823} INFO - Setting next_dagrun for spark_sgp4_streaming to None, run_after=None
[2026-01-29T11:01:37.163+0000] {processor.py:183} INFO - Processing /opt/airflow/dags/airflow_dag_spark_streaming.py took 0.211 seconds
[2026-01-29T11:02:07.314+0000] {processor.py:161} INFO - Started process (PID=3744) to work on /opt/airflow/dags/airflow_dag_spark_streaming.py
[2026-01-29T11:02:07.316+0000] {processor.py:830} INFO - Processing file /opt/airflow/dags/airflow_dag_spark_streaming.py for tasks to queue
[2026-01-29T11:02:07.318+0000] {logging_mixin.py:188} INFO - [2026-01-29T11:02:07.317+0000] {dagbag.py:538} INFO - Filling up the DagBag from /opt/airflow/dags/airflow_dag_spark_streaming.py
[2026-01-29T11:02:07.359+0000] {processor.py:840} INFO - DAG(s) 'spark_sgp4_streaming' retrieved from /opt/airflow/dags/airflow_dag_spark_streaming.py
[2026-01-29T11:02:07.429+0000] {logging_mixin.py:188} INFO - [2026-01-29T11:02:07.429+0000] {dag.py:3036} INFO - Sync 1 DAGs
[2026-01-29T11:02:07.457+0000] {logging_mixin.py:188} INFO - [2026-01-29T11:02:07.456+0000] {dag.py:3823} INFO - Setting next_dagrun for spark_sgp4_streaming to None, run_after=None
[2026-01-29T11:02:07.485+0000] {processor.py:183} INFO - Processing /opt/airflow/dags/airflow_dag_spark_streaming.py took 0.184 seconds
[2026-01-29T11:02:37.621+0000] {processor.py:161} INFO - Started process (PID=3754) to work on /opt/airflow/dags/airflow_dag_spark_streaming.py
[2026-01-29T11:02:37.623+0000] {processor.py:830} INFO - Processing file /opt/airflow/dags/airflow_dag_spark_streaming.py for tasks to queue
[2026-01-29T11:02:37.625+0000] {logging_mixin.py:188} INFO - [2026-01-29T11:02:37.624+0000] {dagbag.py:538} INFO - Filling up the DagBag from /opt/airflow/dags/airflow_dag_spark_streaming.py
[2026-01-29T11:02:37.669+0000] {processor.py:840} INFO - DAG(s) 'spark_sgp4_streaming' retrieved from /opt/airflow/dags/airflow_dag_spark_streaming.py
[2026-01-29T11:02:37.757+0000] {logging_mixin.py:188} INFO - [2026-01-29T11:02:37.757+0000] {dag.py:3036} INFO - Sync 1 DAGs
[2026-01-29T11:02:37.784+0000] {logging_mixin.py:188} INFO - [2026-01-29T11:02:37.784+0000] {dag.py:3823} INFO - Setting next_dagrun for spark_sgp4_streaming to None, run_after=None
[2026-01-29T11:02:37.812+0000] {processor.py:183} INFO - Processing /opt/airflow/dags/airflow_dag_spark_streaming.py took 0.204 seconds
[2026-01-29T11:03:07.978+0000] {processor.py:161} INFO - Started process (PID=3764) to work on /opt/airflow/dags/airflow_dag_spark_streaming.py
[2026-01-29T11:03:07.979+0000] {processor.py:830} INFO - Processing file /opt/airflow/dags/airflow_dag_spark_streaming.py for tasks to queue
[2026-01-29T11:03:07.981+0000] {logging_mixin.py:188} INFO - [2026-01-29T11:03:07.980+0000] {dagbag.py:538} INFO - Filling up the DagBag from /opt/airflow/dags/airflow_dag_spark_streaming.py
[2026-01-29T11:03:08.022+0000] {processor.py:840} INFO - DAG(s) 'spark_sgp4_streaming' retrieved from /opt/airflow/dags/airflow_dag_spark_streaming.py
[2026-01-29T11:03:08.098+0000] {logging_mixin.py:188} INFO - [2026-01-29T11:03:08.097+0000] {dag.py:3036} INFO - Sync 1 DAGs
[2026-01-29T11:03:08.122+0000] {logging_mixin.py:188} INFO - [2026-01-29T11:03:08.122+0000] {dag.py:3823} INFO - Setting next_dagrun for spark_sgp4_streaming to None, run_after=None
[2026-01-29T11:03:08.150+0000] {processor.py:183} INFO - Processing /opt/airflow/dags/airflow_dag_spark_streaming.py took 0.185 seconds
[2026-01-29T11:03:38.325+0000] {processor.py:161} INFO - Started process (PID=3774) to work on /opt/airflow/dags/airflow_dag_spark_streaming.py
[2026-01-29T11:03:38.327+0000] {processor.py:830} INFO - Processing file /opt/airflow/dags/airflow_dag_spark_streaming.py for tasks to queue
[2026-01-29T11:03:38.329+0000] {logging_mixin.py:188} INFO - [2026-01-29T11:03:38.328+0000] {dagbag.py:538} INFO - Filling up the DagBag from /opt/airflow/dags/airflow_dag_spark_streaming.py
[2026-01-29T11:03:38.367+0000] {processor.py:840} INFO - DAG(s) 'spark_sgp4_streaming' retrieved from /opt/airflow/dags/airflow_dag_spark_streaming.py
[2026-01-29T11:03:38.460+0000] {logging_mixin.py:188} INFO - [2026-01-29T11:03:38.460+0000] {dag.py:3036} INFO - Sync 1 DAGs
[2026-01-29T11:03:38.487+0000] {logging_mixin.py:188} INFO - [2026-01-29T11:03:38.486+0000] {dag.py:3823} INFO - Setting next_dagrun for spark_sgp4_streaming to None, run_after=None
[2026-01-29T11:03:38.514+0000] {processor.py:183} INFO - Processing /opt/airflow/dags/airflow_dag_spark_streaming.py took 0.199 seconds
[2026-01-29T11:04:08.715+0000] {processor.py:161} INFO - Started process (PID=3784) to work on /opt/airflow/dags/airflow_dag_spark_streaming.py
[2026-01-29T11:04:08.716+0000] {processor.py:830} INFO - Processing file /opt/airflow/dags/airflow_dag_spark_streaming.py for tasks to queue
[2026-01-29T11:04:08.718+0000] {logging_mixin.py:188} INFO - [2026-01-29T11:04:08.717+0000] {dagbag.py:538} INFO - Filling up the DagBag from /opt/airflow/dags/airflow_dag_spark_streaming.py
[2026-01-29T11:04:08.759+0000] {processor.py:840} INFO - DAG(s) 'spark_sgp4_streaming' retrieved from /opt/airflow/dags/airflow_dag_spark_streaming.py
[2026-01-29T11:04:08.820+0000] {logging_mixin.py:188} INFO - [2026-01-29T11:04:08.820+0000] {dag.py:3036} INFO - Sync 1 DAGs
[2026-01-29T11:04:08.849+0000] {logging_mixin.py:188} INFO - [2026-01-29T11:04:08.849+0000] {dag.py:3823} INFO - Setting next_dagrun for spark_sgp4_streaming to None, run_after=None
[2026-01-29T11:04:08.873+0000] {processor.py:183} INFO - Processing /opt/airflow/dags/airflow_dag_spark_streaming.py took 0.172 seconds
[2026-01-29T11:04:39.084+0000] {processor.py:161} INFO - Started process (PID=3794) to work on /opt/airflow/dags/airflow_dag_spark_streaming.py
[2026-01-29T11:04:39.086+0000] {processor.py:830} INFO - Processing file /opt/airflow/dags/airflow_dag_spark_streaming.py for tasks to queue
[2026-01-29T11:04:39.089+0000] {logging_mixin.py:188} INFO - [2026-01-29T11:04:39.087+0000] {dagbag.py:538} INFO - Filling up the DagBag from /opt/airflow/dags/airflow_dag_spark_streaming.py
[2026-01-29T11:04:39.127+0000] {processor.py:840} INFO - DAG(s) 'spark_sgp4_streaming' retrieved from /opt/airflow/dags/airflow_dag_spark_streaming.py
[2026-01-29T11:04:39.200+0000] {logging_mixin.py:188} INFO - [2026-01-29T11:04:39.199+0000] {dag.py:3036} INFO - Sync 1 DAGs
[2026-01-29T11:04:39.225+0000] {logging_mixin.py:188} INFO - [2026-01-29T11:04:39.225+0000] {dag.py:3823} INFO - Setting next_dagrun for spark_sgp4_streaming to None, run_after=None
[2026-01-29T11:04:39.249+0000] {processor.py:183} INFO - Processing /opt/airflow/dags/airflow_dag_spark_streaming.py took 0.173 seconds
[2026-01-29T11:05:09.433+0000] {processor.py:161} INFO - Started process (PID=3804) to work on /opt/airflow/dags/airflow_dag_spark_streaming.py
[2026-01-29T11:05:09.434+0000] {processor.py:830} INFO - Processing file /opt/airflow/dags/airflow_dag_spark_streaming.py for tasks to queue
[2026-01-29T11:05:09.436+0000] {logging_mixin.py:188} INFO - [2026-01-29T11:05:09.435+0000] {dagbag.py:538} INFO - Filling up the DagBag from /opt/airflow/dags/airflow_dag_spark_streaming.py
[2026-01-29T11:05:09.481+0000] {processor.py:840} INFO - DAG(s) 'spark_sgp4_streaming' retrieved from /opt/airflow/dags/airflow_dag_spark_streaming.py
[2026-01-29T11:05:09.559+0000] {logging_mixin.py:188} INFO - [2026-01-29T11:05:09.559+0000] {dag.py:3036} INFO - Sync 1 DAGs
[2026-01-29T11:05:09.587+0000] {logging_mixin.py:188} INFO - [2026-01-29T11:05:09.586+0000] {dag.py:3823} INFO - Setting next_dagrun for spark_sgp4_streaming to None, run_after=None
[2026-01-29T11:05:09.615+0000] {processor.py:183} INFO - Processing /opt/airflow/dags/airflow_dag_spark_streaming.py took 0.198 seconds
[2026-01-29T11:05:39.766+0000] {processor.py:161} INFO - Started process (PID=3814) to work on /opt/airflow/dags/airflow_dag_spark_streaming.py
[2026-01-29T11:05:39.768+0000] {processor.py:830} INFO - Processing file /opt/airflow/dags/airflow_dag_spark_streaming.py for tasks to queue
[2026-01-29T11:05:39.771+0000] {logging_mixin.py:188} INFO - [2026-01-29T11:05:39.769+0000] {dagbag.py:538} INFO - Filling up the DagBag from /opt/airflow/dags/airflow_dag_spark_streaming.py
[2026-01-29T11:05:39.811+0000] {processor.py:840} INFO - DAG(s) 'spark_sgp4_streaming' retrieved from /opt/airflow/dags/airflow_dag_spark_streaming.py
[2026-01-29T11:05:39.896+0000] {logging_mixin.py:188} INFO - [2026-01-29T11:05:39.895+0000] {dag.py:3036} INFO - Sync 1 DAGs
[2026-01-29T11:05:39.921+0000] {logging_mixin.py:188} INFO - [2026-01-29T11:05:39.921+0000] {dag.py:3823} INFO - Setting next_dagrun for spark_sgp4_streaming to None, run_after=None
[2026-01-29T11:05:39.949+0000] {processor.py:183} INFO - Processing /opt/airflow/dags/airflow_dag_spark_streaming.py took 0.192 seconds
[2026-01-29T11:06:10.105+0000] {processor.py:161} INFO - Started process (PID=3824) to work on /opt/airflow/dags/airflow_dag_spark_streaming.py
[2026-01-29T11:06:10.107+0000] {processor.py:830} INFO - Processing file /opt/airflow/dags/airflow_dag_spark_streaming.py for tasks to queue
[2026-01-29T11:06:10.109+0000] {logging_mixin.py:188} INFO - [2026-01-29T11:06:10.108+0000] {dagbag.py:538} INFO - Filling up the DagBag from /opt/airflow/dags/airflow_dag_spark_streaming.py
[2026-01-29T11:06:10.150+0000] {processor.py:840} INFO - DAG(s) 'spark_sgp4_streaming' retrieved from /opt/airflow/dags/airflow_dag_spark_streaming.py
[2026-01-29T11:06:10.214+0000] {logging_mixin.py:188} INFO - [2026-01-29T11:06:10.214+0000] {dag.py:3036} INFO - Sync 1 DAGs
[2026-01-29T11:06:10.241+0000] {logging_mixin.py:188} INFO - [2026-01-29T11:06:10.241+0000] {dag.py:3823} INFO - Setting next_dagrun for spark_sgp4_streaming to None, run_after=None
[2026-01-29T11:06:10.271+0000] {processor.py:183} INFO - Processing /opt/airflow/dags/airflow_dag_spark_streaming.py took 0.180 seconds
[2026-01-29T11:06:40.449+0000] {processor.py:161} INFO - Started process (PID=3834) to work on /opt/airflow/dags/airflow_dag_spark_streaming.py
[2026-01-29T11:06:40.450+0000] {processor.py:830} INFO - Processing file /opt/airflow/dags/airflow_dag_spark_streaming.py for tasks to queue
[2026-01-29T11:06:40.453+0000] {logging_mixin.py:188} INFO - [2026-01-29T11:06:40.451+0000] {dagbag.py:538} INFO - Filling up the DagBag from /opt/airflow/dags/airflow_dag_spark_streaming.py
[2026-01-29T11:06:40.499+0000] {processor.py:840} INFO - DAG(s) 'spark_sgp4_streaming' retrieved from /opt/airflow/dags/airflow_dag_spark_streaming.py
[2026-01-29T11:06:40.574+0000] {logging_mixin.py:188} INFO - [2026-01-29T11:06:40.573+0000] {dag.py:3036} INFO - Sync 1 DAGs
[2026-01-29T11:06:40.604+0000] {logging_mixin.py:188} INFO - [2026-01-29T11:06:40.603+0000] {dag.py:3823} INFO - Setting next_dagrun for spark_sgp4_streaming to None, run_after=None
[2026-01-29T11:06:40.635+0000] {processor.py:183} INFO - Processing /opt/airflow/dags/airflow_dag_spark_streaming.py took 0.201 seconds
[2026-01-29T11:07:10.781+0000] {processor.py:161} INFO - Started process (PID=3844) to work on /opt/airflow/dags/airflow_dag_spark_streaming.py
[2026-01-29T11:07:10.783+0000] {processor.py:830} INFO - Processing file /opt/airflow/dags/airflow_dag_spark_streaming.py for tasks to queue
[2026-01-29T11:07:10.786+0000] {logging_mixin.py:188} INFO - [2026-01-29T11:07:10.784+0000] {dagbag.py:538} INFO - Filling up the DagBag from /opt/airflow/dags/airflow_dag_spark_streaming.py
[2026-01-29T11:07:10.837+0000] {processor.py:840} INFO - DAG(s) 'spark_sgp4_streaming' retrieved from /opt/airflow/dags/airflow_dag_spark_streaming.py
[2026-01-29T11:07:10.920+0000] {logging_mixin.py:188} INFO - [2026-01-29T11:07:10.920+0000] {dag.py:3036} INFO - Sync 1 DAGs
[2026-01-29T11:07:10.948+0000] {logging_mixin.py:188} INFO - [2026-01-29T11:07:10.948+0000] {dag.py:3823} INFO - Setting next_dagrun for spark_sgp4_streaming to None, run_after=None
[2026-01-29T11:07:10.974+0000] {processor.py:183} INFO - Processing /opt/airflow/dags/airflow_dag_spark_streaming.py took 0.202 seconds
[2026-01-29T11:07:41.135+0000] {processor.py:161} INFO - Started process (PID=3854) to work on /opt/airflow/dags/airflow_dag_spark_streaming.py
[2026-01-29T11:07:41.136+0000] {processor.py:830} INFO - Processing file /opt/airflow/dags/airflow_dag_spark_streaming.py for tasks to queue
[2026-01-29T11:07:41.138+0000] {logging_mixin.py:188} INFO - [2026-01-29T11:07:41.137+0000] {dagbag.py:538} INFO - Filling up the DagBag from /opt/airflow/dags/airflow_dag_spark_streaming.py
[2026-01-29T11:07:41.164+0000] {processor.py:840} INFO - DAG(s) 'spark_sgp4_streaming' retrieved from /opt/airflow/dags/airflow_dag_spark_streaming.py
[2026-01-29T11:07:41.212+0000] {logging_mixin.py:188} INFO - [2026-01-29T11:07:41.211+0000] {dag.py:3036} INFO - Sync 1 DAGs
[2026-01-29T11:07:41.230+0000] {logging_mixin.py:188} INFO - [2026-01-29T11:07:41.229+0000] {dag.py:3823} INFO - Setting next_dagrun for spark_sgp4_streaming to None, run_after=None
[2026-01-29T11:07:41.251+0000] {processor.py:183} INFO - Processing /opt/airflow/dags/airflow_dag_spark_streaming.py took 0.129 seconds
[2026-01-29T11:08:11.414+0000] {processor.py:161} INFO - Started process (PID=3864) to work on /opt/airflow/dags/airflow_dag_spark_streaming.py
[2026-01-29T11:08:11.416+0000] {processor.py:830} INFO - Processing file /opt/airflow/dags/airflow_dag_spark_streaming.py for tasks to queue
[2026-01-29T11:08:11.419+0000] {logging_mixin.py:188} INFO - [2026-01-29T11:08:11.418+0000] {dagbag.py:538} INFO - Filling up the DagBag from /opt/airflow/dags/airflow_dag_spark_streaming.py
[2026-01-29T11:08:11.462+0000] {processor.py:840} INFO - DAG(s) 'spark_sgp4_streaming' retrieved from /opt/airflow/dags/airflow_dag_spark_streaming.py
[2026-01-29T11:08:11.549+0000] {logging_mixin.py:188} INFO - [2026-01-29T11:08:11.549+0000] {dag.py:3036} INFO - Sync 1 DAGs
[2026-01-29T11:08:11.577+0000] {logging_mixin.py:188} INFO - [2026-01-29T11:08:11.577+0000] {dag.py:3823} INFO - Setting next_dagrun for spark_sgp4_streaming to None, run_after=None
[2026-01-29T11:08:11.609+0000] {processor.py:183} INFO - Processing /opt/airflow/dags/airflow_dag_spark_streaming.py took 0.215 seconds
[2026-01-29T11:08:41.785+0000] {processor.py:161} INFO - Started process (PID=3874) to work on /opt/airflow/dags/airflow_dag_spark_streaming.py
[2026-01-29T11:08:41.787+0000] {processor.py:830} INFO - Processing file /opt/airflow/dags/airflow_dag_spark_streaming.py for tasks to queue
[2026-01-29T11:08:41.790+0000] {logging_mixin.py:188} INFO - [2026-01-29T11:08:41.788+0000] {dagbag.py:538} INFO - Filling up the DagBag from /opt/airflow/dags/airflow_dag_spark_streaming.py
[2026-01-29T11:08:41.838+0000] {processor.py:840} INFO - DAG(s) 'spark_sgp4_streaming' retrieved from /opt/airflow/dags/airflow_dag_spark_streaming.py
[2026-01-29T11:08:41.911+0000] {logging_mixin.py:188} INFO - [2026-01-29T11:08:41.911+0000] {dag.py:3036} INFO - Sync 1 DAGs
[2026-01-29T11:08:41.932+0000] {logging_mixin.py:188} INFO - [2026-01-29T11:08:41.932+0000] {dag.py:3823} INFO - Setting next_dagrun for spark_sgp4_streaming to None, run_after=None
[2026-01-29T11:08:41.955+0000] {processor.py:183} INFO - Processing /opt/airflow/dags/airflow_dag_spark_streaming.py took 0.182 seconds
[2026-01-29T11:09:12.098+0000] {processor.py:161} INFO - Started process (PID=3884) to work on /opt/airflow/dags/airflow_dag_spark_streaming.py
[2026-01-29T11:09:12.099+0000] {processor.py:830} INFO - Processing file /opt/airflow/dags/airflow_dag_spark_streaming.py for tasks to queue
[2026-01-29T11:09:12.101+0000] {logging_mixin.py:188} INFO - [2026-01-29T11:09:12.100+0000] {dagbag.py:538} INFO - Filling up the DagBag from /opt/airflow/dags/airflow_dag_spark_streaming.py
[2026-01-29T11:09:12.145+0000] {processor.py:840} INFO - DAG(s) 'spark_sgp4_streaming' retrieved from /opt/airflow/dags/airflow_dag_spark_streaming.py
[2026-01-29T11:09:12.229+0000] {logging_mixin.py:188} INFO - [2026-01-29T11:09:12.228+0000] {dag.py:3036} INFO - Sync 1 DAGs
[2026-01-29T11:09:12.253+0000] {logging_mixin.py:188} INFO - [2026-01-29T11:09:12.253+0000] {dag.py:3823} INFO - Setting next_dagrun for spark_sgp4_streaming to None, run_after=None
[2026-01-29T11:09:12.281+0000] {processor.py:183} INFO - Processing /opt/airflow/dags/airflow_dag_spark_streaming.py took 0.196 seconds
[2026-01-29T11:09:42.400+0000] {processor.py:161} INFO - Started process (PID=3894) to work on /opt/airflow/dags/airflow_dag_spark_streaming.py
[2026-01-29T11:09:42.402+0000] {processor.py:830} INFO - Processing file /opt/airflow/dags/airflow_dag_spark_streaming.py for tasks to queue
[2026-01-29T11:09:42.404+0000] {logging_mixin.py:188} INFO - [2026-01-29T11:09:42.403+0000] {dagbag.py:538} INFO - Filling up the DagBag from /opt/airflow/dags/airflow_dag_spark_streaming.py
[2026-01-29T11:09:42.448+0000] {processor.py:840} INFO - DAG(s) 'spark_sgp4_streaming' retrieved from /opt/airflow/dags/airflow_dag_spark_streaming.py
[2026-01-29T11:09:42.506+0000] {logging_mixin.py:188} INFO - [2026-01-29T11:09:42.506+0000] {dag.py:3036} INFO - Sync 1 DAGs
[2026-01-29T11:09:42.531+0000] {logging_mixin.py:188} INFO - [2026-01-29T11:09:42.531+0000] {dag.py:3823} INFO - Setting next_dagrun for spark_sgp4_streaming to None, run_after=None
[2026-01-29T11:09:42.553+0000] {processor.py:183} INFO - Processing /opt/airflow/dags/airflow_dag_spark_streaming.py took 0.163 seconds
[2026-01-29T11:10:12.719+0000] {processor.py:161} INFO - Started process (PID=3904) to work on /opt/airflow/dags/airflow_dag_spark_streaming.py
[2026-01-29T11:10:12.721+0000] {processor.py:830} INFO - Processing file /opt/airflow/dags/airflow_dag_spark_streaming.py for tasks to queue
[2026-01-29T11:10:12.723+0000] {logging_mixin.py:188} INFO - [2026-01-29T11:10:12.722+0000] {dagbag.py:538} INFO - Filling up the DagBag from /opt/airflow/dags/airflow_dag_spark_streaming.py
[2026-01-29T11:10:12.771+0000] {processor.py:840} INFO - DAG(s) 'spark_sgp4_streaming' retrieved from /opt/airflow/dags/airflow_dag_spark_streaming.py
[2026-01-29T11:10:12.852+0000] {logging_mixin.py:188} INFO - [2026-01-29T11:10:12.851+0000] {dag.py:3036} INFO - Sync 1 DAGs
[2026-01-29T11:10:12.876+0000] {logging_mixin.py:188} INFO - [2026-01-29T11:10:12.875+0000] {dag.py:3823} INFO - Setting next_dagrun for spark_sgp4_streaming to None, run_after=None
[2026-01-29T11:10:12.902+0000] {processor.py:183} INFO - Processing /opt/airflow/dags/airflow_dag_spark_streaming.py took 0.198 seconds
[2026-01-29T11:10:43.034+0000] {processor.py:161} INFO - Started process (PID=3914) to work on /opt/airflow/dags/airflow_dag_spark_streaming.py
[2026-01-29T11:10:43.035+0000] {processor.py:830} INFO - Processing file /opt/airflow/dags/airflow_dag_spark_streaming.py for tasks to queue
[2026-01-29T11:10:43.036+0000] {logging_mixin.py:188} INFO - [2026-01-29T11:10:43.035+0000] {dagbag.py:538} INFO - Filling up the DagBag from /opt/airflow/dags/airflow_dag_spark_streaming.py
[2026-01-29T11:10:43.048+0000] {processor.py:840} INFO - DAG(s) 'spark_sgp4_streaming' retrieved from /opt/airflow/dags/airflow_dag_spark_streaming.py
[2026-01-29T11:10:43.094+0000] {logging_mixin.py:188} INFO - [2026-01-29T11:10:43.094+0000] {dag.py:3036} INFO - Sync 1 DAGs
[2026-01-29T11:10:43.111+0000] {logging_mixin.py:188} INFO - [2026-01-29T11:10:43.111+0000] {dag.py:3823} INFO - Setting next_dagrun for spark_sgp4_streaming to None, run_after=None
[2026-01-29T11:10:43.131+0000] {processor.py:183} INFO - Processing /opt/airflow/dags/airflow_dag_spark_streaming.py took 0.100 seconds
[2026-01-29T11:11:13.290+0000] {processor.py:161} INFO - Started process (PID=3924) to work on /opt/airflow/dags/airflow_dag_spark_streaming.py
[2026-01-29T11:11:13.292+0000] {processor.py:830} INFO - Processing file /opt/airflow/dags/airflow_dag_spark_streaming.py for tasks to queue
[2026-01-29T11:11:13.294+0000] {logging_mixin.py:188} INFO - [2026-01-29T11:11:13.293+0000] {dagbag.py:538} INFO - Filling up the DagBag from /opt/airflow/dags/airflow_dag_spark_streaming.py
[2026-01-29T11:11:13.339+0000] {processor.py:840} INFO - DAG(s) 'spark_sgp4_streaming' retrieved from /opt/airflow/dags/airflow_dag_spark_streaming.py
[2026-01-29T11:11:13.413+0000] {logging_mixin.py:188} INFO - [2026-01-29T11:11:13.412+0000] {dag.py:3036} INFO - Sync 1 DAGs
[2026-01-29T11:11:13.440+0000] {logging_mixin.py:188} INFO - [2026-01-29T11:11:13.440+0000] {dag.py:3823} INFO - Setting next_dagrun for spark_sgp4_streaming to None, run_after=None
[2026-01-29T11:11:13.468+0000] {processor.py:183} INFO - Processing /opt/airflow/dags/airflow_dag_spark_streaming.py took 0.191 seconds
[2026-01-29T11:11:43.647+0000] {processor.py:161} INFO - Started process (PID=3934) to work on /opt/airflow/dags/airflow_dag_spark_streaming.py
[2026-01-29T11:11:43.650+0000] {processor.py:830} INFO - Processing file /opt/airflow/dags/airflow_dag_spark_streaming.py for tasks to queue
[2026-01-29T11:11:43.653+0000] {logging_mixin.py:188} INFO - [2026-01-29T11:11:43.652+0000] {dagbag.py:538} INFO - Filling up the DagBag from /opt/airflow/dags/airflow_dag_spark_streaming.py
[2026-01-29T11:11:43.695+0000] {processor.py:840} INFO - DAG(s) 'spark_sgp4_streaming' retrieved from /opt/airflow/dags/airflow_dag_spark_streaming.py
[2026-01-29T11:11:43.798+0000] {logging_mixin.py:188} INFO - [2026-01-29T11:11:43.797+0000] {dag.py:3036} INFO - Sync 1 DAGs
[2026-01-29T11:11:43.822+0000] {logging_mixin.py:188} INFO - [2026-01-29T11:11:43.822+0000] {dag.py:3823} INFO - Setting next_dagrun for spark_sgp4_streaming to None, run_after=None
[2026-01-29T11:11:43.849+0000] {processor.py:183} INFO - Processing /opt/airflow/dags/airflow_dag_spark_streaming.py took 0.215 seconds
[2026-01-29T11:12:13.979+0000] {processor.py:161} INFO - Started process (PID=3944) to work on /opt/airflow/dags/airflow_dag_spark_streaming.py
[2026-01-29T11:12:13.980+0000] {processor.py:830} INFO - Processing file /opt/airflow/dags/airflow_dag_spark_streaming.py for tasks to queue
[2026-01-29T11:12:13.981+0000] {logging_mixin.py:188} INFO - [2026-01-29T11:12:13.981+0000] {dagbag.py:538} INFO - Filling up the DagBag from /opt/airflow/dags/airflow_dag_spark_streaming.py
[2026-01-29T11:12:14.003+0000] {processor.py:840} INFO - DAG(s) 'spark_sgp4_streaming' retrieved from /opt/airflow/dags/airflow_dag_spark_streaming.py
[2026-01-29T11:12:14.046+0000] {logging_mixin.py:188} INFO - [2026-01-29T11:12:14.046+0000] {dag.py:3036} INFO - Sync 1 DAGs
[2026-01-29T11:12:14.063+0000] {logging_mixin.py:188} INFO - [2026-01-29T11:12:14.062+0000] {dag.py:3823} INFO - Setting next_dagrun for spark_sgp4_streaming to None, run_after=None
[2026-01-29T11:12:14.081+0000] {processor.py:183} INFO - Processing /opt/airflow/dags/airflow_dag_spark_streaming.py took 0.113 seconds
[2026-01-29T11:12:44.236+0000] {processor.py:161} INFO - Started process (PID=3954) to work on /opt/airflow/dags/airflow_dag_spark_streaming.py
[2026-01-29T11:12:44.238+0000] {processor.py:830} INFO - Processing file /opt/airflow/dags/airflow_dag_spark_streaming.py for tasks to queue
[2026-01-29T11:12:44.240+0000] {logging_mixin.py:188} INFO - [2026-01-29T11:12:44.239+0000] {dagbag.py:538} INFO - Filling up the DagBag from /opt/airflow/dags/airflow_dag_spark_streaming.py
[2026-01-29T11:12:44.282+0000] {processor.py:840} INFO - DAG(s) 'spark_sgp4_streaming' retrieved from /opt/airflow/dags/airflow_dag_spark_streaming.py
[2026-01-29T11:12:44.361+0000] {logging_mixin.py:188} INFO - [2026-01-29T11:12:44.361+0000] {dag.py:3036} INFO - Sync 1 DAGs
[2026-01-29T11:12:44.386+0000] {logging_mixin.py:188} INFO - [2026-01-29T11:12:44.386+0000] {dag.py:3823} INFO - Setting next_dagrun for spark_sgp4_streaming to None, run_after=None
[2026-01-29T11:12:44.412+0000] {processor.py:183} INFO - Processing /opt/airflow/dags/airflow_dag_spark_streaming.py took 0.186 seconds
[2026-01-29T11:13:14.575+0000] {processor.py:161} INFO - Started process (PID=3964) to work on /opt/airflow/dags/airflow_dag_spark_streaming.py
[2026-01-29T11:13:14.577+0000] {processor.py:830} INFO - Processing file /opt/airflow/dags/airflow_dag_spark_streaming.py for tasks to queue
[2026-01-29T11:13:14.579+0000] {logging_mixin.py:188} INFO - [2026-01-29T11:13:14.578+0000] {dagbag.py:538} INFO - Filling up the DagBag from /opt/airflow/dags/airflow_dag_spark_streaming.py
[2026-01-29T11:13:14.619+0000] {processor.py:840} INFO - DAG(s) 'spark_sgp4_streaming' retrieved from /opt/airflow/dags/airflow_dag_spark_streaming.py
[2026-01-29T11:13:14.698+0000] {logging_mixin.py:188} INFO - [2026-01-29T11:13:14.698+0000] {dag.py:3036} INFO - Sync 1 DAGs
[2026-01-29T11:13:14.724+0000] {logging_mixin.py:188} INFO - [2026-01-29T11:13:14.723+0000] {dag.py:3823} INFO - Setting next_dagrun for spark_sgp4_streaming to None, run_after=None
[2026-01-29T11:13:14.750+0000] {processor.py:183} INFO - Processing /opt/airflow/dags/airflow_dag_spark_streaming.py took 0.188 seconds
[2026-01-29T11:13:44.917+0000] {processor.py:161} INFO - Started process (PID=3974) to work on /opt/airflow/dags/airflow_dag_spark_streaming.py
[2026-01-29T11:13:44.918+0000] {processor.py:830} INFO - Processing file /opt/airflow/dags/airflow_dag_spark_streaming.py for tasks to queue
[2026-01-29T11:13:44.920+0000] {logging_mixin.py:188} INFO - [2026-01-29T11:13:44.919+0000] {dagbag.py:538} INFO - Filling up the DagBag from /opt/airflow/dags/airflow_dag_spark_streaming.py
[2026-01-29T11:13:44.964+0000] {processor.py:840} INFO - DAG(s) 'spark_sgp4_streaming' retrieved from /opt/airflow/dags/airflow_dag_spark_streaming.py
[2026-01-29T11:13:45.047+0000] {logging_mixin.py:188} INFO - [2026-01-29T11:13:45.046+0000] {dag.py:3036} INFO - Sync 1 DAGs
[2026-01-29T11:13:45.072+0000] {logging_mixin.py:188} INFO - [2026-01-29T11:13:45.072+0000] {dag.py:3823} INFO - Setting next_dagrun for spark_sgp4_streaming to None, run_after=None
[2026-01-29T11:13:45.099+0000] {processor.py:183} INFO - Processing /opt/airflow/dags/airflow_dag_spark_streaming.py took 0.194 seconds
[2026-01-29T11:14:15.292+0000] {processor.py:161} INFO - Started process (PID=3984) to work on /opt/airflow/dags/airflow_dag_spark_streaming.py
[2026-01-29T11:14:15.295+0000] {processor.py:830} INFO - Processing file /opt/airflow/dags/airflow_dag_spark_streaming.py for tasks to queue
[2026-01-29T11:14:15.297+0000] {logging_mixin.py:188} INFO - [2026-01-29T11:14:15.296+0000] {dagbag.py:538} INFO - Filling up the DagBag from /opt/airflow/dags/airflow_dag_spark_streaming.py
[2026-01-29T11:14:15.346+0000] {processor.py:840} INFO - DAG(s) 'spark_sgp4_streaming' retrieved from /opt/airflow/dags/airflow_dag_spark_streaming.py
[2026-01-29T11:14:15.411+0000] {logging_mixin.py:188} INFO - [2026-01-29T11:14:15.410+0000] {dag.py:3036} INFO - Sync 1 DAGs
[2026-01-29T11:14:15.433+0000] {logging_mixin.py:188} INFO - [2026-01-29T11:14:15.433+0000] {dag.py:3823} INFO - Setting next_dagrun for spark_sgp4_streaming to None, run_after=None
[2026-01-29T11:14:15.455+0000] {processor.py:183} INFO - Processing /opt/airflow/dags/airflow_dag_spark_streaming.py took 0.175 seconds
[2026-01-29T11:14:45.613+0000] {processor.py:161} INFO - Started process (PID=3994) to work on /opt/airflow/dags/airflow_dag_spark_streaming.py
[2026-01-29T11:14:45.615+0000] {processor.py:830} INFO - Processing file /opt/airflow/dags/airflow_dag_spark_streaming.py for tasks to queue
[2026-01-29T11:14:45.617+0000] {logging_mixin.py:188} INFO - [2026-01-29T11:14:45.616+0000] {dagbag.py:538} INFO - Filling up the DagBag from /opt/airflow/dags/airflow_dag_spark_streaming.py
[2026-01-29T11:14:45.654+0000] {processor.py:840} INFO - DAG(s) 'spark_sgp4_streaming' retrieved from /opt/airflow/dags/airflow_dag_spark_streaming.py
[2026-01-29T11:14:45.725+0000] {logging_mixin.py:188} INFO - [2026-01-29T11:14:45.724+0000] {dag.py:3036} INFO - Sync 1 DAGs
[2026-01-29T11:14:45.750+0000] {logging_mixin.py:188} INFO - [2026-01-29T11:14:45.750+0000] {dag.py:3823} INFO - Setting next_dagrun for spark_sgp4_streaming to None, run_after=None
[2026-01-29T11:14:45.777+0000] {processor.py:183} INFO - Processing /opt/airflow/dags/airflow_dag_spark_streaming.py took 0.174 seconds
[2026-01-29T11:15:15.938+0000] {processor.py:161} INFO - Started process (PID=4004) to work on /opt/airflow/dags/airflow_dag_spark_streaming.py
[2026-01-29T11:15:15.939+0000] {processor.py:830} INFO - Processing file /opt/airflow/dags/airflow_dag_spark_streaming.py for tasks to queue
[2026-01-29T11:15:15.941+0000] {logging_mixin.py:188} INFO - [2026-01-29T11:15:15.940+0000] {dagbag.py:538} INFO - Filling up the DagBag from /opt/airflow/dags/airflow_dag_spark_streaming.py
[2026-01-29T11:15:15.969+0000] {processor.py:840} INFO - DAG(s) 'spark_sgp4_streaming' retrieved from /opt/airflow/dags/airflow_dag_spark_streaming.py
[2026-01-29T11:15:16.037+0000] {logging_mixin.py:188} INFO - [2026-01-29T11:15:16.037+0000] {dag.py:3036} INFO - Sync 1 DAGs
[2026-01-29T11:15:16.059+0000] {logging_mixin.py:188} INFO - [2026-01-29T11:15:16.059+0000] {dag.py:3823} INFO - Setting next_dagrun for spark_sgp4_streaming to None, run_after=None
[2026-01-29T11:15:16.082+0000] {processor.py:183} INFO - Processing /opt/airflow/dags/airflow_dag_spark_streaming.py took 0.159 seconds
[2026-01-29T11:15:46.249+0000] {processor.py:161} INFO - Started process (PID=4014) to work on /opt/airflow/dags/airflow_dag_spark_streaming.py
[2026-01-29T11:15:46.251+0000] {processor.py:830} INFO - Processing file /opt/airflow/dags/airflow_dag_spark_streaming.py for tasks to queue
[2026-01-29T11:15:46.253+0000] {logging_mixin.py:188} INFO - [2026-01-29T11:15:46.252+0000] {dagbag.py:538} INFO - Filling up the DagBag from /opt/airflow/dags/airflow_dag_spark_streaming.py
[2026-01-29T11:15:46.302+0000] {processor.py:840} INFO - DAG(s) 'spark_sgp4_streaming' retrieved from /opt/airflow/dags/airflow_dag_spark_streaming.py
[2026-01-29T11:15:46.396+0000] {logging_mixin.py:188} INFO - [2026-01-29T11:15:46.396+0000] {dag.py:3036} INFO - Sync 1 DAGs
[2026-01-29T11:15:46.427+0000] {logging_mixin.py:188} INFO - [2026-01-29T11:15:46.427+0000] {dag.py:3823} INFO - Setting next_dagrun for spark_sgp4_streaming to None, run_after=None
[2026-01-29T11:15:46.453+0000] {processor.py:183} INFO - Processing /opt/airflow/dags/airflow_dag_spark_streaming.py took 0.218 seconds
[2026-01-29T11:16:16.605+0000] {processor.py:161} INFO - Started process (PID=4024) to work on /opt/airflow/dags/airflow_dag_spark_streaming.py
[2026-01-29T11:16:16.607+0000] {processor.py:830} INFO - Processing file /opt/airflow/dags/airflow_dag_spark_streaming.py for tasks to queue
[2026-01-29T11:16:16.609+0000] {logging_mixin.py:188} INFO - [2026-01-29T11:16:16.608+0000] {dagbag.py:538} INFO - Filling up the DagBag from /opt/airflow/dags/airflow_dag_spark_streaming.py
[2026-01-29T11:16:16.644+0000] {processor.py:840} INFO - DAG(s) 'spark_sgp4_streaming' retrieved from /opt/airflow/dags/airflow_dag_spark_streaming.py
[2026-01-29T11:16:16.706+0000] {logging_mixin.py:188} INFO - [2026-01-29T11:16:16.706+0000] {dag.py:3036} INFO - Sync 1 DAGs
[2026-01-29T11:16:16.730+0000] {logging_mixin.py:188} INFO - [2026-01-29T11:16:16.729+0000] {dag.py:3823} INFO - Setting next_dagrun for spark_sgp4_streaming to None, run_after=None
[2026-01-29T11:16:16.756+0000] {processor.py:183} INFO - Processing /opt/airflow/dags/airflow_dag_spark_streaming.py took 0.160 seconds
[2026-01-29T11:16:46.923+0000] {processor.py:161} INFO - Started process (PID=4034) to work on /opt/airflow/dags/airflow_dag_spark_streaming.py
[2026-01-29T11:16:46.924+0000] {processor.py:830} INFO - Processing file /opt/airflow/dags/airflow_dag_spark_streaming.py for tasks to queue
[2026-01-29T11:16:46.926+0000] {logging_mixin.py:188} INFO - [2026-01-29T11:16:46.925+0000] {dagbag.py:538} INFO - Filling up the DagBag from /opt/airflow/dags/airflow_dag_spark_streaming.py
[2026-01-29T11:16:46.970+0000] {processor.py:840} INFO - DAG(s) 'spark_sgp4_streaming' retrieved from /opt/airflow/dags/airflow_dag_spark_streaming.py
[2026-01-29T11:16:47.037+0000] {logging_mixin.py:188} INFO - [2026-01-29T11:16:47.037+0000] {dag.py:3036} INFO - Sync 1 DAGs
[2026-01-29T11:16:47.064+0000] {logging_mixin.py:188} INFO - [2026-01-29T11:16:47.063+0000] {dag.py:3823} INFO - Setting next_dagrun for spark_sgp4_streaming to None, run_after=None
[2026-01-29T11:16:47.092+0000] {processor.py:183} INFO - Processing /opt/airflow/dags/airflow_dag_spark_streaming.py took 0.179 seconds
[2026-01-29T11:17:17.244+0000] {processor.py:161} INFO - Started process (PID=4044) to work on /opt/airflow/dags/airflow_dag_spark_streaming.py
[2026-01-29T11:17:17.245+0000] {processor.py:830} INFO - Processing file /opt/airflow/dags/airflow_dag_spark_streaming.py for tasks to queue
[2026-01-29T11:17:17.247+0000] {logging_mixin.py:188} INFO - [2026-01-29T11:17:17.246+0000] {dagbag.py:538} INFO - Filling up the DagBag from /opt/airflow/dags/airflow_dag_spark_streaming.py
[2026-01-29T11:17:17.270+0000] {processor.py:840} INFO - DAG(s) 'spark_sgp4_streaming' retrieved from /opt/airflow/dags/airflow_dag_spark_streaming.py
[2026-01-29T11:17:17.328+0000] {logging_mixin.py:188} INFO - [2026-01-29T11:17:17.328+0000] {dag.py:3036} INFO - Sync 1 DAGs
[2026-01-29T11:17:17.349+0000] {logging_mixin.py:188} INFO - [2026-01-29T11:17:17.349+0000] {dag.py:3823} INFO - Setting next_dagrun for spark_sgp4_streaming to None, run_after=None
[2026-01-29T11:17:17.375+0000] {processor.py:183} INFO - Processing /opt/airflow/dags/airflow_dag_spark_streaming.py took 0.138 seconds
[2026-01-29T11:17:47.525+0000] {processor.py:161} INFO - Started process (PID=4054) to work on /opt/airflow/dags/airflow_dag_spark_streaming.py
[2026-01-29T11:17:47.528+0000] {processor.py:830} INFO - Processing file /opt/airflow/dags/airflow_dag_spark_streaming.py for tasks to queue
[2026-01-29T11:17:47.530+0000] {logging_mixin.py:188} INFO - [2026-01-29T11:17:47.529+0000] {dagbag.py:538} INFO - Filling up the DagBag from /opt/airflow/dags/airflow_dag_spark_streaming.py
[2026-01-29T11:17:47.566+0000] {processor.py:840} INFO - DAG(s) 'spark_sgp4_streaming' retrieved from /opt/airflow/dags/airflow_dag_spark_streaming.py
[2026-01-29T11:17:47.629+0000] {logging_mixin.py:188} INFO - [2026-01-29T11:17:47.629+0000] {dag.py:3036} INFO - Sync 1 DAGs
[2026-01-29T11:17:47.654+0000] {logging_mixin.py:188} INFO - [2026-01-29T11:17:47.653+0000] {dag.py:3823} INFO - Setting next_dagrun for spark_sgp4_streaming to None, run_after=None
[2026-01-29T11:17:47.686+0000] {processor.py:183} INFO - Processing /opt/airflow/dags/airflow_dag_spark_streaming.py took 0.169 seconds
[2026-01-29T11:18:17.844+0000] {processor.py:161} INFO - Started process (PID=4064) to work on /opt/airflow/dags/airflow_dag_spark_streaming.py
[2026-01-29T11:18:17.846+0000] {processor.py:830} INFO - Processing file /opt/airflow/dags/airflow_dag_spark_streaming.py for tasks to queue
[2026-01-29T11:18:17.849+0000] {logging_mixin.py:188} INFO - [2026-01-29T11:18:17.848+0000] {dagbag.py:538} INFO - Filling up the DagBag from /opt/airflow/dags/airflow_dag_spark_streaming.py
[2026-01-29T11:18:17.900+0000] {processor.py:840} INFO - DAG(s) 'spark_sgp4_streaming' retrieved from /opt/airflow/dags/airflow_dag_spark_streaming.py
[2026-01-29T11:18:17.987+0000] {logging_mixin.py:188} INFO - [2026-01-29T11:18:17.986+0000] {dag.py:3036} INFO - Sync 1 DAGs
[2026-01-29T11:18:18.012+0000] {logging_mixin.py:188} INFO - [2026-01-29T11:18:18.012+0000] {dag.py:3823} INFO - Setting next_dagrun for spark_sgp4_streaming to None, run_after=None
[2026-01-29T11:18:18.046+0000] {processor.py:183} INFO - Processing /opt/airflow/dags/airflow_dag_spark_streaming.py took 0.216 seconds
[2026-01-29T11:18:48.653+0000] {processor.py:161} INFO - Started process (PID=4074) to work on /opt/airflow/dags/airflow_dag_spark_streaming.py
[2026-01-29T11:18:48.655+0000] {processor.py:830} INFO - Processing file /opt/airflow/dags/airflow_dag_spark_streaming.py for tasks to queue
[2026-01-29T11:18:48.658+0000] {logging_mixin.py:188} INFO - [2026-01-29T11:18:48.657+0000] {dagbag.py:538} INFO - Filling up the DagBag from /opt/airflow/dags/airflow_dag_spark_streaming.py
[2026-01-29T11:18:48.705+0000] {processor.py:840} INFO - DAG(s) 'spark_sgp4_streaming' retrieved from /opt/airflow/dags/airflow_dag_spark_streaming.py
[2026-01-29T11:18:48.785+0000] {logging_mixin.py:188} INFO - [2026-01-29T11:18:48.785+0000] {dag.py:3036} INFO - Sync 1 DAGs
[2026-01-29T11:18:48.816+0000] {logging_mixin.py:188} INFO - [2026-01-29T11:18:48.816+0000] {dag.py:3823} INFO - Setting next_dagrun for spark_sgp4_streaming to None, run_after=None
[2026-01-29T11:18:48.850+0000] {processor.py:183} INFO - Processing /opt/airflow/dags/airflow_dag_spark_streaming.py took 0.208 seconds
[2026-01-29T11:19:19.051+0000] {processor.py:161} INFO - Started process (PID=4084) to work on /opt/airflow/dags/airflow_dag_spark_streaming.py
[2026-01-29T11:19:19.052+0000] {processor.py:830} INFO - Processing file /opt/airflow/dags/airflow_dag_spark_streaming.py for tasks to queue
[2026-01-29T11:19:19.054+0000] {logging_mixin.py:188} INFO - [2026-01-29T11:19:19.053+0000] {dagbag.py:538} INFO - Filling up the DagBag from /opt/airflow/dags/airflow_dag_spark_streaming.py
[2026-01-29T11:19:19.100+0000] {processor.py:840} INFO - DAG(s) 'spark_sgp4_streaming' retrieved from /opt/airflow/dags/airflow_dag_spark_streaming.py
[2026-01-29T11:19:19.191+0000] {logging_mixin.py:188} INFO - [2026-01-29T11:19:19.191+0000] {dag.py:3036} INFO - Sync 1 DAGs
[2026-01-29T11:19:19.214+0000] {logging_mixin.py:188} INFO - [2026-01-29T11:19:19.214+0000] {dag.py:3823} INFO - Setting next_dagrun for spark_sgp4_streaming to None, run_after=None
[2026-01-29T11:19:19.237+0000] {processor.py:183} INFO - Processing /opt/airflow/dags/airflow_dag_spark_streaming.py took 0.199 seconds
[2026-01-29T11:19:49.387+0000] {processor.py:161} INFO - Started process (PID=4094) to work on /opt/airflow/dags/airflow_dag_spark_streaming.py
[2026-01-29T11:19:49.388+0000] {processor.py:830} INFO - Processing file /opt/airflow/dags/airflow_dag_spark_streaming.py for tasks to queue
[2026-01-29T11:19:49.393+0000] {logging_mixin.py:188} INFO - [2026-01-29T11:19:49.389+0000] {dagbag.py:538} INFO - Filling up the DagBag from /opt/airflow/dags/airflow_dag_spark_streaming.py
[2026-01-29T11:19:49.418+0000] {processor.py:840} INFO - DAG(s) 'spark_sgp4_streaming' retrieved from /opt/airflow/dags/airflow_dag_spark_streaming.py
[2026-01-29T11:19:49.471+0000] {logging_mixin.py:188} INFO - [2026-01-29T11:19:49.471+0000] {dag.py:3036} INFO - Sync 1 DAGs
[2026-01-29T11:19:49.489+0000] {logging_mixin.py:188} INFO - [2026-01-29T11:19:49.489+0000] {dag.py:3823} INFO - Setting next_dagrun for spark_sgp4_streaming to None, run_after=None
[2026-01-29T11:19:49.507+0000] {processor.py:183} INFO - Processing /opt/airflow/dags/airflow_dag_spark_streaming.py took 0.131 seconds
[2026-01-29T11:20:19.674+0000] {processor.py:161} INFO - Started process (PID=4104) to work on /opt/airflow/dags/airflow_dag_spark_streaming.py
[2026-01-29T11:20:19.676+0000] {processor.py:830} INFO - Processing file /opt/airflow/dags/airflow_dag_spark_streaming.py for tasks to queue
[2026-01-29T11:20:19.679+0000] {logging_mixin.py:188} INFO - [2026-01-29T11:20:19.677+0000] {dagbag.py:538} INFO - Filling up the DagBag from /opt/airflow/dags/airflow_dag_spark_streaming.py
[2026-01-29T11:20:19.721+0000] {processor.py:840} INFO - DAG(s) 'spark_sgp4_streaming' retrieved from /opt/airflow/dags/airflow_dag_spark_streaming.py
[2026-01-29T11:20:19.813+0000] {logging_mixin.py:188} INFO - [2026-01-29T11:20:19.812+0000] {dag.py:3036} INFO - Sync 1 DAGs
[2026-01-29T11:20:19.837+0000] {logging_mixin.py:188} INFO - [2026-01-29T11:20:19.837+0000] {dag.py:3823} INFO - Setting next_dagrun for spark_sgp4_streaming to None, run_after=None
[2026-01-29T11:20:19.862+0000] {processor.py:183} INFO - Processing /opt/airflow/dags/airflow_dag_spark_streaming.py took 0.209 seconds
[2026-01-29T11:20:50.026+0000] {processor.py:161} INFO - Started process (PID=4114) to work on /opt/airflow/dags/airflow_dag_spark_streaming.py
[2026-01-29T11:20:50.027+0000] {processor.py:830} INFO - Processing file /opt/airflow/dags/airflow_dag_spark_streaming.py for tasks to queue
[2026-01-29T11:20:50.030+0000] {logging_mixin.py:188} INFO - [2026-01-29T11:20:50.029+0000] {dagbag.py:538} INFO - Filling up the DagBag from /opt/airflow/dags/airflow_dag_spark_streaming.py
[2026-01-29T11:20:50.072+0000] {processor.py:840} INFO - DAG(s) 'spark_sgp4_streaming' retrieved from /opt/airflow/dags/airflow_dag_spark_streaming.py
[2026-01-29T11:20:50.145+0000] {logging_mixin.py:188} INFO - [2026-01-29T11:20:50.144+0000] {dag.py:3036} INFO - Sync 1 DAGs
[2026-01-29T11:20:50.169+0000] {logging_mixin.py:188} INFO - [2026-01-29T11:20:50.169+0000] {dag.py:3823} INFO - Setting next_dagrun for spark_sgp4_streaming to None, run_after=None
[2026-01-29T11:20:50.198+0000] {processor.py:183} INFO - Processing /opt/airflow/dags/airflow_dag_spark_streaming.py took 0.184 seconds
[2026-01-29T11:21:20.355+0000] {processor.py:161} INFO - Started process (PID=4124) to work on /opt/airflow/dags/airflow_dag_spark_streaming.py
[2026-01-29T11:21:20.356+0000] {processor.py:830} INFO - Processing file /opt/airflow/dags/airflow_dag_spark_streaming.py for tasks to queue
[2026-01-29T11:21:20.359+0000] {logging_mixin.py:188} INFO - [2026-01-29T11:21:20.358+0000] {dagbag.py:538} INFO - Filling up the DagBag from /opt/airflow/dags/airflow_dag_spark_streaming.py
[2026-01-29T11:21:20.396+0000] {processor.py:840} INFO - DAG(s) 'spark_sgp4_streaming' retrieved from /opt/airflow/dags/airflow_dag_spark_streaming.py
[2026-01-29T11:21:20.462+0000] {logging_mixin.py:188} INFO - [2026-01-29T11:21:20.462+0000] {dag.py:3036} INFO - Sync 1 DAGs
[2026-01-29T11:21:20.478+0000] {logging_mixin.py:188} INFO - [2026-01-29T11:21:20.477+0000] {dag.py:3823} INFO - Setting next_dagrun for spark_sgp4_streaming to None, run_after=None
[2026-01-29T11:21:20.498+0000] {processor.py:183} INFO - Processing /opt/airflow/dags/airflow_dag_spark_streaming.py took 0.158 seconds
[2026-01-29T11:21:50.859+0000] {processor.py:161} INFO - Started process (PID=4134) to work on /opt/airflow/dags/airflow_dag_spark_streaming.py
[2026-01-29T11:21:50.860+0000] {processor.py:830} INFO - Processing file /opt/airflow/dags/airflow_dag_spark_streaming.py for tasks to queue
[2026-01-29T11:21:50.863+0000] {logging_mixin.py:188} INFO - [2026-01-29T11:21:50.862+0000] {dagbag.py:538} INFO - Filling up the DagBag from /opt/airflow/dags/airflow_dag_spark_streaming.py
[2026-01-29T11:21:50.885+0000] {processor.py:840} INFO - DAG(s) 'spark_sgp4_streaming' retrieved from /opt/airflow/dags/airflow_dag_spark_streaming.py
[2026-01-29T11:21:50.964+0000] {logging_mixin.py:188} INFO - [2026-01-29T11:21:50.963+0000] {dag.py:3036} INFO - Sync 1 DAGs
[2026-01-29T11:21:50.999+0000] {logging_mixin.py:188} INFO - [2026-01-29T11:21:50.999+0000] {dag.py:3823} INFO - Setting next_dagrun for spark_sgp4_streaming to None, run_after=None
[2026-01-29T11:21:51.034+0000] {processor.py:183} INFO - Processing /opt/airflow/dags/airflow_dag_spark_streaming.py took 0.184 seconds
[2026-01-29T11:22:21.223+0000] {processor.py:161} INFO - Started process (PID=4144) to work on /opt/airflow/dags/airflow_dag_spark_streaming.py
[2026-01-29T11:22:21.225+0000] {processor.py:830} INFO - Processing file /opt/airflow/dags/airflow_dag_spark_streaming.py for tasks to queue
[2026-01-29T11:22:21.228+0000] {logging_mixin.py:188} INFO - [2026-01-29T11:22:21.227+0000] {dagbag.py:538} INFO - Filling up the DagBag from /opt/airflow/dags/airflow_dag_spark_streaming.py
[2026-01-29T11:22:21.275+0000] {processor.py:840} INFO - DAG(s) 'spark_sgp4_streaming' retrieved from /opt/airflow/dags/airflow_dag_spark_streaming.py
[2026-01-29T11:22:21.359+0000] {logging_mixin.py:188} INFO - [2026-01-29T11:22:21.359+0000] {dag.py:3036} INFO - Sync 1 DAGs
[2026-01-29T11:22:21.387+0000] {logging_mixin.py:188} INFO - [2026-01-29T11:22:21.387+0000] {dag.py:3823} INFO - Setting next_dagrun for spark_sgp4_streaming to None, run_after=None
[2026-01-29T11:22:21.420+0000] {processor.py:183} INFO - Processing /opt/airflow/dags/airflow_dag_spark_streaming.py took 0.216 seconds
[2026-01-29T11:22:51.586+0000] {processor.py:161} INFO - Started process (PID=4154) to work on /opt/airflow/dags/airflow_dag_spark_streaming.py
[2026-01-29T11:22:51.588+0000] {processor.py:830} INFO - Processing file /opt/airflow/dags/airflow_dag_spark_streaming.py for tasks to queue
[2026-01-29T11:22:51.591+0000] {logging_mixin.py:188} INFO - [2026-01-29T11:22:51.589+0000] {dagbag.py:538} INFO - Filling up the DagBag from /opt/airflow/dags/airflow_dag_spark_streaming.py
[2026-01-29T11:22:51.630+0000] {processor.py:840} INFO - DAG(s) 'spark_sgp4_streaming' retrieved from /opt/airflow/dags/airflow_dag_spark_streaming.py
[2026-01-29T11:22:51.708+0000] {logging_mixin.py:188} INFO - [2026-01-29T11:22:51.708+0000] {dag.py:3036} INFO - Sync 1 DAGs
[2026-01-29T11:22:51.733+0000] {logging_mixin.py:188} INFO - [2026-01-29T11:22:51.732+0000] {dag.py:3823} INFO - Setting next_dagrun for spark_sgp4_streaming to None, run_after=None
[2026-01-29T11:22:51.760+0000] {processor.py:183} INFO - Processing /opt/airflow/dags/airflow_dag_spark_streaming.py took 0.186 seconds
[2026-01-29T11:23:21.909+0000] {processor.py:161} INFO - Started process (PID=4164) to work on /opt/airflow/dags/airflow_dag_spark_streaming.py
[2026-01-29T11:23:21.910+0000] {processor.py:830} INFO - Processing file /opt/airflow/dags/airflow_dag_spark_streaming.py for tasks to queue
[2026-01-29T11:23:21.913+0000] {logging_mixin.py:188} INFO - [2026-01-29T11:23:21.911+0000] {dagbag.py:538} INFO - Filling up the DagBag from /opt/airflow/dags/airflow_dag_spark_streaming.py
[2026-01-29T11:23:21.951+0000] {processor.py:840} INFO - DAG(s) 'spark_sgp4_streaming' retrieved from /opt/airflow/dags/airflow_dag_spark_streaming.py
[2026-01-29T11:23:22.021+0000] {logging_mixin.py:188} INFO - [2026-01-29T11:23:22.020+0000] {dag.py:3036} INFO - Sync 1 DAGs
[2026-01-29T11:23:22.048+0000] {logging_mixin.py:188} INFO - [2026-01-29T11:23:22.047+0000] {dag.py:3823} INFO - Setting next_dagrun for spark_sgp4_streaming to None, run_after=None
[2026-01-29T11:23:22.073+0000] {processor.py:183} INFO - Processing /opt/airflow/dags/airflow_dag_spark_streaming.py took 0.178 seconds
[2026-01-29T11:23:52.225+0000] {processor.py:161} INFO - Started process (PID=4174) to work on /opt/airflow/dags/airflow_dag_spark_streaming.py
[2026-01-29T11:23:52.226+0000] {processor.py:830} INFO - Processing file /opt/airflow/dags/airflow_dag_spark_streaming.py for tasks to queue
[2026-01-29T11:23:52.227+0000] {logging_mixin.py:188} INFO - [2026-01-29T11:23:52.227+0000] {dagbag.py:538} INFO - Filling up the DagBag from /opt/airflow/dags/airflow_dag_spark_streaming.py
[2026-01-29T11:23:52.246+0000] {processor.py:840} INFO - DAG(s) 'spark_sgp4_streaming' retrieved from /opt/airflow/dags/airflow_dag_spark_streaming.py
[2026-01-29T11:23:52.304+0000] {logging_mixin.py:188} INFO - [2026-01-29T11:23:52.304+0000] {dag.py:3036} INFO - Sync 1 DAGs
[2026-01-29T11:23:52.322+0000] {logging_mixin.py:188} INFO - [2026-01-29T11:23:52.321+0000] {dag.py:3823} INFO - Setting next_dagrun for spark_sgp4_streaming to None, run_after=None
[2026-01-29T11:23:52.345+0000] {processor.py:183} INFO - Processing /opt/airflow/dags/airflow_dag_spark_streaming.py took 0.126 seconds
[2026-01-29T11:24:22.520+0000] {processor.py:161} INFO - Started process (PID=4184) to work on /opt/airflow/dags/airflow_dag_spark_streaming.py
[2026-01-29T11:24:22.522+0000] {processor.py:830} INFO - Processing file /opt/airflow/dags/airflow_dag_spark_streaming.py for tasks to queue
[2026-01-29T11:24:22.524+0000] {logging_mixin.py:188} INFO - [2026-01-29T11:24:22.522+0000] {dagbag.py:538} INFO - Filling up the DagBag from /opt/airflow/dags/airflow_dag_spark_streaming.py
[2026-01-29T11:24:22.567+0000] {processor.py:840} INFO - DAG(s) 'spark_sgp4_streaming' retrieved from /opt/airflow/dags/airflow_dag_spark_streaming.py
[2026-01-29T11:24:22.641+0000] {logging_mixin.py:188} INFO - [2026-01-29T11:24:22.641+0000] {dag.py:3036} INFO - Sync 1 DAGs
[2026-01-29T11:24:22.665+0000] {logging_mixin.py:188} INFO - [2026-01-29T11:24:22.665+0000] {dag.py:3823} INFO - Setting next_dagrun for spark_sgp4_streaming to None, run_after=None
[2026-01-29T11:24:22.692+0000] {processor.py:183} INFO - Processing /opt/airflow/dags/airflow_dag_spark_streaming.py took 0.185 seconds
[2026-01-29T11:24:52.844+0000] {processor.py:161} INFO - Started process (PID=4194) to work on /opt/airflow/dags/airflow_dag_spark_streaming.py
[2026-01-29T11:24:52.845+0000] {processor.py:830} INFO - Processing file /opt/airflow/dags/airflow_dag_spark_streaming.py for tasks to queue
[2026-01-29T11:24:52.847+0000] {logging_mixin.py:188} INFO - [2026-01-29T11:24:52.846+0000] {dagbag.py:538} INFO - Filling up the DagBag from /opt/airflow/dags/airflow_dag_spark_streaming.py
[2026-01-29T11:24:52.866+0000] {processor.py:840} INFO - DAG(s) 'spark_sgp4_streaming' retrieved from /opt/airflow/dags/airflow_dag_spark_streaming.py
[2026-01-29T11:24:52.925+0000] {logging_mixin.py:188} INFO - [2026-01-29T11:24:52.924+0000] {dag.py:3036} INFO - Sync 1 DAGs
[2026-01-29T11:24:52.943+0000] {logging_mixin.py:188} INFO - [2026-01-29T11:24:52.942+0000] {dag.py:3823} INFO - Setting next_dagrun for spark_sgp4_streaming to None, run_after=None
[2026-01-29T11:24:52.964+0000] {processor.py:183} INFO - Processing /opt/airflow/dags/airflow_dag_spark_streaming.py took 0.127 seconds
[2026-01-29T11:25:23.125+0000] {processor.py:161} INFO - Started process (PID=4204) to work on /opt/airflow/dags/airflow_dag_spark_streaming.py
[2026-01-29T11:25:23.126+0000] {processor.py:830} INFO - Processing file /opt/airflow/dags/airflow_dag_spark_streaming.py for tasks to queue
[2026-01-29T11:25:23.128+0000] {logging_mixin.py:188} INFO - [2026-01-29T11:25:23.127+0000] {dagbag.py:538} INFO - Filling up the DagBag from /opt/airflow/dags/airflow_dag_spark_streaming.py
[2026-01-29T11:25:23.164+0000] {processor.py:840} INFO - DAG(s) 'spark_sgp4_streaming' retrieved from /opt/airflow/dags/airflow_dag_spark_streaming.py
[2026-01-29T11:25:23.219+0000] {logging_mixin.py:188} INFO - [2026-01-29T11:25:23.219+0000] {dag.py:3036} INFO - Sync 1 DAGs
[2026-01-29T11:25:23.241+0000] {logging_mixin.py:188} INFO - [2026-01-29T11:25:23.241+0000] {dag.py:3823} INFO - Setting next_dagrun for spark_sgp4_streaming to None, run_after=None
[2026-01-29T11:25:23.267+0000] {processor.py:183} INFO - Processing /opt/airflow/dags/airflow_dag_spark_streaming.py took 0.153 seconds
[2026-01-29T11:25:53.420+0000] {processor.py:161} INFO - Started process (PID=4214) to work on /opt/airflow/dags/airflow_dag_spark_streaming.py
[2026-01-29T11:25:53.421+0000] {processor.py:830} INFO - Processing file /opt/airflow/dags/airflow_dag_spark_streaming.py for tasks to queue
[2026-01-29T11:25:53.423+0000] {logging_mixin.py:188} INFO - [2026-01-29T11:25:53.422+0000] {dagbag.py:538} INFO - Filling up the DagBag from /opt/airflow/dags/airflow_dag_spark_streaming.py
[2026-01-29T11:25:53.438+0000] {processor.py:840} INFO - DAG(s) 'spark_sgp4_streaming' retrieved from /opt/airflow/dags/airflow_dag_spark_streaming.py
[2026-01-29T11:25:53.479+0000] {logging_mixin.py:188} INFO - [2026-01-29T11:25:53.479+0000] {dag.py:3036} INFO - Sync 1 DAGs
[2026-01-29T11:25:53.497+0000] {logging_mixin.py:188} INFO - [2026-01-29T11:25:53.497+0000] {dag.py:3823} INFO - Setting next_dagrun for spark_sgp4_streaming to None, run_after=None
[2026-01-29T11:25:53.517+0000] {processor.py:183} INFO - Processing /opt/airflow/dags/airflow_dag_spark_streaming.py took 0.102 seconds
[2026-01-29T11:26:23.686+0000] {processor.py:161} INFO - Started process (PID=4224) to work on /opt/airflow/dags/airflow_dag_spark_streaming.py
[2026-01-29T11:26:23.689+0000] {processor.py:830} INFO - Processing file /opt/airflow/dags/airflow_dag_spark_streaming.py for tasks to queue
[2026-01-29T11:26:23.691+0000] {logging_mixin.py:188} INFO - [2026-01-29T11:26:23.690+0000] {dagbag.py:538} INFO - Filling up the DagBag from /opt/airflow/dags/airflow_dag_spark_streaming.py
[2026-01-29T11:26:23.720+0000] {processor.py:840} INFO - DAG(s) 'spark_sgp4_streaming' retrieved from /opt/airflow/dags/airflow_dag_spark_streaming.py
[2026-01-29T11:26:23.764+0000] {logging_mixin.py:188} INFO - [2026-01-29T11:26:23.764+0000] {dag.py:3036} INFO - Sync 1 DAGs
[2026-01-29T11:26:23.784+0000] {logging_mixin.py:188} INFO - [2026-01-29T11:26:23.784+0000] {dag.py:3823} INFO - Setting next_dagrun for spark_sgp4_streaming to None, run_after=None
[2026-01-29T11:26:23.808+0000] {processor.py:183} INFO - Processing /opt/airflow/dags/airflow_dag_spark_streaming.py took 0.134 seconds
[2026-01-29T11:26:53.984+0000] {processor.py:161} INFO - Started process (PID=4234) to work on /opt/airflow/dags/airflow_dag_spark_streaming.py
[2026-01-29T11:26:53.986+0000] {processor.py:830} INFO - Processing file /opt/airflow/dags/airflow_dag_spark_streaming.py for tasks to queue
[2026-01-29T11:26:53.987+0000] {logging_mixin.py:188} INFO - [2026-01-29T11:26:53.986+0000] {dagbag.py:538} INFO - Filling up the DagBag from /opt/airflow/dags/airflow_dag_spark_streaming.py
[2026-01-29T11:26:54.017+0000] {processor.py:840} INFO - DAG(s) 'spark_sgp4_streaming' retrieved from /opt/airflow/dags/airflow_dag_spark_streaming.py
[2026-01-29T11:26:54.088+0000] {logging_mixin.py:188} INFO - [2026-01-29T11:26:54.088+0000] {dag.py:3036} INFO - Sync 1 DAGs
[2026-01-29T11:26:54.117+0000] {logging_mixin.py:188} INFO - [2026-01-29T11:26:54.116+0000] {dag.py:3823} INFO - Setting next_dagrun for spark_sgp4_streaming to None, run_after=None
[2026-01-29T11:26:54.149+0000] {processor.py:183} INFO - Processing /opt/airflow/dags/airflow_dag_spark_streaming.py took 0.174 seconds
[2026-01-29T11:27:24.309+0000] {processor.py:161} INFO - Started process (PID=4244) to work on /opt/airflow/dags/airflow_dag_spark_streaming.py
[2026-01-29T11:27:24.310+0000] {processor.py:830} INFO - Processing file /opt/airflow/dags/airflow_dag_spark_streaming.py for tasks to queue
[2026-01-29T11:27:24.312+0000] {logging_mixin.py:188} INFO - [2026-01-29T11:27:24.310+0000] {dagbag.py:538} INFO - Filling up the DagBag from /opt/airflow/dags/airflow_dag_spark_streaming.py
[2026-01-29T11:27:24.350+0000] {processor.py:840} INFO - DAG(s) 'spark_sgp4_streaming' retrieved from /opt/airflow/dags/airflow_dag_spark_streaming.py
[2026-01-29T11:27:24.440+0000] {logging_mixin.py:188} INFO - [2026-01-29T11:27:24.440+0000] {dag.py:3036} INFO - Sync 1 DAGs
[2026-01-29T11:27:24.459+0000] {logging_mixin.py:188} INFO - [2026-01-29T11:27:24.459+0000] {dag.py:3823} INFO - Setting next_dagrun for spark_sgp4_streaming to None, run_after=None
[2026-01-29T11:27:24.478+0000] {processor.py:183} INFO - Processing /opt/airflow/dags/airflow_dag_spark_streaming.py took 0.181 seconds
[2026-01-29T11:27:54.628+0000] {processor.py:161} INFO - Started process (PID=4254) to work on /opt/airflow/dags/airflow_dag_spark_streaming.py
[2026-01-29T11:27:54.630+0000] {processor.py:830} INFO - Processing file /opt/airflow/dags/airflow_dag_spark_streaming.py for tasks to queue
[2026-01-29T11:27:54.632+0000] {logging_mixin.py:188} INFO - [2026-01-29T11:27:54.631+0000] {dagbag.py:538} INFO - Filling up the DagBag from /opt/airflow/dags/airflow_dag_spark_streaming.py
[2026-01-29T11:27:54.652+0000] {processor.py:840} INFO - DAG(s) 'spark_sgp4_streaming' retrieved from /opt/airflow/dags/airflow_dag_spark_streaming.py
[2026-01-29T11:27:54.689+0000] {logging_mixin.py:188} INFO - [2026-01-29T11:27:54.689+0000] {dag.py:3036} INFO - Sync 1 DAGs
[2026-01-29T11:27:54.705+0000] {logging_mixin.py:188} INFO - [2026-01-29T11:27:54.705+0000] {dag.py:3823} INFO - Setting next_dagrun for spark_sgp4_streaming to None, run_after=None
[2026-01-29T11:27:54.726+0000] {processor.py:183} INFO - Processing /opt/airflow/dags/airflow_dag_spark_streaming.py took 0.104 seconds
[2026-01-29T11:28:24.883+0000] {processor.py:161} INFO - Started process (PID=4264) to work on /opt/airflow/dags/airflow_dag_spark_streaming.py
[2026-01-29T11:28:24.886+0000] {processor.py:830} INFO - Processing file /opt/airflow/dags/airflow_dag_spark_streaming.py for tasks to queue
[2026-01-29T11:28:24.887+0000] {logging_mixin.py:188} INFO - [2026-01-29T11:28:24.886+0000] {dagbag.py:538} INFO - Filling up the DagBag from /opt/airflow/dags/airflow_dag_spark_streaming.py
[2026-01-29T11:28:24.916+0000] {processor.py:840} INFO - DAG(s) 'spark_sgp4_streaming' retrieved from /opt/airflow/dags/airflow_dag_spark_streaming.py
[2026-01-29T11:28:24.972+0000] {logging_mixin.py:188} INFO - [2026-01-29T11:28:24.972+0000] {dag.py:3036} INFO - Sync 1 DAGs
[2026-01-29T11:28:24.997+0000] {logging_mixin.py:188} INFO - [2026-01-29T11:28:24.996+0000] {dag.py:3823} INFO - Setting next_dagrun for spark_sgp4_streaming to None, run_after=None
[2026-01-29T11:28:25.025+0000] {processor.py:183} INFO - Processing /opt/airflow/dags/airflow_dag_spark_streaming.py took 0.154 seconds
[2026-01-29T11:28:55.176+0000] {processor.py:161} INFO - Started process (PID=4274) to work on /opt/airflow/dags/airflow_dag_spark_streaming.py
[2026-01-29T11:28:55.177+0000] {processor.py:830} INFO - Processing file /opt/airflow/dags/airflow_dag_spark_streaming.py for tasks to queue
[2026-01-29T11:28:55.178+0000] {logging_mixin.py:188} INFO - [2026-01-29T11:28:55.178+0000] {dagbag.py:538} INFO - Filling up the DagBag from /opt/airflow/dags/airflow_dag_spark_streaming.py
[2026-01-29T11:28:55.195+0000] {processor.py:840} INFO - DAG(s) 'spark_sgp4_streaming' retrieved from /opt/airflow/dags/airflow_dag_spark_streaming.py
[2026-01-29T11:28:55.237+0000] {logging_mixin.py:188} INFO - [2026-01-29T11:28:55.236+0000] {dag.py:3036} INFO - Sync 1 DAGs
[2026-01-29T11:28:55.255+0000] {logging_mixin.py:188} INFO - [2026-01-29T11:28:55.255+0000] {dag.py:3823} INFO - Setting next_dagrun for spark_sgp4_streaming to None, run_after=None
[2026-01-29T11:28:55.279+0000] {processor.py:183} INFO - Processing /opt/airflow/dags/airflow_dag_spark_streaming.py took 0.107 seconds
[2026-01-29T11:29:25.434+0000] {processor.py:161} INFO - Started process (PID=4284) to work on /opt/airflow/dags/airflow_dag_spark_streaming.py
[2026-01-29T11:29:25.437+0000] {processor.py:830} INFO - Processing file /opt/airflow/dags/airflow_dag_spark_streaming.py for tasks to queue
[2026-01-29T11:29:25.440+0000] {logging_mixin.py:188} INFO - [2026-01-29T11:29:25.439+0000] {dagbag.py:538} INFO - Filling up the DagBag from /opt/airflow/dags/airflow_dag_spark_streaming.py
[2026-01-29T11:29:25.476+0000] {processor.py:840} INFO - DAG(s) 'spark_sgp4_streaming' retrieved from /opt/airflow/dags/airflow_dag_spark_streaming.py
[2026-01-29T11:29:25.531+0000] {logging_mixin.py:188} INFO - [2026-01-29T11:29:25.531+0000] {dag.py:3036} INFO - Sync 1 DAGs
[2026-01-29T11:29:25.557+0000] {logging_mixin.py:188} INFO - [2026-01-29T11:29:25.556+0000] {dag.py:3823} INFO - Setting next_dagrun for spark_sgp4_streaming to None, run_after=None
[2026-01-29T11:29:25.584+0000] {processor.py:183} INFO - Processing /opt/airflow/dags/airflow_dag_spark_streaming.py took 0.158 seconds
[2026-01-29T11:29:55.741+0000] {processor.py:161} INFO - Started process (PID=4294) to work on /opt/airflow/dags/airflow_dag_spark_streaming.py
[2026-01-29T11:29:55.742+0000] {processor.py:830} INFO - Processing file /opt/airflow/dags/airflow_dag_spark_streaming.py for tasks to queue
[2026-01-29T11:29:55.745+0000] {logging_mixin.py:188} INFO - [2026-01-29T11:29:55.743+0000] {dagbag.py:538} INFO - Filling up the DagBag from /opt/airflow/dags/airflow_dag_spark_streaming.py
[2026-01-29T11:29:55.783+0000] {processor.py:840} INFO - DAG(s) 'spark_sgp4_streaming' retrieved from /opt/airflow/dags/airflow_dag_spark_streaming.py
[2026-01-29T11:29:55.843+0000] {logging_mixin.py:188} INFO - [2026-01-29T11:29:55.842+0000] {dag.py:3036} INFO - Sync 1 DAGs
[2026-01-29T11:29:55.869+0000] {logging_mixin.py:188} INFO - [2026-01-29T11:29:55.869+0000] {dag.py:3823} INFO - Setting next_dagrun for spark_sgp4_streaming to None, run_after=None
[2026-01-29T11:29:55.893+0000] {processor.py:183} INFO - Processing /opt/airflow/dags/airflow_dag_spark_streaming.py took 0.161 seconds
[2026-01-29T11:30:26.046+0000] {processor.py:161} INFO - Started process (PID=4304) to work on /opt/airflow/dags/airflow_dag_spark_streaming.py
[2026-01-29T11:30:26.049+0000] {processor.py:830} INFO - Processing file /opt/airflow/dags/airflow_dag_spark_streaming.py for tasks to queue
[2026-01-29T11:30:26.052+0000] {logging_mixin.py:188} INFO - [2026-01-29T11:30:26.050+0000] {dagbag.py:538} INFO - Filling up the DagBag from /opt/airflow/dags/airflow_dag_spark_streaming.py
[2026-01-29T11:30:26.095+0000] {processor.py:840} INFO - DAG(s) 'spark_sgp4_streaming' retrieved from /opt/airflow/dags/airflow_dag_spark_streaming.py
[2026-01-29T11:30:26.149+0000] {logging_mixin.py:188} INFO - [2026-01-29T11:30:26.149+0000] {dag.py:3036} INFO - Sync 1 DAGs
[2026-01-29T11:30:26.168+0000] {logging_mixin.py:188} INFO - [2026-01-29T11:30:26.167+0000] {dag.py:3823} INFO - Setting next_dagrun for spark_sgp4_streaming to None, run_after=None
[2026-01-29T11:30:26.191+0000] {processor.py:183} INFO - Processing /opt/airflow/dags/airflow_dag_spark_streaming.py took 0.158 seconds
[2026-01-29T11:30:56.344+0000] {processor.py:161} INFO - Started process (PID=4314) to work on /opt/airflow/dags/airflow_dag_spark_streaming.py
[2026-01-29T11:30:56.347+0000] {processor.py:830} INFO - Processing file /opt/airflow/dags/airflow_dag_spark_streaming.py for tasks to queue
[2026-01-29T11:30:56.348+0000] {logging_mixin.py:188} INFO - [2026-01-29T11:30:56.347+0000] {dagbag.py:538} INFO - Filling up the DagBag from /opt/airflow/dags/airflow_dag_spark_streaming.py
[2026-01-29T11:30:56.363+0000] {processor.py:840} INFO - DAG(s) 'spark_sgp4_streaming' retrieved from /opt/airflow/dags/airflow_dag_spark_streaming.py
[2026-01-29T11:30:56.402+0000] {logging_mixin.py:188} INFO - [2026-01-29T11:30:56.402+0000] {dag.py:3036} INFO - Sync 1 DAGs
[2026-01-29T11:30:56.422+0000] {logging_mixin.py:188} INFO - [2026-01-29T11:30:56.422+0000] {dag.py:3823} INFO - Setting next_dagrun for spark_sgp4_streaming to None, run_after=None
[2026-01-29T11:30:56.444+0000] {processor.py:183} INFO - Processing /opt/airflow/dags/airflow_dag_spark_streaming.py took 0.104 seconds
[2026-01-29T11:31:26.609+0000] {processor.py:161} INFO - Started process (PID=4324) to work on /opt/airflow/dags/airflow_dag_spark_streaming.py
[2026-01-29T11:31:26.610+0000] {processor.py:830} INFO - Processing file /opt/airflow/dags/airflow_dag_spark_streaming.py for tasks to queue
[2026-01-29T11:31:26.613+0000] {logging_mixin.py:188} INFO - [2026-01-29T11:31:26.611+0000] {dagbag.py:538} INFO - Filling up the DagBag from /opt/airflow/dags/airflow_dag_spark_streaming.py
[2026-01-29T11:31:26.649+0000] {processor.py:840} INFO - DAG(s) 'spark_sgp4_streaming' retrieved from /opt/airflow/dags/airflow_dag_spark_streaming.py
[2026-01-29T11:31:26.695+0000] {logging_mixin.py:188} INFO - [2026-01-29T11:31:26.695+0000] {dag.py:3036} INFO - Sync 1 DAGs
[2026-01-29T11:31:26.712+0000] {logging_mixin.py:188} INFO - [2026-01-29T11:31:26.712+0000] {dag.py:3823} INFO - Setting next_dagrun for spark_sgp4_streaming to None, run_after=None
[2026-01-29T11:31:26.732+0000] {processor.py:183} INFO - Processing /opt/airflow/dags/airflow_dag_spark_streaming.py took 0.134 seconds
[2026-01-29T11:31:56.879+0000] {processor.py:161} INFO - Started process (PID=4334) to work on /opt/airflow/dags/airflow_dag_spark_streaming.py
[2026-01-29T11:31:56.880+0000] {processor.py:830} INFO - Processing file /opt/airflow/dags/airflow_dag_spark_streaming.py for tasks to queue
[2026-01-29T11:31:56.881+0000] {logging_mixin.py:188} INFO - [2026-01-29T11:31:56.881+0000] {dagbag.py:538} INFO - Filling up the DagBag from /opt/airflow/dags/airflow_dag_spark_streaming.py
[2026-01-29T11:31:56.897+0000] {processor.py:840} INFO - DAG(s) 'spark_sgp4_streaming' retrieved from /opt/airflow/dags/airflow_dag_spark_streaming.py
[2026-01-29T11:31:56.957+0000] {logging_mixin.py:188} INFO - [2026-01-29T11:31:56.956+0000] {dag.py:3036} INFO - Sync 1 DAGs
[2026-01-29T11:31:56.985+0000] {logging_mixin.py:188} INFO - [2026-01-29T11:31:56.985+0000] {dag.py:3823} INFO - Setting next_dagrun for spark_sgp4_streaming to None, run_after=None
[2026-01-29T11:31:57.016+0000] {processor.py:183} INFO - Processing /opt/airflow/dags/airflow_dag_spark_streaming.py took 0.140 seconds
[2026-01-29T11:32:27.175+0000] {processor.py:161} INFO - Started process (PID=4344) to work on /opt/airflow/dags/airflow_dag_spark_streaming.py
[2026-01-29T11:32:27.177+0000] {processor.py:830} INFO - Processing file /opt/airflow/dags/airflow_dag_spark_streaming.py for tasks to queue
[2026-01-29T11:32:27.179+0000] {logging_mixin.py:188} INFO - [2026-01-29T11:32:27.178+0000] {dagbag.py:538} INFO - Filling up the DagBag from /opt/airflow/dags/airflow_dag_spark_streaming.py
[2026-01-29T11:32:27.215+0000] {processor.py:840} INFO - DAG(s) 'spark_sgp4_streaming' retrieved from /opt/airflow/dags/airflow_dag_spark_streaming.py
[2026-01-29T11:32:27.269+0000] {logging_mixin.py:188} INFO - [2026-01-29T11:32:27.268+0000] {dag.py:3036} INFO - Sync 1 DAGs
[2026-01-29T11:32:27.289+0000] {logging_mixin.py:188} INFO - [2026-01-29T11:32:27.288+0000] {dag.py:3823} INFO - Setting next_dagrun for spark_sgp4_streaming to None, run_after=None
[2026-01-29T11:32:27.312+0000] {processor.py:183} INFO - Processing /opt/airflow/dags/airflow_dag_spark_streaming.py took 0.148 seconds
[2026-01-29T11:32:57.479+0000] {processor.py:161} INFO - Started process (PID=4354) to work on /opt/airflow/dags/airflow_dag_spark_streaming.py
[2026-01-29T11:32:57.481+0000] {processor.py:830} INFO - Processing file /opt/airflow/dags/airflow_dag_spark_streaming.py for tasks to queue
[2026-01-29T11:32:57.486+0000] {logging_mixin.py:188} INFO - [2026-01-29T11:32:57.482+0000] {dagbag.py:538} INFO - Filling up the DagBag from /opt/airflow/dags/airflow_dag_spark_streaming.py
[2026-01-29T11:32:57.534+0000] {processor.py:840} INFO - DAG(s) 'spark_sgp4_streaming' retrieved from /opt/airflow/dags/airflow_dag_spark_streaming.py
[2026-01-29T11:32:57.616+0000] {logging_mixin.py:188} INFO - [2026-01-29T11:32:57.615+0000] {dag.py:3036} INFO - Sync 1 DAGs
[2026-01-29T11:32:57.646+0000] {logging_mixin.py:188} INFO - [2026-01-29T11:32:57.645+0000] {dag.py:3823} INFO - Setting next_dagrun for spark_sgp4_streaming to None, run_after=None
[2026-01-29T11:32:57.683+0000] {processor.py:183} INFO - Processing /opt/airflow/dags/airflow_dag_spark_streaming.py took 0.216 seconds
[2026-01-29T11:33:27.822+0000] {processor.py:161} INFO - Started process (PID=4364) to work on /opt/airflow/dags/airflow_dag_spark_streaming.py
[2026-01-29T11:33:27.823+0000] {processor.py:830} INFO - Processing file /opt/airflow/dags/airflow_dag_spark_streaming.py for tasks to queue
[2026-01-29T11:33:27.823+0000] {logging_mixin.py:188} INFO - [2026-01-29T11:33:27.823+0000] {dagbag.py:538} INFO - Filling up the DagBag from /opt/airflow/dags/airflow_dag_spark_streaming.py
[2026-01-29T11:33:27.839+0000] {processor.py:840} INFO - DAG(s) 'spark_sgp4_streaming' retrieved from /opt/airflow/dags/airflow_dag_spark_streaming.py
[2026-01-29T11:33:27.877+0000] {logging_mixin.py:188} INFO - [2026-01-29T11:33:27.876+0000] {dag.py:3036} INFO - Sync 1 DAGs
[2026-01-29T11:33:27.894+0000] {logging_mixin.py:188} INFO - [2026-01-29T11:33:27.893+0000] {dag.py:3823} INFO - Setting next_dagrun for spark_sgp4_streaming to None, run_after=None
[2026-01-29T11:33:27.913+0000] {processor.py:183} INFO - Processing /opt/airflow/dags/airflow_dag_spark_streaming.py took 0.097 seconds
[2026-01-29T11:33:58.075+0000] {processor.py:161} INFO - Started process (PID=4374) to work on /opt/airflow/dags/airflow_dag_spark_streaming.py
[2026-01-29T11:33:58.078+0000] {processor.py:830} INFO - Processing file /opt/airflow/dags/airflow_dag_spark_streaming.py for tasks to queue
[2026-01-29T11:33:58.081+0000] {logging_mixin.py:188} INFO - [2026-01-29T11:33:58.079+0000] {dagbag.py:538} INFO - Filling up the DagBag from /opt/airflow/dags/airflow_dag_spark_streaming.py
[2026-01-29T11:33:58.116+0000] {processor.py:840} INFO - DAG(s) 'spark_sgp4_streaming' retrieved from /opt/airflow/dags/airflow_dag_spark_streaming.py
[2026-01-29T11:33:58.171+0000] {logging_mixin.py:188} INFO - [2026-01-29T11:33:58.171+0000] {dag.py:3036} INFO - Sync 1 DAGs
[2026-01-29T11:33:58.196+0000] {logging_mixin.py:188} INFO - [2026-01-29T11:33:58.196+0000] {dag.py:3823} INFO - Setting next_dagrun for spark_sgp4_streaming to None, run_after=None
[2026-01-29T11:33:58.227+0000] {processor.py:183} INFO - Processing /opt/airflow/dags/airflow_dag_spark_streaming.py took 0.162 seconds
[2026-01-29T11:34:28.409+0000] {processor.py:161} INFO - Started process (PID=4384) to work on /opt/airflow/dags/airflow_dag_spark_streaming.py
[2026-01-29T11:34:28.409+0000] {processor.py:830} INFO - Processing file /opt/airflow/dags/airflow_dag_spark_streaming.py for tasks to queue
[2026-01-29T11:34:28.410+0000] {logging_mixin.py:188} INFO - [2026-01-29T11:34:28.410+0000] {dagbag.py:538} INFO - Filling up the DagBag from /opt/airflow/dags/airflow_dag_spark_streaming.py
[2026-01-29T11:34:28.436+0000] {processor.py:840} INFO - DAG(s) 'spark_sgp4_streaming' retrieved from /opt/airflow/dags/airflow_dag_spark_streaming.py
[2026-01-29T11:34:28.513+0000] {logging_mixin.py:188} INFO - [2026-01-29T11:34:28.513+0000] {dag.py:3036} INFO - Sync 1 DAGs
[2026-01-29T11:34:28.539+0000] {logging_mixin.py:188} INFO - [2026-01-29T11:34:28.538+0000] {dag.py:3823} INFO - Setting next_dagrun for spark_sgp4_streaming to None, run_after=None
[2026-01-29T11:34:28.566+0000] {processor.py:183} INFO - Processing /opt/airflow/dags/airflow_dag_spark_streaming.py took 0.162 seconds
[2026-01-29T11:34:58.723+0000] {processor.py:161} INFO - Started process (PID=4394) to work on /opt/airflow/dags/airflow_dag_spark_streaming.py
[2026-01-29T11:34:58.725+0000] {processor.py:830} INFO - Processing file /opt/airflow/dags/airflow_dag_spark_streaming.py for tasks to queue
[2026-01-29T11:34:58.728+0000] {logging_mixin.py:188} INFO - [2026-01-29T11:34:58.726+0000] {dagbag.py:538} INFO - Filling up the DagBag from /opt/airflow/dags/airflow_dag_spark_streaming.py
[2026-01-29T11:34:58.768+0000] {processor.py:840} INFO - DAG(s) 'spark_sgp4_streaming' retrieved from /opt/airflow/dags/airflow_dag_spark_streaming.py
[2026-01-29T11:34:58.829+0000] {logging_mixin.py:188} INFO - [2026-01-29T11:34:58.829+0000] {dag.py:3036} INFO - Sync 1 DAGs
[2026-01-29T11:34:58.852+0000] {logging_mixin.py:188} INFO - [2026-01-29T11:34:58.852+0000] {dag.py:3823} INFO - Setting next_dagrun for spark_sgp4_streaming to None, run_after=None
[2026-01-29T11:34:58.874+0000] {processor.py:183} INFO - Processing /opt/airflow/dags/airflow_dag_spark_streaming.py took 0.161 seconds
[2026-01-29T11:35:29.028+0000] {processor.py:161} INFO - Started process (PID=4404) to work on /opt/airflow/dags/airflow_dag_spark_streaming.py
[2026-01-29T11:35:29.029+0000] {processor.py:830} INFO - Processing file /opt/airflow/dags/airflow_dag_spark_streaming.py for tasks to queue
[2026-01-29T11:35:29.031+0000] {logging_mixin.py:188} INFO - [2026-01-29T11:35:29.029+0000] {dagbag.py:538} INFO - Filling up the DagBag from /opt/airflow/dags/airflow_dag_spark_streaming.py
[2026-01-29T11:35:29.051+0000] {processor.py:840} INFO - DAG(s) 'spark_sgp4_streaming' retrieved from /opt/airflow/dags/airflow_dag_spark_streaming.py
[2026-01-29T11:35:29.118+0000] {logging_mixin.py:188} INFO - [2026-01-29T11:35:29.118+0000] {dag.py:3036} INFO - Sync 1 DAGs
[2026-01-29T11:35:29.143+0000] {logging_mixin.py:188} INFO - [2026-01-29T11:35:29.143+0000] {dag.py:3823} INFO - Setting next_dagrun for spark_sgp4_streaming to None, run_after=None
[2026-01-29T11:35:29.166+0000] {processor.py:183} INFO - Processing /opt/airflow/dags/airflow_dag_spark_streaming.py took 0.147 seconds
[2026-01-29T11:35:59.317+0000] {processor.py:161} INFO - Started process (PID=4414) to work on /opt/airflow/dags/airflow_dag_spark_streaming.py
[2026-01-29T11:35:59.318+0000] {processor.py:830} INFO - Processing file /opt/airflow/dags/airflow_dag_spark_streaming.py for tasks to queue
[2026-01-29T11:35:59.321+0000] {logging_mixin.py:188} INFO - [2026-01-29T11:35:59.319+0000] {dagbag.py:538} INFO - Filling up the DagBag from /opt/airflow/dags/airflow_dag_spark_streaming.py
[2026-01-29T11:35:59.363+0000] {processor.py:840} INFO - DAG(s) 'spark_sgp4_streaming' retrieved from /opt/airflow/dags/airflow_dag_spark_streaming.py
[2026-01-29T11:35:59.429+0000] {logging_mixin.py:188} INFO - [2026-01-29T11:35:59.429+0000] {dag.py:3036} INFO - Sync 1 DAGs
[2026-01-29T11:35:59.452+0000] {logging_mixin.py:188} INFO - [2026-01-29T11:35:59.452+0000] {dag.py:3823} INFO - Setting next_dagrun for spark_sgp4_streaming to None, run_after=None
[2026-01-29T11:35:59.476+0000] {processor.py:183} INFO - Processing /opt/airflow/dags/airflow_dag_spark_streaming.py took 0.170 seconds
[2026-01-29T11:36:29.631+0000] {processor.py:161} INFO - Started process (PID=4424) to work on /opt/airflow/dags/airflow_dag_spark_streaming.py
[2026-01-29T11:36:29.633+0000] {processor.py:830} INFO - Processing file /opt/airflow/dags/airflow_dag_spark_streaming.py for tasks to queue
[2026-01-29T11:36:29.636+0000] {logging_mixin.py:188} INFO - [2026-01-29T11:36:29.634+0000] {dagbag.py:538} INFO - Filling up the DagBag from /opt/airflow/dags/airflow_dag_spark_streaming.py
[2026-01-29T11:36:29.673+0000] {processor.py:840} INFO - DAG(s) 'spark_sgp4_streaming' retrieved from /opt/airflow/dags/airflow_dag_spark_streaming.py
[2026-01-29T11:36:29.741+0000] {logging_mixin.py:188} INFO - [2026-01-29T11:36:29.740+0000] {dag.py:3036} INFO - Sync 1 DAGs
[2026-01-29T11:36:29.763+0000] {logging_mixin.py:188} INFO - [2026-01-29T11:36:29.763+0000] {dag.py:3823} INFO - Setting next_dagrun for spark_sgp4_streaming to None, run_after=None
[2026-01-29T11:36:29.786+0000] {processor.py:183} INFO - Processing /opt/airflow/dags/airflow_dag_spark_streaming.py took 0.166 seconds
[2026-01-29T11:36:59.945+0000] {processor.py:161} INFO - Started process (PID=4434) to work on /opt/airflow/dags/airflow_dag_spark_streaming.py
[2026-01-29T11:36:59.946+0000] {processor.py:830} INFO - Processing file /opt/airflow/dags/airflow_dag_spark_streaming.py for tasks to queue
[2026-01-29T11:36:59.948+0000] {logging_mixin.py:188} INFO - [2026-01-29T11:36:59.947+0000] {dagbag.py:538} INFO - Filling up the DagBag from /opt/airflow/dags/airflow_dag_spark_streaming.py
[2026-01-29T11:36:59.971+0000] {processor.py:840} INFO - DAG(s) 'spark_sgp4_streaming' retrieved from /opt/airflow/dags/airflow_dag_spark_streaming.py
[2026-01-29T11:37:00.031+0000] {logging_mixin.py:188} INFO - [2026-01-29T11:37:00.031+0000] {dag.py:3036} INFO - Sync 1 DAGs
[2026-01-29T11:37:00.050+0000] {logging_mixin.py:188} INFO - [2026-01-29T11:37:00.050+0000] {dag.py:3823} INFO - Setting next_dagrun for spark_sgp4_streaming to None, run_after=None
[2026-01-29T11:37:00.076+0000] {processor.py:183} INFO - Processing /opt/airflow/dags/airflow_dag_spark_streaming.py took 0.138 seconds
[2026-01-29T11:37:30.219+0000] {processor.py:161} INFO - Started process (PID=4444) to work on /opt/airflow/dags/airflow_dag_spark_streaming.py
[2026-01-29T11:37:30.220+0000] {processor.py:830} INFO - Processing file /opt/airflow/dags/airflow_dag_spark_streaming.py for tasks to queue
[2026-01-29T11:37:30.222+0000] {logging_mixin.py:188} INFO - [2026-01-29T11:37:30.221+0000] {dagbag.py:538} INFO - Filling up the DagBag from /opt/airflow/dags/airflow_dag_spark_streaming.py
[2026-01-29T11:37:30.235+0000] {processor.py:840} INFO - DAG(s) 'spark_sgp4_streaming' retrieved from /opt/airflow/dags/airflow_dag_spark_streaming.py
[2026-01-29T11:37:30.272+0000] {logging_mixin.py:188} INFO - [2026-01-29T11:37:30.272+0000] {dag.py:3036} INFO - Sync 1 DAGs
[2026-01-29T11:37:30.289+0000] {logging_mixin.py:188} INFO - [2026-01-29T11:37:30.289+0000] {dag.py:3823} INFO - Setting next_dagrun for spark_sgp4_streaming to None, run_after=None
[2026-01-29T11:37:30.310+0000] {processor.py:183} INFO - Processing /opt/airflow/dags/airflow_dag_spark_streaming.py took 0.094 seconds
[2026-01-29T11:38:00.448+0000] {processor.py:161} INFO - Started process (PID=4454) to work on /opt/airflow/dags/airflow_dag_spark_streaming.py
[2026-01-29T11:38:00.449+0000] {processor.py:830} INFO - Processing file /opt/airflow/dags/airflow_dag_spark_streaming.py for tasks to queue
[2026-01-29T11:38:00.449+0000] {logging_mixin.py:188} INFO - [2026-01-29T11:38:00.449+0000] {dagbag.py:538} INFO - Filling up the DagBag from /opt/airflow/dags/airflow_dag_spark_streaming.py
[2026-01-29T11:38:00.460+0000] {processor.py:840} INFO - DAG(s) 'spark_sgp4_streaming' retrieved from /opt/airflow/dags/airflow_dag_spark_streaming.py
[2026-01-29T11:38:00.493+0000] {logging_mixin.py:188} INFO - [2026-01-29T11:38:00.493+0000] {dag.py:3036} INFO - Sync 1 DAGs
[2026-01-29T11:38:00.506+0000] {logging_mixin.py:188} INFO - [2026-01-29T11:38:00.506+0000] {dag.py:3823} INFO - Setting next_dagrun for spark_sgp4_streaming to None, run_after=None
[2026-01-29T11:38:00.524+0000] {processor.py:183} INFO - Processing /opt/airflow/dags/airflow_dag_spark_streaming.py took 0.079 seconds
[2026-01-29T11:38:30.667+0000] {processor.py:161} INFO - Started process (PID=4464) to work on /opt/airflow/dags/airflow_dag_spark_streaming.py
[2026-01-29T11:38:30.669+0000] {processor.py:830} INFO - Processing file /opt/airflow/dags/airflow_dag_spark_streaming.py for tasks to queue
[2026-01-29T11:38:30.670+0000] {logging_mixin.py:188} INFO - [2026-01-29T11:38:30.669+0000] {dagbag.py:538} INFO - Filling up the DagBag from /opt/airflow/dags/airflow_dag_spark_streaming.py
[2026-01-29T11:38:30.681+0000] {processor.py:840} INFO - DAG(s) 'spark_sgp4_streaming' retrieved from /opt/airflow/dags/airflow_dag_spark_streaming.py
[2026-01-29T11:38:30.714+0000] {logging_mixin.py:188} INFO - [2026-01-29T11:38:30.714+0000] {dag.py:3036} INFO - Sync 1 DAGs
[2026-01-29T11:38:30.728+0000] {logging_mixin.py:188} INFO - [2026-01-29T11:38:30.728+0000] {dag.py:3823} INFO - Setting next_dagrun for spark_sgp4_streaming to None, run_after=None
[2026-01-29T11:38:30.744+0000] {processor.py:183} INFO - Processing /opt/airflow/dags/airflow_dag_spark_streaming.py took 0.081 seconds
[2026-01-29T11:39:00.922+0000] {processor.py:161} INFO - Started process (PID=4474) to work on /opt/airflow/dags/airflow_dag_spark_streaming.py
[2026-01-29T11:39:00.925+0000] {processor.py:830} INFO - Processing file /opt/airflow/dags/airflow_dag_spark_streaming.py for tasks to queue
[2026-01-29T11:39:00.927+0000] {logging_mixin.py:188} INFO - [2026-01-29T11:39:00.926+0000] {dagbag.py:538} INFO - Filling up the DagBag from /opt/airflow/dags/airflow_dag_spark_streaming.py
[2026-01-29T11:39:00.948+0000] {processor.py:840} INFO - DAG(s) 'spark_sgp4_streaming' retrieved from /opt/airflow/dags/airflow_dag_spark_streaming.py
[2026-01-29T11:39:01.006+0000] {logging_mixin.py:188} INFO - [2026-01-29T11:39:01.006+0000] {dag.py:3036} INFO - Sync 1 DAGs
[2026-01-29T11:39:01.032+0000] {logging_mixin.py:188} INFO - [2026-01-29T11:39:01.032+0000] {dag.py:3823} INFO - Setting next_dagrun for spark_sgp4_streaming to None, run_after=None
[2026-01-29T11:39:01.061+0000] {processor.py:183} INFO - Processing /opt/airflow/dags/airflow_dag_spark_streaming.py took 0.146 seconds
[2026-01-29T11:39:31.249+0000] {processor.py:161} INFO - Started process (PID=4484) to work on /opt/airflow/dags/airflow_dag_spark_streaming.py
[2026-01-29T11:39:31.252+0000] {processor.py:830} INFO - Processing file /opt/airflow/dags/airflow_dag_spark_streaming.py for tasks to queue
[2026-01-29T11:39:31.254+0000] {logging_mixin.py:188} INFO - [2026-01-29T11:39:31.253+0000] {dagbag.py:538} INFO - Filling up the DagBag from /opt/airflow/dags/airflow_dag_spark_streaming.py
[2026-01-29T11:39:31.276+0000] {processor.py:840} INFO - DAG(s) 'spark_sgp4_streaming' retrieved from /opt/airflow/dags/airflow_dag_spark_streaming.py
[2026-01-29T11:39:31.314+0000] {logging_mixin.py:188} INFO - [2026-01-29T11:39:31.314+0000] {dag.py:3036} INFO - Sync 1 DAGs
[2026-01-29T11:39:31.330+0000] {logging_mixin.py:188} INFO - [2026-01-29T11:39:31.330+0000] {dag.py:3823} INFO - Setting next_dagrun for spark_sgp4_streaming to None, run_after=None
[2026-01-29T11:39:31.348+0000] {processor.py:183} INFO - Processing /opt/airflow/dags/airflow_dag_spark_streaming.py took 0.105 seconds
[2026-01-29T11:40:01.543+0000] {processor.py:161} INFO - Started process (PID=4494) to work on /opt/airflow/dags/airflow_dag_spark_streaming.py
[2026-01-29T11:40:01.545+0000] {processor.py:830} INFO - Processing file /opt/airflow/dags/airflow_dag_spark_streaming.py for tasks to queue
[2026-01-29T11:40:01.546+0000] {logging_mixin.py:188} INFO - [2026-01-29T11:40:01.545+0000] {dagbag.py:538} INFO - Filling up the DagBag from /opt/airflow/dags/airflow_dag_spark_streaming.py
[2026-01-29T11:40:01.559+0000] {processor.py:840} INFO - DAG(s) 'spark_sgp4_streaming' retrieved from /opt/airflow/dags/airflow_dag_spark_streaming.py
[2026-01-29T11:40:01.609+0000] {logging_mixin.py:188} INFO - [2026-01-29T11:40:01.608+0000] {dag.py:3036} INFO - Sync 1 DAGs
[2026-01-29T11:40:01.635+0000] {logging_mixin.py:188} INFO - [2026-01-29T11:40:01.635+0000] {dag.py:3823} INFO - Setting next_dagrun for spark_sgp4_streaming to None, run_after=None
[2026-01-29T11:40:01.667+0000] {processor.py:183} INFO - Processing /opt/airflow/dags/airflow_dag_spark_streaming.py took 0.128 seconds
[2026-01-29T11:40:31.873+0000] {processor.py:161} INFO - Started process (PID=4504) to work on /opt/airflow/dags/airflow_dag_spark_streaming.py
[2026-01-29T11:40:31.876+0000] {processor.py:830} INFO - Processing file /opt/airflow/dags/airflow_dag_spark_streaming.py for tasks to queue
[2026-01-29T11:40:31.878+0000] {logging_mixin.py:188} INFO - [2026-01-29T11:40:31.877+0000] {dagbag.py:538} INFO - Filling up the DagBag from /opt/airflow/dags/airflow_dag_spark_streaming.py
[2026-01-29T11:40:31.898+0000] {processor.py:840} INFO - DAG(s) 'spark_sgp4_streaming' retrieved from /opt/airflow/dags/airflow_dag_spark_streaming.py
[2026-01-29T11:40:31.955+0000] {logging_mixin.py:188} INFO - [2026-01-29T11:40:31.954+0000] {dag.py:3036} INFO - Sync 1 DAGs
[2026-01-29T11:40:31.980+0000] {logging_mixin.py:188} INFO - [2026-01-29T11:40:31.979+0000] {dag.py:3823} INFO - Setting next_dagrun for spark_sgp4_streaming to None, run_after=None
[2026-01-29T11:40:32.009+0000] {processor.py:183} INFO - Processing /opt/airflow/dags/airflow_dag_spark_streaming.py took 0.142 seconds
[2026-01-29T11:41:02.215+0000] {processor.py:161} INFO - Started process (PID=4514) to work on /opt/airflow/dags/airflow_dag_spark_streaming.py
[2026-01-29T11:41:02.218+0000] {processor.py:830} INFO - Processing file /opt/airflow/dags/airflow_dag_spark_streaming.py for tasks to queue
[2026-01-29T11:41:02.220+0000] {logging_mixin.py:188} INFO - [2026-01-29T11:41:02.219+0000] {dagbag.py:538} INFO - Filling up the DagBag from /opt/airflow/dags/airflow_dag_spark_streaming.py
[2026-01-29T11:41:02.241+0000] {processor.py:840} INFO - DAG(s) 'spark_sgp4_streaming' retrieved from /opt/airflow/dags/airflow_dag_spark_streaming.py
[2026-01-29T11:41:02.298+0000] {logging_mixin.py:188} INFO - [2026-01-29T11:41:02.298+0000] {dag.py:3036} INFO - Sync 1 DAGs
[2026-01-29T11:41:02.324+0000] {logging_mixin.py:188} INFO - [2026-01-29T11:41:02.323+0000] {dag.py:3823} INFO - Setting next_dagrun for spark_sgp4_streaming to None, run_after=None
[2026-01-29T11:41:02.356+0000] {processor.py:183} INFO - Processing /opt/airflow/dags/airflow_dag_spark_streaming.py took 0.147 seconds
[2026-01-29T11:41:32.542+0000] {processor.py:161} INFO - Started process (PID=4524) to work on /opt/airflow/dags/airflow_dag_spark_streaming.py
[2026-01-29T11:41:32.545+0000] {processor.py:830} INFO - Processing file /opt/airflow/dags/airflow_dag_spark_streaming.py for tasks to queue
[2026-01-29T11:41:32.547+0000] {logging_mixin.py:188} INFO - [2026-01-29T11:41:32.546+0000] {dagbag.py:538} INFO - Filling up the DagBag from /opt/airflow/dags/airflow_dag_spark_streaming.py
[2026-01-29T11:41:32.564+0000] {processor.py:840} INFO - DAG(s) 'spark_sgp4_streaming' retrieved from /opt/airflow/dags/airflow_dag_spark_streaming.py
[2026-01-29T11:41:32.604+0000] {logging_mixin.py:188} INFO - [2026-01-29T11:41:32.604+0000] {dag.py:3036} INFO - Sync 1 DAGs
[2026-01-29T11:41:32.621+0000] {logging_mixin.py:188} INFO - [2026-01-29T11:41:32.621+0000] {dag.py:3823} INFO - Setting next_dagrun for spark_sgp4_streaming to None, run_after=None
[2026-01-29T11:41:32.640+0000] {processor.py:183} INFO - Processing /opt/airflow/dags/airflow_dag_spark_streaming.py took 0.105 seconds
[2026-01-29T11:42:02.830+0000] {processor.py:161} INFO - Started process (PID=4534) to work on /opt/airflow/dags/airflow_dag_spark_streaming.py
[2026-01-29T11:42:02.833+0000] {processor.py:830} INFO - Processing file /opt/airflow/dags/airflow_dag_spark_streaming.py for tasks to queue
[2026-01-29T11:42:02.834+0000] {logging_mixin.py:188} INFO - [2026-01-29T11:42:02.834+0000] {dagbag.py:538} INFO - Filling up the DagBag from /opt/airflow/dags/airflow_dag_spark_streaming.py
[2026-01-29T11:42:02.848+0000] {processor.py:840} INFO - DAG(s) 'spark_sgp4_streaming' retrieved from /opt/airflow/dags/airflow_dag_spark_streaming.py
[2026-01-29T11:42:02.897+0000] {logging_mixin.py:188} INFO - [2026-01-29T11:42:02.897+0000] {dag.py:3036} INFO - Sync 1 DAGs
[2026-01-29T11:42:02.922+0000] {logging_mixin.py:188} INFO - [2026-01-29T11:42:02.922+0000] {dag.py:3823} INFO - Setting next_dagrun for spark_sgp4_streaming to None, run_after=None
[2026-01-29T11:42:02.947+0000] {processor.py:183} INFO - Processing /opt/airflow/dags/airflow_dag_spark_streaming.py took 0.121 seconds
[2026-01-29T11:42:33.129+0000] {processor.py:161} INFO - Started process (PID=4544) to work on /opt/airflow/dags/airflow_dag_spark_streaming.py
[2026-01-29T11:42:33.131+0000] {processor.py:830} INFO - Processing file /opt/airflow/dags/airflow_dag_spark_streaming.py for tasks to queue
[2026-01-29T11:42:33.132+0000] {logging_mixin.py:188} INFO - [2026-01-29T11:42:33.131+0000] {dagbag.py:538} INFO - Filling up the DagBag from /opt/airflow/dags/airflow_dag_spark_streaming.py
[2026-01-29T11:42:33.150+0000] {processor.py:840} INFO - DAG(s) 'spark_sgp4_streaming' retrieved from /opt/airflow/dags/airflow_dag_spark_streaming.py
[2026-01-29T11:42:33.201+0000] {logging_mixin.py:188} INFO - [2026-01-29T11:42:33.200+0000] {dag.py:3036} INFO - Sync 1 DAGs
[2026-01-29T11:42:33.226+0000] {logging_mixin.py:188} INFO - [2026-01-29T11:42:33.226+0000] {dag.py:3823} INFO - Setting next_dagrun for spark_sgp4_streaming to None, run_after=None
[2026-01-29T11:42:33.251+0000] {processor.py:183} INFO - Processing /opt/airflow/dags/airflow_dag_spark_streaming.py took 0.127 seconds
[2026-01-29T11:43:03.433+0000] {processor.py:161} INFO - Started process (PID=4554) to work on /opt/airflow/dags/airflow_dag_spark_streaming.py
[2026-01-29T11:43:03.434+0000] {processor.py:830} INFO - Processing file /opt/airflow/dags/airflow_dag_spark_streaming.py for tasks to queue
[2026-01-29T11:43:03.436+0000] {logging_mixin.py:188} INFO - [2026-01-29T11:43:03.435+0000] {dagbag.py:538} INFO - Filling up the DagBag from /opt/airflow/dags/airflow_dag_spark_streaming.py
[2026-01-29T11:43:03.458+0000] {processor.py:840} INFO - DAG(s) 'spark_sgp4_streaming' retrieved from /opt/airflow/dags/airflow_dag_spark_streaming.py
[2026-01-29T11:43:03.507+0000] {logging_mixin.py:188} INFO - [2026-01-29T11:43:03.507+0000] {dag.py:3036} INFO - Sync 1 DAGs
[2026-01-29T11:43:03.530+0000] {logging_mixin.py:188} INFO - [2026-01-29T11:43:03.529+0000] {dag.py:3823} INFO - Setting next_dagrun for spark_sgp4_streaming to None, run_after=None
[2026-01-29T11:43:03.557+0000] {processor.py:183} INFO - Processing /opt/airflow/dags/airflow_dag_spark_streaming.py took 0.129 seconds
[2026-01-29T11:43:33.721+0000] {processor.py:161} INFO - Started process (PID=4564) to work on /opt/airflow/dags/airflow_dag_spark_streaming.py
[2026-01-29T11:43:33.722+0000] {processor.py:830} INFO - Processing file /opt/airflow/dags/airflow_dag_spark_streaming.py for tasks to queue
[2026-01-29T11:43:33.723+0000] {logging_mixin.py:188} INFO - [2026-01-29T11:43:33.723+0000] {dagbag.py:538} INFO - Filling up the DagBag from /opt/airflow/dags/airflow_dag_spark_streaming.py
[2026-01-29T11:43:33.744+0000] {processor.py:840} INFO - DAG(s) 'spark_sgp4_streaming' retrieved from /opt/airflow/dags/airflow_dag_spark_streaming.py
[2026-01-29T11:43:33.787+0000] {logging_mixin.py:188} INFO - [2026-01-29T11:43:33.787+0000] {dag.py:3036} INFO - Sync 1 DAGs
[2026-01-29T11:43:33.806+0000] {logging_mixin.py:188} INFO - [2026-01-29T11:43:33.806+0000] {dag.py:3823} INFO - Setting next_dagrun for spark_sgp4_streaming to None, run_after=None
[2026-01-29T11:43:33.828+0000] {processor.py:183} INFO - Processing /opt/airflow/dags/airflow_dag_spark_streaming.py took 0.114 seconds
