[2026-01-29T03:19:20.302+0000] {processor.py:161} INFO - Started process (PID=9407) to work on /opt/airflow/dags/airflow_dag_api_to_kafka.py
[2026-01-29T03:19:20.304+0000] {processor.py:830} INFO - Processing file /opt/airflow/dags/airflow_dag_api_to_kafka.py for tasks to queue
[2026-01-29T03:19:20.305+0000] {logging_mixin.py:188} INFO - [2026-01-29T03:19:20.305+0000] {dagbag.py:538} INFO - Filling up the DagBag from /opt/airflow/dags/airflow_dag_api_to_kafka.py
[2026-01-29T03:19:20.424+0000] {processor.py:840} INFO - DAG(s) 'tle_api_to_kafka_streaming' retrieved from /opt/airflow/dags/airflow_dag_api_to_kafka.py
[2026-01-29T03:19:20.494+0000] {logging_mixin.py:188} INFO - [2026-01-29T03:19:20.493+0000] {dag.py:3036} INFO - Sync 1 DAGs
[2026-01-29T03:19:20.541+0000] {logging_mixin.py:188} INFO - [2026-01-29T03:19:20.540+0000] {dag.py:3823} INFO - Setting next_dagrun for tle_api_to_kafka_streaming to 2026-01-29 03:00:00+00:00, run_after=2026-01-29 04:00:00+00:00
[2026-01-29T03:19:20.578+0000] {processor.py:183} INFO - Processing /opt/airflow/dags/airflow_dag_api_to_kafka.py took 0.283 seconds
[2026-01-29T03:19:50.655+0000] {processor.py:161} INFO - Started process (PID=9423) to work on /opt/airflow/dags/airflow_dag_api_to_kafka.py
[2026-01-29T03:19:50.656+0000] {processor.py:830} INFO - Processing file /opt/airflow/dags/airflow_dag_api_to_kafka.py for tasks to queue
[2026-01-29T03:19:50.657+0000] {logging_mixin.py:188} INFO - [2026-01-29T03:19:50.656+0000] {dagbag.py:538} INFO - Filling up the DagBag from /opt/airflow/dags/airflow_dag_api_to_kafka.py
[2026-01-29T03:19:50.756+0000] {processor.py:840} INFO - DAG(s) 'tle_api_to_kafka_streaming' retrieved from /opt/airflow/dags/airflow_dag_api_to_kafka.py
[2026-01-29T03:19:50.795+0000] {logging_mixin.py:188} INFO - [2026-01-29T03:19:50.795+0000] {dag.py:3036} INFO - Sync 1 DAGs
[2026-01-29T03:19:50.835+0000] {logging_mixin.py:188} INFO - [2026-01-29T03:19:50.835+0000] {dag.py:3823} INFO - Setting next_dagrun for tle_api_to_kafka_streaming to 2026-01-29 03:00:00+00:00, run_after=2026-01-29 04:00:00+00:00
[2026-01-29T03:19:50.857+0000] {processor.py:183} INFO - Processing /opt/airflow/dags/airflow_dag_api_to_kafka.py took 0.209 seconds
[2026-01-29T03:20:20.975+0000] {processor.py:161} INFO - Started process (PID=9439) to work on /opt/airflow/dags/airflow_dag_api_to_kafka.py
[2026-01-29T03:20:20.976+0000] {processor.py:830} INFO - Processing file /opt/airflow/dags/airflow_dag_api_to_kafka.py for tasks to queue
[2026-01-29T03:20:20.977+0000] {logging_mixin.py:188} INFO - [2026-01-29T03:20:20.976+0000] {dagbag.py:538} INFO - Filling up the DagBag from /opt/airflow/dags/airflow_dag_api_to_kafka.py
[2026-01-29T03:20:21.067+0000] {processor.py:840} INFO - DAG(s) 'tle_api_to_kafka_streaming' retrieved from /opt/airflow/dags/airflow_dag_api_to_kafka.py
[2026-01-29T03:20:21.096+0000] {logging_mixin.py:188} INFO - [2026-01-29T03:20:21.096+0000] {dag.py:3036} INFO - Sync 1 DAGs
[2026-01-29T03:20:21.127+0000] {logging_mixin.py:188} INFO - [2026-01-29T03:20:21.127+0000] {dag.py:3823} INFO - Setting next_dagrun for tle_api_to_kafka_streaming to 2026-01-29 03:00:00+00:00, run_after=2026-01-29 04:00:00+00:00
[2026-01-29T03:20:21.143+0000] {processor.py:183} INFO - Processing /opt/airflow/dags/airflow_dag_api_to_kafka.py took 0.174 seconds
[2026-01-29T03:20:51.252+0000] {processor.py:161} INFO - Started process (PID=9451) to work on /opt/airflow/dags/airflow_dag_api_to_kafka.py
[2026-01-29T03:20:51.253+0000] {processor.py:830} INFO - Processing file /opt/airflow/dags/airflow_dag_api_to_kafka.py for tasks to queue
[2026-01-29T03:20:51.254+0000] {logging_mixin.py:188} INFO - [2026-01-29T03:20:51.253+0000] {dagbag.py:538} INFO - Filling up the DagBag from /opt/airflow/dags/airflow_dag_api_to_kafka.py
[2026-01-29T03:20:51.299+0000] {processor.py:840} INFO - DAG(s) 'tle_api_to_kafka_streaming' retrieved from /opt/airflow/dags/airflow_dag_api_to_kafka.py
[2026-01-29T03:20:51.328+0000] {logging_mixin.py:188} INFO - [2026-01-29T03:20:51.328+0000] {dag.py:3036} INFO - Sync 1 DAGs
[2026-01-29T03:20:51.354+0000] {logging_mixin.py:188} INFO - [2026-01-29T03:20:51.354+0000] {dag.py:3823} INFO - Setting next_dagrun for tle_api_to_kafka_streaming to 2026-01-29 03:00:00+00:00, run_after=2026-01-29 04:00:00+00:00
[2026-01-29T03:20:51.371+0000] {processor.py:183} INFO - Processing /opt/airflow/dags/airflow_dag_api_to_kafka.py took 0.123 seconds
[2026-01-29T03:21:21.437+0000] {processor.py:161} INFO - Started process (PID=9459) to work on /opt/airflow/dags/airflow_dag_api_to_kafka.py
[2026-01-29T03:21:21.439+0000] {processor.py:830} INFO - Processing file /opt/airflow/dags/airflow_dag_api_to_kafka.py for tasks to queue
[2026-01-29T03:21:21.440+0000] {logging_mixin.py:188} INFO - [2026-01-29T03:21:21.439+0000] {dagbag.py:538} INFO - Filling up the DagBag from /opt/airflow/dags/airflow_dag_api_to_kafka.py
[2026-01-29T03:21:21.576+0000] {processor.py:840} INFO - DAG(s) 'tle_api_to_kafka_streaming' retrieved from /opt/airflow/dags/airflow_dag_api_to_kafka.py
[2026-01-29T03:21:21.634+0000] {logging_mixin.py:188} INFO - [2026-01-29T03:21:21.634+0000] {dag.py:3036} INFO - Sync 1 DAGs
[2026-01-29T03:21:21.690+0000] {logging_mixin.py:188} INFO - [2026-01-29T03:21:21.689+0000] {dag.py:3823} INFO - Setting next_dagrun for tle_api_to_kafka_streaming to 2026-01-29 03:00:00+00:00, run_after=2026-01-29 04:00:00+00:00
[2026-01-29T03:21:21.725+0000] {processor.py:183} INFO - Processing /opt/airflow/dags/airflow_dag_api_to_kafka.py took 0.295 seconds
[2026-01-29T03:21:51.812+0000] {processor.py:161} INFO - Started process (PID=9469) to work on /opt/airflow/dags/airflow_dag_api_to_kafka.py
[2026-01-29T03:21:51.813+0000] {processor.py:830} INFO - Processing file /opt/airflow/dags/airflow_dag_api_to_kafka.py for tasks to queue
[2026-01-29T03:21:51.817+0000] {logging_mixin.py:188} INFO - [2026-01-29T03:21:51.816+0000] {dagbag.py:538} INFO - Filling up the DagBag from /opt/airflow/dags/airflow_dag_api_to_kafka.py
[2026-01-29T03:21:51.942+0000] {processor.py:840} INFO - DAG(s) 'tle_api_to_kafka_streaming' retrieved from /opt/airflow/dags/airflow_dag_api_to_kafka.py
[2026-01-29T03:21:51.992+0000] {logging_mixin.py:188} INFO - [2026-01-29T03:21:51.992+0000] {dag.py:3036} INFO - Sync 1 DAGs
[2026-01-29T03:21:52.042+0000] {logging_mixin.py:188} INFO - [2026-01-29T03:21:52.042+0000] {dag.py:3823} INFO - Setting next_dagrun for tle_api_to_kafka_streaming to 2026-01-29 03:00:00+00:00, run_after=2026-01-29 04:00:00+00:00
[2026-01-29T03:21:52.073+0000] {processor.py:183} INFO - Processing /opt/airflow/dags/airflow_dag_api_to_kafka.py took 0.269 seconds
[2026-01-29T03:22:22.281+0000] {processor.py:161} INFO - Started process (PID=9500) to work on /opt/airflow/dags/airflow_dag_api_to_kafka.py
[2026-01-29T03:22:22.283+0000] {processor.py:830} INFO - Processing file /opt/airflow/dags/airflow_dag_api_to_kafka.py for tasks to queue
[2026-01-29T03:22:22.285+0000] {logging_mixin.py:188} INFO - [2026-01-29T03:22:22.284+0000] {dagbag.py:538} INFO - Filling up the DagBag from /opt/airflow/dags/airflow_dag_api_to_kafka.py
[2026-01-29T03:22:22.414+0000] {processor.py:840} INFO - DAG(s) 'tle_api_to_kafka_streaming' retrieved from /opt/airflow/dags/airflow_dag_api_to_kafka.py
[2026-01-29T03:22:22.484+0000] {logging_mixin.py:188} INFO - [2026-01-29T03:22:22.484+0000] {dag.py:3036} INFO - Sync 1 DAGs
[2026-01-29T03:22:22.544+0000] {logging_mixin.py:188} INFO - [2026-01-29T03:22:22.544+0000] {dag.py:3823} INFO - Setting next_dagrun for tle_api_to_kafka_streaming to 2026-01-29 03:00:00+00:00, run_after=2026-01-29 04:00:00+00:00
[2026-01-29T03:22:22.586+0000] {processor.py:183} INFO - Processing /opt/airflow/dags/airflow_dag_api_to_kafka.py took 0.313 seconds
[2026-01-29T03:22:52.775+0000] {processor.py:161} INFO - Started process (PID=9510) to work on /opt/airflow/dags/airflow_dag_api_to_kafka.py
[2026-01-29T03:22:52.777+0000] {processor.py:830} INFO - Processing file /opt/airflow/dags/airflow_dag_api_to_kafka.py for tasks to queue
[2026-01-29T03:22:52.779+0000] {logging_mixin.py:188} INFO - [2026-01-29T03:22:52.778+0000] {dagbag.py:538} INFO - Filling up the DagBag from /opt/airflow/dags/airflow_dag_api_to_kafka.py
[2026-01-29T03:22:52.884+0000] {processor.py:840} INFO - DAG(s) 'tle_api_to_kafka_streaming' retrieved from /opt/airflow/dags/airflow_dag_api_to_kafka.py
[2026-01-29T03:22:52.940+0000] {logging_mixin.py:188} INFO - [2026-01-29T03:22:52.940+0000] {dag.py:3036} INFO - Sync 1 DAGs
[2026-01-29T03:22:52.990+0000] {logging_mixin.py:188} INFO - [2026-01-29T03:22:52.989+0000] {dag.py:3823} INFO - Setting next_dagrun for tle_api_to_kafka_streaming to 2026-01-29 03:00:00+00:00, run_after=2026-01-29 04:00:00+00:00
[2026-01-29T03:22:53.026+0000] {processor.py:183} INFO - Processing /opt/airflow/dags/airflow_dag_api_to_kafka.py took 0.258 seconds
[2026-01-29T03:23:23.181+0000] {processor.py:161} INFO - Started process (PID=9522) to work on /opt/airflow/dags/airflow_dag_api_to_kafka.py
[2026-01-29T03:23:23.182+0000] {processor.py:830} INFO - Processing file /opt/airflow/dags/airflow_dag_api_to_kafka.py for tasks to queue
[2026-01-29T03:23:23.184+0000] {logging_mixin.py:188} INFO - [2026-01-29T03:23:23.183+0000] {dagbag.py:538} INFO - Filling up the DagBag from /opt/airflow/dags/airflow_dag_api_to_kafka.py
[2026-01-29T03:23:23.284+0000] {processor.py:840} INFO - DAG(s) 'tle_api_to_kafka_streaming' retrieved from /opt/airflow/dags/airflow_dag_api_to_kafka.py
[2026-01-29T03:23:23.341+0000] {logging_mixin.py:188} INFO - [2026-01-29T03:23:23.341+0000] {dag.py:3036} INFO - Sync 1 DAGs
[2026-01-29T03:23:23.392+0000] {logging_mixin.py:188} INFO - [2026-01-29T03:23:23.392+0000] {dag.py:3823} INFO - Setting next_dagrun for tle_api_to_kafka_streaming to 2026-01-29 03:00:00+00:00, run_after=2026-01-29 04:00:00+00:00
[2026-01-29T03:23:23.427+0000] {processor.py:183} INFO - Processing /opt/airflow/dags/airflow_dag_api_to_kafka.py took 0.254 seconds
[2026-01-29T03:23:53.507+0000] {processor.py:161} INFO - Started process (PID=9532) to work on /opt/airflow/dags/airflow_dag_api_to_kafka.py
[2026-01-29T03:23:53.508+0000] {processor.py:830} INFO - Processing file /opt/airflow/dags/airflow_dag_api_to_kafka.py for tasks to queue
[2026-01-29T03:23:53.510+0000] {logging_mixin.py:188} INFO - [2026-01-29T03:23:53.509+0000] {dagbag.py:538} INFO - Filling up the DagBag from /opt/airflow/dags/airflow_dag_api_to_kafka.py
[2026-01-29T03:23:53.594+0000] {processor.py:840} INFO - DAG(s) 'tle_api_to_kafka_streaming' retrieved from /opt/airflow/dags/airflow_dag_api_to_kafka.py
[2026-01-29T03:23:53.652+0000] {logging_mixin.py:188} INFO - [2026-01-29T03:23:53.651+0000] {dag.py:3036} INFO - Sync 1 DAGs
[2026-01-29T03:23:53.708+0000] {logging_mixin.py:188} INFO - [2026-01-29T03:23:53.707+0000] {dag.py:3823} INFO - Setting next_dagrun for tle_api_to_kafka_streaming to 2026-01-29 03:00:00+00:00, run_after=2026-01-29 04:00:00+00:00
[2026-01-29T03:23:53.744+0000] {processor.py:183} INFO - Processing /opt/airflow/dags/airflow_dag_api_to_kafka.py took 0.244 seconds
[2026-01-29T03:24:23.882+0000] {processor.py:161} INFO - Started process (PID=9542) to work on /opt/airflow/dags/airflow_dag_api_to_kafka.py
[2026-01-29T03:24:23.884+0000] {processor.py:830} INFO - Processing file /opt/airflow/dags/airflow_dag_api_to_kafka.py for tasks to queue
[2026-01-29T03:24:23.886+0000] {logging_mixin.py:188} INFO - [2026-01-29T03:24:23.885+0000] {dagbag.py:538} INFO - Filling up the DagBag from /opt/airflow/dags/airflow_dag_api_to_kafka.py
[2026-01-29T03:24:23.984+0000] {processor.py:840} INFO - DAG(s) 'tle_api_to_kafka_streaming' retrieved from /opt/airflow/dags/airflow_dag_api_to_kafka.py
[2026-01-29T03:24:24.041+0000] {logging_mixin.py:188} INFO - [2026-01-29T03:24:24.040+0000] {dag.py:3036} INFO - Sync 1 DAGs
[2026-01-29T03:24:24.089+0000] {logging_mixin.py:188} INFO - [2026-01-29T03:24:24.088+0000] {dag.py:3823} INFO - Setting next_dagrun for tle_api_to_kafka_streaming to 2026-01-29 03:00:00+00:00, run_after=2026-01-29 04:00:00+00:00
[2026-01-29T03:24:24.123+0000] {processor.py:183} INFO - Processing /opt/airflow/dags/airflow_dag_api_to_kafka.py took 0.247 seconds
[2026-01-29T03:24:54.246+0000] {processor.py:161} INFO - Started process (PID=9552) to work on /opt/airflow/dags/airflow_dag_api_to_kafka.py
[2026-01-29T03:24:54.247+0000] {processor.py:830} INFO - Processing file /opt/airflow/dags/airflow_dag_api_to_kafka.py for tasks to queue
[2026-01-29T03:24:54.249+0000] {logging_mixin.py:188} INFO - [2026-01-29T03:24:54.248+0000] {dagbag.py:538} INFO - Filling up the DagBag from /opt/airflow/dags/airflow_dag_api_to_kafka.py
[2026-01-29T03:24:54.348+0000] {processor.py:840} INFO - DAG(s) 'tle_api_to_kafka_streaming' retrieved from /opt/airflow/dags/airflow_dag_api_to_kafka.py
[2026-01-29T03:24:54.404+0000] {logging_mixin.py:188} INFO - [2026-01-29T03:24:54.403+0000] {dag.py:3036} INFO - Sync 1 DAGs
[2026-01-29T03:24:54.455+0000] {logging_mixin.py:188} INFO - [2026-01-29T03:24:54.455+0000] {dag.py:3823} INFO - Setting next_dagrun for tle_api_to_kafka_streaming to 2026-01-29 03:00:00+00:00, run_after=2026-01-29 04:00:00+00:00
[2026-01-29T03:24:54.492+0000] {processor.py:183} INFO - Processing /opt/airflow/dags/airflow_dag_api_to_kafka.py took 0.252 seconds
[2026-01-29T03:25:24.624+0000] {processor.py:161} INFO - Started process (PID=9562) to work on /opt/airflow/dags/airflow_dag_api_to_kafka.py
[2026-01-29T03:25:24.626+0000] {processor.py:830} INFO - Processing file /opt/airflow/dags/airflow_dag_api_to_kafka.py for tasks to queue
[2026-01-29T03:25:24.628+0000] {logging_mixin.py:188} INFO - [2026-01-29T03:25:24.627+0000] {dagbag.py:538} INFO - Filling up the DagBag from /opt/airflow/dags/airflow_dag_api_to_kafka.py
[2026-01-29T03:25:24.731+0000] {processor.py:840} INFO - DAG(s) 'tle_api_to_kafka_streaming' retrieved from /opt/airflow/dags/airflow_dag_api_to_kafka.py
[2026-01-29T03:25:24.792+0000] {logging_mixin.py:188} INFO - [2026-01-29T03:25:24.792+0000] {dag.py:3036} INFO - Sync 1 DAGs
[2026-01-29T03:25:24.842+0000] {logging_mixin.py:188} INFO - [2026-01-29T03:25:24.842+0000] {dag.py:3823} INFO - Setting next_dagrun for tle_api_to_kafka_streaming to 2026-01-29 03:00:00+00:00, run_after=2026-01-29 04:00:00+00:00
[2026-01-29T03:25:24.876+0000] {processor.py:183} INFO - Processing /opt/airflow/dags/airflow_dag_api_to_kafka.py took 0.259 seconds
[2026-01-29T03:25:54.996+0000] {processor.py:161} INFO - Started process (PID=9572) to work on /opt/airflow/dags/airflow_dag_api_to_kafka.py
[2026-01-29T03:25:54.997+0000] {processor.py:830} INFO - Processing file /opt/airflow/dags/airflow_dag_api_to_kafka.py for tasks to queue
[2026-01-29T03:25:54.998+0000] {logging_mixin.py:188} INFO - [2026-01-29T03:25:54.998+0000] {dagbag.py:538} INFO - Filling up the DagBag from /opt/airflow/dags/airflow_dag_api_to_kafka.py
[2026-01-29T03:25:55.094+0000] {processor.py:840} INFO - DAG(s) 'tle_api_to_kafka_streaming' retrieved from /opt/airflow/dags/airflow_dag_api_to_kafka.py
[2026-01-29T03:25:55.141+0000] {logging_mixin.py:188} INFO - [2026-01-29T03:25:55.140+0000] {dag.py:3036} INFO - Sync 1 DAGs
[2026-01-29T03:25:55.197+0000] {logging_mixin.py:188} INFO - [2026-01-29T03:25:55.196+0000] {dag.py:3823} INFO - Setting next_dagrun for tle_api_to_kafka_streaming to 2026-01-29 03:00:00+00:00, run_after=2026-01-29 04:00:00+00:00
[2026-01-29T03:25:55.231+0000] {processor.py:183} INFO - Processing /opt/airflow/dags/airflow_dag_api_to_kafka.py took 0.240 seconds
[2026-01-29T03:26:25.398+0000] {processor.py:161} INFO - Started process (PID=9580) to work on /opt/airflow/dags/airflow_dag_api_to_kafka.py
[2026-01-29T03:26:25.400+0000] {processor.py:830} INFO - Processing file /opt/airflow/dags/airflow_dag_api_to_kafka.py for tasks to queue
[2026-01-29T03:26:25.401+0000] {logging_mixin.py:188} INFO - [2026-01-29T03:26:25.401+0000] {dagbag.py:538} INFO - Filling up the DagBag from /opt/airflow/dags/airflow_dag_api_to_kafka.py
[2026-01-29T03:26:25.490+0000] {processor.py:840} INFO - DAG(s) 'tle_api_to_kafka_streaming' retrieved from /opt/airflow/dags/airflow_dag_api_to_kafka.py
[2026-01-29T03:26:25.668+0000] {logging_mixin.py:188} INFO - [2026-01-29T03:26:25.667+0000] {dag.py:3036} INFO - Sync 1 DAGs
[2026-01-29T03:26:25.709+0000] {logging_mixin.py:188} INFO - [2026-01-29T03:26:25.709+0000] {dag.py:3823} INFO - Setting next_dagrun for tle_api_to_kafka_streaming to 2026-01-29 03:00:00+00:00, run_after=2026-01-29 04:00:00+00:00
[2026-01-29T03:26:25.741+0000] {processor.py:183} INFO - Processing /opt/airflow/dags/airflow_dag_api_to_kafka.py took 0.349 seconds
[2026-01-29T03:26:56.600+0000] {processor.py:161} INFO - Started process (PID=9592) to work on /opt/airflow/dags/airflow_dag_api_to_kafka.py
[2026-01-29T03:26:56.601+0000] {processor.py:830} INFO - Processing file /opt/airflow/dags/airflow_dag_api_to_kafka.py for tasks to queue
[2026-01-29T03:26:56.601+0000] {logging_mixin.py:188} INFO - [2026-01-29T03:26:56.601+0000] {dagbag.py:538} INFO - Filling up the DagBag from /opt/airflow/dags/airflow_dag_api_to_kafka.py
[2026-01-29T03:26:56.647+0000] {processor.py:840} INFO - DAG(s) 'tle_api_to_kafka_streaming' retrieved from /opt/airflow/dags/airflow_dag_api_to_kafka.py
[2026-01-29T03:26:56.676+0000] {logging_mixin.py:188} INFO - [2026-01-29T03:26:56.676+0000] {dag.py:3036} INFO - Sync 1 DAGs
[2026-01-29T03:26:56.699+0000] {logging_mixin.py:188} INFO - [2026-01-29T03:26:56.699+0000] {dag.py:3823} INFO - Setting next_dagrun for tle_api_to_kafka_streaming to 2026-01-29 03:00:00+00:00, run_after=2026-01-29 04:00:00+00:00
[2026-01-29T03:26:56.715+0000] {processor.py:183} INFO - Processing /opt/airflow/dags/airflow_dag_api_to_kafka.py took 0.118 seconds
[2026-01-29T03:27:26.841+0000] {processor.py:161} INFO - Started process (PID=9602) to work on /opt/airflow/dags/airflow_dag_api_to_kafka.py
[2026-01-29T03:27:26.843+0000] {processor.py:830} INFO - Processing file /opt/airflow/dags/airflow_dag_api_to_kafka.py for tasks to queue
[2026-01-29T03:27:26.844+0000] {logging_mixin.py:188} INFO - [2026-01-29T03:27:26.843+0000] {dagbag.py:538} INFO - Filling up the DagBag from /opt/airflow/dags/airflow_dag_api_to_kafka.py
[2026-01-29T03:27:26.975+0000] {processor.py:840} INFO - DAG(s) 'tle_api_to_kafka_streaming' retrieved from /opt/airflow/dags/airflow_dag_api_to_kafka.py
[2026-01-29T03:27:27.036+0000] {logging_mixin.py:188} INFO - [2026-01-29T03:27:27.036+0000] {dag.py:3036} INFO - Sync 1 DAGs
[2026-01-29T03:27:27.086+0000] {logging_mixin.py:188} INFO - [2026-01-29T03:27:27.086+0000] {dag.py:3823} INFO - Setting next_dagrun for tle_api_to_kafka_streaming to 2026-01-29 03:00:00+00:00, run_after=2026-01-29 04:00:00+00:00
[2026-01-29T03:27:27.117+0000] {processor.py:183} INFO - Processing /opt/airflow/dags/airflow_dag_api_to_kafka.py took 0.284 seconds
[2026-01-29T03:27:57.230+0000] {processor.py:161} INFO - Started process (PID=9636) to work on /opt/airflow/dags/airflow_dag_api_to_kafka.py
[2026-01-29T03:27:57.231+0000] {processor.py:830} INFO - Processing file /opt/airflow/dags/airflow_dag_api_to_kafka.py for tasks to queue
[2026-01-29T03:27:57.232+0000] {logging_mixin.py:188} INFO - [2026-01-29T03:27:57.231+0000] {dagbag.py:538} INFO - Filling up the DagBag from /opt/airflow/dags/airflow_dag_api_to_kafka.py
[2026-01-29T03:27:57.315+0000] {processor.py:840} INFO - DAG(s) 'tle_api_to_kafka_streaming' retrieved from /opt/airflow/dags/airflow_dag_api_to_kafka.py
[2026-01-29T03:27:57.360+0000] {logging_mixin.py:188} INFO - [2026-01-29T03:27:57.360+0000] {dag.py:3036} INFO - Sync 1 DAGs
[2026-01-29T03:27:57.405+0000] {logging_mixin.py:188} INFO - [2026-01-29T03:27:57.405+0000] {dag.py:3823} INFO - Setting next_dagrun for tle_api_to_kafka_streaming to 2026-01-29 03:00:00+00:00, run_after=2026-01-29 04:00:00+00:00
[2026-01-29T03:27:57.430+0000] {processor.py:183} INFO - Processing /opt/airflow/dags/airflow_dag_api_to_kafka.py took 0.204 seconds
[2026-01-29T03:28:27.554+0000] {processor.py:161} INFO - Started process (PID=9646) to work on /opt/airflow/dags/airflow_dag_api_to_kafka.py
[2026-01-29T03:28:27.558+0000] {processor.py:830} INFO - Processing file /opt/airflow/dags/airflow_dag_api_to_kafka.py for tasks to queue
[2026-01-29T03:28:27.559+0000] {logging_mixin.py:188} INFO - [2026-01-29T03:28:27.559+0000] {dagbag.py:538} INFO - Filling up the DagBag from /opt/airflow/dags/airflow_dag_api_to_kafka.py
[2026-01-29T03:28:27.648+0000] {processor.py:840} INFO - DAG(s) 'tle_api_to_kafka_streaming' retrieved from /opt/airflow/dags/airflow_dag_api_to_kafka.py
[2026-01-29T03:28:27.685+0000] {logging_mixin.py:188} INFO - [2026-01-29T03:28:27.685+0000] {dag.py:3036} INFO - Sync 1 DAGs
[2026-01-29T03:28:27.717+0000] {logging_mixin.py:188} INFO - [2026-01-29T03:28:27.717+0000] {dag.py:3823} INFO - Setting next_dagrun for tle_api_to_kafka_streaming to 2026-01-29 03:00:00+00:00, run_after=2026-01-29 04:00:00+00:00
[2026-01-29T03:28:27.737+0000] {processor.py:183} INFO - Processing /opt/airflow/dags/airflow_dag_api_to_kafka.py took 0.187 seconds
[2026-01-29T03:28:57.900+0000] {processor.py:161} INFO - Started process (PID=9656) to work on /opt/airflow/dags/airflow_dag_api_to_kafka.py
[2026-01-29T03:28:57.902+0000] {processor.py:830} INFO - Processing file /opt/airflow/dags/airflow_dag_api_to_kafka.py for tasks to queue
[2026-01-29T03:28:57.904+0000] {logging_mixin.py:188} INFO - [2026-01-29T03:28:57.903+0000] {dagbag.py:538} INFO - Filling up the DagBag from /opt/airflow/dags/airflow_dag_api_to_kafka.py
[2026-01-29T03:28:58.052+0000] {processor.py:840} INFO - DAG(s) 'tle_api_to_kafka_streaming' retrieved from /opt/airflow/dags/airflow_dag_api_to_kafka.py
[2026-01-29T03:28:58.109+0000] {logging_mixin.py:188} INFO - [2026-01-29T03:28:58.109+0000] {dag.py:3036} INFO - Sync 1 DAGs
[2026-01-29T03:28:58.166+0000] {logging_mixin.py:188} INFO - [2026-01-29T03:28:58.165+0000] {dag.py:3823} INFO - Setting next_dagrun for tle_api_to_kafka_streaming to 2026-01-29 03:00:00+00:00, run_after=2026-01-29 04:00:00+00:00
[2026-01-29T03:28:58.199+0000] {processor.py:183} INFO - Processing /opt/airflow/dags/airflow_dag_api_to_kafka.py took 0.306 seconds
[2026-01-29T03:29:28.400+0000] {processor.py:161} INFO - Started process (PID=9666) to work on /opt/airflow/dags/airflow_dag_api_to_kafka.py
[2026-01-29T03:29:28.402+0000] {processor.py:830} INFO - Processing file /opt/airflow/dags/airflow_dag_api_to_kafka.py for tasks to queue
[2026-01-29T03:29:28.403+0000] {logging_mixin.py:188} INFO - [2026-01-29T03:29:28.403+0000] {dagbag.py:538} INFO - Filling up the DagBag from /opt/airflow/dags/airflow_dag_api_to_kafka.py
[2026-01-29T03:29:28.551+0000] {processor.py:840} INFO - DAG(s) 'tle_api_to_kafka_streaming' retrieved from /opt/airflow/dags/airflow_dag_api_to_kafka.py
[2026-01-29T03:29:28.608+0000] {logging_mixin.py:188} INFO - [2026-01-29T03:29:28.608+0000] {dag.py:3036} INFO - Sync 1 DAGs
[2026-01-29T03:29:28.668+0000] {logging_mixin.py:188} INFO - [2026-01-29T03:29:28.667+0000] {dag.py:3823} INFO - Setting next_dagrun for tle_api_to_kafka_streaming to 2026-01-29 03:00:00+00:00, run_after=2026-01-29 04:00:00+00:00
[2026-01-29T03:29:28.703+0000] {processor.py:183} INFO - Processing /opt/airflow/dags/airflow_dag_api_to_kafka.py took 0.309 seconds
[2026-01-29T03:29:58.894+0000] {processor.py:161} INFO - Started process (PID=9676) to work on /opt/airflow/dags/airflow_dag_api_to_kafka.py
[2026-01-29T03:29:58.896+0000] {processor.py:830} INFO - Processing file /opt/airflow/dags/airflow_dag_api_to_kafka.py for tasks to queue
[2026-01-29T03:29:58.898+0000] {logging_mixin.py:188} INFO - [2026-01-29T03:29:58.897+0000] {dagbag.py:538} INFO - Filling up the DagBag from /opt/airflow/dags/airflow_dag_api_to_kafka.py
[2026-01-29T03:29:58.996+0000] {processor.py:840} INFO - DAG(s) 'tle_api_to_kafka_streaming' retrieved from /opt/airflow/dags/airflow_dag_api_to_kafka.py
[2026-01-29T03:29:59.055+0000] {logging_mixin.py:188} INFO - [2026-01-29T03:29:59.054+0000] {dag.py:3036} INFO - Sync 1 DAGs
[2026-01-29T03:29:59.104+0000] {logging_mixin.py:188} INFO - [2026-01-29T03:29:59.103+0000] {dag.py:3823} INFO - Setting next_dagrun for tle_api_to_kafka_streaming to 2026-01-29 03:00:00+00:00, run_after=2026-01-29 04:00:00+00:00
[2026-01-29T03:29:59.140+0000] {processor.py:183} INFO - Processing /opt/airflow/dags/airflow_dag_api_to_kafka.py took 0.252 seconds
[2026-01-29T04:20:16.269+0000] {processor.py:161} INFO - Started process (PID=9684) to work on /opt/airflow/dags/airflow_dag_api_to_kafka.py
[2026-01-29T04:20:16.270+0000] {processor.py:830} INFO - Processing file /opt/airflow/dags/airflow_dag_api_to_kafka.py for tasks to queue
[2026-01-29T04:20:16.271+0000] {logging_mixin.py:188} INFO - [2026-01-29T04:20:16.271+0000] {dagbag.py:538} INFO - Filling up the DagBag from /opt/airflow/dags/airflow_dag_api_to_kafka.py
[2026-01-29T04:20:16.417+0000] {processor.py:840} INFO - DAG(s) 'tle_api_to_kafka_streaming' retrieved from /opt/airflow/dags/airflow_dag_api_to_kafka.py
[2026-01-29T04:20:16.480+0000] {logging_mixin.py:188} INFO - [2026-01-29T04:20:16.479+0000] {dag.py:3036} INFO - Sync 1 DAGs
[2026-01-29T04:20:16.533+0000] {logging_mixin.py:188} INFO - [2026-01-29T04:20:16.533+0000] {dag.py:3823} INFO - Setting next_dagrun for tle_api_to_kafka_streaming to 2026-01-29 04:00:00+00:00, run_after=2026-01-29 05:00:00+00:00
[2026-01-29T04:20:16.568+0000] {processor.py:183} INFO - Processing /opt/airflow/dags/airflow_dag_api_to_kafka.py took 0.303 seconds
[2026-01-29T04:20:46.663+0000] {processor.py:161} INFO - Started process (PID=9713) to work on /opt/airflow/dags/airflow_dag_api_to_kafka.py
[2026-01-29T04:20:46.664+0000] {processor.py:830} INFO - Processing file /opt/airflow/dags/airflow_dag_api_to_kafka.py for tasks to queue
[2026-01-29T04:20:46.665+0000] {logging_mixin.py:188} INFO - [2026-01-29T04:20:46.665+0000] {dagbag.py:538} INFO - Filling up the DagBag from /opt/airflow/dags/airflow_dag_api_to_kafka.py
[2026-01-29T04:20:46.753+0000] {processor.py:840} INFO - DAG(s) 'tle_api_to_kafka_streaming' retrieved from /opt/airflow/dags/airflow_dag_api_to_kafka.py
[2026-01-29T04:20:46.794+0000] {logging_mixin.py:188} INFO - [2026-01-29T04:20:46.794+0000] {dag.py:3036} INFO - Sync 1 DAGs
[2026-01-29T04:20:46.838+0000] {logging_mixin.py:188} INFO - [2026-01-29T04:20:46.838+0000] {dag.py:3823} INFO - Setting next_dagrun for tle_api_to_kafka_streaming to 2026-01-29 04:00:00+00:00, run_after=2026-01-29 05:00:00+00:00
[2026-01-29T04:20:46.864+0000] {processor.py:183} INFO - Processing /opt/airflow/dags/airflow_dag_api_to_kafka.py took 0.207 seconds
[2026-01-29T04:21:17.016+0000] {processor.py:161} INFO - Started process (PID=9723) to work on /opt/airflow/dags/airflow_dag_api_to_kafka.py
[2026-01-29T04:21:17.017+0000] {processor.py:830} INFO - Processing file /opt/airflow/dags/airflow_dag_api_to_kafka.py for tasks to queue
[2026-01-29T04:21:17.020+0000] {logging_mixin.py:188} INFO - [2026-01-29T04:21:17.018+0000] {dagbag.py:538} INFO - Filling up the DagBag from /opt/airflow/dags/airflow_dag_api_to_kafka.py
[2026-01-29T04:21:17.105+0000] {processor.py:840} INFO - DAG(s) 'tle_api_to_kafka_streaming' retrieved from /opt/airflow/dags/airflow_dag_api_to_kafka.py
[2026-01-29T04:21:17.158+0000] {logging_mixin.py:188} INFO - [2026-01-29T04:21:17.158+0000] {dag.py:3036} INFO - Sync 1 DAGs
[2026-01-29T04:21:17.208+0000] {logging_mixin.py:188} INFO - [2026-01-29T04:21:17.207+0000] {dag.py:3823} INFO - Setting next_dagrun for tle_api_to_kafka_streaming to 2026-01-29 04:00:00+00:00, run_after=2026-01-29 05:00:00+00:00
[2026-01-29T04:21:17.237+0000] {processor.py:183} INFO - Processing /opt/airflow/dags/airflow_dag_api_to_kafka.py took 0.226 seconds
[2026-01-29T04:21:47.363+0000] {processor.py:161} INFO - Started process (PID=9733) to work on /opt/airflow/dags/airflow_dag_api_to_kafka.py
[2026-01-29T04:21:47.365+0000] {processor.py:830} INFO - Processing file /opt/airflow/dags/airflow_dag_api_to_kafka.py for tasks to queue
[2026-01-29T04:21:47.367+0000] {logging_mixin.py:188} INFO - [2026-01-29T04:21:47.366+0000] {dagbag.py:538} INFO - Filling up the DagBag from /opt/airflow/dags/airflow_dag_api_to_kafka.py
[2026-01-29T04:21:47.479+0000] {processor.py:840} INFO - DAG(s) 'tle_api_to_kafka_streaming' retrieved from /opt/airflow/dags/airflow_dag_api_to_kafka.py
[2026-01-29T04:21:47.537+0000] {logging_mixin.py:188} INFO - [2026-01-29T04:21:47.536+0000] {dag.py:3036} INFO - Sync 1 DAGs
[2026-01-29T04:21:47.585+0000] {logging_mixin.py:188} INFO - [2026-01-29T04:21:47.584+0000] {dag.py:3823} INFO - Setting next_dagrun for tle_api_to_kafka_streaming to 2026-01-29 04:00:00+00:00, run_after=2026-01-29 05:00:00+00:00
[2026-01-29T04:21:47.620+0000] {processor.py:183} INFO - Processing /opt/airflow/dags/airflow_dag_api_to_kafka.py took 0.262 seconds
[2026-01-29T04:22:17.733+0000] {processor.py:161} INFO - Started process (PID=9743) to work on /opt/airflow/dags/airflow_dag_api_to_kafka.py
[2026-01-29T04:22:17.735+0000] {processor.py:830} INFO - Processing file /opt/airflow/dags/airflow_dag_api_to_kafka.py for tasks to queue
[2026-01-29T04:22:17.737+0000] {logging_mixin.py:188} INFO - [2026-01-29T04:22:17.736+0000] {dagbag.py:538} INFO - Filling up the DagBag from /opt/airflow/dags/airflow_dag_api_to_kafka.py
[2026-01-29T04:22:17.841+0000] {processor.py:840} INFO - DAG(s) 'tle_api_to_kafka_streaming' retrieved from /opt/airflow/dags/airflow_dag_api_to_kafka.py
[2026-01-29T04:22:17.901+0000] {logging_mixin.py:188} INFO - [2026-01-29T04:22:17.900+0000] {dag.py:3036} INFO - Sync 1 DAGs
[2026-01-29T04:22:17.957+0000] {logging_mixin.py:188} INFO - [2026-01-29T04:22:17.957+0000] {dag.py:3823} INFO - Setting next_dagrun for tle_api_to_kafka_streaming to 2026-01-29 04:00:00+00:00, run_after=2026-01-29 05:00:00+00:00
[2026-01-29T04:22:17.991+0000] {processor.py:183} INFO - Processing /opt/airflow/dags/airflow_dag_api_to_kafka.py took 0.265 seconds
[2026-01-29T04:22:48.105+0000] {processor.py:161} INFO - Started process (PID=9753) to work on /opt/airflow/dags/airflow_dag_api_to_kafka.py
[2026-01-29T04:22:48.106+0000] {processor.py:830} INFO - Processing file /opt/airflow/dags/airflow_dag_api_to_kafka.py for tasks to queue
[2026-01-29T04:22:48.108+0000] {logging_mixin.py:188} INFO - [2026-01-29T04:22:48.107+0000] {dagbag.py:538} INFO - Filling up the DagBag from /opt/airflow/dags/airflow_dag_api_to_kafka.py
[2026-01-29T04:22:48.208+0000] {processor.py:840} INFO - DAG(s) 'tle_api_to_kafka_streaming' retrieved from /opt/airflow/dags/airflow_dag_api_to_kafka.py
[2026-01-29T04:22:48.267+0000] {logging_mixin.py:188} INFO - [2026-01-29T04:22:48.266+0000] {dag.py:3036} INFO - Sync 1 DAGs
[2026-01-29T04:22:48.316+0000] {logging_mixin.py:188} INFO - [2026-01-29T04:22:48.316+0000] {dag.py:3823} INFO - Setting next_dagrun for tle_api_to_kafka_streaming to 2026-01-29 04:00:00+00:00, run_after=2026-01-29 05:00:00+00:00
[2026-01-29T04:22:48.352+0000] {processor.py:183} INFO - Processing /opt/airflow/dags/airflow_dag_api_to_kafka.py took 0.254 seconds
[2026-01-29T04:23:18.474+0000] {processor.py:161} INFO - Started process (PID=9763) to work on /opt/airflow/dags/airflow_dag_api_to_kafka.py
[2026-01-29T04:23:18.475+0000] {processor.py:830} INFO - Processing file /opt/airflow/dags/airflow_dag_api_to_kafka.py for tasks to queue
[2026-01-29T04:23:18.477+0000] {logging_mixin.py:188} INFO - [2026-01-29T04:23:18.476+0000] {dagbag.py:538} INFO - Filling up the DagBag from /opt/airflow/dags/airflow_dag_api_to_kafka.py
[2026-01-29T04:23:18.578+0000] {processor.py:840} INFO - DAG(s) 'tle_api_to_kafka_streaming' retrieved from /opt/airflow/dags/airflow_dag_api_to_kafka.py
[2026-01-29T04:23:18.633+0000] {logging_mixin.py:188} INFO - [2026-01-29T04:23:18.633+0000] {dag.py:3036} INFO - Sync 1 DAGs
[2026-01-29T04:23:18.681+0000] {logging_mixin.py:188} INFO - [2026-01-29T04:23:18.680+0000] {dag.py:3823} INFO - Setting next_dagrun for tle_api_to_kafka_streaming to 2026-01-29 04:00:00+00:00, run_after=2026-01-29 05:00:00+00:00
[2026-01-29T04:23:18.716+0000] {processor.py:183} INFO - Processing /opt/airflow/dags/airflow_dag_api_to_kafka.py took 0.249 seconds
[2026-01-29T04:23:48.824+0000] {processor.py:161} INFO - Started process (PID=9776) to work on /opt/airflow/dags/airflow_dag_api_to_kafka.py
[2026-01-29T04:23:48.825+0000] {processor.py:830} INFO - Processing file /opt/airflow/dags/airflow_dag_api_to_kafka.py for tasks to queue
[2026-01-29T04:23:48.826+0000] {logging_mixin.py:188} INFO - [2026-01-29T04:23:48.826+0000] {dagbag.py:538} INFO - Filling up the DagBag from /opt/airflow/dags/airflow_dag_api_to_kafka.py
[2026-01-29T04:23:48.919+0000] {processor.py:840} INFO - DAG(s) 'tle_api_to_kafka_streaming' retrieved from /opt/airflow/dags/airflow_dag_api_to_kafka.py
[2026-01-29T04:23:48.975+0000] {logging_mixin.py:188} INFO - [2026-01-29T04:23:48.975+0000] {dag.py:3036} INFO - Sync 1 DAGs
[2026-01-29T04:23:49.027+0000] {logging_mixin.py:188} INFO - [2026-01-29T04:23:49.027+0000] {dag.py:3823} INFO - Setting next_dagrun for tle_api_to_kafka_streaming to 2026-01-29 04:00:00+00:00, run_after=2026-01-29 05:00:00+00:00
[2026-01-29T04:23:49.060+0000] {processor.py:183} INFO - Processing /opt/airflow/dags/airflow_dag_api_to_kafka.py took 0.243 seconds
[2026-01-29T04:24:19.133+0000] {processor.py:161} INFO - Started process (PID=9786) to work on /opt/airflow/dags/airflow_dag_api_to_kafka.py
[2026-01-29T04:24:19.135+0000] {processor.py:830} INFO - Processing file /opt/airflow/dags/airflow_dag_api_to_kafka.py for tasks to queue
[2026-01-29T04:24:19.136+0000] {logging_mixin.py:188} INFO - [2026-01-29T04:24:19.136+0000] {dagbag.py:538} INFO - Filling up the DagBag from /opt/airflow/dags/airflow_dag_api_to_kafka.py
[2026-01-29T04:24:19.236+0000] {processor.py:840} INFO - DAG(s) 'tle_api_to_kafka_streaming' retrieved from /opt/airflow/dags/airflow_dag_api_to_kafka.py
[2026-01-29T04:24:19.295+0000] {logging_mixin.py:188} INFO - [2026-01-29T04:24:19.295+0000] {dag.py:3036} INFO - Sync 1 DAGs
[2026-01-29T04:24:19.345+0000] {logging_mixin.py:188} INFO - [2026-01-29T04:24:19.345+0000] {dag.py:3823} INFO - Setting next_dagrun for tle_api_to_kafka_streaming to 2026-01-29 04:00:00+00:00, run_after=2026-01-29 05:00:00+00:00
[2026-01-29T04:24:19.379+0000] {processor.py:183} INFO - Processing /opt/airflow/dags/airflow_dag_api_to_kafka.py took 0.253 seconds
[2026-01-29T04:24:49.493+0000] {processor.py:161} INFO - Started process (PID=9796) to work on /opt/airflow/dags/airflow_dag_api_to_kafka.py
[2026-01-29T04:24:49.494+0000] {processor.py:830} INFO - Processing file /opt/airflow/dags/airflow_dag_api_to_kafka.py for tasks to queue
[2026-01-29T04:24:49.496+0000] {logging_mixin.py:188} INFO - [2026-01-29T04:24:49.495+0000] {dagbag.py:538} INFO - Filling up the DagBag from /opt/airflow/dags/airflow_dag_api_to_kafka.py
[2026-01-29T04:24:49.598+0000] {processor.py:840} INFO - DAG(s) 'tle_api_to_kafka_streaming' retrieved from /opt/airflow/dags/airflow_dag_api_to_kafka.py
[2026-01-29T04:24:49.656+0000] {logging_mixin.py:188} INFO - [2026-01-29T04:24:49.656+0000] {dag.py:3036} INFO - Sync 1 DAGs
[2026-01-29T04:24:49.709+0000] {logging_mixin.py:188} INFO - [2026-01-29T04:24:49.708+0000] {dag.py:3823} INFO - Setting next_dagrun for tle_api_to_kafka_streaming to 2026-01-29 04:00:00+00:00, run_after=2026-01-29 05:00:00+00:00
[2026-01-29T04:24:49.744+0000] {processor.py:183} INFO - Processing /opt/airflow/dags/airflow_dag_api_to_kafka.py took 0.258 seconds
[2026-01-29T04:25:19.875+0000] {processor.py:161} INFO - Started process (PID=9806) to work on /opt/airflow/dags/airflow_dag_api_to_kafka.py
[2026-01-29T04:25:19.876+0000] {processor.py:830} INFO - Processing file /opt/airflow/dags/airflow_dag_api_to_kafka.py for tasks to queue
[2026-01-29T04:25:19.878+0000] {logging_mixin.py:188} INFO - [2026-01-29T04:25:19.877+0000] {dagbag.py:538} INFO - Filling up the DagBag from /opt/airflow/dags/airflow_dag_api_to_kafka.py
[2026-01-29T04:25:19.968+0000] {processor.py:840} INFO - DAG(s) 'tle_api_to_kafka_streaming' retrieved from /opt/airflow/dags/airflow_dag_api_to_kafka.py
[2026-01-29T04:25:20.030+0000] {logging_mixin.py:188} INFO - [2026-01-29T04:25:20.030+0000] {dag.py:3036} INFO - Sync 1 DAGs
[2026-01-29T04:25:20.081+0000] {logging_mixin.py:188} INFO - [2026-01-29T04:25:20.081+0000] {dag.py:3823} INFO - Setting next_dagrun for tle_api_to_kafka_streaming to 2026-01-29 04:00:00+00:00, run_after=2026-01-29 05:00:00+00:00
[2026-01-29T04:25:20.116+0000] {processor.py:183} INFO - Processing /opt/airflow/dags/airflow_dag_api_to_kafka.py took 0.247 seconds
[2026-01-29T04:25:50.240+0000] {processor.py:161} INFO - Started process (PID=9816) to work on /opt/airflow/dags/airflow_dag_api_to_kafka.py
[2026-01-29T04:25:50.242+0000] {processor.py:830} INFO - Processing file /opt/airflow/dags/airflow_dag_api_to_kafka.py for tasks to queue
[2026-01-29T04:25:50.244+0000] {logging_mixin.py:188} INFO - [2026-01-29T04:25:50.243+0000] {dagbag.py:538} INFO - Filling up the DagBag from /opt/airflow/dags/airflow_dag_api_to_kafka.py
[2026-01-29T04:25:50.346+0000] {processor.py:840} INFO - DAG(s) 'tle_api_to_kafka_streaming' retrieved from /opt/airflow/dags/airflow_dag_api_to_kafka.py
[2026-01-29T04:25:50.406+0000] {logging_mixin.py:188} INFO - [2026-01-29T04:25:50.405+0000] {dag.py:3036} INFO - Sync 1 DAGs
[2026-01-29T04:25:50.459+0000] {logging_mixin.py:188} INFO - [2026-01-29T04:25:50.458+0000] {dag.py:3823} INFO - Setting next_dagrun for tle_api_to_kafka_streaming to 2026-01-29 04:00:00+00:00, run_after=2026-01-29 05:00:00+00:00
[2026-01-29T04:25:50.494+0000] {processor.py:183} INFO - Processing /opt/airflow/dags/airflow_dag_api_to_kafka.py took 0.261 seconds
[2026-01-29T05:17:57.621+0000] {processor.py:161} INFO - Started process (PID=193) to work on /opt/airflow/dags/airflow_dag_api_to_kafka.py
[2026-01-29T05:17:57.622+0000] {processor.py:830} INFO - Processing file /opt/airflow/dags/airflow_dag_api_to_kafka.py for tasks to queue
[2026-01-29T05:17:57.623+0000] {logging_mixin.py:188} INFO - [2026-01-29T05:17:57.622+0000] {dagbag.py:538} INFO - Filling up the DagBag from /opt/airflow/dags/airflow_dag_api_to_kafka.py
[2026-01-29T05:17:57.681+0000] {processor.py:840} INFO - DAG(s) 'tle_api_to_kafka_streaming' retrieved from /opt/airflow/dags/airflow_dag_api_to_kafka.py
[2026-01-29T05:17:57.840+0000] {logging_mixin.py:188} INFO - [2026-01-29T05:17:57.839+0000] {override.py:1769} INFO - Created Permission View: can read on DAG:tle_api_to_kafka_streaming
[2026-01-29T05:17:57.849+0000] {logging_mixin.py:188} INFO - [2026-01-29T05:17:57.849+0000] {override.py:1769} INFO - Created Permission View: can delete on DAG:tle_api_to_kafka_streaming
[2026-01-29T05:17:57.855+0000] {logging_mixin.py:188} INFO - [2026-01-29T05:17:57.854+0000] {override.py:1769} INFO - Created Permission View: can edit on DAG:tle_api_to_kafka_streaming
[2026-01-29T05:17:57.855+0000] {logging_mixin.py:188} INFO - [2026-01-29T05:17:57.855+0000] {dag.py:3036} INFO - Sync 1 DAGs
[2026-01-29T05:17:57.867+0000] {logging_mixin.py:188} INFO - [2026-01-29T05:17:57.866+0000] {dag.py:3058} INFO - Creating ORM DAG for tle_api_to_kafka_streaming
[2026-01-29T05:17:57.879+0000] {logging_mixin.py:188} INFO - [2026-01-29T05:17:57.879+0000] {dag.py:3823} INFO - Setting next_dagrun for tle_api_to_kafka_streaming to 2026-01-29 04:00:00+00:00, run_after=2026-01-29 05:00:00+00:00
[2026-01-29T05:17:57.900+0000] {processor.py:183} INFO - Processing /opt/airflow/dags/airflow_dag_api_to_kafka.py took 0.281 seconds
[2026-01-29T05:18:28.070+0000] {processor.py:161} INFO - Started process (PID=203) to work on /opt/airflow/dags/airflow_dag_api_to_kafka.py
[2026-01-29T05:18:28.071+0000] {processor.py:830} INFO - Processing file /opt/airflow/dags/airflow_dag_api_to_kafka.py for tasks to queue
[2026-01-29T05:18:28.073+0000] {logging_mixin.py:188} INFO - [2026-01-29T05:18:28.072+0000] {dagbag.py:538} INFO - Filling up the DagBag from /opt/airflow/dags/airflow_dag_api_to_kafka.py
[2026-01-29T05:18:28.179+0000] {processor.py:840} INFO - DAG(s) 'tle_api_to_kafka_streaming' retrieved from /opt/airflow/dags/airflow_dag_api_to_kafka.py
[2026-01-29T05:18:28.230+0000] {logging_mixin.py:188} INFO - [2026-01-29T05:18:28.230+0000] {dag.py:3036} INFO - Sync 1 DAGs
[2026-01-29T05:18:28.277+0000] {logging_mixin.py:188} INFO - [2026-01-29T05:18:28.277+0000] {dag.py:3823} INFO - Setting next_dagrun for tle_api_to_kafka_streaming to 2026-01-29 04:00:00+00:00, run_after=2026-01-29 05:00:00+00:00
[2026-01-29T05:18:28.311+0000] {processor.py:183} INFO - Processing /opt/airflow/dags/airflow_dag_api_to_kafka.py took 0.245 seconds
[2026-01-29T06:20:31.297+0000] {processor.py:161} INFO - Started process (PID=213) to work on /opt/airflow/dags/airflow_dag_api_to_kafka.py
[2026-01-29T06:20:31.298+0000] {processor.py:830} INFO - Processing file /opt/airflow/dags/airflow_dag_api_to_kafka.py for tasks to queue
[2026-01-29T06:20:31.300+0000] {logging_mixin.py:188} INFO - [2026-01-29T06:20:31.299+0000] {dagbag.py:538} INFO - Filling up the DagBag from /opt/airflow/dags/airflow_dag_api_to_kafka.py
[2026-01-29T06:20:31.384+0000] {processor.py:840} INFO - DAG(s) 'tle_api_to_kafka_streaming' retrieved from /opt/airflow/dags/airflow_dag_api_to_kafka.py
[2026-01-29T06:20:31.428+0000] {logging_mixin.py:188} INFO - [2026-01-29T06:20:31.428+0000] {dag.py:3036} INFO - Sync 1 DAGs
[2026-01-29T06:20:31.476+0000] {logging_mixin.py:188} INFO - [2026-01-29T06:20:31.476+0000] {dag.py:3823} INFO - Setting next_dagrun for tle_api_to_kafka_streaming to 2026-01-29 05:00:00+00:00, run_after=2026-01-29 06:00:00+00:00
[2026-01-29T06:20:31.506+0000] {processor.py:183} INFO - Processing /opt/airflow/dags/airflow_dag_api_to_kafka.py took 0.214 seconds
[2026-01-29T06:21:01.583+0000] {processor.py:161} INFO - Started process (PID=225) to work on /opt/airflow/dags/airflow_dag_api_to_kafka.py
[2026-01-29T06:21:01.584+0000] {processor.py:830} INFO - Processing file /opt/airflow/dags/airflow_dag_api_to_kafka.py for tasks to queue
[2026-01-29T06:21:01.585+0000] {logging_mixin.py:188} INFO - [2026-01-29T06:21:01.585+0000] {dagbag.py:538} INFO - Filling up the DagBag from /opt/airflow/dags/airflow_dag_api_to_kafka.py
[2026-01-29T06:21:01.648+0000] {processor.py:840} INFO - DAG(s) 'tle_api_to_kafka_streaming' retrieved from /opt/airflow/dags/airflow_dag_api_to_kafka.py
[2026-01-29T06:21:01.674+0000] {logging_mixin.py:188} INFO - [2026-01-29T06:21:01.674+0000] {dag.py:3036} INFO - Sync 1 DAGs
[2026-01-29T06:21:01.700+0000] {logging_mixin.py:188} INFO - [2026-01-29T06:21:01.699+0000] {dag.py:3823} INFO - Setting next_dagrun for tle_api_to_kafka_streaming to 2026-01-29 05:00:00+00:00, run_after=2026-01-29 06:00:00+00:00
[2026-01-29T06:21:01.715+0000] {processor.py:183} INFO - Processing /opt/airflow/dags/airflow_dag_api_to_kafka.py took 0.135 seconds
[2026-01-29T06:21:31.806+0000] {processor.py:161} INFO - Started process (PID=235) to work on /opt/airflow/dags/airflow_dag_api_to_kafka.py
[2026-01-29T06:21:31.807+0000] {processor.py:830} INFO - Processing file /opt/airflow/dags/airflow_dag_api_to_kafka.py for tasks to queue
[2026-01-29T06:21:31.807+0000] {logging_mixin.py:188} INFO - [2026-01-29T06:21:31.807+0000] {dagbag.py:538} INFO - Filling up the DagBag from /opt/airflow/dags/airflow_dag_api_to_kafka.py
[2026-01-29T06:21:31.874+0000] {processor.py:840} INFO - DAG(s) 'tle_api_to_kafka_streaming' retrieved from /opt/airflow/dags/airflow_dag_api_to_kafka.py
[2026-01-29T06:21:31.905+0000] {logging_mixin.py:188} INFO - [2026-01-29T06:21:31.905+0000] {dag.py:3036} INFO - Sync 1 DAGs
[2026-01-29T06:21:31.933+0000] {logging_mixin.py:188} INFO - [2026-01-29T06:21:31.933+0000] {dag.py:3823} INFO - Setting next_dagrun for tle_api_to_kafka_streaming to 2026-01-29 05:00:00+00:00, run_after=2026-01-29 06:00:00+00:00
[2026-01-29T06:21:31.950+0000] {processor.py:183} INFO - Processing /opt/airflow/dags/airflow_dag_api_to_kafka.py took 0.147 seconds
[2026-01-29T06:22:02.035+0000] {processor.py:161} INFO - Started process (PID=245) to work on /opt/airflow/dags/airflow_dag_api_to_kafka.py
[2026-01-29T06:22:02.036+0000] {processor.py:830} INFO - Processing file /opt/airflow/dags/airflow_dag_api_to_kafka.py for tasks to queue
[2026-01-29T06:22:02.036+0000] {logging_mixin.py:188} INFO - [2026-01-29T06:22:02.036+0000] {dagbag.py:538} INFO - Filling up the DagBag from /opt/airflow/dags/airflow_dag_api_to_kafka.py
[2026-01-29T06:22:02.081+0000] {processor.py:840} INFO - DAG(s) 'tle_api_to_kafka_streaming' retrieved from /opt/airflow/dags/airflow_dag_api_to_kafka.py
[2026-01-29T06:22:02.110+0000] {logging_mixin.py:188} INFO - [2026-01-29T06:22:02.110+0000] {dag.py:3036} INFO - Sync 1 DAGs
[2026-01-29T06:22:02.136+0000] {logging_mixin.py:188} INFO - [2026-01-29T06:22:02.135+0000] {dag.py:3823} INFO - Setting next_dagrun for tle_api_to_kafka_streaming to 2026-01-29 05:00:00+00:00, run_after=2026-01-29 06:00:00+00:00
[2026-01-29T06:22:02.153+0000] {processor.py:183} INFO - Processing /opt/airflow/dags/airflow_dag_api_to_kafka.py took 0.121 seconds
[2026-01-29T06:22:32.247+0000] {processor.py:161} INFO - Started process (PID=255) to work on /opt/airflow/dags/airflow_dag_api_to_kafka.py
[2026-01-29T06:22:32.248+0000] {processor.py:830} INFO - Processing file /opt/airflow/dags/airflow_dag_api_to_kafka.py for tasks to queue
[2026-01-29T06:22:32.249+0000] {logging_mixin.py:188} INFO - [2026-01-29T06:22:32.248+0000] {dagbag.py:538} INFO - Filling up the DagBag from /opt/airflow/dags/airflow_dag_api_to_kafka.py
[2026-01-29T06:22:32.292+0000] {processor.py:840} INFO - DAG(s) 'tle_api_to_kafka_streaming' retrieved from /opt/airflow/dags/airflow_dag_api_to_kafka.py
[2026-01-29T06:22:32.322+0000] {logging_mixin.py:188} INFO - [2026-01-29T06:22:32.321+0000] {dag.py:3036} INFO - Sync 1 DAGs
[2026-01-29T06:22:32.348+0000] {logging_mixin.py:188} INFO - [2026-01-29T06:22:32.348+0000] {dag.py:3823} INFO - Setting next_dagrun for tle_api_to_kafka_streaming to 2026-01-29 05:00:00+00:00, run_after=2026-01-29 06:00:00+00:00
[2026-01-29T06:22:32.367+0000] {processor.py:183} INFO - Processing /opt/airflow/dags/airflow_dag_api_to_kafka.py took 0.122 seconds
[2026-01-29T06:23:02.491+0000] {processor.py:161} INFO - Started process (PID=265) to work on /opt/airflow/dags/airflow_dag_api_to_kafka.py
[2026-01-29T06:23:02.492+0000] {processor.py:830} INFO - Processing file /opt/airflow/dags/airflow_dag_api_to_kafka.py for tasks to queue
[2026-01-29T06:23:02.494+0000] {logging_mixin.py:188} INFO - [2026-01-29T06:23:02.493+0000] {dagbag.py:538} INFO - Filling up the DagBag from /opt/airflow/dags/airflow_dag_api_to_kafka.py
[2026-01-29T06:23:02.587+0000] {processor.py:840} INFO - DAG(s) 'tle_api_to_kafka_streaming' retrieved from /opt/airflow/dags/airflow_dag_api_to_kafka.py
[2026-01-29T06:23:02.640+0000] {logging_mixin.py:188} INFO - [2026-01-29T06:23:02.640+0000] {dag.py:3036} INFO - Sync 1 DAGs
[2026-01-29T06:23:02.685+0000] {logging_mixin.py:188} INFO - [2026-01-29T06:23:02.684+0000] {dag.py:3823} INFO - Setting next_dagrun for tle_api_to_kafka_streaming to 2026-01-29 05:00:00+00:00, run_after=2026-01-29 06:00:00+00:00
[2026-01-29T06:23:02.714+0000] {processor.py:183} INFO - Processing /opt/airflow/dags/airflow_dag_api_to_kafka.py took 0.228 seconds
[2026-01-29T06:23:32.824+0000] {processor.py:161} INFO - Started process (PID=275) to work on /opt/airflow/dags/airflow_dag_api_to_kafka.py
[2026-01-29T06:23:32.825+0000] {processor.py:830} INFO - Processing file /opt/airflow/dags/airflow_dag_api_to_kafka.py for tasks to queue
[2026-01-29T06:23:32.826+0000] {logging_mixin.py:188} INFO - [2026-01-29T06:23:32.826+0000] {dagbag.py:538} INFO - Filling up the DagBag from /opt/airflow/dags/airflow_dag_api_to_kafka.py
[2026-01-29T06:23:32.921+0000] {processor.py:840} INFO - DAG(s) 'tle_api_to_kafka_streaming' retrieved from /opt/airflow/dags/airflow_dag_api_to_kafka.py
[2026-01-29T06:23:32.972+0000] {logging_mixin.py:188} INFO - [2026-01-29T06:23:32.972+0000] {dag.py:3036} INFO - Sync 1 DAGs
[2026-01-29T06:23:33.014+0000] {logging_mixin.py:188} INFO - [2026-01-29T06:23:33.013+0000] {dag.py:3823} INFO - Setting next_dagrun for tle_api_to_kafka_streaming to 2026-01-29 05:00:00+00:00, run_after=2026-01-29 06:00:00+00:00
[2026-01-29T06:23:33.045+0000] {processor.py:183} INFO - Processing /opt/airflow/dags/airflow_dag_api_to_kafka.py took 0.226 seconds
[2026-01-29T06:24:03.150+0000] {processor.py:161} INFO - Started process (PID=285) to work on /opt/airflow/dags/airflow_dag_api_to_kafka.py
[2026-01-29T06:24:03.151+0000] {processor.py:830} INFO - Processing file /opt/airflow/dags/airflow_dag_api_to_kafka.py for tasks to queue
[2026-01-29T06:24:03.153+0000] {logging_mixin.py:188} INFO - [2026-01-29T06:24:03.152+0000] {dagbag.py:538} INFO - Filling up the DagBag from /opt/airflow/dags/airflow_dag_api_to_kafka.py
[2026-01-29T06:24:03.252+0000] {processor.py:840} INFO - DAG(s) 'tle_api_to_kafka_streaming' retrieved from /opt/airflow/dags/airflow_dag_api_to_kafka.py
[2026-01-29T06:24:03.307+0000] {logging_mixin.py:188} INFO - [2026-01-29T06:24:03.307+0000] {dag.py:3036} INFO - Sync 1 DAGs
[2026-01-29T06:24:03.357+0000] {logging_mixin.py:188} INFO - [2026-01-29T06:24:03.357+0000] {dag.py:3823} INFO - Setting next_dagrun for tle_api_to_kafka_streaming to 2026-01-29 05:00:00+00:00, run_after=2026-01-29 06:00:00+00:00
[2026-01-29T06:24:03.391+0000] {processor.py:183} INFO - Processing /opt/airflow/dags/airflow_dag_api_to_kafka.py took 0.247 seconds
[2026-01-29T06:24:33.497+0000] {processor.py:161} INFO - Started process (PID=295) to work on /opt/airflow/dags/airflow_dag_api_to_kafka.py
[2026-01-29T06:24:33.498+0000] {processor.py:830} INFO - Processing file /opt/airflow/dags/airflow_dag_api_to_kafka.py for tasks to queue
[2026-01-29T06:24:33.500+0000] {logging_mixin.py:188} INFO - [2026-01-29T06:24:33.499+0000] {dagbag.py:538} INFO - Filling up the DagBag from /opt/airflow/dags/airflow_dag_api_to_kafka.py
[2026-01-29T06:24:33.591+0000] {processor.py:840} INFO - DAG(s) 'tle_api_to_kafka_streaming' retrieved from /opt/airflow/dags/airflow_dag_api_to_kafka.py
[2026-01-29T06:24:33.646+0000] {logging_mixin.py:188} INFO - [2026-01-29T06:24:33.645+0000] {dag.py:3036} INFO - Sync 1 DAGs
[2026-01-29T06:24:33.694+0000] {logging_mixin.py:188} INFO - [2026-01-29T06:24:33.693+0000] {dag.py:3823} INFO - Setting next_dagrun for tle_api_to_kafka_streaming to 2026-01-29 05:00:00+00:00, run_after=2026-01-29 06:00:00+00:00
[2026-01-29T06:24:33.725+0000] {processor.py:183} INFO - Processing /opt/airflow/dags/airflow_dag_api_to_kafka.py took 0.234 seconds
[2026-01-29T06:25:04.545+0000] {processor.py:161} INFO - Started process (PID=305) to work on /opt/airflow/dags/airflow_dag_api_to_kafka.py
[2026-01-29T06:25:04.546+0000] {processor.py:830} INFO - Processing file /opt/airflow/dags/airflow_dag_api_to_kafka.py for tasks to queue
[2026-01-29T06:25:04.548+0000] {logging_mixin.py:188} INFO - [2026-01-29T06:25:04.547+0000] {dagbag.py:538} INFO - Filling up the DagBag from /opt/airflow/dags/airflow_dag_api_to_kafka.py
[2026-01-29T06:25:04.654+0000] {processor.py:840} INFO - DAG(s) 'tle_api_to_kafka_streaming' retrieved from /opt/airflow/dags/airflow_dag_api_to_kafka.py
[2026-01-29T06:25:04.698+0000] {logging_mixin.py:188} INFO - [2026-01-29T06:25:04.698+0000] {dag.py:3036} INFO - Sync 1 DAGs
[2026-01-29T06:25:04.732+0000] {logging_mixin.py:188} INFO - [2026-01-29T06:25:04.732+0000] {dag.py:3823} INFO - Setting next_dagrun for tle_api_to_kafka_streaming to 2026-01-29 05:00:00+00:00, run_after=2026-01-29 06:00:00+00:00
[2026-01-29T06:25:04.755+0000] {processor.py:183} INFO - Processing /opt/airflow/dags/airflow_dag_api_to_kafka.py took 0.216 seconds
[2026-01-29T06:25:34.891+0000] {processor.py:161} INFO - Started process (PID=315) to work on /opt/airflow/dags/airflow_dag_api_to_kafka.py
[2026-01-29T06:25:34.892+0000] {processor.py:830} INFO - Processing file /opt/airflow/dags/airflow_dag_api_to_kafka.py for tasks to queue
[2026-01-29T06:25:34.894+0000] {logging_mixin.py:188} INFO - [2026-01-29T06:25:34.893+0000] {dagbag.py:538} INFO - Filling up the DagBag from /opt/airflow/dags/airflow_dag_api_to_kafka.py
[2026-01-29T06:25:34.986+0000] {processor.py:840} INFO - DAG(s) 'tle_api_to_kafka_streaming' retrieved from /opt/airflow/dags/airflow_dag_api_to_kafka.py
[2026-01-29T06:25:35.038+0000] {logging_mixin.py:188} INFO - [2026-01-29T06:25:35.038+0000] {dag.py:3036} INFO - Sync 1 DAGs
[2026-01-29T06:25:35.086+0000] {logging_mixin.py:188} INFO - [2026-01-29T06:25:35.086+0000] {dag.py:3823} INFO - Setting next_dagrun for tle_api_to_kafka_streaming to 2026-01-29 05:00:00+00:00, run_after=2026-01-29 06:00:00+00:00
[2026-01-29T06:25:35.118+0000] {processor.py:183} INFO - Processing /opt/airflow/dags/airflow_dag_api_to_kafka.py took 0.232 seconds
[2026-01-29T06:26:05.218+0000] {processor.py:161} INFO - Started process (PID=325) to work on /opt/airflow/dags/airflow_dag_api_to_kafka.py
[2026-01-29T06:26:05.219+0000] {processor.py:830} INFO - Processing file /opt/airflow/dags/airflow_dag_api_to_kafka.py for tasks to queue
[2026-01-29T06:26:05.221+0000] {logging_mixin.py:188} INFO - [2026-01-29T06:26:05.220+0000] {dagbag.py:538} INFO - Filling up the DagBag from /opt/airflow/dags/airflow_dag_api_to_kafka.py
[2026-01-29T06:26:05.327+0000] {processor.py:840} INFO - DAG(s) 'tle_api_to_kafka_streaming' retrieved from /opt/airflow/dags/airflow_dag_api_to_kafka.py
[2026-01-29T06:26:05.383+0000] {logging_mixin.py:188} INFO - [2026-01-29T06:26:05.383+0000] {dag.py:3036} INFO - Sync 1 DAGs
[2026-01-29T06:26:05.438+0000] {logging_mixin.py:188} INFO - [2026-01-29T06:26:05.438+0000] {dag.py:3823} INFO - Setting next_dagrun for tle_api_to_kafka_streaming to 2026-01-29 05:00:00+00:00, run_after=2026-01-29 06:00:00+00:00
[2026-01-29T06:26:05.474+0000] {processor.py:183} INFO - Processing /opt/airflow/dags/airflow_dag_api_to_kafka.py took 0.261 seconds
[2026-01-29T06:26:35.643+0000] {processor.py:161} INFO - Started process (PID=337) to work on /opt/airflow/dags/airflow_dag_api_to_kafka.py
[2026-01-29T06:26:35.644+0000] {processor.py:830} INFO - Processing file /opt/airflow/dags/airflow_dag_api_to_kafka.py for tasks to queue
[2026-01-29T06:26:35.645+0000] {logging_mixin.py:188} INFO - [2026-01-29T06:26:35.645+0000] {dagbag.py:538} INFO - Filling up the DagBag from /opt/airflow/dags/airflow_dag_api_to_kafka.py
[2026-01-29T06:26:35.716+0000] {processor.py:840} INFO - DAG(s) 'tle_api_to_kafka_streaming' retrieved from /opt/airflow/dags/airflow_dag_api_to_kafka.py
[2026-01-29T06:26:35.762+0000] {logging_mixin.py:188} INFO - [2026-01-29T06:26:35.762+0000] {dag.py:3036} INFO - Sync 1 DAGs
[2026-01-29T06:26:35.809+0000] {logging_mixin.py:188} INFO - [2026-01-29T06:26:35.808+0000] {dag.py:3823} INFO - Setting next_dagrun for tle_api_to_kafka_streaming to 2026-01-29 05:00:00+00:00, run_after=2026-01-29 06:00:00+00:00
[2026-01-29T06:26:35.841+0000] {processor.py:183} INFO - Processing /opt/airflow/dags/airflow_dag_api_to_kafka.py took 0.202 seconds
[2026-01-29T06:27:05.997+0000] {processor.py:161} INFO - Started process (PID=347) to work on /opt/airflow/dags/airflow_dag_api_to_kafka.py
[2026-01-29T06:27:05.998+0000] {processor.py:830} INFO - Processing file /opt/airflow/dags/airflow_dag_api_to_kafka.py for tasks to queue
[2026-01-29T06:27:06.000+0000] {logging_mixin.py:188} INFO - [2026-01-29T06:27:05.999+0000] {dagbag.py:538} INFO - Filling up the DagBag from /opt/airflow/dags/airflow_dag_api_to_kafka.py
[2026-01-29T06:27:06.095+0000] {processor.py:840} INFO - DAG(s) 'tle_api_to_kafka_streaming' retrieved from /opt/airflow/dags/airflow_dag_api_to_kafka.py
[2026-01-29T06:27:06.152+0000] {logging_mixin.py:188} INFO - [2026-01-29T06:27:06.152+0000] {dag.py:3036} INFO - Sync 1 DAGs
[2026-01-29T06:27:06.203+0000] {logging_mixin.py:188} INFO - [2026-01-29T06:27:06.203+0000] {dag.py:3823} INFO - Setting next_dagrun for tle_api_to_kafka_streaming to 2026-01-29 05:00:00+00:00, run_after=2026-01-29 06:00:00+00:00
[2026-01-29T06:27:06.237+0000] {processor.py:183} INFO - Processing /opt/airflow/dags/airflow_dag_api_to_kafka.py took 0.246 seconds
[2026-01-29T06:27:36.357+0000] {processor.py:161} INFO - Started process (PID=357) to work on /opt/airflow/dags/airflow_dag_api_to_kafka.py
[2026-01-29T06:27:36.359+0000] {processor.py:830} INFO - Processing file /opt/airflow/dags/airflow_dag_api_to_kafka.py for tasks to queue
[2026-01-29T06:27:36.360+0000] {logging_mixin.py:188} INFO - [2026-01-29T06:27:36.359+0000] {dagbag.py:538} INFO - Filling up the DagBag from /opt/airflow/dags/airflow_dag_api_to_kafka.py
[2026-01-29T06:27:36.454+0000] {processor.py:840} INFO - DAG(s) 'tle_api_to_kafka_streaming' retrieved from /opt/airflow/dags/airflow_dag_api_to_kafka.py
[2026-01-29T06:27:36.512+0000] {logging_mixin.py:188} INFO - [2026-01-29T06:27:36.512+0000] {dag.py:3036} INFO - Sync 1 DAGs
[2026-01-29T06:27:36.565+0000] {logging_mixin.py:188} INFO - [2026-01-29T06:27:36.564+0000] {dag.py:3823} INFO - Setting next_dagrun for tle_api_to_kafka_streaming to 2026-01-29 05:00:00+00:00, run_after=2026-01-29 06:00:00+00:00
[2026-01-29T06:27:36.601+0000] {processor.py:183} INFO - Processing /opt/airflow/dags/airflow_dag_api_to_kafka.py took 0.250 seconds
[2026-01-29T06:28:06.715+0000] {processor.py:161} INFO - Started process (PID=367) to work on /opt/airflow/dags/airflow_dag_api_to_kafka.py
[2026-01-29T06:28:06.717+0000] {processor.py:830} INFO - Processing file /opt/airflow/dags/airflow_dag_api_to_kafka.py for tasks to queue
[2026-01-29T06:28:06.718+0000] {logging_mixin.py:188} INFO - [2026-01-29T06:28:06.718+0000] {dagbag.py:538} INFO - Filling up the DagBag from /opt/airflow/dags/airflow_dag_api_to_kafka.py
[2026-01-29T06:28:06.812+0000] {processor.py:840} INFO - DAG(s) 'tle_api_to_kafka_streaming' retrieved from /opt/airflow/dags/airflow_dag_api_to_kafka.py
[2026-01-29T06:28:06.868+0000] {logging_mixin.py:188} INFO - [2026-01-29T06:28:06.868+0000] {dag.py:3036} INFO - Sync 1 DAGs
[2026-01-29T06:28:06.915+0000] {logging_mixin.py:188} INFO - [2026-01-29T06:28:06.915+0000] {dag.py:3823} INFO - Setting next_dagrun for tle_api_to_kafka_streaming to 2026-01-29 05:00:00+00:00, run_after=2026-01-29 06:00:00+00:00
[2026-01-29T06:28:06.948+0000] {processor.py:183} INFO - Processing /opt/airflow/dags/airflow_dag_api_to_kafka.py took 0.239 seconds
[2026-01-29T06:28:37.103+0000] {processor.py:161} INFO - Started process (PID=377) to work on /opt/airflow/dags/airflow_dag_api_to_kafka.py
[2026-01-29T06:28:37.104+0000] {processor.py:830} INFO - Processing file /opt/airflow/dags/airflow_dag_api_to_kafka.py for tasks to queue
[2026-01-29T06:28:37.105+0000] {logging_mixin.py:188} INFO - [2026-01-29T06:28:37.105+0000] {dagbag.py:538} INFO - Filling up the DagBag from /opt/airflow/dags/airflow_dag_api_to_kafka.py
[2026-01-29T06:28:37.199+0000] {processor.py:840} INFO - DAG(s) 'tle_api_to_kafka_streaming' retrieved from /opt/airflow/dags/airflow_dag_api_to_kafka.py
[2026-01-29T06:28:37.259+0000] {logging_mixin.py:188} INFO - [2026-01-29T06:28:37.259+0000] {dag.py:3036} INFO - Sync 1 DAGs
[2026-01-29T06:28:37.312+0000] {logging_mixin.py:188} INFO - [2026-01-29T06:28:37.312+0000] {dag.py:3823} INFO - Setting next_dagrun for tle_api_to_kafka_streaming to 2026-01-29 05:00:00+00:00, run_after=2026-01-29 06:00:00+00:00
[2026-01-29T06:28:37.349+0000] {processor.py:183} INFO - Processing /opt/airflow/dags/airflow_dag_api_to_kafka.py took 0.252 seconds
[2026-01-29T06:29:07.469+0000] {processor.py:161} INFO - Started process (PID=387) to work on /opt/airflow/dags/airflow_dag_api_to_kafka.py
[2026-01-29T06:29:07.471+0000] {processor.py:830} INFO - Processing file /opt/airflow/dags/airflow_dag_api_to_kafka.py for tasks to queue
[2026-01-29T06:29:07.473+0000] {logging_mixin.py:188} INFO - [2026-01-29T06:29:07.472+0000] {dagbag.py:538} INFO - Filling up the DagBag from /opt/airflow/dags/airflow_dag_api_to_kafka.py
[2026-01-29T06:29:07.564+0000] {processor.py:840} INFO - DAG(s) 'tle_api_to_kafka_streaming' retrieved from /opt/airflow/dags/airflow_dag_api_to_kafka.py
[2026-01-29T06:29:07.623+0000] {logging_mixin.py:188} INFO - [2026-01-29T06:29:07.623+0000] {dag.py:3036} INFO - Sync 1 DAGs
[2026-01-29T06:29:07.671+0000] {logging_mixin.py:188} INFO - [2026-01-29T06:29:07.671+0000] {dag.py:3823} INFO - Setting next_dagrun for tle_api_to_kafka_streaming to 2026-01-29 05:00:00+00:00, run_after=2026-01-29 06:00:00+00:00
[2026-01-29T06:29:07.704+0000] {processor.py:183} INFO - Processing /opt/airflow/dags/airflow_dag_api_to_kafka.py took 0.240 seconds
[2026-01-29T06:29:37.837+0000] {processor.py:161} INFO - Started process (PID=397) to work on /opt/airflow/dags/airflow_dag_api_to_kafka.py
[2026-01-29T06:29:37.838+0000] {processor.py:830} INFO - Processing file /opt/airflow/dags/airflow_dag_api_to_kafka.py for tasks to queue
[2026-01-29T06:29:37.840+0000] {logging_mixin.py:188} INFO - [2026-01-29T06:29:37.839+0000] {dagbag.py:538} INFO - Filling up the DagBag from /opt/airflow/dags/airflow_dag_api_to_kafka.py
[2026-01-29T06:29:37.937+0000] {processor.py:840} INFO - DAG(s) 'tle_api_to_kafka_streaming' retrieved from /opt/airflow/dags/airflow_dag_api_to_kafka.py
[2026-01-29T06:29:37.998+0000] {logging_mixin.py:188} INFO - [2026-01-29T06:29:37.997+0000] {dag.py:3036} INFO - Sync 1 DAGs
[2026-01-29T06:29:38.051+0000] {logging_mixin.py:188} INFO - [2026-01-29T06:29:38.051+0000] {dag.py:3823} INFO - Setting next_dagrun for tle_api_to_kafka_streaming to 2026-01-29 05:00:00+00:00, run_after=2026-01-29 06:00:00+00:00
[2026-01-29T06:29:38.089+0000] {processor.py:183} INFO - Processing /opt/airflow/dags/airflow_dag_api_to_kafka.py took 0.258 seconds
[2026-01-29T06:30:08.195+0000] {processor.py:161} INFO - Started process (PID=407) to work on /opt/airflow/dags/airflow_dag_api_to_kafka.py
[2026-01-29T06:30:08.198+0000] {processor.py:830} INFO - Processing file /opt/airflow/dags/airflow_dag_api_to_kafka.py for tasks to queue
[2026-01-29T06:30:08.200+0000] {logging_mixin.py:188} INFO - [2026-01-29T06:30:08.199+0000] {dagbag.py:538} INFO - Filling up the DagBag from /opt/airflow/dags/airflow_dag_api_to_kafka.py
[2026-01-29T06:30:08.292+0000] {processor.py:840} INFO - DAG(s) 'tle_api_to_kafka_streaming' retrieved from /opt/airflow/dags/airflow_dag_api_to_kafka.py
[2026-01-29T06:30:08.348+0000] {logging_mixin.py:188} INFO - [2026-01-29T06:30:08.348+0000] {dag.py:3036} INFO - Sync 1 DAGs
[2026-01-29T06:30:08.398+0000] {logging_mixin.py:188} INFO - [2026-01-29T06:30:08.397+0000] {dag.py:3823} INFO - Setting next_dagrun for tle_api_to_kafka_streaming to 2026-01-29 05:00:00+00:00, run_after=2026-01-29 06:00:00+00:00
[2026-01-29T06:30:08.431+0000] {processor.py:183} INFO - Processing /opt/airflow/dags/airflow_dag_api_to_kafka.py took 0.241 seconds
[2026-01-29T06:30:38.577+0000] {processor.py:161} INFO - Started process (PID=417) to work on /opt/airflow/dags/airflow_dag_api_to_kafka.py
[2026-01-29T06:30:38.578+0000] {processor.py:830} INFO - Processing file /opt/airflow/dags/airflow_dag_api_to_kafka.py for tasks to queue
[2026-01-29T06:30:38.579+0000] {logging_mixin.py:188} INFO - [2026-01-29T06:30:38.579+0000] {dagbag.py:538} INFO - Filling up the DagBag from /opt/airflow/dags/airflow_dag_api_to_kafka.py
[2026-01-29T06:30:38.679+0000] {processor.py:840} INFO - DAG(s) 'tle_api_to_kafka_streaming' retrieved from /opt/airflow/dags/airflow_dag_api_to_kafka.py
[2026-01-29T06:30:38.746+0000] {logging_mixin.py:188} INFO - [2026-01-29T06:30:38.745+0000] {dag.py:3036} INFO - Sync 1 DAGs
[2026-01-29T06:30:38.796+0000] {logging_mixin.py:188} INFO - [2026-01-29T06:30:38.796+0000] {dag.py:3823} INFO - Setting next_dagrun for tle_api_to_kafka_streaming to 2026-01-29 05:00:00+00:00, run_after=2026-01-29 06:00:00+00:00
[2026-01-29T06:30:38.834+0000] {processor.py:183} INFO - Processing /opt/airflow/dags/airflow_dag_api_to_kafka.py took 0.263 seconds
[2026-01-29T06:31:08.926+0000] {processor.py:161} INFO - Started process (PID=427) to work on /opt/airflow/dags/airflow_dag_api_to_kafka.py
[2026-01-29T06:31:08.927+0000] {processor.py:830} INFO - Processing file /opt/airflow/dags/airflow_dag_api_to_kafka.py for tasks to queue
[2026-01-29T06:31:08.928+0000] {logging_mixin.py:188} INFO - [2026-01-29T06:31:08.928+0000] {dagbag.py:538} INFO - Filling up the DagBag from /opt/airflow/dags/airflow_dag_api_to_kafka.py
[2026-01-29T06:31:09.019+0000] {processor.py:840} INFO - DAG(s) 'tle_api_to_kafka_streaming' retrieved from /opt/airflow/dags/airflow_dag_api_to_kafka.py
[2026-01-29T06:31:09.074+0000] {logging_mixin.py:188} INFO - [2026-01-29T06:31:09.073+0000] {dag.py:3036} INFO - Sync 1 DAGs
[2026-01-29T06:31:09.121+0000] {logging_mixin.py:188} INFO - [2026-01-29T06:31:09.120+0000] {dag.py:3823} INFO - Setting next_dagrun for tle_api_to_kafka_streaming to 2026-01-29 05:00:00+00:00, run_after=2026-01-29 06:00:00+00:00
[2026-01-29T06:31:09.155+0000] {processor.py:183} INFO - Processing /opt/airflow/dags/airflow_dag_api_to_kafka.py took 0.234 seconds
[2026-01-29T06:31:39.289+0000] {processor.py:161} INFO - Started process (PID=437) to work on /opt/airflow/dags/airflow_dag_api_to_kafka.py
[2026-01-29T06:31:39.290+0000] {processor.py:830} INFO - Processing file /opt/airflow/dags/airflow_dag_api_to_kafka.py for tasks to queue
[2026-01-29T06:31:39.292+0000] {logging_mixin.py:188} INFO - [2026-01-29T06:31:39.291+0000] {dagbag.py:538} INFO - Filling up the DagBag from /opt/airflow/dags/airflow_dag_api_to_kafka.py
[2026-01-29T06:31:39.388+0000] {processor.py:840} INFO - DAG(s) 'tle_api_to_kafka_streaming' retrieved from /opt/airflow/dags/airflow_dag_api_to_kafka.py
[2026-01-29T06:31:39.445+0000] {logging_mixin.py:188} INFO - [2026-01-29T06:31:39.444+0000] {dag.py:3036} INFO - Sync 1 DAGs
[2026-01-29T06:31:39.493+0000] {logging_mixin.py:188} INFO - [2026-01-29T06:31:39.493+0000] {dag.py:3823} INFO - Setting next_dagrun for tle_api_to_kafka_streaming to 2026-01-29 05:00:00+00:00, run_after=2026-01-29 06:00:00+00:00
[2026-01-29T06:31:39.528+0000] {processor.py:183} INFO - Processing /opt/airflow/dags/airflow_dag_api_to_kafka.py took 0.245 seconds
[2026-01-29T06:32:09.658+0000] {processor.py:161} INFO - Started process (PID=447) to work on /opt/airflow/dags/airflow_dag_api_to_kafka.py
[2026-01-29T06:32:09.660+0000] {processor.py:830} INFO - Processing file /opt/airflow/dags/airflow_dag_api_to_kafka.py for tasks to queue
[2026-01-29T06:32:09.661+0000] {logging_mixin.py:188} INFO - [2026-01-29T06:32:09.661+0000] {dagbag.py:538} INFO - Filling up the DagBag from /opt/airflow/dags/airflow_dag_api_to_kafka.py
[2026-01-29T06:32:09.753+0000] {processor.py:840} INFO - DAG(s) 'tle_api_to_kafka_streaming' retrieved from /opt/airflow/dags/airflow_dag_api_to_kafka.py
[2026-01-29T06:32:09.810+0000] {logging_mixin.py:188} INFO - [2026-01-29T06:32:09.810+0000] {dag.py:3036} INFO - Sync 1 DAGs
[2026-01-29T06:32:09.857+0000] {logging_mixin.py:188} INFO - [2026-01-29T06:32:09.856+0000] {dag.py:3823} INFO - Setting next_dagrun for tle_api_to_kafka_streaming to 2026-01-29 05:00:00+00:00, run_after=2026-01-29 06:00:00+00:00
[2026-01-29T06:32:09.890+0000] {processor.py:183} INFO - Processing /opt/airflow/dags/airflow_dag_api_to_kafka.py took 0.238 seconds
[2026-01-29T06:32:40.021+0000] {processor.py:161} INFO - Started process (PID=457) to work on /opt/airflow/dags/airflow_dag_api_to_kafka.py
[2026-01-29T06:32:40.023+0000] {processor.py:830} INFO - Processing file /opt/airflow/dags/airflow_dag_api_to_kafka.py for tasks to queue
[2026-01-29T06:32:40.024+0000] {logging_mixin.py:188} INFO - [2026-01-29T06:32:40.023+0000] {dagbag.py:538} INFO - Filling up the DagBag from /opt/airflow/dags/airflow_dag_api_to_kafka.py
[2026-01-29T06:32:40.117+0000] {processor.py:840} INFO - DAG(s) 'tle_api_to_kafka_streaming' retrieved from /opt/airflow/dags/airflow_dag_api_to_kafka.py
[2026-01-29T06:32:40.171+0000] {logging_mixin.py:188} INFO - [2026-01-29T06:32:40.171+0000] {dag.py:3036} INFO - Sync 1 DAGs
[2026-01-29T06:32:40.218+0000] {logging_mixin.py:188} INFO - [2026-01-29T06:32:40.218+0000] {dag.py:3823} INFO - Setting next_dagrun for tle_api_to_kafka_streaming to 2026-01-29 05:00:00+00:00, run_after=2026-01-29 06:00:00+00:00
[2026-01-29T06:32:40.253+0000] {processor.py:183} INFO - Processing /opt/airflow/dags/airflow_dag_api_to_kafka.py took 0.237 seconds
[2026-01-29T06:33:10.383+0000] {processor.py:161} INFO - Started process (PID=467) to work on /opt/airflow/dags/airflow_dag_api_to_kafka.py
[2026-01-29T06:33:10.385+0000] {processor.py:830} INFO - Processing file /opt/airflow/dags/airflow_dag_api_to_kafka.py for tasks to queue
[2026-01-29T06:33:10.386+0000] {logging_mixin.py:188} INFO - [2026-01-29T06:33:10.385+0000] {dagbag.py:538} INFO - Filling up the DagBag from /opt/airflow/dags/airflow_dag_api_to_kafka.py
[2026-01-29T06:33:10.481+0000] {processor.py:840} INFO - DAG(s) 'tle_api_to_kafka_streaming' retrieved from /opt/airflow/dags/airflow_dag_api_to_kafka.py
[2026-01-29T06:33:10.536+0000] {logging_mixin.py:188} INFO - [2026-01-29T06:33:10.536+0000] {dag.py:3036} INFO - Sync 1 DAGs
[2026-01-29T06:33:10.585+0000] {logging_mixin.py:188} INFO - [2026-01-29T06:33:10.585+0000] {dag.py:3823} INFO - Setting next_dagrun for tle_api_to_kafka_streaming to 2026-01-29 05:00:00+00:00, run_after=2026-01-29 06:00:00+00:00
[2026-01-29T06:33:10.620+0000] {processor.py:183} INFO - Processing /opt/airflow/dags/airflow_dag_api_to_kafka.py took 0.243 seconds
[2026-01-29T06:33:40.738+0000] {processor.py:161} INFO - Started process (PID=477) to work on /opt/airflow/dags/airflow_dag_api_to_kafka.py
[2026-01-29T06:33:40.740+0000] {processor.py:830} INFO - Processing file /opt/airflow/dags/airflow_dag_api_to_kafka.py for tasks to queue
[2026-01-29T06:33:40.742+0000] {logging_mixin.py:188} INFO - [2026-01-29T06:33:40.741+0000] {dagbag.py:538} INFO - Filling up the DagBag from /opt/airflow/dags/airflow_dag_api_to_kafka.py
[2026-01-29T06:33:40.833+0000] {processor.py:840} INFO - DAG(s) 'tle_api_to_kafka_streaming' retrieved from /opt/airflow/dags/airflow_dag_api_to_kafka.py
[2026-01-29T06:33:40.890+0000] {logging_mixin.py:188} INFO - [2026-01-29T06:33:40.890+0000] {dag.py:3036} INFO - Sync 1 DAGs
[2026-01-29T06:33:40.937+0000] {logging_mixin.py:188} INFO - [2026-01-29T06:33:40.936+0000] {dag.py:3823} INFO - Setting next_dagrun for tle_api_to_kafka_streaming to 2026-01-29 05:00:00+00:00, run_after=2026-01-29 06:00:00+00:00
[2026-01-29T06:33:40.973+0000] {processor.py:183} INFO - Processing /opt/airflow/dags/airflow_dag_api_to_kafka.py took 0.240 seconds
[2026-01-29T06:34:11.106+0000] {processor.py:161} INFO - Started process (PID=487) to work on /opt/airflow/dags/airflow_dag_api_to_kafka.py
[2026-01-29T06:34:11.107+0000] {processor.py:830} INFO - Processing file /opt/airflow/dags/airflow_dag_api_to_kafka.py for tasks to queue
[2026-01-29T06:34:11.109+0000] {logging_mixin.py:188} INFO - [2026-01-29T06:34:11.108+0000] {dagbag.py:538} INFO - Filling up the DagBag from /opt/airflow/dags/airflow_dag_api_to_kafka.py
[2026-01-29T06:34:11.201+0000] {processor.py:840} INFO - DAG(s) 'tle_api_to_kafka_streaming' retrieved from /opt/airflow/dags/airflow_dag_api_to_kafka.py
[2026-01-29T06:34:11.256+0000] {logging_mixin.py:188} INFO - [2026-01-29T06:34:11.256+0000] {dag.py:3036} INFO - Sync 1 DAGs
[2026-01-29T06:34:11.304+0000] {logging_mixin.py:188} INFO - [2026-01-29T06:34:11.304+0000] {dag.py:3823} INFO - Setting next_dagrun for tle_api_to_kafka_streaming to 2026-01-29 05:00:00+00:00, run_after=2026-01-29 06:00:00+00:00
[2026-01-29T06:34:11.338+0000] {processor.py:183} INFO - Processing /opt/airflow/dags/airflow_dag_api_to_kafka.py took 0.238 seconds
[2026-01-29T06:34:41.467+0000] {processor.py:161} INFO - Started process (PID=497) to work on /opt/airflow/dags/airflow_dag_api_to_kafka.py
[2026-01-29T06:34:41.468+0000] {processor.py:830} INFO - Processing file /opt/airflow/dags/airflow_dag_api_to_kafka.py for tasks to queue
[2026-01-29T06:34:41.470+0000] {logging_mixin.py:188} INFO - [2026-01-29T06:34:41.469+0000] {dagbag.py:538} INFO - Filling up the DagBag from /opt/airflow/dags/airflow_dag_api_to_kafka.py
[2026-01-29T06:34:41.561+0000] {processor.py:840} INFO - DAG(s) 'tle_api_to_kafka_streaming' retrieved from /opt/airflow/dags/airflow_dag_api_to_kafka.py
[2026-01-29T06:34:41.616+0000] {logging_mixin.py:188} INFO - [2026-01-29T06:34:41.616+0000] {dag.py:3036} INFO - Sync 1 DAGs
[2026-01-29T06:34:41.666+0000] {logging_mixin.py:188} INFO - [2026-01-29T06:34:41.666+0000] {dag.py:3823} INFO - Setting next_dagrun for tle_api_to_kafka_streaming to 2026-01-29 05:00:00+00:00, run_after=2026-01-29 06:00:00+00:00
[2026-01-29T06:34:41.699+0000] {processor.py:183} INFO - Processing /opt/airflow/dags/airflow_dag_api_to_kafka.py took 0.238 seconds
[2026-01-29T06:35:11.827+0000] {processor.py:161} INFO - Started process (PID=507) to work on /opt/airflow/dags/airflow_dag_api_to_kafka.py
[2026-01-29T06:35:11.828+0000] {processor.py:830} INFO - Processing file /opt/airflow/dags/airflow_dag_api_to_kafka.py for tasks to queue
[2026-01-29T06:35:11.830+0000] {logging_mixin.py:188} INFO - [2026-01-29T06:35:11.829+0000] {dagbag.py:538} INFO - Filling up the DagBag from /opt/airflow/dags/airflow_dag_api_to_kafka.py
[2026-01-29T06:35:11.925+0000] {processor.py:840} INFO - DAG(s) 'tle_api_to_kafka_streaming' retrieved from /opt/airflow/dags/airflow_dag_api_to_kafka.py
[2026-01-29T06:35:11.982+0000] {logging_mixin.py:188} INFO - [2026-01-29T06:35:11.982+0000] {dag.py:3036} INFO - Sync 1 DAGs
[2026-01-29T06:35:12.029+0000] {logging_mixin.py:188} INFO - [2026-01-29T06:35:12.029+0000] {dag.py:3823} INFO - Setting next_dagrun for tle_api_to_kafka_streaming to 2026-01-29 05:00:00+00:00, run_after=2026-01-29 06:00:00+00:00
[2026-01-29T06:35:12.064+0000] {processor.py:183} INFO - Processing /opt/airflow/dags/airflow_dag_api_to_kafka.py took 0.243 seconds
[2026-01-29T06:35:42.207+0000] {processor.py:161} INFO - Started process (PID=517) to work on /opt/airflow/dags/airflow_dag_api_to_kafka.py
[2026-01-29T06:35:42.208+0000] {processor.py:830} INFO - Processing file /opt/airflow/dags/airflow_dag_api_to_kafka.py for tasks to queue
[2026-01-29T06:35:42.210+0000] {logging_mixin.py:188} INFO - [2026-01-29T06:35:42.209+0000] {dagbag.py:538} INFO - Filling up the DagBag from /opt/airflow/dags/airflow_dag_api_to_kafka.py
[2026-01-29T06:35:42.304+0000] {processor.py:840} INFO - DAG(s) 'tle_api_to_kafka_streaming' retrieved from /opt/airflow/dags/airflow_dag_api_to_kafka.py
[2026-01-29T06:35:42.359+0000] {logging_mixin.py:188} INFO - [2026-01-29T06:35:42.359+0000] {dag.py:3036} INFO - Sync 1 DAGs
[2026-01-29T06:35:42.406+0000] {logging_mixin.py:188} INFO - [2026-01-29T06:35:42.406+0000] {dag.py:3823} INFO - Setting next_dagrun for tle_api_to_kafka_streaming to 2026-01-29 05:00:00+00:00, run_after=2026-01-29 06:00:00+00:00
[2026-01-29T06:35:42.440+0000] {processor.py:183} INFO - Processing /opt/airflow/dags/airflow_dag_api_to_kafka.py took 0.239 seconds
[2026-01-29T06:36:12.565+0000] {processor.py:161} INFO - Started process (PID=527) to work on /opt/airflow/dags/airflow_dag_api_to_kafka.py
[2026-01-29T06:36:12.566+0000] {processor.py:830} INFO - Processing file /opt/airflow/dags/airflow_dag_api_to_kafka.py for tasks to queue
[2026-01-29T06:36:12.568+0000] {logging_mixin.py:188} INFO - [2026-01-29T06:36:12.567+0000] {dagbag.py:538} INFO - Filling up the DagBag from /opt/airflow/dags/airflow_dag_api_to_kafka.py
[2026-01-29T06:36:12.662+0000] {processor.py:840} INFO - DAG(s) 'tle_api_to_kafka_streaming' retrieved from /opt/airflow/dags/airflow_dag_api_to_kafka.py
[2026-01-29T06:36:12.717+0000] {logging_mixin.py:188} INFO - [2026-01-29T06:36:12.717+0000] {dag.py:3036} INFO - Sync 1 DAGs
[2026-01-29T06:36:12.767+0000] {logging_mixin.py:188} INFO - [2026-01-29T06:36:12.767+0000] {dag.py:3823} INFO - Setting next_dagrun for tle_api_to_kafka_streaming to 2026-01-29 05:00:00+00:00, run_after=2026-01-29 06:00:00+00:00
[2026-01-29T06:36:12.798+0000] {processor.py:183} INFO - Processing /opt/airflow/dags/airflow_dag_api_to_kafka.py took 0.239 seconds
[2026-01-29T06:36:42.937+0000] {processor.py:161} INFO - Started process (PID=537) to work on /opt/airflow/dags/airflow_dag_api_to_kafka.py
[2026-01-29T06:36:42.939+0000] {processor.py:830} INFO - Processing file /opt/airflow/dags/airflow_dag_api_to_kafka.py for tasks to queue
[2026-01-29T06:36:42.940+0000] {logging_mixin.py:188} INFO - [2026-01-29T06:36:42.940+0000] {dagbag.py:538} INFO - Filling up the DagBag from /opt/airflow/dags/airflow_dag_api_to_kafka.py
[2026-01-29T06:36:43.031+0000] {processor.py:840} INFO - DAG(s) 'tle_api_to_kafka_streaming' retrieved from /opt/airflow/dags/airflow_dag_api_to_kafka.py
[2026-01-29T06:36:43.089+0000] {logging_mixin.py:188} INFO - [2026-01-29T06:36:43.089+0000] {dag.py:3036} INFO - Sync 1 DAGs
[2026-01-29T06:36:43.138+0000] {logging_mixin.py:188} INFO - [2026-01-29T06:36:43.137+0000] {dag.py:3823} INFO - Setting next_dagrun for tle_api_to_kafka_streaming to 2026-01-29 05:00:00+00:00, run_after=2026-01-29 06:00:00+00:00
[2026-01-29T06:36:43.172+0000] {processor.py:183} INFO - Processing /opt/airflow/dags/airflow_dag_api_to_kafka.py took 0.240 seconds
[2026-01-29T06:37:13.292+0000] {processor.py:161} INFO - Started process (PID=547) to work on /opt/airflow/dags/airflow_dag_api_to_kafka.py
[2026-01-29T06:37:13.294+0000] {processor.py:830} INFO - Processing file /opt/airflow/dags/airflow_dag_api_to_kafka.py for tasks to queue
[2026-01-29T06:37:13.295+0000] {logging_mixin.py:188} INFO - [2026-01-29T06:37:13.294+0000] {dagbag.py:538} INFO - Filling up the DagBag from /opt/airflow/dags/airflow_dag_api_to_kafka.py
[2026-01-29T06:37:13.390+0000] {processor.py:840} INFO - DAG(s) 'tle_api_to_kafka_streaming' retrieved from /opt/airflow/dags/airflow_dag_api_to_kafka.py
[2026-01-29T06:37:13.442+0000] {logging_mixin.py:188} INFO - [2026-01-29T06:37:13.442+0000] {dag.py:3036} INFO - Sync 1 DAGs
[2026-01-29T06:37:13.491+0000] {logging_mixin.py:188} INFO - [2026-01-29T06:37:13.490+0000] {dag.py:3823} INFO - Setting next_dagrun for tle_api_to_kafka_streaming to 2026-01-29 05:00:00+00:00, run_after=2026-01-29 06:00:00+00:00
[2026-01-29T06:37:13.526+0000] {processor.py:183} INFO - Processing /opt/airflow/dags/airflow_dag_api_to_kafka.py took 0.239 seconds
[2026-01-29T06:37:43.651+0000] {processor.py:161} INFO - Started process (PID=557) to work on /opt/airflow/dags/airflow_dag_api_to_kafka.py
[2026-01-29T06:37:43.653+0000] {processor.py:830} INFO - Processing file /opt/airflow/dags/airflow_dag_api_to_kafka.py for tasks to queue
[2026-01-29T06:37:43.654+0000] {logging_mixin.py:188} INFO - [2026-01-29T06:37:43.653+0000] {dagbag.py:538} INFO - Filling up the DagBag from /opt/airflow/dags/airflow_dag_api_to_kafka.py
[2026-01-29T06:37:43.740+0000] {processor.py:840} INFO - DAG(s) 'tle_api_to_kafka_streaming' retrieved from /opt/airflow/dags/airflow_dag_api_to_kafka.py
[2026-01-29T06:37:43.792+0000] {logging_mixin.py:188} INFO - [2026-01-29T06:37:43.791+0000] {dag.py:3036} INFO - Sync 1 DAGs
[2026-01-29T06:37:43.838+0000] {logging_mixin.py:188} INFO - [2026-01-29T06:37:43.838+0000] {dag.py:3823} INFO - Setting next_dagrun for tle_api_to_kafka_streaming to 2026-01-29 05:00:00+00:00, run_after=2026-01-29 06:00:00+00:00
[2026-01-29T06:37:43.866+0000] {processor.py:183} INFO - Processing /opt/airflow/dags/airflow_dag_api_to_kafka.py took 0.221 seconds
[2026-01-29T06:38:13.986+0000] {processor.py:161} INFO - Started process (PID=567) to work on /opt/airflow/dags/airflow_dag_api_to_kafka.py
[2026-01-29T06:38:13.987+0000] {processor.py:830} INFO - Processing file /opt/airflow/dags/airflow_dag_api_to_kafka.py for tasks to queue
[2026-01-29T06:38:13.988+0000] {logging_mixin.py:188} INFO - [2026-01-29T06:38:13.988+0000] {dagbag.py:538} INFO - Filling up the DagBag from /opt/airflow/dags/airflow_dag_api_to_kafka.py
[2026-01-29T06:38:14.076+0000] {processor.py:840} INFO - DAG(s) 'tle_api_to_kafka_streaming' retrieved from /opt/airflow/dags/airflow_dag_api_to_kafka.py
[2026-01-29T06:38:14.126+0000] {logging_mixin.py:188} INFO - [2026-01-29T06:38:14.126+0000] {dag.py:3036} INFO - Sync 1 DAGs
[2026-01-29T06:38:14.173+0000] {logging_mixin.py:188} INFO - [2026-01-29T06:38:14.173+0000] {dag.py:3823} INFO - Setting next_dagrun for tle_api_to_kafka_streaming to 2026-01-29 05:00:00+00:00, run_after=2026-01-29 06:00:00+00:00
[2026-01-29T06:38:14.206+0000] {processor.py:183} INFO - Processing /opt/airflow/dags/airflow_dag_api_to_kafka.py took 0.226 seconds
[2026-01-29T06:38:44.359+0000] {processor.py:161} INFO - Started process (PID=577) to work on /opt/airflow/dags/airflow_dag_api_to_kafka.py
[2026-01-29T06:38:44.361+0000] {processor.py:830} INFO - Processing file /opt/airflow/dags/airflow_dag_api_to_kafka.py for tasks to queue
[2026-01-29T06:38:44.362+0000] {logging_mixin.py:188} INFO - [2026-01-29T06:38:44.362+0000] {dagbag.py:538} INFO - Filling up the DagBag from /opt/airflow/dags/airflow_dag_api_to_kafka.py
[2026-01-29T06:38:44.454+0000] {processor.py:840} INFO - DAG(s) 'tle_api_to_kafka_streaming' retrieved from /opt/airflow/dags/airflow_dag_api_to_kafka.py
[2026-01-29T06:38:44.508+0000] {logging_mixin.py:188} INFO - [2026-01-29T06:38:44.508+0000] {dag.py:3036} INFO - Sync 1 DAGs
[2026-01-29T06:38:44.554+0000] {logging_mixin.py:188} INFO - [2026-01-29T06:38:44.554+0000] {dag.py:3823} INFO - Setting next_dagrun for tle_api_to_kafka_streaming to 2026-01-29 05:00:00+00:00, run_after=2026-01-29 06:00:00+00:00
[2026-01-29T06:38:44.585+0000] {processor.py:183} INFO - Processing /opt/airflow/dags/airflow_dag_api_to_kafka.py took 0.233 seconds
[2026-01-29T06:39:14.694+0000] {processor.py:161} INFO - Started process (PID=587) to work on /opt/airflow/dags/airflow_dag_api_to_kafka.py
[2026-01-29T06:39:14.695+0000] {processor.py:830} INFO - Processing file /opt/airflow/dags/airflow_dag_api_to_kafka.py for tasks to queue
[2026-01-29T06:39:14.696+0000] {logging_mixin.py:188} INFO - [2026-01-29T06:39:14.696+0000] {dagbag.py:538} INFO - Filling up the DagBag from /opt/airflow/dags/airflow_dag_api_to_kafka.py
[2026-01-29T06:39:14.784+0000] {processor.py:840} INFO - DAG(s) 'tle_api_to_kafka_streaming' retrieved from /opt/airflow/dags/airflow_dag_api_to_kafka.py
[2026-01-29T06:39:14.880+0000] {logging_mixin.py:188} INFO - [2026-01-29T06:39:14.880+0000] {dag.py:3036} INFO - Sync 1 DAGs
[2026-01-29T06:39:14.928+0000] {logging_mixin.py:188} INFO - [2026-01-29T06:39:14.928+0000] {dag.py:3823} INFO - Setting next_dagrun for tle_api_to_kafka_streaming to 2026-01-29 05:00:00+00:00, run_after=2026-01-29 06:00:00+00:00
[2026-01-29T06:39:14.962+0000] {processor.py:183} INFO - Processing /opt/airflow/dags/airflow_dag_api_to_kafka.py took 0.273 seconds
[2026-01-29T06:39:45.040+0000] {processor.py:161} INFO - Started process (PID=597) to work on /opt/airflow/dags/airflow_dag_api_to_kafka.py
[2026-01-29T06:39:45.042+0000] {processor.py:830} INFO - Processing file /opt/airflow/dags/airflow_dag_api_to_kafka.py for tasks to queue
[2026-01-29T06:39:45.043+0000] {logging_mixin.py:188} INFO - [2026-01-29T06:39:45.043+0000] {dagbag.py:538} INFO - Filling up the DagBag from /opt/airflow/dags/airflow_dag_api_to_kafka.py
[2026-01-29T06:39:45.142+0000] {processor.py:840} INFO - DAG(s) 'tle_api_to_kafka_streaming' retrieved from /opt/airflow/dags/airflow_dag_api_to_kafka.py
[2026-01-29T06:39:45.205+0000] {logging_mixin.py:188} INFO - [2026-01-29T06:39:45.205+0000] {dag.py:3036} INFO - Sync 1 DAGs
[2026-01-29T06:39:45.246+0000] {logging_mixin.py:188} INFO - [2026-01-29T06:39:45.246+0000] {dag.py:3823} INFO - Setting next_dagrun for tle_api_to_kafka_streaming to 2026-01-29 05:00:00+00:00, run_after=2026-01-29 06:00:00+00:00
[2026-01-29T06:39:45.271+0000] {processor.py:183} INFO - Processing /opt/airflow/dags/airflow_dag_api_to_kafka.py took 0.237 seconds
[2026-01-29T06:40:15.376+0000] {processor.py:161} INFO - Started process (PID=607) to work on /opt/airflow/dags/airflow_dag_api_to_kafka.py
[2026-01-29T06:40:15.377+0000] {processor.py:830} INFO - Processing file /opt/airflow/dags/airflow_dag_api_to_kafka.py for tasks to queue
[2026-01-29T06:40:15.378+0000] {logging_mixin.py:188} INFO - [2026-01-29T06:40:15.377+0000] {dagbag.py:538} INFO - Filling up the DagBag from /opt/airflow/dags/airflow_dag_api_to_kafka.py
[2026-01-29T06:40:15.477+0000] {processor.py:840} INFO - DAG(s) 'tle_api_to_kafka_streaming' retrieved from /opt/airflow/dags/airflow_dag_api_to_kafka.py
[2026-01-29T06:40:15.529+0000] {logging_mixin.py:188} INFO - [2026-01-29T06:40:15.529+0000] {dag.py:3036} INFO - Sync 1 DAGs
[2026-01-29T06:40:15.576+0000] {logging_mixin.py:188} INFO - [2026-01-29T06:40:15.576+0000] {dag.py:3823} INFO - Setting next_dagrun for tle_api_to_kafka_streaming to 2026-01-29 05:00:00+00:00, run_after=2026-01-29 06:00:00+00:00
[2026-01-29T06:40:15.607+0000] {processor.py:183} INFO - Processing /opt/airflow/dags/airflow_dag_api_to_kafka.py took 0.236 seconds
[2026-01-29T06:40:45.767+0000] {processor.py:161} INFO - Started process (PID=617) to work on /opt/airflow/dags/airflow_dag_api_to_kafka.py
[2026-01-29T06:40:45.768+0000] {processor.py:830} INFO - Processing file /opt/airflow/dags/airflow_dag_api_to_kafka.py for tasks to queue
[2026-01-29T06:40:45.770+0000] {logging_mixin.py:188} INFO - [2026-01-29T06:40:45.769+0000] {dagbag.py:538} INFO - Filling up the DagBag from /opt/airflow/dags/airflow_dag_api_to_kafka.py
[2026-01-29T06:40:45.874+0000] {processor.py:840} INFO - DAG(s) 'tle_api_to_kafka_streaming' retrieved from /opt/airflow/dags/airflow_dag_api_to_kafka.py
[2026-01-29T06:40:45.928+0000] {logging_mixin.py:188} INFO - [2026-01-29T06:40:45.928+0000] {dag.py:3036} INFO - Sync 1 DAGs
[2026-01-29T06:40:45.978+0000] {logging_mixin.py:188} INFO - [2026-01-29T06:40:45.978+0000] {dag.py:3823} INFO - Setting next_dagrun for tle_api_to_kafka_streaming to 2026-01-29 05:00:00+00:00, run_after=2026-01-29 06:00:00+00:00
[2026-01-29T06:40:46.012+0000] {processor.py:183} INFO - Processing /opt/airflow/dags/airflow_dag_api_to_kafka.py took 0.252 seconds
[2026-01-29T06:41:16.134+0000] {processor.py:161} INFO - Started process (PID=627) to work on /opt/airflow/dags/airflow_dag_api_to_kafka.py
[2026-01-29T06:41:16.136+0000] {processor.py:830} INFO - Processing file /opt/airflow/dags/airflow_dag_api_to_kafka.py for tasks to queue
[2026-01-29T06:41:16.137+0000] {logging_mixin.py:188} INFO - [2026-01-29T06:41:16.137+0000] {dagbag.py:538} INFO - Filling up the DagBag from /opt/airflow/dags/airflow_dag_api_to_kafka.py
[2026-01-29T06:41:16.245+0000] {processor.py:840} INFO - DAG(s) 'tle_api_to_kafka_streaming' retrieved from /opt/airflow/dags/airflow_dag_api_to_kafka.py
[2026-01-29T06:41:16.303+0000] {logging_mixin.py:188} INFO - [2026-01-29T06:41:16.303+0000] {dag.py:3036} INFO - Sync 1 DAGs
[2026-01-29T06:41:16.353+0000] {logging_mixin.py:188} INFO - [2026-01-29T06:41:16.353+0000] {dag.py:3823} INFO - Setting next_dagrun for tle_api_to_kafka_streaming to 2026-01-29 05:00:00+00:00, run_after=2026-01-29 06:00:00+00:00
[2026-01-29T06:41:16.391+0000] {processor.py:183} INFO - Processing /opt/airflow/dags/airflow_dag_api_to_kafka.py took 0.262 seconds
[2026-01-29T06:41:46.496+0000] {processor.py:161} INFO - Started process (PID=637) to work on /opt/airflow/dags/airflow_dag_api_to_kafka.py
[2026-01-29T06:41:46.498+0000] {processor.py:830} INFO - Processing file /opt/airflow/dags/airflow_dag_api_to_kafka.py for tasks to queue
[2026-01-29T06:41:46.499+0000] {logging_mixin.py:188} INFO - [2026-01-29T06:41:46.499+0000] {dagbag.py:538} INFO - Filling up the DagBag from /opt/airflow/dags/airflow_dag_api_to_kafka.py
[2026-01-29T06:41:46.604+0000] {processor.py:840} INFO - DAG(s) 'tle_api_to_kafka_streaming' retrieved from /opt/airflow/dags/airflow_dag_api_to_kafka.py
[2026-01-29T06:41:46.658+0000] {logging_mixin.py:188} INFO - [2026-01-29T06:41:46.658+0000] {dag.py:3036} INFO - Sync 1 DAGs
[2026-01-29T06:41:46.705+0000] {logging_mixin.py:188} INFO - [2026-01-29T06:41:46.704+0000] {dag.py:3823} INFO - Setting next_dagrun for tle_api_to_kafka_streaming to 2026-01-29 05:00:00+00:00, run_after=2026-01-29 06:00:00+00:00
[2026-01-29T06:41:46.739+0000] {processor.py:183} INFO - Processing /opt/airflow/dags/airflow_dag_api_to_kafka.py took 0.249 seconds
[2026-01-29T06:42:16.873+0000] {processor.py:161} INFO - Started process (PID=647) to work on /opt/airflow/dags/airflow_dag_api_to_kafka.py
[2026-01-29T06:42:16.874+0000] {processor.py:830} INFO - Processing file /opt/airflow/dags/airflow_dag_api_to_kafka.py for tasks to queue
[2026-01-29T06:42:16.876+0000] {logging_mixin.py:188} INFO - [2026-01-29T06:42:16.875+0000] {dagbag.py:538} INFO - Filling up the DagBag from /opt/airflow/dags/airflow_dag_api_to_kafka.py
[2026-01-29T06:42:16.986+0000] {processor.py:840} INFO - DAG(s) 'tle_api_to_kafka_streaming' retrieved from /opt/airflow/dags/airflow_dag_api_to_kafka.py
[2026-01-29T06:42:17.045+0000] {logging_mixin.py:188} INFO - [2026-01-29T06:42:17.044+0000] {dag.py:3036} INFO - Sync 1 DAGs
[2026-01-29T06:42:17.099+0000] {logging_mixin.py:188} INFO - [2026-01-29T06:42:17.098+0000] {dag.py:3823} INFO - Setting next_dagrun for tle_api_to_kafka_streaming to 2026-01-29 05:00:00+00:00, run_after=2026-01-29 06:00:00+00:00
[2026-01-29T06:42:17.136+0000] {processor.py:183} INFO - Processing /opt/airflow/dags/airflow_dag_api_to_kafka.py took 0.269 seconds
[2026-01-29T06:42:47.187+0000] {processor.py:161} INFO - Started process (PID=657) to work on /opt/airflow/dags/airflow_dag_api_to_kafka.py
[2026-01-29T06:42:47.188+0000] {processor.py:830} INFO - Processing file /opt/airflow/dags/airflow_dag_api_to_kafka.py for tasks to queue
[2026-01-29T06:42:47.189+0000] {logging_mixin.py:188} INFO - [2026-01-29T06:42:47.189+0000] {dagbag.py:538} INFO - Filling up the DagBag from /opt/airflow/dags/airflow_dag_api_to_kafka.py
[2026-01-29T06:42:47.282+0000] {processor.py:840} INFO - DAG(s) 'tle_api_to_kafka_streaming' retrieved from /opt/airflow/dags/airflow_dag_api_to_kafka.py
[2026-01-29T06:42:47.334+0000] {logging_mixin.py:188} INFO - [2026-01-29T06:42:47.334+0000] {dag.py:3036} INFO - Sync 1 DAGs
[2026-01-29T06:42:47.380+0000] {logging_mixin.py:188} INFO - [2026-01-29T06:42:47.380+0000] {dag.py:3823} INFO - Setting next_dagrun for tle_api_to_kafka_streaming to 2026-01-29 05:00:00+00:00, run_after=2026-01-29 06:00:00+00:00
[2026-01-29T06:42:47.413+0000] {processor.py:183} INFO - Processing /opt/airflow/dags/airflow_dag_api_to_kafka.py took 0.229 seconds
[2026-01-29T06:43:17.476+0000] {processor.py:161} INFO - Started process (PID=667) to work on /opt/airflow/dags/airflow_dag_api_to_kafka.py
[2026-01-29T06:43:17.478+0000] {processor.py:830} INFO - Processing file /opt/airflow/dags/airflow_dag_api_to_kafka.py for tasks to queue
[2026-01-29T06:43:17.478+0000] {logging_mixin.py:188} INFO - [2026-01-29T06:43:17.478+0000] {dagbag.py:538} INFO - Filling up the DagBag from /opt/airflow/dags/airflow_dag_api_to_kafka.py
[2026-01-29T06:43:17.545+0000] {processor.py:840} INFO - DAG(s) 'tle_api_to_kafka_streaming' retrieved from /opt/airflow/dags/airflow_dag_api_to_kafka.py
[2026-01-29T06:43:17.579+0000] {logging_mixin.py:188} INFO - [2026-01-29T06:43:17.579+0000] {dag.py:3036} INFO - Sync 1 DAGs
[2026-01-29T06:43:17.610+0000] {logging_mixin.py:188} INFO - [2026-01-29T06:43:17.610+0000] {dag.py:3823} INFO - Setting next_dagrun for tle_api_to_kafka_streaming to 2026-01-29 05:00:00+00:00, run_after=2026-01-29 06:00:00+00:00
[2026-01-29T06:43:17.629+0000] {processor.py:183} INFO - Processing /opt/airflow/dags/airflow_dag_api_to_kafka.py took 0.155 seconds
[2026-01-29T06:43:47.781+0000] {processor.py:161} INFO - Started process (PID=677) to work on /opt/airflow/dags/airflow_dag_api_to_kafka.py
[2026-01-29T06:43:47.782+0000] {processor.py:830} INFO - Processing file /opt/airflow/dags/airflow_dag_api_to_kafka.py for tasks to queue
[2026-01-29T06:43:47.782+0000] {logging_mixin.py:188} INFO - [2026-01-29T06:43:47.782+0000] {dagbag.py:538} INFO - Filling up the DagBag from /opt/airflow/dags/airflow_dag_api_to_kafka.py
[2026-01-29T06:43:47.868+0000] {processor.py:840} INFO - DAG(s) 'tle_api_to_kafka_streaming' retrieved from /opt/airflow/dags/airflow_dag_api_to_kafka.py
[2026-01-29T06:43:47.906+0000] {logging_mixin.py:188} INFO - [2026-01-29T06:43:47.906+0000] {dag.py:3036} INFO - Sync 1 DAGs
[2026-01-29T06:43:47.948+0000] {logging_mixin.py:188} INFO - [2026-01-29T06:43:47.948+0000] {dag.py:3823} INFO - Setting next_dagrun for tle_api_to_kafka_streaming to 2026-01-29 05:00:00+00:00, run_after=2026-01-29 06:00:00+00:00
[2026-01-29T06:43:47.975+0000] {processor.py:183} INFO - Processing /opt/airflow/dags/airflow_dag_api_to_kafka.py took 0.197 seconds
[2026-01-29T06:44:18.120+0000] {processor.py:161} INFO - Started process (PID=687) to work on /opt/airflow/dags/airflow_dag_api_to_kafka.py
[2026-01-29T06:44:18.122+0000] {processor.py:830} INFO - Processing file /opt/airflow/dags/airflow_dag_api_to_kafka.py for tasks to queue
[2026-01-29T06:44:18.122+0000] {logging_mixin.py:188} INFO - [2026-01-29T06:44:18.122+0000] {dagbag.py:538} INFO - Filling up the DagBag from /opt/airflow/dags/airflow_dag_api_to_kafka.py
[2026-01-29T06:44:18.214+0000] {processor.py:840} INFO - DAG(s) 'tle_api_to_kafka_streaming' retrieved from /opt/airflow/dags/airflow_dag_api_to_kafka.py
[2026-01-29T06:44:18.265+0000] {logging_mixin.py:188} INFO - [2026-01-29T06:44:18.265+0000] {dag.py:3036} INFO - Sync 1 DAGs
[2026-01-29T06:44:18.310+0000] {logging_mixin.py:188} INFO - [2026-01-29T06:44:18.310+0000] {dag.py:3823} INFO - Setting next_dagrun for tle_api_to_kafka_streaming to 2026-01-29 05:00:00+00:00, run_after=2026-01-29 06:00:00+00:00
[2026-01-29T06:44:18.343+0000] {processor.py:183} INFO - Processing /opt/airflow/dags/airflow_dag_api_to_kafka.py took 0.226 seconds
[2026-01-29T06:44:48.431+0000] {processor.py:161} INFO - Started process (PID=697) to work on /opt/airflow/dags/airflow_dag_api_to_kafka.py
[2026-01-29T06:44:48.432+0000] {processor.py:830} INFO - Processing file /opt/airflow/dags/airflow_dag_api_to_kafka.py for tasks to queue
[2026-01-29T06:44:48.433+0000] {logging_mixin.py:188} INFO - [2026-01-29T06:44:48.433+0000] {dagbag.py:538} INFO - Filling up the DagBag from /opt/airflow/dags/airflow_dag_api_to_kafka.py
[2026-01-29T06:44:48.513+0000] {processor.py:840} INFO - DAG(s) 'tle_api_to_kafka_streaming' retrieved from /opt/airflow/dags/airflow_dag_api_to_kafka.py
[2026-01-29T06:44:48.552+0000] {logging_mixin.py:188} INFO - [2026-01-29T06:44:48.552+0000] {dag.py:3036} INFO - Sync 1 DAGs
[2026-01-29T06:44:48.600+0000] {logging_mixin.py:188} INFO - [2026-01-29T06:44:48.599+0000] {dag.py:3823} INFO - Setting next_dagrun for tle_api_to_kafka_streaming to 2026-01-29 05:00:00+00:00, run_after=2026-01-29 06:00:00+00:00
[2026-01-29T06:44:48.621+0000] {processor.py:183} INFO - Processing /opt/airflow/dags/airflow_dag_api_to_kafka.py took 0.194 seconds
[2026-01-29T06:45:18.687+0000] {processor.py:161} INFO - Started process (PID=707) to work on /opt/airflow/dags/airflow_dag_api_to_kafka.py
[2026-01-29T06:45:18.688+0000] {processor.py:830} INFO - Processing file /opt/airflow/dags/airflow_dag_api_to_kafka.py for tasks to queue
[2026-01-29T06:45:18.689+0000] {logging_mixin.py:188} INFO - [2026-01-29T06:45:18.689+0000] {dagbag.py:538} INFO - Filling up the DagBag from /opt/airflow/dags/airflow_dag_api_to_kafka.py
[2026-01-29T06:45:18.760+0000] {processor.py:840} INFO - DAG(s) 'tle_api_to_kafka_streaming' retrieved from /opt/airflow/dags/airflow_dag_api_to_kafka.py
[2026-01-29T06:45:18.797+0000] {logging_mixin.py:188} INFO - [2026-01-29T06:45:18.797+0000] {dag.py:3036} INFO - Sync 1 DAGs
[2026-01-29T06:45:18.831+0000] {logging_mixin.py:188} INFO - [2026-01-29T06:45:18.831+0000] {dag.py:3823} INFO - Setting next_dagrun for tle_api_to_kafka_streaming to 2026-01-29 05:00:00+00:00, run_after=2026-01-29 06:00:00+00:00
[2026-01-29T06:45:18.853+0000] {processor.py:183} INFO - Processing /opt/airflow/dags/airflow_dag_api_to_kafka.py took 0.169 seconds
[2026-01-29T06:45:48.982+0000] {processor.py:161} INFO - Started process (PID=717) to work on /opt/airflow/dags/airflow_dag_api_to_kafka.py
[2026-01-29T06:45:48.983+0000] {processor.py:830} INFO - Processing file /opt/airflow/dags/airflow_dag_api_to_kafka.py for tasks to queue
[2026-01-29T06:45:48.984+0000] {logging_mixin.py:188} INFO - [2026-01-29T06:45:48.984+0000] {dagbag.py:538} INFO - Filling up the DagBag from /opt/airflow/dags/airflow_dag_api_to_kafka.py
[2026-01-29T06:45:49.073+0000] {processor.py:840} INFO - DAG(s) 'tle_api_to_kafka_streaming' retrieved from /opt/airflow/dags/airflow_dag_api_to_kafka.py
[2026-01-29T06:45:49.116+0000] {logging_mixin.py:188} INFO - [2026-01-29T06:45:49.115+0000] {dag.py:3036} INFO - Sync 1 DAGs
[2026-01-29T06:45:49.160+0000] {logging_mixin.py:188} INFO - [2026-01-29T06:45:49.159+0000] {dag.py:3823} INFO - Setting next_dagrun for tle_api_to_kafka_streaming to 2026-01-29 05:00:00+00:00, run_after=2026-01-29 06:00:00+00:00
[2026-01-29T06:45:49.185+0000] {processor.py:183} INFO - Processing /opt/airflow/dags/airflow_dag_api_to_kafka.py took 0.207 seconds
[2026-01-29T06:46:19.223+0000] {processor.py:161} INFO - Started process (PID=727) to work on /opt/airflow/dags/airflow_dag_api_to_kafka.py
[2026-01-29T06:46:19.225+0000] {processor.py:830} INFO - Processing file /opt/airflow/dags/airflow_dag_api_to_kafka.py for tasks to queue
[2026-01-29T06:46:19.225+0000] {logging_mixin.py:188} INFO - [2026-01-29T06:46:19.225+0000] {dagbag.py:538} INFO - Filling up the DagBag from /opt/airflow/dags/airflow_dag_api_to_kafka.py
[2026-01-29T06:46:19.319+0000] {processor.py:840} INFO - DAG(s) 'tle_api_to_kafka_streaming' retrieved from /opt/airflow/dags/airflow_dag_api_to_kafka.py
[2026-01-29T06:46:19.358+0000] {logging_mixin.py:188} INFO - [2026-01-29T06:46:19.358+0000] {dag.py:3036} INFO - Sync 1 DAGs
[2026-01-29T06:46:19.388+0000] {logging_mixin.py:188} INFO - [2026-01-29T06:46:19.387+0000] {dag.py:3823} INFO - Setting next_dagrun for tle_api_to_kafka_streaming to 2026-01-29 05:00:00+00:00, run_after=2026-01-29 06:00:00+00:00
[2026-01-29T06:46:19.409+0000] {processor.py:183} INFO - Processing /opt/airflow/dags/airflow_dag_api_to_kafka.py took 0.189 seconds
[2026-01-29T06:46:49.473+0000] {processor.py:161} INFO - Started process (PID=737) to work on /opt/airflow/dags/airflow_dag_api_to_kafka.py
[2026-01-29T06:46:49.474+0000] {processor.py:830} INFO - Processing file /opt/airflow/dags/airflow_dag_api_to_kafka.py for tasks to queue
[2026-01-29T06:46:49.475+0000] {logging_mixin.py:188} INFO - [2026-01-29T06:46:49.474+0000] {dagbag.py:538} INFO - Filling up the DagBag from /opt/airflow/dags/airflow_dag_api_to_kafka.py
[2026-01-29T06:46:49.548+0000] {processor.py:840} INFO - DAG(s) 'tle_api_to_kafka_streaming' retrieved from /opt/airflow/dags/airflow_dag_api_to_kafka.py
[2026-01-29T06:46:49.585+0000] {logging_mixin.py:188} INFO - [2026-01-29T06:46:49.585+0000] {dag.py:3036} INFO - Sync 1 DAGs
[2026-01-29T06:46:49.617+0000] {logging_mixin.py:188} INFO - [2026-01-29T06:46:49.616+0000] {dag.py:3823} INFO - Setting next_dagrun for tle_api_to_kafka_streaming to 2026-01-29 05:00:00+00:00, run_after=2026-01-29 06:00:00+00:00
[2026-01-29T06:46:49.638+0000] {processor.py:183} INFO - Processing /opt/airflow/dags/airflow_dag_api_to_kafka.py took 0.169 seconds
[2026-01-29T06:47:19.746+0000] {processor.py:161} INFO - Started process (PID=747) to work on /opt/airflow/dags/airflow_dag_api_to_kafka.py
[2026-01-29T06:47:19.747+0000] {processor.py:830} INFO - Processing file /opt/airflow/dags/airflow_dag_api_to_kafka.py for tasks to queue
[2026-01-29T06:47:19.748+0000] {logging_mixin.py:188} INFO - [2026-01-29T06:47:19.748+0000] {dagbag.py:538} INFO - Filling up the DagBag from /opt/airflow/dags/airflow_dag_api_to_kafka.py
[2026-01-29T06:47:19.839+0000] {processor.py:840} INFO - DAG(s) 'tle_api_to_kafka_streaming' retrieved from /opt/airflow/dags/airflow_dag_api_to_kafka.py
[2026-01-29T06:47:19.893+0000] {logging_mixin.py:188} INFO - [2026-01-29T06:47:19.892+0000] {dag.py:3036} INFO - Sync 1 DAGs
[2026-01-29T06:47:19.939+0000] {logging_mixin.py:188} INFO - [2026-01-29T06:47:19.938+0000] {dag.py:3823} INFO - Setting next_dagrun for tle_api_to_kafka_streaming to 2026-01-29 05:00:00+00:00, run_after=2026-01-29 06:00:00+00:00
[2026-01-29T06:47:19.974+0000] {processor.py:183} INFO - Processing /opt/airflow/dags/airflow_dag_api_to_kafka.py took 0.231 seconds
[2026-01-29T06:47:50.075+0000] {processor.py:161} INFO - Started process (PID=757) to work on /opt/airflow/dags/airflow_dag_api_to_kafka.py
[2026-01-29T06:47:50.077+0000] {processor.py:830} INFO - Processing file /opt/airflow/dags/airflow_dag_api_to_kafka.py for tasks to queue
[2026-01-29T06:47:50.079+0000] {logging_mixin.py:188} INFO - [2026-01-29T06:47:50.078+0000] {dagbag.py:538} INFO - Filling up the DagBag from /opt/airflow/dags/airflow_dag_api_to_kafka.py
[2026-01-29T06:47:50.180+0000] {processor.py:840} INFO - DAG(s) 'tle_api_to_kafka_streaming' retrieved from /opt/airflow/dags/airflow_dag_api_to_kafka.py
[2026-01-29T06:47:50.232+0000] {logging_mixin.py:188} INFO - [2026-01-29T06:47:50.232+0000] {dag.py:3036} INFO - Sync 1 DAGs
[2026-01-29T06:47:50.280+0000] {logging_mixin.py:188} INFO - [2026-01-29T06:47:50.279+0000] {dag.py:3823} INFO - Setting next_dagrun for tle_api_to_kafka_streaming to 2026-01-29 05:00:00+00:00, run_after=2026-01-29 06:00:00+00:00
[2026-01-29T06:47:50.312+0000] {processor.py:183} INFO - Processing /opt/airflow/dags/airflow_dag_api_to_kafka.py took 0.242 seconds
[2026-01-29T06:48:20.445+0000] {processor.py:161} INFO - Started process (PID=767) to work on /opt/airflow/dags/airflow_dag_api_to_kafka.py
[2026-01-29T06:48:20.446+0000] {processor.py:830} INFO - Processing file /opt/airflow/dags/airflow_dag_api_to_kafka.py for tasks to queue
[2026-01-29T06:48:20.447+0000] {logging_mixin.py:188} INFO - [2026-01-29T06:48:20.447+0000] {dagbag.py:538} INFO - Filling up the DagBag from /opt/airflow/dags/airflow_dag_api_to_kafka.py
[2026-01-29T06:48:20.551+0000] {processor.py:840} INFO - DAG(s) 'tle_api_to_kafka_streaming' retrieved from /opt/airflow/dags/airflow_dag_api_to_kafka.py
[2026-01-29T06:48:20.605+0000] {logging_mixin.py:188} INFO - [2026-01-29T06:48:20.605+0000] {dag.py:3036} INFO - Sync 1 DAGs
[2026-01-29T06:48:20.654+0000] {logging_mixin.py:188} INFO - [2026-01-29T06:48:20.653+0000] {dag.py:3823} INFO - Setting next_dagrun for tle_api_to_kafka_streaming to 2026-01-29 05:00:00+00:00, run_after=2026-01-29 06:00:00+00:00
[2026-01-29T06:48:20.689+0000] {processor.py:183} INFO - Processing /opt/airflow/dags/airflow_dag_api_to_kafka.py took 0.250 seconds
[2026-01-29T06:48:50.808+0000] {processor.py:161} INFO - Started process (PID=777) to work on /opt/airflow/dags/airflow_dag_api_to_kafka.py
[2026-01-29T06:48:50.809+0000] {processor.py:830} INFO - Processing file /opt/airflow/dags/airflow_dag_api_to_kafka.py for tasks to queue
[2026-01-29T06:48:50.811+0000] {logging_mixin.py:188} INFO - [2026-01-29T06:48:50.810+0000] {dagbag.py:538} INFO - Filling up the DagBag from /opt/airflow/dags/airflow_dag_api_to_kafka.py
[2026-01-29T06:48:50.910+0000] {processor.py:840} INFO - DAG(s) 'tle_api_to_kafka_streaming' retrieved from /opt/airflow/dags/airflow_dag_api_to_kafka.py
[2026-01-29T06:48:50.963+0000] {logging_mixin.py:188} INFO - [2026-01-29T06:48:50.963+0000] {dag.py:3036} INFO - Sync 1 DAGs
[2026-01-29T06:48:51.010+0000] {logging_mixin.py:188} INFO - [2026-01-29T06:48:51.009+0000] {dag.py:3823} INFO - Setting next_dagrun for tle_api_to_kafka_streaming to 2026-01-29 05:00:00+00:00, run_after=2026-01-29 06:00:00+00:00
[2026-01-29T06:48:51.044+0000] {processor.py:183} INFO - Processing /opt/airflow/dags/airflow_dag_api_to_kafka.py took 0.241 seconds
[2026-01-29T06:49:21.164+0000] {processor.py:161} INFO - Started process (PID=787) to work on /opt/airflow/dags/airflow_dag_api_to_kafka.py
[2026-01-29T06:49:21.165+0000] {processor.py:830} INFO - Processing file /opt/airflow/dags/airflow_dag_api_to_kafka.py for tasks to queue
[2026-01-29T06:49:21.167+0000] {logging_mixin.py:188} INFO - [2026-01-29T06:49:21.166+0000] {dagbag.py:538} INFO - Filling up the DagBag from /opt/airflow/dags/airflow_dag_api_to_kafka.py
[2026-01-29T06:49:21.268+0000] {processor.py:840} INFO - DAG(s) 'tle_api_to_kafka_streaming' retrieved from /opt/airflow/dags/airflow_dag_api_to_kafka.py
[2026-01-29T06:49:21.323+0000] {logging_mixin.py:188} INFO - [2026-01-29T06:49:21.323+0000] {dag.py:3036} INFO - Sync 1 DAGs
[2026-01-29T06:49:21.372+0000] {logging_mixin.py:188} INFO - [2026-01-29T06:49:21.372+0000] {dag.py:3823} INFO - Setting next_dagrun for tle_api_to_kafka_streaming to 2026-01-29 05:00:00+00:00, run_after=2026-01-29 06:00:00+00:00
[2026-01-29T06:49:21.408+0000] {processor.py:183} INFO - Processing /opt/airflow/dags/airflow_dag_api_to_kafka.py took 0.250 seconds
[2026-01-29T06:49:51.503+0000] {processor.py:161} INFO - Started process (PID=797) to work on /opt/airflow/dags/airflow_dag_api_to_kafka.py
[2026-01-29T06:49:51.505+0000] {processor.py:830} INFO - Processing file /opt/airflow/dags/airflow_dag_api_to_kafka.py for tasks to queue
[2026-01-29T06:49:51.506+0000] {logging_mixin.py:188} INFO - [2026-01-29T06:49:51.505+0000] {dagbag.py:538} INFO - Filling up the DagBag from /opt/airflow/dags/airflow_dag_api_to_kafka.py
[2026-01-29T06:49:51.611+0000] {processor.py:840} INFO - DAG(s) 'tle_api_to_kafka_streaming' retrieved from /opt/airflow/dags/airflow_dag_api_to_kafka.py
[2026-01-29T06:49:51.666+0000] {logging_mixin.py:188} INFO - [2026-01-29T06:49:51.666+0000] {dag.py:3036} INFO - Sync 1 DAGs
[2026-01-29T06:49:51.715+0000] {logging_mixin.py:188} INFO - [2026-01-29T06:49:51.715+0000] {dag.py:3823} INFO - Setting next_dagrun for tle_api_to_kafka_streaming to 2026-01-29 05:00:00+00:00, run_after=2026-01-29 06:00:00+00:00
[2026-01-29T06:49:51.750+0000] {processor.py:183} INFO - Processing /opt/airflow/dags/airflow_dag_api_to_kafka.py took 0.252 seconds
[2026-01-29T06:50:21.863+0000] {processor.py:161} INFO - Started process (PID=807) to work on /opt/airflow/dags/airflow_dag_api_to_kafka.py
[2026-01-29T06:50:21.865+0000] {processor.py:830} INFO - Processing file /opt/airflow/dags/airflow_dag_api_to_kafka.py for tasks to queue
[2026-01-29T06:50:21.867+0000] {logging_mixin.py:188} INFO - [2026-01-29T06:50:21.866+0000] {dagbag.py:538} INFO - Filling up the DagBag from /opt/airflow/dags/airflow_dag_api_to_kafka.py
[2026-01-29T06:50:21.968+0000] {processor.py:840} INFO - DAG(s) 'tle_api_to_kafka_streaming' retrieved from /opt/airflow/dags/airflow_dag_api_to_kafka.py
[2026-01-29T06:50:22.024+0000] {logging_mixin.py:188} INFO - [2026-01-29T06:50:22.023+0000] {dag.py:3036} INFO - Sync 1 DAGs
[2026-01-29T06:50:22.071+0000] {logging_mixin.py:188} INFO - [2026-01-29T06:50:22.070+0000] {dag.py:3823} INFO - Setting next_dagrun for tle_api_to_kafka_streaming to 2026-01-29 05:00:00+00:00, run_after=2026-01-29 06:00:00+00:00
[2026-01-29T06:50:22.103+0000] {processor.py:183} INFO - Processing /opt/airflow/dags/airflow_dag_api_to_kafka.py took 0.245 seconds
[2026-01-29T08:34:00.261+0000] {processor.py:161} INFO - Started process (PID=815) to work on /opt/airflow/dags/airflow_dag_api_to_kafka.py
[2026-01-29T08:34:00.262+0000] {processor.py:830} INFO - Processing file /opt/airflow/dags/airflow_dag_api_to_kafka.py for tasks to queue
[2026-01-29T08:34:00.264+0000] {logging_mixin.py:188} INFO - [2026-01-29T08:34:00.263+0000] {dagbag.py:538} INFO - Filling up the DagBag from /opt/airflow/dags/airflow_dag_api_to_kafka.py
[2026-01-29T08:34:00.384+0000] {processor.py:840} INFO - DAG(s) 'tle_api_to_kafka_streaming' retrieved from /opt/airflow/dags/airflow_dag_api_to_kafka.py
[2026-01-29T08:34:00.440+0000] {logging_mixin.py:188} INFO - [2026-01-29T08:34:00.440+0000] {dag.py:3036} INFO - Sync 1 DAGs
[2026-01-29T08:34:00.490+0000] {logging_mixin.py:188} INFO - [2026-01-29T08:34:00.490+0000] {dag.py:3823} INFO - Setting next_dagrun for tle_api_to_kafka_streaming to 2026-01-29 07:00:00+00:00, run_after=2026-01-29 08:00:00+00:00
[2026-01-29T08:34:00.535+0000] {processor.py:183} INFO - Processing /opt/airflow/dags/airflow_dag_api_to_kafka.py took 0.279 seconds
[2026-01-29T08:34:30.581+0000] {processor.py:161} INFO - Started process (PID=827) to work on /opt/airflow/dags/airflow_dag_api_to_kafka.py
[2026-01-29T08:34:30.582+0000] {processor.py:830} INFO - Processing file /opt/airflow/dags/airflow_dag_api_to_kafka.py for tasks to queue
[2026-01-29T08:34:30.583+0000] {logging_mixin.py:188} INFO - [2026-01-29T08:34:30.582+0000] {dagbag.py:538} INFO - Filling up the DagBag from /opt/airflow/dags/airflow_dag_api_to_kafka.py
[2026-01-29T08:34:30.643+0000] {processor.py:840} INFO - DAG(s) 'tle_api_to_kafka_streaming' retrieved from /opt/airflow/dags/airflow_dag_api_to_kafka.py
[2026-01-29T08:34:30.671+0000] {logging_mixin.py:188} INFO - [2026-01-29T08:34:30.671+0000] {dag.py:3036} INFO - Sync 1 DAGs
[2026-01-29T08:34:30.698+0000] {logging_mixin.py:188} INFO - [2026-01-29T08:34:30.697+0000] {dag.py:3823} INFO - Setting next_dagrun for tle_api_to_kafka_streaming to 2026-01-29 07:00:00+00:00, run_after=2026-01-29 08:00:00+00:00
[2026-01-29T08:34:30.714+0000] {processor.py:183} INFO - Processing /opt/airflow/dags/airflow_dag_api_to_kafka.py took 0.136 seconds
[2026-01-29T08:35:00.815+0000] {processor.py:161} INFO - Started process (PID=837) to work on /opt/airflow/dags/airflow_dag_api_to_kafka.py
[2026-01-29T08:35:00.818+0000] {processor.py:830} INFO - Processing file /opt/airflow/dags/airflow_dag_api_to_kafka.py for tasks to queue
[2026-01-29T08:35:00.820+0000] {logging_mixin.py:188} INFO - [2026-01-29T08:35:00.819+0000] {dagbag.py:538} INFO - Filling up the DagBag from /opt/airflow/dags/airflow_dag_api_to_kafka.py
[2026-01-29T08:35:01.036+0000] {processor.py:840} INFO - DAG(s) 'tle_api_to_kafka_streaming' retrieved from /opt/airflow/dags/airflow_dag_api_to_kafka.py
[2026-01-29T08:35:01.093+0000] {logging_mixin.py:188} INFO - [2026-01-29T08:35:01.093+0000] {dag.py:3036} INFO - Sync 1 DAGs
[2026-01-29T08:35:01.147+0000] {logging_mixin.py:188} INFO - [2026-01-29T08:35:01.147+0000] {dag.py:3823} INFO - Setting next_dagrun for tle_api_to_kafka_streaming to 2026-01-29 07:00:00+00:00, run_after=2026-01-29 08:00:00+00:00
[2026-01-29T08:35:01.181+0000] {processor.py:183} INFO - Processing /opt/airflow/dags/airflow_dag_api_to_kafka.py took 0.373 seconds
[2026-01-29T08:35:31.317+0000] {processor.py:161} INFO - Started process (PID=849) to work on /opt/airflow/dags/airflow_dag_api_to_kafka.py
[2026-01-29T08:35:31.318+0000] {processor.py:830} INFO - Processing file /opt/airflow/dags/airflow_dag_api_to_kafka.py for tasks to queue
[2026-01-29T08:35:31.319+0000] {logging_mixin.py:188} INFO - [2026-01-29T08:35:31.319+0000] {dagbag.py:538} INFO - Filling up the DagBag from /opt/airflow/dags/airflow_dag_api_to_kafka.py
[2026-01-29T08:35:31.463+0000] {processor.py:840} INFO - DAG(s) 'tle_api_to_kafka_streaming' retrieved from /opt/airflow/dags/airflow_dag_api_to_kafka.py
[2026-01-29T08:35:31.500+0000] {logging_mixin.py:188} INFO - [2026-01-29T08:35:31.499+0000] {dag.py:3036} INFO - Sync 1 DAGs
[2026-01-29T08:35:31.537+0000] {logging_mixin.py:188} INFO - [2026-01-29T08:35:31.537+0000] {dag.py:3823} INFO - Setting next_dagrun for tle_api_to_kafka_streaming to 2026-01-29 07:00:00+00:00, run_after=2026-01-29 08:00:00+00:00
[2026-01-29T08:35:31.559+0000] {processor.py:183} INFO - Processing /opt/airflow/dags/airflow_dag_api_to_kafka.py took 0.246 seconds
[2026-01-29T08:36:02.435+0000] {processor.py:161} INFO - Started process (PID=859) to work on /opt/airflow/dags/airflow_dag_api_to_kafka.py
[2026-01-29T08:36:02.436+0000] {processor.py:830} INFO - Processing file /opt/airflow/dags/airflow_dag_api_to_kafka.py for tasks to queue
[2026-01-29T08:36:02.437+0000] {logging_mixin.py:188} INFO - [2026-01-29T08:36:02.437+0000] {dagbag.py:538} INFO - Filling up the DagBag from /opt/airflow/dags/airflow_dag_api_to_kafka.py
[2026-01-29T08:36:02.524+0000] {processor.py:840} INFO - DAG(s) 'tle_api_to_kafka_streaming' retrieved from /opt/airflow/dags/airflow_dag_api_to_kafka.py
[2026-01-29T08:36:02.557+0000] {logging_mixin.py:188} INFO - [2026-01-29T08:36:02.556+0000] {dag.py:3036} INFO - Sync 1 DAGs
[2026-01-29T08:36:02.598+0000] {logging_mixin.py:188} INFO - [2026-01-29T08:36:02.598+0000] {dag.py:3823} INFO - Setting next_dagrun for tle_api_to_kafka_streaming to 2026-01-29 07:00:00+00:00, run_after=2026-01-29 08:00:00+00:00
[2026-01-29T08:36:02.619+0000] {processor.py:183} INFO - Processing /opt/airflow/dags/airflow_dag_api_to_kafka.py took 0.188 seconds
[2026-01-29T08:36:32.738+0000] {processor.py:161} INFO - Started process (PID=869) to work on /opt/airflow/dags/airflow_dag_api_to_kafka.py
[2026-01-29T08:36:32.739+0000] {processor.py:830} INFO - Processing file /opt/airflow/dags/airflow_dag_api_to_kafka.py for tasks to queue
[2026-01-29T08:36:32.740+0000] {logging_mixin.py:188} INFO - [2026-01-29T08:36:32.739+0000] {dagbag.py:538} INFO - Filling up the DagBag from /opt/airflow/dags/airflow_dag_api_to_kafka.py
[2026-01-29T08:36:32.836+0000] {processor.py:840} INFO - DAG(s) 'tle_api_to_kafka_streaming' retrieved from /opt/airflow/dags/airflow_dag_api_to_kafka.py
[2026-01-29T08:36:32.868+0000] {logging_mixin.py:188} INFO - [2026-01-29T08:36:32.868+0000] {dag.py:3036} INFO - Sync 1 DAGs
[2026-01-29T08:36:32.898+0000] {logging_mixin.py:188} INFO - [2026-01-29T08:36:32.898+0000] {dag.py:3823} INFO - Setting next_dagrun for tle_api_to_kafka_streaming to 2026-01-29 07:00:00+00:00, run_after=2026-01-29 08:00:00+00:00
[2026-01-29T08:36:32.913+0000] {processor.py:183} INFO - Processing /opt/airflow/dags/airflow_dag_api_to_kafka.py took 0.178 seconds
[2026-01-29T08:37:03.021+0000] {processor.py:161} INFO - Started process (PID=879) to work on /opt/airflow/dags/airflow_dag_api_to_kafka.py
[2026-01-29T08:37:03.059+0000] {processor.py:830} INFO - Processing file /opt/airflow/dags/airflow_dag_api_to_kafka.py for tasks to queue
[2026-01-29T08:37:03.060+0000] {logging_mixin.py:188} INFO - [2026-01-29T08:37:03.060+0000] {dagbag.py:538} INFO - Filling up the DagBag from /opt/airflow/dags/airflow_dag_api_to_kafka.py
[2026-01-29T08:37:03.179+0000] {processor.py:840} INFO - DAG(s) 'tle_api_to_kafka_streaming' retrieved from /opt/airflow/dags/airflow_dag_api_to_kafka.py
[2026-01-29T08:37:03.206+0000] {logging_mixin.py:188} INFO - [2026-01-29T08:37:03.206+0000] {dag.py:3036} INFO - Sync 1 DAGs
[2026-01-29T08:37:03.236+0000] {logging_mixin.py:188} INFO - [2026-01-29T08:37:03.236+0000] {dag.py:3823} INFO - Setting next_dagrun for tle_api_to_kafka_streaming to 2026-01-29 07:00:00+00:00, run_after=2026-01-29 08:00:00+00:00
[2026-01-29T08:37:03.251+0000] {processor.py:183} INFO - Processing /opt/airflow/dags/airflow_dag_api_to_kafka.py took 0.234 seconds
[2026-01-29T08:37:33.367+0000] {processor.py:161} INFO - Started process (PID=889) to work on /opt/airflow/dags/airflow_dag_api_to_kafka.py
[2026-01-29T08:37:33.369+0000] {processor.py:830} INFO - Processing file /opt/airflow/dags/airflow_dag_api_to_kafka.py for tasks to queue
[2026-01-29T08:37:33.369+0000] {logging_mixin.py:188} INFO - [2026-01-29T08:37:33.369+0000] {dagbag.py:538} INFO - Filling up the DagBag from /opt/airflow/dags/airflow_dag_api_to_kafka.py
[2026-01-29T08:37:33.495+0000] {processor.py:840} INFO - DAG(s) 'tle_api_to_kafka_streaming' retrieved from /opt/airflow/dags/airflow_dag_api_to_kafka.py
[2026-01-29T08:37:33.524+0000] {logging_mixin.py:188} INFO - [2026-01-29T08:37:33.523+0000] {dag.py:3036} INFO - Sync 1 DAGs
[2026-01-29T08:37:33.554+0000] {logging_mixin.py:188} INFO - [2026-01-29T08:37:33.554+0000] {dag.py:3823} INFO - Setting next_dagrun for tle_api_to_kafka_streaming to 2026-01-29 07:00:00+00:00, run_after=2026-01-29 08:00:00+00:00
[2026-01-29T08:37:33.571+0000] {processor.py:183} INFO - Processing /opt/airflow/dags/airflow_dag_api_to_kafka.py took 0.206 seconds
[2026-01-29T08:38:03.683+0000] {processor.py:161} INFO - Started process (PID=899) to work on /opt/airflow/dags/airflow_dag_api_to_kafka.py
[2026-01-29T08:38:03.684+0000] {processor.py:830} INFO - Processing file /opt/airflow/dags/airflow_dag_api_to_kafka.py for tasks to queue
[2026-01-29T08:38:03.685+0000] {logging_mixin.py:188} INFO - [2026-01-29T08:38:03.684+0000] {dagbag.py:538} INFO - Filling up the DagBag from /opt/airflow/dags/airflow_dag_api_to_kafka.py
[2026-01-29T08:38:03.810+0000] {processor.py:840} INFO - DAG(s) 'tle_api_to_kafka_streaming' retrieved from /opt/airflow/dags/airflow_dag_api_to_kafka.py
[2026-01-29T08:38:03.843+0000] {logging_mixin.py:188} INFO - [2026-01-29T08:38:03.843+0000] {dag.py:3036} INFO - Sync 1 DAGs
[2026-01-29T08:38:03.873+0000] {logging_mixin.py:188} INFO - [2026-01-29T08:38:03.873+0000] {dag.py:3823} INFO - Setting next_dagrun for tle_api_to_kafka_streaming to 2026-01-29 07:00:00+00:00, run_after=2026-01-29 08:00:00+00:00
[2026-01-29T08:38:03.891+0000] {processor.py:183} INFO - Processing /opt/airflow/dags/airflow_dag_api_to_kafka.py took 0.213 seconds
[2026-01-29T08:38:34.020+0000] {processor.py:161} INFO - Started process (PID=909) to work on /opt/airflow/dags/airflow_dag_api_to_kafka.py
[2026-01-29T08:38:34.021+0000] {processor.py:830} INFO - Processing file /opt/airflow/dags/airflow_dag_api_to_kafka.py for tasks to queue
[2026-01-29T08:38:34.023+0000] {logging_mixin.py:188} INFO - [2026-01-29T08:38:34.022+0000] {dagbag.py:538} INFO - Filling up the DagBag from /opt/airflow/dags/airflow_dag_api_to_kafka.py
[2026-01-29T08:38:34.111+0000] {processor.py:840} INFO - DAG(s) 'tle_api_to_kafka_streaming' retrieved from /opt/airflow/dags/airflow_dag_api_to_kafka.py
[2026-01-29T08:38:34.153+0000] {logging_mixin.py:188} INFO - [2026-01-29T08:38:34.153+0000] {dag.py:3036} INFO - Sync 1 DAGs
[2026-01-29T08:38:34.190+0000] {logging_mixin.py:188} INFO - [2026-01-29T08:38:34.190+0000] {dag.py:3823} INFO - Setting next_dagrun for tle_api_to_kafka_streaming to 2026-01-29 07:00:00+00:00, run_after=2026-01-29 08:00:00+00:00
[2026-01-29T08:38:34.212+0000] {processor.py:183} INFO - Processing /opt/airflow/dags/airflow_dag_api_to_kafka.py took 0.196 seconds
[2026-01-29T08:39:04.340+0000] {processor.py:161} INFO - Started process (PID=919) to work on /opt/airflow/dags/airflow_dag_api_to_kafka.py
[2026-01-29T08:39:04.341+0000] {processor.py:830} INFO - Processing file /opt/airflow/dags/airflow_dag_api_to_kafka.py for tasks to queue
[2026-01-29T08:39:04.342+0000] {logging_mixin.py:188} INFO - [2026-01-29T08:39:04.341+0000] {dagbag.py:538} INFO - Filling up the DagBag from /opt/airflow/dags/airflow_dag_api_to_kafka.py
[2026-01-29T08:39:04.462+0000] {processor.py:840} INFO - DAG(s) 'tle_api_to_kafka_streaming' retrieved from /opt/airflow/dags/airflow_dag_api_to_kafka.py
[2026-01-29T08:39:04.489+0000] {logging_mixin.py:188} INFO - [2026-01-29T08:39:04.489+0000] {dag.py:3036} INFO - Sync 1 DAGs
[2026-01-29T08:39:04.518+0000] {logging_mixin.py:188} INFO - [2026-01-29T08:39:04.517+0000] {dag.py:3823} INFO - Setting next_dagrun for tle_api_to_kafka_streaming to 2026-01-29 07:00:00+00:00, run_after=2026-01-29 08:00:00+00:00
[2026-01-29T08:39:04.532+0000] {processor.py:183} INFO - Processing /opt/airflow/dags/airflow_dag_api_to_kafka.py took 0.196 seconds
[2026-01-29T08:39:34.661+0000] {processor.py:161} INFO - Started process (PID=929) to work on /opt/airflow/dags/airflow_dag_api_to_kafka.py
[2026-01-29T08:39:34.663+0000] {processor.py:830} INFO - Processing file /opt/airflow/dags/airflow_dag_api_to_kafka.py for tasks to queue
[2026-01-29T08:39:34.664+0000] {logging_mixin.py:188} INFO - [2026-01-29T08:39:34.664+0000] {dagbag.py:538} INFO - Filling up the DagBag from /opt/airflow/dags/airflow_dag_api_to_kafka.py
[2026-01-29T08:39:34.805+0000] {processor.py:840} INFO - DAG(s) 'tle_api_to_kafka_streaming' retrieved from /opt/airflow/dags/airflow_dag_api_to_kafka.py
[2026-01-29T08:39:34.844+0000] {logging_mixin.py:188} INFO - [2026-01-29T08:39:34.843+0000] {dag.py:3036} INFO - Sync 1 DAGs
[2026-01-29T08:39:34.880+0000] {logging_mixin.py:188} INFO - [2026-01-29T08:39:34.880+0000] {dag.py:3823} INFO - Setting next_dagrun for tle_api_to_kafka_streaming to 2026-01-29 07:00:00+00:00, run_after=2026-01-29 08:00:00+00:00
[2026-01-29T08:39:34.904+0000] {processor.py:183} INFO - Processing /opt/airflow/dags/airflow_dag_api_to_kafka.py took 0.247 seconds
[2026-01-29T08:40:04.999+0000] {processor.py:161} INFO - Started process (PID=939) to work on /opt/airflow/dags/airflow_dag_api_to_kafka.py
[2026-01-29T08:40:05.002+0000] {processor.py:830} INFO - Processing file /opt/airflow/dags/airflow_dag_api_to_kafka.py for tasks to queue
[2026-01-29T08:40:05.003+0000] {logging_mixin.py:188} INFO - [2026-01-29T08:40:05.003+0000] {dagbag.py:538} INFO - Filling up the DagBag from /opt/airflow/dags/airflow_dag_api_to_kafka.py
[2026-01-29T08:40:05.146+0000] {processor.py:840} INFO - DAG(s) 'tle_api_to_kafka_streaming' retrieved from /opt/airflow/dags/airflow_dag_api_to_kafka.py
[2026-01-29T08:40:05.181+0000] {logging_mixin.py:188} INFO - [2026-01-29T08:40:05.181+0000] {dag.py:3036} INFO - Sync 1 DAGs
[2026-01-29T08:40:05.213+0000] {logging_mixin.py:188} INFO - [2026-01-29T08:40:05.213+0000] {dag.py:3823} INFO - Setting next_dagrun for tle_api_to_kafka_streaming to 2026-01-29 07:00:00+00:00, run_after=2026-01-29 08:00:00+00:00
[2026-01-29T08:40:05.233+0000] {processor.py:183} INFO - Processing /opt/airflow/dags/airflow_dag_api_to_kafka.py took 0.238 seconds
[2026-01-29T08:40:35.372+0000] {processor.py:161} INFO - Started process (PID=949) to work on /opt/airflow/dags/airflow_dag_api_to_kafka.py
[2026-01-29T08:40:35.373+0000] {processor.py:830} INFO - Processing file /opt/airflow/dags/airflow_dag_api_to_kafka.py for tasks to queue
[2026-01-29T08:40:35.375+0000] {logging_mixin.py:188} INFO - [2026-01-29T08:40:35.374+0000] {dagbag.py:538} INFO - Filling up the DagBag from /opt/airflow/dags/airflow_dag_api_to_kafka.py
[2026-01-29T08:40:35.484+0000] {processor.py:840} INFO - DAG(s) 'tle_api_to_kafka_streaming' retrieved from /opt/airflow/dags/airflow_dag_api_to_kafka.py
[2026-01-29T08:40:35.526+0000] {logging_mixin.py:188} INFO - [2026-01-29T08:40:35.526+0000] {dag.py:3036} INFO - Sync 1 DAGs
[2026-01-29T08:40:35.571+0000] {logging_mixin.py:188} INFO - [2026-01-29T08:40:35.571+0000] {dag.py:3823} INFO - Setting next_dagrun for tle_api_to_kafka_streaming to 2026-01-29 07:00:00+00:00, run_after=2026-01-29 08:00:00+00:00
[2026-01-29T08:40:35.596+0000] {processor.py:183} INFO - Processing /opt/airflow/dags/airflow_dag_api_to_kafka.py took 0.230 seconds
[2026-01-29T08:41:05.734+0000] {processor.py:161} INFO - Started process (PID=959) to work on /opt/airflow/dags/airflow_dag_api_to_kafka.py
[2026-01-29T08:41:05.735+0000] {processor.py:830} INFO - Processing file /opt/airflow/dags/airflow_dag_api_to_kafka.py for tasks to queue
[2026-01-29T08:41:05.736+0000] {logging_mixin.py:188} INFO - [2026-01-29T08:41:05.736+0000] {dagbag.py:538} INFO - Filling up the DagBag from /opt/airflow/dags/airflow_dag_api_to_kafka.py
[2026-01-29T08:41:05.834+0000] {processor.py:840} INFO - DAG(s) 'tle_api_to_kafka_streaming' retrieved from /opt/airflow/dags/airflow_dag_api_to_kafka.py
[2026-01-29T08:41:05.872+0000] {logging_mixin.py:188} INFO - [2026-01-29T08:41:05.871+0000] {dag.py:3036} INFO - Sync 1 DAGs
[2026-01-29T08:41:05.908+0000] {logging_mixin.py:188} INFO - [2026-01-29T08:41:05.908+0000] {dag.py:3823} INFO - Setting next_dagrun for tle_api_to_kafka_streaming to 2026-01-29 07:00:00+00:00, run_after=2026-01-29 08:00:00+00:00
[2026-01-29T08:41:05.930+0000] {processor.py:183} INFO - Processing /opt/airflow/dags/airflow_dag_api_to_kafka.py took 0.201 seconds
[2026-01-29T08:41:36.084+0000] {processor.py:161} INFO - Started process (PID=969) to work on /opt/airflow/dags/airflow_dag_api_to_kafka.py
[2026-01-29T08:41:36.085+0000] {processor.py:830} INFO - Processing file /opt/airflow/dags/airflow_dag_api_to_kafka.py for tasks to queue
[2026-01-29T08:41:36.086+0000] {logging_mixin.py:188} INFO - [2026-01-29T08:41:36.086+0000] {dagbag.py:538} INFO - Filling up the DagBag from /opt/airflow/dags/airflow_dag_api_to_kafka.py
[2026-01-29T08:41:36.177+0000] {processor.py:840} INFO - DAG(s) 'tle_api_to_kafka_streaming' retrieved from /opt/airflow/dags/airflow_dag_api_to_kafka.py
[2026-01-29T08:41:36.227+0000] {logging_mixin.py:188} INFO - [2026-01-29T08:41:36.227+0000] {dag.py:3036} INFO - Sync 1 DAGs
[2026-01-29T08:41:36.263+0000] {logging_mixin.py:188} INFO - [2026-01-29T08:41:36.263+0000] {dag.py:3823} INFO - Setting next_dagrun for tle_api_to_kafka_streaming to 2026-01-29 07:00:00+00:00, run_after=2026-01-29 08:00:00+00:00
[2026-01-29T08:41:36.285+0000] {processor.py:183} INFO - Processing /opt/airflow/dags/airflow_dag_api_to_kafka.py took 0.208 seconds
[2026-01-29T08:42:06.409+0000] {processor.py:161} INFO - Started process (PID=979) to work on /opt/airflow/dags/airflow_dag_api_to_kafka.py
[2026-01-29T08:42:06.411+0000] {processor.py:830} INFO - Processing file /opt/airflow/dags/airflow_dag_api_to_kafka.py for tasks to queue
[2026-01-29T08:42:06.412+0000] {logging_mixin.py:188} INFO - [2026-01-29T08:42:06.412+0000] {dagbag.py:538} INFO - Filling up the DagBag from /opt/airflow/dags/airflow_dag_api_to_kafka.py
[2026-01-29T08:42:06.505+0000] {processor.py:840} INFO - DAG(s) 'tle_api_to_kafka_streaming' retrieved from /opt/airflow/dags/airflow_dag_api_to_kafka.py
[2026-01-29T08:42:06.547+0000] {logging_mixin.py:188} INFO - [2026-01-29T08:42:06.547+0000] {dag.py:3036} INFO - Sync 1 DAGs
[2026-01-29T08:42:06.586+0000] {logging_mixin.py:188} INFO - [2026-01-29T08:42:06.585+0000] {dag.py:3823} INFO - Setting next_dagrun for tle_api_to_kafka_streaming to 2026-01-29 07:00:00+00:00, run_after=2026-01-29 08:00:00+00:00
[2026-01-29T08:42:06.609+0000] {processor.py:183} INFO - Processing /opt/airflow/dags/airflow_dag_api_to_kafka.py took 0.204 seconds
[2026-01-29T08:42:36.743+0000] {processor.py:161} INFO - Started process (PID=989) to work on /opt/airflow/dags/airflow_dag_api_to_kafka.py
[2026-01-29T08:42:36.746+0000] {processor.py:830} INFO - Processing file /opt/airflow/dags/airflow_dag_api_to_kafka.py for tasks to queue
[2026-01-29T08:42:36.747+0000] {logging_mixin.py:188} INFO - [2026-01-29T08:42:36.746+0000] {dagbag.py:538} INFO - Filling up the DagBag from /opt/airflow/dags/airflow_dag_api_to_kafka.py
[2026-01-29T08:42:36.825+0000] {processor.py:840} INFO - DAG(s) 'tle_api_to_kafka_streaming' retrieved from /opt/airflow/dags/airflow_dag_api_to_kafka.py
[2026-01-29T08:42:36.859+0000] {logging_mixin.py:188} INFO - [2026-01-29T08:42:36.859+0000] {dag.py:3036} INFO - Sync 1 DAGs
[2026-01-29T08:42:36.891+0000] {logging_mixin.py:188} INFO - [2026-01-29T08:42:36.891+0000] {dag.py:3823} INFO - Setting next_dagrun for tle_api_to_kafka_streaming to 2026-01-29 07:00:00+00:00, run_after=2026-01-29 08:00:00+00:00
[2026-01-29T08:42:36.922+0000] {processor.py:183} INFO - Processing /opt/airflow/dags/airflow_dag_api_to_kafka.py took 0.183 seconds
[2026-01-29T08:43:07.054+0000] {processor.py:161} INFO - Started process (PID=999) to work on /opt/airflow/dags/airflow_dag_api_to_kafka.py
[2026-01-29T08:43:07.057+0000] {processor.py:830} INFO - Processing file /opt/airflow/dags/airflow_dag_api_to_kafka.py for tasks to queue
[2026-01-29T08:43:07.058+0000] {logging_mixin.py:188} INFO - [2026-01-29T08:43:07.058+0000] {dagbag.py:538} INFO - Filling up the DagBag from /opt/airflow/dags/airflow_dag_api_to_kafka.py
[2026-01-29T08:43:07.153+0000] {processor.py:840} INFO - DAG(s) 'tle_api_to_kafka_streaming' retrieved from /opt/airflow/dags/airflow_dag_api_to_kafka.py
[2026-01-29T08:43:07.188+0000] {logging_mixin.py:188} INFO - [2026-01-29T08:43:07.188+0000] {dag.py:3036} INFO - Sync 1 DAGs
[2026-01-29T08:43:07.230+0000] {logging_mixin.py:188} INFO - [2026-01-29T08:43:07.230+0000] {dag.py:3823} INFO - Setting next_dagrun for tle_api_to_kafka_streaming to 2026-01-29 07:00:00+00:00, run_after=2026-01-29 08:00:00+00:00
[2026-01-29T08:43:07.252+0000] {processor.py:183} INFO - Processing /opt/airflow/dags/airflow_dag_api_to_kafka.py took 0.202 seconds
[2026-01-29T08:43:37.377+0000] {processor.py:161} INFO - Started process (PID=1009) to work on /opt/airflow/dags/airflow_dag_api_to_kafka.py
[2026-01-29T08:43:37.378+0000] {processor.py:830} INFO - Processing file /opt/airflow/dags/airflow_dag_api_to_kafka.py for tasks to queue
[2026-01-29T08:43:37.380+0000] {logging_mixin.py:188} INFO - [2026-01-29T08:43:37.379+0000] {dagbag.py:538} INFO - Filling up the DagBag from /opt/airflow/dags/airflow_dag_api_to_kafka.py
[2026-01-29T08:43:37.479+0000] {processor.py:840} INFO - DAG(s) 'tle_api_to_kafka_streaming' retrieved from /opt/airflow/dags/airflow_dag_api_to_kafka.py
[2026-01-29T08:43:37.518+0000] {logging_mixin.py:188} INFO - [2026-01-29T08:43:37.517+0000] {dag.py:3036} INFO - Sync 1 DAGs
[2026-01-29T08:43:37.558+0000] {logging_mixin.py:188} INFO - [2026-01-29T08:43:37.558+0000] {dag.py:3823} INFO - Setting next_dagrun for tle_api_to_kafka_streaming to 2026-01-29 07:00:00+00:00, run_after=2026-01-29 08:00:00+00:00
[2026-01-29T08:43:37.581+0000] {processor.py:183} INFO - Processing /opt/airflow/dags/airflow_dag_api_to_kafka.py took 0.208 seconds
[2026-01-29T08:44:07.724+0000] {processor.py:161} INFO - Started process (PID=1019) to work on /opt/airflow/dags/airflow_dag_api_to_kafka.py
[2026-01-29T08:44:07.725+0000] {processor.py:830} INFO - Processing file /opt/airflow/dags/airflow_dag_api_to_kafka.py for tasks to queue
[2026-01-29T08:44:07.726+0000] {logging_mixin.py:188} INFO - [2026-01-29T08:44:07.726+0000] {dagbag.py:538} INFO - Filling up the DagBag from /opt/airflow/dags/airflow_dag_api_to_kafka.py
[2026-01-29T08:44:07.837+0000] {processor.py:840} INFO - DAG(s) 'tle_api_to_kafka_streaming' retrieved from /opt/airflow/dags/airflow_dag_api_to_kafka.py
[2026-01-29T08:44:07.878+0000] {logging_mixin.py:188} INFO - [2026-01-29T08:44:07.878+0000] {dag.py:3036} INFO - Sync 1 DAGs
[2026-01-29T08:44:07.922+0000] {logging_mixin.py:188} INFO - [2026-01-29T08:44:07.921+0000] {dag.py:3823} INFO - Setting next_dagrun for tle_api_to_kafka_streaming to 2026-01-29 07:00:00+00:00, run_after=2026-01-29 08:00:00+00:00
[2026-01-29T08:44:07.947+0000] {processor.py:183} INFO - Processing /opt/airflow/dags/airflow_dag_api_to_kafka.py took 0.229 seconds
[2026-01-29T08:44:38.104+0000] {processor.py:161} INFO - Started process (PID=1029) to work on /opt/airflow/dags/airflow_dag_api_to_kafka.py
[2026-01-29T08:44:38.106+0000] {processor.py:830} INFO - Processing file /opt/airflow/dags/airflow_dag_api_to_kafka.py for tasks to queue
[2026-01-29T08:44:38.107+0000] {logging_mixin.py:188} INFO - [2026-01-29T08:44:38.107+0000] {dagbag.py:538} INFO - Filling up the DagBag from /opt/airflow/dags/airflow_dag_api_to_kafka.py
[2026-01-29T08:44:38.233+0000] {processor.py:840} INFO - DAG(s) 'tle_api_to_kafka_streaming' retrieved from /opt/airflow/dags/airflow_dag_api_to_kafka.py
[2026-01-29T08:44:38.281+0000] {logging_mixin.py:188} INFO - [2026-01-29T08:44:38.280+0000] {dag.py:3036} INFO - Sync 1 DAGs
[2026-01-29T08:44:38.336+0000] {logging_mixin.py:188} INFO - [2026-01-29T08:44:38.336+0000] {dag.py:3823} INFO - Setting next_dagrun for tle_api_to_kafka_streaming to 2026-01-29 07:00:00+00:00, run_after=2026-01-29 08:00:00+00:00
[2026-01-29T08:44:38.366+0000] {processor.py:183} INFO - Processing /opt/airflow/dags/airflow_dag_api_to_kafka.py took 0.270 seconds
[2026-01-29T08:45:08.521+0000] {processor.py:161} INFO - Started process (PID=1039) to work on /opt/airflow/dags/airflow_dag_api_to_kafka.py
[2026-01-29T08:45:08.524+0000] {processor.py:830} INFO - Processing file /opt/airflow/dags/airflow_dag_api_to_kafka.py for tasks to queue
[2026-01-29T08:45:08.525+0000] {logging_mixin.py:188} INFO - [2026-01-29T08:45:08.524+0000] {dagbag.py:538} INFO - Filling up the DagBag from /opt/airflow/dags/airflow_dag_api_to_kafka.py
[2026-01-29T08:45:08.665+0000] {processor.py:840} INFO - DAG(s) 'tle_api_to_kafka_streaming' retrieved from /opt/airflow/dags/airflow_dag_api_to_kafka.py
[2026-01-29T08:45:08.729+0000] {logging_mixin.py:188} INFO - [2026-01-29T08:45:08.729+0000] {dag.py:3036} INFO - Sync 1 DAGs
[2026-01-29T08:45:08.793+0000] {logging_mixin.py:188} INFO - [2026-01-29T08:45:08.792+0000] {dag.py:3823} INFO - Setting next_dagrun for tle_api_to_kafka_streaming to 2026-01-29 07:00:00+00:00, run_after=2026-01-29 08:00:00+00:00
[2026-01-29T08:45:08.825+0000] {processor.py:183} INFO - Processing /opt/airflow/dags/airflow_dag_api_to_kafka.py took 0.309 seconds
[2026-01-29T08:45:38.973+0000] {processor.py:161} INFO - Started process (PID=1049) to work on /opt/airflow/dags/airflow_dag_api_to_kafka.py
[2026-01-29T08:45:38.973+0000] {processor.py:830} INFO - Processing file /opt/airflow/dags/airflow_dag_api_to_kafka.py for tasks to queue
[2026-01-29T08:45:38.974+0000] {logging_mixin.py:188} INFO - [2026-01-29T08:45:38.974+0000] {dagbag.py:538} INFO - Filling up the DagBag from /opt/airflow/dags/airflow_dag_api_to_kafka.py
[2026-01-29T08:45:39.068+0000] {processor.py:840} INFO - DAG(s) 'tle_api_to_kafka_streaming' retrieved from /opt/airflow/dags/airflow_dag_api_to_kafka.py
[2026-01-29T08:45:39.109+0000] {logging_mixin.py:188} INFO - [2026-01-29T08:45:39.108+0000] {dag.py:3036} INFO - Sync 1 DAGs
[2026-01-29T08:45:39.149+0000] {logging_mixin.py:188} INFO - [2026-01-29T08:45:39.149+0000] {dag.py:3823} INFO - Setting next_dagrun for tle_api_to_kafka_streaming to 2026-01-29 07:00:00+00:00, run_after=2026-01-29 08:00:00+00:00
[2026-01-29T08:45:39.166+0000] {processor.py:183} INFO - Processing /opt/airflow/dags/airflow_dag_api_to_kafka.py took 0.197 seconds
[2026-01-29T08:46:09.299+0000] {processor.py:161} INFO - Started process (PID=1059) to work on /opt/airflow/dags/airflow_dag_api_to_kafka.py
[2026-01-29T08:46:09.300+0000] {processor.py:830} INFO - Processing file /opt/airflow/dags/airflow_dag_api_to_kafka.py for tasks to queue
[2026-01-29T08:46:09.301+0000] {logging_mixin.py:188} INFO - [2026-01-29T08:46:09.300+0000] {dagbag.py:538} INFO - Filling up the DagBag from /opt/airflow/dags/airflow_dag_api_to_kafka.py
[2026-01-29T08:46:09.399+0000] {processor.py:840} INFO - DAG(s) 'tle_api_to_kafka_streaming' retrieved from /opt/airflow/dags/airflow_dag_api_to_kafka.py
[2026-01-29T08:46:09.437+0000] {logging_mixin.py:188} INFO - [2026-01-29T08:46:09.436+0000] {dag.py:3036} INFO - Sync 1 DAGs
[2026-01-29T08:46:09.476+0000] {logging_mixin.py:188} INFO - [2026-01-29T08:46:09.476+0000] {dag.py:3823} INFO - Setting next_dagrun for tle_api_to_kafka_streaming to 2026-01-29 07:00:00+00:00, run_after=2026-01-29 08:00:00+00:00
[2026-01-29T08:46:09.500+0000] {processor.py:183} INFO - Processing /opt/airflow/dags/airflow_dag_api_to_kafka.py took 0.205 seconds
[2026-01-29T08:46:39.635+0000] {processor.py:161} INFO - Started process (PID=1069) to work on /opt/airflow/dags/airflow_dag_api_to_kafka.py
[2026-01-29T08:46:39.638+0000] {processor.py:830} INFO - Processing file /opt/airflow/dags/airflow_dag_api_to_kafka.py for tasks to queue
[2026-01-29T08:46:39.639+0000] {logging_mixin.py:188} INFO - [2026-01-29T08:46:39.639+0000] {dagbag.py:538} INFO - Filling up the DagBag from /opt/airflow/dags/airflow_dag_api_to_kafka.py
[2026-01-29T08:46:39.745+0000] {processor.py:840} INFO - DAG(s) 'tle_api_to_kafka_streaming' retrieved from /opt/airflow/dags/airflow_dag_api_to_kafka.py
[2026-01-29T08:46:39.784+0000] {logging_mixin.py:188} INFO - [2026-01-29T08:46:39.784+0000] {dag.py:3036} INFO - Sync 1 DAGs
[2026-01-29T08:46:39.828+0000] {logging_mixin.py:188} INFO - [2026-01-29T08:46:39.827+0000] {dag.py:3823} INFO - Setting next_dagrun for tle_api_to_kafka_streaming to 2026-01-29 07:00:00+00:00, run_after=2026-01-29 08:00:00+00:00
[2026-01-29T08:46:39.851+0000] {processor.py:183} INFO - Processing /opt/airflow/dags/airflow_dag_api_to_kafka.py took 0.220 seconds
[2026-01-29T08:47:09.993+0000] {processor.py:161} INFO - Started process (PID=1079) to work on /opt/airflow/dags/airflow_dag_api_to_kafka.py
[2026-01-29T08:47:09.995+0000] {processor.py:830} INFO - Processing file /opt/airflow/dags/airflow_dag_api_to_kafka.py for tasks to queue
[2026-01-29T08:47:09.996+0000] {logging_mixin.py:188} INFO - [2026-01-29T08:47:09.996+0000] {dagbag.py:538} INFO - Filling up the DagBag from /opt/airflow/dags/airflow_dag_api_to_kafka.py
[2026-01-29T08:47:10.110+0000] {processor.py:840} INFO - DAG(s) 'tle_api_to_kafka_streaming' retrieved from /opt/airflow/dags/airflow_dag_api_to_kafka.py
[2026-01-29T08:47:10.150+0000] {logging_mixin.py:188} INFO - [2026-01-29T08:47:10.150+0000] {dag.py:3036} INFO - Sync 1 DAGs
[2026-01-29T08:47:10.193+0000] {logging_mixin.py:188} INFO - [2026-01-29T08:47:10.193+0000] {dag.py:3823} INFO - Setting next_dagrun for tle_api_to_kafka_streaming to 2026-01-29 07:00:00+00:00, run_after=2026-01-29 08:00:00+00:00
[2026-01-29T08:47:10.217+0000] {processor.py:183} INFO - Processing /opt/airflow/dags/airflow_dag_api_to_kafka.py took 0.228 seconds
[2026-01-29T08:47:40.358+0000] {processor.py:161} INFO - Started process (PID=1089) to work on /opt/airflow/dags/airflow_dag_api_to_kafka.py
[2026-01-29T08:47:40.359+0000] {processor.py:830} INFO - Processing file /opt/airflow/dags/airflow_dag_api_to_kafka.py for tasks to queue
[2026-01-29T08:47:40.360+0000] {logging_mixin.py:188} INFO - [2026-01-29T08:47:40.360+0000] {dagbag.py:538} INFO - Filling up the DagBag from /opt/airflow/dags/airflow_dag_api_to_kafka.py
[2026-01-29T08:47:40.474+0000] {processor.py:840} INFO - DAG(s) 'tle_api_to_kafka_streaming' retrieved from /opt/airflow/dags/airflow_dag_api_to_kafka.py
[2026-01-29T08:47:40.520+0000] {logging_mixin.py:188} INFO - [2026-01-29T08:47:40.520+0000] {dag.py:3036} INFO - Sync 1 DAGs
[2026-01-29T08:47:40.557+0000] {logging_mixin.py:188} INFO - [2026-01-29T08:47:40.557+0000] {dag.py:3823} INFO - Setting next_dagrun for tle_api_to_kafka_streaming to 2026-01-29 07:00:00+00:00, run_after=2026-01-29 08:00:00+00:00
[2026-01-29T08:47:40.582+0000] {processor.py:183} INFO - Processing /opt/airflow/dags/airflow_dag_api_to_kafka.py took 0.229 seconds
[2026-01-29T08:48:10.719+0000] {processor.py:161} INFO - Started process (PID=1099) to work on /opt/airflow/dags/airflow_dag_api_to_kafka.py
[2026-01-29T08:48:10.720+0000] {processor.py:830} INFO - Processing file /opt/airflow/dags/airflow_dag_api_to_kafka.py for tasks to queue
[2026-01-29T08:48:10.722+0000] {logging_mixin.py:188} INFO - [2026-01-29T08:48:10.721+0000] {dagbag.py:538} INFO - Filling up the DagBag from /opt/airflow/dags/airflow_dag_api_to_kafka.py
[2026-01-29T08:48:10.818+0000] {processor.py:840} INFO - DAG(s) 'tle_api_to_kafka_streaming' retrieved from /opt/airflow/dags/airflow_dag_api_to_kafka.py
[2026-01-29T08:48:10.855+0000] {logging_mixin.py:188} INFO - [2026-01-29T08:48:10.855+0000] {dag.py:3036} INFO - Sync 1 DAGs
[2026-01-29T08:48:10.895+0000] {logging_mixin.py:188} INFO - [2026-01-29T08:48:10.895+0000] {dag.py:3823} INFO - Setting next_dagrun for tle_api_to_kafka_streaming to 2026-01-29 07:00:00+00:00, run_after=2026-01-29 08:00:00+00:00
[2026-01-29T08:48:10.915+0000] {processor.py:183} INFO - Processing /opt/airflow/dags/airflow_dag_api_to_kafka.py took 0.200 seconds
[2026-01-29T08:48:41.045+0000] {processor.py:161} INFO - Started process (PID=1109) to work on /opt/airflow/dags/airflow_dag_api_to_kafka.py
[2026-01-29T08:48:41.046+0000] {processor.py:830} INFO - Processing file /opt/airflow/dags/airflow_dag_api_to_kafka.py for tasks to queue
[2026-01-29T08:48:41.047+0000] {logging_mixin.py:188} INFO - [2026-01-29T08:48:41.046+0000] {dagbag.py:538} INFO - Filling up the DagBag from /opt/airflow/dags/airflow_dag_api_to_kafka.py
[2026-01-29T08:48:41.141+0000] {processor.py:840} INFO - DAG(s) 'tle_api_to_kafka_streaming' retrieved from /opt/airflow/dags/airflow_dag_api_to_kafka.py
[2026-01-29T08:48:41.183+0000] {logging_mixin.py:188} INFO - [2026-01-29T08:48:41.182+0000] {dag.py:3036} INFO - Sync 1 DAGs
[2026-01-29T08:48:41.217+0000] {logging_mixin.py:188} INFO - [2026-01-29T08:48:41.217+0000] {dag.py:3823} INFO - Setting next_dagrun for tle_api_to_kafka_streaming to 2026-01-29 07:00:00+00:00, run_after=2026-01-29 08:00:00+00:00
[2026-01-29T08:48:41.236+0000] {processor.py:183} INFO - Processing /opt/airflow/dags/airflow_dag_api_to_kafka.py took 0.200 seconds
[2026-01-29T08:49:11.369+0000] {processor.py:161} INFO - Started process (PID=1119) to work on /opt/airflow/dags/airflow_dag_api_to_kafka.py
[2026-01-29T08:49:11.370+0000] {processor.py:830} INFO - Processing file /opt/airflow/dags/airflow_dag_api_to_kafka.py for tasks to queue
[2026-01-29T08:49:11.371+0000] {logging_mixin.py:188} INFO - [2026-01-29T08:49:11.371+0000] {dagbag.py:538} INFO - Filling up the DagBag from /opt/airflow/dags/airflow_dag_api_to_kafka.py
[2026-01-29T08:49:11.451+0000] {processor.py:840} INFO - DAG(s) 'tle_api_to_kafka_streaming' retrieved from /opt/airflow/dags/airflow_dag_api_to_kafka.py
[2026-01-29T08:49:11.481+0000] {logging_mixin.py:188} INFO - [2026-01-29T08:49:11.481+0000] {dag.py:3036} INFO - Sync 1 DAGs
[2026-01-29T08:49:11.512+0000] {logging_mixin.py:188} INFO - [2026-01-29T08:49:11.512+0000] {dag.py:3823} INFO - Setting next_dagrun for tle_api_to_kafka_streaming to 2026-01-29 07:00:00+00:00, run_after=2026-01-29 08:00:00+00:00
[2026-01-29T08:49:11.528+0000] {processor.py:183} INFO - Processing /opt/airflow/dags/airflow_dag_api_to_kafka.py took 0.163 seconds
[2026-01-29T08:49:41.675+0000] {processor.py:161} INFO - Started process (PID=1129) to work on /opt/airflow/dags/airflow_dag_api_to_kafka.py
[2026-01-29T08:49:41.676+0000] {processor.py:830} INFO - Processing file /opt/airflow/dags/airflow_dag_api_to_kafka.py for tasks to queue
[2026-01-29T08:49:41.677+0000] {logging_mixin.py:188} INFO - [2026-01-29T08:49:41.677+0000] {dagbag.py:538} INFO - Filling up the DagBag from /opt/airflow/dags/airflow_dag_api_to_kafka.py
[2026-01-29T08:49:41.807+0000] {processor.py:840} INFO - DAG(s) 'tle_api_to_kafka_streaming' retrieved from /opt/airflow/dags/airflow_dag_api_to_kafka.py
[2026-01-29T08:49:41.848+0000] {logging_mixin.py:188} INFO - [2026-01-29T08:49:41.848+0000] {dag.py:3036} INFO - Sync 1 DAGs
[2026-01-29T08:49:41.900+0000] {logging_mixin.py:188} INFO - [2026-01-29T08:49:41.900+0000] {dag.py:3823} INFO - Setting next_dagrun for tle_api_to_kafka_streaming to 2026-01-29 07:00:00+00:00, run_after=2026-01-29 08:00:00+00:00
[2026-01-29T08:49:41.929+0000] {processor.py:183} INFO - Processing /opt/airflow/dags/airflow_dag_api_to_kafka.py took 0.260 seconds
[2026-01-29T08:50:12.072+0000] {processor.py:161} INFO - Started process (PID=1139) to work on /opt/airflow/dags/airflow_dag_api_to_kafka.py
[2026-01-29T08:50:12.075+0000] {processor.py:830} INFO - Processing file /opt/airflow/dags/airflow_dag_api_to_kafka.py for tasks to queue
[2026-01-29T08:50:12.076+0000] {logging_mixin.py:188} INFO - [2026-01-29T08:50:12.076+0000] {dagbag.py:538} INFO - Filling up the DagBag from /opt/airflow/dags/airflow_dag_api_to_kafka.py
[2026-01-29T08:50:12.165+0000] {processor.py:840} INFO - DAG(s) 'tle_api_to_kafka_streaming' retrieved from /opt/airflow/dags/airflow_dag_api_to_kafka.py
[2026-01-29T08:50:12.205+0000] {logging_mixin.py:188} INFO - [2026-01-29T08:50:12.205+0000] {dag.py:3036} INFO - Sync 1 DAGs
[2026-01-29T08:50:12.243+0000] {logging_mixin.py:188} INFO - [2026-01-29T08:50:12.243+0000] {dag.py:3823} INFO - Setting next_dagrun for tle_api_to_kafka_streaming to 2026-01-29 07:00:00+00:00, run_after=2026-01-29 08:00:00+00:00
[2026-01-29T08:50:12.264+0000] {processor.py:183} INFO - Processing /opt/airflow/dags/airflow_dag_api_to_kafka.py took 0.197 seconds
[2026-01-29T08:50:42.403+0000] {processor.py:161} INFO - Started process (PID=1149) to work on /opt/airflow/dags/airflow_dag_api_to_kafka.py
[2026-01-29T08:50:42.405+0000] {processor.py:830} INFO - Processing file /opt/airflow/dags/airflow_dag_api_to_kafka.py for tasks to queue
[2026-01-29T08:50:42.406+0000] {logging_mixin.py:188} INFO - [2026-01-29T08:50:42.406+0000] {dagbag.py:538} INFO - Filling up the DagBag from /opt/airflow/dags/airflow_dag_api_to_kafka.py
[2026-01-29T08:50:42.514+0000] {processor.py:840} INFO - DAG(s) 'tle_api_to_kafka_streaming' retrieved from /opt/airflow/dags/airflow_dag_api_to_kafka.py
[2026-01-29T08:50:42.555+0000] {logging_mixin.py:188} INFO - [2026-01-29T08:50:42.555+0000] {dag.py:3036} INFO - Sync 1 DAGs
[2026-01-29T08:50:42.599+0000] {logging_mixin.py:188} INFO - [2026-01-29T08:50:42.599+0000] {dag.py:3823} INFO - Setting next_dagrun for tle_api_to_kafka_streaming to 2026-01-29 07:00:00+00:00, run_after=2026-01-29 08:00:00+00:00
[2026-01-29T08:50:42.620+0000] {processor.py:183} INFO - Processing /opt/airflow/dags/airflow_dag_api_to_kafka.py took 0.221 seconds
[2026-01-29T08:51:12.752+0000] {processor.py:161} INFO - Started process (PID=1159) to work on /opt/airflow/dags/airflow_dag_api_to_kafka.py
[2026-01-29T08:51:12.755+0000] {processor.py:830} INFO - Processing file /opt/airflow/dags/airflow_dag_api_to_kafka.py for tasks to queue
[2026-01-29T08:51:12.757+0000] {logging_mixin.py:188} INFO - [2026-01-29T08:51:12.756+0000] {dagbag.py:538} INFO - Filling up the DagBag from /opt/airflow/dags/airflow_dag_api_to_kafka.py
[2026-01-29T08:51:12.864+0000] {processor.py:840} INFO - DAG(s) 'tle_api_to_kafka_streaming' retrieved from /opt/airflow/dags/airflow_dag_api_to_kafka.py
[2026-01-29T08:51:12.907+0000] {logging_mixin.py:188} INFO - [2026-01-29T08:51:12.907+0000] {dag.py:3036} INFO - Sync 1 DAGs
[2026-01-29T08:51:12.953+0000] {logging_mixin.py:188} INFO - [2026-01-29T08:51:12.952+0000] {dag.py:3823} INFO - Setting next_dagrun for tle_api_to_kafka_streaming to 2026-01-29 07:00:00+00:00, run_after=2026-01-29 08:00:00+00:00
[2026-01-29T08:51:12.977+0000] {processor.py:183} INFO - Processing /opt/airflow/dags/airflow_dag_api_to_kafka.py took 0.232 seconds
[2026-01-29T08:51:43.101+0000] {processor.py:161} INFO - Started process (PID=1169) to work on /opt/airflow/dags/airflow_dag_api_to_kafka.py
[2026-01-29T08:51:43.103+0000] {processor.py:830} INFO - Processing file /opt/airflow/dags/airflow_dag_api_to_kafka.py for tasks to queue
[2026-01-29T08:51:43.104+0000] {logging_mixin.py:188} INFO - [2026-01-29T08:51:43.104+0000] {dagbag.py:538} INFO - Filling up the DagBag from /opt/airflow/dags/airflow_dag_api_to_kafka.py
[2026-01-29T08:51:43.179+0000] {processor.py:840} INFO - DAG(s) 'tle_api_to_kafka_streaming' retrieved from /opt/airflow/dags/airflow_dag_api_to_kafka.py
[2026-01-29T08:51:43.212+0000] {logging_mixin.py:188} INFO - [2026-01-29T08:51:43.212+0000] {dag.py:3036} INFO - Sync 1 DAGs
[2026-01-29T08:51:43.246+0000] {logging_mixin.py:188} INFO - [2026-01-29T08:51:43.246+0000] {dag.py:3823} INFO - Setting next_dagrun for tle_api_to_kafka_streaming to 2026-01-29 07:00:00+00:00, run_after=2026-01-29 08:00:00+00:00
[2026-01-29T08:51:43.266+0000] {processor.py:183} INFO - Processing /opt/airflow/dags/airflow_dag_api_to_kafka.py took 0.169 seconds
[2026-01-29T08:52:13.425+0000] {processor.py:161} INFO - Started process (PID=1179) to work on /opt/airflow/dags/airflow_dag_api_to_kafka.py
[2026-01-29T08:52:13.426+0000] {processor.py:830} INFO - Processing file /opt/airflow/dags/airflow_dag_api_to_kafka.py for tasks to queue
[2026-01-29T08:52:13.427+0000] {logging_mixin.py:188} INFO - [2026-01-29T08:52:13.427+0000] {dagbag.py:538} INFO - Filling up the DagBag from /opt/airflow/dags/airflow_dag_api_to_kafka.py
[2026-01-29T08:52:13.533+0000] {processor.py:840} INFO - DAG(s) 'tle_api_to_kafka_streaming' retrieved from /opt/airflow/dags/airflow_dag_api_to_kafka.py
[2026-01-29T08:52:13.574+0000] {logging_mixin.py:188} INFO - [2026-01-29T08:52:13.573+0000] {dag.py:3036} INFO - Sync 1 DAGs
[2026-01-29T08:52:13.614+0000] {logging_mixin.py:188} INFO - [2026-01-29T08:52:13.613+0000] {dag.py:3823} INFO - Setting next_dagrun for tle_api_to_kafka_streaming to 2026-01-29 07:00:00+00:00, run_after=2026-01-29 08:00:00+00:00
[2026-01-29T08:52:13.635+0000] {processor.py:183} INFO - Processing /opt/airflow/dags/airflow_dag_api_to_kafka.py took 0.215 seconds
[2026-01-29T08:52:43.775+0000] {processor.py:161} INFO - Started process (PID=1189) to work on /opt/airflow/dags/airflow_dag_api_to_kafka.py
[2026-01-29T08:52:43.777+0000] {processor.py:830} INFO - Processing file /opt/airflow/dags/airflow_dag_api_to_kafka.py for tasks to queue
[2026-01-29T08:52:43.778+0000] {logging_mixin.py:188} INFO - [2026-01-29T08:52:43.778+0000] {dagbag.py:538} INFO - Filling up the DagBag from /opt/airflow/dags/airflow_dag_api_to_kafka.py
[2026-01-29T08:52:43.892+0000] {processor.py:840} INFO - DAG(s) 'tle_api_to_kafka_streaming' retrieved from /opt/airflow/dags/airflow_dag_api_to_kafka.py
[2026-01-29T08:52:43.931+0000] {logging_mixin.py:188} INFO - [2026-01-29T08:52:43.930+0000] {dag.py:3036} INFO - Sync 1 DAGs
[2026-01-29T08:52:43.974+0000] {logging_mixin.py:188} INFO - [2026-01-29T08:52:43.974+0000] {dag.py:3823} INFO - Setting next_dagrun for tle_api_to_kafka_streaming to 2026-01-29 07:00:00+00:00, run_after=2026-01-29 08:00:00+00:00
[2026-01-29T08:52:43.997+0000] {processor.py:183} INFO - Processing /opt/airflow/dags/airflow_dag_api_to_kafka.py took 0.226 seconds
[2026-01-29T08:53:14.151+0000] {processor.py:161} INFO - Started process (PID=1199) to work on /opt/airflow/dags/airflow_dag_api_to_kafka.py
[2026-01-29T08:53:14.152+0000] {processor.py:830} INFO - Processing file /opt/airflow/dags/airflow_dag_api_to_kafka.py for tasks to queue
[2026-01-29T08:53:14.154+0000] {logging_mixin.py:188} INFO - [2026-01-29T08:53:14.153+0000] {dagbag.py:538} INFO - Filling up the DagBag from /opt/airflow/dags/airflow_dag_api_to_kafka.py
[2026-01-29T08:53:14.282+0000] {processor.py:840} INFO - DAG(s) 'tle_api_to_kafka_streaming' retrieved from /opt/airflow/dags/airflow_dag_api_to_kafka.py
[2026-01-29T08:53:14.346+0000] {logging_mixin.py:188} INFO - [2026-01-29T08:53:14.345+0000] {dag.py:3036} INFO - Sync 1 DAGs
[2026-01-29T08:53:14.399+0000] {logging_mixin.py:188} INFO - [2026-01-29T08:53:14.399+0000] {dag.py:3823} INFO - Setting next_dagrun for tle_api_to_kafka_streaming to 2026-01-29 07:00:00+00:00, run_after=2026-01-29 08:00:00+00:00
[2026-01-29T08:53:14.429+0000] {processor.py:183} INFO - Processing /opt/airflow/dags/airflow_dag_api_to_kafka.py took 0.285 seconds
[2026-01-29T08:53:44.570+0000] {processor.py:161} INFO - Started process (PID=1209) to work on /opt/airflow/dags/airflow_dag_api_to_kafka.py
[2026-01-29T08:53:44.573+0000] {processor.py:830} INFO - Processing file /opt/airflow/dags/airflow_dag_api_to_kafka.py for tasks to queue
[2026-01-29T08:53:44.575+0000] {logging_mixin.py:188} INFO - [2026-01-29T08:53:44.574+0000] {dagbag.py:538} INFO - Filling up the DagBag from /opt/airflow/dags/airflow_dag_api_to_kafka.py
[2026-01-29T08:53:44.690+0000] {processor.py:840} INFO - DAG(s) 'tle_api_to_kafka_streaming' retrieved from /opt/airflow/dags/airflow_dag_api_to_kafka.py
[2026-01-29T08:53:44.730+0000] {logging_mixin.py:188} INFO - [2026-01-29T08:53:44.729+0000] {dag.py:3036} INFO - Sync 1 DAGs
[2026-01-29T08:53:44.765+0000] {logging_mixin.py:188} INFO - [2026-01-29T08:53:44.765+0000] {dag.py:3823} INFO - Setting next_dagrun for tle_api_to_kafka_streaming to 2026-01-29 07:00:00+00:00, run_after=2026-01-29 08:00:00+00:00
[2026-01-29T08:53:44.795+0000] {processor.py:183} INFO - Processing /opt/airflow/dags/airflow_dag_api_to_kafka.py took 0.230 seconds
[2026-01-29T08:54:14.940+0000] {processor.py:161} INFO - Started process (PID=1219) to work on /opt/airflow/dags/airflow_dag_api_to_kafka.py
[2026-01-29T08:54:14.943+0000] {processor.py:830} INFO - Processing file /opt/airflow/dags/airflow_dag_api_to_kafka.py for tasks to queue
[2026-01-29T08:54:14.945+0000] {logging_mixin.py:188} INFO - [2026-01-29T08:54:14.944+0000] {dagbag.py:538} INFO - Filling up the DagBag from /opt/airflow/dags/airflow_dag_api_to_kafka.py
[2026-01-29T08:54:15.052+0000] {processor.py:840} INFO - DAG(s) 'tle_api_to_kafka_streaming' retrieved from /opt/airflow/dags/airflow_dag_api_to_kafka.py
[2026-01-29T08:54:15.095+0000] {logging_mixin.py:188} INFO - [2026-01-29T08:54:15.095+0000] {dag.py:3036} INFO - Sync 1 DAGs
[2026-01-29T08:54:15.140+0000] {logging_mixin.py:188} INFO - [2026-01-29T08:54:15.140+0000] {dag.py:3823} INFO - Setting next_dagrun for tle_api_to_kafka_streaming to 2026-01-29 07:00:00+00:00, run_after=2026-01-29 08:00:00+00:00
[2026-01-29T08:54:15.164+0000] {processor.py:183} INFO - Processing /opt/airflow/dags/airflow_dag_api_to_kafka.py took 0.229 seconds
[2026-01-29T08:54:45.301+0000] {processor.py:161} INFO - Started process (PID=1229) to work on /opt/airflow/dags/airflow_dag_api_to_kafka.py
[2026-01-29T08:54:45.303+0000] {processor.py:830} INFO - Processing file /opt/airflow/dags/airflow_dag_api_to_kafka.py for tasks to queue
[2026-01-29T08:54:45.304+0000] {logging_mixin.py:188} INFO - [2026-01-29T08:54:45.303+0000] {dagbag.py:538} INFO - Filling up the DagBag from /opt/airflow/dags/airflow_dag_api_to_kafka.py
[2026-01-29T08:54:45.398+0000] {processor.py:840} INFO - DAG(s) 'tle_api_to_kafka_streaming' retrieved from /opt/airflow/dags/airflow_dag_api_to_kafka.py
[2026-01-29T08:54:45.439+0000] {logging_mixin.py:188} INFO - [2026-01-29T08:54:45.438+0000] {dag.py:3036} INFO - Sync 1 DAGs
[2026-01-29T08:54:45.472+0000] {logging_mixin.py:188} INFO - [2026-01-29T08:54:45.472+0000] {dag.py:3823} INFO - Setting next_dagrun for tle_api_to_kafka_streaming to 2026-01-29 07:00:00+00:00, run_after=2026-01-29 08:00:00+00:00
[2026-01-29T08:54:45.492+0000] {processor.py:183} INFO - Processing /opt/airflow/dags/airflow_dag_api_to_kafka.py took 0.196 seconds
[2026-01-29T08:55:15.624+0000] {processor.py:161} INFO - Started process (PID=1239) to work on /opt/airflow/dags/airflow_dag_api_to_kafka.py
[2026-01-29T08:55:15.625+0000] {processor.py:830} INFO - Processing file /opt/airflow/dags/airflow_dag_api_to_kafka.py for tasks to queue
[2026-01-29T08:55:15.626+0000] {logging_mixin.py:188} INFO - [2026-01-29T08:55:15.625+0000] {dagbag.py:538} INFO - Filling up the DagBag from /opt/airflow/dags/airflow_dag_api_to_kafka.py
[2026-01-29T08:55:15.724+0000] {processor.py:840} INFO - DAG(s) 'tle_api_to_kafka_streaming' retrieved from /opt/airflow/dags/airflow_dag_api_to_kafka.py
[2026-01-29T08:55:15.763+0000] {logging_mixin.py:188} INFO - [2026-01-29T08:55:15.762+0000] {dag.py:3036} INFO - Sync 1 DAGs
[2026-01-29T08:55:15.804+0000] {logging_mixin.py:188} INFO - [2026-01-29T08:55:15.804+0000] {dag.py:3823} INFO - Setting next_dagrun for tle_api_to_kafka_streaming to 2026-01-29 07:00:00+00:00, run_after=2026-01-29 08:00:00+00:00
[2026-01-29T08:55:15.823+0000] {processor.py:183} INFO - Processing /opt/airflow/dags/airflow_dag_api_to_kafka.py took 0.203 seconds
[2026-01-29T08:55:45.964+0000] {processor.py:161} INFO - Started process (PID=1249) to work on /opt/airflow/dags/airflow_dag_api_to_kafka.py
[2026-01-29T08:55:45.964+0000] {processor.py:830} INFO - Processing file /opt/airflow/dags/airflow_dag_api_to_kafka.py for tasks to queue
[2026-01-29T08:55:45.965+0000] {logging_mixin.py:188} INFO - [2026-01-29T08:55:45.965+0000] {dagbag.py:538} INFO - Filling up the DagBag from /opt/airflow/dags/airflow_dag_api_to_kafka.py
[2026-01-29T08:55:46.069+0000] {processor.py:840} INFO - DAG(s) 'tle_api_to_kafka_streaming' retrieved from /opt/airflow/dags/airflow_dag_api_to_kafka.py
[2026-01-29T08:55:46.104+0000] {logging_mixin.py:188} INFO - [2026-01-29T08:55:46.103+0000] {dag.py:3036} INFO - Sync 1 DAGs
[2026-01-29T08:55:46.147+0000] {logging_mixin.py:188} INFO - [2026-01-29T08:55:46.147+0000] {dag.py:3823} INFO - Setting next_dagrun for tle_api_to_kafka_streaming to 2026-01-29 07:00:00+00:00, run_after=2026-01-29 08:00:00+00:00
[2026-01-29T08:55:46.164+0000] {processor.py:183} INFO - Processing /opt/airflow/dags/airflow_dag_api_to_kafka.py took 0.204 seconds
[2026-01-29T08:56:16.320+0000] {processor.py:161} INFO - Started process (PID=1259) to work on /opt/airflow/dags/airflow_dag_api_to_kafka.py
[2026-01-29T08:56:16.323+0000] {processor.py:830} INFO - Processing file /opt/airflow/dags/airflow_dag_api_to_kafka.py for tasks to queue
[2026-01-29T08:56:16.324+0000] {logging_mixin.py:188} INFO - [2026-01-29T08:56:16.324+0000] {dagbag.py:538} INFO - Filling up the DagBag from /opt/airflow/dags/airflow_dag_api_to_kafka.py
[2026-01-29T08:56:16.411+0000] {processor.py:840} INFO - DAG(s) 'tle_api_to_kafka_streaming' retrieved from /opt/airflow/dags/airflow_dag_api_to_kafka.py
[2026-01-29T08:56:16.455+0000] {logging_mixin.py:188} INFO - [2026-01-29T08:56:16.455+0000] {dag.py:3036} INFO - Sync 1 DAGs
[2026-01-29T08:56:16.499+0000] {logging_mixin.py:188} INFO - [2026-01-29T08:56:16.499+0000] {dag.py:3823} INFO - Setting next_dagrun for tle_api_to_kafka_streaming to 2026-01-29 07:00:00+00:00, run_after=2026-01-29 08:00:00+00:00
[2026-01-29T08:56:16.528+0000] {processor.py:183} INFO - Processing /opt/airflow/dags/airflow_dag_api_to_kafka.py took 0.213 seconds
[2026-01-29T08:56:46.667+0000] {processor.py:161} INFO - Started process (PID=1269) to work on /opt/airflow/dags/airflow_dag_api_to_kafka.py
[2026-01-29T08:56:46.668+0000] {processor.py:830} INFO - Processing file /opt/airflow/dags/airflow_dag_api_to_kafka.py for tasks to queue
[2026-01-29T08:56:46.669+0000] {logging_mixin.py:188} INFO - [2026-01-29T08:56:46.669+0000] {dagbag.py:538} INFO - Filling up the DagBag from /opt/airflow/dags/airflow_dag_api_to_kafka.py
[2026-01-29T08:56:46.778+0000] {processor.py:840} INFO - DAG(s) 'tle_api_to_kafka_streaming' retrieved from /opt/airflow/dags/airflow_dag_api_to_kafka.py
[2026-01-29T08:56:46.818+0000] {logging_mixin.py:188} INFO - [2026-01-29T08:56:46.818+0000] {dag.py:3036} INFO - Sync 1 DAGs
[2026-01-29T08:56:46.857+0000] {logging_mixin.py:188} INFO - [2026-01-29T08:56:46.857+0000] {dag.py:3823} INFO - Setting next_dagrun for tle_api_to_kafka_streaming to 2026-01-29 07:00:00+00:00, run_after=2026-01-29 08:00:00+00:00
[2026-01-29T08:56:46.877+0000] {processor.py:183} INFO - Processing /opt/airflow/dags/airflow_dag_api_to_kafka.py took 0.214 seconds
[2026-01-29T08:57:17.075+0000] {processor.py:161} INFO - Started process (PID=1279) to work on /opt/airflow/dags/airflow_dag_api_to_kafka.py
[2026-01-29T08:57:17.076+0000] {processor.py:830} INFO - Processing file /opt/airflow/dags/airflow_dag_api_to_kafka.py for tasks to queue
[2026-01-29T08:57:17.077+0000] {logging_mixin.py:188} INFO - [2026-01-29T08:57:17.077+0000] {dagbag.py:538} INFO - Filling up the DagBag from /opt/airflow/dags/airflow_dag_api_to_kafka.py
[2026-01-29T08:57:17.209+0000] {processor.py:840} INFO - DAG(s) 'tle_api_to_kafka_streaming' retrieved from /opt/airflow/dags/airflow_dag_api_to_kafka.py
[2026-01-29T08:57:17.261+0000] {logging_mixin.py:188} INFO - [2026-01-29T08:57:17.260+0000] {dag.py:3036} INFO - Sync 1 DAGs
[2026-01-29T08:57:17.314+0000] {logging_mixin.py:188} INFO - [2026-01-29T08:57:17.313+0000] {dag.py:3823} INFO - Setting next_dagrun for tle_api_to_kafka_streaming to 2026-01-29 07:00:00+00:00, run_after=2026-01-29 08:00:00+00:00
[2026-01-29T08:57:17.342+0000] {processor.py:183} INFO - Processing /opt/airflow/dags/airflow_dag_api_to_kafka.py took 0.272 seconds
[2026-01-29T08:57:47.516+0000] {processor.py:161} INFO - Started process (PID=1289) to work on /opt/airflow/dags/airflow_dag_api_to_kafka.py
[2026-01-29T08:57:47.517+0000] {processor.py:830} INFO - Processing file /opt/airflow/dags/airflow_dag_api_to_kafka.py for tasks to queue
[2026-01-29T08:57:47.518+0000] {logging_mixin.py:188} INFO - [2026-01-29T08:57:47.517+0000] {dagbag.py:538} INFO - Filling up the DagBag from /opt/airflow/dags/airflow_dag_api_to_kafka.py
[2026-01-29T08:57:47.621+0000] {processor.py:840} INFO - DAG(s) 'tle_api_to_kafka_streaming' retrieved from /opt/airflow/dags/airflow_dag_api_to_kafka.py
[2026-01-29T08:57:47.661+0000] {logging_mixin.py:188} INFO - [2026-01-29T08:57:47.660+0000] {dag.py:3036} INFO - Sync 1 DAGs
[2026-01-29T08:57:47.702+0000] {logging_mixin.py:188} INFO - [2026-01-29T08:57:47.702+0000] {dag.py:3823} INFO - Setting next_dagrun for tle_api_to_kafka_streaming to 2026-01-29 07:00:00+00:00, run_after=2026-01-29 08:00:00+00:00
[2026-01-29T08:57:47.727+0000] {processor.py:183} INFO - Processing /opt/airflow/dags/airflow_dag_api_to_kafka.py took 0.216 seconds
[2026-01-29T08:58:17.895+0000] {processor.py:161} INFO - Started process (PID=1299) to work on /opt/airflow/dags/airflow_dag_api_to_kafka.py
[2026-01-29T08:58:17.899+0000] {processor.py:830} INFO - Processing file /opt/airflow/dags/airflow_dag_api_to_kafka.py for tasks to queue
[2026-01-29T08:58:17.900+0000] {logging_mixin.py:188} INFO - [2026-01-29T08:58:17.900+0000] {dagbag.py:538} INFO - Filling up the DagBag from /opt/airflow/dags/airflow_dag_api_to_kafka.py
[2026-01-29T08:58:18.028+0000] {processor.py:840} INFO - DAG(s) 'tle_api_to_kafka_streaming' retrieved from /opt/airflow/dags/airflow_dag_api_to_kafka.py
[2026-01-29T08:58:18.072+0000] {logging_mixin.py:188} INFO - [2026-01-29T08:58:18.071+0000] {dag.py:3036} INFO - Sync 1 DAGs
[2026-01-29T08:58:18.119+0000] {logging_mixin.py:188} INFO - [2026-01-29T08:58:18.119+0000] {dag.py:3823} INFO - Setting next_dagrun for tle_api_to_kafka_streaming to 2026-01-29 07:00:00+00:00, run_after=2026-01-29 08:00:00+00:00
[2026-01-29T08:58:18.148+0000] {processor.py:183} INFO - Processing /opt/airflow/dags/airflow_dag_api_to_kafka.py took 0.259 seconds
[2026-01-29T08:58:48.306+0000] {processor.py:161} INFO - Started process (PID=1309) to work on /opt/airflow/dags/airflow_dag_api_to_kafka.py
[2026-01-29T08:58:48.307+0000] {processor.py:830} INFO - Processing file /opt/airflow/dags/airflow_dag_api_to_kafka.py for tasks to queue
[2026-01-29T08:58:48.308+0000] {logging_mixin.py:188} INFO - [2026-01-29T08:58:48.307+0000] {dagbag.py:538} INFO - Filling up the DagBag from /opt/airflow/dags/airflow_dag_api_to_kafka.py
[2026-01-29T08:58:48.416+0000] {processor.py:840} INFO - DAG(s) 'tle_api_to_kafka_streaming' retrieved from /opt/airflow/dags/airflow_dag_api_to_kafka.py
[2026-01-29T08:58:48.463+0000] {logging_mixin.py:188} INFO - [2026-01-29T08:58:48.463+0000] {dag.py:3036} INFO - Sync 1 DAGs
[2026-01-29T08:58:48.507+0000] {logging_mixin.py:188} INFO - [2026-01-29T08:58:48.507+0000] {dag.py:3823} INFO - Setting next_dagrun for tle_api_to_kafka_streaming to 2026-01-29 07:00:00+00:00, run_after=2026-01-29 08:00:00+00:00
[2026-01-29T08:58:48.532+0000] {processor.py:183} INFO - Processing /opt/airflow/dags/airflow_dag_api_to_kafka.py took 0.232 seconds
[2026-01-29T08:59:18.672+0000] {processor.py:161} INFO - Started process (PID=1319) to work on /opt/airflow/dags/airflow_dag_api_to_kafka.py
[2026-01-29T08:59:18.674+0000] {processor.py:830} INFO - Processing file /opt/airflow/dags/airflow_dag_api_to_kafka.py for tasks to queue
[2026-01-29T08:59:18.674+0000] {logging_mixin.py:188} INFO - [2026-01-29T08:59:18.674+0000] {dagbag.py:538} INFO - Filling up the DagBag from /opt/airflow/dags/airflow_dag_api_to_kafka.py
[2026-01-29T08:59:18.775+0000] {processor.py:840} INFO - DAG(s) 'tle_api_to_kafka_streaming' retrieved from /opt/airflow/dags/airflow_dag_api_to_kafka.py
[2026-01-29T08:59:18.814+0000] {logging_mixin.py:188} INFO - [2026-01-29T08:59:18.814+0000] {dag.py:3036} INFO - Sync 1 DAGs
[2026-01-29T08:59:18.846+0000] {logging_mixin.py:188} INFO - [2026-01-29T08:59:18.846+0000] {dag.py:3823} INFO - Setting next_dagrun for tle_api_to_kafka_streaming to 2026-01-29 07:00:00+00:00, run_after=2026-01-29 08:00:00+00:00
[2026-01-29T08:59:18.876+0000] {processor.py:183} INFO - Processing /opt/airflow/dags/airflow_dag_api_to_kafka.py took 0.207 seconds
[2026-01-29T08:59:49.009+0000] {processor.py:161} INFO - Started process (PID=1329) to work on /opt/airflow/dags/airflow_dag_api_to_kafka.py
[2026-01-29T08:59:49.010+0000] {processor.py:830} INFO - Processing file /opt/airflow/dags/airflow_dag_api_to_kafka.py for tasks to queue
[2026-01-29T08:59:49.011+0000] {logging_mixin.py:188} INFO - [2026-01-29T08:59:49.010+0000] {dagbag.py:538} INFO - Filling up the DagBag from /opt/airflow/dags/airflow_dag_api_to_kafka.py
[2026-01-29T08:59:49.114+0000] {processor.py:840} INFO - DAG(s) 'tle_api_to_kafka_streaming' retrieved from /opt/airflow/dags/airflow_dag_api_to_kafka.py
[2026-01-29T08:59:49.154+0000] {logging_mixin.py:188} INFO - [2026-01-29T08:59:49.153+0000] {dag.py:3036} INFO - Sync 1 DAGs
[2026-01-29T08:59:49.196+0000] {logging_mixin.py:188} INFO - [2026-01-29T08:59:49.196+0000] {dag.py:3823} INFO - Setting next_dagrun for tle_api_to_kafka_streaming to 2026-01-29 07:00:00+00:00, run_after=2026-01-29 08:00:00+00:00
[2026-01-29T08:59:49.220+0000] {processor.py:183} INFO - Processing /opt/airflow/dags/airflow_dag_api_to_kafka.py took 0.215 seconds
[2026-01-29T09:00:19.363+0000] {processor.py:161} INFO - Started process (PID=1339) to work on /opt/airflow/dags/airflow_dag_api_to_kafka.py
[2026-01-29T09:00:19.364+0000] {processor.py:830} INFO - Processing file /opt/airflow/dags/airflow_dag_api_to_kafka.py for tasks to queue
[2026-01-29T09:00:19.365+0000] {logging_mixin.py:188} INFO - [2026-01-29T09:00:19.365+0000] {dagbag.py:538} INFO - Filling up the DagBag from /opt/airflow/dags/airflow_dag_api_to_kafka.py
[2026-01-29T09:00:19.468+0000] {processor.py:840} INFO - DAG(s) 'tle_api_to_kafka_streaming' retrieved from /opt/airflow/dags/airflow_dag_api_to_kafka.py
[2026-01-29T09:00:19.504+0000] {logging_mixin.py:188} INFO - [2026-01-29T09:00:19.504+0000] {dag.py:3036} INFO - Sync 1 DAGs
[2026-01-29T09:00:19.544+0000] {logging_mixin.py:188} INFO - [2026-01-29T09:00:19.543+0000] {dag.py:3823} INFO - Setting next_dagrun for tle_api_to_kafka_streaming to 2026-01-29 08:00:00+00:00, run_after=2026-01-29 09:00:00+00:00
[2026-01-29T09:00:19.564+0000] {processor.py:183} INFO - Processing /opt/airflow/dags/airflow_dag_api_to_kafka.py took 0.206 seconds
[2026-01-29T09:00:49.709+0000] {processor.py:161} INFO - Started process (PID=1349) to work on /opt/airflow/dags/airflow_dag_api_to_kafka.py
[2026-01-29T09:00:49.711+0000] {processor.py:830} INFO - Processing file /opt/airflow/dags/airflow_dag_api_to_kafka.py for tasks to queue
[2026-01-29T09:00:49.712+0000] {logging_mixin.py:188} INFO - [2026-01-29T09:00:49.712+0000] {dagbag.py:538} INFO - Filling up the DagBag from /opt/airflow/dags/airflow_dag_api_to_kafka.py
[2026-01-29T09:00:49.809+0000] {processor.py:840} INFO - DAG(s) 'tle_api_to_kafka_streaming' retrieved from /opt/airflow/dags/airflow_dag_api_to_kafka.py
[2026-01-29T09:00:49.849+0000] {logging_mixin.py:188} INFO - [2026-01-29T09:00:49.848+0000] {dag.py:3036} INFO - Sync 1 DAGs
[2026-01-29T09:00:49.890+0000] {logging_mixin.py:188} INFO - [2026-01-29T09:00:49.889+0000] {dag.py:3823} INFO - Setting next_dagrun for tle_api_to_kafka_streaming to 2026-01-29 08:00:00+00:00, run_after=2026-01-29 09:00:00+00:00
[2026-01-29T09:00:49.910+0000] {processor.py:183} INFO - Processing /opt/airflow/dags/airflow_dag_api_to_kafka.py took 0.207 seconds
[2026-01-29T09:01:20.079+0000] {processor.py:161} INFO - Started process (PID=1359) to work on /opt/airflow/dags/airflow_dag_api_to_kafka.py
[2026-01-29T09:01:20.081+0000] {processor.py:830} INFO - Processing file /opt/airflow/dags/airflow_dag_api_to_kafka.py for tasks to queue
[2026-01-29T09:01:20.083+0000] {logging_mixin.py:188} INFO - [2026-01-29T09:01:20.082+0000] {dagbag.py:538} INFO - Filling up the DagBag from /opt/airflow/dags/airflow_dag_api_to_kafka.py
[2026-01-29T09:01:20.185+0000] {processor.py:840} INFO - DAG(s) 'tle_api_to_kafka_streaming' retrieved from /opt/airflow/dags/airflow_dag_api_to_kafka.py
[2026-01-29T09:01:20.222+0000] {logging_mixin.py:188} INFO - [2026-01-29T09:01:20.221+0000] {dag.py:3036} INFO - Sync 1 DAGs
[2026-01-29T09:01:20.258+0000] {logging_mixin.py:188} INFO - [2026-01-29T09:01:20.258+0000] {dag.py:3823} INFO - Setting next_dagrun for tle_api_to_kafka_streaming to 2026-01-29 08:00:00+00:00, run_after=2026-01-29 09:00:00+00:00
[2026-01-29T09:01:20.279+0000] {processor.py:183} INFO - Processing /opt/airflow/dags/airflow_dag_api_to_kafka.py took 0.205 seconds
[2026-01-29T09:01:50.426+0000] {processor.py:161} INFO - Started process (PID=1369) to work on /opt/airflow/dags/airflow_dag_api_to_kafka.py
[2026-01-29T09:01:50.427+0000] {processor.py:830} INFO - Processing file /opt/airflow/dags/airflow_dag_api_to_kafka.py for tasks to queue
[2026-01-29T09:01:50.427+0000] {logging_mixin.py:188} INFO - [2026-01-29T09:01:50.427+0000] {dagbag.py:538} INFO - Filling up the DagBag from /opt/airflow/dags/airflow_dag_api_to_kafka.py
[2026-01-29T09:01:50.527+0000] {processor.py:840} INFO - DAG(s) 'tle_api_to_kafka_streaming' retrieved from /opt/airflow/dags/airflow_dag_api_to_kafka.py
[2026-01-29T09:01:50.565+0000] {logging_mixin.py:188} INFO - [2026-01-29T09:01:50.565+0000] {dag.py:3036} INFO - Sync 1 DAGs
[2026-01-29T09:01:50.609+0000] {logging_mixin.py:188} INFO - [2026-01-29T09:01:50.609+0000] {dag.py:3823} INFO - Setting next_dagrun for tle_api_to_kafka_streaming to 2026-01-29 08:00:00+00:00, run_after=2026-01-29 09:00:00+00:00
[2026-01-29T09:01:50.628+0000] {processor.py:183} INFO - Processing /opt/airflow/dags/airflow_dag_api_to_kafka.py took 0.206 seconds
[2026-01-29T09:02:20.792+0000] {processor.py:161} INFO - Started process (PID=1379) to work on /opt/airflow/dags/airflow_dag_api_to_kafka.py
[2026-01-29T09:02:20.793+0000] {processor.py:830} INFO - Processing file /opt/airflow/dags/airflow_dag_api_to_kafka.py for tasks to queue
[2026-01-29T09:02:20.794+0000] {logging_mixin.py:188} INFO - [2026-01-29T09:02:20.794+0000] {dagbag.py:538} INFO - Filling up the DagBag from /opt/airflow/dags/airflow_dag_api_to_kafka.py
[2026-01-29T09:02:20.892+0000] {processor.py:840} INFO - DAG(s) 'tle_api_to_kafka_streaming' retrieved from /opt/airflow/dags/airflow_dag_api_to_kafka.py
[2026-01-29T09:02:20.929+0000] {logging_mixin.py:188} INFO - [2026-01-29T09:02:20.929+0000] {dag.py:3036} INFO - Sync 1 DAGs
[2026-01-29T09:02:20.968+0000] {logging_mixin.py:188} INFO - [2026-01-29T09:02:20.968+0000] {dag.py:3823} INFO - Setting next_dagrun for tle_api_to_kafka_streaming to 2026-01-29 08:00:00+00:00, run_after=2026-01-29 09:00:00+00:00
[2026-01-29T09:02:20.986+0000] {processor.py:183} INFO - Processing /opt/airflow/dags/airflow_dag_api_to_kafka.py took 0.197 seconds
[2026-01-29T09:02:51.143+0000] {processor.py:161} INFO - Started process (PID=1389) to work on /opt/airflow/dags/airflow_dag_api_to_kafka.py
[2026-01-29T09:02:51.144+0000] {processor.py:830} INFO - Processing file /opt/airflow/dags/airflow_dag_api_to_kafka.py for tasks to queue
[2026-01-29T09:02:51.145+0000] {logging_mixin.py:188} INFO - [2026-01-29T09:02:51.144+0000] {dagbag.py:538} INFO - Filling up the DagBag from /opt/airflow/dags/airflow_dag_api_to_kafka.py
[2026-01-29T09:02:51.250+0000] {processor.py:840} INFO - DAG(s) 'tle_api_to_kafka_streaming' retrieved from /opt/airflow/dags/airflow_dag_api_to_kafka.py
[2026-01-29T09:02:51.286+0000] {logging_mixin.py:188} INFO - [2026-01-29T09:02:51.286+0000] {dag.py:3036} INFO - Sync 1 DAGs
[2026-01-29T09:02:51.330+0000] {logging_mixin.py:188} INFO - [2026-01-29T09:02:51.330+0000] {dag.py:3823} INFO - Setting next_dagrun for tle_api_to_kafka_streaming to 2026-01-29 08:00:00+00:00, run_after=2026-01-29 09:00:00+00:00
[2026-01-29T09:02:51.355+0000] {processor.py:183} INFO - Processing /opt/airflow/dags/airflow_dag_api_to_kafka.py took 0.217 seconds
[2026-01-29T09:03:21.503+0000] {processor.py:161} INFO - Started process (PID=1399) to work on /opt/airflow/dags/airflow_dag_api_to_kafka.py
[2026-01-29T09:03:21.504+0000] {processor.py:830} INFO - Processing file /opt/airflow/dags/airflow_dag_api_to_kafka.py for tasks to queue
[2026-01-29T09:03:21.505+0000] {logging_mixin.py:188} INFO - [2026-01-29T09:03:21.504+0000] {dagbag.py:538} INFO - Filling up the DagBag from /opt/airflow/dags/airflow_dag_api_to_kafka.py
[2026-01-29T09:03:21.603+0000] {processor.py:840} INFO - DAG(s) 'tle_api_to_kafka_streaming' retrieved from /opt/airflow/dags/airflow_dag_api_to_kafka.py
[2026-01-29T09:03:21.638+0000] {logging_mixin.py:188} INFO - [2026-01-29T09:03:21.638+0000] {dag.py:3036} INFO - Sync 1 DAGs
[2026-01-29T09:03:21.674+0000] {logging_mixin.py:188} INFO - [2026-01-29T09:03:21.673+0000] {dag.py:3823} INFO - Setting next_dagrun for tle_api_to_kafka_streaming to 2026-01-29 08:00:00+00:00, run_after=2026-01-29 09:00:00+00:00
[2026-01-29T09:03:21.695+0000] {processor.py:183} INFO - Processing /opt/airflow/dags/airflow_dag_api_to_kafka.py took 0.197 seconds
[2026-01-29T09:03:51.844+0000] {processor.py:161} INFO - Started process (PID=1409) to work on /opt/airflow/dags/airflow_dag_api_to_kafka.py
[2026-01-29T09:03:51.846+0000] {processor.py:830} INFO - Processing file /opt/airflow/dags/airflow_dag_api_to_kafka.py for tasks to queue
[2026-01-29T09:03:51.847+0000] {logging_mixin.py:188} INFO - [2026-01-29T09:03:51.847+0000] {dagbag.py:538} INFO - Filling up the DagBag from /opt/airflow/dags/airflow_dag_api_to_kafka.py
[2026-01-29T09:03:51.944+0000] {processor.py:840} INFO - DAG(s) 'tle_api_to_kafka_streaming' retrieved from /opt/airflow/dags/airflow_dag_api_to_kafka.py
[2026-01-29T09:03:51.985+0000] {logging_mixin.py:188} INFO - [2026-01-29T09:03:51.984+0000] {dag.py:3036} INFO - Sync 1 DAGs
[2026-01-29T09:03:52.024+0000] {logging_mixin.py:188} INFO - [2026-01-29T09:03:52.024+0000] {dag.py:3823} INFO - Setting next_dagrun for tle_api_to_kafka_streaming to 2026-01-29 08:00:00+00:00, run_after=2026-01-29 09:00:00+00:00
[2026-01-29T09:03:52.046+0000] {processor.py:183} INFO - Processing /opt/airflow/dags/airflow_dag_api_to_kafka.py took 0.207 seconds
[2026-01-29T09:04:22.243+0000] {processor.py:161} INFO - Started process (PID=1419) to work on /opt/airflow/dags/airflow_dag_api_to_kafka.py
[2026-01-29T09:04:22.244+0000] {processor.py:830} INFO - Processing file /opt/airflow/dags/airflow_dag_api_to_kafka.py for tasks to queue
[2026-01-29T09:04:22.246+0000] {logging_mixin.py:188} INFO - [2026-01-29T09:04:22.245+0000] {dagbag.py:538} INFO - Filling up the DagBag from /opt/airflow/dags/airflow_dag_api_to_kafka.py
[2026-01-29T09:04:22.341+0000] {processor.py:840} INFO - DAG(s) 'tle_api_to_kafka_streaming' retrieved from /opt/airflow/dags/airflow_dag_api_to_kafka.py
[2026-01-29T09:04:22.391+0000] {logging_mixin.py:188} INFO - [2026-01-29T09:04:22.391+0000] {dag.py:3036} INFO - Sync 1 DAGs
[2026-01-29T09:04:22.422+0000] {logging_mixin.py:188} INFO - [2026-01-29T09:04:22.422+0000] {dag.py:3823} INFO - Setting next_dagrun for tle_api_to_kafka_streaming to 2026-01-29 08:00:00+00:00, run_after=2026-01-29 09:00:00+00:00
[2026-01-29T09:04:22.445+0000] {processor.py:183} INFO - Processing /opt/airflow/dags/airflow_dag_api_to_kafka.py took 0.208 seconds
[2026-01-29T09:04:52.576+0000] {processor.py:161} INFO - Started process (PID=1429) to work on /opt/airflow/dags/airflow_dag_api_to_kafka.py
[2026-01-29T09:04:52.577+0000] {processor.py:830} INFO - Processing file /opt/airflow/dags/airflow_dag_api_to_kafka.py for tasks to queue
[2026-01-29T09:04:52.578+0000] {logging_mixin.py:188} INFO - [2026-01-29T09:04:52.577+0000] {dagbag.py:538} INFO - Filling up the DagBag from /opt/airflow/dags/airflow_dag_api_to_kafka.py
[2026-01-29T09:04:52.677+0000] {processor.py:840} INFO - DAG(s) 'tle_api_to_kafka_streaming' retrieved from /opt/airflow/dags/airflow_dag_api_to_kafka.py
[2026-01-29T09:04:52.715+0000] {logging_mixin.py:188} INFO - [2026-01-29T09:04:52.714+0000] {dag.py:3036} INFO - Sync 1 DAGs
[2026-01-29T09:04:52.756+0000] {logging_mixin.py:188} INFO - [2026-01-29T09:04:52.755+0000] {dag.py:3823} INFO - Setting next_dagrun for tle_api_to_kafka_streaming to 2026-01-29 08:00:00+00:00, run_after=2026-01-29 09:00:00+00:00
[2026-01-29T09:04:52.778+0000] {processor.py:183} INFO - Processing /opt/airflow/dags/airflow_dag_api_to_kafka.py took 0.207 seconds
[2026-01-29T09:05:22.905+0000] {processor.py:161} INFO - Started process (PID=1439) to work on /opt/airflow/dags/airflow_dag_api_to_kafka.py
[2026-01-29T09:05:22.907+0000] {processor.py:830} INFO - Processing file /opt/airflow/dags/airflow_dag_api_to_kafka.py for tasks to queue
[2026-01-29T09:05:22.908+0000] {logging_mixin.py:188} INFO - [2026-01-29T09:05:22.907+0000] {dagbag.py:538} INFO - Filling up the DagBag from /opt/airflow/dags/airflow_dag_api_to_kafka.py
[2026-01-29T09:05:23.022+0000] {processor.py:840} INFO - DAG(s) 'tle_api_to_kafka_streaming' retrieved from /opt/airflow/dags/airflow_dag_api_to_kafka.py
[2026-01-29T09:05:23.070+0000] {logging_mixin.py:188} INFO - [2026-01-29T09:05:23.070+0000] {dag.py:3036} INFO - Sync 1 DAGs
[2026-01-29T09:05:23.109+0000] {logging_mixin.py:188} INFO - [2026-01-29T09:05:23.108+0000] {dag.py:3823} INFO - Setting next_dagrun for tle_api_to_kafka_streaming to 2026-01-29 08:00:00+00:00, run_after=2026-01-29 09:00:00+00:00
[2026-01-29T09:05:23.135+0000] {processor.py:183} INFO - Processing /opt/airflow/dags/airflow_dag_api_to_kafka.py took 0.233 seconds
[2026-01-29T09:05:53.265+0000] {processor.py:161} INFO - Started process (PID=1449) to work on /opt/airflow/dags/airflow_dag_api_to_kafka.py
[2026-01-29T09:05:53.267+0000] {processor.py:830} INFO - Processing file /opt/airflow/dags/airflow_dag_api_to_kafka.py for tasks to queue
[2026-01-29T09:05:53.268+0000] {logging_mixin.py:188} INFO - [2026-01-29T09:05:53.267+0000] {dagbag.py:538} INFO - Filling up the DagBag from /opt/airflow/dags/airflow_dag_api_to_kafka.py
[2026-01-29T09:05:53.387+0000] {processor.py:840} INFO - DAG(s) 'tle_api_to_kafka_streaming' retrieved from /opt/airflow/dags/airflow_dag_api_to_kafka.py
[2026-01-29T09:05:53.425+0000] {logging_mixin.py:188} INFO - [2026-01-29T09:05:53.425+0000] {dag.py:3036} INFO - Sync 1 DAGs
[2026-01-29T09:05:53.463+0000] {logging_mixin.py:188} INFO - [2026-01-29T09:05:53.463+0000] {dag.py:3823} INFO - Setting next_dagrun for tle_api_to_kafka_streaming to 2026-01-29 08:00:00+00:00, run_after=2026-01-29 09:00:00+00:00
[2026-01-29T09:05:53.487+0000] {processor.py:183} INFO - Processing /opt/airflow/dags/airflow_dag_api_to_kafka.py took 0.226 seconds
[2026-01-29T09:06:23.617+0000] {processor.py:161} INFO - Started process (PID=1459) to work on /opt/airflow/dags/airflow_dag_api_to_kafka.py
[2026-01-29T09:06:23.620+0000] {processor.py:830} INFO - Processing file /opt/airflow/dags/airflow_dag_api_to_kafka.py for tasks to queue
[2026-01-29T09:06:23.621+0000] {logging_mixin.py:188} INFO - [2026-01-29T09:06:23.621+0000] {dagbag.py:538} INFO - Filling up the DagBag from /opt/airflow/dags/airflow_dag_api_to_kafka.py
[2026-01-29T09:06:23.719+0000] {processor.py:840} INFO - DAG(s) 'tle_api_to_kafka_streaming' retrieved from /opt/airflow/dags/airflow_dag_api_to_kafka.py
[2026-01-29T09:06:23.757+0000] {logging_mixin.py:188} INFO - [2026-01-29T09:06:23.756+0000] {dag.py:3036} INFO - Sync 1 DAGs
[2026-01-29T09:06:23.792+0000] {logging_mixin.py:188} INFO - [2026-01-29T09:06:23.791+0000] {dag.py:3823} INFO - Setting next_dagrun for tle_api_to_kafka_streaming to 2026-01-29 08:00:00+00:00, run_after=2026-01-29 09:00:00+00:00
[2026-01-29T09:06:23.814+0000] {processor.py:183} INFO - Processing /opt/airflow/dags/airflow_dag_api_to_kafka.py took 0.201 seconds
[2026-01-29T09:06:53.948+0000] {processor.py:161} INFO - Started process (PID=1469) to work on /opt/airflow/dags/airflow_dag_api_to_kafka.py
[2026-01-29T09:06:53.949+0000] {processor.py:830} INFO - Processing file /opt/airflow/dags/airflow_dag_api_to_kafka.py for tasks to queue
[2026-01-29T09:06:53.951+0000] {logging_mixin.py:188} INFO - [2026-01-29T09:06:53.950+0000] {dagbag.py:538} INFO - Filling up the DagBag from /opt/airflow/dags/airflow_dag_api_to_kafka.py
[2026-01-29T09:06:54.051+0000] {processor.py:840} INFO - DAG(s) 'tle_api_to_kafka_streaming' retrieved from /opt/airflow/dags/airflow_dag_api_to_kafka.py
[2026-01-29T09:06:54.094+0000] {logging_mixin.py:188} INFO - [2026-01-29T09:06:54.094+0000] {dag.py:3036} INFO - Sync 1 DAGs
[2026-01-29T09:06:54.138+0000] {logging_mixin.py:188} INFO - [2026-01-29T09:06:54.138+0000] {dag.py:3823} INFO - Setting next_dagrun for tle_api_to_kafka_streaming to 2026-01-29 08:00:00+00:00, run_after=2026-01-29 09:00:00+00:00
[2026-01-29T09:06:54.165+0000] {processor.py:183} INFO - Processing /opt/airflow/dags/airflow_dag_api_to_kafka.py took 0.223 seconds
[2026-01-29T09:07:24.321+0000] {processor.py:161} INFO - Started process (PID=1479) to work on /opt/airflow/dags/airflow_dag_api_to_kafka.py
[2026-01-29T09:07:24.321+0000] {processor.py:830} INFO - Processing file /opt/airflow/dags/airflow_dag_api_to_kafka.py for tasks to queue
[2026-01-29T09:07:24.322+0000] {logging_mixin.py:188} INFO - [2026-01-29T09:07:24.322+0000] {dagbag.py:538} INFO - Filling up the DagBag from /opt/airflow/dags/airflow_dag_api_to_kafka.py
[2026-01-29T09:07:24.425+0000] {processor.py:840} INFO - DAG(s) 'tle_api_to_kafka_streaming' retrieved from /opt/airflow/dags/airflow_dag_api_to_kafka.py
[2026-01-29T09:07:24.462+0000] {logging_mixin.py:188} INFO - [2026-01-29T09:07:24.462+0000] {dag.py:3036} INFO - Sync 1 DAGs
[2026-01-29T09:07:24.501+0000] {logging_mixin.py:188} INFO - [2026-01-29T09:07:24.500+0000] {dag.py:3823} INFO - Setting next_dagrun for tle_api_to_kafka_streaming to 2026-01-29 08:00:00+00:00, run_after=2026-01-29 09:00:00+00:00
[2026-01-29T09:07:24.520+0000] {processor.py:183} INFO - Processing /opt/airflow/dags/airflow_dag_api_to_kafka.py took 0.203 seconds
[2026-01-29T09:07:54.653+0000] {processor.py:161} INFO - Started process (PID=1489) to work on /opt/airflow/dags/airflow_dag_api_to_kafka.py
[2026-01-29T09:07:54.655+0000] {processor.py:830} INFO - Processing file /opt/airflow/dags/airflow_dag_api_to_kafka.py for tasks to queue
[2026-01-29T09:07:54.657+0000] {logging_mixin.py:188} INFO - [2026-01-29T09:07:54.656+0000] {dagbag.py:538} INFO - Filling up the DagBag from /opt/airflow/dags/airflow_dag_api_to_kafka.py
[2026-01-29T09:07:54.743+0000] {processor.py:840} INFO - DAG(s) 'tle_api_to_kafka_streaming' retrieved from /opt/airflow/dags/airflow_dag_api_to_kafka.py
[2026-01-29T09:07:54.779+0000] {logging_mixin.py:188} INFO - [2026-01-29T09:07:54.779+0000] {dag.py:3036} INFO - Sync 1 DAGs
[2026-01-29T09:07:54.808+0000] {logging_mixin.py:188} INFO - [2026-01-29T09:07:54.808+0000] {dag.py:3823} INFO - Setting next_dagrun for tle_api_to_kafka_streaming to 2026-01-29 08:00:00+00:00, run_after=2026-01-29 09:00:00+00:00
[2026-01-29T09:07:54.829+0000] {processor.py:183} INFO - Processing /opt/airflow/dags/airflow_dag_api_to_kafka.py took 0.181 seconds
[2026-01-29T09:08:24.976+0000] {processor.py:161} INFO - Started process (PID=1499) to work on /opt/airflow/dags/airflow_dag_api_to_kafka.py
[2026-01-29T09:08:24.978+0000] {processor.py:830} INFO - Processing file /opt/airflow/dags/airflow_dag_api_to_kafka.py for tasks to queue
[2026-01-29T09:08:24.979+0000] {logging_mixin.py:188} INFO - [2026-01-29T09:08:24.979+0000] {dagbag.py:538} INFO - Filling up the DagBag from /opt/airflow/dags/airflow_dag_api_to_kafka.py
[2026-01-29T09:08:25.085+0000] {processor.py:840} INFO - DAG(s) 'tle_api_to_kafka_streaming' retrieved from /opt/airflow/dags/airflow_dag_api_to_kafka.py
[2026-01-29T09:08:25.125+0000] {logging_mixin.py:188} INFO - [2026-01-29T09:08:25.125+0000] {dag.py:3036} INFO - Sync 1 DAGs
[2026-01-29T09:08:25.165+0000] {logging_mixin.py:188} INFO - [2026-01-29T09:08:25.165+0000] {dag.py:3823} INFO - Setting next_dagrun for tle_api_to_kafka_streaming to 2026-01-29 08:00:00+00:00, run_after=2026-01-29 09:00:00+00:00
[2026-01-29T09:08:25.188+0000] {processor.py:183} INFO - Processing /opt/airflow/dags/airflow_dag_api_to_kafka.py took 0.217 seconds
[2026-01-29T09:08:55.354+0000] {processor.py:161} INFO - Started process (PID=1509) to work on /opt/airflow/dags/airflow_dag_api_to_kafka.py
[2026-01-29T09:08:55.355+0000] {processor.py:830} INFO - Processing file /opt/airflow/dags/airflow_dag_api_to_kafka.py for tasks to queue
[2026-01-29T09:08:55.357+0000] {logging_mixin.py:188} INFO - [2026-01-29T09:08:55.356+0000] {dagbag.py:538} INFO - Filling up the DagBag from /opt/airflow/dags/airflow_dag_api_to_kafka.py
[2026-01-29T09:08:55.472+0000] {processor.py:840} INFO - DAG(s) 'tle_api_to_kafka_streaming' retrieved from /opt/airflow/dags/airflow_dag_api_to_kafka.py
[2026-01-29T09:08:55.522+0000] {logging_mixin.py:188} INFO - [2026-01-29T09:08:55.521+0000] {dag.py:3036} INFO - Sync 1 DAGs
[2026-01-29T09:08:55.575+0000] {logging_mixin.py:188} INFO - [2026-01-29T09:08:55.574+0000] {dag.py:3823} INFO - Setting next_dagrun for tle_api_to_kafka_streaming to 2026-01-29 08:00:00+00:00, run_after=2026-01-29 09:00:00+00:00
[2026-01-29T09:08:55.607+0000] {processor.py:183} INFO - Processing /opt/airflow/dags/airflow_dag_api_to_kafka.py took 0.261 seconds
[2026-01-29T09:09:25.742+0000] {processor.py:161} INFO - Started process (PID=1519) to work on /opt/airflow/dags/airflow_dag_api_to_kafka.py
[2026-01-29T09:09:25.743+0000] {processor.py:830} INFO - Processing file /opt/airflow/dags/airflow_dag_api_to_kafka.py for tasks to queue
[2026-01-29T09:09:25.744+0000] {logging_mixin.py:188} INFO - [2026-01-29T09:09:25.744+0000] {dagbag.py:538} INFO - Filling up the DagBag from /opt/airflow/dags/airflow_dag_api_to_kafka.py
[2026-01-29T09:09:25.847+0000] {processor.py:840} INFO - DAG(s) 'tle_api_to_kafka_streaming' retrieved from /opt/airflow/dags/airflow_dag_api_to_kafka.py
[2026-01-29T09:09:25.887+0000] {logging_mixin.py:188} INFO - [2026-01-29T09:09:25.886+0000] {dag.py:3036} INFO - Sync 1 DAGs
[2026-01-29T09:09:25.926+0000] {logging_mixin.py:188} INFO - [2026-01-29T09:09:25.926+0000] {dag.py:3823} INFO - Setting next_dagrun for tle_api_to_kafka_streaming to 2026-01-29 08:00:00+00:00, run_after=2026-01-29 09:00:00+00:00
[2026-01-29T09:09:25.949+0000] {processor.py:183} INFO - Processing /opt/airflow/dags/airflow_dag_api_to_kafka.py took 0.212 seconds
[2026-01-29T09:09:56.078+0000] {processor.py:161} INFO - Started process (PID=1529) to work on /opt/airflow/dags/airflow_dag_api_to_kafka.py
[2026-01-29T09:09:56.080+0000] {processor.py:830} INFO - Processing file /opt/airflow/dags/airflow_dag_api_to_kafka.py for tasks to queue
[2026-01-29T09:09:56.081+0000] {logging_mixin.py:188} INFO - [2026-01-29T09:09:56.080+0000] {dagbag.py:538} INFO - Filling up the DagBag from /opt/airflow/dags/airflow_dag_api_to_kafka.py
[2026-01-29T09:09:56.180+0000] {processor.py:840} INFO - DAG(s) 'tle_api_to_kafka_streaming' retrieved from /opt/airflow/dags/airflow_dag_api_to_kafka.py
[2026-01-29T09:09:56.216+0000] {logging_mixin.py:188} INFO - [2026-01-29T09:09:56.216+0000] {dag.py:3036} INFO - Sync 1 DAGs
[2026-01-29T09:09:56.257+0000] {logging_mixin.py:188} INFO - [2026-01-29T09:09:56.256+0000] {dag.py:3823} INFO - Setting next_dagrun for tle_api_to_kafka_streaming to 2026-01-29 08:00:00+00:00, run_after=2026-01-29 09:00:00+00:00
[2026-01-29T09:09:56.275+0000] {processor.py:183} INFO - Processing /opt/airflow/dags/airflow_dag_api_to_kafka.py took 0.202 seconds
[2026-01-29T09:10:26.436+0000] {processor.py:161} INFO - Started process (PID=1539) to work on /opt/airflow/dags/airflow_dag_api_to_kafka.py
[2026-01-29T09:10:26.438+0000] {processor.py:830} INFO - Processing file /opt/airflow/dags/airflow_dag_api_to_kafka.py for tasks to queue
[2026-01-29T09:10:26.439+0000] {logging_mixin.py:188} INFO - [2026-01-29T09:10:26.439+0000] {dagbag.py:538} INFO - Filling up the DagBag from /opt/airflow/dags/airflow_dag_api_to_kafka.py
[2026-01-29T09:10:26.544+0000] {processor.py:840} INFO - DAG(s) 'tle_api_to_kafka_streaming' retrieved from /opt/airflow/dags/airflow_dag_api_to_kafka.py
[2026-01-29T09:10:26.582+0000] {logging_mixin.py:188} INFO - [2026-01-29T09:10:26.582+0000] {dag.py:3036} INFO - Sync 1 DAGs
[2026-01-29T09:10:26.623+0000] {logging_mixin.py:188} INFO - [2026-01-29T09:10:26.622+0000] {dag.py:3823} INFO - Setting next_dagrun for tle_api_to_kafka_streaming to 2026-01-29 08:00:00+00:00, run_after=2026-01-29 09:00:00+00:00
[2026-01-29T09:10:26.648+0000] {processor.py:183} INFO - Processing /opt/airflow/dags/airflow_dag_api_to_kafka.py took 0.217 seconds
[2026-01-29T09:10:56.796+0000] {processor.py:161} INFO - Started process (PID=1549) to work on /opt/airflow/dags/airflow_dag_api_to_kafka.py
[2026-01-29T09:10:56.798+0000] {processor.py:830} INFO - Processing file /opt/airflow/dags/airflow_dag_api_to_kafka.py for tasks to queue
[2026-01-29T09:10:56.799+0000] {logging_mixin.py:188} INFO - [2026-01-29T09:10:56.799+0000] {dagbag.py:538} INFO - Filling up the DagBag from /opt/airflow/dags/airflow_dag_api_to_kafka.py
[2026-01-29T09:10:56.904+0000] {processor.py:840} INFO - DAG(s) 'tle_api_to_kafka_streaming' retrieved from /opt/airflow/dags/airflow_dag_api_to_kafka.py
[2026-01-29T09:10:56.942+0000] {logging_mixin.py:188} INFO - [2026-01-29T09:10:56.941+0000] {dag.py:3036} INFO - Sync 1 DAGs
[2026-01-29T09:10:56.980+0000] {logging_mixin.py:188} INFO - [2026-01-29T09:10:56.980+0000] {dag.py:3823} INFO - Setting next_dagrun for tle_api_to_kafka_streaming to 2026-01-29 08:00:00+00:00, run_after=2026-01-29 09:00:00+00:00
[2026-01-29T09:10:57.000+0000] {processor.py:183} INFO - Processing /opt/airflow/dags/airflow_dag_api_to_kafka.py took 0.209 seconds
[2026-01-29T09:11:27.177+0000] {processor.py:161} INFO - Started process (PID=1559) to work on /opt/airflow/dags/airflow_dag_api_to_kafka.py
[2026-01-29T09:11:27.178+0000] {processor.py:830} INFO - Processing file /opt/airflow/dags/airflow_dag_api_to_kafka.py for tasks to queue
[2026-01-29T09:11:27.181+0000] {logging_mixin.py:188} INFO - [2026-01-29T09:11:27.180+0000] {dagbag.py:538} INFO - Filling up the DagBag from /opt/airflow/dags/airflow_dag_api_to_kafka.py
[2026-01-29T09:11:27.300+0000] {processor.py:840} INFO - DAG(s) 'tle_api_to_kafka_streaming' retrieved from /opt/airflow/dags/airflow_dag_api_to_kafka.py
[2026-01-29T09:11:27.347+0000] {logging_mixin.py:188} INFO - [2026-01-29T09:11:27.347+0000] {dag.py:3036} INFO - Sync 1 DAGs
[2026-01-29T09:11:27.385+0000] {logging_mixin.py:188} INFO - [2026-01-29T09:11:27.385+0000] {dag.py:3823} INFO - Setting next_dagrun for tle_api_to_kafka_streaming to 2026-01-29 08:00:00+00:00, run_after=2026-01-29 09:00:00+00:00
[2026-01-29T09:11:27.412+0000] {processor.py:183} INFO - Processing /opt/airflow/dags/airflow_dag_api_to_kafka.py took 0.244 seconds
[2026-01-29T09:11:57.558+0000] {processor.py:161} INFO - Started process (PID=1569) to work on /opt/airflow/dags/airflow_dag_api_to_kafka.py
[2026-01-29T09:11:57.559+0000] {processor.py:830} INFO - Processing file /opt/airflow/dags/airflow_dag_api_to_kafka.py for tasks to queue
[2026-01-29T09:11:57.560+0000] {logging_mixin.py:188} INFO - [2026-01-29T09:11:57.560+0000] {dagbag.py:538} INFO - Filling up the DagBag from /opt/airflow/dags/airflow_dag_api_to_kafka.py
[2026-01-29T09:11:57.668+0000] {processor.py:840} INFO - DAG(s) 'tle_api_to_kafka_streaming' retrieved from /opt/airflow/dags/airflow_dag_api_to_kafka.py
[2026-01-29T09:11:57.708+0000] {logging_mixin.py:188} INFO - [2026-01-29T09:11:57.708+0000] {dag.py:3036} INFO - Sync 1 DAGs
[2026-01-29T09:11:57.750+0000] {logging_mixin.py:188} INFO - [2026-01-29T09:11:57.750+0000] {dag.py:3823} INFO - Setting next_dagrun for tle_api_to_kafka_streaming to 2026-01-29 08:00:00+00:00, run_after=2026-01-29 09:00:00+00:00
[2026-01-29T09:11:57.771+0000] {processor.py:183} INFO - Processing /opt/airflow/dags/airflow_dag_api_to_kafka.py took 0.217 seconds
[2026-01-29T09:12:27.910+0000] {processor.py:161} INFO - Started process (PID=1579) to work on /opt/airflow/dags/airflow_dag_api_to_kafka.py
[2026-01-29T09:12:27.912+0000] {processor.py:830} INFO - Processing file /opt/airflow/dags/airflow_dag_api_to_kafka.py for tasks to queue
[2026-01-29T09:12:27.914+0000] {logging_mixin.py:188} INFO - [2026-01-29T09:12:27.913+0000] {dagbag.py:538} INFO - Filling up the DagBag from /opt/airflow/dags/airflow_dag_api_to_kafka.py
[2026-01-29T09:12:28.010+0000] {processor.py:840} INFO - DAG(s) 'tle_api_to_kafka_streaming' retrieved from /opt/airflow/dags/airflow_dag_api_to_kafka.py
[2026-01-29T09:12:28.047+0000] {logging_mixin.py:188} INFO - [2026-01-29T09:12:28.047+0000] {dag.py:3036} INFO - Sync 1 DAGs
[2026-01-29T09:12:28.091+0000] {logging_mixin.py:188} INFO - [2026-01-29T09:12:28.090+0000] {dag.py:3823} INFO - Setting next_dagrun for tle_api_to_kafka_streaming to 2026-01-29 08:00:00+00:00, run_after=2026-01-29 09:00:00+00:00
[2026-01-29T09:12:28.115+0000] {processor.py:183} INFO - Processing /opt/airflow/dags/airflow_dag_api_to_kafka.py took 0.210 seconds
[2026-01-29T09:12:58.259+0000] {processor.py:161} INFO - Started process (PID=1589) to work on /opt/airflow/dags/airflow_dag_api_to_kafka.py
[2026-01-29T09:12:58.260+0000] {processor.py:830} INFO - Processing file /opt/airflow/dags/airflow_dag_api_to_kafka.py for tasks to queue
[2026-01-29T09:12:58.262+0000] {logging_mixin.py:188} INFO - [2026-01-29T09:12:58.261+0000] {dagbag.py:538} INFO - Filling up the DagBag from /opt/airflow/dags/airflow_dag_api_to_kafka.py
[2026-01-29T09:12:58.342+0000] {processor.py:840} INFO - DAG(s) 'tle_api_to_kafka_streaming' retrieved from /opt/airflow/dags/airflow_dag_api_to_kafka.py
[2026-01-29T09:12:58.382+0000] {logging_mixin.py:188} INFO - [2026-01-29T09:12:58.381+0000] {dag.py:3036} INFO - Sync 1 DAGs
[2026-01-29T09:12:58.419+0000] {logging_mixin.py:188} INFO - [2026-01-29T09:12:58.419+0000] {dag.py:3823} INFO - Setting next_dagrun for tle_api_to_kafka_streaming to 2026-01-29 08:00:00+00:00, run_after=2026-01-29 09:00:00+00:00
[2026-01-29T09:12:58.447+0000] {processor.py:183} INFO - Processing /opt/airflow/dags/airflow_dag_api_to_kafka.py took 0.193 seconds
[2026-01-29T09:13:28.610+0000] {processor.py:161} INFO - Started process (PID=1599) to work on /opt/airflow/dags/airflow_dag_api_to_kafka.py
[2026-01-29T09:13:28.612+0000] {processor.py:830} INFO - Processing file /opt/airflow/dags/airflow_dag_api_to_kafka.py for tasks to queue
[2026-01-29T09:13:28.613+0000] {logging_mixin.py:188} INFO - [2026-01-29T09:13:28.612+0000] {dagbag.py:538} INFO - Filling up the DagBag from /opt/airflow/dags/airflow_dag_api_to_kafka.py
[2026-01-29T09:13:28.723+0000] {processor.py:840} INFO - DAG(s) 'tle_api_to_kafka_streaming' retrieved from /opt/airflow/dags/airflow_dag_api_to_kafka.py
[2026-01-29T09:13:28.761+0000] {logging_mixin.py:188} INFO - [2026-01-29T09:13:28.761+0000] {dag.py:3036} INFO - Sync 1 DAGs
[2026-01-29T09:13:28.803+0000] {logging_mixin.py:188} INFO - [2026-01-29T09:13:28.801+0000] {dag.py:3823} INFO - Setting next_dagrun for tle_api_to_kafka_streaming to 2026-01-29 08:00:00+00:00, run_after=2026-01-29 09:00:00+00:00
[2026-01-29T09:13:28.826+0000] {processor.py:183} INFO - Processing /opt/airflow/dags/airflow_dag_api_to_kafka.py took 0.219 seconds
[2026-01-29T09:13:58.969+0000] {processor.py:161} INFO - Started process (PID=1609) to work on /opt/airflow/dags/airflow_dag_api_to_kafka.py
[2026-01-29T09:13:58.970+0000] {processor.py:830} INFO - Processing file /opt/airflow/dags/airflow_dag_api_to_kafka.py for tasks to queue
[2026-01-29T09:13:58.971+0000] {logging_mixin.py:188} INFO - [2026-01-29T09:13:58.971+0000] {dagbag.py:538} INFO - Filling up the DagBag from /opt/airflow/dags/airflow_dag_api_to_kafka.py
[2026-01-29T09:13:59.062+0000] {processor.py:840} INFO - DAG(s) 'tle_api_to_kafka_streaming' retrieved from /opt/airflow/dags/airflow_dag_api_to_kafka.py
[2026-01-29T09:13:59.096+0000] {logging_mixin.py:188} INFO - [2026-01-29T09:13:59.096+0000] {dag.py:3036} INFO - Sync 1 DAGs
[2026-01-29T09:13:59.131+0000] {logging_mixin.py:188} INFO - [2026-01-29T09:13:59.131+0000] {dag.py:3823} INFO - Setting next_dagrun for tle_api_to_kafka_streaming to 2026-01-29 08:00:00+00:00, run_after=2026-01-29 09:00:00+00:00
[2026-01-29T09:13:59.152+0000] {processor.py:183} INFO - Processing /opt/airflow/dags/airflow_dag_api_to_kafka.py took 0.190 seconds
[2026-01-29T09:14:29.270+0000] {processor.py:161} INFO - Started process (PID=1619) to work on /opt/airflow/dags/airflow_dag_api_to_kafka.py
[2026-01-29T09:14:29.272+0000] {processor.py:830} INFO - Processing file /opt/airflow/dags/airflow_dag_api_to_kafka.py for tasks to queue
[2026-01-29T09:14:29.273+0000] {logging_mixin.py:188} INFO - [2026-01-29T09:14:29.273+0000] {dagbag.py:538} INFO - Filling up the DagBag from /opt/airflow/dags/airflow_dag_api_to_kafka.py
[2026-01-29T09:14:29.346+0000] {processor.py:840} INFO - DAG(s) 'tle_api_to_kafka_streaming' retrieved from /opt/airflow/dags/airflow_dag_api_to_kafka.py
[2026-01-29T09:14:29.385+0000] {logging_mixin.py:188} INFO - [2026-01-29T09:14:29.384+0000] {dag.py:3036} INFO - Sync 1 DAGs
[2026-01-29T09:14:29.419+0000] {logging_mixin.py:188} INFO - [2026-01-29T09:14:29.419+0000] {dag.py:3823} INFO - Setting next_dagrun for tle_api_to_kafka_streaming to 2026-01-29 08:00:00+00:00, run_after=2026-01-29 09:00:00+00:00
[2026-01-29T09:14:29.437+0000] {processor.py:183} INFO - Processing /opt/airflow/dags/airflow_dag_api_to_kafka.py took 0.171 seconds
[2026-01-29T09:14:59.575+0000] {processor.py:161} INFO - Started process (PID=1629) to work on /opt/airflow/dags/airflow_dag_api_to_kafka.py
[2026-01-29T09:14:59.577+0000] {processor.py:830} INFO - Processing file /opt/airflow/dags/airflow_dag_api_to_kafka.py for tasks to queue
[2026-01-29T09:14:59.578+0000] {logging_mixin.py:188} INFO - [2026-01-29T09:14:59.578+0000] {dagbag.py:538} INFO - Filling up the DagBag from /opt/airflow/dags/airflow_dag_api_to_kafka.py
[2026-01-29T09:14:59.703+0000] {processor.py:840} INFO - DAG(s) 'tle_api_to_kafka_streaming' retrieved from /opt/airflow/dags/airflow_dag_api_to_kafka.py
[2026-01-29T09:14:59.753+0000] {logging_mixin.py:188} INFO - [2026-01-29T09:14:59.752+0000] {dag.py:3036} INFO - Sync 1 DAGs
[2026-01-29T09:14:59.798+0000] {logging_mixin.py:188} INFO - [2026-01-29T09:14:59.798+0000] {dag.py:3823} INFO - Setting next_dagrun for tle_api_to_kafka_streaming to 2026-01-29 08:00:00+00:00, run_after=2026-01-29 09:00:00+00:00
[2026-01-29T09:14:59.819+0000] {processor.py:183} INFO - Processing /opt/airflow/dags/airflow_dag_api_to_kafka.py took 0.250 seconds
[2026-01-29T09:15:29.970+0000] {processor.py:161} INFO - Started process (PID=1639) to work on /opt/airflow/dags/airflow_dag_api_to_kafka.py
[2026-01-29T09:15:29.972+0000] {processor.py:830} INFO - Processing file /opt/airflow/dags/airflow_dag_api_to_kafka.py for tasks to queue
[2026-01-29T09:15:29.975+0000] {logging_mixin.py:188} INFO - [2026-01-29T09:15:29.974+0000] {dagbag.py:538} INFO - Filling up the DagBag from /opt/airflow/dags/airflow_dag_api_to_kafka.py
[2026-01-29T09:15:30.094+0000] {processor.py:840} INFO - DAG(s) 'tle_api_to_kafka_streaming' retrieved from /opt/airflow/dags/airflow_dag_api_to_kafka.py
[2026-01-29T09:15:30.134+0000] {logging_mixin.py:188} INFO - [2026-01-29T09:15:30.134+0000] {dag.py:3036} INFO - Sync 1 DAGs
[2026-01-29T09:15:30.172+0000] {logging_mixin.py:188} INFO - [2026-01-29T09:15:30.172+0000] {dag.py:3823} INFO - Setting next_dagrun for tle_api_to_kafka_streaming to 2026-01-29 08:00:00+00:00, run_after=2026-01-29 09:00:00+00:00
[2026-01-29T09:15:30.196+0000] {processor.py:183} INFO - Processing /opt/airflow/dags/airflow_dag_api_to_kafka.py took 0.234 seconds
[2026-01-29T09:16:00.362+0000] {processor.py:161} INFO - Started process (PID=1649) to work on /opt/airflow/dags/airflow_dag_api_to_kafka.py
[2026-01-29T09:16:00.363+0000] {processor.py:830} INFO - Processing file /opt/airflow/dags/airflow_dag_api_to_kafka.py for tasks to queue
[2026-01-29T09:16:00.364+0000] {logging_mixin.py:188} INFO - [2026-01-29T09:16:00.364+0000] {dagbag.py:538} INFO - Filling up the DagBag from /opt/airflow/dags/airflow_dag_api_to_kafka.py
[2026-01-29T09:16:00.463+0000] {processor.py:840} INFO - DAG(s) 'tle_api_to_kafka_streaming' retrieved from /opt/airflow/dags/airflow_dag_api_to_kafka.py
[2026-01-29T09:16:00.499+0000] {logging_mixin.py:188} INFO - [2026-01-29T09:16:00.499+0000] {dag.py:3036} INFO - Sync 1 DAGs
[2026-01-29T09:16:00.537+0000] {logging_mixin.py:188} INFO - [2026-01-29T09:16:00.536+0000] {dag.py:3823} INFO - Setting next_dagrun for tle_api_to_kafka_streaming to 2026-01-29 08:00:00+00:00, run_after=2026-01-29 09:00:00+00:00
[2026-01-29T09:16:00.556+0000] {processor.py:183} INFO - Processing /opt/airflow/dags/airflow_dag_api_to_kafka.py took 0.197 seconds
[2026-01-29T09:16:30.718+0000] {processor.py:161} INFO - Started process (PID=1659) to work on /opt/airflow/dags/airflow_dag_api_to_kafka.py
[2026-01-29T09:16:30.719+0000] {processor.py:830} INFO - Processing file /opt/airflow/dags/airflow_dag_api_to_kafka.py for tasks to queue
[2026-01-29T09:16:30.720+0000] {logging_mixin.py:188} INFO - [2026-01-29T09:16:30.719+0000] {dagbag.py:538} INFO - Filling up the DagBag from /opt/airflow/dags/airflow_dag_api_to_kafka.py
[2026-01-29T09:16:30.830+0000] {processor.py:840} INFO - DAG(s) 'tle_api_to_kafka_streaming' retrieved from /opt/airflow/dags/airflow_dag_api_to_kafka.py
[2026-01-29T09:16:30.887+0000] {logging_mixin.py:188} INFO - [2026-01-29T09:16:30.886+0000] {dag.py:3036} INFO - Sync 1 DAGs
[2026-01-29T09:16:30.932+0000] {logging_mixin.py:188} INFO - [2026-01-29T09:16:30.931+0000] {dag.py:3823} INFO - Setting next_dagrun for tle_api_to_kafka_streaming to 2026-01-29 08:00:00+00:00, run_after=2026-01-29 09:00:00+00:00
[2026-01-29T09:16:30.959+0000] {processor.py:183} INFO - Processing /opt/airflow/dags/airflow_dag_api_to_kafka.py took 0.246 seconds
[2026-01-29T09:17:01.086+0000] {processor.py:161} INFO - Started process (PID=1669) to work on /opt/airflow/dags/airflow_dag_api_to_kafka.py
[2026-01-29T09:17:01.088+0000] {processor.py:830} INFO - Processing file /opt/airflow/dags/airflow_dag_api_to_kafka.py for tasks to queue
[2026-01-29T09:17:01.090+0000] {logging_mixin.py:188} INFO - [2026-01-29T09:17:01.089+0000] {dagbag.py:538} INFO - Filling up the DagBag from /opt/airflow/dags/airflow_dag_api_to_kafka.py
[2026-01-29T09:17:01.187+0000] {processor.py:840} INFO - DAG(s) 'tle_api_to_kafka_streaming' retrieved from /opt/airflow/dags/airflow_dag_api_to_kafka.py
[2026-01-29T09:17:01.228+0000] {logging_mixin.py:188} INFO - [2026-01-29T09:17:01.228+0000] {dag.py:3036} INFO - Sync 1 DAGs
[2026-01-29T09:17:01.266+0000] {logging_mixin.py:188} INFO - [2026-01-29T09:17:01.266+0000] {dag.py:3823} INFO - Setting next_dagrun for tle_api_to_kafka_streaming to 2026-01-29 08:00:00+00:00, run_after=2026-01-29 09:00:00+00:00
[2026-01-29T09:17:01.290+0000] {processor.py:183} INFO - Processing /opt/airflow/dags/airflow_dag_api_to_kafka.py took 0.208 seconds
[2026-01-29T09:17:31.411+0000] {processor.py:161} INFO - Started process (PID=1679) to work on /opt/airflow/dags/airflow_dag_api_to_kafka.py
[2026-01-29T09:17:31.413+0000] {processor.py:830} INFO - Processing file /opt/airflow/dags/airflow_dag_api_to_kafka.py for tasks to queue
[2026-01-29T09:17:31.414+0000] {logging_mixin.py:188} INFO - [2026-01-29T09:17:31.414+0000] {dagbag.py:538} INFO - Filling up the DagBag from /opt/airflow/dags/airflow_dag_api_to_kafka.py
[2026-01-29T09:17:31.487+0000] {processor.py:840} INFO - DAG(s) 'tle_api_to_kafka_streaming' retrieved from /opt/airflow/dags/airflow_dag_api_to_kafka.py
[2026-01-29T09:17:31.529+0000] {logging_mixin.py:188} INFO - [2026-01-29T09:17:31.528+0000] {dag.py:3036} INFO - Sync 1 DAGs
[2026-01-29T09:17:31.559+0000] {logging_mixin.py:188} INFO - [2026-01-29T09:17:31.559+0000] {dag.py:3823} INFO - Setting next_dagrun for tle_api_to_kafka_streaming to 2026-01-29 08:00:00+00:00, run_after=2026-01-29 09:00:00+00:00
[2026-01-29T09:17:31.583+0000] {processor.py:183} INFO - Processing /opt/airflow/dags/airflow_dag_api_to_kafka.py took 0.175 seconds
[2026-01-29T09:18:01.700+0000] {processor.py:161} INFO - Started process (PID=1689) to work on /opt/airflow/dags/airflow_dag_api_to_kafka.py
[2026-01-29T09:18:01.703+0000] {processor.py:830} INFO - Processing file /opt/airflow/dags/airflow_dag_api_to_kafka.py for tasks to queue
[2026-01-29T09:18:01.704+0000] {logging_mixin.py:188} INFO - [2026-01-29T09:18:01.703+0000] {dagbag.py:538} INFO - Filling up the DagBag from /opt/airflow/dags/airflow_dag_api_to_kafka.py
[2026-01-29T09:18:01.809+0000] {processor.py:840} INFO - DAG(s) 'tle_api_to_kafka_streaming' retrieved from /opt/airflow/dags/airflow_dag_api_to_kafka.py
[2026-01-29T09:18:01.847+0000] {logging_mixin.py:188} INFO - [2026-01-29T09:18:01.847+0000] {dag.py:3036} INFO - Sync 1 DAGs
[2026-01-29T09:18:01.889+0000] {logging_mixin.py:188} INFO - [2026-01-29T09:18:01.889+0000] {dag.py:3823} INFO - Setting next_dagrun for tle_api_to_kafka_streaming to 2026-01-29 08:00:00+00:00, run_after=2026-01-29 09:00:00+00:00
[2026-01-29T09:18:01.913+0000] {processor.py:183} INFO - Processing /opt/airflow/dags/airflow_dag_api_to_kafka.py took 0.217 seconds
[2026-01-29T09:18:32.044+0000] {processor.py:161} INFO - Started process (PID=1699) to work on /opt/airflow/dags/airflow_dag_api_to_kafka.py
[2026-01-29T09:18:32.045+0000] {processor.py:830} INFO - Processing file /opt/airflow/dags/airflow_dag_api_to_kafka.py for tasks to queue
[2026-01-29T09:18:32.046+0000] {logging_mixin.py:188} INFO - [2026-01-29T09:18:32.046+0000] {dagbag.py:538} INFO - Filling up the DagBag from /opt/airflow/dags/airflow_dag_api_to_kafka.py
[2026-01-29T09:18:32.148+0000] {processor.py:840} INFO - DAG(s) 'tle_api_to_kafka_streaming' retrieved from /opt/airflow/dags/airflow_dag_api_to_kafka.py
[2026-01-29T09:18:32.189+0000] {logging_mixin.py:188} INFO - [2026-01-29T09:18:32.189+0000] {dag.py:3036} INFO - Sync 1 DAGs
[2026-01-29T09:18:32.237+0000] {logging_mixin.py:188} INFO - [2026-01-29T09:18:32.236+0000] {dag.py:3823} INFO - Setting next_dagrun for tle_api_to_kafka_streaming to 2026-01-29 08:00:00+00:00, run_after=2026-01-29 09:00:00+00:00
[2026-01-29T09:18:32.260+0000] {processor.py:183} INFO - Processing /opt/airflow/dags/airflow_dag_api_to_kafka.py took 0.220 seconds
[2026-01-29T09:19:02.387+0000] {processor.py:161} INFO - Started process (PID=1709) to work on /opt/airflow/dags/airflow_dag_api_to_kafka.py
[2026-01-29T09:19:02.388+0000] {processor.py:830} INFO - Processing file /opt/airflow/dags/airflow_dag_api_to_kafka.py for tasks to queue
[2026-01-29T09:19:02.390+0000] {logging_mixin.py:188} INFO - [2026-01-29T09:19:02.389+0000] {dagbag.py:538} INFO - Filling up the DagBag from /opt/airflow/dags/airflow_dag_api_to_kafka.py
[2026-01-29T09:19:02.490+0000] {processor.py:840} INFO - DAG(s) 'tle_api_to_kafka_streaming' retrieved from /opt/airflow/dags/airflow_dag_api_to_kafka.py
[2026-01-29T09:19:02.532+0000] {logging_mixin.py:188} INFO - [2026-01-29T09:19:02.532+0000] {dag.py:3036} INFO - Sync 1 DAGs
[2026-01-29T09:19:02.572+0000] {logging_mixin.py:188} INFO - [2026-01-29T09:19:02.572+0000] {dag.py:3823} INFO - Setting next_dagrun for tle_api_to_kafka_streaming to 2026-01-29 08:00:00+00:00, run_after=2026-01-29 09:00:00+00:00
[2026-01-29T09:19:02.600+0000] {processor.py:183} INFO - Processing /opt/airflow/dags/airflow_dag_api_to_kafka.py took 0.216 seconds
[2026-01-29T09:19:32.724+0000] {processor.py:161} INFO - Started process (PID=1719) to work on /opt/airflow/dags/airflow_dag_api_to_kafka.py
[2026-01-29T09:19:32.725+0000] {processor.py:830} INFO - Processing file /opt/airflow/dags/airflow_dag_api_to_kafka.py for tasks to queue
[2026-01-29T09:19:32.726+0000] {logging_mixin.py:188} INFO - [2026-01-29T09:19:32.725+0000] {dagbag.py:538} INFO - Filling up the DagBag from /opt/airflow/dags/airflow_dag_api_to_kafka.py
[2026-01-29T09:19:32.821+0000] {processor.py:840} INFO - DAG(s) 'tle_api_to_kafka_streaming' retrieved from /opt/airflow/dags/airflow_dag_api_to_kafka.py
[2026-01-29T09:19:32.856+0000] {logging_mixin.py:188} INFO - [2026-01-29T09:19:32.856+0000] {dag.py:3036} INFO - Sync 1 DAGs
[2026-01-29T09:19:32.894+0000] {logging_mixin.py:188} INFO - [2026-01-29T09:19:32.894+0000] {dag.py:3823} INFO - Setting next_dagrun for tle_api_to_kafka_streaming to 2026-01-29 08:00:00+00:00, run_after=2026-01-29 09:00:00+00:00
[2026-01-29T09:19:32.915+0000] {processor.py:183} INFO - Processing /opt/airflow/dags/airflow_dag_api_to_kafka.py took 0.195 seconds
[2026-01-29T09:20:03.036+0000] {processor.py:161} INFO - Started process (PID=1729) to work on /opt/airflow/dags/airflow_dag_api_to_kafka.py
[2026-01-29T09:20:03.038+0000] {processor.py:830} INFO - Processing file /opt/airflow/dags/airflow_dag_api_to_kafka.py for tasks to queue
[2026-01-29T09:20:03.039+0000] {logging_mixin.py:188} INFO - [2026-01-29T09:20:03.039+0000] {dagbag.py:538} INFO - Filling up the DagBag from /opt/airflow/dags/airflow_dag_api_to_kafka.py
[2026-01-29T09:20:03.106+0000] {processor.py:840} INFO - DAG(s) 'tle_api_to_kafka_streaming' retrieved from /opt/airflow/dags/airflow_dag_api_to_kafka.py
[2026-01-29T09:20:03.135+0000] {logging_mixin.py:188} INFO - [2026-01-29T09:20:03.135+0000] {dag.py:3036} INFO - Sync 1 DAGs
[2026-01-29T09:20:03.165+0000] {logging_mixin.py:188} INFO - [2026-01-29T09:20:03.165+0000] {dag.py:3823} INFO - Setting next_dagrun for tle_api_to_kafka_streaming to 2026-01-29 08:00:00+00:00, run_after=2026-01-29 09:00:00+00:00
[2026-01-29T09:20:03.182+0000] {processor.py:183} INFO - Processing /opt/airflow/dags/airflow_dag_api_to_kafka.py took 0.149 seconds
[2026-01-29T09:20:33.312+0000] {processor.py:161} INFO - Started process (PID=1739) to work on /opt/airflow/dags/airflow_dag_api_to_kafka.py
[2026-01-29T09:20:33.314+0000] {processor.py:830} INFO - Processing file /opt/airflow/dags/airflow_dag_api_to_kafka.py for tasks to queue
[2026-01-29T09:20:33.314+0000] {logging_mixin.py:188} INFO - [2026-01-29T09:20:33.314+0000] {dagbag.py:538} INFO - Filling up the DagBag from /opt/airflow/dags/airflow_dag_api_to_kafka.py
[2026-01-29T09:20:33.410+0000] {processor.py:840} INFO - DAG(s) 'tle_api_to_kafka_streaming' retrieved from /opt/airflow/dags/airflow_dag_api_to_kafka.py
[2026-01-29T09:20:33.450+0000] {logging_mixin.py:188} INFO - [2026-01-29T09:20:33.449+0000] {dag.py:3036} INFO - Sync 1 DAGs
[2026-01-29T09:20:33.487+0000] {logging_mixin.py:188} INFO - [2026-01-29T09:20:33.486+0000] {dag.py:3823} INFO - Setting next_dagrun for tle_api_to_kafka_streaming to 2026-01-29 08:00:00+00:00, run_after=2026-01-29 09:00:00+00:00
[2026-01-29T09:20:33.511+0000] {processor.py:183} INFO - Processing /opt/airflow/dags/airflow_dag_api_to_kafka.py took 0.203 seconds
[2026-01-29T09:21:03.635+0000] {processor.py:161} INFO - Started process (PID=1749) to work on /opt/airflow/dags/airflow_dag_api_to_kafka.py
[2026-01-29T09:21:03.645+0000] {processor.py:830} INFO - Processing file /opt/airflow/dags/airflow_dag_api_to_kafka.py for tasks to queue
[2026-01-29T09:21:03.646+0000] {logging_mixin.py:188} INFO - [2026-01-29T09:21:03.645+0000] {dagbag.py:538} INFO - Filling up the DagBag from /opt/airflow/dags/airflow_dag_api_to_kafka.py
[2026-01-29T09:21:03.726+0000] {processor.py:840} INFO - DAG(s) 'tle_api_to_kafka_streaming' retrieved from /opt/airflow/dags/airflow_dag_api_to_kafka.py
[2026-01-29T09:21:03.766+0000] {logging_mixin.py:188} INFO - [2026-01-29T09:21:03.766+0000] {dag.py:3036} INFO - Sync 1 DAGs
[2026-01-29T09:21:03.802+0000] {logging_mixin.py:188} INFO - [2026-01-29T09:21:03.802+0000] {dag.py:3823} INFO - Setting next_dagrun for tle_api_to_kafka_streaming to 2026-01-29 08:00:00+00:00, run_after=2026-01-29 09:00:00+00:00
[2026-01-29T09:21:03.824+0000] {processor.py:183} INFO - Processing /opt/airflow/dags/airflow_dag_api_to_kafka.py took 0.193 seconds
[2026-01-29T09:21:33.954+0000] {processor.py:161} INFO - Started process (PID=1759) to work on /opt/airflow/dags/airflow_dag_api_to_kafka.py
[2026-01-29T09:21:33.956+0000] {processor.py:830} INFO - Processing file /opt/airflow/dags/airflow_dag_api_to_kafka.py for tasks to queue
[2026-01-29T09:21:33.957+0000] {logging_mixin.py:188} INFO - [2026-01-29T09:21:33.956+0000] {dagbag.py:538} INFO - Filling up the DagBag from /opt/airflow/dags/airflow_dag_api_to_kafka.py
[2026-01-29T09:21:34.069+0000] {processor.py:840} INFO - DAG(s) 'tle_api_to_kafka_streaming' retrieved from /opt/airflow/dags/airflow_dag_api_to_kafka.py
[2026-01-29T09:21:34.116+0000] {logging_mixin.py:188} INFO - [2026-01-29T09:21:34.116+0000] {dag.py:3036} INFO - Sync 1 DAGs
[2026-01-29T09:21:34.169+0000] {logging_mixin.py:188} INFO - [2026-01-29T09:21:34.168+0000] {dag.py:3823} INFO - Setting next_dagrun for tle_api_to_kafka_streaming to 2026-01-29 08:00:00+00:00, run_after=2026-01-29 09:00:00+00:00
[2026-01-29T09:21:34.197+0000] {processor.py:183} INFO - Processing /opt/airflow/dags/airflow_dag_api_to_kafka.py took 0.249 seconds
[2026-01-29T09:22:04.323+0000] {processor.py:161} INFO - Started process (PID=1769) to work on /opt/airflow/dags/airflow_dag_api_to_kafka.py
[2026-01-29T09:22:04.324+0000] {processor.py:830} INFO - Processing file /opt/airflow/dags/airflow_dag_api_to_kafka.py for tasks to queue
[2026-01-29T09:22:04.325+0000] {logging_mixin.py:188} INFO - [2026-01-29T09:22:04.325+0000] {dagbag.py:538} INFO - Filling up the DagBag from /opt/airflow/dags/airflow_dag_api_to_kafka.py
[2026-01-29T09:22:04.402+0000] {processor.py:840} INFO - DAG(s) 'tle_api_to_kafka_streaming' retrieved from /opt/airflow/dags/airflow_dag_api_to_kafka.py
[2026-01-29T09:22:04.432+0000] {logging_mixin.py:188} INFO - [2026-01-29T09:22:04.432+0000] {dag.py:3036} INFO - Sync 1 DAGs
[2026-01-29T09:22:04.459+0000] {logging_mixin.py:188} INFO - [2026-01-29T09:22:04.459+0000] {dag.py:3823} INFO - Setting next_dagrun for tle_api_to_kafka_streaming to 2026-01-29 08:00:00+00:00, run_after=2026-01-29 09:00:00+00:00
[2026-01-29T09:22:04.478+0000] {processor.py:183} INFO - Processing /opt/airflow/dags/airflow_dag_api_to_kafka.py took 0.158 seconds
[2026-01-29T09:22:34.616+0000] {processor.py:161} INFO - Started process (PID=1779) to work on /opt/airflow/dags/airflow_dag_api_to_kafka.py
[2026-01-29T09:22:34.617+0000] {processor.py:830} INFO - Processing file /opt/airflow/dags/airflow_dag_api_to_kafka.py for tasks to queue
[2026-01-29T09:22:34.618+0000] {logging_mixin.py:188} INFO - [2026-01-29T09:22:34.618+0000] {dagbag.py:538} INFO - Filling up the DagBag from /opt/airflow/dags/airflow_dag_api_to_kafka.py
[2026-01-29T09:22:34.718+0000] {processor.py:840} INFO - DAG(s) 'tle_api_to_kafka_streaming' retrieved from /opt/airflow/dags/airflow_dag_api_to_kafka.py
[2026-01-29T09:22:34.751+0000] {logging_mixin.py:188} INFO - [2026-01-29T09:22:34.751+0000] {dag.py:3036} INFO - Sync 1 DAGs
[2026-01-29T09:22:34.793+0000] {logging_mixin.py:188} INFO - [2026-01-29T09:22:34.793+0000] {dag.py:3823} INFO - Setting next_dagrun for tle_api_to_kafka_streaming to 2026-01-29 08:00:00+00:00, run_after=2026-01-29 09:00:00+00:00
[2026-01-29T09:22:34.814+0000] {processor.py:183} INFO - Processing /opt/airflow/dags/airflow_dag_api_to_kafka.py took 0.201 seconds
[2026-01-29T09:23:04.939+0000] {processor.py:161} INFO - Started process (PID=1789) to work on /opt/airflow/dags/airflow_dag_api_to_kafka.py
[2026-01-29T09:23:04.940+0000] {processor.py:830} INFO - Processing file /opt/airflow/dags/airflow_dag_api_to_kafka.py for tasks to queue
[2026-01-29T09:23:04.941+0000] {logging_mixin.py:188} INFO - [2026-01-29T09:23:04.941+0000] {dagbag.py:538} INFO - Filling up the DagBag from /opt/airflow/dags/airflow_dag_api_to_kafka.py
[2026-01-29T09:23:05.036+0000] {processor.py:840} INFO - DAG(s) 'tle_api_to_kafka_streaming' retrieved from /opt/airflow/dags/airflow_dag_api_to_kafka.py
[2026-01-29T09:23:05.072+0000] {logging_mixin.py:188} INFO - [2026-01-29T09:23:05.071+0000] {dag.py:3036} INFO - Sync 1 DAGs
[2026-01-29T09:23:05.113+0000] {logging_mixin.py:188} INFO - [2026-01-29T09:23:05.112+0000] {dag.py:3823} INFO - Setting next_dagrun for tle_api_to_kafka_streaming to 2026-01-29 08:00:00+00:00, run_after=2026-01-29 09:00:00+00:00
[2026-01-29T09:23:05.134+0000] {processor.py:183} INFO - Processing /opt/airflow/dags/airflow_dag_api_to_kafka.py took 0.199 seconds
[2026-01-29T09:23:35.282+0000] {processor.py:161} INFO - Started process (PID=1799) to work on /opt/airflow/dags/airflow_dag_api_to_kafka.py
[2026-01-29T09:23:35.285+0000] {processor.py:830} INFO - Processing file /opt/airflow/dags/airflow_dag_api_to_kafka.py for tasks to queue
[2026-01-29T09:23:35.286+0000] {logging_mixin.py:188} INFO - [2026-01-29T09:23:35.285+0000] {dagbag.py:538} INFO - Filling up the DagBag from /opt/airflow/dags/airflow_dag_api_to_kafka.py
[2026-01-29T09:23:35.364+0000] {processor.py:840} INFO - DAG(s) 'tle_api_to_kafka_streaming' retrieved from /opt/airflow/dags/airflow_dag_api_to_kafka.py
[2026-01-29T09:23:35.407+0000] {logging_mixin.py:188} INFO - [2026-01-29T09:23:35.407+0000] {dag.py:3036} INFO - Sync 1 DAGs
[2026-01-29T09:23:35.439+0000] {logging_mixin.py:188} INFO - [2026-01-29T09:23:35.439+0000] {dag.py:3823} INFO - Setting next_dagrun for tle_api_to_kafka_streaming to 2026-01-29 08:00:00+00:00, run_after=2026-01-29 09:00:00+00:00
[2026-01-29T09:23:35.462+0000] {processor.py:183} INFO - Processing /opt/airflow/dags/airflow_dag_api_to_kafka.py took 0.184 seconds
[2026-01-29T09:24:05.649+0000] {processor.py:161} INFO - Started process (PID=1809) to work on /opt/airflow/dags/airflow_dag_api_to_kafka.py
[2026-01-29T09:24:05.650+0000] {processor.py:830} INFO - Processing file /opt/airflow/dags/airflow_dag_api_to_kafka.py for tasks to queue
[2026-01-29T09:24:05.652+0000] {logging_mixin.py:188} INFO - [2026-01-29T09:24:05.651+0000] {dagbag.py:538} INFO - Filling up the DagBag from /opt/airflow/dags/airflow_dag_api_to_kafka.py
[2026-01-29T09:24:05.790+0000] {processor.py:840} INFO - DAG(s) 'tle_api_to_kafka_streaming' retrieved from /opt/airflow/dags/airflow_dag_api_to_kafka.py
[2026-01-29T09:24:05.842+0000] {logging_mixin.py:188} INFO - [2026-01-29T09:24:05.842+0000] {dag.py:3036} INFO - Sync 1 DAGs
[2026-01-29T09:24:05.893+0000] {logging_mixin.py:188} INFO - [2026-01-29T09:24:05.893+0000] {dag.py:3823} INFO - Setting next_dagrun for tle_api_to_kafka_streaming to 2026-01-29 08:00:00+00:00, run_after=2026-01-29 09:00:00+00:00
[2026-01-29T09:24:05.924+0000] {processor.py:183} INFO - Processing /opt/airflow/dags/airflow_dag_api_to_kafka.py took 0.281 seconds
[2026-01-29T09:24:36.053+0000] {processor.py:161} INFO - Started process (PID=1819) to work on /opt/airflow/dags/airflow_dag_api_to_kafka.py
[2026-01-29T09:24:36.054+0000] {processor.py:830} INFO - Processing file /opt/airflow/dags/airflow_dag_api_to_kafka.py for tasks to queue
[2026-01-29T09:24:36.055+0000] {logging_mixin.py:188} INFO - [2026-01-29T09:24:36.055+0000] {dagbag.py:538} INFO - Filling up the DagBag from /opt/airflow/dags/airflow_dag_api_to_kafka.py
[2026-01-29T09:24:36.151+0000] {processor.py:840} INFO - DAG(s) 'tle_api_to_kafka_streaming' retrieved from /opt/airflow/dags/airflow_dag_api_to_kafka.py
[2026-01-29T09:24:36.187+0000] {logging_mixin.py:188} INFO - [2026-01-29T09:24:36.187+0000] {dag.py:3036} INFO - Sync 1 DAGs
[2026-01-29T09:24:36.222+0000] {logging_mixin.py:188} INFO - [2026-01-29T09:24:36.222+0000] {dag.py:3823} INFO - Setting next_dagrun for tle_api_to_kafka_streaming to 2026-01-29 08:00:00+00:00, run_after=2026-01-29 09:00:00+00:00
[2026-01-29T09:24:36.242+0000] {processor.py:183} INFO - Processing /opt/airflow/dags/airflow_dag_api_to_kafka.py took 0.193 seconds
[2026-01-29T09:25:06.367+0000] {processor.py:161} INFO - Started process (PID=1829) to work on /opt/airflow/dags/airflow_dag_api_to_kafka.py
[2026-01-29T09:25:06.370+0000] {processor.py:830} INFO - Processing file /opt/airflow/dags/airflow_dag_api_to_kafka.py for tasks to queue
[2026-01-29T09:25:06.372+0000] {logging_mixin.py:188} INFO - [2026-01-29T09:25:06.371+0000] {dagbag.py:538} INFO - Filling up the DagBag from /opt/airflow/dags/airflow_dag_api_to_kafka.py
[2026-01-29T09:25:06.454+0000] {processor.py:840} INFO - DAG(s) 'tle_api_to_kafka_streaming' retrieved from /opt/airflow/dags/airflow_dag_api_to_kafka.py
[2026-01-29T09:25:06.498+0000] {logging_mixin.py:188} INFO - [2026-01-29T09:25:06.497+0000] {dag.py:3036} INFO - Sync 1 DAGs
[2026-01-29T09:25:06.534+0000] {logging_mixin.py:188} INFO - [2026-01-29T09:25:06.533+0000] {dag.py:3823} INFO - Setting next_dagrun for tle_api_to_kafka_streaming to 2026-01-29 08:00:00+00:00, run_after=2026-01-29 09:00:00+00:00
[2026-01-29T09:25:06.555+0000] {processor.py:183} INFO - Processing /opt/airflow/dags/airflow_dag_api_to_kafka.py took 0.193 seconds
[2026-01-29T09:25:36.712+0000] {processor.py:161} INFO - Started process (PID=1839) to work on /opt/airflow/dags/airflow_dag_api_to_kafka.py
[2026-01-29T09:25:36.714+0000] {processor.py:830} INFO - Processing file /opt/airflow/dags/airflow_dag_api_to_kafka.py for tasks to queue
[2026-01-29T09:25:36.715+0000] {logging_mixin.py:188} INFO - [2026-01-29T09:25:36.714+0000] {dagbag.py:538} INFO - Filling up the DagBag from /opt/airflow/dags/airflow_dag_api_to_kafka.py
[2026-01-29T09:25:36.819+0000] {processor.py:840} INFO - DAG(s) 'tle_api_to_kafka_streaming' retrieved from /opt/airflow/dags/airflow_dag_api_to_kafka.py
[2026-01-29T09:25:36.854+0000] {logging_mixin.py:188} INFO - [2026-01-29T09:25:36.854+0000] {dag.py:3036} INFO - Sync 1 DAGs
[2026-01-29T09:25:36.891+0000] {logging_mixin.py:188} INFO - [2026-01-29T09:25:36.891+0000] {dag.py:3823} INFO - Setting next_dagrun for tle_api_to_kafka_streaming to 2026-01-29 08:00:00+00:00, run_after=2026-01-29 09:00:00+00:00
[2026-01-29T09:25:36.914+0000] {processor.py:183} INFO - Processing /opt/airflow/dags/airflow_dag_api_to_kafka.py took 0.207 seconds
[2026-01-29T09:26:07.052+0000] {processor.py:161} INFO - Started process (PID=1849) to work on /opt/airflow/dags/airflow_dag_api_to_kafka.py
[2026-01-29T09:26:07.054+0000] {processor.py:830} INFO - Processing file /opt/airflow/dags/airflow_dag_api_to_kafka.py for tasks to queue
[2026-01-29T09:26:07.055+0000] {logging_mixin.py:188} INFO - [2026-01-29T09:26:07.054+0000] {dagbag.py:538} INFO - Filling up the DagBag from /opt/airflow/dags/airflow_dag_api_to_kafka.py
[2026-01-29T09:26:07.140+0000] {processor.py:840} INFO - DAG(s) 'tle_api_to_kafka_streaming' retrieved from /opt/airflow/dags/airflow_dag_api_to_kafka.py
[2026-01-29T09:26:07.187+0000] {logging_mixin.py:188} INFO - [2026-01-29T09:26:07.186+0000] {dag.py:3036} INFO - Sync 1 DAGs
[2026-01-29T09:26:07.223+0000] {logging_mixin.py:188} INFO - [2026-01-29T09:26:07.222+0000] {dag.py:3823} INFO - Setting next_dagrun for tle_api_to_kafka_streaming to 2026-01-29 08:00:00+00:00, run_after=2026-01-29 09:00:00+00:00
[2026-01-29T09:26:07.244+0000] {processor.py:183} INFO - Processing /opt/airflow/dags/airflow_dag_api_to_kafka.py took 0.198 seconds
[2026-01-29T09:26:37.386+0000] {processor.py:161} INFO - Started process (PID=1859) to work on /opt/airflow/dags/airflow_dag_api_to_kafka.py
[2026-01-29T09:26:37.387+0000] {processor.py:830} INFO - Processing file /opt/airflow/dags/airflow_dag_api_to_kafka.py for tasks to queue
[2026-01-29T09:26:37.389+0000] {logging_mixin.py:188} INFO - [2026-01-29T09:26:37.388+0000] {dagbag.py:538} INFO - Filling up the DagBag from /opt/airflow/dags/airflow_dag_api_to_kafka.py
[2026-01-29T09:26:37.488+0000] {processor.py:840} INFO - DAG(s) 'tle_api_to_kafka_streaming' retrieved from /opt/airflow/dags/airflow_dag_api_to_kafka.py
[2026-01-29T09:26:37.529+0000] {logging_mixin.py:188} INFO - [2026-01-29T09:26:37.529+0000] {dag.py:3036} INFO - Sync 1 DAGs
[2026-01-29T09:26:37.564+0000] {logging_mixin.py:188} INFO - [2026-01-29T09:26:37.564+0000] {dag.py:3823} INFO - Setting next_dagrun for tle_api_to_kafka_streaming to 2026-01-29 08:00:00+00:00, run_after=2026-01-29 09:00:00+00:00
[2026-01-29T09:26:37.588+0000] {processor.py:183} INFO - Processing /opt/airflow/dags/airflow_dag_api_to_kafka.py took 0.206 seconds
[2026-01-29T09:27:07.711+0000] {processor.py:161} INFO - Started process (PID=1869) to work on /opt/airflow/dags/airflow_dag_api_to_kafka.py
[2026-01-29T09:27:07.712+0000] {processor.py:830} INFO - Processing file /opt/airflow/dags/airflow_dag_api_to_kafka.py for tasks to queue
[2026-01-29T09:27:07.713+0000] {logging_mixin.py:188} INFO - [2026-01-29T09:27:07.713+0000] {dagbag.py:538} INFO - Filling up the DagBag from /opt/airflow/dags/airflow_dag_api_to_kafka.py
[2026-01-29T09:27:07.811+0000] {processor.py:840} INFO - DAG(s) 'tle_api_to_kafka_streaming' retrieved from /opt/airflow/dags/airflow_dag_api_to_kafka.py
[2026-01-29T09:27:07.846+0000] {logging_mixin.py:188} INFO - [2026-01-29T09:27:07.845+0000] {dag.py:3036} INFO - Sync 1 DAGs
[2026-01-29T09:27:07.887+0000] {logging_mixin.py:188} INFO - [2026-01-29T09:27:07.887+0000] {dag.py:3823} INFO - Setting next_dagrun for tle_api_to_kafka_streaming to 2026-01-29 08:00:00+00:00, run_after=2026-01-29 09:00:00+00:00
[2026-01-29T09:27:07.907+0000] {processor.py:183} INFO - Processing /opt/airflow/dags/airflow_dag_api_to_kafka.py took 0.200 seconds
[2026-01-29T09:27:38.048+0000] {processor.py:161} INFO - Started process (PID=1879) to work on /opt/airflow/dags/airflow_dag_api_to_kafka.py
[2026-01-29T09:27:38.049+0000] {processor.py:830} INFO - Processing file /opt/airflow/dags/airflow_dag_api_to_kafka.py for tasks to queue
[2026-01-29T09:27:38.049+0000] {logging_mixin.py:188} INFO - [2026-01-29T09:27:38.049+0000] {dagbag.py:538} INFO - Filling up the DagBag from /opt/airflow/dags/airflow_dag_api_to_kafka.py
[2026-01-29T09:27:38.148+0000] {processor.py:840} INFO - DAG(s) 'tle_api_to_kafka_streaming' retrieved from /opt/airflow/dags/airflow_dag_api_to_kafka.py
[2026-01-29T09:27:38.187+0000] {logging_mixin.py:188} INFO - [2026-01-29T09:27:38.187+0000] {dag.py:3036} INFO - Sync 1 DAGs
[2026-01-29T09:27:38.230+0000] {logging_mixin.py:188} INFO - [2026-01-29T09:27:38.229+0000] {dag.py:3823} INFO - Setting next_dagrun for tle_api_to_kafka_streaming to 2026-01-29 08:00:00+00:00, run_after=2026-01-29 09:00:00+00:00
[2026-01-29T09:27:38.254+0000] {processor.py:183} INFO - Processing /opt/airflow/dags/airflow_dag_api_to_kafka.py took 0.210 seconds
[2026-01-29T09:28:08.389+0000] {processor.py:161} INFO - Started process (PID=1889) to work on /opt/airflow/dags/airflow_dag_api_to_kafka.py
[2026-01-29T09:28:08.390+0000] {processor.py:830} INFO - Processing file /opt/airflow/dags/airflow_dag_api_to_kafka.py for tasks to queue
[2026-01-29T09:28:08.391+0000] {logging_mixin.py:188} INFO - [2026-01-29T09:28:08.391+0000] {dagbag.py:538} INFO - Filling up the DagBag from /opt/airflow/dags/airflow_dag_api_to_kafka.py
[2026-01-29T09:28:08.469+0000] {processor.py:840} INFO - DAG(s) 'tle_api_to_kafka_streaming' retrieved from /opt/airflow/dags/airflow_dag_api_to_kafka.py
[2026-01-29T09:28:08.499+0000] {logging_mixin.py:188} INFO - [2026-01-29T09:28:08.499+0000] {dag.py:3036} INFO - Sync 1 DAGs
[2026-01-29T09:28:08.533+0000] {logging_mixin.py:188} INFO - [2026-01-29T09:28:08.533+0000] {dag.py:3823} INFO - Setting next_dagrun for tle_api_to_kafka_streaming to 2026-01-29 08:00:00+00:00, run_after=2026-01-29 09:00:00+00:00
[2026-01-29T09:28:08.549+0000] {processor.py:183} INFO - Processing /opt/airflow/dags/airflow_dag_api_to_kafka.py took 0.163 seconds
[2026-01-29T09:28:38.688+0000] {processor.py:161} INFO - Started process (PID=1899) to work on /opt/airflow/dags/airflow_dag_api_to_kafka.py
[2026-01-29T09:28:38.692+0000] {processor.py:830} INFO - Processing file /opt/airflow/dags/airflow_dag_api_to_kafka.py for tasks to queue
[2026-01-29T09:28:38.693+0000] {logging_mixin.py:188} INFO - [2026-01-29T09:28:38.693+0000] {dagbag.py:538} INFO - Filling up the DagBag from /opt/airflow/dags/airflow_dag_api_to_kafka.py
[2026-01-29T09:28:38.800+0000] {processor.py:840} INFO - DAG(s) 'tle_api_to_kafka_streaming' retrieved from /opt/airflow/dags/airflow_dag_api_to_kafka.py
[2026-01-29T09:28:38.842+0000] {logging_mixin.py:188} INFO - [2026-01-29T09:28:38.841+0000] {dag.py:3036} INFO - Sync 1 DAGs
[2026-01-29T09:28:38.884+0000] {logging_mixin.py:188} INFO - [2026-01-29T09:28:38.884+0000] {dag.py:3823} INFO - Setting next_dagrun for tle_api_to_kafka_streaming to 2026-01-29 08:00:00+00:00, run_after=2026-01-29 09:00:00+00:00
[2026-01-29T09:28:38.912+0000] {processor.py:183} INFO - Processing /opt/airflow/dags/airflow_dag_api_to_kafka.py took 0.230 seconds
[2026-01-29T09:29:09.046+0000] {processor.py:161} INFO - Started process (PID=1909) to work on /opt/airflow/dags/airflow_dag_api_to_kafka.py
[2026-01-29T09:29:09.047+0000] {processor.py:830} INFO - Processing file /opt/airflow/dags/airflow_dag_api_to_kafka.py for tasks to queue
[2026-01-29T09:29:09.048+0000] {logging_mixin.py:188} INFO - [2026-01-29T09:29:09.047+0000] {dagbag.py:538} INFO - Filling up the DagBag from /opt/airflow/dags/airflow_dag_api_to_kafka.py
[2026-01-29T09:29:09.150+0000] {processor.py:840} INFO - DAG(s) 'tle_api_to_kafka_streaming' retrieved from /opt/airflow/dags/airflow_dag_api_to_kafka.py
[2026-01-29T09:29:09.193+0000] {logging_mixin.py:188} INFO - [2026-01-29T09:29:09.193+0000] {dag.py:3036} INFO - Sync 1 DAGs
[2026-01-29T09:29:09.235+0000] {logging_mixin.py:188} INFO - [2026-01-29T09:29:09.235+0000] {dag.py:3823} INFO - Setting next_dagrun for tle_api_to_kafka_streaming to 2026-01-29 08:00:00+00:00, run_after=2026-01-29 09:00:00+00:00
[2026-01-29T09:29:09.258+0000] {processor.py:183} INFO - Processing /opt/airflow/dags/airflow_dag_api_to_kafka.py took 0.216 seconds
[2026-01-29T09:29:39.387+0000] {processor.py:161} INFO - Started process (PID=1919) to work on /opt/airflow/dags/airflow_dag_api_to_kafka.py
[2026-01-29T09:29:39.388+0000] {processor.py:830} INFO - Processing file /opt/airflow/dags/airflow_dag_api_to_kafka.py for tasks to queue
[2026-01-29T09:29:39.389+0000] {logging_mixin.py:188} INFO - [2026-01-29T09:29:39.389+0000] {dagbag.py:538} INFO - Filling up the DagBag from /opt/airflow/dags/airflow_dag_api_to_kafka.py
[2026-01-29T09:29:39.491+0000] {processor.py:840} INFO - DAG(s) 'tle_api_to_kafka_streaming' retrieved from /opt/airflow/dags/airflow_dag_api_to_kafka.py
[2026-01-29T09:29:39.532+0000] {logging_mixin.py:188} INFO - [2026-01-29T09:29:39.531+0000] {dag.py:3036} INFO - Sync 1 DAGs
[2026-01-29T09:29:39.571+0000] {logging_mixin.py:188} INFO - [2026-01-29T09:29:39.571+0000] {dag.py:3823} INFO - Setting next_dagrun for tle_api_to_kafka_streaming to 2026-01-29 08:00:00+00:00, run_after=2026-01-29 09:00:00+00:00
[2026-01-29T09:29:39.594+0000] {processor.py:183} INFO - Processing /opt/airflow/dags/airflow_dag_api_to_kafka.py took 0.212 seconds
[2026-01-29T09:30:09.726+0000] {processor.py:161} INFO - Started process (PID=1929) to work on /opt/airflow/dags/airflow_dag_api_to_kafka.py
[2026-01-29T09:30:09.727+0000] {processor.py:830} INFO - Processing file /opt/airflow/dags/airflow_dag_api_to_kafka.py for tasks to queue
[2026-01-29T09:30:09.728+0000] {logging_mixin.py:188} INFO - [2026-01-29T09:30:09.728+0000] {dagbag.py:538} INFO - Filling up the DagBag from /opt/airflow/dags/airflow_dag_api_to_kafka.py
[2026-01-29T09:30:09.823+0000] {processor.py:840} INFO - DAG(s) 'tle_api_to_kafka_streaming' retrieved from /opt/airflow/dags/airflow_dag_api_to_kafka.py
[2026-01-29T09:30:09.858+0000] {logging_mixin.py:188} INFO - [2026-01-29T09:30:09.858+0000] {dag.py:3036} INFO - Sync 1 DAGs
[2026-01-29T09:30:09.898+0000] {logging_mixin.py:188} INFO - [2026-01-29T09:30:09.898+0000] {dag.py:3823} INFO - Setting next_dagrun for tle_api_to_kafka_streaming to 2026-01-29 08:00:00+00:00, run_after=2026-01-29 09:00:00+00:00
[2026-01-29T09:30:09.919+0000] {processor.py:183} INFO - Processing /opt/airflow/dags/airflow_dag_api_to_kafka.py took 0.198 seconds
[2026-01-29T09:30:40.059+0000] {processor.py:161} INFO - Started process (PID=1939) to work on /opt/airflow/dags/airflow_dag_api_to_kafka.py
[2026-01-29T09:30:40.060+0000] {processor.py:830} INFO - Processing file /opt/airflow/dags/airflow_dag_api_to_kafka.py for tasks to queue
[2026-01-29T09:30:40.061+0000] {logging_mixin.py:188} INFO - [2026-01-29T09:30:40.061+0000] {dagbag.py:538} INFO - Filling up the DagBag from /opt/airflow/dags/airflow_dag_api_to_kafka.py
[2026-01-29T09:30:40.166+0000] {processor.py:840} INFO - DAG(s) 'tle_api_to_kafka_streaming' retrieved from /opt/airflow/dags/airflow_dag_api_to_kafka.py
[2026-01-29T09:30:40.200+0000] {logging_mixin.py:188} INFO - [2026-01-29T09:30:40.199+0000] {dag.py:3036} INFO - Sync 1 DAGs
[2026-01-29T09:30:40.238+0000] {logging_mixin.py:188} INFO - [2026-01-29T09:30:40.238+0000] {dag.py:3823} INFO - Setting next_dagrun for tle_api_to_kafka_streaming to 2026-01-29 08:00:00+00:00, run_after=2026-01-29 09:00:00+00:00
[2026-01-29T09:30:40.258+0000] {processor.py:183} INFO - Processing /opt/airflow/dags/airflow_dag_api_to_kafka.py took 0.204 seconds
[2026-01-29T09:31:10.425+0000] {processor.py:161} INFO - Started process (PID=1949) to work on /opt/airflow/dags/airflow_dag_api_to_kafka.py
[2026-01-29T09:31:10.426+0000] {processor.py:830} INFO - Processing file /opt/airflow/dags/airflow_dag_api_to_kafka.py for tasks to queue
[2026-01-29T09:31:10.428+0000] {logging_mixin.py:188} INFO - [2026-01-29T09:31:10.427+0000] {dagbag.py:538} INFO - Filling up the DagBag from /opt/airflow/dags/airflow_dag_api_to_kafka.py
[2026-01-29T09:31:10.558+0000] {processor.py:840} INFO - DAG(s) 'tle_api_to_kafka_streaming' retrieved from /opt/airflow/dags/airflow_dag_api_to_kafka.py
[2026-01-29T09:31:10.610+0000] {logging_mixin.py:188} INFO - [2026-01-29T09:31:10.609+0000] {dag.py:3036} INFO - Sync 1 DAGs
[2026-01-29T09:31:10.665+0000] {logging_mixin.py:188} INFO - [2026-01-29T09:31:10.664+0000] {dag.py:3823} INFO - Setting next_dagrun for tle_api_to_kafka_streaming to 2026-01-29 08:00:00+00:00, run_after=2026-01-29 09:00:00+00:00
[2026-01-29T09:31:10.692+0000] {processor.py:183} INFO - Processing /opt/airflow/dags/airflow_dag_api_to_kafka.py took 0.275 seconds
[2026-01-29T09:31:40.842+0000] {processor.py:161} INFO - Started process (PID=1959) to work on /opt/airflow/dags/airflow_dag_api_to_kafka.py
[2026-01-29T09:31:40.843+0000] {processor.py:830} INFO - Processing file /opt/airflow/dags/airflow_dag_api_to_kafka.py for tasks to queue
[2026-01-29T09:31:40.844+0000] {logging_mixin.py:188} INFO - [2026-01-29T09:31:40.844+0000] {dagbag.py:538} INFO - Filling up the DagBag from /opt/airflow/dags/airflow_dag_api_to_kafka.py
[2026-01-29T09:31:40.942+0000] {processor.py:840} INFO - DAG(s) 'tle_api_to_kafka_streaming' retrieved from /opt/airflow/dags/airflow_dag_api_to_kafka.py
[2026-01-29T09:31:40.981+0000] {logging_mixin.py:188} INFO - [2026-01-29T09:31:40.981+0000] {dag.py:3036} INFO - Sync 1 DAGs
[2026-01-29T09:31:41.021+0000] {logging_mixin.py:188} INFO - [2026-01-29T09:31:41.020+0000] {dag.py:3823} INFO - Setting next_dagrun for tle_api_to_kafka_streaming to 2026-01-29 08:00:00+00:00, run_after=2026-01-29 09:00:00+00:00
[2026-01-29T09:31:41.043+0000] {processor.py:183} INFO - Processing /opt/airflow/dags/airflow_dag_api_to_kafka.py took 0.205 seconds
[2026-01-29T09:32:11.185+0000] {processor.py:161} INFO - Started process (PID=1969) to work on /opt/airflow/dags/airflow_dag_api_to_kafka.py
[2026-01-29T09:32:11.186+0000] {processor.py:830} INFO - Processing file /opt/airflow/dags/airflow_dag_api_to_kafka.py for tasks to queue
[2026-01-29T09:32:11.188+0000] {logging_mixin.py:188} INFO - [2026-01-29T09:32:11.187+0000] {dagbag.py:538} INFO - Filling up the DagBag from /opt/airflow/dags/airflow_dag_api_to_kafka.py
[2026-01-29T09:32:11.287+0000] {processor.py:840} INFO - DAG(s) 'tle_api_to_kafka_streaming' retrieved from /opt/airflow/dags/airflow_dag_api_to_kafka.py
[2026-01-29T09:32:11.332+0000] {logging_mixin.py:188} INFO - [2026-01-29T09:32:11.332+0000] {dag.py:3036} INFO - Sync 1 DAGs
[2026-01-29T09:32:11.386+0000] {logging_mixin.py:188} INFO - [2026-01-29T09:32:11.385+0000] {dag.py:3823} INFO - Setting next_dagrun for tle_api_to_kafka_streaming to 2026-01-29 08:00:00+00:00, run_after=2026-01-29 09:00:00+00:00
[2026-01-29T09:32:11.408+0000] {processor.py:183} INFO - Processing /opt/airflow/dags/airflow_dag_api_to_kafka.py took 0.228 seconds
[2026-01-29T09:32:41.539+0000] {processor.py:161} INFO - Started process (PID=1979) to work on /opt/airflow/dags/airflow_dag_api_to_kafka.py
[2026-01-29T09:32:41.541+0000] {processor.py:830} INFO - Processing file /opt/airflow/dags/airflow_dag_api_to_kafka.py for tasks to queue
[2026-01-29T09:32:41.542+0000] {logging_mixin.py:188} INFO - [2026-01-29T09:32:41.541+0000] {dagbag.py:538} INFO - Filling up the DagBag from /opt/airflow/dags/airflow_dag_api_to_kafka.py
[2026-01-29T09:32:41.650+0000] {processor.py:840} INFO - DAG(s) 'tle_api_to_kafka_streaming' retrieved from /opt/airflow/dags/airflow_dag_api_to_kafka.py
[2026-01-29T09:32:41.684+0000] {logging_mixin.py:188} INFO - [2026-01-29T09:32:41.684+0000] {dag.py:3036} INFO - Sync 1 DAGs
[2026-01-29T09:32:41.726+0000] {logging_mixin.py:188} INFO - [2026-01-29T09:32:41.726+0000] {dag.py:3823} INFO - Setting next_dagrun for tle_api_to_kafka_streaming to 2026-01-29 08:00:00+00:00, run_after=2026-01-29 09:00:00+00:00
[2026-01-29T09:32:41.751+0000] {processor.py:183} INFO - Processing /opt/airflow/dags/airflow_dag_api_to_kafka.py took 0.216 seconds
[2026-01-29T09:33:11.913+0000] {processor.py:161} INFO - Started process (PID=1989) to work on /opt/airflow/dags/airflow_dag_api_to_kafka.py
[2026-01-29T09:33:11.915+0000] {processor.py:830} INFO - Processing file /opt/airflow/dags/airflow_dag_api_to_kafka.py for tasks to queue
[2026-01-29T09:33:11.917+0000] {logging_mixin.py:188} INFO - [2026-01-29T09:33:11.916+0000] {dagbag.py:538} INFO - Filling up the DagBag from /opt/airflow/dags/airflow_dag_api_to_kafka.py
[2026-01-29T09:33:12.022+0000] {processor.py:840} INFO - DAG(s) 'tle_api_to_kafka_streaming' retrieved from /opt/airflow/dags/airflow_dag_api_to_kafka.py
[2026-01-29T09:33:12.060+0000] {logging_mixin.py:188} INFO - [2026-01-29T09:33:12.059+0000] {dag.py:3036} INFO - Sync 1 DAGs
[2026-01-29T09:33:12.098+0000] {logging_mixin.py:188} INFO - [2026-01-29T09:33:12.097+0000] {dag.py:3823} INFO - Setting next_dagrun for tle_api_to_kafka_streaming to 2026-01-29 08:00:00+00:00, run_after=2026-01-29 09:00:00+00:00
[2026-01-29T09:33:12.119+0000] {processor.py:183} INFO - Processing /opt/airflow/dags/airflow_dag_api_to_kafka.py took 0.211 seconds
[2026-01-29T09:33:42.262+0000] {processor.py:161} INFO - Started process (PID=1999) to work on /opt/airflow/dags/airflow_dag_api_to_kafka.py
[2026-01-29T09:33:42.264+0000] {processor.py:830} INFO - Processing file /opt/airflow/dags/airflow_dag_api_to_kafka.py for tasks to queue
[2026-01-29T09:33:42.265+0000] {logging_mixin.py:188} INFO - [2026-01-29T09:33:42.264+0000] {dagbag.py:538} INFO - Filling up the DagBag from /opt/airflow/dags/airflow_dag_api_to_kafka.py
[2026-01-29T09:33:42.338+0000] {processor.py:840} INFO - DAG(s) 'tle_api_to_kafka_streaming' retrieved from /opt/airflow/dags/airflow_dag_api_to_kafka.py
[2026-01-29T09:33:42.380+0000] {logging_mixin.py:188} INFO - [2026-01-29T09:33:42.380+0000] {dag.py:3036} INFO - Sync 1 DAGs
[2026-01-29T09:33:42.427+0000] {logging_mixin.py:188} INFO - [2026-01-29T09:33:42.426+0000] {dag.py:3823} INFO - Setting next_dagrun for tle_api_to_kafka_streaming to 2026-01-29 08:00:00+00:00, run_after=2026-01-29 09:00:00+00:00
[2026-01-29T09:33:42.448+0000] {processor.py:183} INFO - Processing /opt/airflow/dags/airflow_dag_api_to_kafka.py took 0.190 seconds
[2026-01-29T09:34:12.645+0000] {processor.py:161} INFO - Started process (PID=2009) to work on /opt/airflow/dags/airflow_dag_api_to_kafka.py
[2026-01-29T09:34:12.648+0000] {processor.py:830} INFO - Processing file /opt/airflow/dags/airflow_dag_api_to_kafka.py for tasks to queue
[2026-01-29T09:34:12.649+0000] {logging_mixin.py:188} INFO - [2026-01-29T09:34:12.648+0000] {dagbag.py:538} INFO - Filling up the DagBag from /opt/airflow/dags/airflow_dag_api_to_kafka.py
[2026-01-29T09:34:12.754+0000] {processor.py:840} INFO - DAG(s) 'tle_api_to_kafka_streaming' retrieved from /opt/airflow/dags/airflow_dag_api_to_kafka.py
[2026-01-29T09:34:12.795+0000] {logging_mixin.py:188} INFO - [2026-01-29T09:34:12.794+0000] {dag.py:3036} INFO - Sync 1 DAGs
[2026-01-29T09:34:12.829+0000] {logging_mixin.py:188} INFO - [2026-01-29T09:34:12.829+0000] {dag.py:3823} INFO - Setting next_dagrun for tle_api_to_kafka_streaming to 2026-01-29 08:00:00+00:00, run_after=2026-01-29 09:00:00+00:00
[2026-01-29T09:34:12.852+0000] {processor.py:183} INFO - Processing /opt/airflow/dags/airflow_dag_api_to_kafka.py took 0.211 seconds
[2026-01-29T09:34:43.026+0000] {processor.py:161} INFO - Started process (PID=2019) to work on /opt/airflow/dags/airflow_dag_api_to_kafka.py
[2026-01-29T09:34:43.026+0000] {processor.py:830} INFO - Processing file /opt/airflow/dags/airflow_dag_api_to_kafka.py for tasks to queue
[2026-01-29T09:34:43.027+0000] {logging_mixin.py:188} INFO - [2026-01-29T09:34:43.027+0000] {dagbag.py:538} INFO - Filling up the DagBag from /opt/airflow/dags/airflow_dag_api_to_kafka.py
[2026-01-29T09:34:43.111+0000] {processor.py:840} INFO - DAG(s) 'tle_api_to_kafka_streaming' retrieved from /opt/airflow/dags/airflow_dag_api_to_kafka.py
[2026-01-29T09:34:43.140+0000] {logging_mixin.py:188} INFO - [2026-01-29T09:34:43.140+0000] {dag.py:3036} INFO - Sync 1 DAGs
[2026-01-29T09:34:43.172+0000] {logging_mixin.py:188} INFO - [2026-01-29T09:34:43.172+0000] {dag.py:3823} INFO - Setting next_dagrun for tle_api_to_kafka_streaming to 2026-01-29 08:00:00+00:00, run_after=2026-01-29 09:00:00+00:00
[2026-01-29T09:34:43.189+0000] {processor.py:183} INFO - Processing /opt/airflow/dags/airflow_dag_api_to_kafka.py took 0.168 seconds
[2026-01-29T09:35:13.337+0000] {processor.py:161} INFO - Started process (PID=2029) to work on /opt/airflow/dags/airflow_dag_api_to_kafka.py
[2026-01-29T09:35:13.338+0000] {processor.py:830} INFO - Processing file /opt/airflow/dags/airflow_dag_api_to_kafka.py for tasks to queue
[2026-01-29T09:35:13.339+0000] {logging_mixin.py:188} INFO - [2026-01-29T09:35:13.339+0000] {dagbag.py:538} INFO - Filling up the DagBag from /opt/airflow/dags/airflow_dag_api_to_kafka.py
[2026-01-29T09:35:13.460+0000] {processor.py:840} INFO - DAG(s) 'tle_api_to_kafka_streaming' retrieved from /opt/airflow/dags/airflow_dag_api_to_kafka.py
[2026-01-29T09:35:13.512+0000] {logging_mixin.py:188} INFO - [2026-01-29T09:35:13.512+0000] {dag.py:3036} INFO - Sync 1 DAGs
[2026-01-29T09:35:13.572+0000] {logging_mixin.py:188} INFO - [2026-01-29T09:35:13.572+0000] {dag.py:3823} INFO - Setting next_dagrun for tle_api_to_kafka_streaming to 2026-01-29 08:00:00+00:00, run_after=2026-01-29 09:00:00+00:00
[2026-01-29T09:35:13.611+0000] {processor.py:183} INFO - Processing /opt/airflow/dags/airflow_dag_api_to_kafka.py took 0.284 seconds
[2026-01-29T09:35:43.782+0000] {processor.py:161} INFO - Started process (PID=2039) to work on /opt/airflow/dags/airflow_dag_api_to_kafka.py
[2026-01-29T09:35:43.783+0000] {processor.py:830} INFO - Processing file /opt/airflow/dags/airflow_dag_api_to_kafka.py for tasks to queue
[2026-01-29T09:35:43.784+0000] {logging_mixin.py:188} INFO - [2026-01-29T09:35:43.783+0000] {dagbag.py:538} INFO - Filling up the DagBag from /opt/airflow/dags/airflow_dag_api_to_kafka.py
[2026-01-29T09:35:43.887+0000] {processor.py:840} INFO - DAG(s) 'tle_api_to_kafka_streaming' retrieved from /opt/airflow/dags/airflow_dag_api_to_kafka.py
[2026-01-29T09:35:43.925+0000] {logging_mixin.py:188} INFO - [2026-01-29T09:35:43.924+0000] {dag.py:3036} INFO - Sync 1 DAGs
[2026-01-29T09:35:43.962+0000] {logging_mixin.py:188} INFO - [2026-01-29T09:35:43.962+0000] {dag.py:3823} INFO - Setting next_dagrun for tle_api_to_kafka_streaming to 2026-01-29 08:00:00+00:00, run_after=2026-01-29 09:00:00+00:00
[2026-01-29T09:35:43.982+0000] {processor.py:183} INFO - Processing /opt/airflow/dags/airflow_dag_api_to_kafka.py took 0.206 seconds
[2026-01-29T09:36:14.113+0000] {processor.py:161} INFO - Started process (PID=2049) to work on /opt/airflow/dags/airflow_dag_api_to_kafka.py
[2026-01-29T09:36:14.116+0000] {processor.py:830} INFO - Processing file /opt/airflow/dags/airflow_dag_api_to_kafka.py for tasks to queue
[2026-01-29T09:36:14.117+0000] {logging_mixin.py:188} INFO - [2026-01-29T09:36:14.116+0000] {dagbag.py:538} INFO - Filling up the DagBag from /opt/airflow/dags/airflow_dag_api_to_kafka.py
[2026-01-29T09:36:14.190+0000] {processor.py:840} INFO - DAG(s) 'tle_api_to_kafka_streaming' retrieved from /opt/airflow/dags/airflow_dag_api_to_kafka.py
[2026-01-29T09:36:14.225+0000] {logging_mixin.py:188} INFO - [2026-01-29T09:36:14.225+0000] {dag.py:3036} INFO - Sync 1 DAGs
[2026-01-29T09:36:14.262+0000] {logging_mixin.py:188} INFO - [2026-01-29T09:36:14.261+0000] {dag.py:3823} INFO - Setting next_dagrun for tle_api_to_kafka_streaming to 2026-01-29 08:00:00+00:00, run_after=2026-01-29 09:00:00+00:00
[2026-01-29T09:36:14.282+0000] {processor.py:183} INFO - Processing /opt/airflow/dags/airflow_dag_api_to_kafka.py took 0.172 seconds
[2026-01-29T09:36:44.406+0000] {processor.py:161} INFO - Started process (PID=2059) to work on /opt/airflow/dags/airflow_dag_api_to_kafka.py
[2026-01-29T09:36:44.408+0000] {processor.py:830} INFO - Processing file /opt/airflow/dags/airflow_dag_api_to_kafka.py for tasks to queue
[2026-01-29T09:36:44.409+0000] {logging_mixin.py:188} INFO - [2026-01-29T09:36:44.408+0000] {dagbag.py:538} INFO - Filling up the DagBag from /opt/airflow/dags/airflow_dag_api_to_kafka.py
[2026-01-29T09:36:44.481+0000] {processor.py:840} INFO - DAG(s) 'tle_api_to_kafka_streaming' retrieved from /opt/airflow/dags/airflow_dag_api_to_kafka.py
[2026-01-29T09:36:44.521+0000] {logging_mixin.py:188} INFO - [2026-01-29T09:36:44.520+0000] {dag.py:3036} INFO - Sync 1 DAGs
[2026-01-29T09:36:44.557+0000] {logging_mixin.py:188} INFO - [2026-01-29T09:36:44.557+0000] {dag.py:3823} INFO - Setting next_dagrun for tle_api_to_kafka_streaming to 2026-01-29 08:00:00+00:00, run_after=2026-01-29 09:00:00+00:00
[2026-01-29T09:36:44.579+0000] {processor.py:183} INFO - Processing /opt/airflow/dags/airflow_dag_api_to_kafka.py took 0.178 seconds
[2026-01-29T09:37:14.700+0000] {processor.py:161} INFO - Started process (PID=2069) to work on /opt/airflow/dags/airflow_dag_api_to_kafka.py
[2026-01-29T09:37:14.701+0000] {processor.py:830} INFO - Processing file /opt/airflow/dags/airflow_dag_api_to_kafka.py for tasks to queue
[2026-01-29T09:37:14.702+0000] {logging_mixin.py:188} INFO - [2026-01-29T09:37:14.702+0000] {dagbag.py:538} INFO - Filling up the DagBag from /opt/airflow/dags/airflow_dag_api_to_kafka.py
[2026-01-29T09:37:14.805+0000] {processor.py:840} INFO - DAG(s) 'tle_api_to_kafka_streaming' retrieved from /opt/airflow/dags/airflow_dag_api_to_kafka.py
[2026-01-29T09:37:14.845+0000] {logging_mixin.py:188} INFO - [2026-01-29T09:37:14.845+0000] {dag.py:3036} INFO - Sync 1 DAGs
[2026-01-29T09:37:14.887+0000] {logging_mixin.py:188} INFO - [2026-01-29T09:37:14.886+0000] {dag.py:3823} INFO - Setting next_dagrun for tle_api_to_kafka_streaming to 2026-01-29 08:00:00+00:00, run_after=2026-01-29 09:00:00+00:00
[2026-01-29T09:37:14.909+0000] {processor.py:183} INFO - Processing /opt/airflow/dags/airflow_dag_api_to_kafka.py took 0.214 seconds
[2026-01-29T09:37:45.044+0000] {processor.py:161} INFO - Started process (PID=2079) to work on /opt/airflow/dags/airflow_dag_api_to_kafka.py
[2026-01-29T09:37:45.045+0000] {processor.py:830} INFO - Processing file /opt/airflow/dags/airflow_dag_api_to_kafka.py for tasks to queue
[2026-01-29T09:37:45.046+0000] {logging_mixin.py:188} INFO - [2026-01-29T09:37:45.045+0000] {dagbag.py:538} INFO - Filling up the DagBag from /opt/airflow/dags/airflow_dag_api_to_kafka.py
[2026-01-29T09:37:45.134+0000] {processor.py:840} INFO - DAG(s) 'tle_api_to_kafka_streaming' retrieved from /opt/airflow/dags/airflow_dag_api_to_kafka.py
[2026-01-29T09:37:45.175+0000] {logging_mixin.py:188} INFO - [2026-01-29T09:37:45.174+0000] {dag.py:3036} INFO - Sync 1 DAGs
[2026-01-29T09:37:45.211+0000] {logging_mixin.py:188} INFO - [2026-01-29T09:37:45.210+0000] {dag.py:3823} INFO - Setting next_dagrun for tle_api_to_kafka_streaming to 2026-01-29 08:00:00+00:00, run_after=2026-01-29 09:00:00+00:00
[2026-01-29T09:37:45.237+0000] {processor.py:183} INFO - Processing /opt/airflow/dags/airflow_dag_api_to_kafka.py took 0.198 seconds
[2026-01-29T09:38:15.383+0000] {processor.py:161} INFO - Started process (PID=2089) to work on /opt/airflow/dags/airflow_dag_api_to_kafka.py
[2026-01-29T09:38:15.386+0000] {processor.py:830} INFO - Processing file /opt/airflow/dags/airflow_dag_api_to_kafka.py for tasks to queue
[2026-01-29T09:38:15.387+0000] {logging_mixin.py:188} INFO - [2026-01-29T09:38:15.387+0000] {dagbag.py:538} INFO - Filling up the DagBag from /opt/airflow/dags/airflow_dag_api_to_kafka.py
[2026-01-29T09:38:15.469+0000] {processor.py:840} INFO - DAG(s) 'tle_api_to_kafka_streaming' retrieved from /opt/airflow/dags/airflow_dag_api_to_kafka.py
[2026-01-29T09:38:15.508+0000] {logging_mixin.py:188} INFO - [2026-01-29T09:38:15.507+0000] {dag.py:3036} INFO - Sync 1 DAGs
[2026-01-29T09:38:15.549+0000] {logging_mixin.py:188} INFO - [2026-01-29T09:38:15.549+0000] {dag.py:3823} INFO - Setting next_dagrun for tle_api_to_kafka_streaming to 2026-01-29 08:00:00+00:00, run_after=2026-01-29 09:00:00+00:00
[2026-01-29T09:38:15.576+0000] {processor.py:183} INFO - Processing /opt/airflow/dags/airflow_dag_api_to_kafka.py took 0.198 seconds
[2026-01-29T09:38:45.734+0000] {processor.py:161} INFO - Started process (PID=2099) to work on /opt/airflow/dags/airflow_dag_api_to_kafka.py
[2026-01-29T09:38:45.736+0000] {processor.py:830} INFO - Processing file /opt/airflow/dags/airflow_dag_api_to_kafka.py for tasks to queue
[2026-01-29T09:38:45.737+0000] {logging_mixin.py:188} INFO - [2026-01-29T09:38:45.737+0000] {dagbag.py:538} INFO - Filling up the DagBag from /opt/airflow/dags/airflow_dag_api_to_kafka.py
[2026-01-29T09:38:45.816+0000] {processor.py:840} INFO - DAG(s) 'tle_api_to_kafka_streaming' retrieved from /opt/airflow/dags/airflow_dag_api_to_kafka.py
[2026-01-29T09:38:45.855+0000] {logging_mixin.py:188} INFO - [2026-01-29T09:38:45.855+0000] {dag.py:3036} INFO - Sync 1 DAGs
[2026-01-29T09:38:45.895+0000] {logging_mixin.py:188} INFO - [2026-01-29T09:38:45.895+0000] {dag.py:3823} INFO - Setting next_dagrun for tle_api_to_kafka_streaming to 2026-01-29 08:00:00+00:00, run_after=2026-01-29 09:00:00+00:00
[2026-01-29T09:38:45.923+0000] {processor.py:183} INFO - Processing /opt/airflow/dags/airflow_dag_api_to_kafka.py took 0.195 seconds
[2026-01-29T09:39:16.075+0000] {processor.py:161} INFO - Started process (PID=2109) to work on /opt/airflow/dags/airflow_dag_api_to_kafka.py
[2026-01-29T09:39:16.077+0000] {processor.py:830} INFO - Processing file /opt/airflow/dags/airflow_dag_api_to_kafka.py for tasks to queue
[2026-01-29T09:39:16.079+0000] {logging_mixin.py:188} INFO - [2026-01-29T09:39:16.078+0000] {dagbag.py:538} INFO - Filling up the DagBag from /opt/airflow/dags/airflow_dag_api_to_kafka.py
[2026-01-29T09:39:16.173+0000] {processor.py:840} INFO - DAG(s) 'tle_api_to_kafka_streaming' retrieved from /opt/airflow/dags/airflow_dag_api_to_kafka.py
[2026-01-29T09:39:16.208+0000] {logging_mixin.py:188} INFO - [2026-01-29T09:39:16.207+0000] {dag.py:3036} INFO - Sync 1 DAGs
[2026-01-29T09:39:16.242+0000] {logging_mixin.py:188} INFO - [2026-01-29T09:39:16.241+0000] {dag.py:3823} INFO - Setting next_dagrun for tle_api_to_kafka_streaming to 2026-01-29 08:00:00+00:00, run_after=2026-01-29 09:00:00+00:00
[2026-01-29T09:39:16.264+0000] {processor.py:183} INFO - Processing /opt/airflow/dags/airflow_dag_api_to_kafka.py took 0.193 seconds
[2026-01-29T09:39:46.395+0000] {processor.py:161} INFO - Started process (PID=2119) to work on /opt/airflow/dags/airflow_dag_api_to_kafka.py
[2026-01-29T09:39:46.396+0000] {processor.py:830} INFO - Processing file /opt/airflow/dags/airflow_dag_api_to_kafka.py for tasks to queue
[2026-01-29T09:39:46.398+0000] {logging_mixin.py:188} INFO - [2026-01-29T09:39:46.397+0000] {dagbag.py:538} INFO - Filling up the DagBag from /opt/airflow/dags/airflow_dag_api_to_kafka.py
[2026-01-29T09:39:46.467+0000] {processor.py:840} INFO - DAG(s) 'tle_api_to_kafka_streaming' retrieved from /opt/airflow/dags/airflow_dag_api_to_kafka.py
[2026-01-29T09:39:46.506+0000] {logging_mixin.py:188} INFO - [2026-01-29T09:39:46.506+0000] {dag.py:3036} INFO - Sync 1 DAGs
[2026-01-29T09:39:46.543+0000] {logging_mixin.py:188} INFO - [2026-01-29T09:39:46.543+0000] {dag.py:3823} INFO - Setting next_dagrun for tle_api_to_kafka_streaming to 2026-01-29 08:00:00+00:00, run_after=2026-01-29 09:00:00+00:00
[2026-01-29T09:39:46.568+0000] {processor.py:183} INFO - Processing /opt/airflow/dags/airflow_dag_api_to_kafka.py took 0.179 seconds
[2026-01-29T09:40:16.716+0000] {processor.py:161} INFO - Started process (PID=2129) to work on /opt/airflow/dags/airflow_dag_api_to_kafka.py
[2026-01-29T09:40:16.718+0000] {processor.py:830} INFO - Processing file /opt/airflow/dags/airflow_dag_api_to_kafka.py for tasks to queue
[2026-01-29T09:40:16.719+0000] {logging_mixin.py:188} INFO - [2026-01-29T09:40:16.718+0000] {dagbag.py:538} INFO - Filling up the DagBag from /opt/airflow/dags/airflow_dag_api_to_kafka.py
[2026-01-29T09:40:16.790+0000] {processor.py:840} INFO - DAG(s) 'tle_api_to_kafka_streaming' retrieved from /opt/airflow/dags/airflow_dag_api_to_kafka.py
[2026-01-29T09:40:16.832+0000] {logging_mixin.py:188} INFO - [2026-01-29T09:40:16.832+0000] {dag.py:3036} INFO - Sync 1 DAGs
[2026-01-29T09:40:16.873+0000] {logging_mixin.py:188} INFO - [2026-01-29T09:40:16.872+0000] {dag.py:3823} INFO - Setting next_dagrun for tle_api_to_kafka_streaming to 2026-01-29 08:00:00+00:00, run_after=2026-01-29 09:00:00+00:00
[2026-01-29T09:40:17.035+0000] {processor.py:183} INFO - Processing /opt/airflow/dags/airflow_dag_api_to_kafka.py took 0.323 seconds
[2026-01-29T09:40:47.161+0000] {processor.py:161} INFO - Started process (PID=2139) to work on /opt/airflow/dags/airflow_dag_api_to_kafka.py
[2026-01-29T09:40:47.163+0000] {processor.py:830} INFO - Processing file /opt/airflow/dags/airflow_dag_api_to_kafka.py for tasks to queue
[2026-01-29T09:40:47.164+0000] {logging_mixin.py:188} INFO - [2026-01-29T09:40:47.164+0000] {dagbag.py:538} INFO - Filling up the DagBag from /opt/airflow/dags/airflow_dag_api_to_kafka.py
[2026-01-29T09:40:47.265+0000] {processor.py:840} INFO - DAG(s) 'tle_api_to_kafka_streaming' retrieved from /opt/airflow/dags/airflow_dag_api_to_kafka.py
[2026-01-29T09:40:47.302+0000] {logging_mixin.py:188} INFO - [2026-01-29T09:40:47.301+0000] {dag.py:3036} INFO - Sync 1 DAGs
[2026-01-29T09:40:47.336+0000] {logging_mixin.py:188} INFO - [2026-01-29T09:40:47.336+0000] {dag.py:3823} INFO - Setting next_dagrun for tle_api_to_kafka_streaming to 2026-01-29 08:00:00+00:00, run_after=2026-01-29 09:00:00+00:00
[2026-01-29T09:40:47.360+0000] {processor.py:183} INFO - Processing /opt/airflow/dags/airflow_dag_api_to_kafka.py took 0.205 seconds
[2026-01-29T09:41:17.454+0000] {processor.py:161} INFO - Started process (PID=2149) to work on /opt/airflow/dags/airflow_dag_api_to_kafka.py
[2026-01-29T09:41:17.455+0000] {processor.py:830} INFO - Processing file /opt/airflow/dags/airflow_dag_api_to_kafka.py for tasks to queue
[2026-01-29T09:41:17.456+0000] {logging_mixin.py:188} INFO - [2026-01-29T09:41:17.455+0000] {dagbag.py:538} INFO - Filling up the DagBag from /opt/airflow/dags/airflow_dag_api_to_kafka.py
[2026-01-29T09:41:17.531+0000] {processor.py:840} INFO - DAG(s) 'tle_api_to_kafka_streaming' retrieved from /opt/airflow/dags/airflow_dag_api_to_kafka.py
[2026-01-29T09:41:17.565+0000] {logging_mixin.py:188} INFO - [2026-01-29T09:41:17.564+0000] {dag.py:3036} INFO - Sync 1 DAGs
[2026-01-29T09:41:17.599+0000] {logging_mixin.py:188} INFO - [2026-01-29T09:41:17.599+0000] {dag.py:3823} INFO - Setting next_dagrun for tle_api_to_kafka_streaming to 2026-01-29 08:00:00+00:00, run_after=2026-01-29 09:00:00+00:00
[2026-01-29T09:41:17.618+0000] {processor.py:183} INFO - Processing /opt/airflow/dags/airflow_dag_api_to_kafka.py took 0.168 seconds
[2026-01-29T09:41:47.726+0000] {processor.py:161} INFO - Started process (PID=2159) to work on /opt/airflow/dags/airflow_dag_api_to_kafka.py
[2026-01-29T09:41:47.729+0000] {processor.py:830} INFO - Processing file /opt/airflow/dags/airflow_dag_api_to_kafka.py for tasks to queue
[2026-01-29T09:41:47.730+0000] {logging_mixin.py:188} INFO - [2026-01-29T09:41:47.729+0000] {dagbag.py:538} INFO - Filling up the DagBag from /opt/airflow/dags/airflow_dag_api_to_kafka.py
[2026-01-29T09:41:47.811+0000] {processor.py:840} INFO - DAG(s) 'tle_api_to_kafka_streaming' retrieved from /opt/airflow/dags/airflow_dag_api_to_kafka.py
[2026-01-29T09:41:47.848+0000] {logging_mixin.py:188} INFO - [2026-01-29T09:41:47.848+0000] {dag.py:3036} INFO - Sync 1 DAGs
[2026-01-29T09:41:47.881+0000] {logging_mixin.py:188} INFO - [2026-01-29T09:41:47.881+0000] {dag.py:3823} INFO - Setting next_dagrun for tle_api_to_kafka_streaming to 2026-01-29 08:00:00+00:00, run_after=2026-01-29 09:00:00+00:00
[2026-01-29T09:41:47.907+0000] {processor.py:183} INFO - Processing /opt/airflow/dags/airflow_dag_api_to_kafka.py took 0.184 seconds
[2026-01-29T09:42:17.982+0000] {processor.py:161} INFO - Started process (PID=2169) to work on /opt/airflow/dags/airflow_dag_api_to_kafka.py
[2026-01-29T09:42:17.984+0000] {processor.py:830} INFO - Processing file /opt/airflow/dags/airflow_dag_api_to_kafka.py for tasks to queue
[2026-01-29T09:42:17.986+0000] {logging_mixin.py:188} INFO - [2026-01-29T09:42:17.985+0000] {dagbag.py:538} INFO - Filling up the DagBag from /opt/airflow/dags/airflow_dag_api_to_kafka.py
[2026-01-29T09:42:18.068+0000] {processor.py:840} INFO - DAG(s) 'tle_api_to_kafka_streaming' retrieved from /opt/airflow/dags/airflow_dag_api_to_kafka.py
[2026-01-29T09:42:18.107+0000] {logging_mixin.py:188} INFO - [2026-01-29T09:42:18.107+0000] {dag.py:3036} INFO - Sync 1 DAGs
[2026-01-29T09:42:18.145+0000] {logging_mixin.py:188} INFO - [2026-01-29T09:42:18.145+0000] {dag.py:3823} INFO - Setting next_dagrun for tle_api_to_kafka_streaming to 2026-01-29 08:00:00+00:00, run_after=2026-01-29 09:00:00+00:00
[2026-01-29T09:42:18.168+0000] {processor.py:183} INFO - Processing /opt/airflow/dags/airflow_dag_api_to_kafka.py took 0.191 seconds
[2026-01-29T09:42:48.254+0000] {processor.py:161} INFO - Started process (PID=2179) to work on /opt/airflow/dags/airflow_dag_api_to_kafka.py
[2026-01-29T09:42:48.256+0000] {processor.py:830} INFO - Processing file /opt/airflow/dags/airflow_dag_api_to_kafka.py for tasks to queue
[2026-01-29T09:42:48.258+0000] {logging_mixin.py:188} INFO - [2026-01-29T09:42:48.257+0000] {dagbag.py:538} INFO - Filling up the DagBag from /opt/airflow/dags/airflow_dag_api_to_kafka.py
[2026-01-29T09:42:48.349+0000] {processor.py:840} INFO - DAG(s) 'tle_api_to_kafka_streaming' retrieved from /opt/airflow/dags/airflow_dag_api_to_kafka.py
[2026-01-29T09:42:48.381+0000] {logging_mixin.py:188} INFO - [2026-01-29T09:42:48.381+0000] {dag.py:3036} INFO - Sync 1 DAGs
[2026-01-29T09:42:48.413+0000] {logging_mixin.py:188} INFO - [2026-01-29T09:42:48.413+0000] {dag.py:3823} INFO - Setting next_dagrun for tle_api_to_kafka_streaming to 2026-01-29 08:00:00+00:00, run_after=2026-01-29 09:00:00+00:00
[2026-01-29T09:42:48.439+0000] {processor.py:183} INFO - Processing /opt/airflow/dags/airflow_dag_api_to_kafka.py took 0.191 seconds
[2026-01-29T09:43:18.568+0000] {processor.py:161} INFO - Started process (PID=2189) to work on /opt/airflow/dags/airflow_dag_api_to_kafka.py
[2026-01-29T09:43:18.569+0000] {processor.py:830} INFO - Processing file /opt/airflow/dags/airflow_dag_api_to_kafka.py for tasks to queue
[2026-01-29T09:43:18.570+0000] {logging_mixin.py:188} INFO - [2026-01-29T09:43:18.569+0000] {dagbag.py:538} INFO - Filling up the DagBag from /opt/airflow/dags/airflow_dag_api_to_kafka.py
[2026-01-29T09:43:18.667+0000] {processor.py:840} INFO - DAG(s) 'tle_api_to_kafka_streaming' retrieved from /opt/airflow/dags/airflow_dag_api_to_kafka.py
[2026-01-29T09:43:18.706+0000] {logging_mixin.py:188} INFO - [2026-01-29T09:43:18.706+0000] {dag.py:3036} INFO - Sync 1 DAGs
[2026-01-29T09:43:18.745+0000] {logging_mixin.py:188} INFO - [2026-01-29T09:43:18.744+0000] {dag.py:3823} INFO - Setting next_dagrun for tle_api_to_kafka_streaming to 2026-01-29 08:00:00+00:00, run_after=2026-01-29 09:00:00+00:00
[2026-01-29T09:43:18.766+0000] {processor.py:183} INFO - Processing /opt/airflow/dags/airflow_dag_api_to_kafka.py took 0.203 seconds
[2026-01-29T09:43:48.832+0000] {processor.py:161} INFO - Started process (PID=2199) to work on /opt/airflow/dags/airflow_dag_api_to_kafka.py
[2026-01-29T09:43:48.835+0000] {processor.py:830} INFO - Processing file /opt/airflow/dags/airflow_dag_api_to_kafka.py for tasks to queue
[2026-01-29T09:43:48.836+0000] {logging_mixin.py:188} INFO - [2026-01-29T09:43:48.835+0000] {dagbag.py:538} INFO - Filling up the DagBag from /opt/airflow/dags/airflow_dag_api_to_kafka.py
[2026-01-29T09:43:48.898+0000] {processor.py:840} INFO - DAG(s) 'tle_api_to_kafka_streaming' retrieved from /opt/airflow/dags/airflow_dag_api_to_kafka.py
[2026-01-29T09:43:48.932+0000] {logging_mixin.py:188} INFO - [2026-01-29T09:43:48.932+0000] {dag.py:3036} INFO - Sync 1 DAGs
[2026-01-29T09:43:48.962+0000] {logging_mixin.py:188} INFO - [2026-01-29T09:43:48.962+0000] {dag.py:3823} INFO - Setting next_dagrun for tle_api_to_kafka_streaming to 2026-01-29 08:00:00+00:00, run_after=2026-01-29 09:00:00+00:00
[2026-01-29T09:43:48.986+0000] {processor.py:183} INFO - Processing /opt/airflow/dags/airflow_dag_api_to_kafka.py took 0.159 seconds
[2026-01-29T09:44:19.119+0000] {processor.py:161} INFO - Started process (PID=2209) to work on /opt/airflow/dags/airflow_dag_api_to_kafka.py
[2026-01-29T09:44:19.122+0000] {processor.py:830} INFO - Processing file /opt/airflow/dags/airflow_dag_api_to_kafka.py for tasks to queue
[2026-01-29T09:44:19.123+0000] {logging_mixin.py:188} INFO - [2026-01-29T09:44:19.122+0000] {dagbag.py:538} INFO - Filling up the DagBag from /opt/airflow/dags/airflow_dag_api_to_kafka.py
[2026-01-29T09:44:19.238+0000] {processor.py:840} INFO - DAG(s) 'tle_api_to_kafka_streaming' retrieved from /opt/airflow/dags/airflow_dag_api_to_kafka.py
[2026-01-29T09:44:19.277+0000] {logging_mixin.py:188} INFO - [2026-01-29T09:44:19.276+0000] {dag.py:3036} INFO - Sync 1 DAGs
[2026-01-29T09:44:19.314+0000] {logging_mixin.py:188} INFO - [2026-01-29T09:44:19.314+0000] {dag.py:3823} INFO - Setting next_dagrun for tle_api_to_kafka_streaming to 2026-01-29 08:00:00+00:00, run_after=2026-01-29 09:00:00+00:00
[2026-01-29T09:44:19.339+0000] {processor.py:183} INFO - Processing /opt/airflow/dags/airflow_dag_api_to_kafka.py took 0.230 seconds
[2026-01-29T09:44:49.427+0000] {processor.py:161} INFO - Started process (PID=2219) to work on /opt/airflow/dags/airflow_dag_api_to_kafka.py
[2026-01-29T09:44:49.430+0000] {processor.py:830} INFO - Processing file /opt/airflow/dags/airflow_dag_api_to_kafka.py for tasks to queue
[2026-01-29T09:44:49.431+0000] {logging_mixin.py:188} INFO - [2026-01-29T09:44:49.430+0000] {dagbag.py:538} INFO - Filling up the DagBag from /opt/airflow/dags/airflow_dag_api_to_kafka.py
[2026-01-29T09:44:49.515+0000] {processor.py:840} INFO - DAG(s) 'tle_api_to_kafka_streaming' retrieved from /opt/airflow/dags/airflow_dag_api_to_kafka.py
[2026-01-29T09:44:49.554+0000] {logging_mixin.py:188} INFO - [2026-01-29T09:44:49.554+0000] {dag.py:3036} INFO - Sync 1 DAGs
[2026-01-29T09:44:49.595+0000] {logging_mixin.py:188} INFO - [2026-01-29T09:44:49.595+0000] {dag.py:3823} INFO - Setting next_dagrun for tle_api_to_kafka_streaming to 2026-01-29 08:00:00+00:00, run_after=2026-01-29 09:00:00+00:00
[2026-01-29T09:44:49.619+0000] {processor.py:183} INFO - Processing /opt/airflow/dags/airflow_dag_api_to_kafka.py took 0.196 seconds
[2026-01-29T09:45:19.732+0000] {processor.py:161} INFO - Started process (PID=2229) to work on /opt/airflow/dags/airflow_dag_api_to_kafka.py
[2026-01-29T09:45:19.733+0000] {processor.py:830} INFO - Processing file /opt/airflow/dags/airflow_dag_api_to_kafka.py for tasks to queue
[2026-01-29T09:45:19.734+0000] {logging_mixin.py:188} INFO - [2026-01-29T09:45:19.734+0000] {dagbag.py:538} INFO - Filling up the DagBag from /opt/airflow/dags/airflow_dag_api_to_kafka.py
[2026-01-29T09:45:19.834+0000] {processor.py:840} INFO - DAG(s) 'tle_api_to_kafka_streaming' retrieved from /opt/airflow/dags/airflow_dag_api_to_kafka.py
[2026-01-29T09:45:19.868+0000] {logging_mixin.py:188} INFO - [2026-01-29T09:45:19.868+0000] {dag.py:3036} INFO - Sync 1 DAGs
[2026-01-29T09:45:19.903+0000] {logging_mixin.py:188} INFO - [2026-01-29T09:45:19.903+0000] {dag.py:3823} INFO - Setting next_dagrun for tle_api_to_kafka_streaming to 2026-01-29 08:00:00+00:00, run_after=2026-01-29 09:00:00+00:00
[2026-01-29T09:45:19.925+0000] {processor.py:183} INFO - Processing /opt/airflow/dags/airflow_dag_api_to_kafka.py took 0.196 seconds
[2026-01-29T09:45:50.018+0000] {processor.py:161} INFO - Started process (PID=2239) to work on /opt/airflow/dags/airflow_dag_api_to_kafka.py
[2026-01-29T09:45:50.020+0000] {processor.py:830} INFO - Processing file /opt/airflow/dags/airflow_dag_api_to_kafka.py for tasks to queue
[2026-01-29T09:45:50.021+0000] {logging_mixin.py:188} INFO - [2026-01-29T09:45:50.021+0000] {dagbag.py:538} INFO - Filling up the DagBag from /opt/airflow/dags/airflow_dag_api_to_kafka.py
[2026-01-29T09:45:50.130+0000] {processor.py:840} INFO - DAG(s) 'tle_api_to_kafka_streaming' retrieved from /opt/airflow/dags/airflow_dag_api_to_kafka.py
[2026-01-29T09:45:50.162+0000] {logging_mixin.py:188} INFO - [2026-01-29T09:45:50.162+0000] {dag.py:3036} INFO - Sync 1 DAGs
[2026-01-29T09:45:50.198+0000] {logging_mixin.py:188} INFO - [2026-01-29T09:45:50.198+0000] {dag.py:3823} INFO - Setting next_dagrun for tle_api_to_kafka_streaming to 2026-01-29 08:00:00+00:00, run_after=2026-01-29 09:00:00+00:00
[2026-01-29T09:45:50.222+0000] {processor.py:183} INFO - Processing /opt/airflow/dags/airflow_dag_api_to_kafka.py took 0.208 seconds
[2026-01-29T09:46:20.339+0000] {processor.py:161} INFO - Started process (PID=2249) to work on /opt/airflow/dags/airflow_dag_api_to_kafka.py
[2026-01-29T09:46:20.340+0000] {processor.py:830} INFO - Processing file /opt/airflow/dags/airflow_dag_api_to_kafka.py for tasks to queue
[2026-01-29T09:46:20.342+0000] {logging_mixin.py:188} INFO - [2026-01-29T09:46:20.341+0000] {dagbag.py:538} INFO - Filling up the DagBag from /opt/airflow/dags/airflow_dag_api_to_kafka.py
[2026-01-29T09:46:20.433+0000] {processor.py:840} INFO - DAG(s) 'tle_api_to_kafka_streaming' retrieved from /opt/airflow/dags/airflow_dag_api_to_kafka.py
[2026-01-29T09:46:20.464+0000] {logging_mixin.py:188} INFO - [2026-01-29T09:46:20.464+0000] {dag.py:3036} INFO - Sync 1 DAGs
[2026-01-29T09:46:20.499+0000] {logging_mixin.py:188} INFO - [2026-01-29T09:46:20.499+0000] {dag.py:3823} INFO - Setting next_dagrun for tle_api_to_kafka_streaming to 2026-01-29 08:00:00+00:00, run_after=2026-01-29 09:00:00+00:00
[2026-01-29T09:46:20.521+0000] {processor.py:183} INFO - Processing /opt/airflow/dags/airflow_dag_api_to_kafka.py took 0.185 seconds
[2026-01-29T09:46:50.623+0000] {processor.py:161} INFO - Started process (PID=2259) to work on /opt/airflow/dags/airflow_dag_api_to_kafka.py
[2026-01-29T09:46:50.624+0000] {processor.py:830} INFO - Processing file /opt/airflow/dags/airflow_dag_api_to_kafka.py for tasks to queue
[2026-01-29T09:46:50.625+0000] {logging_mixin.py:188} INFO - [2026-01-29T09:46:50.625+0000] {dagbag.py:538} INFO - Filling up the DagBag from /opt/airflow/dags/airflow_dag_api_to_kafka.py
[2026-01-29T09:46:50.710+0000] {processor.py:840} INFO - DAG(s) 'tle_api_to_kafka_streaming' retrieved from /opt/airflow/dags/airflow_dag_api_to_kafka.py
[2026-01-29T09:46:50.745+0000] {logging_mixin.py:188} INFO - [2026-01-29T09:46:50.745+0000] {dag.py:3036} INFO - Sync 1 DAGs
[2026-01-29T09:46:50.783+0000] {logging_mixin.py:188} INFO - [2026-01-29T09:46:50.782+0000] {dag.py:3823} INFO - Setting next_dagrun for tle_api_to_kafka_streaming to 2026-01-29 08:00:00+00:00, run_after=2026-01-29 09:00:00+00:00
[2026-01-29T09:46:50.806+0000] {processor.py:183} INFO - Processing /opt/airflow/dags/airflow_dag_api_to_kafka.py took 0.187 seconds
[2026-01-29T09:47:20.924+0000] {processor.py:161} INFO - Started process (PID=2269) to work on /opt/airflow/dags/airflow_dag_api_to_kafka.py
[2026-01-29T09:47:20.927+0000] {processor.py:830} INFO - Processing file /opt/airflow/dags/airflow_dag_api_to_kafka.py for tasks to queue
[2026-01-29T09:47:20.928+0000] {logging_mixin.py:188} INFO - [2026-01-29T09:47:20.927+0000] {dagbag.py:538} INFO - Filling up the DagBag from /opt/airflow/dags/airflow_dag_api_to_kafka.py
[2026-01-29T09:47:20.994+0000] {processor.py:840} INFO - DAG(s) 'tle_api_to_kafka_streaming' retrieved from /opt/airflow/dags/airflow_dag_api_to_kafka.py
[2026-01-29T09:47:21.029+0000] {logging_mixin.py:188} INFO - [2026-01-29T09:47:21.029+0000] {dag.py:3036} INFO - Sync 1 DAGs
[2026-01-29T09:47:21.063+0000] {logging_mixin.py:188} INFO - [2026-01-29T09:47:21.063+0000] {dag.py:3823} INFO - Setting next_dagrun for tle_api_to_kafka_streaming to 2026-01-29 08:00:00+00:00, run_after=2026-01-29 09:00:00+00:00
[2026-01-29T09:47:21.089+0000] {processor.py:183} INFO - Processing /opt/airflow/dags/airflow_dag_api_to_kafka.py took 0.169 seconds
[2026-01-29T09:47:51.221+0000] {processor.py:161} INFO - Started process (PID=2279) to work on /opt/airflow/dags/airflow_dag_api_to_kafka.py
[2026-01-29T09:47:51.222+0000] {processor.py:830} INFO - Processing file /opt/airflow/dags/airflow_dag_api_to_kafka.py for tasks to queue
[2026-01-29T09:47:51.224+0000] {logging_mixin.py:188} INFO - [2026-01-29T09:47:51.223+0000] {dagbag.py:538} INFO - Filling up the DagBag from /opt/airflow/dags/airflow_dag_api_to_kafka.py
[2026-01-29T09:47:51.327+0000] {processor.py:840} INFO - DAG(s) 'tle_api_to_kafka_streaming' retrieved from /opt/airflow/dags/airflow_dag_api_to_kafka.py
[2026-01-29T09:47:51.366+0000] {logging_mixin.py:188} INFO - [2026-01-29T09:47:51.366+0000] {dag.py:3036} INFO - Sync 1 DAGs
[2026-01-29T09:47:51.406+0000] {logging_mixin.py:188} INFO - [2026-01-29T09:47:51.405+0000] {dag.py:3823} INFO - Setting next_dagrun for tle_api_to_kafka_streaming to 2026-01-29 08:00:00+00:00, run_after=2026-01-29 09:00:00+00:00
[2026-01-29T09:47:51.429+0000] {processor.py:183} INFO - Processing /opt/airflow/dags/airflow_dag_api_to_kafka.py took 0.212 seconds
[2026-01-29T09:48:21.562+0000] {processor.py:161} INFO - Started process (PID=2289) to work on /opt/airflow/dags/airflow_dag_api_to_kafka.py
[2026-01-29T09:48:21.563+0000] {processor.py:830} INFO - Processing file /opt/airflow/dags/airflow_dag_api_to_kafka.py for tasks to queue
[2026-01-29T09:48:21.565+0000] {logging_mixin.py:188} INFO - [2026-01-29T09:48:21.564+0000] {dagbag.py:538} INFO - Filling up the DagBag from /opt/airflow/dags/airflow_dag_api_to_kafka.py
[2026-01-29T09:48:21.644+0000] {processor.py:840} INFO - DAG(s) 'tle_api_to_kafka_streaming' retrieved from /opt/airflow/dags/airflow_dag_api_to_kafka.py
[2026-01-29T09:48:21.684+0000] {logging_mixin.py:188} INFO - [2026-01-29T09:48:21.684+0000] {dag.py:3036} INFO - Sync 1 DAGs
[2026-01-29T09:48:21.723+0000] {logging_mixin.py:188} INFO - [2026-01-29T09:48:21.722+0000] {dag.py:3823} INFO - Setting next_dagrun for tle_api_to_kafka_streaming to 2026-01-29 08:00:00+00:00, run_after=2026-01-29 09:00:00+00:00
[2026-01-29T09:48:21.749+0000] {processor.py:183} INFO - Processing /opt/airflow/dags/airflow_dag_api_to_kafka.py took 0.191 seconds
[2026-01-29T09:48:51.876+0000] {processor.py:161} INFO - Started process (PID=2299) to work on /opt/airflow/dags/airflow_dag_api_to_kafka.py
[2026-01-29T09:48:51.877+0000] {processor.py:830} INFO - Processing file /opt/airflow/dags/airflow_dag_api_to_kafka.py for tasks to queue
[2026-01-29T09:48:51.878+0000] {logging_mixin.py:188} INFO - [2026-01-29T09:48:51.878+0000] {dagbag.py:538} INFO - Filling up the DagBag from /opt/airflow/dags/airflow_dag_api_to_kafka.py
[2026-01-29T09:48:51.980+0000] {processor.py:840} INFO - DAG(s) 'tle_api_to_kafka_streaming' retrieved from /opt/airflow/dags/airflow_dag_api_to_kafka.py
[2026-01-29T09:48:52.015+0000] {logging_mixin.py:188} INFO - [2026-01-29T09:48:52.015+0000] {dag.py:3036} INFO - Sync 1 DAGs
[2026-01-29T09:48:52.052+0000] {logging_mixin.py:188} INFO - [2026-01-29T09:48:52.052+0000] {dag.py:3823} INFO - Setting next_dagrun for tle_api_to_kafka_streaming to 2026-01-29 08:00:00+00:00, run_after=2026-01-29 09:00:00+00:00
[2026-01-29T09:48:52.079+0000] {processor.py:183} INFO - Processing /opt/airflow/dags/airflow_dag_api_to_kafka.py took 0.206 seconds
[2026-01-29T09:49:22.206+0000] {processor.py:161} INFO - Started process (PID=2309) to work on /opt/airflow/dags/airflow_dag_api_to_kafka.py
[2026-01-29T09:49:22.208+0000] {processor.py:830} INFO - Processing file /opt/airflow/dags/airflow_dag_api_to_kafka.py for tasks to queue
[2026-01-29T09:49:22.209+0000] {logging_mixin.py:188} INFO - [2026-01-29T09:49:22.209+0000] {dagbag.py:538} INFO - Filling up the DagBag from /opt/airflow/dags/airflow_dag_api_to_kafka.py
[2026-01-29T09:49:22.285+0000] {processor.py:840} INFO - DAG(s) 'tle_api_to_kafka_streaming' retrieved from /opt/airflow/dags/airflow_dag_api_to_kafka.py
[2026-01-29T09:49:22.321+0000] {logging_mixin.py:188} INFO - [2026-01-29T09:49:22.321+0000] {dag.py:3036} INFO - Sync 1 DAGs
[2026-01-29T09:49:22.352+0000] {logging_mixin.py:188} INFO - [2026-01-29T09:49:22.352+0000] {dag.py:3823} INFO - Setting next_dagrun for tle_api_to_kafka_streaming to 2026-01-29 08:00:00+00:00, run_after=2026-01-29 09:00:00+00:00
[2026-01-29T09:49:22.373+0000] {processor.py:183} INFO - Processing /opt/airflow/dags/airflow_dag_api_to_kafka.py took 0.171 seconds
[2026-01-29T09:49:52.501+0000] {processor.py:161} INFO - Started process (PID=2319) to work on /opt/airflow/dags/airflow_dag_api_to_kafka.py
[2026-01-29T09:49:52.502+0000] {processor.py:830} INFO - Processing file /opt/airflow/dags/airflow_dag_api_to_kafka.py for tasks to queue
[2026-01-29T09:49:52.503+0000] {logging_mixin.py:188} INFO - [2026-01-29T09:49:52.502+0000] {dagbag.py:538} INFO - Filling up the DagBag from /opt/airflow/dags/airflow_dag_api_to_kafka.py
[2026-01-29T09:49:52.616+0000] {processor.py:840} INFO - DAG(s) 'tle_api_to_kafka_streaming' retrieved from /opt/airflow/dags/airflow_dag_api_to_kafka.py
[2026-01-29T09:49:52.656+0000] {logging_mixin.py:188} INFO - [2026-01-29T09:49:52.655+0000] {dag.py:3036} INFO - Sync 1 DAGs
[2026-01-29T09:49:52.696+0000] {logging_mixin.py:188} INFO - [2026-01-29T09:49:52.696+0000] {dag.py:3823} INFO - Setting next_dagrun for tle_api_to_kafka_streaming to 2026-01-29 08:00:00+00:00, run_after=2026-01-29 09:00:00+00:00
[2026-01-29T09:49:52.716+0000] {processor.py:183} INFO - Processing /opt/airflow/dags/airflow_dag_api_to_kafka.py took 0.219 seconds
[2026-01-29T09:50:22.841+0000] {processor.py:161} INFO - Started process (PID=2329) to work on /opt/airflow/dags/airflow_dag_api_to_kafka.py
[2026-01-29T09:50:22.843+0000] {processor.py:830} INFO - Processing file /opt/airflow/dags/airflow_dag_api_to_kafka.py for tasks to queue
[2026-01-29T09:50:22.844+0000] {logging_mixin.py:188} INFO - [2026-01-29T09:50:22.844+0000] {dagbag.py:538} INFO - Filling up the DagBag from /opt/airflow/dags/airflow_dag_api_to_kafka.py
[2026-01-29T09:50:22.947+0000] {processor.py:840} INFO - DAG(s) 'tle_api_to_kafka_streaming' retrieved from /opt/airflow/dags/airflow_dag_api_to_kafka.py
[2026-01-29T09:50:22.983+0000] {logging_mixin.py:188} INFO - [2026-01-29T09:50:22.983+0000] {dag.py:3036} INFO - Sync 1 DAGs
[2026-01-29T09:50:23.031+0000] {logging_mixin.py:188} INFO - [2026-01-29T09:50:23.031+0000] {dag.py:3823} INFO - Setting next_dagrun for tle_api_to_kafka_streaming to 2026-01-29 08:00:00+00:00, run_after=2026-01-29 09:00:00+00:00
[2026-01-29T09:50:23.058+0000] {processor.py:183} INFO - Processing /opt/airflow/dags/airflow_dag_api_to_kafka.py took 0.222 seconds
[2026-01-29T09:50:53.188+0000] {processor.py:161} INFO - Started process (PID=2339) to work on /opt/airflow/dags/airflow_dag_api_to_kafka.py
[2026-01-29T09:50:53.189+0000] {processor.py:830} INFO - Processing file /opt/airflow/dags/airflow_dag_api_to_kafka.py for tasks to queue
[2026-01-29T09:50:53.189+0000] {logging_mixin.py:188} INFO - [2026-01-29T09:50:53.189+0000] {dagbag.py:538} INFO - Filling up the DagBag from /opt/airflow/dags/airflow_dag_api_to_kafka.py
[2026-01-29T09:50:53.292+0000] {processor.py:840} INFO - DAG(s) 'tle_api_to_kafka_streaming' retrieved from /opt/airflow/dags/airflow_dag_api_to_kafka.py
[2026-01-29T09:50:53.338+0000] {logging_mixin.py:188} INFO - [2026-01-29T09:50:53.338+0000] {dag.py:3036} INFO - Sync 1 DAGs
[2026-01-29T09:50:53.375+0000] {logging_mixin.py:188} INFO - [2026-01-29T09:50:53.374+0000] {dag.py:3823} INFO - Setting next_dagrun for tle_api_to_kafka_streaming to 2026-01-29 08:00:00+00:00, run_after=2026-01-29 09:00:00+00:00
[2026-01-29T09:50:53.399+0000] {processor.py:183} INFO - Processing /opt/airflow/dags/airflow_dag_api_to_kafka.py took 0.215 seconds
[2026-01-29T09:51:23.532+0000] {processor.py:161} INFO - Started process (PID=2349) to work on /opt/airflow/dags/airflow_dag_api_to_kafka.py
[2026-01-29T09:51:23.533+0000] {processor.py:830} INFO - Processing file /opt/airflow/dags/airflow_dag_api_to_kafka.py for tasks to queue
[2026-01-29T09:51:23.534+0000] {logging_mixin.py:188} INFO - [2026-01-29T09:51:23.534+0000] {dagbag.py:538} INFO - Filling up the DagBag from /opt/airflow/dags/airflow_dag_api_to_kafka.py
[2026-01-29T09:51:23.636+0000] {processor.py:840} INFO - DAG(s) 'tle_api_to_kafka_streaming' retrieved from /opt/airflow/dags/airflow_dag_api_to_kafka.py
[2026-01-29T09:51:23.672+0000] {logging_mixin.py:188} INFO - [2026-01-29T09:51:23.671+0000] {dag.py:3036} INFO - Sync 1 DAGs
[2026-01-29T09:51:23.706+0000] {logging_mixin.py:188} INFO - [2026-01-29T09:51:23.705+0000] {dag.py:3823} INFO - Setting next_dagrun for tle_api_to_kafka_streaming to 2026-01-29 08:00:00+00:00, run_after=2026-01-29 09:00:00+00:00
[2026-01-29T09:51:23.727+0000] {processor.py:183} INFO - Processing /opt/airflow/dags/airflow_dag_api_to_kafka.py took 0.198 seconds
[2026-01-29T09:51:53.855+0000] {processor.py:161} INFO - Started process (PID=2359) to work on /opt/airflow/dags/airflow_dag_api_to_kafka.py
[2026-01-29T09:51:53.856+0000] {processor.py:830} INFO - Processing file /opt/airflow/dags/airflow_dag_api_to_kafka.py for tasks to queue
[2026-01-29T09:51:53.857+0000] {logging_mixin.py:188} INFO - [2026-01-29T09:51:53.856+0000] {dagbag.py:538} INFO - Filling up the DagBag from /opt/airflow/dags/airflow_dag_api_to_kafka.py
[2026-01-29T09:51:53.929+0000] {processor.py:840} INFO - DAG(s) 'tle_api_to_kafka_streaming' retrieved from /opt/airflow/dags/airflow_dag_api_to_kafka.py
[2026-01-29T09:51:53.959+0000] {logging_mixin.py:188} INFO - [2026-01-29T09:51:53.959+0000] {dag.py:3036} INFO - Sync 1 DAGs
[2026-01-29T09:51:53.986+0000] {logging_mixin.py:188} INFO - [2026-01-29T09:51:53.986+0000] {dag.py:3823} INFO - Setting next_dagrun for tle_api_to_kafka_streaming to 2026-01-29 08:00:00+00:00, run_after=2026-01-29 09:00:00+00:00
[2026-01-29T09:51:54.008+0000] {processor.py:183} INFO - Processing /opt/airflow/dags/airflow_dag_api_to_kafka.py took 0.155 seconds
[2026-01-29T09:52:24.138+0000] {processor.py:161} INFO - Started process (PID=2369) to work on /opt/airflow/dags/airflow_dag_api_to_kafka.py
[2026-01-29T09:52:24.139+0000] {processor.py:830} INFO - Processing file /opt/airflow/dags/airflow_dag_api_to_kafka.py for tasks to queue
[2026-01-29T09:52:24.140+0000] {logging_mixin.py:188} INFO - [2026-01-29T09:52:24.140+0000] {dagbag.py:538} INFO - Filling up the DagBag from /opt/airflow/dags/airflow_dag_api_to_kafka.py
[2026-01-29T09:52:24.236+0000] {processor.py:840} INFO - DAG(s) 'tle_api_to_kafka_streaming' retrieved from /opt/airflow/dags/airflow_dag_api_to_kafka.py
[2026-01-29T09:52:24.273+0000] {logging_mixin.py:188} INFO - [2026-01-29T09:52:24.272+0000] {dag.py:3036} INFO - Sync 1 DAGs
[2026-01-29T09:52:24.306+0000] {logging_mixin.py:188} INFO - [2026-01-29T09:52:24.306+0000] {dag.py:3823} INFO - Setting next_dagrun for tle_api_to_kafka_streaming to 2026-01-29 08:00:00+00:00, run_after=2026-01-29 09:00:00+00:00
[2026-01-29T09:52:24.326+0000] {processor.py:183} INFO - Processing /opt/airflow/dags/airflow_dag_api_to_kafka.py took 0.194 seconds
[2026-01-29T09:52:54.453+0000] {processor.py:161} INFO - Started process (PID=2379) to work on /opt/airflow/dags/airflow_dag_api_to_kafka.py
[2026-01-29T09:52:54.455+0000] {processor.py:830} INFO - Processing file /opt/airflow/dags/airflow_dag_api_to_kafka.py for tasks to queue
[2026-01-29T09:52:54.457+0000] {logging_mixin.py:188} INFO - [2026-01-29T09:52:54.456+0000] {dagbag.py:538} INFO - Filling up the DagBag from /opt/airflow/dags/airflow_dag_api_to_kafka.py
[2026-01-29T09:52:54.536+0000] {processor.py:840} INFO - DAG(s) 'tle_api_to_kafka_streaming' retrieved from /opt/airflow/dags/airflow_dag_api_to_kafka.py
[2026-01-29T09:52:54.570+0000] {logging_mixin.py:188} INFO - [2026-01-29T09:52:54.569+0000] {dag.py:3036} INFO - Sync 1 DAGs
[2026-01-29T09:52:54.607+0000] {logging_mixin.py:188} INFO - [2026-01-29T09:52:54.607+0000] {dag.py:3823} INFO - Setting next_dagrun for tle_api_to_kafka_streaming to 2026-01-29 08:00:00+00:00, run_after=2026-01-29 09:00:00+00:00
[2026-01-29T09:52:54.627+0000] {processor.py:183} INFO - Processing /opt/airflow/dags/airflow_dag_api_to_kafka.py took 0.178 seconds
[2026-01-29T09:53:24.763+0000] {processor.py:161} INFO - Started process (PID=2389) to work on /opt/airflow/dags/airflow_dag_api_to_kafka.py
[2026-01-29T09:53:24.764+0000] {processor.py:830} INFO - Processing file /opt/airflow/dags/airflow_dag_api_to_kafka.py for tasks to queue
[2026-01-29T09:53:24.764+0000] {logging_mixin.py:188} INFO - [2026-01-29T09:53:24.764+0000] {dagbag.py:538} INFO - Filling up the DagBag from /opt/airflow/dags/airflow_dag_api_to_kafka.py
[2026-01-29T09:53:24.864+0000] {processor.py:840} INFO - DAG(s) 'tle_api_to_kafka_streaming' retrieved from /opt/airflow/dags/airflow_dag_api_to_kafka.py
[2026-01-29T09:53:24.900+0000] {logging_mixin.py:188} INFO - [2026-01-29T09:53:24.899+0000] {dag.py:3036} INFO - Sync 1 DAGs
[2026-01-29T09:53:24.937+0000] {logging_mixin.py:188} INFO - [2026-01-29T09:53:24.936+0000] {dag.py:3823} INFO - Setting next_dagrun for tle_api_to_kafka_streaming to 2026-01-29 08:00:00+00:00, run_after=2026-01-29 09:00:00+00:00
[2026-01-29T09:53:24.956+0000] {processor.py:183} INFO - Processing /opt/airflow/dags/airflow_dag_api_to_kafka.py took 0.197 seconds
[2026-01-29T09:53:55.077+0000] {processor.py:161} INFO - Started process (PID=2399) to work on /opt/airflow/dags/airflow_dag_api_to_kafka.py
[2026-01-29T09:53:55.079+0000] {processor.py:830} INFO - Processing file /opt/airflow/dags/airflow_dag_api_to_kafka.py for tasks to queue
[2026-01-29T09:53:55.081+0000] {logging_mixin.py:188} INFO - [2026-01-29T09:53:55.080+0000] {dagbag.py:538} INFO - Filling up the DagBag from /opt/airflow/dags/airflow_dag_api_to_kafka.py
[2026-01-29T09:53:55.164+0000] {processor.py:840} INFO - DAG(s) 'tle_api_to_kafka_streaming' retrieved from /opt/airflow/dags/airflow_dag_api_to_kafka.py
[2026-01-29T09:53:55.196+0000] {logging_mixin.py:188} INFO - [2026-01-29T09:53:55.196+0000] {dag.py:3036} INFO - Sync 1 DAGs
[2026-01-29T09:53:55.229+0000] {logging_mixin.py:188} INFO - [2026-01-29T09:53:55.229+0000] {dag.py:3823} INFO - Setting next_dagrun for tle_api_to_kafka_streaming to 2026-01-29 08:00:00+00:00, run_after=2026-01-29 09:00:00+00:00
[2026-01-29T09:53:55.248+0000] {processor.py:183} INFO - Processing /opt/airflow/dags/airflow_dag_api_to_kafka.py took 0.176 seconds
[2026-01-29T09:54:25.369+0000] {processor.py:161} INFO - Started process (PID=2409) to work on /opt/airflow/dags/airflow_dag_api_to_kafka.py
[2026-01-29T09:54:25.372+0000] {processor.py:830} INFO - Processing file /opt/airflow/dags/airflow_dag_api_to_kafka.py for tasks to queue
[2026-01-29T09:54:25.373+0000] {logging_mixin.py:188} INFO - [2026-01-29T09:54:25.372+0000] {dagbag.py:538} INFO - Filling up the DagBag from /opt/airflow/dags/airflow_dag_api_to_kafka.py
[2026-01-29T09:54:25.457+0000] {processor.py:840} INFO - DAG(s) 'tle_api_to_kafka_streaming' retrieved from /opt/airflow/dags/airflow_dag_api_to_kafka.py
[2026-01-29T09:54:25.489+0000] {logging_mixin.py:188} INFO - [2026-01-29T09:54:25.489+0000] {dag.py:3036} INFO - Sync 1 DAGs
[2026-01-29T09:54:25.518+0000] {logging_mixin.py:188} INFO - [2026-01-29T09:54:25.518+0000] {dag.py:3823} INFO - Setting next_dagrun for tle_api_to_kafka_streaming to 2026-01-29 08:00:00+00:00, run_after=2026-01-29 09:00:00+00:00
[2026-01-29T09:54:25.536+0000] {processor.py:183} INFO - Processing /opt/airflow/dags/airflow_dag_api_to_kafka.py took 0.170 seconds
[2026-01-29T09:54:55.666+0000] {processor.py:161} INFO - Started process (PID=2419) to work on /opt/airflow/dags/airflow_dag_api_to_kafka.py
[2026-01-29T09:54:55.667+0000] {processor.py:830} INFO - Processing file /opt/airflow/dags/airflow_dag_api_to_kafka.py for tasks to queue
[2026-01-29T09:54:55.669+0000] {logging_mixin.py:188} INFO - [2026-01-29T09:54:55.668+0000] {dagbag.py:538} INFO - Filling up the DagBag from /opt/airflow/dags/airflow_dag_api_to_kafka.py
[2026-01-29T09:54:55.770+0000] {processor.py:840} INFO - DAG(s) 'tle_api_to_kafka_streaming' retrieved from /opt/airflow/dags/airflow_dag_api_to_kafka.py
[2026-01-29T09:54:55.809+0000] {logging_mixin.py:188} INFO - [2026-01-29T09:54:55.809+0000] {dag.py:3036} INFO - Sync 1 DAGs
[2026-01-29T09:54:55.844+0000] {logging_mixin.py:188} INFO - [2026-01-29T09:54:55.844+0000] {dag.py:3823} INFO - Setting next_dagrun for tle_api_to_kafka_streaming to 2026-01-29 08:00:00+00:00, run_after=2026-01-29 09:00:00+00:00
[2026-01-29T09:54:55.863+0000] {processor.py:183} INFO - Processing /opt/airflow/dags/airflow_dag_api_to_kafka.py took 0.206 seconds
[2026-01-29T09:55:25.998+0000] {processor.py:161} INFO - Started process (PID=2429) to work on /opt/airflow/dags/airflow_dag_api_to_kafka.py
[2026-01-29T09:55:26.001+0000] {processor.py:830} INFO - Processing file /opt/airflow/dags/airflow_dag_api_to_kafka.py for tasks to queue
[2026-01-29T09:55:26.002+0000] {logging_mixin.py:188} INFO - [2026-01-29T09:55:26.002+0000] {dagbag.py:538} INFO - Filling up the DagBag from /opt/airflow/dags/airflow_dag_api_to_kafka.py
[2026-01-29T09:55:26.110+0000] {processor.py:840} INFO - DAG(s) 'tle_api_to_kafka_streaming' retrieved from /opt/airflow/dags/airflow_dag_api_to_kafka.py
[2026-01-29T09:55:26.144+0000] {logging_mixin.py:188} INFO - [2026-01-29T09:55:26.144+0000] {dag.py:3036} INFO - Sync 1 DAGs
[2026-01-29T09:55:26.185+0000] {logging_mixin.py:188} INFO - [2026-01-29T09:55:26.185+0000] {dag.py:3823} INFO - Setting next_dagrun for tle_api_to_kafka_streaming to 2026-01-29 08:00:00+00:00, run_after=2026-01-29 09:00:00+00:00
[2026-01-29T09:55:26.205+0000] {processor.py:183} INFO - Processing /opt/airflow/dags/airflow_dag_api_to_kafka.py took 0.211 seconds
[2026-01-29T09:55:56.326+0000] {processor.py:161} INFO - Started process (PID=2439) to work on /opt/airflow/dags/airflow_dag_api_to_kafka.py
[2026-01-29T09:55:56.328+0000] {processor.py:830} INFO - Processing file /opt/airflow/dags/airflow_dag_api_to_kafka.py for tasks to queue
[2026-01-29T09:55:56.328+0000] {logging_mixin.py:188} INFO - [2026-01-29T09:55:56.328+0000] {dagbag.py:538} INFO - Filling up the DagBag from /opt/airflow/dags/airflow_dag_api_to_kafka.py
[2026-01-29T09:55:56.424+0000] {processor.py:840} INFO - DAG(s) 'tle_api_to_kafka_streaming' retrieved from /opt/airflow/dags/airflow_dag_api_to_kafka.py
[2026-01-29T09:55:56.461+0000] {logging_mixin.py:188} INFO - [2026-01-29T09:55:56.461+0000] {dag.py:3036} INFO - Sync 1 DAGs
[2026-01-29T09:55:56.498+0000] {logging_mixin.py:188} INFO - [2026-01-29T09:55:56.498+0000] {dag.py:3823} INFO - Setting next_dagrun for tle_api_to_kafka_streaming to 2026-01-29 08:00:00+00:00, run_after=2026-01-29 09:00:00+00:00
[2026-01-29T09:55:56.517+0000] {processor.py:183} INFO - Processing /opt/airflow/dags/airflow_dag_api_to_kafka.py took 0.195 seconds
[2026-01-29T09:56:26.650+0000] {processor.py:161} INFO - Started process (PID=2449) to work on /opt/airflow/dags/airflow_dag_api_to_kafka.py
[2026-01-29T09:56:26.651+0000] {processor.py:830} INFO - Processing file /opt/airflow/dags/airflow_dag_api_to_kafka.py for tasks to queue
[2026-01-29T09:56:26.652+0000] {logging_mixin.py:188} INFO - [2026-01-29T09:56:26.652+0000] {dagbag.py:538} INFO - Filling up the DagBag from /opt/airflow/dags/airflow_dag_api_to_kafka.py
[2026-01-29T09:56:26.755+0000] {processor.py:840} INFO - DAG(s) 'tle_api_to_kafka_streaming' retrieved from /opt/airflow/dags/airflow_dag_api_to_kafka.py
[2026-01-29T09:56:26.785+0000] {logging_mixin.py:188} INFO - [2026-01-29T09:56:26.785+0000] {dag.py:3036} INFO - Sync 1 DAGs
[2026-01-29T09:56:26.828+0000] {logging_mixin.py:188} INFO - [2026-01-29T09:56:26.828+0000] {dag.py:3823} INFO - Setting next_dagrun for tle_api_to_kafka_streaming to 2026-01-29 08:00:00+00:00, run_after=2026-01-29 09:00:00+00:00
[2026-01-29T09:56:26.848+0000] {processor.py:183} INFO - Processing /opt/airflow/dags/airflow_dag_api_to_kafka.py took 0.202 seconds
[2026-01-29T09:56:56.986+0000] {processor.py:161} INFO - Started process (PID=2459) to work on /opt/airflow/dags/airflow_dag_api_to_kafka.py
[2026-01-29T09:56:56.988+0000] {processor.py:830} INFO - Processing file /opt/airflow/dags/airflow_dag_api_to_kafka.py for tasks to queue
[2026-01-29T09:56:56.990+0000] {logging_mixin.py:188} INFO - [2026-01-29T09:56:56.989+0000] {dagbag.py:538} INFO - Filling up the DagBag from /opt/airflow/dags/airflow_dag_api_to_kafka.py
[2026-01-29T09:56:57.090+0000] {processor.py:840} INFO - DAG(s) 'tle_api_to_kafka_streaming' retrieved from /opt/airflow/dags/airflow_dag_api_to_kafka.py
[2026-01-29T09:56:57.124+0000] {logging_mixin.py:188} INFO - [2026-01-29T09:56:57.124+0000] {dag.py:3036} INFO - Sync 1 DAGs
[2026-01-29T09:56:57.161+0000] {logging_mixin.py:188} INFO - [2026-01-29T09:56:57.161+0000] {dag.py:3823} INFO - Setting next_dagrun for tle_api_to_kafka_streaming to 2026-01-29 08:00:00+00:00, run_after=2026-01-29 09:00:00+00:00
[2026-01-29T09:56:57.183+0000] {processor.py:183} INFO - Processing /opt/airflow/dags/airflow_dag_api_to_kafka.py took 0.202 seconds
[2026-01-29T09:57:27.316+0000] {processor.py:161} INFO - Started process (PID=2469) to work on /opt/airflow/dags/airflow_dag_api_to_kafka.py
[2026-01-29T09:57:27.318+0000] {processor.py:830} INFO - Processing file /opt/airflow/dags/airflow_dag_api_to_kafka.py for tasks to queue
[2026-01-29T09:57:27.319+0000] {logging_mixin.py:188} INFO - [2026-01-29T09:57:27.318+0000] {dagbag.py:538} INFO - Filling up the DagBag from /opt/airflow/dags/airflow_dag_api_to_kafka.py
[2026-01-29T09:57:27.403+0000] {processor.py:840} INFO - DAG(s) 'tle_api_to_kafka_streaming' retrieved from /opt/airflow/dags/airflow_dag_api_to_kafka.py
[2026-01-29T09:57:27.438+0000] {logging_mixin.py:188} INFO - [2026-01-29T09:57:27.437+0000] {dag.py:3036} INFO - Sync 1 DAGs
[2026-01-29T09:57:27.477+0000] {logging_mixin.py:188} INFO - [2026-01-29T09:57:27.476+0000] {dag.py:3823} INFO - Setting next_dagrun for tle_api_to_kafka_streaming to 2026-01-29 08:00:00+00:00, run_after=2026-01-29 09:00:00+00:00
[2026-01-29T09:57:27.499+0000] {processor.py:183} INFO - Processing /opt/airflow/dags/airflow_dag_api_to_kafka.py took 0.187 seconds
[2026-01-29T09:57:57.632+0000] {processor.py:161} INFO - Started process (PID=2479) to work on /opt/airflow/dags/airflow_dag_api_to_kafka.py
[2026-01-29T09:57:57.633+0000] {processor.py:830} INFO - Processing file /opt/airflow/dags/airflow_dag_api_to_kafka.py for tasks to queue
[2026-01-29T09:57:57.634+0000] {logging_mixin.py:188} INFO - [2026-01-29T09:57:57.633+0000] {dagbag.py:538} INFO - Filling up the DagBag from /opt/airflow/dags/airflow_dag_api_to_kafka.py
[2026-01-29T09:57:57.732+0000] {processor.py:840} INFO - DAG(s) 'tle_api_to_kafka_streaming' retrieved from /opt/airflow/dags/airflow_dag_api_to_kafka.py
[2026-01-29T09:57:57.773+0000] {logging_mixin.py:188} INFO - [2026-01-29T09:57:57.773+0000] {dag.py:3036} INFO - Sync 1 DAGs
[2026-01-29T09:57:57.813+0000] {logging_mixin.py:188} INFO - [2026-01-29T09:57:57.813+0000] {dag.py:3823} INFO - Setting next_dagrun for tle_api_to_kafka_streaming to 2026-01-29 08:00:00+00:00, run_after=2026-01-29 09:00:00+00:00
[2026-01-29T09:57:57.833+0000] {processor.py:183} INFO - Processing /opt/airflow/dags/airflow_dag_api_to_kafka.py took 0.205 seconds
[2026-01-29T09:58:27.959+0000] {processor.py:161} INFO - Started process (PID=2489) to work on /opt/airflow/dags/airflow_dag_api_to_kafka.py
[2026-01-29T09:58:27.961+0000] {processor.py:830} INFO - Processing file /opt/airflow/dags/airflow_dag_api_to_kafka.py for tasks to queue
[2026-01-29T09:58:27.961+0000] {logging_mixin.py:188} INFO - [2026-01-29T09:58:27.961+0000] {dagbag.py:538} INFO - Filling up the DagBag from /opt/airflow/dags/airflow_dag_api_to_kafka.py
[2026-01-29T09:58:28.060+0000] {processor.py:840} INFO - DAG(s) 'tle_api_to_kafka_streaming' retrieved from /opt/airflow/dags/airflow_dag_api_to_kafka.py
[2026-01-29T09:58:28.099+0000] {logging_mixin.py:188} INFO - [2026-01-29T09:58:28.099+0000] {dag.py:3036} INFO - Sync 1 DAGs
[2026-01-29T09:58:28.132+0000] {logging_mixin.py:188} INFO - [2026-01-29T09:58:28.132+0000] {dag.py:3823} INFO - Setting next_dagrun for tle_api_to_kafka_streaming to 2026-01-29 08:00:00+00:00, run_after=2026-01-29 09:00:00+00:00
[2026-01-29T09:58:28.155+0000] {processor.py:183} INFO - Processing /opt/airflow/dags/airflow_dag_api_to_kafka.py took 0.199 seconds
[2026-01-29T09:58:58.272+0000] {processor.py:161} INFO - Started process (PID=2499) to work on /opt/airflow/dags/airflow_dag_api_to_kafka.py
[2026-01-29T09:58:58.273+0000] {processor.py:830} INFO - Processing file /opt/airflow/dags/airflow_dag_api_to_kafka.py for tasks to queue
[2026-01-29T09:58:58.273+0000] {logging_mixin.py:188} INFO - [2026-01-29T09:58:58.273+0000] {dagbag.py:538} INFO - Filling up the DagBag from /opt/airflow/dags/airflow_dag_api_to_kafka.py
[2026-01-29T09:58:58.335+0000] {processor.py:840} INFO - DAG(s) 'tle_api_to_kafka_streaming' retrieved from /opt/airflow/dags/airflow_dag_api_to_kafka.py
[2026-01-29T09:58:58.369+0000] {logging_mixin.py:188} INFO - [2026-01-29T09:58:58.368+0000] {dag.py:3036} INFO - Sync 1 DAGs
[2026-01-29T09:58:58.405+0000] {logging_mixin.py:188} INFO - [2026-01-29T09:58:58.405+0000] {dag.py:3823} INFO - Setting next_dagrun for tle_api_to_kafka_streaming to 2026-01-29 08:00:00+00:00, run_after=2026-01-29 09:00:00+00:00
[2026-01-29T09:58:58.424+0000] {processor.py:183} INFO - Processing /opt/airflow/dags/airflow_dag_api_to_kafka.py took 0.156 seconds
[2026-01-29T09:59:28.548+0000] {processor.py:161} INFO - Started process (PID=2509) to work on /opt/airflow/dags/airflow_dag_api_to_kafka.py
[2026-01-29T09:59:28.551+0000] {processor.py:830} INFO - Processing file /opt/airflow/dags/airflow_dag_api_to_kafka.py for tasks to queue
[2026-01-29T09:59:28.552+0000] {logging_mixin.py:188} INFO - [2026-01-29T09:59:28.551+0000] {dagbag.py:538} INFO - Filling up the DagBag from /opt/airflow/dags/airflow_dag_api_to_kafka.py
[2026-01-29T09:59:28.644+0000] {processor.py:840} INFO - DAG(s) 'tle_api_to_kafka_streaming' retrieved from /opt/airflow/dags/airflow_dag_api_to_kafka.py
[2026-01-29T09:59:28.677+0000] {logging_mixin.py:188} INFO - [2026-01-29T09:59:28.677+0000] {dag.py:3036} INFO - Sync 1 DAGs
[2026-01-29T09:59:28.711+0000] {logging_mixin.py:188} INFO - [2026-01-29T09:59:28.711+0000] {dag.py:3823} INFO - Setting next_dagrun for tle_api_to_kafka_streaming to 2026-01-29 08:00:00+00:00, run_after=2026-01-29 09:00:00+00:00
[2026-01-29T09:59:28.732+0000] {processor.py:183} INFO - Processing /opt/airflow/dags/airflow_dag_api_to_kafka.py took 0.187 seconds
[2026-01-29T09:59:58.858+0000] {processor.py:161} INFO - Started process (PID=2519) to work on /opt/airflow/dags/airflow_dag_api_to_kafka.py
[2026-01-29T09:59:58.861+0000] {processor.py:830} INFO - Processing file /opt/airflow/dags/airflow_dag_api_to_kafka.py for tasks to queue
[2026-01-29T09:59:58.862+0000] {logging_mixin.py:188} INFO - [2026-01-29T09:59:58.861+0000] {dagbag.py:538} INFO - Filling up the DagBag from /opt/airflow/dags/airflow_dag_api_to_kafka.py
[2026-01-29T09:59:58.962+0000] {processor.py:840} INFO - DAG(s) 'tle_api_to_kafka_streaming' retrieved from /opt/airflow/dags/airflow_dag_api_to_kafka.py
[2026-01-29T09:59:58.998+0000] {logging_mixin.py:188} INFO - [2026-01-29T09:59:58.998+0000] {dag.py:3036} INFO - Sync 1 DAGs
[2026-01-29T09:59:59.037+0000] {logging_mixin.py:188} INFO - [2026-01-29T09:59:59.037+0000] {dag.py:3823} INFO - Setting next_dagrun for tle_api_to_kafka_streaming to 2026-01-29 08:00:00+00:00, run_after=2026-01-29 09:00:00+00:00
[2026-01-29T09:59:59.059+0000] {processor.py:183} INFO - Processing /opt/airflow/dags/airflow_dag_api_to_kafka.py took 0.206 seconds
[2026-01-29T10:00:29.186+0000] {processor.py:161} INFO - Started process (PID=2529) to work on /opt/airflow/dags/airflow_dag_api_to_kafka.py
[2026-01-29T10:00:29.187+0000] {processor.py:830} INFO - Processing file /opt/airflow/dags/airflow_dag_api_to_kafka.py for tasks to queue
[2026-01-29T10:00:29.187+0000] {logging_mixin.py:188} INFO - [2026-01-29T10:00:29.187+0000] {dagbag.py:538} INFO - Filling up the DagBag from /opt/airflow/dags/airflow_dag_api_to_kafka.py
[2026-01-29T10:00:29.274+0000] {processor.py:840} INFO - DAG(s) 'tle_api_to_kafka_streaming' retrieved from /opt/airflow/dags/airflow_dag_api_to_kafka.py
[2026-01-29T10:00:29.312+0000] {logging_mixin.py:188} INFO - [2026-01-29T10:00:29.312+0000] {dag.py:3036} INFO - Sync 1 DAGs
[2026-01-29T10:00:29.349+0000] {logging_mixin.py:188} INFO - [2026-01-29T10:00:29.349+0000] {dag.py:3823} INFO - Setting next_dagrun for tle_api_to_kafka_streaming to 2026-01-29 09:00:00+00:00, run_after=2026-01-29 10:00:00+00:00
[2026-01-29T10:00:29.372+0000] {processor.py:183} INFO - Processing /opt/airflow/dags/airflow_dag_api_to_kafka.py took 0.190 seconds
[2026-01-29T10:00:59.494+0000] {processor.py:161} INFO - Started process (PID=2539) to work on /opt/airflow/dags/airflow_dag_api_to_kafka.py
[2026-01-29T10:00:59.496+0000] {processor.py:830} INFO - Processing file /opt/airflow/dags/airflow_dag_api_to_kafka.py for tasks to queue
[2026-01-29T10:00:59.497+0000] {logging_mixin.py:188} INFO - [2026-01-29T10:00:59.497+0000] {dagbag.py:538} INFO - Filling up the DagBag from /opt/airflow/dags/airflow_dag_api_to_kafka.py
[2026-01-29T10:00:59.591+0000] {processor.py:840} INFO - DAG(s) 'tle_api_to_kafka_streaming' retrieved from /opt/airflow/dags/airflow_dag_api_to_kafka.py
[2026-01-29T10:00:59.625+0000] {logging_mixin.py:188} INFO - [2026-01-29T10:00:59.624+0000] {dag.py:3036} INFO - Sync 1 DAGs
[2026-01-29T10:00:59.662+0000] {logging_mixin.py:188} INFO - [2026-01-29T10:00:59.662+0000] {dag.py:3823} INFO - Setting next_dagrun for tle_api_to_kafka_streaming to 2026-01-29 09:00:00+00:00, run_after=2026-01-29 10:00:00+00:00
[2026-01-29T10:00:59.685+0000] {processor.py:183} INFO - Processing /opt/airflow/dags/airflow_dag_api_to_kafka.py took 0.196 seconds
[2026-01-29T10:01:29.807+0000] {processor.py:161} INFO - Started process (PID=2549) to work on /opt/airflow/dags/airflow_dag_api_to_kafka.py
[2026-01-29T10:01:29.809+0000] {processor.py:830} INFO - Processing file /opt/airflow/dags/airflow_dag_api_to_kafka.py for tasks to queue
[2026-01-29T10:01:29.811+0000] {logging_mixin.py:188} INFO - [2026-01-29T10:01:29.810+0000] {dagbag.py:538} INFO - Filling up the DagBag from /opt/airflow/dags/airflow_dag_api_to_kafka.py
[2026-01-29T10:01:29.888+0000] {processor.py:840} INFO - DAG(s) 'tle_api_to_kafka_streaming' retrieved from /opt/airflow/dags/airflow_dag_api_to_kafka.py
[2026-01-29T10:01:29.924+0000] {logging_mixin.py:188} INFO - [2026-01-29T10:01:29.923+0000] {dag.py:3036} INFO - Sync 1 DAGs
[2026-01-29T10:01:29.961+0000] {logging_mixin.py:188} INFO - [2026-01-29T10:01:29.961+0000] {dag.py:3823} INFO - Setting next_dagrun for tle_api_to_kafka_streaming to 2026-01-29 09:00:00+00:00, run_after=2026-01-29 10:00:00+00:00
[2026-01-29T10:01:29.982+0000] {processor.py:183} INFO - Processing /opt/airflow/dags/airflow_dag_api_to_kafka.py took 0.179 seconds
[2026-01-29T10:02:00.121+0000] {processor.py:161} INFO - Started process (PID=2559) to work on /opt/airflow/dags/airflow_dag_api_to_kafka.py
[2026-01-29T10:02:00.123+0000] {processor.py:830} INFO - Processing file /opt/airflow/dags/airflow_dag_api_to_kafka.py for tasks to queue
[2026-01-29T10:02:00.124+0000] {logging_mixin.py:188} INFO - [2026-01-29T10:02:00.124+0000] {dagbag.py:538} INFO - Filling up the DagBag from /opt/airflow/dags/airflow_dag_api_to_kafka.py
[2026-01-29T10:02:00.222+0000] {processor.py:840} INFO - DAG(s) 'tle_api_to_kafka_streaming' retrieved from /opt/airflow/dags/airflow_dag_api_to_kafka.py
[2026-01-29T10:02:00.255+0000] {logging_mixin.py:188} INFO - [2026-01-29T10:02:00.255+0000] {dag.py:3036} INFO - Sync 1 DAGs
[2026-01-29T10:02:00.288+0000] {logging_mixin.py:188} INFO - [2026-01-29T10:02:00.287+0000] {dag.py:3823} INFO - Setting next_dagrun for tle_api_to_kafka_streaming to 2026-01-29 09:00:00+00:00, run_after=2026-01-29 10:00:00+00:00
[2026-01-29T10:02:00.312+0000] {processor.py:183} INFO - Processing /opt/airflow/dags/airflow_dag_api_to_kafka.py took 0.195 seconds
[2026-01-29T10:02:30.442+0000] {processor.py:161} INFO - Started process (PID=2569) to work on /opt/airflow/dags/airflow_dag_api_to_kafka.py
[2026-01-29T10:02:30.444+0000] {processor.py:830} INFO - Processing file /opt/airflow/dags/airflow_dag_api_to_kafka.py for tasks to queue
[2026-01-29T10:02:30.445+0000] {logging_mixin.py:188} INFO - [2026-01-29T10:02:30.445+0000] {dagbag.py:538} INFO - Filling up the DagBag from /opt/airflow/dags/airflow_dag_api_to_kafka.py
[2026-01-29T10:02:30.517+0000] {processor.py:840} INFO - DAG(s) 'tle_api_to_kafka_streaming' retrieved from /opt/airflow/dags/airflow_dag_api_to_kafka.py
[2026-01-29T10:02:30.553+0000] {logging_mixin.py:188} INFO - [2026-01-29T10:02:30.552+0000] {dag.py:3036} INFO - Sync 1 DAGs
[2026-01-29T10:02:30.595+0000] {logging_mixin.py:188} INFO - [2026-01-29T10:02:30.595+0000] {dag.py:3823} INFO - Setting next_dagrun for tle_api_to_kafka_streaming to 2026-01-29 09:00:00+00:00, run_after=2026-01-29 10:00:00+00:00
[2026-01-29T10:02:30.622+0000] {processor.py:183} INFO - Processing /opt/airflow/dags/airflow_dag_api_to_kafka.py took 0.185 seconds
[2026-01-29T10:03:00.752+0000] {processor.py:161} INFO - Started process (PID=2579) to work on /opt/airflow/dags/airflow_dag_api_to_kafka.py
[2026-01-29T10:03:00.878+0000] {processor.py:830} INFO - Processing file /opt/airflow/dags/airflow_dag_api_to_kafka.py for tasks to queue
[2026-01-29T10:03:00.880+0000] {logging_mixin.py:188} INFO - [2026-01-29T10:03:00.879+0000] {dagbag.py:538} INFO - Filling up the DagBag from /opt/airflow/dags/airflow_dag_api_to_kafka.py
[2026-01-29T10:03:00.994+0000] {processor.py:840} INFO - DAG(s) 'tle_api_to_kafka_streaming' retrieved from /opt/airflow/dags/airflow_dag_api_to_kafka.py
[2026-01-29T10:03:01.039+0000] {logging_mixin.py:188} INFO - [2026-01-29T10:03:01.038+0000] {dag.py:3036} INFO - Sync 1 DAGs
[2026-01-29T10:03:01.080+0000] {logging_mixin.py:188} INFO - [2026-01-29T10:03:01.080+0000] {dag.py:3823} INFO - Setting next_dagrun for tle_api_to_kafka_streaming to 2026-01-29 09:00:00+00:00, run_after=2026-01-29 10:00:00+00:00
[2026-01-29T10:03:01.107+0000] {processor.py:183} INFO - Processing /opt/airflow/dags/airflow_dag_api_to_kafka.py took 0.360 seconds
[2026-01-29T10:03:31.251+0000] {processor.py:161} INFO - Started process (PID=2589) to work on /opt/airflow/dags/airflow_dag_api_to_kafka.py
[2026-01-29T10:03:31.253+0000] {processor.py:830} INFO - Processing file /opt/airflow/dags/airflow_dag_api_to_kafka.py for tasks to queue
[2026-01-29T10:03:31.253+0000] {logging_mixin.py:188} INFO - [2026-01-29T10:03:31.253+0000] {dagbag.py:538} INFO - Filling up the DagBag from /opt/airflow/dags/airflow_dag_api_to_kafka.py
[2026-01-29T10:03:31.349+0000] {processor.py:840} INFO - DAG(s) 'tle_api_to_kafka_streaming' retrieved from /opt/airflow/dags/airflow_dag_api_to_kafka.py
[2026-01-29T10:03:31.385+0000] {logging_mixin.py:188} INFO - [2026-01-29T10:03:31.385+0000] {dag.py:3036} INFO - Sync 1 DAGs
[2026-01-29T10:03:31.425+0000] {logging_mixin.py:188} INFO - [2026-01-29T10:03:31.424+0000] {dag.py:3823} INFO - Setting next_dagrun for tle_api_to_kafka_streaming to 2026-01-29 09:00:00+00:00, run_after=2026-01-29 10:00:00+00:00
[2026-01-29T10:03:31.445+0000] {processor.py:183} INFO - Processing /opt/airflow/dags/airflow_dag_api_to_kafka.py took 0.198 seconds
[2026-01-29T10:04:01.607+0000] {processor.py:161} INFO - Started process (PID=2599) to work on /opt/airflow/dags/airflow_dag_api_to_kafka.py
[2026-01-29T10:04:01.608+0000] {processor.py:830} INFO - Processing file /opt/airflow/dags/airflow_dag_api_to_kafka.py for tasks to queue
[2026-01-29T10:04:01.609+0000] {logging_mixin.py:188} INFO - [2026-01-29T10:04:01.609+0000] {dagbag.py:538} INFO - Filling up the DagBag from /opt/airflow/dags/airflow_dag_api_to_kafka.py
[2026-01-29T10:04:01.713+0000] {processor.py:840} INFO - DAG(s) 'tle_api_to_kafka_streaming' retrieved from /opt/airflow/dags/airflow_dag_api_to_kafka.py
[2026-01-29T10:04:01.751+0000] {logging_mixin.py:188} INFO - [2026-01-29T10:04:01.750+0000] {dag.py:3036} INFO - Sync 1 DAGs
[2026-01-29T10:04:01.796+0000] {logging_mixin.py:188} INFO - [2026-01-29T10:04:01.796+0000] {dag.py:3823} INFO - Setting next_dagrun for tle_api_to_kafka_streaming to 2026-01-29 09:00:00+00:00, run_after=2026-01-29 10:00:00+00:00
[2026-01-29T10:04:01.822+0000] {processor.py:183} INFO - Processing /opt/airflow/dags/airflow_dag_api_to_kafka.py took 0.219 seconds
[2026-01-29T10:04:31.960+0000] {processor.py:161} INFO - Started process (PID=2609) to work on /opt/airflow/dags/airflow_dag_api_to_kafka.py
[2026-01-29T10:04:31.963+0000] {processor.py:830} INFO - Processing file /opt/airflow/dags/airflow_dag_api_to_kafka.py for tasks to queue
[2026-01-29T10:04:31.964+0000] {logging_mixin.py:188} INFO - [2026-01-29T10:04:31.963+0000] {dagbag.py:538} INFO - Filling up the DagBag from /opt/airflow/dags/airflow_dag_api_to_kafka.py
[2026-01-29T10:04:32.066+0000] {processor.py:840} INFO - DAG(s) 'tle_api_to_kafka_streaming' retrieved from /opt/airflow/dags/airflow_dag_api_to_kafka.py
[2026-01-29T10:04:32.113+0000] {logging_mixin.py:188} INFO - [2026-01-29T10:04:32.112+0000] {dag.py:3036} INFO - Sync 1 DAGs
[2026-01-29T10:04:32.158+0000] {logging_mixin.py:188} INFO - [2026-01-29T10:04:32.158+0000] {dag.py:3823} INFO - Setting next_dagrun for tle_api_to_kafka_streaming to 2026-01-29 09:00:00+00:00, run_after=2026-01-29 10:00:00+00:00
[2026-01-29T10:04:32.189+0000] {processor.py:183} INFO - Processing /opt/airflow/dags/airflow_dag_api_to_kafka.py took 0.235 seconds
[2026-01-29T10:05:02.328+0000] {processor.py:161} INFO - Started process (PID=2619) to work on /opt/airflow/dags/airflow_dag_api_to_kafka.py
[2026-01-29T10:05:02.329+0000] {processor.py:830} INFO - Processing file /opt/airflow/dags/airflow_dag_api_to_kafka.py for tasks to queue
[2026-01-29T10:05:02.330+0000] {logging_mixin.py:188} INFO - [2026-01-29T10:05:02.329+0000] {dagbag.py:538} INFO - Filling up the DagBag from /opt/airflow/dags/airflow_dag_api_to_kafka.py
[2026-01-29T10:05:02.434+0000] {processor.py:840} INFO - DAG(s) 'tle_api_to_kafka_streaming' retrieved from /opt/airflow/dags/airflow_dag_api_to_kafka.py
[2026-01-29T10:05:02.475+0000] {logging_mixin.py:188} INFO - [2026-01-29T10:05:02.475+0000] {dag.py:3036} INFO - Sync 1 DAGs
[2026-01-29T10:05:02.507+0000] {logging_mixin.py:188} INFO - [2026-01-29T10:05:02.507+0000] {dag.py:3823} INFO - Setting next_dagrun for tle_api_to_kafka_streaming to 2026-01-29 09:00:00+00:00, run_after=2026-01-29 10:00:00+00:00
[2026-01-29T10:05:02.530+0000] {processor.py:183} INFO - Processing /opt/airflow/dags/airflow_dag_api_to_kafka.py took 0.207 seconds
[2026-01-29T10:05:32.651+0000] {processor.py:161} INFO - Started process (PID=2629) to work on /opt/airflow/dags/airflow_dag_api_to_kafka.py
[2026-01-29T10:05:32.653+0000] {processor.py:830} INFO - Processing file /opt/airflow/dags/airflow_dag_api_to_kafka.py for tasks to queue
[2026-01-29T10:05:32.654+0000] {logging_mixin.py:188} INFO - [2026-01-29T10:05:32.653+0000] {dagbag.py:538} INFO - Filling up the DagBag from /opt/airflow/dags/airflow_dag_api_to_kafka.py
[2026-01-29T10:05:32.715+0000] {processor.py:840} INFO - DAG(s) 'tle_api_to_kafka_streaming' retrieved from /opt/airflow/dags/airflow_dag_api_to_kafka.py
[2026-01-29T10:05:32.749+0000] {logging_mixin.py:188} INFO - [2026-01-29T10:05:32.749+0000] {dag.py:3036} INFO - Sync 1 DAGs
[2026-01-29T10:05:32.779+0000] {logging_mixin.py:188} INFO - [2026-01-29T10:05:32.779+0000] {dag.py:3823} INFO - Setting next_dagrun for tle_api_to_kafka_streaming to 2026-01-29 09:00:00+00:00, run_after=2026-01-29 10:00:00+00:00
[2026-01-29T10:05:32.805+0000] {processor.py:183} INFO - Processing /opt/airflow/dags/airflow_dag_api_to_kafka.py took 0.157 seconds
[2026-01-29T10:06:02.939+0000] {processor.py:161} INFO - Started process (PID=2639) to work on /opt/airflow/dags/airflow_dag_api_to_kafka.py
[2026-01-29T10:06:02.940+0000] {processor.py:830} INFO - Processing file /opt/airflow/dags/airflow_dag_api_to_kafka.py for tasks to queue
[2026-01-29T10:06:02.941+0000] {logging_mixin.py:188} INFO - [2026-01-29T10:06:02.941+0000] {dagbag.py:538} INFO - Filling up the DagBag from /opt/airflow/dags/airflow_dag_api_to_kafka.py
[2026-01-29T10:06:03.042+0000] {processor.py:840} INFO - DAG(s) 'tle_api_to_kafka_streaming' retrieved from /opt/airflow/dags/airflow_dag_api_to_kafka.py
[2026-01-29T10:06:03.080+0000] {logging_mixin.py:188} INFO - [2026-01-29T10:06:03.079+0000] {dag.py:3036} INFO - Sync 1 DAGs
[2026-01-29T10:06:03.121+0000] {logging_mixin.py:188} INFO - [2026-01-29T10:06:03.121+0000] {dag.py:3823} INFO - Setting next_dagrun for tle_api_to_kafka_streaming to 2026-01-29 09:00:00+00:00, run_after=2026-01-29 10:00:00+00:00
[2026-01-29T10:06:03.144+0000] {processor.py:183} INFO - Processing /opt/airflow/dags/airflow_dag_api_to_kafka.py took 0.209 seconds
[2026-01-29T10:06:33.281+0000] {processor.py:161} INFO - Started process (PID=2649) to work on /opt/airflow/dags/airflow_dag_api_to_kafka.py
[2026-01-29T10:06:33.284+0000] {processor.py:830} INFO - Processing file /opt/airflow/dags/airflow_dag_api_to_kafka.py for tasks to queue
[2026-01-29T10:06:33.285+0000] {logging_mixin.py:188} INFO - [2026-01-29T10:06:33.285+0000] {dagbag.py:538} INFO - Filling up the DagBag from /opt/airflow/dags/airflow_dag_api_to_kafka.py
[2026-01-29T10:06:33.376+0000] {processor.py:840} INFO - DAG(s) 'tle_api_to_kafka_streaming' retrieved from /opt/airflow/dags/airflow_dag_api_to_kafka.py
[2026-01-29T10:06:33.406+0000] {logging_mixin.py:188} INFO - [2026-01-29T10:06:33.406+0000] {dag.py:3036} INFO - Sync 1 DAGs
[2026-01-29T10:06:33.438+0000] {logging_mixin.py:188} INFO - [2026-01-29T10:06:33.438+0000] {dag.py:3823} INFO - Setting next_dagrun for tle_api_to_kafka_streaming to 2026-01-29 09:00:00+00:00, run_after=2026-01-29 10:00:00+00:00
[2026-01-29T10:06:33.462+0000] {processor.py:183} INFO - Processing /opt/airflow/dags/airflow_dag_api_to_kafka.py took 0.185 seconds
[2026-01-29T10:07:03.587+0000] {processor.py:161} INFO - Started process (PID=2659) to work on /opt/airflow/dags/airflow_dag_api_to_kafka.py
[2026-01-29T10:07:03.588+0000] {processor.py:830} INFO - Processing file /opt/airflow/dags/airflow_dag_api_to_kafka.py for tasks to queue
[2026-01-29T10:07:03.589+0000] {logging_mixin.py:188} INFO - [2026-01-29T10:07:03.589+0000] {dagbag.py:538} INFO - Filling up the DagBag from /opt/airflow/dags/airflow_dag_api_to_kafka.py
[2026-01-29T10:07:03.673+0000] {processor.py:840} INFO - DAG(s) 'tle_api_to_kafka_streaming' retrieved from /opt/airflow/dags/airflow_dag_api_to_kafka.py
[2026-01-29T10:07:03.710+0000] {logging_mixin.py:188} INFO - [2026-01-29T10:07:03.709+0000] {dag.py:3036} INFO - Sync 1 DAGs
[2026-01-29T10:07:03.740+0000] {logging_mixin.py:188} INFO - [2026-01-29T10:07:03.740+0000] {dag.py:3823} INFO - Setting next_dagrun for tle_api_to_kafka_streaming to 2026-01-29 09:00:00+00:00, run_after=2026-01-29 10:00:00+00:00
[2026-01-29T10:07:03.764+0000] {processor.py:183} INFO - Processing /opt/airflow/dags/airflow_dag_api_to_kafka.py took 0.180 seconds
[2026-01-29T10:07:33.869+0000] {processor.py:161} INFO - Started process (PID=2669) to work on /opt/airflow/dags/airflow_dag_api_to_kafka.py
[2026-01-29T10:07:33.871+0000] {processor.py:830} INFO - Processing file /opt/airflow/dags/airflow_dag_api_to_kafka.py for tasks to queue
[2026-01-29T10:07:33.872+0000] {logging_mixin.py:188} INFO - [2026-01-29T10:07:33.872+0000] {dagbag.py:538} INFO - Filling up the DagBag from /opt/airflow/dags/airflow_dag_api_to_kafka.py
[2026-01-29T10:07:33.955+0000] {processor.py:840} INFO - DAG(s) 'tle_api_to_kafka_streaming' retrieved from /opt/airflow/dags/airflow_dag_api_to_kafka.py
[2026-01-29T10:07:33.996+0000] {logging_mixin.py:188} INFO - [2026-01-29T10:07:33.996+0000] {dag.py:3036} INFO - Sync 1 DAGs
[2026-01-29T10:07:34.032+0000] {logging_mixin.py:188} INFO - [2026-01-29T10:07:34.031+0000] {dag.py:3823} INFO - Setting next_dagrun for tle_api_to_kafka_streaming to 2026-01-29 09:00:00+00:00, run_after=2026-01-29 10:00:00+00:00
[2026-01-29T10:07:34.055+0000] {processor.py:183} INFO - Processing /opt/airflow/dags/airflow_dag_api_to_kafka.py took 0.191 seconds
[2026-01-29T10:08:04.195+0000] {processor.py:161} INFO - Started process (PID=2679) to work on /opt/airflow/dags/airflow_dag_api_to_kafka.py
[2026-01-29T10:08:04.198+0000] {processor.py:830} INFO - Processing file /opt/airflow/dags/airflow_dag_api_to_kafka.py for tasks to queue
[2026-01-29T10:08:04.200+0000] {logging_mixin.py:188} INFO - [2026-01-29T10:08:04.199+0000] {dagbag.py:538} INFO - Filling up the DagBag from /opt/airflow/dags/airflow_dag_api_to_kafka.py
[2026-01-29T10:08:04.278+0000] {processor.py:840} INFO - DAG(s) 'tle_api_to_kafka_streaming' retrieved from /opt/airflow/dags/airflow_dag_api_to_kafka.py
[2026-01-29T10:08:04.319+0000] {logging_mixin.py:188} INFO - [2026-01-29T10:08:04.319+0000] {dag.py:3036} INFO - Sync 1 DAGs
[2026-01-29T10:08:04.364+0000] {logging_mixin.py:188} INFO - [2026-01-29T10:08:04.364+0000] {dag.py:3823} INFO - Setting next_dagrun for tle_api_to_kafka_streaming to 2026-01-29 09:00:00+00:00, run_after=2026-01-29 10:00:00+00:00
[2026-01-29T10:08:04.387+0000] {processor.py:183} INFO - Processing /opt/airflow/dags/airflow_dag_api_to_kafka.py took 0.198 seconds
[2026-01-29T10:08:34.520+0000] {processor.py:161} INFO - Started process (PID=2689) to work on /opt/airflow/dags/airflow_dag_api_to_kafka.py
[2026-01-29T10:08:34.522+0000] {processor.py:830} INFO - Processing file /opt/airflow/dags/airflow_dag_api_to_kafka.py for tasks to queue
[2026-01-29T10:08:34.523+0000] {logging_mixin.py:188} INFO - [2026-01-29T10:08:34.523+0000] {dagbag.py:538} INFO - Filling up the DagBag from /opt/airflow/dags/airflow_dag_api_to_kafka.py
[2026-01-29T10:08:34.618+0000] {processor.py:840} INFO - DAG(s) 'tle_api_to_kafka_streaming' retrieved from /opt/airflow/dags/airflow_dag_api_to_kafka.py
[2026-01-29T10:08:34.653+0000] {logging_mixin.py:188} INFO - [2026-01-29T10:08:34.653+0000] {dag.py:3036} INFO - Sync 1 DAGs
[2026-01-29T10:08:34.692+0000] {logging_mixin.py:188} INFO - [2026-01-29T10:08:34.692+0000] {dag.py:3823} INFO - Setting next_dagrun for tle_api_to_kafka_streaming to 2026-01-29 09:00:00+00:00, run_after=2026-01-29 10:00:00+00:00
[2026-01-29T10:08:34.713+0000] {processor.py:183} INFO - Processing /opt/airflow/dags/airflow_dag_api_to_kafka.py took 0.197 seconds
[2026-01-29T10:09:04.831+0000] {processor.py:161} INFO - Started process (PID=2699) to work on /opt/airflow/dags/airflow_dag_api_to_kafka.py
[2026-01-29T10:09:04.833+0000] {processor.py:830} INFO - Processing file /opt/airflow/dags/airflow_dag_api_to_kafka.py for tasks to queue
[2026-01-29T10:09:04.834+0000] {logging_mixin.py:188} INFO - [2026-01-29T10:09:04.834+0000] {dagbag.py:538} INFO - Filling up the DagBag from /opt/airflow/dags/airflow_dag_api_to_kafka.py
[2026-01-29T10:09:04.915+0000] {processor.py:840} INFO - DAG(s) 'tle_api_to_kafka_streaming' retrieved from /opt/airflow/dags/airflow_dag_api_to_kafka.py
[2026-01-29T10:09:04.952+0000] {logging_mixin.py:188} INFO - [2026-01-29T10:09:04.952+0000] {dag.py:3036} INFO - Sync 1 DAGs
[2026-01-29T10:09:04.986+0000] {logging_mixin.py:188} INFO - [2026-01-29T10:09:04.986+0000] {dag.py:3823} INFO - Setting next_dagrun for tle_api_to_kafka_streaming to 2026-01-29 09:00:00+00:00, run_after=2026-01-29 10:00:00+00:00
[2026-01-29T10:09:05.006+0000] {processor.py:183} INFO - Processing /opt/airflow/dags/airflow_dag_api_to_kafka.py took 0.179 seconds
[2026-01-29T10:09:35.130+0000] {processor.py:161} INFO - Started process (PID=2709) to work on /opt/airflow/dags/airflow_dag_api_to_kafka.py
[2026-01-29T10:09:35.133+0000] {processor.py:830} INFO - Processing file /opt/airflow/dags/airflow_dag_api_to_kafka.py for tasks to queue
[2026-01-29T10:09:35.134+0000] {logging_mixin.py:188} INFO - [2026-01-29T10:09:35.133+0000] {dagbag.py:538} INFO - Filling up the DagBag from /opt/airflow/dags/airflow_dag_api_to_kafka.py
[2026-01-29T10:09:35.226+0000] {processor.py:840} INFO - DAG(s) 'tle_api_to_kafka_streaming' retrieved from /opt/airflow/dags/airflow_dag_api_to_kafka.py
[2026-01-29T10:09:35.260+0000] {logging_mixin.py:188} INFO - [2026-01-29T10:09:35.259+0000] {dag.py:3036} INFO - Sync 1 DAGs
[2026-01-29T10:09:35.296+0000] {logging_mixin.py:188} INFO - [2026-01-29T10:09:35.296+0000] {dag.py:3823} INFO - Setting next_dagrun for tle_api_to_kafka_streaming to 2026-01-29 09:00:00+00:00, run_after=2026-01-29 10:00:00+00:00
[2026-01-29T10:09:35.318+0000] {processor.py:183} INFO - Processing /opt/airflow/dags/airflow_dag_api_to_kafka.py took 0.192 seconds
[2026-01-29T10:10:05.447+0000] {processor.py:161} INFO - Started process (PID=2719) to work on /opt/airflow/dags/airflow_dag_api_to_kafka.py
[2026-01-29T10:10:05.449+0000] {processor.py:830} INFO - Processing file /opt/airflow/dags/airflow_dag_api_to_kafka.py for tasks to queue
[2026-01-29T10:10:05.450+0000] {logging_mixin.py:188} INFO - [2026-01-29T10:10:05.450+0000] {dagbag.py:538} INFO - Filling up the DagBag from /opt/airflow/dags/airflow_dag_api_to_kafka.py
[2026-01-29T10:10:05.547+0000] {processor.py:840} INFO - DAG(s) 'tle_api_to_kafka_streaming' retrieved from /opt/airflow/dags/airflow_dag_api_to_kafka.py
[2026-01-29T10:10:05.582+0000] {logging_mixin.py:188} INFO - [2026-01-29T10:10:05.582+0000] {dag.py:3036} INFO - Sync 1 DAGs
[2026-01-29T10:10:05.624+0000] {logging_mixin.py:188} INFO - [2026-01-29T10:10:05.624+0000] {dag.py:3823} INFO - Setting next_dagrun for tle_api_to_kafka_streaming to 2026-01-29 09:00:00+00:00, run_after=2026-01-29 10:00:00+00:00
[2026-01-29T10:10:05.646+0000] {processor.py:183} INFO - Processing /opt/airflow/dags/airflow_dag_api_to_kafka.py took 0.204 seconds
[2026-01-29T10:10:35.772+0000] {processor.py:161} INFO - Started process (PID=2729) to work on /opt/airflow/dags/airflow_dag_api_to_kafka.py
[2026-01-29T10:10:35.775+0000] {processor.py:830} INFO - Processing file /opt/airflow/dags/airflow_dag_api_to_kafka.py for tasks to queue
[2026-01-29T10:10:35.777+0000] {logging_mixin.py:188} INFO - [2026-01-29T10:10:35.776+0000] {dagbag.py:538} INFO - Filling up the DagBag from /opt/airflow/dags/airflow_dag_api_to_kafka.py
[2026-01-29T10:10:35.856+0000] {processor.py:840} INFO - DAG(s) 'tle_api_to_kafka_streaming' retrieved from /opt/airflow/dags/airflow_dag_api_to_kafka.py
[2026-01-29T10:10:35.893+0000] {logging_mixin.py:188} INFO - [2026-01-29T10:10:35.893+0000] {dag.py:3036} INFO - Sync 1 DAGs
[2026-01-29T10:10:35.929+0000] {logging_mixin.py:188} INFO - [2026-01-29T10:10:35.929+0000] {dag.py:3823} INFO - Setting next_dagrun for tle_api_to_kafka_streaming to 2026-01-29 09:00:00+00:00, run_after=2026-01-29 10:00:00+00:00
[2026-01-29T10:10:35.952+0000] {processor.py:183} INFO - Processing /opt/airflow/dags/airflow_dag_api_to_kafka.py took 0.183 seconds
[2026-01-29T10:11:06.061+0000] {processor.py:161} INFO - Started process (PID=2739) to work on /opt/airflow/dags/airflow_dag_api_to_kafka.py
[2026-01-29T10:11:06.063+0000] {processor.py:830} INFO - Processing file /opt/airflow/dags/airflow_dag_api_to_kafka.py for tasks to queue
[2026-01-29T10:11:06.064+0000] {logging_mixin.py:188} INFO - [2026-01-29T10:11:06.063+0000] {dagbag.py:538} INFO - Filling up the DagBag from /opt/airflow/dags/airflow_dag_api_to_kafka.py
[2026-01-29T10:11:06.160+0000] {processor.py:840} INFO - DAG(s) 'tle_api_to_kafka_streaming' retrieved from /opt/airflow/dags/airflow_dag_api_to_kafka.py
[2026-01-29T10:11:06.196+0000] {logging_mixin.py:188} INFO - [2026-01-29T10:11:06.195+0000] {dag.py:3036} INFO - Sync 1 DAGs
[2026-01-29T10:11:06.234+0000] {logging_mixin.py:188} INFO - [2026-01-29T10:11:06.234+0000] {dag.py:3823} INFO - Setting next_dagrun for tle_api_to_kafka_streaming to 2026-01-29 09:00:00+00:00, run_after=2026-01-29 10:00:00+00:00
[2026-01-29T10:11:06.254+0000] {processor.py:183} INFO - Processing /opt/airflow/dags/airflow_dag_api_to_kafka.py took 0.197 seconds
[2026-01-29T10:11:36.380+0000] {processor.py:161} INFO - Started process (PID=2749) to work on /opt/airflow/dags/airflow_dag_api_to_kafka.py
[2026-01-29T10:11:36.382+0000] {processor.py:830} INFO - Processing file /opt/airflow/dags/airflow_dag_api_to_kafka.py for tasks to queue
[2026-01-29T10:11:36.383+0000] {logging_mixin.py:188} INFO - [2026-01-29T10:11:36.383+0000] {dagbag.py:538} INFO - Filling up the DagBag from /opt/airflow/dags/airflow_dag_api_to_kafka.py
[2026-01-29T10:11:36.487+0000] {processor.py:840} INFO - DAG(s) 'tle_api_to_kafka_streaming' retrieved from /opt/airflow/dags/airflow_dag_api_to_kafka.py
[2026-01-29T10:11:36.529+0000] {logging_mixin.py:188} INFO - [2026-01-29T10:11:36.528+0000] {dag.py:3036} INFO - Sync 1 DAGs
[2026-01-29T10:11:36.572+0000] {logging_mixin.py:188} INFO - [2026-01-29T10:11:36.572+0000] {dag.py:3823} INFO - Setting next_dagrun for tle_api_to_kafka_streaming to 2026-01-29 09:00:00+00:00, run_after=2026-01-29 10:00:00+00:00
[2026-01-29T10:11:36.592+0000] {processor.py:183} INFO - Processing /opt/airflow/dags/airflow_dag_api_to_kafka.py took 0.217 seconds
[2026-01-29T10:12:06.661+0000] {processor.py:161} INFO - Started process (PID=2759) to work on /opt/airflow/dags/airflow_dag_api_to_kafka.py
[2026-01-29T10:12:06.664+0000] {processor.py:830} INFO - Processing file /opt/airflow/dags/airflow_dag_api_to_kafka.py for tasks to queue
[2026-01-29T10:12:06.665+0000] {logging_mixin.py:188} INFO - [2026-01-29T10:12:06.664+0000] {dagbag.py:538} INFO - Filling up the DagBag from /opt/airflow/dags/airflow_dag_api_to_kafka.py
[2026-01-29T10:12:06.738+0000] {processor.py:840} INFO - DAG(s) 'tle_api_to_kafka_streaming' retrieved from /opt/airflow/dags/airflow_dag_api_to_kafka.py
[2026-01-29T10:12:06.773+0000] {logging_mixin.py:188} INFO - [2026-01-29T10:12:06.772+0000] {dag.py:3036} INFO - Sync 1 DAGs
[2026-01-29T10:12:06.804+0000] {logging_mixin.py:188} INFO - [2026-01-29T10:12:06.804+0000] {dag.py:3823} INFO - Setting next_dagrun for tle_api_to_kafka_streaming to 2026-01-29 09:00:00+00:00, run_after=2026-01-29 10:00:00+00:00
[2026-01-29T10:12:06.824+0000] {processor.py:183} INFO - Processing /opt/airflow/dags/airflow_dag_api_to_kafka.py took 0.167 seconds
[2026-01-29T10:12:36.950+0000] {processor.py:161} INFO - Started process (PID=2769) to work on /opt/airflow/dags/airflow_dag_api_to_kafka.py
[2026-01-29T10:12:36.953+0000] {processor.py:830} INFO - Processing file /opt/airflow/dags/airflow_dag_api_to_kafka.py for tasks to queue
[2026-01-29T10:12:36.954+0000] {logging_mixin.py:188} INFO - [2026-01-29T10:12:36.954+0000] {dagbag.py:538} INFO - Filling up the DagBag from /opt/airflow/dags/airflow_dag_api_to_kafka.py
[2026-01-29T10:12:37.055+0000] {processor.py:840} INFO - DAG(s) 'tle_api_to_kafka_streaming' retrieved from /opt/airflow/dags/airflow_dag_api_to_kafka.py
[2026-01-29T10:12:37.093+0000] {logging_mixin.py:188} INFO - [2026-01-29T10:12:37.093+0000] {dag.py:3036} INFO - Sync 1 DAGs
[2026-01-29T10:12:37.129+0000] {logging_mixin.py:188} INFO - [2026-01-29T10:12:37.128+0000] {dag.py:3823} INFO - Setting next_dagrun for tle_api_to_kafka_streaming to 2026-01-29 09:00:00+00:00, run_after=2026-01-29 10:00:00+00:00
[2026-01-29T10:12:37.152+0000] {processor.py:183} INFO - Processing /opt/airflow/dags/airflow_dag_api_to_kafka.py took 0.206 seconds
[2026-01-29T10:13:07.272+0000] {processor.py:161} INFO - Started process (PID=2779) to work on /opt/airflow/dags/airflow_dag_api_to_kafka.py
[2026-01-29T10:13:07.273+0000] {processor.py:830} INFO - Processing file /opt/airflow/dags/airflow_dag_api_to_kafka.py for tasks to queue
[2026-01-29T10:13:07.274+0000] {logging_mixin.py:188} INFO - [2026-01-29T10:13:07.274+0000] {dagbag.py:538} INFO - Filling up the DagBag from /opt/airflow/dags/airflow_dag_api_to_kafka.py
[2026-01-29T10:13:07.387+0000] {processor.py:840} INFO - DAG(s) 'tle_api_to_kafka_streaming' retrieved from /opt/airflow/dags/airflow_dag_api_to_kafka.py
[2026-01-29T10:13:07.425+0000] {logging_mixin.py:188} INFO - [2026-01-29T10:13:07.424+0000] {dag.py:3036} INFO - Sync 1 DAGs
[2026-01-29T10:13:07.467+0000] {logging_mixin.py:188} INFO - [2026-01-29T10:13:07.466+0000] {dag.py:3823} INFO - Setting next_dagrun for tle_api_to_kafka_streaming to 2026-01-29 09:00:00+00:00, run_after=2026-01-29 10:00:00+00:00
[2026-01-29T10:13:07.493+0000] {processor.py:183} INFO - Processing /opt/airflow/dags/airflow_dag_api_to_kafka.py took 0.226 seconds
[2026-01-29T10:13:37.949+0000] {processor.py:161} INFO - Started process (PID=2789) to work on /opt/airflow/dags/airflow_dag_api_to_kafka.py
[2026-01-29T10:13:37.951+0000] {processor.py:830} INFO - Processing file /opt/airflow/dags/airflow_dag_api_to_kafka.py for tasks to queue
[2026-01-29T10:13:37.952+0000] {logging_mixin.py:188} INFO - [2026-01-29T10:13:37.951+0000] {dagbag.py:538} INFO - Filling up the DagBag from /opt/airflow/dags/airflow_dag_api_to_kafka.py
[2026-01-29T10:13:38.070+0000] {processor.py:840} INFO - DAG(s) 'tle_api_to_kafka_streaming' retrieved from /opt/airflow/dags/airflow_dag_api_to_kafka.py
[2026-01-29T10:13:38.114+0000] {logging_mixin.py:188} INFO - [2026-01-29T10:13:38.114+0000] {dag.py:3036} INFO - Sync 1 DAGs
[2026-01-29T10:13:38.159+0000] {logging_mixin.py:188} INFO - [2026-01-29T10:13:38.159+0000] {dag.py:3823} INFO - Setting next_dagrun for tle_api_to_kafka_streaming to 2026-01-29 09:00:00+00:00, run_after=2026-01-29 10:00:00+00:00
[2026-01-29T10:13:38.184+0000] {processor.py:183} INFO - Processing /opt/airflow/dags/airflow_dag_api_to_kafka.py took 0.240 seconds
[2026-01-29T10:14:08.323+0000] {processor.py:161} INFO - Started process (PID=2799) to work on /opt/airflow/dags/airflow_dag_api_to_kafka.py
[2026-01-29T10:14:08.325+0000] {processor.py:830} INFO - Processing file /opt/airflow/dags/airflow_dag_api_to_kafka.py for tasks to queue
[2026-01-29T10:14:08.326+0000] {logging_mixin.py:188} INFO - [2026-01-29T10:14:08.325+0000] {dagbag.py:538} INFO - Filling up the DagBag from /opt/airflow/dags/airflow_dag_api_to_kafka.py
[2026-01-29T10:14:08.421+0000] {processor.py:840} INFO - DAG(s) 'tle_api_to_kafka_streaming' retrieved from /opt/airflow/dags/airflow_dag_api_to_kafka.py
[2026-01-29T10:14:08.456+0000] {logging_mixin.py:188} INFO - [2026-01-29T10:14:08.455+0000] {dag.py:3036} INFO - Sync 1 DAGs
[2026-01-29T10:14:08.490+0000] {logging_mixin.py:188} INFO - [2026-01-29T10:14:08.490+0000] {dag.py:3823} INFO - Setting next_dagrun for tle_api_to_kafka_streaming to 2026-01-29 09:00:00+00:00, run_after=2026-01-29 10:00:00+00:00
[2026-01-29T10:14:08.511+0000] {processor.py:183} INFO - Processing /opt/airflow/dags/airflow_dag_api_to_kafka.py took 0.191 seconds
[2026-01-29T10:14:38.632+0000] {processor.py:161} INFO - Started process (PID=2809) to work on /opt/airflow/dags/airflow_dag_api_to_kafka.py
[2026-01-29T10:14:38.633+0000] {processor.py:830} INFO - Processing file /opt/airflow/dags/airflow_dag_api_to_kafka.py for tasks to queue
[2026-01-29T10:14:38.634+0000] {logging_mixin.py:188} INFO - [2026-01-29T10:14:38.634+0000] {dagbag.py:538} INFO - Filling up the DagBag from /opt/airflow/dags/airflow_dag_api_to_kafka.py
[2026-01-29T10:14:38.719+0000] {processor.py:840} INFO - DAG(s) 'tle_api_to_kafka_streaming' retrieved from /opt/airflow/dags/airflow_dag_api_to_kafka.py
[2026-01-29T10:14:38.757+0000] {logging_mixin.py:188} INFO - [2026-01-29T10:14:38.756+0000] {dag.py:3036} INFO - Sync 1 DAGs
[2026-01-29T10:14:38.791+0000] {logging_mixin.py:188} INFO - [2026-01-29T10:14:38.790+0000] {dag.py:3823} INFO - Setting next_dagrun for tle_api_to_kafka_streaming to 2026-01-29 09:00:00+00:00, run_after=2026-01-29 10:00:00+00:00
[2026-01-29T10:14:38.808+0000] {processor.py:183} INFO - Processing /opt/airflow/dags/airflow_dag_api_to_kafka.py took 0.180 seconds
[2026-01-29T10:15:08.934+0000] {processor.py:161} INFO - Started process (PID=2819) to work on /opt/airflow/dags/airflow_dag_api_to_kafka.py
[2026-01-29T10:15:08.937+0000] {processor.py:830} INFO - Processing file /opt/airflow/dags/airflow_dag_api_to_kafka.py for tasks to queue
[2026-01-29T10:15:08.938+0000] {logging_mixin.py:188} INFO - [2026-01-29T10:15:08.937+0000] {dagbag.py:538} INFO - Filling up the DagBag from /opt/airflow/dags/airflow_dag_api_to_kafka.py
[2026-01-29T10:15:09.034+0000] {processor.py:840} INFO - DAG(s) 'tle_api_to_kafka_streaming' retrieved from /opt/airflow/dags/airflow_dag_api_to_kafka.py
[2026-01-29T10:15:09.070+0000] {logging_mixin.py:188} INFO - [2026-01-29T10:15:09.070+0000] {dag.py:3036} INFO - Sync 1 DAGs
[2026-01-29T10:15:09.106+0000] {logging_mixin.py:188} INFO - [2026-01-29T10:15:09.105+0000] {dag.py:3823} INFO - Setting next_dagrun for tle_api_to_kafka_streaming to 2026-01-29 09:00:00+00:00, run_after=2026-01-29 10:00:00+00:00
[2026-01-29T10:15:09.126+0000] {processor.py:183} INFO - Processing /opt/airflow/dags/airflow_dag_api_to_kafka.py took 0.197 seconds
[2026-01-29T10:15:39.252+0000] {processor.py:161} INFO - Started process (PID=2829) to work on /opt/airflow/dags/airflow_dag_api_to_kafka.py
[2026-01-29T10:15:39.253+0000] {processor.py:830} INFO - Processing file /opt/airflow/dags/airflow_dag_api_to_kafka.py for tasks to queue
[2026-01-29T10:15:39.254+0000] {logging_mixin.py:188} INFO - [2026-01-29T10:15:39.253+0000] {dagbag.py:538} INFO - Filling up the DagBag from /opt/airflow/dags/airflow_dag_api_to_kafka.py
[2026-01-29T10:15:39.356+0000] {processor.py:840} INFO - DAG(s) 'tle_api_to_kafka_streaming' retrieved from /opt/airflow/dags/airflow_dag_api_to_kafka.py
[2026-01-29T10:15:39.390+0000] {logging_mixin.py:188} INFO - [2026-01-29T10:15:39.390+0000] {dag.py:3036} INFO - Sync 1 DAGs
[2026-01-29T10:15:39.425+0000] {logging_mixin.py:188} INFO - [2026-01-29T10:15:39.425+0000] {dag.py:3823} INFO - Setting next_dagrun for tle_api_to_kafka_streaming to 2026-01-29 09:00:00+00:00, run_after=2026-01-29 10:00:00+00:00
[2026-01-29T10:15:39.447+0000] {processor.py:183} INFO - Processing /opt/airflow/dags/airflow_dag_api_to_kafka.py took 0.200 seconds
[2026-01-29T10:16:09.571+0000] {processor.py:161} INFO - Started process (PID=2839) to work on /opt/airflow/dags/airflow_dag_api_to_kafka.py
[2026-01-29T10:16:09.573+0000] {processor.py:830} INFO - Processing file /opt/airflow/dags/airflow_dag_api_to_kafka.py for tasks to queue
[2026-01-29T10:16:09.575+0000] {logging_mixin.py:188} INFO - [2026-01-29T10:16:09.574+0000] {dagbag.py:538} INFO - Filling up the DagBag from /opt/airflow/dags/airflow_dag_api_to_kafka.py
[2026-01-29T10:16:09.677+0000] {processor.py:840} INFO - DAG(s) 'tle_api_to_kafka_streaming' retrieved from /opt/airflow/dags/airflow_dag_api_to_kafka.py
[2026-01-29T10:16:09.710+0000] {logging_mixin.py:188} INFO - [2026-01-29T10:16:09.709+0000] {dag.py:3036} INFO - Sync 1 DAGs
[2026-01-29T10:16:09.744+0000] {logging_mixin.py:188} INFO - [2026-01-29T10:16:09.743+0000] {dag.py:3823} INFO - Setting next_dagrun for tle_api_to_kafka_streaming to 2026-01-29 09:00:00+00:00, run_after=2026-01-29 10:00:00+00:00
[2026-01-29T10:16:09.762+0000] {processor.py:183} INFO - Processing /opt/airflow/dags/airflow_dag_api_to_kafka.py took 0.195 seconds
[2026-01-29T10:16:39.889+0000] {processor.py:161} INFO - Started process (PID=2849) to work on /opt/airflow/dags/airflow_dag_api_to_kafka.py
[2026-01-29T10:16:39.890+0000] {processor.py:830} INFO - Processing file /opt/airflow/dags/airflow_dag_api_to_kafka.py for tasks to queue
[2026-01-29T10:16:39.891+0000] {logging_mixin.py:188} INFO - [2026-01-29T10:16:39.890+0000] {dagbag.py:538} INFO - Filling up the DagBag from /opt/airflow/dags/airflow_dag_api_to_kafka.py
[2026-01-29T10:16:39.990+0000] {processor.py:840} INFO - DAG(s) 'tle_api_to_kafka_streaming' retrieved from /opt/airflow/dags/airflow_dag_api_to_kafka.py
[2026-01-29T10:16:40.028+0000] {logging_mixin.py:188} INFO - [2026-01-29T10:16:40.027+0000] {dag.py:3036} INFO - Sync 1 DAGs
[2026-01-29T10:16:40.067+0000] {logging_mixin.py:188} INFO - [2026-01-29T10:16:40.067+0000] {dag.py:3823} INFO - Setting next_dagrun for tle_api_to_kafka_streaming to 2026-01-29 09:00:00+00:00, run_after=2026-01-29 10:00:00+00:00
[2026-01-29T10:16:40.084+0000] {processor.py:183} INFO - Processing /opt/airflow/dags/airflow_dag_api_to_kafka.py took 0.200 seconds
[2026-01-29T10:17:10.211+0000] {processor.py:161} INFO - Started process (PID=2859) to work on /opt/airflow/dags/airflow_dag_api_to_kafka.py
[2026-01-29T10:17:10.214+0000] {processor.py:830} INFO - Processing file /opt/airflow/dags/airflow_dag_api_to_kafka.py for tasks to queue
[2026-01-29T10:17:10.216+0000] {logging_mixin.py:188} INFO - [2026-01-29T10:17:10.215+0000] {dagbag.py:538} INFO - Filling up the DagBag from /opt/airflow/dags/airflow_dag_api_to_kafka.py
[2026-01-29T10:17:10.297+0000] {processor.py:840} INFO - DAG(s) 'tle_api_to_kafka_streaming' retrieved from /opt/airflow/dags/airflow_dag_api_to_kafka.py
[2026-01-29T10:17:10.326+0000] {logging_mixin.py:188} INFO - [2026-01-29T10:17:10.325+0000] {dag.py:3036} INFO - Sync 1 DAGs
[2026-01-29T10:17:10.356+0000] {logging_mixin.py:188} INFO - [2026-01-29T10:17:10.355+0000] {dag.py:3823} INFO - Setting next_dagrun for tle_api_to_kafka_streaming to 2026-01-29 09:00:00+00:00, run_after=2026-01-29 10:00:00+00:00
[2026-01-29T10:17:10.378+0000] {processor.py:183} INFO - Processing /opt/airflow/dags/airflow_dag_api_to_kafka.py took 0.171 seconds
[2026-01-29T10:17:40.505+0000] {processor.py:161} INFO - Started process (PID=2869) to work on /opt/airflow/dags/airflow_dag_api_to_kafka.py
[2026-01-29T10:17:40.506+0000] {processor.py:830} INFO - Processing file /opt/airflow/dags/airflow_dag_api_to_kafka.py for tasks to queue
[2026-01-29T10:17:40.508+0000] {logging_mixin.py:188} INFO - [2026-01-29T10:17:40.507+0000] {dagbag.py:538} INFO - Filling up the DagBag from /opt/airflow/dags/airflow_dag_api_to_kafka.py
[2026-01-29T10:17:40.613+0000] {processor.py:840} INFO - DAG(s) 'tle_api_to_kafka_streaming' retrieved from /opt/airflow/dags/airflow_dag_api_to_kafka.py
[2026-01-29T10:17:40.655+0000] {logging_mixin.py:188} INFO - [2026-01-29T10:17:40.655+0000] {dag.py:3036} INFO - Sync 1 DAGs
[2026-01-29T10:17:40.698+0000] {logging_mixin.py:188} INFO - [2026-01-29T10:17:40.698+0000] {dag.py:3823} INFO - Setting next_dagrun for tle_api_to_kafka_streaming to 2026-01-29 09:00:00+00:00, run_after=2026-01-29 10:00:00+00:00
[2026-01-29T10:17:40.719+0000] {processor.py:183} INFO - Processing /opt/airflow/dags/airflow_dag_api_to_kafka.py took 0.218 seconds
[2026-01-29T10:18:10.849+0000] {processor.py:161} INFO - Started process (PID=2879) to work on /opt/airflow/dags/airflow_dag_api_to_kafka.py
[2026-01-29T10:18:10.850+0000] {processor.py:830} INFO - Processing file /opt/airflow/dags/airflow_dag_api_to_kafka.py for tasks to queue
[2026-01-29T10:18:10.851+0000] {logging_mixin.py:188} INFO - [2026-01-29T10:18:10.851+0000] {dagbag.py:538} INFO - Filling up the DagBag from /opt/airflow/dags/airflow_dag_api_to_kafka.py
[2026-01-29T10:18:10.933+0000] {processor.py:840} INFO - DAG(s) 'tle_api_to_kafka_streaming' retrieved from /opt/airflow/dags/airflow_dag_api_to_kafka.py
[2026-01-29T10:18:10.965+0000] {logging_mixin.py:188} INFO - [2026-01-29T10:18:10.965+0000] {dag.py:3036} INFO - Sync 1 DAGs
[2026-01-29T10:18:10.993+0000] {logging_mixin.py:188} INFO - [2026-01-29T10:18:10.993+0000] {dag.py:3823} INFO - Setting next_dagrun for tle_api_to_kafka_streaming to 2026-01-29 09:00:00+00:00, run_after=2026-01-29 10:00:00+00:00
[2026-01-29T10:18:11.009+0000] {processor.py:183} INFO - Processing /opt/airflow/dags/airflow_dag_api_to_kafka.py took 0.164 seconds
[2026-01-29T10:18:41.121+0000] {processor.py:161} INFO - Started process (PID=2889) to work on /opt/airflow/dags/airflow_dag_api_to_kafka.py
[2026-01-29T10:18:41.124+0000] {processor.py:830} INFO - Processing file /opt/airflow/dags/airflow_dag_api_to_kafka.py for tasks to queue
[2026-01-29T10:18:41.125+0000] {logging_mixin.py:188} INFO - [2026-01-29T10:18:41.124+0000] {dagbag.py:538} INFO - Filling up the DagBag from /opt/airflow/dags/airflow_dag_api_to_kafka.py
[2026-01-29T10:18:41.225+0000] {processor.py:840} INFO - DAG(s) 'tle_api_to_kafka_streaming' retrieved from /opt/airflow/dags/airflow_dag_api_to_kafka.py
[2026-01-29T10:18:41.261+0000] {logging_mixin.py:188} INFO - [2026-01-29T10:18:41.261+0000] {dag.py:3036} INFO - Sync 1 DAGs
[2026-01-29T10:18:41.296+0000] {logging_mixin.py:188} INFO - [2026-01-29T10:18:41.295+0000] {dag.py:3823} INFO - Setting next_dagrun for tle_api_to_kafka_streaming to 2026-01-29 09:00:00+00:00, run_after=2026-01-29 10:00:00+00:00
[2026-01-29T10:18:41.321+0000] {processor.py:183} INFO - Processing /opt/airflow/dags/airflow_dag_api_to_kafka.py took 0.203 seconds
[2026-01-29T10:19:11.444+0000] {processor.py:161} INFO - Started process (PID=2899) to work on /opt/airflow/dags/airflow_dag_api_to_kafka.py
[2026-01-29T10:19:11.445+0000] {processor.py:830} INFO - Processing file /opt/airflow/dags/airflow_dag_api_to_kafka.py for tasks to queue
[2026-01-29T10:19:11.446+0000] {logging_mixin.py:188} INFO - [2026-01-29T10:19:11.446+0000] {dagbag.py:538} INFO - Filling up the DagBag from /opt/airflow/dags/airflow_dag_api_to_kafka.py
[2026-01-29T10:19:11.540+0000] {processor.py:840} INFO - DAG(s) 'tle_api_to_kafka_streaming' retrieved from /opt/airflow/dags/airflow_dag_api_to_kafka.py
[2026-01-29T10:19:11.570+0000] {logging_mixin.py:188} INFO - [2026-01-29T10:19:11.570+0000] {dag.py:3036} INFO - Sync 1 DAGs
[2026-01-29T10:19:11.602+0000] {logging_mixin.py:188} INFO - [2026-01-29T10:19:11.602+0000] {dag.py:3823} INFO - Setting next_dagrun for tle_api_to_kafka_streaming to 2026-01-29 09:00:00+00:00, run_after=2026-01-29 10:00:00+00:00
[2026-01-29T10:19:11.619+0000] {processor.py:183} INFO - Processing /opt/airflow/dags/airflow_dag_api_to_kafka.py took 0.179 seconds
[2026-01-29T10:19:41.761+0000] {processor.py:161} INFO - Started process (PID=2909) to work on /opt/airflow/dags/airflow_dag_api_to_kafka.py
[2026-01-29T10:19:41.762+0000] {processor.py:830} INFO - Processing file /opt/airflow/dags/airflow_dag_api_to_kafka.py for tasks to queue
[2026-01-29T10:19:41.763+0000] {logging_mixin.py:188} INFO - [2026-01-29T10:19:41.763+0000] {dagbag.py:538} INFO - Filling up the DagBag from /opt/airflow/dags/airflow_dag_api_to_kafka.py
[2026-01-29T10:19:41.844+0000] {processor.py:840} INFO - DAG(s) 'tle_api_to_kafka_streaming' retrieved from /opt/airflow/dags/airflow_dag_api_to_kafka.py
[2026-01-29T10:19:41.890+0000] {logging_mixin.py:188} INFO - [2026-01-29T10:19:41.889+0000] {dag.py:3036} INFO - Sync 1 DAGs
[2026-01-29T10:19:41.926+0000] {logging_mixin.py:188} INFO - [2026-01-29T10:19:41.926+0000] {dag.py:3823} INFO - Setting next_dagrun for tle_api_to_kafka_streaming to 2026-01-29 09:00:00+00:00, run_after=2026-01-29 10:00:00+00:00
[2026-01-29T10:19:41.951+0000] {processor.py:183} INFO - Processing /opt/airflow/dags/airflow_dag_api_to_kafka.py took 0.193 seconds
[2026-01-29T10:20:12.074+0000] {processor.py:161} INFO - Started process (PID=2919) to work on /opt/airflow/dags/airflow_dag_api_to_kafka.py
[2026-01-29T10:20:12.075+0000] {processor.py:830} INFO - Processing file /opt/airflow/dags/airflow_dag_api_to_kafka.py for tasks to queue
[2026-01-29T10:20:12.076+0000] {logging_mixin.py:188} INFO - [2026-01-29T10:20:12.075+0000] {dagbag.py:538} INFO - Filling up the DagBag from /opt/airflow/dags/airflow_dag_api_to_kafka.py
[2026-01-29T10:20:12.172+0000] {processor.py:840} INFO - DAG(s) 'tle_api_to_kafka_streaming' retrieved from /opt/airflow/dags/airflow_dag_api_to_kafka.py
[2026-01-29T10:20:12.210+0000] {logging_mixin.py:188} INFO - [2026-01-29T10:20:12.209+0000] {dag.py:3036} INFO - Sync 1 DAGs
[2026-01-29T10:20:12.241+0000] {logging_mixin.py:188} INFO - [2026-01-29T10:20:12.241+0000] {dag.py:3823} INFO - Setting next_dagrun for tle_api_to_kafka_streaming to 2026-01-29 09:00:00+00:00, run_after=2026-01-29 10:00:00+00:00
[2026-01-29T10:20:12.269+0000] {processor.py:183} INFO - Processing /opt/airflow/dags/airflow_dag_api_to_kafka.py took 0.199 seconds
[2026-01-29T10:20:42.399+0000] {processor.py:161} INFO - Started process (PID=2929) to work on /opt/airflow/dags/airflow_dag_api_to_kafka.py
[2026-01-29T10:20:42.401+0000] {processor.py:830} INFO - Processing file /opt/airflow/dags/airflow_dag_api_to_kafka.py for tasks to queue
[2026-01-29T10:20:42.402+0000] {logging_mixin.py:188} INFO - [2026-01-29T10:20:42.402+0000] {dagbag.py:538} INFO - Filling up the DagBag from /opt/airflow/dags/airflow_dag_api_to_kafka.py
[2026-01-29T10:20:42.502+0000] {processor.py:840} INFO - DAG(s) 'tle_api_to_kafka_streaming' retrieved from /opt/airflow/dags/airflow_dag_api_to_kafka.py
[2026-01-29T10:20:42.540+0000] {logging_mixin.py:188} INFO - [2026-01-29T10:20:42.539+0000] {dag.py:3036} INFO - Sync 1 DAGs
[2026-01-29T10:20:42.577+0000] {logging_mixin.py:188} INFO - [2026-01-29T10:20:42.577+0000] {dag.py:3823} INFO - Setting next_dagrun for tle_api_to_kafka_streaming to 2026-01-29 09:00:00+00:00, run_after=2026-01-29 10:00:00+00:00
[2026-01-29T10:20:42.603+0000] {processor.py:183} INFO - Processing /opt/airflow/dags/airflow_dag_api_to_kafka.py took 0.209 seconds
[2026-01-29T10:21:12.733+0000] {processor.py:161} INFO - Started process (PID=2939) to work on /opt/airflow/dags/airflow_dag_api_to_kafka.py
[2026-01-29T10:21:12.736+0000] {processor.py:830} INFO - Processing file /opt/airflow/dags/airflow_dag_api_to_kafka.py for tasks to queue
[2026-01-29T10:21:12.737+0000] {logging_mixin.py:188} INFO - [2026-01-29T10:21:12.736+0000] {dagbag.py:538} INFO - Filling up the DagBag from /opt/airflow/dags/airflow_dag_api_to_kafka.py
[2026-01-29T10:21:12.832+0000] {processor.py:840} INFO - DAG(s) 'tle_api_to_kafka_streaming' retrieved from /opt/airflow/dags/airflow_dag_api_to_kafka.py
[2026-01-29T10:21:12.872+0000] {logging_mixin.py:188} INFO - [2026-01-29T10:21:12.872+0000] {dag.py:3036} INFO - Sync 1 DAGs
[2026-01-29T10:21:12.905+0000] {logging_mixin.py:188} INFO - [2026-01-29T10:21:12.905+0000] {dag.py:3823} INFO - Setting next_dagrun for tle_api_to_kafka_streaming to 2026-01-29 09:00:00+00:00, run_after=2026-01-29 10:00:00+00:00
[2026-01-29T10:21:12.924+0000] {processor.py:183} INFO - Processing /opt/airflow/dags/airflow_dag_api_to_kafka.py took 0.195 seconds
[2026-01-29T10:21:43.065+0000] {processor.py:161} INFO - Started process (PID=2949) to work on /opt/airflow/dags/airflow_dag_api_to_kafka.py
[2026-01-29T10:21:43.067+0000] {processor.py:830} INFO - Processing file /opt/airflow/dags/airflow_dag_api_to_kafka.py for tasks to queue
[2026-01-29T10:21:43.068+0000] {logging_mixin.py:188} INFO - [2026-01-29T10:21:43.068+0000] {dagbag.py:538} INFO - Filling up the DagBag from /opt/airflow/dags/airflow_dag_api_to_kafka.py
[2026-01-29T10:21:43.127+0000] {processor.py:840} INFO - DAG(s) 'tle_api_to_kafka_streaming' retrieved from /opt/airflow/dags/airflow_dag_api_to_kafka.py
[2026-01-29T10:21:43.160+0000] {logging_mixin.py:188} INFO - [2026-01-29T10:21:43.160+0000] {dag.py:3036} INFO - Sync 1 DAGs
[2026-01-29T10:21:43.190+0000] {logging_mixin.py:188} INFO - [2026-01-29T10:21:43.190+0000] {dag.py:3823} INFO - Setting next_dagrun for tle_api_to_kafka_streaming to 2026-01-29 09:00:00+00:00, run_after=2026-01-29 10:00:00+00:00
[2026-01-29T10:21:43.214+0000] {processor.py:183} INFO - Processing /opt/airflow/dags/airflow_dag_api_to_kafka.py took 0.154 seconds
[2026-01-29T10:22:13.332+0000] {processor.py:161} INFO - Started process (PID=2959) to work on /opt/airflow/dags/airflow_dag_api_to_kafka.py
[2026-01-29T10:22:13.333+0000] {processor.py:830} INFO - Processing file /opt/airflow/dags/airflow_dag_api_to_kafka.py for tasks to queue
[2026-01-29T10:22:13.334+0000] {logging_mixin.py:188} INFO - [2026-01-29T10:22:13.333+0000] {dagbag.py:538} INFO - Filling up the DagBag from /opt/airflow/dags/airflow_dag_api_to_kafka.py
[2026-01-29T10:22:13.403+0000] {processor.py:840} INFO - DAG(s) 'tle_api_to_kafka_streaming' retrieved from /opt/airflow/dags/airflow_dag_api_to_kafka.py
[2026-01-29T10:22:13.436+0000] {logging_mixin.py:188} INFO - [2026-01-29T10:22:13.436+0000] {dag.py:3036} INFO - Sync 1 DAGs
[2026-01-29T10:22:13.465+0000] {logging_mixin.py:188} INFO - [2026-01-29T10:22:13.465+0000] {dag.py:3823} INFO - Setting next_dagrun for tle_api_to_kafka_streaming to 2026-01-29 09:00:00+00:00, run_after=2026-01-29 10:00:00+00:00
[2026-01-29T10:22:13.481+0000] {processor.py:183} INFO - Processing /opt/airflow/dags/airflow_dag_api_to_kafka.py took 0.153 seconds
[2026-01-29T10:22:43.619+0000] {processor.py:161} INFO - Started process (PID=2969) to work on /opt/airflow/dags/airflow_dag_api_to_kafka.py
[2026-01-29T10:22:43.620+0000] {processor.py:830} INFO - Processing file /opt/airflow/dags/airflow_dag_api_to_kafka.py for tasks to queue
[2026-01-29T10:22:43.621+0000] {logging_mixin.py:188} INFO - [2026-01-29T10:22:43.621+0000] {dagbag.py:538} INFO - Filling up the DagBag from /opt/airflow/dags/airflow_dag_api_to_kafka.py
[2026-01-29T10:22:43.701+0000] {processor.py:840} INFO - DAG(s) 'tle_api_to_kafka_streaming' retrieved from /opt/airflow/dags/airflow_dag_api_to_kafka.py
[2026-01-29T10:22:43.731+0000] {logging_mixin.py:188} INFO - [2026-01-29T10:22:43.731+0000] {dag.py:3036} INFO - Sync 1 DAGs
[2026-01-29T10:22:43.763+0000] {logging_mixin.py:188} INFO - [2026-01-29T10:22:43.763+0000] {dag.py:3823} INFO - Setting next_dagrun for tle_api_to_kafka_streaming to 2026-01-29 09:00:00+00:00, run_after=2026-01-29 10:00:00+00:00
[2026-01-29T10:22:43.780+0000] {processor.py:183} INFO - Processing /opt/airflow/dags/airflow_dag_api_to_kafka.py took 0.164 seconds
[2026-01-29T10:23:13.913+0000] {processor.py:161} INFO - Started process (PID=2979) to work on /opt/airflow/dags/airflow_dag_api_to_kafka.py
[2026-01-29T10:23:13.915+0000] {processor.py:830} INFO - Processing file /opt/airflow/dags/airflow_dag_api_to_kafka.py for tasks to queue
[2026-01-29T10:23:13.916+0000] {logging_mixin.py:188} INFO - [2026-01-29T10:23:13.916+0000] {dagbag.py:538} INFO - Filling up the DagBag from /opt/airflow/dags/airflow_dag_api_to_kafka.py
[2026-01-29T10:23:14.017+0000] {processor.py:840} INFO - DAG(s) 'tle_api_to_kafka_streaming' retrieved from /opt/airflow/dags/airflow_dag_api_to_kafka.py
[2026-01-29T10:23:14.052+0000] {logging_mixin.py:188} INFO - [2026-01-29T10:23:14.052+0000] {dag.py:3036} INFO - Sync 1 DAGs
[2026-01-29T10:23:14.091+0000] {logging_mixin.py:188} INFO - [2026-01-29T10:23:14.091+0000] {dag.py:3823} INFO - Setting next_dagrun for tle_api_to_kafka_streaming to 2026-01-29 09:00:00+00:00, run_after=2026-01-29 10:00:00+00:00
[2026-01-29T10:23:14.115+0000] {processor.py:183} INFO - Processing /opt/airflow/dags/airflow_dag_api_to_kafka.py took 0.206 seconds
[2026-01-29T10:23:44.259+0000] {processor.py:161} INFO - Started process (PID=2989) to work on /opt/airflow/dags/airflow_dag_api_to_kafka.py
[2026-01-29T10:23:44.262+0000] {processor.py:830} INFO - Processing file /opt/airflow/dags/airflow_dag_api_to_kafka.py for tasks to queue
[2026-01-29T10:23:44.264+0000] {logging_mixin.py:188} INFO - [2026-01-29T10:23:44.263+0000] {dagbag.py:538} INFO - Filling up the DagBag from /opt/airflow/dags/airflow_dag_api_to_kafka.py
[2026-01-29T10:23:44.343+0000] {processor.py:840} INFO - DAG(s) 'tle_api_to_kafka_streaming' retrieved from /opt/airflow/dags/airflow_dag_api_to_kafka.py
[2026-01-29T10:23:44.379+0000] {logging_mixin.py:188} INFO - [2026-01-29T10:23:44.379+0000] {dag.py:3036} INFO - Sync 1 DAGs
[2026-01-29T10:23:44.415+0000] {logging_mixin.py:188} INFO - [2026-01-29T10:23:44.415+0000] {dag.py:3823} INFO - Setting next_dagrun for tle_api_to_kafka_streaming to 2026-01-29 09:00:00+00:00, run_after=2026-01-29 10:00:00+00:00
[2026-01-29T10:23:44.439+0000] {processor.py:183} INFO - Processing /opt/airflow/dags/airflow_dag_api_to_kafka.py took 0.188 seconds
[2026-01-29T10:24:14.568+0000] {processor.py:161} INFO - Started process (PID=2999) to work on /opt/airflow/dags/airflow_dag_api_to_kafka.py
[2026-01-29T10:24:14.570+0000] {processor.py:830} INFO - Processing file /opt/airflow/dags/airflow_dag_api_to_kafka.py for tasks to queue
[2026-01-29T10:24:14.571+0000] {logging_mixin.py:188} INFO - [2026-01-29T10:24:14.570+0000] {dagbag.py:538} INFO - Filling up the DagBag from /opt/airflow/dags/airflow_dag_api_to_kafka.py
[2026-01-29T10:24:14.668+0000] {processor.py:840} INFO - DAG(s) 'tle_api_to_kafka_streaming' retrieved from /opt/airflow/dags/airflow_dag_api_to_kafka.py
[2026-01-29T10:24:14.704+0000] {logging_mixin.py:188} INFO - [2026-01-29T10:24:14.704+0000] {dag.py:3036} INFO - Sync 1 DAGs
[2026-01-29T10:24:14.739+0000] {logging_mixin.py:188} INFO - [2026-01-29T10:24:14.739+0000] {dag.py:3823} INFO - Setting next_dagrun for tle_api_to_kafka_streaming to 2026-01-29 09:00:00+00:00, run_after=2026-01-29 10:00:00+00:00
[2026-01-29T10:24:14.757+0000] {processor.py:183} INFO - Processing /opt/airflow/dags/airflow_dag_api_to_kafka.py took 0.194 seconds
[2026-01-29T10:24:44.881+0000] {processor.py:161} INFO - Started process (PID=3009) to work on /opt/airflow/dags/airflow_dag_api_to_kafka.py
[2026-01-29T10:24:44.883+0000] {processor.py:830} INFO - Processing file /opt/airflow/dags/airflow_dag_api_to_kafka.py for tasks to queue
[2026-01-29T10:24:44.884+0000] {logging_mixin.py:188} INFO - [2026-01-29T10:24:44.883+0000] {dagbag.py:538} INFO - Filling up the DagBag from /opt/airflow/dags/airflow_dag_api_to_kafka.py
[2026-01-29T10:24:44.986+0000] {processor.py:840} INFO - DAG(s) 'tle_api_to_kafka_streaming' retrieved from /opt/airflow/dags/airflow_dag_api_to_kafka.py
[2026-01-29T10:24:45.024+0000] {logging_mixin.py:188} INFO - [2026-01-29T10:24:45.024+0000] {dag.py:3036} INFO - Sync 1 DAGs
[2026-01-29T10:24:45.062+0000] {logging_mixin.py:188} INFO - [2026-01-29T10:24:45.062+0000] {dag.py:3823} INFO - Setting next_dagrun for tle_api_to_kafka_streaming to 2026-01-29 09:00:00+00:00, run_after=2026-01-29 10:00:00+00:00
[2026-01-29T10:24:45.087+0000] {processor.py:183} INFO - Processing /opt/airflow/dags/airflow_dag_api_to_kafka.py took 0.209 seconds
[2026-01-29T10:25:15.224+0000] {processor.py:161} INFO - Started process (PID=3019) to work on /opt/airflow/dags/airflow_dag_api_to_kafka.py
[2026-01-29T10:25:15.225+0000] {processor.py:830} INFO - Processing file /opt/airflow/dags/airflow_dag_api_to_kafka.py for tasks to queue
[2026-01-29T10:25:15.226+0000] {logging_mixin.py:188} INFO - [2026-01-29T10:25:15.225+0000] {dagbag.py:538} INFO - Filling up the DagBag from /opt/airflow/dags/airflow_dag_api_to_kafka.py
[2026-01-29T10:25:15.322+0000] {processor.py:840} INFO - DAG(s) 'tle_api_to_kafka_streaming' retrieved from /opt/airflow/dags/airflow_dag_api_to_kafka.py
[2026-01-29T10:25:15.360+0000] {logging_mixin.py:188} INFO - [2026-01-29T10:25:15.360+0000] {dag.py:3036} INFO - Sync 1 DAGs
[2026-01-29T10:25:15.401+0000] {logging_mixin.py:188} INFO - [2026-01-29T10:25:15.401+0000] {dag.py:3823} INFO - Setting next_dagrun for tle_api_to_kafka_streaming to 2026-01-29 09:00:00+00:00, run_after=2026-01-29 10:00:00+00:00
[2026-01-29T10:25:15.423+0000] {processor.py:183} INFO - Processing /opt/airflow/dags/airflow_dag_api_to_kafka.py took 0.203 seconds
[2026-01-29T10:25:45.557+0000] {processor.py:161} INFO - Started process (PID=3029) to work on /opt/airflow/dags/airflow_dag_api_to_kafka.py
[2026-01-29T10:25:45.559+0000] {processor.py:830} INFO - Processing file /opt/airflow/dags/airflow_dag_api_to_kafka.py for tasks to queue
[2026-01-29T10:25:45.559+0000] {logging_mixin.py:188} INFO - [2026-01-29T10:25:45.559+0000] {dagbag.py:538} INFO - Filling up the DagBag from /opt/airflow/dags/airflow_dag_api_to_kafka.py
[2026-01-29T10:25:45.660+0000] {processor.py:840} INFO - DAG(s) 'tle_api_to_kafka_streaming' retrieved from /opt/airflow/dags/airflow_dag_api_to_kafka.py
[2026-01-29T10:25:45.700+0000] {logging_mixin.py:188} INFO - [2026-01-29T10:25:45.700+0000] {dag.py:3036} INFO - Sync 1 DAGs
[2026-01-29T10:25:45.736+0000] {logging_mixin.py:188} INFO - [2026-01-29T10:25:45.736+0000] {dag.py:3823} INFO - Setting next_dagrun for tle_api_to_kafka_streaming to 2026-01-29 09:00:00+00:00, run_after=2026-01-29 10:00:00+00:00
[2026-01-29T10:25:45.756+0000] {processor.py:183} INFO - Processing /opt/airflow/dags/airflow_dag_api_to_kafka.py took 0.202 seconds
[2026-01-29T10:26:15.897+0000] {processor.py:161} INFO - Started process (PID=3039) to work on /opt/airflow/dags/airflow_dag_api_to_kafka.py
[2026-01-29T10:26:15.900+0000] {processor.py:830} INFO - Processing file /opt/airflow/dags/airflow_dag_api_to_kafka.py for tasks to queue
[2026-01-29T10:26:15.901+0000] {logging_mixin.py:188} INFO - [2026-01-29T10:26:15.900+0000] {dagbag.py:538} INFO - Filling up the DagBag from /opt/airflow/dags/airflow_dag_api_to_kafka.py
[2026-01-29T10:26:16.005+0000] {processor.py:840} INFO - DAG(s) 'tle_api_to_kafka_streaming' retrieved from /opt/airflow/dags/airflow_dag_api_to_kafka.py
[2026-01-29T10:26:16.045+0000] {logging_mixin.py:188} INFO - [2026-01-29T10:26:16.044+0000] {dag.py:3036} INFO - Sync 1 DAGs
[2026-01-29T10:26:16.080+0000] {logging_mixin.py:188} INFO - [2026-01-29T10:26:16.079+0000] {dag.py:3823} INFO - Setting next_dagrun for tle_api_to_kafka_streaming to 2026-01-29 09:00:00+00:00, run_after=2026-01-29 10:00:00+00:00
[2026-01-29T10:26:16.099+0000] {processor.py:183} INFO - Processing /opt/airflow/dags/airflow_dag_api_to_kafka.py took 0.205 seconds
[2026-01-29T10:26:46.247+0000] {processor.py:161} INFO - Started process (PID=3049) to work on /opt/airflow/dags/airflow_dag_api_to_kafka.py
[2026-01-29T10:26:46.248+0000] {processor.py:830} INFO - Processing file /opt/airflow/dags/airflow_dag_api_to_kafka.py for tasks to queue
[2026-01-29T10:26:46.249+0000] {logging_mixin.py:188} INFO - [2026-01-29T10:26:46.248+0000] {dagbag.py:538} INFO - Filling up the DagBag from /opt/airflow/dags/airflow_dag_api_to_kafka.py
[2026-01-29T10:26:46.358+0000] {processor.py:840} INFO - DAG(s) 'tle_api_to_kafka_streaming' retrieved from /opt/airflow/dags/airflow_dag_api_to_kafka.py
[2026-01-29T10:26:46.397+0000] {logging_mixin.py:188} INFO - [2026-01-29T10:26:46.397+0000] {dag.py:3036} INFO - Sync 1 DAGs
[2026-01-29T10:26:46.432+0000] {logging_mixin.py:188} INFO - [2026-01-29T10:26:46.432+0000] {dag.py:3823} INFO - Setting next_dagrun for tle_api_to_kafka_streaming to 2026-01-29 09:00:00+00:00, run_after=2026-01-29 10:00:00+00:00
[2026-01-29T10:26:46.450+0000] {processor.py:183} INFO - Processing /opt/airflow/dags/airflow_dag_api_to_kafka.py took 0.207 seconds
[2026-01-29T10:27:16.589+0000] {processor.py:161} INFO - Started process (PID=3059) to work on /opt/airflow/dags/airflow_dag_api_to_kafka.py
[2026-01-29T10:27:16.592+0000] {processor.py:830} INFO - Processing file /opt/airflow/dags/airflow_dag_api_to_kafka.py for tasks to queue
[2026-01-29T10:27:16.594+0000] {logging_mixin.py:188} INFO - [2026-01-29T10:27:16.593+0000] {dagbag.py:538} INFO - Filling up the DagBag from /opt/airflow/dags/airflow_dag_api_to_kafka.py
[2026-01-29T10:27:16.693+0000] {processor.py:840} INFO - DAG(s) 'tle_api_to_kafka_streaming' retrieved from /opt/airflow/dags/airflow_dag_api_to_kafka.py
[2026-01-29T10:27:16.733+0000] {logging_mixin.py:188} INFO - [2026-01-29T10:27:16.733+0000] {dag.py:3036} INFO - Sync 1 DAGs
[2026-01-29T10:27:16.767+0000] {logging_mixin.py:188} INFO - [2026-01-29T10:27:16.767+0000] {dag.py:3823} INFO - Setting next_dagrun for tle_api_to_kafka_streaming to 2026-01-29 09:00:00+00:00, run_after=2026-01-29 10:00:00+00:00
[2026-01-29T10:27:16.791+0000] {processor.py:183} INFO - Processing /opt/airflow/dags/airflow_dag_api_to_kafka.py took 0.210 seconds
[2026-01-29T10:27:46.918+0000] {processor.py:161} INFO - Started process (PID=3069) to work on /opt/airflow/dags/airflow_dag_api_to_kafka.py
[2026-01-29T10:27:46.921+0000] {processor.py:830} INFO - Processing file /opt/airflow/dags/airflow_dag_api_to_kafka.py for tasks to queue
[2026-01-29T10:27:46.922+0000] {logging_mixin.py:188} INFO - [2026-01-29T10:27:46.921+0000] {dagbag.py:538} INFO - Filling up the DagBag from /opt/airflow/dags/airflow_dag_api_to_kafka.py
[2026-01-29T10:27:47.016+0000] {processor.py:840} INFO - DAG(s) 'tle_api_to_kafka_streaming' retrieved from /opt/airflow/dags/airflow_dag_api_to_kafka.py
[2026-01-29T10:27:47.049+0000] {logging_mixin.py:188} INFO - [2026-01-29T10:27:47.049+0000] {dag.py:3036} INFO - Sync 1 DAGs
[2026-01-29T10:27:47.083+0000] {logging_mixin.py:188} INFO - [2026-01-29T10:27:47.083+0000] {dag.py:3823} INFO - Setting next_dagrun for tle_api_to_kafka_streaming to 2026-01-29 09:00:00+00:00, run_after=2026-01-29 10:00:00+00:00
[2026-01-29T10:27:47.103+0000] {processor.py:183} INFO - Processing /opt/airflow/dags/airflow_dag_api_to_kafka.py took 0.189 seconds
[2026-01-29T10:28:17.220+0000] {processor.py:161} INFO - Started process (PID=3079) to work on /opt/airflow/dags/airflow_dag_api_to_kafka.py
[2026-01-29T10:28:17.221+0000] {processor.py:830} INFO - Processing file /opt/airflow/dags/airflow_dag_api_to_kafka.py for tasks to queue
[2026-01-29T10:28:17.222+0000] {logging_mixin.py:188} INFO - [2026-01-29T10:28:17.222+0000] {dagbag.py:538} INFO - Filling up the DagBag from /opt/airflow/dags/airflow_dag_api_to_kafka.py
[2026-01-29T10:28:17.317+0000] {processor.py:840} INFO - DAG(s) 'tle_api_to_kafka_streaming' retrieved from /opt/airflow/dags/airflow_dag_api_to_kafka.py
[2026-01-29T10:28:17.353+0000] {logging_mixin.py:188} INFO - [2026-01-29T10:28:17.353+0000] {dag.py:3036} INFO - Sync 1 DAGs
[2026-01-29T10:28:17.390+0000] {logging_mixin.py:188} INFO - [2026-01-29T10:28:17.389+0000] {dag.py:3823} INFO - Setting next_dagrun for tle_api_to_kafka_streaming to 2026-01-29 09:00:00+00:00, run_after=2026-01-29 10:00:00+00:00
[2026-01-29T10:28:17.413+0000] {processor.py:183} INFO - Processing /opt/airflow/dags/airflow_dag_api_to_kafka.py took 0.196 seconds
[2026-01-29T10:28:47.536+0000] {processor.py:161} INFO - Started process (PID=3089) to work on /opt/airflow/dags/airflow_dag_api_to_kafka.py
[2026-01-29T10:28:47.537+0000] {processor.py:830} INFO - Processing file /opt/airflow/dags/airflow_dag_api_to_kafka.py for tasks to queue
[2026-01-29T10:28:47.539+0000] {logging_mixin.py:188} INFO - [2026-01-29T10:28:47.538+0000] {dagbag.py:538} INFO - Filling up the DagBag from /opt/airflow/dags/airflow_dag_api_to_kafka.py
[2026-01-29T10:28:47.656+0000] {processor.py:840} INFO - DAG(s) 'tle_api_to_kafka_streaming' retrieved from /opt/airflow/dags/airflow_dag_api_to_kafka.py
[2026-01-29T10:28:47.709+0000] {logging_mixin.py:188} INFO - [2026-01-29T10:28:47.709+0000] {dag.py:3036} INFO - Sync 1 DAGs
[2026-01-29T10:28:47.748+0000] {logging_mixin.py:188} INFO - [2026-01-29T10:28:47.748+0000] {dag.py:3823} INFO - Setting next_dagrun for tle_api_to_kafka_streaming to 2026-01-29 09:00:00+00:00, run_after=2026-01-29 10:00:00+00:00
[2026-01-29T10:28:47.776+0000] {processor.py:183} INFO - Processing /opt/airflow/dags/airflow_dag_api_to_kafka.py took 0.247 seconds
[2026-01-29T10:29:17.905+0000] {processor.py:161} INFO - Started process (PID=3099) to work on /opt/airflow/dags/airflow_dag_api_to_kafka.py
[2026-01-29T10:29:17.907+0000] {processor.py:830} INFO - Processing file /opt/airflow/dags/airflow_dag_api_to_kafka.py for tasks to queue
[2026-01-29T10:29:17.908+0000] {logging_mixin.py:188} INFO - [2026-01-29T10:29:17.908+0000] {dagbag.py:538} INFO - Filling up the DagBag from /opt/airflow/dags/airflow_dag_api_to_kafka.py
[2026-01-29T10:29:17.993+0000] {processor.py:840} INFO - DAG(s) 'tle_api_to_kafka_streaming' retrieved from /opt/airflow/dags/airflow_dag_api_to_kafka.py
[2026-01-29T10:29:18.033+0000] {logging_mixin.py:188} INFO - [2026-01-29T10:29:18.032+0000] {dag.py:3036} INFO - Sync 1 DAGs
[2026-01-29T10:29:18.063+0000] {logging_mixin.py:188} INFO - [2026-01-29T10:29:18.063+0000] {dag.py:3823} INFO - Setting next_dagrun for tle_api_to_kafka_streaming to 2026-01-29 09:00:00+00:00, run_after=2026-01-29 10:00:00+00:00
[2026-01-29T10:29:18.083+0000] {processor.py:183} INFO - Processing /opt/airflow/dags/airflow_dag_api_to_kafka.py took 0.184 seconds
[2026-01-29T10:29:48.209+0000] {processor.py:161} INFO - Started process (PID=3109) to work on /opt/airflow/dags/airflow_dag_api_to_kafka.py
[2026-01-29T10:29:48.210+0000] {processor.py:830} INFO - Processing file /opt/airflow/dags/airflow_dag_api_to_kafka.py for tasks to queue
[2026-01-29T10:29:48.211+0000] {logging_mixin.py:188} INFO - [2026-01-29T10:29:48.211+0000] {dagbag.py:538} INFO - Filling up the DagBag from /opt/airflow/dags/airflow_dag_api_to_kafka.py
[2026-01-29T10:29:48.310+0000] {processor.py:840} INFO - DAG(s) 'tle_api_to_kafka_streaming' retrieved from /opt/airflow/dags/airflow_dag_api_to_kafka.py
[2026-01-29T10:29:48.345+0000] {logging_mixin.py:188} INFO - [2026-01-29T10:29:48.345+0000] {dag.py:3036} INFO - Sync 1 DAGs
[2026-01-29T10:29:48.384+0000] {logging_mixin.py:188} INFO - [2026-01-29T10:29:48.384+0000] {dag.py:3823} INFO - Setting next_dagrun for tle_api_to_kafka_streaming to 2026-01-29 09:00:00+00:00, run_after=2026-01-29 10:00:00+00:00
[2026-01-29T10:29:48.406+0000] {processor.py:183} INFO - Processing /opt/airflow/dags/airflow_dag_api_to_kafka.py took 0.201 seconds
[2026-01-29T10:30:18.560+0000] {processor.py:161} INFO - Started process (PID=3119) to work on /opt/airflow/dags/airflow_dag_api_to_kafka.py
[2026-01-29T10:30:18.561+0000] {processor.py:830} INFO - Processing file /opt/airflow/dags/airflow_dag_api_to_kafka.py for tasks to queue
[2026-01-29T10:30:18.562+0000] {logging_mixin.py:188} INFO - [2026-01-29T10:30:18.562+0000] {dagbag.py:538} INFO - Filling up the DagBag from /opt/airflow/dags/airflow_dag_api_to_kafka.py
[2026-01-29T10:30:18.631+0000] {processor.py:840} INFO - DAG(s) 'tle_api_to_kafka_streaming' retrieved from /opt/airflow/dags/airflow_dag_api_to_kafka.py
[2026-01-29T10:30:18.669+0000] {logging_mixin.py:188} INFO - [2026-01-29T10:30:18.669+0000] {dag.py:3036} INFO - Sync 1 DAGs
[2026-01-29T10:30:18.700+0000] {logging_mixin.py:188} INFO - [2026-01-29T10:30:18.700+0000] {dag.py:3823} INFO - Setting next_dagrun for tle_api_to_kafka_streaming to 2026-01-29 09:00:00+00:00, run_after=2026-01-29 10:00:00+00:00
[2026-01-29T10:30:18.721+0000] {processor.py:183} INFO - Processing /opt/airflow/dags/airflow_dag_api_to_kafka.py took 0.167 seconds
[2026-01-29T10:30:48.856+0000] {processor.py:161} INFO - Started process (PID=3129) to work on /opt/airflow/dags/airflow_dag_api_to_kafka.py
[2026-01-29T10:30:48.857+0000] {processor.py:830} INFO - Processing file /opt/airflow/dags/airflow_dag_api_to_kafka.py for tasks to queue
[2026-01-29T10:30:48.858+0000] {logging_mixin.py:188} INFO - [2026-01-29T10:30:48.857+0000] {dagbag.py:538} INFO - Filling up the DagBag from /opt/airflow/dags/airflow_dag_api_to_kafka.py
[2026-01-29T10:30:48.956+0000] {processor.py:840} INFO - DAG(s) 'tle_api_to_kafka_streaming' retrieved from /opt/airflow/dags/airflow_dag_api_to_kafka.py
[2026-01-29T10:30:48.997+0000] {logging_mixin.py:188} INFO - [2026-01-29T10:30:48.997+0000] {dag.py:3036} INFO - Sync 1 DAGs
[2026-01-29T10:30:49.034+0000] {logging_mixin.py:188} INFO - [2026-01-29T10:30:49.033+0000] {dag.py:3823} INFO - Setting next_dagrun for tle_api_to_kafka_streaming to 2026-01-29 09:00:00+00:00, run_after=2026-01-29 10:00:00+00:00
[2026-01-29T10:30:49.059+0000] {processor.py:183} INFO - Processing /opt/airflow/dags/airflow_dag_api_to_kafka.py took 0.207 seconds
[2026-01-29T10:31:19.182+0000] {processor.py:161} INFO - Started process (PID=3139) to work on /opt/airflow/dags/airflow_dag_api_to_kafka.py
[2026-01-29T10:31:19.183+0000] {processor.py:830} INFO - Processing file /opt/airflow/dags/airflow_dag_api_to_kafka.py for tasks to queue
[2026-01-29T10:31:19.184+0000] {logging_mixin.py:188} INFO - [2026-01-29T10:31:19.184+0000] {dagbag.py:538} INFO - Filling up the DagBag from /opt/airflow/dags/airflow_dag_api_to_kafka.py
[2026-01-29T10:31:19.295+0000] {processor.py:840} INFO - DAG(s) 'tle_api_to_kafka_streaming' retrieved from /opt/airflow/dags/airflow_dag_api_to_kafka.py
[2026-01-29T10:31:19.329+0000] {logging_mixin.py:188} INFO - [2026-01-29T10:31:19.329+0000] {dag.py:3036} INFO - Sync 1 DAGs
[2026-01-29T10:31:19.367+0000] {logging_mixin.py:188} INFO - [2026-01-29T10:31:19.367+0000] {dag.py:3823} INFO - Setting next_dagrun for tle_api_to_kafka_streaming to 2026-01-29 09:00:00+00:00, run_after=2026-01-29 10:00:00+00:00
[2026-01-29T10:31:19.400+0000] {processor.py:183} INFO - Processing /opt/airflow/dags/airflow_dag_api_to_kafka.py took 0.222 seconds
[2026-01-29T10:31:49.531+0000] {processor.py:161} INFO - Started process (PID=3149) to work on /opt/airflow/dags/airflow_dag_api_to_kafka.py
[2026-01-29T10:31:49.532+0000] {processor.py:830} INFO - Processing file /opt/airflow/dags/airflow_dag_api_to_kafka.py for tasks to queue
[2026-01-29T10:31:49.533+0000] {logging_mixin.py:188} INFO - [2026-01-29T10:31:49.532+0000] {dagbag.py:538} INFO - Filling up the DagBag from /opt/airflow/dags/airflow_dag_api_to_kafka.py
[2026-01-29T10:31:49.629+0000] {processor.py:840} INFO - DAG(s) 'tle_api_to_kafka_streaming' retrieved from /opt/airflow/dags/airflow_dag_api_to_kafka.py
[2026-01-29T10:31:49.667+0000] {logging_mixin.py:188} INFO - [2026-01-29T10:31:49.667+0000] {dag.py:3036} INFO - Sync 1 DAGs
[2026-01-29T10:31:49.703+0000] {logging_mixin.py:188} INFO - [2026-01-29T10:31:49.703+0000] {dag.py:3823} INFO - Setting next_dagrun for tle_api_to_kafka_streaming to 2026-01-29 09:00:00+00:00, run_after=2026-01-29 10:00:00+00:00
[2026-01-29T10:31:49.723+0000] {processor.py:183} INFO - Processing /opt/airflow/dags/airflow_dag_api_to_kafka.py took 0.196 seconds
[2026-01-29T10:32:19.849+0000] {processor.py:161} INFO - Started process (PID=3159) to work on /opt/airflow/dags/airflow_dag_api_to_kafka.py
[2026-01-29T10:32:19.850+0000] {processor.py:830} INFO - Processing file /opt/airflow/dags/airflow_dag_api_to_kafka.py for tasks to queue
[2026-01-29T10:32:19.851+0000] {logging_mixin.py:188} INFO - [2026-01-29T10:32:19.850+0000] {dagbag.py:538} INFO - Filling up the DagBag from /opt/airflow/dags/airflow_dag_api_to_kafka.py
[2026-01-29T10:32:19.951+0000] {processor.py:840} INFO - DAG(s) 'tle_api_to_kafka_streaming' retrieved from /opt/airflow/dags/airflow_dag_api_to_kafka.py
[2026-01-29T10:32:19.986+0000] {logging_mixin.py:188} INFO - [2026-01-29T10:32:19.986+0000] {dag.py:3036} INFO - Sync 1 DAGs
[2026-01-29T10:32:20.018+0000] {logging_mixin.py:188} INFO - [2026-01-29T10:32:20.017+0000] {dag.py:3823} INFO - Setting next_dagrun for tle_api_to_kafka_streaming to 2026-01-29 09:00:00+00:00, run_after=2026-01-29 10:00:00+00:00
[2026-01-29T10:32:20.033+0000] {processor.py:183} INFO - Processing /opt/airflow/dags/airflow_dag_api_to_kafka.py took 0.188 seconds
[2026-01-29T10:32:50.153+0000] {processor.py:161} INFO - Started process (PID=3169) to work on /opt/airflow/dags/airflow_dag_api_to_kafka.py
[2026-01-29T10:32:50.156+0000] {processor.py:830} INFO - Processing file /opt/airflow/dags/airflow_dag_api_to_kafka.py for tasks to queue
[2026-01-29T10:32:50.157+0000] {logging_mixin.py:188} INFO - [2026-01-29T10:32:50.156+0000] {dagbag.py:538} INFO - Filling up the DagBag from /opt/airflow/dags/airflow_dag_api_to_kafka.py
[2026-01-29T10:32:50.241+0000] {processor.py:840} INFO - DAG(s) 'tle_api_to_kafka_streaming' retrieved from /opt/airflow/dags/airflow_dag_api_to_kafka.py
[2026-01-29T10:32:50.277+0000] {logging_mixin.py:188} INFO - [2026-01-29T10:32:50.277+0000] {dag.py:3036} INFO - Sync 1 DAGs
[2026-01-29T10:32:50.312+0000] {logging_mixin.py:188} INFO - [2026-01-29T10:32:50.312+0000] {dag.py:3823} INFO - Setting next_dagrun for tle_api_to_kafka_streaming to 2026-01-29 09:00:00+00:00, run_after=2026-01-29 10:00:00+00:00
[2026-01-29T10:32:50.335+0000] {processor.py:183} INFO - Processing /opt/airflow/dags/airflow_dag_api_to_kafka.py took 0.187 seconds
[2026-01-29T10:33:20.470+0000] {processor.py:161} INFO - Started process (PID=3179) to work on /opt/airflow/dags/airflow_dag_api_to_kafka.py
[2026-01-29T10:33:20.471+0000] {processor.py:830} INFO - Processing file /opt/airflow/dags/airflow_dag_api_to_kafka.py for tasks to queue
[2026-01-29T10:33:20.472+0000] {logging_mixin.py:188} INFO - [2026-01-29T10:33:20.472+0000] {dagbag.py:538} INFO - Filling up the DagBag from /opt/airflow/dags/airflow_dag_api_to_kafka.py
[2026-01-29T10:33:20.570+0000] {processor.py:840} INFO - DAG(s) 'tle_api_to_kafka_streaming' retrieved from /opt/airflow/dags/airflow_dag_api_to_kafka.py
[2026-01-29T10:33:20.607+0000] {logging_mixin.py:188} INFO - [2026-01-29T10:33:20.607+0000] {dag.py:3036} INFO - Sync 1 DAGs
[2026-01-29T10:33:20.647+0000] {logging_mixin.py:188} INFO - [2026-01-29T10:33:20.647+0000] {dag.py:3823} INFO - Setting next_dagrun for tle_api_to_kafka_streaming to 2026-01-29 09:00:00+00:00, run_after=2026-01-29 10:00:00+00:00
[2026-01-29T10:33:20.666+0000] {processor.py:183} INFO - Processing /opt/airflow/dags/airflow_dag_api_to_kafka.py took 0.199 seconds
[2026-01-29T10:33:50.799+0000] {processor.py:161} INFO - Started process (PID=3189) to work on /opt/airflow/dags/airflow_dag_api_to_kafka.py
[2026-01-29T10:33:50.800+0000] {processor.py:830} INFO - Processing file /opt/airflow/dags/airflow_dag_api_to_kafka.py for tasks to queue
[2026-01-29T10:33:50.800+0000] {logging_mixin.py:188} INFO - [2026-01-29T10:33:50.800+0000] {dagbag.py:538} INFO - Filling up the DagBag from /opt/airflow/dags/airflow_dag_api_to_kafka.py
[2026-01-29T10:33:50.877+0000] {processor.py:840} INFO - DAG(s) 'tle_api_to_kafka_streaming' retrieved from /opt/airflow/dags/airflow_dag_api_to_kafka.py
[2026-01-29T10:33:50.904+0000] {logging_mixin.py:188} INFO - [2026-01-29T10:33:50.904+0000] {dag.py:3036} INFO - Sync 1 DAGs
[2026-01-29T10:33:50.932+0000] {logging_mixin.py:188} INFO - [2026-01-29T10:33:50.932+0000] {dag.py:3823} INFO - Setting next_dagrun for tle_api_to_kafka_streaming to 2026-01-29 09:00:00+00:00, run_after=2026-01-29 10:00:00+00:00
[2026-01-29T10:33:50.949+0000] {processor.py:183} INFO - Processing /opt/airflow/dags/airflow_dag_api_to_kafka.py took 0.153 seconds
[2026-01-29T10:34:21.100+0000] {processor.py:161} INFO - Started process (PID=3199) to work on /opt/airflow/dags/airflow_dag_api_to_kafka.py
[2026-01-29T10:34:21.101+0000] {processor.py:830} INFO - Processing file /opt/airflow/dags/airflow_dag_api_to_kafka.py for tasks to queue
[2026-01-29T10:34:21.102+0000] {logging_mixin.py:188} INFO - [2026-01-29T10:34:21.101+0000] {dagbag.py:538} INFO - Filling up the DagBag from /opt/airflow/dags/airflow_dag_api_to_kafka.py
[2026-01-29T10:34:21.201+0000] {processor.py:840} INFO - DAG(s) 'tle_api_to_kafka_streaming' retrieved from /opt/airflow/dags/airflow_dag_api_to_kafka.py
[2026-01-29T10:34:21.236+0000] {logging_mixin.py:188} INFO - [2026-01-29T10:34:21.235+0000] {dag.py:3036} INFO - Sync 1 DAGs
[2026-01-29T10:34:21.272+0000] {logging_mixin.py:188} INFO - [2026-01-29T10:34:21.272+0000] {dag.py:3823} INFO - Setting next_dagrun for tle_api_to_kafka_streaming to 2026-01-29 09:00:00+00:00, run_after=2026-01-29 10:00:00+00:00
[2026-01-29T10:34:21.295+0000] {processor.py:183} INFO - Processing /opt/airflow/dags/airflow_dag_api_to_kafka.py took 0.199 seconds
[2026-01-29T10:34:51.422+0000] {processor.py:161} INFO - Started process (PID=3209) to work on /opt/airflow/dags/airflow_dag_api_to_kafka.py
[2026-01-29T10:34:51.423+0000] {processor.py:830} INFO - Processing file /opt/airflow/dags/airflow_dag_api_to_kafka.py for tasks to queue
[2026-01-29T10:34:51.424+0000] {logging_mixin.py:188} INFO - [2026-01-29T10:34:51.424+0000] {dagbag.py:538} INFO - Filling up the DagBag from /opt/airflow/dags/airflow_dag_api_to_kafka.py
[2026-01-29T10:34:51.514+0000] {processor.py:840} INFO - DAG(s) 'tle_api_to_kafka_streaming' retrieved from /opt/airflow/dags/airflow_dag_api_to_kafka.py
[2026-01-29T10:34:51.550+0000] {logging_mixin.py:188} INFO - [2026-01-29T10:34:51.550+0000] {dag.py:3036} INFO - Sync 1 DAGs
[2026-01-29T10:34:51.583+0000] {logging_mixin.py:188} INFO - [2026-01-29T10:34:51.583+0000] {dag.py:3823} INFO - Setting next_dagrun for tle_api_to_kafka_streaming to 2026-01-29 09:00:00+00:00, run_after=2026-01-29 10:00:00+00:00
[2026-01-29T10:34:51.601+0000] {processor.py:183} INFO - Processing /opt/airflow/dags/airflow_dag_api_to_kafka.py took 0.183 seconds
[2026-01-29T10:35:21.738+0000] {processor.py:161} INFO - Started process (PID=3219) to work on /opt/airflow/dags/airflow_dag_api_to_kafka.py
[2026-01-29T10:35:21.739+0000] {processor.py:830} INFO - Processing file /opt/airflow/dags/airflow_dag_api_to_kafka.py for tasks to queue
[2026-01-29T10:35:21.740+0000] {logging_mixin.py:188} INFO - [2026-01-29T10:35:21.739+0000] {dagbag.py:538} INFO - Filling up the DagBag from /opt/airflow/dags/airflow_dag_api_to_kafka.py
[2026-01-29T10:35:21.829+0000] {processor.py:840} INFO - DAG(s) 'tle_api_to_kafka_streaming' retrieved from /opt/airflow/dags/airflow_dag_api_to_kafka.py
[2026-01-29T10:35:21.868+0000] {logging_mixin.py:188} INFO - [2026-01-29T10:35:21.868+0000] {dag.py:3036} INFO - Sync 1 DAGs
[2026-01-29T10:35:21.910+0000] {logging_mixin.py:188} INFO - [2026-01-29T10:35:21.910+0000] {dag.py:3823} INFO - Setting next_dagrun for tle_api_to_kafka_streaming to 2026-01-29 09:00:00+00:00, run_after=2026-01-29 10:00:00+00:00
[2026-01-29T10:35:21.934+0000] {processor.py:183} INFO - Processing /opt/airflow/dags/airflow_dag_api_to_kafka.py took 0.200 seconds
[2026-01-29T10:35:52.076+0000] {processor.py:161} INFO - Started process (PID=3229) to work on /opt/airflow/dags/airflow_dag_api_to_kafka.py
[2026-01-29T10:35:52.078+0000] {processor.py:830} INFO - Processing file /opt/airflow/dags/airflow_dag_api_to_kafka.py for tasks to queue
[2026-01-29T10:35:52.079+0000] {logging_mixin.py:188} INFO - [2026-01-29T10:35:52.079+0000] {dagbag.py:538} INFO - Filling up the DagBag from /opt/airflow/dags/airflow_dag_api_to_kafka.py
[2026-01-29T10:35:52.194+0000] {processor.py:840} INFO - DAG(s) 'tle_api_to_kafka_streaming' retrieved from /opt/airflow/dags/airflow_dag_api_to_kafka.py
[2026-01-29T10:35:52.236+0000] {logging_mixin.py:188} INFO - [2026-01-29T10:35:52.236+0000] {dag.py:3036} INFO - Sync 1 DAGs
[2026-01-29T10:35:52.280+0000] {logging_mixin.py:188} INFO - [2026-01-29T10:35:52.279+0000] {dag.py:3823} INFO - Setting next_dagrun for tle_api_to_kafka_streaming to 2026-01-29 09:00:00+00:00, run_after=2026-01-29 10:00:00+00:00
[2026-01-29T10:35:52.304+0000] {processor.py:183} INFO - Processing /opt/airflow/dags/airflow_dag_api_to_kafka.py took 0.233 seconds
[2026-01-29T10:36:22.447+0000] {processor.py:161} INFO - Started process (PID=3239) to work on /opt/airflow/dags/airflow_dag_api_to_kafka.py
[2026-01-29T10:36:22.450+0000] {processor.py:830} INFO - Processing file /opt/airflow/dags/airflow_dag_api_to_kafka.py for tasks to queue
[2026-01-29T10:36:22.451+0000] {logging_mixin.py:188} INFO - [2026-01-29T10:36:22.451+0000] {dagbag.py:538} INFO - Filling up the DagBag from /opt/airflow/dags/airflow_dag_api_to_kafka.py
[2026-01-29T10:36:22.530+0000] {processor.py:840} INFO - DAG(s) 'tle_api_to_kafka_streaming' retrieved from /opt/airflow/dags/airflow_dag_api_to_kafka.py
[2026-01-29T10:36:22.567+0000] {logging_mixin.py:188} INFO - [2026-01-29T10:36:22.567+0000] {dag.py:3036} INFO - Sync 1 DAGs
[2026-01-29T10:36:22.599+0000] {logging_mixin.py:188} INFO - [2026-01-29T10:36:22.599+0000] {dag.py:3823} INFO - Setting next_dagrun for tle_api_to_kafka_streaming to 2026-01-29 09:00:00+00:00, run_after=2026-01-29 10:00:00+00:00
[2026-01-29T10:36:22.620+0000] {processor.py:183} INFO - Processing /opt/airflow/dags/airflow_dag_api_to_kafka.py took 0.176 seconds
[2026-01-29T10:36:52.792+0000] {processor.py:161} INFO - Started process (PID=3249) to work on /opt/airflow/dags/airflow_dag_api_to_kafka.py
[2026-01-29T10:36:52.793+0000] {processor.py:830} INFO - Processing file /opt/airflow/dags/airflow_dag_api_to_kafka.py for tasks to queue
[2026-01-29T10:36:52.794+0000] {logging_mixin.py:188} INFO - [2026-01-29T10:36:52.794+0000] {dagbag.py:538} INFO - Filling up the DagBag from /opt/airflow/dags/airflow_dag_api_to_kafka.py
[2026-01-29T10:36:52.891+0000] {processor.py:840} INFO - DAG(s) 'tle_api_to_kafka_streaming' retrieved from /opt/airflow/dags/airflow_dag_api_to_kafka.py
[2026-01-29T10:36:52.929+0000] {logging_mixin.py:188} INFO - [2026-01-29T10:36:52.929+0000] {dag.py:3036} INFO - Sync 1 DAGs
[2026-01-29T10:36:52.966+0000] {logging_mixin.py:188} INFO - [2026-01-29T10:36:52.966+0000] {dag.py:3823} INFO - Setting next_dagrun for tle_api_to_kafka_streaming to 2026-01-29 09:00:00+00:00, run_after=2026-01-29 10:00:00+00:00
[2026-01-29T10:36:52.991+0000] {processor.py:183} INFO - Processing /opt/airflow/dags/airflow_dag_api_to_kafka.py took 0.203 seconds
[2026-01-29T10:37:23.146+0000] {processor.py:161} INFO - Started process (PID=3259) to work on /opt/airflow/dags/airflow_dag_api_to_kafka.py
[2026-01-29T10:37:23.149+0000] {processor.py:830} INFO - Processing file /opt/airflow/dags/airflow_dag_api_to_kafka.py for tasks to queue
[2026-01-29T10:37:23.151+0000] {logging_mixin.py:188} INFO - [2026-01-29T10:37:23.150+0000] {dagbag.py:538} INFO - Filling up the DagBag from /opt/airflow/dags/airflow_dag_api_to_kafka.py
[2026-01-29T10:37:23.231+0000] {processor.py:840} INFO - DAG(s) 'tle_api_to_kafka_streaming' retrieved from /opt/airflow/dags/airflow_dag_api_to_kafka.py
[2026-01-29T10:37:23.268+0000] {logging_mixin.py:188} INFO - [2026-01-29T10:37:23.268+0000] {dag.py:3036} INFO - Sync 1 DAGs
[2026-01-29T10:37:23.306+0000] {logging_mixin.py:188} INFO - [2026-01-29T10:37:23.305+0000] {dag.py:3823} INFO - Setting next_dagrun for tle_api_to_kafka_streaming to 2026-01-29 09:00:00+00:00, run_after=2026-01-29 10:00:00+00:00
[2026-01-29T10:37:23.327+0000] {processor.py:183} INFO - Processing /opt/airflow/dags/airflow_dag_api_to_kafka.py took 0.186 seconds
[2026-01-29T10:37:53.470+0000] {processor.py:161} INFO - Started process (PID=3269) to work on /opt/airflow/dags/airflow_dag_api_to_kafka.py
[2026-01-29T10:37:53.472+0000] {processor.py:830} INFO - Processing file /opt/airflow/dags/airflow_dag_api_to_kafka.py for tasks to queue
[2026-01-29T10:37:53.473+0000] {logging_mixin.py:188} INFO - [2026-01-29T10:37:53.472+0000] {dagbag.py:538} INFO - Filling up the DagBag from /opt/airflow/dags/airflow_dag_api_to_kafka.py
[2026-01-29T10:37:53.539+0000] {processor.py:840} INFO - DAG(s) 'tle_api_to_kafka_streaming' retrieved from /opt/airflow/dags/airflow_dag_api_to_kafka.py
[2026-01-29T10:37:53.579+0000] {logging_mixin.py:188} INFO - [2026-01-29T10:37:53.579+0000] {dag.py:3036} INFO - Sync 1 DAGs
[2026-01-29T10:37:53.618+0000] {logging_mixin.py:188} INFO - [2026-01-29T10:37:53.618+0000] {dag.py:3823} INFO - Setting next_dagrun for tle_api_to_kafka_streaming to 2026-01-29 09:00:00+00:00, run_after=2026-01-29 10:00:00+00:00
[2026-01-29T10:37:53.643+0000] {processor.py:183} INFO - Processing /opt/airflow/dags/airflow_dag_api_to_kafka.py took 0.179 seconds
[2026-01-29T10:38:23.774+0000] {processor.py:161} INFO - Started process (PID=3279) to work on /opt/airflow/dags/airflow_dag_api_to_kafka.py
[2026-01-29T10:38:23.775+0000] {processor.py:830} INFO - Processing file /opt/airflow/dags/airflow_dag_api_to_kafka.py for tasks to queue
[2026-01-29T10:38:23.776+0000] {logging_mixin.py:188} INFO - [2026-01-29T10:38:23.775+0000] {dagbag.py:538} INFO - Filling up the DagBag from /opt/airflow/dags/airflow_dag_api_to_kafka.py
[2026-01-29T10:38:23.836+0000] {processor.py:840} INFO - DAG(s) 'tle_api_to_kafka_streaming' retrieved from /opt/airflow/dags/airflow_dag_api_to_kafka.py
[2026-01-29T10:38:23.869+0000] {logging_mixin.py:188} INFO - [2026-01-29T10:38:23.869+0000] {dag.py:3036} INFO - Sync 1 DAGs
[2026-01-29T10:38:23.899+0000] {logging_mixin.py:188} INFO - [2026-01-29T10:38:23.899+0000] {dag.py:3823} INFO - Setting next_dagrun for tle_api_to_kafka_streaming to 2026-01-29 09:00:00+00:00, run_after=2026-01-29 10:00:00+00:00
[2026-01-29T10:38:23.920+0000] {processor.py:183} INFO - Processing /opt/airflow/dags/airflow_dag_api_to_kafka.py took 0.150 seconds
[2026-01-29T10:38:54.000+0000] {processor.py:161} INFO - Started process (PID=3289) to work on /opt/airflow/dags/airflow_dag_api_to_kafka.py
[2026-01-29T10:38:54.002+0000] {processor.py:830} INFO - Processing file /opt/airflow/dags/airflow_dag_api_to_kafka.py for tasks to queue
[2026-01-29T10:38:54.003+0000] {logging_mixin.py:188} INFO - [2026-01-29T10:38:54.002+0000] {dagbag.py:538} INFO - Filling up the DagBag from /opt/airflow/dags/airflow_dag_api_to_kafka.py
[2026-01-29T10:38:54.060+0000] {processor.py:840} INFO - DAG(s) 'tle_api_to_kafka_streaming' retrieved from /opt/airflow/dags/airflow_dag_api_to_kafka.py
[2026-01-29T10:38:54.094+0000] {logging_mixin.py:188} INFO - [2026-01-29T10:38:54.094+0000] {dag.py:3036} INFO - Sync 1 DAGs
[2026-01-29T10:38:54.129+0000] {logging_mixin.py:188} INFO - [2026-01-29T10:38:54.128+0000] {dag.py:3823} INFO - Setting next_dagrun for tle_api_to_kafka_streaming to 2026-01-29 09:00:00+00:00, run_after=2026-01-29 10:00:00+00:00
[2026-01-29T10:38:54.158+0000] {processor.py:183} INFO - Processing /opt/airflow/dags/airflow_dag_api_to_kafka.py took 0.162 seconds
[2026-01-29T10:39:24.296+0000] {processor.py:161} INFO - Started process (PID=3299) to work on /opt/airflow/dags/airflow_dag_api_to_kafka.py
[2026-01-29T10:39:24.299+0000] {processor.py:830} INFO - Processing file /opt/airflow/dags/airflow_dag_api_to_kafka.py for tasks to queue
[2026-01-29T10:39:24.300+0000] {logging_mixin.py:188} INFO - [2026-01-29T10:39:24.299+0000] {dagbag.py:538} INFO - Filling up the DagBag from /opt/airflow/dags/airflow_dag_api_to_kafka.py
[2026-01-29T10:39:24.394+0000] {processor.py:840} INFO - DAG(s) 'tle_api_to_kafka_streaming' retrieved from /opt/airflow/dags/airflow_dag_api_to_kafka.py
[2026-01-29T10:39:24.428+0000] {logging_mixin.py:188} INFO - [2026-01-29T10:39:24.428+0000] {dag.py:3036} INFO - Sync 1 DAGs
[2026-01-29T10:39:24.462+0000] {logging_mixin.py:188} INFO - [2026-01-29T10:39:24.462+0000] {dag.py:3823} INFO - Setting next_dagrun for tle_api_to_kafka_streaming to 2026-01-29 09:00:00+00:00, run_after=2026-01-29 10:00:00+00:00
[2026-01-29T10:39:24.483+0000] {processor.py:183} INFO - Processing /opt/airflow/dags/airflow_dag_api_to_kafka.py took 0.192 seconds
[2026-01-29T10:39:54.585+0000] {processor.py:161} INFO - Started process (PID=3309) to work on /opt/airflow/dags/airflow_dag_api_to_kafka.py
[2026-01-29T10:39:54.588+0000] {processor.py:830} INFO - Processing file /opt/airflow/dags/airflow_dag_api_to_kafka.py for tasks to queue
[2026-01-29T10:39:54.589+0000] {logging_mixin.py:188} INFO - [2026-01-29T10:39:54.588+0000] {dagbag.py:538} INFO - Filling up the DagBag from /opt/airflow/dags/airflow_dag_api_to_kafka.py
[2026-01-29T10:39:54.659+0000] {processor.py:840} INFO - DAG(s) 'tle_api_to_kafka_streaming' retrieved from /opt/airflow/dags/airflow_dag_api_to_kafka.py
[2026-01-29T10:39:54.699+0000] {logging_mixin.py:188} INFO - [2026-01-29T10:39:54.699+0000] {dag.py:3036} INFO - Sync 1 DAGs
[2026-01-29T10:39:54.737+0000] {logging_mixin.py:188} INFO - [2026-01-29T10:39:54.737+0000] {dag.py:3823} INFO - Setting next_dagrun for tle_api_to_kafka_streaming to 2026-01-29 09:00:00+00:00, run_after=2026-01-29 10:00:00+00:00
[2026-01-29T10:39:54.761+0000] {processor.py:183} INFO - Processing /opt/airflow/dags/airflow_dag_api_to_kafka.py took 0.181 seconds
[2026-01-29T10:40:24.856+0000] {processor.py:161} INFO - Started process (PID=3319) to work on /opt/airflow/dags/airflow_dag_api_to_kafka.py
[2026-01-29T10:40:24.857+0000] {processor.py:830} INFO - Processing file /opt/airflow/dags/airflow_dag_api_to_kafka.py for tasks to queue
[2026-01-29T10:40:24.858+0000] {logging_mixin.py:188} INFO - [2026-01-29T10:40:24.857+0000] {dagbag.py:538} INFO - Filling up the DagBag from /opt/airflow/dags/airflow_dag_api_to_kafka.py
[2026-01-29T10:40:24.921+0000] {processor.py:840} INFO - DAG(s) 'tle_api_to_kafka_streaming' retrieved from /opt/airflow/dags/airflow_dag_api_to_kafka.py
[2026-01-29T10:40:24.959+0000] {logging_mixin.py:188} INFO - [2026-01-29T10:40:24.958+0000] {dag.py:3036} INFO - Sync 1 DAGs
[2026-01-29T10:40:24.995+0000] {logging_mixin.py:188} INFO - [2026-01-29T10:40:24.995+0000] {dag.py:3823} INFO - Setting next_dagrun for tle_api_to_kafka_streaming to 2026-01-29 09:00:00+00:00, run_after=2026-01-29 10:00:00+00:00
[2026-01-29T10:40:25.022+0000] {processor.py:183} INFO - Processing /opt/airflow/dags/airflow_dag_api_to_kafka.py took 0.172 seconds
[2026-01-29T10:40:55.089+0000] {processor.py:161} INFO - Started process (PID=3329) to work on /opt/airflow/dags/airflow_dag_api_to_kafka.py
[2026-01-29T10:40:55.090+0000] {processor.py:830} INFO - Processing file /opt/airflow/dags/airflow_dag_api_to_kafka.py for tasks to queue
[2026-01-29T10:40:55.091+0000] {logging_mixin.py:188} INFO - [2026-01-29T10:40:55.091+0000] {dagbag.py:538} INFO - Filling up the DagBag from /opt/airflow/dags/airflow_dag_api_to_kafka.py
[2026-01-29T10:40:55.160+0000] {processor.py:840} INFO - DAG(s) 'tle_api_to_kafka_streaming' retrieved from /opt/airflow/dags/airflow_dag_api_to_kafka.py
[2026-01-29T10:40:55.194+0000] {logging_mixin.py:188} INFO - [2026-01-29T10:40:55.193+0000] {dag.py:3036} INFO - Sync 1 DAGs
[2026-01-29T10:40:55.223+0000] {logging_mixin.py:188} INFO - [2026-01-29T10:40:55.223+0000] {dag.py:3823} INFO - Setting next_dagrun for tle_api_to_kafka_streaming to 2026-01-29 09:00:00+00:00, run_after=2026-01-29 10:00:00+00:00
[2026-01-29T10:40:55.241+0000] {processor.py:183} INFO - Processing /opt/airflow/dags/airflow_dag_api_to_kafka.py took 0.155 seconds
[2026-01-29T10:41:25.328+0000] {processor.py:161} INFO - Started process (PID=3339) to work on /opt/airflow/dags/airflow_dag_api_to_kafka.py
[2026-01-29T10:41:25.329+0000] {processor.py:830} INFO - Processing file /opt/airflow/dags/airflow_dag_api_to_kafka.py for tasks to queue
[2026-01-29T10:41:25.331+0000] {logging_mixin.py:188} INFO - [2026-01-29T10:41:25.330+0000] {dagbag.py:538} INFO - Filling up the DagBag from /opt/airflow/dags/airflow_dag_api_to_kafka.py
[2026-01-29T10:41:25.391+0000] {processor.py:840} INFO - DAG(s) 'tle_api_to_kafka_streaming' retrieved from /opt/airflow/dags/airflow_dag_api_to_kafka.py
[2026-01-29T10:41:25.428+0000] {logging_mixin.py:188} INFO - [2026-01-29T10:41:25.427+0000] {dag.py:3036} INFO - Sync 1 DAGs
[2026-01-29T10:41:25.460+0000] {logging_mixin.py:188} INFO - [2026-01-29T10:41:25.459+0000] {dag.py:3823} INFO - Setting next_dagrun for tle_api_to_kafka_streaming to 2026-01-29 09:00:00+00:00, run_after=2026-01-29 10:00:00+00:00
[2026-01-29T10:41:25.482+0000] {processor.py:183} INFO - Processing /opt/airflow/dags/airflow_dag_api_to_kafka.py took 0.157 seconds
[2026-01-29T10:41:55.579+0000] {processor.py:161} INFO - Started process (PID=3349) to work on /opt/airflow/dags/airflow_dag_api_to_kafka.py
[2026-01-29T10:41:55.581+0000] {processor.py:830} INFO - Processing file /opt/airflow/dags/airflow_dag_api_to_kafka.py for tasks to queue
[2026-01-29T10:41:55.583+0000] {logging_mixin.py:188} INFO - [2026-01-29T10:41:55.582+0000] {dagbag.py:538} INFO - Filling up the DagBag from /opt/airflow/dags/airflow_dag_api_to_kafka.py
[2026-01-29T10:41:55.650+0000] {processor.py:840} INFO - DAG(s) 'tle_api_to_kafka_streaming' retrieved from /opt/airflow/dags/airflow_dag_api_to_kafka.py
[2026-01-29T10:41:55.686+0000] {logging_mixin.py:188} INFO - [2026-01-29T10:41:55.686+0000] {dag.py:3036} INFO - Sync 1 DAGs
[2026-01-29T10:41:55.723+0000] {logging_mixin.py:188} INFO - [2026-01-29T10:41:55.722+0000] {dag.py:3823} INFO - Setting next_dagrun for tle_api_to_kafka_streaming to 2026-01-29 09:00:00+00:00, run_after=2026-01-29 10:00:00+00:00
[2026-01-29T10:41:55.744+0000] {processor.py:183} INFO - Processing /opt/airflow/dags/airflow_dag_api_to_kafka.py took 0.170 seconds
[2026-01-29T10:42:25.811+0000] {processor.py:161} INFO - Started process (PID=3359) to work on /opt/airflow/dags/airflow_dag_api_to_kafka.py
[2026-01-29T10:42:25.814+0000] {processor.py:830} INFO - Processing file /opt/airflow/dags/airflow_dag_api_to_kafka.py for tasks to queue
[2026-01-29T10:42:25.815+0000] {logging_mixin.py:188} INFO - [2026-01-29T10:42:25.814+0000] {dagbag.py:538} INFO - Filling up the DagBag from /opt/airflow/dags/airflow_dag_api_to_kafka.py
[2026-01-29T10:42:25.871+0000] {processor.py:840} INFO - DAG(s) 'tle_api_to_kafka_streaming' retrieved from /opt/airflow/dags/airflow_dag_api_to_kafka.py
[2026-01-29T10:42:25.910+0000] {logging_mixin.py:188} INFO - [2026-01-29T10:42:25.910+0000] {dag.py:3036} INFO - Sync 1 DAGs
[2026-01-29T10:42:25.943+0000] {logging_mixin.py:188} INFO - [2026-01-29T10:42:25.943+0000] {dag.py:3823} INFO - Setting next_dagrun for tle_api_to_kafka_streaming to 2026-01-29 09:00:00+00:00, run_after=2026-01-29 10:00:00+00:00
[2026-01-29T10:42:25.965+0000] {processor.py:183} INFO - Processing /opt/airflow/dags/airflow_dag_api_to_kafka.py took 0.158 seconds
[2026-01-29T10:42:56.094+0000] {processor.py:161} INFO - Started process (PID=3369) to work on /opt/airflow/dags/airflow_dag_api_to_kafka.py
[2026-01-29T10:42:56.098+0000] {processor.py:830} INFO - Processing file /opt/airflow/dags/airflow_dag_api_to_kafka.py for tasks to queue
[2026-01-29T10:42:56.100+0000] {logging_mixin.py:188} INFO - [2026-01-29T10:42:56.099+0000] {dagbag.py:538} INFO - Filling up the DagBag from /opt/airflow/dags/airflow_dag_api_to_kafka.py
[2026-01-29T10:42:56.187+0000] {processor.py:840} INFO - DAG(s) 'tle_api_to_kafka_streaming' retrieved from /opt/airflow/dags/airflow_dag_api_to_kafka.py
[2026-01-29T10:42:56.224+0000] {logging_mixin.py:188} INFO - [2026-01-29T10:42:56.223+0000] {dag.py:3036} INFO - Sync 1 DAGs
[2026-01-29T10:42:56.258+0000] {logging_mixin.py:188} INFO - [2026-01-29T10:42:56.257+0000] {dag.py:3823} INFO - Setting next_dagrun for tle_api_to_kafka_streaming to 2026-01-29 09:00:00+00:00, run_after=2026-01-29 10:00:00+00:00
[2026-01-29T10:42:56.282+0000] {processor.py:183} INFO - Processing /opt/airflow/dags/airflow_dag_api_to_kafka.py took 0.192 seconds
[2026-01-29T10:43:26.427+0000] {processor.py:161} INFO - Started process (PID=3379) to work on /opt/airflow/dags/airflow_dag_api_to_kafka.py
[2026-01-29T10:43:26.428+0000] {processor.py:830} INFO - Processing file /opt/airflow/dags/airflow_dag_api_to_kafka.py for tasks to queue
[2026-01-29T10:43:26.429+0000] {logging_mixin.py:188} INFO - [2026-01-29T10:43:26.428+0000] {dagbag.py:538} INFO - Filling up the DagBag from /opt/airflow/dags/airflow_dag_api_to_kafka.py
[2026-01-29T10:43:26.542+0000] {processor.py:840} INFO - DAG(s) 'tle_api_to_kafka_streaming' retrieved from /opt/airflow/dags/airflow_dag_api_to_kafka.py
[2026-01-29T10:43:26.592+0000] {logging_mixin.py:188} INFO - [2026-01-29T10:43:26.592+0000] {dag.py:3036} INFO - Sync 1 DAGs
[2026-01-29T10:43:26.628+0000] {logging_mixin.py:188} INFO - [2026-01-29T10:43:26.628+0000] {dag.py:3823} INFO - Setting next_dagrun for tle_api_to_kafka_streaming to 2026-01-29 09:00:00+00:00, run_after=2026-01-29 10:00:00+00:00
[2026-01-29T10:43:26.648+0000] {processor.py:183} INFO - Processing /opt/airflow/dags/airflow_dag_api_to_kafka.py took 0.231 seconds
[2026-01-29T10:43:56.741+0000] {processor.py:161} INFO - Started process (PID=3389) to work on /opt/airflow/dags/airflow_dag_api_to_kafka.py
[2026-01-29T10:43:56.743+0000] {processor.py:830} INFO - Processing file /opt/airflow/dags/airflow_dag_api_to_kafka.py for tasks to queue
[2026-01-29T10:43:56.744+0000] {logging_mixin.py:188} INFO - [2026-01-29T10:43:56.743+0000] {dagbag.py:538} INFO - Filling up the DagBag from /opt/airflow/dags/airflow_dag_api_to_kafka.py
[2026-01-29T10:43:56.838+0000] {processor.py:840} INFO - DAG(s) 'tle_api_to_kafka_streaming' retrieved from /opt/airflow/dags/airflow_dag_api_to_kafka.py
[2026-01-29T10:43:56.878+0000] {logging_mixin.py:188} INFO - [2026-01-29T10:43:56.878+0000] {dag.py:3036} INFO - Sync 1 DAGs
[2026-01-29T10:43:56.915+0000] {logging_mixin.py:188} INFO - [2026-01-29T10:43:56.915+0000] {dag.py:3823} INFO - Setting next_dagrun for tle_api_to_kafka_streaming to 2026-01-29 09:00:00+00:00, run_after=2026-01-29 10:00:00+00:00
[2026-01-29T10:43:56.936+0000] {processor.py:183} INFO - Processing /opt/airflow/dags/airflow_dag_api_to_kafka.py took 0.199 seconds
[2026-01-29T10:44:27.069+0000] {processor.py:161} INFO - Started process (PID=3399) to work on /opt/airflow/dags/airflow_dag_api_to_kafka.py
[2026-01-29T10:44:27.071+0000] {processor.py:830} INFO - Processing file /opt/airflow/dags/airflow_dag_api_to_kafka.py for tasks to queue
[2026-01-29T10:44:27.072+0000] {logging_mixin.py:188} INFO - [2026-01-29T10:44:27.071+0000] {dagbag.py:538} INFO - Filling up the DagBag from /opt/airflow/dags/airflow_dag_api_to_kafka.py
[2026-01-29T10:44:27.153+0000] {processor.py:840} INFO - DAG(s) 'tle_api_to_kafka_streaming' retrieved from /opt/airflow/dags/airflow_dag_api_to_kafka.py
[2026-01-29T10:44:27.189+0000] {logging_mixin.py:188} INFO - [2026-01-29T10:44:27.188+0000] {dag.py:3036} INFO - Sync 1 DAGs
[2026-01-29T10:44:27.222+0000] {logging_mixin.py:188} INFO - [2026-01-29T10:44:27.222+0000] {dag.py:3823} INFO - Setting next_dagrun for tle_api_to_kafka_streaming to 2026-01-29 09:00:00+00:00, run_after=2026-01-29 10:00:00+00:00
[2026-01-29T10:44:27.243+0000] {processor.py:183} INFO - Processing /opt/airflow/dags/airflow_dag_api_to_kafka.py took 0.177 seconds
[2026-01-29T10:44:57.333+0000] {processor.py:161} INFO - Started process (PID=3409) to work on /opt/airflow/dags/airflow_dag_api_to_kafka.py
[2026-01-29T10:44:57.335+0000] {processor.py:830} INFO - Processing file /opt/airflow/dags/airflow_dag_api_to_kafka.py for tasks to queue
[2026-01-29T10:44:57.336+0000] {logging_mixin.py:188} INFO - [2026-01-29T10:44:57.335+0000] {dagbag.py:538} INFO - Filling up the DagBag from /opt/airflow/dags/airflow_dag_api_to_kafka.py
[2026-01-29T10:44:57.433+0000] {processor.py:840} INFO - DAG(s) 'tle_api_to_kafka_streaming' retrieved from /opt/airflow/dags/airflow_dag_api_to_kafka.py
[2026-01-29T10:44:57.467+0000] {logging_mixin.py:188} INFO - [2026-01-29T10:44:57.466+0000] {dag.py:3036} INFO - Sync 1 DAGs
[2026-01-29T10:44:57.498+0000] {logging_mixin.py:188} INFO - [2026-01-29T10:44:57.498+0000] {dag.py:3823} INFO - Setting next_dagrun for tle_api_to_kafka_streaming to 2026-01-29 09:00:00+00:00, run_after=2026-01-29 10:00:00+00:00
[2026-01-29T10:44:57.514+0000] {processor.py:183} INFO - Processing /opt/airflow/dags/airflow_dag_api_to_kafka.py took 0.186 seconds
[2026-01-29T10:45:27.645+0000] {processor.py:161} INFO - Started process (PID=3419) to work on /opt/airflow/dags/airflow_dag_api_to_kafka.py
[2026-01-29T10:45:27.646+0000] {processor.py:830} INFO - Processing file /opt/airflow/dags/airflow_dag_api_to_kafka.py for tasks to queue
[2026-01-29T10:45:27.647+0000] {logging_mixin.py:188} INFO - [2026-01-29T10:45:27.646+0000] {dagbag.py:538} INFO - Filling up the DagBag from /opt/airflow/dags/airflow_dag_api_to_kafka.py
[2026-01-29T10:45:27.745+0000] {processor.py:840} INFO - DAG(s) 'tle_api_to_kafka_streaming' retrieved from /opt/airflow/dags/airflow_dag_api_to_kafka.py
[2026-01-29T10:45:27.781+0000] {logging_mixin.py:188} INFO - [2026-01-29T10:45:27.781+0000] {dag.py:3036} INFO - Sync 1 DAGs
[2026-01-29T10:45:27.819+0000] {logging_mixin.py:188} INFO - [2026-01-29T10:45:27.819+0000] {dag.py:3823} INFO - Setting next_dagrun for tle_api_to_kafka_streaming to 2026-01-29 09:00:00+00:00, run_after=2026-01-29 10:00:00+00:00
[2026-01-29T10:45:27.838+0000] {processor.py:183} INFO - Processing /opt/airflow/dags/airflow_dag_api_to_kafka.py took 0.197 seconds
[2026-01-29T10:45:57.964+0000] {processor.py:161} INFO - Started process (PID=3429) to work on /opt/airflow/dags/airflow_dag_api_to_kafka.py
[2026-01-29T10:45:57.968+0000] {processor.py:830} INFO - Processing file /opt/airflow/dags/airflow_dag_api_to_kafka.py for tasks to queue
[2026-01-29T10:45:57.969+0000] {logging_mixin.py:188} INFO - [2026-01-29T10:45:57.968+0000] {dagbag.py:538} INFO - Filling up the DagBag from /opt/airflow/dags/airflow_dag_api_to_kafka.py
[2026-01-29T10:45:58.061+0000] {processor.py:840} INFO - DAG(s) 'tle_api_to_kafka_streaming' retrieved from /opt/airflow/dags/airflow_dag_api_to_kafka.py
[2026-01-29T10:45:58.097+0000] {logging_mixin.py:188} INFO - [2026-01-29T10:45:58.097+0000] {dag.py:3036} INFO - Sync 1 DAGs
[2026-01-29T10:45:58.133+0000] {logging_mixin.py:188} INFO - [2026-01-29T10:45:58.133+0000] {dag.py:3823} INFO - Setting next_dagrun for tle_api_to_kafka_streaming to 2026-01-29 09:00:00+00:00, run_after=2026-01-29 10:00:00+00:00
[2026-01-29T10:45:58.160+0000] {processor.py:183} INFO - Processing /opt/airflow/dags/airflow_dag_api_to_kafka.py took 0.200 seconds
[2026-01-29T10:46:28.283+0000] {processor.py:161} INFO - Started process (PID=3439) to work on /opt/airflow/dags/airflow_dag_api_to_kafka.py
[2026-01-29T10:46:28.283+0000] {processor.py:830} INFO - Processing file /opt/airflow/dags/airflow_dag_api_to_kafka.py for tasks to queue
[2026-01-29T10:46:28.284+0000] {logging_mixin.py:188} INFO - [2026-01-29T10:46:28.284+0000] {dagbag.py:538} INFO - Filling up the DagBag from /opt/airflow/dags/airflow_dag_api_to_kafka.py
[2026-01-29T10:46:28.358+0000] {processor.py:840} INFO - DAG(s) 'tle_api_to_kafka_streaming' retrieved from /opt/airflow/dags/airflow_dag_api_to_kafka.py
[2026-01-29T10:46:28.390+0000] {logging_mixin.py:188} INFO - [2026-01-29T10:46:28.390+0000] {dag.py:3036} INFO - Sync 1 DAGs
[2026-01-29T10:46:28.421+0000] {logging_mixin.py:188} INFO - [2026-01-29T10:46:28.421+0000] {dag.py:3823} INFO - Setting next_dagrun for tle_api_to_kafka_streaming to 2026-01-29 09:00:00+00:00, run_after=2026-01-29 10:00:00+00:00
[2026-01-29T10:46:28.437+0000] {processor.py:183} INFO - Processing /opt/airflow/dags/airflow_dag_api_to_kafka.py took 0.158 seconds
[2026-01-29T10:46:58.563+0000] {processor.py:161} INFO - Started process (PID=3449) to work on /opt/airflow/dags/airflow_dag_api_to_kafka.py
[2026-01-29T10:46:58.564+0000] {processor.py:830} INFO - Processing file /opt/airflow/dags/airflow_dag_api_to_kafka.py for tasks to queue
[2026-01-29T10:46:58.565+0000] {logging_mixin.py:188} INFO - [2026-01-29T10:46:58.564+0000] {dagbag.py:538} INFO - Filling up the DagBag from /opt/airflow/dags/airflow_dag_api_to_kafka.py
[2026-01-29T10:46:58.668+0000] {processor.py:840} INFO - DAG(s) 'tle_api_to_kafka_streaming' retrieved from /opt/airflow/dags/airflow_dag_api_to_kafka.py
[2026-01-29T10:46:58.706+0000] {logging_mixin.py:188} INFO - [2026-01-29T10:46:58.705+0000] {dag.py:3036} INFO - Sync 1 DAGs
[2026-01-29T10:46:58.741+0000] {logging_mixin.py:188} INFO - [2026-01-29T10:46:58.741+0000] {dag.py:3823} INFO - Setting next_dagrun for tle_api_to_kafka_streaming to 2026-01-29 09:00:00+00:00, run_after=2026-01-29 10:00:00+00:00
[2026-01-29T10:46:58.761+0000] {processor.py:183} INFO - Processing /opt/airflow/dags/airflow_dag_api_to_kafka.py took 0.203 seconds
[2026-01-29T10:47:28.893+0000] {processor.py:161} INFO - Started process (PID=3459) to work on /opt/airflow/dags/airflow_dag_api_to_kafka.py
[2026-01-29T10:47:28.896+0000] {processor.py:830} INFO - Processing file /opt/airflow/dags/airflow_dag_api_to_kafka.py for tasks to queue
[2026-01-29T10:47:28.897+0000] {logging_mixin.py:188} INFO - [2026-01-29T10:47:28.896+0000] {dagbag.py:538} INFO - Filling up the DagBag from /opt/airflow/dags/airflow_dag_api_to_kafka.py
[2026-01-29T10:47:28.998+0000] {processor.py:840} INFO - DAG(s) 'tle_api_to_kafka_streaming' retrieved from /opt/airflow/dags/airflow_dag_api_to_kafka.py
[2026-01-29T10:47:29.043+0000] {logging_mixin.py:188} INFO - [2026-01-29T10:47:29.043+0000] {dag.py:3036} INFO - Sync 1 DAGs
[2026-01-29T10:47:29.081+0000] {logging_mixin.py:188} INFO - [2026-01-29T10:47:29.080+0000] {dag.py:3823} INFO - Setting next_dagrun for tle_api_to_kafka_streaming to 2026-01-29 09:00:00+00:00, run_after=2026-01-29 10:00:00+00:00
[2026-01-29T10:47:29.102+0000] {processor.py:183} INFO - Processing /opt/airflow/dags/airflow_dag_api_to_kafka.py took 0.213 seconds
[2026-01-29T10:47:59.231+0000] {processor.py:161} INFO - Started process (PID=3469) to work on /opt/airflow/dags/airflow_dag_api_to_kafka.py
[2026-01-29T10:47:59.233+0000] {processor.py:830} INFO - Processing file /opt/airflow/dags/airflow_dag_api_to_kafka.py for tasks to queue
[2026-01-29T10:47:59.235+0000] {logging_mixin.py:188} INFO - [2026-01-29T10:47:59.234+0000] {dagbag.py:538} INFO - Filling up the DagBag from /opt/airflow/dags/airflow_dag_api_to_kafka.py
[2026-01-29T10:47:59.339+0000] {processor.py:840} INFO - DAG(s) 'tle_api_to_kafka_streaming' retrieved from /opt/airflow/dags/airflow_dag_api_to_kafka.py
[2026-01-29T10:47:59.378+0000] {logging_mixin.py:188} INFO - [2026-01-29T10:47:59.377+0000] {dag.py:3036} INFO - Sync 1 DAGs
[2026-01-29T10:47:59.422+0000] {logging_mixin.py:188} INFO - [2026-01-29T10:47:59.422+0000] {dag.py:3823} INFO - Setting next_dagrun for tle_api_to_kafka_streaming to 2026-01-29 09:00:00+00:00, run_after=2026-01-29 10:00:00+00:00
[2026-01-29T10:47:59.444+0000] {processor.py:183} INFO - Processing /opt/airflow/dags/airflow_dag_api_to_kafka.py took 0.221 seconds
[2026-01-29T10:48:29.569+0000] {processor.py:161} INFO - Started process (PID=3479) to work on /opt/airflow/dags/airflow_dag_api_to_kafka.py
[2026-01-29T10:48:29.572+0000] {processor.py:830} INFO - Processing file /opt/airflow/dags/airflow_dag_api_to_kafka.py for tasks to queue
[2026-01-29T10:48:29.573+0000] {logging_mixin.py:188} INFO - [2026-01-29T10:48:29.572+0000] {dagbag.py:538} INFO - Filling up the DagBag from /opt/airflow/dags/airflow_dag_api_to_kafka.py
[2026-01-29T10:48:29.672+0000] {processor.py:840} INFO - DAG(s) 'tle_api_to_kafka_streaming' retrieved from /opt/airflow/dags/airflow_dag_api_to_kafka.py
[2026-01-29T10:48:29.713+0000] {logging_mixin.py:188} INFO - [2026-01-29T10:48:29.712+0000] {dag.py:3036} INFO - Sync 1 DAGs
[2026-01-29T10:48:29.753+0000] {logging_mixin.py:188} INFO - [2026-01-29T10:48:29.752+0000] {dag.py:3823} INFO - Setting next_dagrun for tle_api_to_kafka_streaming to 2026-01-29 09:00:00+00:00, run_after=2026-01-29 10:00:00+00:00
[2026-01-29T10:48:29.774+0000] {processor.py:183} INFO - Processing /opt/airflow/dags/airflow_dag_api_to_kafka.py took 0.210 seconds
[2026-01-29T10:48:59.901+0000] {processor.py:161} INFO - Started process (PID=3489) to work on /opt/airflow/dags/airflow_dag_api_to_kafka.py
[2026-01-29T10:48:59.904+0000] {processor.py:830} INFO - Processing file /opt/airflow/dags/airflow_dag_api_to_kafka.py for tasks to queue
[2026-01-29T10:48:59.905+0000] {logging_mixin.py:188} INFO - [2026-01-29T10:48:59.904+0000] {dagbag.py:538} INFO - Filling up the DagBag from /opt/airflow/dags/airflow_dag_api_to_kafka.py
[2026-01-29T10:48:59.988+0000] {processor.py:840} INFO - DAG(s) 'tle_api_to_kafka_streaming' retrieved from /opt/airflow/dags/airflow_dag_api_to_kafka.py
[2026-01-29T10:49:00.029+0000] {logging_mixin.py:188} INFO - [2026-01-29T10:49:00.028+0000] {dag.py:3036} INFO - Sync 1 DAGs
[2026-01-29T10:49:00.062+0000] {logging_mixin.py:188} INFO - [2026-01-29T10:49:00.061+0000] {dag.py:3823} INFO - Setting next_dagrun for tle_api_to_kafka_streaming to 2026-01-29 09:00:00+00:00, run_after=2026-01-29 10:00:00+00:00
[2026-01-29T10:49:00.088+0000] {processor.py:183} INFO - Processing /opt/airflow/dags/airflow_dag_api_to_kafka.py took 0.191 seconds
[2026-01-29T10:49:30.211+0000] {processor.py:161} INFO - Started process (PID=3499) to work on /opt/airflow/dags/airflow_dag_api_to_kafka.py
[2026-01-29T10:49:30.212+0000] {processor.py:830} INFO - Processing file /opt/airflow/dags/airflow_dag_api_to_kafka.py for tasks to queue
[2026-01-29T10:49:30.213+0000] {logging_mixin.py:188} INFO - [2026-01-29T10:49:30.213+0000] {dagbag.py:538} INFO - Filling up the DagBag from /opt/airflow/dags/airflow_dag_api_to_kafka.py
[2026-01-29T10:49:30.314+0000] {processor.py:840} INFO - DAG(s) 'tle_api_to_kafka_streaming' retrieved from /opt/airflow/dags/airflow_dag_api_to_kafka.py
[2026-01-29T10:49:30.344+0000] {logging_mixin.py:188} INFO - [2026-01-29T10:49:30.344+0000] {dag.py:3036} INFO - Sync 1 DAGs
[2026-01-29T10:49:30.376+0000] {logging_mixin.py:188} INFO - [2026-01-29T10:49:30.376+0000] {dag.py:3823} INFO - Setting next_dagrun for tle_api_to_kafka_streaming to 2026-01-29 09:00:00+00:00, run_after=2026-01-29 10:00:00+00:00
[2026-01-29T10:49:30.395+0000] {processor.py:183} INFO - Processing /opt/airflow/dags/airflow_dag_api_to_kafka.py took 0.187 seconds
[2026-01-29T10:50:00.509+0000] {processor.py:161} INFO - Started process (PID=3509) to work on /opt/airflow/dags/airflow_dag_api_to_kafka.py
[2026-01-29T10:50:00.510+0000] {processor.py:830} INFO - Processing file /opt/airflow/dags/airflow_dag_api_to_kafka.py for tasks to queue
[2026-01-29T10:50:00.511+0000] {logging_mixin.py:188} INFO - [2026-01-29T10:50:00.511+0000] {dagbag.py:538} INFO - Filling up the DagBag from /opt/airflow/dags/airflow_dag_api_to_kafka.py
[2026-01-29T10:50:00.594+0000] {processor.py:840} INFO - DAG(s) 'tle_api_to_kafka_streaming' retrieved from /opt/airflow/dags/airflow_dag_api_to_kafka.py
[2026-01-29T10:50:00.626+0000] {logging_mixin.py:188} INFO - [2026-01-29T10:50:00.625+0000] {dag.py:3036} INFO - Sync 1 DAGs
[2026-01-29T10:50:00.662+0000] {logging_mixin.py:188} INFO - [2026-01-29T10:50:00.662+0000] {dag.py:3823} INFO - Setting next_dagrun for tle_api_to_kafka_streaming to 2026-01-29 09:00:00+00:00, run_after=2026-01-29 10:00:00+00:00
[2026-01-29T10:50:00.687+0000] {processor.py:183} INFO - Processing /opt/airflow/dags/airflow_dag_api_to_kafka.py took 0.182 seconds
[2026-01-29T10:50:30.818+0000] {processor.py:161} INFO - Started process (PID=3519) to work on /opt/airflow/dags/airflow_dag_api_to_kafka.py
[2026-01-29T10:50:30.821+0000] {processor.py:830} INFO - Processing file /opt/airflow/dags/airflow_dag_api_to_kafka.py for tasks to queue
[2026-01-29T10:50:30.822+0000] {logging_mixin.py:188} INFO - [2026-01-29T10:50:30.821+0000] {dagbag.py:538} INFO - Filling up the DagBag from /opt/airflow/dags/airflow_dag_api_to_kafka.py
[2026-01-29T10:50:30.922+0000] {processor.py:840} INFO - DAG(s) 'tle_api_to_kafka_streaming' retrieved from /opt/airflow/dags/airflow_dag_api_to_kafka.py
[2026-01-29T10:50:30.959+0000] {logging_mixin.py:188} INFO - [2026-01-29T10:50:30.958+0000] {dag.py:3036} INFO - Sync 1 DAGs
[2026-01-29T10:50:30.993+0000] {logging_mixin.py:188} INFO - [2026-01-29T10:50:30.993+0000] {dag.py:3823} INFO - Setting next_dagrun for tle_api_to_kafka_streaming to 2026-01-29 09:00:00+00:00, run_after=2026-01-29 10:00:00+00:00
[2026-01-29T10:50:31.015+0000] {processor.py:183} INFO - Processing /opt/airflow/dags/airflow_dag_api_to_kafka.py took 0.202 seconds
[2026-01-29T10:51:01.147+0000] {processor.py:161} INFO - Started process (PID=3529) to work on /opt/airflow/dags/airflow_dag_api_to_kafka.py
[2026-01-29T10:51:01.150+0000] {processor.py:830} INFO - Processing file /opt/airflow/dags/airflow_dag_api_to_kafka.py for tasks to queue
[2026-01-29T10:51:01.151+0000] {logging_mixin.py:188} INFO - [2026-01-29T10:51:01.151+0000] {dagbag.py:538} INFO - Filling up the DagBag from /opt/airflow/dags/airflow_dag_api_to_kafka.py
[2026-01-29T10:51:01.251+0000] {processor.py:840} INFO - DAG(s) 'tle_api_to_kafka_streaming' retrieved from /opt/airflow/dags/airflow_dag_api_to_kafka.py
[2026-01-29T10:51:01.287+0000] {logging_mixin.py:188} INFO - [2026-01-29T10:51:01.286+0000] {dag.py:3036} INFO - Sync 1 DAGs
[2026-01-29T10:51:01.330+0000] {logging_mixin.py:188} INFO - [2026-01-29T10:51:01.329+0000] {dag.py:3823} INFO - Setting next_dagrun for tle_api_to_kafka_streaming to 2026-01-29 09:00:00+00:00, run_after=2026-01-29 10:00:00+00:00
[2026-01-29T10:51:01.352+0000] {processor.py:183} INFO - Processing /opt/airflow/dags/airflow_dag_api_to_kafka.py took 0.209 seconds
[2026-01-29T10:51:31.470+0000] {processor.py:161} INFO - Started process (PID=3539) to work on /opt/airflow/dags/airflow_dag_api_to_kafka.py
[2026-01-29T10:51:31.472+0000] {processor.py:830} INFO - Processing file /opt/airflow/dags/airflow_dag_api_to_kafka.py for tasks to queue
[2026-01-29T10:51:31.473+0000] {logging_mixin.py:188} INFO - [2026-01-29T10:51:31.473+0000] {dagbag.py:538} INFO - Filling up the DagBag from /opt/airflow/dags/airflow_dag_api_to_kafka.py
[2026-01-29T10:51:31.572+0000] {processor.py:840} INFO - DAG(s) 'tle_api_to_kafka_streaming' retrieved from /opt/airflow/dags/airflow_dag_api_to_kafka.py
[2026-01-29T10:51:31.606+0000] {logging_mixin.py:188} INFO - [2026-01-29T10:51:31.606+0000] {dag.py:3036} INFO - Sync 1 DAGs
[2026-01-29T10:51:31.641+0000] {logging_mixin.py:188} INFO - [2026-01-29T10:51:31.641+0000] {dag.py:3823} INFO - Setting next_dagrun for tle_api_to_kafka_streaming to 2026-01-29 09:00:00+00:00, run_after=2026-01-29 10:00:00+00:00
[2026-01-29T10:51:31.667+0000] {processor.py:183} INFO - Processing /opt/airflow/dags/airflow_dag_api_to_kafka.py took 0.201 seconds
[2026-01-29T10:52:01.785+0000] {processor.py:161} INFO - Started process (PID=3549) to work on /opt/airflow/dags/airflow_dag_api_to_kafka.py
[2026-01-29T10:52:01.787+0000] {processor.py:830} INFO - Processing file /opt/airflow/dags/airflow_dag_api_to_kafka.py for tasks to queue
[2026-01-29T10:52:01.788+0000] {logging_mixin.py:188} INFO - [2026-01-29T10:52:01.787+0000] {dagbag.py:538} INFO - Filling up the DagBag from /opt/airflow/dags/airflow_dag_api_to_kafka.py
[2026-01-29T10:52:01.887+0000] {processor.py:840} INFO - DAG(s) 'tle_api_to_kafka_streaming' retrieved from /opt/airflow/dags/airflow_dag_api_to_kafka.py
[2026-01-29T10:52:01.918+0000] {logging_mixin.py:188} INFO - [2026-01-29T10:52:01.917+0000] {dag.py:3036} INFO - Sync 1 DAGs
[2026-01-29T10:52:01.953+0000] {logging_mixin.py:188} INFO - [2026-01-29T10:52:01.953+0000] {dag.py:3823} INFO - Setting next_dagrun for tle_api_to_kafka_streaming to 2026-01-29 09:00:00+00:00, run_after=2026-01-29 10:00:00+00:00
[2026-01-29T10:52:01.969+0000] {processor.py:183} INFO - Processing /opt/airflow/dags/airflow_dag_api_to_kafka.py took 0.188 seconds
[2026-01-29T10:52:32.103+0000] {processor.py:161} INFO - Started process (PID=3559) to work on /opt/airflow/dags/airflow_dag_api_to_kafka.py
[2026-01-29T10:52:32.105+0000] {processor.py:830} INFO - Processing file /opt/airflow/dags/airflow_dag_api_to_kafka.py for tasks to queue
[2026-01-29T10:52:32.107+0000] {logging_mixin.py:188} INFO - [2026-01-29T10:52:32.106+0000] {dagbag.py:538} INFO - Filling up the DagBag from /opt/airflow/dags/airflow_dag_api_to_kafka.py
[2026-01-29T10:52:32.207+0000] {processor.py:840} INFO - DAG(s) 'tle_api_to_kafka_streaming' retrieved from /opt/airflow/dags/airflow_dag_api_to_kafka.py
[2026-01-29T10:52:32.248+0000] {logging_mixin.py:188} INFO - [2026-01-29T10:52:32.248+0000] {dag.py:3036} INFO - Sync 1 DAGs
[2026-01-29T10:52:32.287+0000] {logging_mixin.py:188} INFO - [2026-01-29T10:52:32.287+0000] {dag.py:3823} INFO - Setting next_dagrun for tle_api_to_kafka_streaming to 2026-01-29 09:00:00+00:00, run_after=2026-01-29 10:00:00+00:00
[2026-01-29T10:52:32.308+0000] {processor.py:183} INFO - Processing /opt/airflow/dags/airflow_dag_api_to_kafka.py took 0.210 seconds
[2026-01-29T10:53:02.435+0000] {processor.py:161} INFO - Started process (PID=3569) to work on /opt/airflow/dags/airflow_dag_api_to_kafka.py
[2026-01-29T10:53:02.437+0000] {processor.py:830} INFO - Processing file /opt/airflow/dags/airflow_dag_api_to_kafka.py for tasks to queue
[2026-01-29T10:53:02.438+0000] {logging_mixin.py:188} INFO - [2026-01-29T10:53:02.438+0000] {dagbag.py:538} INFO - Filling up the DagBag from /opt/airflow/dags/airflow_dag_api_to_kafka.py
[2026-01-29T10:53:02.515+0000] {processor.py:840} INFO - DAG(s) 'tle_api_to_kafka_streaming' retrieved from /opt/airflow/dags/airflow_dag_api_to_kafka.py
[2026-01-29T10:53:02.553+0000] {logging_mixin.py:188} INFO - [2026-01-29T10:53:02.553+0000] {dag.py:3036} INFO - Sync 1 DAGs
[2026-01-29T10:53:02.585+0000] {logging_mixin.py:188} INFO - [2026-01-29T10:53:02.585+0000] {dag.py:3823} INFO - Setting next_dagrun for tle_api_to_kafka_streaming to 2026-01-29 09:00:00+00:00, run_after=2026-01-29 10:00:00+00:00
[2026-01-29T10:53:02.606+0000] {processor.py:183} INFO - Processing /opt/airflow/dags/airflow_dag_api_to_kafka.py took 0.176 seconds
[2026-01-29T10:53:32.730+0000] {processor.py:161} INFO - Started process (PID=3579) to work on /opt/airflow/dags/airflow_dag_api_to_kafka.py
[2026-01-29T10:53:32.733+0000] {processor.py:830} INFO - Processing file /opt/airflow/dags/airflow_dag_api_to_kafka.py for tasks to queue
[2026-01-29T10:53:32.734+0000] {logging_mixin.py:188} INFO - [2026-01-29T10:53:32.734+0000] {dagbag.py:538} INFO - Filling up the DagBag from /opt/airflow/dags/airflow_dag_api_to_kafka.py
[2026-01-29T10:53:32.840+0000] {processor.py:840} INFO - DAG(s) 'tle_api_to_kafka_streaming' retrieved from /opt/airflow/dags/airflow_dag_api_to_kafka.py
[2026-01-29T10:53:32.878+0000] {logging_mixin.py:188} INFO - [2026-01-29T10:53:32.878+0000] {dag.py:3036} INFO - Sync 1 DAGs
[2026-01-29T10:53:32.916+0000] {logging_mixin.py:188} INFO - [2026-01-29T10:53:32.916+0000] {dag.py:3823} INFO - Setting next_dagrun for tle_api_to_kafka_streaming to 2026-01-29 09:00:00+00:00, run_after=2026-01-29 10:00:00+00:00
[2026-01-29T10:53:32.939+0000] {processor.py:183} INFO - Processing /opt/airflow/dags/airflow_dag_api_to_kafka.py took 0.213 seconds
[2026-01-29T10:54:03.071+0000] {processor.py:161} INFO - Started process (PID=3589) to work on /opt/airflow/dags/airflow_dag_api_to_kafka.py
[2026-01-29T10:54:03.074+0000] {processor.py:830} INFO - Processing file /opt/airflow/dags/airflow_dag_api_to_kafka.py for tasks to queue
[2026-01-29T10:54:03.075+0000] {logging_mixin.py:188} INFO - [2026-01-29T10:54:03.074+0000] {dagbag.py:538} INFO - Filling up the DagBag from /opt/airflow/dags/airflow_dag_api_to_kafka.py
[2026-01-29T10:54:03.156+0000] {processor.py:840} INFO - DAG(s) 'tle_api_to_kafka_streaming' retrieved from /opt/airflow/dags/airflow_dag_api_to_kafka.py
[2026-01-29T10:54:03.191+0000] {logging_mixin.py:188} INFO - [2026-01-29T10:54:03.191+0000] {dag.py:3036} INFO - Sync 1 DAGs
[2026-01-29T10:54:03.228+0000] {logging_mixin.py:188} INFO - [2026-01-29T10:54:03.227+0000] {dag.py:3823} INFO - Setting next_dagrun for tle_api_to_kafka_streaming to 2026-01-29 09:00:00+00:00, run_after=2026-01-29 10:00:00+00:00
[2026-01-29T10:54:03.252+0000] {processor.py:183} INFO - Processing /opt/airflow/dags/airflow_dag_api_to_kafka.py took 0.184 seconds
[2026-01-29T10:54:33.385+0000] {processor.py:161} INFO - Started process (PID=3599) to work on /opt/airflow/dags/airflow_dag_api_to_kafka.py
[2026-01-29T10:54:33.387+0000] {processor.py:830} INFO - Processing file /opt/airflow/dags/airflow_dag_api_to_kafka.py for tasks to queue
[2026-01-29T10:54:33.388+0000] {logging_mixin.py:188} INFO - [2026-01-29T10:54:33.388+0000] {dagbag.py:538} INFO - Filling up the DagBag from /opt/airflow/dags/airflow_dag_api_to_kafka.py
[2026-01-29T10:54:33.491+0000] {processor.py:840} INFO - DAG(s) 'tle_api_to_kafka_streaming' retrieved from /opt/airflow/dags/airflow_dag_api_to_kafka.py
[2026-01-29T10:54:33.539+0000] {logging_mixin.py:188} INFO - [2026-01-29T10:54:33.538+0000] {dag.py:3036} INFO - Sync 1 DAGs
[2026-01-29T10:54:33.581+0000] {logging_mixin.py:188} INFO - [2026-01-29T10:54:33.581+0000] {dag.py:3823} INFO - Setting next_dagrun for tle_api_to_kafka_streaming to 2026-01-29 09:00:00+00:00, run_after=2026-01-29 10:00:00+00:00
[2026-01-29T10:54:33.604+0000] {processor.py:183} INFO - Processing /opt/airflow/dags/airflow_dag_api_to_kafka.py took 0.224 seconds
[2026-01-29T10:55:03.722+0000] {processor.py:161} INFO - Started process (PID=3609) to work on /opt/airflow/dags/airflow_dag_api_to_kafka.py
[2026-01-29T10:55:03.723+0000] {processor.py:830} INFO - Processing file /opt/airflow/dags/airflow_dag_api_to_kafka.py for tasks to queue
[2026-01-29T10:55:03.724+0000] {logging_mixin.py:188} INFO - [2026-01-29T10:55:03.724+0000] {dagbag.py:538} INFO - Filling up the DagBag from /opt/airflow/dags/airflow_dag_api_to_kafka.py
[2026-01-29T10:55:03.802+0000] {processor.py:840} INFO - DAG(s) 'tle_api_to_kafka_streaming' retrieved from /opt/airflow/dags/airflow_dag_api_to_kafka.py
[2026-01-29T10:55:03.843+0000] {logging_mixin.py:188} INFO - [2026-01-29T10:55:03.843+0000] {dag.py:3036} INFO - Sync 1 DAGs
[2026-01-29T10:55:03.873+0000] {logging_mixin.py:188} INFO - [2026-01-29T10:55:03.873+0000] {dag.py:3823} INFO - Setting next_dagrun for tle_api_to_kafka_streaming to 2026-01-29 09:00:00+00:00, run_after=2026-01-29 10:00:00+00:00
[2026-01-29T10:55:03.889+0000] {processor.py:183} INFO - Processing /opt/airflow/dags/airflow_dag_api_to_kafka.py took 0.172 seconds
[2026-01-29T10:55:34.009+0000] {processor.py:161} INFO - Started process (PID=3619) to work on /opt/airflow/dags/airflow_dag_api_to_kafka.py
[2026-01-29T10:55:34.010+0000] {processor.py:830} INFO - Processing file /opt/airflow/dags/airflow_dag_api_to_kafka.py for tasks to queue
[2026-01-29T10:55:34.011+0000] {logging_mixin.py:188} INFO - [2026-01-29T10:55:34.011+0000] {dagbag.py:538} INFO - Filling up the DagBag from /opt/airflow/dags/airflow_dag_api_to_kafka.py
[2026-01-29T10:55:34.101+0000] {processor.py:840} INFO - DAG(s) 'tle_api_to_kafka_streaming' retrieved from /opt/airflow/dags/airflow_dag_api_to_kafka.py
[2026-01-29T10:55:34.135+0000] {logging_mixin.py:188} INFO - [2026-01-29T10:55:34.135+0000] {dag.py:3036} INFO - Sync 1 DAGs
[2026-01-29T10:55:34.172+0000] {logging_mixin.py:188} INFO - [2026-01-29T10:55:34.171+0000] {dag.py:3823} INFO - Setting next_dagrun for tle_api_to_kafka_streaming to 2026-01-29 09:00:00+00:00, run_after=2026-01-29 10:00:00+00:00
[2026-01-29T10:55:34.192+0000] {processor.py:183} INFO - Processing /opt/airflow/dags/airflow_dag_api_to_kafka.py took 0.187 seconds
[2026-01-29T10:56:04.329+0000] {processor.py:161} INFO - Started process (PID=3629) to work on /opt/airflow/dags/airflow_dag_api_to_kafka.py
[2026-01-29T10:56:04.330+0000] {processor.py:830} INFO - Processing file /opt/airflow/dags/airflow_dag_api_to_kafka.py for tasks to queue
[2026-01-29T10:56:04.332+0000] {logging_mixin.py:188} INFO - [2026-01-29T10:56:04.331+0000] {dagbag.py:538} INFO - Filling up the DagBag from /opt/airflow/dags/airflow_dag_api_to_kafka.py
[2026-01-29T10:56:04.434+0000] {processor.py:840} INFO - DAG(s) 'tle_api_to_kafka_streaming' retrieved from /opt/airflow/dags/airflow_dag_api_to_kafka.py
[2026-01-29T10:56:04.471+0000] {logging_mixin.py:188} INFO - [2026-01-29T10:56:04.470+0000] {dag.py:3036} INFO - Sync 1 DAGs
[2026-01-29T10:56:04.508+0000] {logging_mixin.py:188} INFO - [2026-01-29T10:56:04.507+0000] {dag.py:3823} INFO - Setting next_dagrun for tle_api_to_kafka_streaming to 2026-01-29 09:00:00+00:00, run_after=2026-01-29 10:00:00+00:00
[2026-01-29T10:56:04.528+0000] {processor.py:183} INFO - Processing /opt/airflow/dags/airflow_dag_api_to_kafka.py took 0.203 seconds
[2026-01-29T10:56:34.680+0000] {processor.py:161} INFO - Started process (PID=3639) to work on /opt/airflow/dags/airflow_dag_api_to_kafka.py
[2026-01-29T10:56:34.681+0000] {processor.py:830} INFO - Processing file /opt/airflow/dags/airflow_dag_api_to_kafka.py for tasks to queue
[2026-01-29T10:56:34.683+0000] {logging_mixin.py:188} INFO - [2026-01-29T10:56:34.682+0000] {dagbag.py:538} INFO - Filling up the DagBag from /opt/airflow/dags/airflow_dag_api_to_kafka.py
[2026-01-29T10:56:34.788+0000] {processor.py:840} INFO - DAG(s) 'tle_api_to_kafka_streaming' retrieved from /opt/airflow/dags/airflow_dag_api_to_kafka.py
[2026-01-29T10:56:34.825+0000] {logging_mixin.py:188} INFO - [2026-01-29T10:56:34.824+0000] {dag.py:3036} INFO - Sync 1 DAGs
[2026-01-29T10:56:34.858+0000] {logging_mixin.py:188} INFO - [2026-01-29T10:56:34.858+0000] {dag.py:3823} INFO - Setting next_dagrun for tle_api_to_kafka_streaming to 2026-01-29 09:00:00+00:00, run_after=2026-01-29 10:00:00+00:00
[2026-01-29T10:56:34.877+0000] {processor.py:183} INFO - Processing /opt/airflow/dags/airflow_dag_api_to_kafka.py took 0.201 seconds
[2026-01-29T10:57:04.998+0000] {processor.py:161} INFO - Started process (PID=3649) to work on /opt/airflow/dags/airflow_dag_api_to_kafka.py
[2026-01-29T10:57:04.999+0000] {processor.py:830} INFO - Processing file /opt/airflow/dags/airflow_dag_api_to_kafka.py for tasks to queue
[2026-01-29T10:57:05.000+0000] {logging_mixin.py:188} INFO - [2026-01-29T10:57:05.000+0000] {dagbag.py:538} INFO - Filling up the DagBag from /opt/airflow/dags/airflow_dag_api_to_kafka.py
[2026-01-29T10:57:05.098+0000] {processor.py:840} INFO - DAG(s) 'tle_api_to_kafka_streaming' retrieved from /opt/airflow/dags/airflow_dag_api_to_kafka.py
[2026-01-29T10:57:05.141+0000] {logging_mixin.py:188} INFO - [2026-01-29T10:57:05.141+0000] {dag.py:3036} INFO - Sync 1 DAGs
[2026-01-29T10:57:05.179+0000] {logging_mixin.py:188} INFO - [2026-01-29T10:57:05.179+0000] {dag.py:3823} INFO - Setting next_dagrun for tle_api_to_kafka_streaming to 2026-01-29 09:00:00+00:00, run_after=2026-01-29 10:00:00+00:00
[2026-01-29T10:57:05.197+0000] {processor.py:183} INFO - Processing /opt/airflow/dags/airflow_dag_api_to_kafka.py took 0.202 seconds
[2026-01-29T10:57:35.344+0000] {processor.py:161} INFO - Started process (PID=3659) to work on /opt/airflow/dags/airflow_dag_api_to_kafka.py
[2026-01-29T10:57:35.345+0000] {processor.py:830} INFO - Processing file /opt/airflow/dags/airflow_dag_api_to_kafka.py for tasks to queue
[2026-01-29T10:57:35.346+0000] {logging_mixin.py:188} INFO - [2026-01-29T10:57:35.346+0000] {dagbag.py:538} INFO - Filling up the DagBag from /opt/airflow/dags/airflow_dag_api_to_kafka.py
[2026-01-29T10:57:35.437+0000] {processor.py:840} INFO - DAG(s) 'tle_api_to_kafka_streaming' retrieved from /opt/airflow/dags/airflow_dag_api_to_kafka.py
[2026-01-29T10:57:35.473+0000] {logging_mixin.py:188} INFO - [2026-01-29T10:57:35.473+0000] {dag.py:3036} INFO - Sync 1 DAGs
[2026-01-29T10:57:35.510+0000] {logging_mixin.py:188} INFO - [2026-01-29T10:57:35.509+0000] {dag.py:3823} INFO - Setting next_dagrun for tle_api_to_kafka_streaming to 2026-01-29 09:00:00+00:00, run_after=2026-01-29 10:00:00+00:00
[2026-01-29T10:57:35.527+0000] {processor.py:183} INFO - Processing /opt/airflow/dags/airflow_dag_api_to_kafka.py took 0.188 seconds
[2026-01-29T10:58:05.674+0000] {processor.py:161} INFO - Started process (PID=3669) to work on /opt/airflow/dags/airflow_dag_api_to_kafka.py
[2026-01-29T10:58:05.675+0000] {processor.py:830} INFO - Processing file /opt/airflow/dags/airflow_dag_api_to_kafka.py for tasks to queue
[2026-01-29T10:58:05.676+0000] {logging_mixin.py:188} INFO - [2026-01-29T10:58:05.676+0000] {dagbag.py:538} INFO - Filling up the DagBag from /opt/airflow/dags/airflow_dag_api_to_kafka.py
[2026-01-29T10:58:05.766+0000] {processor.py:840} INFO - DAG(s) 'tle_api_to_kafka_streaming' retrieved from /opt/airflow/dags/airflow_dag_api_to_kafka.py
[2026-01-29T10:58:05.795+0000] {logging_mixin.py:188} INFO - [2026-01-29T10:58:05.795+0000] {dag.py:3036} INFO - Sync 1 DAGs
[2026-01-29T10:58:05.827+0000] {logging_mixin.py:188} INFO - [2026-01-29T10:58:05.827+0000] {dag.py:3823} INFO - Setting next_dagrun for tle_api_to_kafka_streaming to 2026-01-29 09:00:00+00:00, run_after=2026-01-29 10:00:00+00:00
[2026-01-29T10:58:05.846+0000] {processor.py:183} INFO - Processing /opt/airflow/dags/airflow_dag_api_to_kafka.py took 0.177 seconds
[2026-01-29T10:58:35.979+0000] {processor.py:161} INFO - Started process (PID=3679) to work on /opt/airflow/dags/airflow_dag_api_to_kafka.py
[2026-01-29T10:58:35.980+0000] {processor.py:830} INFO - Processing file /opt/airflow/dags/airflow_dag_api_to_kafka.py for tasks to queue
[2026-01-29T10:58:35.981+0000] {logging_mixin.py:188} INFO - [2026-01-29T10:58:35.981+0000] {dagbag.py:538} INFO - Filling up the DagBag from /opt/airflow/dags/airflow_dag_api_to_kafka.py
[2026-01-29T10:58:36.078+0000] {processor.py:840} INFO - DAG(s) 'tle_api_to_kafka_streaming' retrieved from /opt/airflow/dags/airflow_dag_api_to_kafka.py
[2026-01-29T10:58:36.118+0000] {logging_mixin.py:188} INFO - [2026-01-29T10:58:36.118+0000] {dag.py:3036} INFO - Sync 1 DAGs
[2026-01-29T10:58:36.153+0000] {logging_mixin.py:188} INFO - [2026-01-29T10:58:36.153+0000] {dag.py:3823} INFO - Setting next_dagrun for tle_api_to_kafka_streaming to 2026-01-29 09:00:00+00:00, run_after=2026-01-29 10:00:00+00:00
[2026-01-29T10:58:36.174+0000] {processor.py:183} INFO - Processing /opt/airflow/dags/airflow_dag_api_to_kafka.py took 0.199 seconds
[2026-01-29T10:59:06.305+0000] {processor.py:161} INFO - Started process (PID=3689) to work on /opt/airflow/dags/airflow_dag_api_to_kafka.py
[2026-01-29T10:59:06.308+0000] {processor.py:830} INFO - Processing file /opt/airflow/dags/airflow_dag_api_to_kafka.py for tasks to queue
[2026-01-29T10:59:06.310+0000] {logging_mixin.py:188} INFO - [2026-01-29T10:59:06.309+0000] {dagbag.py:538} INFO - Filling up the DagBag from /opt/airflow/dags/airflow_dag_api_to_kafka.py
[2026-01-29T10:59:06.398+0000] {processor.py:840} INFO - DAG(s) 'tle_api_to_kafka_streaming' retrieved from /opt/airflow/dags/airflow_dag_api_to_kafka.py
[2026-01-29T10:59:06.446+0000] {logging_mixin.py:188} INFO - [2026-01-29T10:59:06.446+0000] {dag.py:3036} INFO - Sync 1 DAGs
[2026-01-29T10:59:06.485+0000] {logging_mixin.py:188} INFO - [2026-01-29T10:59:06.485+0000] {dag.py:3823} INFO - Setting next_dagrun for tle_api_to_kafka_streaming to 2026-01-29 09:00:00+00:00, run_after=2026-01-29 10:00:00+00:00
[2026-01-29T10:59:06.513+0000] {processor.py:183} INFO - Processing /opt/airflow/dags/airflow_dag_api_to_kafka.py took 0.215 seconds
[2026-01-29T10:59:36.640+0000] {processor.py:161} INFO - Started process (PID=3699) to work on /opt/airflow/dags/airflow_dag_api_to_kafka.py
[2026-01-29T10:59:36.641+0000] {processor.py:830} INFO - Processing file /opt/airflow/dags/airflow_dag_api_to_kafka.py for tasks to queue
[2026-01-29T10:59:36.642+0000] {logging_mixin.py:188} INFO - [2026-01-29T10:59:36.641+0000] {dagbag.py:538} INFO - Filling up the DagBag from /opt/airflow/dags/airflow_dag_api_to_kafka.py
[2026-01-29T10:59:36.739+0000] {processor.py:840} INFO - DAG(s) 'tle_api_to_kafka_streaming' retrieved from /opt/airflow/dags/airflow_dag_api_to_kafka.py
[2026-01-29T10:59:36.772+0000] {logging_mixin.py:188} INFO - [2026-01-29T10:59:36.772+0000] {dag.py:3036} INFO - Sync 1 DAGs
[2026-01-29T10:59:36.810+0000] {logging_mixin.py:188} INFO - [2026-01-29T10:59:36.810+0000] {dag.py:3823} INFO - Setting next_dagrun for tle_api_to_kafka_streaming to 2026-01-29 09:00:00+00:00, run_after=2026-01-29 10:00:00+00:00
[2026-01-29T10:59:36.829+0000] {processor.py:183} INFO - Processing /opt/airflow/dags/airflow_dag_api_to_kafka.py took 0.192 seconds
[2026-01-29T11:00:06.975+0000] {processor.py:161} INFO - Started process (PID=3709) to work on /opt/airflow/dags/airflow_dag_api_to_kafka.py
[2026-01-29T11:00:06.977+0000] {processor.py:830} INFO - Processing file /opt/airflow/dags/airflow_dag_api_to_kafka.py for tasks to queue
[2026-01-29T11:00:06.977+0000] {logging_mixin.py:188} INFO - [2026-01-29T11:00:06.977+0000] {dagbag.py:538} INFO - Filling up the DagBag from /opt/airflow/dags/airflow_dag_api_to_kafka.py
[2026-01-29T11:00:07.068+0000] {processor.py:840} INFO - DAG(s) 'tle_api_to_kafka_streaming' retrieved from /opt/airflow/dags/airflow_dag_api_to_kafka.py
[2026-01-29T11:00:07.106+0000] {logging_mixin.py:188} INFO - [2026-01-29T11:00:07.105+0000] {dag.py:3036} INFO - Sync 1 DAGs
[2026-01-29T11:00:07.140+0000] {logging_mixin.py:188} INFO - [2026-01-29T11:00:07.140+0000] {dag.py:3823} INFO - Setting next_dagrun for tle_api_to_kafka_streaming to 2026-01-29 10:00:00+00:00, run_after=2026-01-29 11:00:00+00:00
[2026-01-29T11:00:07.164+0000] {processor.py:183} INFO - Processing /opt/airflow/dags/airflow_dag_api_to_kafka.py took 0.192 seconds
[2026-01-29T11:00:37.298+0000] {processor.py:161} INFO - Started process (PID=3719) to work on /opt/airflow/dags/airflow_dag_api_to_kafka.py
[2026-01-29T11:00:37.300+0000] {processor.py:830} INFO - Processing file /opt/airflow/dags/airflow_dag_api_to_kafka.py for tasks to queue
[2026-01-29T11:00:37.301+0000] {logging_mixin.py:188} INFO - [2026-01-29T11:00:37.300+0000] {dagbag.py:538} INFO - Filling up the DagBag from /opt/airflow/dags/airflow_dag_api_to_kafka.py
[2026-01-29T11:00:37.398+0000] {processor.py:840} INFO - DAG(s) 'tle_api_to_kafka_streaming' retrieved from /opt/airflow/dags/airflow_dag_api_to_kafka.py
[2026-01-29T11:00:37.432+0000] {logging_mixin.py:188} INFO - [2026-01-29T11:00:37.432+0000] {dag.py:3036} INFO - Sync 1 DAGs
[2026-01-29T11:00:37.468+0000] {logging_mixin.py:188} INFO - [2026-01-29T11:00:37.467+0000] {dag.py:3823} INFO - Setting next_dagrun for tle_api_to_kafka_streaming to 2026-01-29 10:00:00+00:00, run_after=2026-01-29 11:00:00+00:00
[2026-01-29T11:00:37.491+0000] {processor.py:183} INFO - Processing /opt/airflow/dags/airflow_dag_api_to_kafka.py took 0.199 seconds
[2026-01-29T11:01:07.628+0000] {processor.py:161} INFO - Started process (PID=3729) to work on /opt/airflow/dags/airflow_dag_api_to_kafka.py
[2026-01-29T11:01:07.630+0000] {processor.py:830} INFO - Processing file /opt/airflow/dags/airflow_dag_api_to_kafka.py for tasks to queue
[2026-01-29T11:01:07.631+0000] {logging_mixin.py:188} INFO - [2026-01-29T11:01:07.631+0000] {dagbag.py:538} INFO - Filling up the DagBag from /opt/airflow/dags/airflow_dag_api_to_kafka.py
[2026-01-29T11:01:07.732+0000] {processor.py:840} INFO - DAG(s) 'tle_api_to_kafka_streaming' retrieved from /opt/airflow/dags/airflow_dag_api_to_kafka.py
[2026-01-29T11:01:07.765+0000] {logging_mixin.py:188} INFO - [2026-01-29T11:01:07.765+0000] {dag.py:3036} INFO - Sync 1 DAGs
[2026-01-29T11:01:07.805+0000] {logging_mixin.py:188} INFO - [2026-01-29T11:01:07.804+0000] {dag.py:3823} INFO - Setting next_dagrun for tle_api_to_kafka_streaming to 2026-01-29 10:00:00+00:00, run_after=2026-01-29 11:00:00+00:00
[2026-01-29T11:01:07.825+0000] {processor.py:183} INFO - Processing /opt/airflow/dags/airflow_dag_api_to_kafka.py took 0.200 seconds
[2026-01-29T11:01:37.963+0000] {processor.py:161} INFO - Started process (PID=3739) to work on /opt/airflow/dags/airflow_dag_api_to_kafka.py
[2026-01-29T11:01:37.964+0000] {processor.py:830} INFO - Processing file /opt/airflow/dags/airflow_dag_api_to_kafka.py for tasks to queue
[2026-01-29T11:01:37.965+0000] {logging_mixin.py:188} INFO - [2026-01-29T11:01:37.965+0000] {dagbag.py:538} INFO - Filling up the DagBag from /opt/airflow/dags/airflow_dag_api_to_kafka.py
[2026-01-29T11:01:38.059+0000] {processor.py:840} INFO - DAG(s) 'tle_api_to_kafka_streaming' retrieved from /opt/airflow/dags/airflow_dag_api_to_kafka.py
[2026-01-29T11:01:38.097+0000] {logging_mixin.py:188} INFO - [2026-01-29T11:01:38.097+0000] {dag.py:3036} INFO - Sync 1 DAGs
[2026-01-29T11:01:38.138+0000] {logging_mixin.py:188} INFO - [2026-01-29T11:01:38.137+0000] {dag.py:3823} INFO - Setting next_dagrun for tle_api_to_kafka_streaming to 2026-01-29 10:00:00+00:00, run_after=2026-01-29 11:00:00+00:00
[2026-01-29T11:01:38.161+0000] {processor.py:183} INFO - Processing /opt/airflow/dags/airflow_dag_api_to_kafka.py took 0.202 seconds
[2026-01-29T11:02:08.304+0000] {processor.py:161} INFO - Started process (PID=3749) to work on /opt/airflow/dags/airflow_dag_api_to_kafka.py
[2026-01-29T11:02:08.306+0000] {processor.py:830} INFO - Processing file /opt/airflow/dags/airflow_dag_api_to_kafka.py for tasks to queue
[2026-01-29T11:02:08.307+0000] {logging_mixin.py:188} INFO - [2026-01-29T11:02:08.307+0000] {dagbag.py:538} INFO - Filling up the DagBag from /opt/airflow/dags/airflow_dag_api_to_kafka.py
[2026-01-29T11:02:08.385+0000] {processor.py:840} INFO - DAG(s) 'tle_api_to_kafka_streaming' retrieved from /opt/airflow/dags/airflow_dag_api_to_kafka.py
[2026-01-29T11:02:08.419+0000] {logging_mixin.py:188} INFO - [2026-01-29T11:02:08.418+0000] {dag.py:3036} INFO - Sync 1 DAGs
[2026-01-29T11:02:08.452+0000] {logging_mixin.py:188} INFO - [2026-01-29T11:02:08.452+0000] {dag.py:3823} INFO - Setting next_dagrun for tle_api_to_kafka_streaming to 2026-01-29 10:00:00+00:00, run_after=2026-01-29 11:00:00+00:00
[2026-01-29T11:02:08.478+0000] {processor.py:183} INFO - Processing /opt/airflow/dags/airflow_dag_api_to_kafka.py took 0.177 seconds
[2026-01-29T11:02:38.622+0000] {processor.py:161} INFO - Started process (PID=3759) to work on /opt/airflow/dags/airflow_dag_api_to_kafka.py
[2026-01-29T11:02:38.624+0000] {processor.py:830} INFO - Processing file /opt/airflow/dags/airflow_dag_api_to_kafka.py for tasks to queue
[2026-01-29T11:02:38.625+0000] {logging_mixin.py:188} INFO - [2026-01-29T11:02:38.624+0000] {dagbag.py:538} INFO - Filling up the DagBag from /opt/airflow/dags/airflow_dag_api_to_kafka.py
[2026-01-29T11:02:38.728+0000] {processor.py:840} INFO - DAG(s) 'tle_api_to_kafka_streaming' retrieved from /opt/airflow/dags/airflow_dag_api_to_kafka.py
[2026-01-29T11:02:38.766+0000] {logging_mixin.py:188} INFO - [2026-01-29T11:02:38.766+0000] {dag.py:3036} INFO - Sync 1 DAGs
[2026-01-29T11:02:38.806+0000] {logging_mixin.py:188} INFO - [2026-01-29T11:02:38.806+0000] {dag.py:3823} INFO - Setting next_dagrun for tle_api_to_kafka_streaming to 2026-01-29 10:00:00+00:00, run_after=2026-01-29 11:00:00+00:00
[2026-01-29T11:02:38.828+0000] {processor.py:183} INFO - Processing /opt/airflow/dags/airflow_dag_api_to_kafka.py took 0.212 seconds
[2026-01-29T11:03:08.974+0000] {processor.py:161} INFO - Started process (PID=3769) to work on /opt/airflow/dags/airflow_dag_api_to_kafka.py
[2026-01-29T11:03:08.976+0000] {processor.py:830} INFO - Processing file /opt/airflow/dags/airflow_dag_api_to_kafka.py for tasks to queue
[2026-01-29T11:03:08.977+0000] {logging_mixin.py:188} INFO - [2026-01-29T11:03:08.976+0000] {dagbag.py:538} INFO - Filling up the DagBag from /opt/airflow/dags/airflow_dag_api_to_kafka.py
[2026-01-29T11:03:09.081+0000] {processor.py:840} INFO - DAG(s) 'tle_api_to_kafka_streaming' retrieved from /opt/airflow/dags/airflow_dag_api_to_kafka.py
[2026-01-29T11:03:09.123+0000] {logging_mixin.py:188} INFO - [2026-01-29T11:03:09.122+0000] {dag.py:3036} INFO - Sync 1 DAGs
[2026-01-29T11:03:09.160+0000] {logging_mixin.py:188} INFO - [2026-01-29T11:03:09.160+0000] {dag.py:3823} INFO - Setting next_dagrun for tle_api_to_kafka_streaming to 2026-01-29 10:00:00+00:00, run_after=2026-01-29 11:00:00+00:00
[2026-01-29T11:03:09.181+0000] {processor.py:183} INFO - Processing /opt/airflow/dags/airflow_dag_api_to_kafka.py took 0.210 seconds
[2026-01-29T11:03:39.336+0000] {processor.py:161} INFO - Started process (PID=3779) to work on /opt/airflow/dags/airflow_dag_api_to_kafka.py
[2026-01-29T11:03:39.337+0000] {processor.py:830} INFO - Processing file /opt/airflow/dags/airflow_dag_api_to_kafka.py for tasks to queue
[2026-01-29T11:03:39.338+0000] {logging_mixin.py:188} INFO - [2026-01-29T11:03:39.338+0000] {dagbag.py:538} INFO - Filling up the DagBag from /opt/airflow/dags/airflow_dag_api_to_kafka.py
[2026-01-29T11:03:39.441+0000] {processor.py:840} INFO - DAG(s) 'tle_api_to_kafka_streaming' retrieved from /opt/airflow/dags/airflow_dag_api_to_kafka.py
[2026-01-29T11:03:39.478+0000] {logging_mixin.py:188} INFO - [2026-01-29T11:03:39.478+0000] {dag.py:3036} INFO - Sync 1 DAGs
[2026-01-29T11:03:39.518+0000] {logging_mixin.py:188} INFO - [2026-01-29T11:03:39.518+0000] {dag.py:3823} INFO - Setting next_dagrun for tle_api_to_kafka_streaming to 2026-01-29 10:00:00+00:00, run_after=2026-01-29 11:00:00+00:00
[2026-01-29T11:03:39.539+0000] {processor.py:183} INFO - Processing /opt/airflow/dags/airflow_dag_api_to_kafka.py took 0.207 seconds
[2026-01-29T11:04:09.742+0000] {processor.py:161} INFO - Started process (PID=3789) to work on /opt/airflow/dags/airflow_dag_api_to_kafka.py
[2026-01-29T11:04:09.743+0000] {processor.py:830} INFO - Processing file /opt/airflow/dags/airflow_dag_api_to_kafka.py for tasks to queue
[2026-01-29T11:04:09.744+0000] {logging_mixin.py:188} INFO - [2026-01-29T11:04:09.744+0000] {dagbag.py:538} INFO - Filling up the DagBag from /opt/airflow/dags/airflow_dag_api_to_kafka.py
[2026-01-29T11:04:09.840+0000] {processor.py:840} INFO - DAG(s) 'tle_api_to_kafka_streaming' retrieved from /opt/airflow/dags/airflow_dag_api_to_kafka.py
[2026-01-29T11:04:09.875+0000] {logging_mixin.py:188} INFO - [2026-01-29T11:04:09.874+0000] {dag.py:3036} INFO - Sync 1 DAGs
[2026-01-29T11:04:09.908+0000] {logging_mixin.py:188} INFO - [2026-01-29T11:04:09.908+0000] {dag.py:3823} INFO - Setting next_dagrun for tle_api_to_kafka_streaming to 2026-01-29 10:00:00+00:00, run_after=2026-01-29 11:00:00+00:00
[2026-01-29T11:04:09.927+0000] {processor.py:183} INFO - Processing /opt/airflow/dags/airflow_dag_api_to_kafka.py took 0.189 seconds
[2026-01-29T11:04:40.135+0000] {processor.py:161} INFO - Started process (PID=3799) to work on /opt/airflow/dags/airflow_dag_api_to_kafka.py
[2026-01-29T11:04:40.136+0000] {processor.py:830} INFO - Processing file /opt/airflow/dags/airflow_dag_api_to_kafka.py for tasks to queue
[2026-01-29T11:04:40.137+0000] {logging_mixin.py:188} INFO - [2026-01-29T11:04:40.136+0000] {dagbag.py:538} INFO - Filling up the DagBag from /opt/airflow/dags/airflow_dag_api_to_kafka.py
[2026-01-29T11:04:40.236+0000] {processor.py:840} INFO - DAG(s) 'tle_api_to_kafka_streaming' retrieved from /opt/airflow/dags/airflow_dag_api_to_kafka.py
[2026-01-29T11:04:40.270+0000] {logging_mixin.py:188} INFO - [2026-01-29T11:04:40.270+0000] {dag.py:3036} INFO - Sync 1 DAGs
[2026-01-29T11:04:40.309+0000] {logging_mixin.py:188} INFO - [2026-01-29T11:04:40.309+0000] {dag.py:3823} INFO - Setting next_dagrun for tle_api_to_kafka_streaming to 2026-01-29 10:00:00+00:00, run_after=2026-01-29 11:00:00+00:00
[2026-01-29T11:04:40.332+0000] {processor.py:183} INFO - Processing /opt/airflow/dags/airflow_dag_api_to_kafka.py took 0.202 seconds
[2026-01-29T11:05:10.457+0000] {processor.py:161} INFO - Started process (PID=3809) to work on /opt/airflow/dags/airflow_dag_api_to_kafka.py
[2026-01-29T11:05:10.458+0000] {processor.py:830} INFO - Processing file /opt/airflow/dags/airflow_dag_api_to_kafka.py for tasks to queue
[2026-01-29T11:05:10.459+0000] {logging_mixin.py:188} INFO - [2026-01-29T11:05:10.458+0000] {dagbag.py:538} INFO - Filling up the DagBag from /opt/airflow/dags/airflow_dag_api_to_kafka.py
[2026-01-29T11:05:10.563+0000] {processor.py:840} INFO - DAG(s) 'tle_api_to_kafka_streaming' retrieved from /opt/airflow/dags/airflow_dag_api_to_kafka.py
[2026-01-29T11:05:10.602+0000] {logging_mixin.py:188} INFO - [2026-01-29T11:05:10.601+0000] {dag.py:3036} INFO - Sync 1 DAGs
[2026-01-29T11:05:10.641+0000] {logging_mixin.py:188} INFO - [2026-01-29T11:05:10.641+0000] {dag.py:3823} INFO - Setting next_dagrun for tle_api_to_kafka_streaming to 2026-01-29 10:00:00+00:00, run_after=2026-01-29 11:00:00+00:00
[2026-01-29T11:05:10.665+0000] {processor.py:183} INFO - Processing /opt/airflow/dags/airflow_dag_api_to_kafka.py took 0.212 seconds
[2026-01-29T11:05:40.785+0000] {processor.py:161} INFO - Started process (PID=3819) to work on /opt/airflow/dags/airflow_dag_api_to_kafka.py
[2026-01-29T11:05:40.787+0000] {processor.py:830} INFO - Processing file /opt/airflow/dags/airflow_dag_api_to_kafka.py for tasks to queue
[2026-01-29T11:05:40.788+0000] {logging_mixin.py:188} INFO - [2026-01-29T11:05:40.788+0000] {dagbag.py:538} INFO - Filling up the DagBag from /opt/airflow/dags/airflow_dag_api_to_kafka.py
[2026-01-29T11:05:40.903+0000] {processor.py:840} INFO - DAG(s) 'tle_api_to_kafka_streaming' retrieved from /opt/airflow/dags/airflow_dag_api_to_kafka.py
[2026-01-29T11:05:40.948+0000] {logging_mixin.py:188} INFO - [2026-01-29T11:05:40.948+0000] {dag.py:3036} INFO - Sync 1 DAGs
[2026-01-29T11:05:40.993+0000] {logging_mixin.py:188} INFO - [2026-01-29T11:05:40.993+0000] {dag.py:3823} INFO - Setting next_dagrun for tle_api_to_kafka_streaming to 2026-01-29 10:00:00+00:00, run_after=2026-01-29 11:00:00+00:00
[2026-01-29T11:05:41.015+0000] {processor.py:183} INFO - Processing /opt/airflow/dags/airflow_dag_api_to_kafka.py took 0.233 seconds
[2026-01-29T11:06:11.145+0000] {processor.py:161} INFO - Started process (PID=3829) to work on /opt/airflow/dags/airflow_dag_api_to_kafka.py
[2026-01-29T11:06:11.146+0000] {processor.py:830} INFO - Processing file /opt/airflow/dags/airflow_dag_api_to_kafka.py for tasks to queue
[2026-01-29T11:06:11.147+0000] {logging_mixin.py:188} INFO - [2026-01-29T11:06:11.147+0000] {dagbag.py:538} INFO - Filling up the DagBag from /opt/airflow/dags/airflow_dag_api_to_kafka.py
[2026-01-29T11:06:11.201+0000] {processor.py:840} INFO - DAG(s) 'tle_api_to_kafka_streaming' retrieved from /opt/airflow/dags/airflow_dag_api_to_kafka.py
[2026-01-29T11:06:11.238+0000] {logging_mixin.py:188} INFO - [2026-01-29T11:06:11.237+0000] {dag.py:3036} INFO - Sync 1 DAGs
[2026-01-29T11:06:11.273+0000] {logging_mixin.py:188} INFO - [2026-01-29T11:06:11.272+0000] {dag.py:3823} INFO - Setting next_dagrun for tle_api_to_kafka_streaming to 2026-01-29 10:00:00+00:00, run_after=2026-01-29 11:00:00+00:00
[2026-01-29T11:06:11.294+0000] {processor.py:183} INFO - Processing /opt/airflow/dags/airflow_dag_api_to_kafka.py took 0.153 seconds
[2026-01-29T11:06:41.447+0000] {processor.py:161} INFO - Started process (PID=3839) to work on /opt/airflow/dags/airflow_dag_api_to_kafka.py
[2026-01-29T11:06:41.448+0000] {processor.py:830} INFO - Processing file /opt/airflow/dags/airflow_dag_api_to_kafka.py for tasks to queue
[2026-01-29T11:06:41.449+0000] {logging_mixin.py:188} INFO - [2026-01-29T11:06:41.448+0000] {dagbag.py:538} INFO - Filling up the DagBag from /opt/airflow/dags/airflow_dag_api_to_kafka.py
[2026-01-29T11:06:41.545+0000] {processor.py:840} INFO - DAG(s) 'tle_api_to_kafka_streaming' retrieved from /opt/airflow/dags/airflow_dag_api_to_kafka.py
[2026-01-29T11:06:41.582+0000] {logging_mixin.py:188} INFO - [2026-01-29T11:06:41.582+0000] {dag.py:3036} INFO - Sync 1 DAGs
[2026-01-29T11:06:41.623+0000] {logging_mixin.py:188} INFO - [2026-01-29T11:06:41.623+0000] {dag.py:3823} INFO - Setting next_dagrun for tle_api_to_kafka_streaming to 2026-01-29 10:00:00+00:00, run_after=2026-01-29 11:00:00+00:00
[2026-01-29T11:06:41.648+0000] {processor.py:183} INFO - Processing /opt/airflow/dags/airflow_dag_api_to_kafka.py took 0.205 seconds
[2026-01-29T11:07:11.794+0000] {processor.py:161} INFO - Started process (PID=3849) to work on /opt/airflow/dags/airflow_dag_api_to_kafka.py
[2026-01-29T11:07:11.796+0000] {processor.py:830} INFO - Processing file /opt/airflow/dags/airflow_dag_api_to_kafka.py for tasks to queue
[2026-01-29T11:07:11.798+0000] {logging_mixin.py:188} INFO - [2026-01-29T11:07:11.797+0000] {dagbag.py:538} INFO - Filling up the DagBag from /opt/airflow/dags/airflow_dag_api_to_kafka.py
[2026-01-29T11:07:11.905+0000] {processor.py:840} INFO - DAG(s) 'tle_api_to_kafka_streaming' retrieved from /opt/airflow/dags/airflow_dag_api_to_kafka.py
[2026-01-29T11:07:11.940+0000] {logging_mixin.py:188} INFO - [2026-01-29T11:07:11.940+0000] {dag.py:3036} INFO - Sync 1 DAGs
[2026-01-29T11:07:11.984+0000] {logging_mixin.py:188} INFO - [2026-01-29T11:07:11.984+0000] {dag.py:3823} INFO - Setting next_dagrun for tle_api_to_kafka_streaming to 2026-01-29 10:00:00+00:00, run_after=2026-01-29 11:00:00+00:00
[2026-01-29T11:07:12.003+0000] {processor.py:183} INFO - Processing /opt/airflow/dags/airflow_dag_api_to_kafka.py took 0.213 seconds
[2026-01-29T11:07:42.135+0000] {processor.py:161} INFO - Started process (PID=3859) to work on /opt/airflow/dags/airflow_dag_api_to_kafka.py
[2026-01-29T11:07:42.137+0000] {processor.py:830} INFO - Processing file /opt/airflow/dags/airflow_dag_api_to_kafka.py for tasks to queue
[2026-01-29T11:07:42.138+0000] {logging_mixin.py:188} INFO - [2026-01-29T11:07:42.138+0000] {dagbag.py:538} INFO - Filling up the DagBag from /opt/airflow/dags/airflow_dag_api_to_kafka.py
[2026-01-29T11:07:42.217+0000] {processor.py:840} INFO - DAG(s) 'tle_api_to_kafka_streaming' retrieved from /opt/airflow/dags/airflow_dag_api_to_kafka.py
[2026-01-29T11:07:42.251+0000] {logging_mixin.py:188} INFO - [2026-01-29T11:07:42.251+0000] {dag.py:3036} INFO - Sync 1 DAGs
[2026-01-29T11:07:42.281+0000] {logging_mixin.py:188} INFO - [2026-01-29T11:07:42.280+0000] {dag.py:3823} INFO - Setting next_dagrun for tle_api_to_kafka_streaming to 2026-01-29 10:00:00+00:00, run_after=2026-01-29 11:00:00+00:00
[2026-01-29T11:07:42.300+0000] {processor.py:183} INFO - Processing /opt/airflow/dags/airflow_dag_api_to_kafka.py took 0.169 seconds
[2026-01-29T11:08:12.424+0000] {processor.py:161} INFO - Started process (PID=3869) to work on /opt/airflow/dags/airflow_dag_api_to_kafka.py
[2026-01-29T11:08:12.426+0000] {processor.py:830} INFO - Processing file /opt/airflow/dags/airflow_dag_api_to_kafka.py for tasks to queue
[2026-01-29T11:08:12.427+0000] {logging_mixin.py:188} INFO - [2026-01-29T11:08:12.427+0000] {dagbag.py:538} INFO - Filling up the DagBag from /opt/airflow/dags/airflow_dag_api_to_kafka.py
[2026-01-29T11:08:12.526+0000] {processor.py:840} INFO - DAG(s) 'tle_api_to_kafka_streaming' retrieved from /opt/airflow/dags/airflow_dag_api_to_kafka.py
[2026-01-29T11:08:12.561+0000] {logging_mixin.py:188} INFO - [2026-01-29T11:08:12.561+0000] {dag.py:3036} INFO - Sync 1 DAGs
[2026-01-29T11:08:12.601+0000] {logging_mixin.py:188} INFO - [2026-01-29T11:08:12.601+0000] {dag.py:3823} INFO - Setting next_dagrun for tle_api_to_kafka_streaming to 2026-01-29 10:00:00+00:00, run_after=2026-01-29 11:00:00+00:00
[2026-01-29T11:08:12.625+0000] {processor.py:183} INFO - Processing /opt/airflow/dags/airflow_dag_api_to_kafka.py took 0.206 seconds
[2026-01-29T11:08:42.789+0000] {processor.py:161} INFO - Started process (PID=3879) to work on /opt/airflow/dags/airflow_dag_api_to_kafka.py
[2026-01-29T11:08:42.790+0000] {processor.py:830} INFO - Processing file /opt/airflow/dags/airflow_dag_api_to_kafka.py for tasks to queue
[2026-01-29T11:08:42.791+0000] {logging_mixin.py:188} INFO - [2026-01-29T11:08:42.790+0000] {dagbag.py:538} INFO - Filling up the DagBag from /opt/airflow/dags/airflow_dag_api_to_kafka.py
[2026-01-29T11:08:42.875+0000] {processor.py:840} INFO - DAG(s) 'tle_api_to_kafka_streaming' retrieved from /opt/airflow/dags/airflow_dag_api_to_kafka.py
[2026-01-29T11:08:42.906+0000] {logging_mixin.py:188} INFO - [2026-01-29T11:08:42.906+0000] {dag.py:3036} INFO - Sync 1 DAGs
[2026-01-29T11:08:42.937+0000] {logging_mixin.py:188} INFO - [2026-01-29T11:08:42.937+0000] {dag.py:3823} INFO - Setting next_dagrun for tle_api_to_kafka_streaming to 2026-01-29 10:00:00+00:00, run_after=2026-01-29 11:00:00+00:00
[2026-01-29T11:08:42.955+0000] {processor.py:183} INFO - Processing /opt/airflow/dags/airflow_dag_api_to_kafka.py took 0.170 seconds
[2026-01-29T11:09:13.092+0000] {processor.py:161} INFO - Started process (PID=3889) to work on /opt/airflow/dags/airflow_dag_api_to_kafka.py
[2026-01-29T11:09:13.093+0000] {processor.py:830} INFO - Processing file /opt/airflow/dags/airflow_dag_api_to_kafka.py for tasks to queue
[2026-01-29T11:09:13.094+0000] {logging_mixin.py:188} INFO - [2026-01-29T11:09:13.093+0000] {dagbag.py:538} INFO - Filling up the DagBag from /opt/airflow/dags/airflow_dag_api_to_kafka.py
[2026-01-29T11:09:13.185+0000] {processor.py:840} INFO - DAG(s) 'tle_api_to_kafka_streaming' retrieved from /opt/airflow/dags/airflow_dag_api_to_kafka.py
[2026-01-29T11:09:13.219+0000] {logging_mixin.py:188} INFO - [2026-01-29T11:09:13.219+0000] {dag.py:3036} INFO - Sync 1 DAGs
[2026-01-29T11:09:13.256+0000] {logging_mixin.py:188} INFO - [2026-01-29T11:09:13.256+0000] {dag.py:3823} INFO - Setting next_dagrun for tle_api_to_kafka_streaming to 2026-01-29 10:00:00+00:00, run_after=2026-01-29 11:00:00+00:00
[2026-01-29T11:09:13.272+0000] {processor.py:183} INFO - Processing /opt/airflow/dags/airflow_dag_api_to_kafka.py took 0.185 seconds
[2026-01-29T11:09:43.404+0000] {processor.py:161} INFO - Started process (PID=3899) to work on /opt/airflow/dags/airflow_dag_api_to_kafka.py
[2026-01-29T11:09:43.406+0000] {processor.py:830} INFO - Processing file /opt/airflow/dags/airflow_dag_api_to_kafka.py for tasks to queue
[2026-01-29T11:09:43.408+0000] {logging_mixin.py:188} INFO - [2026-01-29T11:09:43.407+0000] {dagbag.py:538} INFO - Filling up the DagBag from /opt/airflow/dags/airflow_dag_api_to_kafka.py
[2026-01-29T11:09:43.481+0000] {processor.py:840} INFO - DAG(s) 'tle_api_to_kafka_streaming' retrieved from /opt/airflow/dags/airflow_dag_api_to_kafka.py
[2026-01-29T11:09:43.519+0000] {logging_mixin.py:188} INFO - [2026-01-29T11:09:43.519+0000] {dag.py:3036} INFO - Sync 1 DAGs
[2026-01-29T11:09:43.551+0000] {logging_mixin.py:188} INFO - [2026-01-29T11:09:43.551+0000] {dag.py:3823} INFO - Setting next_dagrun for tle_api_to_kafka_streaming to 2026-01-29 10:00:00+00:00, run_after=2026-01-29 11:00:00+00:00
[2026-01-29T11:09:43.575+0000] {processor.py:183} INFO - Processing /opt/airflow/dags/airflow_dag_api_to_kafka.py took 0.176 seconds
[2026-01-29T11:10:13.724+0000] {processor.py:161} INFO - Started process (PID=3909) to work on /opt/airflow/dags/airflow_dag_api_to_kafka.py
[2026-01-29T11:10:13.725+0000] {processor.py:830} INFO - Processing file /opt/airflow/dags/airflow_dag_api_to_kafka.py for tasks to queue
[2026-01-29T11:10:13.726+0000] {logging_mixin.py:188} INFO - [2026-01-29T11:10:13.726+0000] {dagbag.py:538} INFO - Filling up the DagBag from /opt/airflow/dags/airflow_dag_api_to_kafka.py
[2026-01-29T11:10:13.826+0000] {processor.py:840} INFO - DAG(s) 'tle_api_to_kafka_streaming' retrieved from /opt/airflow/dags/airflow_dag_api_to_kafka.py
[2026-01-29T11:10:13.865+0000] {logging_mixin.py:188} INFO - [2026-01-29T11:10:13.864+0000] {dag.py:3036} INFO - Sync 1 DAGs
[2026-01-29T11:10:13.901+0000] {logging_mixin.py:188} INFO - [2026-01-29T11:10:13.901+0000] {dag.py:3823} INFO - Setting next_dagrun for tle_api_to_kafka_streaming to 2026-01-29 10:00:00+00:00, run_after=2026-01-29 11:00:00+00:00
[2026-01-29T11:10:13.920+0000] {processor.py:183} INFO - Processing /opt/airflow/dags/airflow_dag_api_to_kafka.py took 0.201 seconds
[2026-01-29T11:10:44.053+0000] {processor.py:161} INFO - Started process (PID=3919) to work on /opt/airflow/dags/airflow_dag_api_to_kafka.py
[2026-01-29T11:10:44.054+0000] {processor.py:830} INFO - Processing file /opt/airflow/dags/airflow_dag_api_to_kafka.py for tasks to queue
[2026-01-29T11:10:44.055+0000] {logging_mixin.py:188} INFO - [2026-01-29T11:10:44.055+0000] {dagbag.py:538} INFO - Filling up the DagBag from /opt/airflow/dags/airflow_dag_api_to_kafka.py
[2026-01-29T11:10:44.131+0000] {processor.py:840} INFO - DAG(s) 'tle_api_to_kafka_streaming' retrieved from /opt/airflow/dags/airflow_dag_api_to_kafka.py
[2026-01-29T11:10:44.164+0000] {logging_mixin.py:188} INFO - [2026-01-29T11:10:44.164+0000] {dag.py:3036} INFO - Sync 1 DAGs
[2026-01-29T11:10:44.195+0000] {logging_mixin.py:188} INFO - [2026-01-29T11:10:44.195+0000] {dag.py:3823} INFO - Setting next_dagrun for tle_api_to_kafka_streaming to 2026-01-29 10:00:00+00:00, run_after=2026-01-29 11:00:00+00:00
[2026-01-29T11:10:44.215+0000] {processor.py:183} INFO - Processing /opt/airflow/dags/airflow_dag_api_to_kafka.py took 0.166 seconds
[2026-01-29T11:11:14.335+0000] {processor.py:161} INFO - Started process (PID=3929) to work on /opt/airflow/dags/airflow_dag_api_to_kafka.py
[2026-01-29T11:11:14.336+0000] {processor.py:830} INFO - Processing file /opt/airflow/dags/airflow_dag_api_to_kafka.py for tasks to queue
[2026-01-29T11:11:14.338+0000] {logging_mixin.py:188} INFO - [2026-01-29T11:11:14.336+0000] {dagbag.py:538} INFO - Filling up the DagBag from /opt/airflow/dags/airflow_dag_api_to_kafka.py
[2026-01-29T11:11:14.436+0000] {processor.py:840} INFO - DAG(s) 'tle_api_to_kafka_streaming' retrieved from /opt/airflow/dags/airflow_dag_api_to_kafka.py
[2026-01-29T11:11:14.476+0000] {logging_mixin.py:188} INFO - [2026-01-29T11:11:14.476+0000] {dag.py:3036} INFO - Sync 1 DAGs
[2026-01-29T11:11:14.522+0000] {logging_mixin.py:188} INFO - [2026-01-29T11:11:14.521+0000] {dag.py:3823} INFO - Setting next_dagrun for tle_api_to_kafka_streaming to 2026-01-29 10:00:00+00:00, run_after=2026-01-29 11:00:00+00:00
[2026-01-29T11:11:14.542+0000] {processor.py:183} INFO - Processing /opt/airflow/dags/airflow_dag_api_to_kafka.py took 0.212 seconds
[2026-01-29T11:11:44.666+0000] {processor.py:161} INFO - Started process (PID=3939) to work on /opt/airflow/dags/airflow_dag_api_to_kafka.py
[2026-01-29T11:11:44.667+0000] {processor.py:830} INFO - Processing file /opt/airflow/dags/airflow_dag_api_to_kafka.py for tasks to queue
[2026-01-29T11:11:44.668+0000] {logging_mixin.py:188} INFO - [2026-01-29T11:11:44.667+0000] {dagbag.py:538} INFO - Filling up the DagBag from /opt/airflow/dags/airflow_dag_api_to_kafka.py
[2026-01-29T11:11:44.758+0000] {processor.py:840} INFO - DAG(s) 'tle_api_to_kafka_streaming' retrieved from /opt/airflow/dags/airflow_dag_api_to_kafka.py
[2026-01-29T11:11:44.795+0000] {logging_mixin.py:188} INFO - [2026-01-29T11:11:44.794+0000] {dag.py:3036} INFO - Sync 1 DAGs
[2026-01-29T11:11:44.830+0000] {logging_mixin.py:188} INFO - [2026-01-29T11:11:44.830+0000] {dag.py:3823} INFO - Setting next_dagrun for tle_api_to_kafka_streaming to 2026-01-29 10:00:00+00:00, run_after=2026-01-29 11:00:00+00:00
[2026-01-29T11:11:44.851+0000] {processor.py:183} INFO - Processing /opt/airflow/dags/airflow_dag_api_to_kafka.py took 0.189 seconds
[2026-01-29T11:12:14.983+0000] {processor.py:161} INFO - Started process (PID=3949) to work on /opt/airflow/dags/airflow_dag_api_to_kafka.py
[2026-01-29T11:12:14.984+0000] {processor.py:830} INFO - Processing file /opt/airflow/dags/airflow_dag_api_to_kafka.py for tasks to queue
[2026-01-29T11:12:14.985+0000] {logging_mixin.py:188} INFO - [2026-01-29T11:12:14.984+0000] {dagbag.py:538} INFO - Filling up the DagBag from /opt/airflow/dags/airflow_dag_api_to_kafka.py
[2026-01-29T11:12:15.065+0000] {processor.py:840} INFO - DAG(s) 'tle_api_to_kafka_streaming' retrieved from /opt/airflow/dags/airflow_dag_api_to_kafka.py
[2026-01-29T11:12:15.105+0000] {logging_mixin.py:188} INFO - [2026-01-29T11:12:15.105+0000] {dag.py:3036} INFO - Sync 1 DAGs
[2026-01-29T11:12:15.141+0000] {logging_mixin.py:188} INFO - [2026-01-29T11:12:15.140+0000] {dag.py:3823} INFO - Setting next_dagrun for tle_api_to_kafka_streaming to 2026-01-29 10:00:00+00:00, run_after=2026-01-29 11:00:00+00:00
[2026-01-29T11:12:15.159+0000] {processor.py:183} INFO - Processing /opt/airflow/dags/airflow_dag_api_to_kafka.py took 0.181 seconds
[2026-01-29T11:12:45.278+0000] {processor.py:161} INFO - Started process (PID=3959) to work on /opt/airflow/dags/airflow_dag_api_to_kafka.py
[2026-01-29T11:12:45.280+0000] {processor.py:830} INFO - Processing file /opt/airflow/dags/airflow_dag_api_to_kafka.py for tasks to queue
[2026-01-29T11:12:45.281+0000] {logging_mixin.py:188} INFO - [2026-01-29T11:12:45.281+0000] {dagbag.py:538} INFO - Filling up the DagBag from /opt/airflow/dags/airflow_dag_api_to_kafka.py
[2026-01-29T11:12:45.371+0000] {processor.py:840} INFO - DAG(s) 'tle_api_to_kafka_streaming' retrieved from /opt/airflow/dags/airflow_dag_api_to_kafka.py
[2026-01-29T11:12:45.408+0000] {logging_mixin.py:188} INFO - [2026-01-29T11:12:45.408+0000] {dag.py:3036} INFO - Sync 1 DAGs
[2026-01-29T11:12:45.441+0000] {logging_mixin.py:188} INFO - [2026-01-29T11:12:45.440+0000] {dag.py:3823} INFO - Setting next_dagrun for tle_api_to_kafka_streaming to 2026-01-29 10:00:00+00:00, run_after=2026-01-29 11:00:00+00:00
[2026-01-29T11:12:45.458+0000] {processor.py:183} INFO - Processing /opt/airflow/dags/airflow_dag_api_to_kafka.py took 0.184 seconds
[2026-01-29T11:13:15.590+0000] {processor.py:161} INFO - Started process (PID=3969) to work on /opt/airflow/dags/airflow_dag_api_to_kafka.py
[2026-01-29T11:13:15.591+0000] {processor.py:830} INFO - Processing file /opt/airflow/dags/airflow_dag_api_to_kafka.py for tasks to queue
[2026-01-29T11:13:15.592+0000] {logging_mixin.py:188} INFO - [2026-01-29T11:13:15.592+0000] {dagbag.py:538} INFO - Filling up the DagBag from /opt/airflow/dags/airflow_dag_api_to_kafka.py
[2026-01-29T11:13:15.689+0000] {processor.py:840} INFO - DAG(s) 'tle_api_to_kafka_streaming' retrieved from /opt/airflow/dags/airflow_dag_api_to_kafka.py
[2026-01-29T11:13:15.726+0000] {logging_mixin.py:188} INFO - [2026-01-29T11:13:15.725+0000] {dag.py:3036} INFO - Sync 1 DAGs
[2026-01-29T11:13:15.762+0000] {logging_mixin.py:188} INFO - [2026-01-29T11:13:15.762+0000] {dag.py:3823} INFO - Setting next_dagrun for tle_api_to_kafka_streaming to 2026-01-29 10:00:00+00:00, run_after=2026-01-29 11:00:00+00:00
[2026-01-29T11:13:15.782+0000] {processor.py:183} INFO - Processing /opt/airflow/dags/airflow_dag_api_to_kafka.py took 0.196 seconds
[2026-01-29T11:13:45.914+0000] {processor.py:161} INFO - Started process (PID=3979) to work on /opt/airflow/dags/airflow_dag_api_to_kafka.py
[2026-01-29T11:13:45.916+0000] {processor.py:830} INFO - Processing file /opt/airflow/dags/airflow_dag_api_to_kafka.py for tasks to queue
[2026-01-29T11:13:45.917+0000] {logging_mixin.py:188} INFO - [2026-01-29T11:13:45.917+0000] {dagbag.py:538} INFO - Filling up the DagBag from /opt/airflow/dags/airflow_dag_api_to_kafka.py
[2026-01-29T11:13:46.020+0000] {processor.py:840} INFO - DAG(s) 'tle_api_to_kafka_streaming' retrieved from /opt/airflow/dags/airflow_dag_api_to_kafka.py
[2026-01-29T11:13:46.057+0000] {logging_mixin.py:188} INFO - [2026-01-29T11:13:46.057+0000] {dag.py:3036} INFO - Sync 1 DAGs
[2026-01-29T11:13:46.095+0000] {logging_mixin.py:188} INFO - [2026-01-29T11:13:46.094+0000] {dag.py:3823} INFO - Setting next_dagrun for tle_api_to_kafka_streaming to 2026-01-29 10:00:00+00:00, run_after=2026-01-29 11:00:00+00:00
[2026-01-29T11:13:46.116+0000] {processor.py:183} INFO - Processing /opt/airflow/dags/airflow_dag_api_to_kafka.py took 0.206 seconds
[2026-01-29T11:14:16.293+0000] {processor.py:161} INFO - Started process (PID=3989) to work on /opt/airflow/dags/airflow_dag_api_to_kafka.py
[2026-01-29T11:14:16.296+0000] {processor.py:830} INFO - Processing file /opt/airflow/dags/airflow_dag_api_to_kafka.py for tasks to queue
[2026-01-29T11:14:16.297+0000] {logging_mixin.py:188} INFO - [2026-01-29T11:14:16.296+0000] {dagbag.py:538} INFO - Filling up the DagBag from /opt/airflow/dags/airflow_dag_api_to_kafka.py
[2026-01-29T11:14:16.394+0000] {processor.py:840} INFO - DAG(s) 'tle_api_to_kafka_streaming' retrieved from /opt/airflow/dags/airflow_dag_api_to_kafka.py
[2026-01-29T11:14:16.433+0000] {logging_mixin.py:188} INFO - [2026-01-29T11:14:16.433+0000] {dag.py:3036} INFO - Sync 1 DAGs
[2026-01-29T11:14:16.467+0000] {logging_mixin.py:188} INFO - [2026-01-29T11:14:16.466+0000] {dag.py:3823} INFO - Setting next_dagrun for tle_api_to_kafka_streaming to 2026-01-29 10:00:00+00:00, run_after=2026-01-29 11:00:00+00:00
[2026-01-29T11:14:16.489+0000] {processor.py:183} INFO - Processing /opt/airflow/dags/airflow_dag_api_to_kafka.py took 0.200 seconds
[2026-01-29T11:14:46.627+0000] {processor.py:161} INFO - Started process (PID=3999) to work on /opt/airflow/dags/airflow_dag_api_to_kafka.py
[2026-01-29T11:14:46.628+0000] {processor.py:830} INFO - Processing file /opt/airflow/dags/airflow_dag_api_to_kafka.py for tasks to queue
[2026-01-29T11:14:46.629+0000] {logging_mixin.py:188} INFO - [2026-01-29T11:14:46.629+0000] {dagbag.py:538} INFO - Filling up the DagBag from /opt/airflow/dags/airflow_dag_api_to_kafka.py
[2026-01-29T11:14:46.740+0000] {processor.py:840} INFO - DAG(s) 'tle_api_to_kafka_streaming' retrieved from /opt/airflow/dags/airflow_dag_api_to_kafka.py
[2026-01-29T11:14:46.777+0000] {logging_mixin.py:188} INFO - [2026-01-29T11:14:46.777+0000] {dag.py:3036} INFO - Sync 1 DAGs
[2026-01-29T11:14:46.816+0000] {logging_mixin.py:188} INFO - [2026-01-29T11:14:46.816+0000] {dag.py:3823} INFO - Setting next_dagrun for tle_api_to_kafka_streaming to 2026-01-29 10:00:00+00:00, run_after=2026-01-29 11:00:00+00:00
[2026-01-29T11:14:46.841+0000] {processor.py:183} INFO - Processing /opt/airflow/dags/airflow_dag_api_to_kafka.py took 0.219 seconds
[2026-01-29T11:15:16.962+0000] {processor.py:161} INFO - Started process (PID=4009) to work on /opt/airflow/dags/airflow_dag_api_to_kafka.py
[2026-01-29T11:15:16.963+0000] {processor.py:830} INFO - Processing file /opt/airflow/dags/airflow_dag_api_to_kafka.py for tasks to queue
[2026-01-29T11:15:16.964+0000] {logging_mixin.py:188} INFO - [2026-01-29T11:15:16.964+0000] {dagbag.py:538} INFO - Filling up the DagBag from /opt/airflow/dags/airflow_dag_api_to_kafka.py
[2026-01-29T11:15:17.053+0000] {processor.py:840} INFO - DAG(s) 'tle_api_to_kafka_streaming' retrieved from /opt/airflow/dags/airflow_dag_api_to_kafka.py
[2026-01-29T11:15:17.085+0000] {logging_mixin.py:188} INFO - [2026-01-29T11:15:17.085+0000] {dag.py:3036} INFO - Sync 1 DAGs
[2026-01-29T11:15:17.124+0000] {logging_mixin.py:188} INFO - [2026-01-29T11:15:17.124+0000] {dag.py:3823} INFO - Setting next_dagrun for tle_api_to_kafka_streaming to 2026-01-29 10:00:00+00:00, run_after=2026-01-29 11:00:00+00:00
[2026-01-29T11:15:17.140+0000] {processor.py:183} INFO - Processing /opt/airflow/dags/airflow_dag_api_to_kafka.py took 0.181 seconds
[2026-01-29T11:15:47.268+0000] {processor.py:161} INFO - Started process (PID=4019) to work on /opt/airflow/dags/airflow_dag_api_to_kafka.py
[2026-01-29T11:15:47.269+0000] {processor.py:830} INFO - Processing file /opt/airflow/dags/airflow_dag_api_to_kafka.py for tasks to queue
[2026-01-29T11:15:47.270+0000] {logging_mixin.py:188} INFO - [2026-01-29T11:15:47.269+0000] {dagbag.py:538} INFO - Filling up the DagBag from /opt/airflow/dags/airflow_dag_api_to_kafka.py
[2026-01-29T11:15:47.366+0000] {processor.py:840} INFO - DAG(s) 'tle_api_to_kafka_streaming' retrieved from /opt/airflow/dags/airflow_dag_api_to_kafka.py
[2026-01-29T11:15:47.403+0000] {logging_mixin.py:188} INFO - [2026-01-29T11:15:47.403+0000] {dag.py:3036} INFO - Sync 1 DAGs
[2026-01-29T11:15:47.442+0000] {logging_mixin.py:188} INFO - [2026-01-29T11:15:47.442+0000] {dag.py:3823} INFO - Setting next_dagrun for tle_api_to_kafka_streaming to 2026-01-29 10:00:00+00:00, run_after=2026-01-29 11:00:00+00:00
[2026-01-29T11:15:47.464+0000] {processor.py:183} INFO - Processing /opt/airflow/dags/airflow_dag_api_to_kafka.py took 0.200 seconds
[2026-01-29T11:16:17.610+0000] {processor.py:161} INFO - Started process (PID=4029) to work on /opt/airflow/dags/airflow_dag_api_to_kafka.py
[2026-01-29T11:16:17.613+0000] {processor.py:830} INFO - Processing file /opt/airflow/dags/airflow_dag_api_to_kafka.py for tasks to queue
[2026-01-29T11:16:17.614+0000] {logging_mixin.py:188} INFO - [2026-01-29T11:16:17.614+0000] {dagbag.py:538} INFO - Filling up the DagBag from /opt/airflow/dags/airflow_dag_api_to_kafka.py
[2026-01-29T11:16:17.707+0000] {processor.py:840} INFO - DAG(s) 'tle_api_to_kafka_streaming' retrieved from /opt/airflow/dags/airflow_dag_api_to_kafka.py
[2026-01-29T11:16:17.746+0000] {logging_mixin.py:188} INFO - [2026-01-29T11:16:17.746+0000] {dag.py:3036} INFO - Sync 1 DAGs
[2026-01-29T11:16:17.780+0000] {logging_mixin.py:188} INFO - [2026-01-29T11:16:17.780+0000] {dag.py:3823} INFO - Setting next_dagrun for tle_api_to_kafka_streaming to 2026-01-29 10:00:00+00:00, run_after=2026-01-29 11:00:00+00:00
[2026-01-29T11:16:17.801+0000] {processor.py:183} INFO - Processing /opt/airflow/dags/airflow_dag_api_to_kafka.py took 0.195 seconds
[2026-01-29T11:16:47.929+0000] {processor.py:161} INFO - Started process (PID=4039) to work on /opt/airflow/dags/airflow_dag_api_to_kafka.py
[2026-01-29T11:16:47.930+0000] {processor.py:830} INFO - Processing file /opt/airflow/dags/airflow_dag_api_to_kafka.py for tasks to queue
[2026-01-29T11:16:47.931+0000] {logging_mixin.py:188} INFO - [2026-01-29T11:16:47.930+0000] {dagbag.py:538} INFO - Filling up the DagBag from /opt/airflow/dags/airflow_dag_api_to_kafka.py
[2026-01-29T11:16:48.022+0000] {processor.py:840} INFO - DAG(s) 'tle_api_to_kafka_streaming' retrieved from /opt/airflow/dags/airflow_dag_api_to_kafka.py
[2026-01-29T11:16:48.052+0000] {logging_mixin.py:188} INFO - [2026-01-29T11:16:48.052+0000] {dag.py:3036} INFO - Sync 1 DAGs
[2026-01-29T11:16:48.085+0000] {logging_mixin.py:188} INFO - [2026-01-29T11:16:48.085+0000] {dag.py:3823} INFO - Setting next_dagrun for tle_api_to_kafka_streaming to 2026-01-29 10:00:00+00:00, run_after=2026-01-29 11:00:00+00:00
[2026-01-29T11:16:48.103+0000] {processor.py:183} INFO - Processing /opt/airflow/dags/airflow_dag_api_to_kafka.py took 0.177 seconds
[2026-01-29T11:17:18.273+0000] {processor.py:161} INFO - Started process (PID=4049) to work on /opt/airflow/dags/airflow_dag_api_to_kafka.py
[2026-01-29T11:17:18.275+0000] {processor.py:830} INFO - Processing file /opt/airflow/dags/airflow_dag_api_to_kafka.py for tasks to queue
[2026-01-29T11:17:18.277+0000] {logging_mixin.py:188} INFO - [2026-01-29T11:17:18.276+0000] {dagbag.py:538} INFO - Filling up the DagBag from /opt/airflow/dags/airflow_dag_api_to_kafka.py
[2026-01-29T11:17:18.375+0000] {processor.py:840} INFO - DAG(s) 'tle_api_to_kafka_streaming' retrieved from /opt/airflow/dags/airflow_dag_api_to_kafka.py
[2026-01-29T11:17:18.425+0000] {logging_mixin.py:188} INFO - [2026-01-29T11:17:18.425+0000] {dag.py:3036} INFO - Sync 1 DAGs
[2026-01-29T11:17:18.463+0000] {logging_mixin.py:188} INFO - [2026-01-29T11:17:18.463+0000] {dag.py:3823} INFO - Setting next_dagrun for tle_api_to_kafka_streaming to 2026-01-29 10:00:00+00:00, run_after=2026-01-29 11:00:00+00:00
[2026-01-29T11:17:18.487+0000] {processor.py:183} INFO - Processing /opt/airflow/dags/airflow_dag_api_to_kafka.py took 0.222 seconds
[2026-01-29T11:17:48.621+0000] {processor.py:161} INFO - Started process (PID=4059) to work on /opt/airflow/dags/airflow_dag_api_to_kafka.py
[2026-01-29T11:17:48.622+0000] {processor.py:830} INFO - Processing file /opt/airflow/dags/airflow_dag_api_to_kafka.py for tasks to queue
[2026-01-29T11:17:48.623+0000] {logging_mixin.py:188} INFO - [2026-01-29T11:17:48.622+0000] {dagbag.py:538} INFO - Filling up the DagBag from /opt/airflow/dags/airflow_dag_api_to_kafka.py
[2026-01-29T11:17:48.719+0000] {processor.py:840} INFO - DAG(s) 'tle_api_to_kafka_streaming' retrieved from /opt/airflow/dags/airflow_dag_api_to_kafka.py
[2026-01-29T11:17:48.751+0000] {logging_mixin.py:188} INFO - [2026-01-29T11:17:48.751+0000] {dag.py:3036} INFO - Sync 1 DAGs
[2026-01-29T11:17:48.784+0000] {logging_mixin.py:188} INFO - [2026-01-29T11:17:48.784+0000] {dag.py:3823} INFO - Setting next_dagrun for tle_api_to_kafka_streaming to 2026-01-29 10:00:00+00:00, run_after=2026-01-29 11:00:00+00:00
[2026-01-29T11:17:48.807+0000] {processor.py:183} INFO - Processing /opt/airflow/dags/airflow_dag_api_to_kafka.py took 0.192 seconds
[2026-01-29T11:18:18.931+0000] {processor.py:161} INFO - Started process (PID=4069) to work on /opt/airflow/dags/airflow_dag_api_to_kafka.py
[2026-01-29T11:18:18.933+0000] {processor.py:830} INFO - Processing file /opt/airflow/dags/airflow_dag_api_to_kafka.py for tasks to queue
[2026-01-29T11:18:18.934+0000] {logging_mixin.py:188} INFO - [2026-01-29T11:18:18.933+0000] {dagbag.py:538} INFO - Filling up the DagBag from /opt/airflow/dags/airflow_dag_api_to_kafka.py
[2026-01-29T11:18:19.030+0000] {processor.py:840} INFO - DAG(s) 'tle_api_to_kafka_streaming' retrieved from /opt/airflow/dags/airflow_dag_api_to_kafka.py
[2026-01-29T11:18:19.068+0000] {logging_mixin.py:188} INFO - [2026-01-29T11:18:19.068+0000] {dag.py:3036} INFO - Sync 1 DAGs
[2026-01-29T11:18:19.108+0000] {logging_mixin.py:188} INFO - [2026-01-29T11:18:19.108+0000] {dag.py:3823} INFO - Setting next_dagrun for tle_api_to_kafka_streaming to 2026-01-29 10:00:00+00:00, run_after=2026-01-29 11:00:00+00:00
[2026-01-29T11:18:19.130+0000] {processor.py:183} INFO - Processing /opt/airflow/dags/airflow_dag_api_to_kafka.py took 0.203 seconds
[2026-01-29T11:18:49.800+0000] {processor.py:161} INFO - Started process (PID=4079) to work on /opt/airflow/dags/airflow_dag_api_to_kafka.py
[2026-01-29T11:18:49.802+0000] {processor.py:830} INFO - Processing file /opt/airflow/dags/airflow_dag_api_to_kafka.py for tasks to queue
[2026-01-29T11:18:49.803+0000] {logging_mixin.py:188} INFO - [2026-01-29T11:18:49.802+0000] {dagbag.py:538} INFO - Filling up the DagBag from /opt/airflow/dags/airflow_dag_api_to_kafka.py
[2026-01-29T11:18:49.920+0000] {processor.py:840} INFO - DAG(s) 'tle_api_to_kafka_streaming' retrieved from /opt/airflow/dags/airflow_dag_api_to_kafka.py
[2026-01-29T11:18:49.962+0000] {logging_mixin.py:188} INFO - [2026-01-29T11:18:49.962+0000] {dag.py:3036} INFO - Sync 1 DAGs
[2026-01-29T11:18:50.004+0000] {logging_mixin.py:188} INFO - [2026-01-29T11:18:50.003+0000] {dag.py:3823} INFO - Setting next_dagrun for tle_api_to_kafka_streaming to 2026-01-29 10:00:00+00:00, run_after=2026-01-29 11:00:00+00:00
[2026-01-29T11:18:50.029+0000] {processor.py:183} INFO - Processing /opt/airflow/dags/airflow_dag_api_to_kafka.py took 0.234 seconds
[2026-01-29T11:19:20.164+0000] {processor.py:161} INFO - Started process (PID=4089) to work on /opt/airflow/dags/airflow_dag_api_to_kafka.py
[2026-01-29T11:19:20.165+0000] {processor.py:830} INFO - Processing file /opt/airflow/dags/airflow_dag_api_to_kafka.py for tasks to queue
[2026-01-29T11:19:20.165+0000] {logging_mixin.py:188} INFO - [2026-01-29T11:19:20.165+0000] {dagbag.py:538} INFO - Filling up the DagBag from /opt/airflow/dags/airflow_dag_api_to_kafka.py
[2026-01-29T11:19:20.274+0000] {processor.py:840} INFO - DAG(s) 'tle_api_to_kafka_streaming' retrieved from /opt/airflow/dags/airflow_dag_api_to_kafka.py
[2026-01-29T11:19:20.308+0000] {logging_mixin.py:188} INFO - [2026-01-29T11:19:20.308+0000] {dag.py:3036} INFO - Sync 1 DAGs
[2026-01-29T11:19:20.350+0000] {logging_mixin.py:188} INFO - [2026-01-29T11:19:20.350+0000] {dag.py:3823} INFO - Setting next_dagrun for tle_api_to_kafka_streaming to 2026-01-29 10:00:00+00:00, run_after=2026-01-29 11:00:00+00:00
[2026-01-29T11:19:20.373+0000] {processor.py:183} INFO - Processing /opt/airflow/dags/airflow_dag_api_to_kafka.py took 0.213 seconds
[2026-01-29T11:19:50.504+0000] {processor.py:161} INFO - Started process (PID=4099) to work on /opt/airflow/dags/airflow_dag_api_to_kafka.py
[2026-01-29T11:19:50.507+0000] {processor.py:830} INFO - Processing file /opt/airflow/dags/airflow_dag_api_to_kafka.py for tasks to queue
[2026-01-29T11:19:50.508+0000] {logging_mixin.py:188} INFO - [2026-01-29T11:19:50.507+0000] {dagbag.py:538} INFO - Filling up the DagBag from /opt/airflow/dags/airflow_dag_api_to_kafka.py
[2026-01-29T11:19:50.593+0000] {processor.py:840} INFO - DAG(s) 'tle_api_to_kafka_streaming' retrieved from /opt/airflow/dags/airflow_dag_api_to_kafka.py
[2026-01-29T11:19:50.627+0000] {logging_mixin.py:188} INFO - [2026-01-29T11:19:50.627+0000] {dag.py:3036} INFO - Sync 1 DAGs
[2026-01-29T11:19:50.661+0000] {logging_mixin.py:188} INFO - [2026-01-29T11:19:50.661+0000] {dag.py:3823} INFO - Setting next_dagrun for tle_api_to_kafka_streaming to 2026-01-29 10:00:00+00:00, run_after=2026-01-29 11:00:00+00:00
[2026-01-29T11:19:50.682+0000] {processor.py:183} INFO - Processing /opt/airflow/dags/airflow_dag_api_to_kafka.py took 0.182 seconds
[2026-01-29T11:20:20.805+0000] {processor.py:161} INFO - Started process (PID=4109) to work on /opt/airflow/dags/airflow_dag_api_to_kafka.py
[2026-01-29T11:20:20.807+0000] {processor.py:830} INFO - Processing file /opt/airflow/dags/airflow_dag_api_to_kafka.py for tasks to queue
[2026-01-29T11:20:20.808+0000] {logging_mixin.py:188} INFO - [2026-01-29T11:20:20.807+0000] {dagbag.py:538} INFO - Filling up the DagBag from /opt/airflow/dags/airflow_dag_api_to_kafka.py
[2026-01-29T11:20:20.902+0000] {processor.py:840} INFO - DAG(s) 'tle_api_to_kafka_streaming' retrieved from /opt/airflow/dags/airflow_dag_api_to_kafka.py
[2026-01-29T11:20:20.941+0000] {logging_mixin.py:188} INFO - [2026-01-29T11:20:20.940+0000] {dag.py:3036} INFO - Sync 1 DAGs
[2026-01-29T11:20:20.978+0000] {logging_mixin.py:188} INFO - [2026-01-29T11:20:20.978+0000] {dag.py:3823} INFO - Setting next_dagrun for tle_api_to_kafka_streaming to 2026-01-29 10:00:00+00:00, run_after=2026-01-29 11:00:00+00:00
[2026-01-29T11:20:20.999+0000] {processor.py:183} INFO - Processing /opt/airflow/dags/airflow_dag_api_to_kafka.py took 0.198 seconds
[2026-01-29T11:20:51.122+0000] {processor.py:161} INFO - Started process (PID=4119) to work on /opt/airflow/dags/airflow_dag_api_to_kafka.py
[2026-01-29T11:20:51.124+0000] {processor.py:830} INFO - Processing file /opt/airflow/dags/airflow_dag_api_to_kafka.py for tasks to queue
[2026-01-29T11:20:51.125+0000] {logging_mixin.py:188} INFO - [2026-01-29T11:20:51.125+0000] {dagbag.py:538} INFO - Filling up the DagBag from /opt/airflow/dags/airflow_dag_api_to_kafka.py
[2026-01-29T11:20:51.231+0000] {processor.py:840} INFO - DAG(s) 'tle_api_to_kafka_streaming' retrieved from /opt/airflow/dags/airflow_dag_api_to_kafka.py
[2026-01-29T11:20:51.268+0000] {logging_mixin.py:188} INFO - [2026-01-29T11:20:51.268+0000] {dag.py:3036} INFO - Sync 1 DAGs
[2026-01-29T11:20:51.305+0000] {logging_mixin.py:188} INFO - [2026-01-29T11:20:51.304+0000] {dag.py:3823} INFO - Setting next_dagrun for tle_api_to_kafka_streaming to 2026-01-29 10:00:00+00:00, run_after=2026-01-29 11:00:00+00:00
[2026-01-29T11:20:51.329+0000] {processor.py:183} INFO - Processing /opt/airflow/dags/airflow_dag_api_to_kafka.py took 0.211 seconds
[2026-01-29T11:21:21.459+0000] {processor.py:161} INFO - Started process (PID=4129) to work on /opt/airflow/dags/airflow_dag_api_to_kafka.py
[2026-01-29T11:21:21.461+0000] {processor.py:830} INFO - Processing file /opt/airflow/dags/airflow_dag_api_to_kafka.py for tasks to queue
[2026-01-29T11:21:21.462+0000] {logging_mixin.py:188} INFO - [2026-01-29T11:21:21.462+0000] {dagbag.py:538} INFO - Filling up the DagBag from /opt/airflow/dags/airflow_dag_api_to_kafka.py
[2026-01-29T11:21:21.546+0000] {processor.py:840} INFO - DAG(s) 'tle_api_to_kafka_streaming' retrieved from /opt/airflow/dags/airflow_dag_api_to_kafka.py
[2026-01-29T11:21:21.582+0000] {logging_mixin.py:188} INFO - [2026-01-29T11:21:21.582+0000] {dag.py:3036} INFO - Sync 1 DAGs
[2026-01-29T11:21:21.616+0000] {logging_mixin.py:188} INFO - [2026-01-29T11:21:21.616+0000] {dag.py:3823} INFO - Setting next_dagrun for tle_api_to_kafka_streaming to 2026-01-29 10:00:00+00:00, run_after=2026-01-29 11:00:00+00:00
[2026-01-29T11:21:21.638+0000] {processor.py:183} INFO - Processing /opt/airflow/dags/airflow_dag_api_to_kafka.py took 0.183 seconds
[2026-01-29T11:21:51.859+0000] {processor.py:161} INFO - Started process (PID=4139) to work on /opt/airflow/dags/airflow_dag_api_to_kafka.py
[2026-01-29T11:21:52.049+0000] {processor.py:830} INFO - Processing file /opt/airflow/dags/airflow_dag_api_to_kafka.py for tasks to queue
[2026-01-29T11:21:52.051+0000] {logging_mixin.py:188} INFO - [2026-01-29T11:21:52.050+0000] {dagbag.py:538} INFO - Filling up the DagBag from /opt/airflow/dags/airflow_dag_api_to_kafka.py
[2026-01-29T11:21:52.183+0000] {processor.py:840} INFO - DAG(s) 'tle_api_to_kafka_streaming' retrieved from /opt/airflow/dags/airflow_dag_api_to_kafka.py
[2026-01-29T11:21:52.219+0000] {logging_mixin.py:188} INFO - [2026-01-29T11:21:52.219+0000] {dag.py:3036} INFO - Sync 1 DAGs
[2026-01-29T11:21:52.259+0000] {logging_mixin.py:188} INFO - [2026-01-29T11:21:52.259+0000] {dag.py:3823} INFO - Setting next_dagrun for tle_api_to_kafka_streaming to 2026-01-29 10:00:00+00:00, run_after=2026-01-29 11:00:00+00:00
[2026-01-29T11:21:52.285+0000] {processor.py:183} INFO - Processing /opt/airflow/dags/airflow_dag_api_to_kafka.py took 0.433 seconds
[2026-01-29T11:22:22.434+0000] {processor.py:161} INFO - Started process (PID=4149) to work on /opt/airflow/dags/airflow_dag_api_to_kafka.py
[2026-01-29T11:22:22.435+0000] {processor.py:830} INFO - Processing file /opt/airflow/dags/airflow_dag_api_to_kafka.py for tasks to queue
[2026-01-29T11:22:22.437+0000] {logging_mixin.py:188} INFO - [2026-01-29T11:22:22.436+0000] {dagbag.py:538} INFO - Filling up the DagBag from /opt/airflow/dags/airflow_dag_api_to_kafka.py
[2026-01-29T11:22:22.528+0000] {processor.py:840} INFO - DAG(s) 'tle_api_to_kafka_streaming' retrieved from /opt/airflow/dags/airflow_dag_api_to_kafka.py
[2026-01-29T11:22:22.565+0000] {logging_mixin.py:188} INFO - [2026-01-29T11:22:22.564+0000] {dag.py:3036} INFO - Sync 1 DAGs
[2026-01-29T11:22:22.605+0000] {logging_mixin.py:188} INFO - [2026-01-29T11:22:22.605+0000] {dag.py:3823} INFO - Setting next_dagrun for tle_api_to_kafka_streaming to 2026-01-29 10:00:00+00:00, run_after=2026-01-29 11:00:00+00:00
[2026-01-29T11:22:22.629+0000] {processor.py:183} INFO - Processing /opt/airflow/dags/airflow_dag_api_to_kafka.py took 0.199 seconds
[2026-01-29T11:22:52.759+0000] {processor.py:161} INFO - Started process (PID=4159) to work on /opt/airflow/dags/airflow_dag_api_to_kafka.py
[2026-01-29T11:22:52.759+0000] {processor.py:830} INFO - Processing file /opt/airflow/dags/airflow_dag_api_to_kafka.py for tasks to queue
[2026-01-29T11:22:52.760+0000] {logging_mixin.py:188} INFO - [2026-01-29T11:22:52.760+0000] {dagbag.py:538} INFO - Filling up the DagBag from /opt/airflow/dags/airflow_dag_api_to_kafka.py
[2026-01-29T11:22:52.856+0000] {processor.py:840} INFO - DAG(s) 'tle_api_to_kafka_streaming' retrieved from /opt/airflow/dags/airflow_dag_api_to_kafka.py
[2026-01-29T11:22:52.889+0000] {logging_mixin.py:188} INFO - [2026-01-29T11:22:52.889+0000] {dag.py:3036} INFO - Sync 1 DAGs
[2026-01-29T11:22:52.925+0000] {logging_mixin.py:188} INFO - [2026-01-29T11:22:52.925+0000] {dag.py:3823} INFO - Setting next_dagrun for tle_api_to_kafka_streaming to 2026-01-29 10:00:00+00:00, run_after=2026-01-29 11:00:00+00:00
[2026-01-29T11:22:52.942+0000] {processor.py:183} INFO - Processing /opt/airflow/dags/airflow_dag_api_to_kafka.py took 0.187 seconds
[2026-01-29T11:23:23.068+0000] {processor.py:161} INFO - Started process (PID=4169) to work on /opt/airflow/dags/airflow_dag_api_to_kafka.py
[2026-01-29T11:23:23.070+0000] {processor.py:830} INFO - Processing file /opt/airflow/dags/airflow_dag_api_to_kafka.py for tasks to queue
[2026-01-29T11:23:23.070+0000] {logging_mixin.py:188} INFO - [2026-01-29T11:23:23.070+0000] {dagbag.py:538} INFO - Filling up the DagBag from /opt/airflow/dags/airflow_dag_api_to_kafka.py
[2026-01-29T11:23:23.152+0000] {processor.py:840} INFO - DAG(s) 'tle_api_to_kafka_streaming' retrieved from /opt/airflow/dags/airflow_dag_api_to_kafka.py
[2026-01-29T11:23:23.184+0000] {logging_mixin.py:188} INFO - [2026-01-29T11:23:23.184+0000] {dag.py:3036} INFO - Sync 1 DAGs
[2026-01-29T11:23:23.221+0000] {logging_mixin.py:188} INFO - [2026-01-29T11:23:23.221+0000] {dag.py:3823} INFO - Setting next_dagrun for tle_api_to_kafka_streaming to 2026-01-29 10:00:00+00:00, run_after=2026-01-29 11:00:00+00:00
[2026-01-29T11:23:23.239+0000] {processor.py:183} INFO - Processing /opt/airflow/dags/airflow_dag_api_to_kafka.py took 0.175 seconds
[2026-01-29T11:23:53.367+0000] {processor.py:161} INFO - Started process (PID=4179) to work on /opt/airflow/dags/airflow_dag_api_to_kafka.py
[2026-01-29T11:23:53.370+0000] {processor.py:830} INFO - Processing file /opt/airflow/dags/airflow_dag_api_to_kafka.py for tasks to queue
[2026-01-29T11:23:53.371+0000] {logging_mixin.py:188} INFO - [2026-01-29T11:23:53.371+0000] {dagbag.py:538} INFO - Filling up the DagBag from /opt/airflow/dags/airflow_dag_api_to_kafka.py
[2026-01-29T11:23:53.452+0000] {processor.py:840} INFO - DAG(s) 'tle_api_to_kafka_streaming' retrieved from /opt/airflow/dags/airflow_dag_api_to_kafka.py
[2026-01-29T11:23:53.486+0000] {logging_mixin.py:188} INFO - [2026-01-29T11:23:53.485+0000] {dag.py:3036} INFO - Sync 1 DAGs
[2026-01-29T11:23:53.516+0000] {logging_mixin.py:188} INFO - [2026-01-29T11:23:53.515+0000] {dag.py:3823} INFO - Setting next_dagrun for tle_api_to_kafka_streaming to 2026-01-29 10:00:00+00:00, run_after=2026-01-29 11:00:00+00:00
[2026-01-29T11:23:53.536+0000] {processor.py:183} INFO - Processing /opt/airflow/dags/airflow_dag_api_to_kafka.py took 0.172 seconds
[2026-01-29T11:24:23.660+0000] {processor.py:161} INFO - Started process (PID=4189) to work on /opt/airflow/dags/airflow_dag_api_to_kafka.py
[2026-01-29T11:24:23.662+0000] {processor.py:830} INFO - Processing file /opt/airflow/dags/airflow_dag_api_to_kafka.py for tasks to queue
[2026-01-29T11:24:23.663+0000] {logging_mixin.py:188} INFO - [2026-01-29T11:24:23.662+0000] {dagbag.py:538} INFO - Filling up the DagBag from /opt/airflow/dags/airflow_dag_api_to_kafka.py
[2026-01-29T11:24:23.760+0000] {processor.py:840} INFO - DAG(s) 'tle_api_to_kafka_streaming' retrieved from /opt/airflow/dags/airflow_dag_api_to_kafka.py
[2026-01-29T11:24:23.792+0000] {logging_mixin.py:188} INFO - [2026-01-29T11:24:23.792+0000] {dag.py:3036} INFO - Sync 1 DAGs
[2026-01-29T11:24:23.830+0000] {logging_mixin.py:188} INFO - [2026-01-29T11:24:23.830+0000] {dag.py:3823} INFO - Setting next_dagrun for tle_api_to_kafka_streaming to 2026-01-29 10:00:00+00:00, run_after=2026-01-29 11:00:00+00:00
[2026-01-29T11:24:23.849+0000] {processor.py:183} INFO - Processing /opt/airflow/dags/airflow_dag_api_to_kafka.py took 0.194 seconds
[2026-01-29T11:24:53.982+0000] {processor.py:161} INFO - Started process (PID=4199) to work on /opt/airflow/dags/airflow_dag_api_to_kafka.py
[2026-01-29T11:24:53.984+0000] {processor.py:830} INFO - Processing file /opt/airflow/dags/airflow_dag_api_to_kafka.py for tasks to queue
[2026-01-29T11:24:53.985+0000] {logging_mixin.py:188} INFO - [2026-01-29T11:24:53.985+0000] {dagbag.py:538} INFO - Filling up the DagBag from /opt/airflow/dags/airflow_dag_api_to_kafka.py
[2026-01-29T11:24:54.056+0000] {processor.py:840} INFO - DAG(s) 'tle_api_to_kafka_streaming' retrieved from /opt/airflow/dags/airflow_dag_api_to_kafka.py
[2026-01-29T11:24:54.089+0000] {logging_mixin.py:188} INFO - [2026-01-29T11:24:54.089+0000] {dag.py:3036} INFO - Sync 1 DAGs
[2026-01-29T11:24:54.117+0000] {logging_mixin.py:188} INFO - [2026-01-29T11:24:54.117+0000] {dag.py:3823} INFO - Setting next_dagrun for tle_api_to_kafka_streaming to 2026-01-29 10:00:00+00:00, run_after=2026-01-29 11:00:00+00:00
[2026-01-29T11:24:54.136+0000] {processor.py:183} INFO - Processing /opt/airflow/dags/airflow_dag_api_to_kafka.py took 0.158 seconds
[2026-01-29T11:25:24.261+0000] {processor.py:161} INFO - Started process (PID=4209) to work on /opt/airflow/dags/airflow_dag_api_to_kafka.py
[2026-01-29T11:25:24.262+0000] {processor.py:830} INFO - Processing file /opt/airflow/dags/airflow_dag_api_to_kafka.py for tasks to queue
[2026-01-29T11:25:24.263+0000] {logging_mixin.py:188} INFO - [2026-01-29T11:25:24.263+0000] {dagbag.py:538} INFO - Filling up the DagBag from /opt/airflow/dags/airflow_dag_api_to_kafka.py
[2026-01-29T11:25:24.356+0000] {processor.py:840} INFO - DAG(s) 'tle_api_to_kafka_streaming' retrieved from /opt/airflow/dags/airflow_dag_api_to_kafka.py
[2026-01-29T11:25:24.388+0000] {logging_mixin.py:188} INFO - [2026-01-29T11:25:24.388+0000] {dag.py:3036} INFO - Sync 1 DAGs
[2026-01-29T11:25:24.423+0000] {logging_mixin.py:188} INFO - [2026-01-29T11:25:24.423+0000] {dag.py:3823} INFO - Setting next_dagrun for tle_api_to_kafka_streaming to 2026-01-29 10:00:00+00:00, run_after=2026-01-29 11:00:00+00:00
[2026-01-29T11:25:24.441+0000] {processor.py:183} INFO - Processing /opt/airflow/dags/airflow_dag_api_to_kafka.py took 0.184 seconds
[2026-01-29T11:25:54.554+0000] {processor.py:161} INFO - Started process (PID=4219) to work on /opt/airflow/dags/airflow_dag_api_to_kafka.py
[2026-01-29T11:25:54.557+0000] {processor.py:830} INFO - Processing file /opt/airflow/dags/airflow_dag_api_to_kafka.py for tasks to queue
[2026-01-29T11:25:54.558+0000] {logging_mixin.py:188} INFO - [2026-01-29T11:25:54.557+0000] {dagbag.py:538} INFO - Filling up the DagBag from /opt/airflow/dags/airflow_dag_api_to_kafka.py
[2026-01-29T11:25:54.633+0000] {processor.py:840} INFO - DAG(s) 'tle_api_to_kafka_streaming' retrieved from /opt/airflow/dags/airflow_dag_api_to_kafka.py
[2026-01-29T11:25:54.670+0000] {logging_mixin.py:188} INFO - [2026-01-29T11:25:54.670+0000] {dag.py:3036} INFO - Sync 1 DAGs
[2026-01-29T11:25:54.707+0000] {logging_mixin.py:188} INFO - [2026-01-29T11:25:54.706+0000] {dag.py:3823} INFO - Setting next_dagrun for tle_api_to_kafka_streaming to 2026-01-29 10:00:00+00:00, run_after=2026-01-29 11:00:00+00:00
[2026-01-29T11:25:54.728+0000] {processor.py:183} INFO - Processing /opt/airflow/dags/airflow_dag_api_to_kafka.py took 0.179 seconds
[2026-01-29T11:26:24.849+0000] {processor.py:161} INFO - Started process (PID=4229) to work on /opt/airflow/dags/airflow_dag_api_to_kafka.py
[2026-01-29T11:26:24.851+0000] {processor.py:830} INFO - Processing file /opt/airflow/dags/airflow_dag_api_to_kafka.py for tasks to queue
[2026-01-29T11:26:24.852+0000] {logging_mixin.py:188} INFO - [2026-01-29T11:26:24.852+0000] {dagbag.py:538} INFO - Filling up the DagBag from /opt/airflow/dags/airflow_dag_api_to_kafka.py
[2026-01-29T11:26:24.911+0000] {processor.py:840} INFO - DAG(s) 'tle_api_to_kafka_streaming' retrieved from /opt/airflow/dags/airflow_dag_api_to_kafka.py
[2026-01-29T11:26:24.948+0000] {logging_mixin.py:188} INFO - [2026-01-29T11:26:24.947+0000] {dag.py:3036} INFO - Sync 1 DAGs
[2026-01-29T11:26:24.980+0000] {logging_mixin.py:188} INFO - [2026-01-29T11:26:24.980+0000] {dag.py:3823} INFO - Setting next_dagrun for tle_api_to_kafka_streaming to 2026-01-29 10:00:00+00:00, run_after=2026-01-29 11:00:00+00:00
[2026-01-29T11:26:25.002+0000] {processor.py:183} INFO - Processing /opt/airflow/dags/airflow_dag_api_to_kafka.py took 0.158 seconds
[2026-01-29T11:26:55.148+0000] {processor.py:161} INFO - Started process (PID=4239) to work on /opt/airflow/dags/airflow_dag_api_to_kafka.py
[2026-01-29T11:26:55.151+0000] {processor.py:830} INFO - Processing file /opt/airflow/dags/airflow_dag_api_to_kafka.py for tasks to queue
[2026-01-29T11:26:55.154+0000] {logging_mixin.py:188} INFO - [2026-01-29T11:26:55.153+0000] {dagbag.py:538} INFO - Filling up the DagBag from /opt/airflow/dags/airflow_dag_api_to_kafka.py
[2026-01-29T11:26:55.265+0000] {processor.py:840} INFO - DAG(s) 'tle_api_to_kafka_streaming' retrieved from /opt/airflow/dags/airflow_dag_api_to_kafka.py
[2026-01-29T11:26:55.303+0000] {logging_mixin.py:188} INFO - [2026-01-29T11:26:55.303+0000] {dag.py:3036} INFO - Sync 1 DAGs
[2026-01-29T11:26:55.342+0000] {logging_mixin.py:188} INFO - [2026-01-29T11:26:55.342+0000] {dag.py:3823} INFO - Setting next_dagrun for tle_api_to_kafka_streaming to 2026-01-29 10:00:00+00:00, run_after=2026-01-29 11:00:00+00:00
[2026-01-29T11:26:55.363+0000] {processor.py:183} INFO - Processing /opt/airflow/dags/airflow_dag_api_to_kafka.py took 0.221 seconds
[2026-01-29T11:27:25.488+0000] {processor.py:161} INFO - Started process (PID=4249) to work on /opt/airflow/dags/airflow_dag_api_to_kafka.py
[2026-01-29T11:27:25.491+0000] {processor.py:830} INFO - Processing file /opt/airflow/dags/airflow_dag_api_to_kafka.py for tasks to queue
[2026-01-29T11:27:25.492+0000] {logging_mixin.py:188} INFO - [2026-01-29T11:27:25.491+0000] {dagbag.py:538} INFO - Filling up the DagBag from /opt/airflow/dags/airflow_dag_api_to_kafka.py
[2026-01-29T11:27:25.564+0000] {processor.py:840} INFO - DAG(s) 'tle_api_to_kafka_streaming' retrieved from /opt/airflow/dags/airflow_dag_api_to_kafka.py
[2026-01-29T11:27:25.597+0000] {logging_mixin.py:188} INFO - [2026-01-29T11:27:25.597+0000] {dag.py:3036} INFO - Sync 1 DAGs
[2026-01-29T11:27:25.636+0000] {logging_mixin.py:188} INFO - [2026-01-29T11:27:25.636+0000] {dag.py:3823} INFO - Setting next_dagrun for tle_api_to_kafka_streaming to 2026-01-29 10:00:00+00:00, run_after=2026-01-29 11:00:00+00:00
[2026-01-29T11:27:25.661+0000] {processor.py:183} INFO - Processing /opt/airflow/dags/airflow_dag_api_to_kafka.py took 0.177 seconds
[2026-01-29T11:27:55.766+0000] {processor.py:161} INFO - Started process (PID=4259) to work on /opt/airflow/dags/airflow_dag_api_to_kafka.py
[2026-01-29T11:27:55.768+0000] {processor.py:830} INFO - Processing file /opt/airflow/dags/airflow_dag_api_to_kafka.py for tasks to queue
[2026-01-29T11:27:55.769+0000] {logging_mixin.py:188} INFO - [2026-01-29T11:27:55.768+0000] {dagbag.py:538} INFO - Filling up the DagBag from /opt/airflow/dags/airflow_dag_api_to_kafka.py
[2026-01-29T11:27:55.872+0000] {processor.py:840} INFO - DAG(s) 'tle_api_to_kafka_streaming' retrieved from /opt/airflow/dags/airflow_dag_api_to_kafka.py
[2026-01-29T11:27:55.909+0000] {logging_mixin.py:188} INFO - [2026-01-29T11:27:55.909+0000] {dag.py:3036} INFO - Sync 1 DAGs
[2026-01-29T11:27:55.946+0000] {logging_mixin.py:188} INFO - [2026-01-29T11:27:55.946+0000] {dag.py:3823} INFO - Setting next_dagrun for tle_api_to_kafka_streaming to 2026-01-29 10:00:00+00:00, run_after=2026-01-29 11:00:00+00:00
[2026-01-29T11:27:55.968+0000] {processor.py:183} INFO - Processing /opt/airflow/dags/airflow_dag_api_to_kafka.py took 0.206 seconds
[2026-01-29T11:28:26.060+0000] {processor.py:161} INFO - Started process (PID=4269) to work on /opt/airflow/dags/airflow_dag_api_to_kafka.py
[2026-01-29T11:28:26.061+0000] {processor.py:830} INFO - Processing file /opt/airflow/dags/airflow_dag_api_to_kafka.py for tasks to queue
[2026-01-29T11:28:26.062+0000] {logging_mixin.py:188} INFO - [2026-01-29T11:28:26.062+0000] {dagbag.py:538} INFO - Filling up the DagBag from /opt/airflow/dags/airflow_dag_api_to_kafka.py
[2026-01-29T11:28:26.117+0000] {processor.py:840} INFO - DAG(s) 'tle_api_to_kafka_streaming' retrieved from /opt/airflow/dags/airflow_dag_api_to_kafka.py
[2026-01-29T11:28:26.149+0000] {logging_mixin.py:188} INFO - [2026-01-29T11:28:26.149+0000] {dag.py:3036} INFO - Sync 1 DAGs
[2026-01-29T11:28:26.177+0000] {logging_mixin.py:188} INFO - [2026-01-29T11:28:26.176+0000] {dag.py:3823} INFO - Setting next_dagrun for tle_api_to_kafka_streaming to 2026-01-29 10:00:00+00:00, run_after=2026-01-29 11:00:00+00:00
[2026-01-29T11:28:26.197+0000] {processor.py:183} INFO - Processing /opt/airflow/dags/airflow_dag_api_to_kafka.py took 0.140 seconds
[2026-01-29T11:28:56.318+0000] {processor.py:161} INFO - Started process (PID=4279) to work on /opt/airflow/dags/airflow_dag_api_to_kafka.py
[2026-01-29T11:28:56.319+0000] {processor.py:830} INFO - Processing file /opt/airflow/dags/airflow_dag_api_to_kafka.py for tasks to queue
[2026-01-29T11:28:56.320+0000] {logging_mixin.py:188} INFO - [2026-01-29T11:28:56.319+0000] {dagbag.py:538} INFO - Filling up the DagBag from /opt/airflow/dags/airflow_dag_api_to_kafka.py
[2026-01-29T11:28:56.397+0000] {processor.py:840} INFO - DAG(s) 'tle_api_to_kafka_streaming' retrieved from /opt/airflow/dags/airflow_dag_api_to_kafka.py
[2026-01-29T11:28:56.437+0000] {logging_mixin.py:188} INFO - [2026-01-29T11:28:56.436+0000] {dag.py:3036} INFO - Sync 1 DAGs
[2026-01-29T11:28:56.474+0000] {logging_mixin.py:188} INFO - [2026-01-29T11:28:56.474+0000] {dag.py:3823} INFO - Setting next_dagrun for tle_api_to_kafka_streaming to 2026-01-29 10:00:00+00:00, run_after=2026-01-29 11:00:00+00:00
[2026-01-29T11:28:56.496+0000] {processor.py:183} INFO - Processing /opt/airflow/dags/airflow_dag_api_to_kafka.py took 0.183 seconds
[2026-01-29T11:29:26.620+0000] {processor.py:161} INFO - Started process (PID=4289) to work on /opt/airflow/dags/airflow_dag_api_to_kafka.py
[2026-01-29T11:29:26.623+0000] {processor.py:830} INFO - Processing file /opt/airflow/dags/airflow_dag_api_to_kafka.py for tasks to queue
[2026-01-29T11:29:26.624+0000] {logging_mixin.py:188} INFO - [2026-01-29T11:29:26.623+0000] {dagbag.py:538} INFO - Filling up the DagBag from /opt/airflow/dags/airflow_dag_api_to_kafka.py
[2026-01-29T11:29:26.697+0000] {processor.py:840} INFO - DAG(s) 'tle_api_to_kafka_streaming' retrieved from /opt/airflow/dags/airflow_dag_api_to_kafka.py
[2026-01-29T11:29:26.730+0000] {logging_mixin.py:188} INFO - [2026-01-29T11:29:26.730+0000] {dag.py:3036} INFO - Sync 1 DAGs
[2026-01-29T11:29:26.762+0000] {logging_mixin.py:188} INFO - [2026-01-29T11:29:26.762+0000] {dag.py:3823} INFO - Setting next_dagrun for tle_api_to_kafka_streaming to 2026-01-29 10:00:00+00:00, run_after=2026-01-29 11:00:00+00:00
[2026-01-29T11:29:26.781+0000] {processor.py:183} INFO - Processing /opt/airflow/dags/airflow_dag_api_to_kafka.py took 0.165 seconds
[2026-01-29T11:29:56.905+0000] {processor.py:161} INFO - Started process (PID=4299) to work on /opt/airflow/dags/airflow_dag_api_to_kafka.py
[2026-01-29T11:29:56.907+0000] {processor.py:830} INFO - Processing file /opt/airflow/dags/airflow_dag_api_to_kafka.py for tasks to queue
[2026-01-29T11:29:56.908+0000] {logging_mixin.py:188} INFO - [2026-01-29T11:29:56.908+0000] {dagbag.py:538} INFO - Filling up the DagBag from /opt/airflow/dags/airflow_dag_api_to_kafka.py
[2026-01-29T11:29:56.982+0000] {processor.py:840} INFO - DAG(s) 'tle_api_to_kafka_streaming' retrieved from /opt/airflow/dags/airflow_dag_api_to_kafka.py
[2026-01-29T11:29:57.015+0000] {logging_mixin.py:188} INFO - [2026-01-29T11:29:57.015+0000] {dag.py:3036} INFO - Sync 1 DAGs
[2026-01-29T11:29:57.046+0000] {logging_mixin.py:188} INFO - [2026-01-29T11:29:57.046+0000] {dag.py:3823} INFO - Setting next_dagrun for tle_api_to_kafka_streaming to 2026-01-29 10:00:00+00:00, run_after=2026-01-29 11:00:00+00:00
[2026-01-29T11:29:57.066+0000] {processor.py:183} INFO - Processing /opt/airflow/dags/airflow_dag_api_to_kafka.py took 0.166 seconds
[2026-01-29T11:30:27.200+0000] {processor.py:161} INFO - Started process (PID=4309) to work on /opt/airflow/dags/airflow_dag_api_to_kafka.py
[2026-01-29T11:30:27.201+0000] {processor.py:830} INFO - Processing file /opt/airflow/dags/airflow_dag_api_to_kafka.py for tasks to queue
[2026-01-29T11:30:27.202+0000] {logging_mixin.py:188} INFO - [2026-01-29T11:30:27.202+0000] {dagbag.py:538} INFO - Filling up the DagBag from /opt/airflow/dags/airflow_dag_api_to_kafka.py
[2026-01-29T11:30:27.314+0000] {processor.py:840} INFO - DAG(s) 'tle_api_to_kafka_streaming' retrieved from /opt/airflow/dags/airflow_dag_api_to_kafka.py
[2026-01-29T11:30:27.370+0000] {logging_mixin.py:188} INFO - [2026-01-29T11:30:27.369+0000] {dag.py:3036} INFO - Sync 1 DAGs
[2026-01-29T11:30:27.425+0000] {logging_mixin.py:188} INFO - [2026-01-29T11:30:27.425+0000] {dag.py:3823} INFO - Setting next_dagrun for tle_api_to_kafka_streaming to 2026-01-29 10:00:00+00:00, run_after=2026-01-29 11:00:00+00:00
[2026-01-29T11:30:27.454+0000] {processor.py:183} INFO - Processing /opt/airflow/dags/airflow_dag_api_to_kafka.py took 0.261 seconds
[2026-01-29T11:30:58.362+0000] {processor.py:161} INFO - Started process (PID=4319) to work on /opt/airflow/dags/airflow_dag_api_to_kafka.py
[2026-01-29T11:30:58.363+0000] {processor.py:830} INFO - Processing file /opt/airflow/dags/airflow_dag_api_to_kafka.py for tasks to queue
[2026-01-29T11:30:58.365+0000] {logging_mixin.py:188} INFO - [2026-01-29T11:30:58.364+0000] {dagbag.py:538} INFO - Filling up the DagBag from /opt/airflow/dags/airflow_dag_api_to_kafka.py
[2026-01-29T11:30:58.422+0000] {processor.py:840} INFO - DAG(s) 'tle_api_to_kafka_streaming' retrieved from /opt/airflow/dags/airflow_dag_api_to_kafka.py
[2026-01-29T11:30:58.456+0000] {logging_mixin.py:188} INFO - [2026-01-29T11:30:58.456+0000] {dag.py:3036} INFO - Sync 1 DAGs
[2026-01-29T11:30:58.487+0000] {logging_mixin.py:188} INFO - [2026-01-29T11:30:58.486+0000] {dag.py:3823} INFO - Setting next_dagrun for tle_api_to_kafka_streaming to 2026-01-29 10:00:00+00:00, run_after=2026-01-29 11:00:00+00:00
[2026-01-29T11:30:58.506+0000] {processor.py:183} INFO - Processing /opt/airflow/dags/airflow_dag_api_to_kafka.py took 0.149 seconds
[2026-01-29T11:31:28.634+0000] {processor.py:161} INFO - Started process (PID=4329) to work on /opt/airflow/dags/airflow_dag_api_to_kafka.py
[2026-01-29T11:31:28.637+0000] {processor.py:830} INFO - Processing file /opt/airflow/dags/airflow_dag_api_to_kafka.py for tasks to queue
[2026-01-29T11:31:28.638+0000] {logging_mixin.py:188} INFO - [2026-01-29T11:31:28.637+0000] {dagbag.py:538} INFO - Filling up the DagBag from /opt/airflow/dags/airflow_dag_api_to_kafka.py
[2026-01-29T11:31:28.731+0000] {processor.py:840} INFO - DAG(s) 'tle_api_to_kafka_streaming' retrieved from /opt/airflow/dags/airflow_dag_api_to_kafka.py
[2026-01-29T11:31:28.769+0000] {logging_mixin.py:188} INFO - [2026-01-29T11:31:28.769+0000] {dag.py:3036} INFO - Sync 1 DAGs
[2026-01-29T11:31:28.803+0000] {logging_mixin.py:188} INFO - [2026-01-29T11:31:28.803+0000] {dag.py:3823} INFO - Setting next_dagrun for tle_api_to_kafka_streaming to 2026-01-29 10:00:00+00:00, run_after=2026-01-29 11:00:00+00:00
[2026-01-29T11:31:28.825+0000] {processor.py:183} INFO - Processing /opt/airflow/dags/airflow_dag_api_to_kafka.py took 0.195 seconds
[2026-01-29T11:31:58.958+0000] {processor.py:161} INFO - Started process (PID=4339) to work on /opt/airflow/dags/airflow_dag_api_to_kafka.py
[2026-01-29T11:31:58.960+0000] {processor.py:830} INFO - Processing file /opt/airflow/dags/airflow_dag_api_to_kafka.py for tasks to queue
[2026-01-29T11:31:58.961+0000] {logging_mixin.py:188} INFO - [2026-01-29T11:31:58.960+0000] {dagbag.py:538} INFO - Filling up the DagBag from /opt/airflow/dags/airflow_dag_api_to_kafka.py
[2026-01-29T11:31:59.061+0000] {processor.py:840} INFO - DAG(s) 'tle_api_to_kafka_streaming' retrieved from /opt/airflow/dags/airflow_dag_api_to_kafka.py
[2026-01-29T11:31:59.114+0000] {logging_mixin.py:188} INFO - [2026-01-29T11:31:59.113+0000] {dag.py:3036} INFO - Sync 1 DAGs
[2026-01-29T11:31:59.155+0000] {logging_mixin.py:188} INFO - [2026-01-29T11:31:59.154+0000] {dag.py:3823} INFO - Setting next_dagrun for tle_api_to_kafka_streaming to 2026-01-29 10:00:00+00:00, run_after=2026-01-29 11:00:00+00:00
[2026-01-29T11:31:59.179+0000] {processor.py:183} INFO - Processing /opt/airflow/dags/airflow_dag_api_to_kafka.py took 0.226 seconds
[2026-01-29T11:32:29.319+0000] {processor.py:161} INFO - Started process (PID=4349) to work on /opt/airflow/dags/airflow_dag_api_to_kafka.py
[2026-01-29T11:32:29.321+0000] {processor.py:830} INFO - Processing file /opt/airflow/dags/airflow_dag_api_to_kafka.py for tasks to queue
[2026-01-29T11:32:29.323+0000] {logging_mixin.py:188} INFO - [2026-01-29T11:32:29.322+0000] {dagbag.py:538} INFO - Filling up the DagBag from /opt/airflow/dags/airflow_dag_api_to_kafka.py
[2026-01-29T11:32:29.414+0000] {processor.py:840} INFO - DAG(s) 'tle_api_to_kafka_streaming' retrieved from /opt/airflow/dags/airflow_dag_api_to_kafka.py
[2026-01-29T11:32:29.458+0000] {logging_mixin.py:188} INFO - [2026-01-29T11:32:29.457+0000] {dag.py:3036} INFO - Sync 1 DAGs
[2026-01-29T11:32:29.497+0000] {logging_mixin.py:188} INFO - [2026-01-29T11:32:29.497+0000] {dag.py:3823} INFO - Setting next_dagrun for tle_api_to_kafka_streaming to 2026-01-29 10:00:00+00:00, run_after=2026-01-29 11:00:00+00:00
[2026-01-29T11:32:29.524+0000] {processor.py:183} INFO - Processing /opt/airflow/dags/airflow_dag_api_to_kafka.py took 0.211 seconds
[2026-01-29T11:32:59.654+0000] {processor.py:161} INFO - Started process (PID=4359) to work on /opt/airflow/dags/airflow_dag_api_to_kafka.py
[2026-01-29T11:32:59.656+0000] {processor.py:830} INFO - Processing file /opt/airflow/dags/airflow_dag_api_to_kafka.py for tasks to queue
[2026-01-29T11:32:59.657+0000] {logging_mixin.py:188} INFO - [2026-01-29T11:32:59.656+0000] {dagbag.py:538} INFO - Filling up the DagBag from /opt/airflow/dags/airflow_dag_api_to_kafka.py
[2026-01-29T11:32:59.743+0000] {processor.py:840} INFO - DAG(s) 'tle_api_to_kafka_streaming' retrieved from /opt/airflow/dags/airflow_dag_api_to_kafka.py
[2026-01-29T11:32:59.776+0000] {logging_mixin.py:188} INFO - [2026-01-29T11:32:59.776+0000] {dag.py:3036} INFO - Sync 1 DAGs
[2026-01-29T11:32:59.810+0000] {logging_mixin.py:188} INFO - [2026-01-29T11:32:59.810+0000] {dag.py:3823} INFO - Setting next_dagrun for tle_api_to_kafka_streaming to 2026-01-29 10:00:00+00:00, run_after=2026-01-29 11:00:00+00:00
[2026-01-29T11:32:59.830+0000] {processor.py:183} INFO - Processing /opt/airflow/dags/airflow_dag_api_to_kafka.py took 0.181 seconds
[2026-01-29T11:33:29.951+0000] {processor.py:161} INFO - Started process (PID=4369) to work on /opt/airflow/dags/airflow_dag_api_to_kafka.py
[2026-01-29T11:33:29.953+0000] {processor.py:830} INFO - Processing file /opt/airflow/dags/airflow_dag_api_to_kafka.py for tasks to queue
[2026-01-29T11:33:29.954+0000] {logging_mixin.py:188} INFO - [2026-01-29T11:33:29.954+0000] {dagbag.py:538} INFO - Filling up the DagBag from /opt/airflow/dags/airflow_dag_api_to_kafka.py
[2026-01-29T11:33:30.038+0000] {processor.py:840} INFO - DAG(s) 'tle_api_to_kafka_streaming' retrieved from /opt/airflow/dags/airflow_dag_api_to_kafka.py
[2026-01-29T11:33:30.073+0000] {logging_mixin.py:188} INFO - [2026-01-29T11:33:30.073+0000] {dag.py:3036} INFO - Sync 1 DAGs
[2026-01-29T11:33:30.109+0000] {logging_mixin.py:188} INFO - [2026-01-29T11:33:30.108+0000] {dag.py:3823} INFO - Setting next_dagrun for tle_api_to_kafka_streaming to 2026-01-29 10:00:00+00:00, run_after=2026-01-29 11:00:00+00:00
[2026-01-29T11:33:30.127+0000] {processor.py:183} INFO - Processing /opt/airflow/dags/airflow_dag_api_to_kafka.py took 0.180 seconds
[2026-01-29T11:34:00.268+0000] {processor.py:161} INFO - Started process (PID=4379) to work on /opt/airflow/dags/airflow_dag_api_to_kafka.py
[2026-01-29T11:34:00.269+0000] {processor.py:830} INFO - Processing file /opt/airflow/dags/airflow_dag_api_to_kafka.py for tasks to queue
[2026-01-29T11:34:00.272+0000] {logging_mixin.py:188} INFO - [2026-01-29T11:34:00.271+0000] {dagbag.py:538} INFO - Filling up the DagBag from /opt/airflow/dags/airflow_dag_api_to_kafka.py
[2026-01-29T11:34:00.379+0000] {processor.py:840} INFO - DAG(s) 'tle_api_to_kafka_streaming' retrieved from /opt/airflow/dags/airflow_dag_api_to_kafka.py
[2026-01-29T11:34:00.422+0000] {logging_mixin.py:188} INFO - [2026-01-29T11:34:00.421+0000] {dag.py:3036} INFO - Sync 1 DAGs
[2026-01-29T11:34:00.453+0000] {logging_mixin.py:188} INFO - [2026-01-29T11:34:00.453+0000] {dag.py:3823} INFO - Setting next_dagrun for tle_api_to_kafka_streaming to 2026-01-29 10:00:00+00:00, run_after=2026-01-29 11:00:00+00:00
[2026-01-29T11:34:00.471+0000] {processor.py:183} INFO - Processing /opt/airflow/dags/airflow_dag_api_to_kafka.py took 0.213 seconds
[2026-01-29T11:34:30.604+0000] {processor.py:161} INFO - Started process (PID=4389) to work on /opt/airflow/dags/airflow_dag_api_to_kafka.py
[2026-01-29T11:34:30.606+0000] {processor.py:830} INFO - Processing file /opt/airflow/dags/airflow_dag_api_to_kafka.py for tasks to queue
[2026-01-29T11:34:30.608+0000] {logging_mixin.py:188} INFO - [2026-01-29T11:34:30.607+0000] {dagbag.py:538} INFO - Filling up the DagBag from /opt/airflow/dags/airflow_dag_api_to_kafka.py
[2026-01-29T11:34:30.719+0000] {processor.py:840} INFO - DAG(s) 'tle_api_to_kafka_streaming' retrieved from /opt/airflow/dags/airflow_dag_api_to_kafka.py
[2026-01-29T11:34:30.756+0000] {logging_mixin.py:188} INFO - [2026-01-29T11:34:30.755+0000] {dag.py:3036} INFO - Sync 1 DAGs
[2026-01-29T11:34:30.792+0000] {logging_mixin.py:188} INFO - [2026-01-29T11:34:30.792+0000] {dag.py:3823} INFO - Setting next_dagrun for tle_api_to_kafka_streaming to 2026-01-29 10:00:00+00:00, run_after=2026-01-29 11:00:00+00:00
[2026-01-29T11:34:30.813+0000] {processor.py:183} INFO - Processing /opt/airflow/dags/airflow_dag_api_to_kafka.py took 0.218 seconds
[2026-01-29T11:35:00.925+0000] {processor.py:161} INFO - Started process (PID=4399) to work on /opt/airflow/dags/airflow_dag_api_to_kafka.py
[2026-01-29T11:35:00.927+0000] {processor.py:830} INFO - Processing file /opt/airflow/dags/airflow_dag_api_to_kafka.py for tasks to queue
[2026-01-29T11:35:00.930+0000] {logging_mixin.py:188} INFO - [2026-01-29T11:35:00.929+0000] {dagbag.py:538} INFO - Filling up the DagBag from /opt/airflow/dags/airflow_dag_api_to_kafka.py
[2026-01-29T11:35:01.070+0000] {processor.py:840} INFO - DAG(s) 'tle_api_to_kafka_streaming' retrieved from /opt/airflow/dags/airflow_dag_api_to_kafka.py
[2026-01-29T11:35:01.130+0000] {logging_mixin.py:188} INFO - [2026-01-29T11:35:01.130+0000] {dag.py:3036} INFO - Sync 1 DAGs
[2026-01-29T11:35:01.179+0000] {logging_mixin.py:188} INFO - [2026-01-29T11:35:01.179+0000] {dag.py:3823} INFO - Setting next_dagrun for tle_api_to_kafka_streaming to 2026-01-29 10:00:00+00:00, run_after=2026-01-29 11:00:00+00:00
[2026-01-29T11:35:01.202+0000] {processor.py:183} INFO - Processing /opt/airflow/dags/airflow_dag_api_to_kafka.py took 0.286 seconds
[2026-01-29T11:35:32.041+0000] {processor.py:161} INFO - Started process (PID=4409) to work on /opt/airflow/dags/airflow_dag_api_to_kafka.py
[2026-01-29T11:35:32.043+0000] {processor.py:830} INFO - Processing file /opt/airflow/dags/airflow_dag_api_to_kafka.py for tasks to queue
[2026-01-29T11:35:32.044+0000] {logging_mixin.py:188} INFO - [2026-01-29T11:35:32.043+0000] {dagbag.py:538} INFO - Filling up the DagBag from /opt/airflow/dags/airflow_dag_api_to_kafka.py
[2026-01-29T11:35:32.142+0000] {processor.py:840} INFO - DAG(s) 'tle_api_to_kafka_streaming' retrieved from /opt/airflow/dags/airflow_dag_api_to_kafka.py
[2026-01-29T11:35:32.176+0000] {logging_mixin.py:188} INFO - [2026-01-29T11:35:32.176+0000] {dag.py:3036} INFO - Sync 1 DAGs
[2026-01-29T11:35:32.210+0000] {logging_mixin.py:188} INFO - [2026-01-29T11:35:32.210+0000] {dag.py:3823} INFO - Setting next_dagrun for tle_api_to_kafka_streaming to 2026-01-29 10:00:00+00:00, run_after=2026-01-29 11:00:00+00:00
[2026-01-29T11:35:32.235+0000] {processor.py:183} INFO - Processing /opt/airflow/dags/airflow_dag_api_to_kafka.py took 0.200 seconds
[2026-01-29T11:36:02.353+0000] {processor.py:161} INFO - Started process (PID=4419) to work on /opt/airflow/dags/airflow_dag_api_to_kafka.py
[2026-01-29T11:36:02.355+0000] {processor.py:830} INFO - Processing file /opt/airflow/dags/airflow_dag_api_to_kafka.py for tasks to queue
[2026-01-29T11:36:02.356+0000] {logging_mixin.py:188} INFO - [2026-01-29T11:36:02.356+0000] {dagbag.py:538} INFO - Filling up the DagBag from /opt/airflow/dags/airflow_dag_api_to_kafka.py
[2026-01-29T11:36:02.457+0000] {processor.py:840} INFO - DAG(s) 'tle_api_to_kafka_streaming' retrieved from /opt/airflow/dags/airflow_dag_api_to_kafka.py
[2026-01-29T11:36:02.492+0000] {logging_mixin.py:188} INFO - [2026-01-29T11:36:02.492+0000] {dag.py:3036} INFO - Sync 1 DAGs
[2026-01-29T11:36:02.529+0000] {logging_mixin.py:188} INFO - [2026-01-29T11:36:02.529+0000] {dag.py:3823} INFO - Setting next_dagrun for tle_api_to_kafka_streaming to 2026-01-29 10:00:00+00:00, run_after=2026-01-29 11:00:00+00:00
[2026-01-29T11:36:02.549+0000] {processor.py:183} INFO - Processing /opt/airflow/dags/airflow_dag_api_to_kafka.py took 0.200 seconds
[2026-01-29T11:36:32.674+0000] {processor.py:161} INFO - Started process (PID=4429) to work on /opt/airflow/dags/airflow_dag_api_to_kafka.py
[2026-01-29T11:36:32.677+0000] {processor.py:830} INFO - Processing file /opt/airflow/dags/airflow_dag_api_to_kafka.py for tasks to queue
[2026-01-29T11:36:32.678+0000] {logging_mixin.py:188} INFO - [2026-01-29T11:36:32.677+0000] {dagbag.py:538} INFO - Filling up the DagBag from /opt/airflow/dags/airflow_dag_api_to_kafka.py
[2026-01-29T11:36:32.773+0000] {processor.py:840} INFO - DAG(s) 'tle_api_to_kafka_streaming' retrieved from /opt/airflow/dags/airflow_dag_api_to_kafka.py
[2026-01-29T11:36:32.822+0000] {logging_mixin.py:188} INFO - [2026-01-29T11:36:32.822+0000] {dag.py:3036} INFO - Sync 1 DAGs
[2026-01-29T11:36:32.857+0000] {logging_mixin.py:188} INFO - [2026-01-29T11:36:32.857+0000] {dag.py:3823} INFO - Setting next_dagrun for tle_api_to_kafka_streaming to 2026-01-29 10:00:00+00:00, run_after=2026-01-29 11:00:00+00:00
[2026-01-29T11:36:32.879+0000] {processor.py:183} INFO - Processing /opt/airflow/dags/airflow_dag_api_to_kafka.py took 0.208 seconds
[2026-01-29T11:37:03.003+0000] {processor.py:161} INFO - Started process (PID=4439) to work on /opt/airflow/dags/airflow_dag_api_to_kafka.py
[2026-01-29T11:37:03.004+0000] {processor.py:830} INFO - Processing file /opt/airflow/dags/airflow_dag_api_to_kafka.py for tasks to queue
[2026-01-29T11:37:03.005+0000] {logging_mixin.py:188} INFO - [2026-01-29T11:37:03.004+0000] {dagbag.py:538} INFO - Filling up the DagBag from /opt/airflow/dags/airflow_dag_api_to_kafka.py
[2026-01-29T11:37:03.090+0000] {processor.py:840} INFO - DAG(s) 'tle_api_to_kafka_streaming' retrieved from /opt/airflow/dags/airflow_dag_api_to_kafka.py
[2026-01-29T11:37:03.127+0000] {logging_mixin.py:188} INFO - [2026-01-29T11:37:03.126+0000] {dag.py:3036} INFO - Sync 1 DAGs
[2026-01-29T11:37:03.158+0000] {logging_mixin.py:188} INFO - [2026-01-29T11:37:03.158+0000] {dag.py:3823} INFO - Setting next_dagrun for tle_api_to_kafka_streaming to 2026-01-29 10:00:00+00:00, run_after=2026-01-29 11:00:00+00:00
[2026-01-29T11:37:03.177+0000] {processor.py:183} INFO - Processing /opt/airflow/dags/airflow_dag_api_to_kafka.py took 0.178 seconds
[2026-01-29T11:37:33.303+0000] {processor.py:161} INFO - Started process (PID=4449) to work on /opt/airflow/dags/airflow_dag_api_to_kafka.py
[2026-01-29T11:37:33.305+0000] {processor.py:830} INFO - Processing file /opt/airflow/dags/airflow_dag_api_to_kafka.py for tasks to queue
[2026-01-29T11:37:33.306+0000] {logging_mixin.py:188} INFO - [2026-01-29T11:37:33.305+0000] {dagbag.py:538} INFO - Filling up the DagBag from /opt/airflow/dags/airflow_dag_api_to_kafka.py
[2026-01-29T11:37:33.365+0000] {processor.py:840} INFO - DAG(s) 'tle_api_to_kafka_streaming' retrieved from /opt/airflow/dags/airflow_dag_api_to_kafka.py
[2026-01-29T11:37:33.393+0000] {logging_mixin.py:188} INFO - [2026-01-29T11:37:33.393+0000] {dag.py:3036} INFO - Sync 1 DAGs
[2026-01-29T11:37:33.418+0000] {logging_mixin.py:188} INFO - [2026-01-29T11:37:33.418+0000] {dag.py:3823} INFO - Setting next_dagrun for tle_api_to_kafka_streaming to 2026-01-29 10:00:00+00:00, run_after=2026-01-29 11:00:00+00:00
[2026-01-29T11:37:33.436+0000] {processor.py:183} INFO - Processing /opt/airflow/dags/airflow_dag_api_to_kafka.py took 0.136 seconds
[2026-01-29T11:38:03.549+0000] {processor.py:161} INFO - Started process (PID=4459) to work on /opt/airflow/dags/airflow_dag_api_to_kafka.py
[2026-01-29T11:38:03.552+0000] {processor.py:830} INFO - Processing file /opt/airflow/dags/airflow_dag_api_to_kafka.py for tasks to queue
[2026-01-29T11:38:03.552+0000] {logging_mixin.py:188} INFO - [2026-01-29T11:38:03.552+0000] {dagbag.py:538} INFO - Filling up the DagBag from /opt/airflow/dags/airflow_dag_api_to_kafka.py
[2026-01-29T11:38:03.596+0000] {processor.py:840} INFO - DAG(s) 'tle_api_to_kafka_streaming' retrieved from /opt/airflow/dags/airflow_dag_api_to_kafka.py
[2026-01-29T11:38:03.625+0000] {logging_mixin.py:188} INFO - [2026-01-29T11:38:03.625+0000] {dag.py:3036} INFO - Sync 1 DAGs
[2026-01-29T11:38:03.652+0000] {logging_mixin.py:188} INFO - [2026-01-29T11:38:03.652+0000] {dag.py:3823} INFO - Setting next_dagrun for tle_api_to_kafka_streaming to 2026-01-29 10:00:00+00:00, run_after=2026-01-29 11:00:00+00:00
[2026-01-29T11:38:03.672+0000] {processor.py:183} INFO - Processing /opt/airflow/dags/airflow_dag_api_to_kafka.py took 0.125 seconds
[2026-01-29T11:38:33.782+0000] {processor.py:161} INFO - Started process (PID=4469) to work on /opt/airflow/dags/airflow_dag_api_to_kafka.py
[2026-01-29T11:38:33.784+0000] {processor.py:830} INFO - Processing file /opt/airflow/dags/airflow_dag_api_to_kafka.py for tasks to queue
[2026-01-29T11:38:33.784+0000] {logging_mixin.py:188} INFO - [2026-01-29T11:38:33.784+0000] {dagbag.py:538} INFO - Filling up the DagBag from /opt/airflow/dags/airflow_dag_api_to_kafka.py
[2026-01-29T11:38:33.847+0000] {processor.py:840} INFO - DAG(s) 'tle_api_to_kafka_streaming' retrieved from /opt/airflow/dags/airflow_dag_api_to_kafka.py
[2026-01-29T11:38:33.877+0000] {logging_mixin.py:188} INFO - [2026-01-29T11:38:33.877+0000] {dag.py:3036} INFO - Sync 1 DAGs
[2026-01-29T11:38:33.904+0000] {logging_mixin.py:188} INFO - [2026-01-29T11:38:33.904+0000] {dag.py:3823} INFO - Setting next_dagrun for tle_api_to_kafka_streaming to 2026-01-29 10:00:00+00:00, run_after=2026-01-29 11:00:00+00:00
[2026-01-29T11:38:33.919+0000] {processor.py:183} INFO - Processing /opt/airflow/dags/airflow_dag_api_to_kafka.py took 0.141 seconds
[2026-01-29T11:39:04.078+0000] {processor.py:161} INFO - Started process (PID=4479) to work on /opt/airflow/dags/airflow_dag_api_to_kafka.py
[2026-01-29T11:39:04.081+0000] {processor.py:830} INFO - Processing file /opt/airflow/dags/airflow_dag_api_to_kafka.py for tasks to queue
[2026-01-29T11:39:04.082+0000] {logging_mixin.py:188} INFO - [2026-01-29T11:39:04.082+0000] {dagbag.py:538} INFO - Filling up the DagBag from /opt/airflow/dags/airflow_dag_api_to_kafka.py
[2026-01-29T11:39:04.175+0000] {processor.py:840} INFO - DAG(s) 'tle_api_to_kafka_streaming' retrieved from /opt/airflow/dags/airflow_dag_api_to_kafka.py
[2026-01-29T11:39:04.229+0000] {logging_mixin.py:188} INFO - [2026-01-29T11:39:04.229+0000] {dag.py:3036} INFO - Sync 1 DAGs
[2026-01-29T11:39:04.276+0000] {logging_mixin.py:188} INFO - [2026-01-29T11:39:04.275+0000] {dag.py:3823} INFO - Setting next_dagrun for tle_api_to_kafka_streaming to 2026-01-29 10:00:00+00:00, run_after=2026-01-29 11:00:00+00:00
[2026-01-29T11:39:04.308+0000] {processor.py:183} INFO - Processing /opt/airflow/dags/airflow_dag_api_to_kafka.py took 0.236 seconds
[2026-01-29T11:39:34.403+0000] {processor.py:161} INFO - Started process (PID=4489) to work on /opt/airflow/dags/airflow_dag_api_to_kafka.py
[2026-01-29T11:39:34.406+0000] {processor.py:830} INFO - Processing file /opt/airflow/dags/airflow_dag_api_to_kafka.py for tasks to queue
[2026-01-29T11:39:34.407+0000] {logging_mixin.py:188} INFO - [2026-01-29T11:39:34.406+0000] {dagbag.py:538} INFO - Filling up the DagBag from /opt/airflow/dags/airflow_dag_api_to_kafka.py
[2026-01-29T11:39:34.501+0000] {processor.py:840} INFO - DAG(s) 'tle_api_to_kafka_streaming' retrieved from /opt/airflow/dags/airflow_dag_api_to_kafka.py
[2026-01-29T11:39:34.555+0000] {logging_mixin.py:188} INFO - [2026-01-29T11:39:34.555+0000] {dag.py:3036} INFO - Sync 1 DAGs
[2026-01-29T11:39:34.604+0000] {logging_mixin.py:188} INFO - [2026-01-29T11:39:34.604+0000] {dag.py:3823} INFO - Setting next_dagrun for tle_api_to_kafka_streaming to 2026-01-29 10:00:00+00:00, run_after=2026-01-29 11:00:00+00:00
[2026-01-29T11:39:34.635+0000] {processor.py:183} INFO - Processing /opt/airflow/dags/airflow_dag_api_to_kafka.py took 0.236 seconds
[2026-01-29T11:40:04.718+0000] {processor.py:161} INFO - Started process (PID=4499) to work on /opt/airflow/dags/airflow_dag_api_to_kafka.py
[2026-01-29T11:40:04.720+0000] {processor.py:830} INFO - Processing file /opt/airflow/dags/airflow_dag_api_to_kafka.py for tasks to queue
[2026-01-29T11:40:04.721+0000] {logging_mixin.py:188} INFO - [2026-01-29T11:40:04.721+0000] {dagbag.py:538} INFO - Filling up the DagBag from /opt/airflow/dags/airflow_dag_api_to_kafka.py
[2026-01-29T11:40:04.803+0000] {processor.py:840} INFO - DAG(s) 'tle_api_to_kafka_streaming' retrieved from /opt/airflow/dags/airflow_dag_api_to_kafka.py
[2026-01-29T11:40:04.856+0000] {logging_mixin.py:188} INFO - [2026-01-29T11:40:04.856+0000] {dag.py:3036} INFO - Sync 1 DAGs
[2026-01-29T11:40:04.888+0000] {logging_mixin.py:188} INFO - [2026-01-29T11:40:04.888+0000] {dag.py:3823} INFO - Setting next_dagrun for tle_api_to_kafka_streaming to 2026-01-29 10:00:00+00:00, run_after=2026-01-29 11:00:00+00:00
[2026-01-29T11:40:04.917+0000] {processor.py:183} INFO - Processing /opt/airflow/dags/airflow_dag_api_to_kafka.py took 0.203 seconds
[2026-01-29T11:40:35.069+0000] {processor.py:161} INFO - Started process (PID=4509) to work on /opt/airflow/dags/airflow_dag_api_to_kafka.py
[2026-01-29T11:40:35.071+0000] {processor.py:830} INFO - Processing file /opt/airflow/dags/airflow_dag_api_to_kafka.py for tasks to queue
[2026-01-29T11:40:35.072+0000] {logging_mixin.py:188} INFO - [2026-01-29T11:40:35.072+0000] {dagbag.py:538} INFO - Filling up the DagBag from /opt/airflow/dags/airflow_dag_api_to_kafka.py
[2026-01-29T11:40:35.157+0000] {processor.py:840} INFO - DAG(s) 'tle_api_to_kafka_streaming' retrieved from /opt/airflow/dags/airflow_dag_api_to_kafka.py
[2026-01-29T11:40:35.211+0000] {logging_mixin.py:188} INFO - [2026-01-29T11:40:35.211+0000] {dag.py:3036} INFO - Sync 1 DAGs
[2026-01-29T11:40:35.257+0000] {logging_mixin.py:188} INFO - [2026-01-29T11:40:35.257+0000] {dag.py:3823} INFO - Setting next_dagrun for tle_api_to_kafka_streaming to 2026-01-29 10:00:00+00:00, run_after=2026-01-29 11:00:00+00:00
[2026-01-29T11:40:35.289+0000] {processor.py:183} INFO - Processing /opt/airflow/dags/airflow_dag_api_to_kafka.py took 0.226 seconds
[2026-01-29T11:41:05.413+0000] {processor.py:161} INFO - Started process (PID=4519) to work on /opt/airflow/dags/airflow_dag_api_to_kafka.py
[2026-01-29T11:41:05.416+0000] {processor.py:830} INFO - Processing file /opt/airflow/dags/airflow_dag_api_to_kafka.py for tasks to queue
[2026-01-29T11:41:05.418+0000] {logging_mixin.py:188} INFO - [2026-01-29T11:41:05.417+0000] {dagbag.py:538} INFO - Filling up the DagBag from /opt/airflow/dags/airflow_dag_api_to_kafka.py
[2026-01-29T11:41:05.499+0000] {processor.py:840} INFO - DAG(s) 'tle_api_to_kafka_streaming' retrieved from /opt/airflow/dags/airflow_dag_api_to_kafka.py
[2026-01-29T11:41:05.536+0000] {logging_mixin.py:188} INFO - [2026-01-29T11:41:05.535+0000] {dag.py:3036} INFO - Sync 1 DAGs
[2026-01-29T11:41:05.578+0000] {logging_mixin.py:188} INFO - [2026-01-29T11:41:05.577+0000] {dag.py:3823} INFO - Setting next_dagrun for tle_api_to_kafka_streaming to 2026-01-29 10:00:00+00:00, run_after=2026-01-29 11:00:00+00:00
[2026-01-29T11:41:05.600+0000] {processor.py:183} INFO - Processing /opt/airflow/dags/airflow_dag_api_to_kafka.py took 0.193 seconds
[2026-01-29T11:41:35.695+0000] {processor.py:161} INFO - Started process (PID=4529) to work on /opt/airflow/dags/airflow_dag_api_to_kafka.py
[2026-01-29T11:41:35.697+0000] {processor.py:830} INFO - Processing file /opt/airflow/dags/airflow_dag_api_to_kafka.py for tasks to queue
[2026-01-29T11:41:35.698+0000] {logging_mixin.py:188} INFO - [2026-01-29T11:41:35.698+0000] {dagbag.py:538} INFO - Filling up the DagBag from /opt/airflow/dags/airflow_dag_api_to_kafka.py
[2026-01-29T11:41:35.769+0000] {processor.py:840} INFO - DAG(s) 'tle_api_to_kafka_streaming' retrieved from /opt/airflow/dags/airflow_dag_api_to_kafka.py
[2026-01-29T11:41:35.811+0000] {logging_mixin.py:188} INFO - [2026-01-29T11:41:35.810+0000] {dag.py:3036} INFO - Sync 1 DAGs
[2026-01-29T11:41:35.854+0000] {logging_mixin.py:188} INFO - [2026-01-29T11:41:35.853+0000] {dag.py:3823} INFO - Setting next_dagrun for tle_api_to_kafka_streaming to 2026-01-29 10:00:00+00:00, run_after=2026-01-29 11:00:00+00:00
[2026-01-29T11:41:35.879+0000] {processor.py:183} INFO - Processing /opt/airflow/dags/airflow_dag_api_to_kafka.py took 0.188 seconds
[2026-01-29T11:42:06.001+0000] {processor.py:161} INFO - Started process (PID=4539) to work on /opt/airflow/dags/airflow_dag_api_to_kafka.py
[2026-01-29T11:42:06.003+0000] {processor.py:830} INFO - Processing file /opt/airflow/dags/airflow_dag_api_to_kafka.py for tasks to queue
[2026-01-29T11:42:06.005+0000] {logging_mixin.py:188} INFO - [2026-01-29T11:42:06.004+0000] {dagbag.py:538} INFO - Filling up the DagBag from /opt/airflow/dags/airflow_dag_api_to_kafka.py
[2026-01-29T11:42:06.098+0000] {processor.py:840} INFO - DAG(s) 'tle_api_to_kafka_streaming' retrieved from /opt/airflow/dags/airflow_dag_api_to_kafka.py
[2026-01-29T11:42:06.153+0000] {logging_mixin.py:188} INFO - [2026-01-29T11:42:06.152+0000] {dag.py:3036} INFO - Sync 1 DAGs
[2026-01-29T11:42:06.198+0000] {logging_mixin.py:188} INFO - [2026-01-29T11:42:06.198+0000] {dag.py:3823} INFO - Setting next_dagrun for tle_api_to_kafka_streaming to 2026-01-29 10:00:00+00:00, run_after=2026-01-29 11:00:00+00:00
[2026-01-29T11:42:06.230+0000] {processor.py:183} INFO - Processing /opt/airflow/dags/airflow_dag_api_to_kafka.py took 0.235 seconds
[2026-01-29T11:42:36.306+0000] {processor.py:161} INFO - Started process (PID=4549) to work on /opt/airflow/dags/airflow_dag_api_to_kafka.py
[2026-01-29T11:42:36.309+0000] {processor.py:830} INFO - Processing file /opt/airflow/dags/airflow_dag_api_to_kafka.py for tasks to queue
[2026-01-29T11:42:36.311+0000] {logging_mixin.py:188} INFO - [2026-01-29T11:42:36.310+0000] {dagbag.py:538} INFO - Filling up the DagBag from /opt/airflow/dags/airflow_dag_api_to_kafka.py
[2026-01-29T11:42:36.375+0000] {processor.py:840} INFO - DAG(s) 'tle_api_to_kafka_streaming' retrieved from /opt/airflow/dags/airflow_dag_api_to_kafka.py
[2026-01-29T11:42:36.409+0000] {logging_mixin.py:188} INFO - [2026-01-29T11:42:36.409+0000] {dag.py:3036} INFO - Sync 1 DAGs
[2026-01-29T11:42:36.440+0000] {logging_mixin.py:188} INFO - [2026-01-29T11:42:36.440+0000] {dag.py:3823} INFO - Setting next_dagrun for tle_api_to_kafka_streaming to 2026-01-29 10:00:00+00:00, run_after=2026-01-29 11:00:00+00:00
[2026-01-29T11:42:36.464+0000] {processor.py:183} INFO - Processing /opt/airflow/dags/airflow_dag_api_to_kafka.py took 0.164 seconds
[2026-01-29T11:43:06.607+0000] {processor.py:161} INFO - Started process (PID=4559) to work on /opt/airflow/dags/airflow_dag_api_to_kafka.py
[2026-01-29T11:43:06.608+0000] {processor.py:830} INFO - Processing file /opt/airflow/dags/airflow_dag_api_to_kafka.py for tasks to queue
[2026-01-29T11:43:06.609+0000] {logging_mixin.py:188} INFO - [2026-01-29T11:43:06.608+0000] {dagbag.py:538} INFO - Filling up the DagBag from /opt/airflow/dags/airflow_dag_api_to_kafka.py
[2026-01-29T11:43:06.734+0000] {processor.py:840} INFO - DAG(s) 'tle_api_to_kafka_streaming' retrieved from /opt/airflow/dags/airflow_dag_api_to_kafka.py
[2026-01-29T11:43:06.775+0000] {logging_mixin.py:188} INFO - [2026-01-29T11:43:06.775+0000] {dag.py:3036} INFO - Sync 1 DAGs
[2026-01-29T11:43:06.813+0000] {logging_mixin.py:188} INFO - [2026-01-29T11:43:06.812+0000] {dag.py:3823} INFO - Setting next_dagrun for tle_api_to_kafka_streaming to 2026-01-29 10:00:00+00:00, run_after=2026-01-29 11:00:00+00:00
[2026-01-29T11:43:06.838+0000] {processor.py:183} INFO - Processing /opt/airflow/dags/airflow_dag_api_to_kafka.py took 0.236 seconds
[2026-01-29T11:43:37.736+0000] {processor.py:161} INFO - Started process (PID=4569) to work on /opt/airflow/dags/airflow_dag_api_to_kafka.py
[2026-01-29T11:43:37.737+0000] {processor.py:830} INFO - Processing file /opt/airflow/dags/airflow_dag_api_to_kafka.py for tasks to queue
[2026-01-29T11:43:37.738+0000] {logging_mixin.py:188} INFO - [2026-01-29T11:43:37.737+0000] {dagbag.py:538} INFO - Filling up the DagBag from /opt/airflow/dags/airflow_dag_api_to_kafka.py
[2026-01-29T11:43:37.791+0000] {processor.py:840} INFO - DAG(s) 'tle_api_to_kafka_streaming' retrieved from /opt/airflow/dags/airflow_dag_api_to_kafka.py
[2026-01-29T11:43:37.822+0000] {logging_mixin.py:188} INFO - [2026-01-29T11:43:37.822+0000] {dag.py:3036} INFO - Sync 1 DAGs
[2026-01-29T11:43:37.850+0000] {logging_mixin.py:188} INFO - [2026-01-29T11:43:37.850+0000] {dag.py:3823} INFO - Setting next_dagrun for tle_api_to_kafka_streaming to 2026-01-29 10:00:00+00:00, run_after=2026-01-29 11:00:00+00:00
[2026-01-29T11:43:37.869+0000] {processor.py:183} INFO - Processing /opt/airflow/dags/airflow_dag_api_to_kafka.py took 0.137 seconds
