[2026-01-28T07:53:42.032+0000] {processor.py:161} INFO - Started process (PID=432) to work on /opt/airflow/dags/airflow_dag_spark_streaming.py
[2026-01-28T07:53:42.034+0000] {processor.py:830} INFO - Processing file /opt/airflow/dags/airflow_dag_spark_streaming.py for tasks to queue
[2026-01-28T07:53:42.035+0000] {logging_mixin.py:188} INFO - [2026-01-28T07:53:42.034+0000] {dagbag.py:538} INFO - Filling up the DagBag from /opt/airflow/dags/airflow_dag_spark_streaming.py
[2026-01-28T07:53:42.052+0000] {processor.py:840} INFO - DAG(s) 'spark_sgp4_streaming' retrieved from /opt/airflow/dags/airflow_dag_spark_streaming.py
[2026-01-28T07:53:42.235+0000] {logging_mixin.py:188} INFO - [2026-01-28T07:53:42.234+0000] {override.py:1769} INFO - Created Permission View: can read on DAG:spark_sgp4_streaming
[2026-01-28T07:53:42.247+0000] {logging_mixin.py:188} INFO - [2026-01-28T07:53:42.247+0000] {override.py:1769} INFO - Created Permission View: can edit on DAG:spark_sgp4_streaming
[2026-01-28T07:53:42.253+0000] {logging_mixin.py:188} INFO - [2026-01-28T07:53:42.252+0000] {override.py:1769} INFO - Created Permission View: can delete on DAG:spark_sgp4_streaming
[2026-01-28T07:53:42.253+0000] {logging_mixin.py:188} INFO - [2026-01-28T07:53:42.253+0000] {dag.py:3036} INFO - Sync 1 DAGs
[2026-01-28T07:53:42.265+0000] {logging_mixin.py:188} INFO - [2026-01-28T07:53:42.265+0000] {dag.py:3058} INFO - Creating ORM DAG for spark_sgp4_streaming
[2026-01-28T07:53:42.266+0000] {logging_mixin.py:188} INFO - [2026-01-28T07:53:42.266+0000] {dag.py:3823} INFO - Setting next_dagrun for spark_sgp4_streaming to None, run_after=None
[2026-01-28T07:53:42.285+0000] {processor.py:183} INFO - Processing /opt/airflow/dags/airflow_dag_spark_streaming.py took 0.258 seconds
[2026-01-28T07:54:12.432+0000] {processor.py:161} INFO - Started process (PID=442) to work on /opt/airflow/dags/airflow_dag_spark_streaming.py
[2026-01-28T07:54:12.433+0000] {processor.py:830} INFO - Processing file /opt/airflow/dags/airflow_dag_spark_streaming.py for tasks to queue
[2026-01-28T07:54:12.434+0000] {logging_mixin.py:188} INFO - [2026-01-28T07:54:12.433+0000] {dagbag.py:538} INFO - Filling up the DagBag from /opt/airflow/dags/airflow_dag_spark_streaming.py
[2026-01-28T07:54:12.446+0000] {processor.py:840} INFO - DAG(s) 'spark_sgp4_streaming' retrieved from /opt/airflow/dags/airflow_dag_spark_streaming.py
[2026-01-28T07:54:12.491+0000] {logging_mixin.py:188} INFO - [2026-01-28T07:54:12.490+0000] {dag.py:3036} INFO - Sync 1 DAGs
[2026-01-28T07:54:12.515+0000] {logging_mixin.py:188} INFO - [2026-01-28T07:54:12.515+0000] {dag.py:3823} INFO - Setting next_dagrun for spark_sgp4_streaming to None, run_after=None
[2026-01-28T07:54:12.540+0000] {processor.py:183} INFO - Processing /opt/airflow/dags/airflow_dag_spark_streaming.py took 0.112 seconds
[2026-01-28T07:54:42.701+0000] {processor.py:161} INFO - Started process (PID=452) to work on /opt/airflow/dags/airflow_dag_spark_streaming.py
[2026-01-28T07:54:42.702+0000] {processor.py:830} INFO - Processing file /opt/airflow/dags/airflow_dag_spark_streaming.py for tasks to queue
[2026-01-28T07:54:42.703+0000] {logging_mixin.py:188} INFO - [2026-01-28T07:54:42.702+0000] {dagbag.py:538} INFO - Filling up the DagBag from /opt/airflow/dags/airflow_dag_spark_streaming.py
[2026-01-28T07:54:42.714+0000] {processor.py:840} INFO - DAG(s) 'spark_sgp4_streaming' retrieved from /opt/airflow/dags/airflow_dag_spark_streaming.py
[2026-01-28T07:54:42.762+0000] {logging_mixin.py:188} INFO - [2026-01-28T07:54:42.762+0000] {dag.py:3036} INFO - Sync 1 DAGs
[2026-01-28T07:54:42.788+0000] {logging_mixin.py:188} INFO - [2026-01-28T07:54:42.787+0000] {dag.py:3823} INFO - Setting next_dagrun for spark_sgp4_streaming to None, run_after=None
[2026-01-28T07:54:42.820+0000] {processor.py:183} INFO - Processing /opt/airflow/dags/airflow_dag_spark_streaming.py took 0.123 seconds
[2026-01-28T07:55:12.982+0000] {processor.py:161} INFO - Started process (PID=462) to work on /opt/airflow/dags/airflow_dag_spark_streaming.py
[2026-01-28T07:55:12.983+0000] {processor.py:830} INFO - Processing file /opt/airflow/dags/airflow_dag_spark_streaming.py for tasks to queue
[2026-01-28T07:55:12.984+0000] {logging_mixin.py:188} INFO - [2026-01-28T07:55:12.984+0000] {dagbag.py:538} INFO - Filling up the DagBag from /opt/airflow/dags/airflow_dag_spark_streaming.py
[2026-01-28T07:55:12.996+0000] {processor.py:840} INFO - DAG(s) 'spark_sgp4_streaming' retrieved from /opt/airflow/dags/airflow_dag_spark_streaming.py
[2026-01-28T07:55:13.031+0000] {logging_mixin.py:188} INFO - [2026-01-28T07:55:13.031+0000] {dag.py:3036} INFO - Sync 1 DAGs
[2026-01-28T07:55:13.052+0000] {logging_mixin.py:188} INFO - [2026-01-28T07:55:13.052+0000] {dag.py:3823} INFO - Setting next_dagrun for spark_sgp4_streaming to None, run_after=None
[2026-01-28T07:55:13.078+0000] {processor.py:183} INFO - Processing /opt/airflow/dags/airflow_dag_spark_streaming.py took 0.099 seconds
[2026-01-28T07:55:43.215+0000] {processor.py:161} INFO - Started process (PID=472) to work on /opt/airflow/dags/airflow_dag_spark_streaming.py
[2026-01-28T07:55:43.218+0000] {processor.py:830} INFO - Processing file /opt/airflow/dags/airflow_dag_spark_streaming.py for tasks to queue
[2026-01-28T07:55:43.220+0000] {logging_mixin.py:188} INFO - [2026-01-28T07:55:43.219+0000] {dagbag.py:538} INFO - Filling up the DagBag from /opt/airflow/dags/airflow_dag_spark_streaming.py
[2026-01-28T07:55:43.231+0000] {processor.py:840} INFO - DAG(s) 'spark_sgp4_streaming' retrieved from /opt/airflow/dags/airflow_dag_spark_streaming.py
[2026-01-28T07:55:43.265+0000] {logging_mixin.py:188} INFO - [2026-01-28T07:55:43.265+0000] {dag.py:3036} INFO - Sync 1 DAGs
[2026-01-28T07:55:43.285+0000] {logging_mixin.py:188} INFO - [2026-01-28T07:55:43.285+0000] {dag.py:3823} INFO - Setting next_dagrun for spark_sgp4_streaming to None, run_after=None
[2026-01-28T07:55:43.315+0000] {processor.py:183} INFO - Processing /opt/airflow/dags/airflow_dag_spark_streaming.py took 0.105 seconds
[2026-01-28T07:56:13.482+0000] {processor.py:161} INFO - Started process (PID=482) to work on /opt/airflow/dags/airflow_dag_spark_streaming.py
[2026-01-28T07:56:13.484+0000] {processor.py:830} INFO - Processing file /opt/airflow/dags/airflow_dag_spark_streaming.py for tasks to queue
[2026-01-28T07:56:13.485+0000] {logging_mixin.py:188} INFO - [2026-01-28T07:56:13.485+0000] {dagbag.py:538} INFO - Filling up the DagBag from /opt/airflow/dags/airflow_dag_spark_streaming.py
[2026-01-28T07:56:13.496+0000] {processor.py:840} INFO - DAG(s) 'spark_sgp4_streaming' retrieved from /opt/airflow/dags/airflow_dag_spark_streaming.py
[2026-01-28T07:56:13.544+0000] {logging_mixin.py:188} INFO - [2026-01-28T07:56:13.543+0000] {dag.py:3036} INFO - Sync 1 DAGs
[2026-01-28T07:56:13.565+0000] {logging_mixin.py:188} INFO - [2026-01-28T07:56:13.565+0000] {dag.py:3823} INFO - Setting next_dagrun for spark_sgp4_streaming to None, run_after=None
[2026-01-28T07:56:13.588+0000] {processor.py:183} INFO - Processing /opt/airflow/dags/airflow_dag_spark_streaming.py took 0.110 seconds
[2026-01-28T07:56:43.727+0000] {processor.py:161} INFO - Started process (PID=492) to work on /opt/airflow/dags/airflow_dag_spark_streaming.py
[2026-01-28T07:56:43.739+0000] {processor.py:830} INFO - Processing file /opt/airflow/dags/airflow_dag_spark_streaming.py for tasks to queue
[2026-01-28T07:56:43.740+0000] {logging_mixin.py:188} INFO - [2026-01-28T07:56:43.739+0000] {dagbag.py:538} INFO - Filling up the DagBag from /opt/airflow/dags/airflow_dag_spark_streaming.py
[2026-01-28T07:56:43.757+0000] {processor.py:840} INFO - DAG(s) 'spark_sgp4_streaming' retrieved from /opt/airflow/dags/airflow_dag_spark_streaming.py
[2026-01-28T07:56:43.799+0000] {logging_mixin.py:188} INFO - [2026-01-28T07:56:43.799+0000] {dag.py:3036} INFO - Sync 1 DAGs
[2026-01-28T07:56:43.822+0000] {logging_mixin.py:188} INFO - [2026-01-28T07:56:43.822+0000] {dag.py:3823} INFO - Setting next_dagrun for spark_sgp4_streaming to None, run_after=None
[2026-01-28T07:56:43.843+0000] {processor.py:183} INFO - Processing /opt/airflow/dags/airflow_dag_spark_streaming.py took 0.120 seconds
[2026-01-28T07:57:13.974+0000] {processor.py:161} INFO - Started process (PID=500) to work on /opt/airflow/dags/airflow_dag_spark_streaming.py
[2026-01-28T07:57:13.975+0000] {processor.py:830} INFO - Processing file /opt/airflow/dags/airflow_dag_spark_streaming.py for tasks to queue
[2026-01-28T07:57:13.976+0000] {logging_mixin.py:188} INFO - [2026-01-28T07:57:13.976+0000] {dagbag.py:538} INFO - Filling up the DagBag from /opt/airflow/dags/airflow_dag_spark_streaming.py
[2026-01-28T07:57:13.989+0000] {processor.py:840} INFO - DAG(s) 'spark_sgp4_streaming' retrieved from /opt/airflow/dags/airflow_dag_spark_streaming.py
[2026-01-28T07:57:14.025+0000] {logging_mixin.py:188} INFO - [2026-01-28T07:57:14.024+0000] {dag.py:3036} INFO - Sync 1 DAGs
[2026-01-28T07:57:14.046+0000] {logging_mixin.py:188} INFO - [2026-01-28T07:57:14.045+0000] {dag.py:3823} INFO - Setting next_dagrun for spark_sgp4_streaming to None, run_after=None
[2026-01-28T07:57:14.064+0000] {processor.py:183} INFO - Processing /opt/airflow/dags/airflow_dag_spark_streaming.py took 0.094 seconds
[2026-01-28T07:57:44.160+0000] {processor.py:161} INFO - Started process (PID=507) to work on /opt/airflow/dags/airflow_dag_spark_streaming.py
[2026-01-28T07:57:44.161+0000] {processor.py:830} INFO - Processing file /opt/airflow/dags/airflow_dag_spark_streaming.py for tasks to queue
[2026-01-28T07:57:44.162+0000] {logging_mixin.py:188} INFO - [2026-01-28T07:57:44.162+0000] {dagbag.py:538} INFO - Filling up the DagBag from /opt/airflow/dags/airflow_dag_spark_streaming.py
[2026-01-28T07:57:44.174+0000] {processor.py:840} INFO - DAG(s) 'spark_sgp4_streaming' retrieved from /opt/airflow/dags/airflow_dag_spark_streaming.py
[2026-01-28T07:57:44.210+0000] {logging_mixin.py:188} INFO - [2026-01-28T07:57:44.210+0000] {dag.py:3036} INFO - Sync 1 DAGs
[2026-01-28T07:57:44.229+0000] {logging_mixin.py:188} INFO - [2026-01-28T07:57:44.228+0000] {dag.py:3823} INFO - Setting next_dagrun for spark_sgp4_streaming to None, run_after=None
[2026-01-28T07:57:44.249+0000] {processor.py:183} INFO - Processing /opt/airflow/dags/airflow_dag_spark_streaming.py took 0.093 seconds
[2026-01-28T07:58:14.409+0000] {processor.py:161} INFO - Started process (PID=523) to work on /opt/airflow/dags/airflow_dag_spark_streaming.py
[2026-01-28T07:58:14.412+0000] {processor.py:830} INFO - Processing file /opt/airflow/dags/airflow_dag_spark_streaming.py for tasks to queue
[2026-01-28T07:58:14.413+0000] {logging_mixin.py:188} INFO - [2026-01-28T07:58:14.413+0000] {dagbag.py:538} INFO - Filling up the DagBag from /opt/airflow/dags/airflow_dag_spark_streaming.py
[2026-01-28T07:58:14.427+0000] {processor.py:840} INFO - DAG(s) 'spark_sgp4_streaming' retrieved from /opt/airflow/dags/airflow_dag_spark_streaming.py
[2026-01-28T07:58:14.590+0000] {logging_mixin.py:188} INFO - [2026-01-28T07:58:14.590+0000] {dag.py:3036} INFO - Sync 1 DAGs
[2026-01-28T07:58:14.605+0000] {logging_mixin.py:188} INFO - [2026-01-28T07:58:14.604+0000] {dag.py:3823} INFO - Setting next_dagrun for spark_sgp4_streaming to None, run_after=None
[2026-01-28T07:58:14.628+0000] {processor.py:183} INFO - Processing /opt/airflow/dags/airflow_dag_spark_streaming.py took 0.225 seconds
[2026-01-28T07:58:44.748+0000] {processor.py:161} INFO - Started process (PID=533) to work on /opt/airflow/dags/airflow_dag_spark_streaming.py
[2026-01-28T07:58:44.749+0000] {processor.py:830} INFO - Processing file /opt/airflow/dags/airflow_dag_spark_streaming.py for tasks to queue
[2026-01-28T07:58:44.750+0000] {logging_mixin.py:188} INFO - [2026-01-28T07:58:44.749+0000] {dagbag.py:538} INFO - Filling up the DagBag from /opt/airflow/dags/airflow_dag_spark_streaming.py
[2026-01-28T07:58:44.762+0000] {processor.py:840} INFO - DAG(s) 'spark_sgp4_streaming' retrieved from /opt/airflow/dags/airflow_dag_spark_streaming.py
[2026-01-28T07:58:44.797+0000] {logging_mixin.py:188} INFO - [2026-01-28T07:58:44.797+0000] {dag.py:3036} INFO - Sync 1 DAGs
[2026-01-28T07:58:44.813+0000] {logging_mixin.py:188} INFO - [2026-01-28T07:58:44.813+0000] {dag.py:3823} INFO - Setting next_dagrun for spark_sgp4_streaming to None, run_after=None
[2026-01-28T07:58:44.832+0000] {processor.py:183} INFO - Processing /opt/airflow/dags/airflow_dag_spark_streaming.py took 0.088 seconds
[2026-01-28T07:59:14.994+0000] {processor.py:161} INFO - Started process (PID=543) to work on /opt/airflow/dags/airflow_dag_spark_streaming.py
[2026-01-28T07:59:14.997+0000] {processor.py:830} INFO - Processing file /opt/airflow/dags/airflow_dag_spark_streaming.py for tasks to queue
[2026-01-28T07:59:14.999+0000] {logging_mixin.py:188} INFO - [2026-01-28T07:59:14.998+0000] {dagbag.py:538} INFO - Filling up the DagBag from /opt/airflow/dags/airflow_dag_spark_streaming.py
[2026-01-28T07:59:15.018+0000] {processor.py:840} INFO - DAG(s) 'spark_sgp4_streaming' retrieved from /opt/airflow/dags/airflow_dag_spark_streaming.py
[2026-01-28T07:59:15.075+0000] {logging_mixin.py:188} INFO - [2026-01-28T07:59:15.074+0000] {dag.py:3036} INFO - Sync 1 DAGs
[2026-01-28T07:59:15.101+0000] {logging_mixin.py:188} INFO - [2026-01-28T07:59:15.101+0000] {dag.py:3823} INFO - Setting next_dagrun for spark_sgp4_streaming to None, run_after=None
[2026-01-28T07:59:15.133+0000] {processor.py:183} INFO - Processing /opt/airflow/dags/airflow_dag_spark_streaming.py took 0.145 seconds
[2026-01-28T07:59:45.307+0000] {processor.py:161} INFO - Started process (PID=553) to work on /opt/airflow/dags/airflow_dag_spark_streaming.py
[2026-01-28T07:59:45.308+0000] {processor.py:830} INFO - Processing file /opt/airflow/dags/airflow_dag_spark_streaming.py for tasks to queue
[2026-01-28T07:59:45.309+0000] {logging_mixin.py:188} INFO - [2026-01-28T07:59:45.309+0000] {dagbag.py:538} INFO - Filling up the DagBag from /opt/airflow/dags/airflow_dag_spark_streaming.py
[2026-01-28T07:59:45.322+0000] {processor.py:840} INFO - DAG(s) 'spark_sgp4_streaming' retrieved from /opt/airflow/dags/airflow_dag_spark_streaming.py
[2026-01-28T07:59:45.358+0000] {logging_mixin.py:188} INFO - [2026-01-28T07:59:45.358+0000] {dag.py:3036} INFO - Sync 1 DAGs
[2026-01-28T07:59:45.376+0000] {logging_mixin.py:188} INFO - [2026-01-28T07:59:45.375+0000] {dag.py:3823} INFO - Setting next_dagrun for spark_sgp4_streaming to None, run_after=None
[2026-01-28T07:59:45.395+0000] {processor.py:183} INFO - Processing /opt/airflow/dags/airflow_dag_spark_streaming.py took 0.092 seconds
[2026-01-28T08:00:15.569+0000] {processor.py:161} INFO - Started process (PID=563) to work on /opt/airflow/dags/airflow_dag_spark_streaming.py
[2026-01-28T08:00:15.570+0000] {processor.py:830} INFO - Processing file /opt/airflow/dags/airflow_dag_spark_streaming.py for tasks to queue
[2026-01-28T08:00:15.571+0000] {logging_mixin.py:188} INFO - [2026-01-28T08:00:15.571+0000] {dagbag.py:538} INFO - Filling up the DagBag from /opt/airflow/dags/airflow_dag_spark_streaming.py
[2026-01-28T08:00:15.585+0000] {processor.py:840} INFO - DAG(s) 'spark_sgp4_streaming' retrieved from /opt/airflow/dags/airflow_dag_spark_streaming.py
[2026-01-28T08:00:15.621+0000] {logging_mixin.py:188} INFO - [2026-01-28T08:00:15.621+0000] {dag.py:3036} INFO - Sync 1 DAGs
[2026-01-28T08:00:15.646+0000] {logging_mixin.py:188} INFO - [2026-01-28T08:00:15.645+0000] {dag.py:3823} INFO - Setting next_dagrun for spark_sgp4_streaming to None, run_after=None
[2026-01-28T08:00:15.667+0000] {processor.py:183} INFO - Processing /opt/airflow/dags/airflow_dag_spark_streaming.py took 0.103 seconds
[2026-01-28T08:00:45.826+0000] {processor.py:161} INFO - Started process (PID=573) to work on /opt/airflow/dags/airflow_dag_spark_streaming.py
[2026-01-28T08:00:45.828+0000] {processor.py:830} INFO - Processing file /opt/airflow/dags/airflow_dag_spark_streaming.py for tasks to queue
[2026-01-28T08:00:45.829+0000] {logging_mixin.py:188} INFO - [2026-01-28T08:00:45.829+0000] {dagbag.py:538} INFO - Filling up the DagBag from /opt/airflow/dags/airflow_dag_spark_streaming.py
[2026-01-28T08:00:45.841+0000] {processor.py:840} INFO - DAG(s) 'spark_sgp4_streaming' retrieved from /opt/airflow/dags/airflow_dag_spark_streaming.py
[2026-01-28T08:00:45.877+0000] {logging_mixin.py:188} INFO - [2026-01-28T08:00:45.877+0000] {dag.py:3036} INFO - Sync 1 DAGs
[2026-01-28T08:00:45.894+0000] {logging_mixin.py:188} INFO - [2026-01-28T08:00:45.894+0000] {dag.py:3823} INFO - Setting next_dagrun for spark_sgp4_streaming to None, run_after=None
[2026-01-28T08:00:45.913+0000] {processor.py:183} INFO - Processing /opt/airflow/dags/airflow_dag_spark_streaming.py took 0.091 seconds
[2026-01-28T08:01:16.060+0000] {processor.py:161} INFO - Started process (PID=583) to work on /opt/airflow/dags/airflow_dag_spark_streaming.py
[2026-01-28T08:01:16.063+0000] {processor.py:830} INFO - Processing file /opt/airflow/dags/airflow_dag_spark_streaming.py for tasks to queue
[2026-01-28T08:01:16.064+0000] {logging_mixin.py:188} INFO - [2026-01-28T08:01:16.063+0000] {dagbag.py:538} INFO - Filling up the DagBag from /opt/airflow/dags/airflow_dag_spark_streaming.py
[2026-01-28T08:01:16.076+0000] {processor.py:840} INFO - DAG(s) 'spark_sgp4_streaming' retrieved from /opt/airflow/dags/airflow_dag_spark_streaming.py
[2026-01-28T08:01:16.112+0000] {logging_mixin.py:188} INFO - [2026-01-28T08:01:16.112+0000] {dag.py:3036} INFO - Sync 1 DAGs
[2026-01-28T08:01:16.130+0000] {logging_mixin.py:188} INFO - [2026-01-28T08:01:16.129+0000] {dag.py:3823} INFO - Setting next_dagrun for spark_sgp4_streaming to None, run_after=None
[2026-01-28T08:01:16.152+0000] {processor.py:183} INFO - Processing /opt/airflow/dags/airflow_dag_spark_streaming.py took 0.096 seconds
[2026-01-28T08:01:46.304+0000] {processor.py:161} INFO - Started process (PID=593) to work on /opt/airflow/dags/airflow_dag_spark_streaming.py
[2026-01-28T08:01:46.306+0000] {processor.py:830} INFO - Processing file /opt/airflow/dags/airflow_dag_spark_streaming.py for tasks to queue
[2026-01-28T08:01:46.308+0000] {logging_mixin.py:188} INFO - [2026-01-28T08:01:46.307+0000] {dagbag.py:538} INFO - Filling up the DagBag from /opt/airflow/dags/airflow_dag_spark_streaming.py
[2026-01-28T08:01:46.321+0000] {processor.py:840} INFO - DAG(s) 'spark_sgp4_streaming' retrieved from /opt/airflow/dags/airflow_dag_spark_streaming.py
[2026-01-28T08:01:46.363+0000] {logging_mixin.py:188} INFO - [2026-01-28T08:01:46.362+0000] {dag.py:3036} INFO - Sync 1 DAGs
[2026-01-28T08:01:46.380+0000] {logging_mixin.py:188} INFO - [2026-01-28T08:01:46.380+0000] {dag.py:3823} INFO - Setting next_dagrun for spark_sgp4_streaming to None, run_after=None
[2026-01-28T08:01:46.403+0000] {processor.py:183} INFO - Processing /opt/airflow/dags/airflow_dag_spark_streaming.py took 0.102 seconds
[2026-01-28T08:02:16.574+0000] {processor.py:161} INFO - Started process (PID=603) to work on /opt/airflow/dags/airflow_dag_spark_streaming.py
[2026-01-28T08:02:16.577+0000] {processor.py:830} INFO - Processing file /opt/airflow/dags/airflow_dag_spark_streaming.py for tasks to queue
[2026-01-28T08:02:16.579+0000] {logging_mixin.py:188} INFO - [2026-01-28T08:02:16.578+0000] {dagbag.py:538} INFO - Filling up the DagBag from /opt/airflow/dags/airflow_dag_spark_streaming.py
[2026-01-28T08:02:16.593+0000] {processor.py:840} INFO - DAG(s) 'spark_sgp4_streaming' retrieved from /opt/airflow/dags/airflow_dag_spark_streaming.py
[2026-01-28T08:02:16.644+0000] {logging_mixin.py:188} INFO - [2026-01-28T08:02:16.644+0000] {dag.py:3036} INFO - Sync 1 DAGs
[2026-01-28T08:02:16.671+0000] {logging_mixin.py:188} INFO - [2026-01-28T08:02:16.670+0000] {dag.py:3823} INFO - Setting next_dagrun for spark_sgp4_streaming to None, run_after=None
[2026-01-28T08:02:16.702+0000] {processor.py:183} INFO - Processing /opt/airflow/dags/airflow_dag_spark_streaming.py took 0.132 seconds
[2026-01-28T08:02:46.890+0000] {processor.py:161} INFO - Started process (PID=613) to work on /opt/airflow/dags/airflow_dag_spark_streaming.py
[2026-01-28T08:02:46.893+0000] {processor.py:830} INFO - Processing file /opt/airflow/dags/airflow_dag_spark_streaming.py for tasks to queue
[2026-01-28T08:02:46.894+0000] {logging_mixin.py:188} INFO - [2026-01-28T08:02:46.894+0000] {dagbag.py:538} INFO - Filling up the DagBag from /opt/airflow/dags/airflow_dag_spark_streaming.py
[2026-01-28T08:02:46.913+0000] {processor.py:840} INFO - DAG(s) 'spark_sgp4_streaming' retrieved from /opt/airflow/dags/airflow_dag_spark_streaming.py
[2026-01-28T08:02:46.969+0000] {logging_mixin.py:188} INFO - [2026-01-28T08:02:46.968+0000] {dag.py:3036} INFO - Sync 1 DAGs
[2026-01-28T08:02:46.993+0000] {logging_mixin.py:188} INFO - [2026-01-28T08:02:46.993+0000] {dag.py:3823} INFO - Setting next_dagrun for spark_sgp4_streaming to None, run_after=None
[2026-01-28T08:02:47.012+0000] {processor.py:183} INFO - Processing /opt/airflow/dags/airflow_dag_spark_streaming.py took 0.128 seconds
[2026-01-28T08:03:17.181+0000] {processor.py:161} INFO - Started process (PID=623) to work on /opt/airflow/dags/airflow_dag_spark_streaming.py
[2026-01-28T08:03:17.183+0000] {processor.py:830} INFO - Processing file /opt/airflow/dags/airflow_dag_spark_streaming.py for tasks to queue
[2026-01-28T08:03:17.184+0000] {logging_mixin.py:188} INFO - [2026-01-28T08:03:17.183+0000] {dagbag.py:538} INFO - Filling up the DagBag from /opt/airflow/dags/airflow_dag_spark_streaming.py
[2026-01-28T08:03:17.197+0000] {processor.py:840} INFO - DAG(s) 'spark_sgp4_streaming' retrieved from /opt/airflow/dags/airflow_dag_spark_streaming.py
[2026-01-28T08:03:17.231+0000] {logging_mixin.py:188} INFO - [2026-01-28T08:03:17.231+0000] {dag.py:3036} INFO - Sync 1 DAGs
[2026-01-28T08:03:17.248+0000] {logging_mixin.py:188} INFO - [2026-01-28T08:03:17.248+0000] {dag.py:3823} INFO - Setting next_dagrun for spark_sgp4_streaming to None, run_after=None
[2026-01-28T08:03:17.267+0000] {processor.py:183} INFO - Processing /opt/airflow/dags/airflow_dag_spark_streaming.py took 0.089 seconds
[2026-01-28T08:03:47.469+0000] {processor.py:161} INFO - Started process (PID=633) to work on /opt/airflow/dags/airflow_dag_spark_streaming.py
[2026-01-28T08:03:47.471+0000] {processor.py:830} INFO - Processing file /opt/airflow/dags/airflow_dag_spark_streaming.py for tasks to queue
[2026-01-28T08:03:47.473+0000] {logging_mixin.py:188} INFO - [2026-01-28T08:03:47.472+0000] {dagbag.py:538} INFO - Filling up the DagBag from /opt/airflow/dags/airflow_dag_spark_streaming.py
[2026-01-28T08:03:47.492+0000] {processor.py:840} INFO - DAG(s) 'spark_sgp4_streaming' retrieved from /opt/airflow/dags/airflow_dag_spark_streaming.py
[2026-01-28T08:03:47.536+0000] {logging_mixin.py:188} INFO - [2026-01-28T08:03:47.536+0000] {dag.py:3036} INFO - Sync 1 DAGs
[2026-01-28T08:03:47.562+0000] {logging_mixin.py:188} INFO - [2026-01-28T08:03:47.562+0000] {dag.py:3823} INFO - Setting next_dagrun for spark_sgp4_streaming to None, run_after=None
[2026-01-28T08:03:47.593+0000] {processor.py:183} INFO - Processing /opt/airflow/dags/airflow_dag_spark_streaming.py took 0.131 seconds
[2026-01-28T08:04:17.779+0000] {processor.py:161} INFO - Started process (PID=643) to work on /opt/airflow/dags/airflow_dag_spark_streaming.py
[2026-01-28T08:04:17.780+0000] {processor.py:830} INFO - Processing file /opt/airflow/dags/airflow_dag_spark_streaming.py for tasks to queue
[2026-01-28T08:04:17.781+0000] {logging_mixin.py:188} INFO - [2026-01-28T08:04:17.780+0000] {dagbag.py:538} INFO - Filling up the DagBag from /opt/airflow/dags/airflow_dag_spark_streaming.py
[2026-01-28T08:04:17.793+0000] {processor.py:840} INFO - DAG(s) 'spark_sgp4_streaming' retrieved from /opt/airflow/dags/airflow_dag_spark_streaming.py
[2026-01-28T08:04:17.836+0000] {logging_mixin.py:188} INFO - [2026-01-28T08:04:17.835+0000] {dag.py:3036} INFO - Sync 1 DAGs
[2026-01-28T08:04:17.861+0000] {logging_mixin.py:188} INFO - [2026-01-28T08:04:17.861+0000] {dag.py:3823} INFO - Setting next_dagrun for spark_sgp4_streaming to None, run_after=None
[2026-01-28T08:04:17.891+0000] {processor.py:183} INFO - Processing /opt/airflow/dags/airflow_dag_spark_streaming.py took 0.115 seconds
[2026-01-28T08:04:48.086+0000] {processor.py:161} INFO - Started process (PID=653) to work on /opt/airflow/dags/airflow_dag_spark_streaming.py
[2026-01-28T08:04:48.090+0000] {processor.py:830} INFO - Processing file /opt/airflow/dags/airflow_dag_spark_streaming.py for tasks to queue
[2026-01-28T08:04:48.091+0000] {logging_mixin.py:188} INFO - [2026-01-28T08:04:48.090+0000] {dagbag.py:538} INFO - Filling up the DagBag from /opt/airflow/dags/airflow_dag_spark_streaming.py
[2026-01-28T08:04:48.111+0000] {processor.py:840} INFO - DAG(s) 'spark_sgp4_streaming' retrieved from /opt/airflow/dags/airflow_dag_spark_streaming.py
[2026-01-28T08:04:48.163+0000] {logging_mixin.py:188} INFO - [2026-01-28T08:04:48.163+0000] {dag.py:3036} INFO - Sync 1 DAGs
[2026-01-28T08:04:48.187+0000] {logging_mixin.py:188} INFO - [2026-01-28T08:04:48.187+0000] {dag.py:3823} INFO - Setting next_dagrun for spark_sgp4_streaming to None, run_after=None
[2026-01-28T08:04:48.207+0000] {processor.py:183} INFO - Processing /opt/airflow/dags/airflow_dag_spark_streaming.py took 0.126 seconds
[2026-01-28T08:05:18.402+0000] {processor.py:161} INFO - Started process (PID=663) to work on /opt/airflow/dags/airflow_dag_spark_streaming.py
[2026-01-28T08:05:18.405+0000] {processor.py:830} INFO - Processing file /opt/airflow/dags/airflow_dag_spark_streaming.py for tasks to queue
[2026-01-28T08:05:18.407+0000] {logging_mixin.py:188} INFO - [2026-01-28T08:05:18.406+0000] {dagbag.py:538} INFO - Filling up the DagBag from /opt/airflow/dags/airflow_dag_spark_streaming.py
[2026-01-28T08:05:18.426+0000] {processor.py:840} INFO - DAG(s) 'spark_sgp4_streaming' retrieved from /opt/airflow/dags/airflow_dag_spark_streaming.py
[2026-01-28T08:05:18.472+0000] {logging_mixin.py:188} INFO - [2026-01-28T08:05:18.472+0000] {dag.py:3036} INFO - Sync 1 DAGs
[2026-01-28T08:05:18.497+0000] {logging_mixin.py:188} INFO - [2026-01-28T08:05:18.496+0000] {dag.py:3823} INFO - Setting next_dagrun for spark_sgp4_streaming to None, run_after=None
[2026-01-28T08:05:18.531+0000] {processor.py:183} INFO - Processing /opt/airflow/dags/airflow_dag_spark_streaming.py took 0.135 seconds
[2026-01-28T08:05:48.736+0000] {processor.py:161} INFO - Started process (PID=673) to work on /opt/airflow/dags/airflow_dag_spark_streaming.py
[2026-01-28T08:05:48.739+0000] {processor.py:830} INFO - Processing file /opt/airflow/dags/airflow_dag_spark_streaming.py for tasks to queue
[2026-01-28T08:05:48.741+0000] {logging_mixin.py:188} INFO - [2026-01-28T08:05:48.740+0000] {dagbag.py:538} INFO - Filling up the DagBag from /opt/airflow/dags/airflow_dag_spark_streaming.py
[2026-01-28T08:05:48.760+0000] {processor.py:840} INFO - DAG(s) 'spark_sgp4_streaming' retrieved from /opt/airflow/dags/airflow_dag_spark_streaming.py
[2026-01-28T08:05:48.813+0000] {logging_mixin.py:188} INFO - [2026-01-28T08:05:48.812+0000] {dag.py:3036} INFO - Sync 1 DAGs
[2026-01-28T08:05:48.839+0000] {logging_mixin.py:188} INFO - [2026-01-28T08:05:48.839+0000] {dag.py:3823} INFO - Setting next_dagrun for spark_sgp4_streaming to None, run_after=None
[2026-01-28T08:05:48.872+0000] {processor.py:183} INFO - Processing /opt/airflow/dags/airflow_dag_spark_streaming.py took 0.141 seconds
[2026-01-28T08:06:19.064+0000] {processor.py:161} INFO - Started process (PID=683) to work on /opt/airflow/dags/airflow_dag_spark_streaming.py
[2026-01-28T08:06:19.066+0000] {processor.py:830} INFO - Processing file /opt/airflow/dags/airflow_dag_spark_streaming.py for tasks to queue
[2026-01-28T08:06:19.067+0000] {logging_mixin.py:188} INFO - [2026-01-28T08:06:19.066+0000] {dagbag.py:538} INFO - Filling up the DagBag from /opt/airflow/dags/airflow_dag_spark_streaming.py
[2026-01-28T08:06:19.078+0000] {processor.py:840} INFO - DAG(s) 'spark_sgp4_streaming' retrieved from /opt/airflow/dags/airflow_dag_spark_streaming.py
[2026-01-28T08:06:19.119+0000] {logging_mixin.py:188} INFO - [2026-01-28T08:06:19.119+0000] {dag.py:3036} INFO - Sync 1 DAGs
[2026-01-28T08:06:19.142+0000] {logging_mixin.py:188} INFO - [2026-01-28T08:06:19.142+0000] {dag.py:3823} INFO - Setting next_dagrun for spark_sgp4_streaming to None, run_after=None
[2026-01-28T08:06:19.170+0000] {processor.py:183} INFO - Processing /opt/airflow/dags/airflow_dag_spark_streaming.py took 0.110 seconds
[2026-01-28T08:06:49.367+0000] {processor.py:161} INFO - Started process (PID=693) to work on /opt/airflow/dags/airflow_dag_spark_streaming.py
[2026-01-28T08:06:49.370+0000] {processor.py:830} INFO - Processing file /opt/airflow/dags/airflow_dag_spark_streaming.py for tasks to queue
[2026-01-28T08:06:49.372+0000] {logging_mixin.py:188} INFO - [2026-01-28T08:06:49.371+0000] {dagbag.py:538} INFO - Filling up the DagBag from /opt/airflow/dags/airflow_dag_spark_streaming.py
[2026-01-28T08:06:49.391+0000] {processor.py:840} INFO - DAG(s) 'spark_sgp4_streaming' retrieved from /opt/airflow/dags/airflow_dag_spark_streaming.py
[2026-01-28T08:06:49.447+0000] {logging_mixin.py:188} INFO - [2026-01-28T08:06:49.446+0000] {dag.py:3036} INFO - Sync 1 DAGs
[2026-01-28T08:06:49.472+0000] {logging_mixin.py:188} INFO - [2026-01-28T08:06:49.472+0000] {dag.py:3823} INFO - Setting next_dagrun for spark_sgp4_streaming to None, run_after=None
[2026-01-28T08:06:49.502+0000] {processor.py:183} INFO - Processing /opt/airflow/dags/airflow_dag_spark_streaming.py took 0.141 seconds
[2026-01-28T08:07:19.687+0000] {processor.py:161} INFO - Started process (PID=703) to work on /opt/airflow/dags/airflow_dag_spark_streaming.py
[2026-01-28T08:07:19.690+0000] {processor.py:830} INFO - Processing file /opt/airflow/dags/airflow_dag_spark_streaming.py for tasks to queue
[2026-01-28T08:07:19.692+0000] {logging_mixin.py:188} INFO - [2026-01-28T08:07:19.691+0000] {dagbag.py:538} INFO - Filling up the DagBag from /opt/airflow/dags/airflow_dag_spark_streaming.py
[2026-01-28T08:07:19.711+0000] {processor.py:840} INFO - DAG(s) 'spark_sgp4_streaming' retrieved from /opt/airflow/dags/airflow_dag_spark_streaming.py
[2026-01-28T08:07:19.764+0000] {logging_mixin.py:188} INFO - [2026-01-28T08:07:19.764+0000] {dag.py:3036} INFO - Sync 1 DAGs
[2026-01-28T08:07:19.791+0000] {logging_mixin.py:188} INFO - [2026-01-28T08:07:19.791+0000] {dag.py:3823} INFO - Setting next_dagrun for spark_sgp4_streaming to None, run_after=None
[2026-01-28T08:07:19.823+0000] {processor.py:183} INFO - Processing /opt/airflow/dags/airflow_dag_spark_streaming.py took 0.142 seconds
[2026-01-28T08:07:50.009+0000] {processor.py:161} INFO - Started process (PID=713) to work on /opt/airflow/dags/airflow_dag_spark_streaming.py
[2026-01-28T08:07:50.011+0000] {processor.py:830} INFO - Processing file /opt/airflow/dags/airflow_dag_spark_streaming.py for tasks to queue
[2026-01-28T08:07:50.012+0000] {logging_mixin.py:188} INFO - [2026-01-28T08:07:50.011+0000] {dagbag.py:538} INFO - Filling up the DagBag from /opt/airflow/dags/airflow_dag_spark_streaming.py
[2026-01-28T08:07:50.027+0000] {processor.py:840} INFO - DAG(s) 'spark_sgp4_streaming' retrieved from /opt/airflow/dags/airflow_dag_spark_streaming.py
[2026-01-28T08:07:50.061+0000] {logging_mixin.py:188} INFO - [2026-01-28T08:07:50.061+0000] {dag.py:3036} INFO - Sync 1 DAGs
[2026-01-28T08:07:50.077+0000] {logging_mixin.py:188} INFO - [2026-01-28T08:07:50.076+0000] {dag.py:3823} INFO - Setting next_dagrun for spark_sgp4_streaming to None, run_after=None
[2026-01-28T08:07:50.094+0000] {processor.py:183} INFO - Processing /opt/airflow/dags/airflow_dag_spark_streaming.py took 0.090 seconds
[2026-01-28T08:08:20.300+0000] {processor.py:161} INFO - Started process (PID=723) to work on /opt/airflow/dags/airflow_dag_spark_streaming.py
[2026-01-28T08:08:20.301+0000] {processor.py:830} INFO - Processing file /opt/airflow/dags/airflow_dag_spark_streaming.py for tasks to queue
[2026-01-28T08:08:20.303+0000] {logging_mixin.py:188} INFO - [2026-01-28T08:08:20.302+0000] {dagbag.py:538} INFO - Filling up the DagBag from /opt/airflow/dags/airflow_dag_spark_streaming.py
[2026-01-28T08:08:20.322+0000] {processor.py:840} INFO - DAG(s) 'spark_sgp4_streaming' retrieved from /opt/airflow/dags/airflow_dag_spark_streaming.py
[2026-01-28T08:08:20.377+0000] {logging_mixin.py:188} INFO - [2026-01-28T08:08:20.377+0000] {dag.py:3036} INFO - Sync 1 DAGs
[2026-01-28T08:08:20.403+0000] {logging_mixin.py:188} INFO - [2026-01-28T08:08:20.402+0000] {dag.py:3823} INFO - Setting next_dagrun for spark_sgp4_streaming to None, run_after=None
[2026-01-28T08:08:20.429+0000] {processor.py:183} INFO - Processing /opt/airflow/dags/airflow_dag_spark_streaming.py took 0.135 seconds
[2026-01-28T08:08:50.629+0000] {processor.py:161} INFO - Started process (PID=733) to work on /opt/airflow/dags/airflow_dag_spark_streaming.py
[2026-01-28T08:08:50.631+0000] {processor.py:830} INFO - Processing file /opt/airflow/dags/airflow_dag_spark_streaming.py for tasks to queue
[2026-01-28T08:08:50.632+0000] {logging_mixin.py:188} INFO - [2026-01-28T08:08:50.632+0000] {dagbag.py:538} INFO - Filling up the DagBag from /opt/airflow/dags/airflow_dag_spark_streaming.py
[2026-01-28T08:08:50.645+0000] {processor.py:840} INFO - DAG(s) 'spark_sgp4_streaming' retrieved from /opt/airflow/dags/airflow_dag_spark_streaming.py
[2026-01-28T08:08:50.688+0000] {logging_mixin.py:188} INFO - [2026-01-28T08:08:50.688+0000] {dag.py:3036} INFO - Sync 1 DAGs
[2026-01-28T08:08:50.709+0000] {logging_mixin.py:188} INFO - [2026-01-28T08:08:50.709+0000] {dag.py:3823} INFO - Setting next_dagrun for spark_sgp4_streaming to None, run_after=None
[2026-01-28T08:08:50.730+0000] {processor.py:183} INFO - Processing /opt/airflow/dags/airflow_dag_spark_streaming.py took 0.105 seconds
[2026-01-28T08:09:20.909+0000] {processor.py:161} INFO - Started process (PID=743) to work on /opt/airflow/dags/airflow_dag_spark_streaming.py
[2026-01-28T08:09:20.910+0000] {processor.py:830} INFO - Processing file /opt/airflow/dags/airflow_dag_spark_streaming.py for tasks to queue
[2026-01-28T08:09:20.911+0000] {logging_mixin.py:188} INFO - [2026-01-28T08:09:20.911+0000] {dagbag.py:538} INFO - Filling up the DagBag from /opt/airflow/dags/airflow_dag_spark_streaming.py
[2026-01-28T08:09:20.926+0000] {processor.py:840} INFO - DAG(s) 'spark_sgp4_streaming' retrieved from /opt/airflow/dags/airflow_dag_spark_streaming.py
[2026-01-28T08:09:20.972+0000] {logging_mixin.py:188} INFO - [2026-01-28T08:09:20.972+0000] {dag.py:3036} INFO - Sync 1 DAGs
[2026-01-28T08:09:20.995+0000] {logging_mixin.py:188} INFO - [2026-01-28T08:09:20.995+0000] {dag.py:3823} INFO - Setting next_dagrun for spark_sgp4_streaming to None, run_after=None
[2026-01-28T08:09:21.022+0000] {processor.py:183} INFO - Processing /opt/airflow/dags/airflow_dag_spark_streaming.py took 0.117 seconds
[2026-01-28T08:09:51.210+0000] {processor.py:161} INFO - Started process (PID=753) to work on /opt/airflow/dags/airflow_dag_spark_streaming.py
[2026-01-28T08:09:51.212+0000] {processor.py:830} INFO - Processing file /opt/airflow/dags/airflow_dag_spark_streaming.py for tasks to queue
[2026-01-28T08:09:51.213+0000] {logging_mixin.py:188} INFO - [2026-01-28T08:09:51.213+0000] {dagbag.py:538} INFO - Filling up the DagBag from /opt/airflow/dags/airflow_dag_spark_streaming.py
[2026-01-28T08:09:51.230+0000] {processor.py:840} INFO - DAG(s) 'spark_sgp4_streaming' retrieved from /opt/airflow/dags/airflow_dag_spark_streaming.py
[2026-01-28T08:09:51.287+0000] {logging_mixin.py:188} INFO - [2026-01-28T08:09:51.287+0000] {dag.py:3036} INFO - Sync 1 DAGs
[2026-01-28T08:09:51.313+0000] {logging_mixin.py:188} INFO - [2026-01-28T08:09:51.312+0000] {dag.py:3823} INFO - Setting next_dagrun for spark_sgp4_streaming to None, run_after=None
[2026-01-28T08:09:51.344+0000] {processor.py:183} INFO - Processing /opt/airflow/dags/airflow_dag_spark_streaming.py took 0.138 seconds
[2026-01-28T08:10:21.537+0000] {processor.py:161} INFO - Started process (PID=763) to work on /opt/airflow/dags/airflow_dag_spark_streaming.py
[2026-01-28T08:10:21.540+0000] {processor.py:830} INFO - Processing file /opt/airflow/dags/airflow_dag_spark_streaming.py for tasks to queue
[2026-01-28T08:10:21.542+0000] {logging_mixin.py:188} INFO - [2026-01-28T08:10:21.541+0000] {dagbag.py:538} INFO - Filling up the DagBag from /opt/airflow/dags/airflow_dag_spark_streaming.py
[2026-01-28T08:10:21.560+0000] {processor.py:840} INFO - DAG(s) 'spark_sgp4_streaming' retrieved from /opt/airflow/dags/airflow_dag_spark_streaming.py
[2026-01-28T08:10:21.616+0000] {logging_mixin.py:188} INFO - [2026-01-28T08:10:21.616+0000] {dag.py:3036} INFO - Sync 1 DAGs
[2026-01-28T08:10:21.642+0000] {logging_mixin.py:188} INFO - [2026-01-28T08:10:21.642+0000] {dag.py:3823} INFO - Setting next_dagrun for spark_sgp4_streaming to None, run_after=None
[2026-01-28T08:10:21.672+0000] {processor.py:183} INFO - Processing /opt/airflow/dags/airflow_dag_spark_streaming.py took 0.141 seconds
[2026-01-28T08:10:51.866+0000] {processor.py:161} INFO - Started process (PID=773) to work on /opt/airflow/dags/airflow_dag_spark_streaming.py
[2026-01-28T08:10:51.868+0000] {processor.py:830} INFO - Processing file /opt/airflow/dags/airflow_dag_spark_streaming.py for tasks to queue
[2026-01-28T08:10:51.869+0000] {logging_mixin.py:188} INFO - [2026-01-28T08:10:51.868+0000] {dagbag.py:538} INFO - Filling up the DagBag from /opt/airflow/dags/airflow_dag_spark_streaming.py
[2026-01-28T08:10:51.881+0000] {processor.py:840} INFO - DAG(s) 'spark_sgp4_streaming' retrieved from /opt/airflow/dags/airflow_dag_spark_streaming.py
[2026-01-28T08:10:51.920+0000] {logging_mixin.py:188} INFO - [2026-01-28T08:10:51.920+0000] {dag.py:3036} INFO - Sync 1 DAGs
[2026-01-28T08:10:51.936+0000] {logging_mixin.py:188} INFO - [2026-01-28T08:10:51.936+0000] {dag.py:3823} INFO - Setting next_dagrun for spark_sgp4_streaming to None, run_after=None
[2026-01-28T08:10:51.955+0000] {processor.py:183} INFO - Processing /opt/airflow/dags/airflow_dag_spark_streaming.py took 0.093 seconds
[2026-01-28T08:11:22.135+0000] {processor.py:161} INFO - Started process (PID=783) to work on /opt/airflow/dags/airflow_dag_spark_streaming.py
[2026-01-28T08:11:22.138+0000] {processor.py:830} INFO - Processing file /opt/airflow/dags/airflow_dag_spark_streaming.py for tasks to queue
[2026-01-28T08:11:22.140+0000] {logging_mixin.py:188} INFO - [2026-01-28T08:11:22.139+0000] {dagbag.py:538} INFO - Filling up the DagBag from /opt/airflow/dags/airflow_dag_spark_streaming.py
[2026-01-28T08:11:22.159+0000] {processor.py:840} INFO - DAG(s) 'spark_sgp4_streaming' retrieved from /opt/airflow/dags/airflow_dag_spark_streaming.py
[2026-01-28T08:11:22.215+0000] {logging_mixin.py:188} INFO - [2026-01-28T08:11:22.215+0000] {dag.py:3036} INFO - Sync 1 DAGs
[2026-01-28T08:11:22.241+0000] {logging_mixin.py:188} INFO - [2026-01-28T08:11:22.241+0000] {dag.py:3823} INFO - Setting next_dagrun for spark_sgp4_streaming to None, run_after=None
[2026-01-28T08:11:22.274+0000] {processor.py:183} INFO - Processing /opt/airflow/dags/airflow_dag_spark_streaming.py took 0.145 seconds
[2026-01-28T08:11:52.474+0000] {processor.py:161} INFO - Started process (PID=793) to work on /opt/airflow/dags/airflow_dag_spark_streaming.py
[2026-01-28T08:11:52.478+0000] {processor.py:830} INFO - Processing file /opt/airflow/dags/airflow_dag_spark_streaming.py for tasks to queue
[2026-01-28T08:11:52.479+0000] {logging_mixin.py:188} INFO - [2026-01-28T08:11:52.478+0000] {dagbag.py:538} INFO - Filling up the DagBag from /opt/airflow/dags/airflow_dag_spark_streaming.py
[2026-01-28T08:11:52.498+0000] {processor.py:840} INFO - DAG(s) 'spark_sgp4_streaming' retrieved from /opt/airflow/dags/airflow_dag_spark_streaming.py
[2026-01-28T08:11:52.547+0000] {logging_mixin.py:188} INFO - [2026-01-28T08:11:52.547+0000] {dag.py:3036} INFO - Sync 1 DAGs
[2026-01-28T08:11:52.574+0000] {logging_mixin.py:188} INFO - [2026-01-28T08:11:52.574+0000] {dag.py:3823} INFO - Setting next_dagrun for spark_sgp4_streaming to None, run_after=None
[2026-01-28T08:11:52.605+0000] {processor.py:183} INFO - Processing /opt/airflow/dags/airflow_dag_spark_streaming.py took 0.136 seconds
[2026-01-28T08:12:22.803+0000] {processor.py:161} INFO - Started process (PID=803) to work on /opt/airflow/dags/airflow_dag_spark_streaming.py
[2026-01-28T08:12:22.804+0000] {processor.py:830} INFO - Processing file /opt/airflow/dags/airflow_dag_spark_streaming.py for tasks to queue
[2026-01-28T08:12:22.805+0000] {logging_mixin.py:188} INFO - [2026-01-28T08:12:22.805+0000] {dagbag.py:538} INFO - Filling up the DagBag from /opt/airflow/dags/airflow_dag_spark_streaming.py
[2026-01-28T08:12:22.823+0000] {processor.py:840} INFO - DAG(s) 'spark_sgp4_streaming' retrieved from /opt/airflow/dags/airflow_dag_spark_streaming.py
[2026-01-28T08:12:22.875+0000] {logging_mixin.py:188} INFO - [2026-01-28T08:12:22.875+0000] {dag.py:3036} INFO - Sync 1 DAGs
[2026-01-28T08:12:22.901+0000] {logging_mixin.py:188} INFO - [2026-01-28T08:12:22.901+0000] {dag.py:3823} INFO - Setting next_dagrun for spark_sgp4_streaming to None, run_after=None
[2026-01-28T08:12:22.931+0000] {processor.py:183} INFO - Processing /opt/airflow/dags/airflow_dag_spark_streaming.py took 0.132 seconds
[2026-01-28T08:12:53.128+0000] {processor.py:161} INFO - Started process (PID=813) to work on /opt/airflow/dags/airflow_dag_spark_streaming.py
[2026-01-28T08:12:53.130+0000] {processor.py:830} INFO - Processing file /opt/airflow/dags/airflow_dag_spark_streaming.py for tasks to queue
[2026-01-28T08:12:53.132+0000] {logging_mixin.py:188} INFO - [2026-01-28T08:12:53.131+0000] {dagbag.py:538} INFO - Filling up the DagBag from /opt/airflow/dags/airflow_dag_spark_streaming.py
[2026-01-28T08:12:53.150+0000] {processor.py:840} INFO - DAG(s) 'spark_sgp4_streaming' retrieved from /opt/airflow/dags/airflow_dag_spark_streaming.py
[2026-01-28T08:12:53.200+0000] {logging_mixin.py:188} INFO - [2026-01-28T08:12:53.199+0000] {dag.py:3036} INFO - Sync 1 DAGs
[2026-01-28T08:12:53.225+0000] {logging_mixin.py:188} INFO - [2026-01-28T08:12:53.225+0000] {dag.py:3823} INFO - Setting next_dagrun for spark_sgp4_streaming to None, run_after=None
[2026-01-28T08:12:53.259+0000] {processor.py:183} INFO - Processing /opt/airflow/dags/airflow_dag_spark_streaming.py took 0.136 seconds
[2026-01-28T08:13:23.443+0000] {processor.py:161} INFO - Started process (PID=823) to work on /opt/airflow/dags/airflow_dag_spark_streaming.py
[2026-01-28T08:13:23.446+0000] {processor.py:830} INFO - Processing file /opt/airflow/dags/airflow_dag_spark_streaming.py for tasks to queue
[2026-01-28T08:13:23.448+0000] {logging_mixin.py:188} INFO - [2026-01-28T08:13:23.447+0000] {dagbag.py:538} INFO - Filling up the DagBag from /opt/airflow/dags/airflow_dag_spark_streaming.py
[2026-01-28T08:13:23.466+0000] {processor.py:840} INFO - DAG(s) 'spark_sgp4_streaming' retrieved from /opt/airflow/dags/airflow_dag_spark_streaming.py
[2026-01-28T08:13:23.513+0000] {logging_mixin.py:188} INFO - [2026-01-28T08:13:23.512+0000] {dag.py:3036} INFO - Sync 1 DAGs
[2026-01-28T08:13:23.539+0000] {logging_mixin.py:188} INFO - [2026-01-28T08:13:23.539+0000] {dag.py:3823} INFO - Setting next_dagrun for spark_sgp4_streaming to None, run_after=None
[2026-01-28T08:13:23.569+0000] {processor.py:183} INFO - Processing /opt/airflow/dags/airflow_dag_spark_streaming.py took 0.131 seconds
[2026-01-28T08:13:53.775+0000] {processor.py:161} INFO - Started process (PID=833) to work on /opt/airflow/dags/airflow_dag_spark_streaming.py
[2026-01-28T08:13:53.776+0000] {processor.py:830} INFO - Processing file /opt/airflow/dags/airflow_dag_spark_streaming.py for tasks to queue
[2026-01-28T08:13:53.778+0000] {logging_mixin.py:188} INFO - [2026-01-28T08:13:53.777+0000] {dagbag.py:538} INFO - Filling up the DagBag from /opt/airflow/dags/airflow_dag_spark_streaming.py
[2026-01-28T08:13:53.797+0000] {processor.py:840} INFO - DAG(s) 'spark_sgp4_streaming' retrieved from /opt/airflow/dags/airflow_dag_spark_streaming.py
[2026-01-28T08:13:53.836+0000] {logging_mixin.py:188} INFO - [2026-01-28T08:13:53.836+0000] {dag.py:3036} INFO - Sync 1 DAGs
[2026-01-28T08:13:53.862+0000] {logging_mixin.py:188} INFO - [2026-01-28T08:13:53.861+0000] {dag.py:3823} INFO - Setting next_dagrun for spark_sgp4_streaming to None, run_after=None
[2026-01-28T08:13:53.891+0000] {processor.py:183} INFO - Processing /opt/airflow/dags/airflow_dag_spark_streaming.py took 0.121 seconds
[2026-01-28T08:14:24.086+0000] {processor.py:161} INFO - Started process (PID=843) to work on /opt/airflow/dags/airflow_dag_spark_streaming.py
[2026-01-28T08:14:24.089+0000] {processor.py:830} INFO - Processing file /opt/airflow/dags/airflow_dag_spark_streaming.py for tasks to queue
[2026-01-28T08:14:24.090+0000] {logging_mixin.py:188} INFO - [2026-01-28T08:14:24.089+0000] {dagbag.py:538} INFO - Filling up the DagBag from /opt/airflow/dags/airflow_dag_spark_streaming.py
[2026-01-28T08:14:24.106+0000] {processor.py:840} INFO - DAG(s) 'spark_sgp4_streaming' retrieved from /opt/airflow/dags/airflow_dag_spark_streaming.py
[2026-01-28T08:14:24.153+0000] {logging_mixin.py:188} INFO - [2026-01-28T08:14:24.152+0000] {dag.py:3036} INFO - Sync 1 DAGs
[2026-01-28T08:14:24.178+0000] {logging_mixin.py:188} INFO - [2026-01-28T08:14:24.178+0000] {dag.py:3823} INFO - Setting next_dagrun for spark_sgp4_streaming to None, run_after=None
[2026-01-28T08:14:24.210+0000] {processor.py:183} INFO - Processing /opt/airflow/dags/airflow_dag_spark_streaming.py took 0.130 seconds
[2026-01-28T08:14:54.403+0000] {processor.py:161} INFO - Started process (PID=853) to work on /opt/airflow/dags/airflow_dag_spark_streaming.py
[2026-01-28T08:14:54.405+0000] {processor.py:830} INFO - Processing file /opt/airflow/dags/airflow_dag_spark_streaming.py for tasks to queue
[2026-01-28T08:14:54.406+0000] {logging_mixin.py:188} INFO - [2026-01-28T08:14:54.406+0000] {dagbag.py:538} INFO - Filling up the DagBag from /opt/airflow/dags/airflow_dag_spark_streaming.py
[2026-01-28T08:14:54.418+0000] {processor.py:840} INFO - DAG(s) 'spark_sgp4_streaming' retrieved from /opt/airflow/dags/airflow_dag_spark_streaming.py
[2026-01-28T08:14:54.456+0000] {logging_mixin.py:188} INFO - [2026-01-28T08:14:54.456+0000] {dag.py:3036} INFO - Sync 1 DAGs
[2026-01-28T08:14:54.472+0000] {logging_mixin.py:188} INFO - [2026-01-28T08:14:54.472+0000] {dag.py:3823} INFO - Setting next_dagrun for spark_sgp4_streaming to None, run_after=None
[2026-01-28T08:14:54.492+0000] {processor.py:183} INFO - Processing /opt/airflow/dags/airflow_dag_spark_streaming.py took 0.092 seconds
[2026-01-28T08:15:24.677+0000] {processor.py:161} INFO - Started process (PID=863) to work on /opt/airflow/dags/airflow_dag_spark_streaming.py
[2026-01-28T08:15:24.679+0000] {processor.py:830} INFO - Processing file /opt/airflow/dags/airflow_dag_spark_streaming.py for tasks to queue
[2026-01-28T08:15:24.680+0000] {logging_mixin.py:188} INFO - [2026-01-28T08:15:24.680+0000] {dagbag.py:538} INFO - Filling up the DagBag from /opt/airflow/dags/airflow_dag_spark_streaming.py
[2026-01-28T08:15:24.693+0000] {processor.py:840} INFO - DAG(s) 'spark_sgp4_streaming' retrieved from /opt/airflow/dags/airflow_dag_spark_streaming.py
[2026-01-28T08:15:24.735+0000] {logging_mixin.py:188} INFO - [2026-01-28T08:15:24.734+0000] {dag.py:3036} INFO - Sync 1 DAGs
[2026-01-28T08:15:24.758+0000] {logging_mixin.py:188} INFO - [2026-01-28T08:15:24.758+0000] {dag.py:3823} INFO - Setting next_dagrun for spark_sgp4_streaming to None, run_after=None
[2026-01-28T08:15:24.784+0000] {processor.py:183} INFO - Processing /opt/airflow/dags/airflow_dag_spark_streaming.py took 0.111 seconds
[2026-01-28T08:15:54.983+0000] {processor.py:161} INFO - Started process (PID=873) to work on /opt/airflow/dags/airflow_dag_spark_streaming.py
[2026-01-28T08:15:54.986+0000] {processor.py:830} INFO - Processing file /opt/airflow/dags/airflow_dag_spark_streaming.py for tasks to queue
[2026-01-28T08:15:54.987+0000] {logging_mixin.py:188} INFO - [2026-01-28T08:15:54.986+0000] {dagbag.py:538} INFO - Filling up the DagBag from /opt/airflow/dags/airflow_dag_spark_streaming.py
[2026-01-28T08:15:55.006+0000] {processor.py:840} INFO - DAG(s) 'spark_sgp4_streaming' retrieved from /opt/airflow/dags/airflow_dag_spark_streaming.py
[2026-01-28T08:15:55.054+0000] {logging_mixin.py:188} INFO - [2026-01-28T08:15:55.053+0000] {dag.py:3036} INFO - Sync 1 DAGs
[2026-01-28T08:15:55.074+0000] {logging_mixin.py:188} INFO - [2026-01-28T08:15:55.074+0000] {dag.py:3823} INFO - Setting next_dagrun for spark_sgp4_streaming to None, run_after=None
[2026-01-28T08:15:55.105+0000] {processor.py:183} INFO - Processing /opt/airflow/dags/airflow_dag_spark_streaming.py took 0.128 seconds
[2026-01-28T08:16:25.298+0000] {processor.py:161} INFO - Started process (PID=883) to work on /opt/airflow/dags/airflow_dag_spark_streaming.py
[2026-01-28T08:16:25.299+0000] {processor.py:830} INFO - Processing file /opt/airflow/dags/airflow_dag_spark_streaming.py for tasks to queue
[2026-01-28T08:16:25.301+0000] {logging_mixin.py:188} INFO - [2026-01-28T08:16:25.300+0000] {dagbag.py:538} INFO - Filling up the DagBag from /opt/airflow/dags/airflow_dag_spark_streaming.py
[2026-01-28T08:16:25.319+0000] {processor.py:840} INFO - DAG(s) 'spark_sgp4_streaming' retrieved from /opt/airflow/dags/airflow_dag_spark_streaming.py
[2026-01-28T08:16:25.374+0000] {logging_mixin.py:188} INFO - [2026-01-28T08:16:25.373+0000] {dag.py:3036} INFO - Sync 1 DAGs
[2026-01-28T08:16:25.400+0000] {logging_mixin.py:188} INFO - [2026-01-28T08:16:25.400+0000] {dag.py:3823} INFO - Setting next_dagrun for spark_sgp4_streaming to None, run_after=None
[2026-01-28T08:16:25.430+0000] {processor.py:183} INFO - Processing /opt/airflow/dags/airflow_dag_spark_streaming.py took 0.138 seconds
[2026-01-28T08:16:55.632+0000] {processor.py:161} INFO - Started process (PID=893) to work on /opt/airflow/dags/airflow_dag_spark_streaming.py
[2026-01-28T08:16:55.636+0000] {processor.py:830} INFO - Processing file /opt/airflow/dags/airflow_dag_spark_streaming.py for tasks to queue
[2026-01-28T08:16:55.637+0000] {logging_mixin.py:188} INFO - [2026-01-28T08:16:55.637+0000] {dagbag.py:538} INFO - Filling up the DagBag from /opt/airflow/dags/airflow_dag_spark_streaming.py
[2026-01-28T08:16:55.657+0000] {processor.py:840} INFO - DAG(s) 'spark_sgp4_streaming' retrieved from /opt/airflow/dags/airflow_dag_spark_streaming.py
[2026-01-28T08:16:55.712+0000] {logging_mixin.py:188} INFO - [2026-01-28T08:16:55.712+0000] {dag.py:3036} INFO - Sync 1 DAGs
[2026-01-28T08:16:55.738+0000] {logging_mixin.py:188} INFO - [2026-01-28T08:16:55.738+0000] {dag.py:3823} INFO - Setting next_dagrun for spark_sgp4_streaming to None, run_after=None
[2026-01-28T08:16:55.772+0000] {processor.py:183} INFO - Processing /opt/airflow/dags/airflow_dag_spark_streaming.py took 0.145 seconds
[2026-01-28T08:17:25.975+0000] {processor.py:161} INFO - Started process (PID=903) to work on /opt/airflow/dags/airflow_dag_spark_streaming.py
[2026-01-28T08:17:25.978+0000] {processor.py:830} INFO - Processing file /opt/airflow/dags/airflow_dag_spark_streaming.py for tasks to queue
[2026-01-28T08:17:25.980+0000] {logging_mixin.py:188} INFO - [2026-01-28T08:17:25.979+0000] {dagbag.py:538} INFO - Filling up the DagBag from /opt/airflow/dags/airflow_dag_spark_streaming.py
[2026-01-28T08:17:25.998+0000] {processor.py:840} INFO - DAG(s) 'spark_sgp4_streaming' retrieved from /opt/airflow/dags/airflow_dag_spark_streaming.py
[2026-01-28T08:17:26.054+0000] {logging_mixin.py:188} INFO - [2026-01-28T08:17:26.053+0000] {dag.py:3036} INFO - Sync 1 DAGs
[2026-01-28T08:17:26.079+0000] {logging_mixin.py:188} INFO - [2026-01-28T08:17:26.079+0000] {dag.py:3823} INFO - Setting next_dagrun for spark_sgp4_streaming to None, run_after=None
[2026-01-28T08:17:26.113+0000] {processor.py:183} INFO - Processing /opt/airflow/dags/airflow_dag_spark_streaming.py took 0.143 seconds
[2026-01-28T08:17:56.305+0000] {processor.py:161} INFO - Started process (PID=913) to work on /opt/airflow/dags/airflow_dag_spark_streaming.py
[2026-01-28T08:17:56.308+0000] {processor.py:830} INFO - Processing file /opt/airflow/dags/airflow_dag_spark_streaming.py for tasks to queue
[2026-01-28T08:17:56.310+0000] {logging_mixin.py:188} INFO - [2026-01-28T08:17:56.309+0000] {dagbag.py:538} INFO - Filling up the DagBag from /opt/airflow/dags/airflow_dag_spark_streaming.py
[2026-01-28T08:17:56.329+0000] {processor.py:840} INFO - DAG(s) 'spark_sgp4_streaming' retrieved from /opt/airflow/dags/airflow_dag_spark_streaming.py
[2026-01-28T08:17:56.400+0000] {logging_mixin.py:188} INFO - [2026-01-28T08:17:56.399+0000] {dag.py:3036} INFO - Sync 1 DAGs
[2026-01-28T08:17:56.425+0000] {logging_mixin.py:188} INFO - [2026-01-28T08:17:56.425+0000] {dag.py:3823} INFO - Setting next_dagrun for spark_sgp4_streaming to None, run_after=None
[2026-01-28T08:17:56.457+0000] {processor.py:183} INFO - Processing /opt/airflow/dags/airflow_dag_spark_streaming.py took 0.158 seconds
[2026-01-28T08:18:26.656+0000] {processor.py:161} INFO - Started process (PID=923) to work on /opt/airflow/dags/airflow_dag_spark_streaming.py
[2026-01-28T08:18:26.657+0000] {processor.py:830} INFO - Processing file /opt/airflow/dags/airflow_dag_spark_streaming.py for tasks to queue
[2026-01-28T08:18:26.659+0000] {logging_mixin.py:188} INFO - [2026-01-28T08:18:26.658+0000] {dagbag.py:538} INFO - Filling up the DagBag from /opt/airflow/dags/airflow_dag_spark_streaming.py
[2026-01-28T08:18:26.680+0000] {processor.py:840} INFO - DAG(s) 'spark_sgp4_streaming' retrieved from /opt/airflow/dags/airflow_dag_spark_streaming.py
[2026-01-28T08:18:26.762+0000] {logging_mixin.py:188} INFO - [2026-01-28T08:18:26.762+0000] {dag.py:3036} INFO - Sync 1 DAGs
[2026-01-28T08:18:26.792+0000] {logging_mixin.py:188} INFO - [2026-01-28T08:18:26.792+0000] {dag.py:3823} INFO - Setting next_dagrun for spark_sgp4_streaming to None, run_after=None
[2026-01-28T08:18:26.815+0000] {processor.py:183} INFO - Processing /opt/airflow/dags/airflow_dag_spark_streaming.py took 0.166 seconds
[2026-01-28T08:18:57.014+0000] {processor.py:161} INFO - Started process (PID=939) to work on /opt/airflow/dags/airflow_dag_spark_streaming.py
[2026-01-28T08:18:57.017+0000] {processor.py:830} INFO - Processing file /opt/airflow/dags/airflow_dag_spark_streaming.py for tasks to queue
[2026-01-28T08:18:57.018+0000] {logging_mixin.py:188} INFO - [2026-01-28T08:18:57.017+0000] {dagbag.py:538} INFO - Filling up the DagBag from /opt/airflow/dags/airflow_dag_spark_streaming.py
[2026-01-28T08:18:57.030+0000] {processor.py:840} INFO - DAG(s) 'spark_sgp4_streaming' retrieved from /opt/airflow/dags/airflow_dag_spark_streaming.py
[2026-01-28T08:18:57.065+0000] {logging_mixin.py:188} INFO - [2026-01-28T08:18:57.065+0000] {dag.py:3036} INFO - Sync 1 DAGs
[2026-01-28T08:18:57.092+0000] {logging_mixin.py:188} INFO - [2026-01-28T08:18:57.092+0000] {dag.py:3823} INFO - Setting next_dagrun for spark_sgp4_streaming to None, run_after=None
[2026-01-28T08:18:57.119+0000] {processor.py:183} INFO - Processing /opt/airflow/dags/airflow_dag_spark_streaming.py took 0.108 seconds
[2026-01-28T08:19:27.293+0000] {processor.py:161} INFO - Started process (PID=949) to work on /opt/airflow/dags/airflow_dag_spark_streaming.py
[2026-01-28T08:19:27.295+0000] {processor.py:830} INFO - Processing file /opt/airflow/dags/airflow_dag_spark_streaming.py for tasks to queue
[2026-01-28T08:19:27.296+0000] {logging_mixin.py:188} INFO - [2026-01-28T08:19:27.296+0000] {dagbag.py:538} INFO - Filling up the DagBag from /opt/airflow/dags/airflow_dag_spark_streaming.py
[2026-01-28T08:19:27.309+0000] {processor.py:840} INFO - DAG(s) 'spark_sgp4_streaming' retrieved from /opt/airflow/dags/airflow_dag_spark_streaming.py
[2026-01-28T08:19:27.348+0000] {logging_mixin.py:188} INFO - [2026-01-28T08:19:27.348+0000] {dag.py:3036} INFO - Sync 1 DAGs
[2026-01-28T08:19:27.373+0000] {logging_mixin.py:188} INFO - [2026-01-28T08:19:27.373+0000] {dag.py:3823} INFO - Setting next_dagrun for spark_sgp4_streaming to None, run_after=None
[2026-01-28T08:19:27.404+0000] {processor.py:183} INFO - Processing /opt/airflow/dags/airflow_dag_spark_streaming.py took 0.117 seconds
[2026-01-28T08:19:57.596+0000] {processor.py:161} INFO - Started process (PID=959) to work on /opt/airflow/dags/airflow_dag_spark_streaming.py
[2026-01-28T08:19:57.597+0000] {processor.py:830} INFO - Processing file /opt/airflow/dags/airflow_dag_spark_streaming.py for tasks to queue
[2026-01-28T08:19:57.598+0000] {logging_mixin.py:188} INFO - [2026-01-28T08:19:57.598+0000] {dagbag.py:538} INFO - Filling up the DagBag from /opt/airflow/dags/airflow_dag_spark_streaming.py
[2026-01-28T08:19:57.611+0000] {processor.py:840} INFO - DAG(s) 'spark_sgp4_streaming' retrieved from /opt/airflow/dags/airflow_dag_spark_streaming.py
[2026-01-28T08:19:57.658+0000] {logging_mixin.py:188} INFO - [2026-01-28T08:19:57.658+0000] {dag.py:3036} INFO - Sync 1 DAGs
[2026-01-28T08:19:57.684+0000] {logging_mixin.py:188} INFO - [2026-01-28T08:19:57.684+0000] {dag.py:3823} INFO - Setting next_dagrun for spark_sgp4_streaming to None, run_after=None
[2026-01-28T08:19:57.719+0000] {processor.py:183} INFO - Processing /opt/airflow/dags/airflow_dag_spark_streaming.py took 0.127 seconds
[2026-01-28T08:20:27.921+0000] {processor.py:161} INFO - Started process (PID=969) to work on /opt/airflow/dags/airflow_dag_spark_streaming.py
[2026-01-28T08:20:27.923+0000] {processor.py:830} INFO - Processing file /opt/airflow/dags/airflow_dag_spark_streaming.py for tasks to queue
[2026-01-28T08:20:27.924+0000] {logging_mixin.py:188} INFO - [2026-01-28T08:20:27.924+0000] {dagbag.py:538} INFO - Filling up the DagBag from /opt/airflow/dags/airflow_dag_spark_streaming.py
[2026-01-28T08:20:27.936+0000] {processor.py:840} INFO - DAG(s) 'spark_sgp4_streaming' retrieved from /opt/airflow/dags/airflow_dag_spark_streaming.py
[2026-01-28T08:20:27.972+0000] {logging_mixin.py:188} INFO - [2026-01-28T08:20:27.972+0000] {dag.py:3036} INFO - Sync 1 DAGs
[2026-01-28T08:20:27.995+0000] {logging_mixin.py:188} INFO - [2026-01-28T08:20:27.995+0000] {dag.py:3823} INFO - Setting next_dagrun for spark_sgp4_streaming to None, run_after=None
[2026-01-28T08:20:28.023+0000] {processor.py:183} INFO - Processing /opt/airflow/dags/airflow_dag_spark_streaming.py took 0.105 seconds
[2026-01-28T08:20:58.193+0000] {processor.py:161} INFO - Started process (PID=979) to work on /opt/airflow/dags/airflow_dag_spark_streaming.py
[2026-01-28T08:20:58.195+0000] {processor.py:830} INFO - Processing file /opt/airflow/dags/airflow_dag_spark_streaming.py for tasks to queue
[2026-01-28T08:20:58.196+0000] {logging_mixin.py:188} INFO - [2026-01-28T08:20:58.196+0000] {dagbag.py:538} INFO - Filling up the DagBag from /opt/airflow/dags/airflow_dag_spark_streaming.py
[2026-01-28T08:20:58.208+0000] {processor.py:840} INFO - DAG(s) 'spark_sgp4_streaming' retrieved from /opt/airflow/dags/airflow_dag_spark_streaming.py
[2026-01-28T08:20:58.242+0000] {logging_mixin.py:188} INFO - [2026-01-28T08:20:58.242+0000] {dag.py:3036} INFO - Sync 1 DAGs
[2026-01-28T08:20:58.259+0000] {logging_mixin.py:188} INFO - [2026-01-28T08:20:58.258+0000] {dag.py:3823} INFO - Setting next_dagrun for spark_sgp4_streaming to None, run_after=None
[2026-01-28T08:20:58.282+0000] {processor.py:183} INFO - Processing /opt/airflow/dags/airflow_dag_spark_streaming.py took 0.093 seconds
[2026-01-28T08:21:28.449+0000] {processor.py:161} INFO - Started process (PID=989) to work on /opt/airflow/dags/airflow_dag_spark_streaming.py
[2026-01-28T08:21:28.450+0000] {processor.py:830} INFO - Processing file /opt/airflow/dags/airflow_dag_spark_streaming.py for tasks to queue
[2026-01-28T08:21:28.451+0000] {logging_mixin.py:188} INFO - [2026-01-28T08:21:28.450+0000] {dagbag.py:538} INFO - Filling up the DagBag from /opt/airflow/dags/airflow_dag_spark_streaming.py
[2026-01-28T08:21:28.466+0000] {processor.py:840} INFO - DAG(s) 'spark_sgp4_streaming' retrieved from /opt/airflow/dags/airflow_dag_spark_streaming.py
[2026-01-28T08:21:28.521+0000] {logging_mixin.py:188} INFO - [2026-01-28T08:21:28.521+0000] {dag.py:3036} INFO - Sync 1 DAGs
[2026-01-28T08:21:28.544+0000] {logging_mixin.py:188} INFO - [2026-01-28T08:21:28.543+0000] {dag.py:3823} INFO - Setting next_dagrun for spark_sgp4_streaming to None, run_after=None
[2026-01-28T08:21:28.572+0000] {processor.py:183} INFO - Processing /opt/airflow/dags/airflow_dag_spark_streaming.py took 0.127 seconds
[2026-01-28T08:21:58.735+0000] {processor.py:161} INFO - Started process (PID=999) to work on /opt/airflow/dags/airflow_dag_spark_streaming.py
[2026-01-28T08:21:58.737+0000] {processor.py:830} INFO - Processing file /opt/airflow/dags/airflow_dag_spark_streaming.py for tasks to queue
[2026-01-28T08:21:58.738+0000] {logging_mixin.py:188} INFO - [2026-01-28T08:21:58.738+0000] {dagbag.py:538} INFO - Filling up the DagBag from /opt/airflow/dags/airflow_dag_spark_streaming.py
[2026-01-28T08:21:58.751+0000] {processor.py:840} INFO - DAG(s) 'spark_sgp4_streaming' retrieved from /opt/airflow/dags/airflow_dag_spark_streaming.py
[2026-01-28T08:21:58.787+0000] {logging_mixin.py:188} INFO - [2026-01-28T08:21:58.786+0000] {dag.py:3036} INFO - Sync 1 DAGs
[2026-01-28T08:21:58.803+0000] {logging_mixin.py:188} INFO - [2026-01-28T08:21:58.803+0000] {dag.py:3823} INFO - Setting next_dagrun for spark_sgp4_streaming to None, run_after=None
[2026-01-28T08:21:58.822+0000] {processor.py:183} INFO - Processing /opt/airflow/dags/airflow_dag_spark_streaming.py took 0.091 seconds
[2026-01-28T08:22:28.973+0000] {processor.py:161} INFO - Started process (PID=1009) to work on /opt/airflow/dags/airflow_dag_spark_streaming.py
[2026-01-28T08:22:28.975+0000] {processor.py:830} INFO - Processing file /opt/airflow/dags/airflow_dag_spark_streaming.py for tasks to queue
[2026-01-28T08:22:28.976+0000] {logging_mixin.py:188} INFO - [2026-01-28T08:22:28.976+0000] {dagbag.py:538} INFO - Filling up the DagBag from /opt/airflow/dags/airflow_dag_spark_streaming.py
[2026-01-28T08:22:28.993+0000] {processor.py:840} INFO - DAG(s) 'spark_sgp4_streaming' retrieved from /opt/airflow/dags/airflow_dag_spark_streaming.py
[2026-01-28T08:22:29.033+0000] {logging_mixin.py:188} INFO - [2026-01-28T08:22:29.033+0000] {dag.py:3036} INFO - Sync 1 DAGs
[2026-01-28T08:22:29.054+0000] {logging_mixin.py:188} INFO - [2026-01-28T08:22:29.054+0000] {dag.py:3823} INFO - Setting next_dagrun for spark_sgp4_streaming to None, run_after=None
[2026-01-28T08:22:29.076+0000] {processor.py:183} INFO - Processing /opt/airflow/dags/airflow_dag_spark_streaming.py took 0.107 seconds
[2026-01-28T08:22:59.235+0000] {processor.py:161} INFO - Started process (PID=1019) to work on /opt/airflow/dags/airflow_dag_spark_streaming.py
[2026-01-28T08:22:59.237+0000] {processor.py:830} INFO - Processing file /opt/airflow/dags/airflow_dag_spark_streaming.py for tasks to queue
[2026-01-28T08:22:59.238+0000] {logging_mixin.py:188} INFO - [2026-01-28T08:22:59.238+0000] {dagbag.py:538} INFO - Filling up the DagBag from /opt/airflow/dags/airflow_dag_spark_streaming.py
[2026-01-28T08:22:59.250+0000] {processor.py:840} INFO - DAG(s) 'spark_sgp4_streaming' retrieved from /opt/airflow/dags/airflow_dag_spark_streaming.py
[2026-01-28T08:22:59.284+0000] {logging_mixin.py:188} INFO - [2026-01-28T08:22:59.283+0000] {dag.py:3036} INFO - Sync 1 DAGs
[2026-01-28T08:22:59.301+0000] {logging_mixin.py:188} INFO - [2026-01-28T08:22:59.300+0000] {dag.py:3823} INFO - Setting next_dagrun for spark_sgp4_streaming to None, run_after=None
[2026-01-28T08:22:59.325+0000] {processor.py:183} INFO - Processing /opt/airflow/dags/airflow_dag_spark_streaming.py took 0.094 seconds
[2026-01-28T08:23:29.480+0000] {processor.py:161} INFO - Started process (PID=1029) to work on /opt/airflow/dags/airflow_dag_spark_streaming.py
[2026-01-28T08:23:29.483+0000] {processor.py:830} INFO - Processing file /opt/airflow/dags/airflow_dag_spark_streaming.py for tasks to queue
[2026-01-28T08:23:29.484+0000] {logging_mixin.py:188} INFO - [2026-01-28T08:23:29.483+0000] {dagbag.py:538} INFO - Filling up the DagBag from /opt/airflow/dags/airflow_dag_spark_streaming.py
[2026-01-28T08:23:29.496+0000] {processor.py:840} INFO - DAG(s) 'spark_sgp4_streaming' retrieved from /opt/airflow/dags/airflow_dag_spark_streaming.py
[2026-01-28T08:23:29.530+0000] {logging_mixin.py:188} INFO - [2026-01-28T08:23:29.530+0000] {dag.py:3036} INFO - Sync 1 DAGs
[2026-01-28T08:23:29.547+0000] {logging_mixin.py:188} INFO - [2026-01-28T08:23:29.546+0000] {dag.py:3823} INFO - Setting next_dagrun for spark_sgp4_streaming to None, run_after=None
[2026-01-28T08:23:29.567+0000] {processor.py:183} INFO - Processing /opt/airflow/dags/airflow_dag_spark_streaming.py took 0.091 seconds
[2026-01-28T08:23:59.730+0000] {processor.py:161} INFO - Started process (PID=1039) to work on /opt/airflow/dags/airflow_dag_spark_streaming.py
[2026-01-28T08:23:59.732+0000] {processor.py:830} INFO - Processing file /opt/airflow/dags/airflow_dag_spark_streaming.py for tasks to queue
[2026-01-28T08:23:59.734+0000] {logging_mixin.py:188} INFO - [2026-01-28T08:23:59.733+0000] {dagbag.py:538} INFO - Filling up the DagBag from /opt/airflow/dags/airflow_dag_spark_streaming.py
[2026-01-28T08:23:59.746+0000] {processor.py:840} INFO - DAG(s) 'spark_sgp4_streaming' retrieved from /opt/airflow/dags/airflow_dag_spark_streaming.py
[2026-01-28T08:23:59.782+0000] {logging_mixin.py:188} INFO - [2026-01-28T08:23:59.782+0000] {dag.py:3036} INFO - Sync 1 DAGs
[2026-01-28T08:23:59.800+0000] {logging_mixin.py:188} INFO - [2026-01-28T08:23:59.800+0000] {dag.py:3823} INFO - Setting next_dagrun for spark_sgp4_streaming to None, run_after=None
[2026-01-28T08:23:59.823+0000] {processor.py:183} INFO - Processing /opt/airflow/dags/airflow_dag_spark_streaming.py took 0.097 seconds
[2026-01-28T08:24:29.984+0000] {processor.py:161} INFO - Started process (PID=1049) to work on /opt/airflow/dags/airflow_dag_spark_streaming.py
[2026-01-28T08:24:29.986+0000] {processor.py:830} INFO - Processing file /opt/airflow/dags/airflow_dag_spark_streaming.py for tasks to queue
[2026-01-28T08:24:29.987+0000] {logging_mixin.py:188} INFO - [2026-01-28T08:24:29.987+0000] {dagbag.py:538} INFO - Filling up the DagBag from /opt/airflow/dags/airflow_dag_spark_streaming.py
[2026-01-28T08:24:29.999+0000] {processor.py:840} INFO - DAG(s) 'spark_sgp4_streaming' retrieved from /opt/airflow/dags/airflow_dag_spark_streaming.py
[2026-01-28T08:24:30.034+0000] {logging_mixin.py:188} INFO - [2026-01-28T08:24:30.033+0000] {dag.py:3036} INFO - Sync 1 DAGs
[2026-01-28T08:24:30.052+0000] {logging_mixin.py:188} INFO - [2026-01-28T08:24:30.051+0000] {dag.py:3823} INFO - Setting next_dagrun for spark_sgp4_streaming to None, run_after=None
[2026-01-28T08:24:30.079+0000] {processor.py:183} INFO - Processing /opt/airflow/dags/airflow_dag_spark_streaming.py took 0.099 seconds
[2026-01-28T08:25:00.247+0000] {processor.py:161} INFO - Started process (PID=1059) to work on /opt/airflow/dags/airflow_dag_spark_streaming.py
[2026-01-28T08:25:00.249+0000] {processor.py:830} INFO - Processing file /opt/airflow/dags/airflow_dag_spark_streaming.py for tasks to queue
[2026-01-28T08:25:00.250+0000] {logging_mixin.py:188} INFO - [2026-01-28T08:25:00.250+0000] {dagbag.py:538} INFO - Filling up the DagBag from /opt/airflow/dags/airflow_dag_spark_streaming.py
[2026-01-28T08:25:00.271+0000] {processor.py:840} INFO - DAG(s) 'spark_sgp4_streaming' retrieved from /opt/airflow/dags/airflow_dag_spark_streaming.py
[2026-01-28T08:25:00.323+0000] {logging_mixin.py:188} INFO - [2026-01-28T08:25:00.323+0000] {dag.py:3036} INFO - Sync 1 DAGs
[2026-01-28T08:25:00.349+0000] {logging_mixin.py:188} INFO - [2026-01-28T08:25:00.349+0000] {dag.py:3823} INFO - Setting next_dagrun for spark_sgp4_streaming to None, run_after=None
[2026-01-28T08:25:00.377+0000] {processor.py:183} INFO - Processing /opt/airflow/dags/airflow_dag_spark_streaming.py took 0.136 seconds
[2026-01-28T08:25:30.539+0000] {processor.py:161} INFO - Started process (PID=1069) to work on /opt/airflow/dags/airflow_dag_spark_streaming.py
[2026-01-28T08:25:30.540+0000] {processor.py:830} INFO - Processing file /opt/airflow/dags/airflow_dag_spark_streaming.py for tasks to queue
[2026-01-28T08:25:30.541+0000] {logging_mixin.py:188} INFO - [2026-01-28T08:25:30.540+0000] {dagbag.py:538} INFO - Filling up the DagBag from /opt/airflow/dags/airflow_dag_spark_streaming.py
[2026-01-28T08:25:30.553+0000] {processor.py:840} INFO - DAG(s) 'spark_sgp4_streaming' retrieved from /opt/airflow/dags/airflow_dag_spark_streaming.py
[2026-01-28T08:25:30.590+0000] {logging_mixin.py:188} INFO - [2026-01-28T08:25:30.589+0000] {dag.py:3036} INFO - Sync 1 DAGs
[2026-01-28T08:25:30.613+0000] {logging_mixin.py:188} INFO - [2026-01-28T08:25:30.613+0000] {dag.py:3823} INFO - Setting next_dagrun for spark_sgp4_streaming to None, run_after=None
[2026-01-28T08:25:30.634+0000] {processor.py:183} INFO - Processing /opt/airflow/dags/airflow_dag_spark_streaming.py took 0.099 seconds
[2026-01-28T08:26:00.796+0000] {processor.py:161} INFO - Started process (PID=1079) to work on /opt/airflow/dags/airflow_dag_spark_streaming.py
[2026-01-28T08:26:00.797+0000] {processor.py:830} INFO - Processing file /opt/airflow/dags/airflow_dag_spark_streaming.py for tasks to queue
[2026-01-28T08:26:00.798+0000] {logging_mixin.py:188} INFO - [2026-01-28T08:26:00.798+0000] {dagbag.py:538} INFO - Filling up the DagBag from /opt/airflow/dags/airflow_dag_spark_streaming.py
[2026-01-28T08:26:00.811+0000] {processor.py:840} INFO - DAG(s) 'spark_sgp4_streaming' retrieved from /opt/airflow/dags/airflow_dag_spark_streaming.py
[2026-01-28T08:26:00.850+0000] {logging_mixin.py:188} INFO - [2026-01-28T08:26:00.850+0000] {dag.py:3036} INFO - Sync 1 DAGs
[2026-01-28T08:26:00.873+0000] {logging_mixin.py:188} INFO - [2026-01-28T08:26:00.872+0000] {dag.py:3823} INFO - Setting next_dagrun for spark_sgp4_streaming to None, run_after=None
[2026-01-28T08:26:00.901+0000] {processor.py:183} INFO - Processing /opt/airflow/dags/airflow_dag_spark_streaming.py took 0.109 seconds
[2026-01-28T08:26:31.083+0000] {processor.py:161} INFO - Started process (PID=1089) to work on /opt/airflow/dags/airflow_dag_spark_streaming.py
[2026-01-28T08:26:31.084+0000] {processor.py:830} INFO - Processing file /opt/airflow/dags/airflow_dag_spark_streaming.py for tasks to queue
[2026-01-28T08:26:31.085+0000] {logging_mixin.py:188} INFO - [2026-01-28T08:26:31.084+0000] {dagbag.py:538} INFO - Filling up the DagBag from /opt/airflow/dags/airflow_dag_spark_streaming.py
[2026-01-28T08:26:31.097+0000] {processor.py:840} INFO - DAG(s) 'spark_sgp4_streaming' retrieved from /opt/airflow/dags/airflow_dag_spark_streaming.py
[2026-01-28T08:26:31.131+0000] {logging_mixin.py:188} INFO - [2026-01-28T08:26:31.131+0000] {dag.py:3036} INFO - Sync 1 DAGs
[2026-01-28T08:26:31.148+0000] {logging_mixin.py:188} INFO - [2026-01-28T08:26:31.148+0000] {dag.py:3823} INFO - Setting next_dagrun for spark_sgp4_streaming to None, run_after=None
[2026-01-28T08:26:31.173+0000] {processor.py:183} INFO - Processing /opt/airflow/dags/airflow_dag_spark_streaming.py took 0.094 seconds
[2026-01-28T08:27:01.344+0000] {processor.py:161} INFO - Started process (PID=1099) to work on /opt/airflow/dags/airflow_dag_spark_streaming.py
[2026-01-28T08:27:01.347+0000] {processor.py:830} INFO - Processing file /opt/airflow/dags/airflow_dag_spark_streaming.py for tasks to queue
[2026-01-28T08:27:01.348+0000] {logging_mixin.py:188} INFO - [2026-01-28T08:27:01.347+0000] {dagbag.py:538} INFO - Filling up the DagBag from /opt/airflow/dags/airflow_dag_spark_streaming.py
[2026-01-28T08:27:01.362+0000] {processor.py:840} INFO - DAG(s) 'spark_sgp4_streaming' retrieved from /opt/airflow/dags/airflow_dag_spark_streaming.py
[2026-01-28T08:27:01.400+0000] {logging_mixin.py:188} INFO - [2026-01-28T08:27:01.399+0000] {dag.py:3036} INFO - Sync 1 DAGs
[2026-01-28T08:27:01.419+0000] {logging_mixin.py:188} INFO - [2026-01-28T08:27:01.418+0000] {dag.py:3823} INFO - Setting next_dagrun for spark_sgp4_streaming to None, run_after=None
[2026-01-28T08:27:01.441+0000] {processor.py:183} INFO - Processing /opt/airflow/dags/airflow_dag_spark_streaming.py took 0.101 seconds
[2026-01-28T08:27:31.619+0000] {processor.py:161} INFO - Started process (PID=1109) to work on /opt/airflow/dags/airflow_dag_spark_streaming.py
[2026-01-28T08:27:31.622+0000] {processor.py:830} INFO - Processing file /opt/airflow/dags/airflow_dag_spark_streaming.py for tasks to queue
[2026-01-28T08:27:31.623+0000] {logging_mixin.py:188} INFO - [2026-01-28T08:27:31.622+0000] {dagbag.py:538} INFO - Filling up the DagBag from /opt/airflow/dags/airflow_dag_spark_streaming.py
[2026-01-28T08:27:31.641+0000] {processor.py:840} INFO - DAG(s) 'spark_sgp4_streaming' retrieved from /opt/airflow/dags/airflow_dag_spark_streaming.py
[2026-01-28T08:27:31.684+0000] {logging_mixin.py:188} INFO - [2026-01-28T08:27:31.684+0000] {dag.py:3036} INFO - Sync 1 DAGs
[2026-01-28T08:27:31.706+0000] {logging_mixin.py:188} INFO - [2026-01-28T08:27:31.706+0000] {dag.py:3823} INFO - Setting next_dagrun for spark_sgp4_streaming to None, run_after=None
[2026-01-28T08:27:31.735+0000] {processor.py:183} INFO - Processing /opt/airflow/dags/airflow_dag_spark_streaming.py took 0.123 seconds
[2026-01-28T08:28:01.914+0000] {processor.py:161} INFO - Started process (PID=1119) to work on /opt/airflow/dags/airflow_dag_spark_streaming.py
[2026-01-28T08:28:01.917+0000] {processor.py:830} INFO - Processing file /opt/airflow/dags/airflow_dag_spark_streaming.py for tasks to queue
[2026-01-28T08:28:01.919+0000] {logging_mixin.py:188} INFO - [2026-01-28T08:28:01.918+0000] {dagbag.py:538} INFO - Filling up the DagBag from /opt/airflow/dags/airflow_dag_spark_streaming.py
[2026-01-28T08:28:01.938+0000] {processor.py:840} INFO - DAG(s) 'spark_sgp4_streaming' retrieved from /opt/airflow/dags/airflow_dag_spark_streaming.py
[2026-01-28T08:28:01.987+0000] {logging_mixin.py:188} INFO - [2026-01-28T08:28:01.987+0000] {dag.py:3036} INFO - Sync 1 DAGs
[2026-01-28T08:28:02.013+0000] {logging_mixin.py:188} INFO - [2026-01-28T08:28:02.013+0000] {dag.py:3823} INFO - Setting next_dagrun for spark_sgp4_streaming to None, run_after=None
[2026-01-28T08:28:02.046+0000] {processor.py:183} INFO - Processing /opt/airflow/dags/airflow_dag_spark_streaming.py took 0.137 seconds
[2026-01-28T08:28:32.216+0000] {processor.py:161} INFO - Started process (PID=1129) to work on /opt/airflow/dags/airflow_dag_spark_streaming.py
[2026-01-28T08:28:32.219+0000] {processor.py:830} INFO - Processing file /opt/airflow/dags/airflow_dag_spark_streaming.py for tasks to queue
[2026-01-28T08:28:32.220+0000] {logging_mixin.py:188} INFO - [2026-01-28T08:28:32.219+0000] {dagbag.py:538} INFO - Filling up the DagBag from /opt/airflow/dags/airflow_dag_spark_streaming.py
[2026-01-28T08:28:32.233+0000] {processor.py:840} INFO - DAG(s) 'spark_sgp4_streaming' retrieved from /opt/airflow/dags/airflow_dag_spark_streaming.py
[2026-01-28T08:28:32.272+0000] {logging_mixin.py:188} INFO - [2026-01-28T08:28:32.272+0000] {dag.py:3036} INFO - Sync 1 DAGs
[2026-01-28T08:28:32.290+0000] {logging_mixin.py:188} INFO - [2026-01-28T08:28:32.289+0000] {dag.py:3823} INFO - Setting next_dagrun for spark_sgp4_streaming to None, run_after=None
[2026-01-28T08:28:32.311+0000] {processor.py:183} INFO - Processing /opt/airflow/dags/airflow_dag_spark_streaming.py took 0.099 seconds
[2026-01-28T08:29:02.508+0000] {processor.py:161} INFO - Started process (PID=1139) to work on /opt/airflow/dags/airflow_dag_spark_streaming.py
[2026-01-28T08:29:02.510+0000] {processor.py:830} INFO - Processing file /opt/airflow/dags/airflow_dag_spark_streaming.py for tasks to queue
[2026-01-28T08:29:02.512+0000] {logging_mixin.py:188} INFO - [2026-01-28T08:29:02.511+0000] {dagbag.py:538} INFO - Filling up the DagBag from /opt/airflow/dags/airflow_dag_spark_streaming.py
[2026-01-28T08:29:02.530+0000] {processor.py:840} INFO - DAG(s) 'spark_sgp4_streaming' retrieved from /opt/airflow/dags/airflow_dag_spark_streaming.py
[2026-01-28T08:29:02.568+0000] {logging_mixin.py:188} INFO - [2026-01-28T08:29:02.567+0000] {dag.py:3036} INFO - Sync 1 DAGs
[2026-01-28T08:29:02.592+0000] {logging_mixin.py:188} INFO - [2026-01-28T08:29:02.592+0000] {dag.py:3823} INFO - Setting next_dagrun for spark_sgp4_streaming to None, run_after=None
[2026-01-28T08:29:02.617+0000] {processor.py:183} INFO - Processing /opt/airflow/dags/airflow_dag_spark_streaming.py took 0.115 seconds
[2026-01-28T08:29:32.809+0000] {processor.py:161} INFO - Started process (PID=1149) to work on /opt/airflow/dags/airflow_dag_spark_streaming.py
[2026-01-28T08:29:32.812+0000] {processor.py:830} INFO - Processing file /opt/airflow/dags/airflow_dag_spark_streaming.py for tasks to queue
[2026-01-28T08:29:32.814+0000] {logging_mixin.py:188} INFO - [2026-01-28T08:29:32.813+0000] {dagbag.py:538} INFO - Filling up the DagBag from /opt/airflow/dags/airflow_dag_spark_streaming.py
[2026-01-28T08:29:32.832+0000] {processor.py:840} INFO - DAG(s) 'spark_sgp4_streaming' retrieved from /opt/airflow/dags/airflow_dag_spark_streaming.py
[2026-01-28T08:29:32.884+0000] {logging_mixin.py:188} INFO - [2026-01-28T08:29:32.884+0000] {dag.py:3036} INFO - Sync 1 DAGs
[2026-01-28T08:29:32.910+0000] {logging_mixin.py:188} INFO - [2026-01-28T08:29:32.909+0000] {dag.py:3823} INFO - Setting next_dagrun for spark_sgp4_streaming to None, run_after=None
[2026-01-28T08:29:32.942+0000] {processor.py:183} INFO - Processing /opt/airflow/dags/airflow_dag_spark_streaming.py took 0.138 seconds
[2026-01-28T08:30:03.140+0000] {processor.py:161} INFO - Started process (PID=1159) to work on /opt/airflow/dags/airflow_dag_spark_streaming.py
[2026-01-28T08:30:03.142+0000] {processor.py:830} INFO - Processing file /opt/airflow/dags/airflow_dag_spark_streaming.py for tasks to queue
[2026-01-28T08:30:03.143+0000] {logging_mixin.py:188} INFO - [2026-01-28T08:30:03.143+0000] {dagbag.py:538} INFO - Filling up the DagBag from /opt/airflow/dags/airflow_dag_spark_streaming.py
[2026-01-28T08:30:03.159+0000] {processor.py:840} INFO - DAG(s) 'spark_sgp4_streaming' retrieved from /opt/airflow/dags/airflow_dag_spark_streaming.py
[2026-01-28T08:30:03.196+0000] {logging_mixin.py:188} INFO - [2026-01-28T08:30:03.196+0000] {dag.py:3036} INFO - Sync 1 DAGs
[2026-01-28T08:30:03.218+0000] {logging_mixin.py:188} INFO - [2026-01-28T08:30:03.218+0000] {dag.py:3823} INFO - Setting next_dagrun for spark_sgp4_streaming to None, run_after=None
[2026-01-28T08:30:03.249+0000] {processor.py:183} INFO - Processing /opt/airflow/dags/airflow_dag_spark_streaming.py took 0.115 seconds
[2026-01-28T08:30:33.438+0000] {processor.py:161} INFO - Started process (PID=1169) to work on /opt/airflow/dags/airflow_dag_spark_streaming.py
[2026-01-28T08:30:33.441+0000] {processor.py:830} INFO - Processing file /opt/airflow/dags/airflow_dag_spark_streaming.py for tasks to queue
[2026-01-28T08:30:33.442+0000] {logging_mixin.py:188} INFO - [2026-01-28T08:30:33.441+0000] {dagbag.py:538} INFO - Filling up the DagBag from /opt/airflow/dags/airflow_dag_spark_streaming.py
[2026-01-28T08:30:33.461+0000] {processor.py:840} INFO - DAG(s) 'spark_sgp4_streaming' retrieved from /opt/airflow/dags/airflow_dag_spark_streaming.py
[2026-01-28T08:30:33.501+0000] {logging_mixin.py:188} INFO - [2026-01-28T08:30:33.500+0000] {dag.py:3036} INFO - Sync 1 DAGs
[2026-01-28T08:30:33.517+0000] {logging_mixin.py:188} INFO - [2026-01-28T08:30:33.516+0000] {dag.py:3823} INFO - Setting next_dagrun for spark_sgp4_streaming to None, run_after=None
[2026-01-28T08:30:33.535+0000] {processor.py:183} INFO - Processing /opt/airflow/dags/airflow_dag_spark_streaming.py took 0.104 seconds
[2026-01-28T08:31:03.715+0000] {processor.py:161} INFO - Started process (PID=1179) to work on /opt/airflow/dags/airflow_dag_spark_streaming.py
[2026-01-28T08:31:03.718+0000] {processor.py:830} INFO - Processing file /opt/airflow/dags/airflow_dag_spark_streaming.py for tasks to queue
[2026-01-28T08:31:03.719+0000] {logging_mixin.py:188} INFO - [2026-01-28T08:31:03.718+0000] {dagbag.py:538} INFO - Filling up the DagBag from /opt/airflow/dags/airflow_dag_spark_streaming.py
[2026-01-28T08:31:03.738+0000] {processor.py:840} INFO - DAG(s) 'spark_sgp4_streaming' retrieved from /opt/airflow/dags/airflow_dag_spark_streaming.py
[2026-01-28T08:31:03.777+0000] {logging_mixin.py:188} INFO - [2026-01-28T08:31:03.777+0000] {dag.py:3036} INFO - Sync 1 DAGs
[2026-01-28T08:31:03.796+0000] {logging_mixin.py:188} INFO - [2026-01-28T08:31:03.796+0000] {dag.py:3823} INFO - Setting next_dagrun for spark_sgp4_streaming to None, run_after=None
[2026-01-28T08:31:03.824+0000] {processor.py:183} INFO - Processing /opt/airflow/dags/airflow_dag_spark_streaming.py took 0.115 seconds
[2026-01-28T08:31:34.006+0000] {processor.py:161} INFO - Started process (PID=1189) to work on /opt/airflow/dags/airflow_dag_spark_streaming.py
[2026-01-28T08:31:34.007+0000] {processor.py:830} INFO - Processing file /opt/airflow/dags/airflow_dag_spark_streaming.py for tasks to queue
[2026-01-28T08:31:34.009+0000] {logging_mixin.py:188} INFO - [2026-01-28T08:31:34.008+0000] {dagbag.py:538} INFO - Filling up the DagBag from /opt/airflow/dags/airflow_dag_spark_streaming.py
[2026-01-28T08:31:34.027+0000] {processor.py:840} INFO - DAG(s) 'spark_sgp4_streaming' retrieved from /opt/airflow/dags/airflow_dag_spark_streaming.py
[2026-01-28T08:31:34.083+0000] {logging_mixin.py:188} INFO - [2026-01-28T08:31:34.082+0000] {dag.py:3036} INFO - Sync 1 DAGs
[2026-01-28T08:31:34.109+0000] {logging_mixin.py:188} INFO - [2026-01-28T08:31:34.109+0000] {dag.py:3823} INFO - Setting next_dagrun for spark_sgp4_streaming to None, run_after=None
[2026-01-28T08:31:34.141+0000] {processor.py:183} INFO - Processing /opt/airflow/dags/airflow_dag_spark_streaming.py took 0.141 seconds
[2026-01-28T08:32:04.332+0000] {processor.py:161} INFO - Started process (PID=1199) to work on /opt/airflow/dags/airflow_dag_spark_streaming.py
[2026-01-28T08:32:04.334+0000] {processor.py:830} INFO - Processing file /opt/airflow/dags/airflow_dag_spark_streaming.py for tasks to queue
[2026-01-28T08:32:04.335+0000] {logging_mixin.py:188} INFO - [2026-01-28T08:32:04.335+0000] {dagbag.py:538} INFO - Filling up the DagBag from /opt/airflow/dags/airflow_dag_spark_streaming.py
[2026-01-28T08:32:04.353+0000] {processor.py:840} INFO - DAG(s) 'spark_sgp4_streaming' retrieved from /opt/airflow/dags/airflow_dag_spark_streaming.py
[2026-01-28T08:32:04.408+0000] {logging_mixin.py:188} INFO - [2026-01-28T08:32:04.407+0000] {dag.py:3036} INFO - Sync 1 DAGs
[2026-01-28T08:32:04.433+0000] {logging_mixin.py:188} INFO - [2026-01-28T08:32:04.433+0000] {dag.py:3823} INFO - Setting next_dagrun for spark_sgp4_streaming to None, run_after=None
[2026-01-28T08:32:04.466+0000] {processor.py:183} INFO - Processing /opt/airflow/dags/airflow_dag_spark_streaming.py took 0.138 seconds
[2026-01-28T08:32:34.658+0000] {processor.py:161} INFO - Started process (PID=1209) to work on /opt/airflow/dags/airflow_dag_spark_streaming.py
[2026-01-28T08:32:34.659+0000] {processor.py:830} INFO - Processing file /opt/airflow/dags/airflow_dag_spark_streaming.py for tasks to queue
[2026-01-28T08:32:34.660+0000] {logging_mixin.py:188} INFO - [2026-01-28T08:32:34.660+0000] {dagbag.py:538} INFO - Filling up the DagBag from /opt/airflow/dags/airflow_dag_spark_streaming.py
[2026-01-28T08:32:34.672+0000] {processor.py:840} INFO - DAG(s) 'spark_sgp4_streaming' retrieved from /opt/airflow/dags/airflow_dag_spark_streaming.py
[2026-01-28T08:32:34.718+0000] {logging_mixin.py:188} INFO - [2026-01-28T08:32:34.718+0000] {dag.py:3036} INFO - Sync 1 DAGs
[2026-01-28T08:32:34.734+0000] {logging_mixin.py:188} INFO - [2026-01-28T08:32:34.734+0000] {dag.py:3823} INFO - Setting next_dagrun for spark_sgp4_streaming to None, run_after=None
[2026-01-28T08:32:34.754+0000] {processor.py:183} INFO - Processing /opt/airflow/dags/airflow_dag_spark_streaming.py took 0.100 seconds
[2026-01-28T08:33:04.944+0000] {processor.py:161} INFO - Started process (PID=1219) to work on /opt/airflow/dags/airflow_dag_spark_streaming.py
[2026-01-28T08:33:04.947+0000] {processor.py:830} INFO - Processing file /opt/airflow/dags/airflow_dag_spark_streaming.py for tasks to queue
[2026-01-28T08:33:04.948+0000] {logging_mixin.py:188} INFO - [2026-01-28T08:33:04.948+0000] {dagbag.py:538} INFO - Filling up the DagBag from /opt/airflow/dags/airflow_dag_spark_streaming.py
[2026-01-28T08:33:04.968+0000] {processor.py:840} INFO - DAG(s) 'spark_sgp4_streaming' retrieved from /opt/airflow/dags/airflow_dag_spark_streaming.py
[2026-01-28T08:33:05.023+0000] {logging_mixin.py:188} INFO - [2026-01-28T08:33:05.023+0000] {dag.py:3036} INFO - Sync 1 DAGs
[2026-01-28T08:33:05.049+0000] {logging_mixin.py:188} INFO - [2026-01-28T08:33:05.049+0000] {dag.py:3823} INFO - Setting next_dagrun for spark_sgp4_streaming to None, run_after=None
[2026-01-28T08:33:05.077+0000] {processor.py:183} INFO - Processing /opt/airflow/dags/airflow_dag_spark_streaming.py took 0.140 seconds
[2026-01-28T08:33:35.267+0000] {processor.py:161} INFO - Started process (PID=1229) to work on /opt/airflow/dags/airflow_dag_spark_streaming.py
[2026-01-28T08:33:35.274+0000] {processor.py:830} INFO - Processing file /opt/airflow/dags/airflow_dag_spark_streaming.py for tasks to queue
[2026-01-28T08:33:35.277+0000] {logging_mixin.py:188} INFO - [2026-01-28T08:33:35.276+0000] {dagbag.py:538} INFO - Filling up the DagBag from /opt/airflow/dags/airflow_dag_spark_streaming.py
[2026-01-28T08:33:35.323+0000] {processor.py:840} INFO - DAG(s) 'spark_sgp4_streaming' retrieved from /opt/airflow/dags/airflow_dag_spark_streaming.py
[2026-01-28T08:33:35.414+0000] {logging_mixin.py:188} INFO - [2026-01-28T08:33:35.414+0000] {dag.py:3036} INFO - Sync 1 DAGs
[2026-01-28T08:33:35.446+0000] {logging_mixin.py:188} INFO - [2026-01-28T08:33:35.445+0000] {dag.py:3823} INFO - Setting next_dagrun for spark_sgp4_streaming to None, run_after=None
[2026-01-28T08:33:35.484+0000] {processor.py:183} INFO - Processing /opt/airflow/dags/airflow_dag_spark_streaming.py took 0.231 seconds
[2026-01-28T08:34:05.672+0000] {processor.py:161} INFO - Started process (PID=1239) to work on /opt/airflow/dags/airflow_dag_spark_streaming.py
[2026-01-28T08:34:05.673+0000] {processor.py:830} INFO - Processing file /opt/airflow/dags/airflow_dag_spark_streaming.py for tasks to queue
[2026-01-28T08:34:05.675+0000] {logging_mixin.py:188} INFO - [2026-01-28T08:34:05.674+0000] {dagbag.py:538} INFO - Filling up the DagBag from /opt/airflow/dags/airflow_dag_spark_streaming.py
[2026-01-28T08:34:05.702+0000] {processor.py:840} INFO - DAG(s) 'spark_sgp4_streaming' retrieved from /opt/airflow/dags/airflow_dag_spark_streaming.py
[2026-01-28T08:34:05.764+0000] {logging_mixin.py:188} INFO - [2026-01-28T08:34:05.764+0000] {dag.py:3036} INFO - Sync 1 DAGs
[2026-01-28T08:34:05.792+0000] {logging_mixin.py:188} INFO - [2026-01-28T08:34:05.792+0000] {dag.py:3823} INFO - Setting next_dagrun for spark_sgp4_streaming to None, run_after=None
[2026-01-28T08:34:05.823+0000] {processor.py:183} INFO - Processing /opt/airflow/dags/airflow_dag_spark_streaming.py took 0.160 seconds
[2026-01-28T08:34:36.001+0000] {processor.py:161} INFO - Started process (PID=1249) to work on /opt/airflow/dags/airflow_dag_spark_streaming.py
[2026-01-28T08:34:36.004+0000] {processor.py:830} INFO - Processing file /opt/airflow/dags/airflow_dag_spark_streaming.py for tasks to queue
[2026-01-28T08:34:36.005+0000] {logging_mixin.py:188} INFO - [2026-01-28T08:34:36.005+0000] {dagbag.py:538} INFO - Filling up the DagBag from /opt/airflow/dags/airflow_dag_spark_streaming.py
[2026-01-28T08:34:36.026+0000] {processor.py:840} INFO - DAG(s) 'spark_sgp4_streaming' retrieved from /opt/airflow/dags/airflow_dag_spark_streaming.py
[2026-01-28T08:34:36.076+0000] {logging_mixin.py:188} INFO - [2026-01-28T08:34:36.076+0000] {dag.py:3036} INFO - Sync 1 DAGs
[2026-01-28T08:34:36.106+0000] {logging_mixin.py:188} INFO - [2026-01-28T08:34:36.106+0000] {dag.py:3823} INFO - Setting next_dagrun for spark_sgp4_streaming to None, run_after=None
[2026-01-28T08:34:36.138+0000] {processor.py:183} INFO - Processing /opt/airflow/dags/airflow_dag_spark_streaming.py took 0.143 seconds
[2026-01-28T08:35:01.288+0000] {processor.py:161} INFO - Started process (PID=1259) to work on /opt/airflow/dags/airflow_dag_spark_streaming.py
[2026-01-28T08:35:01.290+0000] {processor.py:830} INFO - Processing file /opt/airflow/dags/airflow_dag_spark_streaming.py for tasks to queue
[2026-01-28T08:35:01.291+0000] {logging_mixin.py:188} INFO - [2026-01-28T08:35:01.290+0000] {dagbag.py:538} INFO - Filling up the DagBag from /opt/airflow/dags/airflow_dag_spark_streaming.py
[2026-01-28T08:35:01.304+0000] {processor.py:840} INFO - DAG(s) 'spark_sgp4_streaming' retrieved from /opt/airflow/dags/airflow_dag_spark_streaming.py
[2026-01-28T08:35:01.346+0000] {logging_mixin.py:188} INFO - [2026-01-28T08:35:01.346+0000] {dag.py:3036} INFO - Sync 1 DAGs
[2026-01-28T08:35:01.365+0000] {logging_mixin.py:188} INFO - [2026-01-28T08:35:01.365+0000] {dag.py:3823} INFO - Setting next_dagrun for spark_sgp4_streaming to None, run_after=None
[2026-01-28T08:35:01.388+0000] {processor.py:183} INFO - Processing /opt/airflow/dags/airflow_dag_spark_streaming.py took 0.103 seconds
[2026-01-28T08:35:31.572+0000] {processor.py:161} INFO - Started process (PID=1269) to work on /opt/airflow/dags/airflow_dag_spark_streaming.py
[2026-01-28T08:35:31.575+0000] {processor.py:830} INFO - Processing file /opt/airflow/dags/airflow_dag_spark_streaming.py for tasks to queue
[2026-01-28T08:35:31.577+0000] {logging_mixin.py:188} INFO - [2026-01-28T08:35:31.576+0000] {dagbag.py:538} INFO - Filling up the DagBag from /opt/airflow/dags/airflow_dag_spark_streaming.py
[2026-01-28T08:35:31.598+0000] {processor.py:840} INFO - DAG(s) 'spark_sgp4_streaming' retrieved from /opt/airflow/dags/airflow_dag_spark_streaming.py
[2026-01-28T08:35:31.642+0000] {logging_mixin.py:188} INFO - [2026-01-28T08:35:31.642+0000] {dag.py:3036} INFO - Sync 1 DAGs
[2026-01-28T08:35:31.663+0000] {logging_mixin.py:188} INFO - [2026-01-28T08:35:31.663+0000] {dag.py:3823} INFO - Setting next_dagrun for spark_sgp4_streaming to None, run_after=None
[2026-01-28T08:35:31.687+0000] {processor.py:183} INFO - Processing /opt/airflow/dags/airflow_dag_spark_streaming.py took 0.121 seconds
[2026-01-28T08:36:01.858+0000] {processor.py:161} INFO - Started process (PID=1279) to work on /opt/airflow/dags/airflow_dag_spark_streaming.py
[2026-01-28T08:36:01.859+0000] {processor.py:830} INFO - Processing file /opt/airflow/dags/airflow_dag_spark_streaming.py for tasks to queue
[2026-01-28T08:36:01.860+0000] {logging_mixin.py:188} INFO - [2026-01-28T08:36:01.860+0000] {dagbag.py:538} INFO - Filling up the DagBag from /opt/airflow/dags/airflow_dag_spark_streaming.py
[2026-01-28T08:36:01.881+0000] {processor.py:840} INFO - DAG(s) 'spark_sgp4_streaming' retrieved from /opt/airflow/dags/airflow_dag_spark_streaming.py
[2026-01-28T08:36:01.923+0000] {logging_mixin.py:188} INFO - [2026-01-28T08:36:01.923+0000] {dag.py:3036} INFO - Sync 1 DAGs
[2026-01-28T08:36:01.942+0000] {logging_mixin.py:188} INFO - [2026-01-28T08:36:01.942+0000] {dag.py:3823} INFO - Setting next_dagrun for spark_sgp4_streaming to None, run_after=None
[2026-01-28T08:36:01.966+0000] {processor.py:183} INFO - Processing /opt/airflow/dags/airflow_dag_spark_streaming.py took 0.114 seconds
[2026-01-28T08:36:32.123+0000] {processor.py:161} INFO - Started process (PID=1289) to work on /opt/airflow/dags/airflow_dag_spark_streaming.py
[2026-01-28T08:36:32.126+0000] {processor.py:830} INFO - Processing file /opt/airflow/dags/airflow_dag_spark_streaming.py for tasks to queue
[2026-01-28T08:36:32.128+0000] {logging_mixin.py:188} INFO - [2026-01-28T08:36:32.127+0000] {dagbag.py:538} INFO - Filling up the DagBag from /opt/airflow/dags/airflow_dag_spark_streaming.py
[2026-01-28T08:36:32.154+0000] {processor.py:840} INFO - DAG(s) 'spark_sgp4_streaming' retrieved from /opt/airflow/dags/airflow_dag_spark_streaming.py
[2026-01-28T08:36:32.215+0000] {logging_mixin.py:188} INFO - [2026-01-28T08:36:32.215+0000] {dag.py:3036} INFO - Sync 1 DAGs
[2026-01-28T08:36:32.251+0000] {logging_mixin.py:188} INFO - [2026-01-28T08:36:32.251+0000] {dag.py:3823} INFO - Setting next_dagrun for spark_sgp4_streaming to None, run_after=None
[2026-01-28T08:36:32.285+0000] {processor.py:183} INFO - Processing /opt/airflow/dags/airflow_dag_spark_streaming.py took 0.171 seconds
[2026-01-28T08:37:02.450+0000] {processor.py:161} INFO - Started process (PID=1299) to work on /opt/airflow/dags/airflow_dag_spark_streaming.py
[2026-01-28T08:37:02.453+0000] {processor.py:830} INFO - Processing file /opt/airflow/dags/airflow_dag_spark_streaming.py for tasks to queue
[2026-01-28T08:37:02.454+0000] {logging_mixin.py:188} INFO - [2026-01-28T08:37:02.453+0000] {dagbag.py:538} INFO - Filling up the DagBag from /opt/airflow/dags/airflow_dag_spark_streaming.py
[2026-01-28T08:37:02.466+0000] {processor.py:840} INFO - DAG(s) 'spark_sgp4_streaming' retrieved from /opt/airflow/dags/airflow_dag_spark_streaming.py
[2026-01-28T08:37:02.509+0000] {logging_mixin.py:188} INFO - [2026-01-28T08:37:02.508+0000] {dag.py:3036} INFO - Sync 1 DAGs
[2026-01-28T08:37:02.526+0000] {logging_mixin.py:188} INFO - [2026-01-28T08:37:02.526+0000] {dag.py:3823} INFO - Setting next_dagrun for spark_sgp4_streaming to None, run_after=None
[2026-01-28T08:37:02.548+0000] {processor.py:183} INFO - Processing /opt/airflow/dags/airflow_dag_spark_streaming.py took 0.104 seconds
[2026-01-28T08:37:32.707+0000] {processor.py:161} INFO - Started process (PID=1309) to work on /opt/airflow/dags/airflow_dag_spark_streaming.py
[2026-01-28T08:37:32.709+0000] {processor.py:830} INFO - Processing file /opt/airflow/dags/airflow_dag_spark_streaming.py for tasks to queue
[2026-01-28T08:37:32.710+0000] {logging_mixin.py:188} INFO - [2026-01-28T08:37:32.710+0000] {dagbag.py:538} INFO - Filling up the DagBag from /opt/airflow/dags/airflow_dag_spark_streaming.py
[2026-01-28T08:37:32.727+0000] {processor.py:840} INFO - DAG(s) 'spark_sgp4_streaming' retrieved from /opt/airflow/dags/airflow_dag_spark_streaming.py
[2026-01-28T08:37:32.780+0000] {logging_mixin.py:188} INFO - [2026-01-28T08:37:32.780+0000] {dag.py:3036} INFO - Sync 1 DAGs
[2026-01-28T08:37:32.808+0000] {logging_mixin.py:188} INFO - [2026-01-28T08:37:32.807+0000] {dag.py:3823} INFO - Setting next_dagrun for spark_sgp4_streaming to None, run_after=None
[2026-01-28T08:37:32.839+0000] {processor.py:183} INFO - Processing /opt/airflow/dags/airflow_dag_spark_streaming.py took 0.135 seconds
[2026-01-28T08:38:03.000+0000] {processor.py:161} INFO - Started process (PID=1319) to work on /opt/airflow/dags/airflow_dag_spark_streaming.py
[2026-01-28T08:38:03.002+0000] {processor.py:830} INFO - Processing file /opt/airflow/dags/airflow_dag_spark_streaming.py for tasks to queue
[2026-01-28T08:38:03.003+0000] {logging_mixin.py:188} INFO - [2026-01-28T08:38:03.003+0000] {dagbag.py:538} INFO - Filling up the DagBag from /opt/airflow/dags/airflow_dag_spark_streaming.py
[2026-01-28T08:38:03.016+0000] {processor.py:840} INFO - DAG(s) 'spark_sgp4_streaming' retrieved from /opt/airflow/dags/airflow_dag_spark_streaming.py
[2026-01-28T08:38:03.066+0000] {logging_mixin.py:188} INFO - [2026-01-28T08:38:03.065+0000] {dag.py:3036} INFO - Sync 1 DAGs
[2026-01-28T08:38:03.085+0000] {logging_mixin.py:188} INFO - [2026-01-28T08:38:03.085+0000] {dag.py:3823} INFO - Setting next_dagrun for spark_sgp4_streaming to None, run_after=None
[2026-01-28T08:38:03.106+0000] {processor.py:183} INFO - Processing /opt/airflow/dags/airflow_dag_spark_streaming.py took 0.110 seconds
[2026-01-28T08:38:33.280+0000] {processor.py:161} INFO - Started process (PID=1329) to work on /opt/airflow/dags/airflow_dag_spark_streaming.py
[2026-01-28T08:38:33.283+0000] {processor.py:830} INFO - Processing file /opt/airflow/dags/airflow_dag_spark_streaming.py for tasks to queue
[2026-01-28T08:38:33.284+0000] {logging_mixin.py:188} INFO - [2026-01-28T08:38:33.284+0000] {dagbag.py:538} INFO - Filling up the DagBag from /opt/airflow/dags/airflow_dag_spark_streaming.py
[2026-01-28T08:38:33.300+0000] {processor.py:840} INFO - DAG(s) 'spark_sgp4_streaming' retrieved from /opt/airflow/dags/airflow_dag_spark_streaming.py
[2026-01-28T08:38:33.339+0000] {logging_mixin.py:188} INFO - [2026-01-28T08:38:33.339+0000] {dag.py:3036} INFO - Sync 1 DAGs
[2026-01-28T08:38:33.366+0000] {logging_mixin.py:188} INFO - [2026-01-28T08:38:33.366+0000] {dag.py:3823} INFO - Setting next_dagrun for spark_sgp4_streaming to None, run_after=None
[2026-01-28T08:38:33.393+0000] {processor.py:183} INFO - Processing /opt/airflow/dags/airflow_dag_spark_streaming.py took 0.119 seconds
[2026-01-28T08:39:03.556+0000] {processor.py:161} INFO - Started process (PID=1339) to work on /opt/airflow/dags/airflow_dag_spark_streaming.py
[2026-01-28T08:39:03.558+0000] {processor.py:830} INFO - Processing file /opt/airflow/dags/airflow_dag_spark_streaming.py for tasks to queue
[2026-01-28T08:39:03.559+0000] {logging_mixin.py:188} INFO - [2026-01-28T08:39:03.559+0000] {dagbag.py:538} INFO - Filling up the DagBag from /opt/airflow/dags/airflow_dag_spark_streaming.py
[2026-01-28T08:39:03.574+0000] {processor.py:840} INFO - DAG(s) 'spark_sgp4_streaming' retrieved from /opt/airflow/dags/airflow_dag_spark_streaming.py
[2026-01-28T08:39:03.621+0000] {logging_mixin.py:188} INFO - [2026-01-28T08:39:03.620+0000] {dag.py:3036} INFO - Sync 1 DAGs
[2026-01-28T08:39:03.647+0000] {logging_mixin.py:188} INFO - [2026-01-28T08:39:03.647+0000] {dag.py:3823} INFO - Setting next_dagrun for spark_sgp4_streaming to None, run_after=None
[2026-01-28T08:39:03.671+0000] {processor.py:183} INFO - Processing /opt/airflow/dags/airflow_dag_spark_streaming.py took 0.120 seconds
[2026-01-28T08:39:33.842+0000] {processor.py:161} INFO - Started process (PID=1349) to work on /opt/airflow/dags/airflow_dag_spark_streaming.py
[2026-01-28T08:39:33.845+0000] {processor.py:830} INFO - Processing file /opt/airflow/dags/airflow_dag_spark_streaming.py for tasks to queue
[2026-01-28T08:39:33.847+0000] {logging_mixin.py:188} INFO - [2026-01-28T08:39:33.846+0000] {dagbag.py:538} INFO - Filling up the DagBag from /opt/airflow/dags/airflow_dag_spark_streaming.py
[2026-01-28T08:39:33.868+0000] {processor.py:840} INFO - DAG(s) 'spark_sgp4_streaming' retrieved from /opt/airflow/dags/airflow_dag_spark_streaming.py
[2026-01-28T08:39:33.906+0000] {logging_mixin.py:188} INFO - [2026-01-28T08:39:33.906+0000] {dag.py:3036} INFO - Sync 1 DAGs
[2026-01-28T08:39:33.926+0000] {logging_mixin.py:188} INFO - [2026-01-28T08:39:33.926+0000] {dag.py:3823} INFO - Setting next_dagrun for spark_sgp4_streaming to None, run_after=None
[2026-01-28T08:39:33.958+0000] {processor.py:183} INFO - Processing /opt/airflow/dags/airflow_dag_spark_streaming.py took 0.122 seconds
[2026-01-28T08:40:04.139+0000] {processor.py:161} INFO - Started process (PID=1359) to work on /opt/airflow/dags/airflow_dag_spark_streaming.py
[2026-01-28T08:40:04.140+0000] {processor.py:830} INFO - Processing file /opt/airflow/dags/airflow_dag_spark_streaming.py for tasks to queue
[2026-01-28T08:40:04.141+0000] {logging_mixin.py:188} INFO - [2026-01-28T08:40:04.140+0000] {dagbag.py:538} INFO - Filling up the DagBag from /opt/airflow/dags/airflow_dag_spark_streaming.py
[2026-01-28T08:40:04.153+0000] {processor.py:840} INFO - DAG(s) 'spark_sgp4_streaming' retrieved from /opt/airflow/dags/airflow_dag_spark_streaming.py
[2026-01-28T08:40:04.190+0000] {logging_mixin.py:188} INFO - [2026-01-28T08:40:04.190+0000] {dag.py:3036} INFO - Sync 1 DAGs
[2026-01-28T08:40:04.208+0000] {logging_mixin.py:188} INFO - [2026-01-28T08:40:04.207+0000] {dag.py:3823} INFO - Setting next_dagrun for spark_sgp4_streaming to None, run_after=None
[2026-01-28T08:40:04.233+0000] {processor.py:183} INFO - Processing /opt/airflow/dags/airflow_dag_spark_streaming.py took 0.098 seconds
[2026-01-28T08:40:34.405+0000] {processor.py:161} INFO - Started process (PID=1369) to work on /opt/airflow/dags/airflow_dag_spark_streaming.py
[2026-01-28T08:40:34.406+0000] {processor.py:830} INFO - Processing file /opt/airflow/dags/airflow_dag_spark_streaming.py for tasks to queue
[2026-01-28T08:40:34.408+0000] {logging_mixin.py:188} INFO - [2026-01-28T08:40:34.407+0000] {dagbag.py:538} INFO - Filling up the DagBag from /opt/airflow/dags/airflow_dag_spark_streaming.py
[2026-01-28T08:40:34.423+0000] {processor.py:840} INFO - DAG(s) 'spark_sgp4_streaming' retrieved from /opt/airflow/dags/airflow_dag_spark_streaming.py
[2026-01-28T08:40:34.469+0000] {logging_mixin.py:188} INFO - [2026-01-28T08:40:34.469+0000] {dag.py:3036} INFO - Sync 1 DAGs
[2026-01-28T08:40:34.490+0000] {logging_mixin.py:188} INFO - [2026-01-28T08:40:34.489+0000] {dag.py:3823} INFO - Setting next_dagrun for spark_sgp4_streaming to None, run_after=None
[2026-01-28T08:40:34.513+0000] {processor.py:183} INFO - Processing /opt/airflow/dags/airflow_dag_spark_streaming.py took 0.113 seconds
[2026-01-28T08:41:04.699+0000] {processor.py:161} INFO - Started process (PID=1379) to work on /opt/airflow/dags/airflow_dag_spark_streaming.py
[2026-01-28T08:41:04.701+0000] {processor.py:830} INFO - Processing file /opt/airflow/dags/airflow_dag_spark_streaming.py for tasks to queue
[2026-01-28T08:41:04.702+0000] {logging_mixin.py:188} INFO - [2026-01-28T08:41:04.701+0000] {dagbag.py:538} INFO - Filling up the DagBag from /opt/airflow/dags/airflow_dag_spark_streaming.py
[2026-01-28T08:41:04.718+0000] {processor.py:840} INFO - DAG(s) 'spark_sgp4_streaming' retrieved from /opt/airflow/dags/airflow_dag_spark_streaming.py
[2026-01-28T08:41:04.768+0000] {logging_mixin.py:188} INFO - [2026-01-28T08:41:04.768+0000] {dag.py:3036} INFO - Sync 1 DAGs
[2026-01-28T08:41:04.791+0000] {logging_mixin.py:188} INFO - [2026-01-28T08:41:04.791+0000] {dag.py:3823} INFO - Setting next_dagrun for spark_sgp4_streaming to None, run_after=None
[2026-01-28T08:41:04.821+0000] {processor.py:183} INFO - Processing /opt/airflow/dags/airflow_dag_spark_streaming.py took 0.126 seconds
[2026-01-28T08:41:35.000+0000] {processor.py:161} INFO - Started process (PID=1389) to work on /opt/airflow/dags/airflow_dag_spark_streaming.py
[2026-01-28T08:41:35.002+0000] {processor.py:830} INFO - Processing file /opt/airflow/dags/airflow_dag_spark_streaming.py for tasks to queue
[2026-01-28T08:41:35.003+0000] {logging_mixin.py:188} INFO - [2026-01-28T08:41:35.003+0000] {dagbag.py:538} INFO - Filling up the DagBag from /opt/airflow/dags/airflow_dag_spark_streaming.py
[2026-01-28T08:41:35.016+0000] {processor.py:840} INFO - DAG(s) 'spark_sgp4_streaming' retrieved from /opt/airflow/dags/airflow_dag_spark_streaming.py
[2026-01-28T08:41:35.050+0000] {logging_mixin.py:188} INFO - [2026-01-28T08:41:35.050+0000] {dag.py:3036} INFO - Sync 1 DAGs
[2026-01-28T08:41:35.070+0000] {logging_mixin.py:188} INFO - [2026-01-28T08:41:35.069+0000] {dag.py:3823} INFO - Setting next_dagrun for spark_sgp4_streaming to None, run_after=None
[2026-01-28T08:41:35.095+0000] {processor.py:183} INFO - Processing /opt/airflow/dags/airflow_dag_spark_streaming.py took 0.099 seconds
[2026-01-28T08:42:05.275+0000] {processor.py:161} INFO - Started process (PID=1399) to work on /opt/airflow/dags/airflow_dag_spark_streaming.py
[2026-01-28T08:42:05.277+0000] {processor.py:830} INFO - Processing file /opt/airflow/dags/airflow_dag_spark_streaming.py for tasks to queue
[2026-01-28T08:42:05.279+0000] {logging_mixin.py:188} INFO - [2026-01-28T08:42:05.278+0000] {dagbag.py:538} INFO - Filling up the DagBag from /opt/airflow/dags/airflow_dag_spark_streaming.py
[2026-01-28T08:42:05.300+0000] {processor.py:840} INFO - DAG(s) 'spark_sgp4_streaming' retrieved from /opt/airflow/dags/airflow_dag_spark_streaming.py
[2026-01-28T08:42:05.358+0000] {logging_mixin.py:188} INFO - [2026-01-28T08:42:05.357+0000] {dag.py:3036} INFO - Sync 1 DAGs
[2026-01-28T08:42:05.384+0000] {logging_mixin.py:188} INFO - [2026-01-28T08:42:05.384+0000] {dag.py:3823} INFO - Setting next_dagrun for spark_sgp4_streaming to None, run_after=None
[2026-01-28T08:42:05.417+0000] {processor.py:183} INFO - Processing /opt/airflow/dags/airflow_dag_spark_streaming.py took 0.148 seconds
[2026-01-28T08:42:35.603+0000] {processor.py:161} INFO - Started process (PID=1409) to work on /opt/airflow/dags/airflow_dag_spark_streaming.py
[2026-01-28T08:42:35.604+0000] {processor.py:830} INFO - Processing file /opt/airflow/dags/airflow_dag_spark_streaming.py for tasks to queue
[2026-01-28T08:42:35.605+0000] {logging_mixin.py:188} INFO - [2026-01-28T08:42:35.605+0000] {dagbag.py:538} INFO - Filling up the DagBag from /opt/airflow/dags/airflow_dag_spark_streaming.py
[2026-01-28T08:42:35.618+0000] {processor.py:840} INFO - DAG(s) 'spark_sgp4_streaming' retrieved from /opt/airflow/dags/airflow_dag_spark_streaming.py
[2026-01-28T08:42:35.652+0000] {logging_mixin.py:188} INFO - [2026-01-28T08:42:35.652+0000] {dag.py:3036} INFO - Sync 1 DAGs
[2026-01-28T08:42:35.669+0000] {logging_mixin.py:188} INFO - [2026-01-28T08:42:35.669+0000] {dag.py:3823} INFO - Setting next_dagrun for spark_sgp4_streaming to None, run_after=None
[2026-01-28T08:42:35.694+0000] {processor.py:183} INFO - Processing /opt/airflow/dags/airflow_dag_spark_streaming.py took 0.095 seconds
[2026-01-28T08:43:05.888+0000] {processor.py:161} INFO - Started process (PID=1419) to work on /opt/airflow/dags/airflow_dag_spark_streaming.py
[2026-01-28T08:43:05.891+0000] {processor.py:830} INFO - Processing file /opt/airflow/dags/airflow_dag_spark_streaming.py for tasks to queue
[2026-01-28T08:43:05.893+0000] {logging_mixin.py:188} INFO - [2026-01-28T08:43:05.892+0000] {dagbag.py:538} INFO - Filling up the DagBag from /opt/airflow/dags/airflow_dag_spark_streaming.py
[2026-01-28T08:43:05.914+0000] {processor.py:840} INFO - DAG(s) 'spark_sgp4_streaming' retrieved from /opt/airflow/dags/airflow_dag_spark_streaming.py
[2026-01-28T08:43:05.969+0000] {logging_mixin.py:188} INFO - [2026-01-28T08:43:05.969+0000] {dag.py:3036} INFO - Sync 1 DAGs
[2026-01-28T08:43:05.994+0000] {logging_mixin.py:188} INFO - [2026-01-28T08:43:05.994+0000] {dag.py:3823} INFO - Setting next_dagrun for spark_sgp4_streaming to None, run_after=None
[2026-01-28T08:43:06.030+0000] {processor.py:183} INFO - Processing /opt/airflow/dags/airflow_dag_spark_streaming.py took 0.148 seconds
[2026-01-28T08:43:36.221+0000] {processor.py:161} INFO - Started process (PID=1429) to work on /opt/airflow/dags/airflow_dag_spark_streaming.py
[2026-01-28T08:43:36.224+0000] {processor.py:830} INFO - Processing file /opt/airflow/dags/airflow_dag_spark_streaming.py for tasks to queue
[2026-01-28T08:43:36.225+0000] {logging_mixin.py:188} INFO - [2026-01-28T08:43:36.225+0000] {dagbag.py:538} INFO - Filling up the DagBag from /opt/airflow/dags/airflow_dag_spark_streaming.py
[2026-01-28T08:43:36.238+0000] {processor.py:840} INFO - DAG(s) 'spark_sgp4_streaming' retrieved from /opt/airflow/dags/airflow_dag_spark_streaming.py
[2026-01-28T08:43:36.287+0000] {logging_mixin.py:188} INFO - [2026-01-28T08:43:36.286+0000] {dag.py:3036} INFO - Sync 1 DAGs
[2026-01-28T08:43:36.314+0000] {logging_mixin.py:188} INFO - [2026-01-28T08:43:36.314+0000] {dag.py:3823} INFO - Setting next_dagrun for spark_sgp4_streaming to None, run_after=None
[2026-01-28T08:43:36.346+0000] {processor.py:183} INFO - Processing /opt/airflow/dags/airflow_dag_spark_streaming.py took 0.128 seconds
[2026-01-28T08:44:06.526+0000] {processor.py:161} INFO - Started process (PID=1439) to work on /opt/airflow/dags/airflow_dag_spark_streaming.py
[2026-01-28T08:44:06.528+0000] {processor.py:830} INFO - Processing file /opt/airflow/dags/airflow_dag_spark_streaming.py for tasks to queue
[2026-01-28T08:44:06.529+0000] {logging_mixin.py:188} INFO - [2026-01-28T08:44:06.529+0000] {dagbag.py:538} INFO - Filling up the DagBag from /opt/airflow/dags/airflow_dag_spark_streaming.py
[2026-01-28T08:44:06.545+0000] {processor.py:840} INFO - DAG(s) 'spark_sgp4_streaming' retrieved from /opt/airflow/dags/airflow_dag_spark_streaming.py
[2026-01-28T08:44:06.595+0000] {logging_mixin.py:188} INFO - [2026-01-28T08:44:06.594+0000] {dag.py:3036} INFO - Sync 1 DAGs
[2026-01-28T08:44:06.616+0000] {logging_mixin.py:188} INFO - [2026-01-28T08:44:06.616+0000] {dag.py:3823} INFO - Setting next_dagrun for spark_sgp4_streaming to None, run_after=None
[2026-01-28T08:44:06.637+0000] {processor.py:183} INFO - Processing /opt/airflow/dags/airflow_dag_spark_streaming.py took 0.115 seconds
[2026-01-28T08:44:36.811+0000] {processor.py:161} INFO - Started process (PID=1449) to work on /opt/airflow/dags/airflow_dag_spark_streaming.py
[2026-01-28T08:44:36.812+0000] {processor.py:830} INFO - Processing file /opt/airflow/dags/airflow_dag_spark_streaming.py for tasks to queue
[2026-01-28T08:44:36.814+0000] {logging_mixin.py:188} INFO - [2026-01-28T08:44:36.813+0000] {dagbag.py:538} INFO - Filling up the DagBag from /opt/airflow/dags/airflow_dag_spark_streaming.py
[2026-01-28T08:44:36.827+0000] {processor.py:840} INFO - DAG(s) 'spark_sgp4_streaming' retrieved from /opt/airflow/dags/airflow_dag_spark_streaming.py
[2026-01-28T08:44:36.868+0000] {logging_mixin.py:188} INFO - [2026-01-28T08:44:36.867+0000] {dag.py:3036} INFO - Sync 1 DAGs
[2026-01-28T08:44:36.892+0000] {logging_mixin.py:188} INFO - [2026-01-28T08:44:36.891+0000] {dag.py:3823} INFO - Setting next_dagrun for spark_sgp4_streaming to None, run_after=None
[2026-01-28T08:44:36.920+0000] {processor.py:183} INFO - Processing /opt/airflow/dags/airflow_dag_spark_streaming.py took 0.113 seconds
[2026-01-28T08:45:07.095+0000] {processor.py:161} INFO - Started process (PID=1459) to work on /opt/airflow/dags/airflow_dag_spark_streaming.py
[2026-01-28T08:45:07.098+0000] {processor.py:830} INFO - Processing file /opt/airflow/dags/airflow_dag_spark_streaming.py for tasks to queue
[2026-01-28T08:45:07.099+0000] {logging_mixin.py:188} INFO - [2026-01-28T08:45:07.098+0000] {dagbag.py:538} INFO - Filling up the DagBag from /opt/airflow/dags/airflow_dag_spark_streaming.py
[2026-01-28T08:45:07.113+0000] {processor.py:840} INFO - DAG(s) 'spark_sgp4_streaming' retrieved from /opt/airflow/dags/airflow_dag_spark_streaming.py
[2026-01-28T08:45:07.155+0000] {logging_mixin.py:188} INFO - [2026-01-28T08:45:07.155+0000] {dag.py:3036} INFO - Sync 1 DAGs
[2026-01-28T08:45:07.181+0000] {logging_mixin.py:188} INFO - [2026-01-28T08:45:07.181+0000] {dag.py:3823} INFO - Setting next_dagrun for spark_sgp4_streaming to None, run_after=None
[2026-01-28T08:45:07.205+0000] {processor.py:183} INFO - Processing /opt/airflow/dags/airflow_dag_spark_streaming.py took 0.113 seconds
[2026-01-28T08:45:37.392+0000] {processor.py:161} INFO - Started process (PID=1469) to work on /opt/airflow/dags/airflow_dag_spark_streaming.py
[2026-01-28T08:45:37.394+0000] {processor.py:830} INFO - Processing file /opt/airflow/dags/airflow_dag_spark_streaming.py for tasks to queue
[2026-01-28T08:45:37.395+0000] {logging_mixin.py:188} INFO - [2026-01-28T08:45:37.395+0000] {dagbag.py:538} INFO - Filling up the DagBag from /opt/airflow/dags/airflow_dag_spark_streaming.py
[2026-01-28T08:45:37.417+0000] {processor.py:840} INFO - DAG(s) 'spark_sgp4_streaming' retrieved from /opt/airflow/dags/airflow_dag_spark_streaming.py
[2026-01-28T08:45:37.474+0000] {logging_mixin.py:188} INFO - [2026-01-28T08:45:37.474+0000] {dag.py:3036} INFO - Sync 1 DAGs
[2026-01-28T08:45:37.500+0000] {logging_mixin.py:188} INFO - [2026-01-28T08:45:37.499+0000] {dag.py:3823} INFO - Setting next_dagrun for spark_sgp4_streaming to None, run_after=None
[2026-01-28T08:45:37.533+0000] {processor.py:183} INFO - Processing /opt/airflow/dags/airflow_dag_spark_streaming.py took 0.147 seconds
[2026-01-28T08:46:07.704+0000] {processor.py:161} INFO - Started process (PID=1479) to work on /opt/airflow/dags/airflow_dag_spark_streaming.py
[2026-01-28T08:46:07.707+0000] {processor.py:830} INFO - Processing file /opt/airflow/dags/airflow_dag_spark_streaming.py for tasks to queue
[2026-01-28T08:46:07.708+0000] {logging_mixin.py:188} INFO - [2026-01-28T08:46:07.707+0000] {dagbag.py:538} INFO - Filling up the DagBag from /opt/airflow/dags/airflow_dag_spark_streaming.py
[2026-01-28T08:46:07.721+0000] {processor.py:840} INFO - DAG(s) 'spark_sgp4_streaming' retrieved from /opt/airflow/dags/airflow_dag_spark_streaming.py
[2026-01-28T08:46:07.760+0000] {logging_mixin.py:188} INFO - [2026-01-28T08:46:07.760+0000] {dag.py:3036} INFO - Sync 1 DAGs
[2026-01-28T08:46:07.786+0000] {logging_mixin.py:188} INFO - [2026-01-28T08:46:07.785+0000] {dag.py:3823} INFO - Setting next_dagrun for spark_sgp4_streaming to None, run_after=None
[2026-01-28T08:46:07.814+0000] {processor.py:183} INFO - Processing /opt/airflow/dags/airflow_dag_spark_streaming.py took 0.115 seconds
[2026-01-28T08:46:37.997+0000] {processor.py:161} INFO - Started process (PID=1489) to work on /opt/airflow/dags/airflow_dag_spark_streaming.py
[2026-01-28T08:46:37.999+0000] {processor.py:830} INFO - Processing file /opt/airflow/dags/airflow_dag_spark_streaming.py for tasks to queue
[2026-01-28T08:46:38.001+0000] {logging_mixin.py:188} INFO - [2026-01-28T08:46:38.000+0000] {dagbag.py:538} INFO - Filling up the DagBag from /opt/airflow/dags/airflow_dag_spark_streaming.py
[2026-01-28T08:46:38.022+0000] {processor.py:840} INFO - DAG(s) 'spark_sgp4_streaming' retrieved from /opt/airflow/dags/airflow_dag_spark_streaming.py
[2026-01-28T08:46:38.068+0000] {logging_mixin.py:188} INFO - [2026-01-28T08:46:38.068+0000] {dag.py:3036} INFO - Sync 1 DAGs
[2026-01-28T08:46:38.095+0000] {logging_mixin.py:188} INFO - [2026-01-28T08:46:38.095+0000] {dag.py:3823} INFO - Setting next_dagrun for spark_sgp4_streaming to None, run_after=None
[2026-01-28T08:46:38.127+0000] {processor.py:183} INFO - Processing /opt/airflow/dags/airflow_dag_spark_streaming.py took 0.137 seconds
[2026-01-28T08:47:08.308+0000] {processor.py:161} INFO - Started process (PID=1499) to work on /opt/airflow/dags/airflow_dag_spark_streaming.py
[2026-01-28T08:47:08.311+0000] {processor.py:830} INFO - Processing file /opt/airflow/dags/airflow_dag_spark_streaming.py for tasks to queue
[2026-01-28T08:47:08.312+0000] {logging_mixin.py:188} INFO - [2026-01-28T08:47:08.311+0000] {dagbag.py:538} INFO - Filling up the DagBag from /opt/airflow/dags/airflow_dag_spark_streaming.py
[2026-01-28T08:47:08.326+0000] {processor.py:840} INFO - DAG(s) 'spark_sgp4_streaming' retrieved from /opt/airflow/dags/airflow_dag_spark_streaming.py
[2026-01-28T08:47:08.366+0000] {logging_mixin.py:188} INFO - [2026-01-28T08:47:08.366+0000] {dag.py:3036} INFO - Sync 1 DAGs
[2026-01-28T08:47:08.390+0000] {logging_mixin.py:188} INFO - [2026-01-28T08:47:08.390+0000] {dag.py:3823} INFO - Setting next_dagrun for spark_sgp4_streaming to None, run_after=None
[2026-01-28T08:47:08.416+0000] {processor.py:183} INFO - Processing /opt/airflow/dags/airflow_dag_spark_streaming.py took 0.114 seconds
[2026-01-28T08:47:38.603+0000] {processor.py:161} INFO - Started process (PID=1509) to work on /opt/airflow/dags/airflow_dag_spark_streaming.py
[2026-01-28T08:47:38.605+0000] {processor.py:830} INFO - Processing file /opt/airflow/dags/airflow_dag_spark_streaming.py for tasks to queue
[2026-01-28T08:47:38.606+0000] {logging_mixin.py:188} INFO - [2026-01-28T08:47:38.606+0000] {dagbag.py:538} INFO - Filling up the DagBag from /opt/airflow/dags/airflow_dag_spark_streaming.py
[2026-01-28T08:47:38.624+0000] {processor.py:840} INFO - DAG(s) 'spark_sgp4_streaming' retrieved from /opt/airflow/dags/airflow_dag_spark_streaming.py
[2026-01-28T08:47:38.667+0000] {logging_mixin.py:188} INFO - [2026-01-28T08:47:38.667+0000] {dag.py:3036} INFO - Sync 1 DAGs
[2026-01-28T08:47:38.692+0000] {logging_mixin.py:188} INFO - [2026-01-28T08:47:38.692+0000] {dag.py:3823} INFO - Setting next_dagrun for spark_sgp4_streaming to None, run_after=None
[2026-01-28T08:47:38.719+0000] {processor.py:183} INFO - Processing /opt/airflow/dags/airflow_dag_spark_streaming.py took 0.122 seconds
[2026-01-28T08:48:08.889+0000] {processor.py:161} INFO - Started process (PID=1519) to work on /opt/airflow/dags/airflow_dag_spark_streaming.py
[2026-01-28T08:48:08.891+0000] {processor.py:830} INFO - Processing file /opt/airflow/dags/airflow_dag_spark_streaming.py for tasks to queue
[2026-01-28T08:48:08.892+0000] {logging_mixin.py:188} INFO - [2026-01-28T08:48:08.892+0000] {dagbag.py:538} INFO - Filling up the DagBag from /opt/airflow/dags/airflow_dag_spark_streaming.py
[2026-01-28T08:48:08.913+0000] {processor.py:840} INFO - DAG(s) 'spark_sgp4_streaming' retrieved from /opt/airflow/dags/airflow_dag_spark_streaming.py
[2026-01-28T08:48:08.963+0000] {logging_mixin.py:188} INFO - [2026-01-28T08:48:08.963+0000] {dag.py:3036} INFO - Sync 1 DAGs
[2026-01-28T08:48:08.990+0000] {logging_mixin.py:188} INFO - [2026-01-28T08:48:08.989+0000] {dag.py:3823} INFO - Setting next_dagrun for spark_sgp4_streaming to None, run_after=None
[2026-01-28T08:48:09.022+0000] {processor.py:183} INFO - Processing /opt/airflow/dags/airflow_dag_spark_streaming.py took 0.139 seconds
[2026-01-28T08:48:39.215+0000] {processor.py:161} INFO - Started process (PID=1529) to work on /opt/airflow/dags/airflow_dag_spark_streaming.py
[2026-01-28T08:48:39.218+0000] {processor.py:830} INFO - Processing file /opt/airflow/dags/airflow_dag_spark_streaming.py for tasks to queue
[2026-01-28T08:48:39.219+0000] {logging_mixin.py:188} INFO - [2026-01-28T08:48:39.219+0000] {dagbag.py:538} INFO - Filling up the DagBag from /opt/airflow/dags/airflow_dag_spark_streaming.py
[2026-01-28T08:48:39.238+0000] {processor.py:840} INFO - DAG(s) 'spark_sgp4_streaming' retrieved from /opt/airflow/dags/airflow_dag_spark_streaming.py
[2026-01-28T08:48:39.283+0000] {logging_mixin.py:188} INFO - [2026-01-28T08:48:39.283+0000] {dag.py:3036} INFO - Sync 1 DAGs
[2026-01-28T08:48:39.310+0000] {logging_mixin.py:188} INFO - [2026-01-28T08:48:39.310+0000] {dag.py:3823} INFO - Setting next_dagrun for spark_sgp4_streaming to None, run_after=None
[2026-01-28T08:48:39.344+0000] {processor.py:183} INFO - Processing /opt/airflow/dags/airflow_dag_spark_streaming.py took 0.133 seconds
[2026-01-28T08:49:09.536+0000] {processor.py:161} INFO - Started process (PID=1539) to work on /opt/airflow/dags/airflow_dag_spark_streaming.py
[2026-01-28T08:49:09.538+0000] {processor.py:830} INFO - Processing file /opt/airflow/dags/airflow_dag_spark_streaming.py for tasks to queue
[2026-01-28T08:49:09.540+0000] {logging_mixin.py:188} INFO - [2026-01-28T08:49:09.539+0000] {dagbag.py:538} INFO - Filling up the DagBag from /opt/airflow/dags/airflow_dag_spark_streaming.py
[2026-01-28T08:49:09.561+0000] {processor.py:840} INFO - DAG(s) 'spark_sgp4_streaming' retrieved from /opt/airflow/dags/airflow_dag_spark_streaming.py
[2026-01-28T08:49:09.618+0000] {logging_mixin.py:188} INFO - [2026-01-28T08:49:09.617+0000] {dag.py:3036} INFO - Sync 1 DAGs
[2026-01-28T08:49:09.640+0000] {logging_mixin.py:188} INFO - [2026-01-28T08:49:09.640+0000] {dag.py:3823} INFO - Setting next_dagrun for spark_sgp4_streaming to None, run_after=None
[2026-01-28T08:49:09.666+0000] {processor.py:183} INFO - Processing /opt/airflow/dags/airflow_dag_spark_streaming.py took 0.135 seconds
[2026-01-28T08:49:39.854+0000] {processor.py:161} INFO - Started process (PID=1549) to work on /opt/airflow/dags/airflow_dag_spark_streaming.py
[2026-01-28T08:49:39.857+0000] {processor.py:830} INFO - Processing file /opt/airflow/dags/airflow_dag_spark_streaming.py for tasks to queue
[2026-01-28T08:49:39.859+0000] {logging_mixin.py:188} INFO - [2026-01-28T08:49:39.858+0000] {dagbag.py:538} INFO - Filling up the DagBag from /opt/airflow/dags/airflow_dag_spark_streaming.py
[2026-01-28T08:49:39.880+0000] {processor.py:840} INFO - DAG(s) 'spark_sgp4_streaming' retrieved from /opt/airflow/dags/airflow_dag_spark_streaming.py
[2026-01-28T08:49:39.936+0000] {logging_mixin.py:188} INFO - [2026-01-28T08:49:39.936+0000] {dag.py:3036} INFO - Sync 1 DAGs
[2026-01-28T08:49:39.962+0000] {logging_mixin.py:188} INFO - [2026-01-28T08:49:39.962+0000] {dag.py:3823} INFO - Setting next_dagrun for spark_sgp4_streaming to None, run_after=None
[2026-01-28T08:49:39.989+0000] {processor.py:183} INFO - Processing /opt/airflow/dags/airflow_dag_spark_streaming.py took 0.141 seconds
[2026-01-28T08:50:10.184+0000] {processor.py:161} INFO - Started process (PID=1559) to work on /opt/airflow/dags/airflow_dag_spark_streaming.py
[2026-01-28T08:50:10.186+0000] {processor.py:830} INFO - Processing file /opt/airflow/dags/airflow_dag_spark_streaming.py for tasks to queue
[2026-01-28T08:50:10.187+0000] {logging_mixin.py:188} INFO - [2026-01-28T08:50:10.187+0000] {dagbag.py:538} INFO - Filling up the DagBag from /opt/airflow/dags/airflow_dag_spark_streaming.py
[2026-01-28T08:50:10.208+0000] {processor.py:840} INFO - DAG(s) 'spark_sgp4_streaming' retrieved from /opt/airflow/dags/airflow_dag_spark_streaming.py
[2026-01-28T08:50:10.265+0000] {logging_mixin.py:188} INFO - [2026-01-28T08:50:10.265+0000] {dag.py:3036} INFO - Sync 1 DAGs
[2026-01-28T08:50:10.291+0000] {logging_mixin.py:188} INFO - [2026-01-28T08:50:10.290+0000] {dag.py:3823} INFO - Setting next_dagrun for spark_sgp4_streaming to None, run_after=None
[2026-01-28T08:50:10.322+0000] {processor.py:183} INFO - Processing /opt/airflow/dags/airflow_dag_spark_streaming.py took 0.144 seconds
[2026-01-28T08:50:40.508+0000] {processor.py:161} INFO - Started process (PID=1569) to work on /opt/airflow/dags/airflow_dag_spark_streaming.py
[2026-01-28T08:50:40.510+0000] {processor.py:830} INFO - Processing file /opt/airflow/dags/airflow_dag_spark_streaming.py for tasks to queue
[2026-01-28T08:50:40.511+0000] {logging_mixin.py:188} INFO - [2026-01-28T08:50:40.511+0000] {dagbag.py:538} INFO - Filling up the DagBag from /opt/airflow/dags/airflow_dag_spark_streaming.py
[2026-01-28T08:50:40.525+0000] {processor.py:840} INFO - DAG(s) 'spark_sgp4_streaming' retrieved from /opt/airflow/dags/airflow_dag_spark_streaming.py
[2026-01-28T08:50:40.563+0000] {logging_mixin.py:188} INFO - [2026-01-28T08:50:40.562+0000] {dag.py:3036} INFO - Sync 1 DAGs
[2026-01-28T08:50:40.579+0000] {logging_mixin.py:188} INFO - [2026-01-28T08:50:40.579+0000] {dag.py:3823} INFO - Setting next_dagrun for spark_sgp4_streaming to None, run_after=None
[2026-01-28T08:50:40.605+0000] {processor.py:183} INFO - Processing /opt/airflow/dags/airflow_dag_spark_streaming.py took 0.101 seconds
[2026-01-28T08:51:10.791+0000] {processor.py:161} INFO - Started process (PID=1579) to work on /opt/airflow/dags/airflow_dag_spark_streaming.py
[2026-01-28T08:51:10.793+0000] {processor.py:830} INFO - Processing file /opt/airflow/dags/airflow_dag_spark_streaming.py for tasks to queue
[2026-01-28T08:51:10.795+0000] {logging_mixin.py:188} INFO - [2026-01-28T08:51:10.794+0000] {dagbag.py:538} INFO - Filling up the DagBag from /opt/airflow/dags/airflow_dag_spark_streaming.py
[2026-01-28T08:51:10.816+0000] {processor.py:840} INFO - DAG(s) 'spark_sgp4_streaming' retrieved from /opt/airflow/dags/airflow_dag_spark_streaming.py
[2026-01-28T08:51:10.855+0000] {logging_mixin.py:188} INFO - [2026-01-28T08:51:10.855+0000] {dag.py:3036} INFO - Sync 1 DAGs
[2026-01-28T08:51:10.871+0000] {logging_mixin.py:188} INFO - [2026-01-28T08:51:10.871+0000] {dag.py:3823} INFO - Setting next_dagrun for spark_sgp4_streaming to None, run_after=None
[2026-01-28T08:51:10.889+0000] {processor.py:183} INFO - Processing /opt/airflow/dags/airflow_dag_spark_streaming.py took 0.105 seconds
[2026-01-28T08:51:41.051+0000] {processor.py:161} INFO - Started process (PID=1589) to work on /opt/airflow/dags/airflow_dag_spark_streaming.py
[2026-01-28T08:51:41.054+0000] {processor.py:830} INFO - Processing file /opt/airflow/dags/airflow_dag_spark_streaming.py for tasks to queue
[2026-01-28T08:51:41.055+0000] {logging_mixin.py:188} INFO - [2026-01-28T08:51:41.054+0000] {dagbag.py:538} INFO - Filling up the DagBag from /opt/airflow/dags/airflow_dag_spark_streaming.py
[2026-01-28T08:51:41.069+0000] {processor.py:840} INFO - DAG(s) 'spark_sgp4_streaming' retrieved from /opt/airflow/dags/airflow_dag_spark_streaming.py
[2026-01-28T08:51:41.108+0000] {logging_mixin.py:188} INFO - [2026-01-28T08:51:41.108+0000] {dag.py:3036} INFO - Sync 1 DAGs
[2026-01-28T08:51:41.125+0000] {logging_mixin.py:188} INFO - [2026-01-28T08:51:41.125+0000] {dag.py:3823} INFO - Setting next_dagrun for spark_sgp4_streaming to None, run_after=None
[2026-01-28T08:51:41.146+0000] {processor.py:183} INFO - Processing /opt/airflow/dags/airflow_dag_spark_streaming.py took 0.099 seconds
[2026-01-28T08:52:11.316+0000] {processor.py:161} INFO - Started process (PID=1599) to work on /opt/airflow/dags/airflow_dag_spark_streaming.py
[2026-01-28T08:52:11.319+0000] {processor.py:830} INFO - Processing file /opt/airflow/dags/airflow_dag_spark_streaming.py for tasks to queue
[2026-01-28T08:52:11.321+0000] {logging_mixin.py:188} INFO - [2026-01-28T08:52:11.320+0000] {dagbag.py:538} INFO - Filling up the DagBag from /opt/airflow/dags/airflow_dag_spark_streaming.py
[2026-01-28T08:52:11.341+0000] {processor.py:840} INFO - DAG(s) 'spark_sgp4_streaming' retrieved from /opt/airflow/dags/airflow_dag_spark_streaming.py
[2026-01-28T08:52:11.388+0000] {logging_mixin.py:188} INFO - [2026-01-28T08:52:11.387+0000] {dag.py:3036} INFO - Sync 1 DAGs
[2026-01-28T08:52:11.413+0000] {logging_mixin.py:188} INFO - [2026-01-28T08:52:11.413+0000] {dag.py:3823} INFO - Setting next_dagrun for spark_sgp4_streaming to None, run_after=None
[2026-01-28T08:52:11.443+0000] {processor.py:183} INFO - Processing /opt/airflow/dags/airflow_dag_spark_streaming.py took 0.134 seconds
[2026-01-28T08:52:41.602+0000] {processor.py:161} INFO - Started process (PID=1609) to work on /opt/airflow/dags/airflow_dag_spark_streaming.py
[2026-01-28T08:52:41.604+0000] {processor.py:830} INFO - Processing file /opt/airflow/dags/airflow_dag_spark_streaming.py for tasks to queue
[2026-01-28T08:52:41.606+0000] {logging_mixin.py:188} INFO - [2026-01-28T08:52:41.605+0000] {dagbag.py:538} INFO - Filling up the DagBag from /opt/airflow/dags/airflow_dag_spark_streaming.py
[2026-01-28T08:52:41.623+0000] {processor.py:840} INFO - DAG(s) 'spark_sgp4_streaming' retrieved from /opt/airflow/dags/airflow_dag_spark_streaming.py
[2026-01-28T08:52:41.667+0000] {logging_mixin.py:188} INFO - [2026-01-28T08:52:41.667+0000] {dag.py:3036} INFO - Sync 1 DAGs
[2026-01-28T08:52:41.694+0000] {logging_mixin.py:188} INFO - [2026-01-28T08:52:41.694+0000] {dag.py:3823} INFO - Setting next_dagrun for spark_sgp4_streaming to None, run_after=None
[2026-01-28T08:52:41.727+0000] {processor.py:183} INFO - Processing /opt/airflow/dags/airflow_dag_spark_streaming.py took 0.129 seconds
[2026-01-28T08:53:11.873+0000] {processor.py:161} INFO - Started process (PID=1619) to work on /opt/airflow/dags/airflow_dag_spark_streaming.py
[2026-01-28T08:53:11.876+0000] {processor.py:830} INFO - Processing file /opt/airflow/dags/airflow_dag_spark_streaming.py for tasks to queue
[2026-01-28T08:53:11.877+0000] {logging_mixin.py:188} INFO - [2026-01-28T08:53:11.876+0000] {dagbag.py:538} INFO - Filling up the DagBag from /opt/airflow/dags/airflow_dag_spark_streaming.py
[2026-01-28T08:53:11.891+0000] {processor.py:840} INFO - DAG(s) 'spark_sgp4_streaming' retrieved from /opt/airflow/dags/airflow_dag_spark_streaming.py
[2026-01-28T08:53:11.932+0000] {logging_mixin.py:188} INFO - [2026-01-28T08:53:11.932+0000] {dag.py:3036} INFO - Sync 1 DAGs
[2026-01-28T08:53:11.954+0000] {logging_mixin.py:188} INFO - [2026-01-28T08:53:11.954+0000] {dag.py:3823} INFO - Setting next_dagrun for spark_sgp4_streaming to None, run_after=None
[2026-01-28T08:53:11.974+0000] {processor.py:183} INFO - Processing /opt/airflow/dags/airflow_dag_spark_streaming.py took 0.105 seconds
[2026-01-28T08:53:42.130+0000] {processor.py:161} INFO - Started process (PID=1629) to work on /opt/airflow/dags/airflow_dag_spark_streaming.py
[2026-01-28T08:53:42.133+0000] {processor.py:830} INFO - Processing file /opt/airflow/dags/airflow_dag_spark_streaming.py for tasks to queue
[2026-01-28T08:53:42.134+0000] {logging_mixin.py:188} INFO - [2026-01-28T08:53:42.134+0000] {dagbag.py:538} INFO - Filling up the DagBag from /opt/airflow/dags/airflow_dag_spark_streaming.py
[2026-01-28T08:53:42.155+0000] {processor.py:840} INFO - DAG(s) 'spark_sgp4_streaming' retrieved from /opt/airflow/dags/airflow_dag_spark_streaming.py
[2026-01-28T08:53:42.201+0000] {logging_mixin.py:188} INFO - [2026-01-28T08:53:42.201+0000] {dag.py:3036} INFO - Sync 1 DAGs
[2026-01-28T08:53:42.226+0000] {logging_mixin.py:188} INFO - [2026-01-28T08:53:42.226+0000] {dag.py:3823} INFO - Setting next_dagrun for spark_sgp4_streaming to None, run_after=None
[2026-01-28T08:53:42.253+0000] {processor.py:183} INFO - Processing /opt/airflow/dags/airflow_dag_spark_streaming.py took 0.127 seconds
[2026-01-28T08:54:12.442+0000] {processor.py:161} INFO - Started process (PID=1639) to work on /opt/airflow/dags/airflow_dag_spark_streaming.py
[2026-01-28T08:54:12.445+0000] {processor.py:830} INFO - Processing file /opt/airflow/dags/airflow_dag_spark_streaming.py for tasks to queue
[2026-01-28T08:54:12.447+0000] {logging_mixin.py:188} INFO - [2026-01-28T08:54:12.446+0000] {dagbag.py:538} INFO - Filling up the DagBag from /opt/airflow/dags/airflow_dag_spark_streaming.py
[2026-01-28T08:54:12.468+0000] {processor.py:840} INFO - DAG(s) 'spark_sgp4_streaming' retrieved from /opt/airflow/dags/airflow_dag_spark_streaming.py
[2026-01-28T08:54:12.517+0000] {logging_mixin.py:188} INFO - [2026-01-28T08:54:12.517+0000] {dag.py:3036} INFO - Sync 1 DAGs
[2026-01-28T08:54:12.543+0000] {logging_mixin.py:188} INFO - [2026-01-28T08:54:12.543+0000] {dag.py:3823} INFO - Setting next_dagrun for spark_sgp4_streaming to None, run_after=None
[2026-01-28T08:54:12.572+0000] {processor.py:183} INFO - Processing /opt/airflow/dags/airflow_dag_spark_streaming.py took 0.137 seconds
[2026-01-28T08:54:42.764+0000] {processor.py:161} INFO - Started process (PID=1649) to work on /opt/airflow/dags/airflow_dag_spark_streaming.py
[2026-01-28T08:54:42.766+0000] {processor.py:830} INFO - Processing file /opt/airflow/dags/airflow_dag_spark_streaming.py for tasks to queue
[2026-01-28T08:54:42.768+0000] {logging_mixin.py:188} INFO - [2026-01-28T08:54:42.767+0000] {dagbag.py:538} INFO - Filling up the DagBag from /opt/airflow/dags/airflow_dag_spark_streaming.py
[2026-01-28T08:54:42.788+0000] {processor.py:840} INFO - DAG(s) 'spark_sgp4_streaming' retrieved from /opt/airflow/dags/airflow_dag_spark_streaming.py
[2026-01-28T08:54:42.843+0000] {logging_mixin.py:188} INFO - [2026-01-28T08:54:42.842+0000] {dag.py:3036} INFO - Sync 1 DAGs
[2026-01-28T08:54:42.869+0000] {logging_mixin.py:188} INFO - [2026-01-28T08:54:42.868+0000] {dag.py:3823} INFO - Setting next_dagrun for spark_sgp4_streaming to None, run_after=None
[2026-01-28T08:54:42.902+0000] {processor.py:183} INFO - Processing /opt/airflow/dags/airflow_dag_spark_streaming.py took 0.144 seconds
[2026-01-28T08:55:13.086+0000] {processor.py:161} INFO - Started process (PID=1659) to work on /opt/airflow/dags/airflow_dag_spark_streaming.py
[2026-01-28T08:55:13.088+0000] {processor.py:830} INFO - Processing file /opt/airflow/dags/airflow_dag_spark_streaming.py for tasks to queue
[2026-01-28T08:55:13.090+0000] {logging_mixin.py:188} INFO - [2026-01-28T08:55:13.089+0000] {dagbag.py:538} INFO - Filling up the DagBag from /opt/airflow/dags/airflow_dag_spark_streaming.py
[2026-01-28T08:55:13.109+0000] {processor.py:840} INFO - DAG(s) 'spark_sgp4_streaming' retrieved from /opt/airflow/dags/airflow_dag_spark_streaming.py
[2026-01-28T08:55:13.159+0000] {logging_mixin.py:188} INFO - [2026-01-28T08:55:13.158+0000] {dag.py:3036} INFO - Sync 1 DAGs
[2026-01-28T08:55:13.181+0000] {logging_mixin.py:188} INFO - [2026-01-28T08:55:13.181+0000] {dag.py:3823} INFO - Setting next_dagrun for spark_sgp4_streaming to None, run_after=None
[2026-01-28T08:55:13.211+0000] {processor.py:183} INFO - Processing /opt/airflow/dags/airflow_dag_spark_streaming.py took 0.131 seconds
[2026-01-28T08:55:43.379+0000] {processor.py:161} INFO - Started process (PID=1669) to work on /opt/airflow/dags/airflow_dag_spark_streaming.py
[2026-01-28T08:55:43.382+0000] {processor.py:830} INFO - Processing file /opt/airflow/dags/airflow_dag_spark_streaming.py for tasks to queue
[2026-01-28T08:55:43.383+0000] {logging_mixin.py:188} INFO - [2026-01-28T08:55:43.382+0000] {dagbag.py:538} INFO - Filling up the DagBag from /opt/airflow/dags/airflow_dag_spark_streaming.py
[2026-01-28T08:55:43.400+0000] {processor.py:840} INFO - DAG(s) 'spark_sgp4_streaming' retrieved from /opt/airflow/dags/airflow_dag_spark_streaming.py
[2026-01-28T08:55:43.443+0000] {logging_mixin.py:188} INFO - [2026-01-28T08:55:43.443+0000] {dag.py:3036} INFO - Sync 1 DAGs
[2026-01-28T08:55:43.469+0000] {logging_mixin.py:188} INFO - [2026-01-28T08:55:43.469+0000] {dag.py:3823} INFO - Setting next_dagrun for spark_sgp4_streaming to None, run_after=None
[2026-01-28T08:55:43.500+0000] {processor.py:183} INFO - Processing /opt/airflow/dags/airflow_dag_spark_streaming.py took 0.125 seconds
[2026-01-28T08:56:13.663+0000] {processor.py:161} INFO - Started process (PID=1679) to work on /opt/airflow/dags/airflow_dag_spark_streaming.py
[2026-01-28T08:56:13.666+0000] {processor.py:830} INFO - Processing file /opt/airflow/dags/airflow_dag_spark_streaming.py for tasks to queue
[2026-01-28T08:56:13.667+0000] {logging_mixin.py:188} INFO - [2026-01-28T08:56:13.666+0000] {dagbag.py:538} INFO - Filling up the DagBag from /opt/airflow/dags/airflow_dag_spark_streaming.py
[2026-01-28T08:56:13.683+0000] {processor.py:840} INFO - DAG(s) 'spark_sgp4_streaming' retrieved from /opt/airflow/dags/airflow_dag_spark_streaming.py
[2026-01-28T08:56:13.719+0000] {logging_mixin.py:188} INFO - [2026-01-28T08:56:13.719+0000] {dag.py:3036} INFO - Sync 1 DAGs
[2026-01-28T08:56:13.740+0000] {logging_mixin.py:188} INFO - [2026-01-28T08:56:13.740+0000] {dag.py:3823} INFO - Setting next_dagrun for spark_sgp4_streaming to None, run_after=None
[2026-01-28T08:56:13.765+0000] {processor.py:183} INFO - Processing /opt/airflow/dags/airflow_dag_spark_streaming.py took 0.108 seconds
[2026-01-28T08:56:43.929+0000] {processor.py:161} INFO - Started process (PID=1689) to work on /opt/airflow/dags/airflow_dag_spark_streaming.py
[2026-01-28T08:56:43.931+0000] {processor.py:830} INFO - Processing file /opt/airflow/dags/airflow_dag_spark_streaming.py for tasks to queue
[2026-01-28T08:56:43.933+0000] {logging_mixin.py:188} INFO - [2026-01-28T08:56:43.932+0000] {dagbag.py:538} INFO - Filling up the DagBag from /opt/airflow/dags/airflow_dag_spark_streaming.py
[2026-01-28T08:56:43.947+0000] {processor.py:840} INFO - DAG(s) 'spark_sgp4_streaming' retrieved from /opt/airflow/dags/airflow_dag_spark_streaming.py
[2026-01-28T08:56:43.988+0000] {logging_mixin.py:188} INFO - [2026-01-28T08:56:43.988+0000] {dag.py:3036} INFO - Sync 1 DAGs
[2026-01-28T08:56:44.006+0000] {logging_mixin.py:188} INFO - [2026-01-28T08:56:44.006+0000] {dag.py:3823} INFO - Setting next_dagrun for spark_sgp4_streaming to None, run_after=None
[2026-01-28T08:56:44.027+0000] {processor.py:183} INFO - Processing /opt/airflow/dags/airflow_dag_spark_streaming.py took 0.103 seconds
[2026-01-28T08:57:14.178+0000] {processor.py:161} INFO - Started process (PID=1699) to work on /opt/airflow/dags/airflow_dag_spark_streaming.py
[2026-01-28T08:57:14.181+0000] {processor.py:830} INFO - Processing file /opt/airflow/dags/airflow_dag_spark_streaming.py for tasks to queue
[2026-01-28T08:57:14.183+0000] {logging_mixin.py:188} INFO - [2026-01-28T08:57:14.182+0000] {dagbag.py:538} INFO - Filling up the DagBag from /opt/airflow/dags/airflow_dag_spark_streaming.py
[2026-01-28T08:57:14.204+0000] {processor.py:840} INFO - DAG(s) 'spark_sgp4_streaming' retrieved from /opt/airflow/dags/airflow_dag_spark_streaming.py
[2026-01-28T08:57:14.245+0000] {logging_mixin.py:188} INFO - [2026-01-28T08:57:14.244+0000] {dag.py:3036} INFO - Sync 1 DAGs
[2026-01-28T08:57:14.262+0000] {logging_mixin.py:188} INFO - [2026-01-28T08:57:14.262+0000] {dag.py:3823} INFO - Setting next_dagrun for spark_sgp4_streaming to None, run_after=None
[2026-01-28T08:57:14.284+0000] {processor.py:183} INFO - Processing /opt/airflow/dags/airflow_dag_spark_streaming.py took 0.111 seconds
[2026-01-28T08:57:44.457+0000] {processor.py:161} INFO - Started process (PID=1709) to work on /opt/airflow/dags/airflow_dag_spark_streaming.py
[2026-01-28T08:57:44.460+0000] {processor.py:830} INFO - Processing file /opt/airflow/dags/airflow_dag_spark_streaming.py for tasks to queue
[2026-01-28T08:57:44.461+0000] {logging_mixin.py:188} INFO - [2026-01-28T08:57:44.460+0000] {dagbag.py:538} INFO - Filling up the DagBag from /opt/airflow/dags/airflow_dag_spark_streaming.py
[2026-01-28T08:57:44.478+0000] {processor.py:840} INFO - DAG(s) 'spark_sgp4_streaming' retrieved from /opt/airflow/dags/airflow_dag_spark_streaming.py
[2026-01-28T08:57:44.522+0000] {logging_mixin.py:188} INFO - [2026-01-28T08:57:44.521+0000] {dag.py:3036} INFO - Sync 1 DAGs
[2026-01-28T08:57:44.548+0000] {logging_mixin.py:188} INFO - [2026-01-28T08:57:44.548+0000] {dag.py:3823} INFO - Setting next_dagrun for spark_sgp4_streaming to None, run_after=None
[2026-01-28T08:57:44.576+0000] {processor.py:183} INFO - Processing /opt/airflow/dags/airflow_dag_spark_streaming.py took 0.122 seconds
[2026-01-28T08:58:14.747+0000] {processor.py:161} INFO - Started process (PID=1719) to work on /opt/airflow/dags/airflow_dag_spark_streaming.py
[2026-01-28T08:58:14.750+0000] {processor.py:830} INFO - Processing file /opt/airflow/dags/airflow_dag_spark_streaming.py for tasks to queue
[2026-01-28T08:58:14.751+0000] {logging_mixin.py:188} INFO - [2026-01-28T08:58:14.751+0000] {dagbag.py:538} INFO - Filling up the DagBag from /opt/airflow/dags/airflow_dag_spark_streaming.py
[2026-01-28T08:58:14.772+0000] {processor.py:840} INFO - DAG(s) 'spark_sgp4_streaming' retrieved from /opt/airflow/dags/airflow_dag_spark_streaming.py
[2026-01-28T08:58:14.820+0000] {logging_mixin.py:188} INFO - [2026-01-28T08:58:14.820+0000] {dag.py:3036} INFO - Sync 1 DAGs
[2026-01-28T08:58:14.840+0000] {logging_mixin.py:188} INFO - [2026-01-28T08:58:14.839+0000] {dag.py:3823} INFO - Setting next_dagrun for spark_sgp4_streaming to None, run_after=None
[2026-01-28T08:58:14.867+0000] {processor.py:183} INFO - Processing /opt/airflow/dags/airflow_dag_spark_streaming.py took 0.127 seconds
[2026-01-28T08:58:45.015+0000] {processor.py:161} INFO - Started process (PID=1729) to work on /opt/airflow/dags/airflow_dag_spark_streaming.py
[2026-01-28T08:58:45.016+0000] {processor.py:830} INFO - Processing file /opt/airflow/dags/airflow_dag_spark_streaming.py for tasks to queue
[2026-01-28T08:58:45.017+0000] {logging_mixin.py:188} INFO - [2026-01-28T08:58:45.017+0000] {dagbag.py:538} INFO - Filling up the DagBag from /opt/airflow/dags/airflow_dag_spark_streaming.py
[2026-01-28T08:58:45.031+0000] {processor.py:840} INFO - DAG(s) 'spark_sgp4_streaming' retrieved from /opt/airflow/dags/airflow_dag_spark_streaming.py
[2026-01-28T08:58:45.067+0000] {logging_mixin.py:188} INFO - [2026-01-28T08:58:45.067+0000] {dag.py:3036} INFO - Sync 1 DAGs
[2026-01-28T08:58:45.093+0000] {logging_mixin.py:188} INFO - [2026-01-28T08:58:45.093+0000] {dag.py:3823} INFO - Setting next_dagrun for spark_sgp4_streaming to None, run_after=None
[2026-01-28T08:58:45.119+0000] {processor.py:183} INFO - Processing /opt/airflow/dags/airflow_dag_spark_streaming.py took 0.108 seconds
[2026-01-28T08:59:15.274+0000] {processor.py:161} INFO - Started process (PID=1739) to work on /opt/airflow/dags/airflow_dag_spark_streaming.py
[2026-01-28T08:59:15.276+0000] {processor.py:830} INFO - Processing file /opt/airflow/dags/airflow_dag_spark_streaming.py for tasks to queue
[2026-01-28T08:59:15.277+0000] {logging_mixin.py:188} INFO - [2026-01-28T08:59:15.276+0000] {dagbag.py:538} INFO - Filling up the DagBag from /opt/airflow/dags/airflow_dag_spark_streaming.py
[2026-01-28T08:59:15.298+0000] {processor.py:840} INFO - DAG(s) 'spark_sgp4_streaming' retrieved from /opt/airflow/dags/airflow_dag_spark_streaming.py
[2026-01-28T08:59:15.344+0000] {logging_mixin.py:188} INFO - [2026-01-28T08:59:15.344+0000] {dag.py:3036} INFO - Sync 1 DAGs
[2026-01-28T08:59:15.370+0000] {logging_mixin.py:188} INFO - [2026-01-28T08:59:15.370+0000] {dag.py:3823} INFO - Setting next_dagrun for spark_sgp4_streaming to None, run_after=None
[2026-01-28T08:59:15.398+0000] {processor.py:183} INFO - Processing /opt/airflow/dags/airflow_dag_spark_streaming.py took 0.129 seconds
[2026-01-28T08:59:45.560+0000] {processor.py:161} INFO - Started process (PID=1749) to work on /opt/airflow/dags/airflow_dag_spark_streaming.py
[2026-01-28T08:59:45.561+0000] {processor.py:830} INFO - Processing file /opt/airflow/dags/airflow_dag_spark_streaming.py for tasks to queue
[2026-01-28T08:59:45.562+0000] {logging_mixin.py:188} INFO - [2026-01-28T08:59:45.562+0000] {dagbag.py:538} INFO - Filling up the DagBag from /opt/airflow/dags/airflow_dag_spark_streaming.py
[2026-01-28T08:59:45.582+0000] {processor.py:840} INFO - DAG(s) 'spark_sgp4_streaming' retrieved from /opt/airflow/dags/airflow_dag_spark_streaming.py
[2026-01-28T08:59:45.623+0000] {logging_mixin.py:188} INFO - [2026-01-28T08:59:45.623+0000] {dag.py:3036} INFO - Sync 1 DAGs
[2026-01-28T08:59:45.640+0000] {logging_mixin.py:188} INFO - [2026-01-28T08:59:45.640+0000] {dag.py:3823} INFO - Setting next_dagrun for spark_sgp4_streaming to None, run_after=None
[2026-01-28T08:59:45.660+0000] {processor.py:183} INFO - Processing /opt/airflow/dags/airflow_dag_spark_streaming.py took 0.105 seconds
[2026-01-28T09:00:15.820+0000] {processor.py:161} INFO - Started process (PID=1759) to work on /opt/airflow/dags/airflow_dag_spark_streaming.py
[2026-01-28T09:00:15.822+0000] {processor.py:830} INFO - Processing file /opt/airflow/dags/airflow_dag_spark_streaming.py for tasks to queue
[2026-01-28T09:00:15.824+0000] {logging_mixin.py:188} INFO - [2026-01-28T09:00:15.823+0000] {dagbag.py:538} INFO - Filling up the DagBag from /opt/airflow/dags/airflow_dag_spark_streaming.py
[2026-01-28T09:00:15.842+0000] {processor.py:840} INFO - DAG(s) 'spark_sgp4_streaming' retrieved from /opt/airflow/dags/airflow_dag_spark_streaming.py
[2026-01-28T09:00:15.898+0000] {logging_mixin.py:188} INFO - [2026-01-28T09:00:15.898+0000] {dag.py:3036} INFO - Sync 1 DAGs
[2026-01-28T09:00:15.923+0000] {logging_mixin.py:188} INFO - [2026-01-28T09:00:15.923+0000] {dag.py:3823} INFO - Setting next_dagrun for spark_sgp4_streaming to None, run_after=None
[2026-01-28T09:00:15.950+0000] {processor.py:183} INFO - Processing /opt/airflow/dags/airflow_dag_spark_streaming.py took 0.137 seconds
[2026-01-28T09:00:46.112+0000] {processor.py:161} INFO - Started process (PID=1769) to work on /opt/airflow/dags/airflow_dag_spark_streaming.py
[2026-01-28T09:00:46.113+0000] {processor.py:830} INFO - Processing file /opt/airflow/dags/airflow_dag_spark_streaming.py for tasks to queue
[2026-01-28T09:00:46.113+0000] {logging_mixin.py:188} INFO - [2026-01-28T09:00:46.113+0000] {dagbag.py:538} INFO - Filling up the DagBag from /opt/airflow/dags/airflow_dag_spark_streaming.py
[2026-01-28T09:00:46.126+0000] {processor.py:840} INFO - DAG(s) 'spark_sgp4_streaming' retrieved from /opt/airflow/dags/airflow_dag_spark_streaming.py
[2026-01-28T09:00:46.159+0000] {logging_mixin.py:188} INFO - [2026-01-28T09:00:46.159+0000] {dag.py:3036} INFO - Sync 1 DAGs
[2026-01-28T09:00:46.178+0000] {logging_mixin.py:188} INFO - [2026-01-28T09:00:46.177+0000] {dag.py:3823} INFO - Setting next_dagrun for spark_sgp4_streaming to None, run_after=None
[2026-01-28T09:00:46.203+0000] {processor.py:183} INFO - Processing /opt/airflow/dags/airflow_dag_spark_streaming.py took 0.096 seconds
[2026-01-28T09:01:16.365+0000] {processor.py:161} INFO - Started process (PID=1779) to work on /opt/airflow/dags/airflow_dag_spark_streaming.py
[2026-01-28T09:01:16.367+0000] {processor.py:830} INFO - Processing file /opt/airflow/dags/airflow_dag_spark_streaming.py for tasks to queue
[2026-01-28T09:01:16.368+0000] {logging_mixin.py:188} INFO - [2026-01-28T09:01:16.368+0000] {dagbag.py:538} INFO - Filling up the DagBag from /opt/airflow/dags/airflow_dag_spark_streaming.py
[2026-01-28T09:01:16.383+0000] {processor.py:840} INFO - DAG(s) 'spark_sgp4_streaming' retrieved from /opt/airflow/dags/airflow_dag_spark_streaming.py
[2026-01-28T09:01:16.417+0000] {logging_mixin.py:188} INFO - [2026-01-28T09:01:16.417+0000] {dag.py:3036} INFO - Sync 1 DAGs
[2026-01-28T09:01:16.437+0000] {logging_mixin.py:188} INFO - [2026-01-28T09:01:16.437+0000] {dag.py:3823} INFO - Setting next_dagrun for spark_sgp4_streaming to None, run_after=None
[2026-01-28T09:01:16.469+0000] {processor.py:183} INFO - Processing /opt/airflow/dags/airflow_dag_spark_streaming.py took 0.108 seconds
[2026-01-28T09:01:46.654+0000] {processor.py:161} INFO - Started process (PID=1789) to work on /opt/airflow/dags/airflow_dag_spark_streaming.py
[2026-01-28T09:01:46.657+0000] {processor.py:830} INFO - Processing file /opt/airflow/dags/airflow_dag_spark_streaming.py for tasks to queue
[2026-01-28T09:01:46.658+0000] {logging_mixin.py:188} INFO - [2026-01-28T09:01:46.657+0000] {dagbag.py:538} INFO - Filling up the DagBag from /opt/airflow/dags/airflow_dag_spark_streaming.py
[2026-01-28T09:01:46.671+0000] {processor.py:840} INFO - DAG(s) 'spark_sgp4_streaming' retrieved from /opt/airflow/dags/airflow_dag_spark_streaming.py
[2026-01-28T09:01:46.712+0000] {logging_mixin.py:188} INFO - [2026-01-28T09:01:46.712+0000] {dag.py:3036} INFO - Sync 1 DAGs
[2026-01-28T09:01:46.739+0000] {logging_mixin.py:188} INFO - [2026-01-28T09:01:46.738+0000] {dag.py:3823} INFO - Setting next_dagrun for spark_sgp4_streaming to None, run_after=None
[2026-01-28T09:01:46.765+0000] {processor.py:183} INFO - Processing /opt/airflow/dags/airflow_dag_spark_streaming.py took 0.116 seconds
[2026-01-28T09:02:16.914+0000] {processor.py:161} INFO - Started process (PID=1799) to work on /opt/airflow/dags/airflow_dag_spark_streaming.py
[2026-01-28T09:02:16.917+0000] {processor.py:830} INFO - Processing file /opt/airflow/dags/airflow_dag_spark_streaming.py for tasks to queue
[2026-01-28T09:02:16.918+0000] {logging_mixin.py:188} INFO - [2026-01-28T09:02:16.917+0000] {dagbag.py:538} INFO - Filling up the DagBag from /opt/airflow/dags/airflow_dag_spark_streaming.py
[2026-01-28T09:02:16.934+0000] {processor.py:840} INFO - DAG(s) 'spark_sgp4_streaming' retrieved from /opt/airflow/dags/airflow_dag_spark_streaming.py
[2026-01-28T09:02:16.973+0000] {logging_mixin.py:188} INFO - [2026-01-28T09:02:16.973+0000] {dag.py:3036} INFO - Sync 1 DAGs
[2026-01-28T09:02:16.991+0000] {logging_mixin.py:188} INFO - [2026-01-28T09:02:16.990+0000] {dag.py:3823} INFO - Setting next_dagrun for spark_sgp4_streaming to None, run_after=None
[2026-01-28T09:02:17.011+0000] {processor.py:183} INFO - Processing /opt/airflow/dags/airflow_dag_spark_streaming.py took 0.102 seconds
[2026-01-28T09:02:47.142+0000] {processor.py:161} INFO - Started process (PID=1809) to work on /opt/airflow/dags/airflow_dag_spark_streaming.py
[2026-01-28T09:02:47.144+0000] {processor.py:830} INFO - Processing file /opt/airflow/dags/airflow_dag_spark_streaming.py for tasks to queue
[2026-01-28T09:02:47.145+0000] {logging_mixin.py:188} INFO - [2026-01-28T09:02:47.145+0000] {dagbag.py:538} INFO - Filling up the DagBag from /opt/airflow/dags/airflow_dag_spark_streaming.py
[2026-01-28T09:02:47.161+0000] {processor.py:840} INFO - DAG(s) 'spark_sgp4_streaming' retrieved from /opt/airflow/dags/airflow_dag_spark_streaming.py
[2026-01-28T09:02:47.195+0000] {logging_mixin.py:188} INFO - [2026-01-28T09:02:47.195+0000] {dag.py:3036} INFO - Sync 1 DAGs
[2026-01-28T09:02:47.210+0000] {logging_mixin.py:188} INFO - [2026-01-28T09:02:47.210+0000] {dag.py:3823} INFO - Setting next_dagrun for spark_sgp4_streaming to None, run_after=None
[2026-01-28T09:02:47.231+0000] {processor.py:183} INFO - Processing /opt/airflow/dags/airflow_dag_spark_streaming.py took 0.093 seconds
[2026-01-28T09:03:17.350+0000] {processor.py:161} INFO - Started process (PID=1819) to work on /opt/airflow/dags/airflow_dag_spark_streaming.py
[2026-01-28T09:03:17.352+0000] {processor.py:830} INFO - Processing file /opt/airflow/dags/airflow_dag_spark_streaming.py for tasks to queue
[2026-01-28T09:03:17.354+0000] {logging_mixin.py:188} INFO - [2026-01-28T09:03:17.353+0000] {dagbag.py:538} INFO - Filling up the DagBag from /opt/airflow/dags/airflow_dag_spark_streaming.py
[2026-01-28T09:03:17.370+0000] {processor.py:840} INFO - DAG(s) 'spark_sgp4_streaming' retrieved from /opt/airflow/dags/airflow_dag_spark_streaming.py
[2026-01-28T09:03:17.408+0000] {logging_mixin.py:188} INFO - [2026-01-28T09:03:17.408+0000] {dag.py:3036} INFO - Sync 1 DAGs
[2026-01-28T09:03:17.423+0000] {logging_mixin.py:188} INFO - [2026-01-28T09:03:17.423+0000] {dag.py:3823} INFO - Setting next_dagrun for spark_sgp4_streaming to None, run_after=None
[2026-01-28T09:03:17.441+0000] {processor.py:183} INFO - Processing /opt/airflow/dags/airflow_dag_spark_streaming.py took 0.097 seconds
[2026-01-28T09:03:47.556+0000] {processor.py:161} INFO - Started process (PID=1829) to work on /opt/airflow/dags/airflow_dag_spark_streaming.py
[2026-01-28T09:03:47.558+0000] {processor.py:830} INFO - Processing file /opt/airflow/dags/airflow_dag_spark_streaming.py for tasks to queue
[2026-01-28T09:03:47.558+0000] {logging_mixin.py:188} INFO - [2026-01-28T09:03:47.558+0000] {dagbag.py:538} INFO - Filling up the DagBag from /opt/airflow/dags/airflow_dag_spark_streaming.py
[2026-01-28T09:03:47.571+0000] {processor.py:840} INFO - DAG(s) 'spark_sgp4_streaming' retrieved from /opt/airflow/dags/airflow_dag_spark_streaming.py
[2026-01-28T09:03:47.605+0000] {logging_mixin.py:188} INFO - [2026-01-28T09:03:47.604+0000] {dag.py:3036} INFO - Sync 1 DAGs
[2026-01-28T09:03:47.620+0000] {logging_mixin.py:188} INFO - [2026-01-28T09:03:47.619+0000] {dag.py:3823} INFO - Setting next_dagrun for spark_sgp4_streaming to None, run_after=None
[2026-01-28T09:03:47.637+0000] {processor.py:183} INFO - Processing /opt/airflow/dags/airflow_dag_spark_streaming.py took 0.085 seconds
[2026-01-28T09:04:17.753+0000] {processor.py:161} INFO - Started process (PID=1839) to work on /opt/airflow/dags/airflow_dag_spark_streaming.py
[2026-01-28T09:04:17.756+0000] {processor.py:830} INFO - Processing file /opt/airflow/dags/airflow_dag_spark_streaming.py for tasks to queue
[2026-01-28T09:04:17.757+0000] {logging_mixin.py:188} INFO - [2026-01-28T09:04:17.756+0000] {dagbag.py:538} INFO - Filling up the DagBag from /opt/airflow/dags/airflow_dag_spark_streaming.py
[2026-01-28T09:04:17.774+0000] {processor.py:840} INFO - DAG(s) 'spark_sgp4_streaming' retrieved from /opt/airflow/dags/airflow_dag_spark_streaming.py
[2026-01-28T09:04:17.810+0000] {logging_mixin.py:188} INFO - [2026-01-28T09:04:17.809+0000] {dag.py:3036} INFO - Sync 1 DAGs
[2026-01-28T09:04:17.825+0000] {logging_mixin.py:188} INFO - [2026-01-28T09:04:17.825+0000] {dag.py:3823} INFO - Setting next_dagrun for spark_sgp4_streaming to None, run_after=None
[2026-01-28T09:04:17.844+0000] {processor.py:183} INFO - Processing /opt/airflow/dags/airflow_dag_spark_streaming.py took 0.095 seconds
[2026-01-28T09:04:47.955+0000] {processor.py:161} INFO - Started process (PID=1849) to work on /opt/airflow/dags/airflow_dag_spark_streaming.py
[2026-01-28T09:04:47.956+0000] {processor.py:830} INFO - Processing file /opt/airflow/dags/airflow_dag_spark_streaming.py for tasks to queue
[2026-01-28T09:04:47.957+0000] {logging_mixin.py:188} INFO - [2026-01-28T09:04:47.956+0000] {dagbag.py:538} INFO - Filling up the DagBag from /opt/airflow/dags/airflow_dag_spark_streaming.py
[2026-01-28T09:04:47.969+0000] {processor.py:840} INFO - DAG(s) 'spark_sgp4_streaming' retrieved from /opt/airflow/dags/airflow_dag_spark_streaming.py
[2026-01-28T09:04:47.998+0000] {logging_mixin.py:188} INFO - [2026-01-28T09:04:47.998+0000] {dag.py:3036} INFO - Sync 1 DAGs
[2026-01-28T09:04:48.012+0000] {logging_mixin.py:188} INFO - [2026-01-28T09:04:48.012+0000] {dag.py:3823} INFO - Setting next_dagrun for spark_sgp4_streaming to None, run_after=None
[2026-01-28T09:04:48.029+0000] {processor.py:183} INFO - Processing /opt/airflow/dags/airflow_dag_spark_streaming.py took 0.078 seconds
[2026-01-28T09:05:18.136+0000] {processor.py:161} INFO - Started process (PID=1859) to work on /opt/airflow/dags/airflow_dag_spark_streaming.py
[2026-01-28T09:05:18.138+0000] {processor.py:830} INFO - Processing file /opt/airflow/dags/airflow_dag_spark_streaming.py for tasks to queue
[2026-01-28T09:05:18.139+0000] {logging_mixin.py:188} INFO - [2026-01-28T09:05:18.138+0000] {dagbag.py:538} INFO - Filling up the DagBag from /opt/airflow/dags/airflow_dag_spark_streaming.py
[2026-01-28T09:05:18.152+0000] {processor.py:840} INFO - DAG(s) 'spark_sgp4_streaming' retrieved from /opt/airflow/dags/airflow_dag_spark_streaming.py
[2026-01-28T09:05:18.187+0000] {logging_mixin.py:188} INFO - [2026-01-28T09:05:18.187+0000] {dag.py:3036} INFO - Sync 1 DAGs
[2026-01-28T09:05:18.204+0000] {logging_mixin.py:188} INFO - [2026-01-28T09:05:18.204+0000] {dag.py:3823} INFO - Setting next_dagrun for spark_sgp4_streaming to None, run_after=None
[2026-01-28T09:05:18.222+0000] {processor.py:183} INFO - Processing /opt/airflow/dags/airflow_dag_spark_streaming.py took 0.090 seconds
[2026-01-28T09:05:48.334+0000] {processor.py:161} INFO - Started process (PID=1869) to work on /opt/airflow/dags/airflow_dag_spark_streaming.py
[2026-01-28T09:05:48.336+0000] {processor.py:830} INFO - Processing file /opt/airflow/dags/airflow_dag_spark_streaming.py for tasks to queue
[2026-01-28T09:05:48.337+0000] {logging_mixin.py:188} INFO - [2026-01-28T09:05:48.336+0000] {dagbag.py:538} INFO - Filling up the DagBag from /opt/airflow/dags/airflow_dag_spark_streaming.py
[2026-01-28T09:05:48.350+0000] {processor.py:840} INFO - DAG(s) 'spark_sgp4_streaming' retrieved from /opt/airflow/dags/airflow_dag_spark_streaming.py
[2026-01-28T09:05:48.384+0000] {logging_mixin.py:188} INFO - [2026-01-28T09:05:48.384+0000] {dag.py:3036} INFO - Sync 1 DAGs
[2026-01-28T09:05:48.401+0000] {logging_mixin.py:188} INFO - [2026-01-28T09:05:48.401+0000] {dag.py:3823} INFO - Setting next_dagrun for spark_sgp4_streaming to None, run_after=None
[2026-01-28T09:05:48.422+0000] {processor.py:183} INFO - Processing /opt/airflow/dags/airflow_dag_spark_streaming.py took 0.092 seconds
[2026-01-28T09:06:18.576+0000] {processor.py:161} INFO - Started process (PID=1879) to work on /opt/airflow/dags/airflow_dag_spark_streaming.py
[2026-01-28T09:06:18.579+0000] {processor.py:830} INFO - Processing file /opt/airflow/dags/airflow_dag_spark_streaming.py for tasks to queue
[2026-01-28T09:06:18.580+0000] {logging_mixin.py:188} INFO - [2026-01-28T09:06:18.579+0000] {dagbag.py:538} INFO - Filling up the DagBag from /opt/airflow/dags/airflow_dag_spark_streaming.py
[2026-01-28T09:06:18.601+0000] {processor.py:840} INFO - DAG(s) 'spark_sgp4_streaming' retrieved from /opt/airflow/dags/airflow_dag_spark_streaming.py
[2026-01-28T09:06:18.650+0000] {logging_mixin.py:188} INFO - [2026-01-28T09:06:18.650+0000] {dag.py:3036} INFO - Sync 1 DAGs
[2026-01-28T09:06:18.676+0000] {logging_mixin.py:188} INFO - [2026-01-28T09:06:18.675+0000] {dag.py:3823} INFO - Setting next_dagrun for spark_sgp4_streaming to None, run_after=None
[2026-01-28T09:06:18.702+0000] {processor.py:183} INFO - Processing /opt/airflow/dags/airflow_dag_spark_streaming.py took 0.133 seconds
[2026-01-28T09:06:48.859+0000] {processor.py:161} INFO - Started process (PID=1889) to work on /opt/airflow/dags/airflow_dag_spark_streaming.py
[2026-01-28T09:06:48.862+0000] {processor.py:830} INFO - Processing file /opt/airflow/dags/airflow_dag_spark_streaming.py for tasks to queue
[2026-01-28T09:06:48.863+0000] {logging_mixin.py:188} INFO - [2026-01-28T09:06:48.862+0000] {dagbag.py:538} INFO - Filling up the DagBag from /opt/airflow/dags/airflow_dag_spark_streaming.py
[2026-01-28T09:06:48.877+0000] {processor.py:840} INFO - DAG(s) 'spark_sgp4_streaming' retrieved from /opt/airflow/dags/airflow_dag_spark_streaming.py
[2026-01-28T09:06:48.913+0000] {logging_mixin.py:188} INFO - [2026-01-28T09:06:48.913+0000] {dag.py:3036} INFO - Sync 1 DAGs
[2026-01-28T09:06:48.930+0000] {logging_mixin.py:188} INFO - [2026-01-28T09:06:48.930+0000] {dag.py:3823} INFO - Setting next_dagrun for spark_sgp4_streaming to None, run_after=None
[2026-01-28T09:06:48.950+0000] {processor.py:183} INFO - Processing /opt/airflow/dags/airflow_dag_spark_streaming.py took 0.095 seconds
[2026-01-28T09:07:19.117+0000] {processor.py:161} INFO - Started process (PID=1899) to work on /opt/airflow/dags/airflow_dag_spark_streaming.py
[2026-01-28T09:07:19.120+0000] {processor.py:830} INFO - Processing file /opt/airflow/dags/airflow_dag_spark_streaming.py for tasks to queue
[2026-01-28T09:07:19.122+0000] {logging_mixin.py:188} INFO - [2026-01-28T09:07:19.121+0000] {dagbag.py:538} INFO - Filling up the DagBag from /opt/airflow/dags/airflow_dag_spark_streaming.py
[2026-01-28T09:07:19.143+0000] {processor.py:840} INFO - DAG(s) 'spark_sgp4_streaming' retrieved from /opt/airflow/dags/airflow_dag_spark_streaming.py
[2026-01-28T09:07:19.196+0000] {logging_mixin.py:188} INFO - [2026-01-28T09:07:19.196+0000] {dag.py:3036} INFO - Sync 1 DAGs
[2026-01-28T09:07:19.222+0000] {logging_mixin.py:188} INFO - [2026-01-28T09:07:19.221+0000] {dag.py:3823} INFO - Setting next_dagrun for spark_sgp4_streaming to None, run_after=None
[2026-01-28T09:07:19.251+0000] {processor.py:183} INFO - Processing /opt/airflow/dags/airflow_dag_spark_streaming.py took 0.138 seconds
[2026-01-28T09:07:49.402+0000] {processor.py:161} INFO - Started process (PID=1909) to work on /opt/airflow/dags/airflow_dag_spark_streaming.py
[2026-01-28T09:07:49.405+0000] {processor.py:830} INFO - Processing file /opt/airflow/dags/airflow_dag_spark_streaming.py for tasks to queue
[2026-01-28T09:07:49.406+0000] {logging_mixin.py:188} INFO - [2026-01-28T09:07:49.406+0000] {dagbag.py:538} INFO - Filling up the DagBag from /opt/airflow/dags/airflow_dag_spark_streaming.py
[2026-01-28T09:07:49.425+0000] {processor.py:840} INFO - DAG(s) 'spark_sgp4_streaming' retrieved from /opt/airflow/dags/airflow_dag_spark_streaming.py
[2026-01-28T09:07:49.501+0000] {logging_mixin.py:188} INFO - [2026-01-28T09:07:49.500+0000] {dag.py:3036} INFO - Sync 1 DAGs
[2026-01-28T09:07:49.541+0000] {logging_mixin.py:188} INFO - [2026-01-28T09:07:49.540+0000] {dag.py:3823} INFO - Setting next_dagrun for spark_sgp4_streaming to None, run_after=None
[2026-01-28T09:07:49.587+0000] {processor.py:183} INFO - Processing /opt/airflow/dags/airflow_dag_spark_streaming.py took 0.191 seconds
[2026-01-28T09:08:19.723+0000] {processor.py:161} INFO - Started process (PID=1919) to work on /opt/airflow/dags/airflow_dag_spark_streaming.py
[2026-01-28T09:08:19.726+0000] {processor.py:830} INFO - Processing file /opt/airflow/dags/airflow_dag_spark_streaming.py for tasks to queue
[2026-01-28T09:08:19.727+0000] {logging_mixin.py:188} INFO - [2026-01-28T09:08:19.726+0000] {dagbag.py:538} INFO - Filling up the DagBag from /opt/airflow/dags/airflow_dag_spark_streaming.py
[2026-01-28T09:08:19.739+0000] {processor.py:840} INFO - DAG(s) 'spark_sgp4_streaming' retrieved from /opt/airflow/dags/airflow_dag_spark_streaming.py
[2026-01-28T09:08:19.774+0000] {logging_mixin.py:188} INFO - [2026-01-28T09:08:19.773+0000] {dag.py:3036} INFO - Sync 1 DAGs
[2026-01-28T09:08:19.789+0000] {logging_mixin.py:188} INFO - [2026-01-28T09:08:19.789+0000] {dag.py:3823} INFO - Setting next_dagrun for spark_sgp4_streaming to None, run_after=None
[2026-01-28T09:08:19.807+0000] {processor.py:183} INFO - Processing /opt/airflow/dags/airflow_dag_spark_streaming.py took 0.088 seconds
[2026-01-28T09:08:49.968+0000] {processor.py:161} INFO - Started process (PID=1929) to work on /opt/airflow/dags/airflow_dag_spark_streaming.py
[2026-01-28T09:08:49.971+0000] {processor.py:830} INFO - Processing file /opt/airflow/dags/airflow_dag_spark_streaming.py for tasks to queue
[2026-01-28T09:08:49.972+0000] {logging_mixin.py:188} INFO - [2026-01-28T09:08:49.971+0000] {dagbag.py:538} INFO - Filling up the DagBag from /opt/airflow/dags/airflow_dag_spark_streaming.py
[2026-01-28T09:08:49.987+0000] {processor.py:840} INFO - DAG(s) 'spark_sgp4_streaming' retrieved from /opt/airflow/dags/airflow_dag_spark_streaming.py
[2026-01-28T09:08:50.027+0000] {logging_mixin.py:188} INFO - [2026-01-28T09:08:50.027+0000] {dag.py:3036} INFO - Sync 1 DAGs
[2026-01-28T09:08:50.045+0000] {logging_mixin.py:188} INFO - [2026-01-28T09:08:50.045+0000] {dag.py:3823} INFO - Setting next_dagrun for spark_sgp4_streaming to None, run_after=None
[2026-01-28T09:08:50.072+0000] {processor.py:183} INFO - Processing /opt/airflow/dags/airflow_dag_spark_streaming.py took 0.109 seconds
[2026-01-28T09:09:20.216+0000] {processor.py:161} INFO - Started process (PID=1939) to work on /opt/airflow/dags/airflow_dag_spark_streaming.py
[2026-01-28T09:09:20.217+0000] {processor.py:830} INFO - Processing file /opt/airflow/dags/airflow_dag_spark_streaming.py for tasks to queue
[2026-01-28T09:09:20.219+0000] {logging_mixin.py:188} INFO - [2026-01-28T09:09:20.218+0000] {dagbag.py:538} INFO - Filling up the DagBag from /opt/airflow/dags/airflow_dag_spark_streaming.py
[2026-01-28T09:09:20.233+0000] {processor.py:840} INFO - DAG(s) 'spark_sgp4_streaming' retrieved from /opt/airflow/dags/airflow_dag_spark_streaming.py
[2026-01-28T09:09:20.272+0000] {logging_mixin.py:188} INFO - [2026-01-28T09:09:20.271+0000] {dag.py:3036} INFO - Sync 1 DAGs
[2026-01-28T09:09:20.295+0000] {logging_mixin.py:188} INFO - [2026-01-28T09:09:20.294+0000] {dag.py:3823} INFO - Setting next_dagrun for spark_sgp4_streaming to None, run_after=None
[2026-01-28T09:09:20.322+0000] {processor.py:183} INFO - Processing /opt/airflow/dags/airflow_dag_spark_streaming.py took 0.110 seconds
[2026-01-28T09:09:50.468+0000] {processor.py:161} INFO - Started process (PID=1947) to work on /opt/airflow/dags/airflow_dag_spark_streaming.py
[2026-01-28T09:09:50.471+0000] {processor.py:830} INFO - Processing file /opt/airflow/dags/airflow_dag_spark_streaming.py for tasks to queue
[2026-01-28T09:09:50.472+0000] {logging_mixin.py:188} INFO - [2026-01-28T09:09:50.471+0000] {dagbag.py:538} INFO - Filling up the DagBag from /opt/airflow/dags/airflow_dag_spark_streaming.py
[2026-01-28T09:09:50.488+0000] {processor.py:840} INFO - DAG(s) 'spark_sgp4_streaming' retrieved from /opt/airflow/dags/airflow_dag_spark_streaming.py
[2026-01-28T09:09:50.531+0000] {logging_mixin.py:188} INFO - [2026-01-28T09:09:50.531+0000] {dag.py:3036} INFO - Sync 1 DAGs
[2026-01-28T09:09:50.551+0000] {logging_mixin.py:188} INFO - [2026-01-28T09:09:50.551+0000] {dag.py:3823} INFO - Setting next_dagrun for spark_sgp4_streaming to None, run_after=None
[2026-01-28T09:09:50.573+0000] {processor.py:183} INFO - Processing /opt/airflow/dags/airflow_dag_spark_streaming.py took 0.109 seconds
[2026-01-28T09:10:20.724+0000] {processor.py:161} INFO - Started process (PID=1954) to work on /opt/airflow/dags/airflow_dag_spark_streaming.py
[2026-01-28T09:10:20.727+0000] {processor.py:830} INFO - Processing file /opt/airflow/dags/airflow_dag_spark_streaming.py for tasks to queue
[2026-01-28T09:10:20.728+0000] {logging_mixin.py:188} INFO - [2026-01-28T09:10:20.727+0000] {dagbag.py:538} INFO - Filling up the DagBag from /opt/airflow/dags/airflow_dag_spark_streaming.py
[2026-01-28T09:10:20.741+0000] {processor.py:840} INFO - DAG(s) 'spark_sgp4_streaming' retrieved from /opt/airflow/dags/airflow_dag_spark_streaming.py
[2026-01-28T09:10:20.777+0000] {logging_mixin.py:188} INFO - [2026-01-28T09:10:20.777+0000] {dag.py:3036} INFO - Sync 1 DAGs
[2026-01-28T09:10:20.794+0000] {logging_mixin.py:188} INFO - [2026-01-28T09:10:20.794+0000] {dag.py:3823} INFO - Setting next_dagrun for spark_sgp4_streaming to None, run_after=None
[2026-01-28T09:10:20.814+0000] {processor.py:183} INFO - Processing /opt/airflow/dags/airflow_dag_spark_streaming.py took 0.094 seconds
[2026-01-28T09:10:50.962+0000] {processor.py:161} INFO - Started process (PID=1964) to work on /opt/airflow/dags/airflow_dag_spark_streaming.py
[2026-01-28T09:10:50.964+0000] {processor.py:830} INFO - Processing file /opt/airflow/dags/airflow_dag_spark_streaming.py for tasks to queue
[2026-01-28T09:10:50.966+0000] {logging_mixin.py:188} INFO - [2026-01-28T09:10:50.965+0000] {dagbag.py:538} INFO - Filling up the DagBag from /opt/airflow/dags/airflow_dag_spark_streaming.py
[2026-01-28T09:10:50.980+0000] {processor.py:840} INFO - DAG(s) 'spark_sgp4_streaming' retrieved from /opt/airflow/dags/airflow_dag_spark_streaming.py
[2026-01-28T09:10:51.021+0000] {logging_mixin.py:188} INFO - [2026-01-28T09:10:51.021+0000] {dag.py:3036} INFO - Sync 1 DAGs
[2026-01-28T09:10:51.040+0000] {logging_mixin.py:188} INFO - [2026-01-28T09:10:51.039+0000] {dag.py:3823} INFO - Setting next_dagrun for spark_sgp4_streaming to None, run_after=None
[2026-01-28T09:10:51.062+0000] {processor.py:183} INFO - Processing /opt/airflow/dags/airflow_dag_spark_streaming.py took 0.105 seconds
[2026-01-28T09:11:21.226+0000] {processor.py:161} INFO - Started process (PID=1974) to work on /opt/airflow/dags/airflow_dag_spark_streaming.py
[2026-01-28T09:11:21.228+0000] {processor.py:830} INFO - Processing file /opt/airflow/dags/airflow_dag_spark_streaming.py for tasks to queue
[2026-01-28T09:11:21.230+0000] {logging_mixin.py:188} INFO - [2026-01-28T09:11:21.229+0000] {dagbag.py:538} INFO - Filling up the DagBag from /opt/airflow/dags/airflow_dag_spark_streaming.py
[2026-01-28T09:11:21.267+0000] {processor.py:840} INFO - DAG(s) 'spark_sgp4_streaming' retrieved from /opt/airflow/dags/airflow_dag_spark_streaming.py
[2026-01-28T09:11:21.326+0000] {logging_mixin.py:188} INFO - [2026-01-28T09:11:21.326+0000] {dag.py:3036} INFO - Sync 1 DAGs
[2026-01-28T09:11:21.348+0000] {logging_mixin.py:188} INFO - [2026-01-28T09:11:21.348+0000] {dag.py:3823} INFO - Setting next_dagrun for spark_sgp4_streaming to None, run_after=None
[2026-01-28T09:11:21.759+0000] {processor.py:183} INFO - Processing /opt/airflow/dags/airflow_dag_spark_streaming.py took 0.540 seconds
[2026-01-28T09:11:51.926+0000] {processor.py:161} INFO - Started process (PID=1984) to work on /opt/airflow/dags/airflow_dag_spark_streaming.py
[2026-01-28T09:11:51.928+0000] {processor.py:830} INFO - Processing file /opt/airflow/dags/airflow_dag_spark_streaming.py for tasks to queue
[2026-01-28T09:11:51.929+0000] {logging_mixin.py:188} INFO - [2026-01-28T09:11:51.929+0000] {dagbag.py:538} INFO - Filling up the DagBag from /opt/airflow/dags/airflow_dag_spark_streaming.py
[2026-01-28T09:11:51.944+0000] {processor.py:840} INFO - DAG(s) 'spark_sgp4_streaming' retrieved from /opt/airflow/dags/airflow_dag_spark_streaming.py
[2026-01-28T09:11:51.983+0000] {logging_mixin.py:188} INFO - [2026-01-28T09:11:51.983+0000] {dag.py:3036} INFO - Sync 1 DAGs
[2026-01-28T09:11:51.999+0000] {logging_mixin.py:188} INFO - [2026-01-28T09:11:51.999+0000] {dag.py:3823} INFO - Setting next_dagrun for spark_sgp4_streaming to None, run_after=None
[2026-01-28T09:11:52.019+0000] {processor.py:183} INFO - Processing /opt/airflow/dags/airflow_dag_spark_streaming.py took 0.098 seconds
[2026-01-28T09:12:22.175+0000] {processor.py:161} INFO - Started process (PID=1994) to work on /opt/airflow/dags/airflow_dag_spark_streaming.py
[2026-01-28T09:12:22.176+0000] {processor.py:830} INFO - Processing file /opt/airflow/dags/airflow_dag_spark_streaming.py for tasks to queue
[2026-01-28T09:12:22.177+0000] {logging_mixin.py:188} INFO - [2026-01-28T09:12:22.177+0000] {dagbag.py:538} INFO - Filling up the DagBag from /opt/airflow/dags/airflow_dag_spark_streaming.py
[2026-01-28T09:12:22.193+0000] {processor.py:840} INFO - DAG(s) 'spark_sgp4_streaming' retrieved from /opt/airflow/dags/airflow_dag_spark_streaming.py
[2026-01-28T09:12:22.229+0000] {logging_mixin.py:188} INFO - [2026-01-28T09:12:22.229+0000] {dag.py:3036} INFO - Sync 1 DAGs
[2026-01-28T09:12:22.247+0000] {logging_mixin.py:188} INFO - [2026-01-28T09:12:22.246+0000] {dag.py:3823} INFO - Setting next_dagrun for spark_sgp4_streaming to None, run_after=None
[2026-01-28T09:12:22.267+0000] {processor.py:183} INFO - Processing /opt/airflow/dags/airflow_dag_spark_streaming.py took 0.097 seconds
[2026-01-28T09:12:52.430+0000] {processor.py:161} INFO - Started process (PID=2004) to work on /opt/airflow/dags/airflow_dag_spark_streaming.py
[2026-01-28T09:12:52.432+0000] {processor.py:830} INFO - Processing file /opt/airflow/dags/airflow_dag_spark_streaming.py for tasks to queue
[2026-01-28T09:12:52.433+0000] {logging_mixin.py:188} INFO - [2026-01-28T09:12:52.433+0000] {dagbag.py:538} INFO - Filling up the DagBag from /opt/airflow/dags/airflow_dag_spark_streaming.py
[2026-01-28T09:12:52.446+0000] {processor.py:840} INFO - DAG(s) 'spark_sgp4_streaming' retrieved from /opt/airflow/dags/airflow_dag_spark_streaming.py
[2026-01-28T09:12:52.483+0000] {logging_mixin.py:188} INFO - [2026-01-28T09:12:52.483+0000] {dag.py:3036} INFO - Sync 1 DAGs
[2026-01-28T09:12:52.502+0000] {logging_mixin.py:188} INFO - [2026-01-28T09:12:52.501+0000] {dag.py:3823} INFO - Setting next_dagrun for spark_sgp4_streaming to None, run_after=None
[2026-01-28T09:12:52.805+0000] {processor.py:183} INFO - Processing /opt/airflow/dags/airflow_dag_spark_streaming.py took 0.380 seconds
[2026-01-28T09:13:22.990+0000] {processor.py:161} INFO - Started process (PID=2014) to work on /opt/airflow/dags/airflow_dag_spark_streaming.py
[2026-01-28T09:13:22.993+0000] {processor.py:830} INFO - Processing file /opt/airflow/dags/airflow_dag_spark_streaming.py for tasks to queue
[2026-01-28T09:13:22.994+0000] {logging_mixin.py:188} INFO - [2026-01-28T09:13:22.993+0000] {dagbag.py:538} INFO - Filling up the DagBag from /opt/airflow/dags/airflow_dag_spark_streaming.py
[2026-01-28T09:13:23.008+0000] {processor.py:840} INFO - DAG(s) 'spark_sgp4_streaming' retrieved from /opt/airflow/dags/airflow_dag_spark_streaming.py
[2026-01-28T09:13:23.061+0000] {logging_mixin.py:188} INFO - [2026-01-28T09:13:23.061+0000] {dag.py:3036} INFO - Sync 1 DAGs
[2026-01-28T09:13:23.087+0000] {logging_mixin.py:188} INFO - [2026-01-28T09:13:23.087+0000] {dag.py:3823} INFO - Setting next_dagrun for spark_sgp4_streaming to None, run_after=None
[2026-01-28T09:13:23.118+0000] {processor.py:183} INFO - Processing /opt/airflow/dags/airflow_dag_spark_streaming.py took 0.131 seconds
[2026-01-28T09:13:53.309+0000] {processor.py:161} INFO - Started process (PID=2024) to work on /opt/airflow/dags/airflow_dag_spark_streaming.py
[2026-01-28T09:13:53.312+0000] {processor.py:830} INFO - Processing file /opt/airflow/dags/airflow_dag_spark_streaming.py for tasks to queue
[2026-01-28T09:13:53.313+0000] {logging_mixin.py:188} INFO - [2026-01-28T09:13:53.312+0000] {dagbag.py:538} INFO - Filling up the DagBag from /opt/airflow/dags/airflow_dag_spark_streaming.py
[2026-01-28T09:13:53.326+0000] {processor.py:840} INFO - DAG(s) 'spark_sgp4_streaming' retrieved from /opt/airflow/dags/airflow_dag_spark_streaming.py
[2026-01-28T09:13:53.365+0000] {logging_mixin.py:188} INFO - [2026-01-28T09:13:53.365+0000] {dag.py:3036} INFO - Sync 1 DAGs
[2026-01-28T09:13:53.389+0000] {logging_mixin.py:188} INFO - [2026-01-28T09:13:53.389+0000] {dag.py:3823} INFO - Setting next_dagrun for spark_sgp4_streaming to None, run_after=None
[2026-01-28T09:13:53.412+0000] {processor.py:183} INFO - Processing /opt/airflow/dags/airflow_dag_spark_streaming.py took 0.106 seconds
[2026-01-28T09:14:23.574+0000] {processor.py:161} INFO - Started process (PID=2034) to work on /opt/airflow/dags/airflow_dag_spark_streaming.py
[2026-01-28T09:14:23.577+0000] {processor.py:830} INFO - Processing file /opt/airflow/dags/airflow_dag_spark_streaming.py for tasks to queue
[2026-01-28T09:14:23.578+0000] {logging_mixin.py:188} INFO - [2026-01-28T09:14:23.577+0000] {dagbag.py:538} INFO - Filling up the DagBag from /opt/airflow/dags/airflow_dag_spark_streaming.py
[2026-01-28T09:14:23.591+0000] {processor.py:840} INFO - DAG(s) 'spark_sgp4_streaming' retrieved from /opt/airflow/dags/airflow_dag_spark_streaming.py
[2026-01-28T09:14:23.630+0000] {logging_mixin.py:188} INFO - [2026-01-28T09:14:23.629+0000] {dag.py:3036} INFO - Sync 1 DAGs
[2026-01-28T09:14:23.651+0000] {logging_mixin.py:188} INFO - [2026-01-28T09:14:23.651+0000] {dag.py:3823} INFO - Setting next_dagrun for spark_sgp4_streaming to None, run_after=None
[2026-01-28T09:14:23.954+0000] {processor.py:183} INFO - Processing /opt/airflow/dags/airflow_dag_spark_streaming.py took 0.384 seconds
[2026-01-28T09:14:54.129+0000] {processor.py:161} INFO - Started process (PID=2044) to work on /opt/airflow/dags/airflow_dag_spark_streaming.py
[2026-01-28T09:14:54.132+0000] {processor.py:830} INFO - Processing file /opt/airflow/dags/airflow_dag_spark_streaming.py for tasks to queue
[2026-01-28T09:14:54.134+0000] {logging_mixin.py:188} INFO - [2026-01-28T09:14:54.133+0000] {dagbag.py:538} INFO - Filling up the DagBag from /opt/airflow/dags/airflow_dag_spark_streaming.py
[2026-01-28T09:14:54.155+0000] {processor.py:840} INFO - DAG(s) 'spark_sgp4_streaming' retrieved from /opt/airflow/dags/airflow_dag_spark_streaming.py
[2026-01-28T09:14:54.213+0000] {logging_mixin.py:188} INFO - [2026-01-28T09:14:54.212+0000] {dag.py:3036} INFO - Sync 1 DAGs
[2026-01-28T09:14:54.238+0000] {logging_mixin.py:188} INFO - [2026-01-28T09:14:54.238+0000] {dag.py:3823} INFO - Setting next_dagrun for spark_sgp4_streaming to None, run_after=None
[2026-01-28T09:14:54.269+0000] {processor.py:183} INFO - Processing /opt/airflow/dags/airflow_dag_spark_streaming.py took 0.146 seconds
[2026-01-28T09:15:24.422+0000] {processor.py:161} INFO - Started process (PID=2054) to work on /opt/airflow/dags/airflow_dag_spark_streaming.py
[2026-01-28T09:15:24.423+0000] {processor.py:830} INFO - Processing file /opt/airflow/dags/airflow_dag_spark_streaming.py for tasks to queue
[2026-01-28T09:15:24.424+0000] {logging_mixin.py:188} INFO - [2026-01-28T09:15:24.423+0000] {dagbag.py:538} INFO - Filling up the DagBag from /opt/airflow/dags/airflow_dag_spark_streaming.py
[2026-01-28T09:15:24.438+0000] {processor.py:840} INFO - DAG(s) 'spark_sgp4_streaming' retrieved from /opt/airflow/dags/airflow_dag_spark_streaming.py
[2026-01-28T09:15:24.474+0000] {logging_mixin.py:188} INFO - [2026-01-28T09:15:24.474+0000] {dag.py:3036} INFO - Sync 1 DAGs
[2026-01-28T09:15:24.492+0000] {logging_mixin.py:188} INFO - [2026-01-28T09:15:24.492+0000] {dag.py:3823} INFO - Setting next_dagrun for spark_sgp4_streaming to None, run_after=None
[2026-01-28T09:15:24.514+0000] {processor.py:183} INFO - Processing /opt/airflow/dags/airflow_dag_spark_streaming.py took 0.096 seconds
[2026-01-28T09:15:54.679+0000] {processor.py:161} INFO - Started process (PID=2064) to work on /opt/airflow/dags/airflow_dag_spark_streaming.py
[2026-01-28T09:15:54.680+0000] {processor.py:830} INFO - Processing file /opt/airflow/dags/airflow_dag_spark_streaming.py for tasks to queue
[2026-01-28T09:15:54.681+0000] {logging_mixin.py:188} INFO - [2026-01-28T09:15:54.681+0000] {dagbag.py:538} INFO - Filling up the DagBag from /opt/airflow/dags/airflow_dag_spark_streaming.py
[2026-01-28T09:15:54.698+0000] {processor.py:840} INFO - DAG(s) 'spark_sgp4_streaming' retrieved from /opt/airflow/dags/airflow_dag_spark_streaming.py
[2026-01-28T09:15:54.748+0000] {logging_mixin.py:188} INFO - [2026-01-28T09:15:54.747+0000] {dag.py:3036} INFO - Sync 1 DAGs
[2026-01-28T09:15:54.774+0000] {logging_mixin.py:188} INFO - [2026-01-28T09:15:54.774+0000] {dag.py:3823} INFO - Setting next_dagrun for spark_sgp4_streaming to None, run_after=None
[2026-01-28T09:15:55.089+0000] {processor.py:183} INFO - Processing /opt/airflow/dags/airflow_dag_spark_streaming.py took 0.415 seconds
[2026-01-28T09:16:25.274+0000] {processor.py:161} INFO - Started process (PID=2074) to work on /opt/airflow/dags/airflow_dag_spark_streaming.py
[2026-01-28T09:16:25.275+0000] {processor.py:830} INFO - Processing file /opt/airflow/dags/airflow_dag_spark_streaming.py for tasks to queue
[2026-01-28T09:16:25.276+0000] {logging_mixin.py:188} INFO - [2026-01-28T09:16:25.275+0000] {dagbag.py:538} INFO - Filling up the DagBag from /opt/airflow/dags/airflow_dag_spark_streaming.py
[2026-01-28T09:16:25.290+0000] {processor.py:840} INFO - DAG(s) 'spark_sgp4_streaming' retrieved from /opt/airflow/dags/airflow_dag_spark_streaming.py
[2026-01-28T09:16:25.628+0000] {logging_mixin.py:188} INFO - [2026-01-28T09:16:25.627+0000] {dag.py:3036} INFO - Sync 1 DAGs
[2026-01-28T09:16:25.648+0000] {logging_mixin.py:188} INFO - [2026-01-28T09:16:25.648+0000] {dag.py:3823} INFO - Setting next_dagrun for spark_sgp4_streaming to None, run_after=None
[2026-01-28T09:16:25.670+0000] {processor.py:183} INFO - Processing /opt/airflow/dags/airflow_dag_spark_streaming.py took 0.401 seconds
[2026-01-28T09:16:56.078+0000] {processor.py:161} INFO - Started process (PID=2084) to work on /opt/airflow/dags/airflow_dag_spark_streaming.py
[2026-01-28T09:16:56.080+0000] {processor.py:830} INFO - Processing file /opt/airflow/dags/airflow_dag_spark_streaming.py for tasks to queue
[2026-01-28T09:16:56.081+0000] {logging_mixin.py:188} INFO - [2026-01-28T09:16:56.081+0000] {dagbag.py:538} INFO - Filling up the DagBag from /opt/airflow/dags/airflow_dag_spark_streaming.py
[2026-01-28T09:16:56.094+0000] {processor.py:840} INFO - DAG(s) 'spark_sgp4_streaming' retrieved from /opt/airflow/dags/airflow_dag_spark_streaming.py
[2026-01-28T09:16:56.130+0000] {logging_mixin.py:188} INFO - [2026-01-28T09:16:56.130+0000] {dag.py:3036} INFO - Sync 1 DAGs
[2026-01-28T09:16:56.153+0000] {logging_mixin.py:188} INFO - [2026-01-28T09:16:56.153+0000] {dag.py:3823} INFO - Setting next_dagrun for spark_sgp4_streaming to None, run_after=None
[2026-01-28T09:16:56.179+0000] {processor.py:183} INFO - Processing /opt/airflow/dags/airflow_dag_spark_streaming.py took 0.105 seconds
[2026-01-28T09:17:26.358+0000] {processor.py:161} INFO - Started process (PID=2094) to work on /opt/airflow/dags/airflow_dag_spark_streaming.py
[2026-01-28T09:17:26.359+0000] {processor.py:830} INFO - Processing file /opt/airflow/dags/airflow_dag_spark_streaming.py for tasks to queue
[2026-01-28T09:17:26.360+0000] {logging_mixin.py:188} INFO - [2026-01-28T09:17:26.360+0000] {dagbag.py:538} INFO - Filling up the DagBag from /opt/airflow/dags/airflow_dag_spark_streaming.py
[2026-01-28T09:17:26.370+0000] {processor.py:840} INFO - DAG(s) 'spark_sgp4_streaming' retrieved from /opt/airflow/dags/airflow_dag_spark_streaming.py
[2026-01-28T09:17:26.411+0000] {logging_mixin.py:188} INFO - [2026-01-28T09:17:26.410+0000] {dag.py:3036} INFO - Sync 1 DAGs
[2026-01-28T09:17:26.434+0000] {logging_mixin.py:188} INFO - [2026-01-28T09:17:26.433+0000] {dag.py:3823} INFO - Setting next_dagrun for spark_sgp4_streaming to None, run_after=None
[2026-01-28T09:17:26.464+0000] {processor.py:183} INFO - Processing /opt/airflow/dags/airflow_dag_spark_streaming.py took 0.109 seconds
[2026-01-28T09:17:56.655+0000] {processor.py:161} INFO - Started process (PID=2104) to work on /opt/airflow/dags/airflow_dag_spark_streaming.py
[2026-01-28T09:17:56.657+0000] {processor.py:830} INFO - Processing file /opt/airflow/dags/airflow_dag_spark_streaming.py for tasks to queue
[2026-01-28T09:17:56.659+0000] {logging_mixin.py:188} INFO - [2026-01-28T09:17:56.658+0000] {dagbag.py:538} INFO - Filling up the DagBag from /opt/airflow/dags/airflow_dag_spark_streaming.py
[2026-01-28T09:17:56.675+0000] {processor.py:840} INFO - DAG(s) 'spark_sgp4_streaming' retrieved from /opt/airflow/dags/airflow_dag_spark_streaming.py
[2026-01-28T09:17:56.728+0000] {logging_mixin.py:188} INFO - [2026-01-28T09:17:56.728+0000] {dag.py:3036} INFO - Sync 1 DAGs
[2026-01-28T09:17:56.751+0000] {logging_mixin.py:188} INFO - [2026-01-28T09:17:56.751+0000] {dag.py:3823} INFO - Setting next_dagrun for spark_sgp4_streaming to None, run_after=None
[2026-01-28T09:17:56.784+0000] {processor.py:183} INFO - Processing /opt/airflow/dags/airflow_dag_spark_streaming.py took 0.135 seconds
[2026-01-28T09:18:26.967+0000] {processor.py:161} INFO - Started process (PID=2114) to work on /opt/airflow/dags/airflow_dag_spark_streaming.py
[2026-01-28T09:18:26.970+0000] {processor.py:830} INFO - Processing file /opt/airflow/dags/airflow_dag_spark_streaming.py for tasks to queue
[2026-01-28T09:18:26.971+0000] {logging_mixin.py:188} INFO - [2026-01-28T09:18:26.970+0000] {dagbag.py:538} INFO - Filling up the DagBag from /opt/airflow/dags/airflow_dag_spark_streaming.py
[2026-01-28T09:18:26.987+0000] {processor.py:840} INFO - DAG(s) 'spark_sgp4_streaming' retrieved from /opt/airflow/dags/airflow_dag_spark_streaming.py
[2026-01-28T09:18:27.040+0000] {logging_mixin.py:188} INFO - [2026-01-28T09:18:27.040+0000] {dag.py:3036} INFO - Sync 1 DAGs
[2026-01-28T09:18:27.064+0000] {logging_mixin.py:188} INFO - [2026-01-28T09:18:27.063+0000] {dag.py:3823} INFO - Setting next_dagrun for spark_sgp4_streaming to None, run_after=None
[2026-01-28T09:18:27.096+0000] {processor.py:183} INFO - Processing /opt/airflow/dags/airflow_dag_spark_streaming.py took 0.135 seconds
[2026-01-28T09:18:57.267+0000] {processor.py:161} INFO - Started process (PID=2124) to work on /opt/airflow/dags/airflow_dag_spark_streaming.py
[2026-01-28T09:18:57.269+0000] {processor.py:830} INFO - Processing file /opt/airflow/dags/airflow_dag_spark_streaming.py for tasks to queue
[2026-01-28T09:18:57.271+0000] {logging_mixin.py:188} INFO - [2026-01-28T09:18:57.270+0000] {dagbag.py:538} INFO - Filling up the DagBag from /opt/airflow/dags/airflow_dag_spark_streaming.py
[2026-01-28T09:18:57.287+0000] {processor.py:840} INFO - DAG(s) 'spark_sgp4_streaming' retrieved from /opt/airflow/dags/airflow_dag_spark_streaming.py
[2026-01-28T09:18:57.320+0000] {logging_mixin.py:188} INFO - [2026-01-28T09:18:57.320+0000] {dag.py:3036} INFO - Sync 1 DAGs
[2026-01-28T09:18:57.337+0000] {logging_mixin.py:188} INFO - [2026-01-28T09:18:57.337+0000] {dag.py:3823} INFO - Setting next_dagrun for spark_sgp4_streaming to None, run_after=None
[2026-01-28T09:18:57.364+0000] {processor.py:183} INFO - Processing /opt/airflow/dags/airflow_dag_spark_streaming.py took 0.103 seconds
[2026-01-28T09:19:27.541+0000] {processor.py:161} INFO - Started process (PID=2134) to work on /opt/airflow/dags/airflow_dag_spark_streaming.py
[2026-01-28T09:19:27.544+0000] {processor.py:830} INFO - Processing file /opt/airflow/dags/airflow_dag_spark_streaming.py for tasks to queue
[2026-01-28T09:19:27.545+0000] {logging_mixin.py:188} INFO - [2026-01-28T09:19:27.544+0000] {dagbag.py:538} INFO - Filling up the DagBag from /opt/airflow/dags/airflow_dag_spark_streaming.py
[2026-01-28T09:19:27.561+0000] {processor.py:840} INFO - DAG(s) 'spark_sgp4_streaming' retrieved from /opt/airflow/dags/airflow_dag_spark_streaming.py
[2026-01-28T09:19:27.603+0000] {logging_mixin.py:188} INFO - [2026-01-28T09:19:27.603+0000] {dag.py:3036} INFO - Sync 1 DAGs
[2026-01-28T09:19:27.621+0000] {logging_mixin.py:188} INFO - [2026-01-28T09:19:27.621+0000] {dag.py:3823} INFO - Setting next_dagrun for spark_sgp4_streaming to None, run_after=None
[2026-01-28T09:19:27.640+0000] {processor.py:183} INFO - Processing /opt/airflow/dags/airflow_dag_spark_streaming.py took 0.105 seconds
[2026-01-28T09:19:57.801+0000] {processor.py:161} INFO - Started process (PID=2144) to work on /opt/airflow/dags/airflow_dag_spark_streaming.py
[2026-01-28T09:19:57.802+0000] {processor.py:830} INFO - Processing file /opt/airflow/dags/airflow_dag_spark_streaming.py for tasks to queue
[2026-01-28T09:19:57.803+0000] {logging_mixin.py:188} INFO - [2026-01-28T09:19:57.803+0000] {dagbag.py:538} INFO - Filling up the DagBag from /opt/airflow/dags/airflow_dag_spark_streaming.py
[2026-01-28T09:19:57.815+0000] {processor.py:840} INFO - DAG(s) 'spark_sgp4_streaming' retrieved from /opt/airflow/dags/airflow_dag_spark_streaming.py
[2026-01-28T09:19:57.850+0000] {logging_mixin.py:188} INFO - [2026-01-28T09:19:57.850+0000] {dag.py:3036} INFO - Sync 1 DAGs
[2026-01-28T09:19:57.868+0000] {logging_mixin.py:188} INFO - [2026-01-28T09:19:57.867+0000] {dag.py:3823} INFO - Setting next_dagrun for spark_sgp4_streaming to None, run_after=None
[2026-01-28T09:19:57.888+0000] {processor.py:183} INFO - Processing /opt/airflow/dags/airflow_dag_spark_streaming.py took 0.090 seconds
[2026-01-28T09:20:28.036+0000] {processor.py:161} INFO - Started process (PID=2156) to work on /opt/airflow/dags/airflow_dag_spark_streaming.py
[2026-01-28T09:20:28.037+0000] {processor.py:830} INFO - Processing file /opt/airflow/dags/airflow_dag_spark_streaming.py for tasks to queue
[2026-01-28T09:20:28.038+0000] {logging_mixin.py:188} INFO - [2026-01-28T09:20:28.038+0000] {dagbag.py:538} INFO - Filling up the DagBag from /opt/airflow/dags/airflow_dag_spark_streaming.py
[2026-01-28T09:20:28.051+0000] {processor.py:840} INFO - DAG(s) 'spark_sgp4_streaming' retrieved from /opt/airflow/dags/airflow_dag_spark_streaming.py
[2026-01-28T09:20:28.088+0000] {logging_mixin.py:188} INFO - [2026-01-28T09:20:28.088+0000] {dag.py:3036} INFO - Sync 1 DAGs
[2026-01-28T09:20:28.105+0000] {logging_mixin.py:188} INFO - [2026-01-28T09:20:28.104+0000] {dag.py:3823} INFO - Setting next_dagrun for spark_sgp4_streaming to None, run_after=None
[2026-01-28T09:20:28.126+0000] {processor.py:183} INFO - Processing /opt/airflow/dags/airflow_dag_spark_streaming.py took 0.094 seconds
[2026-01-28T09:20:58.297+0000] {processor.py:161} INFO - Started process (PID=2171) to work on /opt/airflow/dags/airflow_dag_spark_streaming.py
[2026-01-28T09:20:58.298+0000] {processor.py:830} INFO - Processing file /opt/airflow/dags/airflow_dag_spark_streaming.py for tasks to queue
[2026-01-28T09:20:58.299+0000] {logging_mixin.py:188} INFO - [2026-01-28T09:20:58.298+0000] {dagbag.py:538} INFO - Filling up the DagBag from /opt/airflow/dags/airflow_dag_spark_streaming.py
[2026-01-28T09:20:58.312+0000] {processor.py:840} INFO - DAG(s) 'spark_sgp4_streaming' retrieved from /opt/airflow/dags/airflow_dag_spark_streaming.py
[2026-01-28T09:20:58.349+0000] {logging_mixin.py:188} INFO - [2026-01-28T09:20:58.349+0000] {dag.py:3036} INFO - Sync 1 DAGs
[2026-01-28T09:20:58.365+0000] {logging_mixin.py:188} INFO - [2026-01-28T09:20:58.364+0000] {dag.py:3823} INFO - Setting next_dagrun for spark_sgp4_streaming to None, run_after=None
[2026-01-28T09:20:58.385+0000] {processor.py:183} INFO - Processing /opt/airflow/dags/airflow_dag_spark_streaming.py took 0.092 seconds
[2026-01-28T09:21:28.546+0000] {processor.py:161} INFO - Started process (PID=2181) to work on /opt/airflow/dags/airflow_dag_spark_streaming.py
[2026-01-28T09:21:28.548+0000] {processor.py:830} INFO - Processing file /opt/airflow/dags/airflow_dag_spark_streaming.py for tasks to queue
[2026-01-28T09:21:28.549+0000] {logging_mixin.py:188} INFO - [2026-01-28T09:21:28.549+0000] {dagbag.py:538} INFO - Filling up the DagBag from /opt/airflow/dags/airflow_dag_spark_streaming.py
[2026-01-28T09:21:28.560+0000] {processor.py:840} INFO - DAG(s) 'spark_sgp4_streaming' retrieved from /opt/airflow/dags/airflow_dag_spark_streaming.py
[2026-01-28T09:21:28.604+0000] {logging_mixin.py:188} INFO - [2026-01-28T09:21:28.604+0000] {dag.py:3036} INFO - Sync 1 DAGs
[2026-01-28T09:21:28.628+0000] {logging_mixin.py:188} INFO - [2026-01-28T09:21:28.628+0000] {dag.py:3823} INFO - Setting next_dagrun for spark_sgp4_streaming to None, run_after=None
[2026-01-28T09:21:28.657+0000] {processor.py:183} INFO - Processing /opt/airflow/dags/airflow_dag_spark_streaming.py took 0.114 seconds
[2026-01-28T09:21:58.815+0000] {processor.py:161} INFO - Started process (PID=2191) to work on /opt/airflow/dags/airflow_dag_spark_streaming.py
[2026-01-28T09:21:58.818+0000] {processor.py:830} INFO - Processing file /opt/airflow/dags/airflow_dag_spark_streaming.py for tasks to queue
[2026-01-28T09:21:58.819+0000] {logging_mixin.py:188} INFO - [2026-01-28T09:21:58.819+0000] {dagbag.py:538} INFO - Filling up the DagBag from /opt/airflow/dags/airflow_dag_spark_streaming.py
[2026-01-28T09:21:58.834+0000] {processor.py:840} INFO - DAG(s) 'spark_sgp4_streaming' retrieved from /opt/airflow/dags/airflow_dag_spark_streaming.py
[2026-01-28T09:21:58.872+0000] {logging_mixin.py:188} INFO - [2026-01-28T09:21:58.872+0000] {dag.py:3036} INFO - Sync 1 DAGs
[2026-01-28T09:21:58.888+0000] {logging_mixin.py:188} INFO - [2026-01-28T09:21:58.887+0000] {dag.py:3823} INFO - Setting next_dagrun for spark_sgp4_streaming to None, run_after=None
[2026-01-28T09:21:58.907+0000] {processor.py:183} INFO - Processing /opt/airflow/dags/airflow_dag_spark_streaming.py took 0.096 seconds
[2026-01-28T09:22:29.066+0000] {processor.py:161} INFO - Started process (PID=2201) to work on /opt/airflow/dags/airflow_dag_spark_streaming.py
[2026-01-28T09:22:29.067+0000] {processor.py:830} INFO - Processing file /opt/airflow/dags/airflow_dag_spark_streaming.py for tasks to queue
[2026-01-28T09:22:29.068+0000] {logging_mixin.py:188} INFO - [2026-01-28T09:22:29.067+0000] {dagbag.py:538} INFO - Filling up the DagBag from /opt/airflow/dags/airflow_dag_spark_streaming.py
[2026-01-28T09:22:29.082+0000] {processor.py:840} INFO - DAG(s) 'spark_sgp4_streaming' retrieved from /opt/airflow/dags/airflow_dag_spark_streaming.py
[2026-01-28T09:22:29.126+0000] {logging_mixin.py:188} INFO - [2026-01-28T09:22:29.126+0000] {dag.py:3036} INFO - Sync 1 DAGs
[2026-01-28T09:22:29.149+0000] {logging_mixin.py:188} INFO - [2026-01-28T09:22:29.149+0000] {dag.py:3823} INFO - Setting next_dagrun for spark_sgp4_streaming to None, run_after=None
[2026-01-28T09:22:29.174+0000] {processor.py:183} INFO - Processing /opt/airflow/dags/airflow_dag_spark_streaming.py took 0.112 seconds
[2026-01-28T09:22:59.323+0000] {processor.py:161} INFO - Started process (PID=2211) to work on /opt/airflow/dags/airflow_dag_spark_streaming.py
[2026-01-28T09:22:59.325+0000] {processor.py:830} INFO - Processing file /opt/airflow/dags/airflow_dag_spark_streaming.py for tasks to queue
[2026-01-28T09:22:59.326+0000] {logging_mixin.py:188} INFO - [2026-01-28T09:22:59.326+0000] {dagbag.py:538} INFO - Filling up the DagBag from /opt/airflow/dags/airflow_dag_spark_streaming.py
[2026-01-28T09:22:59.337+0000] {processor.py:840} INFO - DAG(s) 'spark_sgp4_streaming' retrieved from /opt/airflow/dags/airflow_dag_spark_streaming.py
[2026-01-28T09:22:59.372+0000] {logging_mixin.py:188} INFO - [2026-01-28T09:22:59.372+0000] {dag.py:3036} INFO - Sync 1 DAGs
[2026-01-28T09:22:59.393+0000] {logging_mixin.py:188} INFO - [2026-01-28T09:22:59.393+0000] {dag.py:3823} INFO - Setting next_dagrun for spark_sgp4_streaming to None, run_after=None
[2026-01-28T09:22:59.413+0000] {processor.py:183} INFO - Processing /opt/airflow/dags/airflow_dag_spark_streaming.py took 0.094 seconds
[2026-01-28T09:23:29.571+0000] {processor.py:161} INFO - Started process (PID=2221) to work on /opt/airflow/dags/airflow_dag_spark_streaming.py
[2026-01-28T09:23:29.573+0000] {processor.py:830} INFO - Processing file /opt/airflow/dags/airflow_dag_spark_streaming.py for tasks to queue
[2026-01-28T09:23:29.574+0000] {logging_mixin.py:188} INFO - [2026-01-28T09:23:29.574+0000] {dagbag.py:538} INFO - Filling up the DagBag from /opt/airflow/dags/airflow_dag_spark_streaming.py
[2026-01-28T09:23:29.587+0000] {processor.py:840} INFO - DAG(s) 'spark_sgp4_streaming' retrieved from /opt/airflow/dags/airflow_dag_spark_streaming.py
[2026-01-28T09:23:29.632+0000] {logging_mixin.py:188} INFO - [2026-01-28T09:23:29.632+0000] {dag.py:3036} INFO - Sync 1 DAGs
[2026-01-28T09:23:29.649+0000] {logging_mixin.py:188} INFO - [2026-01-28T09:23:29.649+0000] {dag.py:3823} INFO - Setting next_dagrun for spark_sgp4_streaming to None, run_after=None
[2026-01-28T09:23:29.672+0000] {processor.py:183} INFO - Processing /opt/airflow/dags/airflow_dag_spark_streaming.py took 0.105 seconds
[2026-01-28T09:23:59.870+0000] {processor.py:161} INFO - Started process (PID=2231) to work on /opt/airflow/dags/airflow_dag_spark_streaming.py
[2026-01-28T09:23:59.871+0000] {processor.py:830} INFO - Processing file /opt/airflow/dags/airflow_dag_spark_streaming.py for tasks to queue
[2026-01-28T09:23:59.873+0000] {logging_mixin.py:188} INFO - [2026-01-28T09:23:59.872+0000] {dagbag.py:538} INFO - Filling up the DagBag from /opt/airflow/dags/airflow_dag_spark_streaming.py
[2026-01-28T09:23:59.891+0000] {processor.py:840} INFO - DAG(s) 'spark_sgp4_streaming' retrieved from /opt/airflow/dags/airflow_dag_spark_streaming.py
[2026-01-28T09:23:59.945+0000] {logging_mixin.py:188} INFO - [2026-01-28T09:23:59.944+0000] {dag.py:3036} INFO - Sync 1 DAGs
[2026-01-28T09:23:59.970+0000] {logging_mixin.py:188} INFO - [2026-01-28T09:23:59.969+0000] {dag.py:3823} INFO - Setting next_dagrun for spark_sgp4_streaming to None, run_after=None
[2026-01-28T09:24:00.002+0000] {processor.py:183} INFO - Processing /opt/airflow/dags/airflow_dag_spark_streaming.py took 0.138 seconds
[2026-01-28T09:24:30.200+0000] {processor.py:161} INFO - Started process (PID=2241) to work on /opt/airflow/dags/airflow_dag_spark_streaming.py
[2026-01-28T09:24:30.203+0000] {processor.py:830} INFO - Processing file /opt/airflow/dags/airflow_dag_spark_streaming.py for tasks to queue
[2026-01-28T09:24:30.204+0000] {logging_mixin.py:188} INFO - [2026-01-28T09:24:30.203+0000] {dagbag.py:538} INFO - Filling up the DagBag from /opt/airflow/dags/airflow_dag_spark_streaming.py
[2026-01-28T09:24:30.221+0000] {processor.py:840} INFO - DAG(s) 'spark_sgp4_streaming' retrieved from /opt/airflow/dags/airflow_dag_spark_streaming.py
[2026-01-28T09:24:30.273+0000] {logging_mixin.py:188} INFO - [2026-01-28T09:24:30.273+0000] {dag.py:3036} INFO - Sync 1 DAGs
[2026-01-28T09:24:30.295+0000] {logging_mixin.py:188} INFO - [2026-01-28T09:24:30.295+0000] {dag.py:3823} INFO - Setting next_dagrun for spark_sgp4_streaming to None, run_after=None
[2026-01-28T09:24:30.318+0000] {processor.py:183} INFO - Processing /opt/airflow/dags/airflow_dag_spark_streaming.py took 0.125 seconds
[2026-01-28T09:25:00.483+0000] {processor.py:161} INFO - Started process (PID=2251) to work on /opt/airflow/dags/airflow_dag_spark_streaming.py
[2026-01-28T09:25:00.486+0000] {processor.py:830} INFO - Processing file /opt/airflow/dags/airflow_dag_spark_streaming.py for tasks to queue
[2026-01-28T09:25:00.487+0000] {logging_mixin.py:188} INFO - [2026-01-28T09:25:00.486+0000] {dagbag.py:538} INFO - Filling up the DagBag from /opt/airflow/dags/airflow_dag_spark_streaming.py
[2026-01-28T09:25:00.499+0000] {processor.py:840} INFO - DAG(s) 'spark_sgp4_streaming' retrieved from /opt/airflow/dags/airflow_dag_spark_streaming.py
[2026-01-28T09:25:00.537+0000] {logging_mixin.py:188} INFO - [2026-01-28T09:25:00.536+0000] {dag.py:3036} INFO - Sync 1 DAGs
[2026-01-28T09:25:00.555+0000] {logging_mixin.py:188} INFO - [2026-01-28T09:25:00.555+0000] {dag.py:3823} INFO - Setting next_dagrun for spark_sgp4_streaming to None, run_after=None
[2026-01-28T09:25:00.578+0000] {processor.py:183} INFO - Processing /opt/airflow/dags/airflow_dag_spark_streaming.py took 0.099 seconds
[2026-01-28T09:25:30.723+0000] {processor.py:161} INFO - Started process (PID=2261) to work on /opt/airflow/dags/airflow_dag_spark_streaming.py
[2026-01-28T09:25:30.725+0000] {processor.py:830} INFO - Processing file /opt/airflow/dags/airflow_dag_spark_streaming.py for tasks to queue
[2026-01-28T09:25:30.726+0000] {logging_mixin.py:188} INFO - [2026-01-28T09:25:30.726+0000] {dagbag.py:538} INFO - Filling up the DagBag from /opt/airflow/dags/airflow_dag_spark_streaming.py
[2026-01-28T09:25:30.740+0000] {processor.py:840} INFO - DAG(s) 'spark_sgp4_streaming' retrieved from /opt/airflow/dags/airflow_dag_spark_streaming.py
[2026-01-28T09:25:30.775+0000] {logging_mixin.py:188} INFO - [2026-01-28T09:25:30.774+0000] {dag.py:3036} INFO - Sync 1 DAGs
[2026-01-28T09:25:30.791+0000] {logging_mixin.py:188} INFO - [2026-01-28T09:25:30.791+0000] {dag.py:3823} INFO - Setting next_dagrun for spark_sgp4_streaming to None, run_after=None
[2026-01-28T09:25:30.815+0000] {processor.py:183} INFO - Processing /opt/airflow/dags/airflow_dag_spark_streaming.py took 0.097 seconds
[2026-01-28T09:26:00.973+0000] {processor.py:161} INFO - Started process (PID=2271) to work on /opt/airflow/dags/airflow_dag_spark_streaming.py
[2026-01-28T09:26:00.976+0000] {processor.py:830} INFO - Processing file /opt/airflow/dags/airflow_dag_spark_streaming.py for tasks to queue
[2026-01-28T09:26:00.977+0000] {logging_mixin.py:188} INFO - [2026-01-28T09:26:00.976+0000] {dagbag.py:538} INFO - Filling up the DagBag from /opt/airflow/dags/airflow_dag_spark_streaming.py
[2026-01-28T09:26:00.997+0000] {processor.py:840} INFO - DAG(s) 'spark_sgp4_streaming' retrieved from /opt/airflow/dags/airflow_dag_spark_streaming.py
[2026-01-28T09:26:01.046+0000] {logging_mixin.py:188} INFO - [2026-01-28T09:26:01.046+0000] {dag.py:3036} INFO - Sync 1 DAGs
[2026-01-28T09:26:01.062+0000] {logging_mixin.py:188} INFO - [2026-01-28T09:26:01.062+0000] {dag.py:3823} INFO - Setting next_dagrun for spark_sgp4_streaming to None, run_after=None
[2026-01-28T09:26:01.082+0000] {processor.py:183} INFO - Processing /opt/airflow/dags/airflow_dag_spark_streaming.py took 0.115 seconds
[2026-01-28T09:26:31.251+0000] {processor.py:161} INFO - Started process (PID=2281) to work on /opt/airflow/dags/airflow_dag_spark_streaming.py
[2026-01-28T09:26:31.254+0000] {processor.py:830} INFO - Processing file /opt/airflow/dags/airflow_dag_spark_streaming.py for tasks to queue
[2026-01-28T09:26:31.255+0000] {logging_mixin.py:188} INFO - [2026-01-28T09:26:31.255+0000] {dagbag.py:538} INFO - Filling up the DagBag from /opt/airflow/dags/airflow_dag_spark_streaming.py
[2026-01-28T09:26:31.273+0000] {processor.py:840} INFO - DAG(s) 'spark_sgp4_streaming' retrieved from /opt/airflow/dags/airflow_dag_spark_streaming.py
[2026-01-28T09:26:31.322+0000] {logging_mixin.py:188} INFO - [2026-01-28T09:26:31.322+0000] {dag.py:3036} INFO - Sync 1 DAGs
[2026-01-28T09:26:31.347+0000] {logging_mixin.py:188} INFO - [2026-01-28T09:26:31.347+0000] {dag.py:3823} INFO - Setting next_dagrun for spark_sgp4_streaming to None, run_after=None
[2026-01-28T09:26:31.376+0000] {processor.py:183} INFO - Processing /opt/airflow/dags/airflow_dag_spark_streaming.py took 0.130 seconds
[2026-01-28T09:27:01.564+0000] {processor.py:161} INFO - Started process (PID=2291) to work on /opt/airflow/dags/airflow_dag_spark_streaming.py
[2026-01-28T09:27:01.567+0000] {processor.py:830} INFO - Processing file /opt/airflow/dags/airflow_dag_spark_streaming.py for tasks to queue
[2026-01-28T09:27:01.568+0000] {logging_mixin.py:188} INFO - [2026-01-28T09:27:01.568+0000] {dagbag.py:538} INFO - Filling up the DagBag from /opt/airflow/dags/airflow_dag_spark_streaming.py
[2026-01-28T09:27:01.587+0000] {processor.py:840} INFO - DAG(s) 'spark_sgp4_streaming' retrieved from /opt/airflow/dags/airflow_dag_spark_streaming.py
[2026-01-28T09:27:01.638+0000] {logging_mixin.py:188} INFO - [2026-01-28T09:27:01.638+0000] {dag.py:3036} INFO - Sync 1 DAGs
[2026-01-28T09:27:01.661+0000] {logging_mixin.py:188} INFO - [2026-01-28T09:27:01.661+0000] {dag.py:3823} INFO - Setting next_dagrun for spark_sgp4_streaming to None, run_after=None
[2026-01-28T09:27:01.691+0000] {processor.py:183} INFO - Processing /opt/airflow/dags/airflow_dag_spark_streaming.py took 0.134 seconds
[2026-01-28T09:27:31.878+0000] {processor.py:161} INFO - Started process (PID=2301) to work on /opt/airflow/dags/airflow_dag_spark_streaming.py
[2026-01-28T09:27:31.882+0000] {processor.py:830} INFO - Processing file /opt/airflow/dags/airflow_dag_spark_streaming.py for tasks to queue
[2026-01-28T09:27:31.883+0000] {logging_mixin.py:188} INFO - [2026-01-28T09:27:31.883+0000] {dagbag.py:538} INFO - Filling up the DagBag from /opt/airflow/dags/airflow_dag_spark_streaming.py
[2026-01-28T09:27:31.901+0000] {processor.py:840} INFO - DAG(s) 'spark_sgp4_streaming' retrieved from /opt/airflow/dags/airflow_dag_spark_streaming.py
[2026-01-28T09:27:31.943+0000] {logging_mixin.py:188} INFO - [2026-01-28T09:27:31.943+0000] {dag.py:3036} INFO - Sync 1 DAGs
[2026-01-28T09:27:31.967+0000] {logging_mixin.py:188} INFO - [2026-01-28T09:27:31.967+0000] {dag.py:3823} INFO - Setting next_dagrun for spark_sgp4_streaming to None, run_after=None
[2026-01-28T09:27:31.991+0000] {processor.py:183} INFO - Processing /opt/airflow/dags/airflow_dag_spark_streaming.py took 0.119 seconds
[2026-01-28T09:28:02.181+0000] {processor.py:161} INFO - Started process (PID=2311) to work on /opt/airflow/dags/airflow_dag_spark_streaming.py
[2026-01-28T09:28:02.183+0000] {processor.py:830} INFO - Processing file /opt/airflow/dags/airflow_dag_spark_streaming.py for tasks to queue
[2026-01-28T09:28:02.184+0000] {logging_mixin.py:188} INFO - [2026-01-28T09:28:02.184+0000] {dagbag.py:538} INFO - Filling up the DagBag from /opt/airflow/dags/airflow_dag_spark_streaming.py
[2026-01-28T09:28:02.196+0000] {processor.py:840} INFO - DAG(s) 'spark_sgp4_streaming' retrieved from /opt/airflow/dags/airflow_dag_spark_streaming.py
[2026-01-28T09:28:02.239+0000] {logging_mixin.py:188} INFO - [2026-01-28T09:28:02.238+0000] {dag.py:3036} INFO - Sync 1 DAGs
[2026-01-28T09:28:02.263+0000] {logging_mixin.py:188} INFO - [2026-01-28T09:28:02.263+0000] {dag.py:3823} INFO - Setting next_dagrun for spark_sgp4_streaming to None, run_after=None
[2026-01-28T09:28:02.290+0000] {processor.py:183} INFO - Processing /opt/airflow/dags/airflow_dag_spark_streaming.py took 0.113 seconds
[2026-01-28T09:28:32.469+0000] {processor.py:161} INFO - Started process (PID=2321) to work on /opt/airflow/dags/airflow_dag_spark_streaming.py
[2026-01-28T09:28:32.472+0000] {processor.py:830} INFO - Processing file /opt/airflow/dags/airflow_dag_spark_streaming.py for tasks to queue
[2026-01-28T09:28:32.473+0000] {logging_mixin.py:188} INFO - [2026-01-28T09:28:32.472+0000] {dagbag.py:538} INFO - Filling up the DagBag from /opt/airflow/dags/airflow_dag_spark_streaming.py
[2026-01-28T09:28:32.489+0000] {processor.py:840} INFO - DAG(s) 'spark_sgp4_streaming' retrieved from /opt/airflow/dags/airflow_dag_spark_streaming.py
[2026-01-28T09:28:32.542+0000] {logging_mixin.py:188} INFO - [2026-01-28T09:28:32.542+0000] {dag.py:3036} INFO - Sync 1 DAGs
[2026-01-28T09:28:32.567+0000] {logging_mixin.py:188} INFO - [2026-01-28T09:28:32.566+0000] {dag.py:3823} INFO - Setting next_dagrun for spark_sgp4_streaming to None, run_after=None
[2026-01-28T09:28:32.597+0000] {processor.py:183} INFO - Processing /opt/airflow/dags/airflow_dag_spark_streaming.py took 0.133 seconds
[2026-01-28T09:29:02.790+0000] {processor.py:161} INFO - Started process (PID=2331) to work on /opt/airflow/dags/airflow_dag_spark_streaming.py
[2026-01-28T09:29:02.793+0000] {processor.py:830} INFO - Processing file /opt/airflow/dags/airflow_dag_spark_streaming.py for tasks to queue
[2026-01-28T09:29:02.794+0000] {logging_mixin.py:188} INFO - [2026-01-28T09:29:02.793+0000] {dagbag.py:538} INFO - Filling up the DagBag from /opt/airflow/dags/airflow_dag_spark_streaming.py
[2026-01-28T09:29:02.807+0000] {processor.py:840} INFO - DAG(s) 'spark_sgp4_streaming' retrieved from /opt/airflow/dags/airflow_dag_spark_streaming.py
[2026-01-28T09:29:02.849+0000] {logging_mixin.py:188} INFO - [2026-01-28T09:29:02.849+0000] {dag.py:3036} INFO - Sync 1 DAGs
[2026-01-28T09:29:02.866+0000] {logging_mixin.py:188} INFO - [2026-01-28T09:29:02.865+0000] {dag.py:3823} INFO - Setting next_dagrun for spark_sgp4_streaming to None, run_after=None
[2026-01-28T09:29:02.885+0000] {processor.py:183} INFO - Processing /opt/airflow/dags/airflow_dag_spark_streaming.py took 0.099 seconds
[2026-01-28T09:29:33.066+0000] {processor.py:161} INFO - Started process (PID=2341) to work on /opt/airflow/dags/airflow_dag_spark_streaming.py
[2026-01-28T09:29:33.068+0000] {processor.py:830} INFO - Processing file /opt/airflow/dags/airflow_dag_spark_streaming.py for tasks to queue
[2026-01-28T09:29:33.069+0000] {logging_mixin.py:188} INFO - [2026-01-28T09:29:33.069+0000] {dagbag.py:538} INFO - Filling up the DagBag from /opt/airflow/dags/airflow_dag_spark_streaming.py
[2026-01-28T09:29:33.083+0000] {processor.py:840} INFO - DAG(s) 'spark_sgp4_streaming' retrieved from /opt/airflow/dags/airflow_dag_spark_streaming.py
[2026-01-28T09:29:33.132+0000] {logging_mixin.py:188} INFO - [2026-01-28T09:29:33.132+0000] {dag.py:3036} INFO - Sync 1 DAGs
[2026-01-28T09:29:33.155+0000] {logging_mixin.py:188} INFO - [2026-01-28T09:29:33.155+0000] {dag.py:3823} INFO - Setting next_dagrun for spark_sgp4_streaming to None, run_after=None
[2026-01-28T09:29:33.177+0000] {processor.py:183} INFO - Processing /opt/airflow/dags/airflow_dag_spark_streaming.py took 0.115 seconds
[2026-01-28T09:30:03.370+0000] {processor.py:161} INFO - Started process (PID=2351) to work on /opt/airflow/dags/airflow_dag_spark_streaming.py
[2026-01-28T09:30:03.373+0000] {processor.py:830} INFO - Processing file /opt/airflow/dags/airflow_dag_spark_streaming.py for tasks to queue
[2026-01-28T09:30:03.375+0000] {logging_mixin.py:188} INFO - [2026-01-28T09:30:03.374+0000] {dagbag.py:538} INFO - Filling up the DagBag from /opt/airflow/dags/airflow_dag_spark_streaming.py
[2026-01-28T09:30:03.393+0000] {processor.py:840} INFO - DAG(s) 'spark_sgp4_streaming' retrieved from /opt/airflow/dags/airflow_dag_spark_streaming.py
[2026-01-28T09:30:03.449+0000] {logging_mixin.py:188} INFO - [2026-01-28T09:30:03.448+0000] {dag.py:3036} INFO - Sync 1 DAGs
[2026-01-28T09:30:03.473+0000] {logging_mixin.py:188} INFO - [2026-01-28T09:30:03.472+0000] {dag.py:3823} INFO - Setting next_dagrun for spark_sgp4_streaming to None, run_after=None
[2026-01-28T09:30:03.503+0000] {processor.py:183} INFO - Processing /opt/airflow/dags/airflow_dag_spark_streaming.py took 0.139 seconds
[2026-01-28T09:30:33.667+0000] {processor.py:161} INFO - Started process (PID=2361) to work on /opt/airflow/dags/airflow_dag_spark_streaming.py
[2026-01-28T09:30:33.669+0000] {processor.py:830} INFO - Processing file /opt/airflow/dags/airflow_dag_spark_streaming.py for tasks to queue
[2026-01-28T09:30:33.670+0000] {logging_mixin.py:188} INFO - [2026-01-28T09:30:33.670+0000] {dagbag.py:538} INFO - Filling up the DagBag from /opt/airflow/dags/airflow_dag_spark_streaming.py
[2026-01-28T09:30:33.682+0000] {processor.py:840} INFO - DAG(s) 'spark_sgp4_streaming' retrieved from /opt/airflow/dags/airflow_dag_spark_streaming.py
[2026-01-28T09:30:33.718+0000] {logging_mixin.py:188} INFO - [2026-01-28T09:30:33.718+0000] {dag.py:3036} INFO - Sync 1 DAGs
[2026-01-28T09:30:33.735+0000] {logging_mixin.py:188} INFO - [2026-01-28T09:30:33.735+0000] {dag.py:3823} INFO - Setting next_dagrun for spark_sgp4_streaming to None, run_after=None
[2026-01-28T09:30:33.755+0000] {processor.py:183} INFO - Processing /opt/airflow/dags/airflow_dag_spark_streaming.py took 0.092 seconds
[2026-01-28T09:31:03.928+0000] {processor.py:161} INFO - Started process (PID=2371) to work on /opt/airflow/dags/airflow_dag_spark_streaming.py
[2026-01-28T09:31:03.931+0000] {processor.py:830} INFO - Processing file /opt/airflow/dags/airflow_dag_spark_streaming.py for tasks to queue
[2026-01-28T09:31:03.932+0000] {logging_mixin.py:188} INFO - [2026-01-28T09:31:03.932+0000] {dagbag.py:538} INFO - Filling up the DagBag from /opt/airflow/dags/airflow_dag_spark_streaming.py
[2026-01-28T09:31:03.950+0000] {processor.py:840} INFO - DAG(s) 'spark_sgp4_streaming' retrieved from /opt/airflow/dags/airflow_dag_spark_streaming.py
[2026-01-28T09:31:03.990+0000] {logging_mixin.py:188} INFO - [2026-01-28T09:31:03.990+0000] {dag.py:3036} INFO - Sync 1 DAGs
[2026-01-28T09:31:04.014+0000] {logging_mixin.py:188} INFO - [2026-01-28T09:31:04.014+0000] {dag.py:3823} INFO - Setting next_dagrun for spark_sgp4_streaming to None, run_after=None
[2026-01-28T09:31:04.046+0000] {processor.py:183} INFO - Processing /opt/airflow/dags/airflow_dag_spark_streaming.py took 0.125 seconds
[2026-01-28T09:31:34.235+0000] {processor.py:161} INFO - Started process (PID=2381) to work on /opt/airflow/dags/airflow_dag_spark_streaming.py
[2026-01-28T09:31:34.238+0000] {processor.py:830} INFO - Processing file /opt/airflow/dags/airflow_dag_spark_streaming.py for tasks to queue
[2026-01-28T09:31:34.240+0000] {logging_mixin.py:188} INFO - [2026-01-28T09:31:34.239+0000] {dagbag.py:538} INFO - Filling up the DagBag from /opt/airflow/dags/airflow_dag_spark_streaming.py
[2026-01-28T09:31:34.257+0000] {processor.py:840} INFO - DAG(s) 'spark_sgp4_streaming' retrieved from /opt/airflow/dags/airflow_dag_spark_streaming.py
[2026-01-28T09:31:34.311+0000] {logging_mixin.py:188} INFO - [2026-01-28T09:31:34.310+0000] {dag.py:3036} INFO - Sync 1 DAGs
[2026-01-28T09:31:34.335+0000] {logging_mixin.py:188} INFO - [2026-01-28T09:31:34.335+0000] {dag.py:3823} INFO - Setting next_dagrun for spark_sgp4_streaming to None, run_after=None
[2026-01-28T09:31:34.364+0000] {processor.py:183} INFO - Processing /opt/airflow/dags/airflow_dag_spark_streaming.py took 0.135 seconds
[2026-01-28T09:32:04.558+0000] {processor.py:161} INFO - Started process (PID=2391) to work on /opt/airflow/dags/airflow_dag_spark_streaming.py
[2026-01-28T09:32:04.562+0000] {processor.py:830} INFO - Processing file /opt/airflow/dags/airflow_dag_spark_streaming.py for tasks to queue
[2026-01-28T09:32:04.563+0000] {logging_mixin.py:188} INFO - [2026-01-28T09:32:04.562+0000] {dagbag.py:538} INFO - Filling up the DagBag from /opt/airflow/dags/airflow_dag_spark_streaming.py
[2026-01-28T09:32:04.581+0000] {processor.py:840} INFO - DAG(s) 'spark_sgp4_streaming' retrieved from /opt/airflow/dags/airflow_dag_spark_streaming.py
[2026-01-28T09:32:04.633+0000] {logging_mixin.py:188} INFO - [2026-01-28T09:32:04.633+0000] {dag.py:3036} INFO - Sync 1 DAGs
[2026-01-28T09:32:04.659+0000] {logging_mixin.py:188} INFO - [2026-01-28T09:32:04.658+0000] {dag.py:3823} INFO - Setting next_dagrun for spark_sgp4_streaming to None, run_after=None
[2026-01-28T09:32:04.693+0000] {processor.py:183} INFO - Processing /opt/airflow/dags/airflow_dag_spark_streaming.py took 0.141 seconds
[2026-01-28T09:32:34.895+0000] {processor.py:161} INFO - Started process (PID=2401) to work on /opt/airflow/dags/airflow_dag_spark_streaming.py
[2026-01-28T09:32:34.898+0000] {processor.py:830} INFO - Processing file /opt/airflow/dags/airflow_dag_spark_streaming.py for tasks to queue
[2026-01-28T09:32:34.899+0000] {logging_mixin.py:188} INFO - [2026-01-28T09:32:34.899+0000] {dagbag.py:538} INFO - Filling up the DagBag from /opt/airflow/dags/airflow_dag_spark_streaming.py
[2026-01-28T09:32:34.916+0000] {processor.py:840} INFO - DAG(s) 'spark_sgp4_streaming' retrieved from /opt/airflow/dags/airflow_dag_spark_streaming.py
[2026-01-28T09:32:34.966+0000] {logging_mixin.py:188} INFO - [2026-01-28T09:32:34.966+0000] {dag.py:3036} INFO - Sync 1 DAGs
[2026-01-28T09:32:34.990+0000] {logging_mixin.py:188} INFO - [2026-01-28T09:32:34.990+0000] {dag.py:3823} INFO - Setting next_dagrun for spark_sgp4_streaming to None, run_after=None
[2026-01-28T09:32:35.024+0000] {processor.py:183} INFO - Processing /opt/airflow/dags/airflow_dag_spark_streaming.py took 0.135 seconds
[2026-01-28T09:33:05.224+0000] {processor.py:161} INFO - Started process (PID=2411) to work on /opt/airflow/dags/airflow_dag_spark_streaming.py
[2026-01-28T09:33:05.227+0000] {processor.py:830} INFO - Processing file /opt/airflow/dags/airflow_dag_spark_streaming.py for tasks to queue
[2026-01-28T09:33:05.229+0000] {logging_mixin.py:188} INFO - [2026-01-28T09:33:05.228+0000] {dagbag.py:538} INFO - Filling up the DagBag from /opt/airflow/dags/airflow_dag_spark_streaming.py
[2026-01-28T09:33:05.247+0000] {processor.py:840} INFO - DAG(s) 'spark_sgp4_streaming' retrieved from /opt/airflow/dags/airflow_dag_spark_streaming.py
[2026-01-28T09:33:05.300+0000] {logging_mixin.py:188} INFO - [2026-01-28T09:33:05.300+0000] {dag.py:3036} INFO - Sync 1 DAGs
[2026-01-28T09:33:05.324+0000] {logging_mixin.py:188} INFO - [2026-01-28T09:33:05.324+0000] {dag.py:3823} INFO - Setting next_dagrun for spark_sgp4_streaming to None, run_after=None
[2026-01-28T09:33:05.355+0000] {processor.py:183} INFO - Processing /opt/airflow/dags/airflow_dag_spark_streaming.py took 0.136 seconds
[2026-01-28T09:33:35.534+0000] {processor.py:161} INFO - Started process (PID=2421) to work on /opt/airflow/dags/airflow_dag_spark_streaming.py
[2026-01-28T09:33:35.537+0000] {processor.py:830} INFO - Processing file /opt/airflow/dags/airflow_dag_spark_streaming.py for tasks to queue
[2026-01-28T09:33:35.538+0000] {logging_mixin.py:188} INFO - [2026-01-28T09:33:35.538+0000] {dagbag.py:538} INFO - Filling up the DagBag from /opt/airflow/dags/airflow_dag_spark_streaming.py
[2026-01-28T09:33:35.549+0000] {processor.py:840} INFO - DAG(s) 'spark_sgp4_streaming' retrieved from /opt/airflow/dags/airflow_dag_spark_streaming.py
[2026-01-28T09:33:35.588+0000] {logging_mixin.py:188} INFO - [2026-01-28T09:33:35.588+0000] {dag.py:3036} INFO - Sync 1 DAGs
[2026-01-28T09:33:35.605+0000] {logging_mixin.py:188} INFO - [2026-01-28T09:33:35.605+0000] {dag.py:3823} INFO - Setting next_dagrun for spark_sgp4_streaming to None, run_after=None
[2026-01-28T09:33:35.631+0000] {processor.py:183} INFO - Processing /opt/airflow/dags/airflow_dag_spark_streaming.py took 0.101 seconds
[2026-01-28T09:34:05.801+0000] {processor.py:161} INFO - Started process (PID=2431) to work on /opt/airflow/dags/airflow_dag_spark_streaming.py
[2026-01-28T09:34:05.802+0000] {processor.py:830} INFO - Processing file /opt/airflow/dags/airflow_dag_spark_streaming.py for tasks to queue
[2026-01-28T09:34:05.804+0000] {logging_mixin.py:188} INFO - [2026-01-28T09:34:05.803+0000] {dagbag.py:538} INFO - Filling up the DagBag from /opt/airflow/dags/airflow_dag_spark_streaming.py
[2026-01-28T09:34:05.828+0000] {processor.py:840} INFO - DAG(s) 'spark_sgp4_streaming' retrieved from /opt/airflow/dags/airflow_dag_spark_streaming.py
[2026-01-28T09:34:05.870+0000] {logging_mixin.py:188} INFO - [2026-01-28T09:34:05.869+0000] {dag.py:3036} INFO - Sync 1 DAGs
[2026-01-28T09:34:05.886+0000] {logging_mixin.py:188} INFO - [2026-01-28T09:34:05.886+0000] {dag.py:3823} INFO - Setting next_dagrun for spark_sgp4_streaming to None, run_after=None
[2026-01-28T09:34:05.906+0000] {processor.py:183} INFO - Processing /opt/airflow/dags/airflow_dag_spark_streaming.py took 0.112 seconds
[2026-01-28T09:34:36.070+0000] {processor.py:161} INFO - Started process (PID=2441) to work on /opt/airflow/dags/airflow_dag_spark_streaming.py
[2026-01-28T09:34:36.072+0000] {processor.py:830} INFO - Processing file /opt/airflow/dags/airflow_dag_spark_streaming.py for tasks to queue
[2026-01-28T09:34:36.074+0000] {logging_mixin.py:188} INFO - [2026-01-28T09:34:36.073+0000] {dagbag.py:538} INFO - Filling up the DagBag from /opt/airflow/dags/airflow_dag_spark_streaming.py
[2026-01-28T09:34:36.114+0000] {processor.py:840} INFO - DAG(s) 'spark_sgp4_streaming' retrieved from /opt/airflow/dags/airflow_dag_spark_streaming.py
[2026-01-28T09:34:36.184+0000] {logging_mixin.py:188} INFO - [2026-01-28T09:34:36.184+0000] {dag.py:3036} INFO - Sync 1 DAGs
[2026-01-28T09:34:36.212+0000] {logging_mixin.py:188} INFO - [2026-01-28T09:34:36.211+0000] {dag.py:3823} INFO - Setting next_dagrun for spark_sgp4_streaming to None, run_after=None
[2026-01-28T09:34:36.253+0000] {processor.py:183} INFO - Processing /opt/airflow/dags/airflow_dag_spark_streaming.py took 0.195 seconds
[2026-01-28T09:35:06.425+0000] {processor.py:161} INFO - Started process (PID=2451) to work on /opt/airflow/dags/airflow_dag_spark_streaming.py
[2026-01-28T09:35:06.428+0000] {processor.py:830} INFO - Processing file /opt/airflow/dags/airflow_dag_spark_streaming.py for tasks to queue
[2026-01-28T09:35:06.429+0000] {logging_mixin.py:188} INFO - [2026-01-28T09:35:06.428+0000] {dagbag.py:538} INFO - Filling up the DagBag from /opt/airflow/dags/airflow_dag_spark_streaming.py
[2026-01-28T09:35:06.443+0000] {processor.py:840} INFO - DAG(s) 'spark_sgp4_streaming' retrieved from /opt/airflow/dags/airflow_dag_spark_streaming.py
[2026-01-28T09:35:06.481+0000] {logging_mixin.py:188} INFO - [2026-01-28T09:35:06.481+0000] {dag.py:3036} INFO - Sync 1 DAGs
[2026-01-28T09:35:06.498+0000] {logging_mixin.py:188} INFO - [2026-01-28T09:35:06.498+0000] {dag.py:3823} INFO - Setting next_dagrun for spark_sgp4_streaming to None, run_after=None
[2026-01-28T09:35:06.520+0000] {processor.py:183} INFO - Processing /opt/airflow/dags/airflow_dag_spark_streaming.py took 0.099 seconds
[2026-01-28T09:35:36.706+0000] {processor.py:161} INFO - Started process (PID=2461) to work on /opt/airflow/dags/airflow_dag_spark_streaming.py
[2026-01-28T09:35:36.709+0000] {processor.py:830} INFO - Processing file /opt/airflow/dags/airflow_dag_spark_streaming.py for tasks to queue
[2026-01-28T09:35:36.711+0000] {logging_mixin.py:188} INFO - [2026-01-28T09:35:36.710+0000] {dagbag.py:538} INFO - Filling up the DagBag from /opt/airflow/dags/airflow_dag_spark_streaming.py
[2026-01-28T09:35:36.734+0000] {processor.py:840} INFO - DAG(s) 'spark_sgp4_streaming' retrieved from /opt/airflow/dags/airflow_dag_spark_streaming.py
[2026-01-28T09:35:36.795+0000] {logging_mixin.py:188} INFO - [2026-01-28T09:35:36.794+0000] {dag.py:3036} INFO - Sync 1 DAGs
[2026-01-28T09:35:36.821+0000] {logging_mixin.py:188} INFO - [2026-01-28T09:35:36.821+0000] {dag.py:3823} INFO - Setting next_dagrun for spark_sgp4_streaming to None, run_after=None
[2026-01-28T09:35:36.857+0000] {processor.py:183} INFO - Processing /opt/airflow/dags/airflow_dag_spark_streaming.py took 0.158 seconds
[2026-01-28T09:36:07.082+0000] {processor.py:161} INFO - Started process (PID=2471) to work on /opt/airflow/dags/airflow_dag_spark_streaming.py
[2026-01-28T09:36:07.084+0000] {processor.py:830} INFO - Processing file /opt/airflow/dags/airflow_dag_spark_streaming.py for tasks to queue
[2026-01-28T09:36:07.086+0000] {logging_mixin.py:188} INFO - [2026-01-28T09:36:07.085+0000] {dagbag.py:538} INFO - Filling up the DagBag from /opt/airflow/dags/airflow_dag_spark_streaming.py
[2026-01-28T09:36:07.107+0000] {processor.py:840} INFO - DAG(s) 'spark_sgp4_streaming' retrieved from /opt/airflow/dags/airflow_dag_spark_streaming.py
[2026-01-28T09:36:07.166+0000] {logging_mixin.py:188} INFO - [2026-01-28T09:36:07.166+0000] {dag.py:3036} INFO - Sync 1 DAGs
[2026-01-28T09:36:07.191+0000] {logging_mixin.py:188} INFO - [2026-01-28T09:36:07.191+0000] {dag.py:3823} INFO - Setting next_dagrun for spark_sgp4_streaming to None, run_after=None
[2026-01-28T09:36:07.223+0000] {processor.py:183} INFO - Processing /opt/airflow/dags/airflow_dag_spark_streaming.py took 0.149 seconds
[2026-01-28T11:53:40.264+0000] {processor.py:161} INFO - Started process (PID=2481) to work on /opt/airflow/dags/airflow_dag_spark_streaming.py
[2026-01-28T11:53:40.266+0000] {processor.py:830} INFO - Processing file /opt/airflow/dags/airflow_dag_spark_streaming.py for tasks to queue
[2026-01-28T11:53:40.268+0000] {logging_mixin.py:188} INFO - [2026-01-28T11:53:40.267+0000] {dagbag.py:538} INFO - Filling up the DagBag from /opt/airflow/dags/airflow_dag_spark_streaming.py
[2026-01-28T11:53:40.295+0000] {processor.py:840} INFO - DAG(s) 'spark_sgp4_streaming' retrieved from /opt/airflow/dags/airflow_dag_spark_streaming.py
[2026-01-28T11:53:40.348+0000] {logging_mixin.py:188} INFO - [2026-01-28T11:53:40.348+0000] {dag.py:3036} INFO - Sync 1 DAGs
[2026-01-28T11:53:40.376+0000] {logging_mixin.py:188} INFO - [2026-01-28T11:53:40.376+0000] {dag.py:3823} INFO - Setting next_dagrun for spark_sgp4_streaming to None, run_after=None
[2026-01-28T11:53:40.415+0000] {processor.py:183} INFO - Processing /opt/airflow/dags/airflow_dag_spark_streaming.py took 0.158 seconds
[2026-01-28T11:54:10.686+0000] {processor.py:161} INFO - Started process (PID=2502) to work on /opt/airflow/dags/airflow_dag_spark_streaming.py
[2026-01-28T11:54:10.690+0000] {processor.py:830} INFO - Processing file /opt/airflow/dags/airflow_dag_spark_streaming.py for tasks to queue
[2026-01-28T11:54:10.692+0000] {logging_mixin.py:188} INFO - [2026-01-28T11:54:10.691+0000] {dagbag.py:538} INFO - Filling up the DagBag from /opt/airflow/dags/airflow_dag_spark_streaming.py
[2026-01-28T11:54:10.741+0000] {processor.py:840} INFO - DAG(s) 'spark_sgp4_streaming' retrieved from /opt/airflow/dags/airflow_dag_spark_streaming.py
[2026-01-28T11:54:10.825+0000] {logging_mixin.py:188} INFO - [2026-01-28T11:54:10.825+0000] {dag.py:3036} INFO - Sync 1 DAGs
[2026-01-28T11:54:10.855+0000] {logging_mixin.py:188} INFO - [2026-01-28T11:54:10.855+0000] {dag.py:3823} INFO - Setting next_dagrun for spark_sgp4_streaming to None, run_after=None
[2026-01-28T11:54:10.889+0000] {processor.py:183} INFO - Processing /opt/airflow/dags/airflow_dag_spark_streaming.py took 0.211 seconds
[2026-01-28T11:54:41.050+0000] {processor.py:161} INFO - Started process (PID=2518) to work on /opt/airflow/dags/airflow_dag_spark_streaming.py
[2026-01-28T11:54:41.054+0000] {processor.py:830} INFO - Processing file /opt/airflow/dags/airflow_dag_spark_streaming.py for tasks to queue
[2026-01-28T11:54:41.056+0000] {logging_mixin.py:188} INFO - [2026-01-28T11:54:41.055+0000] {dagbag.py:538} INFO - Filling up the DagBag from /opt/airflow/dags/airflow_dag_spark_streaming.py
[2026-01-28T11:54:41.104+0000] {processor.py:840} INFO - DAG(s) 'spark_sgp4_streaming' retrieved from /opt/airflow/dags/airflow_dag_spark_streaming.py
[2026-01-28T11:54:41.194+0000] {logging_mixin.py:188} INFO - [2026-01-28T11:54:41.193+0000] {dag.py:3036} INFO - Sync 1 DAGs
[2026-01-28T11:54:41.218+0000] {logging_mixin.py:188} INFO - [2026-01-28T11:54:41.218+0000] {dag.py:3823} INFO - Setting next_dagrun for spark_sgp4_streaming to None, run_after=None
[2026-01-28T11:54:41.243+0000] {processor.py:183} INFO - Processing /opt/airflow/dags/airflow_dag_spark_streaming.py took 0.208 seconds
[2026-01-28T11:55:11.397+0000] {processor.py:161} INFO - Started process (PID=2528) to work on /opt/airflow/dags/airflow_dag_spark_streaming.py
[2026-01-28T11:55:11.398+0000] {processor.py:830} INFO - Processing file /opt/airflow/dags/airflow_dag_spark_streaming.py for tasks to queue
[2026-01-28T11:55:11.399+0000] {logging_mixin.py:188} INFO - [2026-01-28T11:55:11.399+0000] {dagbag.py:538} INFO - Filling up the DagBag from /opt/airflow/dags/airflow_dag_spark_streaming.py
[2026-01-28T11:55:11.416+0000] {processor.py:840} INFO - DAG(s) 'spark_sgp4_streaming' retrieved from /opt/airflow/dags/airflow_dag_spark_streaming.py
[2026-01-28T11:55:11.463+0000] {logging_mixin.py:188} INFO - [2026-01-28T11:55:11.463+0000] {dag.py:3036} INFO - Sync 1 DAGs
[2026-01-28T11:55:11.476+0000] {logging_mixin.py:188} INFO - [2026-01-28T11:55:11.476+0000] {dag.py:3823} INFO - Setting next_dagrun for spark_sgp4_streaming to None, run_after=None
[2026-01-28T11:55:11.496+0000] {processor.py:183} INFO - Processing /opt/airflow/dags/airflow_dag_spark_streaming.py took 0.103 seconds
[2026-01-28T11:55:41.670+0000] {processor.py:161} INFO - Started process (PID=2538) to work on /opt/airflow/dags/airflow_dag_spark_streaming.py
[2026-01-28T11:55:41.672+0000] {processor.py:830} INFO - Processing file /opt/airflow/dags/airflow_dag_spark_streaming.py for tasks to queue
[2026-01-28T11:55:41.674+0000] {logging_mixin.py:188} INFO - [2026-01-28T11:55:41.673+0000] {dagbag.py:538} INFO - Filling up the DagBag from /opt/airflow/dags/airflow_dag_spark_streaming.py
[2026-01-28T11:55:41.695+0000] {processor.py:840} INFO - DAG(s) 'spark_sgp4_streaming' retrieved from /opt/airflow/dags/airflow_dag_spark_streaming.py
[2026-01-28T11:55:41.756+0000] {logging_mixin.py:188} INFO - [2026-01-28T11:55:41.755+0000] {dag.py:3036} INFO - Sync 1 DAGs
[2026-01-28T11:55:41.784+0000] {logging_mixin.py:188} INFO - [2026-01-28T11:55:41.784+0000] {dag.py:3823} INFO - Setting next_dagrun for spark_sgp4_streaming to None, run_after=None
[2026-01-28T11:55:41.817+0000] {processor.py:183} INFO - Processing /opt/airflow/dags/airflow_dag_spark_streaming.py took 0.154 seconds
[2026-01-28T11:56:11.971+0000] {processor.py:161} INFO - Started process (PID=2548) to work on /opt/airflow/dags/airflow_dag_spark_streaming.py
[2026-01-28T11:56:11.972+0000] {processor.py:830} INFO - Processing file /opt/airflow/dags/airflow_dag_spark_streaming.py for tasks to queue
[2026-01-28T11:56:11.973+0000] {logging_mixin.py:188} INFO - [2026-01-28T11:56:11.973+0000] {dagbag.py:538} INFO - Filling up the DagBag from /opt/airflow/dags/airflow_dag_spark_streaming.py
[2026-01-28T11:56:11.989+0000] {processor.py:840} INFO - DAG(s) 'spark_sgp4_streaming' retrieved from /opt/airflow/dags/airflow_dag_spark_streaming.py
[2026-01-28T11:56:12.032+0000] {logging_mixin.py:188} INFO - [2026-01-28T11:56:12.032+0000] {dag.py:3036} INFO - Sync 1 DAGs
[2026-01-28T11:56:12.054+0000] {logging_mixin.py:188} INFO - [2026-01-28T11:56:12.054+0000] {dag.py:3823} INFO - Setting next_dagrun for spark_sgp4_streaming to None, run_after=None
[2026-01-28T11:56:12.076+0000] {processor.py:183} INFO - Processing /opt/airflow/dags/airflow_dag_spark_streaming.py took 0.108 seconds
[2026-01-28T11:56:42.233+0000] {processor.py:161} INFO - Started process (PID=2558) to work on /opt/airflow/dags/airflow_dag_spark_streaming.py
[2026-01-28T11:56:42.234+0000] {processor.py:830} INFO - Processing file /opt/airflow/dags/airflow_dag_spark_streaming.py for tasks to queue
[2026-01-28T11:56:42.236+0000] {logging_mixin.py:188} INFO - [2026-01-28T11:56:42.235+0000] {dagbag.py:538} INFO - Filling up the DagBag from /opt/airflow/dags/airflow_dag_spark_streaming.py
[2026-01-28T11:56:42.254+0000] {processor.py:840} INFO - DAG(s) 'spark_sgp4_streaming' retrieved from /opt/airflow/dags/airflow_dag_spark_streaming.py
[2026-01-28T11:56:42.302+0000] {logging_mixin.py:188} INFO - [2026-01-28T11:56:42.302+0000] {dag.py:3036} INFO - Sync 1 DAGs
[2026-01-28T11:56:42.325+0000] {logging_mixin.py:188} INFO - [2026-01-28T11:56:42.324+0000] {dag.py:3823} INFO - Setting next_dagrun for spark_sgp4_streaming to None, run_after=None
[2026-01-28T11:56:42.351+0000] {processor.py:183} INFO - Processing /opt/airflow/dags/airflow_dag_spark_streaming.py took 0.124 seconds
[2026-01-28T11:57:12.515+0000] {processor.py:161} INFO - Started process (PID=2571) to work on /opt/airflow/dags/airflow_dag_spark_streaming.py
[2026-01-28T11:57:12.517+0000] {processor.py:830} INFO - Processing file /opt/airflow/dags/airflow_dag_spark_streaming.py for tasks to queue
[2026-01-28T11:57:12.519+0000] {logging_mixin.py:188} INFO - [2026-01-28T11:57:12.518+0000] {dagbag.py:538} INFO - Filling up the DagBag from /opt/airflow/dags/airflow_dag_spark_streaming.py
[2026-01-28T11:57:12.541+0000] {processor.py:840} INFO - DAG(s) 'spark_sgp4_streaming' retrieved from /opt/airflow/dags/airflow_dag_spark_streaming.py
[2026-01-28T11:57:12.597+0000] {logging_mixin.py:188} INFO - [2026-01-28T11:57:12.597+0000] {dag.py:3036} INFO - Sync 1 DAGs
[2026-01-28T11:57:12.626+0000] {logging_mixin.py:188} INFO - [2026-01-28T11:57:12.626+0000] {dag.py:3823} INFO - Setting next_dagrun for spark_sgp4_streaming to None, run_after=None
[2026-01-28T11:57:12.664+0000] {processor.py:183} INFO - Processing /opt/airflow/dags/airflow_dag_spark_streaming.py took 0.155 seconds
[2026-01-28T11:57:42.853+0000] {processor.py:161} INFO - Started process (PID=2581) to work on /opt/airflow/dags/airflow_dag_spark_streaming.py
[2026-01-28T11:57:42.854+0000] {processor.py:830} INFO - Processing file /opt/airflow/dags/airflow_dag_spark_streaming.py for tasks to queue
[2026-01-28T11:57:42.856+0000] {logging_mixin.py:188} INFO - [2026-01-28T11:57:42.855+0000] {dagbag.py:538} INFO - Filling up the DagBag from /opt/airflow/dags/airflow_dag_spark_streaming.py
[2026-01-28T11:57:42.880+0000] {processor.py:840} INFO - DAG(s) 'spark_sgp4_streaming' retrieved from /opt/airflow/dags/airflow_dag_spark_streaming.py
[2026-01-28T11:57:42.943+0000] {logging_mixin.py:188} INFO - [2026-01-28T11:57:42.943+0000] {dag.py:3036} INFO - Sync 1 DAGs
[2026-01-28T11:57:42.972+0000] {logging_mixin.py:188} INFO - [2026-01-28T11:57:42.971+0000] {dag.py:3823} INFO - Setting next_dagrun for spark_sgp4_streaming to None, run_after=None
[2026-01-28T11:57:43.007+0000] {processor.py:183} INFO - Processing /opt/airflow/dags/airflow_dag_spark_streaming.py took 0.162 seconds
[2026-01-28T11:58:13.211+0000] {processor.py:161} INFO - Started process (PID=2597) to work on /opt/airflow/dags/airflow_dag_spark_streaming.py
[2026-01-28T11:58:13.215+0000] {processor.py:830} INFO - Processing file /opt/airflow/dags/airflow_dag_spark_streaming.py for tasks to queue
[2026-01-28T11:58:13.217+0000] {logging_mixin.py:188} INFO - [2026-01-28T11:58:13.216+0000] {dagbag.py:538} INFO - Filling up the DagBag from /opt/airflow/dags/airflow_dag_spark_streaming.py
[2026-01-28T11:58:13.262+0000] {processor.py:840} INFO - DAG(s) 'spark_sgp4_streaming' retrieved from /opt/airflow/dags/airflow_dag_spark_streaming.py
[2026-01-28T11:58:13.326+0000] {logging_mixin.py:188} INFO - [2026-01-28T11:58:13.325+0000] {dag.py:3036} INFO - Sync 1 DAGs
[2026-01-28T11:58:13.357+0000] {logging_mixin.py:188} INFO - [2026-01-28T11:58:13.357+0000] {dag.py:3823} INFO - Setting next_dagrun for spark_sgp4_streaming to None, run_after=None
[2026-01-28T11:58:13.390+0000] {processor.py:183} INFO - Processing /opt/airflow/dags/airflow_dag_spark_streaming.py took 0.192 seconds
[2026-01-28T11:58:43.577+0000] {processor.py:161} INFO - Started process (PID=2607) to work on /opt/airflow/dags/airflow_dag_spark_streaming.py
[2026-01-28T11:58:43.578+0000] {processor.py:830} INFO - Processing file /opt/airflow/dags/airflow_dag_spark_streaming.py for tasks to queue
[2026-01-28T11:58:43.579+0000] {logging_mixin.py:188} INFO - [2026-01-28T11:58:43.578+0000] {dagbag.py:538} INFO - Filling up the DagBag from /opt/airflow/dags/airflow_dag_spark_streaming.py
[2026-01-28T11:58:43.590+0000] {processor.py:840} INFO - DAG(s) 'spark_sgp4_streaming' retrieved from /opt/airflow/dags/airflow_dag_spark_streaming.py
[2026-01-28T11:58:43.622+0000] {logging_mixin.py:188} INFO - [2026-01-28T11:58:43.622+0000] {dag.py:3036} INFO - Sync 1 DAGs
[2026-01-28T11:58:43.637+0000] {logging_mixin.py:188} INFO - [2026-01-28T11:58:43.637+0000] {dag.py:3823} INFO - Setting next_dagrun for spark_sgp4_streaming to None, run_after=None
[2026-01-28T11:58:43.655+0000] {processor.py:183} INFO - Processing /opt/airflow/dags/airflow_dag_spark_streaming.py took 0.082 seconds
[2026-01-28T11:59:13.794+0000] {processor.py:161} INFO - Started process (PID=2617) to work on /opt/airflow/dags/airflow_dag_spark_streaming.py
[2026-01-28T11:59:13.795+0000] {processor.py:830} INFO - Processing file /opt/airflow/dags/airflow_dag_spark_streaming.py for tasks to queue
[2026-01-28T11:59:13.797+0000] {logging_mixin.py:188} INFO - [2026-01-28T11:59:13.796+0000] {dagbag.py:538} INFO - Filling up the DagBag from /opt/airflow/dags/airflow_dag_spark_streaming.py
[2026-01-28T11:59:13.816+0000] {processor.py:840} INFO - DAG(s) 'spark_sgp4_streaming' retrieved from /opt/airflow/dags/airflow_dag_spark_streaming.py
[2026-01-28T11:59:13.857+0000] {logging_mixin.py:188} INFO - [2026-01-28T11:59:13.857+0000] {dag.py:3036} INFO - Sync 1 DAGs
[2026-01-28T11:59:13.876+0000] {logging_mixin.py:188} INFO - [2026-01-28T11:59:13.876+0000] {dag.py:3823} INFO - Setting next_dagrun for spark_sgp4_streaming to None, run_after=None
[2026-01-28T11:59:13.895+0000] {processor.py:183} INFO - Processing /opt/airflow/dags/airflow_dag_spark_streaming.py took 0.106 seconds
[2026-01-28T11:59:44.053+0000] {processor.py:161} INFO - Started process (PID=2627) to work on /opt/airflow/dags/airflow_dag_spark_streaming.py
[2026-01-28T11:59:44.054+0000] {processor.py:830} INFO - Processing file /opt/airflow/dags/airflow_dag_spark_streaming.py for tasks to queue
[2026-01-28T11:59:44.055+0000] {logging_mixin.py:188} INFO - [2026-01-28T11:59:44.055+0000] {dagbag.py:538} INFO - Filling up the DagBag from /opt/airflow/dags/airflow_dag_spark_streaming.py
[2026-01-28T11:59:44.076+0000] {processor.py:840} INFO - DAG(s) 'spark_sgp4_streaming' retrieved from /opt/airflow/dags/airflow_dag_spark_streaming.py
[2026-01-28T11:59:44.119+0000] {logging_mixin.py:188} INFO - [2026-01-28T11:59:44.119+0000] {dag.py:3036} INFO - Sync 1 DAGs
[2026-01-28T11:59:44.135+0000] {logging_mixin.py:188} INFO - [2026-01-28T11:59:44.135+0000] {dag.py:3823} INFO - Setting next_dagrun for spark_sgp4_streaming to None, run_after=None
[2026-01-28T11:59:44.153+0000] {processor.py:183} INFO - Processing /opt/airflow/dags/airflow_dag_spark_streaming.py took 0.107 seconds
[2026-01-28T12:00:14.347+0000] {processor.py:161} INFO - Started process (PID=2642) to work on /opt/airflow/dags/airflow_dag_spark_streaming.py
[2026-01-28T12:00:14.348+0000] {processor.py:830} INFO - Processing file /opt/airflow/dags/airflow_dag_spark_streaming.py for tasks to queue
[2026-01-28T12:00:14.350+0000] {logging_mixin.py:188} INFO - [2026-01-28T12:00:14.349+0000] {dagbag.py:538} INFO - Filling up the DagBag from /opt/airflow/dags/airflow_dag_spark_streaming.py
[2026-01-28T12:00:14.384+0000] {processor.py:840} INFO - DAG(s) 'spark_sgp4_streaming' retrieved from /opt/airflow/dags/airflow_dag_spark_streaming.py
[2026-01-28T12:00:14.466+0000] {logging_mixin.py:188} INFO - [2026-01-28T12:00:14.465+0000] {dag.py:3036} INFO - Sync 1 DAGs
[2026-01-28T12:00:14.502+0000] {logging_mixin.py:188} INFO - [2026-01-28T12:00:14.501+0000] {dag.py:3823} INFO - Setting next_dagrun for spark_sgp4_streaming to None, run_after=None
[2026-01-28T12:00:14.568+0000] {processor.py:183} INFO - Processing /opt/airflow/dags/airflow_dag_spark_streaming.py took 0.230 seconds
[2026-01-28T12:00:44.871+0000] {processor.py:161} INFO - Started process (PID=2655) to work on /opt/airflow/dags/airflow_dag_spark_streaming.py
[2026-01-28T12:00:44.879+0000] {processor.py:830} INFO - Processing file /opt/airflow/dags/airflow_dag_spark_streaming.py for tasks to queue
[2026-01-28T12:00:44.886+0000] {logging_mixin.py:188} INFO - [2026-01-28T12:00:44.883+0000] {dagbag.py:538} INFO - Filling up the DagBag from /opt/airflow/dags/airflow_dag_spark_streaming.py
[2026-01-28T12:00:45.026+0000] {processor.py:840} INFO - DAG(s) 'spark_sgp4_streaming' retrieved from /opt/airflow/dags/airflow_dag_spark_streaming.py
[2026-01-28T12:00:45.417+0000] {logging_mixin.py:188} INFO - [2026-01-28T12:00:45.416+0000] {dag.py:3036} INFO - Sync 1 DAGs
[2026-01-28T12:00:45.504+0000] {logging_mixin.py:188} INFO - [2026-01-28T12:00:45.504+0000] {dag.py:3823} INFO - Setting next_dagrun for spark_sgp4_streaming to None, run_after=None
[2026-01-28T12:00:45.585+0000] {processor.py:183} INFO - Processing /opt/airflow/dags/airflow_dag_spark_streaming.py took 0.752 seconds
[2026-01-28T12:01:15.698+0000] {processor.py:161} INFO - Started process (PID=2671) to work on /opt/airflow/dags/airflow_dag_spark_streaming.py
[2026-01-28T12:01:15.702+0000] {processor.py:830} INFO - Processing file /opt/airflow/dags/airflow_dag_spark_streaming.py for tasks to queue
[2026-01-28T12:01:15.706+0000] {logging_mixin.py:188} INFO - [2026-01-28T12:01:15.704+0000] {dagbag.py:538} INFO - Filling up the DagBag from /opt/airflow/dags/airflow_dag_spark_streaming.py
[2026-01-28T12:01:15.767+0000] {processor.py:840} INFO - DAG(s) 'spark_sgp4_streaming' retrieved from /opt/airflow/dags/airflow_dag_spark_streaming.py
[2026-01-28T12:01:15.850+0000] {logging_mixin.py:188} INFO - [2026-01-28T12:01:15.850+0000] {dag.py:3036} INFO - Sync 1 DAGs
[2026-01-28T12:01:15.887+0000] {logging_mixin.py:188} INFO - [2026-01-28T12:01:15.886+0000] {dag.py:3823} INFO - Setting next_dagrun for spark_sgp4_streaming to None, run_after=None
[2026-01-28T12:01:15.916+0000] {processor.py:183} INFO - Processing /opt/airflow/dags/airflow_dag_spark_streaming.py took 0.232 seconds
[2026-01-28T12:01:46.674+0000] {processor.py:161} INFO - Started process (PID=2681) to work on /opt/airflow/dags/airflow_dag_spark_streaming.py
[2026-01-28T12:01:46.675+0000] {processor.py:830} INFO - Processing file /opt/airflow/dags/airflow_dag_spark_streaming.py for tasks to queue
[2026-01-28T12:01:46.676+0000] {logging_mixin.py:188} INFO - [2026-01-28T12:01:46.676+0000] {dagbag.py:538} INFO - Filling up the DagBag from /opt/airflow/dags/airflow_dag_spark_streaming.py
[2026-01-28T12:01:46.706+0000] {processor.py:840} INFO - DAG(s) 'spark_sgp4_streaming' retrieved from /opt/airflow/dags/airflow_dag_spark_streaming.py
[2026-01-28T12:01:46.772+0000] {logging_mixin.py:188} INFO - [2026-01-28T12:01:46.771+0000] {dag.py:3036} INFO - Sync 1 DAGs
[2026-01-28T12:01:46.790+0000] {logging_mixin.py:188} INFO - [2026-01-28T12:01:46.790+0000] {dag.py:3823} INFO - Setting next_dagrun for spark_sgp4_streaming to None, run_after=None
[2026-01-28T12:01:46.809+0000] {processor.py:183} INFO - Processing /opt/airflow/dags/airflow_dag_spark_streaming.py took 0.147 seconds
[2026-01-28T12:02:16.954+0000] {processor.py:161} INFO - Started process (PID=2691) to work on /opt/airflow/dags/airflow_dag_spark_streaming.py
[2026-01-28T12:02:16.955+0000] {processor.py:830} INFO - Processing file /opt/airflow/dags/airflow_dag_spark_streaming.py for tasks to queue
[2026-01-28T12:02:16.956+0000] {logging_mixin.py:188} INFO - [2026-01-28T12:02:16.956+0000] {dagbag.py:538} INFO - Filling up the DagBag from /opt/airflow/dags/airflow_dag_spark_streaming.py
[2026-01-28T12:02:16.971+0000] {processor.py:840} INFO - DAG(s) 'spark_sgp4_streaming' retrieved from /opt/airflow/dags/airflow_dag_spark_streaming.py
[2026-01-28T12:02:17.009+0000] {logging_mixin.py:188} INFO - [2026-01-28T12:02:17.009+0000] {dag.py:3036} INFO - Sync 1 DAGs
[2026-01-28T12:02:17.025+0000] {logging_mixin.py:188} INFO - [2026-01-28T12:02:17.024+0000] {dag.py:3823} INFO - Setting next_dagrun for spark_sgp4_streaming to None, run_after=None
[2026-01-28T12:02:17.047+0000] {processor.py:183} INFO - Processing /opt/airflow/dags/airflow_dag_spark_streaming.py took 0.098 seconds
[2026-01-28T12:02:47.223+0000] {processor.py:161} INFO - Started process (PID=2701) to work on /opt/airflow/dags/airflow_dag_spark_streaming.py
[2026-01-28T12:02:47.224+0000] {processor.py:830} INFO - Processing file /opt/airflow/dags/airflow_dag_spark_streaming.py for tasks to queue
[2026-01-28T12:02:47.225+0000] {logging_mixin.py:188} INFO - [2026-01-28T12:02:47.224+0000] {dagbag.py:538} INFO - Filling up the DagBag from /opt/airflow/dags/airflow_dag_spark_streaming.py
[2026-01-28T12:02:47.239+0000] {processor.py:840} INFO - DAG(s) 'spark_sgp4_streaming' retrieved from /opt/airflow/dags/airflow_dag_spark_streaming.py
[2026-01-28T12:02:47.286+0000] {logging_mixin.py:188} INFO - [2026-01-28T12:02:47.286+0000] {dag.py:3036} INFO - Sync 1 DAGs
[2026-01-28T12:02:47.312+0000] {logging_mixin.py:188} INFO - [2026-01-28T12:02:47.311+0000] {dag.py:3823} INFO - Setting next_dagrun for spark_sgp4_streaming to None, run_after=None
[2026-01-28T12:02:47.344+0000] {processor.py:183} INFO - Processing /opt/airflow/dags/airflow_dag_spark_streaming.py took 0.125 seconds
[2026-01-28T12:03:17.529+0000] {processor.py:161} INFO - Started process (PID=2711) to work on /opt/airflow/dags/airflow_dag_spark_streaming.py
[2026-01-28T12:03:17.530+0000] {processor.py:830} INFO - Processing file /opt/airflow/dags/airflow_dag_spark_streaming.py for tasks to queue
[2026-01-28T12:03:17.531+0000] {logging_mixin.py:188} INFO - [2026-01-28T12:03:17.530+0000] {dagbag.py:538} INFO - Filling up the DagBag from /opt/airflow/dags/airflow_dag_spark_streaming.py
[2026-01-28T12:03:17.547+0000] {processor.py:840} INFO - DAG(s) 'spark_sgp4_streaming' retrieved from /opt/airflow/dags/airflow_dag_spark_streaming.py
[2026-01-28T12:03:17.595+0000] {logging_mixin.py:188} INFO - [2026-01-28T12:03:17.594+0000] {dag.py:3036} INFO - Sync 1 DAGs
[2026-01-28T12:03:17.621+0000] {logging_mixin.py:188} INFO - [2026-01-28T12:03:17.621+0000] {dag.py:3823} INFO - Setting next_dagrun for spark_sgp4_streaming to None, run_after=None
[2026-01-28T12:03:17.655+0000] {processor.py:183} INFO - Processing /opt/airflow/dags/airflow_dag_spark_streaming.py took 0.131 seconds
[2026-01-28T12:03:47.860+0000] {processor.py:161} INFO - Started process (PID=2721) to work on /opt/airflow/dags/airflow_dag_spark_streaming.py
[2026-01-28T12:03:47.862+0000] {processor.py:830} INFO - Processing file /opt/airflow/dags/airflow_dag_spark_streaming.py for tasks to queue
[2026-01-28T12:03:47.864+0000] {logging_mixin.py:188} INFO - [2026-01-28T12:03:47.863+0000] {dagbag.py:538} INFO - Filling up the DagBag from /opt/airflow/dags/airflow_dag_spark_streaming.py
[2026-01-28T12:03:47.887+0000] {processor.py:840} INFO - DAG(s) 'spark_sgp4_streaming' retrieved from /opt/airflow/dags/airflow_dag_spark_streaming.py
[2026-01-28T12:03:47.936+0000] {logging_mixin.py:188} INFO - [2026-01-28T12:03:47.935+0000] {dag.py:3036} INFO - Sync 1 DAGs
[2026-01-28T12:03:47.962+0000] {logging_mixin.py:188} INFO - [2026-01-28T12:03:47.962+0000] {dag.py:3823} INFO - Setting next_dagrun for spark_sgp4_streaming to None, run_after=None
[2026-01-28T12:03:47.998+0000] {processor.py:183} INFO - Processing /opt/airflow/dags/airflow_dag_spark_streaming.py took 0.145 seconds
[2026-01-28T12:04:18.179+0000] {processor.py:161} INFO - Started process (PID=2731) to work on /opt/airflow/dags/airflow_dag_spark_streaming.py
[2026-01-28T12:04:18.182+0000] {processor.py:830} INFO - Processing file /opt/airflow/dags/airflow_dag_spark_streaming.py for tasks to queue
[2026-01-28T12:04:18.183+0000] {logging_mixin.py:188} INFO - [2026-01-28T12:04:18.182+0000] {dagbag.py:538} INFO - Filling up the DagBag from /opt/airflow/dags/airflow_dag_spark_streaming.py
[2026-01-28T12:04:18.198+0000] {processor.py:840} INFO - DAG(s) 'spark_sgp4_streaming' retrieved from /opt/airflow/dags/airflow_dag_spark_streaming.py
[2026-01-28T12:04:18.235+0000] {logging_mixin.py:188} INFO - [2026-01-28T12:04:18.234+0000] {dag.py:3036} INFO - Sync 1 DAGs
[2026-01-28T12:04:18.252+0000] {logging_mixin.py:188} INFO - [2026-01-28T12:04:18.252+0000] {dag.py:3823} INFO - Setting next_dagrun for spark_sgp4_streaming to None, run_after=None
[2026-01-28T12:04:18.274+0000] {processor.py:183} INFO - Processing /opt/airflow/dags/airflow_dag_spark_streaming.py took 0.103 seconds
[2026-01-28T12:04:48.458+0000] {processor.py:161} INFO - Started process (PID=2741) to work on /opt/airflow/dags/airflow_dag_spark_streaming.py
[2026-01-28T12:04:48.459+0000] {processor.py:830} INFO - Processing file /opt/airflow/dags/airflow_dag_spark_streaming.py for tasks to queue
[2026-01-28T12:04:48.459+0000] {logging_mixin.py:188} INFO - [2026-01-28T12:04:48.459+0000] {dagbag.py:538} INFO - Filling up the DagBag from /opt/airflow/dags/airflow_dag_spark_streaming.py
[2026-01-28T12:04:48.472+0000] {processor.py:840} INFO - DAG(s) 'spark_sgp4_streaming' retrieved from /opt/airflow/dags/airflow_dag_spark_streaming.py
[2026-01-28T12:04:48.515+0000] {logging_mixin.py:188} INFO - [2026-01-28T12:04:48.515+0000] {dag.py:3036} INFO - Sync 1 DAGs
[2026-01-28T12:04:48.538+0000] {logging_mixin.py:188} INFO - [2026-01-28T12:04:48.537+0000] {dag.py:3823} INFO - Setting next_dagrun for spark_sgp4_streaming to None, run_after=None
[2026-01-28T12:04:48.559+0000] {processor.py:183} INFO - Processing /opt/airflow/dags/airflow_dag_spark_streaming.py took 0.106 seconds
[2026-01-28T12:05:18.720+0000] {processor.py:161} INFO - Started process (PID=2754) to work on /opt/airflow/dags/airflow_dag_spark_streaming.py
[2026-01-28T12:05:18.720+0000] {processor.py:830} INFO - Processing file /opt/airflow/dags/airflow_dag_spark_streaming.py for tasks to queue
[2026-01-28T12:05:18.721+0000] {logging_mixin.py:188} INFO - [2026-01-28T12:05:18.721+0000] {dagbag.py:538} INFO - Filling up the DagBag from /opt/airflow/dags/airflow_dag_spark_streaming.py
[2026-01-28T12:05:18.735+0000] {processor.py:840} INFO - DAG(s) 'spark_sgp4_streaming' retrieved from /opt/airflow/dags/airflow_dag_spark_streaming.py
[2026-01-28T12:05:18.775+0000] {logging_mixin.py:188} INFO - [2026-01-28T12:05:18.775+0000] {dag.py:3036} INFO - Sync 1 DAGs
[2026-01-28T12:05:18.794+0000] {logging_mixin.py:188} INFO - [2026-01-28T12:05:18.794+0000] {dag.py:3823} INFO - Setting next_dagrun for spark_sgp4_streaming to None, run_after=None
[2026-01-28T12:05:18.814+0000] {processor.py:183} INFO - Processing /opt/airflow/dags/airflow_dag_spark_streaming.py took 0.098 seconds
[2026-01-28T12:05:48.991+0000] {processor.py:161} INFO - Started process (PID=2764) to work on /opt/airflow/dags/airflow_dag_spark_streaming.py
[2026-01-28T12:05:48.993+0000] {processor.py:830} INFO - Processing file /opt/airflow/dags/airflow_dag_spark_streaming.py for tasks to queue
[2026-01-28T12:05:48.994+0000] {logging_mixin.py:188} INFO - [2026-01-28T12:05:48.993+0000] {dagbag.py:538} INFO - Filling up the DagBag from /opt/airflow/dags/airflow_dag_spark_streaming.py
[2026-01-28T12:05:49.012+0000] {processor.py:840} INFO - DAG(s) 'spark_sgp4_streaming' retrieved from /opt/airflow/dags/airflow_dag_spark_streaming.py
[2026-01-28T12:05:49.065+0000] {logging_mixin.py:188} INFO - [2026-01-28T12:05:49.065+0000] {dag.py:3036} INFO - Sync 1 DAGs
[2026-01-28T12:05:49.087+0000] {logging_mixin.py:188} INFO - [2026-01-28T12:05:49.087+0000] {dag.py:3823} INFO - Setting next_dagrun for spark_sgp4_streaming to None, run_after=None
[2026-01-28T12:05:49.118+0000] {processor.py:183} INFO - Processing /opt/airflow/dags/airflow_dag_spark_streaming.py took 0.132 seconds
[2026-01-28T12:06:19.316+0000] {processor.py:161} INFO - Started process (PID=2774) to work on /opt/airflow/dags/airflow_dag_spark_streaming.py
[2026-01-28T12:06:19.319+0000] {processor.py:830} INFO - Processing file /opt/airflow/dags/airflow_dag_spark_streaming.py for tasks to queue
[2026-01-28T12:06:19.320+0000] {logging_mixin.py:188} INFO - [2026-01-28T12:06:19.319+0000] {dagbag.py:538} INFO - Filling up the DagBag from /opt/airflow/dags/airflow_dag_spark_streaming.py
[2026-01-28T12:06:19.341+0000] {processor.py:840} INFO - DAG(s) 'spark_sgp4_streaming' retrieved from /opt/airflow/dags/airflow_dag_spark_streaming.py
[2026-01-28T12:06:19.400+0000] {logging_mixin.py:188} INFO - [2026-01-28T12:06:19.400+0000] {dag.py:3036} INFO - Sync 1 DAGs
[2026-01-28T12:06:19.427+0000] {logging_mixin.py:188} INFO - [2026-01-28T12:06:19.426+0000] {dag.py:3823} INFO - Setting next_dagrun for spark_sgp4_streaming to None, run_after=None
[2026-01-28T12:06:19.462+0000] {processor.py:183} INFO - Processing /opt/airflow/dags/airflow_dag_spark_streaming.py took 0.153 seconds
[2026-01-28T12:06:49.646+0000] {processor.py:161} INFO - Started process (PID=2784) to work on /opt/airflow/dags/airflow_dag_spark_streaming.py
[2026-01-28T12:06:49.647+0000] {processor.py:830} INFO - Processing file /opt/airflow/dags/airflow_dag_spark_streaming.py for tasks to queue
[2026-01-28T12:06:49.648+0000] {logging_mixin.py:188} INFO - [2026-01-28T12:06:49.647+0000] {dagbag.py:538} INFO - Filling up the DagBag from /opt/airflow/dags/airflow_dag_spark_streaming.py
[2026-01-28T12:06:49.669+0000] {processor.py:840} INFO - DAG(s) 'spark_sgp4_streaming' retrieved from /opt/airflow/dags/airflow_dag_spark_streaming.py
[2026-01-28T12:06:49.727+0000] {logging_mixin.py:188} INFO - [2026-01-28T12:06:49.727+0000] {dag.py:3036} INFO - Sync 1 DAGs
[2026-01-28T12:06:49.753+0000] {logging_mixin.py:188} INFO - [2026-01-28T12:06:49.753+0000] {dag.py:3823} INFO - Setting next_dagrun for spark_sgp4_streaming to None, run_after=None
[2026-01-28T12:06:49.787+0000] {processor.py:183} INFO - Processing /opt/airflow/dags/airflow_dag_spark_streaming.py took 0.146 seconds
[2026-01-28T12:07:19.981+0000] {processor.py:161} INFO - Started process (PID=2794) to work on /opt/airflow/dags/airflow_dag_spark_streaming.py
[2026-01-28T12:07:19.983+0000] {processor.py:830} INFO - Processing file /opt/airflow/dags/airflow_dag_spark_streaming.py for tasks to queue
[2026-01-28T12:07:19.986+0000] {logging_mixin.py:188} INFO - [2026-01-28T12:07:19.984+0000] {dagbag.py:538} INFO - Filling up the DagBag from /opt/airflow/dags/airflow_dag_spark_streaming.py
[2026-01-28T12:07:20.043+0000] {processor.py:840} INFO - DAG(s) 'spark_sgp4_streaming' retrieved from /opt/airflow/dags/airflow_dag_spark_streaming.py
[2026-01-28T12:07:20.121+0000] {logging_mixin.py:188} INFO - [2026-01-28T12:07:20.121+0000] {dag.py:3036} INFO - Sync 1 DAGs
[2026-01-28T12:07:20.152+0000] {logging_mixin.py:188} INFO - [2026-01-28T12:07:20.152+0000] {dag.py:3823} INFO - Setting next_dagrun for spark_sgp4_streaming to None, run_after=None
[2026-01-28T12:07:20.176+0000] {processor.py:183} INFO - Processing /opt/airflow/dags/airflow_dag_spark_streaming.py took 0.214 seconds
[2026-01-28T12:07:50.358+0000] {processor.py:161} INFO - Started process (PID=2806) to work on /opt/airflow/dags/airflow_dag_spark_streaming.py
[2026-01-28T12:07:50.360+0000] {processor.py:830} INFO - Processing file /opt/airflow/dags/airflow_dag_spark_streaming.py for tasks to queue
[2026-01-28T12:07:50.361+0000] {logging_mixin.py:188} INFO - [2026-01-28T12:07:50.360+0000] {dagbag.py:538} INFO - Filling up the DagBag from /opt/airflow/dags/airflow_dag_spark_streaming.py
[2026-01-28T12:07:50.385+0000] {processor.py:840} INFO - DAG(s) 'spark_sgp4_streaming' retrieved from /opt/airflow/dags/airflow_dag_spark_streaming.py
[2026-01-28T12:07:50.452+0000] {logging_mixin.py:188} INFO - [2026-01-28T12:07:50.451+0000] {dag.py:3036} INFO - Sync 1 DAGs
[2026-01-28T12:07:50.481+0000] {logging_mixin.py:188} INFO - [2026-01-28T12:07:50.481+0000] {dag.py:3823} INFO - Setting next_dagrun for spark_sgp4_streaming to None, run_after=None
[2026-01-28T12:07:50.516+0000] {processor.py:183} INFO - Processing /opt/airflow/dags/airflow_dag_spark_streaming.py took 0.166 seconds
[2026-01-28T12:08:20.719+0000] {processor.py:161} INFO - Started process (PID=2817) to work on /opt/airflow/dags/airflow_dag_spark_streaming.py
[2026-01-28T12:08:20.721+0000] {processor.py:830} INFO - Processing file /opt/airflow/dags/airflow_dag_spark_streaming.py for tasks to queue
[2026-01-28T12:08:20.722+0000] {logging_mixin.py:188} INFO - [2026-01-28T12:08:20.721+0000] {dagbag.py:538} INFO - Filling up the DagBag from /opt/airflow/dags/airflow_dag_spark_streaming.py
[2026-01-28T12:08:20.744+0000] {processor.py:840} INFO - DAG(s) 'spark_sgp4_streaming' retrieved from /opt/airflow/dags/airflow_dag_spark_streaming.py
[2026-01-28T12:08:20.801+0000] {logging_mixin.py:188} INFO - [2026-01-28T12:08:20.801+0000] {dag.py:3036} INFO - Sync 1 DAGs
[2026-01-28T12:08:20.827+0000] {logging_mixin.py:188} INFO - [2026-01-28T12:08:20.827+0000] {dag.py:3823} INFO - Setting next_dagrun for spark_sgp4_streaming to None, run_after=None
[2026-01-28T12:08:20.859+0000] {processor.py:183} INFO - Processing /opt/airflow/dags/airflow_dag_spark_streaming.py took 0.147 seconds
[2026-01-28T12:08:51.087+0000] {processor.py:161} INFO - Started process (PID=2827) to work on /opt/airflow/dags/airflow_dag_spark_streaming.py
[2026-01-28T12:08:51.089+0000] {processor.py:830} INFO - Processing file /opt/airflow/dags/airflow_dag_spark_streaming.py for tasks to queue
[2026-01-28T12:08:51.090+0000] {logging_mixin.py:188} INFO - [2026-01-28T12:08:51.090+0000] {dagbag.py:538} INFO - Filling up the DagBag from /opt/airflow/dags/airflow_dag_spark_streaming.py
[2026-01-28T12:08:51.112+0000] {processor.py:840} INFO - DAG(s) 'spark_sgp4_streaming' retrieved from /opt/airflow/dags/airflow_dag_spark_streaming.py
[2026-01-28T12:08:51.171+0000] {logging_mixin.py:188} INFO - [2026-01-28T12:08:51.171+0000] {dag.py:3036} INFO - Sync 1 DAGs
[2026-01-28T12:08:51.197+0000] {logging_mixin.py:188} INFO - [2026-01-28T12:08:51.197+0000] {dag.py:3823} INFO - Setting next_dagrun for spark_sgp4_streaming to None, run_after=None
[2026-01-28T12:08:51.232+0000] {processor.py:183} INFO - Processing /opt/airflow/dags/airflow_dag_spark_streaming.py took 0.151 seconds
[2026-01-28T12:09:21.432+0000] {processor.py:161} INFO - Started process (PID=2837) to work on /opt/airflow/dags/airflow_dag_spark_streaming.py
[2026-01-28T12:09:21.435+0000] {processor.py:830} INFO - Processing file /opt/airflow/dags/airflow_dag_spark_streaming.py for tasks to queue
[2026-01-28T12:09:21.437+0000] {logging_mixin.py:188} INFO - [2026-01-28T12:09:21.436+0000] {dagbag.py:538} INFO - Filling up the DagBag from /opt/airflow/dags/airflow_dag_spark_streaming.py
[2026-01-28T12:09:21.458+0000] {processor.py:840} INFO - DAG(s) 'spark_sgp4_streaming' retrieved from /opt/airflow/dags/airflow_dag_spark_streaming.py
[2026-01-28T12:09:21.517+0000] {logging_mixin.py:188} INFO - [2026-01-28T12:09:21.517+0000] {dag.py:3036} INFO - Sync 1 DAGs
[2026-01-28T12:09:21.544+0000] {logging_mixin.py:188} INFO - [2026-01-28T12:09:21.544+0000] {dag.py:3823} INFO - Setting next_dagrun for spark_sgp4_streaming to None, run_after=None
[2026-01-28T12:09:21.578+0000] {processor.py:183} INFO - Processing /opt/airflow/dags/airflow_dag_spark_streaming.py took 0.153 seconds
[2026-01-28T12:09:51.783+0000] {processor.py:161} INFO - Started process (PID=2847) to work on /opt/airflow/dags/airflow_dag_spark_streaming.py
[2026-01-28T12:09:51.784+0000] {processor.py:830} INFO - Processing file /opt/airflow/dags/airflow_dag_spark_streaming.py for tasks to queue
[2026-01-28T12:09:51.786+0000] {logging_mixin.py:188} INFO - [2026-01-28T12:09:51.785+0000] {dagbag.py:538} INFO - Filling up the DagBag from /opt/airflow/dags/airflow_dag_spark_streaming.py
[2026-01-28T12:09:51.808+0000] {processor.py:840} INFO - DAG(s) 'spark_sgp4_streaming' retrieved from /opt/airflow/dags/airflow_dag_spark_streaming.py
[2026-01-28T12:09:51.867+0000] {logging_mixin.py:188} INFO - [2026-01-28T12:09:51.867+0000] {dag.py:3036} INFO - Sync 1 DAGs
[2026-01-28T12:09:51.893+0000] {logging_mixin.py:188} INFO - [2026-01-28T12:09:51.893+0000] {dag.py:3823} INFO - Setting next_dagrun for spark_sgp4_streaming to None, run_after=None
[2026-01-28T12:09:51.928+0000] {processor.py:183} INFO - Processing /opt/airflow/dags/airflow_dag_spark_streaming.py took 0.151 seconds
[2026-01-28T12:10:22.124+0000] {processor.py:161} INFO - Started process (PID=2857) to work on /opt/airflow/dags/airflow_dag_spark_streaming.py
[2026-01-28T12:10:22.125+0000] {processor.py:830} INFO - Processing file /opt/airflow/dags/airflow_dag_spark_streaming.py for tasks to queue
[2026-01-28T12:10:22.126+0000] {logging_mixin.py:188} INFO - [2026-01-28T12:10:22.126+0000] {dagbag.py:538} INFO - Filling up the DagBag from /opt/airflow/dags/airflow_dag_spark_streaming.py
[2026-01-28T12:10:22.143+0000] {processor.py:840} INFO - DAG(s) 'spark_sgp4_streaming' retrieved from /opt/airflow/dags/airflow_dag_spark_streaming.py
[2026-01-28T12:10:22.187+0000] {logging_mixin.py:188} INFO - [2026-01-28T12:10:22.186+0000] {dag.py:3036} INFO - Sync 1 DAGs
[2026-01-28T12:10:22.213+0000] {logging_mixin.py:188} INFO - [2026-01-28T12:10:22.212+0000] {dag.py:3823} INFO - Setting next_dagrun for spark_sgp4_streaming to None, run_after=None
[2026-01-28T12:10:22.249+0000] {processor.py:183} INFO - Processing /opt/airflow/dags/airflow_dag_spark_streaming.py took 0.129 seconds
[2026-01-28T12:10:52.452+0000] {processor.py:161} INFO - Started process (PID=2867) to work on /opt/airflow/dags/airflow_dag_spark_streaming.py
[2026-01-28T12:10:52.454+0000] {processor.py:830} INFO - Processing file /opt/airflow/dags/airflow_dag_spark_streaming.py for tasks to queue
[2026-01-28T12:10:52.456+0000] {logging_mixin.py:188} INFO - [2026-01-28T12:10:52.455+0000] {dagbag.py:538} INFO - Filling up the DagBag from /opt/airflow/dags/airflow_dag_spark_streaming.py
[2026-01-28T12:10:52.479+0000] {processor.py:840} INFO - DAG(s) 'spark_sgp4_streaming' retrieved from /opt/airflow/dags/airflow_dag_spark_streaming.py
[2026-01-28T12:10:52.541+0000] {logging_mixin.py:188} INFO - [2026-01-28T12:10:52.540+0000] {dag.py:3036} INFO - Sync 1 DAGs
[2026-01-28T12:10:52.568+0000] {logging_mixin.py:188} INFO - [2026-01-28T12:10:52.568+0000] {dag.py:3823} INFO - Setting next_dagrun for spark_sgp4_streaming to None, run_after=None
[2026-01-28T12:10:52.602+0000] {processor.py:183} INFO - Processing /opt/airflow/dags/airflow_dag_spark_streaming.py took 0.157 seconds
[2026-01-28T12:11:22.805+0000] {processor.py:161} INFO - Started process (PID=2877) to work on /opt/airflow/dags/airflow_dag_spark_streaming.py
[2026-01-28T12:11:22.808+0000] {processor.py:830} INFO - Processing file /opt/airflow/dags/airflow_dag_spark_streaming.py for tasks to queue
[2026-01-28T12:11:22.809+0000] {logging_mixin.py:188} INFO - [2026-01-28T12:11:22.809+0000] {dagbag.py:538} INFO - Filling up the DagBag from /opt/airflow/dags/airflow_dag_spark_streaming.py
[2026-01-28T12:11:22.833+0000] {processor.py:840} INFO - DAG(s) 'spark_sgp4_streaming' retrieved from /opt/airflow/dags/airflow_dag_spark_streaming.py
[2026-01-28T12:11:22.877+0000] {logging_mixin.py:188} INFO - [2026-01-28T12:11:22.877+0000] {dag.py:3036} INFO - Sync 1 DAGs
[2026-01-28T12:11:22.899+0000] {logging_mixin.py:188} INFO - [2026-01-28T12:11:22.898+0000] {dag.py:3823} INFO - Setting next_dagrun for spark_sgp4_streaming to None, run_after=None
[2026-01-28T12:11:22.928+0000] {processor.py:183} INFO - Processing /opt/airflow/dags/airflow_dag_spark_streaming.py took 0.131 seconds
[2026-01-28T12:11:53.106+0000] {processor.py:161} INFO - Started process (PID=2887) to work on /opt/airflow/dags/airflow_dag_spark_streaming.py
[2026-01-28T12:11:53.107+0000] {processor.py:830} INFO - Processing file /opt/airflow/dags/airflow_dag_spark_streaming.py for tasks to queue
[2026-01-28T12:11:53.108+0000] {logging_mixin.py:188} INFO - [2026-01-28T12:11:53.108+0000] {dagbag.py:538} INFO - Filling up the DagBag from /opt/airflow/dags/airflow_dag_spark_streaming.py
[2026-01-28T12:11:53.123+0000] {processor.py:840} INFO - DAG(s) 'spark_sgp4_streaming' retrieved from /opt/airflow/dags/airflow_dag_spark_streaming.py
[2026-01-28T12:11:53.162+0000] {logging_mixin.py:188} INFO - [2026-01-28T12:11:53.162+0000] {dag.py:3036} INFO - Sync 1 DAGs
[2026-01-28T12:11:53.179+0000] {logging_mixin.py:188} INFO - [2026-01-28T12:11:53.179+0000] {dag.py:3823} INFO - Setting next_dagrun for spark_sgp4_streaming to None, run_after=None
[2026-01-28T12:11:53.200+0000] {processor.py:183} INFO - Processing /opt/airflow/dags/airflow_dag_spark_streaming.py took 0.098 seconds
[2026-01-28T12:12:23.342+0000] {processor.py:161} INFO - Started process (PID=2897) to work on /opt/airflow/dags/airflow_dag_spark_streaming.py
[2026-01-28T12:12:23.342+0000] {processor.py:830} INFO - Processing file /opt/airflow/dags/airflow_dag_spark_streaming.py for tasks to queue
[2026-01-28T12:12:23.343+0000] {logging_mixin.py:188} INFO - [2026-01-28T12:12:23.343+0000] {dagbag.py:538} INFO - Filling up the DagBag from /opt/airflow/dags/airflow_dag_spark_streaming.py
[2026-01-28T12:12:23.355+0000] {processor.py:840} INFO - DAG(s) 'spark_sgp4_streaming' retrieved from /opt/airflow/dags/airflow_dag_spark_streaming.py
[2026-01-28T12:12:23.389+0000] {logging_mixin.py:188} INFO - [2026-01-28T12:12:23.389+0000] {dag.py:3036} INFO - Sync 1 DAGs
[2026-01-28T12:12:23.404+0000] {logging_mixin.py:188} INFO - [2026-01-28T12:12:23.404+0000] {dag.py:3823} INFO - Setting next_dagrun for spark_sgp4_streaming to None, run_after=None
[2026-01-28T12:12:23.422+0000] {processor.py:183} INFO - Processing /opt/airflow/dags/airflow_dag_spark_streaming.py took 0.086 seconds
[2026-01-28T12:12:53.575+0000] {processor.py:161} INFO - Started process (PID=2907) to work on /opt/airflow/dags/airflow_dag_spark_streaming.py
[2026-01-28T12:12:53.576+0000] {processor.py:830} INFO - Processing file /opt/airflow/dags/airflow_dag_spark_streaming.py for tasks to queue
[2026-01-28T12:12:53.578+0000] {logging_mixin.py:188} INFO - [2026-01-28T12:12:53.577+0000] {dagbag.py:538} INFO - Filling up the DagBag from /opt/airflow/dags/airflow_dag_spark_streaming.py
[2026-01-28T12:12:53.593+0000] {processor.py:840} INFO - DAG(s) 'spark_sgp4_streaming' retrieved from /opt/airflow/dags/airflow_dag_spark_streaming.py
[2026-01-28T12:12:53.633+0000] {logging_mixin.py:188} INFO - [2026-01-28T12:12:53.632+0000] {dag.py:3036} INFO - Sync 1 DAGs
[2026-01-28T12:12:53.652+0000] {logging_mixin.py:188} INFO - [2026-01-28T12:12:53.651+0000] {dag.py:3823} INFO - Setting next_dagrun for spark_sgp4_streaming to None, run_after=None
[2026-01-28T12:12:53.672+0000] {processor.py:183} INFO - Processing /opt/airflow/dags/airflow_dag_spark_streaming.py took 0.101 seconds
[2026-01-28T12:13:23.832+0000] {processor.py:161} INFO - Started process (PID=2917) to work on /opt/airflow/dags/airflow_dag_spark_streaming.py
[2026-01-28T12:13:23.835+0000] {processor.py:830} INFO - Processing file /opt/airflow/dags/airflow_dag_spark_streaming.py for tasks to queue
[2026-01-28T12:13:23.836+0000] {logging_mixin.py:188} INFO - [2026-01-28T12:13:23.835+0000] {dagbag.py:538} INFO - Filling up the DagBag from /opt/airflow/dags/airflow_dag_spark_streaming.py
[2026-01-28T12:13:23.850+0000] {processor.py:840} INFO - DAG(s) 'spark_sgp4_streaming' retrieved from /opt/airflow/dags/airflow_dag_spark_streaming.py
[2026-01-28T12:13:23.890+0000] {logging_mixin.py:188} INFO - [2026-01-28T12:13:23.889+0000] {dag.py:3036} INFO - Sync 1 DAGs
[2026-01-28T12:13:23.905+0000] {logging_mixin.py:188} INFO - [2026-01-28T12:13:23.904+0000] {dag.py:3823} INFO - Setting next_dagrun for spark_sgp4_streaming to None, run_after=None
[2026-01-28T12:13:23.927+0000] {processor.py:183} INFO - Processing /opt/airflow/dags/airflow_dag_spark_streaming.py took 0.099 seconds
[2026-01-28T12:13:54.117+0000] {processor.py:161} INFO - Started process (PID=2927) to work on /opt/airflow/dags/airflow_dag_spark_streaming.py
[2026-01-28T12:13:54.119+0000] {processor.py:830} INFO - Processing file /opt/airflow/dags/airflow_dag_spark_streaming.py for tasks to queue
[2026-01-28T12:13:54.120+0000] {logging_mixin.py:188} INFO - [2026-01-28T12:13:54.119+0000] {dagbag.py:538} INFO - Filling up the DagBag from /opt/airflow/dags/airflow_dag_spark_streaming.py
[2026-01-28T12:13:54.141+0000] {processor.py:840} INFO - DAG(s) 'spark_sgp4_streaming' retrieved from /opt/airflow/dags/airflow_dag_spark_streaming.py
[2026-01-28T12:13:54.196+0000] {logging_mixin.py:188} INFO - [2026-01-28T12:13:54.195+0000] {dag.py:3036} INFO - Sync 1 DAGs
[2026-01-28T12:13:54.214+0000] {logging_mixin.py:188} INFO - [2026-01-28T12:13:54.213+0000] {dag.py:3823} INFO - Setting next_dagrun for spark_sgp4_streaming to None, run_after=None
[2026-01-28T12:13:54.248+0000] {processor.py:183} INFO - Processing /opt/airflow/dags/airflow_dag_spark_streaming.py took 0.140 seconds
[2026-01-28T12:14:24.412+0000] {processor.py:161} INFO - Started process (PID=2937) to work on /opt/airflow/dags/airflow_dag_spark_streaming.py
[2026-01-28T12:14:24.415+0000] {processor.py:830} INFO - Processing file /opt/airflow/dags/airflow_dag_spark_streaming.py for tasks to queue
[2026-01-28T12:14:24.418+0000] {logging_mixin.py:188} INFO - [2026-01-28T12:14:24.417+0000] {dagbag.py:538} INFO - Filling up the DagBag from /opt/airflow/dags/airflow_dag_spark_streaming.py
[2026-01-28T12:14:24.454+0000] {processor.py:840} INFO - DAG(s) 'spark_sgp4_streaming' retrieved from /opt/airflow/dags/airflow_dag_spark_streaming.py
[2026-01-28T12:14:24.513+0000] {logging_mixin.py:188} INFO - [2026-01-28T12:14:24.513+0000] {dag.py:3036} INFO - Sync 1 DAGs
[2026-01-28T12:14:24.538+0000] {logging_mixin.py:188} INFO - [2026-01-28T12:14:24.538+0000] {dag.py:3823} INFO - Setting next_dagrun for spark_sgp4_streaming to None, run_after=None
[2026-01-28T12:14:24.567+0000] {processor.py:183} INFO - Processing /opt/airflow/dags/airflow_dag_spark_streaming.py took 0.165 seconds
[2026-01-28T12:14:54.714+0000] {processor.py:161} INFO - Started process (PID=2947) to work on /opt/airflow/dags/airflow_dag_spark_streaming.py
[2026-01-28T12:14:54.714+0000] {processor.py:830} INFO - Processing file /opt/airflow/dags/airflow_dag_spark_streaming.py for tasks to queue
[2026-01-28T12:14:54.716+0000] {logging_mixin.py:188} INFO - [2026-01-28T12:14:54.715+0000] {dagbag.py:538} INFO - Filling up the DagBag from /opt/airflow/dags/airflow_dag_spark_streaming.py
[2026-01-28T12:14:54.734+0000] {processor.py:840} INFO - DAG(s) 'spark_sgp4_streaming' retrieved from /opt/airflow/dags/airflow_dag_spark_streaming.py
[2026-01-28T12:14:54.774+0000] {logging_mixin.py:188} INFO - [2026-01-28T12:14:54.774+0000] {dag.py:3036} INFO - Sync 1 DAGs
[2026-01-28T12:14:54.793+0000] {logging_mixin.py:188} INFO - [2026-01-28T12:14:54.793+0000] {dag.py:3823} INFO - Setting next_dagrun for spark_sgp4_streaming to None, run_after=None
[2026-01-28T12:14:54.815+0000] {processor.py:183} INFO - Processing /opt/airflow/dags/airflow_dag_spark_streaming.py took 0.106 seconds
[2026-01-28T12:15:24.974+0000] {processor.py:161} INFO - Started process (PID=2957) to work on /opt/airflow/dags/airflow_dag_spark_streaming.py
[2026-01-28T12:15:24.975+0000] {processor.py:830} INFO - Processing file /opt/airflow/dags/airflow_dag_spark_streaming.py for tasks to queue
[2026-01-28T12:15:24.976+0000] {logging_mixin.py:188} INFO - [2026-01-28T12:15:24.975+0000] {dagbag.py:538} INFO - Filling up the DagBag from /opt/airflow/dags/airflow_dag_spark_streaming.py
[2026-01-28T12:15:24.994+0000] {processor.py:840} INFO - DAG(s) 'spark_sgp4_streaming' retrieved from /opt/airflow/dags/airflow_dag_spark_streaming.py
[2026-01-28T12:15:25.034+0000] {logging_mixin.py:188} INFO - [2026-01-28T12:15:25.033+0000] {dag.py:3036} INFO - Sync 1 DAGs
[2026-01-28T12:15:25.056+0000] {logging_mixin.py:188} INFO - [2026-01-28T12:15:25.056+0000] {dag.py:3823} INFO - Setting next_dagrun for spark_sgp4_streaming to None, run_after=None
[2026-01-28T12:15:25.079+0000] {processor.py:183} INFO - Processing /opt/airflow/dags/airflow_dag_spark_streaming.py took 0.109 seconds
[2026-01-28T12:15:55.246+0000] {processor.py:161} INFO - Started process (PID=2967) to work on /opt/airflow/dags/airflow_dag_spark_streaming.py
[2026-01-28T12:15:55.247+0000] {processor.py:830} INFO - Processing file /opt/airflow/dags/airflow_dag_spark_streaming.py for tasks to queue
[2026-01-28T12:15:55.248+0000] {logging_mixin.py:188} INFO - [2026-01-28T12:15:55.247+0000] {dagbag.py:538} INFO - Filling up the DagBag from /opt/airflow/dags/airflow_dag_spark_streaming.py
[2026-01-28T12:15:55.262+0000] {processor.py:840} INFO - DAG(s) 'spark_sgp4_streaming' retrieved from /opt/airflow/dags/airflow_dag_spark_streaming.py
[2026-01-28T12:15:55.300+0000] {logging_mixin.py:188} INFO - [2026-01-28T12:15:55.299+0000] {dag.py:3036} INFO - Sync 1 DAGs
[2026-01-28T12:15:55.317+0000] {logging_mixin.py:188} INFO - [2026-01-28T12:15:55.316+0000] {dag.py:3823} INFO - Setting next_dagrun for spark_sgp4_streaming to None, run_after=None
[2026-01-28T12:15:55.335+0000] {processor.py:183} INFO - Processing /opt/airflow/dags/airflow_dag_spark_streaming.py took 0.094 seconds
[2026-01-28T12:16:25.502+0000] {processor.py:161} INFO - Started process (PID=2977) to work on /opt/airflow/dags/airflow_dag_spark_streaming.py
[2026-01-28T12:16:25.505+0000] {processor.py:830} INFO - Processing file /opt/airflow/dags/airflow_dag_spark_streaming.py for tasks to queue
[2026-01-28T12:16:25.507+0000] {logging_mixin.py:188} INFO - [2026-01-28T12:16:25.506+0000] {dagbag.py:538} INFO - Filling up the DagBag from /opt/airflow/dags/airflow_dag_spark_streaming.py
[2026-01-28T12:16:25.541+0000] {processor.py:840} INFO - DAG(s) 'spark_sgp4_streaming' retrieved from /opt/airflow/dags/airflow_dag_spark_streaming.py
[2026-01-28T12:16:25.597+0000] {logging_mixin.py:188} INFO - [2026-01-28T12:16:25.597+0000] {dag.py:3036} INFO - Sync 1 DAGs
[2026-01-28T12:16:25.625+0000] {logging_mixin.py:188} INFO - [2026-01-28T12:16:25.625+0000] {dag.py:3823} INFO - Setting next_dagrun for spark_sgp4_streaming to None, run_after=None
[2026-01-28T12:16:25.655+0000] {processor.py:183} INFO - Processing /opt/airflow/dags/airflow_dag_spark_streaming.py took 0.162 seconds
[2026-01-28T12:16:55.820+0000] {processor.py:161} INFO - Started process (PID=2987) to work on /opt/airflow/dags/airflow_dag_spark_streaming.py
[2026-01-28T12:16:55.821+0000] {processor.py:830} INFO - Processing file /opt/airflow/dags/airflow_dag_spark_streaming.py for tasks to queue
[2026-01-28T12:16:55.822+0000] {logging_mixin.py:188} INFO - [2026-01-28T12:16:55.821+0000] {dagbag.py:538} INFO - Filling up the DagBag from /opt/airflow/dags/airflow_dag_spark_streaming.py
[2026-01-28T12:16:55.837+0000] {processor.py:840} INFO - DAG(s) 'spark_sgp4_streaming' retrieved from /opt/airflow/dags/airflow_dag_spark_streaming.py
[2026-01-28T12:16:55.876+0000] {logging_mixin.py:188} INFO - [2026-01-28T12:16:55.876+0000] {dag.py:3036} INFO - Sync 1 DAGs
[2026-01-28T12:16:55.899+0000] {logging_mixin.py:188} INFO - [2026-01-28T12:16:55.899+0000] {dag.py:3823} INFO - Setting next_dagrun for spark_sgp4_streaming to None, run_after=None
[2026-01-28T12:16:55.921+0000] {processor.py:183} INFO - Processing /opt/airflow/dags/airflow_dag_spark_streaming.py took 0.108 seconds
[2026-01-28T12:17:26.094+0000] {processor.py:161} INFO - Started process (PID=2997) to work on /opt/airflow/dags/airflow_dag_spark_streaming.py
[2026-01-28T12:17:26.095+0000] {processor.py:830} INFO - Processing file /opt/airflow/dags/airflow_dag_spark_streaming.py for tasks to queue
[2026-01-28T12:17:26.097+0000] {logging_mixin.py:188} INFO - [2026-01-28T12:17:26.096+0000] {dagbag.py:538} INFO - Filling up the DagBag from /opt/airflow/dags/airflow_dag_spark_streaming.py
[2026-01-28T12:17:26.132+0000] {processor.py:840} INFO - DAG(s) 'spark_sgp4_streaming' retrieved from /opt/airflow/dags/airflow_dag_spark_streaming.py
[2026-01-28T12:17:26.203+0000] {logging_mixin.py:188} INFO - [2026-01-28T12:17:26.202+0000] {dag.py:3036} INFO - Sync 1 DAGs
[2026-01-28T12:17:26.222+0000] {logging_mixin.py:188} INFO - [2026-01-28T12:17:26.221+0000] {dag.py:3823} INFO - Setting next_dagrun for spark_sgp4_streaming to None, run_after=None
[2026-01-28T12:17:26.255+0000] {processor.py:183} INFO - Processing /opt/airflow/dags/airflow_dag_spark_streaming.py took 0.168 seconds
[2026-01-28T12:17:56.442+0000] {processor.py:161} INFO - Started process (PID=3007) to work on /opt/airflow/dags/airflow_dag_spark_streaming.py
[2026-01-28T12:17:56.445+0000] {processor.py:830} INFO - Processing file /opt/airflow/dags/airflow_dag_spark_streaming.py for tasks to queue
[2026-01-28T12:17:56.446+0000] {logging_mixin.py:188} INFO - [2026-01-28T12:17:56.446+0000] {dagbag.py:538} INFO - Filling up the DagBag from /opt/airflow/dags/airflow_dag_spark_streaming.py
[2026-01-28T12:17:56.469+0000] {processor.py:840} INFO - DAG(s) 'spark_sgp4_streaming' retrieved from /opt/airflow/dags/airflow_dag_spark_streaming.py
[2026-01-28T12:17:56.505+0000] {logging_mixin.py:188} INFO - [2026-01-28T12:17:56.504+0000] {dag.py:3036} INFO - Sync 1 DAGs
[2026-01-28T12:17:56.521+0000] {logging_mixin.py:188} INFO - [2026-01-28T12:17:56.521+0000] {dag.py:3823} INFO - Setting next_dagrun for spark_sgp4_streaming to None, run_after=None
[2026-01-28T12:17:56.543+0000] {processor.py:183} INFO - Processing /opt/airflow/dags/airflow_dag_spark_streaming.py took 0.108 seconds
[2026-01-28T12:18:26.713+0000] {processor.py:161} INFO - Started process (PID=3017) to work on /opt/airflow/dags/airflow_dag_spark_streaming.py
[2026-01-28T12:18:26.715+0000] {processor.py:830} INFO - Processing file /opt/airflow/dags/airflow_dag_spark_streaming.py for tasks to queue
[2026-01-28T12:18:26.717+0000] {logging_mixin.py:188} INFO - [2026-01-28T12:18:26.716+0000] {dagbag.py:538} INFO - Filling up the DagBag from /opt/airflow/dags/airflow_dag_spark_streaming.py
[2026-01-28T12:18:26.736+0000] {processor.py:840} INFO - DAG(s) 'spark_sgp4_streaming' retrieved from /opt/airflow/dags/airflow_dag_spark_streaming.py
[2026-01-28T12:18:26.774+0000] {logging_mixin.py:188} INFO - [2026-01-28T12:18:26.774+0000] {dag.py:3036} INFO - Sync 1 DAGs
[2026-01-28T12:18:26.793+0000] {logging_mixin.py:188} INFO - [2026-01-28T12:18:26.792+0000] {dag.py:3823} INFO - Setting next_dagrun for spark_sgp4_streaming to None, run_after=None
[2026-01-28T12:18:26.814+0000] {processor.py:183} INFO - Processing /opt/airflow/dags/airflow_dag_spark_streaming.py took 0.111 seconds
[2026-01-28T12:18:56.993+0000] {processor.py:161} INFO - Started process (PID=3027) to work on /opt/airflow/dags/airflow_dag_spark_streaming.py
[2026-01-28T12:18:56.994+0000] {processor.py:830} INFO - Processing file /opt/airflow/dags/airflow_dag_spark_streaming.py for tasks to queue
[2026-01-28T12:18:56.995+0000] {logging_mixin.py:188} INFO - [2026-01-28T12:18:56.994+0000] {dagbag.py:538} INFO - Filling up the DagBag from /opt/airflow/dags/airflow_dag_spark_streaming.py
[2026-01-28T12:18:57.029+0000] {processor.py:840} INFO - DAG(s) 'spark_sgp4_streaming' retrieved from /opt/airflow/dags/airflow_dag_spark_streaming.py
[2026-01-28T12:18:57.108+0000] {logging_mixin.py:188} INFO - [2026-01-28T12:18:57.108+0000] {dag.py:3036} INFO - Sync 1 DAGs
[2026-01-28T12:18:57.150+0000] {logging_mixin.py:188} INFO - [2026-01-28T12:18:57.149+0000] {dag.py:3823} INFO - Setting next_dagrun for spark_sgp4_streaming to None, run_after=None
[2026-01-28T12:18:57.192+0000] {processor.py:183} INFO - Processing /opt/airflow/dags/airflow_dag_spark_streaming.py took 0.206 seconds
[2026-01-28T12:19:27.351+0000] {processor.py:161} INFO - Started process (PID=3037) to work on /opt/airflow/dags/airflow_dag_spark_streaming.py
[2026-01-28T12:19:27.352+0000] {processor.py:830} INFO - Processing file /opt/airflow/dags/airflow_dag_spark_streaming.py for tasks to queue
[2026-01-28T12:19:27.354+0000] {logging_mixin.py:188} INFO - [2026-01-28T12:19:27.353+0000] {dagbag.py:538} INFO - Filling up the DagBag from /opt/airflow/dags/airflow_dag_spark_streaming.py
[2026-01-28T12:19:27.384+0000] {processor.py:840} INFO - DAG(s) 'spark_sgp4_streaming' retrieved from /opt/airflow/dags/airflow_dag_spark_streaming.py
[2026-01-28T12:19:27.426+0000] {logging_mixin.py:188} INFO - [2026-01-28T12:19:27.426+0000] {dag.py:3036} INFO - Sync 1 DAGs
[2026-01-28T12:19:27.444+0000] {logging_mixin.py:188} INFO - [2026-01-28T12:19:27.443+0000] {dag.py:3823} INFO - Setting next_dagrun for spark_sgp4_streaming to None, run_after=None
[2026-01-28T12:19:27.464+0000] {processor.py:183} INFO - Processing /opt/airflow/dags/airflow_dag_spark_streaming.py took 0.122 seconds
[2026-01-28T12:19:57.628+0000] {processor.py:161} INFO - Started process (PID=3047) to work on /opt/airflow/dags/airflow_dag_spark_streaming.py
[2026-01-28T12:19:57.630+0000] {processor.py:830} INFO - Processing file /opt/airflow/dags/airflow_dag_spark_streaming.py for tasks to queue
[2026-01-28T12:19:57.631+0000] {logging_mixin.py:188} INFO - [2026-01-28T12:19:57.630+0000] {dagbag.py:538} INFO - Filling up the DagBag from /opt/airflow/dags/airflow_dag_spark_streaming.py
[2026-01-28T12:19:57.656+0000] {processor.py:840} INFO - DAG(s) 'spark_sgp4_streaming' retrieved from /opt/airflow/dags/airflow_dag_spark_streaming.py
[2026-01-28T12:19:57.721+0000] {logging_mixin.py:188} INFO - [2026-01-28T12:19:57.720+0000] {dag.py:3036} INFO - Sync 1 DAGs
[2026-01-28T12:19:57.768+0000] {logging_mixin.py:188} INFO - [2026-01-28T12:19:57.767+0000] {dag.py:3823} INFO - Setting next_dagrun for spark_sgp4_streaming to None, run_after=None
[2026-01-28T12:19:57.806+0000] {processor.py:183} INFO - Processing /opt/airflow/dags/airflow_dag_spark_streaming.py took 0.186 seconds
[2026-01-28T12:20:27.956+0000] {processor.py:161} INFO - Started process (PID=3057) to work on /opt/airflow/dags/airflow_dag_spark_streaming.py
[2026-01-28T12:20:27.959+0000] {processor.py:830} INFO - Processing file /opt/airflow/dags/airflow_dag_spark_streaming.py for tasks to queue
[2026-01-28T12:20:27.961+0000] {logging_mixin.py:188} INFO - [2026-01-28T12:20:27.960+0000] {dagbag.py:538} INFO - Filling up the DagBag from /opt/airflow/dags/airflow_dag_spark_streaming.py
[2026-01-28T12:20:27.980+0000] {processor.py:840} INFO - DAG(s) 'spark_sgp4_streaming' retrieved from /opt/airflow/dags/airflow_dag_spark_streaming.py
[2026-01-28T12:20:28.026+0000] {logging_mixin.py:188} INFO - [2026-01-28T12:20:28.026+0000] {dag.py:3036} INFO - Sync 1 DAGs
[2026-01-28T12:20:28.056+0000] {logging_mixin.py:188} INFO - [2026-01-28T12:20:28.055+0000] {dag.py:3823} INFO - Setting next_dagrun for spark_sgp4_streaming to None, run_after=None
[2026-01-28T12:20:28.083+0000] {processor.py:183} INFO - Processing /opt/airflow/dags/airflow_dag_spark_streaming.py took 0.133 seconds
[2026-01-28T12:20:58.249+0000] {processor.py:161} INFO - Started process (PID=3067) to work on /opt/airflow/dags/airflow_dag_spark_streaming.py
[2026-01-28T12:20:58.250+0000] {processor.py:830} INFO - Processing file /opt/airflow/dags/airflow_dag_spark_streaming.py for tasks to queue
[2026-01-28T12:20:58.251+0000] {logging_mixin.py:188} INFO - [2026-01-28T12:20:58.250+0000] {dagbag.py:538} INFO - Filling up the DagBag from /opt/airflow/dags/airflow_dag_spark_streaming.py
[2026-01-28T12:20:58.265+0000] {processor.py:840} INFO - DAG(s) 'spark_sgp4_streaming' retrieved from /opt/airflow/dags/airflow_dag_spark_streaming.py
[2026-01-28T12:20:58.304+0000] {logging_mixin.py:188} INFO - [2026-01-28T12:20:58.303+0000] {dag.py:3036} INFO - Sync 1 DAGs
[2026-01-28T12:20:58.319+0000] {logging_mixin.py:188} INFO - [2026-01-28T12:20:58.319+0000] {dag.py:3823} INFO - Setting next_dagrun for spark_sgp4_streaming to None, run_after=None
[2026-01-28T12:20:58.343+0000] {processor.py:183} INFO - Processing /opt/airflow/dags/airflow_dag_spark_streaming.py took 0.099 seconds
[2026-01-28T12:21:28.521+0000] {processor.py:161} INFO - Started process (PID=3077) to work on /opt/airflow/dags/airflow_dag_spark_streaming.py
[2026-01-28T12:21:28.523+0000] {processor.py:830} INFO - Processing file /opt/airflow/dags/airflow_dag_spark_streaming.py for tasks to queue
[2026-01-28T12:21:28.526+0000] {logging_mixin.py:188} INFO - [2026-01-28T12:21:28.524+0000] {dagbag.py:538} INFO - Filling up the DagBag from /opt/airflow/dags/airflow_dag_spark_streaming.py
[2026-01-28T12:21:28.581+0000] {processor.py:840} INFO - DAG(s) 'spark_sgp4_streaming' retrieved from /opt/airflow/dags/airflow_dag_spark_streaming.py
[2026-01-28T12:21:28.654+0000] {logging_mixin.py:188} INFO - [2026-01-28T12:21:28.653+0000] {dag.py:3036} INFO - Sync 1 DAGs
[2026-01-28T12:21:28.683+0000] {logging_mixin.py:188} INFO - [2026-01-28T12:21:28.682+0000] {dag.py:3823} INFO - Setting next_dagrun for spark_sgp4_streaming to None, run_after=None
[2026-01-28T12:21:28.713+0000] {processor.py:183} INFO - Processing /opt/airflow/dags/airflow_dag_spark_streaming.py took 0.206 seconds
[2026-01-28T12:21:58.858+0000] {processor.py:161} INFO - Started process (PID=3087) to work on /opt/airflow/dags/airflow_dag_spark_streaming.py
[2026-01-28T12:21:58.859+0000] {processor.py:830} INFO - Processing file /opt/airflow/dags/airflow_dag_spark_streaming.py for tasks to queue
[2026-01-28T12:21:58.860+0000] {logging_mixin.py:188} INFO - [2026-01-28T12:21:58.859+0000] {dagbag.py:538} INFO - Filling up the DagBag from /opt/airflow/dags/airflow_dag_spark_streaming.py
[2026-01-28T12:21:58.873+0000] {processor.py:840} INFO - DAG(s) 'spark_sgp4_streaming' retrieved from /opt/airflow/dags/airflow_dag_spark_streaming.py
[2026-01-28T12:21:58.914+0000] {logging_mixin.py:188} INFO - [2026-01-28T12:21:58.913+0000] {dag.py:3036} INFO - Sync 1 DAGs
[2026-01-28T12:21:58.932+0000] {logging_mixin.py:188} INFO - [2026-01-28T12:21:58.932+0000] {dag.py:3823} INFO - Setting next_dagrun for spark_sgp4_streaming to None, run_after=None
[2026-01-28T12:21:58.952+0000] {processor.py:183} INFO - Processing /opt/airflow/dags/airflow_dag_spark_streaming.py took 0.099 seconds
[2026-01-28T12:22:29.111+0000] {processor.py:161} INFO - Started process (PID=3097) to work on /opt/airflow/dags/airflow_dag_spark_streaming.py
[2026-01-28T12:22:29.113+0000] {processor.py:830} INFO - Processing file /opt/airflow/dags/airflow_dag_spark_streaming.py for tasks to queue
[2026-01-28T12:22:29.115+0000] {logging_mixin.py:188} INFO - [2026-01-28T12:22:29.114+0000] {dagbag.py:538} INFO - Filling up the DagBag from /opt/airflow/dags/airflow_dag_spark_streaming.py
[2026-01-28T12:22:29.129+0000] {processor.py:840} INFO - DAG(s) 'spark_sgp4_streaming' retrieved from /opt/airflow/dags/airflow_dag_spark_streaming.py
[2026-01-28T12:22:29.167+0000] {logging_mixin.py:188} INFO - [2026-01-28T12:22:29.166+0000] {dag.py:3036} INFO - Sync 1 DAGs
[2026-01-28T12:22:29.198+0000] {logging_mixin.py:188} INFO - [2026-01-28T12:22:29.198+0000] {dag.py:3823} INFO - Setting next_dagrun for spark_sgp4_streaming to None, run_after=None
[2026-01-28T12:22:29.226+0000] {processor.py:183} INFO - Processing /opt/airflow/dags/airflow_dag_spark_streaming.py took 0.120 seconds
[2026-01-28T12:22:59.397+0000] {processor.py:161} INFO - Started process (PID=3107) to work on /opt/airflow/dags/airflow_dag_spark_streaming.py
[2026-01-28T12:22:59.398+0000] {processor.py:830} INFO - Processing file /opt/airflow/dags/airflow_dag_spark_streaming.py for tasks to queue
[2026-01-28T12:22:59.399+0000] {logging_mixin.py:188} INFO - [2026-01-28T12:22:59.399+0000] {dagbag.py:538} INFO - Filling up the DagBag from /opt/airflow/dags/airflow_dag_spark_streaming.py
[2026-01-28T12:22:59.413+0000] {processor.py:840} INFO - DAG(s) 'spark_sgp4_streaming' retrieved from /opt/airflow/dags/airflow_dag_spark_streaming.py
[2026-01-28T12:22:59.448+0000] {logging_mixin.py:188} INFO - [2026-01-28T12:22:59.448+0000] {dag.py:3036} INFO - Sync 1 DAGs
[2026-01-28T12:22:59.466+0000] {logging_mixin.py:188} INFO - [2026-01-28T12:22:59.466+0000] {dag.py:3823} INFO - Setting next_dagrun for spark_sgp4_streaming to None, run_after=None
[2026-01-28T12:22:59.487+0000] {processor.py:183} INFO - Processing /opt/airflow/dags/airflow_dag_spark_streaming.py took 0.095 seconds
[2026-01-28T12:23:29.640+0000] {processor.py:161} INFO - Started process (PID=3117) to work on /opt/airflow/dags/airflow_dag_spark_streaming.py
[2026-01-28T12:23:29.641+0000] {processor.py:830} INFO - Processing file /opt/airflow/dags/airflow_dag_spark_streaming.py for tasks to queue
[2026-01-28T12:23:29.642+0000] {logging_mixin.py:188} INFO - [2026-01-28T12:23:29.641+0000] {dagbag.py:538} INFO - Filling up the DagBag from /opt/airflow/dags/airflow_dag_spark_streaming.py
[2026-01-28T12:23:29.657+0000] {processor.py:840} INFO - DAG(s) 'spark_sgp4_streaming' retrieved from /opt/airflow/dags/airflow_dag_spark_streaming.py
[2026-01-28T12:23:29.697+0000] {logging_mixin.py:188} INFO - [2026-01-28T12:23:29.697+0000] {dag.py:3036} INFO - Sync 1 DAGs
[2026-01-28T12:23:29.714+0000] {logging_mixin.py:188} INFO - [2026-01-28T12:23:29.714+0000] {dag.py:3823} INFO - Setting next_dagrun for spark_sgp4_streaming to None, run_after=None
[2026-01-28T12:23:29.737+0000] {processor.py:183} INFO - Processing /opt/airflow/dags/airflow_dag_spark_streaming.py took 0.101 seconds
[2026-01-28T12:23:59.924+0000] {processor.py:161} INFO - Started process (PID=3127) to work on /opt/airflow/dags/airflow_dag_spark_streaming.py
[2026-01-28T12:23:59.927+0000] {processor.py:830} INFO - Processing file /opt/airflow/dags/airflow_dag_spark_streaming.py for tasks to queue
[2026-01-28T12:23:59.929+0000] {logging_mixin.py:188} INFO - [2026-01-28T12:23:59.928+0000] {dagbag.py:538} INFO - Filling up the DagBag from /opt/airflow/dags/airflow_dag_spark_streaming.py
[2026-01-28T12:23:59.962+0000] {processor.py:840} INFO - DAG(s) 'spark_sgp4_streaming' retrieved from /opt/airflow/dags/airflow_dag_spark_streaming.py
[2026-01-28T12:24:00.016+0000] {logging_mixin.py:188} INFO - [2026-01-28T12:24:00.016+0000] {dag.py:3036} INFO - Sync 1 DAGs
[2026-01-28T12:24:00.042+0000] {logging_mixin.py:188} INFO - [2026-01-28T12:24:00.041+0000] {dag.py:3823} INFO - Setting next_dagrun for spark_sgp4_streaming to None, run_after=None
[2026-01-28T12:24:00.066+0000] {processor.py:183} INFO - Processing /opt/airflow/dags/airflow_dag_spark_streaming.py took 0.150 seconds
[2026-01-28T12:24:30.219+0000] {processor.py:161} INFO - Started process (PID=3137) to work on /opt/airflow/dags/airflow_dag_spark_streaming.py
[2026-01-28T12:24:30.220+0000] {processor.py:830} INFO - Processing file /opt/airflow/dags/airflow_dag_spark_streaming.py for tasks to queue
[2026-01-28T12:24:30.221+0000] {logging_mixin.py:188} INFO - [2026-01-28T12:24:30.221+0000] {dagbag.py:538} INFO - Filling up the DagBag from /opt/airflow/dags/airflow_dag_spark_streaming.py
[2026-01-28T12:24:30.246+0000] {processor.py:840} INFO - DAG(s) 'spark_sgp4_streaming' retrieved from /opt/airflow/dags/airflow_dag_spark_streaming.py
[2026-01-28T12:24:30.298+0000] {logging_mixin.py:188} INFO - [2026-01-28T12:24:30.298+0000] {dag.py:3036} INFO - Sync 1 DAGs
[2026-01-28T12:24:30.318+0000] {logging_mixin.py:188} INFO - [2026-01-28T12:24:30.317+0000] {dag.py:3823} INFO - Setting next_dagrun for spark_sgp4_streaming to None, run_after=None
[2026-01-28T12:24:30.340+0000] {processor.py:183} INFO - Processing /opt/airflow/dags/airflow_dag_spark_streaming.py took 0.127 seconds
[2026-01-28T12:25:00.494+0000] {processor.py:161} INFO - Started process (PID=3147) to work on /opt/airflow/dags/airflow_dag_spark_streaming.py
[2026-01-28T12:25:00.495+0000] {processor.py:830} INFO - Processing file /opt/airflow/dags/airflow_dag_spark_streaming.py for tasks to queue
[2026-01-28T12:25:00.497+0000] {logging_mixin.py:188} INFO - [2026-01-28T12:25:00.496+0000] {dagbag.py:538} INFO - Filling up the DagBag from /opt/airflow/dags/airflow_dag_spark_streaming.py
[2026-01-28T12:25:00.511+0000] {processor.py:840} INFO - DAG(s) 'spark_sgp4_streaming' retrieved from /opt/airflow/dags/airflow_dag_spark_streaming.py
[2026-01-28T12:25:00.548+0000] {logging_mixin.py:188} INFO - [2026-01-28T12:25:00.547+0000] {dag.py:3036} INFO - Sync 1 DAGs
[2026-01-28T12:25:00.565+0000] {logging_mixin.py:188} INFO - [2026-01-28T12:25:00.565+0000] {dag.py:3823} INFO - Setting next_dagrun for spark_sgp4_streaming to None, run_after=None
[2026-01-28T12:25:00.588+0000] {processor.py:183} INFO - Processing /opt/airflow/dags/airflow_dag_spark_streaming.py took 0.102 seconds
[2026-01-28T12:25:30.737+0000] {processor.py:161} INFO - Started process (PID=3157) to work on /opt/airflow/dags/airflow_dag_spark_streaming.py
[2026-01-28T12:25:30.738+0000] {processor.py:830} INFO - Processing file /opt/airflow/dags/airflow_dag_spark_streaming.py for tasks to queue
[2026-01-28T12:25:30.739+0000] {logging_mixin.py:188} INFO - [2026-01-28T12:25:30.738+0000] {dagbag.py:538} INFO - Filling up the DagBag from /opt/airflow/dags/airflow_dag_spark_streaming.py
[2026-01-28T12:25:30.765+0000] {processor.py:840} INFO - DAG(s) 'spark_sgp4_streaming' retrieved from /opt/airflow/dags/airflow_dag_spark_streaming.py
[2026-01-28T12:25:30.818+0000] {logging_mixin.py:188} INFO - [2026-01-28T12:25:30.818+0000] {dag.py:3036} INFO - Sync 1 DAGs
[2026-01-28T12:25:30.844+0000] {logging_mixin.py:188} INFO - [2026-01-28T12:25:30.843+0000] {dag.py:3823} INFO - Setting next_dagrun for spark_sgp4_streaming to None, run_after=None
[2026-01-28T12:25:30.867+0000] {processor.py:183} INFO - Processing /opt/airflow/dags/airflow_dag_spark_streaming.py took 0.134 seconds
[2026-01-28T12:26:01.045+0000] {processor.py:161} INFO - Started process (PID=3167) to work on /opt/airflow/dags/airflow_dag_spark_streaming.py
[2026-01-28T12:26:01.048+0000] {processor.py:830} INFO - Processing file /opt/airflow/dags/airflow_dag_spark_streaming.py for tasks to queue
[2026-01-28T12:26:01.054+0000] {logging_mixin.py:188} INFO - [2026-01-28T12:26:01.051+0000] {dagbag.py:538} INFO - Filling up the DagBag from /opt/airflow/dags/airflow_dag_spark_streaming.py
[2026-01-28T12:26:01.104+0000] {processor.py:840} INFO - DAG(s) 'spark_sgp4_streaming' retrieved from /opt/airflow/dags/airflow_dag_spark_streaming.py
[2026-01-28T12:26:01.191+0000] {logging_mixin.py:188} INFO - [2026-01-28T12:26:01.191+0000] {dag.py:3036} INFO - Sync 1 DAGs
[2026-01-28T12:26:01.227+0000] {logging_mixin.py:188} INFO - [2026-01-28T12:26:01.227+0000] {dag.py:3823} INFO - Setting next_dagrun for spark_sgp4_streaming to None, run_after=None
[2026-01-28T12:26:01.267+0000] {processor.py:183} INFO - Processing /opt/airflow/dags/airflow_dag_spark_streaming.py took 0.233 seconds
[2026-01-28T12:26:31.429+0000] {processor.py:161} INFO - Started process (PID=3177) to work on /opt/airflow/dags/airflow_dag_spark_streaming.py
[2026-01-28T12:26:31.430+0000] {processor.py:830} INFO - Processing file /opt/airflow/dags/airflow_dag_spark_streaming.py for tasks to queue
[2026-01-28T12:26:31.431+0000] {logging_mixin.py:188} INFO - [2026-01-28T12:26:31.430+0000] {dagbag.py:538} INFO - Filling up the DagBag from /opt/airflow/dags/airflow_dag_spark_streaming.py
[2026-01-28T12:26:31.445+0000] {processor.py:840} INFO - DAG(s) 'spark_sgp4_streaming' retrieved from /opt/airflow/dags/airflow_dag_spark_streaming.py
[2026-01-28T12:26:31.495+0000] {logging_mixin.py:188} INFO - [2026-01-28T12:26:31.495+0000] {dag.py:3036} INFO - Sync 1 DAGs
[2026-01-28T12:26:31.520+0000] {logging_mixin.py:188} INFO - [2026-01-28T12:26:31.519+0000] {dag.py:3823} INFO - Setting next_dagrun for spark_sgp4_streaming to None, run_after=None
[2026-01-28T12:26:31.548+0000] {processor.py:183} INFO - Processing /opt/airflow/dags/airflow_dag_spark_streaming.py took 0.124 seconds
[2026-01-28T12:27:01.708+0000] {processor.py:161} INFO - Started process (PID=3187) to work on /opt/airflow/dags/airflow_dag_spark_streaming.py
[2026-01-28T12:27:01.709+0000] {processor.py:830} INFO - Processing file /opt/airflow/dags/airflow_dag_spark_streaming.py for tasks to queue
[2026-01-28T12:27:01.710+0000] {logging_mixin.py:188} INFO - [2026-01-28T12:27:01.710+0000] {dagbag.py:538} INFO - Filling up the DagBag from /opt/airflow/dags/airflow_dag_spark_streaming.py
[2026-01-28T12:27:01.725+0000] {processor.py:840} INFO - DAG(s) 'spark_sgp4_streaming' retrieved from /opt/airflow/dags/airflow_dag_spark_streaming.py
[2026-01-28T12:27:01.762+0000] {logging_mixin.py:188} INFO - [2026-01-28T12:27:01.762+0000] {dag.py:3036} INFO - Sync 1 DAGs
[2026-01-28T12:27:01.779+0000] {logging_mixin.py:188} INFO - [2026-01-28T12:27:01.779+0000] {dag.py:3823} INFO - Setting next_dagrun for spark_sgp4_streaming to None, run_after=None
[2026-01-28T12:27:01.802+0000] {processor.py:183} INFO - Processing /opt/airflow/dags/airflow_dag_spark_streaming.py took 0.099 seconds
[2026-01-28T12:27:31.965+0000] {processor.py:161} INFO - Started process (PID=3197) to work on /opt/airflow/dags/airflow_dag_spark_streaming.py
[2026-01-28T12:27:31.967+0000] {processor.py:830} INFO - Processing file /opt/airflow/dags/airflow_dag_spark_streaming.py for tasks to queue
[2026-01-28T12:27:31.968+0000] {logging_mixin.py:188} INFO - [2026-01-28T12:27:31.967+0000] {dagbag.py:538} INFO - Filling up the DagBag from /opt/airflow/dags/airflow_dag_spark_streaming.py
[2026-01-28T12:27:32.007+0000] {processor.py:840} INFO - DAG(s) 'spark_sgp4_streaming' retrieved from /opt/airflow/dags/airflow_dag_spark_streaming.py
[2026-01-28T12:27:32.055+0000] {logging_mixin.py:188} INFO - [2026-01-28T12:27:32.055+0000] {dag.py:3036} INFO - Sync 1 DAGs
[2026-01-28T12:27:32.077+0000] {logging_mixin.py:188} INFO - [2026-01-28T12:27:32.077+0000] {dag.py:3823} INFO - Setting next_dagrun for spark_sgp4_streaming to None, run_after=None
[2026-01-28T12:27:32.105+0000] {processor.py:183} INFO - Processing /opt/airflow/dags/airflow_dag_spark_streaming.py took 0.149 seconds
[2026-01-28T12:28:02.205+0000] {processor.py:161} INFO - Started process (PID=3207) to work on /opt/airflow/dags/airflow_dag_spark_streaming.py
[2026-01-28T12:28:02.207+0000] {processor.py:830} INFO - Processing file /opt/airflow/dags/airflow_dag_spark_streaming.py for tasks to queue
[2026-01-28T12:28:02.208+0000] {logging_mixin.py:188} INFO - [2026-01-28T12:28:02.208+0000] {dagbag.py:538} INFO - Filling up the DagBag from /opt/airflow/dags/airflow_dag_spark_streaming.py
[2026-01-28T12:28:02.226+0000] {processor.py:840} INFO - DAG(s) 'spark_sgp4_streaming' retrieved from /opt/airflow/dags/airflow_dag_spark_streaming.py
[2026-01-28T12:28:02.280+0000] {logging_mixin.py:188} INFO - [2026-01-28T12:28:02.280+0000] {dag.py:3036} INFO - Sync 1 DAGs
[2026-01-28T12:28:02.302+0000] {logging_mixin.py:188} INFO - [2026-01-28T12:28:02.302+0000] {dag.py:3823} INFO - Setting next_dagrun for spark_sgp4_streaming to None, run_after=None
[2026-01-28T12:28:02.331+0000] {processor.py:183} INFO - Processing /opt/airflow/dags/airflow_dag_spark_streaming.py took 0.130 seconds
[2026-01-28T12:28:32.516+0000] {processor.py:161} INFO - Started process (PID=3217) to work on /opt/airflow/dags/airflow_dag_spark_streaming.py
[2026-01-28T12:28:32.517+0000] {processor.py:830} INFO - Processing file /opt/airflow/dags/airflow_dag_spark_streaming.py for tasks to queue
[2026-01-28T12:28:32.519+0000] {logging_mixin.py:188} INFO - [2026-01-28T12:28:32.518+0000] {dagbag.py:538} INFO - Filling up the DagBag from /opt/airflow/dags/airflow_dag_spark_streaming.py
[2026-01-28T12:28:32.563+0000] {processor.py:840} INFO - DAG(s) 'spark_sgp4_streaming' retrieved from /opt/airflow/dags/airflow_dag_spark_streaming.py
[2026-01-28T12:28:32.618+0000] {logging_mixin.py:188} INFO - [2026-01-28T12:28:32.618+0000] {dag.py:3036} INFO - Sync 1 DAGs
[2026-01-28T12:28:32.640+0000] {logging_mixin.py:188} INFO - [2026-01-28T12:28:32.639+0000] {dag.py:3823} INFO - Setting next_dagrun for spark_sgp4_streaming to None, run_after=None
[2026-01-28T12:28:32.669+0000] {processor.py:183} INFO - Processing /opt/airflow/dags/airflow_dag_spark_streaming.py took 0.162 seconds
[2026-01-28T12:29:02.843+0000] {processor.py:161} INFO - Started process (PID=3227) to work on /opt/airflow/dags/airflow_dag_spark_streaming.py
[2026-01-28T12:29:02.844+0000] {processor.py:830} INFO - Processing file /opt/airflow/dags/airflow_dag_spark_streaming.py for tasks to queue
[2026-01-28T12:29:02.845+0000] {logging_mixin.py:188} INFO - [2026-01-28T12:29:02.844+0000] {dagbag.py:538} INFO - Filling up the DagBag from /opt/airflow/dags/airflow_dag_spark_streaming.py
[2026-01-28T12:29:02.872+0000] {processor.py:840} INFO - DAG(s) 'spark_sgp4_streaming' retrieved from /opt/airflow/dags/airflow_dag_spark_streaming.py
[2026-01-28T12:29:02.938+0000] {logging_mixin.py:188} INFO - [2026-01-28T12:29:02.938+0000] {dag.py:3036} INFO - Sync 1 DAGs
[2026-01-28T12:29:02.981+0000] {logging_mixin.py:188} INFO - [2026-01-28T12:29:02.980+0000] {dag.py:3823} INFO - Setting next_dagrun for spark_sgp4_streaming to None, run_after=None
[2026-01-28T12:29:03.019+0000] {processor.py:183} INFO - Processing /opt/airflow/dags/airflow_dag_spark_streaming.py took 0.185 seconds
[2026-01-28T12:29:33.186+0000] {processor.py:161} INFO - Started process (PID=3237) to work on /opt/airflow/dags/airflow_dag_spark_streaming.py
[2026-01-28T12:29:33.187+0000] {processor.py:830} INFO - Processing file /opt/airflow/dags/airflow_dag_spark_streaming.py for tasks to queue
[2026-01-28T12:29:33.190+0000] {logging_mixin.py:188} INFO - [2026-01-28T12:29:33.188+0000] {dagbag.py:538} INFO - Filling up the DagBag from /opt/airflow/dags/airflow_dag_spark_streaming.py
[2026-01-28T12:29:33.208+0000] {processor.py:840} INFO - DAG(s) 'spark_sgp4_streaming' retrieved from /opt/airflow/dags/airflow_dag_spark_streaming.py
[2026-01-28T12:29:33.271+0000] {logging_mixin.py:188} INFO - [2026-01-28T12:29:33.271+0000] {dag.py:3036} INFO - Sync 1 DAGs
[2026-01-28T12:29:33.290+0000] {logging_mixin.py:188} INFO - [2026-01-28T12:29:33.290+0000] {dag.py:3823} INFO - Setting next_dagrun for spark_sgp4_streaming to None, run_after=None
[2026-01-28T12:29:33.316+0000] {processor.py:183} INFO - Processing /opt/airflow/dags/airflow_dag_spark_streaming.py took 0.134 seconds
[2026-01-28T12:30:03.488+0000] {processor.py:161} INFO - Started process (PID=3247) to work on /opt/airflow/dags/airflow_dag_spark_streaming.py
[2026-01-28T12:30:03.490+0000] {processor.py:830} INFO - Processing file /opt/airflow/dags/airflow_dag_spark_streaming.py for tasks to queue
[2026-01-28T12:30:03.493+0000] {logging_mixin.py:188} INFO - [2026-01-28T12:30:03.491+0000] {dagbag.py:538} INFO - Filling up the DagBag from /opt/airflow/dags/airflow_dag_spark_streaming.py
[2026-01-28T12:30:03.526+0000] {processor.py:840} INFO - DAG(s) 'spark_sgp4_streaming' retrieved from /opt/airflow/dags/airflow_dag_spark_streaming.py
[2026-01-28T12:30:03.591+0000] {logging_mixin.py:188} INFO - [2026-01-28T12:30:03.590+0000] {dag.py:3036} INFO - Sync 1 DAGs
[2026-01-28T12:30:03.615+0000] {logging_mixin.py:188} INFO - [2026-01-28T12:30:03.615+0000] {dag.py:3823} INFO - Setting next_dagrun for spark_sgp4_streaming to None, run_after=None
[2026-01-28T12:30:03.645+0000] {processor.py:183} INFO - Processing /opt/airflow/dags/airflow_dag_spark_streaming.py took 0.165 seconds
[2026-01-28T12:30:33.809+0000] {processor.py:161} INFO - Started process (PID=3257) to work on /opt/airflow/dags/airflow_dag_spark_streaming.py
[2026-01-28T12:30:33.810+0000] {processor.py:830} INFO - Processing file /opt/airflow/dags/airflow_dag_spark_streaming.py for tasks to queue
[2026-01-28T12:30:33.811+0000] {logging_mixin.py:188} INFO - [2026-01-28T12:30:33.810+0000] {dagbag.py:538} INFO - Filling up the DagBag from /opt/airflow/dags/airflow_dag_spark_streaming.py
[2026-01-28T12:30:33.827+0000] {processor.py:840} INFO - DAG(s) 'spark_sgp4_streaming' retrieved from /opt/airflow/dags/airflow_dag_spark_streaming.py
[2026-01-28T12:30:33.874+0000] {logging_mixin.py:188} INFO - [2026-01-28T12:30:33.874+0000] {dag.py:3036} INFO - Sync 1 DAGs
[2026-01-28T12:30:33.892+0000] {logging_mixin.py:188} INFO - [2026-01-28T12:30:33.892+0000] {dag.py:3823} INFO - Setting next_dagrun for spark_sgp4_streaming to None, run_after=None
[2026-01-28T12:30:33.916+0000] {processor.py:183} INFO - Processing /opt/airflow/dags/airflow_dag_spark_streaming.py took 0.112 seconds
[2026-01-28T12:31:04.085+0000] {processor.py:161} INFO - Started process (PID=3267) to work on /opt/airflow/dags/airflow_dag_spark_streaming.py
[2026-01-28T12:31:04.087+0000] {processor.py:830} INFO - Processing file /opt/airflow/dags/airflow_dag_spark_streaming.py for tasks to queue
[2026-01-28T12:31:04.088+0000] {logging_mixin.py:188} INFO - [2026-01-28T12:31:04.087+0000] {dagbag.py:538} INFO - Filling up the DagBag from /opt/airflow/dags/airflow_dag_spark_streaming.py
[2026-01-28T12:31:04.123+0000] {processor.py:840} INFO - DAG(s) 'spark_sgp4_streaming' retrieved from /opt/airflow/dags/airflow_dag_spark_streaming.py
[2026-01-28T12:31:04.185+0000] {logging_mixin.py:188} INFO - [2026-01-28T12:31:04.184+0000] {dag.py:3036} INFO - Sync 1 DAGs
[2026-01-28T12:31:04.208+0000] {logging_mixin.py:188} INFO - [2026-01-28T12:31:04.208+0000] {dag.py:3823} INFO - Setting next_dagrun for spark_sgp4_streaming to None, run_after=None
[2026-01-28T12:31:04.240+0000] {processor.py:183} INFO - Processing /opt/airflow/dags/airflow_dag_spark_streaming.py took 0.164 seconds
[2026-01-28T12:31:34.401+0000] {processor.py:161} INFO - Started process (PID=3277) to work on /opt/airflow/dags/airflow_dag_spark_streaming.py
[2026-01-28T12:31:34.401+0000] {processor.py:830} INFO - Processing file /opt/airflow/dags/airflow_dag_spark_streaming.py for tasks to queue
[2026-01-28T12:31:34.402+0000] {logging_mixin.py:188} INFO - [2026-01-28T12:31:34.402+0000] {dagbag.py:538} INFO - Filling up the DagBag from /opt/airflow/dags/airflow_dag_spark_streaming.py
[2026-01-28T12:31:34.416+0000] {processor.py:840} INFO - DAG(s) 'spark_sgp4_streaming' retrieved from /opt/airflow/dags/airflow_dag_spark_streaming.py
[2026-01-28T12:31:34.458+0000] {logging_mixin.py:188} INFO - [2026-01-28T12:31:34.458+0000] {dag.py:3036} INFO - Sync 1 DAGs
[2026-01-28T12:31:34.490+0000] {logging_mixin.py:188} INFO - [2026-01-28T12:31:34.490+0000] {dag.py:3823} INFO - Setting next_dagrun for spark_sgp4_streaming to None, run_after=None
[2026-01-28T12:31:34.514+0000] {processor.py:183} INFO - Processing /opt/airflow/dags/airflow_dag_spark_streaming.py took 0.118 seconds
[2026-01-28T12:32:04.659+0000] {processor.py:161} INFO - Started process (PID=3287) to work on /opt/airflow/dags/airflow_dag_spark_streaming.py
[2026-01-28T12:32:04.660+0000] {processor.py:830} INFO - Processing file /opt/airflow/dags/airflow_dag_spark_streaming.py for tasks to queue
[2026-01-28T12:32:04.661+0000] {logging_mixin.py:188} INFO - [2026-01-28T12:32:04.661+0000] {dagbag.py:538} INFO - Filling up the DagBag from /opt/airflow/dags/airflow_dag_spark_streaming.py
[2026-01-28T12:32:04.678+0000] {processor.py:840} INFO - DAG(s) 'spark_sgp4_streaming' retrieved from /opt/airflow/dags/airflow_dag_spark_streaming.py
[2026-01-28T12:32:04.717+0000] {logging_mixin.py:188} INFO - [2026-01-28T12:32:04.717+0000] {dag.py:3036} INFO - Sync 1 DAGs
[2026-01-28T12:32:04.736+0000] {logging_mixin.py:188} INFO - [2026-01-28T12:32:04.736+0000] {dag.py:3823} INFO - Setting next_dagrun for spark_sgp4_streaming to None, run_after=None
[2026-01-28T12:32:04.760+0000] {processor.py:183} INFO - Processing /opt/airflow/dags/airflow_dag_spark_streaming.py took 0.106 seconds
[2026-01-28T12:32:34.936+0000] {processor.py:161} INFO - Started process (PID=3297) to work on /opt/airflow/dags/airflow_dag_spark_streaming.py
[2026-01-28T12:32:34.939+0000] {processor.py:830} INFO - Processing file /opt/airflow/dags/airflow_dag_spark_streaming.py for tasks to queue
[2026-01-28T12:32:34.941+0000] {logging_mixin.py:188} INFO - [2026-01-28T12:32:34.940+0000] {dagbag.py:538} INFO - Filling up the DagBag from /opt/airflow/dags/airflow_dag_spark_streaming.py
[2026-01-28T12:32:34.995+0000] {processor.py:840} INFO - DAG(s) 'spark_sgp4_streaming' retrieved from /opt/airflow/dags/airflow_dag_spark_streaming.py
[2026-01-28T12:32:35.082+0000] {logging_mixin.py:188} INFO - [2026-01-28T12:32:35.082+0000] {dag.py:3036} INFO - Sync 1 DAGs
[2026-01-28T12:32:35.114+0000] {logging_mixin.py:188} INFO - [2026-01-28T12:32:35.113+0000] {dag.py:3823} INFO - Setting next_dagrun for spark_sgp4_streaming to None, run_after=None
[2026-01-28T12:32:35.161+0000] {processor.py:183} INFO - Processing /opt/airflow/dags/airflow_dag_spark_streaming.py took 0.235 seconds
[2026-01-28T12:33:05.327+0000] {processor.py:161} INFO - Started process (PID=3307) to work on /opt/airflow/dags/airflow_dag_spark_streaming.py
[2026-01-28T12:33:05.330+0000] {processor.py:830} INFO - Processing file /opt/airflow/dags/airflow_dag_spark_streaming.py for tasks to queue
[2026-01-28T12:33:05.332+0000] {logging_mixin.py:188} INFO - [2026-01-28T12:33:05.331+0000] {dagbag.py:538} INFO - Filling up the DagBag from /opt/airflow/dags/airflow_dag_spark_streaming.py
[2026-01-28T12:33:05.348+0000] {processor.py:840} INFO - DAG(s) 'spark_sgp4_streaming' retrieved from /opt/airflow/dags/airflow_dag_spark_streaming.py
[2026-01-28T12:33:05.401+0000] {logging_mixin.py:188} INFO - [2026-01-28T12:33:05.401+0000] {dag.py:3036} INFO - Sync 1 DAGs
[2026-01-28T12:33:05.426+0000] {logging_mixin.py:188} INFO - [2026-01-28T12:33:05.425+0000] {dag.py:3823} INFO - Setting next_dagrun for spark_sgp4_streaming to None, run_after=None
[2026-01-28T12:33:05.468+0000] {processor.py:183} INFO - Processing /opt/airflow/dags/airflow_dag_spark_streaming.py took 0.145 seconds
[2026-01-28T12:33:35.636+0000] {processor.py:161} INFO - Started process (PID=3317) to work on /opt/airflow/dags/airflow_dag_spark_streaming.py
[2026-01-28T12:33:35.637+0000] {processor.py:830} INFO - Processing file /opt/airflow/dags/airflow_dag_spark_streaming.py for tasks to queue
[2026-01-28T12:33:35.639+0000] {logging_mixin.py:188} INFO - [2026-01-28T12:33:35.638+0000] {dagbag.py:538} INFO - Filling up the DagBag from /opt/airflow/dags/airflow_dag_spark_streaming.py
[2026-01-28T12:33:35.667+0000] {processor.py:840} INFO - DAG(s) 'spark_sgp4_streaming' retrieved from /opt/airflow/dags/airflow_dag_spark_streaming.py
[2026-01-28T12:33:35.711+0000] {logging_mixin.py:188} INFO - [2026-01-28T12:33:35.711+0000] {dag.py:3036} INFO - Sync 1 DAGs
[2026-01-28T12:33:35.734+0000] {logging_mixin.py:188} INFO - [2026-01-28T12:33:35.734+0000] {dag.py:3823} INFO - Setting next_dagrun for spark_sgp4_streaming to None, run_after=None
[2026-01-28T12:33:35.760+0000] {processor.py:183} INFO - Processing /opt/airflow/dags/airflow_dag_spark_streaming.py took 0.132 seconds
[2026-01-28T12:34:05.956+0000] {processor.py:161} INFO - Started process (PID=3327) to work on /opt/airflow/dags/airflow_dag_spark_streaming.py
[2026-01-28T12:34:05.958+0000] {processor.py:830} INFO - Processing file /opt/airflow/dags/airflow_dag_spark_streaming.py for tasks to queue
[2026-01-28T12:34:05.964+0000] {logging_mixin.py:188} INFO - [2026-01-28T12:34:05.960+0000] {dagbag.py:538} INFO - Filling up the DagBag from /opt/airflow/dags/airflow_dag_spark_streaming.py
[2026-01-28T12:34:05.998+0000] {processor.py:840} INFO - DAG(s) 'spark_sgp4_streaming' retrieved from /opt/airflow/dags/airflow_dag_spark_streaming.py
[2026-01-28T12:34:06.084+0000] {logging_mixin.py:188} INFO - [2026-01-28T12:34:06.083+0000] {dag.py:3036} INFO - Sync 1 DAGs
[2026-01-28T12:34:06.108+0000] {logging_mixin.py:188} INFO - [2026-01-28T12:34:06.108+0000] {dag.py:3823} INFO - Setting next_dagrun for spark_sgp4_streaming to None, run_after=None
[2026-01-28T12:34:06.144+0000] {processor.py:183} INFO - Processing /opt/airflow/dags/airflow_dag_spark_streaming.py took 0.202 seconds
[2026-01-28T12:34:36.317+0000] {processor.py:161} INFO - Started process (PID=3337) to work on /opt/airflow/dags/airflow_dag_spark_streaming.py
[2026-01-28T12:34:36.318+0000] {processor.py:830} INFO - Processing file /opt/airflow/dags/airflow_dag_spark_streaming.py for tasks to queue
[2026-01-28T12:34:36.320+0000] {logging_mixin.py:188} INFO - [2026-01-28T12:34:36.319+0000] {dagbag.py:538} INFO - Filling up the DagBag from /opt/airflow/dags/airflow_dag_spark_streaming.py
[2026-01-28T12:34:36.354+0000] {processor.py:840} INFO - DAG(s) 'spark_sgp4_streaming' retrieved from /opt/airflow/dags/airflow_dag_spark_streaming.py
[2026-01-28T12:34:36.407+0000] {logging_mixin.py:188} INFO - [2026-01-28T12:34:36.406+0000] {dag.py:3036} INFO - Sync 1 DAGs
[2026-01-28T12:34:36.425+0000] {logging_mixin.py:188} INFO - [2026-01-28T12:34:36.425+0000] {dag.py:3823} INFO - Setting next_dagrun for spark_sgp4_streaming to None, run_after=None
[2026-01-28T12:34:36.472+0000] {processor.py:183} INFO - Processing /opt/airflow/dags/airflow_dag_spark_streaming.py took 0.161 seconds
[2026-01-28T12:35:06.648+0000] {processor.py:161} INFO - Started process (PID=3347) to work on /opt/airflow/dags/airflow_dag_spark_streaming.py
[2026-01-28T12:35:06.649+0000] {processor.py:830} INFO - Processing file /opt/airflow/dags/airflow_dag_spark_streaming.py for tasks to queue
[2026-01-28T12:35:06.652+0000] {logging_mixin.py:188} INFO - [2026-01-28T12:35:06.651+0000] {dagbag.py:538} INFO - Filling up the DagBag from /opt/airflow/dags/airflow_dag_spark_streaming.py
[2026-01-28T12:35:06.666+0000] {processor.py:840} INFO - DAG(s) 'spark_sgp4_streaming' retrieved from /opt/airflow/dags/airflow_dag_spark_streaming.py
[2026-01-28T12:35:06.705+0000] {logging_mixin.py:188} INFO - [2026-01-28T12:35:06.704+0000] {dag.py:3036} INFO - Sync 1 DAGs
[2026-01-28T12:35:06.721+0000] {logging_mixin.py:188} INFO - [2026-01-28T12:35:06.721+0000] {dag.py:3823} INFO - Setting next_dagrun for spark_sgp4_streaming to None, run_after=None
[2026-01-28T12:35:06.743+0000] {processor.py:183} INFO - Processing /opt/airflow/dags/airflow_dag_spark_streaming.py took 0.099 seconds
[2026-01-28T12:35:36.887+0000] {processor.py:161} INFO - Started process (PID=3357) to work on /opt/airflow/dags/airflow_dag_spark_streaming.py
[2026-01-28T12:35:36.889+0000] {processor.py:830} INFO - Processing file /opt/airflow/dags/airflow_dag_spark_streaming.py for tasks to queue
[2026-01-28T12:35:36.890+0000] {logging_mixin.py:188} INFO - [2026-01-28T12:35:36.890+0000] {dagbag.py:538} INFO - Filling up the DagBag from /opt/airflow/dags/airflow_dag_spark_streaming.py
[2026-01-28T12:35:36.905+0000] {processor.py:840} INFO - DAG(s) 'spark_sgp4_streaming' retrieved from /opt/airflow/dags/airflow_dag_spark_streaming.py
[2026-01-28T12:35:36.948+0000] {logging_mixin.py:188} INFO - [2026-01-28T12:35:36.948+0000] {dag.py:3036} INFO - Sync 1 DAGs
[2026-01-28T12:35:36.964+0000] {logging_mixin.py:188} INFO - [2026-01-28T12:35:36.964+0000] {dag.py:3823} INFO - Setting next_dagrun for spark_sgp4_streaming to None, run_after=None
[2026-01-28T12:35:36.989+0000] {processor.py:183} INFO - Processing /opt/airflow/dags/airflow_dag_spark_streaming.py took 0.106 seconds
[2026-01-28T12:36:07.175+0000] {processor.py:161} INFO - Started process (PID=3367) to work on /opt/airflow/dags/airflow_dag_spark_streaming.py
[2026-01-28T12:36:07.176+0000] {processor.py:830} INFO - Processing file /opt/airflow/dags/airflow_dag_spark_streaming.py for tasks to queue
[2026-01-28T12:36:07.178+0000] {logging_mixin.py:188} INFO - [2026-01-28T12:36:07.177+0000] {dagbag.py:538} INFO - Filling up the DagBag from /opt/airflow/dags/airflow_dag_spark_streaming.py
[2026-01-28T12:36:07.210+0000] {processor.py:840} INFO - DAG(s) 'spark_sgp4_streaming' retrieved from /opt/airflow/dags/airflow_dag_spark_streaming.py
[2026-01-28T12:36:07.284+0000] {logging_mixin.py:188} INFO - [2026-01-28T12:36:07.282+0000] {dag.py:3036} INFO - Sync 1 DAGs
[2026-01-28T12:36:07.318+0000] {logging_mixin.py:188} INFO - [2026-01-28T12:36:07.318+0000] {dag.py:3823} INFO - Setting next_dagrun for spark_sgp4_streaming to None, run_after=None
[2026-01-28T12:36:07.353+0000] {processor.py:183} INFO - Processing /opt/airflow/dags/airflow_dag_spark_streaming.py took 0.190 seconds
[2026-01-28T12:36:37.522+0000] {processor.py:161} INFO - Started process (PID=3377) to work on /opt/airflow/dags/airflow_dag_spark_streaming.py
[2026-01-28T12:36:37.523+0000] {processor.py:830} INFO - Processing file /opt/airflow/dags/airflow_dag_spark_streaming.py for tasks to queue
[2026-01-28T12:36:37.525+0000] {logging_mixin.py:188} INFO - [2026-01-28T12:36:37.523+0000] {dagbag.py:538} INFO - Filling up the DagBag from /opt/airflow/dags/airflow_dag_spark_streaming.py
[2026-01-28T12:36:37.540+0000] {processor.py:840} INFO - DAG(s) 'spark_sgp4_streaming' retrieved from /opt/airflow/dags/airflow_dag_spark_streaming.py
[2026-01-28T12:36:37.581+0000] {logging_mixin.py:188} INFO - [2026-01-28T12:36:37.580+0000] {dag.py:3036} INFO - Sync 1 DAGs
[2026-01-28T12:36:37.599+0000] {logging_mixin.py:188} INFO - [2026-01-28T12:36:37.599+0000] {dag.py:3823} INFO - Setting next_dagrun for spark_sgp4_streaming to None, run_after=None
[2026-01-28T12:36:37.619+0000] {processor.py:183} INFO - Processing /opt/airflow/dags/airflow_dag_spark_streaming.py took 0.104 seconds
[2026-01-28T12:37:07.773+0000] {processor.py:161} INFO - Started process (PID=3387) to work on /opt/airflow/dags/airflow_dag_spark_streaming.py
[2026-01-28T12:37:07.775+0000] {processor.py:830} INFO - Processing file /opt/airflow/dags/airflow_dag_spark_streaming.py for tasks to queue
[2026-01-28T12:37:07.776+0000] {logging_mixin.py:188} INFO - [2026-01-28T12:37:07.775+0000] {dagbag.py:538} INFO - Filling up the DagBag from /opt/airflow/dags/airflow_dag_spark_streaming.py
[2026-01-28T12:37:07.808+0000] {processor.py:840} INFO - DAG(s) 'spark_sgp4_streaming' retrieved from /opt/airflow/dags/airflow_dag_spark_streaming.py
[2026-01-28T12:37:07.848+0000] {logging_mixin.py:188} INFO - [2026-01-28T12:37:07.847+0000] {dag.py:3036} INFO - Sync 1 DAGs
[2026-01-28T12:37:07.866+0000] {logging_mixin.py:188} INFO - [2026-01-28T12:37:07.866+0000] {dag.py:3823} INFO - Setting next_dagrun for spark_sgp4_streaming to None, run_after=None
[2026-01-28T12:37:07.897+0000] {processor.py:183} INFO - Processing /opt/airflow/dags/airflow_dag_spark_streaming.py took 0.132 seconds
[2026-01-28T12:37:38.064+0000] {processor.py:161} INFO - Started process (PID=3397) to work on /opt/airflow/dags/airflow_dag_spark_streaming.py
[2026-01-28T12:37:38.065+0000] {processor.py:830} INFO - Processing file /opt/airflow/dags/airflow_dag_spark_streaming.py for tasks to queue
[2026-01-28T12:37:38.066+0000] {logging_mixin.py:188} INFO - [2026-01-28T12:37:38.066+0000] {dagbag.py:538} INFO - Filling up the DagBag from /opt/airflow/dags/airflow_dag_spark_streaming.py
[2026-01-28T12:37:38.077+0000] {processor.py:840} INFO - DAG(s) 'spark_sgp4_streaming' retrieved from /opt/airflow/dags/airflow_dag_spark_streaming.py
[2026-01-28T12:37:38.113+0000] {logging_mixin.py:188} INFO - [2026-01-28T12:37:38.113+0000] {dag.py:3036} INFO - Sync 1 DAGs
[2026-01-28T12:37:38.135+0000] {logging_mixin.py:188} INFO - [2026-01-28T12:37:38.135+0000] {dag.py:3823} INFO - Setting next_dagrun for spark_sgp4_streaming to None, run_after=None
[2026-01-28T12:37:38.163+0000] {processor.py:183} INFO - Processing /opt/airflow/dags/airflow_dag_spark_streaming.py took 0.102 seconds
[2026-01-28T12:38:08.334+0000] {processor.py:161} INFO - Started process (PID=3407) to work on /opt/airflow/dags/airflow_dag_spark_streaming.py
[2026-01-28T12:38:08.336+0000] {processor.py:830} INFO - Processing file /opt/airflow/dags/airflow_dag_spark_streaming.py for tasks to queue
[2026-01-28T12:38:08.337+0000] {logging_mixin.py:188} INFO - [2026-01-28T12:38:08.336+0000] {dagbag.py:538} INFO - Filling up the DagBag from /opt/airflow/dags/airflow_dag_spark_streaming.py
[2026-01-28T12:38:08.374+0000] {processor.py:840} INFO - DAG(s) 'spark_sgp4_streaming' retrieved from /opt/airflow/dags/airflow_dag_spark_streaming.py
[2026-01-28T12:38:08.430+0000] {logging_mixin.py:188} INFO - [2026-01-28T12:38:08.429+0000] {dag.py:3036} INFO - Sync 1 DAGs
[2026-01-28T12:38:08.454+0000] {logging_mixin.py:188} INFO - [2026-01-28T12:38:08.454+0000] {dag.py:3823} INFO - Setting next_dagrun for spark_sgp4_streaming to None, run_after=None
[2026-01-28T12:38:08.479+0000] {processor.py:183} INFO - Processing /opt/airflow/dags/airflow_dag_spark_streaming.py took 0.153 seconds
[2026-01-28T12:38:38.636+0000] {processor.py:161} INFO - Started process (PID=3417) to work on /opt/airflow/dags/airflow_dag_spark_streaming.py
[2026-01-28T12:38:38.638+0000] {processor.py:830} INFO - Processing file /opt/airflow/dags/airflow_dag_spark_streaming.py for tasks to queue
[2026-01-28T12:38:38.640+0000] {logging_mixin.py:188} INFO - [2026-01-28T12:38:38.639+0000] {dagbag.py:538} INFO - Filling up the DagBag from /opt/airflow/dags/airflow_dag_spark_streaming.py
[2026-01-28T12:38:38.686+0000] {processor.py:840} INFO - DAG(s) 'spark_sgp4_streaming' retrieved from /opt/airflow/dags/airflow_dag_spark_streaming.py
[2026-01-28T12:38:38.749+0000] {logging_mixin.py:188} INFO - [2026-01-28T12:38:38.748+0000] {dag.py:3036} INFO - Sync 1 DAGs
[2026-01-28T12:38:38.768+0000] {logging_mixin.py:188} INFO - [2026-01-28T12:38:38.768+0000] {dag.py:3823} INFO - Setting next_dagrun for spark_sgp4_streaming to None, run_after=None
[2026-01-28T12:38:38.793+0000] {processor.py:183} INFO - Processing /opt/airflow/dags/airflow_dag_spark_streaming.py took 0.167 seconds
[2026-01-28T12:39:08.945+0000] {processor.py:161} INFO - Started process (PID=3427) to work on /opt/airflow/dags/airflow_dag_spark_streaming.py
[2026-01-28T12:39:08.946+0000] {processor.py:830} INFO - Processing file /opt/airflow/dags/airflow_dag_spark_streaming.py for tasks to queue
[2026-01-28T12:39:08.947+0000] {logging_mixin.py:188} INFO - [2026-01-28T12:39:08.946+0000] {dagbag.py:538} INFO - Filling up the DagBag from /opt/airflow/dags/airflow_dag_spark_streaming.py
[2026-01-28T12:39:08.966+0000] {processor.py:840} INFO - DAG(s) 'spark_sgp4_streaming' retrieved from /opt/airflow/dags/airflow_dag_spark_streaming.py
[2026-01-28T12:39:09.021+0000] {logging_mixin.py:188} INFO - [2026-01-28T12:39:09.021+0000] {dag.py:3036} INFO - Sync 1 DAGs
[2026-01-28T12:39:09.039+0000] {logging_mixin.py:188} INFO - [2026-01-28T12:39:09.039+0000] {dag.py:3823} INFO - Setting next_dagrun for spark_sgp4_streaming to None, run_after=None
[2026-01-28T12:39:09.065+0000] {processor.py:183} INFO - Processing /opt/airflow/dags/airflow_dag_spark_streaming.py took 0.126 seconds
[2026-01-28T12:39:39.203+0000] {processor.py:161} INFO - Started process (PID=3437) to work on /opt/airflow/dags/airflow_dag_spark_streaming.py
[2026-01-28T12:39:39.204+0000] {processor.py:830} INFO - Processing file /opt/airflow/dags/airflow_dag_spark_streaming.py for tasks to queue
[2026-01-28T12:39:39.205+0000] {logging_mixin.py:188} INFO - [2026-01-28T12:39:39.205+0000] {dagbag.py:538} INFO - Filling up the DagBag from /opt/airflow/dags/airflow_dag_spark_streaming.py
[2026-01-28T12:39:39.220+0000] {processor.py:840} INFO - DAG(s) 'spark_sgp4_streaming' retrieved from /opt/airflow/dags/airflow_dag_spark_streaming.py
[2026-01-28T12:39:39.267+0000] {logging_mixin.py:188} INFO - [2026-01-28T12:39:39.267+0000] {dag.py:3036} INFO - Sync 1 DAGs
[2026-01-28T12:39:39.298+0000] {logging_mixin.py:188} INFO - [2026-01-28T12:39:39.297+0000] {dag.py:3823} INFO - Setting next_dagrun for spark_sgp4_streaming to None, run_after=None
[2026-01-28T12:39:39.320+0000] {processor.py:183} INFO - Processing /opt/airflow/dags/airflow_dag_spark_streaming.py took 0.120 seconds
[2026-01-28T12:40:09.475+0000] {processor.py:161} INFO - Started process (PID=3447) to work on /opt/airflow/dags/airflow_dag_spark_streaming.py
[2026-01-28T12:40:09.476+0000] {processor.py:830} INFO - Processing file /opt/airflow/dags/airflow_dag_spark_streaming.py for tasks to queue
[2026-01-28T12:40:09.477+0000] {logging_mixin.py:188} INFO - [2026-01-28T12:40:09.477+0000] {dagbag.py:538} INFO - Filling up the DagBag from /opt/airflow/dags/airflow_dag_spark_streaming.py
[2026-01-28T12:40:09.490+0000] {processor.py:840} INFO - DAG(s) 'spark_sgp4_streaming' retrieved from /opt/airflow/dags/airflow_dag_spark_streaming.py
[2026-01-28T12:40:09.532+0000] {logging_mixin.py:188} INFO - [2026-01-28T12:40:09.531+0000] {dag.py:3036} INFO - Sync 1 DAGs
[2026-01-28T12:40:09.548+0000] {logging_mixin.py:188} INFO - [2026-01-28T12:40:09.548+0000] {dag.py:3823} INFO - Setting next_dagrun for spark_sgp4_streaming to None, run_after=None
[2026-01-28T12:40:09.572+0000] {processor.py:183} INFO - Processing /opt/airflow/dags/airflow_dag_spark_streaming.py took 0.101 seconds
[2026-01-28T12:40:39.723+0000] {processor.py:161} INFO - Started process (PID=3457) to work on /opt/airflow/dags/airflow_dag_spark_streaming.py
[2026-01-28T12:40:39.725+0000] {processor.py:830} INFO - Processing file /opt/airflow/dags/airflow_dag_spark_streaming.py for tasks to queue
[2026-01-28T12:40:39.727+0000] {logging_mixin.py:188} INFO - [2026-01-28T12:40:39.726+0000] {dagbag.py:538} INFO - Filling up the DagBag from /opt/airflow/dags/airflow_dag_spark_streaming.py
[2026-01-28T12:40:39.742+0000] {processor.py:840} INFO - DAG(s) 'spark_sgp4_streaming' retrieved from /opt/airflow/dags/airflow_dag_spark_streaming.py
[2026-01-28T12:40:39.793+0000] {logging_mixin.py:188} INFO - [2026-01-28T12:40:39.792+0000] {dag.py:3036} INFO - Sync 1 DAGs
[2026-01-28T12:40:39.812+0000] {logging_mixin.py:188} INFO - [2026-01-28T12:40:39.812+0000] {dag.py:3823} INFO - Setting next_dagrun for spark_sgp4_streaming to None, run_after=None
[2026-01-28T12:40:39.834+0000] {processor.py:183} INFO - Processing /opt/airflow/dags/airflow_dag_spark_streaming.py took 0.118 seconds
[2026-01-28T12:41:09.991+0000] {processor.py:161} INFO - Started process (PID=3467) to work on /opt/airflow/dags/airflow_dag_spark_streaming.py
[2026-01-28T12:41:09.992+0000] {processor.py:830} INFO - Processing file /opt/airflow/dags/airflow_dag_spark_streaming.py for tasks to queue
[2026-01-28T12:41:09.993+0000] {logging_mixin.py:188} INFO - [2026-01-28T12:41:09.992+0000] {dagbag.py:538} INFO - Filling up the DagBag from /opt/airflow/dags/airflow_dag_spark_streaming.py
[2026-01-28T12:41:10.013+0000] {processor.py:840} INFO - DAG(s) 'spark_sgp4_streaming' retrieved from /opt/airflow/dags/airflow_dag_spark_streaming.py
[2026-01-28T12:41:10.075+0000] {logging_mixin.py:188} INFO - [2026-01-28T12:41:10.074+0000] {dag.py:3036} INFO - Sync 1 DAGs
[2026-01-28T12:41:10.098+0000] {logging_mixin.py:188} INFO - [2026-01-28T12:41:10.097+0000] {dag.py:3823} INFO - Setting next_dagrun for spark_sgp4_streaming to None, run_after=None
[2026-01-28T12:41:10.120+0000] {processor.py:183} INFO - Processing /opt/airflow/dags/airflow_dag_spark_streaming.py took 0.134 seconds
[2026-01-28T12:41:40.267+0000] {processor.py:161} INFO - Started process (PID=3477) to work on /opt/airflow/dags/airflow_dag_spark_streaming.py
[2026-01-28T12:41:40.267+0000] {processor.py:830} INFO - Processing file /opt/airflow/dags/airflow_dag_spark_streaming.py for tasks to queue
[2026-01-28T12:41:40.268+0000] {logging_mixin.py:188} INFO - [2026-01-28T12:41:40.268+0000] {dagbag.py:538} INFO - Filling up the DagBag from /opt/airflow/dags/airflow_dag_spark_streaming.py
[2026-01-28T12:41:40.297+0000] {processor.py:840} INFO - DAG(s) 'spark_sgp4_streaming' retrieved from /opt/airflow/dags/airflow_dag_spark_streaming.py
[2026-01-28T12:41:40.341+0000] {logging_mixin.py:188} INFO - [2026-01-28T12:41:40.341+0000] {dag.py:3036} INFO - Sync 1 DAGs
[2026-01-28T12:41:40.359+0000] {logging_mixin.py:188} INFO - [2026-01-28T12:41:40.359+0000] {dag.py:3823} INFO - Setting next_dagrun for spark_sgp4_streaming to None, run_after=None
[2026-01-28T12:41:40.384+0000] {processor.py:183} INFO - Processing /opt/airflow/dags/airflow_dag_spark_streaming.py took 0.121 seconds
[2026-01-28T12:42:10.536+0000] {processor.py:161} INFO - Started process (PID=3487) to work on /opt/airflow/dags/airflow_dag_spark_streaming.py
[2026-01-28T12:42:10.538+0000] {processor.py:830} INFO - Processing file /opt/airflow/dags/airflow_dag_spark_streaming.py for tasks to queue
[2026-01-28T12:42:10.540+0000] {logging_mixin.py:188} INFO - [2026-01-28T12:42:10.539+0000] {dagbag.py:538} INFO - Filling up the DagBag from /opt/airflow/dags/airflow_dag_spark_streaming.py
[2026-01-28T12:42:10.561+0000] {processor.py:840} INFO - DAG(s) 'spark_sgp4_streaming' retrieved from /opt/airflow/dags/airflow_dag_spark_streaming.py
[2026-01-28T12:42:10.607+0000] {logging_mixin.py:188} INFO - [2026-01-28T12:42:10.607+0000] {dag.py:3036} INFO - Sync 1 DAGs
[2026-01-28T12:42:10.624+0000] {logging_mixin.py:188} INFO - [2026-01-28T12:42:10.624+0000] {dag.py:3823} INFO - Setting next_dagrun for spark_sgp4_streaming to None, run_after=None
[2026-01-28T12:42:10.650+0000] {processor.py:183} INFO - Processing /opt/airflow/dags/airflow_dag_spark_streaming.py took 0.121 seconds
[2026-01-28T12:42:40.811+0000] {processor.py:161} INFO - Started process (PID=3497) to work on /opt/airflow/dags/airflow_dag_spark_streaming.py
[2026-01-28T12:42:40.813+0000] {processor.py:830} INFO - Processing file /opt/airflow/dags/airflow_dag_spark_streaming.py for tasks to queue
[2026-01-28T12:42:40.814+0000] {logging_mixin.py:188} INFO - [2026-01-28T12:42:40.813+0000] {dagbag.py:538} INFO - Filling up the DagBag from /opt/airflow/dags/airflow_dag_spark_streaming.py
[2026-01-28T12:42:40.838+0000] {processor.py:840} INFO - DAG(s) 'spark_sgp4_streaming' retrieved from /opt/airflow/dags/airflow_dag_spark_streaming.py
[2026-01-28T12:42:40.884+0000] {logging_mixin.py:188} INFO - [2026-01-28T12:42:40.883+0000] {dag.py:3036} INFO - Sync 1 DAGs
[2026-01-28T12:42:40.906+0000] {logging_mixin.py:188} INFO - [2026-01-28T12:42:40.905+0000] {dag.py:3823} INFO - Setting next_dagrun for spark_sgp4_streaming to None, run_after=None
[2026-01-28T12:42:40.933+0000] {processor.py:183} INFO - Processing /opt/airflow/dags/airflow_dag_spark_streaming.py took 0.127 seconds
[2026-01-28T12:43:11.120+0000] {processor.py:161} INFO - Started process (PID=3507) to work on /opt/airflow/dags/airflow_dag_spark_streaming.py
[2026-01-28T12:43:11.121+0000] {processor.py:830} INFO - Processing file /opt/airflow/dags/airflow_dag_spark_streaming.py for tasks to queue
[2026-01-28T12:43:11.123+0000] {logging_mixin.py:188} INFO - [2026-01-28T12:43:11.122+0000] {dagbag.py:538} INFO - Filling up the DagBag from /opt/airflow/dags/airflow_dag_spark_streaming.py
[2026-01-28T12:43:11.151+0000] {processor.py:840} INFO - DAG(s) 'spark_sgp4_streaming' retrieved from /opt/airflow/dags/airflow_dag_spark_streaming.py
[2026-01-28T12:43:11.206+0000] {logging_mixin.py:188} INFO - [2026-01-28T12:43:11.206+0000] {dag.py:3036} INFO - Sync 1 DAGs
[2026-01-28T12:43:11.229+0000] {logging_mixin.py:188} INFO - [2026-01-28T12:43:11.229+0000] {dag.py:3823} INFO - Setting next_dagrun for spark_sgp4_streaming to None, run_after=None
[2026-01-28T12:43:11.269+0000] {processor.py:183} INFO - Processing /opt/airflow/dags/airflow_dag_spark_streaming.py took 0.163 seconds
[2026-01-28T12:43:41.444+0000] {processor.py:161} INFO - Started process (PID=3517) to work on /opt/airflow/dags/airflow_dag_spark_streaming.py
[2026-01-28T12:43:41.445+0000] {processor.py:830} INFO - Processing file /opt/airflow/dags/airflow_dag_spark_streaming.py for tasks to queue
[2026-01-28T12:43:41.446+0000] {logging_mixin.py:188} INFO - [2026-01-28T12:43:41.445+0000] {dagbag.py:538} INFO - Filling up the DagBag from /opt/airflow/dags/airflow_dag_spark_streaming.py
[2026-01-28T12:43:41.462+0000] {processor.py:840} INFO - DAG(s) 'spark_sgp4_streaming' retrieved from /opt/airflow/dags/airflow_dag_spark_streaming.py
[2026-01-28T12:43:41.502+0000] {logging_mixin.py:188} INFO - [2026-01-28T12:43:41.502+0000] {dag.py:3036} INFO - Sync 1 DAGs
[2026-01-28T12:43:41.521+0000] {logging_mixin.py:188} INFO - [2026-01-28T12:43:41.521+0000] {dag.py:3823} INFO - Setting next_dagrun for spark_sgp4_streaming to None, run_after=None
[2026-01-28T12:43:41.545+0000] {processor.py:183} INFO - Processing /opt/airflow/dags/airflow_dag_spark_streaming.py took 0.106 seconds
[2026-01-28T12:44:11.690+0000] {processor.py:161} INFO - Started process (PID=3527) to work on /opt/airflow/dags/airflow_dag_spark_streaming.py
[2026-01-28T12:44:11.691+0000] {processor.py:830} INFO - Processing file /opt/airflow/dags/airflow_dag_spark_streaming.py for tasks to queue
[2026-01-28T12:44:11.693+0000] {logging_mixin.py:188} INFO - [2026-01-28T12:44:11.692+0000] {dagbag.py:538} INFO - Filling up the DagBag from /opt/airflow/dags/airflow_dag_spark_streaming.py
[2026-01-28T12:44:11.714+0000] {processor.py:840} INFO - DAG(s) 'spark_sgp4_streaming' retrieved from /opt/airflow/dags/airflow_dag_spark_streaming.py
[2026-01-28T12:44:11.757+0000] {logging_mixin.py:188} INFO - [2026-01-28T12:44:11.757+0000] {dag.py:3036} INFO - Sync 1 DAGs
[2026-01-28T12:44:11.772+0000] {logging_mixin.py:188} INFO - [2026-01-28T12:44:11.772+0000] {dag.py:3823} INFO - Setting next_dagrun for spark_sgp4_streaming to None, run_after=None
[2026-01-28T12:44:11.795+0000] {processor.py:183} INFO - Processing /opt/airflow/dags/airflow_dag_spark_streaming.py took 0.114 seconds
[2026-01-28T12:44:41.945+0000] {processor.py:161} INFO - Started process (PID=3537) to work on /opt/airflow/dags/airflow_dag_spark_streaming.py
[2026-01-28T12:44:41.948+0000] {processor.py:830} INFO - Processing file /opt/airflow/dags/airflow_dag_spark_streaming.py for tasks to queue
[2026-01-28T12:44:41.950+0000] {logging_mixin.py:188} INFO - [2026-01-28T12:44:41.949+0000] {dagbag.py:538} INFO - Filling up the DagBag from /opt/airflow/dags/airflow_dag_spark_streaming.py
[2026-01-28T12:44:41.980+0000] {processor.py:840} INFO - DAG(s) 'spark_sgp4_streaming' retrieved from /opt/airflow/dags/airflow_dag_spark_streaming.py
[2026-01-28T12:44:42.039+0000] {logging_mixin.py:188} INFO - [2026-01-28T12:44:42.039+0000] {dag.py:3036} INFO - Sync 1 DAGs
[2026-01-28T12:44:42.064+0000] {logging_mixin.py:188} INFO - [2026-01-28T12:44:42.063+0000] {dag.py:3823} INFO - Setting next_dagrun for spark_sgp4_streaming to None, run_after=None
[2026-01-28T12:44:42.093+0000] {processor.py:183} INFO - Processing /opt/airflow/dags/airflow_dag_spark_streaming.py took 0.155 seconds
[2026-01-28T12:45:12.280+0000] {processor.py:161} INFO - Started process (PID=3547) to work on /opt/airflow/dags/airflow_dag_spark_streaming.py
[2026-01-28T12:45:12.281+0000] {processor.py:830} INFO - Processing file /opt/airflow/dags/airflow_dag_spark_streaming.py for tasks to queue
[2026-01-28T12:45:12.282+0000] {logging_mixin.py:188} INFO - [2026-01-28T12:45:12.282+0000] {dagbag.py:538} INFO - Filling up the DagBag from /opt/airflow/dags/airflow_dag_spark_streaming.py
[2026-01-28T12:45:12.296+0000] {processor.py:840} INFO - DAG(s) 'spark_sgp4_streaming' retrieved from /opt/airflow/dags/airflow_dag_spark_streaming.py
[2026-01-28T12:45:12.343+0000] {logging_mixin.py:188} INFO - [2026-01-28T12:45:12.343+0000] {dag.py:3036} INFO - Sync 1 DAGs
[2026-01-28T12:45:12.360+0000] {logging_mixin.py:188} INFO - [2026-01-28T12:45:12.359+0000] {dag.py:3823} INFO - Setting next_dagrun for spark_sgp4_streaming to None, run_after=None
[2026-01-28T12:45:12.382+0000] {processor.py:183} INFO - Processing /opt/airflow/dags/airflow_dag_spark_streaming.py took 0.107 seconds
[2026-01-28T12:45:42.530+0000] {processor.py:161} INFO - Started process (PID=3557) to work on /opt/airflow/dags/airflow_dag_spark_streaming.py
[2026-01-28T12:45:42.532+0000] {processor.py:830} INFO - Processing file /opt/airflow/dags/airflow_dag_spark_streaming.py for tasks to queue
[2026-01-28T12:45:42.533+0000] {logging_mixin.py:188} INFO - [2026-01-28T12:45:42.532+0000] {dagbag.py:538} INFO - Filling up the DagBag from /opt/airflow/dags/airflow_dag_spark_streaming.py
[2026-01-28T12:45:42.548+0000] {processor.py:840} INFO - DAG(s) 'spark_sgp4_streaming' retrieved from /opt/airflow/dags/airflow_dag_spark_streaming.py
[2026-01-28T12:45:42.590+0000] {logging_mixin.py:188} INFO - [2026-01-28T12:45:42.590+0000] {dag.py:3036} INFO - Sync 1 DAGs
[2026-01-28T12:45:42.613+0000] {logging_mixin.py:188} INFO - [2026-01-28T12:45:42.613+0000] {dag.py:3823} INFO - Setting next_dagrun for spark_sgp4_streaming to None, run_after=None
[2026-01-28T12:45:42.637+0000] {processor.py:183} INFO - Processing /opt/airflow/dags/airflow_dag_spark_streaming.py took 0.111 seconds
[2026-01-28T12:46:12.816+0000] {processor.py:161} INFO - Started process (PID=3567) to work on /opt/airflow/dags/airflow_dag_spark_streaming.py
[2026-01-28T12:46:12.817+0000] {processor.py:830} INFO - Processing file /opt/airflow/dags/airflow_dag_spark_streaming.py for tasks to queue
[2026-01-28T12:46:12.820+0000] {logging_mixin.py:188} INFO - [2026-01-28T12:46:12.818+0000] {dagbag.py:538} INFO - Filling up the DagBag from /opt/airflow/dags/airflow_dag_spark_streaming.py
[2026-01-28T12:46:12.859+0000] {processor.py:840} INFO - DAG(s) 'spark_sgp4_streaming' retrieved from /opt/airflow/dags/airflow_dag_spark_streaming.py
[2026-01-28T12:46:12.922+0000] {logging_mixin.py:188} INFO - [2026-01-28T12:46:12.922+0000] {dag.py:3036} INFO - Sync 1 DAGs
[2026-01-28T12:46:12.944+0000] {logging_mixin.py:188} INFO - [2026-01-28T12:46:12.944+0000] {dag.py:3823} INFO - Setting next_dagrun for spark_sgp4_streaming to None, run_after=None
[2026-01-28T12:46:12.972+0000] {processor.py:183} INFO - Processing /opt/airflow/dags/airflow_dag_spark_streaming.py took 0.165 seconds
[2026-01-28T12:46:43.171+0000] {processor.py:161} INFO - Started process (PID=3577) to work on /opt/airflow/dags/airflow_dag_spark_streaming.py
[2026-01-28T12:46:43.173+0000] {processor.py:830} INFO - Processing file /opt/airflow/dags/airflow_dag_spark_streaming.py for tasks to queue
[2026-01-28T12:46:43.177+0000] {logging_mixin.py:188} INFO - [2026-01-28T12:46:43.175+0000] {dagbag.py:538} INFO - Filling up the DagBag from /opt/airflow/dags/airflow_dag_spark_streaming.py
[2026-01-28T12:46:43.250+0000] {processor.py:840} INFO - DAG(s) 'spark_sgp4_streaming' retrieved from /opt/airflow/dags/airflow_dag_spark_streaming.py
[2026-01-28T12:46:43.346+0000] {logging_mixin.py:188} INFO - [2026-01-28T12:46:43.346+0000] {dag.py:3036} INFO - Sync 1 DAGs
[2026-01-28T12:46:43.376+0000] {logging_mixin.py:188} INFO - [2026-01-28T12:46:43.376+0000] {dag.py:3823} INFO - Setting next_dagrun for spark_sgp4_streaming to None, run_after=None
[2026-01-28T12:46:43.404+0000] {processor.py:183} INFO - Processing /opt/airflow/dags/airflow_dag_spark_streaming.py took 0.253 seconds
[2026-01-28T12:47:13.594+0000] {processor.py:161} INFO - Started process (PID=3587) to work on /opt/airflow/dags/airflow_dag_spark_streaming.py
[2026-01-28T12:47:13.597+0000] {processor.py:830} INFO - Processing file /opt/airflow/dags/airflow_dag_spark_streaming.py for tasks to queue
[2026-01-28T12:47:13.599+0000] {logging_mixin.py:188} INFO - [2026-01-28T12:47:13.598+0000] {dagbag.py:538} INFO - Filling up the DagBag from /opt/airflow/dags/airflow_dag_spark_streaming.py
[2026-01-28T12:47:13.621+0000] {processor.py:840} INFO - DAG(s) 'spark_sgp4_streaming' retrieved from /opt/airflow/dags/airflow_dag_spark_streaming.py
[2026-01-28T12:47:13.682+0000] {logging_mixin.py:188} INFO - [2026-01-28T12:47:13.682+0000] {dag.py:3036} INFO - Sync 1 DAGs
[2026-01-28T12:47:13.711+0000] {logging_mixin.py:188} INFO - [2026-01-28T12:47:13.711+0000] {dag.py:3823} INFO - Setting next_dagrun for spark_sgp4_streaming to None, run_after=None
[2026-01-28T12:47:13.747+0000] {processor.py:183} INFO - Processing /opt/airflow/dags/airflow_dag_spark_streaming.py took 0.161 seconds
[2026-01-28T12:47:43.945+0000] {processor.py:161} INFO - Started process (PID=3597) to work on /opt/airflow/dags/airflow_dag_spark_streaming.py
[2026-01-28T12:47:43.946+0000] {processor.py:830} INFO - Processing file /opt/airflow/dags/airflow_dag_spark_streaming.py for tasks to queue
[2026-01-28T12:47:43.948+0000] {logging_mixin.py:188} INFO - [2026-01-28T12:47:43.947+0000] {dagbag.py:538} INFO - Filling up the DagBag from /opt/airflow/dags/airflow_dag_spark_streaming.py
[2026-01-28T12:47:43.971+0000] {processor.py:840} INFO - DAG(s) 'spark_sgp4_streaming' retrieved from /opt/airflow/dags/airflow_dag_spark_streaming.py
[2026-01-28T12:47:44.029+0000] {logging_mixin.py:188} INFO - [2026-01-28T12:47:44.029+0000] {dag.py:3036} INFO - Sync 1 DAGs
[2026-01-28T12:47:44.056+0000] {logging_mixin.py:188} INFO - [2026-01-28T12:47:44.056+0000] {dag.py:3823} INFO - Setting next_dagrun for spark_sgp4_streaming to None, run_after=None
[2026-01-28T12:47:44.092+0000] {processor.py:183} INFO - Processing /opt/airflow/dags/airflow_dag_spark_streaming.py took 0.155 seconds
[2026-01-28T12:48:14.294+0000] {processor.py:161} INFO - Started process (PID=3607) to work on /opt/airflow/dags/airflow_dag_spark_streaming.py
[2026-01-28T12:48:14.295+0000] {processor.py:830} INFO - Processing file /opt/airflow/dags/airflow_dag_spark_streaming.py for tasks to queue
[2026-01-28T12:48:14.297+0000] {logging_mixin.py:188} INFO - [2026-01-28T12:48:14.296+0000] {dagbag.py:538} INFO - Filling up the DagBag from /opt/airflow/dags/airflow_dag_spark_streaming.py
[2026-01-28T12:48:14.319+0000] {processor.py:840} INFO - DAG(s) 'spark_sgp4_streaming' retrieved from /opt/airflow/dags/airflow_dag_spark_streaming.py
[2026-01-28T12:48:14.379+0000] {logging_mixin.py:188} INFO - [2026-01-28T12:48:14.378+0000] {dag.py:3036} INFO - Sync 1 DAGs
[2026-01-28T12:48:14.405+0000] {logging_mixin.py:188} INFO - [2026-01-28T12:48:14.405+0000] {dag.py:3823} INFO - Setting next_dagrun for spark_sgp4_streaming to None, run_after=None
[2026-01-28T12:48:14.439+0000] {processor.py:183} INFO - Processing /opt/airflow/dags/airflow_dag_spark_streaming.py took 0.152 seconds
[2026-01-28T12:48:44.633+0000] {processor.py:161} INFO - Started process (PID=3617) to work on /opt/airflow/dags/airflow_dag_spark_streaming.py
[2026-01-28T12:48:44.633+0000] {processor.py:830} INFO - Processing file /opt/airflow/dags/airflow_dag_spark_streaming.py for tasks to queue
[2026-01-28T12:48:44.635+0000] {logging_mixin.py:188} INFO - [2026-01-28T12:48:44.634+0000] {dagbag.py:538} INFO - Filling up the DagBag from /opt/airflow/dags/airflow_dag_spark_streaming.py
[2026-01-28T12:48:44.649+0000] {processor.py:840} INFO - DAG(s) 'spark_sgp4_streaming' retrieved from /opt/airflow/dags/airflow_dag_spark_streaming.py
[2026-01-28T12:48:44.689+0000] {logging_mixin.py:188} INFO - [2026-01-28T12:48:44.689+0000] {dag.py:3036} INFO - Sync 1 DAGs
[2026-01-28T12:48:44.706+0000] {logging_mixin.py:188} INFO - [2026-01-28T12:48:44.706+0000] {dag.py:3823} INFO - Setting next_dagrun for spark_sgp4_streaming to None, run_after=None
[2026-01-28T12:48:44.726+0000] {processor.py:183} INFO - Processing /opt/airflow/dags/airflow_dag_spark_streaming.py took 0.097 seconds
[2026-01-28T12:49:14.878+0000] {processor.py:161} INFO - Started process (PID=3627) to work on /opt/airflow/dags/airflow_dag_spark_streaming.py
[2026-01-28T12:49:14.880+0000] {processor.py:830} INFO - Processing file /opt/airflow/dags/airflow_dag_spark_streaming.py for tasks to queue
[2026-01-28T12:49:14.881+0000] {logging_mixin.py:188} INFO - [2026-01-28T12:49:14.881+0000] {dagbag.py:538} INFO - Filling up the DagBag from /opt/airflow/dags/airflow_dag_spark_streaming.py
[2026-01-28T12:49:14.895+0000] {processor.py:840} INFO - DAG(s) 'spark_sgp4_streaming' retrieved from /opt/airflow/dags/airflow_dag_spark_streaming.py
[2026-01-28T12:49:14.932+0000] {logging_mixin.py:188} INFO - [2026-01-28T12:49:14.932+0000] {dag.py:3036} INFO - Sync 1 DAGs
[2026-01-28T12:49:14.949+0000] {logging_mixin.py:188} INFO - [2026-01-28T12:49:14.949+0000] {dag.py:3823} INFO - Setting next_dagrun for spark_sgp4_streaming to None, run_after=None
[2026-01-28T12:49:14.974+0000] {processor.py:183} INFO - Processing /opt/airflow/dags/airflow_dag_spark_streaming.py took 0.102 seconds
[2026-01-28T12:49:45.121+0000] {processor.py:161} INFO - Started process (PID=3637) to work on /opt/airflow/dags/airflow_dag_spark_streaming.py
[2026-01-28T12:49:45.124+0000] {processor.py:830} INFO - Processing file /opt/airflow/dags/airflow_dag_spark_streaming.py for tasks to queue
[2026-01-28T12:49:45.127+0000] {logging_mixin.py:188} INFO - [2026-01-28T12:49:45.125+0000] {dagbag.py:538} INFO - Filling up the DagBag from /opt/airflow/dags/airflow_dag_spark_streaming.py
[2026-01-28T12:49:45.153+0000] {processor.py:840} INFO - DAG(s) 'spark_sgp4_streaming' retrieved from /opt/airflow/dags/airflow_dag_spark_streaming.py
[2026-01-28T12:49:45.198+0000] {logging_mixin.py:188} INFO - [2026-01-28T12:49:45.198+0000] {dag.py:3036} INFO - Sync 1 DAGs
[2026-01-28T12:49:45.220+0000] {logging_mixin.py:188} INFO - [2026-01-28T12:49:45.219+0000] {dag.py:3823} INFO - Setting next_dagrun for spark_sgp4_streaming to None, run_after=None
[2026-01-28T12:49:45.243+0000] {processor.py:183} INFO - Processing /opt/airflow/dags/airflow_dag_spark_streaming.py took 0.131 seconds
[2026-01-28T12:50:15.407+0000] {processor.py:161} INFO - Started process (PID=3647) to work on /opt/airflow/dags/airflow_dag_spark_streaming.py
[2026-01-28T12:50:15.408+0000] {processor.py:830} INFO - Processing file /opt/airflow/dags/airflow_dag_spark_streaming.py for tasks to queue
[2026-01-28T12:50:15.411+0000] {logging_mixin.py:188} INFO - [2026-01-28T12:50:15.409+0000] {dagbag.py:538} INFO - Filling up the DagBag from /opt/airflow/dags/airflow_dag_spark_streaming.py
[2026-01-28T12:50:15.451+0000] {processor.py:840} INFO - DAG(s) 'spark_sgp4_streaming' retrieved from /opt/airflow/dags/airflow_dag_spark_streaming.py
[2026-01-28T12:50:15.516+0000] {logging_mixin.py:188} INFO - [2026-01-28T12:50:15.516+0000] {dag.py:3036} INFO - Sync 1 DAGs
[2026-01-28T12:50:15.540+0000] {logging_mixin.py:188} INFO - [2026-01-28T12:50:15.540+0000] {dag.py:3823} INFO - Setting next_dagrun for spark_sgp4_streaming to None, run_after=None
[2026-01-28T12:50:15.564+0000] {processor.py:183} INFO - Processing /opt/airflow/dags/airflow_dag_spark_streaming.py took 0.167 seconds
[2026-01-28T12:50:45.721+0000] {processor.py:161} INFO - Started process (PID=3657) to work on /opt/airflow/dags/airflow_dag_spark_streaming.py
[2026-01-28T12:50:45.722+0000] {processor.py:830} INFO - Processing file /opt/airflow/dags/airflow_dag_spark_streaming.py for tasks to queue
[2026-01-28T12:50:45.724+0000] {logging_mixin.py:188} INFO - [2026-01-28T12:50:45.723+0000] {dagbag.py:538} INFO - Filling up the DagBag from /opt/airflow/dags/airflow_dag_spark_streaming.py
[2026-01-28T12:50:45.739+0000] {processor.py:840} INFO - DAG(s) 'spark_sgp4_streaming' retrieved from /opt/airflow/dags/airflow_dag_spark_streaming.py
[2026-01-28T12:50:45.777+0000] {logging_mixin.py:188} INFO - [2026-01-28T12:50:45.776+0000] {dag.py:3036} INFO - Sync 1 DAGs
[2026-01-28T12:50:45.794+0000] {logging_mixin.py:188} INFO - [2026-01-28T12:50:45.794+0000] {dag.py:3823} INFO - Setting next_dagrun for spark_sgp4_streaming to None, run_after=None
[2026-01-28T12:50:45.816+0000] {processor.py:183} INFO - Processing /opt/airflow/dags/airflow_dag_spark_streaming.py took 0.099 seconds
[2026-01-28T12:51:15.969+0000] {processor.py:161} INFO - Started process (PID=3667) to work on /opt/airflow/dags/airflow_dag_spark_streaming.py
[2026-01-28T12:51:15.972+0000] {processor.py:830} INFO - Processing file /opt/airflow/dags/airflow_dag_spark_streaming.py for tasks to queue
[2026-01-28T12:51:15.975+0000] {logging_mixin.py:188} INFO - [2026-01-28T12:51:15.973+0000] {dagbag.py:538} INFO - Filling up the DagBag from /opt/airflow/dags/airflow_dag_spark_streaming.py
[2026-01-28T12:51:16.006+0000] {processor.py:840} INFO - DAG(s) 'spark_sgp4_streaming' retrieved from /opt/airflow/dags/airflow_dag_spark_streaming.py
[2026-01-28T12:51:16.057+0000] {logging_mixin.py:188} INFO - [2026-01-28T12:51:16.057+0000] {dag.py:3036} INFO - Sync 1 DAGs
[2026-01-28T12:51:16.077+0000] {logging_mixin.py:188} INFO - [2026-01-28T12:51:16.077+0000] {dag.py:3823} INFO - Setting next_dagrun for spark_sgp4_streaming to None, run_after=None
[2026-01-28T12:51:16.101+0000] {processor.py:183} INFO - Processing /opt/airflow/dags/airflow_dag_spark_streaming.py took 0.138 seconds
[2026-01-28T12:51:46.237+0000] {processor.py:161} INFO - Started process (PID=3677) to work on /opt/airflow/dags/airflow_dag_spark_streaming.py
[2026-01-28T12:51:46.239+0000] {processor.py:830} INFO - Processing file /opt/airflow/dags/airflow_dag_spark_streaming.py for tasks to queue
[2026-01-28T12:51:46.240+0000] {logging_mixin.py:188} INFO - [2026-01-28T12:51:46.240+0000] {dagbag.py:538} INFO - Filling up the DagBag from /opt/airflow/dags/airflow_dag_spark_streaming.py
[2026-01-28T12:51:46.256+0000] {processor.py:840} INFO - DAG(s) 'spark_sgp4_streaming' retrieved from /opt/airflow/dags/airflow_dag_spark_streaming.py
[2026-01-28T12:51:46.297+0000] {logging_mixin.py:188} INFO - [2026-01-28T12:51:46.297+0000] {dag.py:3036} INFO - Sync 1 DAGs
[2026-01-28T12:51:46.313+0000] {logging_mixin.py:188} INFO - [2026-01-28T12:51:46.313+0000] {dag.py:3823} INFO - Setting next_dagrun for spark_sgp4_streaming to None, run_after=None
[2026-01-28T12:51:46.337+0000] {processor.py:183} INFO - Processing /opt/airflow/dags/airflow_dag_spark_streaming.py took 0.103 seconds
[2026-01-28T12:52:16.485+0000] {processor.py:161} INFO - Started process (PID=3687) to work on /opt/airflow/dags/airflow_dag_spark_streaming.py
[2026-01-28T12:52:16.486+0000] {processor.py:830} INFO - Processing file /opt/airflow/dags/airflow_dag_spark_streaming.py for tasks to queue
[2026-01-28T12:52:16.489+0000] {logging_mixin.py:188} INFO - [2026-01-28T12:52:16.486+0000] {dagbag.py:538} INFO - Filling up the DagBag from /opt/airflow/dags/airflow_dag_spark_streaming.py
[2026-01-28T12:52:16.518+0000] {processor.py:840} INFO - DAG(s) 'spark_sgp4_streaming' retrieved from /opt/airflow/dags/airflow_dag_spark_streaming.py
[2026-01-28T12:52:16.567+0000] {logging_mixin.py:188} INFO - [2026-01-28T12:52:16.566+0000] {dag.py:3036} INFO - Sync 1 DAGs
[2026-01-28T12:52:16.590+0000] {logging_mixin.py:188} INFO - [2026-01-28T12:52:16.589+0000] {dag.py:3823} INFO - Setting next_dagrun for spark_sgp4_streaming to None, run_after=None
[2026-01-28T12:52:16.609+0000] {processor.py:183} INFO - Processing /opt/airflow/dags/airflow_dag_spark_streaming.py took 0.133 seconds
[2026-01-28T12:52:46.784+0000] {processor.py:161} INFO - Started process (PID=3697) to work on /opt/airflow/dags/airflow_dag_spark_streaming.py
[2026-01-28T12:52:46.785+0000] {processor.py:830} INFO - Processing file /opt/airflow/dags/airflow_dag_spark_streaming.py for tasks to queue
[2026-01-28T12:52:46.787+0000] {logging_mixin.py:188} INFO - [2026-01-28T12:52:46.786+0000] {dagbag.py:538} INFO - Filling up the DagBag from /opt/airflow/dags/airflow_dag_spark_streaming.py
[2026-01-28T12:52:46.817+0000] {processor.py:840} INFO - DAG(s) 'spark_sgp4_streaming' retrieved from /opt/airflow/dags/airflow_dag_spark_streaming.py
[2026-01-28T12:52:46.875+0000] {logging_mixin.py:188} INFO - [2026-01-28T12:52:46.875+0000] {dag.py:3036} INFO - Sync 1 DAGs
[2026-01-28T12:52:46.896+0000] {logging_mixin.py:188} INFO - [2026-01-28T12:52:46.895+0000] {dag.py:3823} INFO - Setting next_dagrun for spark_sgp4_streaming to None, run_after=None
[2026-01-28T12:52:46.922+0000] {processor.py:183} INFO - Processing /opt/airflow/dags/airflow_dag_spark_streaming.py took 0.152 seconds
[2026-01-28T12:53:17.101+0000] {processor.py:161} INFO - Started process (PID=3707) to work on /opt/airflow/dags/airflow_dag_spark_streaming.py
[2026-01-28T12:53:17.102+0000] {processor.py:830} INFO - Processing file /opt/airflow/dags/airflow_dag_spark_streaming.py for tasks to queue
[2026-01-28T12:53:17.104+0000] {logging_mixin.py:188} INFO - [2026-01-28T12:53:17.103+0000] {dagbag.py:538} INFO - Filling up the DagBag from /opt/airflow/dags/airflow_dag_spark_streaming.py
[2026-01-28T12:53:17.144+0000] {processor.py:840} INFO - DAG(s) 'spark_sgp4_streaming' retrieved from /opt/airflow/dags/airflow_dag_spark_streaming.py
[2026-01-28T12:53:17.205+0000] {logging_mixin.py:188} INFO - [2026-01-28T12:53:17.204+0000] {dag.py:3036} INFO - Sync 1 DAGs
[2026-01-28T12:53:17.228+0000] {logging_mixin.py:188} INFO - [2026-01-28T12:53:17.228+0000] {dag.py:3823} INFO - Setting next_dagrun for spark_sgp4_streaming to None, run_after=None
[2026-01-28T12:53:17.255+0000] {processor.py:183} INFO - Processing /opt/airflow/dags/airflow_dag_spark_streaming.py took 0.165 seconds
[2026-01-28T12:53:47.425+0000] {processor.py:161} INFO - Started process (PID=3717) to work on /opt/airflow/dags/airflow_dag_spark_streaming.py
[2026-01-28T12:53:47.426+0000] {processor.py:830} INFO - Processing file /opt/airflow/dags/airflow_dag_spark_streaming.py for tasks to queue
[2026-01-28T12:53:47.428+0000] {logging_mixin.py:188} INFO - [2026-01-28T12:53:47.427+0000] {dagbag.py:538} INFO - Filling up the DagBag from /opt/airflow/dags/airflow_dag_spark_streaming.py
[2026-01-28T12:53:47.448+0000] {processor.py:840} INFO - DAG(s) 'spark_sgp4_streaming' retrieved from /opt/airflow/dags/airflow_dag_spark_streaming.py
[2026-01-28T12:53:47.503+0000] {logging_mixin.py:188} INFO - [2026-01-28T12:53:47.503+0000] {dag.py:3036} INFO - Sync 1 DAGs
[2026-01-28T12:53:47.530+0000] {logging_mixin.py:188} INFO - [2026-01-28T12:53:47.529+0000] {dag.py:3823} INFO - Setting next_dagrun for spark_sgp4_streaming to None, run_after=None
[2026-01-28T12:53:47.559+0000] {processor.py:183} INFO - Processing /opt/airflow/dags/airflow_dag_spark_streaming.py took 0.142 seconds
[2026-01-28T12:54:17.705+0000] {processor.py:161} INFO - Started process (PID=3727) to work on /opt/airflow/dags/airflow_dag_spark_streaming.py
[2026-01-28T12:54:17.708+0000] {processor.py:830} INFO - Processing file /opt/airflow/dags/airflow_dag_spark_streaming.py for tasks to queue
[2026-01-28T12:54:17.710+0000] {logging_mixin.py:188} INFO - [2026-01-28T12:54:17.709+0000] {dagbag.py:538} INFO - Filling up the DagBag from /opt/airflow/dags/airflow_dag_spark_streaming.py
[2026-01-28T12:54:17.735+0000] {processor.py:840} INFO - DAG(s) 'spark_sgp4_streaming' retrieved from /opt/airflow/dags/airflow_dag_spark_streaming.py
[2026-01-28T12:54:17.769+0000] {logging_mixin.py:188} INFO - [2026-01-28T12:54:17.769+0000] {dag.py:3036} INFO - Sync 1 DAGs
[2026-01-28T12:54:17.789+0000] {logging_mixin.py:188} INFO - [2026-01-28T12:54:17.788+0000] {dag.py:3823} INFO - Setting next_dagrun for spark_sgp4_streaming to None, run_after=None
[2026-01-28T12:54:17.807+0000] {processor.py:183} INFO - Processing /opt/airflow/dags/airflow_dag_spark_streaming.py took 0.107 seconds
[2026-01-28T12:54:47.943+0000] {processor.py:161} INFO - Started process (PID=3737) to work on /opt/airflow/dags/airflow_dag_spark_streaming.py
[2026-01-28T12:54:47.946+0000] {processor.py:830} INFO - Processing file /opt/airflow/dags/airflow_dag_spark_streaming.py for tasks to queue
[2026-01-28T12:54:47.949+0000] {logging_mixin.py:188} INFO - [2026-01-28T12:54:47.947+0000] {dagbag.py:538} INFO - Filling up the DagBag from /opt/airflow/dags/airflow_dag_spark_streaming.py
[2026-01-28T12:54:47.979+0000] {processor.py:840} INFO - DAG(s) 'spark_sgp4_streaming' retrieved from /opt/airflow/dags/airflow_dag_spark_streaming.py
[2026-01-28T12:54:48.019+0000] {logging_mixin.py:188} INFO - [2026-01-28T12:54:48.019+0000] {dag.py:3036} INFO - Sync 1 DAGs
[2026-01-28T12:54:48.035+0000] {logging_mixin.py:188} INFO - [2026-01-28T12:54:48.035+0000] {dag.py:3823} INFO - Setting next_dagrun for spark_sgp4_streaming to None, run_after=None
[2026-01-28T12:54:48.058+0000] {processor.py:183} INFO - Processing /opt/airflow/dags/airflow_dag_spark_streaming.py took 0.121 seconds
[2026-01-28T12:55:18.193+0000] {processor.py:161} INFO - Started process (PID=3747) to work on /opt/airflow/dags/airflow_dag_spark_streaming.py
[2026-01-28T12:55:18.196+0000] {processor.py:830} INFO - Processing file /opt/airflow/dags/airflow_dag_spark_streaming.py for tasks to queue
[2026-01-28T12:55:18.197+0000] {logging_mixin.py:188} INFO - [2026-01-28T12:55:18.196+0000] {dagbag.py:538} INFO - Filling up the DagBag from /opt/airflow/dags/airflow_dag_spark_streaming.py
[2026-01-28T12:55:18.211+0000] {processor.py:840} INFO - DAG(s) 'spark_sgp4_streaming' retrieved from /opt/airflow/dags/airflow_dag_spark_streaming.py
[2026-01-28T12:55:18.249+0000] {logging_mixin.py:188} INFO - [2026-01-28T12:55:18.248+0000] {dag.py:3036} INFO - Sync 1 DAGs
[2026-01-28T12:55:18.266+0000] {logging_mixin.py:188} INFO - [2026-01-28T12:55:18.265+0000] {dag.py:3823} INFO - Setting next_dagrun for spark_sgp4_streaming to None, run_after=None
[2026-01-28T12:55:18.287+0000] {processor.py:183} INFO - Processing /opt/airflow/dags/airflow_dag_spark_streaming.py took 0.099 seconds
[2026-01-28T12:55:48.425+0000] {processor.py:161} INFO - Started process (PID=3757) to work on /opt/airflow/dags/airflow_dag_spark_streaming.py
[2026-01-28T12:55:48.427+0000] {processor.py:830} INFO - Processing file /opt/airflow/dags/airflow_dag_spark_streaming.py for tasks to queue
[2026-01-28T12:55:48.429+0000] {logging_mixin.py:188} INFO - [2026-01-28T12:55:48.427+0000] {dagbag.py:538} INFO - Filling up the DagBag from /opt/airflow/dags/airflow_dag_spark_streaming.py
[2026-01-28T12:55:48.452+0000] {processor.py:840} INFO - DAG(s) 'spark_sgp4_streaming' retrieved from /opt/airflow/dags/airflow_dag_spark_streaming.py
[2026-01-28T12:55:48.499+0000] {logging_mixin.py:188} INFO - [2026-01-28T12:55:48.499+0000] {dag.py:3036} INFO - Sync 1 DAGs
[2026-01-28T12:55:48.521+0000] {logging_mixin.py:188} INFO - [2026-01-28T12:55:48.520+0000] {dag.py:3823} INFO - Setting next_dagrun for spark_sgp4_streaming to None, run_after=None
[2026-01-28T12:55:48.542+0000] {processor.py:183} INFO - Processing /opt/airflow/dags/airflow_dag_spark_streaming.py took 0.121 seconds
[2026-01-28T12:56:18.697+0000] {processor.py:161} INFO - Started process (PID=3767) to work on /opt/airflow/dags/airflow_dag_spark_streaming.py
[2026-01-28T12:56:18.699+0000] {processor.py:830} INFO - Processing file /opt/airflow/dags/airflow_dag_spark_streaming.py for tasks to queue
[2026-01-28T12:56:18.701+0000] {logging_mixin.py:188} INFO - [2026-01-28T12:56:18.699+0000] {dagbag.py:538} INFO - Filling up the DagBag from /opt/airflow/dags/airflow_dag_spark_streaming.py
[2026-01-28T12:56:18.744+0000] {processor.py:840} INFO - DAG(s) 'spark_sgp4_streaming' retrieved from /opt/airflow/dags/airflow_dag_spark_streaming.py
[2026-01-28T12:56:18.803+0000] {logging_mixin.py:188} INFO - [2026-01-28T12:56:18.802+0000] {dag.py:3036} INFO - Sync 1 DAGs
[2026-01-28T12:56:18.828+0000] {logging_mixin.py:188} INFO - [2026-01-28T12:56:18.828+0000] {dag.py:3823} INFO - Setting next_dagrun for spark_sgp4_streaming to None, run_after=None
[2026-01-28T12:56:18.856+0000] {processor.py:183} INFO - Processing /opt/airflow/dags/airflow_dag_spark_streaming.py took 0.170 seconds
[2026-01-28T12:56:49.008+0000] {processor.py:161} INFO - Started process (PID=3777) to work on /opt/airflow/dags/airflow_dag_spark_streaming.py
[2026-01-28T12:56:49.011+0000] {processor.py:830} INFO - Processing file /opt/airflow/dags/airflow_dag_spark_streaming.py for tasks to queue
[2026-01-28T12:56:49.013+0000] {logging_mixin.py:188} INFO - [2026-01-28T12:56:49.012+0000] {dagbag.py:538} INFO - Filling up the DagBag from /opt/airflow/dags/airflow_dag_spark_streaming.py
[2026-01-28T12:56:49.030+0000] {processor.py:840} INFO - DAG(s) 'spark_sgp4_streaming' retrieved from /opt/airflow/dags/airflow_dag_spark_streaming.py
[2026-01-28T12:56:49.083+0000] {logging_mixin.py:188} INFO - [2026-01-28T12:56:49.082+0000] {dag.py:3036} INFO - Sync 1 DAGs
[2026-01-28T12:56:49.104+0000] {logging_mixin.py:188} INFO - [2026-01-28T12:56:49.103+0000] {dag.py:3823} INFO - Setting next_dagrun for spark_sgp4_streaming to None, run_after=None
[2026-01-28T12:56:49.130+0000] {processor.py:183} INFO - Processing /opt/airflow/dags/airflow_dag_spark_streaming.py took 0.128 seconds
[2026-01-28T12:57:19.282+0000] {processor.py:161} INFO - Started process (PID=3787) to work on /opt/airflow/dags/airflow_dag_spark_streaming.py
[2026-01-28T12:57:19.286+0000] {processor.py:830} INFO - Processing file /opt/airflow/dags/airflow_dag_spark_streaming.py for tasks to queue
[2026-01-28T12:57:19.289+0000] {logging_mixin.py:188} INFO - [2026-01-28T12:57:19.288+0000] {dagbag.py:538} INFO - Filling up the DagBag from /opt/airflow/dags/airflow_dag_spark_streaming.py
[2026-01-28T12:57:19.312+0000] {processor.py:840} INFO - DAG(s) 'spark_sgp4_streaming' retrieved from /opt/airflow/dags/airflow_dag_spark_streaming.py
[2026-01-28T12:57:19.361+0000] {logging_mixin.py:188} INFO - [2026-01-28T12:57:19.360+0000] {dag.py:3036} INFO - Sync 1 DAGs
[2026-01-28T12:57:19.378+0000] {logging_mixin.py:188} INFO - [2026-01-28T12:57:19.378+0000] {dag.py:3823} INFO - Setting next_dagrun for spark_sgp4_streaming to None, run_after=None
[2026-01-28T12:57:19.403+0000] {processor.py:183} INFO - Processing /opt/airflow/dags/airflow_dag_spark_streaming.py took 0.128 seconds
[2026-01-28T12:57:49.543+0000] {processor.py:161} INFO - Started process (PID=3797) to work on /opt/airflow/dags/airflow_dag_spark_streaming.py
[2026-01-28T12:57:49.546+0000] {processor.py:830} INFO - Processing file /opt/airflow/dags/airflow_dag_spark_streaming.py for tasks to queue
[2026-01-28T12:57:49.547+0000] {logging_mixin.py:188} INFO - [2026-01-28T12:57:49.547+0000] {dagbag.py:538} INFO - Filling up the DagBag from /opt/airflow/dags/airflow_dag_spark_streaming.py
[2026-01-28T12:57:49.563+0000] {processor.py:840} INFO - DAG(s) 'spark_sgp4_streaming' retrieved from /opt/airflow/dags/airflow_dag_spark_streaming.py
[2026-01-28T12:57:49.595+0000] {logging_mixin.py:188} INFO - [2026-01-28T12:57:49.595+0000] {dag.py:3036} INFO - Sync 1 DAGs
[2026-01-28T12:57:49.617+0000] {logging_mixin.py:188} INFO - [2026-01-28T12:57:49.616+0000] {dag.py:3823} INFO - Setting next_dagrun for spark_sgp4_streaming to None, run_after=None
[2026-01-28T12:57:49.638+0000] {processor.py:183} INFO - Processing /opt/airflow/dags/airflow_dag_spark_streaming.py took 0.102 seconds
[2026-01-28T12:58:19.765+0000] {processor.py:161} INFO - Started process (PID=3807) to work on /opt/airflow/dags/airflow_dag_spark_streaming.py
[2026-01-28T12:58:19.767+0000] {processor.py:830} INFO - Processing file /opt/airflow/dags/airflow_dag_spark_streaming.py for tasks to queue
[2026-01-28T12:58:19.769+0000] {logging_mixin.py:188} INFO - [2026-01-28T12:58:19.768+0000] {dagbag.py:538} INFO - Filling up the DagBag from /opt/airflow/dags/airflow_dag_spark_streaming.py
[2026-01-28T12:58:19.791+0000] {processor.py:840} INFO - DAG(s) 'spark_sgp4_streaming' retrieved from /opt/airflow/dags/airflow_dag_spark_streaming.py
[2026-01-28T12:58:19.831+0000] {logging_mixin.py:188} INFO - [2026-01-28T12:58:19.831+0000] {dag.py:3036} INFO - Sync 1 DAGs
[2026-01-28T12:58:19.853+0000] {logging_mixin.py:188} INFO - [2026-01-28T12:58:19.853+0000] {dag.py:3823} INFO - Setting next_dagrun for spark_sgp4_streaming to None, run_after=None
[2026-01-28T12:58:19.873+0000] {processor.py:183} INFO - Processing /opt/airflow/dags/airflow_dag_spark_streaming.py took 0.113 seconds
[2026-01-28T12:58:50.021+0000] {processor.py:161} INFO - Started process (PID=3817) to work on /opt/airflow/dags/airflow_dag_spark_streaming.py
[2026-01-28T12:58:50.024+0000] {processor.py:830} INFO - Processing file /opt/airflow/dags/airflow_dag_spark_streaming.py for tasks to queue
[2026-01-28T12:58:50.025+0000] {logging_mixin.py:188} INFO - [2026-01-28T12:58:50.024+0000] {dagbag.py:538} INFO - Filling up the DagBag from /opt/airflow/dags/airflow_dag_spark_streaming.py
[2026-01-28T12:58:50.041+0000] {processor.py:840} INFO - DAG(s) 'spark_sgp4_streaming' retrieved from /opt/airflow/dags/airflow_dag_spark_streaming.py
[2026-01-28T12:58:50.077+0000] {logging_mixin.py:188} INFO - [2026-01-28T12:58:50.077+0000] {dag.py:3036} INFO - Sync 1 DAGs
[2026-01-28T12:58:50.092+0000] {logging_mixin.py:188} INFO - [2026-01-28T12:58:50.092+0000] {dag.py:3823} INFO - Setting next_dagrun for spark_sgp4_streaming to None, run_after=None
[2026-01-28T12:58:50.113+0000] {processor.py:183} INFO - Processing /opt/airflow/dags/airflow_dag_spark_streaming.py took 0.095 seconds
[2026-01-28T12:59:20.265+0000] {processor.py:161} INFO - Started process (PID=3827) to work on /opt/airflow/dags/airflow_dag_spark_streaming.py
[2026-01-28T12:59:20.265+0000] {processor.py:830} INFO - Processing file /opt/airflow/dags/airflow_dag_spark_streaming.py for tasks to queue
[2026-01-28T12:59:20.266+0000] {logging_mixin.py:188} INFO - [2026-01-28T12:59:20.266+0000] {dagbag.py:538} INFO - Filling up the DagBag from /opt/airflow/dags/airflow_dag_spark_streaming.py
[2026-01-28T12:59:20.281+0000] {processor.py:840} INFO - DAG(s) 'spark_sgp4_streaming' retrieved from /opt/airflow/dags/airflow_dag_spark_streaming.py
[2026-01-28T12:59:20.317+0000] {logging_mixin.py:188} INFO - [2026-01-28T12:59:20.316+0000] {dag.py:3036} INFO - Sync 1 DAGs
[2026-01-28T12:59:20.332+0000] {logging_mixin.py:188} INFO - [2026-01-28T12:59:20.332+0000] {dag.py:3823} INFO - Setting next_dagrun for spark_sgp4_streaming to None, run_after=None
[2026-01-28T12:59:20.355+0000] {processor.py:183} INFO - Processing /opt/airflow/dags/airflow_dag_spark_streaming.py took 0.095 seconds
[2026-01-28T12:59:50.505+0000] {processor.py:161} INFO - Started process (PID=3837) to work on /opt/airflow/dags/airflow_dag_spark_streaming.py
[2026-01-28T12:59:50.508+0000] {processor.py:830} INFO - Processing file /opt/airflow/dags/airflow_dag_spark_streaming.py for tasks to queue
[2026-01-28T12:59:50.510+0000] {logging_mixin.py:188} INFO - [2026-01-28T12:59:50.509+0000] {dagbag.py:538} INFO - Filling up the DagBag from /opt/airflow/dags/airflow_dag_spark_streaming.py
[2026-01-28T12:59:50.532+0000] {processor.py:840} INFO - DAG(s) 'spark_sgp4_streaming' retrieved from /opt/airflow/dags/airflow_dag_spark_streaming.py
[2026-01-28T12:59:50.572+0000] {logging_mixin.py:188} INFO - [2026-01-28T12:59:50.571+0000] {dag.py:3036} INFO - Sync 1 DAGs
[2026-01-28T12:59:50.596+0000] {logging_mixin.py:188} INFO - [2026-01-28T12:59:50.596+0000] {dag.py:3823} INFO - Setting next_dagrun for spark_sgp4_streaming to None, run_after=None
[2026-01-28T12:59:50.617+0000] {processor.py:183} INFO - Processing /opt/airflow/dags/airflow_dag_spark_streaming.py took 0.120 seconds
[2026-01-28T13:00:20.754+0000] {processor.py:161} INFO - Started process (PID=3852) to work on /opt/airflow/dags/airflow_dag_spark_streaming.py
[2026-01-28T13:00:20.755+0000] {processor.py:830} INFO - Processing file /opt/airflow/dags/airflow_dag_spark_streaming.py for tasks to queue
[2026-01-28T13:00:20.757+0000] {logging_mixin.py:188} INFO - [2026-01-28T13:00:20.756+0000] {dagbag.py:538} INFO - Filling up the DagBag from /opt/airflow/dags/airflow_dag_spark_streaming.py
[2026-01-28T13:00:20.773+0000] {processor.py:840} INFO - DAG(s) 'spark_sgp4_streaming' retrieved from /opt/airflow/dags/airflow_dag_spark_streaming.py
[2026-01-28T13:00:20.820+0000] {logging_mixin.py:188} INFO - [2026-01-28T13:00:20.820+0000] {dag.py:3036} INFO - Sync 1 DAGs
[2026-01-28T13:00:20.843+0000] {logging_mixin.py:188} INFO - [2026-01-28T13:00:20.842+0000] {dag.py:3823} INFO - Setting next_dagrun for spark_sgp4_streaming to None, run_after=None
[2026-01-28T13:00:20.868+0000] {processor.py:183} INFO - Processing /opt/airflow/dags/airflow_dag_spark_streaming.py took 0.119 seconds
[2026-01-28T13:00:51.011+0000] {processor.py:161} INFO - Started process (PID=3862) to work on /opt/airflow/dags/airflow_dag_spark_streaming.py
[2026-01-28T13:00:51.012+0000] {processor.py:830} INFO - Processing file /opt/airflow/dags/airflow_dag_spark_streaming.py for tasks to queue
[2026-01-28T13:00:51.013+0000] {logging_mixin.py:188} INFO - [2026-01-28T13:00:51.013+0000] {dagbag.py:538} INFO - Filling up the DagBag from /opt/airflow/dags/airflow_dag_spark_streaming.py
[2026-01-28T13:00:51.033+0000] {processor.py:840} INFO - DAG(s) 'spark_sgp4_streaming' retrieved from /opt/airflow/dags/airflow_dag_spark_streaming.py
[2026-01-28T13:00:51.075+0000] {logging_mixin.py:188} INFO - [2026-01-28T13:00:51.074+0000] {dag.py:3036} INFO - Sync 1 DAGs
[2026-01-28T13:00:51.095+0000] {logging_mixin.py:188} INFO - [2026-01-28T13:00:51.095+0000] {dag.py:3823} INFO - Setting next_dagrun for spark_sgp4_streaming to None, run_after=None
[2026-01-28T13:00:51.119+0000] {processor.py:183} INFO - Processing /opt/airflow/dags/airflow_dag_spark_streaming.py took 0.112 seconds
[2026-01-28T13:01:21.264+0000] {processor.py:161} INFO - Started process (PID=3872) to work on /opt/airflow/dags/airflow_dag_spark_streaming.py
[2026-01-28T13:01:21.266+0000] {processor.py:830} INFO - Processing file /opt/airflow/dags/airflow_dag_spark_streaming.py for tasks to queue
[2026-01-28T13:01:21.268+0000] {logging_mixin.py:188} INFO - [2026-01-28T13:01:21.267+0000] {dagbag.py:538} INFO - Filling up the DagBag from /opt/airflow/dags/airflow_dag_spark_streaming.py
[2026-01-28T13:01:21.291+0000] {processor.py:840} INFO - DAG(s) 'spark_sgp4_streaming' retrieved from /opt/airflow/dags/airflow_dag_spark_streaming.py
[2026-01-28T13:01:21.340+0000] {logging_mixin.py:188} INFO - [2026-01-28T13:01:21.340+0000] {dag.py:3036} INFO - Sync 1 DAGs
[2026-01-28T13:01:21.363+0000] {logging_mixin.py:188} INFO - [2026-01-28T13:01:21.362+0000] {dag.py:3823} INFO - Setting next_dagrun for spark_sgp4_streaming to None, run_after=None
[2026-01-28T13:01:21.386+0000] {processor.py:183} INFO - Processing /opt/airflow/dags/airflow_dag_spark_streaming.py took 0.126 seconds
[2026-01-28T13:01:51.522+0000] {processor.py:161} INFO - Started process (PID=3882) to work on /opt/airflow/dags/airflow_dag_spark_streaming.py
[2026-01-28T13:01:51.523+0000] {processor.py:830} INFO - Processing file /opt/airflow/dags/airflow_dag_spark_streaming.py for tasks to queue
[2026-01-28T13:01:51.524+0000] {logging_mixin.py:188} INFO - [2026-01-28T13:01:51.523+0000] {dagbag.py:538} INFO - Filling up the DagBag from /opt/airflow/dags/airflow_dag_spark_streaming.py
[2026-01-28T13:01:51.538+0000] {processor.py:840} INFO - DAG(s) 'spark_sgp4_streaming' retrieved from /opt/airflow/dags/airflow_dag_spark_streaming.py
[2026-01-28T13:01:51.573+0000] {logging_mixin.py:188} INFO - [2026-01-28T13:01:51.572+0000] {dag.py:3036} INFO - Sync 1 DAGs
[2026-01-28T13:01:51.588+0000] {logging_mixin.py:188} INFO - [2026-01-28T13:01:51.588+0000] {dag.py:3823} INFO - Setting next_dagrun for spark_sgp4_streaming to None, run_after=None
[2026-01-28T13:01:51.611+0000] {processor.py:183} INFO - Processing /opt/airflow/dags/airflow_dag_spark_streaming.py took 0.094 seconds
[2026-01-28T13:02:21.753+0000] {processor.py:161} INFO - Started process (PID=3892) to work on /opt/airflow/dags/airflow_dag_spark_streaming.py
[2026-01-28T13:02:21.755+0000] {processor.py:830} INFO - Processing file /opt/airflow/dags/airflow_dag_spark_streaming.py for tasks to queue
[2026-01-28T13:02:21.756+0000] {logging_mixin.py:188} INFO - [2026-01-28T13:02:21.755+0000] {dagbag.py:538} INFO - Filling up the DagBag from /opt/airflow/dags/airflow_dag_spark_streaming.py
[2026-01-28T13:02:21.777+0000] {processor.py:840} INFO - DAG(s) 'spark_sgp4_streaming' retrieved from /opt/airflow/dags/airflow_dag_spark_streaming.py
[2026-01-28T13:02:21.833+0000] {logging_mixin.py:188} INFO - [2026-01-28T13:02:21.833+0000] {dag.py:3036} INFO - Sync 1 DAGs
[2026-01-28T13:02:21.852+0000] {logging_mixin.py:188} INFO - [2026-01-28T13:02:21.852+0000] {dag.py:3823} INFO - Setting next_dagrun for spark_sgp4_streaming to None, run_after=None
[2026-01-28T13:02:21.878+0000] {processor.py:183} INFO - Processing /opt/airflow/dags/airflow_dag_spark_streaming.py took 0.130 seconds
[2026-01-28T13:02:52.017+0000] {processor.py:161} INFO - Started process (PID=3902) to work on /opt/airflow/dags/airflow_dag_spark_streaming.py
[2026-01-28T13:02:52.020+0000] {processor.py:830} INFO - Processing file /opt/airflow/dags/airflow_dag_spark_streaming.py for tasks to queue
[2026-01-28T13:02:52.021+0000] {logging_mixin.py:188} INFO - [2026-01-28T13:02:52.020+0000] {dagbag.py:538} INFO - Filling up the DagBag from /opt/airflow/dags/airflow_dag_spark_streaming.py
[2026-01-28T13:02:52.041+0000] {processor.py:840} INFO - DAG(s) 'spark_sgp4_streaming' retrieved from /opt/airflow/dags/airflow_dag_spark_streaming.py
[2026-01-28T13:02:52.089+0000] {logging_mixin.py:188} INFO - [2026-01-28T13:02:52.089+0000] {dag.py:3036} INFO - Sync 1 DAGs
[2026-01-28T13:02:52.109+0000] {logging_mixin.py:188} INFO - [2026-01-28T13:02:52.108+0000] {dag.py:3823} INFO - Setting next_dagrun for spark_sgp4_streaming to None, run_after=None
[2026-01-28T13:02:52.131+0000] {processor.py:183} INFO - Processing /opt/airflow/dags/airflow_dag_spark_streaming.py took 0.120 seconds
[2026-01-28T13:03:22.263+0000] {processor.py:161} INFO - Started process (PID=3912) to work on /opt/airflow/dags/airflow_dag_spark_streaming.py
[2026-01-28T13:03:22.264+0000] {processor.py:830} INFO - Processing file /opt/airflow/dags/airflow_dag_spark_streaming.py for tasks to queue
[2026-01-28T13:03:22.265+0000] {logging_mixin.py:188} INFO - [2026-01-28T13:03:22.265+0000] {dagbag.py:538} INFO - Filling up the DagBag from /opt/airflow/dags/airflow_dag_spark_streaming.py
[2026-01-28T13:03:22.278+0000] {processor.py:840} INFO - DAG(s) 'spark_sgp4_streaming' retrieved from /opt/airflow/dags/airflow_dag_spark_streaming.py
[2026-01-28T13:03:22.315+0000] {logging_mixin.py:188} INFO - [2026-01-28T13:03:22.314+0000] {dag.py:3036} INFO - Sync 1 DAGs
[2026-01-28T13:03:22.331+0000] {logging_mixin.py:188} INFO - [2026-01-28T13:03:22.331+0000] {dag.py:3823} INFO - Setting next_dagrun for spark_sgp4_streaming to None, run_after=None
[2026-01-28T13:03:22.351+0000] {processor.py:183} INFO - Processing /opt/airflow/dags/airflow_dag_spark_streaming.py took 0.091 seconds
[2026-01-28T13:03:52.513+0000] {processor.py:161} INFO - Started process (PID=3922) to work on /opt/airflow/dags/airflow_dag_spark_streaming.py
[2026-01-28T13:03:52.514+0000] {processor.py:830} INFO - Processing file /opt/airflow/dags/airflow_dag_spark_streaming.py for tasks to queue
[2026-01-28T13:03:52.515+0000] {logging_mixin.py:188} INFO - [2026-01-28T13:03:52.514+0000] {dagbag.py:538} INFO - Filling up the DagBag from /opt/airflow/dags/airflow_dag_spark_streaming.py
[2026-01-28T13:03:52.532+0000] {processor.py:840} INFO - DAG(s) 'spark_sgp4_streaming' retrieved from /opt/airflow/dags/airflow_dag_spark_streaming.py
[2026-01-28T13:03:52.572+0000] {logging_mixin.py:188} INFO - [2026-01-28T13:03:52.571+0000] {dag.py:3036} INFO - Sync 1 DAGs
[2026-01-28T13:03:52.589+0000] {logging_mixin.py:188} INFO - [2026-01-28T13:03:52.589+0000] {dag.py:3823} INFO - Setting next_dagrun for spark_sgp4_streaming to None, run_after=None
[2026-01-28T13:03:52.615+0000] {processor.py:183} INFO - Processing /opt/airflow/dags/airflow_dag_spark_streaming.py took 0.109 seconds
[2026-01-28T13:04:22.771+0000] {processor.py:161} INFO - Started process (PID=3932) to work on /opt/airflow/dags/airflow_dag_spark_streaming.py
[2026-01-28T13:04:22.773+0000] {processor.py:830} INFO - Processing file /opt/airflow/dags/airflow_dag_spark_streaming.py for tasks to queue
[2026-01-28T13:04:22.776+0000] {logging_mixin.py:188} INFO - [2026-01-28T13:04:22.775+0000] {dagbag.py:538} INFO - Filling up the DagBag from /opt/airflow/dags/airflow_dag_spark_streaming.py
[2026-01-28T13:04:22.817+0000] {processor.py:840} INFO - DAG(s) 'spark_sgp4_streaming' retrieved from /opt/airflow/dags/airflow_dag_spark_streaming.py
[2026-01-28T13:04:22.906+0000] {logging_mixin.py:188} INFO - [2026-01-28T13:04:22.905+0000] {dag.py:3036} INFO - Sync 1 DAGs
[2026-01-28T13:04:22.941+0000] {logging_mixin.py:188} INFO - [2026-01-28T13:04:22.941+0000] {dag.py:3823} INFO - Setting next_dagrun for spark_sgp4_streaming to None, run_after=None
[2026-01-28T13:04:22.979+0000] {processor.py:183} INFO - Processing /opt/airflow/dags/airflow_dag_spark_streaming.py took 0.215 seconds
[2026-01-28T13:04:53.126+0000] {processor.py:161} INFO - Started process (PID=3942) to work on /opt/airflow/dags/airflow_dag_spark_streaming.py
[2026-01-28T13:04:53.127+0000] {processor.py:830} INFO - Processing file /opt/airflow/dags/airflow_dag_spark_streaming.py for tasks to queue
[2026-01-28T13:04:53.129+0000] {logging_mixin.py:188} INFO - [2026-01-28T13:04:53.128+0000] {dagbag.py:538} INFO - Filling up the DagBag from /opt/airflow/dags/airflow_dag_spark_streaming.py
[2026-01-28T13:04:53.152+0000] {processor.py:840} INFO - DAG(s) 'spark_sgp4_streaming' retrieved from /opt/airflow/dags/airflow_dag_spark_streaming.py
[2026-01-28T13:04:53.203+0000] {logging_mixin.py:188} INFO - [2026-01-28T13:04:53.202+0000] {dag.py:3036} INFO - Sync 1 DAGs
[2026-01-28T13:04:53.220+0000] {logging_mixin.py:188} INFO - [2026-01-28T13:04:53.219+0000] {dag.py:3823} INFO - Setting next_dagrun for spark_sgp4_streaming to None, run_after=None
[2026-01-28T13:04:53.241+0000] {processor.py:183} INFO - Processing /opt/airflow/dags/airflow_dag_spark_streaming.py took 0.121 seconds
[2026-01-28T13:05:23.392+0000] {processor.py:161} INFO - Started process (PID=3952) to work on /opt/airflow/dags/airflow_dag_spark_streaming.py
[2026-01-28T13:05:23.394+0000] {processor.py:830} INFO - Processing file /opt/airflow/dags/airflow_dag_spark_streaming.py for tasks to queue
[2026-01-28T13:05:23.395+0000] {logging_mixin.py:188} INFO - [2026-01-28T13:05:23.394+0000] {dagbag.py:538} INFO - Filling up the DagBag from /opt/airflow/dags/airflow_dag_spark_streaming.py
[2026-01-28T13:05:23.416+0000] {processor.py:840} INFO - DAG(s) 'spark_sgp4_streaming' retrieved from /opt/airflow/dags/airflow_dag_spark_streaming.py
[2026-01-28T13:05:23.462+0000] {logging_mixin.py:188} INFO - [2026-01-28T13:05:23.462+0000] {dag.py:3036} INFO - Sync 1 DAGs
[2026-01-28T13:05:23.483+0000] {logging_mixin.py:188} INFO - [2026-01-28T13:05:23.483+0000] {dag.py:3823} INFO - Setting next_dagrun for spark_sgp4_streaming to None, run_after=None
[2026-01-28T13:05:23.509+0000] {processor.py:183} INFO - Processing /opt/airflow/dags/airflow_dag_spark_streaming.py took 0.122 seconds
[2026-01-28T13:05:53.662+0000] {processor.py:161} INFO - Started process (PID=3962) to work on /opt/airflow/dags/airflow_dag_spark_streaming.py
[2026-01-28T13:05:53.663+0000] {processor.py:830} INFO - Processing file /opt/airflow/dags/airflow_dag_spark_streaming.py for tasks to queue
[2026-01-28T13:05:53.665+0000] {logging_mixin.py:188} INFO - [2026-01-28T13:05:53.663+0000] {dagbag.py:538} INFO - Filling up the DagBag from /opt/airflow/dags/airflow_dag_spark_streaming.py
[2026-01-28T13:05:53.687+0000] {processor.py:840} INFO - DAG(s) 'spark_sgp4_streaming' retrieved from /opt/airflow/dags/airflow_dag_spark_streaming.py
[2026-01-28T13:05:53.730+0000] {logging_mixin.py:188} INFO - [2026-01-28T13:05:53.730+0000] {dag.py:3036} INFO - Sync 1 DAGs
[2026-01-28T13:05:53.746+0000] {logging_mixin.py:188} INFO - [2026-01-28T13:05:53.746+0000] {dag.py:3823} INFO - Setting next_dagrun for spark_sgp4_streaming to None, run_after=None
[2026-01-28T13:05:53.768+0000] {processor.py:183} INFO - Processing /opt/airflow/dags/airflow_dag_spark_streaming.py took 0.113 seconds
[2026-01-28T13:06:23.909+0000] {processor.py:161} INFO - Started process (PID=3972) to work on /opt/airflow/dags/airflow_dag_spark_streaming.py
[2026-01-28T13:06:23.911+0000] {processor.py:830} INFO - Processing file /opt/airflow/dags/airflow_dag_spark_streaming.py for tasks to queue
[2026-01-28T13:06:23.913+0000] {logging_mixin.py:188} INFO - [2026-01-28T13:06:23.911+0000] {dagbag.py:538} INFO - Filling up the DagBag from /opt/airflow/dags/airflow_dag_spark_streaming.py
[2026-01-28T13:06:23.943+0000] {processor.py:840} INFO - DAG(s) 'spark_sgp4_streaming' retrieved from /opt/airflow/dags/airflow_dag_spark_streaming.py
[2026-01-28T13:06:23.995+0000] {logging_mixin.py:188} INFO - [2026-01-28T13:06:23.995+0000] {dag.py:3036} INFO - Sync 1 DAGs
[2026-01-28T13:06:24.020+0000] {logging_mixin.py:188} INFO - [2026-01-28T13:06:24.020+0000] {dag.py:3823} INFO - Setting next_dagrun for spark_sgp4_streaming to None, run_after=None
[2026-01-28T13:06:24.046+0000] {processor.py:183} INFO - Processing /opt/airflow/dags/airflow_dag_spark_streaming.py took 0.145 seconds
[2026-01-28T13:06:54.169+0000] {processor.py:161} INFO - Started process (PID=3982) to work on /opt/airflow/dags/airflow_dag_spark_streaming.py
[2026-01-28T13:06:54.170+0000] {processor.py:830} INFO - Processing file /opt/airflow/dags/airflow_dag_spark_streaming.py for tasks to queue
[2026-01-28T13:06:54.171+0000] {logging_mixin.py:188} INFO - [2026-01-28T13:06:54.171+0000] {dagbag.py:538} INFO - Filling up the DagBag from /opt/airflow/dags/airflow_dag_spark_streaming.py
[2026-01-28T13:06:54.185+0000] {processor.py:840} INFO - DAG(s) 'spark_sgp4_streaming' retrieved from /opt/airflow/dags/airflow_dag_spark_streaming.py
[2026-01-28T13:06:54.223+0000] {logging_mixin.py:188} INFO - [2026-01-28T13:06:54.223+0000] {dag.py:3036} INFO - Sync 1 DAGs
[2026-01-28T13:06:54.238+0000] {logging_mixin.py:188} INFO - [2026-01-28T13:06:54.238+0000] {dag.py:3823} INFO - Setting next_dagrun for spark_sgp4_streaming to None, run_after=None
[2026-01-28T13:06:54.259+0000] {processor.py:183} INFO - Processing /opt/airflow/dags/airflow_dag_spark_streaming.py took 0.093 seconds
[2026-01-28T13:07:24.401+0000] {processor.py:161} INFO - Started process (PID=3992) to work on /opt/airflow/dags/airflow_dag_spark_streaming.py
[2026-01-28T13:07:24.404+0000] {processor.py:830} INFO - Processing file /opt/airflow/dags/airflow_dag_spark_streaming.py for tasks to queue
[2026-01-28T13:07:24.405+0000] {logging_mixin.py:188} INFO - [2026-01-28T13:07:24.404+0000] {dagbag.py:538} INFO - Filling up the DagBag from /opt/airflow/dags/airflow_dag_spark_streaming.py
[2026-01-28T13:07:24.417+0000] {processor.py:840} INFO - DAG(s) 'spark_sgp4_streaming' retrieved from /opt/airflow/dags/airflow_dag_spark_streaming.py
[2026-01-28T13:07:24.456+0000] {logging_mixin.py:188} INFO - [2026-01-28T13:07:24.456+0000] {dag.py:3036} INFO - Sync 1 DAGs
[2026-01-28T13:07:24.472+0000] {logging_mixin.py:188} INFO - [2026-01-28T13:07:24.471+0000] {dag.py:3823} INFO - Setting next_dagrun for spark_sgp4_streaming to None, run_after=None
[2026-01-28T13:07:24.491+0000] {processor.py:183} INFO - Processing /opt/airflow/dags/airflow_dag_spark_streaming.py took 0.093 seconds
[2026-01-28T13:07:54.644+0000] {processor.py:161} INFO - Started process (PID=4002) to work on /opt/airflow/dags/airflow_dag_spark_streaming.py
[2026-01-28T13:07:54.646+0000] {processor.py:830} INFO - Processing file /opt/airflow/dags/airflow_dag_spark_streaming.py for tasks to queue
[2026-01-28T13:07:54.648+0000] {logging_mixin.py:188} INFO - [2026-01-28T13:07:54.647+0000] {dagbag.py:538} INFO - Filling up the DagBag from /opt/airflow/dags/airflow_dag_spark_streaming.py
[2026-01-28T13:07:54.666+0000] {processor.py:840} INFO - DAG(s) 'spark_sgp4_streaming' retrieved from /opt/airflow/dags/airflow_dag_spark_streaming.py
[2026-01-28T13:07:54.710+0000] {logging_mixin.py:188} INFO - [2026-01-28T13:07:54.710+0000] {dag.py:3036} INFO - Sync 1 DAGs
[2026-01-28T13:07:54.728+0000] {logging_mixin.py:188} INFO - [2026-01-28T13:07:54.727+0000] {dag.py:3823} INFO - Setting next_dagrun for spark_sgp4_streaming to None, run_after=None
[2026-01-28T13:07:54.750+0000] {processor.py:183} INFO - Processing /opt/airflow/dags/airflow_dag_spark_streaming.py took 0.111 seconds
[2026-01-28T13:08:24.940+0000] {processor.py:161} INFO - Started process (PID=4012) to work on /opt/airflow/dags/airflow_dag_spark_streaming.py
[2026-01-28T13:08:24.941+0000] {processor.py:830} INFO - Processing file /opt/airflow/dags/airflow_dag_spark_streaming.py for tasks to queue
[2026-01-28T13:08:24.942+0000] {logging_mixin.py:188} INFO - [2026-01-28T13:08:24.942+0000] {dagbag.py:538} INFO - Filling up the DagBag from /opt/airflow/dags/airflow_dag_spark_streaming.py
[2026-01-28T13:08:24.969+0000] {processor.py:840} INFO - DAG(s) 'spark_sgp4_streaming' retrieved from /opt/airflow/dags/airflow_dag_spark_streaming.py
[2026-01-28T13:08:25.035+0000] {logging_mixin.py:188} INFO - [2026-01-28T13:08:25.034+0000] {dag.py:3036} INFO - Sync 1 DAGs
[2026-01-28T13:08:25.063+0000] {logging_mixin.py:188} INFO - [2026-01-28T13:08:25.063+0000] {dag.py:3823} INFO - Setting next_dagrun for spark_sgp4_streaming to None, run_after=None
[2026-01-28T13:08:25.093+0000] {processor.py:183} INFO - Processing /opt/airflow/dags/airflow_dag_spark_streaming.py took 0.157 seconds
[2026-01-28T13:08:55.218+0000] {processor.py:161} INFO - Started process (PID=4022) to work on /opt/airflow/dags/airflow_dag_spark_streaming.py
[2026-01-28T13:08:55.219+0000] {processor.py:830} INFO - Processing file /opt/airflow/dags/airflow_dag_spark_streaming.py for tasks to queue
[2026-01-28T13:08:55.221+0000] {logging_mixin.py:188} INFO - [2026-01-28T13:08:55.219+0000] {dagbag.py:538} INFO - Filling up the DagBag from /opt/airflow/dags/airflow_dag_spark_streaming.py
[2026-01-28T13:08:55.237+0000] {processor.py:840} INFO - DAG(s) 'spark_sgp4_streaming' retrieved from /opt/airflow/dags/airflow_dag_spark_streaming.py
[2026-01-28T13:08:55.275+0000] {logging_mixin.py:188} INFO - [2026-01-28T13:08:55.275+0000] {dag.py:3036} INFO - Sync 1 DAGs
[2026-01-28T13:08:55.290+0000] {logging_mixin.py:188} INFO - [2026-01-28T13:08:55.290+0000] {dag.py:3823} INFO - Setting next_dagrun for spark_sgp4_streaming to None, run_after=None
[2026-01-28T13:08:55.315+0000] {processor.py:183} INFO - Processing /opt/airflow/dags/airflow_dag_spark_streaming.py took 0.105 seconds
[2026-01-28T13:09:25.462+0000] {processor.py:161} INFO - Started process (PID=4032) to work on /opt/airflow/dags/airflow_dag_spark_streaming.py
[2026-01-28T13:09:25.464+0000] {processor.py:830} INFO - Processing file /opt/airflow/dags/airflow_dag_spark_streaming.py for tasks to queue
[2026-01-28T13:09:25.465+0000] {logging_mixin.py:188} INFO - [2026-01-28T13:09:25.464+0000] {dagbag.py:538} INFO - Filling up the DagBag from /opt/airflow/dags/airflow_dag_spark_streaming.py
[2026-01-28T13:09:25.480+0000] {processor.py:840} INFO - DAG(s) 'spark_sgp4_streaming' retrieved from /opt/airflow/dags/airflow_dag_spark_streaming.py
[2026-01-28T13:09:25.519+0000] {logging_mixin.py:188} INFO - [2026-01-28T13:09:25.519+0000] {dag.py:3036} INFO - Sync 1 DAGs
[2026-01-28T13:09:25.537+0000] {logging_mixin.py:188} INFO - [2026-01-28T13:09:25.537+0000] {dag.py:3823} INFO - Setting next_dagrun for spark_sgp4_streaming to None, run_after=None
[2026-01-28T13:09:25.560+0000] {processor.py:183} INFO - Processing /opt/airflow/dags/airflow_dag_spark_streaming.py took 0.101 seconds
[2026-01-28T13:09:55.706+0000] {processor.py:161} INFO - Started process (PID=4042) to work on /opt/airflow/dags/airflow_dag_spark_streaming.py
[2026-01-28T13:09:55.709+0000] {processor.py:830} INFO - Processing file /opt/airflow/dags/airflow_dag_spark_streaming.py for tasks to queue
[2026-01-28T13:09:55.711+0000] {logging_mixin.py:188} INFO - [2026-01-28T13:09:55.710+0000] {dagbag.py:538} INFO - Filling up the DagBag from /opt/airflow/dags/airflow_dag_spark_streaming.py
[2026-01-28T13:09:55.729+0000] {processor.py:840} INFO - DAG(s) 'spark_sgp4_streaming' retrieved from /opt/airflow/dags/airflow_dag_spark_streaming.py
[2026-01-28T13:09:55.773+0000] {logging_mixin.py:188} INFO - [2026-01-28T13:09:55.772+0000] {dag.py:3036} INFO - Sync 1 DAGs
[2026-01-28T13:09:55.792+0000] {logging_mixin.py:188} INFO - [2026-01-28T13:09:55.791+0000] {dag.py:3823} INFO - Setting next_dagrun for spark_sgp4_streaming to None, run_after=None
[2026-01-28T13:09:55.815+0000] {processor.py:183} INFO - Processing /opt/airflow/dags/airflow_dag_spark_streaming.py took 0.115 seconds
[2026-01-28T13:10:25.946+0000] {processor.py:161} INFO - Started process (PID=4052) to work on /opt/airflow/dags/airflow_dag_spark_streaming.py
[2026-01-28T13:10:25.947+0000] {processor.py:830} INFO - Processing file /opt/airflow/dags/airflow_dag_spark_streaming.py for tasks to queue
[2026-01-28T13:10:25.948+0000] {logging_mixin.py:188} INFO - [2026-01-28T13:10:25.948+0000] {dagbag.py:538} INFO - Filling up the DagBag from /opt/airflow/dags/airflow_dag_spark_streaming.py
[2026-01-28T13:10:25.964+0000] {processor.py:840} INFO - DAG(s) 'spark_sgp4_streaming' retrieved from /opt/airflow/dags/airflow_dag_spark_streaming.py
[2026-01-28T13:10:25.999+0000] {logging_mixin.py:188} INFO - [2026-01-28T13:10:25.998+0000] {dag.py:3036} INFO - Sync 1 DAGs
[2026-01-28T13:10:26.014+0000] {logging_mixin.py:188} INFO - [2026-01-28T13:10:26.013+0000] {dag.py:3823} INFO - Setting next_dagrun for spark_sgp4_streaming to None, run_after=None
[2026-01-28T13:10:26.034+0000] {processor.py:183} INFO - Processing /opt/airflow/dags/airflow_dag_spark_streaming.py took 0.092 seconds
[2026-01-28T13:10:56.158+0000] {processor.py:161} INFO - Started process (PID=4062) to work on /opt/airflow/dags/airflow_dag_spark_streaming.py
[2026-01-28T13:10:56.160+0000] {processor.py:830} INFO - Processing file /opt/airflow/dags/airflow_dag_spark_streaming.py for tasks to queue
[2026-01-28T13:10:56.160+0000] {logging_mixin.py:188} INFO - [2026-01-28T13:10:56.160+0000] {dagbag.py:538} INFO - Filling up the DagBag from /opt/airflow/dags/airflow_dag_spark_streaming.py
[2026-01-28T13:10:56.172+0000] {processor.py:840} INFO - DAG(s) 'spark_sgp4_streaming' retrieved from /opt/airflow/dags/airflow_dag_spark_streaming.py
[2026-01-28T13:10:56.212+0000] {logging_mixin.py:188} INFO - [2026-01-28T13:10:56.212+0000] {dag.py:3036} INFO - Sync 1 DAGs
[2026-01-28T13:10:56.228+0000] {logging_mixin.py:188} INFO - [2026-01-28T13:10:56.227+0000] {dag.py:3823} INFO - Setting next_dagrun for spark_sgp4_streaming to None, run_after=None
[2026-01-28T13:10:56.245+0000] {processor.py:183} INFO - Processing /opt/airflow/dags/airflow_dag_spark_streaming.py took 0.091 seconds
[2026-01-28T13:11:26.383+0000] {processor.py:161} INFO - Started process (PID=4072) to work on /opt/airflow/dags/airflow_dag_spark_streaming.py
[2026-01-28T13:11:26.384+0000] {processor.py:830} INFO - Processing file /opt/airflow/dags/airflow_dag_spark_streaming.py for tasks to queue
[2026-01-28T13:11:26.386+0000] {logging_mixin.py:188} INFO - [2026-01-28T13:11:26.386+0000] {dagbag.py:538} INFO - Filling up the DagBag from /opt/airflow/dags/airflow_dag_spark_streaming.py
[2026-01-28T13:11:26.400+0000] {processor.py:840} INFO - DAG(s) 'spark_sgp4_streaming' retrieved from /opt/airflow/dags/airflow_dag_spark_streaming.py
[2026-01-28T13:11:26.440+0000] {logging_mixin.py:188} INFO - [2026-01-28T13:11:26.440+0000] {dag.py:3036} INFO - Sync 1 DAGs
[2026-01-28T13:11:26.456+0000] {logging_mixin.py:188} INFO - [2026-01-28T13:11:26.456+0000] {dag.py:3823} INFO - Setting next_dagrun for spark_sgp4_streaming to None, run_after=None
[2026-01-28T13:11:26.476+0000] {processor.py:183} INFO - Processing /opt/airflow/dags/airflow_dag_spark_streaming.py took 0.096 seconds
[2026-01-28T13:11:56.599+0000] {processor.py:161} INFO - Started process (PID=4082) to work on /opt/airflow/dags/airflow_dag_spark_streaming.py
[2026-01-28T13:11:56.602+0000] {processor.py:830} INFO - Processing file /opt/airflow/dags/airflow_dag_spark_streaming.py for tasks to queue
[2026-01-28T13:11:56.603+0000] {logging_mixin.py:188} INFO - [2026-01-28T13:11:56.602+0000] {dagbag.py:538} INFO - Filling up the DagBag from /opt/airflow/dags/airflow_dag_spark_streaming.py
[2026-01-28T13:11:56.616+0000] {processor.py:840} INFO - DAG(s) 'spark_sgp4_streaming' retrieved from /opt/airflow/dags/airflow_dag_spark_streaming.py
[2026-01-28T13:11:56.648+0000] {logging_mixin.py:188} INFO - [2026-01-28T13:11:56.647+0000] {dag.py:3036} INFO - Sync 1 DAGs
[2026-01-28T13:11:56.667+0000] {logging_mixin.py:188} INFO - [2026-01-28T13:11:56.667+0000] {dag.py:3823} INFO - Setting next_dagrun for spark_sgp4_streaming to None, run_after=None
[2026-01-28T13:11:56.688+0000] {processor.py:183} INFO - Processing /opt/airflow/dags/airflow_dag_spark_streaming.py took 0.094 seconds
[2026-01-28T13:12:26.819+0000] {processor.py:161} INFO - Started process (PID=4092) to work on /opt/airflow/dags/airflow_dag_spark_streaming.py
[2026-01-28T13:12:26.821+0000] {processor.py:830} INFO - Processing file /opt/airflow/dags/airflow_dag_spark_streaming.py for tasks to queue
[2026-01-28T13:12:26.822+0000] {logging_mixin.py:188} INFO - [2026-01-28T13:12:26.822+0000] {dagbag.py:538} INFO - Filling up the DagBag from /opt/airflow/dags/airflow_dag_spark_streaming.py
[2026-01-28T13:12:26.837+0000] {processor.py:840} INFO - DAG(s) 'spark_sgp4_streaming' retrieved from /opt/airflow/dags/airflow_dag_spark_streaming.py
[2026-01-28T13:12:26.872+0000] {logging_mixin.py:188} INFO - [2026-01-28T13:12:26.872+0000] {dag.py:3036} INFO - Sync 1 DAGs
[2026-01-28T13:12:26.889+0000] {logging_mixin.py:188} INFO - [2026-01-28T13:12:26.889+0000] {dag.py:3823} INFO - Setting next_dagrun for spark_sgp4_streaming to None, run_after=None
[2026-01-28T13:12:26.912+0000] {processor.py:183} INFO - Processing /opt/airflow/dags/airflow_dag_spark_streaming.py took 0.097 seconds
[2026-01-28T13:12:57.036+0000] {processor.py:161} INFO - Started process (PID=4102) to work on /opt/airflow/dags/airflow_dag_spark_streaming.py
[2026-01-28T13:12:57.038+0000] {processor.py:830} INFO - Processing file /opt/airflow/dags/airflow_dag_spark_streaming.py for tasks to queue
[2026-01-28T13:12:57.039+0000] {logging_mixin.py:188} INFO - [2026-01-28T13:12:57.039+0000] {dagbag.py:538} INFO - Filling up the DagBag from /opt/airflow/dags/airflow_dag_spark_streaming.py
[2026-01-28T13:12:57.054+0000] {processor.py:840} INFO - DAG(s) 'spark_sgp4_streaming' retrieved from /opt/airflow/dags/airflow_dag_spark_streaming.py
[2026-01-28T13:12:57.089+0000] {logging_mixin.py:188} INFO - [2026-01-28T13:12:57.089+0000] {dag.py:3036} INFO - Sync 1 DAGs
[2026-01-28T13:12:57.105+0000] {logging_mixin.py:188} INFO - [2026-01-28T13:12:57.104+0000] {dag.py:3823} INFO - Setting next_dagrun for spark_sgp4_streaming to None, run_after=None
[2026-01-28T13:12:57.127+0000] {processor.py:183} INFO - Processing /opt/airflow/dags/airflow_dag_spark_streaming.py took 0.097 seconds
[2026-01-28T13:13:27.262+0000] {processor.py:161} INFO - Started process (PID=4112) to work on /opt/airflow/dags/airflow_dag_spark_streaming.py
[2026-01-28T13:13:27.264+0000] {processor.py:830} INFO - Processing file /opt/airflow/dags/airflow_dag_spark_streaming.py for tasks to queue
[2026-01-28T13:13:27.266+0000] {logging_mixin.py:188} INFO - [2026-01-28T13:13:27.265+0000] {dagbag.py:538} INFO - Filling up the DagBag from /opt/airflow/dags/airflow_dag_spark_streaming.py
[2026-01-28T13:13:27.282+0000] {processor.py:840} INFO - DAG(s) 'spark_sgp4_streaming' retrieved from /opt/airflow/dags/airflow_dag_spark_streaming.py
[2026-01-28T13:13:27.320+0000] {logging_mixin.py:188} INFO - [2026-01-28T13:13:27.319+0000] {dag.py:3036} INFO - Sync 1 DAGs
[2026-01-28T13:13:27.335+0000] {logging_mixin.py:188} INFO - [2026-01-28T13:13:27.335+0000] {dag.py:3823} INFO - Setting next_dagrun for spark_sgp4_streaming to None, run_after=None
[2026-01-28T13:13:27.357+0000] {processor.py:183} INFO - Processing /opt/airflow/dags/airflow_dag_spark_streaming.py took 0.100 seconds
[2026-01-28T13:13:57.502+0000] {processor.py:161} INFO - Started process (PID=4122) to work on /opt/airflow/dags/airflow_dag_spark_streaming.py
[2026-01-28T13:13:57.504+0000] {processor.py:830} INFO - Processing file /opt/airflow/dags/airflow_dag_spark_streaming.py for tasks to queue
[2026-01-28T13:13:57.505+0000] {logging_mixin.py:188} INFO - [2026-01-28T13:13:57.505+0000] {dagbag.py:538} INFO - Filling up the DagBag from /opt/airflow/dags/airflow_dag_spark_streaming.py
[2026-01-28T13:13:57.522+0000] {processor.py:840} INFO - DAG(s) 'spark_sgp4_streaming' retrieved from /opt/airflow/dags/airflow_dag_spark_streaming.py
[2026-01-28T13:13:57.560+0000] {logging_mixin.py:188} INFO - [2026-01-28T13:13:57.559+0000] {dag.py:3036} INFO - Sync 1 DAGs
[2026-01-28T13:13:57.578+0000] {logging_mixin.py:188} INFO - [2026-01-28T13:13:57.577+0000] {dag.py:3823} INFO - Setting next_dagrun for spark_sgp4_streaming to None, run_after=None
[2026-01-28T13:13:57.600+0000] {processor.py:183} INFO - Processing /opt/airflow/dags/airflow_dag_spark_streaming.py took 0.103 seconds
[2026-01-28T13:14:27.735+0000] {processor.py:161} INFO - Started process (PID=4132) to work on /opt/airflow/dags/airflow_dag_spark_streaming.py
[2026-01-28T13:14:27.736+0000] {processor.py:830} INFO - Processing file /opt/airflow/dags/airflow_dag_spark_streaming.py for tasks to queue
[2026-01-28T13:14:27.737+0000] {logging_mixin.py:188} INFO - [2026-01-28T13:14:27.737+0000] {dagbag.py:538} INFO - Filling up the DagBag from /opt/airflow/dags/airflow_dag_spark_streaming.py
[2026-01-28T13:14:27.748+0000] {processor.py:840} INFO - DAG(s) 'spark_sgp4_streaming' retrieved from /opt/airflow/dags/airflow_dag_spark_streaming.py
[2026-01-28T13:14:27.787+0000] {logging_mixin.py:188} INFO - [2026-01-28T13:14:27.787+0000] {dag.py:3036} INFO - Sync 1 DAGs
[2026-01-28T13:14:27.804+0000] {logging_mixin.py:188} INFO - [2026-01-28T13:14:27.803+0000] {dag.py:3823} INFO - Setting next_dagrun for spark_sgp4_streaming to None, run_after=None
[2026-01-28T13:14:27.824+0000] {processor.py:183} INFO - Processing /opt/airflow/dags/airflow_dag_spark_streaming.py took 0.092 seconds
[2026-01-28T13:14:57.960+0000] {processor.py:161} INFO - Started process (PID=4142) to work on /opt/airflow/dags/airflow_dag_spark_streaming.py
[2026-01-28T13:14:57.962+0000] {processor.py:830} INFO - Processing file /opt/airflow/dags/airflow_dag_spark_streaming.py for tasks to queue
[2026-01-28T13:14:57.964+0000] {logging_mixin.py:188} INFO - [2026-01-28T13:14:57.963+0000] {dagbag.py:538} INFO - Filling up the DagBag from /opt/airflow/dags/airflow_dag_spark_streaming.py
[2026-01-28T13:14:57.991+0000] {processor.py:840} INFO - DAG(s) 'spark_sgp4_streaming' retrieved from /opt/airflow/dags/airflow_dag_spark_streaming.py
[2026-01-28T13:14:58.032+0000] {logging_mixin.py:188} INFO - [2026-01-28T13:14:58.032+0000] {dag.py:3036} INFO - Sync 1 DAGs
[2026-01-28T13:14:58.053+0000] {logging_mixin.py:188} INFO - [2026-01-28T13:14:58.053+0000] {dag.py:3823} INFO - Setting next_dagrun for spark_sgp4_streaming to None, run_after=None
[2026-01-28T13:14:58.078+0000] {processor.py:183} INFO - Processing /opt/airflow/dags/airflow_dag_spark_streaming.py took 0.125 seconds
[2026-01-28T13:15:28.203+0000] {processor.py:161} INFO - Started process (PID=4152) to work on /opt/airflow/dags/airflow_dag_spark_streaming.py
[2026-01-28T13:15:28.204+0000] {processor.py:830} INFO - Processing file /opt/airflow/dags/airflow_dag_spark_streaming.py for tasks to queue
[2026-01-28T13:15:28.205+0000] {logging_mixin.py:188} INFO - [2026-01-28T13:15:28.204+0000] {dagbag.py:538} INFO - Filling up the DagBag from /opt/airflow/dags/airflow_dag_spark_streaming.py
[2026-01-28T13:15:28.217+0000] {processor.py:840} INFO - DAG(s) 'spark_sgp4_streaming' retrieved from /opt/airflow/dags/airflow_dag_spark_streaming.py
[2026-01-28T13:15:28.251+0000] {logging_mixin.py:188} INFO - [2026-01-28T13:15:28.251+0000] {dag.py:3036} INFO - Sync 1 DAGs
[2026-01-28T13:15:28.271+0000] {logging_mixin.py:188} INFO - [2026-01-28T13:15:28.271+0000] {dag.py:3823} INFO - Setting next_dagrun for spark_sgp4_streaming to None, run_after=None
[2026-01-28T13:15:28.288+0000] {processor.py:183} INFO - Processing /opt/airflow/dags/airflow_dag_spark_streaming.py took 0.088 seconds
[2026-01-28T13:15:58.420+0000] {processor.py:161} INFO - Started process (PID=4162) to work on /opt/airflow/dags/airflow_dag_spark_streaming.py
[2026-01-28T13:15:58.421+0000] {processor.py:830} INFO - Processing file /opt/airflow/dags/airflow_dag_spark_streaming.py for tasks to queue
[2026-01-28T13:15:58.424+0000] {logging_mixin.py:188} INFO - [2026-01-28T13:15:58.421+0000] {dagbag.py:538} INFO - Filling up the DagBag from /opt/airflow/dags/airflow_dag_spark_streaming.py
[2026-01-28T13:15:58.452+0000] {processor.py:840} INFO - DAG(s) 'spark_sgp4_streaming' retrieved from /opt/airflow/dags/airflow_dag_spark_streaming.py
[2026-01-28T13:15:58.515+0000] {logging_mixin.py:188} INFO - [2026-01-28T13:15:58.515+0000] {dag.py:3036} INFO - Sync 1 DAGs
[2026-01-28T13:15:58.536+0000] {logging_mixin.py:188} INFO - [2026-01-28T13:15:58.536+0000] {dag.py:3823} INFO - Setting next_dagrun for spark_sgp4_streaming to None, run_after=None
[2026-01-28T13:15:58.564+0000] {processor.py:183} INFO - Processing /opt/airflow/dags/airflow_dag_spark_streaming.py took 0.150 seconds
[2026-01-28T13:16:28.701+0000] {processor.py:161} INFO - Started process (PID=4172) to work on /opt/airflow/dags/airflow_dag_spark_streaming.py
[2026-01-28T13:16:28.704+0000] {processor.py:830} INFO - Processing file /opt/airflow/dags/airflow_dag_spark_streaming.py for tasks to queue
[2026-01-28T13:16:28.705+0000] {logging_mixin.py:188} INFO - [2026-01-28T13:16:28.705+0000] {dagbag.py:538} INFO - Filling up the DagBag from /opt/airflow/dags/airflow_dag_spark_streaming.py
[2026-01-28T13:16:28.718+0000] {processor.py:840} INFO - DAG(s) 'spark_sgp4_streaming' retrieved from /opt/airflow/dags/airflow_dag_spark_streaming.py
[2026-01-28T13:16:28.757+0000] {logging_mixin.py:188} INFO - [2026-01-28T13:16:28.757+0000] {dag.py:3036} INFO - Sync 1 DAGs
[2026-01-28T13:16:28.775+0000] {logging_mixin.py:188} INFO - [2026-01-28T13:16:28.775+0000] {dag.py:3823} INFO - Setting next_dagrun for spark_sgp4_streaming to None, run_after=None
[2026-01-28T13:16:28.796+0000] {processor.py:183} INFO - Processing /opt/airflow/dags/airflow_dag_spark_streaming.py took 0.099 seconds
[2026-01-28T13:16:58.921+0000] {processor.py:161} INFO - Started process (PID=4182) to work on /opt/airflow/dags/airflow_dag_spark_streaming.py
[2026-01-28T13:16:58.924+0000] {processor.py:830} INFO - Processing file /opt/airflow/dags/airflow_dag_spark_streaming.py for tasks to queue
[2026-01-28T13:16:58.925+0000] {logging_mixin.py:188} INFO - [2026-01-28T13:16:58.925+0000] {dagbag.py:538} INFO - Filling up the DagBag from /opt/airflow/dags/airflow_dag_spark_streaming.py
[2026-01-28T13:16:58.940+0000] {processor.py:840} INFO - DAG(s) 'spark_sgp4_streaming' retrieved from /opt/airflow/dags/airflow_dag_spark_streaming.py
[2026-01-28T13:16:58.978+0000] {logging_mixin.py:188} INFO - [2026-01-28T13:16:58.977+0000] {dag.py:3036} INFO - Sync 1 DAGs
[2026-01-28T13:16:58.996+0000] {logging_mixin.py:188} INFO - [2026-01-28T13:16:58.996+0000] {dag.py:3823} INFO - Setting next_dagrun for spark_sgp4_streaming to None, run_after=None
[2026-01-28T13:16:59.020+0000] {processor.py:183} INFO - Processing /opt/airflow/dags/airflow_dag_spark_streaming.py took 0.103 seconds
[2026-01-28T13:17:29.153+0000] {processor.py:161} INFO - Started process (PID=4192) to work on /opt/airflow/dags/airflow_dag_spark_streaming.py
[2026-01-28T13:17:29.154+0000] {processor.py:830} INFO - Processing file /opt/airflow/dags/airflow_dag_spark_streaming.py for tasks to queue
[2026-01-28T13:17:29.154+0000] {logging_mixin.py:188} INFO - [2026-01-28T13:17:29.154+0000] {dagbag.py:538} INFO - Filling up the DagBag from /opt/airflow/dags/airflow_dag_spark_streaming.py
[2026-01-28T13:17:29.168+0000] {processor.py:840} INFO - DAG(s) 'spark_sgp4_streaming' retrieved from /opt/airflow/dags/airflow_dag_spark_streaming.py
[2026-01-28T13:17:29.206+0000] {logging_mixin.py:188} INFO - [2026-01-28T13:17:29.206+0000] {dag.py:3036} INFO - Sync 1 DAGs
[2026-01-28T13:17:29.224+0000] {logging_mixin.py:188} INFO - [2026-01-28T13:17:29.224+0000] {dag.py:3823} INFO - Setting next_dagrun for spark_sgp4_streaming to None, run_after=None
[2026-01-28T13:17:29.248+0000] {processor.py:183} INFO - Processing /opt/airflow/dags/airflow_dag_spark_streaming.py took 0.099 seconds
[2026-01-28T13:17:59.374+0000] {processor.py:161} INFO - Started process (PID=4200) to work on /opt/airflow/dags/airflow_dag_spark_streaming.py
[2026-01-28T13:17:59.375+0000] {processor.py:830} INFO - Processing file /opt/airflow/dags/airflow_dag_spark_streaming.py for tasks to queue
[2026-01-28T13:17:59.376+0000] {logging_mixin.py:188} INFO - [2026-01-28T13:17:59.376+0000] {dagbag.py:538} INFO - Filling up the DagBag from /opt/airflow/dags/airflow_dag_spark_streaming.py
[2026-01-28T13:17:59.387+0000] {processor.py:840} INFO - DAG(s) 'spark_sgp4_streaming' retrieved from /opt/airflow/dags/airflow_dag_spark_streaming.py
[2026-01-28T13:17:59.427+0000] {logging_mixin.py:188} INFO - [2026-01-28T13:17:59.427+0000] {dag.py:3036} INFO - Sync 1 DAGs
[2026-01-28T13:17:59.446+0000] {logging_mixin.py:188} INFO - [2026-01-28T13:17:59.446+0000] {dag.py:3823} INFO - Setting next_dagrun for spark_sgp4_streaming to None, run_after=None
[2026-01-28T13:17:59.467+0000] {processor.py:183} INFO - Processing /opt/airflow/dags/airflow_dag_spark_streaming.py took 0.098 seconds
[2026-01-28T13:18:29.608+0000] {processor.py:161} INFO - Started process (PID=4207) to work on /opt/airflow/dags/airflow_dag_spark_streaming.py
[2026-01-28T13:18:29.609+0000] {processor.py:830} INFO - Processing file /opt/airflow/dags/airflow_dag_spark_streaming.py for tasks to queue
[2026-01-28T13:18:29.611+0000] {logging_mixin.py:188} INFO - [2026-01-28T13:18:29.610+0000] {dagbag.py:538} INFO - Filling up the DagBag from /opt/airflow/dags/airflow_dag_spark_streaming.py
[2026-01-28T13:18:29.624+0000] {processor.py:840} INFO - DAG(s) 'spark_sgp4_streaming' retrieved from /opt/airflow/dags/airflow_dag_spark_streaming.py
[2026-01-28T13:18:29.663+0000] {logging_mixin.py:188} INFO - [2026-01-28T13:18:29.663+0000] {dag.py:3036} INFO - Sync 1 DAGs
[2026-01-28T13:18:29.682+0000] {logging_mixin.py:188} INFO - [2026-01-28T13:18:29.682+0000] {dag.py:3823} INFO - Setting next_dagrun for spark_sgp4_streaming to None, run_after=None
[2026-01-28T13:18:29.706+0000] {processor.py:183} INFO - Processing /opt/airflow/dags/airflow_dag_spark_streaming.py took 0.103 seconds
[2026-01-28T13:18:59.862+0000] {processor.py:161} INFO - Started process (PID=4217) to work on /opt/airflow/dags/airflow_dag_spark_streaming.py
[2026-01-28T13:18:59.863+0000] {processor.py:830} INFO - Processing file /opt/airflow/dags/airflow_dag_spark_streaming.py for tasks to queue
[2026-01-28T13:18:59.864+0000] {logging_mixin.py:188} INFO - [2026-01-28T13:18:59.864+0000] {dagbag.py:538} INFO - Filling up the DagBag from /opt/airflow/dags/airflow_dag_spark_streaming.py
[2026-01-28T13:18:59.883+0000] {processor.py:840} INFO - DAG(s) 'spark_sgp4_streaming' retrieved from /opt/airflow/dags/airflow_dag_spark_streaming.py
[2026-01-28T13:18:59.919+0000] {logging_mixin.py:188} INFO - [2026-01-28T13:18:59.918+0000] {dag.py:3036} INFO - Sync 1 DAGs
[2026-01-28T13:18:59.938+0000] {logging_mixin.py:188} INFO - [2026-01-28T13:18:59.938+0000] {dag.py:3823} INFO - Setting next_dagrun for spark_sgp4_streaming to None, run_after=None
[2026-01-28T13:18:59.962+0000] {processor.py:183} INFO - Processing /opt/airflow/dags/airflow_dag_spark_streaming.py took 0.105 seconds
[2026-01-28T13:19:30.108+0000] {processor.py:161} INFO - Started process (PID=4227) to work on /opt/airflow/dags/airflow_dag_spark_streaming.py
[2026-01-28T13:19:30.111+0000] {processor.py:830} INFO - Processing file /opt/airflow/dags/airflow_dag_spark_streaming.py for tasks to queue
[2026-01-28T13:19:30.114+0000] {logging_mixin.py:188} INFO - [2026-01-28T13:19:30.112+0000] {dagbag.py:538} INFO - Filling up the DagBag from /opt/airflow/dags/airflow_dag_spark_streaming.py
[2026-01-28T13:19:30.140+0000] {processor.py:840} INFO - DAG(s) 'spark_sgp4_streaming' retrieved from /opt/airflow/dags/airflow_dag_spark_streaming.py
[2026-01-28T13:19:30.185+0000] {logging_mixin.py:188} INFO - [2026-01-28T13:19:30.185+0000] {dag.py:3036} INFO - Sync 1 DAGs
[2026-01-28T13:19:30.209+0000] {logging_mixin.py:188} INFO - [2026-01-28T13:19:30.209+0000] {dag.py:3823} INFO - Setting next_dagrun for spark_sgp4_streaming to None, run_after=None
[2026-01-28T13:19:30.232+0000] {processor.py:183} INFO - Processing /opt/airflow/dags/airflow_dag_spark_streaming.py took 0.134 seconds
[2026-01-28T13:20:00.381+0000] {processor.py:161} INFO - Started process (PID=4237) to work on /opt/airflow/dags/airflow_dag_spark_streaming.py
[2026-01-28T13:20:00.385+0000] {processor.py:830} INFO - Processing file /opt/airflow/dags/airflow_dag_spark_streaming.py for tasks to queue
[2026-01-28T13:20:00.386+0000] {logging_mixin.py:188} INFO - [2026-01-28T13:20:00.385+0000] {dagbag.py:538} INFO - Filling up the DagBag from /opt/airflow/dags/airflow_dag_spark_streaming.py
[2026-01-28T13:20:00.407+0000] {processor.py:840} INFO - DAG(s) 'spark_sgp4_streaming' retrieved from /opt/airflow/dags/airflow_dag_spark_streaming.py
[2026-01-28T13:20:00.451+0000] {logging_mixin.py:188} INFO - [2026-01-28T13:20:00.451+0000] {dag.py:3036} INFO - Sync 1 DAGs
[2026-01-28T13:20:00.471+0000] {logging_mixin.py:188} INFO - [2026-01-28T13:20:00.471+0000] {dag.py:3823} INFO - Setting next_dagrun for spark_sgp4_streaming to None, run_after=None
[2026-01-28T13:20:00.494+0000] {processor.py:183} INFO - Processing /opt/airflow/dags/airflow_dag_spark_streaming.py took 0.117 seconds
[2026-01-28T13:20:30.636+0000] {processor.py:161} INFO - Started process (PID=4247) to work on /opt/airflow/dags/airflow_dag_spark_streaming.py
[2026-01-28T13:20:30.638+0000] {processor.py:830} INFO - Processing file /opt/airflow/dags/airflow_dag_spark_streaming.py for tasks to queue
[2026-01-28T13:20:30.639+0000] {logging_mixin.py:188} INFO - [2026-01-28T13:20:30.639+0000] {dagbag.py:538} INFO - Filling up the DagBag from /opt/airflow/dags/airflow_dag_spark_streaming.py
[2026-01-28T13:20:30.653+0000] {processor.py:840} INFO - DAG(s) 'spark_sgp4_streaming' retrieved from /opt/airflow/dags/airflow_dag_spark_streaming.py
[2026-01-28T13:20:30.690+0000] {logging_mixin.py:188} INFO - [2026-01-28T13:20:30.689+0000] {dag.py:3036} INFO - Sync 1 DAGs
[2026-01-28T13:20:30.706+0000] {logging_mixin.py:188} INFO - [2026-01-28T13:20:30.706+0000] {dag.py:3823} INFO - Setting next_dagrun for spark_sgp4_streaming to None, run_after=None
[2026-01-28T13:20:30.725+0000] {processor.py:183} INFO - Processing /opt/airflow/dags/airflow_dag_spark_streaming.py took 0.094 seconds
[2026-01-28T13:21:00.869+0000] {processor.py:161} INFO - Started process (PID=4257) to work on /opt/airflow/dags/airflow_dag_spark_streaming.py
[2026-01-28T13:21:00.872+0000] {processor.py:830} INFO - Processing file /opt/airflow/dags/airflow_dag_spark_streaming.py for tasks to queue
[2026-01-28T13:21:00.874+0000] {logging_mixin.py:188} INFO - [2026-01-28T13:21:00.873+0000] {dagbag.py:538} INFO - Filling up the DagBag from /opt/airflow/dags/airflow_dag_spark_streaming.py
[2026-01-28T13:21:00.902+0000] {processor.py:840} INFO - DAG(s) 'spark_sgp4_streaming' retrieved from /opt/airflow/dags/airflow_dag_spark_streaming.py
[2026-01-28T13:21:00.953+0000] {logging_mixin.py:188} INFO - [2026-01-28T13:21:00.953+0000] {dag.py:3036} INFO - Sync 1 DAGs
[2026-01-28T13:21:00.977+0000] {logging_mixin.py:188} INFO - [2026-01-28T13:21:00.977+0000] {dag.py:3823} INFO - Setting next_dagrun for spark_sgp4_streaming to None, run_after=None
[2026-01-28T13:21:00.999+0000] {processor.py:183} INFO - Processing /opt/airflow/dags/airflow_dag_spark_streaming.py took 0.139 seconds
[2026-01-28T13:21:31.153+0000] {processor.py:161} INFO - Started process (PID=4267) to work on /opt/airflow/dags/airflow_dag_spark_streaming.py
[2026-01-28T13:21:31.155+0000] {processor.py:830} INFO - Processing file /opt/airflow/dags/airflow_dag_spark_streaming.py for tasks to queue
[2026-01-28T13:21:31.156+0000] {logging_mixin.py:188} INFO - [2026-01-28T13:21:31.156+0000] {dagbag.py:538} INFO - Filling up the DagBag from /opt/airflow/dags/airflow_dag_spark_streaming.py
[2026-01-28T13:21:31.172+0000] {processor.py:840} INFO - DAG(s) 'spark_sgp4_streaming' retrieved from /opt/airflow/dags/airflow_dag_spark_streaming.py
[2026-01-28T13:21:31.212+0000] {logging_mixin.py:188} INFO - [2026-01-28T13:21:31.212+0000] {dag.py:3036} INFO - Sync 1 DAGs
[2026-01-28T13:21:31.232+0000] {logging_mixin.py:188} INFO - [2026-01-28T13:21:31.232+0000] {dag.py:3823} INFO - Setting next_dagrun for spark_sgp4_streaming to None, run_after=None
[2026-01-28T13:21:31.255+0000] {processor.py:183} INFO - Processing /opt/airflow/dags/airflow_dag_spark_streaming.py took 0.107 seconds
[2026-01-28T13:22:01.401+0000] {processor.py:161} INFO - Started process (PID=4277) to work on /opt/airflow/dags/airflow_dag_spark_streaming.py
[2026-01-28T13:22:01.402+0000] {processor.py:830} INFO - Processing file /opt/airflow/dags/airflow_dag_spark_streaming.py for tasks to queue
[2026-01-28T13:22:01.403+0000] {logging_mixin.py:188} INFO - [2026-01-28T13:22:01.403+0000] {dagbag.py:538} INFO - Filling up the DagBag from /opt/airflow/dags/airflow_dag_spark_streaming.py
[2026-01-28T13:22:01.419+0000] {processor.py:840} INFO - DAG(s) 'spark_sgp4_streaming' retrieved from /opt/airflow/dags/airflow_dag_spark_streaming.py
[2026-01-28T13:22:01.458+0000] {logging_mixin.py:188} INFO - [2026-01-28T13:22:01.458+0000] {dag.py:3036} INFO - Sync 1 DAGs
[2026-01-28T13:22:01.476+0000] {logging_mixin.py:188} INFO - [2026-01-28T13:22:01.475+0000] {dag.py:3823} INFO - Setting next_dagrun for spark_sgp4_streaming to None, run_after=None
[2026-01-28T13:22:01.499+0000] {processor.py:183} INFO - Processing /opt/airflow/dags/airflow_dag_spark_streaming.py took 0.106 seconds
[2026-01-28T13:22:31.637+0000] {processor.py:161} INFO - Started process (PID=4287) to work on /opt/airflow/dags/airflow_dag_spark_streaming.py
[2026-01-28T13:22:31.638+0000] {processor.py:830} INFO - Processing file /opt/airflow/dags/airflow_dag_spark_streaming.py for tasks to queue
[2026-01-28T13:22:31.639+0000] {logging_mixin.py:188} INFO - [2026-01-28T13:22:31.638+0000] {dagbag.py:538} INFO - Filling up the DagBag from /opt/airflow/dags/airflow_dag_spark_streaming.py
[2026-01-28T13:22:31.653+0000] {processor.py:840} INFO - DAG(s) 'spark_sgp4_streaming' retrieved from /opt/airflow/dags/airflow_dag_spark_streaming.py
[2026-01-28T13:22:31.690+0000] {logging_mixin.py:188} INFO - [2026-01-28T13:22:31.690+0000] {dag.py:3036} INFO - Sync 1 DAGs
[2026-01-28T13:22:31.706+0000] {logging_mixin.py:188} INFO - [2026-01-28T13:22:31.706+0000] {dag.py:3823} INFO - Setting next_dagrun for spark_sgp4_streaming to None, run_after=None
[2026-01-28T13:22:31.727+0000] {processor.py:183} INFO - Processing /opt/airflow/dags/airflow_dag_spark_streaming.py took 0.094 seconds
[2026-01-28T13:23:01.864+0000] {processor.py:161} INFO - Started process (PID=4297) to work on /opt/airflow/dags/airflow_dag_spark_streaming.py
[2026-01-28T13:23:01.867+0000] {processor.py:830} INFO - Processing file /opt/airflow/dags/airflow_dag_spark_streaming.py for tasks to queue
[2026-01-28T13:23:01.868+0000] {logging_mixin.py:188} INFO - [2026-01-28T13:23:01.868+0000] {dagbag.py:538} INFO - Filling up the DagBag from /opt/airflow/dags/airflow_dag_spark_streaming.py
[2026-01-28T13:23:01.884+0000] {processor.py:840} INFO - DAG(s) 'spark_sgp4_streaming' retrieved from /opt/airflow/dags/airflow_dag_spark_streaming.py
[2026-01-28T13:23:01.917+0000] {logging_mixin.py:188} INFO - [2026-01-28T13:23:01.916+0000] {dag.py:3036} INFO - Sync 1 DAGs
[2026-01-28T13:23:01.932+0000] {logging_mixin.py:188} INFO - [2026-01-28T13:23:01.932+0000] {dag.py:3823} INFO - Setting next_dagrun for spark_sgp4_streaming to None, run_after=None
[2026-01-28T13:23:01.950+0000] {processor.py:183} INFO - Processing /opt/airflow/dags/airflow_dag_spark_streaming.py took 0.090 seconds
[2026-01-28T13:23:32.089+0000] {processor.py:161} INFO - Started process (PID=4307) to work on /opt/airflow/dags/airflow_dag_spark_streaming.py
[2026-01-28T13:23:32.092+0000] {processor.py:830} INFO - Processing file /opt/airflow/dags/airflow_dag_spark_streaming.py for tasks to queue
[2026-01-28T13:23:32.093+0000] {logging_mixin.py:188} INFO - [2026-01-28T13:23:32.092+0000] {dagbag.py:538} INFO - Filling up the DagBag from /opt/airflow/dags/airflow_dag_spark_streaming.py
[2026-01-28T13:23:32.117+0000] {processor.py:840} INFO - DAG(s) 'spark_sgp4_streaming' retrieved from /opt/airflow/dags/airflow_dag_spark_streaming.py
[2026-01-28T13:23:32.166+0000] {logging_mixin.py:188} INFO - [2026-01-28T13:23:32.166+0000] {dag.py:3036} INFO - Sync 1 DAGs
[2026-01-28T13:23:32.186+0000] {logging_mixin.py:188} INFO - [2026-01-28T13:23:32.185+0000] {dag.py:3823} INFO - Setting next_dagrun for spark_sgp4_streaming to None, run_after=None
[2026-01-28T13:23:32.210+0000] {processor.py:183} INFO - Processing /opt/airflow/dags/airflow_dag_spark_streaming.py took 0.125 seconds
[2026-01-28T13:24:02.373+0000] {processor.py:161} INFO - Started process (PID=4317) to work on /opt/airflow/dags/airflow_dag_spark_streaming.py
[2026-01-28T13:24:02.375+0000] {processor.py:830} INFO - Processing file /opt/airflow/dags/airflow_dag_spark_streaming.py for tasks to queue
[2026-01-28T13:24:02.376+0000] {logging_mixin.py:188} INFO - [2026-01-28T13:24:02.376+0000] {dagbag.py:538} INFO - Filling up the DagBag from /opt/airflow/dags/airflow_dag_spark_streaming.py
[2026-01-28T13:24:02.390+0000] {processor.py:840} INFO - DAG(s) 'spark_sgp4_streaming' retrieved from /opt/airflow/dags/airflow_dag_spark_streaming.py
[2026-01-28T13:24:02.425+0000] {logging_mixin.py:188} INFO - [2026-01-28T13:24:02.425+0000] {dag.py:3036} INFO - Sync 1 DAGs
[2026-01-28T13:24:02.445+0000] {logging_mixin.py:188} INFO - [2026-01-28T13:24:02.445+0000] {dag.py:3823} INFO - Setting next_dagrun for spark_sgp4_streaming to None, run_after=None
[2026-01-28T13:24:02.464+0000] {processor.py:183} INFO - Processing /opt/airflow/dags/airflow_dag_spark_streaming.py took 0.096 seconds
[2026-01-28T13:24:32.599+0000] {processor.py:161} INFO - Started process (PID=4327) to work on /opt/airflow/dags/airflow_dag_spark_streaming.py
[2026-01-28T13:24:32.601+0000] {processor.py:830} INFO - Processing file /opt/airflow/dags/airflow_dag_spark_streaming.py for tasks to queue
[2026-01-28T13:24:32.604+0000] {logging_mixin.py:188} INFO - [2026-01-28T13:24:32.602+0000] {dagbag.py:538} INFO - Filling up the DagBag from /opt/airflow/dags/airflow_dag_spark_streaming.py
[2026-01-28T13:24:32.640+0000] {processor.py:840} INFO - DAG(s) 'spark_sgp4_streaming' retrieved from /opt/airflow/dags/airflow_dag_spark_streaming.py
[2026-01-28T13:24:32.705+0000] {logging_mixin.py:188} INFO - [2026-01-28T13:24:32.705+0000] {dag.py:3036} INFO - Sync 1 DAGs
[2026-01-28T13:24:32.731+0000] {logging_mixin.py:188} INFO - [2026-01-28T13:24:32.731+0000] {dag.py:3823} INFO - Setting next_dagrun for spark_sgp4_streaming to None, run_after=None
[2026-01-28T13:24:32.756+0000] {processor.py:183} INFO - Processing /opt/airflow/dags/airflow_dag_spark_streaming.py took 0.168 seconds
[2026-01-28T13:25:02.881+0000] {processor.py:161} INFO - Started process (PID=4337) to work on /opt/airflow/dags/airflow_dag_spark_streaming.py
[2026-01-28T13:25:02.882+0000] {processor.py:830} INFO - Processing file /opt/airflow/dags/airflow_dag_spark_streaming.py for tasks to queue
[2026-01-28T13:25:02.885+0000] {logging_mixin.py:188} INFO - [2026-01-28T13:25:02.883+0000] {dagbag.py:538} INFO - Filling up the DagBag from /opt/airflow/dags/airflow_dag_spark_streaming.py
[2026-01-28T13:25:02.925+0000] {processor.py:840} INFO - DAG(s) 'spark_sgp4_streaming' retrieved from /opt/airflow/dags/airflow_dag_spark_streaming.py
[2026-01-28T13:25:02.995+0000] {logging_mixin.py:188} INFO - [2026-01-28T13:25:02.994+0000] {dag.py:3036} INFO - Sync 1 DAGs
[2026-01-28T13:25:03.022+0000] {logging_mixin.py:188} INFO - [2026-01-28T13:25:03.022+0000] {dag.py:3823} INFO - Setting next_dagrun for spark_sgp4_streaming to None, run_after=None
[2026-01-28T13:25:03.045+0000] {processor.py:183} INFO - Processing /opt/airflow/dags/airflow_dag_spark_streaming.py took 0.173 seconds
[2026-01-28T13:25:33.192+0000] {processor.py:161} INFO - Started process (PID=4347) to work on /opt/airflow/dags/airflow_dag_spark_streaming.py
[2026-01-28T13:25:33.195+0000] {processor.py:830} INFO - Processing file /opt/airflow/dags/airflow_dag_spark_streaming.py for tasks to queue
[2026-01-28T13:25:33.197+0000] {logging_mixin.py:188} INFO - [2026-01-28T13:25:33.196+0000] {dagbag.py:538} INFO - Filling up the DagBag from /opt/airflow/dags/airflow_dag_spark_streaming.py
[2026-01-28T13:25:33.234+0000] {processor.py:840} INFO - DAG(s) 'spark_sgp4_streaming' retrieved from /opt/airflow/dags/airflow_dag_spark_streaming.py
[2026-01-28T13:25:33.298+0000] {logging_mixin.py:188} INFO - [2026-01-28T13:25:33.298+0000] {dag.py:3036} INFO - Sync 1 DAGs
[2026-01-28T13:25:33.322+0000] {logging_mixin.py:188} INFO - [2026-01-28T13:25:33.321+0000] {dag.py:3823} INFO - Setting next_dagrun for spark_sgp4_streaming to None, run_after=None
[2026-01-28T13:25:33.351+0000] {processor.py:183} INFO - Processing /opt/airflow/dags/airflow_dag_spark_streaming.py took 0.170 seconds
[2026-01-28T13:26:03.500+0000] {processor.py:161} INFO - Started process (PID=4357) to work on /opt/airflow/dags/airflow_dag_spark_streaming.py
[2026-01-28T13:26:03.501+0000] {processor.py:830} INFO - Processing file /opt/airflow/dags/airflow_dag_spark_streaming.py for tasks to queue
[2026-01-28T13:26:03.502+0000] {logging_mixin.py:188} INFO - [2026-01-28T13:26:03.502+0000] {dagbag.py:538} INFO - Filling up the DagBag from /opt/airflow/dags/airflow_dag_spark_streaming.py
[2026-01-28T13:26:03.525+0000] {processor.py:840} INFO - DAG(s) 'spark_sgp4_streaming' retrieved from /opt/airflow/dags/airflow_dag_spark_streaming.py
[2026-01-28T13:26:03.572+0000] {logging_mixin.py:188} INFO - [2026-01-28T13:26:03.572+0000] {dag.py:3036} INFO - Sync 1 DAGs
[2026-01-28T13:26:03.590+0000] {logging_mixin.py:188} INFO - [2026-01-28T13:26:03.589+0000] {dag.py:3823} INFO - Setting next_dagrun for spark_sgp4_streaming to None, run_after=None
[2026-01-28T13:26:03.607+0000] {processor.py:183} INFO - Processing /opt/airflow/dags/airflow_dag_spark_streaming.py took 0.116 seconds
[2026-01-28T13:26:33.747+0000] {processor.py:161} INFO - Started process (PID=4367) to work on /opt/airflow/dags/airflow_dag_spark_streaming.py
[2026-01-28T13:26:33.749+0000] {processor.py:830} INFO - Processing file /opt/airflow/dags/airflow_dag_spark_streaming.py for tasks to queue
[2026-01-28T13:26:33.750+0000] {logging_mixin.py:188} INFO - [2026-01-28T13:26:33.750+0000] {dagbag.py:538} INFO - Filling up the DagBag from /opt/airflow/dags/airflow_dag_spark_streaming.py
[2026-01-28T13:26:33.764+0000] {processor.py:840} INFO - DAG(s) 'spark_sgp4_streaming' retrieved from /opt/airflow/dags/airflow_dag_spark_streaming.py
[2026-01-28T13:26:33.803+0000] {logging_mixin.py:188} INFO - [2026-01-28T13:26:33.803+0000] {dag.py:3036} INFO - Sync 1 DAGs
[2026-01-28T13:26:33.823+0000] {logging_mixin.py:188} INFO - [2026-01-28T13:26:33.822+0000] {dag.py:3823} INFO - Setting next_dagrun for spark_sgp4_streaming to None, run_after=None
[2026-01-28T13:26:33.844+0000] {processor.py:183} INFO - Processing /opt/airflow/dags/airflow_dag_spark_streaming.py took 0.101 seconds
[2026-01-28T13:27:03.984+0000] {processor.py:161} INFO - Started process (PID=4377) to work on /opt/airflow/dags/airflow_dag_spark_streaming.py
[2026-01-28T13:27:03.986+0000] {processor.py:830} INFO - Processing file /opt/airflow/dags/airflow_dag_spark_streaming.py for tasks to queue
[2026-01-28T13:27:03.989+0000] {logging_mixin.py:188} INFO - [2026-01-28T13:27:03.987+0000] {dagbag.py:538} INFO - Filling up the DagBag from /opt/airflow/dags/airflow_dag_spark_streaming.py
[2026-01-28T13:27:04.026+0000] {processor.py:840} INFO - DAG(s) 'spark_sgp4_streaming' retrieved from /opt/airflow/dags/airflow_dag_spark_streaming.py
[2026-01-28T13:27:04.085+0000] {logging_mixin.py:188} INFO - [2026-01-28T13:27:04.085+0000] {dag.py:3036} INFO - Sync 1 DAGs
[2026-01-28T13:27:04.112+0000] {logging_mixin.py:188} INFO - [2026-01-28T13:27:04.112+0000] {dag.py:3823} INFO - Setting next_dagrun for spark_sgp4_streaming to None, run_after=None
[2026-01-28T13:27:04.141+0000] {processor.py:183} INFO - Processing /opt/airflow/dags/airflow_dag_spark_streaming.py took 0.168 seconds
[2026-01-28T13:27:34.295+0000] {processor.py:161} INFO - Started process (PID=4387) to work on /opt/airflow/dags/airflow_dag_spark_streaming.py
[2026-01-28T13:27:34.299+0000] {processor.py:830} INFO - Processing file /opt/airflow/dags/airflow_dag_spark_streaming.py for tasks to queue
[2026-01-28T13:27:34.301+0000] {logging_mixin.py:188} INFO - [2026-01-28T13:27:34.300+0000] {dagbag.py:538} INFO - Filling up the DagBag from /opt/airflow/dags/airflow_dag_spark_streaming.py
[2026-01-28T13:27:34.341+0000] {processor.py:840} INFO - DAG(s) 'spark_sgp4_streaming' retrieved from /opt/airflow/dags/airflow_dag_spark_streaming.py
[2026-01-28T13:27:34.390+0000] {logging_mixin.py:188} INFO - [2026-01-28T13:27:34.390+0000] {dag.py:3036} INFO - Sync 1 DAGs
[2026-01-28T13:27:34.408+0000] {logging_mixin.py:188} INFO - [2026-01-28T13:27:34.407+0000] {dag.py:3823} INFO - Setting next_dagrun for spark_sgp4_streaming to None, run_after=None
[2026-01-28T13:27:34.430+0000] {processor.py:183} INFO - Processing /opt/airflow/dags/airflow_dag_spark_streaming.py took 0.145 seconds
[2026-01-28T13:28:04.579+0000] {processor.py:161} INFO - Started process (PID=4397) to work on /opt/airflow/dags/airflow_dag_spark_streaming.py
[2026-01-28T13:28:04.581+0000] {processor.py:830} INFO - Processing file /opt/airflow/dags/airflow_dag_spark_streaming.py for tasks to queue
[2026-01-28T13:28:04.583+0000] {logging_mixin.py:188} INFO - [2026-01-28T13:28:04.582+0000] {dagbag.py:538} INFO - Filling up the DagBag from /opt/airflow/dags/airflow_dag_spark_streaming.py
[2026-01-28T13:28:04.598+0000] {processor.py:840} INFO - DAG(s) 'spark_sgp4_streaming' retrieved from /opt/airflow/dags/airflow_dag_spark_streaming.py
[2026-01-28T13:28:04.634+0000] {logging_mixin.py:188} INFO - [2026-01-28T13:28:04.634+0000] {dag.py:3036} INFO - Sync 1 DAGs
[2026-01-28T13:28:04.651+0000] {logging_mixin.py:188} INFO - [2026-01-28T13:28:04.650+0000] {dag.py:3823} INFO - Setting next_dagrun for spark_sgp4_streaming to None, run_after=None
[2026-01-28T13:28:04.671+0000] {processor.py:183} INFO - Processing /opt/airflow/dags/airflow_dag_spark_streaming.py took 0.097 seconds
[2026-01-28T13:28:34.796+0000] {processor.py:161} INFO - Started process (PID=4407) to work on /opt/airflow/dags/airflow_dag_spark_streaming.py
[2026-01-28T13:28:34.798+0000] {processor.py:830} INFO - Processing file /opt/airflow/dags/airflow_dag_spark_streaming.py for tasks to queue
[2026-01-28T13:28:34.799+0000] {logging_mixin.py:188} INFO - [2026-01-28T13:28:34.799+0000] {dagbag.py:538} INFO - Filling up the DagBag from /opt/airflow/dags/airflow_dag_spark_streaming.py
[2026-01-28T13:28:34.812+0000] {processor.py:840} INFO - DAG(s) 'spark_sgp4_streaming' retrieved from /opt/airflow/dags/airflow_dag_spark_streaming.py
[2026-01-28T13:28:34.864+0000] {logging_mixin.py:188} INFO - [2026-01-28T13:28:34.863+0000] {dag.py:3036} INFO - Sync 1 DAGs
[2026-01-28T13:28:34.887+0000] {logging_mixin.py:188} INFO - [2026-01-28T13:28:34.887+0000] {dag.py:3823} INFO - Setting next_dagrun for spark_sgp4_streaming to None, run_after=None
[2026-01-28T13:28:34.913+0000] {processor.py:183} INFO - Processing /opt/airflow/dags/airflow_dag_spark_streaming.py took 0.121 seconds
[2026-01-28T13:29:05.046+0000] {processor.py:161} INFO - Started process (PID=4419) to work on /opt/airflow/dags/airflow_dag_spark_streaming.py
[2026-01-28T13:29:05.048+0000] {processor.py:830} INFO - Processing file /opt/airflow/dags/airflow_dag_spark_streaming.py for tasks to queue
[2026-01-28T13:29:05.049+0000] {logging_mixin.py:188} INFO - [2026-01-28T13:29:05.049+0000] {dagbag.py:538} INFO - Filling up the DagBag from /opt/airflow/dags/airflow_dag_spark_streaming.py
[2026-01-28T13:29:05.073+0000] {processor.py:840} INFO - DAG(s) 'spark_sgp4_streaming' retrieved from /opt/airflow/dags/airflow_dag_spark_streaming.py
[2026-01-28T13:29:05.131+0000] {logging_mixin.py:188} INFO - [2026-01-28T13:29:05.131+0000] {dag.py:3036} INFO - Sync 1 DAGs
[2026-01-28T13:29:05.153+0000] {logging_mixin.py:188} INFO - [2026-01-28T13:29:05.153+0000] {dag.py:3823} INFO - Setting next_dagrun for spark_sgp4_streaming to None, run_after=None
[2026-01-28T13:29:05.180+0000] {processor.py:183} INFO - Processing /opt/airflow/dags/airflow_dag_spark_streaming.py took 0.140 seconds
[2026-01-28T13:29:35.324+0000] {processor.py:161} INFO - Started process (PID=4429) to work on /opt/airflow/dags/airflow_dag_spark_streaming.py
[2026-01-28T13:29:35.325+0000] {processor.py:830} INFO - Processing file /opt/airflow/dags/airflow_dag_spark_streaming.py for tasks to queue
[2026-01-28T13:29:35.328+0000] {logging_mixin.py:188} INFO - [2026-01-28T13:29:35.326+0000] {dagbag.py:538} INFO - Filling up the DagBag from /opt/airflow/dags/airflow_dag_spark_streaming.py
[2026-01-28T13:29:35.353+0000] {processor.py:840} INFO - DAG(s) 'spark_sgp4_streaming' retrieved from /opt/airflow/dags/airflow_dag_spark_streaming.py
[2026-01-28T13:29:35.397+0000] {logging_mixin.py:188} INFO - [2026-01-28T13:29:35.397+0000] {dag.py:3036} INFO - Sync 1 DAGs
[2026-01-28T13:29:35.416+0000] {logging_mixin.py:188} INFO - [2026-01-28T13:29:35.415+0000] {dag.py:3823} INFO - Setting next_dagrun for spark_sgp4_streaming to None, run_after=None
[2026-01-28T13:29:35.438+0000] {processor.py:183} INFO - Processing /opt/airflow/dags/airflow_dag_spark_streaming.py took 0.123 seconds
[2026-01-28T13:30:05.570+0000] {processor.py:161} INFO - Started process (PID=4439) to work on /opt/airflow/dags/airflow_dag_spark_streaming.py
[2026-01-28T13:30:05.571+0000] {processor.py:830} INFO - Processing file /opt/airflow/dags/airflow_dag_spark_streaming.py for tasks to queue
[2026-01-28T13:30:05.572+0000] {logging_mixin.py:188} INFO - [2026-01-28T13:30:05.572+0000] {dagbag.py:538} INFO - Filling up the DagBag from /opt/airflow/dags/airflow_dag_spark_streaming.py
[2026-01-28T13:30:05.601+0000] {processor.py:840} INFO - DAG(s) 'spark_sgp4_streaming' retrieved from /opt/airflow/dags/airflow_dag_spark_streaming.py
[2026-01-28T13:30:05.654+0000] {logging_mixin.py:188} INFO - [2026-01-28T13:30:05.654+0000] {dag.py:3036} INFO - Sync 1 DAGs
[2026-01-28T13:30:05.676+0000] {logging_mixin.py:188} INFO - [2026-01-28T13:30:05.675+0000] {dag.py:3823} INFO - Setting next_dagrun for spark_sgp4_streaming to None, run_after=None
[2026-01-28T13:30:05.698+0000] {processor.py:183} INFO - Processing /opt/airflow/dags/airflow_dag_spark_streaming.py took 0.134 seconds
[2026-01-28T13:30:35.826+0000] {processor.py:161} INFO - Started process (PID=4449) to work on /opt/airflow/dags/airflow_dag_spark_streaming.py
[2026-01-28T13:30:35.827+0000] {processor.py:830} INFO - Processing file /opt/airflow/dags/airflow_dag_spark_streaming.py for tasks to queue
[2026-01-28T13:30:35.828+0000] {logging_mixin.py:188} INFO - [2026-01-28T13:30:35.828+0000] {dagbag.py:538} INFO - Filling up the DagBag from /opt/airflow/dags/airflow_dag_spark_streaming.py
[2026-01-28T13:30:35.840+0000] {processor.py:840} INFO - DAG(s) 'spark_sgp4_streaming' retrieved from /opt/airflow/dags/airflow_dag_spark_streaming.py
[2026-01-28T13:30:35.874+0000] {logging_mixin.py:188} INFO - [2026-01-28T13:30:35.874+0000] {dag.py:3036} INFO - Sync 1 DAGs
[2026-01-28T13:30:35.889+0000] {logging_mixin.py:188} INFO - [2026-01-28T13:30:35.889+0000] {dag.py:3823} INFO - Setting next_dagrun for spark_sgp4_streaming to None, run_after=None
[2026-01-28T13:30:35.905+0000] {processor.py:183} INFO - Processing /opt/airflow/dags/airflow_dag_spark_streaming.py took 0.082 seconds
[2026-01-28T13:31:06.047+0000] {processor.py:161} INFO - Started process (PID=4459) to work on /opt/airflow/dags/airflow_dag_spark_streaming.py
[2026-01-28T13:31:06.049+0000] {processor.py:830} INFO - Processing file /opt/airflow/dags/airflow_dag_spark_streaming.py for tasks to queue
[2026-01-28T13:31:06.051+0000] {logging_mixin.py:188} INFO - [2026-01-28T13:31:06.050+0000] {dagbag.py:538} INFO - Filling up the DagBag from /opt/airflow/dags/airflow_dag_spark_streaming.py
[2026-01-28T13:31:06.099+0000] {processor.py:840} INFO - DAG(s) 'spark_sgp4_streaming' retrieved from /opt/airflow/dags/airflow_dag_spark_streaming.py
[2026-01-28T13:31:06.170+0000] {logging_mixin.py:188} INFO - [2026-01-28T13:31:06.169+0000] {dag.py:3036} INFO - Sync 1 DAGs
[2026-01-28T13:31:06.197+0000] {logging_mixin.py:188} INFO - [2026-01-28T13:31:06.197+0000] {dag.py:3823} INFO - Setting next_dagrun for spark_sgp4_streaming to None, run_after=None
[2026-01-28T13:31:06.222+0000] {processor.py:183} INFO - Processing /opt/airflow/dags/airflow_dag_spark_streaming.py took 0.185 seconds
[2026-01-28T13:31:36.355+0000] {processor.py:161} INFO - Started process (PID=4469) to work on /opt/airflow/dags/airflow_dag_spark_streaming.py
[2026-01-28T13:31:36.356+0000] {processor.py:830} INFO - Processing file /opt/airflow/dags/airflow_dag_spark_streaming.py for tasks to queue
[2026-01-28T13:31:36.358+0000] {logging_mixin.py:188} INFO - [2026-01-28T13:31:36.356+0000] {dagbag.py:538} INFO - Filling up the DagBag from /opt/airflow/dags/airflow_dag_spark_streaming.py
[2026-01-28T13:31:36.376+0000] {processor.py:840} INFO - DAG(s) 'spark_sgp4_streaming' retrieved from /opt/airflow/dags/airflow_dag_spark_streaming.py
[2026-01-28T13:31:36.417+0000] {logging_mixin.py:188} INFO - [2026-01-28T13:31:36.416+0000] {dag.py:3036} INFO - Sync 1 DAGs
[2026-01-28T13:31:36.433+0000] {logging_mixin.py:188} INFO - [2026-01-28T13:31:36.432+0000] {dag.py:3823} INFO - Setting next_dagrun for spark_sgp4_streaming to None, run_after=None
[2026-01-28T13:31:36.455+0000] {processor.py:183} INFO - Processing /opt/airflow/dags/airflow_dag_spark_streaming.py took 0.107 seconds
[2026-01-28T13:32:06.597+0000] {processor.py:161} INFO - Started process (PID=4479) to work on /opt/airflow/dags/airflow_dag_spark_streaming.py
[2026-01-28T13:32:06.598+0000] {processor.py:830} INFO - Processing file /opt/airflow/dags/airflow_dag_spark_streaming.py for tasks to queue
[2026-01-28T13:32:06.600+0000] {logging_mixin.py:188} INFO - [2026-01-28T13:32:06.599+0000] {dagbag.py:538} INFO - Filling up the DagBag from /opt/airflow/dags/airflow_dag_spark_streaming.py
[2026-01-28T13:32:06.620+0000] {processor.py:840} INFO - DAG(s) 'spark_sgp4_streaming' retrieved from /opt/airflow/dags/airflow_dag_spark_streaming.py
[2026-01-28T13:32:06.676+0000] {logging_mixin.py:188} INFO - [2026-01-28T13:32:06.675+0000] {dag.py:3036} INFO - Sync 1 DAGs
[2026-01-28T13:32:06.694+0000] {logging_mixin.py:188} INFO - [2026-01-28T13:32:06.694+0000] {dag.py:3823} INFO - Setting next_dagrun for spark_sgp4_streaming to None, run_after=None
[2026-01-28T13:32:06.715+0000] {processor.py:183} INFO - Processing /opt/airflow/dags/airflow_dag_spark_streaming.py took 0.124 seconds
[2026-01-28T13:32:36.855+0000] {processor.py:161} INFO - Started process (PID=4489) to work on /opt/airflow/dags/airflow_dag_spark_streaming.py
[2026-01-28T13:32:36.858+0000] {processor.py:830} INFO - Processing file /opt/airflow/dags/airflow_dag_spark_streaming.py for tasks to queue
[2026-01-28T13:32:36.859+0000] {logging_mixin.py:188} INFO - [2026-01-28T13:32:36.858+0000] {dagbag.py:538} INFO - Filling up the DagBag from /opt/airflow/dags/airflow_dag_spark_streaming.py
[2026-01-28T13:32:36.891+0000] {processor.py:840} INFO - DAG(s) 'spark_sgp4_streaming' retrieved from /opt/airflow/dags/airflow_dag_spark_streaming.py
[2026-01-28T13:32:36.942+0000] {logging_mixin.py:188} INFO - [2026-01-28T13:32:36.942+0000] {dag.py:3036} INFO - Sync 1 DAGs
[2026-01-28T13:32:36.961+0000] {logging_mixin.py:188} INFO - [2026-01-28T13:32:36.960+0000] {dag.py:3823} INFO - Setting next_dagrun for spark_sgp4_streaming to None, run_after=None
[2026-01-28T13:32:36.985+0000] {processor.py:183} INFO - Processing /opt/airflow/dags/airflow_dag_spark_streaming.py took 0.140 seconds
[2026-01-28T13:33:07.117+0000] {processor.py:161} INFO - Started process (PID=4499) to work on /opt/airflow/dags/airflow_dag_spark_streaming.py
[2026-01-28T13:33:07.119+0000] {processor.py:830} INFO - Processing file /opt/airflow/dags/airflow_dag_spark_streaming.py for tasks to queue
[2026-01-28T13:33:07.122+0000] {logging_mixin.py:188} INFO - [2026-01-28T13:33:07.121+0000] {dagbag.py:538} INFO - Filling up the DagBag from /opt/airflow/dags/airflow_dag_spark_streaming.py
[2026-01-28T13:33:07.156+0000] {processor.py:840} INFO - DAG(s) 'spark_sgp4_streaming' retrieved from /opt/airflow/dags/airflow_dag_spark_streaming.py
[2026-01-28T13:33:07.203+0000] {logging_mixin.py:188} INFO - [2026-01-28T13:33:07.203+0000] {dag.py:3036} INFO - Sync 1 DAGs
[2026-01-28T13:33:07.220+0000] {logging_mixin.py:188} INFO - [2026-01-28T13:33:07.220+0000] {dag.py:3823} INFO - Setting next_dagrun for spark_sgp4_streaming to None, run_after=None
[2026-01-28T13:33:07.247+0000] {processor.py:183} INFO - Processing /opt/airflow/dags/airflow_dag_spark_streaming.py took 0.138 seconds
[2026-01-28T13:33:37.385+0000] {processor.py:161} INFO - Started process (PID=4509) to work on /opt/airflow/dags/airflow_dag_spark_streaming.py
[2026-01-28T13:33:37.388+0000] {processor.py:830} INFO - Processing file /opt/airflow/dags/airflow_dag_spark_streaming.py for tasks to queue
[2026-01-28T13:33:37.389+0000] {logging_mixin.py:188} INFO - [2026-01-28T13:33:37.388+0000] {dagbag.py:538} INFO - Filling up the DagBag from /opt/airflow/dags/airflow_dag_spark_streaming.py
[2026-01-28T13:33:37.404+0000] {processor.py:840} INFO - DAG(s) 'spark_sgp4_streaming' retrieved from /opt/airflow/dags/airflow_dag_spark_streaming.py
[2026-01-28T13:33:37.450+0000] {logging_mixin.py:188} INFO - [2026-01-28T13:33:37.450+0000] {dag.py:3036} INFO - Sync 1 DAGs
[2026-01-28T13:33:37.471+0000] {logging_mixin.py:188} INFO - [2026-01-28T13:33:37.471+0000] {dag.py:3823} INFO - Setting next_dagrun for spark_sgp4_streaming to None, run_after=None
[2026-01-28T13:33:37.496+0000] {processor.py:183} INFO - Processing /opt/airflow/dags/airflow_dag_spark_streaming.py took 0.115 seconds
[2026-01-28T13:34:07.657+0000] {processor.py:161} INFO - Started process (PID=4519) to work on /opt/airflow/dags/airflow_dag_spark_streaming.py
[2026-01-28T13:34:07.658+0000] {processor.py:830} INFO - Processing file /opt/airflow/dags/airflow_dag_spark_streaming.py for tasks to queue
[2026-01-28T13:34:07.660+0000] {logging_mixin.py:188} INFO - [2026-01-28T13:34:07.659+0000] {dagbag.py:538} INFO - Filling up the DagBag from /opt/airflow/dags/airflow_dag_spark_streaming.py
[2026-01-28T13:34:07.677+0000] {processor.py:840} INFO - DAG(s) 'spark_sgp4_streaming' retrieved from /opt/airflow/dags/airflow_dag_spark_streaming.py
[2026-01-28T13:34:07.727+0000] {logging_mixin.py:188} INFO - [2026-01-28T13:34:07.727+0000] {dag.py:3036} INFO - Sync 1 DAGs
[2026-01-28T13:34:07.744+0000] {logging_mixin.py:188} INFO - [2026-01-28T13:34:07.743+0000] {dag.py:3823} INFO - Setting next_dagrun for spark_sgp4_streaming to None, run_after=None
[2026-01-28T13:34:07.766+0000] {processor.py:183} INFO - Processing /opt/airflow/dags/airflow_dag_spark_streaming.py took 0.117 seconds
[2026-01-28T13:34:37.910+0000] {processor.py:161} INFO - Started process (PID=4529) to work on /opt/airflow/dags/airflow_dag_spark_streaming.py
[2026-01-28T13:34:37.912+0000] {processor.py:830} INFO - Processing file /opt/airflow/dags/airflow_dag_spark_streaming.py for tasks to queue
[2026-01-28T13:34:37.913+0000] {logging_mixin.py:188} INFO - [2026-01-28T13:34:37.913+0000] {dagbag.py:538} INFO - Filling up the DagBag from /opt/airflow/dags/airflow_dag_spark_streaming.py
[2026-01-28T13:34:37.927+0000] {processor.py:840} INFO - DAG(s) 'spark_sgp4_streaming' retrieved from /opt/airflow/dags/airflow_dag_spark_streaming.py
[2026-01-28T13:34:37.964+0000] {logging_mixin.py:188} INFO - [2026-01-28T13:34:37.964+0000] {dag.py:3036} INFO - Sync 1 DAGs
[2026-01-28T13:34:37.981+0000] {logging_mixin.py:188} INFO - [2026-01-28T13:34:37.980+0000] {dag.py:3823} INFO - Setting next_dagrun for spark_sgp4_streaming to None, run_after=None
[2026-01-28T13:34:38.251+0000] {processor.py:183} INFO - Processing /opt/airflow/dags/airflow_dag_spark_streaming.py took 0.346 seconds
[2026-01-28T13:35:08.400+0000] {processor.py:161} INFO - Started process (PID=4539) to work on /opt/airflow/dags/airflow_dag_spark_streaming.py
[2026-01-28T13:35:08.403+0000] {processor.py:830} INFO - Processing file /opt/airflow/dags/airflow_dag_spark_streaming.py for tasks to queue
[2026-01-28T13:35:08.405+0000] {logging_mixin.py:188} INFO - [2026-01-28T13:35:08.404+0000] {dagbag.py:538} INFO - Filling up the DagBag from /opt/airflow/dags/airflow_dag_spark_streaming.py
[2026-01-28T13:35:08.424+0000] {processor.py:840} INFO - DAG(s) 'spark_sgp4_streaming' retrieved from /opt/airflow/dags/airflow_dag_spark_streaming.py
[2026-01-28T13:35:08.465+0000] {logging_mixin.py:188} INFO - [2026-01-28T13:35:08.465+0000] {dag.py:3036} INFO - Sync 1 DAGs
[2026-01-28T13:35:08.481+0000] {logging_mixin.py:188} INFO - [2026-01-28T13:35:08.481+0000] {dag.py:3823} INFO - Setting next_dagrun for spark_sgp4_streaming to None, run_after=None
[2026-01-28T13:35:08.502+0000] {processor.py:183} INFO - Processing /opt/airflow/dags/airflow_dag_spark_streaming.py took 0.111 seconds
[2026-01-28T13:35:38.637+0000] {processor.py:161} INFO - Started process (PID=4549) to work on /opt/airflow/dags/airflow_dag_spark_streaming.py
[2026-01-28T13:35:38.639+0000] {processor.py:830} INFO - Processing file /opt/airflow/dags/airflow_dag_spark_streaming.py for tasks to queue
[2026-01-28T13:35:38.640+0000] {logging_mixin.py:188} INFO - [2026-01-28T13:35:38.640+0000] {dagbag.py:538} INFO - Filling up the DagBag from /opt/airflow/dags/airflow_dag_spark_streaming.py
[2026-01-28T13:35:38.655+0000] {processor.py:840} INFO - DAG(s) 'spark_sgp4_streaming' retrieved from /opt/airflow/dags/airflow_dag_spark_streaming.py
[2026-01-28T13:35:38.700+0000] {logging_mixin.py:188} INFO - [2026-01-28T13:35:38.700+0000] {dag.py:3036} INFO - Sync 1 DAGs
[2026-01-28T13:35:38.719+0000] {logging_mixin.py:188} INFO - [2026-01-28T13:35:38.719+0000] {dag.py:3823} INFO - Setting next_dagrun for spark_sgp4_streaming to None, run_after=None
[2026-01-28T13:35:38.741+0000] {processor.py:183} INFO - Processing /opt/airflow/dags/airflow_dag_spark_streaming.py took 0.110 seconds
[2026-01-28T13:36:08.874+0000] {processor.py:161} INFO - Started process (PID=4559) to work on /opt/airflow/dags/airflow_dag_spark_streaming.py
[2026-01-28T13:36:08.876+0000] {processor.py:830} INFO - Processing file /opt/airflow/dags/airflow_dag_spark_streaming.py for tasks to queue
[2026-01-28T13:36:08.877+0000] {logging_mixin.py:188} INFO - [2026-01-28T13:36:08.877+0000] {dagbag.py:538} INFO - Filling up the DagBag from /opt/airflow/dags/airflow_dag_spark_streaming.py
[2026-01-28T13:36:08.893+0000] {processor.py:840} INFO - DAG(s) 'spark_sgp4_streaming' retrieved from /opt/airflow/dags/airflow_dag_spark_streaming.py
[2026-01-28T13:36:08.936+0000] {logging_mixin.py:188} INFO - [2026-01-28T13:36:08.935+0000] {dag.py:3036} INFO - Sync 1 DAGs
[2026-01-28T13:36:08.954+0000] {logging_mixin.py:188} INFO - [2026-01-28T13:36:08.953+0000] {dag.py:3823} INFO - Setting next_dagrun for spark_sgp4_streaming to None, run_after=None
[2026-01-28T13:36:09.232+0000] {processor.py:183} INFO - Processing /opt/airflow/dags/airflow_dag_spark_streaming.py took 0.363 seconds
[2026-01-28T13:36:39.375+0000] {processor.py:161} INFO - Started process (PID=4569) to work on /opt/airflow/dags/airflow_dag_spark_streaming.py
[2026-01-28T13:36:39.378+0000] {processor.py:830} INFO - Processing file /opt/airflow/dags/airflow_dag_spark_streaming.py for tasks to queue
[2026-01-28T13:36:39.379+0000] {logging_mixin.py:188} INFO - [2026-01-28T13:36:39.378+0000] {dagbag.py:538} INFO - Filling up the DagBag from /opt/airflow/dags/airflow_dag_spark_streaming.py
[2026-01-28T13:36:39.393+0000] {processor.py:840} INFO - DAG(s) 'spark_sgp4_streaming' retrieved from /opt/airflow/dags/airflow_dag_spark_streaming.py
[2026-01-28T13:36:39.430+0000] {logging_mixin.py:188} INFO - [2026-01-28T13:36:39.430+0000] {dag.py:3036} INFO - Sync 1 DAGs
[2026-01-28T13:36:39.446+0000] {logging_mixin.py:188} INFO - [2026-01-28T13:36:39.445+0000] {dag.py:3823} INFO - Setting next_dagrun for spark_sgp4_streaming to None, run_after=None
[2026-01-28T13:36:39.461+0000] {processor.py:183} INFO - Processing /opt/airflow/dags/airflow_dag_spark_streaming.py took 0.091 seconds
[2026-01-28T13:37:09.589+0000] {processor.py:161} INFO - Started process (PID=4579) to work on /opt/airflow/dags/airflow_dag_spark_streaming.py
[2026-01-28T13:37:09.591+0000] {processor.py:830} INFO - Processing file /opt/airflow/dags/airflow_dag_spark_streaming.py for tasks to queue
[2026-01-28T13:37:09.592+0000] {logging_mixin.py:188} INFO - [2026-01-28T13:37:09.591+0000] {dagbag.py:538} INFO - Filling up the DagBag from /opt/airflow/dags/airflow_dag_spark_streaming.py
[2026-01-28T13:37:09.605+0000] {processor.py:840} INFO - DAG(s) 'spark_sgp4_streaming' retrieved from /opt/airflow/dags/airflow_dag_spark_streaming.py
[2026-01-28T13:37:09.649+0000] {logging_mixin.py:188} INFO - [2026-01-28T13:37:09.649+0000] {dag.py:3036} INFO - Sync 1 DAGs
[2026-01-28T13:37:09.668+0000] {logging_mixin.py:188} INFO - [2026-01-28T13:37:09.667+0000] {dag.py:3823} INFO - Setting next_dagrun for spark_sgp4_streaming to None, run_after=None
[2026-01-28T13:37:09.690+0000] {processor.py:183} INFO - Processing /opt/airflow/dags/airflow_dag_spark_streaming.py took 0.105 seconds
[2026-01-28T13:37:39.815+0000] {processor.py:161} INFO - Started process (PID=4589) to work on /opt/airflow/dags/airflow_dag_spark_streaming.py
[2026-01-28T13:37:39.816+0000] {processor.py:830} INFO - Processing file /opt/airflow/dags/airflow_dag_spark_streaming.py for tasks to queue
[2026-01-28T13:37:39.817+0000] {logging_mixin.py:188} INFO - [2026-01-28T13:37:39.817+0000] {dagbag.py:538} INFO - Filling up the DagBag from /opt/airflow/dags/airflow_dag_spark_streaming.py
[2026-01-28T13:37:39.833+0000] {processor.py:840} INFO - DAG(s) 'spark_sgp4_streaming' retrieved from /opt/airflow/dags/airflow_dag_spark_streaming.py
[2026-01-28T13:37:39.882+0000] {logging_mixin.py:188} INFO - [2026-01-28T13:37:39.881+0000] {dag.py:3036} INFO - Sync 1 DAGs
[2026-01-28T13:37:39.900+0000] {logging_mixin.py:188} INFO - [2026-01-28T13:37:39.900+0000] {dag.py:3823} INFO - Setting next_dagrun for spark_sgp4_streaming to None, run_after=None
[2026-01-28T13:37:39.920+0000] {processor.py:183} INFO - Processing /opt/airflow/dags/airflow_dag_spark_streaming.py took 0.112 seconds
[2026-01-28T13:38:10.041+0000] {processor.py:161} INFO - Started process (PID=4599) to work on /opt/airflow/dags/airflow_dag_spark_streaming.py
[2026-01-28T13:38:10.042+0000] {processor.py:830} INFO - Processing file /opt/airflow/dags/airflow_dag_spark_streaming.py for tasks to queue
[2026-01-28T13:38:10.043+0000] {logging_mixin.py:188} INFO - [2026-01-28T13:38:10.043+0000] {dagbag.py:538} INFO - Filling up the DagBag from /opt/airflow/dags/airflow_dag_spark_streaming.py
[2026-01-28T13:38:10.057+0000] {processor.py:840} INFO - DAG(s) 'spark_sgp4_streaming' retrieved from /opt/airflow/dags/airflow_dag_spark_streaming.py
[2026-01-28T13:38:10.096+0000] {logging_mixin.py:188} INFO - [2026-01-28T13:38:10.095+0000] {dag.py:3036} INFO - Sync 1 DAGs
[2026-01-28T13:38:10.117+0000] {logging_mixin.py:188} INFO - [2026-01-28T13:38:10.117+0000] {dag.py:3823} INFO - Setting next_dagrun for spark_sgp4_streaming to None, run_after=None
[2026-01-28T13:38:10.140+0000] {processor.py:183} INFO - Processing /opt/airflow/dags/airflow_dag_spark_streaming.py took 0.103 seconds
[2026-01-28T13:38:40.278+0000] {processor.py:161} INFO - Started process (PID=4609) to work on /opt/airflow/dags/airflow_dag_spark_streaming.py
[2026-01-28T13:38:40.279+0000] {processor.py:830} INFO - Processing file /opt/airflow/dags/airflow_dag_spark_streaming.py for tasks to queue
[2026-01-28T13:38:40.280+0000] {logging_mixin.py:188} INFO - [2026-01-28T13:38:40.279+0000] {dagbag.py:538} INFO - Filling up the DagBag from /opt/airflow/dags/airflow_dag_spark_streaming.py
[2026-01-28T13:38:40.292+0000] {processor.py:840} INFO - DAG(s) 'spark_sgp4_streaming' retrieved from /opt/airflow/dags/airflow_dag_spark_streaming.py
[2026-01-28T13:38:40.325+0000] {logging_mixin.py:188} INFO - [2026-01-28T13:38:40.324+0000] {dag.py:3036} INFO - Sync 1 DAGs
[2026-01-28T13:38:40.344+0000] {logging_mixin.py:188} INFO - [2026-01-28T13:38:40.344+0000] {dag.py:3823} INFO - Setting next_dagrun for spark_sgp4_streaming to None, run_after=None
[2026-01-28T13:38:40.359+0000] {processor.py:183} INFO - Processing /opt/airflow/dags/airflow_dag_spark_streaming.py took 0.086 seconds
[2026-01-28T13:39:10.481+0000] {processor.py:161} INFO - Started process (PID=4619) to work on /opt/airflow/dags/airflow_dag_spark_streaming.py
[2026-01-28T13:39:10.482+0000] {processor.py:830} INFO - Processing file /opt/airflow/dags/airflow_dag_spark_streaming.py for tasks to queue
[2026-01-28T13:39:10.483+0000] {logging_mixin.py:188} INFO - [2026-01-28T13:39:10.482+0000] {dagbag.py:538} INFO - Filling up the DagBag from /opt/airflow/dags/airflow_dag_spark_streaming.py
[2026-01-28T13:39:10.499+0000] {processor.py:840} INFO - DAG(s) 'spark_sgp4_streaming' retrieved from /opt/airflow/dags/airflow_dag_spark_streaming.py
[2026-01-28T13:39:10.534+0000] {logging_mixin.py:188} INFO - [2026-01-28T13:39:10.534+0000] {dag.py:3036} INFO - Sync 1 DAGs
[2026-01-28T13:39:10.549+0000] {logging_mixin.py:188} INFO - [2026-01-28T13:39:10.549+0000] {dag.py:3823} INFO - Setting next_dagrun for spark_sgp4_streaming to None, run_after=None
[2026-01-28T13:39:10.570+0000] {processor.py:183} INFO - Processing /opt/airflow/dags/airflow_dag_spark_streaming.py took 0.094 seconds
[2026-01-28T13:39:40.691+0000] {processor.py:161} INFO - Started process (PID=4629) to work on /opt/airflow/dags/airflow_dag_spark_streaming.py
[2026-01-28T13:39:40.692+0000] {processor.py:830} INFO - Processing file /opt/airflow/dags/airflow_dag_spark_streaming.py for tasks to queue
[2026-01-28T13:39:40.693+0000] {logging_mixin.py:188} INFO - [2026-01-28T13:39:40.693+0000] {dagbag.py:538} INFO - Filling up the DagBag from /opt/airflow/dags/airflow_dag_spark_streaming.py
[2026-01-28T13:39:40.708+0000] {processor.py:840} INFO - DAG(s) 'spark_sgp4_streaming' retrieved from /opt/airflow/dags/airflow_dag_spark_streaming.py
[2026-01-28T13:39:40.751+0000] {logging_mixin.py:188} INFO - [2026-01-28T13:39:40.751+0000] {dag.py:3036} INFO - Sync 1 DAGs
[2026-01-28T13:39:40.766+0000] {logging_mixin.py:188} INFO - [2026-01-28T13:39:40.766+0000] {dag.py:3823} INFO - Setting next_dagrun for spark_sgp4_streaming to None, run_after=None
[2026-01-28T13:39:40.785+0000] {processor.py:183} INFO - Processing /opt/airflow/dags/airflow_dag_spark_streaming.py took 0.099 seconds
[2026-01-28T13:40:10.910+0000] {processor.py:161} INFO - Started process (PID=4637) to work on /opt/airflow/dags/airflow_dag_spark_streaming.py
[2026-01-28T13:40:10.912+0000] {processor.py:830} INFO - Processing file /opt/airflow/dags/airflow_dag_spark_streaming.py for tasks to queue
[2026-01-28T13:40:10.912+0000] {logging_mixin.py:188} INFO - [2026-01-28T13:40:10.912+0000] {dagbag.py:538} INFO - Filling up the DagBag from /opt/airflow/dags/airflow_dag_spark_streaming.py
[2026-01-28T13:40:10.938+0000] {processor.py:840} INFO - DAG(s) 'spark_sgp4_streaming' retrieved from /opt/airflow/dags/airflow_dag_spark_streaming.py
[2026-01-28T13:40:10.990+0000] {logging_mixin.py:188} INFO - [2026-01-28T13:40:10.990+0000] {dag.py:3036} INFO - Sync 1 DAGs
[2026-01-28T13:40:11.012+0000] {logging_mixin.py:188} INFO - [2026-01-28T13:40:11.012+0000] {dag.py:3823} INFO - Setting next_dagrun for spark_sgp4_streaming to None, run_after=None
[2026-01-28T13:40:11.029+0000] {processor.py:183} INFO - Processing /opt/airflow/dags/airflow_dag_spark_streaming.py took 0.123 seconds
[2026-01-28T13:40:41.162+0000] {processor.py:161} INFO - Started process (PID=4644) to work on /opt/airflow/dags/airflow_dag_spark_streaming.py
[2026-01-28T13:40:41.163+0000] {processor.py:830} INFO - Processing file /opt/airflow/dags/airflow_dag_spark_streaming.py for tasks to queue
[2026-01-28T13:40:41.164+0000] {logging_mixin.py:188} INFO - [2026-01-28T13:40:41.163+0000] {dagbag.py:538} INFO - Filling up the DagBag from /opt/airflow/dags/airflow_dag_spark_streaming.py
[2026-01-28T13:40:41.182+0000] {processor.py:840} INFO - DAG(s) 'spark_sgp4_streaming' retrieved from /opt/airflow/dags/airflow_dag_spark_streaming.py
[2026-01-28T13:40:41.230+0000] {logging_mixin.py:188} INFO - [2026-01-28T13:40:41.229+0000] {dag.py:3036} INFO - Sync 1 DAGs
[2026-01-28T13:40:41.247+0000] {logging_mixin.py:188} INFO - [2026-01-28T13:40:41.247+0000] {dag.py:3823} INFO - Setting next_dagrun for spark_sgp4_streaming to None, run_after=None
[2026-01-28T13:40:41.270+0000] {processor.py:183} INFO - Processing /opt/airflow/dags/airflow_dag_spark_streaming.py took 0.114 seconds
[2026-01-28T13:41:11.412+0000] {processor.py:161} INFO - Started process (PID=4654) to work on /opt/airflow/dags/airflow_dag_spark_streaming.py
[2026-01-28T13:41:11.415+0000] {processor.py:830} INFO - Processing file /opt/airflow/dags/airflow_dag_spark_streaming.py for tasks to queue
[2026-01-28T13:41:11.419+0000] {logging_mixin.py:188} INFO - [2026-01-28T13:41:11.417+0000] {dagbag.py:538} INFO - Filling up the DagBag from /opt/airflow/dags/airflow_dag_spark_streaming.py
[2026-01-28T13:41:11.451+0000] {processor.py:840} INFO - DAG(s) 'spark_sgp4_streaming' retrieved from /opt/airflow/dags/airflow_dag_spark_streaming.py
[2026-01-28T13:41:11.509+0000] {logging_mixin.py:188} INFO - [2026-01-28T13:41:11.508+0000] {dag.py:3036} INFO - Sync 1 DAGs
[2026-01-28T13:41:11.528+0000] {logging_mixin.py:188} INFO - [2026-01-28T13:41:11.528+0000] {dag.py:3823} INFO - Setting next_dagrun for spark_sgp4_streaming to None, run_after=None
[2026-01-28T13:41:11.895+0000] {processor.py:183} INFO - Processing /opt/airflow/dags/airflow_dag_spark_streaming.py took 0.492 seconds
[2026-01-28T13:41:42.049+0000] {processor.py:161} INFO - Started process (PID=4664) to work on /opt/airflow/dags/airflow_dag_spark_streaming.py
[2026-01-28T13:41:42.051+0000] {processor.py:830} INFO - Processing file /opt/airflow/dags/airflow_dag_spark_streaming.py for tasks to queue
[2026-01-28T13:41:42.053+0000] {logging_mixin.py:188} INFO - [2026-01-28T13:41:42.051+0000] {dagbag.py:538} INFO - Filling up the DagBag from /opt/airflow/dags/airflow_dag_spark_streaming.py
[2026-01-28T13:41:42.091+0000] {processor.py:840} INFO - DAG(s) 'spark_sgp4_streaming' retrieved from /opt/airflow/dags/airflow_dag_spark_streaming.py
[2026-01-28T13:41:42.152+0000] {logging_mixin.py:188} INFO - [2026-01-28T13:41:42.152+0000] {dag.py:3036} INFO - Sync 1 DAGs
[2026-01-28T13:41:42.175+0000] {logging_mixin.py:188} INFO - [2026-01-28T13:41:42.174+0000] {dag.py:3823} INFO - Setting next_dagrun for spark_sgp4_streaming to None, run_after=None
[2026-01-28T13:41:42.198+0000] {processor.py:183} INFO - Processing /opt/airflow/dags/airflow_dag_spark_streaming.py took 0.158 seconds
[2026-01-28T13:42:12.355+0000] {processor.py:161} INFO - Started process (PID=4674) to work on /opt/airflow/dags/airflow_dag_spark_streaming.py
[2026-01-28T13:42:12.357+0000] {processor.py:830} INFO - Processing file /opt/airflow/dags/airflow_dag_spark_streaming.py for tasks to queue
[2026-01-28T13:42:12.359+0000] {logging_mixin.py:188} INFO - [2026-01-28T13:42:12.357+0000] {dagbag.py:538} INFO - Filling up the DagBag from /opt/airflow/dags/airflow_dag_spark_streaming.py
[2026-01-28T13:42:12.400+0000] {processor.py:840} INFO - DAG(s) 'spark_sgp4_streaming' retrieved from /opt/airflow/dags/airflow_dag_spark_streaming.py
[2026-01-28T13:42:12.459+0000] {logging_mixin.py:188} INFO - [2026-01-28T13:42:12.459+0000] {dag.py:3036} INFO - Sync 1 DAGs
[2026-01-28T13:42:12.480+0000] {logging_mixin.py:188} INFO - [2026-01-28T13:42:12.479+0000] {dag.py:3823} INFO - Setting next_dagrun for spark_sgp4_streaming to None, run_after=None
[2026-01-28T13:42:12.502+0000] {processor.py:183} INFO - Processing /opt/airflow/dags/airflow_dag_spark_streaming.py took 0.158 seconds
[2026-01-28T13:42:42.640+0000] {processor.py:161} INFO - Started process (PID=4684) to work on /opt/airflow/dags/airflow_dag_spark_streaming.py
[2026-01-28T13:42:42.642+0000] {processor.py:830} INFO - Processing file /opt/airflow/dags/airflow_dag_spark_streaming.py for tasks to queue
[2026-01-28T13:42:42.643+0000] {logging_mixin.py:188} INFO - [2026-01-28T13:42:42.642+0000] {dagbag.py:538} INFO - Filling up the DagBag from /opt/airflow/dags/airflow_dag_spark_streaming.py
[2026-01-28T13:42:42.665+0000] {processor.py:840} INFO - DAG(s) 'spark_sgp4_streaming' retrieved from /opt/airflow/dags/airflow_dag_spark_streaming.py
[2026-01-28T13:42:42.702+0000] {logging_mixin.py:188} INFO - [2026-01-28T13:42:42.702+0000] {dag.py:3036} INFO - Sync 1 DAGs
[2026-01-28T13:42:42.722+0000] {logging_mixin.py:188} INFO - [2026-01-28T13:42:42.721+0000] {dag.py:3823} INFO - Setting next_dagrun for spark_sgp4_streaming to None, run_after=None
[2026-01-28T13:42:43.159+0000] {processor.py:183} INFO - Processing /opt/airflow/dags/airflow_dag_spark_streaming.py took 0.523 seconds
[2026-01-28T13:43:13.307+0000] {processor.py:161} INFO - Started process (PID=4694) to work on /opt/airflow/dags/airflow_dag_spark_streaming.py
[2026-01-28T13:43:13.308+0000] {processor.py:830} INFO - Processing file /opt/airflow/dags/airflow_dag_spark_streaming.py for tasks to queue
[2026-01-28T13:43:13.310+0000] {logging_mixin.py:188} INFO - [2026-01-28T13:43:13.309+0000] {dagbag.py:538} INFO - Filling up the DagBag from /opt/airflow/dags/airflow_dag_spark_streaming.py
[2026-01-28T13:43:13.342+0000] {processor.py:840} INFO - DAG(s) 'spark_sgp4_streaming' retrieved from /opt/airflow/dags/airflow_dag_spark_streaming.py
[2026-01-28T13:43:13.400+0000] {logging_mixin.py:188} INFO - [2026-01-28T13:43:13.399+0000] {dag.py:3036} INFO - Sync 1 DAGs
[2026-01-28T13:43:13.419+0000] {logging_mixin.py:188} INFO - [2026-01-28T13:43:13.419+0000] {dag.py:3823} INFO - Setting next_dagrun for spark_sgp4_streaming to None, run_after=None
[2026-01-28T13:43:13.440+0000] {processor.py:183} INFO - Processing /opt/airflow/dags/airflow_dag_spark_streaming.py took 0.142 seconds
[2026-01-28T13:43:43.580+0000] {processor.py:161} INFO - Started process (PID=4704) to work on /opt/airflow/dags/airflow_dag_spark_streaming.py
[2026-01-28T13:43:43.581+0000] {processor.py:830} INFO - Processing file /opt/airflow/dags/airflow_dag_spark_streaming.py for tasks to queue
[2026-01-28T13:43:43.583+0000] {logging_mixin.py:188} INFO - [2026-01-28T13:43:43.582+0000] {dagbag.py:538} INFO - Filling up the DagBag from /opt/airflow/dags/airflow_dag_spark_streaming.py
[2026-01-28T13:43:43.602+0000] {processor.py:840} INFO - DAG(s) 'spark_sgp4_streaming' retrieved from /opt/airflow/dags/airflow_dag_spark_streaming.py
[2026-01-28T13:43:43.645+0000] {logging_mixin.py:188} INFO - [2026-01-28T13:43:43.644+0000] {dag.py:3036} INFO - Sync 1 DAGs
[2026-01-28T13:43:43.667+0000] {logging_mixin.py:188} INFO - [2026-01-28T13:43:43.667+0000] {dag.py:3823} INFO - Setting next_dagrun for spark_sgp4_streaming to None, run_after=None
[2026-01-28T13:43:43.699+0000] {processor.py:183} INFO - Processing /opt/airflow/dags/airflow_dag_spark_streaming.py took 0.123 seconds
[2026-01-28T13:44:13.859+0000] {processor.py:161} INFO - Started process (PID=4714) to work on /opt/airflow/dags/airflow_dag_spark_streaming.py
[2026-01-28T13:44:13.862+0000] {processor.py:830} INFO - Processing file /opt/airflow/dags/airflow_dag_spark_streaming.py for tasks to queue
[2026-01-28T13:44:13.865+0000] {logging_mixin.py:188} INFO - [2026-01-28T13:44:13.863+0000] {dagbag.py:538} INFO - Filling up the DagBag from /opt/airflow/dags/airflow_dag_spark_streaming.py
[2026-01-28T13:44:13.885+0000] {processor.py:840} INFO - DAG(s) 'spark_sgp4_streaming' retrieved from /opt/airflow/dags/airflow_dag_spark_streaming.py
[2026-01-28T13:44:13.938+0000] {logging_mixin.py:188} INFO - [2026-01-28T13:44:13.938+0000] {dag.py:3036} INFO - Sync 1 DAGs
[2026-01-28T13:44:13.954+0000] {logging_mixin.py:188} INFO - [2026-01-28T13:44:13.954+0000] {dag.py:3823} INFO - Setting next_dagrun for spark_sgp4_streaming to None, run_after=None
[2026-01-28T13:44:14.164+0000] {processor.py:183} INFO - Processing /opt/airflow/dags/airflow_dag_spark_streaming.py took 0.313 seconds
[2026-01-28T13:44:44.299+0000] {processor.py:161} INFO - Started process (PID=4724) to work on /opt/airflow/dags/airflow_dag_spark_streaming.py
[2026-01-28T13:44:44.301+0000] {processor.py:830} INFO - Processing file /opt/airflow/dags/airflow_dag_spark_streaming.py for tasks to queue
[2026-01-28T13:44:44.303+0000] {logging_mixin.py:188} INFO - [2026-01-28T13:44:44.302+0000] {dagbag.py:538} INFO - Filling up the DagBag from /opt/airflow/dags/airflow_dag_spark_streaming.py
[2026-01-28T13:44:44.319+0000] {processor.py:840} INFO - DAG(s) 'spark_sgp4_streaming' retrieved from /opt/airflow/dags/airflow_dag_spark_streaming.py
[2026-01-28T13:44:44.551+0000] {logging_mixin.py:188} INFO - [2026-01-28T13:44:44.551+0000] {dag.py:3036} INFO - Sync 1 DAGs
[2026-01-28T13:44:44.562+0000] {logging_mixin.py:188} INFO - [2026-01-28T13:44:44.562+0000] {dag.py:3823} INFO - Setting next_dagrun for spark_sgp4_streaming to None, run_after=None
[2026-01-28T13:44:44.575+0000] {processor.py:183} INFO - Processing /opt/airflow/dags/airflow_dag_spark_streaming.py took 0.280 seconds
[2026-01-28T13:45:14.828+0000] {processor.py:161} INFO - Started process (PID=4734) to work on /opt/airflow/dags/airflow_dag_spark_streaming.py
[2026-01-28T13:45:14.829+0000] {processor.py:830} INFO - Processing file /opt/airflow/dags/airflow_dag_spark_streaming.py for tasks to queue
[2026-01-28T13:45:14.832+0000] {logging_mixin.py:188} INFO - [2026-01-28T13:45:14.830+0000] {dagbag.py:538} INFO - Filling up the DagBag from /opt/airflow/dags/airflow_dag_spark_streaming.py
[2026-01-28T13:45:14.869+0000] {processor.py:840} INFO - DAG(s) 'spark_sgp4_streaming' retrieved from /opt/airflow/dags/airflow_dag_spark_streaming.py
[2026-01-28T13:45:14.929+0000] {logging_mixin.py:188} INFO - [2026-01-28T13:45:14.929+0000] {dag.py:3036} INFO - Sync 1 DAGs
[2026-01-28T13:45:14.951+0000] {logging_mixin.py:188} INFO - [2026-01-28T13:45:14.951+0000] {dag.py:3823} INFO - Setting next_dagrun for spark_sgp4_streaming to None, run_after=None
[2026-01-28T13:45:14.977+0000] {processor.py:183} INFO - Processing /opt/airflow/dags/airflow_dag_spark_streaming.py took 0.158 seconds
[2026-01-28T13:45:45.141+0000] {processor.py:161} INFO - Started process (PID=4744) to work on /opt/airflow/dags/airflow_dag_spark_streaming.py
[2026-01-28T13:45:45.142+0000] {processor.py:830} INFO - Processing file /opt/airflow/dags/airflow_dag_spark_streaming.py for tasks to queue
[2026-01-28T13:45:45.144+0000] {logging_mixin.py:188} INFO - [2026-01-28T13:45:45.143+0000] {dagbag.py:538} INFO - Filling up the DagBag from /opt/airflow/dags/airflow_dag_spark_streaming.py
[2026-01-28T13:45:45.175+0000] {processor.py:840} INFO - DAG(s) 'spark_sgp4_streaming' retrieved from /opt/airflow/dags/airflow_dag_spark_streaming.py
[2026-01-28T13:45:45.232+0000] {logging_mixin.py:188} INFO - [2026-01-28T13:45:45.231+0000] {dag.py:3036} INFO - Sync 1 DAGs
[2026-01-28T13:45:45.248+0000] {logging_mixin.py:188} INFO - [2026-01-28T13:45:45.248+0000] {dag.py:3823} INFO - Setting next_dagrun for spark_sgp4_streaming to None, run_after=None
[2026-01-28T13:45:45.267+0000] {processor.py:183} INFO - Processing /opt/airflow/dags/airflow_dag_spark_streaming.py took 0.137 seconds
[2026-01-28T13:46:15.418+0000] {processor.py:161} INFO - Started process (PID=4754) to work on /opt/airflow/dags/airflow_dag_spark_streaming.py
[2026-01-28T13:46:15.419+0000] {processor.py:830} INFO - Processing file /opt/airflow/dags/airflow_dag_spark_streaming.py for tasks to queue
[2026-01-28T13:46:15.421+0000] {logging_mixin.py:188} INFO - [2026-01-28T13:46:15.420+0000] {dagbag.py:538} INFO - Filling up the DagBag from /opt/airflow/dags/airflow_dag_spark_streaming.py
[2026-01-28T13:46:15.455+0000] {processor.py:840} INFO - DAG(s) 'spark_sgp4_streaming' retrieved from /opt/airflow/dags/airflow_dag_spark_streaming.py
[2026-01-28T13:46:15.517+0000] {logging_mixin.py:188} INFO - [2026-01-28T13:46:15.516+0000] {dag.py:3036} INFO - Sync 1 DAGs
[2026-01-28T13:46:15.544+0000] {logging_mixin.py:188} INFO - [2026-01-28T13:46:15.543+0000] {dag.py:3823} INFO - Setting next_dagrun for spark_sgp4_streaming to None, run_after=None
[2026-01-28T13:46:15.567+0000] {processor.py:183} INFO - Processing /opt/airflow/dags/airflow_dag_spark_streaming.py took 0.158 seconds
[2026-01-28T13:46:45.737+0000] {processor.py:161} INFO - Started process (PID=4764) to work on /opt/airflow/dags/airflow_dag_spark_streaming.py
[2026-01-28T13:46:45.739+0000] {processor.py:830} INFO - Processing file /opt/airflow/dags/airflow_dag_spark_streaming.py for tasks to queue
[2026-01-28T13:46:45.742+0000] {logging_mixin.py:188} INFO - [2026-01-28T13:46:45.741+0000] {dagbag.py:538} INFO - Filling up the DagBag from /opt/airflow/dags/airflow_dag_spark_streaming.py
[2026-01-28T13:46:45.786+0000] {processor.py:840} INFO - DAG(s) 'spark_sgp4_streaming' retrieved from /opt/airflow/dags/airflow_dag_spark_streaming.py
[2026-01-28T13:46:45.845+0000] {logging_mixin.py:188} INFO - [2026-01-28T13:46:45.845+0000] {dag.py:3036} INFO - Sync 1 DAGs
[2026-01-28T13:46:45.871+0000] {logging_mixin.py:188} INFO - [2026-01-28T13:46:45.870+0000] {dag.py:3823} INFO - Setting next_dagrun for spark_sgp4_streaming to None, run_after=None
[2026-01-28T13:46:45.898+0000] {processor.py:183} INFO - Processing /opt/airflow/dags/airflow_dag_spark_streaming.py took 0.171 seconds
[2026-01-28T13:47:16.041+0000] {processor.py:161} INFO - Started process (PID=4774) to work on /opt/airflow/dags/airflow_dag_spark_streaming.py
[2026-01-28T13:47:16.042+0000] {processor.py:830} INFO - Processing file /opt/airflow/dags/airflow_dag_spark_streaming.py for tasks to queue
[2026-01-28T13:47:16.043+0000] {logging_mixin.py:188} INFO - [2026-01-28T13:47:16.043+0000] {dagbag.py:538} INFO - Filling up the DagBag from /opt/airflow/dags/airflow_dag_spark_streaming.py
[2026-01-28T13:47:16.063+0000] {processor.py:840} INFO - DAG(s) 'spark_sgp4_streaming' retrieved from /opt/airflow/dags/airflow_dag_spark_streaming.py
[2026-01-28T13:47:16.101+0000] {logging_mixin.py:188} INFO - [2026-01-28T13:47:16.100+0000] {dag.py:3036} INFO - Sync 1 DAGs
[2026-01-28T13:47:16.117+0000] {logging_mixin.py:188} INFO - [2026-01-28T13:47:16.117+0000] {dag.py:3823} INFO - Setting next_dagrun for spark_sgp4_streaming to None, run_after=None
[2026-01-28T13:47:16.137+0000] {processor.py:183} INFO - Processing /opt/airflow/dags/airflow_dag_spark_streaming.py took 0.102 seconds
[2026-01-28T13:47:46.297+0000] {processor.py:161} INFO - Started process (PID=4784) to work on /opt/airflow/dags/airflow_dag_spark_streaming.py
[2026-01-28T13:47:46.299+0000] {processor.py:830} INFO - Processing file /opt/airflow/dags/airflow_dag_spark_streaming.py for tasks to queue
[2026-01-28T13:47:46.301+0000] {logging_mixin.py:188} INFO - [2026-01-28T13:47:46.300+0000] {dagbag.py:538} INFO - Filling up the DagBag from /opt/airflow/dags/airflow_dag_spark_streaming.py
[2026-01-28T13:47:46.338+0000] {processor.py:840} INFO - DAG(s) 'spark_sgp4_streaming' retrieved from /opt/airflow/dags/airflow_dag_spark_streaming.py
[2026-01-28T13:47:46.392+0000] {logging_mixin.py:188} INFO - [2026-01-28T13:47:46.392+0000] {dag.py:3036} INFO - Sync 1 DAGs
[2026-01-28T13:47:46.416+0000] {logging_mixin.py:188} INFO - [2026-01-28T13:47:46.416+0000] {dag.py:3823} INFO - Setting next_dagrun for spark_sgp4_streaming to None, run_after=None
[2026-01-28T13:47:46.442+0000] {processor.py:183} INFO - Processing /opt/airflow/dags/airflow_dag_spark_streaming.py took 0.156 seconds
[2026-01-28T13:48:16.599+0000] {processor.py:161} INFO - Started process (PID=4794) to work on /opt/airflow/dags/airflow_dag_spark_streaming.py
[2026-01-28T13:48:16.600+0000] {processor.py:830} INFO - Processing file /opt/airflow/dags/airflow_dag_spark_streaming.py for tasks to queue
[2026-01-28T13:48:16.602+0000] {logging_mixin.py:188} INFO - [2026-01-28T13:48:16.601+0000] {dagbag.py:538} INFO - Filling up the DagBag from /opt/airflow/dags/airflow_dag_spark_streaming.py
[2026-01-28T13:48:16.643+0000] {processor.py:840} INFO - DAG(s) 'spark_sgp4_streaming' retrieved from /opt/airflow/dags/airflow_dag_spark_streaming.py
[2026-01-28T13:48:16.704+0000] {logging_mixin.py:188} INFO - [2026-01-28T13:48:16.703+0000] {dag.py:3036} INFO - Sync 1 DAGs
[2026-01-28T13:48:16.727+0000] {logging_mixin.py:188} INFO - [2026-01-28T13:48:16.727+0000] {dag.py:3823} INFO - Setting next_dagrun for spark_sgp4_streaming to None, run_after=None
[2026-01-28T13:48:16.753+0000] {processor.py:183} INFO - Processing /opt/airflow/dags/airflow_dag_spark_streaming.py took 0.167 seconds
[2026-01-28T13:48:46.895+0000] {processor.py:161} INFO - Started process (PID=4804) to work on /opt/airflow/dags/airflow_dag_spark_streaming.py
[2026-01-28T13:48:46.897+0000] {processor.py:830} INFO - Processing file /opt/airflow/dags/airflow_dag_spark_streaming.py for tasks to queue
[2026-01-28T13:48:46.899+0000] {logging_mixin.py:188} INFO - [2026-01-28T13:48:46.898+0000] {dagbag.py:538} INFO - Filling up the DagBag from /opt/airflow/dags/airflow_dag_spark_streaming.py
[2026-01-28T13:48:46.915+0000] {processor.py:840} INFO - DAG(s) 'spark_sgp4_streaming' retrieved from /opt/airflow/dags/airflow_dag_spark_streaming.py
[2026-01-28T13:48:46.956+0000] {logging_mixin.py:188} INFO - [2026-01-28T13:48:46.956+0000] {dag.py:3036} INFO - Sync 1 DAGs
[2026-01-28T13:48:46.975+0000] {logging_mixin.py:188} INFO - [2026-01-28T13:48:46.975+0000] {dag.py:3823} INFO - Setting next_dagrun for spark_sgp4_streaming to None, run_after=None
[2026-01-28T13:48:46.997+0000] {processor.py:183} INFO - Processing /opt/airflow/dags/airflow_dag_spark_streaming.py took 0.106 seconds
[2026-01-28T13:49:17.164+0000] {processor.py:161} INFO - Started process (PID=4814) to work on /opt/airflow/dags/airflow_dag_spark_streaming.py
[2026-01-28T13:49:17.166+0000] {processor.py:830} INFO - Processing file /opt/airflow/dags/airflow_dag_spark_streaming.py for tasks to queue
[2026-01-28T13:49:17.168+0000] {logging_mixin.py:188} INFO - [2026-01-28T13:49:17.167+0000] {dagbag.py:538} INFO - Filling up the DagBag from /opt/airflow/dags/airflow_dag_spark_streaming.py
[2026-01-28T13:49:17.205+0000] {processor.py:840} INFO - DAG(s) 'spark_sgp4_streaming' retrieved from /opt/airflow/dags/airflow_dag_spark_streaming.py
[2026-01-28T13:49:17.274+0000] {logging_mixin.py:188} INFO - [2026-01-28T13:49:17.274+0000] {dag.py:3036} INFO - Sync 1 DAGs
[2026-01-28T13:49:17.297+0000] {logging_mixin.py:188} INFO - [2026-01-28T13:49:17.296+0000] {dag.py:3823} INFO - Setting next_dagrun for spark_sgp4_streaming to None, run_after=None
[2026-01-28T13:49:17.324+0000] {processor.py:183} INFO - Processing /opt/airflow/dags/airflow_dag_spark_streaming.py took 0.168 seconds
[2026-01-28T13:49:47.487+0000] {processor.py:161} INFO - Started process (PID=4824) to work on /opt/airflow/dags/airflow_dag_spark_streaming.py
[2026-01-28T13:49:47.489+0000] {processor.py:830} INFO - Processing file /opt/airflow/dags/airflow_dag_spark_streaming.py for tasks to queue
[2026-01-28T13:49:47.491+0000] {logging_mixin.py:188} INFO - [2026-01-28T13:49:47.490+0000] {dagbag.py:538} INFO - Filling up the DagBag from /opt/airflow/dags/airflow_dag_spark_streaming.py
[2026-01-28T13:49:47.520+0000] {processor.py:840} INFO - DAG(s) 'spark_sgp4_streaming' retrieved from /opt/airflow/dags/airflow_dag_spark_streaming.py
[2026-01-28T13:49:47.591+0000] {logging_mixin.py:188} INFO - [2026-01-28T13:49:47.590+0000] {dag.py:3036} INFO - Sync 1 DAGs
[2026-01-28T13:49:47.618+0000] {logging_mixin.py:188} INFO - [2026-01-28T13:49:47.618+0000] {dag.py:3823} INFO - Setting next_dagrun for spark_sgp4_streaming to None, run_after=None
[2026-01-28T13:49:47.650+0000] {processor.py:183} INFO - Processing /opt/airflow/dags/airflow_dag_spark_streaming.py took 0.168 seconds
[2026-01-28T13:50:17.801+0000] {processor.py:161} INFO - Started process (PID=4834) to work on /opt/airflow/dags/airflow_dag_spark_streaming.py
[2026-01-28T13:50:17.805+0000] {processor.py:830} INFO - Processing file /opt/airflow/dags/airflow_dag_spark_streaming.py for tasks to queue
[2026-01-28T13:50:17.807+0000] {logging_mixin.py:188} INFO - [2026-01-28T13:50:17.806+0000] {dagbag.py:538} INFO - Filling up the DagBag from /opt/airflow/dags/airflow_dag_spark_streaming.py
[2026-01-28T13:50:17.846+0000] {processor.py:840} INFO - DAG(s) 'spark_sgp4_streaming' retrieved from /opt/airflow/dags/airflow_dag_spark_streaming.py
[2026-01-28T13:50:17.908+0000] {logging_mixin.py:188} INFO - [2026-01-28T13:50:17.907+0000] {dag.py:3036} INFO - Sync 1 DAGs
[2026-01-28T13:50:17.934+0000] {logging_mixin.py:188} INFO - [2026-01-28T13:50:17.934+0000] {dag.py:3823} INFO - Setting next_dagrun for spark_sgp4_streaming to None, run_after=None
[2026-01-28T13:50:17.959+0000] {processor.py:183} INFO - Processing /opt/airflow/dags/airflow_dag_spark_streaming.py took 0.168 seconds
[2026-01-28T13:50:48.124+0000] {processor.py:161} INFO - Started process (PID=4844) to work on /opt/airflow/dags/airflow_dag_spark_streaming.py
[2026-01-28T13:50:48.125+0000] {processor.py:830} INFO - Processing file /opt/airflow/dags/airflow_dag_spark_streaming.py for tasks to queue
[2026-01-28T13:50:48.127+0000] {logging_mixin.py:188} INFO - [2026-01-28T13:50:48.126+0000] {dagbag.py:538} INFO - Filling up the DagBag from /opt/airflow/dags/airflow_dag_spark_streaming.py
[2026-01-28T13:50:48.162+0000] {processor.py:840} INFO - DAG(s) 'spark_sgp4_streaming' retrieved from /opt/airflow/dags/airflow_dag_spark_streaming.py
[2026-01-28T13:50:48.217+0000] {logging_mixin.py:188} INFO - [2026-01-28T13:50:48.217+0000] {dag.py:3036} INFO - Sync 1 DAGs
[2026-01-28T13:50:48.239+0000] {logging_mixin.py:188} INFO - [2026-01-28T13:50:48.239+0000] {dag.py:3823} INFO - Setting next_dagrun for spark_sgp4_streaming to None, run_after=None
[2026-01-28T13:50:48.262+0000] {processor.py:183} INFO - Processing /opt/airflow/dags/airflow_dag_spark_streaming.py took 0.151 seconds
[2026-01-28T13:51:18.401+0000] {processor.py:161} INFO - Started process (PID=4854) to work on /opt/airflow/dags/airflow_dag_spark_streaming.py
[2026-01-28T13:51:18.403+0000] {processor.py:830} INFO - Processing file /opt/airflow/dags/airflow_dag_spark_streaming.py for tasks to queue
[2026-01-28T13:51:18.404+0000] {logging_mixin.py:188} INFO - [2026-01-28T13:51:18.403+0000] {dagbag.py:538} INFO - Filling up the DagBag from /opt/airflow/dags/airflow_dag_spark_streaming.py
[2026-01-28T13:51:18.418+0000] {processor.py:840} INFO - DAG(s) 'spark_sgp4_streaming' retrieved from /opt/airflow/dags/airflow_dag_spark_streaming.py
[2026-01-28T13:51:18.460+0000] {logging_mixin.py:188} INFO - [2026-01-28T13:51:18.460+0000] {dag.py:3036} INFO - Sync 1 DAGs
[2026-01-28T13:51:18.475+0000] {logging_mixin.py:188} INFO - [2026-01-28T13:51:18.475+0000] {dag.py:3823} INFO - Setting next_dagrun for spark_sgp4_streaming to None, run_after=None
[2026-01-28T13:51:18.496+0000] {processor.py:183} INFO - Processing /opt/airflow/dags/airflow_dag_spark_streaming.py took 0.103 seconds
[2026-01-28T13:51:48.635+0000] {processor.py:161} INFO - Started process (PID=4864) to work on /opt/airflow/dags/airflow_dag_spark_streaming.py
[2026-01-28T13:51:48.637+0000] {processor.py:830} INFO - Processing file /opt/airflow/dags/airflow_dag_spark_streaming.py for tasks to queue
[2026-01-28T13:51:48.638+0000] {logging_mixin.py:188} INFO - [2026-01-28T13:51:48.638+0000] {dagbag.py:538} INFO - Filling up the DagBag from /opt/airflow/dags/airflow_dag_spark_streaming.py
[2026-01-28T13:51:48.656+0000] {processor.py:840} INFO - DAG(s) 'spark_sgp4_streaming' retrieved from /opt/airflow/dags/airflow_dag_spark_streaming.py
[2026-01-28T13:51:48.693+0000] {logging_mixin.py:188} INFO - [2026-01-28T13:51:48.693+0000] {dag.py:3036} INFO - Sync 1 DAGs
[2026-01-28T13:51:48.708+0000] {logging_mixin.py:188} INFO - [2026-01-28T13:51:48.708+0000] {dag.py:3823} INFO - Setting next_dagrun for spark_sgp4_streaming to None, run_after=None
[2026-01-28T13:51:48.734+0000] {processor.py:183} INFO - Processing /opt/airflow/dags/airflow_dag_spark_streaming.py took 0.102 seconds
[2026-01-28T13:52:18.886+0000] {processor.py:161} INFO - Started process (PID=4874) to work on /opt/airflow/dags/airflow_dag_spark_streaming.py
[2026-01-28T13:52:18.887+0000] {processor.py:830} INFO - Processing file /opt/airflow/dags/airflow_dag_spark_streaming.py for tasks to queue
[2026-01-28T13:52:18.889+0000] {logging_mixin.py:188} INFO - [2026-01-28T13:52:18.888+0000] {dagbag.py:538} INFO - Filling up the DagBag from /opt/airflow/dags/airflow_dag_spark_streaming.py
[2026-01-28T13:52:18.920+0000] {processor.py:840} INFO - DAG(s) 'spark_sgp4_streaming' retrieved from /opt/airflow/dags/airflow_dag_spark_streaming.py
[2026-01-28T13:52:18.983+0000] {logging_mixin.py:188} INFO - [2026-01-28T13:52:18.983+0000] {dag.py:3036} INFO - Sync 1 DAGs
[2026-01-28T13:52:19.006+0000] {logging_mixin.py:188} INFO - [2026-01-28T13:52:19.006+0000] {dag.py:3823} INFO - Setting next_dagrun for spark_sgp4_streaming to None, run_after=None
[2026-01-28T13:52:19.031+0000] {processor.py:183} INFO - Processing /opt/airflow/dags/airflow_dag_spark_streaming.py took 0.154 seconds
[2026-01-28T13:52:49.183+0000] {processor.py:161} INFO - Started process (PID=4884) to work on /opt/airflow/dags/airflow_dag_spark_streaming.py
[2026-01-28T13:52:49.184+0000] {processor.py:830} INFO - Processing file /opt/airflow/dags/airflow_dag_spark_streaming.py for tasks to queue
[2026-01-28T13:52:49.186+0000] {logging_mixin.py:188} INFO - [2026-01-28T13:52:49.185+0000] {dagbag.py:538} INFO - Filling up the DagBag from /opt/airflow/dags/airflow_dag_spark_streaming.py
[2026-01-28T13:52:49.213+0000] {processor.py:840} INFO - DAG(s) 'spark_sgp4_streaming' retrieved from /opt/airflow/dags/airflow_dag_spark_streaming.py
[2026-01-28T13:52:49.263+0000] {logging_mixin.py:188} INFO - [2026-01-28T13:52:49.263+0000] {dag.py:3036} INFO - Sync 1 DAGs
[2026-01-28T13:52:49.283+0000] {logging_mixin.py:188} INFO - [2026-01-28T13:52:49.280+0000] {dag.py:3823} INFO - Setting next_dagrun for spark_sgp4_streaming to None, run_after=None
[2026-01-28T13:52:49.306+0000] {processor.py:183} INFO - Processing /opt/airflow/dags/airflow_dag_spark_streaming.py took 0.131 seconds
[2026-01-28T13:53:19.449+0000] {processor.py:161} INFO - Started process (PID=4894) to work on /opt/airflow/dags/airflow_dag_spark_streaming.py
[2026-01-28T13:53:19.450+0000] {processor.py:830} INFO - Processing file /opt/airflow/dags/airflow_dag_spark_streaming.py for tasks to queue
[2026-01-28T13:53:19.451+0000] {logging_mixin.py:188} INFO - [2026-01-28T13:53:19.451+0000] {dagbag.py:538} INFO - Filling up the DagBag from /opt/airflow/dags/airflow_dag_spark_streaming.py
[2026-01-28T13:53:19.469+0000] {processor.py:840} INFO - DAG(s) 'spark_sgp4_streaming' retrieved from /opt/airflow/dags/airflow_dag_spark_streaming.py
[2026-01-28T13:53:19.531+0000] {logging_mixin.py:188} INFO - [2026-01-28T13:53:19.530+0000] {dag.py:3036} INFO - Sync 1 DAGs
[2026-01-28T13:53:19.554+0000] {logging_mixin.py:188} INFO - [2026-01-28T13:53:19.554+0000] {dag.py:3823} INFO - Setting next_dagrun for spark_sgp4_streaming to None, run_after=None
[2026-01-28T13:53:19.579+0000] {processor.py:183} INFO - Processing /opt/airflow/dags/airflow_dag_spark_streaming.py took 0.136 seconds
[2026-01-28T13:53:49.749+0000] {processor.py:161} INFO - Started process (PID=4904) to work on /opt/airflow/dags/airflow_dag_spark_streaming.py
[2026-01-28T13:53:49.752+0000] {processor.py:830} INFO - Processing file /opt/airflow/dags/airflow_dag_spark_streaming.py for tasks to queue
[2026-01-28T13:53:49.754+0000] {logging_mixin.py:188} INFO - [2026-01-28T13:53:49.753+0000] {dagbag.py:538} INFO - Filling up the DagBag from /opt/airflow/dags/airflow_dag_spark_streaming.py
[2026-01-28T13:53:49.789+0000] {processor.py:840} INFO - DAG(s) 'spark_sgp4_streaming' retrieved from /opt/airflow/dags/airflow_dag_spark_streaming.py
[2026-01-28T13:53:49.834+0000] {logging_mixin.py:188} INFO - [2026-01-28T13:53:49.833+0000] {dag.py:3036} INFO - Sync 1 DAGs
[2026-01-28T13:53:49.860+0000] {logging_mixin.py:188} INFO - [2026-01-28T13:53:49.859+0000] {dag.py:3823} INFO - Setting next_dagrun for spark_sgp4_streaming to None, run_after=None
[2026-01-28T13:53:49.882+0000] {processor.py:183} INFO - Processing /opt/airflow/dags/airflow_dag_spark_streaming.py took 0.141 seconds
[2026-01-28T13:54:20.033+0000] {processor.py:161} INFO - Started process (PID=4914) to work on /opt/airflow/dags/airflow_dag_spark_streaming.py
[2026-01-28T13:54:20.036+0000] {processor.py:830} INFO - Processing file /opt/airflow/dags/airflow_dag_spark_streaming.py for tasks to queue
[2026-01-28T13:54:20.038+0000] {logging_mixin.py:188} INFO - [2026-01-28T13:54:20.037+0000] {dagbag.py:538} INFO - Filling up the DagBag from /opt/airflow/dags/airflow_dag_spark_streaming.py
[2026-01-28T13:54:20.057+0000] {processor.py:840} INFO - DAG(s) 'spark_sgp4_streaming' retrieved from /opt/airflow/dags/airflow_dag_spark_streaming.py
[2026-01-28T13:54:20.109+0000] {logging_mixin.py:188} INFO - [2026-01-28T13:54:20.109+0000] {dag.py:3036} INFO - Sync 1 DAGs
[2026-01-28T13:54:20.136+0000] {logging_mixin.py:188} INFO - [2026-01-28T13:54:20.136+0000] {dag.py:3823} INFO - Setting next_dagrun for spark_sgp4_streaming to None, run_after=None
[2026-01-28T13:54:20.159+0000] {processor.py:183} INFO - Processing /opt/airflow/dags/airflow_dag_spark_streaming.py took 0.131 seconds
[2026-01-28T13:54:50.314+0000] {processor.py:161} INFO - Started process (PID=4924) to work on /opt/airflow/dags/airflow_dag_spark_streaming.py
[2026-01-28T13:54:50.315+0000] {processor.py:830} INFO - Processing file /opt/airflow/dags/airflow_dag_spark_streaming.py for tasks to queue
[2026-01-28T13:54:50.316+0000] {logging_mixin.py:188} INFO - [2026-01-28T13:54:50.315+0000] {dagbag.py:538} INFO - Filling up the DagBag from /opt/airflow/dags/airflow_dag_spark_streaming.py
[2026-01-28T13:54:50.340+0000] {processor.py:840} INFO - DAG(s) 'spark_sgp4_streaming' retrieved from /opt/airflow/dags/airflow_dag_spark_streaming.py
[2026-01-28T13:54:50.387+0000] {logging_mixin.py:188} INFO - [2026-01-28T13:54:50.386+0000] {dag.py:3036} INFO - Sync 1 DAGs
[2026-01-28T13:54:50.404+0000] {logging_mixin.py:188} INFO - [2026-01-28T13:54:50.403+0000] {dag.py:3823} INFO - Setting next_dagrun for spark_sgp4_streaming to None, run_after=None
[2026-01-28T13:54:50.427+0000] {processor.py:183} INFO - Processing /opt/airflow/dags/airflow_dag_spark_streaming.py took 0.121 seconds
[2026-01-28T13:55:20.569+0000] {processor.py:161} INFO - Started process (PID=4934) to work on /opt/airflow/dags/airflow_dag_spark_streaming.py
[2026-01-28T13:55:20.571+0000] {processor.py:830} INFO - Processing file /opt/airflow/dags/airflow_dag_spark_streaming.py for tasks to queue
[2026-01-28T13:55:20.572+0000] {logging_mixin.py:188} INFO - [2026-01-28T13:55:20.571+0000] {dagbag.py:538} INFO - Filling up the DagBag from /opt/airflow/dags/airflow_dag_spark_streaming.py
[2026-01-28T13:55:20.587+0000] {processor.py:840} INFO - DAG(s) 'spark_sgp4_streaming' retrieved from /opt/airflow/dags/airflow_dag_spark_streaming.py
[2026-01-28T13:55:20.627+0000] {logging_mixin.py:188} INFO - [2026-01-28T13:55:20.627+0000] {dag.py:3036} INFO - Sync 1 DAGs
[2026-01-28T13:55:20.644+0000] {logging_mixin.py:188} INFO - [2026-01-28T13:55:20.644+0000] {dag.py:3823} INFO - Setting next_dagrun for spark_sgp4_streaming to None, run_after=None
[2026-01-28T13:55:20.667+0000] {processor.py:183} INFO - Processing /opt/airflow/dags/airflow_dag_spark_streaming.py took 0.103 seconds
[2026-01-28T13:55:50.807+0000] {processor.py:161} INFO - Started process (PID=4944) to work on /opt/airflow/dags/airflow_dag_spark_streaming.py
[2026-01-28T13:55:50.808+0000] {processor.py:830} INFO - Processing file /opt/airflow/dags/airflow_dag_spark_streaming.py for tasks to queue
[2026-01-28T13:55:50.811+0000] {logging_mixin.py:188} INFO - [2026-01-28T13:55:50.810+0000] {dagbag.py:538} INFO - Filling up the DagBag from /opt/airflow/dags/airflow_dag_spark_streaming.py
[2026-01-28T13:55:50.837+0000] {processor.py:840} INFO - DAG(s) 'spark_sgp4_streaming' retrieved from /opt/airflow/dags/airflow_dag_spark_streaming.py
[2026-01-28T13:55:50.892+0000] {logging_mixin.py:188} INFO - [2026-01-28T13:55:50.891+0000] {dag.py:3036} INFO - Sync 1 DAGs
[2026-01-28T13:55:50.914+0000] {logging_mixin.py:188} INFO - [2026-01-28T13:55:50.914+0000] {dag.py:3823} INFO - Setting next_dagrun for spark_sgp4_streaming to None, run_after=None
[2026-01-28T13:55:50.939+0000] {processor.py:183} INFO - Processing /opt/airflow/dags/airflow_dag_spark_streaming.py took 0.136 seconds
[2026-01-28T13:56:21.079+0000] {processor.py:161} INFO - Started process (PID=4954) to work on /opt/airflow/dags/airflow_dag_spark_streaming.py
[2026-01-28T13:56:21.080+0000] {processor.py:830} INFO - Processing file /opt/airflow/dags/airflow_dag_spark_streaming.py for tasks to queue
[2026-01-28T13:56:21.082+0000] {logging_mixin.py:188} INFO - [2026-01-28T13:56:21.081+0000] {dagbag.py:538} INFO - Filling up the DagBag from /opt/airflow/dags/airflow_dag_spark_streaming.py
[2026-01-28T13:56:21.111+0000] {processor.py:840} INFO - DAG(s) 'spark_sgp4_streaming' retrieved from /opt/airflow/dags/airflow_dag_spark_streaming.py
[2026-01-28T13:56:21.169+0000] {logging_mixin.py:188} INFO - [2026-01-28T13:56:21.169+0000] {dag.py:3036} INFO - Sync 1 DAGs
[2026-01-28T13:56:21.193+0000] {logging_mixin.py:188} INFO - [2026-01-28T13:56:21.192+0000] {dag.py:3823} INFO - Setting next_dagrun for spark_sgp4_streaming to None, run_after=None
[2026-01-28T13:56:21.223+0000] {processor.py:183} INFO - Processing /opt/airflow/dags/airflow_dag_spark_streaming.py took 0.152 seconds
[2026-01-28T13:56:51.379+0000] {processor.py:161} INFO - Started process (PID=4964) to work on /opt/airflow/dags/airflow_dag_spark_streaming.py
[2026-01-28T13:56:51.380+0000] {processor.py:830} INFO - Processing file /opt/airflow/dags/airflow_dag_spark_streaming.py for tasks to queue
[2026-01-28T13:56:51.381+0000] {logging_mixin.py:188} INFO - [2026-01-28T13:56:51.381+0000] {dagbag.py:538} INFO - Filling up the DagBag from /opt/airflow/dags/airflow_dag_spark_streaming.py
[2026-01-28T13:56:51.399+0000] {processor.py:840} INFO - DAG(s) 'spark_sgp4_streaming' retrieved from /opt/airflow/dags/airflow_dag_spark_streaming.py
[2026-01-28T13:56:51.440+0000] {logging_mixin.py:188} INFO - [2026-01-28T13:56:51.440+0000] {dag.py:3036} INFO - Sync 1 DAGs
[2026-01-28T13:56:51.454+0000] {logging_mixin.py:188} INFO - [2026-01-28T13:56:51.454+0000] {dag.py:3823} INFO - Setting next_dagrun for spark_sgp4_streaming to None, run_after=None
[2026-01-28T13:56:51.476+0000] {processor.py:183} INFO - Processing /opt/airflow/dags/airflow_dag_spark_streaming.py took 0.104 seconds
[2026-01-28T13:57:21.629+0000] {processor.py:161} INFO - Started process (PID=4974) to work on /opt/airflow/dags/airflow_dag_spark_streaming.py
[2026-01-28T13:57:21.631+0000] {processor.py:830} INFO - Processing file /opt/airflow/dags/airflow_dag_spark_streaming.py for tasks to queue
[2026-01-28T13:57:21.633+0000] {logging_mixin.py:188} INFO - [2026-01-28T13:57:21.632+0000] {dagbag.py:538} INFO - Filling up the DagBag from /opt/airflow/dags/airflow_dag_spark_streaming.py
[2026-01-28T13:57:21.670+0000] {processor.py:840} INFO - DAG(s) 'spark_sgp4_streaming' retrieved from /opt/airflow/dags/airflow_dag_spark_streaming.py
[2026-01-28T13:57:21.743+0000] {logging_mixin.py:188} INFO - [2026-01-28T13:57:21.743+0000] {dag.py:3036} INFO - Sync 1 DAGs
[2026-01-28T13:57:21.769+0000] {logging_mixin.py:188} INFO - [2026-01-28T13:57:21.769+0000] {dag.py:3823} INFO - Setting next_dagrun for spark_sgp4_streaming to None, run_after=None
[2026-01-28T13:57:21.796+0000] {processor.py:183} INFO - Processing /opt/airflow/dags/airflow_dag_spark_streaming.py took 0.176 seconds
[2026-01-28T13:57:51.977+0000] {processor.py:161} INFO - Started process (PID=4984) to work on /opt/airflow/dags/airflow_dag_spark_streaming.py
[2026-01-28T13:57:51.979+0000] {processor.py:830} INFO - Processing file /opt/airflow/dags/airflow_dag_spark_streaming.py for tasks to queue
[2026-01-28T13:57:51.983+0000] {logging_mixin.py:188} INFO - [2026-01-28T13:57:51.981+0000] {dagbag.py:538} INFO - Filling up the DagBag from /opt/airflow/dags/airflow_dag_spark_streaming.py
[2026-01-28T13:57:52.028+0000] {processor.py:840} INFO - DAG(s) 'spark_sgp4_streaming' retrieved from /opt/airflow/dags/airflow_dag_spark_streaming.py
[2026-01-28T13:57:52.103+0000] {logging_mixin.py:188} INFO - [2026-01-28T13:57:52.103+0000] {dag.py:3036} INFO - Sync 1 DAGs
[2026-01-28T13:57:52.132+0000] {logging_mixin.py:188} INFO - [2026-01-28T13:57:52.132+0000] {dag.py:3823} INFO - Setting next_dagrun for spark_sgp4_streaming to None, run_after=None
[2026-01-28T13:57:52.163+0000] {processor.py:183} INFO - Processing /opt/airflow/dags/airflow_dag_spark_streaming.py took 0.196 seconds
[2026-01-28T13:58:22.306+0000] {processor.py:161} INFO - Started process (PID=4994) to work on /opt/airflow/dags/airflow_dag_spark_streaming.py
[2026-01-28T13:58:22.309+0000] {processor.py:830} INFO - Processing file /opt/airflow/dags/airflow_dag_spark_streaming.py for tasks to queue
[2026-01-28T13:58:22.310+0000] {logging_mixin.py:188} INFO - [2026-01-28T13:58:22.310+0000] {dagbag.py:538} INFO - Filling up the DagBag from /opt/airflow/dags/airflow_dag_spark_streaming.py
[2026-01-28T13:58:22.328+0000] {processor.py:840} INFO - DAG(s) 'spark_sgp4_streaming' retrieved from /opt/airflow/dags/airflow_dag_spark_streaming.py
[2026-01-28T13:58:22.374+0000] {logging_mixin.py:188} INFO - [2026-01-28T13:58:22.374+0000] {dag.py:3036} INFO - Sync 1 DAGs
[2026-01-28T13:58:22.390+0000] {logging_mixin.py:188} INFO - [2026-01-28T13:58:22.390+0000] {dag.py:3823} INFO - Setting next_dagrun for spark_sgp4_streaming to None, run_after=None
[2026-01-28T13:58:22.412+0000] {processor.py:183} INFO - Processing /opt/airflow/dags/airflow_dag_spark_streaming.py took 0.111 seconds
[2026-01-28T13:58:52.587+0000] {processor.py:161} INFO - Started process (PID=5004) to work on /opt/airflow/dags/airflow_dag_spark_streaming.py
[2026-01-28T13:58:52.588+0000] {processor.py:830} INFO - Processing file /opt/airflow/dags/airflow_dag_spark_streaming.py for tasks to queue
[2026-01-28T13:58:52.590+0000] {logging_mixin.py:188} INFO - [2026-01-28T13:58:52.589+0000] {dagbag.py:538} INFO - Filling up the DagBag from /opt/airflow/dags/airflow_dag_spark_streaming.py
[2026-01-28T13:58:52.619+0000] {processor.py:840} INFO - DAG(s) 'spark_sgp4_streaming' retrieved from /opt/airflow/dags/airflow_dag_spark_streaming.py
[2026-01-28T13:58:52.669+0000] {logging_mixin.py:188} INFO - [2026-01-28T13:58:52.668+0000] {dag.py:3036} INFO - Sync 1 DAGs
[2026-01-28T13:58:52.690+0000] {logging_mixin.py:188} INFO - [2026-01-28T13:58:52.690+0000] {dag.py:3823} INFO - Setting next_dagrun for spark_sgp4_streaming to None, run_after=None
[2026-01-28T13:58:52.717+0000] {processor.py:183} INFO - Processing /opt/airflow/dags/airflow_dag_spark_streaming.py took 0.138 seconds
[2026-01-28T13:59:22.862+0000] {processor.py:161} INFO - Started process (PID=5014) to work on /opt/airflow/dags/airflow_dag_spark_streaming.py
[2026-01-28T13:59:22.864+0000] {processor.py:830} INFO - Processing file /opt/airflow/dags/airflow_dag_spark_streaming.py for tasks to queue
[2026-01-28T13:59:22.866+0000] {logging_mixin.py:188} INFO - [2026-01-28T13:59:22.864+0000] {dagbag.py:538} INFO - Filling up the DagBag from /opt/airflow/dags/airflow_dag_spark_streaming.py
[2026-01-28T13:59:22.880+0000] {processor.py:840} INFO - DAG(s) 'spark_sgp4_streaming' retrieved from /opt/airflow/dags/airflow_dag_spark_streaming.py
[2026-01-28T13:59:22.915+0000] {logging_mixin.py:188} INFO - [2026-01-28T13:59:22.915+0000] {dag.py:3036} INFO - Sync 1 DAGs
[2026-01-28T13:59:22.928+0000] {logging_mixin.py:188} INFO - [2026-01-28T13:59:22.928+0000] {dag.py:3823} INFO - Setting next_dagrun for spark_sgp4_streaming to None, run_after=None
[2026-01-28T13:59:22.946+0000] {processor.py:183} INFO - Processing /opt/airflow/dags/airflow_dag_spark_streaming.py took 0.091 seconds
[2026-01-28T13:59:53.102+0000] {processor.py:161} INFO - Started process (PID=5024) to work on /opt/airflow/dags/airflow_dag_spark_streaming.py
[2026-01-28T13:59:53.105+0000] {processor.py:830} INFO - Processing file /opt/airflow/dags/airflow_dag_spark_streaming.py for tasks to queue
[2026-01-28T13:59:53.106+0000] {logging_mixin.py:188} INFO - [2026-01-28T13:59:53.105+0000] {dagbag.py:538} INFO - Filling up the DagBag from /opt/airflow/dags/airflow_dag_spark_streaming.py
[2026-01-28T13:59:53.123+0000] {processor.py:840} INFO - DAG(s) 'spark_sgp4_streaming' retrieved from /opt/airflow/dags/airflow_dag_spark_streaming.py
[2026-01-28T13:59:53.177+0000] {logging_mixin.py:188} INFO - [2026-01-28T13:59:53.177+0000] {dag.py:3036} INFO - Sync 1 DAGs
[2026-01-28T13:59:53.200+0000] {logging_mixin.py:188} INFO - [2026-01-28T13:59:53.199+0000] {dag.py:3823} INFO - Setting next_dagrun for spark_sgp4_streaming to None, run_after=None
[2026-01-28T13:59:53.227+0000] {processor.py:183} INFO - Processing /opt/airflow/dags/airflow_dag_spark_streaming.py took 0.130 seconds
[2026-01-28T14:00:23.385+0000] {processor.py:161} INFO - Started process (PID=5039) to work on /opt/airflow/dags/airflow_dag_spark_streaming.py
[2026-01-28T14:00:23.387+0000] {processor.py:830} INFO - Processing file /opt/airflow/dags/airflow_dag_spark_streaming.py for tasks to queue
[2026-01-28T14:00:23.388+0000] {logging_mixin.py:188} INFO - [2026-01-28T14:00:23.387+0000] {dagbag.py:538} INFO - Filling up the DagBag from /opt/airflow/dags/airflow_dag_spark_streaming.py
[2026-01-28T14:00:23.421+0000] {processor.py:840} INFO - DAG(s) 'spark_sgp4_streaming' retrieved from /opt/airflow/dags/airflow_dag_spark_streaming.py
[2026-01-28T14:00:23.481+0000] {logging_mixin.py:188} INFO - [2026-01-28T14:00:23.481+0000] {dag.py:3036} INFO - Sync 1 DAGs
[2026-01-28T14:00:23.504+0000] {logging_mixin.py:188} INFO - [2026-01-28T14:00:23.503+0000] {dag.py:3823} INFO - Setting next_dagrun for spark_sgp4_streaming to None, run_after=None
[2026-01-28T14:00:23.528+0000] {processor.py:183} INFO - Processing /opt/airflow/dags/airflow_dag_spark_streaming.py took 0.153 seconds
[2026-01-28T14:00:53.678+0000] {processor.py:161} INFO - Started process (PID=5049) to work on /opt/airflow/dags/airflow_dag_spark_streaming.py
[2026-01-28T14:00:53.679+0000] {processor.py:830} INFO - Processing file /opt/airflow/dags/airflow_dag_spark_streaming.py for tasks to queue
[2026-01-28T14:00:53.681+0000] {logging_mixin.py:188} INFO - [2026-01-28T14:00:53.680+0000] {dagbag.py:538} INFO - Filling up the DagBag from /opt/airflow/dags/airflow_dag_spark_streaming.py
[2026-01-28T14:00:53.702+0000] {processor.py:840} INFO - DAG(s) 'spark_sgp4_streaming' retrieved from /opt/airflow/dags/airflow_dag_spark_streaming.py
[2026-01-28T14:00:53.743+0000] {logging_mixin.py:188} INFO - [2026-01-28T14:00:53.743+0000] {dag.py:3036} INFO - Sync 1 DAGs
[2026-01-28T14:00:53.761+0000] {logging_mixin.py:188} INFO - [2026-01-28T14:00:53.760+0000] {dag.py:3823} INFO - Setting next_dagrun for spark_sgp4_streaming to None, run_after=None
[2026-01-28T14:00:53.785+0000] {processor.py:183} INFO - Processing /opt/airflow/dags/airflow_dag_spark_streaming.py took 0.111 seconds
[2026-01-28T14:01:23.953+0000] {processor.py:161} INFO - Started process (PID=5059) to work on /opt/airflow/dags/airflow_dag_spark_streaming.py
[2026-01-28T14:01:23.954+0000] {processor.py:830} INFO - Processing file /opt/airflow/dags/airflow_dag_spark_streaming.py for tasks to queue
[2026-01-28T14:01:23.956+0000] {logging_mixin.py:188} INFO - [2026-01-28T14:01:23.955+0000] {dagbag.py:538} INFO - Filling up the DagBag from /opt/airflow/dags/airflow_dag_spark_streaming.py
[2026-01-28T14:01:23.987+0000] {processor.py:840} INFO - DAG(s) 'spark_sgp4_streaming' retrieved from /opt/airflow/dags/airflow_dag_spark_streaming.py
[2026-01-28T14:01:24.044+0000] {logging_mixin.py:188} INFO - [2026-01-28T14:01:24.044+0000] {dag.py:3036} INFO - Sync 1 DAGs
[2026-01-28T14:01:24.067+0000] {logging_mixin.py:188} INFO - [2026-01-28T14:01:24.067+0000] {dag.py:3823} INFO - Setting next_dagrun for spark_sgp4_streaming to None, run_after=None
[2026-01-28T14:01:24.097+0000] {processor.py:183} INFO - Processing /opt/airflow/dags/airflow_dag_spark_streaming.py took 0.151 seconds
[2026-01-28T14:01:54.255+0000] {processor.py:161} INFO - Started process (PID=5069) to work on /opt/airflow/dags/airflow_dag_spark_streaming.py
[2026-01-28T14:01:54.256+0000] {processor.py:830} INFO - Processing file /opt/airflow/dags/airflow_dag_spark_streaming.py for tasks to queue
[2026-01-28T14:01:54.257+0000] {logging_mixin.py:188} INFO - [2026-01-28T14:01:54.256+0000] {dagbag.py:538} INFO - Filling up the DagBag from /opt/airflow/dags/airflow_dag_spark_streaming.py
[2026-01-28T14:01:54.278+0000] {processor.py:840} INFO - DAG(s) 'spark_sgp4_streaming' retrieved from /opt/airflow/dags/airflow_dag_spark_streaming.py
[2026-01-28T14:01:54.323+0000] {logging_mixin.py:188} INFO - [2026-01-28T14:01:54.323+0000] {dag.py:3036} INFO - Sync 1 DAGs
[2026-01-28T14:01:54.347+0000] {logging_mixin.py:188} INFO - [2026-01-28T14:01:54.346+0000] {dag.py:3823} INFO - Setting next_dagrun for spark_sgp4_streaming to None, run_after=None
[2026-01-28T14:01:54.373+0000] {processor.py:183} INFO - Processing /opt/airflow/dags/airflow_dag_spark_streaming.py took 0.124 seconds
[2026-01-28T14:16:57.287+0000] {processor.py:161} INFO - Started process (PID=5079) to work on /opt/airflow/dags/airflow_dag_spark_streaming.py
[2026-01-28T14:16:57.289+0000] {processor.py:830} INFO - Processing file /opt/airflow/dags/airflow_dag_spark_streaming.py for tasks to queue
[2026-01-28T14:16:57.292+0000] {logging_mixin.py:188} INFO - [2026-01-28T14:16:57.290+0000] {dagbag.py:538} INFO - Filling up the DagBag from /opt/airflow/dags/airflow_dag_spark_streaming.py
[2026-01-28T14:16:57.343+0000] {processor.py:840} INFO - DAG(s) 'spark_sgp4_streaming' retrieved from /opt/airflow/dags/airflow_dag_spark_streaming.py
[2026-01-28T14:16:57.440+0000] {logging_mixin.py:188} INFO - [2026-01-28T14:16:57.440+0000] {dag.py:3036} INFO - Sync 1 DAGs
[2026-01-28T14:16:57.465+0000] {logging_mixin.py:188} INFO - [2026-01-28T14:16:57.464+0000] {dag.py:3823} INFO - Setting next_dagrun for spark_sgp4_streaming to None, run_after=None
[2026-01-28T14:16:57.493+0000] {processor.py:183} INFO - Processing /opt/airflow/dags/airflow_dag_spark_streaming.py took 0.218 seconds
[2026-01-28T14:17:27.639+0000] {processor.py:161} INFO - Started process (PID=5091) to work on /opt/airflow/dags/airflow_dag_spark_streaming.py
[2026-01-28T14:17:27.640+0000] {processor.py:830} INFO - Processing file /opt/airflow/dags/airflow_dag_spark_streaming.py for tasks to queue
[2026-01-28T14:17:27.645+0000] {logging_mixin.py:188} INFO - [2026-01-28T14:17:27.641+0000] {dagbag.py:538} INFO - Filling up the DagBag from /opt/airflow/dags/airflow_dag_spark_streaming.py
[2026-01-28T14:17:27.683+0000] {processor.py:840} INFO - DAG(s) 'spark_sgp4_streaming' retrieved from /opt/airflow/dags/airflow_dag_spark_streaming.py
[2026-01-28T14:17:27.790+0000] {logging_mixin.py:188} INFO - [2026-01-28T14:17:27.790+0000] {dag.py:3036} INFO - Sync 1 DAGs
[2026-01-28T14:17:27.825+0000] {logging_mixin.py:188} INFO - [2026-01-28T14:17:27.825+0000] {dag.py:3823} INFO - Setting next_dagrun for spark_sgp4_streaming to None, run_after=None
[2026-01-28T14:17:27.863+0000] {processor.py:183} INFO - Processing /opt/airflow/dags/airflow_dag_spark_streaming.py took 0.231 seconds
[2026-01-28T14:17:58.030+0000] {processor.py:161} INFO - Started process (PID=5101) to work on /opt/airflow/dags/airflow_dag_spark_streaming.py
[2026-01-28T14:17:58.031+0000] {processor.py:830} INFO - Processing file /opt/airflow/dags/airflow_dag_spark_streaming.py for tasks to queue
[2026-01-28T14:17:58.035+0000] {logging_mixin.py:188} INFO - [2026-01-28T14:17:58.034+0000] {dagbag.py:538} INFO - Filling up the DagBag from /opt/airflow/dags/airflow_dag_spark_streaming.py
[2026-01-28T14:17:58.073+0000] {processor.py:840} INFO - DAG(s) 'spark_sgp4_streaming' retrieved from /opt/airflow/dags/airflow_dag_spark_streaming.py
[2026-01-28T14:17:58.142+0000] {logging_mixin.py:188} INFO - [2026-01-28T14:17:58.141+0000] {dag.py:3036} INFO - Sync 1 DAGs
[2026-01-28T14:17:58.166+0000] {logging_mixin.py:188} INFO - [2026-01-28T14:17:58.166+0000] {dag.py:3823} INFO - Setting next_dagrun for spark_sgp4_streaming to None, run_after=None
[2026-01-28T14:17:58.195+0000] {processor.py:183} INFO - Processing /opt/airflow/dags/airflow_dag_spark_streaming.py took 0.180 seconds
[2026-01-28T14:18:28.346+0000] {processor.py:161} INFO - Started process (PID=5111) to work on /opt/airflow/dags/airflow_dag_spark_streaming.py
[2026-01-28T14:18:28.347+0000] {processor.py:830} INFO - Processing file /opt/airflow/dags/airflow_dag_spark_streaming.py for tasks to queue
[2026-01-28T14:18:28.348+0000] {logging_mixin.py:188} INFO - [2026-01-28T14:18:28.347+0000] {dagbag.py:538} INFO - Filling up the DagBag from /opt/airflow/dags/airflow_dag_spark_streaming.py
[2026-01-28T14:18:28.360+0000] {processor.py:840} INFO - DAG(s) 'spark_sgp4_streaming' retrieved from /opt/airflow/dags/airflow_dag_spark_streaming.py
[2026-01-28T14:18:28.393+0000] {logging_mixin.py:188} INFO - [2026-01-28T14:18:28.393+0000] {dag.py:3036} INFO - Sync 1 DAGs
[2026-01-28T14:18:28.409+0000] {logging_mixin.py:188} INFO - [2026-01-28T14:18:28.409+0000] {dag.py:3823} INFO - Setting next_dagrun for spark_sgp4_streaming to None, run_after=None
[2026-01-28T14:18:28.431+0000] {processor.py:183} INFO - Processing /opt/airflow/dags/airflow_dag_spark_streaming.py took 0.090 seconds
[2026-01-28T14:18:58.570+0000] {processor.py:161} INFO - Started process (PID=5121) to work on /opt/airflow/dags/airflow_dag_spark_streaming.py
[2026-01-28T14:18:58.572+0000] {processor.py:830} INFO - Processing file /opt/airflow/dags/airflow_dag_spark_streaming.py for tasks to queue
[2026-01-28T14:18:58.573+0000] {logging_mixin.py:188} INFO - [2026-01-28T14:18:58.572+0000] {dagbag.py:538} INFO - Filling up the DagBag from /opt/airflow/dags/airflow_dag_spark_streaming.py
[2026-01-28T14:18:58.584+0000] {processor.py:840} INFO - DAG(s) 'spark_sgp4_streaming' retrieved from /opt/airflow/dags/airflow_dag_spark_streaming.py
[2026-01-28T14:18:58.620+0000] {logging_mixin.py:188} INFO - [2026-01-28T14:18:58.620+0000] {dag.py:3036} INFO - Sync 1 DAGs
[2026-01-28T14:18:58.637+0000] {logging_mixin.py:188} INFO - [2026-01-28T14:18:58.637+0000] {dag.py:3823} INFO - Setting next_dagrun for spark_sgp4_streaming to None, run_after=None
[2026-01-28T14:18:58.657+0000] {processor.py:183} INFO - Processing /opt/airflow/dags/airflow_dag_spark_streaming.py took 0.091 seconds
[2026-01-28T14:19:28.803+0000] {processor.py:161} INFO - Started process (PID=5131) to work on /opt/airflow/dags/airflow_dag_spark_streaming.py
[2026-01-28T14:19:28.805+0000] {processor.py:830} INFO - Processing file /opt/airflow/dags/airflow_dag_spark_streaming.py for tasks to queue
[2026-01-28T14:19:28.807+0000] {logging_mixin.py:188} INFO - [2026-01-28T14:19:28.806+0000] {dagbag.py:538} INFO - Filling up the DagBag from /opt/airflow/dags/airflow_dag_spark_streaming.py
[2026-01-28T14:19:28.838+0000] {processor.py:840} INFO - DAG(s) 'spark_sgp4_streaming' retrieved from /opt/airflow/dags/airflow_dag_spark_streaming.py
[2026-01-28T14:19:28.894+0000] {logging_mixin.py:188} INFO - [2026-01-28T14:19:28.894+0000] {dag.py:3036} INFO - Sync 1 DAGs
[2026-01-28T14:19:28.920+0000] {logging_mixin.py:188} INFO - [2026-01-28T14:19:28.919+0000] {dag.py:3823} INFO - Setting next_dagrun for spark_sgp4_streaming to None, run_after=None
[2026-01-28T14:19:28.956+0000] {processor.py:183} INFO - Processing /opt/airflow/dags/airflow_dag_spark_streaming.py took 0.162 seconds
[2026-01-28T14:19:59.091+0000] {processor.py:161} INFO - Started process (PID=5141) to work on /opt/airflow/dags/airflow_dag_spark_streaming.py
[2026-01-28T14:19:59.093+0000] {processor.py:830} INFO - Processing file /opt/airflow/dags/airflow_dag_spark_streaming.py for tasks to queue
[2026-01-28T14:19:59.094+0000] {logging_mixin.py:188} INFO - [2026-01-28T14:19:59.094+0000] {dagbag.py:538} INFO - Filling up the DagBag from /opt/airflow/dags/airflow_dag_spark_streaming.py
[2026-01-28T14:19:59.110+0000] {processor.py:840} INFO - DAG(s) 'spark_sgp4_streaming' retrieved from /opt/airflow/dags/airflow_dag_spark_streaming.py
[2026-01-28T14:19:59.149+0000] {logging_mixin.py:188} INFO - [2026-01-28T14:19:59.149+0000] {dag.py:3036} INFO - Sync 1 DAGs
[2026-01-28T14:19:59.163+0000] {logging_mixin.py:188} INFO - [2026-01-28T14:19:59.163+0000] {dag.py:3823} INFO - Setting next_dagrun for spark_sgp4_streaming to None, run_after=None
[2026-01-28T14:19:59.186+0000] {processor.py:183} INFO - Processing /opt/airflow/dags/airflow_dag_spark_streaming.py took 0.098 seconds
[2026-01-28T14:20:29.323+0000] {processor.py:161} INFO - Started process (PID=5151) to work on /opt/airflow/dags/airflow_dag_spark_streaming.py
[2026-01-28T14:20:29.324+0000] {processor.py:830} INFO - Processing file /opt/airflow/dags/airflow_dag_spark_streaming.py for tasks to queue
[2026-01-28T14:20:29.326+0000] {logging_mixin.py:188} INFO - [2026-01-28T14:20:29.325+0000] {dagbag.py:538} INFO - Filling up the DagBag from /opt/airflow/dags/airflow_dag_spark_streaming.py
[2026-01-28T14:20:29.350+0000] {processor.py:840} INFO - DAG(s) 'spark_sgp4_streaming' retrieved from /opt/airflow/dags/airflow_dag_spark_streaming.py
[2026-01-28T14:20:29.403+0000] {logging_mixin.py:188} INFO - [2026-01-28T14:20:29.402+0000] {dag.py:3036} INFO - Sync 1 DAGs
[2026-01-28T14:20:29.425+0000] {logging_mixin.py:188} INFO - [2026-01-28T14:20:29.425+0000] {dag.py:3823} INFO - Setting next_dagrun for spark_sgp4_streaming to None, run_after=None
[2026-01-28T14:20:29.447+0000] {processor.py:183} INFO - Processing /opt/airflow/dags/airflow_dag_spark_streaming.py took 0.133 seconds
[2026-01-28T14:20:59.584+0000] {processor.py:161} INFO - Started process (PID=5161) to work on /opt/airflow/dags/airflow_dag_spark_streaming.py
[2026-01-28T14:20:59.586+0000] {processor.py:830} INFO - Processing file /opt/airflow/dags/airflow_dag_spark_streaming.py for tasks to queue
[2026-01-28T14:20:59.587+0000] {logging_mixin.py:188} INFO - [2026-01-28T14:20:59.586+0000] {dagbag.py:538} INFO - Filling up the DagBag from /opt/airflow/dags/airflow_dag_spark_streaming.py
[2026-01-28T14:20:59.601+0000] {processor.py:840} INFO - DAG(s) 'spark_sgp4_streaming' retrieved from /opt/airflow/dags/airflow_dag_spark_streaming.py
[2026-01-28T14:20:59.633+0000] {logging_mixin.py:188} INFO - [2026-01-28T14:20:59.633+0000] {dag.py:3036} INFO - Sync 1 DAGs
[2026-01-28T14:20:59.651+0000] {logging_mixin.py:188} INFO - [2026-01-28T14:20:59.651+0000] {dag.py:3823} INFO - Setting next_dagrun for spark_sgp4_streaming to None, run_after=None
[2026-01-28T14:20:59.678+0000] {processor.py:183} INFO - Processing /opt/airflow/dags/airflow_dag_spark_streaming.py took 0.097 seconds
[2026-01-28T14:21:29.830+0000] {processor.py:161} INFO - Started process (PID=5171) to work on /opt/airflow/dags/airflow_dag_spark_streaming.py
[2026-01-28T14:21:29.832+0000] {processor.py:830} INFO - Processing file /opt/airflow/dags/airflow_dag_spark_streaming.py for tasks to queue
[2026-01-28T14:21:29.833+0000] {logging_mixin.py:188} INFO - [2026-01-28T14:21:29.832+0000] {dagbag.py:538} INFO - Filling up the DagBag from /opt/airflow/dags/airflow_dag_spark_streaming.py
[2026-01-28T14:21:29.863+0000] {processor.py:840} INFO - DAG(s) 'spark_sgp4_streaming' retrieved from /opt/airflow/dags/airflow_dag_spark_streaming.py
[2026-01-28T14:21:29.931+0000] {logging_mixin.py:188} INFO - [2026-01-28T14:21:29.930+0000] {dag.py:3036} INFO - Sync 1 DAGs
[2026-01-28T14:21:29.954+0000] {logging_mixin.py:188} INFO - [2026-01-28T14:21:29.954+0000] {dag.py:3823} INFO - Setting next_dagrun for spark_sgp4_streaming to None, run_after=None
[2026-01-28T14:21:29.984+0000] {processor.py:183} INFO - Processing /opt/airflow/dags/airflow_dag_spark_streaming.py took 0.163 seconds
[2026-01-28T14:22:00.179+0000] {processor.py:161} INFO - Started process (PID=5181) to work on /opt/airflow/dags/airflow_dag_spark_streaming.py
[2026-01-28T14:22:00.180+0000] {processor.py:830} INFO - Processing file /opt/airflow/dags/airflow_dag_spark_streaming.py for tasks to queue
[2026-01-28T14:22:00.181+0000] {logging_mixin.py:188} INFO - [2026-01-28T14:22:00.180+0000] {dagbag.py:538} INFO - Filling up the DagBag from /opt/airflow/dags/airflow_dag_spark_streaming.py
[2026-01-28T14:22:00.203+0000] {processor.py:840} INFO - DAG(s) 'spark_sgp4_streaming' retrieved from /opt/airflow/dags/airflow_dag_spark_streaming.py
[2026-01-28T14:22:00.243+0000] {logging_mixin.py:188} INFO - [2026-01-28T14:22:00.243+0000] {dag.py:3036} INFO - Sync 1 DAGs
[2026-01-28T14:22:00.257+0000] {logging_mixin.py:188} INFO - [2026-01-28T14:22:00.256+0000] {dag.py:3823} INFO - Setting next_dagrun for spark_sgp4_streaming to None, run_after=None
[2026-01-28T14:22:00.275+0000] {processor.py:183} INFO - Processing /opt/airflow/dags/airflow_dag_spark_streaming.py took 0.103 seconds
[2026-01-28T14:22:30.414+0000] {processor.py:161} INFO - Started process (PID=5191) to work on /opt/airflow/dags/airflow_dag_spark_streaming.py
[2026-01-28T14:22:30.418+0000] {processor.py:830} INFO - Processing file /opt/airflow/dags/airflow_dag_spark_streaming.py for tasks to queue
[2026-01-28T14:22:30.419+0000] {logging_mixin.py:188} INFO - [2026-01-28T14:22:30.418+0000] {dagbag.py:538} INFO - Filling up the DagBag from /opt/airflow/dags/airflow_dag_spark_streaming.py
[2026-01-28T14:22:30.451+0000] {processor.py:840} INFO - DAG(s) 'spark_sgp4_streaming' retrieved from /opt/airflow/dags/airflow_dag_spark_streaming.py
[2026-01-28T14:22:30.505+0000] {logging_mixin.py:188} INFO - [2026-01-28T14:22:30.505+0000] {dag.py:3036} INFO - Sync 1 DAGs
[2026-01-28T14:22:30.529+0000] {logging_mixin.py:188} INFO - [2026-01-28T14:22:30.528+0000] {dag.py:3823} INFO - Setting next_dagrun for spark_sgp4_streaming to None, run_after=None
[2026-01-28T14:22:30.556+0000] {processor.py:183} INFO - Processing /opt/airflow/dags/airflow_dag_spark_streaming.py took 0.152 seconds
[2026-01-28T14:23:00.703+0000] {processor.py:161} INFO - Started process (PID=5201) to work on /opt/airflow/dags/airflow_dag_spark_streaming.py
[2026-01-28T14:23:00.705+0000] {processor.py:830} INFO - Processing file /opt/airflow/dags/airflow_dag_spark_streaming.py for tasks to queue
[2026-01-28T14:23:00.708+0000] {logging_mixin.py:188} INFO - [2026-01-28T14:23:00.707+0000] {dagbag.py:538} INFO - Filling up the DagBag from /opt/airflow/dags/airflow_dag_spark_streaming.py
[2026-01-28T14:23:00.741+0000] {processor.py:840} INFO - DAG(s) 'spark_sgp4_streaming' retrieved from /opt/airflow/dags/airflow_dag_spark_streaming.py
[2026-01-28T14:23:00.787+0000] {logging_mixin.py:188} INFO - [2026-01-28T14:23:00.786+0000] {dag.py:3036} INFO - Sync 1 DAGs
[2026-01-28T14:23:00.803+0000] {logging_mixin.py:188} INFO - [2026-01-28T14:23:00.803+0000] {dag.py:3823} INFO - Setting next_dagrun for spark_sgp4_streaming to None, run_after=None
[2026-01-28T14:23:00.832+0000] {processor.py:183} INFO - Processing /opt/airflow/dags/airflow_dag_spark_streaming.py took 0.138 seconds
[2026-01-28T14:23:30.995+0000] {processor.py:161} INFO - Started process (PID=5211) to work on /opt/airflow/dags/airflow_dag_spark_streaming.py
[2026-01-28T14:23:30.997+0000] {processor.py:830} INFO - Processing file /opt/airflow/dags/airflow_dag_spark_streaming.py for tasks to queue
[2026-01-28T14:23:30.999+0000] {logging_mixin.py:188} INFO - [2026-01-28T14:23:30.998+0000] {dagbag.py:538} INFO - Filling up the DagBag from /opt/airflow/dags/airflow_dag_spark_streaming.py
[2026-01-28T14:23:31.033+0000] {processor.py:840} INFO - DAG(s) 'spark_sgp4_streaming' retrieved from /opt/airflow/dags/airflow_dag_spark_streaming.py
[2026-01-28T14:23:31.097+0000] {logging_mixin.py:188} INFO - [2026-01-28T14:23:31.096+0000] {dag.py:3036} INFO - Sync 1 DAGs
[2026-01-28T14:23:31.121+0000] {logging_mixin.py:188} INFO - [2026-01-28T14:23:31.121+0000] {dag.py:3823} INFO - Setting next_dagrun for spark_sgp4_streaming to None, run_after=None
[2026-01-28T14:23:31.151+0000] {processor.py:183} INFO - Processing /opt/airflow/dags/airflow_dag_spark_streaming.py took 0.170 seconds
[2026-01-28T14:24:01.326+0000] {processor.py:161} INFO - Started process (PID=5221) to work on /opt/airflow/dags/airflow_dag_spark_streaming.py
[2026-01-28T14:24:01.328+0000] {processor.py:830} INFO - Processing file /opt/airflow/dags/airflow_dag_spark_streaming.py for tasks to queue
[2026-01-28T14:24:01.330+0000] {logging_mixin.py:188} INFO - [2026-01-28T14:24:01.329+0000] {dagbag.py:538} INFO - Filling up the DagBag from /opt/airflow/dags/airflow_dag_spark_streaming.py
[2026-01-28T14:24:01.355+0000] {processor.py:840} INFO - DAG(s) 'spark_sgp4_streaming' retrieved from /opt/airflow/dags/airflow_dag_spark_streaming.py
[2026-01-28T14:24:01.401+0000] {logging_mixin.py:188} INFO - [2026-01-28T14:24:01.401+0000] {dag.py:3036} INFO - Sync 1 DAGs
[2026-01-28T14:24:01.420+0000] {logging_mixin.py:188} INFO - [2026-01-28T14:24:01.419+0000] {dag.py:3823} INFO - Setting next_dagrun for spark_sgp4_streaming to None, run_after=None
[2026-01-28T14:24:01.437+0000] {processor.py:183} INFO - Processing /opt/airflow/dags/airflow_dag_spark_streaming.py took 0.123 seconds
[2026-01-28T14:24:31.586+0000] {processor.py:161} INFO - Started process (PID=5231) to work on /opt/airflow/dags/airflow_dag_spark_streaming.py
[2026-01-28T14:24:31.587+0000] {processor.py:830} INFO - Processing file /opt/airflow/dags/airflow_dag_spark_streaming.py for tasks to queue
[2026-01-28T14:24:31.592+0000] {logging_mixin.py:188} INFO - [2026-01-28T14:24:31.588+0000] {dagbag.py:538} INFO - Filling up the DagBag from /opt/airflow/dags/airflow_dag_spark_streaming.py
[2026-01-28T14:24:31.625+0000] {processor.py:840} INFO - DAG(s) 'spark_sgp4_streaming' retrieved from /opt/airflow/dags/airflow_dag_spark_streaming.py
[2026-01-28T14:24:31.686+0000] {logging_mixin.py:188} INFO - [2026-01-28T14:24:31.685+0000] {dag.py:3036} INFO - Sync 1 DAGs
[2026-01-28T14:24:31.713+0000] {logging_mixin.py:188} INFO - [2026-01-28T14:24:31.713+0000] {dag.py:3823} INFO - Setting next_dagrun for spark_sgp4_streaming to None, run_after=None
[2026-01-28T14:24:31.742+0000] {processor.py:183} INFO - Processing /opt/airflow/dags/airflow_dag_spark_streaming.py took 0.166 seconds
[2026-01-28T14:25:01.892+0000] {processor.py:161} INFO - Started process (PID=5241) to work on /opt/airflow/dags/airflow_dag_spark_streaming.py
[2026-01-28T14:25:01.893+0000] {processor.py:830} INFO - Processing file /opt/airflow/dags/airflow_dag_spark_streaming.py for tasks to queue
[2026-01-28T14:25:01.895+0000] {logging_mixin.py:188} INFO - [2026-01-28T14:25:01.894+0000] {dagbag.py:538} INFO - Filling up the DagBag from /opt/airflow/dags/airflow_dag_spark_streaming.py
[2026-01-28T14:25:01.914+0000] {processor.py:840} INFO - DAG(s) 'spark_sgp4_streaming' retrieved from /opt/airflow/dags/airflow_dag_spark_streaming.py
[2026-01-28T14:25:01.954+0000] {logging_mixin.py:188} INFO - [2026-01-28T14:25:01.954+0000] {dag.py:3036} INFO - Sync 1 DAGs
[2026-01-28T14:25:01.970+0000] {logging_mixin.py:188} INFO - [2026-01-28T14:25:01.969+0000] {dag.py:3823} INFO - Setting next_dagrun for spark_sgp4_streaming to None, run_after=None
[2026-01-28T14:25:01.991+0000] {processor.py:183} INFO - Processing /opt/airflow/dags/airflow_dag_spark_streaming.py took 0.108 seconds
[2026-01-28T14:25:32.158+0000] {processor.py:161} INFO - Started process (PID=5251) to work on /opt/airflow/dags/airflow_dag_spark_streaming.py
[2026-01-28T14:25:32.160+0000] {processor.py:830} INFO - Processing file /opt/airflow/dags/airflow_dag_spark_streaming.py for tasks to queue
[2026-01-28T14:25:32.163+0000] {logging_mixin.py:188} INFO - [2026-01-28T14:25:32.161+0000] {dagbag.py:538} INFO - Filling up the DagBag from /opt/airflow/dags/airflow_dag_spark_streaming.py
[2026-01-28T14:25:32.195+0000] {processor.py:840} INFO - DAG(s) 'spark_sgp4_streaming' retrieved from /opt/airflow/dags/airflow_dag_spark_streaming.py
[2026-01-28T14:25:32.252+0000] {logging_mixin.py:188} INFO - [2026-01-28T14:25:32.252+0000] {dag.py:3036} INFO - Sync 1 DAGs
[2026-01-28T14:25:32.276+0000] {logging_mixin.py:188} INFO - [2026-01-28T14:25:32.276+0000] {dag.py:3823} INFO - Setting next_dagrun for spark_sgp4_streaming to None, run_after=None
[2026-01-28T14:25:32.301+0000] {processor.py:183} INFO - Processing /opt/airflow/dags/airflow_dag_spark_streaming.py took 0.156 seconds
[2026-01-28T14:26:02.447+0000] {processor.py:161} INFO - Started process (PID=5261) to work on /opt/airflow/dags/airflow_dag_spark_streaming.py
[2026-01-28T14:26:02.450+0000] {processor.py:830} INFO - Processing file /opt/airflow/dags/airflow_dag_spark_streaming.py for tasks to queue
[2026-01-28T14:26:02.451+0000] {logging_mixin.py:188} INFO - [2026-01-28T14:26:02.450+0000] {dagbag.py:538} INFO - Filling up the DagBag from /opt/airflow/dags/airflow_dag_spark_streaming.py
[2026-01-28T14:26:02.472+0000] {processor.py:840} INFO - DAG(s) 'spark_sgp4_streaming' retrieved from /opt/airflow/dags/airflow_dag_spark_streaming.py
[2026-01-28T14:26:02.528+0000] {logging_mixin.py:188} INFO - [2026-01-28T14:26:02.527+0000] {dag.py:3036} INFO - Sync 1 DAGs
[2026-01-28T14:26:02.543+0000] {logging_mixin.py:188} INFO - [2026-01-28T14:26:02.543+0000] {dag.py:3823} INFO - Setting next_dagrun for spark_sgp4_streaming to None, run_after=None
[2026-01-28T14:26:02.566+0000] {processor.py:183} INFO - Processing /opt/airflow/dags/airflow_dag_spark_streaming.py took 0.127 seconds
[2026-01-28T14:26:32.730+0000] {processor.py:161} INFO - Started process (PID=5271) to work on /opt/airflow/dags/airflow_dag_spark_streaming.py
[2026-01-28T14:26:32.732+0000] {processor.py:830} INFO - Processing file /opt/airflow/dags/airflow_dag_spark_streaming.py for tasks to queue
[2026-01-28T14:26:32.735+0000] {logging_mixin.py:188} INFO - [2026-01-28T14:26:32.733+0000] {dagbag.py:538} INFO - Filling up the DagBag from /opt/airflow/dags/airflow_dag_spark_streaming.py
[2026-01-28T14:26:32.769+0000] {processor.py:840} INFO - DAG(s) 'spark_sgp4_streaming' retrieved from /opt/airflow/dags/airflow_dag_spark_streaming.py
[2026-01-28T14:26:32.848+0000] {logging_mixin.py:188} INFO - [2026-01-28T14:26:32.848+0000] {dag.py:3036} INFO - Sync 1 DAGs
[2026-01-28T14:26:32.884+0000] {logging_mixin.py:188} INFO - [2026-01-28T14:26:32.884+0000] {dag.py:3823} INFO - Setting next_dagrun for spark_sgp4_streaming to None, run_after=None
[2026-01-28T14:26:32.915+0000] {processor.py:183} INFO - Processing /opt/airflow/dags/airflow_dag_spark_streaming.py took 0.199 seconds
[2026-01-28T14:27:03.066+0000] {processor.py:161} INFO - Started process (PID=5281) to work on /opt/airflow/dags/airflow_dag_spark_streaming.py
[2026-01-28T14:27:03.067+0000] {processor.py:830} INFO - Processing file /opt/airflow/dags/airflow_dag_spark_streaming.py for tasks to queue
[2026-01-28T14:27:03.069+0000] {logging_mixin.py:188} INFO - [2026-01-28T14:27:03.068+0000] {dagbag.py:538} INFO - Filling up the DagBag from /opt/airflow/dags/airflow_dag_spark_streaming.py
[2026-01-28T14:27:03.087+0000] {processor.py:840} INFO - DAG(s) 'spark_sgp4_streaming' retrieved from /opt/airflow/dags/airflow_dag_spark_streaming.py
[2026-01-28T14:27:03.127+0000] {logging_mixin.py:188} INFO - [2026-01-28T14:27:03.127+0000] {dag.py:3036} INFO - Sync 1 DAGs
[2026-01-28T14:27:03.141+0000] {logging_mixin.py:188} INFO - [2026-01-28T14:27:03.141+0000] {dag.py:3823} INFO - Setting next_dagrun for spark_sgp4_streaming to None, run_after=None
[2026-01-28T14:27:03.160+0000] {processor.py:183} INFO - Processing /opt/airflow/dags/airflow_dag_spark_streaming.py took 0.100 seconds
[2026-01-28T14:27:33.324+0000] {processor.py:161} INFO - Started process (PID=5291) to work on /opt/airflow/dags/airflow_dag_spark_streaming.py
[2026-01-28T14:27:33.325+0000] {processor.py:830} INFO - Processing file /opt/airflow/dags/airflow_dag_spark_streaming.py for tasks to queue
[2026-01-28T14:27:33.328+0000] {logging_mixin.py:188} INFO - [2026-01-28T14:27:33.326+0000] {dagbag.py:538} INFO - Filling up the DagBag from /opt/airflow/dags/airflow_dag_spark_streaming.py
[2026-01-28T14:27:33.362+0000] {processor.py:840} INFO - DAG(s) 'spark_sgp4_streaming' retrieved from /opt/airflow/dags/airflow_dag_spark_streaming.py
[2026-01-28T14:27:33.421+0000] {logging_mixin.py:188} INFO - [2026-01-28T14:27:33.421+0000] {dag.py:3036} INFO - Sync 1 DAGs
[2026-01-28T14:27:33.443+0000] {logging_mixin.py:188} INFO - [2026-01-28T14:27:33.442+0000] {dag.py:3823} INFO - Setting next_dagrun for spark_sgp4_streaming to None, run_after=None
[2026-01-28T14:27:33.469+0000] {processor.py:183} INFO - Processing /opt/airflow/dags/airflow_dag_spark_streaming.py took 0.166 seconds
[2026-01-28T14:28:03.625+0000] {processor.py:161} INFO - Started process (PID=5301) to work on /opt/airflow/dags/airflow_dag_spark_streaming.py
[2026-01-28T14:28:03.626+0000] {processor.py:830} INFO - Processing file /opt/airflow/dags/airflow_dag_spark_streaming.py for tasks to queue
[2026-01-28T14:28:03.627+0000] {logging_mixin.py:188} INFO - [2026-01-28T14:28:03.627+0000] {dagbag.py:538} INFO - Filling up the DagBag from /opt/airflow/dags/airflow_dag_spark_streaming.py
[2026-01-28T14:28:03.649+0000] {processor.py:840} INFO - DAG(s) 'spark_sgp4_streaming' retrieved from /opt/airflow/dags/airflow_dag_spark_streaming.py
[2026-01-28T14:28:03.692+0000] {logging_mixin.py:188} INFO - [2026-01-28T14:28:03.691+0000] {dag.py:3036} INFO - Sync 1 DAGs
[2026-01-28T14:28:03.707+0000] {logging_mixin.py:188} INFO - [2026-01-28T14:28:03.707+0000] {dag.py:3823} INFO - Setting next_dagrun for spark_sgp4_streaming to None, run_after=None
[2026-01-28T14:28:03.725+0000] {processor.py:183} INFO - Processing /opt/airflow/dags/airflow_dag_spark_streaming.py took 0.108 seconds
[2026-01-28T14:28:33.850+0000] {processor.py:161} INFO - Started process (PID=5311) to work on /opt/airflow/dags/airflow_dag_spark_streaming.py
[2026-01-28T14:28:33.851+0000] {processor.py:830} INFO - Processing file /opt/airflow/dags/airflow_dag_spark_streaming.py for tasks to queue
[2026-01-28T14:28:33.852+0000] {logging_mixin.py:188} INFO - [2026-01-28T14:28:33.851+0000] {dagbag.py:538} INFO - Filling up the DagBag from /opt/airflow/dags/airflow_dag_spark_streaming.py
[2026-01-28T14:28:33.870+0000] {processor.py:840} INFO - DAG(s) 'spark_sgp4_streaming' retrieved from /opt/airflow/dags/airflow_dag_spark_streaming.py
[2026-01-28T14:28:33.911+0000] {logging_mixin.py:188} INFO - [2026-01-28T14:28:33.911+0000] {dag.py:3036} INFO - Sync 1 DAGs
[2026-01-28T14:28:33.928+0000] {logging_mixin.py:188} INFO - [2026-01-28T14:28:33.928+0000] {dag.py:3823} INFO - Setting next_dagrun for spark_sgp4_streaming to None, run_after=None
[2026-01-28T14:28:33.949+0000] {processor.py:183} INFO - Processing /opt/airflow/dags/airflow_dag_spark_streaming.py took 0.103 seconds
[2026-01-28T14:29:04.081+0000] {processor.py:161} INFO - Started process (PID=5321) to work on /opt/airflow/dags/airflow_dag_spark_streaming.py
[2026-01-28T14:29:04.083+0000] {processor.py:830} INFO - Processing file /opt/airflow/dags/airflow_dag_spark_streaming.py for tasks to queue
[2026-01-28T14:29:04.085+0000] {logging_mixin.py:188} INFO - [2026-01-28T14:29:04.084+0000] {dagbag.py:538} INFO - Filling up the DagBag from /opt/airflow/dags/airflow_dag_spark_streaming.py
[2026-01-28T14:29:04.103+0000] {processor.py:840} INFO - DAG(s) 'spark_sgp4_streaming' retrieved from /opt/airflow/dags/airflow_dag_spark_streaming.py
[2026-01-28T14:29:04.145+0000] {logging_mixin.py:188} INFO - [2026-01-28T14:29:04.145+0000] {dag.py:3036} INFO - Sync 1 DAGs
[2026-01-28T14:29:04.170+0000] {logging_mixin.py:188} INFO - [2026-01-28T14:29:04.170+0000] {dag.py:3823} INFO - Setting next_dagrun for spark_sgp4_streaming to None, run_after=None
[2026-01-28T14:29:04.193+0000] {processor.py:183} INFO - Processing /opt/airflow/dags/airflow_dag_spark_streaming.py took 0.117 seconds
[2026-01-28T14:29:34.346+0000] {processor.py:161} INFO - Started process (PID=5331) to work on /opt/airflow/dags/airflow_dag_spark_streaming.py
[2026-01-28T14:29:34.348+0000] {processor.py:830} INFO - Processing file /opt/airflow/dags/airflow_dag_spark_streaming.py for tasks to queue
[2026-01-28T14:29:34.352+0000] {logging_mixin.py:188} INFO - [2026-01-28T14:29:34.349+0000] {dagbag.py:538} INFO - Filling up the DagBag from /opt/airflow/dags/airflow_dag_spark_streaming.py
[2026-01-28T14:29:34.391+0000] {processor.py:840} INFO - DAG(s) 'spark_sgp4_streaming' retrieved from /opt/airflow/dags/airflow_dag_spark_streaming.py
[2026-01-28T14:29:34.459+0000] {logging_mixin.py:188} INFO - [2026-01-28T14:29:34.459+0000] {dag.py:3036} INFO - Sync 1 DAGs
[2026-01-28T14:29:34.484+0000] {logging_mixin.py:188} INFO - [2026-01-28T14:29:34.484+0000] {dag.py:3823} INFO - Setting next_dagrun for spark_sgp4_streaming to None, run_after=None
[2026-01-28T14:29:34.507+0000] {processor.py:183} INFO - Processing /opt/airflow/dags/airflow_dag_spark_streaming.py took 0.173 seconds
[2026-01-28T14:30:04.651+0000] {processor.py:161} INFO - Started process (PID=5341) to work on /opt/airflow/dags/airflow_dag_spark_streaming.py
[2026-01-28T14:30:04.653+0000] {processor.py:830} INFO - Processing file /opt/airflow/dags/airflow_dag_spark_streaming.py for tasks to queue
[2026-01-28T14:30:04.654+0000] {logging_mixin.py:188} INFO - [2026-01-28T14:30:04.653+0000] {dagbag.py:538} INFO - Filling up the DagBag from /opt/airflow/dags/airflow_dag_spark_streaming.py
[2026-01-28T14:30:04.669+0000] {processor.py:840} INFO - DAG(s) 'spark_sgp4_streaming' retrieved from /opt/airflow/dags/airflow_dag_spark_streaming.py
[2026-01-28T14:30:04.708+0000] {logging_mixin.py:188} INFO - [2026-01-28T14:30:04.708+0000] {dag.py:3036} INFO - Sync 1 DAGs
[2026-01-28T14:30:04.723+0000] {logging_mixin.py:188} INFO - [2026-01-28T14:30:04.722+0000] {dag.py:3823} INFO - Setting next_dagrun for spark_sgp4_streaming to None, run_after=None
[2026-01-28T14:30:04.746+0000] {processor.py:183} INFO - Processing /opt/airflow/dags/airflow_dag_spark_streaming.py took 0.099 seconds
[2026-01-28T14:30:34.886+0000] {processor.py:161} INFO - Started process (PID=5351) to work on /opt/airflow/dags/airflow_dag_spark_streaming.py
[2026-01-28T14:30:34.887+0000] {processor.py:830} INFO - Processing file /opt/airflow/dags/airflow_dag_spark_streaming.py for tasks to queue
[2026-01-28T14:30:34.889+0000] {logging_mixin.py:188} INFO - [2026-01-28T14:30:34.888+0000] {dagbag.py:538} INFO - Filling up the DagBag from /opt/airflow/dags/airflow_dag_spark_streaming.py
[2026-01-28T14:30:34.909+0000] {processor.py:840} INFO - DAG(s) 'spark_sgp4_streaming' retrieved from /opt/airflow/dags/airflow_dag_spark_streaming.py
[2026-01-28T14:30:34.951+0000] {logging_mixin.py:188} INFO - [2026-01-28T14:30:34.951+0000] {dag.py:3036} INFO - Sync 1 DAGs
[2026-01-28T14:30:34.972+0000] {logging_mixin.py:188} INFO - [2026-01-28T14:30:34.971+0000] {dag.py:3823} INFO - Setting next_dagrun for spark_sgp4_streaming to None, run_after=None
[2026-01-28T14:30:34.995+0000] {processor.py:183} INFO - Processing /opt/airflow/dags/airflow_dag_spark_streaming.py took 0.116 seconds
[2026-01-28T14:31:05.149+0000] {processor.py:161} INFO - Started process (PID=5361) to work on /opt/airflow/dags/airflow_dag_spark_streaming.py
[2026-01-28T14:31:05.151+0000] {processor.py:830} INFO - Processing file /opt/airflow/dags/airflow_dag_spark_streaming.py for tasks to queue
[2026-01-28T14:31:05.155+0000] {logging_mixin.py:188} INFO - [2026-01-28T14:31:05.155+0000] {dagbag.py:538} INFO - Filling up the DagBag from /opt/airflow/dags/airflow_dag_spark_streaming.py
[2026-01-28T14:31:05.189+0000] {processor.py:840} INFO - DAG(s) 'spark_sgp4_streaming' retrieved from /opt/airflow/dags/airflow_dag_spark_streaming.py
[2026-01-28T14:31:05.255+0000] {logging_mixin.py:188} INFO - [2026-01-28T14:31:05.255+0000] {dag.py:3036} INFO - Sync 1 DAGs
[2026-01-28T14:31:05.278+0000] {logging_mixin.py:188} INFO - [2026-01-28T14:31:05.278+0000] {dag.py:3823} INFO - Setting next_dagrun for spark_sgp4_streaming to None, run_after=None
[2026-01-28T14:31:05.307+0000] {processor.py:183} INFO - Processing /opt/airflow/dags/airflow_dag_spark_streaming.py took 0.169 seconds
[2026-01-28T14:31:35.465+0000] {processor.py:161} INFO - Started process (PID=5371) to work on /opt/airflow/dags/airflow_dag_spark_streaming.py
[2026-01-28T14:31:35.468+0000] {processor.py:830} INFO - Processing file /opt/airflow/dags/airflow_dag_spark_streaming.py for tasks to queue
[2026-01-28T14:31:35.470+0000] {logging_mixin.py:188} INFO - [2026-01-28T14:31:35.469+0000] {dagbag.py:538} INFO - Filling up the DagBag from /opt/airflow/dags/airflow_dag_spark_streaming.py
[2026-01-28T14:31:35.513+0000] {processor.py:840} INFO - DAG(s) 'spark_sgp4_streaming' retrieved from /opt/airflow/dags/airflow_dag_spark_streaming.py
[2026-01-28T14:31:35.583+0000] {logging_mixin.py:188} INFO - [2026-01-28T14:31:35.582+0000] {dag.py:3036} INFO - Sync 1 DAGs
[2026-01-28T14:31:35.601+0000] {logging_mixin.py:188} INFO - [2026-01-28T14:31:35.601+0000] {dag.py:3823} INFO - Setting next_dagrun for spark_sgp4_streaming to None, run_after=None
[2026-01-28T14:31:35.621+0000] {processor.py:183} INFO - Processing /opt/airflow/dags/airflow_dag_spark_streaming.py took 0.169 seconds
[2026-01-28T14:32:05.771+0000] {processor.py:161} INFO - Started process (PID=5381) to work on /opt/airflow/dags/airflow_dag_spark_streaming.py
[2026-01-28T14:32:05.772+0000] {processor.py:830} INFO - Processing file /opt/airflow/dags/airflow_dag_spark_streaming.py for tasks to queue
[2026-01-28T14:32:05.773+0000] {logging_mixin.py:188} INFO - [2026-01-28T14:32:05.772+0000] {dagbag.py:538} INFO - Filling up the DagBag from /opt/airflow/dags/airflow_dag_spark_streaming.py
[2026-01-28T14:32:05.788+0000] {processor.py:840} INFO - DAG(s) 'spark_sgp4_streaming' retrieved from /opt/airflow/dags/airflow_dag_spark_streaming.py
[2026-01-28T14:32:05.830+0000] {logging_mixin.py:188} INFO - [2026-01-28T14:32:05.830+0000] {dag.py:3036} INFO - Sync 1 DAGs
[2026-01-28T14:32:05.849+0000] {logging_mixin.py:188} INFO - [2026-01-28T14:32:05.849+0000] {dag.py:3823} INFO - Setting next_dagrun for spark_sgp4_streaming to None, run_after=None
[2026-01-28T14:32:05.876+0000] {processor.py:183} INFO - Processing /opt/airflow/dags/airflow_dag_spark_streaming.py took 0.109 seconds
[2026-01-28T14:32:36.044+0000] {processor.py:161} INFO - Started process (PID=5391) to work on /opt/airflow/dags/airflow_dag_spark_streaming.py
[2026-01-28T14:32:36.044+0000] {processor.py:830} INFO - Processing file /opt/airflow/dags/airflow_dag_spark_streaming.py for tasks to queue
[2026-01-28T14:32:36.046+0000] {logging_mixin.py:188} INFO - [2026-01-28T14:32:36.045+0000] {dagbag.py:538} INFO - Filling up the DagBag from /opt/airflow/dags/airflow_dag_spark_streaming.py
[2026-01-28T14:32:36.091+0000] {processor.py:840} INFO - DAG(s) 'spark_sgp4_streaming' retrieved from /opt/airflow/dags/airflow_dag_spark_streaming.py
[2026-01-28T14:32:36.165+0000] {logging_mixin.py:188} INFO - [2026-01-28T14:32:36.165+0000] {dag.py:3036} INFO - Sync 1 DAGs
[2026-01-28T14:32:36.190+0000] {logging_mixin.py:188} INFO - [2026-01-28T14:32:36.190+0000] {dag.py:3823} INFO - Setting next_dagrun for spark_sgp4_streaming to None, run_after=None
[2026-01-28T14:32:36.215+0000] {processor.py:183} INFO - Processing /opt/airflow/dags/airflow_dag_spark_streaming.py took 0.182 seconds
[2026-01-28T14:33:06.381+0000] {processor.py:161} INFO - Started process (PID=5401) to work on /opt/airflow/dags/airflow_dag_spark_streaming.py
[2026-01-28T14:33:06.384+0000] {processor.py:830} INFO - Processing file /opt/airflow/dags/airflow_dag_spark_streaming.py for tasks to queue
[2026-01-28T14:33:06.388+0000] {logging_mixin.py:188} INFO - [2026-01-28T14:33:06.385+0000] {dagbag.py:538} INFO - Filling up the DagBag from /opt/airflow/dags/airflow_dag_spark_streaming.py
[2026-01-28T14:33:06.415+0000] {processor.py:840} INFO - DAG(s) 'spark_sgp4_streaming' retrieved from /opt/airflow/dags/airflow_dag_spark_streaming.py
[2026-01-28T14:33:06.464+0000] {logging_mixin.py:188} INFO - [2026-01-28T14:33:06.464+0000] {dag.py:3036} INFO - Sync 1 DAGs
[2026-01-28T14:33:06.478+0000] {logging_mixin.py:188} INFO - [2026-01-28T14:33:06.478+0000] {dag.py:3823} INFO - Setting next_dagrun for spark_sgp4_streaming to None, run_after=None
[2026-01-28T14:33:06.497+0000] {processor.py:183} INFO - Processing /opt/airflow/dags/airflow_dag_spark_streaming.py took 0.127 seconds
[2026-01-28T14:33:36.650+0000] {processor.py:161} INFO - Started process (PID=5411) to work on /opt/airflow/dags/airflow_dag_spark_streaming.py
[2026-01-28T14:33:36.651+0000] {processor.py:830} INFO - Processing file /opt/airflow/dags/airflow_dag_spark_streaming.py for tasks to queue
[2026-01-28T14:33:36.654+0000] {logging_mixin.py:188} INFO - [2026-01-28T14:33:36.654+0000] {dagbag.py:538} INFO - Filling up the DagBag from /opt/airflow/dags/airflow_dag_spark_streaming.py
[2026-01-28T14:33:36.684+0000] {processor.py:840} INFO - DAG(s) 'spark_sgp4_streaming' retrieved from /opt/airflow/dags/airflow_dag_spark_streaming.py
[2026-01-28T14:33:36.736+0000] {logging_mixin.py:188} INFO - [2026-01-28T14:33:36.736+0000] {dag.py:3036} INFO - Sync 1 DAGs
[2026-01-28T14:33:36.758+0000] {logging_mixin.py:188} INFO - [2026-01-28T14:33:36.758+0000] {dag.py:3823} INFO - Setting next_dagrun for spark_sgp4_streaming to None, run_after=None
[2026-01-28T14:33:36.788+0000] {processor.py:183} INFO - Processing /opt/airflow/dags/airflow_dag_spark_streaming.py took 0.150 seconds
[2026-01-28T14:34:06.931+0000] {processor.py:161} INFO - Started process (PID=5421) to work on /opt/airflow/dags/airflow_dag_spark_streaming.py
[2026-01-28T14:34:06.933+0000] {processor.py:830} INFO - Processing file /opt/airflow/dags/airflow_dag_spark_streaming.py for tasks to queue
[2026-01-28T14:34:06.935+0000] {logging_mixin.py:188} INFO - [2026-01-28T14:34:06.934+0000] {dagbag.py:538} INFO - Filling up the DagBag from /opt/airflow/dags/airflow_dag_spark_streaming.py
[2026-01-28T14:34:06.974+0000] {processor.py:840} INFO - DAG(s) 'spark_sgp4_streaming' retrieved from /opt/airflow/dags/airflow_dag_spark_streaming.py
[2026-01-28T14:34:07.036+0000] {logging_mixin.py:188} INFO - [2026-01-28T14:34:07.036+0000] {dag.py:3036} INFO - Sync 1 DAGs
[2026-01-28T14:34:07.059+0000] {logging_mixin.py:188} INFO - [2026-01-28T14:34:07.059+0000] {dag.py:3823} INFO - Setting next_dagrun for spark_sgp4_streaming to None, run_after=None
[2026-01-28T14:34:07.086+0000] {processor.py:183} INFO - Processing /opt/airflow/dags/airflow_dag_spark_streaming.py took 0.166 seconds
[2026-01-28T14:34:37.254+0000] {processor.py:161} INFO - Started process (PID=5431) to work on /opt/airflow/dags/airflow_dag_spark_streaming.py
[2026-01-28T14:34:37.255+0000] {processor.py:830} INFO - Processing file /opt/airflow/dags/airflow_dag_spark_streaming.py for tasks to queue
[2026-01-28T14:34:37.256+0000] {logging_mixin.py:188} INFO - [2026-01-28T14:34:37.255+0000] {dagbag.py:538} INFO - Filling up the DagBag from /opt/airflow/dags/airflow_dag_spark_streaming.py
[2026-01-28T14:34:37.293+0000] {processor.py:840} INFO - DAG(s) 'spark_sgp4_streaming' retrieved from /opt/airflow/dags/airflow_dag_spark_streaming.py
[2026-01-28T14:34:37.357+0000] {logging_mixin.py:188} INFO - [2026-01-28T14:34:37.357+0000] {dag.py:3036} INFO - Sync 1 DAGs
[2026-01-28T14:34:37.387+0000] {logging_mixin.py:188} INFO - [2026-01-28T14:34:37.386+0000] {dag.py:3823} INFO - Setting next_dagrun for spark_sgp4_streaming to None, run_after=None
[2026-01-28T14:34:37.411+0000] {processor.py:183} INFO - Processing /opt/airflow/dags/airflow_dag_spark_streaming.py took 0.170 seconds
[2026-01-28T14:35:07.578+0000] {processor.py:161} INFO - Started process (PID=5441) to work on /opt/airflow/dags/airflow_dag_spark_streaming.py
[2026-01-28T14:35:07.579+0000] {processor.py:830} INFO - Processing file /opt/airflow/dags/airflow_dag_spark_streaming.py for tasks to queue
[2026-01-28T14:35:07.580+0000] {logging_mixin.py:188} INFO - [2026-01-28T14:35:07.580+0000] {dagbag.py:538} INFO - Filling up the DagBag from /opt/airflow/dags/airflow_dag_spark_streaming.py
[2026-01-28T14:35:07.613+0000] {processor.py:840} INFO - DAG(s) 'spark_sgp4_streaming' retrieved from /opt/airflow/dags/airflow_dag_spark_streaming.py
[2026-01-28T14:35:07.680+0000] {logging_mixin.py:188} INFO - [2026-01-28T14:35:07.679+0000] {dag.py:3036} INFO - Sync 1 DAGs
[2026-01-28T14:35:07.707+0000] {logging_mixin.py:188} INFO - [2026-01-28T14:35:07.707+0000] {dag.py:3823} INFO - Setting next_dagrun for spark_sgp4_streaming to None, run_after=None
[2026-01-28T14:35:07.738+0000] {processor.py:183} INFO - Processing /opt/airflow/dags/airflow_dag_spark_streaming.py took 0.174 seconds
[2026-01-28T14:35:37.888+0000] {processor.py:161} INFO - Started process (PID=5451) to work on /opt/airflow/dags/airflow_dag_spark_streaming.py
[2026-01-28T14:35:37.889+0000] {processor.py:830} INFO - Processing file /opt/airflow/dags/airflow_dag_spark_streaming.py for tasks to queue
[2026-01-28T14:35:37.890+0000] {logging_mixin.py:188} INFO - [2026-01-28T14:35:37.889+0000] {dagbag.py:538} INFO - Filling up the DagBag from /opt/airflow/dags/airflow_dag_spark_streaming.py
[2026-01-28T14:35:37.911+0000] {processor.py:840} INFO - DAG(s) 'spark_sgp4_streaming' retrieved from /opt/airflow/dags/airflow_dag_spark_streaming.py
[2026-01-28T14:35:37.959+0000] {logging_mixin.py:188} INFO - [2026-01-28T14:35:37.959+0000] {dag.py:3036} INFO - Sync 1 DAGs
[2026-01-28T14:35:37.975+0000] {logging_mixin.py:188} INFO - [2026-01-28T14:35:37.975+0000] {dag.py:3823} INFO - Setting next_dagrun for spark_sgp4_streaming to None, run_after=None
[2026-01-28T14:35:37.996+0000] {processor.py:183} INFO - Processing /opt/airflow/dags/airflow_dag_spark_streaming.py took 0.115 seconds
[2026-01-28T14:36:08.146+0000] {processor.py:161} INFO - Started process (PID=5463) to work on /opt/airflow/dags/airflow_dag_spark_streaming.py
[2026-01-28T14:36:08.146+0000] {processor.py:830} INFO - Processing file /opt/airflow/dags/airflow_dag_spark_streaming.py for tasks to queue
[2026-01-28T14:36:08.148+0000] {logging_mixin.py:188} INFO - [2026-01-28T14:36:08.147+0000] {dagbag.py:538} INFO - Filling up the DagBag from /opt/airflow/dags/airflow_dag_spark_streaming.py
[2026-01-28T14:36:08.177+0000] {processor.py:840} INFO - DAG(s) 'spark_sgp4_streaming' retrieved from /opt/airflow/dags/airflow_dag_spark_streaming.py
[2026-01-28T14:36:08.234+0000] {logging_mixin.py:188} INFO - [2026-01-28T14:36:08.234+0000] {dag.py:3036} INFO - Sync 1 DAGs
[2026-01-28T14:36:08.258+0000] {logging_mixin.py:188} INFO - [2026-01-28T14:36:08.257+0000] {dag.py:3823} INFO - Setting next_dagrun for spark_sgp4_streaming to None, run_after=None
[2026-01-28T14:36:08.284+0000] {processor.py:183} INFO - Processing /opt/airflow/dags/airflow_dag_spark_streaming.py took 0.149 seconds
[2026-01-28T14:36:38.435+0000] {processor.py:161} INFO - Started process (PID=5473) to work on /opt/airflow/dags/airflow_dag_spark_streaming.py
[2026-01-28T14:36:38.439+0000] {processor.py:830} INFO - Processing file /opt/airflow/dags/airflow_dag_spark_streaming.py for tasks to queue
[2026-01-28T14:36:38.440+0000] {logging_mixin.py:188} INFO - [2026-01-28T14:36:38.440+0000] {dagbag.py:538} INFO - Filling up the DagBag from /opt/airflow/dags/airflow_dag_spark_streaming.py
[2026-01-28T14:36:38.472+0000] {processor.py:840} INFO - DAG(s) 'spark_sgp4_streaming' retrieved from /opt/airflow/dags/airflow_dag_spark_streaming.py
[2026-01-28T14:36:38.535+0000] {logging_mixin.py:188} INFO - [2026-01-28T14:36:38.535+0000] {dag.py:3036} INFO - Sync 1 DAGs
[2026-01-28T14:36:38.558+0000] {logging_mixin.py:188} INFO - [2026-01-28T14:36:38.558+0000] {dag.py:3823} INFO - Setting next_dagrun for spark_sgp4_streaming to None, run_after=None
[2026-01-28T14:36:38.583+0000] {processor.py:183} INFO - Processing /opt/airflow/dags/airflow_dag_spark_streaming.py took 0.159 seconds
[2026-01-28T14:37:08.740+0000] {processor.py:161} INFO - Started process (PID=5483) to work on /opt/airflow/dags/airflow_dag_spark_streaming.py
[2026-01-28T14:37:08.741+0000] {processor.py:830} INFO - Processing file /opt/airflow/dags/airflow_dag_spark_streaming.py for tasks to queue
[2026-01-28T14:37:08.743+0000] {logging_mixin.py:188} INFO - [2026-01-28T14:37:08.742+0000] {dagbag.py:538} INFO - Filling up the DagBag from /opt/airflow/dags/airflow_dag_spark_streaming.py
[2026-01-28T14:37:08.774+0000] {processor.py:840} INFO - DAG(s) 'spark_sgp4_streaming' retrieved from /opt/airflow/dags/airflow_dag_spark_streaming.py
[2026-01-28T14:37:08.832+0000] {logging_mixin.py:188} INFO - [2026-01-28T14:37:08.831+0000] {dag.py:3036} INFO - Sync 1 DAGs
[2026-01-28T14:37:08.851+0000] {logging_mixin.py:188} INFO - [2026-01-28T14:37:08.850+0000] {dag.py:3823} INFO - Setting next_dagrun for spark_sgp4_streaming to None, run_after=None
[2026-01-28T14:37:08.869+0000] {processor.py:183} INFO - Processing /opt/airflow/dags/airflow_dag_spark_streaming.py took 0.141 seconds
[2026-01-28T14:37:39.030+0000] {processor.py:161} INFO - Started process (PID=5493) to work on /opt/airflow/dags/airflow_dag_spark_streaming.py
[2026-01-28T14:37:39.032+0000] {processor.py:830} INFO - Processing file /opt/airflow/dags/airflow_dag_spark_streaming.py for tasks to queue
[2026-01-28T14:37:39.034+0000] {logging_mixin.py:188} INFO - [2026-01-28T14:37:39.033+0000] {dagbag.py:538} INFO - Filling up the DagBag from /opt/airflow/dags/airflow_dag_spark_streaming.py
[2026-01-28T14:37:39.066+0000] {processor.py:840} INFO - DAG(s) 'spark_sgp4_streaming' retrieved from /opt/airflow/dags/airflow_dag_spark_streaming.py
[2026-01-28T14:37:39.129+0000] {logging_mixin.py:188} INFO - [2026-01-28T14:37:39.129+0000] {dag.py:3036} INFO - Sync 1 DAGs
[2026-01-28T14:37:39.158+0000] {logging_mixin.py:188} INFO - [2026-01-28T14:37:39.158+0000] {dag.py:3823} INFO - Setting next_dagrun for spark_sgp4_streaming to None, run_after=None
[2026-01-28T14:37:39.188+0000] {processor.py:183} INFO - Processing /opt/airflow/dags/airflow_dag_spark_streaming.py took 0.167 seconds
[2026-01-28T14:38:09.353+0000] {processor.py:161} INFO - Started process (PID=5503) to work on /opt/airflow/dags/airflow_dag_spark_streaming.py
[2026-01-28T14:38:09.353+0000] {processor.py:830} INFO - Processing file /opt/airflow/dags/airflow_dag_spark_streaming.py for tasks to queue
[2026-01-28T14:38:09.354+0000] {logging_mixin.py:188} INFO - [2026-01-28T14:38:09.354+0000] {dagbag.py:538} INFO - Filling up the DagBag from /opt/airflow/dags/airflow_dag_spark_streaming.py
[2026-01-28T14:38:09.393+0000] {processor.py:840} INFO - DAG(s) 'spark_sgp4_streaming' retrieved from /opt/airflow/dags/airflow_dag_spark_streaming.py
[2026-01-28T14:38:09.459+0000] {logging_mixin.py:188} INFO - [2026-01-28T14:38:09.459+0000] {dag.py:3036} INFO - Sync 1 DAGs
[2026-01-28T14:38:09.482+0000] {logging_mixin.py:188} INFO - [2026-01-28T14:38:09.482+0000] {dag.py:3823} INFO - Setting next_dagrun for spark_sgp4_streaming to None, run_after=None
[2026-01-28T14:38:09.511+0000] {processor.py:183} INFO - Processing /opt/airflow/dags/airflow_dag_spark_streaming.py took 0.172 seconds
[2026-01-28T14:38:39.648+0000] {processor.py:161} INFO - Started process (PID=5513) to work on /opt/airflow/dags/airflow_dag_spark_streaming.py
[2026-01-28T14:38:39.649+0000] {processor.py:830} INFO - Processing file /opt/airflow/dags/airflow_dag_spark_streaming.py for tasks to queue
[2026-01-28T14:38:39.651+0000] {logging_mixin.py:188} INFO - [2026-01-28T14:38:39.650+0000] {dagbag.py:538} INFO - Filling up the DagBag from /opt/airflow/dags/airflow_dag_spark_streaming.py
[2026-01-28T14:38:39.668+0000] {processor.py:840} INFO - DAG(s) 'spark_sgp4_streaming' retrieved from /opt/airflow/dags/airflow_dag_spark_streaming.py
[2026-01-28T14:38:39.708+0000] {logging_mixin.py:188} INFO - [2026-01-28T14:38:39.707+0000] {dag.py:3036} INFO - Sync 1 DAGs
[2026-01-28T14:38:39.723+0000] {logging_mixin.py:188} INFO - [2026-01-28T14:38:39.723+0000] {dag.py:3823} INFO - Setting next_dagrun for spark_sgp4_streaming to None, run_after=None
[2026-01-28T14:38:39.743+0000] {processor.py:183} INFO - Processing /opt/airflow/dags/airflow_dag_spark_streaming.py took 0.100 seconds
[2026-01-28T14:39:09.896+0000] {processor.py:161} INFO - Started process (PID=5523) to work on /opt/airflow/dags/airflow_dag_spark_streaming.py
[2026-01-28T14:39:09.898+0000] {processor.py:830} INFO - Processing file /opt/airflow/dags/airflow_dag_spark_streaming.py for tasks to queue
[2026-01-28T14:39:09.902+0000] {logging_mixin.py:188} INFO - [2026-01-28T14:39:09.899+0000] {dagbag.py:538} INFO - Filling up the DagBag from /opt/airflow/dags/airflow_dag_spark_streaming.py
[2026-01-28T14:39:09.934+0000] {processor.py:840} INFO - DAG(s) 'spark_sgp4_streaming' retrieved from /opt/airflow/dags/airflow_dag_spark_streaming.py
[2026-01-28T14:39:09.992+0000] {logging_mixin.py:188} INFO - [2026-01-28T14:39:09.992+0000] {dag.py:3036} INFO - Sync 1 DAGs
[2026-01-28T14:39:10.018+0000] {logging_mixin.py:188} INFO - [2026-01-28T14:39:10.017+0000] {dag.py:3823} INFO - Setting next_dagrun for spark_sgp4_streaming to None, run_after=None
[2026-01-28T14:39:10.044+0000] {processor.py:183} INFO - Processing /opt/airflow/dags/airflow_dag_spark_streaming.py took 0.156 seconds
[2026-01-28T14:39:40.188+0000] {processor.py:161} INFO - Started process (PID=5533) to work on /opt/airflow/dags/airflow_dag_spark_streaming.py
[2026-01-28T14:39:40.189+0000] {processor.py:830} INFO - Processing file /opt/airflow/dags/airflow_dag_spark_streaming.py for tasks to queue
[2026-01-28T14:39:40.190+0000] {logging_mixin.py:188} INFO - [2026-01-28T14:39:40.190+0000] {dagbag.py:538} INFO - Filling up the DagBag from /opt/airflow/dags/airflow_dag_spark_streaming.py
[2026-01-28T14:39:40.206+0000] {processor.py:840} INFO - DAG(s) 'spark_sgp4_streaming' retrieved from /opt/airflow/dags/airflow_dag_spark_streaming.py
[2026-01-28T14:39:40.256+0000] {logging_mixin.py:188} INFO - [2026-01-28T14:39:40.256+0000] {dag.py:3036} INFO - Sync 1 DAGs
[2026-01-28T14:39:40.274+0000] {logging_mixin.py:188} INFO - [2026-01-28T14:39:40.274+0000] {dag.py:3823} INFO - Setting next_dagrun for spark_sgp4_streaming to None, run_after=None
[2026-01-28T14:39:40.298+0000] {processor.py:183} INFO - Processing /opt/airflow/dags/airflow_dag_spark_streaming.py took 0.115 seconds
[2026-01-28T14:40:10.450+0000] {processor.py:161} INFO - Started process (PID=5543) to work on /opt/airflow/dags/airflow_dag_spark_streaming.py
[2026-01-28T14:40:10.451+0000] {processor.py:830} INFO - Processing file /opt/airflow/dags/airflow_dag_spark_streaming.py for tasks to queue
[2026-01-28T14:40:10.453+0000] {logging_mixin.py:188} INFO - [2026-01-28T14:40:10.452+0000] {dagbag.py:538} INFO - Filling up the DagBag from /opt/airflow/dags/airflow_dag_spark_streaming.py
[2026-01-28T14:40:10.483+0000] {processor.py:840} INFO - DAG(s) 'spark_sgp4_streaming' retrieved from /opt/airflow/dags/airflow_dag_spark_streaming.py
[2026-01-28T14:40:10.537+0000] {logging_mixin.py:188} INFO - [2026-01-28T14:40:10.537+0000] {dag.py:3036} INFO - Sync 1 DAGs
[2026-01-28T14:40:10.559+0000] {logging_mixin.py:188} INFO - [2026-01-28T14:40:10.559+0000] {dag.py:3823} INFO - Setting next_dagrun for spark_sgp4_streaming to None, run_after=None
[2026-01-28T14:40:10.583+0000] {processor.py:183} INFO - Processing /opt/airflow/dags/airflow_dag_spark_streaming.py took 0.142 seconds
[2026-01-28T14:40:40.736+0000] {processor.py:161} INFO - Started process (PID=5553) to work on /opt/airflow/dags/airflow_dag_spark_streaming.py
[2026-01-28T14:40:40.737+0000] {processor.py:830} INFO - Processing file /opt/airflow/dags/airflow_dag_spark_streaming.py for tasks to queue
[2026-01-28T14:40:40.740+0000] {logging_mixin.py:188} INFO - [2026-01-28T14:40:40.738+0000] {dagbag.py:538} INFO - Filling up the DagBag from /opt/airflow/dags/airflow_dag_spark_streaming.py
[2026-01-28T14:40:40.773+0000] {processor.py:840} INFO - DAG(s) 'spark_sgp4_streaming' retrieved from /opt/airflow/dags/airflow_dag_spark_streaming.py
[2026-01-28T14:40:40.829+0000] {logging_mixin.py:188} INFO - [2026-01-28T14:40:40.829+0000] {dag.py:3036} INFO - Sync 1 DAGs
[2026-01-28T14:40:40.853+0000] {logging_mixin.py:188} INFO - [2026-01-28T14:40:40.853+0000] {dag.py:3823} INFO - Setting next_dagrun for spark_sgp4_streaming to None, run_after=None
[2026-01-28T14:40:40.877+0000] {processor.py:183} INFO - Processing /opt/airflow/dags/airflow_dag_spark_streaming.py took 0.150 seconds
[2026-01-28T14:41:11.052+0000] {processor.py:161} INFO - Started process (PID=5563) to work on /opt/airflow/dags/airflow_dag_spark_streaming.py
[2026-01-28T14:41:11.054+0000] {processor.py:830} INFO - Processing file /opt/airflow/dags/airflow_dag_spark_streaming.py for tasks to queue
[2026-01-28T14:41:11.056+0000] {logging_mixin.py:188} INFO - [2026-01-28T14:41:11.055+0000] {dagbag.py:538} INFO - Filling up the DagBag from /opt/airflow/dags/airflow_dag_spark_streaming.py
[2026-01-28T14:41:11.098+0000] {processor.py:840} INFO - DAG(s) 'spark_sgp4_streaming' retrieved from /opt/airflow/dags/airflow_dag_spark_streaming.py
[2026-01-28T14:41:11.162+0000] {logging_mixin.py:188} INFO - [2026-01-28T14:41:11.162+0000] {dag.py:3036} INFO - Sync 1 DAGs
[2026-01-28T14:41:11.192+0000] {logging_mixin.py:188} INFO - [2026-01-28T14:41:11.192+0000] {dag.py:3823} INFO - Setting next_dagrun for spark_sgp4_streaming to None, run_after=None
[2026-01-28T14:41:11.219+0000] {processor.py:183} INFO - Processing /opt/airflow/dags/airflow_dag_spark_streaming.py took 0.181 seconds
[2026-01-28T14:41:41.373+0000] {processor.py:161} INFO - Started process (PID=5573) to work on /opt/airflow/dags/airflow_dag_spark_streaming.py
[2026-01-28T14:41:41.374+0000] {processor.py:830} INFO - Processing file /opt/airflow/dags/airflow_dag_spark_streaming.py for tasks to queue
[2026-01-28T14:41:41.376+0000] {logging_mixin.py:188} INFO - [2026-01-28T14:41:41.375+0000] {dagbag.py:538} INFO - Filling up the DagBag from /opt/airflow/dags/airflow_dag_spark_streaming.py
[2026-01-28T14:41:41.412+0000] {processor.py:840} INFO - DAG(s) 'spark_sgp4_streaming' retrieved from /opt/airflow/dags/airflow_dag_spark_streaming.py
[2026-01-28T14:41:41.475+0000] {logging_mixin.py:188} INFO - [2026-01-28T14:41:41.475+0000] {dag.py:3036} INFO - Sync 1 DAGs
[2026-01-28T14:41:41.498+0000] {logging_mixin.py:188} INFO - [2026-01-28T14:41:41.498+0000] {dag.py:3823} INFO - Setting next_dagrun for spark_sgp4_streaming to None, run_after=None
[2026-01-28T14:41:41.523+0000] {processor.py:183} INFO - Processing /opt/airflow/dags/airflow_dag_spark_streaming.py took 0.162 seconds
[2026-01-28T14:42:11.684+0000] {processor.py:161} INFO - Started process (PID=5583) to work on /opt/airflow/dags/airflow_dag_spark_streaming.py
[2026-01-28T14:42:11.686+0000] {processor.py:830} INFO - Processing file /opt/airflow/dags/airflow_dag_spark_streaming.py for tasks to queue
[2026-01-28T14:42:11.687+0000] {logging_mixin.py:188} INFO - [2026-01-28T14:42:11.686+0000] {dagbag.py:538} INFO - Filling up the DagBag from /opt/airflow/dags/airflow_dag_spark_streaming.py
[2026-01-28T14:42:11.707+0000] {processor.py:840} INFO - DAG(s) 'spark_sgp4_streaming' retrieved from /opt/airflow/dags/airflow_dag_spark_streaming.py
[2026-01-28T14:42:11.753+0000] {logging_mixin.py:188} INFO - [2026-01-28T14:42:11.753+0000] {dag.py:3036} INFO - Sync 1 DAGs
[2026-01-28T14:42:11.770+0000] {logging_mixin.py:188} INFO - [2026-01-28T14:42:11.769+0000] {dag.py:3823} INFO - Setting next_dagrun for spark_sgp4_streaming to None, run_after=None
[2026-01-28T14:42:11.790+0000] {processor.py:183} INFO - Processing /opt/airflow/dags/airflow_dag_spark_streaming.py took 0.112 seconds
[2026-01-28T14:42:41.932+0000] {processor.py:161} INFO - Started process (PID=5593) to work on /opt/airflow/dags/airflow_dag_spark_streaming.py
[2026-01-28T14:42:41.935+0000] {processor.py:830} INFO - Processing file /opt/airflow/dags/airflow_dag_spark_streaming.py for tasks to queue
[2026-01-28T14:42:41.938+0000] {logging_mixin.py:188} INFO - [2026-01-28T14:42:41.936+0000] {dagbag.py:538} INFO - Filling up the DagBag from /opt/airflow/dags/airflow_dag_spark_streaming.py
[2026-01-28T14:42:41.971+0000] {processor.py:840} INFO - DAG(s) 'spark_sgp4_streaming' retrieved from /opt/airflow/dags/airflow_dag_spark_streaming.py
[2026-01-28T14:42:42.027+0000] {logging_mixin.py:188} INFO - [2026-01-28T14:42:42.027+0000] {dag.py:3036} INFO - Sync 1 DAGs
[2026-01-28T14:42:42.050+0000] {logging_mixin.py:188} INFO - [2026-01-28T14:42:42.050+0000] {dag.py:3823} INFO - Setting next_dagrun for spark_sgp4_streaming to None, run_after=None
[2026-01-28T14:42:42.078+0000] {processor.py:183} INFO - Processing /opt/airflow/dags/airflow_dag_spark_streaming.py took 0.153 seconds
[2026-01-28T14:43:12.214+0000] {processor.py:161} INFO - Started process (PID=5603) to work on /opt/airflow/dags/airflow_dag_spark_streaming.py
[2026-01-28T14:43:12.216+0000] {processor.py:830} INFO - Processing file /opt/airflow/dags/airflow_dag_spark_streaming.py for tasks to queue
[2026-01-28T14:43:12.217+0000] {logging_mixin.py:188} INFO - [2026-01-28T14:43:12.216+0000] {dagbag.py:538} INFO - Filling up the DagBag from /opt/airflow/dags/airflow_dag_spark_streaming.py
[2026-01-28T14:43:12.228+0000] {processor.py:840} INFO - DAG(s) 'spark_sgp4_streaming' retrieved from /opt/airflow/dags/airflow_dag_spark_streaming.py
[2026-01-28T14:43:12.266+0000] {logging_mixin.py:188} INFO - [2026-01-28T14:43:12.266+0000] {dag.py:3036} INFO - Sync 1 DAGs
[2026-01-28T14:43:12.283+0000] {logging_mixin.py:188} INFO - [2026-01-28T14:43:12.283+0000] {dag.py:3823} INFO - Setting next_dagrun for spark_sgp4_streaming to None, run_after=None
[2026-01-28T14:43:12.303+0000] {processor.py:183} INFO - Processing /opt/airflow/dags/airflow_dag_spark_streaming.py took 0.093 seconds
[2026-01-28T14:43:42.449+0000] {processor.py:161} INFO - Started process (PID=5613) to work on /opt/airflow/dags/airflow_dag_spark_streaming.py
[2026-01-28T14:43:42.453+0000] {processor.py:830} INFO - Processing file /opt/airflow/dags/airflow_dag_spark_streaming.py for tasks to queue
[2026-01-28T14:43:42.457+0000] {logging_mixin.py:188} INFO - [2026-01-28T14:43:42.453+0000] {dagbag.py:538} INFO - Filling up the DagBag from /opt/airflow/dags/airflow_dag_spark_streaming.py
[2026-01-28T14:43:42.490+0000] {processor.py:840} INFO - DAG(s) 'spark_sgp4_streaming' retrieved from /opt/airflow/dags/airflow_dag_spark_streaming.py
[2026-01-28T14:43:42.553+0000] {logging_mixin.py:188} INFO - [2026-01-28T14:43:42.552+0000] {dag.py:3036} INFO - Sync 1 DAGs
[2026-01-28T14:43:42.578+0000] {logging_mixin.py:188} INFO - [2026-01-28T14:43:42.578+0000] {dag.py:3823} INFO - Setting next_dagrun for spark_sgp4_streaming to None, run_after=None
[2026-01-28T14:43:42.607+0000] {processor.py:183} INFO - Processing /opt/airflow/dags/airflow_dag_spark_streaming.py took 0.171 seconds
[2026-01-28T14:44:12.766+0000] {processor.py:161} INFO - Started process (PID=5623) to work on /opt/airflow/dags/airflow_dag_spark_streaming.py
[2026-01-28T14:44:12.768+0000] {processor.py:830} INFO - Processing file /opt/airflow/dags/airflow_dag_spark_streaming.py for tasks to queue
[2026-01-28T14:44:12.771+0000] {logging_mixin.py:188} INFO - [2026-01-28T14:44:12.769+0000] {dagbag.py:538} INFO - Filling up the DagBag from /opt/airflow/dags/airflow_dag_spark_streaming.py
[2026-01-28T14:44:12.806+0000] {processor.py:840} INFO - DAG(s) 'spark_sgp4_streaming' retrieved from /opt/airflow/dags/airflow_dag_spark_streaming.py
[2026-01-28T14:44:12.866+0000] {logging_mixin.py:188} INFO - [2026-01-28T14:44:12.866+0000] {dag.py:3036} INFO - Sync 1 DAGs
[2026-01-28T14:44:12.894+0000] {logging_mixin.py:188} INFO - [2026-01-28T14:44:12.894+0000] {dag.py:3823} INFO - Setting next_dagrun for spark_sgp4_streaming to None, run_after=None
[2026-01-28T14:44:12.925+0000] {processor.py:183} INFO - Processing /opt/airflow/dags/airflow_dag_spark_streaming.py took 0.170 seconds
[2026-01-28T14:44:43.092+0000] {processor.py:161} INFO - Started process (PID=5633) to work on /opt/airflow/dags/airflow_dag_spark_streaming.py
[2026-01-28T14:44:43.093+0000] {processor.py:830} INFO - Processing file /opt/airflow/dags/airflow_dag_spark_streaming.py for tasks to queue
[2026-01-28T14:44:43.095+0000] {logging_mixin.py:188} INFO - [2026-01-28T14:44:43.094+0000] {dagbag.py:538} INFO - Filling up the DagBag from /opt/airflow/dags/airflow_dag_spark_streaming.py
[2026-01-28T14:44:43.115+0000] {processor.py:840} INFO - DAG(s) 'spark_sgp4_streaming' retrieved from /opt/airflow/dags/airflow_dag_spark_streaming.py
[2026-01-28T14:44:43.162+0000] {logging_mixin.py:188} INFO - [2026-01-28T14:44:43.162+0000] {dag.py:3036} INFO - Sync 1 DAGs
[2026-01-28T14:44:43.177+0000] {logging_mixin.py:188} INFO - [2026-01-28T14:44:43.177+0000] {dag.py:3823} INFO - Setting next_dagrun for spark_sgp4_streaming to None, run_after=None
[2026-01-28T14:44:43.198+0000] {processor.py:183} INFO - Processing /opt/airflow/dags/airflow_dag_spark_streaming.py took 0.119 seconds
[2026-01-28T14:45:13.347+0000] {processor.py:161} INFO - Started process (PID=5643) to work on /opt/airflow/dags/airflow_dag_spark_streaming.py
[2026-01-28T14:45:13.349+0000] {processor.py:830} INFO - Processing file /opt/airflow/dags/airflow_dag_spark_streaming.py for tasks to queue
[2026-01-28T14:45:13.351+0000] {logging_mixin.py:188} INFO - [2026-01-28T14:45:13.350+0000] {dagbag.py:538} INFO - Filling up the DagBag from /opt/airflow/dags/airflow_dag_spark_streaming.py
[2026-01-28T14:45:13.379+0000] {processor.py:840} INFO - DAG(s) 'spark_sgp4_streaming' retrieved from /opt/airflow/dags/airflow_dag_spark_streaming.py
[2026-01-28T14:45:13.427+0000] {logging_mixin.py:188} INFO - [2026-01-28T14:45:13.427+0000] {dag.py:3036} INFO - Sync 1 DAGs
[2026-01-28T14:45:13.452+0000] {logging_mixin.py:188} INFO - [2026-01-28T14:45:13.452+0000] {dag.py:3823} INFO - Setting next_dagrun for spark_sgp4_streaming to None, run_after=None
[2026-01-28T14:45:13.474+0000] {processor.py:183} INFO - Processing /opt/airflow/dags/airflow_dag_spark_streaming.py took 0.135 seconds
[2026-01-28T14:45:43.618+0000] {processor.py:161} INFO - Started process (PID=5653) to work on /opt/airflow/dags/airflow_dag_spark_streaming.py
[2026-01-28T14:45:43.620+0000] {processor.py:830} INFO - Processing file /opt/airflow/dags/airflow_dag_spark_streaming.py for tasks to queue
[2026-01-28T14:45:43.622+0000] {logging_mixin.py:188} INFO - [2026-01-28T14:45:43.621+0000] {dagbag.py:538} INFO - Filling up the DagBag from /opt/airflow/dags/airflow_dag_spark_streaming.py
[2026-01-28T14:45:43.641+0000] {processor.py:840} INFO - DAG(s) 'spark_sgp4_streaming' retrieved from /opt/airflow/dags/airflow_dag_spark_streaming.py
[2026-01-28T14:45:43.698+0000] {logging_mixin.py:188} INFO - [2026-01-28T14:45:43.697+0000] {dag.py:3036} INFO - Sync 1 DAGs
[2026-01-28T14:45:43.715+0000] {logging_mixin.py:188} INFO - [2026-01-28T14:45:43.715+0000] {dag.py:3823} INFO - Setting next_dagrun for spark_sgp4_streaming to None, run_after=None
[2026-01-28T14:45:43.737+0000] {processor.py:183} INFO - Processing /opt/airflow/dags/airflow_dag_spark_streaming.py took 0.129 seconds
[2026-01-28T14:46:13.886+0000] {processor.py:161} INFO - Started process (PID=5663) to work on /opt/airflow/dags/airflow_dag_spark_streaming.py
[2026-01-28T14:46:13.887+0000] {processor.py:830} INFO - Processing file /opt/airflow/dags/airflow_dag_spark_streaming.py for tasks to queue
[2026-01-28T14:46:13.890+0000] {logging_mixin.py:188} INFO - [2026-01-28T14:46:13.887+0000] {dagbag.py:538} INFO - Filling up the DagBag from /opt/airflow/dags/airflow_dag_spark_streaming.py
[2026-01-28T14:46:13.912+0000] {processor.py:840} INFO - DAG(s) 'spark_sgp4_streaming' retrieved from /opt/airflow/dags/airflow_dag_spark_streaming.py
[2026-01-28T14:46:13.957+0000] {logging_mixin.py:188} INFO - [2026-01-28T14:46:13.957+0000] {dag.py:3036} INFO - Sync 1 DAGs
[2026-01-28T14:46:13.978+0000] {logging_mixin.py:188} INFO - [2026-01-28T14:46:13.978+0000] {dag.py:3823} INFO - Setting next_dagrun for spark_sgp4_streaming to None, run_after=None
[2026-01-28T14:46:14.002+0000] {processor.py:183} INFO - Processing /opt/airflow/dags/airflow_dag_spark_streaming.py took 0.123 seconds
[2026-01-28T14:46:44.162+0000] {processor.py:161} INFO - Started process (PID=5673) to work on /opt/airflow/dags/airflow_dag_spark_streaming.py
[2026-01-28T14:46:44.164+0000] {processor.py:830} INFO - Processing file /opt/airflow/dags/airflow_dag_spark_streaming.py for tasks to queue
[2026-01-28T14:46:44.167+0000] {logging_mixin.py:188} INFO - [2026-01-28T14:46:44.165+0000] {dagbag.py:538} INFO - Filling up the DagBag from /opt/airflow/dags/airflow_dag_spark_streaming.py
[2026-01-28T14:46:44.201+0000] {processor.py:840} INFO - DAG(s) 'spark_sgp4_streaming' retrieved from /opt/airflow/dags/airflow_dag_spark_streaming.py
[2026-01-28T14:46:44.264+0000] {logging_mixin.py:188} INFO - [2026-01-28T14:46:44.263+0000] {dag.py:3036} INFO - Sync 1 DAGs
[2026-01-28T14:46:44.291+0000] {logging_mixin.py:188} INFO - [2026-01-28T14:46:44.290+0000] {dag.py:3823} INFO - Setting next_dagrun for spark_sgp4_streaming to None, run_after=None
[2026-01-28T14:46:44.320+0000] {processor.py:183} INFO - Processing /opt/airflow/dags/airflow_dag_spark_streaming.py took 0.168 seconds
[2026-01-28T14:47:14.494+0000] {processor.py:161} INFO - Started process (PID=5683) to work on /opt/airflow/dags/airflow_dag_spark_streaming.py
[2026-01-28T14:47:14.495+0000] {processor.py:830} INFO - Processing file /opt/airflow/dags/airflow_dag_spark_streaming.py for tasks to queue
[2026-01-28T14:47:14.497+0000] {logging_mixin.py:188} INFO - [2026-01-28T14:47:14.496+0000] {dagbag.py:538} INFO - Filling up the DagBag from /opt/airflow/dags/airflow_dag_spark_streaming.py
[2026-01-28T14:47:14.535+0000] {processor.py:840} INFO - DAG(s) 'spark_sgp4_streaming' retrieved from /opt/airflow/dags/airflow_dag_spark_streaming.py
[2026-01-28T14:47:14.597+0000] {logging_mixin.py:188} INFO - [2026-01-28T14:47:14.596+0000] {dag.py:3036} INFO - Sync 1 DAGs
[2026-01-28T14:47:14.614+0000] {logging_mixin.py:188} INFO - [2026-01-28T14:47:14.613+0000] {dag.py:3823} INFO - Setting next_dagrun for spark_sgp4_streaming to None, run_after=None
[2026-01-28T14:47:14.642+0000] {processor.py:183} INFO - Processing /opt/airflow/dags/airflow_dag_spark_streaming.py took 0.158 seconds
[2026-01-28T14:47:44.786+0000] {processor.py:161} INFO - Started process (PID=5693) to work on /opt/airflow/dags/airflow_dag_spark_streaming.py
[2026-01-28T14:47:44.788+0000] {processor.py:830} INFO - Processing file /opt/airflow/dags/airflow_dag_spark_streaming.py for tasks to queue
[2026-01-28T14:47:44.789+0000] {logging_mixin.py:188} INFO - [2026-01-28T14:47:44.789+0000] {dagbag.py:538} INFO - Filling up the DagBag from /opt/airflow/dags/airflow_dag_spark_streaming.py
[2026-01-28T14:47:44.810+0000] {processor.py:840} INFO - DAG(s) 'spark_sgp4_streaming' retrieved from /opt/airflow/dags/airflow_dag_spark_streaming.py
[2026-01-28T14:47:44.871+0000] {logging_mixin.py:188} INFO - [2026-01-28T14:47:44.870+0000] {dag.py:3036} INFO - Sync 1 DAGs
[2026-01-28T14:47:44.900+0000] {logging_mixin.py:188} INFO - [2026-01-28T14:47:44.899+0000] {dag.py:3823} INFO - Setting next_dagrun for spark_sgp4_streaming to None, run_after=None
[2026-01-28T14:47:44.934+0000] {processor.py:183} INFO - Processing /opt/airflow/dags/airflow_dag_spark_streaming.py took 0.154 seconds
[2026-01-28T14:48:15.118+0000] {processor.py:161} INFO - Started process (PID=5703) to work on /opt/airflow/dags/airflow_dag_spark_streaming.py
[2026-01-28T14:48:15.121+0000] {processor.py:830} INFO - Processing file /opt/airflow/dags/airflow_dag_spark_streaming.py for tasks to queue
[2026-01-28T14:48:15.122+0000] {logging_mixin.py:188} INFO - [2026-01-28T14:48:15.121+0000] {dagbag.py:538} INFO - Filling up the DagBag from /opt/airflow/dags/airflow_dag_spark_streaming.py
[2026-01-28T14:48:15.157+0000] {processor.py:840} INFO - DAG(s) 'spark_sgp4_streaming' retrieved from /opt/airflow/dags/airflow_dag_spark_streaming.py
[2026-01-28T14:48:15.212+0000] {logging_mixin.py:188} INFO - [2026-01-28T14:48:15.212+0000] {dag.py:3036} INFO - Sync 1 DAGs
[2026-01-28T14:48:15.233+0000] {logging_mixin.py:188} INFO - [2026-01-28T14:48:15.232+0000] {dag.py:3823} INFO - Setting next_dagrun for spark_sgp4_streaming to None, run_after=None
[2026-01-28T14:48:15.255+0000] {processor.py:183} INFO - Processing /opt/airflow/dags/airflow_dag_spark_streaming.py took 0.151 seconds
[2026-01-28T14:48:45.391+0000] {processor.py:161} INFO - Started process (PID=5713) to work on /opt/airflow/dags/airflow_dag_spark_streaming.py
[2026-01-28T14:48:45.392+0000] {processor.py:830} INFO - Processing file /opt/airflow/dags/airflow_dag_spark_streaming.py for tasks to queue
[2026-01-28T14:48:45.393+0000] {logging_mixin.py:188} INFO - [2026-01-28T14:48:45.393+0000] {dagbag.py:538} INFO - Filling up the DagBag from /opt/airflow/dags/airflow_dag_spark_streaming.py
[2026-01-28T14:48:45.407+0000] {processor.py:840} INFO - DAG(s) 'spark_sgp4_streaming' retrieved from /opt/airflow/dags/airflow_dag_spark_streaming.py
[2026-01-28T14:48:45.449+0000] {logging_mixin.py:188} INFO - [2026-01-28T14:48:45.448+0000] {dag.py:3036} INFO - Sync 1 DAGs
[2026-01-28T14:48:45.464+0000] {logging_mixin.py:188} INFO - [2026-01-28T14:48:45.464+0000] {dag.py:3823} INFO - Setting next_dagrun for spark_sgp4_streaming to None, run_after=None
[2026-01-28T14:48:45.483+0000] {processor.py:183} INFO - Processing /opt/airflow/dags/airflow_dag_spark_streaming.py took 0.098 seconds
[2026-01-28T14:49:15.629+0000] {processor.py:161} INFO - Started process (PID=5723) to work on /opt/airflow/dags/airflow_dag_spark_streaming.py
[2026-01-28T14:49:15.631+0000] {processor.py:830} INFO - Processing file /opt/airflow/dags/airflow_dag_spark_streaming.py for tasks to queue
[2026-01-28T14:49:15.633+0000] {logging_mixin.py:188} INFO - [2026-01-28T14:49:15.632+0000] {dagbag.py:538} INFO - Filling up the DagBag from /opt/airflow/dags/airflow_dag_spark_streaming.py
[2026-01-28T14:49:15.664+0000] {processor.py:840} INFO - DAG(s) 'spark_sgp4_streaming' retrieved from /opt/airflow/dags/airflow_dag_spark_streaming.py
[2026-01-28T14:49:15.719+0000] {logging_mixin.py:188} INFO - [2026-01-28T14:49:15.719+0000] {dag.py:3036} INFO - Sync 1 DAGs
[2026-01-28T14:49:15.741+0000] {logging_mixin.py:188} INFO - [2026-01-28T14:49:15.741+0000] {dag.py:3823} INFO - Setting next_dagrun for spark_sgp4_streaming to None, run_after=None
[2026-01-28T14:49:15.764+0000] {processor.py:183} INFO - Processing /opt/airflow/dags/airflow_dag_spark_streaming.py took 0.144 seconds
[2026-01-28T14:49:45.925+0000] {processor.py:161} INFO - Started process (PID=5733) to work on /opt/airflow/dags/airflow_dag_spark_streaming.py
[2026-01-28T14:49:45.930+0000] {processor.py:830} INFO - Processing file /opt/airflow/dags/airflow_dag_spark_streaming.py for tasks to queue
[2026-01-28T14:49:45.931+0000] {logging_mixin.py:188} INFO - [2026-01-28T14:49:45.930+0000] {dagbag.py:538} INFO - Filling up the DagBag from /opt/airflow/dags/airflow_dag_spark_streaming.py
[2026-01-28T14:49:45.961+0000] {processor.py:840} INFO - DAG(s) 'spark_sgp4_streaming' retrieved from /opt/airflow/dags/airflow_dag_spark_streaming.py
[2026-01-28T14:49:46.020+0000] {logging_mixin.py:188} INFO - [2026-01-28T14:49:46.020+0000] {dag.py:3036} INFO - Sync 1 DAGs
[2026-01-28T14:49:46.042+0000] {logging_mixin.py:188} INFO - [2026-01-28T14:49:46.042+0000] {dag.py:3823} INFO - Setting next_dagrun for spark_sgp4_streaming to None, run_after=None
[2026-01-28T14:49:46.068+0000] {processor.py:183} INFO - Processing /opt/airflow/dags/airflow_dag_spark_streaming.py took 0.156 seconds
[2026-01-28T14:50:16.224+0000] {processor.py:161} INFO - Started process (PID=5743) to work on /opt/airflow/dags/airflow_dag_spark_streaming.py
[2026-01-28T14:50:16.225+0000] {processor.py:830} INFO - Processing file /opt/airflow/dags/airflow_dag_spark_streaming.py for tasks to queue
[2026-01-28T14:50:16.226+0000] {logging_mixin.py:188} INFO - [2026-01-28T14:50:16.225+0000] {dagbag.py:538} INFO - Filling up the DagBag from /opt/airflow/dags/airflow_dag_spark_streaming.py
[2026-01-28T14:50:16.245+0000] {processor.py:840} INFO - DAG(s) 'spark_sgp4_streaming' retrieved from /opt/airflow/dags/airflow_dag_spark_streaming.py
[2026-01-28T14:50:16.293+0000] {logging_mixin.py:188} INFO - [2026-01-28T14:50:16.292+0000] {dag.py:3036} INFO - Sync 1 DAGs
[2026-01-28T14:50:16.313+0000] {logging_mixin.py:188} INFO - [2026-01-28T14:50:16.313+0000] {dag.py:3823} INFO - Setting next_dagrun for spark_sgp4_streaming to None, run_after=None
[2026-01-28T14:50:16.334+0000] {processor.py:183} INFO - Processing /opt/airflow/dags/airflow_dag_spark_streaming.py took 0.116 seconds
[2026-01-28T14:50:46.479+0000] {processor.py:161} INFO - Started process (PID=5753) to work on /opt/airflow/dags/airflow_dag_spark_streaming.py
[2026-01-28T14:50:46.480+0000] {processor.py:830} INFO - Processing file /opt/airflow/dags/airflow_dag_spark_streaming.py for tasks to queue
[2026-01-28T14:50:46.482+0000] {logging_mixin.py:188} INFO - [2026-01-28T14:50:46.481+0000] {dagbag.py:538} INFO - Filling up the DagBag from /opt/airflow/dags/airflow_dag_spark_streaming.py
[2026-01-28T14:50:46.512+0000] {processor.py:840} INFO - DAG(s) 'spark_sgp4_streaming' retrieved from /opt/airflow/dags/airflow_dag_spark_streaming.py
[2026-01-28T14:50:46.569+0000] {logging_mixin.py:188} INFO - [2026-01-28T14:50:46.569+0000] {dag.py:3036} INFO - Sync 1 DAGs
[2026-01-28T14:50:46.593+0000] {logging_mixin.py:188} INFO - [2026-01-28T14:50:46.592+0000] {dag.py:3823} INFO - Setting next_dagrun for spark_sgp4_streaming to None, run_after=None
[2026-01-28T14:50:46.617+0000] {processor.py:183} INFO - Processing /opt/airflow/dags/airflow_dag_spark_streaming.py took 0.149 seconds
[2026-01-28T14:51:16.776+0000] {processor.py:161} INFO - Started process (PID=5763) to work on /opt/airflow/dags/airflow_dag_spark_streaming.py
[2026-01-28T14:51:16.778+0000] {processor.py:830} INFO - Processing file /opt/airflow/dags/airflow_dag_spark_streaming.py for tasks to queue
[2026-01-28T14:51:16.780+0000] {logging_mixin.py:188} INFO - [2026-01-28T14:51:16.779+0000] {dagbag.py:538} INFO - Filling up the DagBag from /opt/airflow/dags/airflow_dag_spark_streaming.py
[2026-01-28T14:51:16.809+0000] {processor.py:840} INFO - DAG(s) 'spark_sgp4_streaming' retrieved from /opt/airflow/dags/airflow_dag_spark_streaming.py
[2026-01-28T14:51:16.852+0000] {logging_mixin.py:188} INFO - [2026-01-28T14:51:16.852+0000] {dag.py:3036} INFO - Sync 1 DAGs
[2026-01-28T14:51:16.870+0000] {logging_mixin.py:188} INFO - [2026-01-28T14:51:16.870+0000] {dag.py:3823} INFO - Setting next_dagrun for spark_sgp4_streaming to None, run_after=None
[2026-01-28T14:51:16.892+0000] {processor.py:183} INFO - Processing /opt/airflow/dags/airflow_dag_spark_streaming.py took 0.125 seconds
[2026-01-28T14:51:47.049+0000] {processor.py:161} INFO - Started process (PID=5773) to work on /opt/airflow/dags/airflow_dag_spark_streaming.py
[2026-01-28T14:51:47.051+0000] {processor.py:830} INFO - Processing file /opt/airflow/dags/airflow_dag_spark_streaming.py for tasks to queue
[2026-01-28T14:51:47.054+0000] {logging_mixin.py:188} INFO - [2026-01-28T14:51:47.052+0000] {dagbag.py:538} INFO - Filling up the DagBag from /opt/airflow/dags/airflow_dag_spark_streaming.py
[2026-01-28T14:51:47.089+0000] {processor.py:840} INFO - DAG(s) 'spark_sgp4_streaming' retrieved from /opt/airflow/dags/airflow_dag_spark_streaming.py
[2026-01-28T14:51:47.151+0000] {logging_mixin.py:188} INFO - [2026-01-28T14:51:47.151+0000] {dag.py:3036} INFO - Sync 1 DAGs
[2026-01-28T14:51:47.170+0000] {logging_mixin.py:188} INFO - [2026-01-28T14:51:47.170+0000] {dag.py:3823} INFO - Setting next_dagrun for spark_sgp4_streaming to None, run_after=None
[2026-01-28T14:51:47.195+0000] {processor.py:183} INFO - Processing /opt/airflow/dags/airflow_dag_spark_streaming.py took 0.158 seconds
[2026-01-28T14:52:17.365+0000] {processor.py:161} INFO - Started process (PID=5783) to work on /opt/airflow/dags/airflow_dag_spark_streaming.py
[2026-01-28T14:52:17.366+0000] {processor.py:830} INFO - Processing file /opt/airflow/dags/airflow_dag_spark_streaming.py for tasks to queue
[2026-01-28T14:52:17.368+0000] {logging_mixin.py:188} INFO - [2026-01-28T14:52:17.367+0000] {dagbag.py:538} INFO - Filling up the DagBag from /opt/airflow/dags/airflow_dag_spark_streaming.py
[2026-01-28T14:52:17.398+0000] {processor.py:840} INFO - DAG(s) 'spark_sgp4_streaming' retrieved from /opt/airflow/dags/airflow_dag_spark_streaming.py
[2026-01-28T14:52:17.436+0000] {logging_mixin.py:188} INFO - [2026-01-28T14:52:17.436+0000] {dag.py:3036} INFO - Sync 1 DAGs
[2026-01-28T14:52:17.452+0000] {logging_mixin.py:188} INFO - [2026-01-28T14:52:17.452+0000] {dag.py:3823} INFO - Setting next_dagrun for spark_sgp4_streaming to None, run_after=None
[2026-01-28T14:52:17.473+0000] {processor.py:183} INFO - Processing /opt/airflow/dags/airflow_dag_spark_streaming.py took 0.122 seconds
[2026-01-28T14:52:47.608+0000] {processor.py:161} INFO - Started process (PID=5793) to work on /opt/airflow/dags/airflow_dag_spark_streaming.py
[2026-01-28T14:52:47.610+0000] {processor.py:830} INFO - Processing file /opt/airflow/dags/airflow_dag_spark_streaming.py for tasks to queue
[2026-01-28T14:52:47.611+0000] {logging_mixin.py:188} INFO - [2026-01-28T14:52:47.611+0000] {dagbag.py:538} INFO - Filling up the DagBag from /opt/airflow/dags/airflow_dag_spark_streaming.py
[2026-01-28T14:52:47.626+0000] {processor.py:840} INFO - DAG(s) 'spark_sgp4_streaming' retrieved from /opt/airflow/dags/airflow_dag_spark_streaming.py
[2026-01-28T14:52:47.682+0000] {logging_mixin.py:188} INFO - [2026-01-28T14:52:47.681+0000] {dag.py:3036} INFO - Sync 1 DAGs
[2026-01-28T14:52:47.704+0000] {logging_mixin.py:188} INFO - [2026-01-28T14:52:47.704+0000] {dag.py:3823} INFO - Setting next_dagrun for spark_sgp4_streaming to None, run_after=None
[2026-01-28T14:52:47.729+0000] {processor.py:183} INFO - Processing /opt/airflow/dags/airflow_dag_spark_streaming.py took 0.124 seconds
[2026-01-28T14:53:17.888+0000] {processor.py:161} INFO - Started process (PID=5803) to work on /opt/airflow/dags/airflow_dag_spark_streaming.py
[2026-01-28T14:53:17.891+0000] {processor.py:830} INFO - Processing file /opt/airflow/dags/airflow_dag_spark_streaming.py for tasks to queue
[2026-01-28T14:53:17.893+0000] {logging_mixin.py:188} INFO - [2026-01-28T14:53:17.892+0000] {dagbag.py:538} INFO - Filling up the DagBag from /opt/airflow/dags/airflow_dag_spark_streaming.py
[2026-01-28T14:53:17.924+0000] {processor.py:840} INFO - DAG(s) 'spark_sgp4_streaming' retrieved from /opt/airflow/dags/airflow_dag_spark_streaming.py
[2026-01-28T14:53:17.978+0000] {logging_mixin.py:188} INFO - [2026-01-28T14:53:17.978+0000] {dag.py:3036} INFO - Sync 1 DAGs
[2026-01-28T14:53:18.002+0000] {logging_mixin.py:188} INFO - [2026-01-28T14:53:18.002+0000] {dag.py:3823} INFO - Setting next_dagrun for spark_sgp4_streaming to None, run_after=None
[2026-01-28T14:53:18.028+0000] {processor.py:183} INFO - Processing /opt/airflow/dags/airflow_dag_spark_streaming.py took 0.151 seconds
[2026-01-28T14:53:48.207+0000] {processor.py:161} INFO - Started process (PID=5813) to work on /opt/airflow/dags/airflow_dag_spark_streaming.py
[2026-01-28T14:53:48.210+0000] {processor.py:830} INFO - Processing file /opt/airflow/dags/airflow_dag_spark_streaming.py for tasks to queue
[2026-01-28T14:53:48.213+0000] {logging_mixin.py:188} INFO - [2026-01-28T14:53:48.210+0000] {dagbag.py:538} INFO - Filling up the DagBag from /opt/airflow/dags/airflow_dag_spark_streaming.py
[2026-01-28T14:53:48.250+0000] {processor.py:840} INFO - DAG(s) 'spark_sgp4_streaming' retrieved from /opt/airflow/dags/airflow_dag_spark_streaming.py
[2026-01-28T14:53:48.310+0000] {logging_mixin.py:188} INFO - [2026-01-28T14:53:48.310+0000] {dag.py:3036} INFO - Sync 1 DAGs
[2026-01-28T14:53:48.332+0000] {logging_mixin.py:188} INFO - [2026-01-28T14:53:48.332+0000] {dag.py:3823} INFO - Setting next_dagrun for spark_sgp4_streaming to None, run_after=None
[2026-01-28T14:53:48.359+0000] {processor.py:183} INFO - Processing /opt/airflow/dags/airflow_dag_spark_streaming.py took 0.168 seconds
[2026-01-28T14:54:18.525+0000] {processor.py:161} INFO - Started process (PID=5823) to work on /opt/airflow/dags/airflow_dag_spark_streaming.py
[2026-01-28T14:54:18.526+0000] {processor.py:830} INFO - Processing file /opt/airflow/dags/airflow_dag_spark_streaming.py for tasks to queue
[2026-01-28T14:54:18.527+0000] {logging_mixin.py:188} INFO - [2026-01-28T14:54:18.527+0000] {dagbag.py:538} INFO - Filling up the DagBag from /opt/airflow/dags/airflow_dag_spark_streaming.py
[2026-01-28T14:54:18.548+0000] {processor.py:840} INFO - DAG(s) 'spark_sgp4_streaming' retrieved from /opt/airflow/dags/airflow_dag_spark_streaming.py
[2026-01-28T14:54:18.601+0000] {logging_mixin.py:188} INFO - [2026-01-28T14:54:18.601+0000] {dag.py:3036} INFO - Sync 1 DAGs
[2026-01-28T14:54:18.618+0000] {logging_mixin.py:188} INFO - [2026-01-28T14:54:18.618+0000] {dag.py:3823} INFO - Setting next_dagrun for spark_sgp4_streaming to None, run_after=None
[2026-01-28T14:54:18.639+0000] {processor.py:183} INFO - Processing /opt/airflow/dags/airflow_dag_spark_streaming.py took 0.127 seconds
[2026-01-28T14:54:49.335+0000] {processor.py:161} INFO - Started process (PID=5833) to work on /opt/airflow/dags/airflow_dag_spark_streaming.py
[2026-01-28T14:54:49.336+0000] {processor.py:830} INFO - Processing file /opt/airflow/dags/airflow_dag_spark_streaming.py for tasks to queue
[2026-01-28T14:54:49.338+0000] {logging_mixin.py:188} INFO - [2026-01-28T14:54:49.337+0000] {dagbag.py:538} INFO - Filling up the DagBag from /opt/airflow/dags/airflow_dag_spark_streaming.py
[2026-01-28T14:54:49.375+0000] {processor.py:840} INFO - DAG(s) 'spark_sgp4_streaming' retrieved from /opt/airflow/dags/airflow_dag_spark_streaming.py
[2026-01-28T14:54:49.442+0000] {logging_mixin.py:188} INFO - [2026-01-28T14:54:49.442+0000] {dag.py:3036} INFO - Sync 1 DAGs
[2026-01-28T14:54:49.476+0000] {logging_mixin.py:188} INFO - [2026-01-28T14:54:49.476+0000] {dag.py:3823} INFO - Setting next_dagrun for spark_sgp4_streaming to None, run_after=None
[2026-01-28T14:54:49.507+0000] {processor.py:183} INFO - Processing /opt/airflow/dags/airflow_dag_spark_streaming.py took 0.179 seconds
[2026-01-28T14:55:19.665+0000] {processor.py:161} INFO - Started process (PID=5843) to work on /opt/airflow/dags/airflow_dag_spark_streaming.py
[2026-01-28T14:55:19.666+0000] {processor.py:830} INFO - Processing file /opt/airflow/dags/airflow_dag_spark_streaming.py for tasks to queue
[2026-01-28T14:55:19.667+0000] {logging_mixin.py:188} INFO - [2026-01-28T14:55:19.666+0000] {dagbag.py:538} INFO - Filling up the DagBag from /opt/airflow/dags/airflow_dag_spark_streaming.py
[2026-01-28T14:55:19.683+0000] {processor.py:840} INFO - DAG(s) 'spark_sgp4_streaming' retrieved from /opt/airflow/dags/airflow_dag_spark_streaming.py
[2026-01-28T14:55:19.722+0000] {logging_mixin.py:188} INFO - [2026-01-28T14:55:19.722+0000] {dag.py:3036} INFO - Sync 1 DAGs
[2026-01-28T14:55:19.737+0000] {logging_mixin.py:188} INFO - [2026-01-28T14:55:19.736+0000] {dag.py:3823} INFO - Setting next_dagrun for spark_sgp4_streaming to None, run_after=None
[2026-01-28T14:55:19.753+0000] {processor.py:183} INFO - Processing /opt/airflow/dags/airflow_dag_spark_streaming.py took 0.098 seconds
[2026-01-28T14:55:49.919+0000] {processor.py:161} INFO - Started process (PID=5853) to work on /opt/airflow/dags/airflow_dag_spark_streaming.py
[2026-01-28T14:55:49.921+0000] {processor.py:830} INFO - Processing file /opt/airflow/dags/airflow_dag_spark_streaming.py for tasks to queue
[2026-01-28T14:55:49.924+0000] {logging_mixin.py:188} INFO - [2026-01-28T14:55:49.922+0000] {dagbag.py:538} INFO - Filling up the DagBag from /opt/airflow/dags/airflow_dag_spark_streaming.py
[2026-01-28T14:55:49.963+0000] {processor.py:840} INFO - DAG(s) 'spark_sgp4_streaming' retrieved from /opt/airflow/dags/airflow_dag_spark_streaming.py
[2026-01-28T14:55:50.025+0000] {logging_mixin.py:188} INFO - [2026-01-28T14:55:50.025+0000] {dag.py:3036} INFO - Sync 1 DAGs
[2026-01-28T14:55:50.047+0000] {logging_mixin.py:188} INFO - [2026-01-28T14:55:50.046+0000] {dag.py:3823} INFO - Setting next_dagrun for spark_sgp4_streaming to None, run_after=None
[2026-01-28T14:55:50.073+0000] {processor.py:183} INFO - Processing /opt/airflow/dags/airflow_dag_spark_streaming.py took 0.166 seconds
[2026-01-28T14:56:20.234+0000] {processor.py:161} INFO - Started process (PID=5863) to work on /opt/airflow/dags/airflow_dag_spark_streaming.py
[2026-01-28T14:56:20.235+0000] {processor.py:830} INFO - Processing file /opt/airflow/dags/airflow_dag_spark_streaming.py for tasks to queue
[2026-01-28T14:56:20.237+0000] {logging_mixin.py:188} INFO - [2026-01-28T14:56:20.236+0000] {dagbag.py:538} INFO - Filling up the DagBag from /opt/airflow/dags/airflow_dag_spark_streaming.py
[2026-01-28T14:56:20.268+0000] {processor.py:840} INFO - DAG(s) 'spark_sgp4_streaming' retrieved from /opt/airflow/dags/airflow_dag_spark_streaming.py
[2026-01-28T14:56:20.319+0000] {logging_mixin.py:188} INFO - [2026-01-28T14:56:20.319+0000] {dag.py:3036} INFO - Sync 1 DAGs
[2026-01-28T14:56:20.336+0000] {logging_mixin.py:188} INFO - [2026-01-28T14:56:20.336+0000] {dag.py:3823} INFO - Setting next_dagrun for spark_sgp4_streaming to None, run_after=None
[2026-01-28T14:56:20.358+0000] {processor.py:183} INFO - Processing /opt/airflow/dags/airflow_dag_spark_streaming.py took 0.138 seconds
[2026-01-28T14:56:50.520+0000] {processor.py:161} INFO - Started process (PID=5873) to work on /opt/airflow/dags/airflow_dag_spark_streaming.py
[2026-01-28T14:56:50.521+0000] {processor.py:830} INFO - Processing file /opt/airflow/dags/airflow_dag_spark_streaming.py for tasks to queue
[2026-01-28T14:56:50.525+0000] {logging_mixin.py:188} INFO - [2026-01-28T14:56:50.523+0000] {dagbag.py:538} INFO - Filling up the DagBag from /opt/airflow/dags/airflow_dag_spark_streaming.py
[2026-01-28T14:56:50.561+0000] {processor.py:840} INFO - DAG(s) 'spark_sgp4_streaming' retrieved from /opt/airflow/dags/airflow_dag_spark_streaming.py
[2026-01-28T14:56:50.627+0000] {logging_mixin.py:188} INFO - [2026-01-28T14:56:50.627+0000] {dag.py:3036} INFO - Sync 1 DAGs
[2026-01-28T14:56:50.656+0000] {logging_mixin.py:188} INFO - [2026-01-28T14:56:50.655+0000] {dag.py:3823} INFO - Setting next_dagrun for spark_sgp4_streaming to None, run_after=None
[2026-01-28T14:56:50.680+0000] {processor.py:183} INFO - Processing /opt/airflow/dags/airflow_dag_spark_streaming.py took 0.173 seconds
[2026-01-28T14:57:20.868+0000] {processor.py:161} INFO - Started process (PID=5883) to work on /opt/airflow/dags/airflow_dag_spark_streaming.py
[2026-01-28T14:57:20.869+0000] {processor.py:830} INFO - Processing file /opt/airflow/dags/airflow_dag_spark_streaming.py for tasks to queue
[2026-01-28T14:57:20.873+0000] {logging_mixin.py:188} INFO - [2026-01-28T14:57:20.872+0000] {dagbag.py:538} INFO - Filling up the DagBag from /opt/airflow/dags/airflow_dag_spark_streaming.py
[2026-01-28T14:57:20.909+0000] {processor.py:840} INFO - DAG(s) 'spark_sgp4_streaming' retrieved from /opt/airflow/dags/airflow_dag_spark_streaming.py
[2026-01-28T14:57:20.964+0000] {logging_mixin.py:188} INFO - [2026-01-28T14:57:20.964+0000] {dag.py:3036} INFO - Sync 1 DAGs
[2026-01-28T14:57:20.983+0000] {logging_mixin.py:188} INFO - [2026-01-28T14:57:20.983+0000] {dag.py:3823} INFO - Setting next_dagrun for spark_sgp4_streaming to None, run_after=None
[2026-01-28T14:57:21.003+0000] {processor.py:183} INFO - Processing /opt/airflow/dags/airflow_dag_spark_streaming.py took 0.147 seconds
[2026-01-28T14:57:51.147+0000] {processor.py:161} INFO - Started process (PID=5893) to work on /opt/airflow/dags/airflow_dag_spark_streaming.py
[2026-01-28T14:57:51.148+0000] {processor.py:830} INFO - Processing file /opt/airflow/dags/airflow_dag_spark_streaming.py for tasks to queue
[2026-01-28T14:57:51.150+0000] {logging_mixin.py:188} INFO - [2026-01-28T14:57:51.148+0000] {dagbag.py:538} INFO - Filling up the DagBag from /opt/airflow/dags/airflow_dag_spark_streaming.py
[2026-01-28T14:57:51.179+0000] {processor.py:840} INFO - DAG(s) 'spark_sgp4_streaming' retrieved from /opt/airflow/dags/airflow_dag_spark_streaming.py
[2026-01-28T14:57:51.232+0000] {logging_mixin.py:188} INFO - [2026-01-28T14:57:51.232+0000] {dag.py:3036} INFO - Sync 1 DAGs
[2026-01-28T14:57:51.253+0000] {logging_mixin.py:188} INFO - [2026-01-28T14:57:51.253+0000] {dag.py:3823} INFO - Setting next_dagrun for spark_sgp4_streaming to None, run_after=None
[2026-01-28T14:57:51.276+0000] {processor.py:183} INFO - Processing /opt/airflow/dags/airflow_dag_spark_streaming.py took 0.138 seconds
[2026-01-28T14:58:21.457+0000] {processor.py:161} INFO - Started process (PID=5903) to work on /opt/airflow/dags/airflow_dag_spark_streaming.py
[2026-01-28T14:58:21.460+0000] {processor.py:830} INFO - Processing file /opt/airflow/dags/airflow_dag_spark_streaming.py for tasks to queue
[2026-01-28T14:58:21.462+0000] {logging_mixin.py:188} INFO - [2026-01-28T14:58:21.460+0000] {dagbag.py:538} INFO - Filling up the DagBag from /opt/airflow/dags/airflow_dag_spark_streaming.py
[2026-01-28T14:58:21.499+0000] {processor.py:840} INFO - DAG(s) 'spark_sgp4_streaming' retrieved from /opt/airflow/dags/airflow_dag_spark_streaming.py
[2026-01-28T14:58:21.564+0000] {logging_mixin.py:188} INFO - [2026-01-28T14:58:21.564+0000] {dag.py:3036} INFO - Sync 1 DAGs
[2026-01-28T14:58:21.586+0000] {logging_mixin.py:188} INFO - [2026-01-28T14:58:21.585+0000] {dag.py:3823} INFO - Setting next_dagrun for spark_sgp4_streaming to None, run_after=None
[2026-01-28T14:58:21.607+0000] {processor.py:183} INFO - Processing /opt/airflow/dags/airflow_dag_spark_streaming.py took 0.163 seconds
[2026-01-28T14:58:51.957+0000] {processor.py:161} INFO - Started process (PID=5913) to work on /opt/airflow/dags/airflow_dag_spark_streaming.py
[2026-01-28T14:58:51.959+0000] {processor.py:830} INFO - Processing file /opt/airflow/dags/airflow_dag_spark_streaming.py for tasks to queue
[2026-01-28T14:58:51.962+0000] {logging_mixin.py:188} INFO - [2026-01-28T14:58:51.961+0000] {dagbag.py:538} INFO - Filling up the DagBag from /opt/airflow/dags/airflow_dag_spark_streaming.py
[2026-01-28T14:58:52.008+0000] {processor.py:840} INFO - DAG(s) 'spark_sgp4_streaming' retrieved from /opt/airflow/dags/airflow_dag_spark_streaming.py
[2026-01-28T14:58:52.076+0000] {logging_mixin.py:188} INFO - [2026-01-28T14:58:52.076+0000] {dag.py:3036} INFO - Sync 1 DAGs
[2026-01-28T14:58:52.111+0000] {logging_mixin.py:188} INFO - [2026-01-28T14:58:52.111+0000] {dag.py:3823} INFO - Setting next_dagrun for spark_sgp4_streaming to None, run_after=None
[2026-01-28T14:58:52.145+0000] {processor.py:183} INFO - Processing /opt/airflow/dags/airflow_dag_spark_streaming.py took 0.202 seconds
[2026-01-28T14:59:22.626+0000] {processor.py:161} INFO - Started process (PID=5923) to work on /opt/airflow/dags/airflow_dag_spark_streaming.py
[2026-01-28T14:59:22.627+0000] {processor.py:830} INFO - Processing file /opt/airflow/dags/airflow_dag_spark_streaming.py for tasks to queue
[2026-01-28T14:59:22.630+0000] {logging_mixin.py:188} INFO - [2026-01-28T14:59:22.627+0000] {dagbag.py:538} INFO - Filling up the DagBag from /opt/airflow/dags/airflow_dag_spark_streaming.py
[2026-01-28T14:59:22.666+0000] {processor.py:840} INFO - DAG(s) 'spark_sgp4_streaming' retrieved from /opt/airflow/dags/airflow_dag_spark_streaming.py
[2026-01-28T14:59:22.732+0000] {logging_mixin.py:188} INFO - [2026-01-28T14:59:22.732+0000] {dag.py:3036} INFO - Sync 1 DAGs
[2026-01-28T14:59:22.760+0000] {logging_mixin.py:188} INFO - [2026-01-28T14:59:22.760+0000] {dag.py:3823} INFO - Setting next_dagrun for spark_sgp4_streaming to None, run_after=None
[2026-01-28T14:59:22.786+0000] {processor.py:183} INFO - Processing /opt/airflow/dags/airflow_dag_spark_streaming.py took 0.173 seconds
[2026-01-28T14:59:52.928+0000] {processor.py:161} INFO - Started process (PID=5933) to work on /opt/airflow/dags/airflow_dag_spark_streaming.py
[2026-01-28T14:59:52.930+0000] {processor.py:830} INFO - Processing file /opt/airflow/dags/airflow_dag_spark_streaming.py for tasks to queue
[2026-01-28T14:59:52.932+0000] {logging_mixin.py:188} INFO - [2026-01-28T14:59:52.931+0000] {dagbag.py:538} INFO - Filling up the DagBag from /opt/airflow/dags/airflow_dag_spark_streaming.py
[2026-01-28T14:59:52.961+0000] {processor.py:840} INFO - DAG(s) 'spark_sgp4_streaming' retrieved from /opt/airflow/dags/airflow_dag_spark_streaming.py
[2026-01-28T14:59:53.012+0000] {logging_mixin.py:188} INFO - [2026-01-28T14:59:53.012+0000] {dag.py:3036} INFO - Sync 1 DAGs
[2026-01-28T14:59:53.036+0000] {logging_mixin.py:188} INFO - [2026-01-28T14:59:53.036+0000] {dag.py:3823} INFO - Setting next_dagrun for spark_sgp4_streaming to None, run_after=None
[2026-01-28T14:59:53.063+0000] {processor.py:183} INFO - Processing /opt/airflow/dags/airflow_dag_spark_streaming.py took 0.144 seconds
[2026-01-28T15:00:23.221+0000] {processor.py:161} INFO - Started process (PID=5948) to work on /opt/airflow/dags/airflow_dag_spark_streaming.py
[2026-01-28T15:00:23.222+0000] {processor.py:830} INFO - Processing file /opt/airflow/dags/airflow_dag_spark_streaming.py for tasks to queue
[2026-01-28T15:00:23.224+0000] {logging_mixin.py:188} INFO - [2026-01-28T15:00:23.223+0000] {dagbag.py:538} INFO - Filling up the DagBag from /opt/airflow/dags/airflow_dag_spark_streaming.py
[2026-01-28T15:00:23.250+0000] {processor.py:840} INFO - DAG(s) 'spark_sgp4_streaming' retrieved from /opt/airflow/dags/airflow_dag_spark_streaming.py
[2026-01-28T15:00:23.312+0000] {logging_mixin.py:188} INFO - [2026-01-28T15:00:23.312+0000] {dag.py:3036} INFO - Sync 1 DAGs
[2026-01-28T15:00:23.339+0000] {logging_mixin.py:188} INFO - [2026-01-28T15:00:23.339+0000] {dag.py:3823} INFO - Setting next_dagrun for spark_sgp4_streaming to None, run_after=None
[2026-01-28T15:00:23.364+0000] {processor.py:183} INFO - Processing /opt/airflow/dags/airflow_dag_spark_streaming.py took 0.152 seconds
[2026-01-28T15:00:53.516+0000] {processor.py:161} INFO - Started process (PID=5958) to work on /opt/airflow/dags/airflow_dag_spark_streaming.py
[2026-01-28T15:00:53.518+0000] {processor.py:830} INFO - Processing file /opt/airflow/dags/airflow_dag_spark_streaming.py for tasks to queue
[2026-01-28T15:00:53.520+0000] {logging_mixin.py:188} INFO - [2026-01-28T15:00:53.519+0000] {dagbag.py:538} INFO - Filling up the DagBag from /opt/airflow/dags/airflow_dag_spark_streaming.py
[2026-01-28T15:00:53.551+0000] {processor.py:840} INFO - DAG(s) 'spark_sgp4_streaming' retrieved from /opt/airflow/dags/airflow_dag_spark_streaming.py
[2026-01-28T15:00:53.619+0000] {logging_mixin.py:188} INFO - [2026-01-28T15:00:53.618+0000] {dag.py:3036} INFO - Sync 1 DAGs
[2026-01-28T15:00:53.646+0000] {logging_mixin.py:188} INFO - [2026-01-28T15:00:53.645+0000] {dag.py:3823} INFO - Setting next_dagrun for spark_sgp4_streaming to None, run_after=None
[2026-01-28T15:00:53.675+0000] {processor.py:183} INFO - Processing /opt/airflow/dags/airflow_dag_spark_streaming.py took 0.169 seconds
[2026-01-28T15:01:23.838+0000] {processor.py:161} INFO - Started process (PID=5968) to work on /opt/airflow/dags/airflow_dag_spark_streaming.py
[2026-01-28T15:01:23.840+0000] {processor.py:830} INFO - Processing file /opt/airflow/dags/airflow_dag_spark_streaming.py for tasks to queue
[2026-01-28T15:01:23.843+0000] {logging_mixin.py:188} INFO - [2026-01-28T15:01:23.841+0000] {dagbag.py:538} INFO - Filling up the DagBag from /opt/airflow/dags/airflow_dag_spark_streaming.py
[2026-01-28T15:01:23.871+0000] {processor.py:840} INFO - DAG(s) 'spark_sgp4_streaming' retrieved from /opt/airflow/dags/airflow_dag_spark_streaming.py
[2026-01-28T15:01:23.939+0000] {logging_mixin.py:188} INFO - [2026-01-28T15:01:23.939+0000] {dag.py:3036} INFO - Sync 1 DAGs
[2026-01-28T15:01:23.962+0000] {logging_mixin.py:188} INFO - [2026-01-28T15:01:23.961+0000] {dag.py:3823} INFO - Setting next_dagrun for spark_sgp4_streaming to None, run_after=None
[2026-01-28T15:01:23.991+0000] {processor.py:183} INFO - Processing /opt/airflow/dags/airflow_dag_spark_streaming.py took 0.162 seconds
[2026-01-28T15:01:54.143+0000] {processor.py:161} INFO - Started process (PID=5978) to work on /opt/airflow/dags/airflow_dag_spark_streaming.py
[2026-01-28T15:01:54.144+0000] {processor.py:830} INFO - Processing file /opt/airflow/dags/airflow_dag_spark_streaming.py for tasks to queue
[2026-01-28T15:01:54.146+0000] {logging_mixin.py:188} INFO - [2026-01-28T15:01:54.144+0000] {dagbag.py:538} INFO - Filling up the DagBag from /opt/airflow/dags/airflow_dag_spark_streaming.py
[2026-01-28T15:01:54.177+0000] {processor.py:840} INFO - DAG(s) 'spark_sgp4_streaming' retrieved from /opt/airflow/dags/airflow_dag_spark_streaming.py
[2026-01-28T15:01:54.229+0000] {logging_mixin.py:188} INFO - [2026-01-28T15:01:54.229+0000] {dag.py:3036} INFO - Sync 1 DAGs
[2026-01-28T15:01:54.250+0000] {logging_mixin.py:188} INFO - [2026-01-28T15:01:54.250+0000] {dag.py:3823} INFO - Setting next_dagrun for spark_sgp4_streaming to None, run_after=None
[2026-01-28T15:01:54.273+0000] {processor.py:183} INFO - Processing /opt/airflow/dags/airflow_dag_spark_streaming.py took 0.143 seconds
[2026-01-28T15:02:24.447+0000] {processor.py:161} INFO - Started process (PID=5988) to work on /opt/airflow/dags/airflow_dag_spark_streaming.py
[2026-01-28T15:02:24.449+0000] {processor.py:830} INFO - Processing file /opt/airflow/dags/airflow_dag_spark_streaming.py for tasks to queue
[2026-01-28T15:02:24.451+0000] {logging_mixin.py:188} INFO - [2026-01-28T15:02:24.450+0000] {dagbag.py:538} INFO - Filling up the DagBag from /opt/airflow/dags/airflow_dag_spark_streaming.py
[2026-01-28T15:02:24.481+0000] {processor.py:840} INFO - DAG(s) 'spark_sgp4_streaming' retrieved from /opt/airflow/dags/airflow_dag_spark_streaming.py
[2026-01-28T15:02:24.552+0000] {logging_mixin.py:188} INFO - [2026-01-28T15:02:24.552+0000] {dag.py:3036} INFO - Sync 1 DAGs
[2026-01-28T15:02:24.576+0000] {logging_mixin.py:188} INFO - [2026-01-28T15:02:24.575+0000] {dag.py:3823} INFO - Setting next_dagrun for spark_sgp4_streaming to None, run_after=None
[2026-01-28T15:02:24.602+0000] {processor.py:183} INFO - Processing /opt/airflow/dags/airflow_dag_spark_streaming.py took 0.165 seconds
[2026-01-28T15:02:54.830+0000] {processor.py:161} INFO - Started process (PID=5998) to work on /opt/airflow/dags/airflow_dag_spark_streaming.py
[2026-01-28T15:02:54.831+0000] {processor.py:830} INFO - Processing file /opt/airflow/dags/airflow_dag_spark_streaming.py for tasks to queue
[2026-01-28T15:02:54.834+0000] {logging_mixin.py:188} INFO - [2026-01-28T15:02:54.833+0000] {dagbag.py:538} INFO - Filling up the DagBag from /opt/airflow/dags/airflow_dag_spark_streaming.py
[2026-01-28T15:02:54.883+0000] {processor.py:840} INFO - DAG(s) 'spark_sgp4_streaming' retrieved from /opt/airflow/dags/airflow_dag_spark_streaming.py
[2026-01-28T15:02:54.955+0000] {logging_mixin.py:188} INFO - [2026-01-28T15:02:54.955+0000] {dag.py:3036} INFO - Sync 1 DAGs
[2026-01-28T15:02:54.983+0000] {logging_mixin.py:188} INFO - [2026-01-28T15:02:54.983+0000] {dag.py:3823} INFO - Setting next_dagrun for spark_sgp4_streaming to None, run_after=None
[2026-01-28T15:02:55.014+0000] {processor.py:183} INFO - Processing /opt/airflow/dags/airflow_dag_spark_streaming.py took 0.202 seconds
[2026-01-28T15:03:25.187+0000] {processor.py:161} INFO - Started process (PID=6008) to work on /opt/airflow/dags/airflow_dag_spark_streaming.py
[2026-01-28T15:03:25.191+0000] {processor.py:830} INFO - Processing file /opt/airflow/dags/airflow_dag_spark_streaming.py for tasks to queue
[2026-01-28T15:03:25.192+0000] {logging_mixin.py:188} INFO - [2026-01-28T15:03:25.191+0000] {dagbag.py:538} INFO - Filling up the DagBag from /opt/airflow/dags/airflow_dag_spark_streaming.py
[2026-01-28T15:03:25.223+0000] {processor.py:840} INFO - DAG(s) 'spark_sgp4_streaming' retrieved from /opt/airflow/dags/airflow_dag_spark_streaming.py
[2026-01-28T15:03:25.282+0000] {logging_mixin.py:188} INFO - [2026-01-28T15:03:25.282+0000] {dag.py:3036} INFO - Sync 1 DAGs
[2026-01-28T15:03:25.306+0000] {logging_mixin.py:188} INFO - [2026-01-28T15:03:25.305+0000] {dag.py:3823} INFO - Setting next_dagrun for spark_sgp4_streaming to None, run_after=None
[2026-01-28T15:03:25.330+0000] {processor.py:183} INFO - Processing /opt/airflow/dags/airflow_dag_spark_streaming.py took 0.154 seconds
[2026-01-28T15:03:55.482+0000] {processor.py:161} INFO - Started process (PID=6018) to work on /opt/airflow/dags/airflow_dag_spark_streaming.py
[2026-01-28T15:03:55.484+0000] {processor.py:830} INFO - Processing file /opt/airflow/dags/airflow_dag_spark_streaming.py for tasks to queue
[2026-01-28T15:03:55.486+0000] {logging_mixin.py:188} INFO - [2026-01-28T15:03:55.485+0000] {dagbag.py:538} INFO - Filling up the DagBag from /opt/airflow/dags/airflow_dag_spark_streaming.py
[2026-01-28T15:03:55.523+0000] {processor.py:840} INFO - DAG(s) 'spark_sgp4_streaming' retrieved from /opt/airflow/dags/airflow_dag_spark_streaming.py
[2026-01-28T15:03:55.568+0000] {logging_mixin.py:188} INFO - [2026-01-28T15:03:55.567+0000] {dag.py:3036} INFO - Sync 1 DAGs
[2026-01-28T15:03:55.585+0000] {logging_mixin.py:188} INFO - [2026-01-28T15:03:55.585+0000] {dag.py:3823} INFO - Setting next_dagrun for spark_sgp4_streaming to None, run_after=None
[2026-01-28T15:03:55.606+0000] {processor.py:183} INFO - Processing /opt/airflow/dags/airflow_dag_spark_streaming.py took 0.133 seconds
[2026-01-28T15:04:25.758+0000] {processor.py:161} INFO - Started process (PID=6028) to work on /opt/airflow/dags/airflow_dag_spark_streaming.py
[2026-01-28T15:04:25.760+0000] {processor.py:830} INFO - Processing file /opt/airflow/dags/airflow_dag_spark_streaming.py for tasks to queue
[2026-01-28T15:04:25.763+0000] {logging_mixin.py:188} INFO - [2026-01-28T15:04:25.762+0000] {dagbag.py:538} INFO - Filling up the DagBag from /opt/airflow/dags/airflow_dag_spark_streaming.py
[2026-01-28T15:04:25.794+0000] {processor.py:840} INFO - DAG(s) 'spark_sgp4_streaming' retrieved from /opt/airflow/dags/airflow_dag_spark_streaming.py
[2026-01-28T15:04:25.848+0000] {logging_mixin.py:188} INFO - [2026-01-28T15:04:25.848+0000] {dag.py:3036} INFO - Sync 1 DAGs
[2026-01-28T15:04:25.875+0000] {logging_mixin.py:188} INFO - [2026-01-28T15:04:25.875+0000] {dag.py:3823} INFO - Setting next_dagrun for spark_sgp4_streaming to None, run_after=None
[2026-01-28T15:04:25.900+0000] {processor.py:183} INFO - Processing /opt/airflow/dags/airflow_dag_spark_streaming.py took 0.154 seconds
[2026-01-28T15:04:56.071+0000] {processor.py:161} INFO - Started process (PID=6038) to work on /opt/airflow/dags/airflow_dag_spark_streaming.py
[2026-01-28T15:04:56.073+0000] {processor.py:830} INFO - Processing file /opt/airflow/dags/airflow_dag_spark_streaming.py for tasks to queue
[2026-01-28T15:04:56.075+0000] {logging_mixin.py:188} INFO - [2026-01-28T15:04:56.074+0000] {dagbag.py:538} INFO - Filling up the DagBag from /opt/airflow/dags/airflow_dag_spark_streaming.py
[2026-01-28T15:04:56.114+0000] {processor.py:840} INFO - DAG(s) 'spark_sgp4_streaming' retrieved from /opt/airflow/dags/airflow_dag_spark_streaming.py
[2026-01-28T15:04:56.190+0000] {logging_mixin.py:188} INFO - [2026-01-28T15:04:56.190+0000] {dag.py:3036} INFO - Sync 1 DAGs
[2026-01-28T15:04:56.218+0000] {logging_mixin.py:188} INFO - [2026-01-28T15:04:56.218+0000] {dag.py:3823} INFO - Setting next_dagrun for spark_sgp4_streaming to None, run_after=None
[2026-01-28T15:04:56.248+0000] {processor.py:183} INFO - Processing /opt/airflow/dags/airflow_dag_spark_streaming.py took 0.193 seconds
[2026-01-28T15:05:26.405+0000] {processor.py:161} INFO - Started process (PID=6048) to work on /opt/airflow/dags/airflow_dag_spark_streaming.py
[2026-01-28T15:05:26.406+0000] {processor.py:830} INFO - Processing file /opt/airflow/dags/airflow_dag_spark_streaming.py for tasks to queue
[2026-01-28T15:05:26.408+0000] {logging_mixin.py:188} INFO - [2026-01-28T15:05:26.407+0000] {dagbag.py:538} INFO - Filling up the DagBag from /opt/airflow/dags/airflow_dag_spark_streaming.py
[2026-01-28T15:05:26.443+0000] {processor.py:840} INFO - DAG(s) 'spark_sgp4_streaming' retrieved from /opt/airflow/dags/airflow_dag_spark_streaming.py
[2026-01-28T15:05:26.498+0000] {logging_mixin.py:188} INFO - [2026-01-28T15:05:26.498+0000] {dag.py:3036} INFO - Sync 1 DAGs
[2026-01-28T15:05:26.519+0000] {logging_mixin.py:188} INFO - [2026-01-28T15:05:26.519+0000] {dag.py:3823} INFO - Setting next_dagrun for spark_sgp4_streaming to None, run_after=None
[2026-01-28T15:05:26.544+0000] {processor.py:183} INFO - Processing /opt/airflow/dags/airflow_dag_spark_streaming.py took 0.150 seconds
[2026-01-28T15:05:56.709+0000] {processor.py:161} INFO - Started process (PID=6058) to work on /opt/airflow/dags/airflow_dag_spark_streaming.py
[2026-01-28T15:05:56.711+0000] {processor.py:830} INFO - Processing file /opt/airflow/dags/airflow_dag_spark_streaming.py for tasks to queue
[2026-01-28T15:05:56.713+0000] {logging_mixin.py:188} INFO - [2026-01-28T15:05:56.712+0000] {dagbag.py:538} INFO - Filling up the DagBag from /opt/airflow/dags/airflow_dag_spark_streaming.py
[2026-01-28T15:05:56.742+0000] {processor.py:840} INFO - DAG(s) 'spark_sgp4_streaming' retrieved from /opt/airflow/dags/airflow_dag_spark_streaming.py
[2026-01-28T15:05:56.805+0000] {logging_mixin.py:188} INFO - [2026-01-28T15:05:56.804+0000] {dag.py:3036} INFO - Sync 1 DAGs
[2026-01-28T15:05:56.826+0000] {logging_mixin.py:188} INFO - [2026-01-28T15:05:56.826+0000] {dag.py:3823} INFO - Setting next_dagrun for spark_sgp4_streaming to None, run_after=None
[2026-01-28T15:05:56.854+0000] {processor.py:183} INFO - Processing /opt/airflow/dags/airflow_dag_spark_streaming.py took 0.157 seconds
[2026-01-28T15:06:27.012+0000] {processor.py:161} INFO - Started process (PID=6068) to work on /opt/airflow/dags/airflow_dag_spark_streaming.py
[2026-01-28T15:06:27.013+0000] {processor.py:830} INFO - Processing file /opt/airflow/dags/airflow_dag_spark_streaming.py for tasks to queue
[2026-01-28T15:06:27.015+0000] {logging_mixin.py:188} INFO - [2026-01-28T15:06:27.014+0000] {dagbag.py:538} INFO - Filling up the DagBag from /opt/airflow/dags/airflow_dag_spark_streaming.py
[2026-01-28T15:06:27.046+0000] {processor.py:840} INFO - DAG(s) 'spark_sgp4_streaming' retrieved from /opt/airflow/dags/airflow_dag_spark_streaming.py
[2026-01-28T15:06:27.089+0000] {logging_mixin.py:188} INFO - [2026-01-28T15:06:27.089+0000] {dag.py:3036} INFO - Sync 1 DAGs
[2026-01-28T15:06:27.105+0000] {logging_mixin.py:188} INFO - [2026-01-28T15:06:27.105+0000] {dag.py:3823} INFO - Setting next_dagrun for spark_sgp4_streaming to None, run_after=None
[2026-01-28T15:06:27.125+0000] {processor.py:183} INFO - Processing /opt/airflow/dags/airflow_dag_spark_streaming.py took 0.125 seconds
[2026-01-28T15:06:57.359+0000] {processor.py:161} INFO - Started process (PID=6078) to work on /opt/airflow/dags/airflow_dag_spark_streaming.py
[2026-01-28T15:06:57.363+0000] {processor.py:830} INFO - Processing file /opt/airflow/dags/airflow_dag_spark_streaming.py for tasks to queue
[2026-01-28T15:06:57.365+0000] {logging_mixin.py:188} INFO - [2026-01-28T15:06:57.364+0000] {dagbag.py:538} INFO - Filling up the DagBag from /opt/airflow/dags/airflow_dag_spark_streaming.py
[2026-01-28T15:06:57.416+0000] {processor.py:840} INFO - DAG(s) 'spark_sgp4_streaming' retrieved from /opt/airflow/dags/airflow_dag_spark_streaming.py
[2026-01-28T15:06:57.500+0000] {logging_mixin.py:188} INFO - [2026-01-28T15:06:57.499+0000] {dag.py:3036} INFO - Sync 1 DAGs
[2026-01-28T15:06:57.533+0000] {logging_mixin.py:188} INFO - [2026-01-28T15:06:57.532+0000] {dag.py:3823} INFO - Setting next_dagrun for spark_sgp4_streaming to None, run_after=None
[2026-01-28T15:06:57.571+0000] {processor.py:183} INFO - Processing /opt/airflow/dags/airflow_dag_spark_streaming.py took 0.228 seconds
[2026-01-28T15:07:27.750+0000] {processor.py:161} INFO - Started process (PID=6088) to work on /opt/airflow/dags/airflow_dag_spark_streaming.py
[2026-01-28T15:07:27.751+0000] {processor.py:830} INFO - Processing file /opt/airflow/dags/airflow_dag_spark_streaming.py for tasks to queue
[2026-01-28T15:07:27.754+0000] {logging_mixin.py:188} INFO - [2026-01-28T15:07:27.752+0000] {dagbag.py:538} INFO - Filling up the DagBag from /opt/airflow/dags/airflow_dag_spark_streaming.py
[2026-01-28T15:07:27.789+0000] {processor.py:840} INFO - DAG(s) 'spark_sgp4_streaming' retrieved from /opt/airflow/dags/airflow_dag_spark_streaming.py
[2026-01-28T15:07:27.852+0000] {logging_mixin.py:188} INFO - [2026-01-28T15:07:27.852+0000] {dag.py:3036} INFO - Sync 1 DAGs
[2026-01-28T15:07:27.875+0000] {logging_mixin.py:188} INFO - [2026-01-28T15:07:27.875+0000] {dag.py:3823} INFO - Setting next_dagrun for spark_sgp4_streaming to None, run_after=None
[2026-01-28T15:07:27.900+0000] {processor.py:183} INFO - Processing /opt/airflow/dags/airflow_dag_spark_streaming.py took 0.162 seconds
[2026-01-28T15:07:58.057+0000] {processor.py:161} INFO - Started process (PID=6098) to work on /opt/airflow/dags/airflow_dag_spark_streaming.py
[2026-01-28T15:07:58.058+0000] {processor.py:830} INFO - Processing file /opt/airflow/dags/airflow_dag_spark_streaming.py for tasks to queue
[2026-01-28T15:07:58.061+0000] {logging_mixin.py:188} INFO - [2026-01-28T15:07:58.060+0000] {dagbag.py:538} INFO - Filling up the DagBag from /opt/airflow/dags/airflow_dag_spark_streaming.py
[2026-01-28T15:07:58.097+0000] {processor.py:840} INFO - DAG(s) 'spark_sgp4_streaming' retrieved from /opt/airflow/dags/airflow_dag_spark_streaming.py
[2026-01-28T15:07:58.164+0000] {logging_mixin.py:188} INFO - [2026-01-28T15:07:58.163+0000] {dag.py:3036} INFO - Sync 1 DAGs
[2026-01-28T15:07:58.187+0000] {logging_mixin.py:188} INFO - [2026-01-28T15:07:58.186+0000] {dag.py:3823} INFO - Setting next_dagrun for spark_sgp4_streaming to None, run_after=None
[2026-01-28T15:07:58.212+0000] {processor.py:183} INFO - Processing /opt/airflow/dags/airflow_dag_spark_streaming.py took 0.164 seconds
[2026-01-28T15:08:28.392+0000] {processor.py:161} INFO - Started process (PID=6108) to work on /opt/airflow/dags/airflow_dag_spark_streaming.py
[2026-01-28T15:08:28.395+0000] {processor.py:830} INFO - Processing file /opt/airflow/dags/airflow_dag_spark_streaming.py for tasks to queue
[2026-01-28T15:08:28.397+0000] {logging_mixin.py:188} INFO - [2026-01-28T15:08:28.395+0000] {dagbag.py:538} INFO - Filling up the DagBag from /opt/airflow/dags/airflow_dag_spark_streaming.py
[2026-01-28T15:08:28.442+0000] {processor.py:840} INFO - DAG(s) 'spark_sgp4_streaming' retrieved from /opt/airflow/dags/airflow_dag_spark_streaming.py
[2026-01-28T15:08:28.503+0000] {logging_mixin.py:188} INFO - [2026-01-28T15:08:28.503+0000] {dag.py:3036} INFO - Sync 1 DAGs
[2026-01-28T15:08:28.525+0000] {logging_mixin.py:188} INFO - [2026-01-28T15:08:28.525+0000] {dag.py:3823} INFO - Setting next_dagrun for spark_sgp4_streaming to None, run_after=None
[2026-01-28T15:08:28.551+0000] {processor.py:183} INFO - Processing /opt/airflow/dags/airflow_dag_spark_streaming.py took 0.171 seconds
[2026-01-28T15:08:58.713+0000] {processor.py:161} INFO - Started process (PID=6118) to work on /opt/airflow/dags/airflow_dag_spark_streaming.py
[2026-01-28T15:08:58.715+0000] {processor.py:830} INFO - Processing file /opt/airflow/dags/airflow_dag_spark_streaming.py for tasks to queue
[2026-01-28T15:08:58.717+0000] {logging_mixin.py:188} INFO - [2026-01-28T15:08:58.716+0000] {dagbag.py:538} INFO - Filling up the DagBag from /opt/airflow/dags/airflow_dag_spark_streaming.py
[2026-01-28T15:08:58.747+0000] {processor.py:840} INFO - DAG(s) 'spark_sgp4_streaming' retrieved from /opt/airflow/dags/airflow_dag_spark_streaming.py
[2026-01-28T15:08:58.807+0000] {logging_mixin.py:188} INFO - [2026-01-28T15:08:58.807+0000] {dag.py:3036} INFO - Sync 1 DAGs
[2026-01-28T15:08:58.835+0000] {logging_mixin.py:188} INFO - [2026-01-28T15:08:58.834+0000] {dag.py:3823} INFO - Setting next_dagrun for spark_sgp4_streaming to None, run_after=None
[2026-01-28T15:08:58.861+0000] {processor.py:183} INFO - Processing /opt/airflow/dags/airflow_dag_spark_streaming.py took 0.161 seconds
[2026-01-28T15:09:29.029+0000] {processor.py:161} INFO - Started process (PID=6128) to work on /opt/airflow/dags/airflow_dag_spark_streaming.py
[2026-01-28T15:09:29.033+0000] {processor.py:830} INFO - Processing file /opt/airflow/dags/airflow_dag_spark_streaming.py for tasks to queue
[2026-01-28T15:09:29.035+0000] {logging_mixin.py:188} INFO - [2026-01-28T15:09:29.034+0000] {dagbag.py:538} INFO - Filling up the DagBag from /opt/airflow/dags/airflow_dag_spark_streaming.py
[2026-01-28T15:09:29.078+0000] {processor.py:840} INFO - DAG(s) 'spark_sgp4_streaming' retrieved from /opt/airflow/dags/airflow_dag_spark_streaming.py
[2026-01-28T15:09:29.140+0000] {logging_mixin.py:188} INFO - [2026-01-28T15:09:29.140+0000] {dag.py:3036} INFO - Sync 1 DAGs
[2026-01-28T15:09:29.161+0000] {logging_mixin.py:188} INFO - [2026-01-28T15:09:29.160+0000] {dag.py:3823} INFO - Setting next_dagrun for spark_sgp4_streaming to None, run_after=None
[2026-01-28T15:09:29.185+0000] {processor.py:183} INFO - Processing /opt/airflow/dags/airflow_dag_spark_streaming.py took 0.169 seconds
[2026-01-28T15:09:59.340+0000] {processor.py:161} INFO - Started process (PID=6138) to work on /opt/airflow/dags/airflow_dag_spark_streaming.py
[2026-01-28T15:09:59.342+0000] {processor.py:830} INFO - Processing file /opt/airflow/dags/airflow_dag_spark_streaming.py for tasks to queue
[2026-01-28T15:09:59.344+0000] {logging_mixin.py:188} INFO - [2026-01-28T15:09:59.343+0000] {dagbag.py:538} INFO - Filling up the DagBag from /opt/airflow/dags/airflow_dag_spark_streaming.py
[2026-01-28T15:09:59.379+0000] {processor.py:840} INFO - DAG(s) 'spark_sgp4_streaming' retrieved from /opt/airflow/dags/airflow_dag_spark_streaming.py
[2026-01-28T15:09:59.440+0000] {logging_mixin.py:188} INFO - [2026-01-28T15:09:59.439+0000] {dag.py:3036} INFO - Sync 1 DAGs
[2026-01-28T15:09:59.468+0000] {logging_mixin.py:188} INFO - [2026-01-28T15:09:59.468+0000] {dag.py:3823} INFO - Setting next_dagrun for spark_sgp4_streaming to None, run_after=None
[2026-01-28T15:09:59.498+0000] {processor.py:183} INFO - Processing /opt/airflow/dags/airflow_dag_spark_streaming.py took 0.169 seconds
[2026-01-28T15:10:29.663+0000] {processor.py:161} INFO - Started process (PID=6148) to work on /opt/airflow/dags/airflow_dag_spark_streaming.py
[2026-01-28T15:10:29.665+0000] {processor.py:830} INFO - Processing file /opt/airflow/dags/airflow_dag_spark_streaming.py for tasks to queue
[2026-01-28T15:10:29.667+0000] {logging_mixin.py:188} INFO - [2026-01-28T15:10:29.666+0000] {dagbag.py:538} INFO - Filling up the DagBag from /opt/airflow/dags/airflow_dag_spark_streaming.py
[2026-01-28T15:10:29.702+0000] {processor.py:840} INFO - DAG(s) 'spark_sgp4_streaming' retrieved from /opt/airflow/dags/airflow_dag_spark_streaming.py
[2026-01-28T15:10:29.760+0000] {logging_mixin.py:188} INFO - [2026-01-28T15:10:29.760+0000] {dag.py:3036} INFO - Sync 1 DAGs
[2026-01-28T15:10:29.781+0000] {logging_mixin.py:188} INFO - [2026-01-28T15:10:29.781+0000] {dag.py:3823} INFO - Setting next_dagrun for spark_sgp4_streaming to None, run_after=None
[2026-01-28T15:10:29.802+0000] {processor.py:183} INFO - Processing /opt/airflow/dags/airflow_dag_spark_streaming.py took 0.150 seconds
[2026-01-28T15:10:59.956+0000] {processor.py:161} INFO - Started process (PID=6158) to work on /opt/airflow/dags/airflow_dag_spark_streaming.py
[2026-01-28T15:10:59.957+0000] {processor.py:830} INFO - Processing file /opt/airflow/dags/airflow_dag_spark_streaming.py for tasks to queue
[2026-01-28T15:10:59.960+0000] {logging_mixin.py:188} INFO - [2026-01-28T15:10:59.958+0000] {dagbag.py:538} INFO - Filling up the DagBag from /opt/airflow/dags/airflow_dag_spark_streaming.py
[2026-01-28T15:10:59.996+0000] {processor.py:840} INFO - DAG(s) 'spark_sgp4_streaming' retrieved from /opt/airflow/dags/airflow_dag_spark_streaming.py
[2026-01-28T15:11:00.060+0000] {logging_mixin.py:188} INFO - [2026-01-28T15:11:00.060+0000] {dag.py:3036} INFO - Sync 1 DAGs
[2026-01-28T15:11:00.084+0000] {logging_mixin.py:188} INFO - [2026-01-28T15:11:00.084+0000] {dag.py:3823} INFO - Setting next_dagrun for spark_sgp4_streaming to None, run_after=None
[2026-01-28T15:11:00.114+0000] {processor.py:183} INFO - Processing /opt/airflow/dags/airflow_dag_spark_streaming.py took 0.169 seconds
[2026-01-28T15:11:30.279+0000] {processor.py:161} INFO - Started process (PID=6168) to work on /opt/airflow/dags/airflow_dag_spark_streaming.py
[2026-01-28T15:11:30.281+0000] {processor.py:830} INFO - Processing file /opt/airflow/dags/airflow_dag_spark_streaming.py for tasks to queue
[2026-01-28T15:11:30.283+0000] {logging_mixin.py:188} INFO - [2026-01-28T15:11:30.282+0000] {dagbag.py:538} INFO - Filling up the DagBag from /opt/airflow/dags/airflow_dag_spark_streaming.py
[2026-01-28T15:11:30.317+0000] {processor.py:840} INFO - DAG(s) 'spark_sgp4_streaming' retrieved from /opt/airflow/dags/airflow_dag_spark_streaming.py
[2026-01-28T15:11:30.375+0000] {logging_mixin.py:188} INFO - [2026-01-28T15:11:30.374+0000] {dag.py:3036} INFO - Sync 1 DAGs
[2026-01-28T15:11:30.398+0000] {logging_mixin.py:188} INFO - [2026-01-28T15:11:30.397+0000] {dag.py:3823} INFO - Setting next_dagrun for spark_sgp4_streaming to None, run_after=None
[2026-01-28T15:11:30.421+0000] {processor.py:183} INFO - Processing /opt/airflow/dags/airflow_dag_spark_streaming.py took 0.152 seconds
[2026-01-28T15:12:00.587+0000] {processor.py:161} INFO - Started process (PID=6178) to work on /opt/airflow/dags/airflow_dag_spark_streaming.py
[2026-01-28T15:12:00.590+0000] {processor.py:830} INFO - Processing file /opt/airflow/dags/airflow_dag_spark_streaming.py for tasks to queue
[2026-01-28T15:12:00.592+0000] {logging_mixin.py:188} INFO - [2026-01-28T15:12:00.591+0000] {dagbag.py:538} INFO - Filling up the DagBag from /opt/airflow/dags/airflow_dag_spark_streaming.py
[2026-01-28T15:12:00.634+0000] {processor.py:840} INFO - DAG(s) 'spark_sgp4_streaming' retrieved from /opt/airflow/dags/airflow_dag_spark_streaming.py
[2026-01-28T15:12:00.707+0000] {logging_mixin.py:188} INFO - [2026-01-28T15:12:00.707+0000] {dag.py:3036} INFO - Sync 1 DAGs
[2026-01-28T15:12:00.731+0000] {logging_mixin.py:188} INFO - [2026-01-28T15:12:00.731+0000] {dag.py:3823} INFO - Setting next_dagrun for spark_sgp4_streaming to None, run_after=None
[2026-01-28T15:12:00.757+0000] {processor.py:183} INFO - Processing /opt/airflow/dags/airflow_dag_spark_streaming.py took 0.179 seconds
[2026-01-28T15:12:30.909+0000] {processor.py:161} INFO - Started process (PID=6188) to work on /opt/airflow/dags/airflow_dag_spark_streaming.py
[2026-01-28T15:12:30.909+0000] {processor.py:830} INFO - Processing file /opt/airflow/dags/airflow_dag_spark_streaming.py for tasks to queue
[2026-01-28T15:12:30.912+0000] {logging_mixin.py:188} INFO - [2026-01-28T15:12:30.910+0000] {dagbag.py:538} INFO - Filling up the DagBag from /opt/airflow/dags/airflow_dag_spark_streaming.py
[2026-01-28T15:12:30.932+0000] {processor.py:840} INFO - DAG(s) 'spark_sgp4_streaming' retrieved from /opt/airflow/dags/airflow_dag_spark_streaming.py
[2026-01-28T15:12:30.971+0000] {logging_mixin.py:188} INFO - [2026-01-28T15:12:30.971+0000] {dag.py:3036} INFO - Sync 1 DAGs
[2026-01-28T15:12:30.989+0000] {logging_mixin.py:188} INFO - [2026-01-28T15:12:30.988+0000] {dag.py:3823} INFO - Setting next_dagrun for spark_sgp4_streaming to None, run_after=None
[2026-01-28T15:12:31.005+0000] {processor.py:183} INFO - Processing /opt/airflow/dags/airflow_dag_spark_streaming.py took 0.101 seconds
[2026-01-28T15:13:01.173+0000] {processor.py:161} INFO - Started process (PID=6198) to work on /opt/airflow/dags/airflow_dag_spark_streaming.py
[2026-01-28T15:13:01.176+0000] {processor.py:830} INFO - Processing file /opt/airflow/dags/airflow_dag_spark_streaming.py for tasks to queue
[2026-01-28T15:13:01.180+0000] {logging_mixin.py:188} INFO - [2026-01-28T15:13:01.179+0000] {dagbag.py:538} INFO - Filling up the DagBag from /opt/airflow/dags/airflow_dag_spark_streaming.py
[2026-01-28T15:13:01.220+0000] {processor.py:840} INFO - DAG(s) 'spark_sgp4_streaming' retrieved from /opt/airflow/dags/airflow_dag_spark_streaming.py
[2026-01-28T15:13:01.290+0000] {logging_mixin.py:188} INFO - [2026-01-28T15:13:01.290+0000] {dag.py:3036} INFO - Sync 1 DAGs
[2026-01-28T15:13:01.313+0000] {logging_mixin.py:188} INFO - [2026-01-28T15:13:01.313+0000] {dag.py:3823} INFO - Setting next_dagrun for spark_sgp4_streaming to None, run_after=None
[2026-01-28T15:13:01.340+0000] {processor.py:183} INFO - Processing /opt/airflow/dags/airflow_dag_spark_streaming.py took 0.180 seconds
[2026-01-28T15:13:31.496+0000] {processor.py:161} INFO - Started process (PID=6208) to work on /opt/airflow/dags/airflow_dag_spark_streaming.py
[2026-01-28T15:13:31.497+0000] {processor.py:830} INFO - Processing file /opt/airflow/dags/airflow_dag_spark_streaming.py for tasks to queue
[2026-01-28T15:13:31.500+0000] {logging_mixin.py:188} INFO - [2026-01-28T15:13:31.498+0000] {dagbag.py:538} INFO - Filling up the DagBag from /opt/airflow/dags/airflow_dag_spark_streaming.py
[2026-01-28T15:13:31.524+0000] {processor.py:840} INFO - DAG(s) 'spark_sgp4_streaming' retrieved from /opt/airflow/dags/airflow_dag_spark_streaming.py
[2026-01-28T15:13:31.572+0000] {logging_mixin.py:188} INFO - [2026-01-28T15:13:31.572+0000] {dag.py:3036} INFO - Sync 1 DAGs
[2026-01-28T15:13:31.599+0000] {logging_mixin.py:188} INFO - [2026-01-28T15:13:31.599+0000] {dag.py:3823} INFO - Setting next_dagrun for spark_sgp4_streaming to None, run_after=None
[2026-01-28T15:13:31.621+0000] {processor.py:183} INFO - Processing /opt/airflow/dags/airflow_dag_spark_streaming.py took 0.134 seconds
[2026-01-28T15:14:01.777+0000] {processor.py:161} INFO - Started process (PID=6218) to work on /opt/airflow/dags/airflow_dag_spark_streaming.py
[2026-01-28T15:14:01.778+0000] {processor.py:830} INFO - Processing file /opt/airflow/dags/airflow_dag_spark_streaming.py for tasks to queue
[2026-01-28T15:14:01.780+0000] {logging_mixin.py:188} INFO - [2026-01-28T15:14:01.778+0000] {dagbag.py:538} INFO - Filling up the DagBag from /opt/airflow/dags/airflow_dag_spark_streaming.py
[2026-01-28T15:14:01.819+0000] {processor.py:840} INFO - DAG(s) 'spark_sgp4_streaming' retrieved from /opt/airflow/dags/airflow_dag_spark_streaming.py
[2026-01-28T15:14:01.881+0000] {logging_mixin.py:188} INFO - [2026-01-28T15:14:01.880+0000] {dag.py:3036} INFO - Sync 1 DAGs
[2026-01-28T15:14:01.910+0000] {logging_mixin.py:188} INFO - [2026-01-28T15:14:01.910+0000] {dag.py:3823} INFO - Setting next_dagrun for spark_sgp4_streaming to None, run_after=None
[2026-01-28T15:14:01.942+0000] {processor.py:183} INFO - Processing /opt/airflow/dags/airflow_dag_spark_streaming.py took 0.177 seconds
[2026-01-28T15:14:32.105+0000] {processor.py:161} INFO - Started process (PID=6228) to work on /opt/airflow/dags/airflow_dag_spark_streaming.py
[2026-01-28T15:14:32.107+0000] {processor.py:830} INFO - Processing file /opt/airflow/dags/airflow_dag_spark_streaming.py for tasks to queue
[2026-01-28T15:14:32.108+0000] {logging_mixin.py:188} INFO - [2026-01-28T15:14:32.107+0000] {dagbag.py:538} INFO - Filling up the DagBag from /opt/airflow/dags/airflow_dag_spark_streaming.py
[2026-01-28T15:14:32.139+0000] {processor.py:840} INFO - DAG(s) 'spark_sgp4_streaming' retrieved from /opt/airflow/dags/airflow_dag_spark_streaming.py
[2026-01-28T15:14:32.207+0000] {logging_mixin.py:188} INFO - [2026-01-28T15:14:32.207+0000] {dag.py:3036} INFO - Sync 1 DAGs
[2026-01-28T15:14:32.230+0000] {logging_mixin.py:188} INFO - [2026-01-28T15:14:32.229+0000] {dag.py:3823} INFO - Setting next_dagrun for spark_sgp4_streaming to None, run_after=None
[2026-01-28T15:14:32.253+0000] {processor.py:183} INFO - Processing /opt/airflow/dags/airflow_dag_spark_streaming.py took 0.158 seconds
[2026-01-28T15:15:02.417+0000] {processor.py:161} INFO - Started process (PID=6238) to work on /opt/airflow/dags/airflow_dag_spark_streaming.py
[2026-01-28T15:15:02.419+0000] {processor.py:830} INFO - Processing file /opt/airflow/dags/airflow_dag_spark_streaming.py for tasks to queue
[2026-01-28T15:15:02.421+0000] {logging_mixin.py:188} INFO - [2026-01-28T15:15:02.420+0000] {dagbag.py:538} INFO - Filling up the DagBag from /opt/airflow/dags/airflow_dag_spark_streaming.py
[2026-01-28T15:15:02.458+0000] {processor.py:840} INFO - DAG(s) 'spark_sgp4_streaming' retrieved from /opt/airflow/dags/airflow_dag_spark_streaming.py
[2026-01-28T15:15:02.523+0000] {logging_mixin.py:188} INFO - [2026-01-28T15:15:02.523+0000] {dag.py:3036} INFO - Sync 1 DAGs
[2026-01-28T15:15:02.548+0000] {logging_mixin.py:188} INFO - [2026-01-28T15:15:02.548+0000] {dag.py:3823} INFO - Setting next_dagrun for spark_sgp4_streaming to None, run_after=None
[2026-01-28T15:15:02.577+0000] {processor.py:183} INFO - Processing /opt/airflow/dags/airflow_dag_spark_streaming.py took 0.171 seconds
[2026-01-28T15:15:32.740+0000] {processor.py:161} INFO - Started process (PID=6248) to work on /opt/airflow/dags/airflow_dag_spark_streaming.py
[2026-01-28T15:15:32.743+0000] {processor.py:830} INFO - Processing file /opt/airflow/dags/airflow_dag_spark_streaming.py for tasks to queue
[2026-01-28T15:15:32.744+0000] {logging_mixin.py:188} INFO - [2026-01-28T15:15:32.744+0000] {dagbag.py:538} INFO - Filling up the DagBag from /opt/airflow/dags/airflow_dag_spark_streaming.py
[2026-01-28T15:15:32.780+0000] {processor.py:840} INFO - DAG(s) 'spark_sgp4_streaming' retrieved from /opt/airflow/dags/airflow_dag_spark_streaming.py
[2026-01-28T15:15:32.844+0000] {logging_mixin.py:188} INFO - [2026-01-28T15:15:32.843+0000] {dag.py:3036} INFO - Sync 1 DAGs
[2026-01-28T15:15:32.867+0000] {logging_mixin.py:188} INFO - [2026-01-28T15:15:32.867+0000] {dag.py:3823} INFO - Setting next_dagrun for spark_sgp4_streaming to None, run_after=None
[2026-01-28T15:15:32.893+0000] {processor.py:183} INFO - Processing /opt/airflow/dags/airflow_dag_spark_streaming.py took 0.164 seconds
[2026-01-28T15:16:03.040+0000] {processor.py:161} INFO - Started process (PID=6258) to work on /opt/airflow/dags/airflow_dag_spark_streaming.py
[2026-01-28T15:16:03.041+0000] {processor.py:830} INFO - Processing file /opt/airflow/dags/airflow_dag_spark_streaming.py for tasks to queue
[2026-01-28T15:16:03.042+0000] {logging_mixin.py:188} INFO - [2026-01-28T15:16:03.041+0000] {dagbag.py:538} INFO - Filling up the DagBag from /opt/airflow/dags/airflow_dag_spark_streaming.py
[2026-01-28T15:16:03.067+0000] {processor.py:840} INFO - DAG(s) 'spark_sgp4_streaming' retrieved from /opt/airflow/dags/airflow_dag_spark_streaming.py
[2026-01-28T15:16:03.114+0000] {logging_mixin.py:188} INFO - [2026-01-28T15:16:03.114+0000] {dag.py:3036} INFO - Sync 1 DAGs
[2026-01-28T15:16:03.133+0000] {logging_mixin.py:188} INFO - [2026-01-28T15:16:03.132+0000] {dag.py:3823} INFO - Setting next_dagrun for spark_sgp4_streaming to None, run_after=None
[2026-01-28T15:16:03.156+0000] {processor.py:183} INFO - Processing /opt/airflow/dags/airflow_dag_spark_streaming.py took 0.124 seconds
[2026-01-28T15:16:33.314+0000] {processor.py:161} INFO - Started process (PID=6268) to work on /opt/airflow/dags/airflow_dag_spark_streaming.py
[2026-01-28T15:16:33.315+0000] {processor.py:830} INFO - Processing file /opt/airflow/dags/airflow_dag_spark_streaming.py for tasks to queue
[2026-01-28T15:16:33.318+0000] {logging_mixin.py:188} INFO - [2026-01-28T15:16:33.315+0000] {dagbag.py:538} INFO - Filling up the DagBag from /opt/airflow/dags/airflow_dag_spark_streaming.py
[2026-01-28T15:16:33.349+0000] {processor.py:840} INFO - DAG(s) 'spark_sgp4_streaming' retrieved from /opt/airflow/dags/airflow_dag_spark_streaming.py
[2026-01-28T15:16:33.409+0000] {logging_mixin.py:188} INFO - [2026-01-28T15:16:33.409+0000] {dag.py:3036} INFO - Sync 1 DAGs
[2026-01-28T15:16:33.440+0000] {logging_mixin.py:188} INFO - [2026-01-28T15:16:33.440+0000] {dag.py:3823} INFO - Setting next_dagrun for spark_sgp4_streaming to None, run_after=None
[2026-01-28T15:16:33.476+0000] {processor.py:183} INFO - Processing /opt/airflow/dags/airflow_dag_spark_streaming.py took 0.173 seconds
[2026-01-28T15:17:03.697+0000] {processor.py:161} INFO - Started process (PID=6278) to work on /opt/airflow/dags/airflow_dag_spark_streaming.py
[2026-01-28T15:17:03.703+0000] {processor.py:830} INFO - Processing file /opt/airflow/dags/airflow_dag_spark_streaming.py for tasks to queue
[2026-01-28T15:17:03.707+0000] {logging_mixin.py:188} INFO - [2026-01-28T15:17:03.704+0000] {dagbag.py:538} INFO - Filling up the DagBag from /opt/airflow/dags/airflow_dag_spark_streaming.py
[2026-01-28T15:17:03.765+0000] {processor.py:840} INFO - DAG(s) 'spark_sgp4_streaming' retrieved from /opt/airflow/dags/airflow_dag_spark_streaming.py
[2026-01-28T15:17:03.859+0000] {logging_mixin.py:188} INFO - [2026-01-28T15:17:03.859+0000] {dag.py:3036} INFO - Sync 1 DAGs
[2026-01-28T15:17:03.887+0000] {logging_mixin.py:188} INFO - [2026-01-28T15:17:03.887+0000] {dag.py:3823} INFO - Setting next_dagrun for spark_sgp4_streaming to None, run_after=None
[2026-01-28T15:17:03.921+0000] {processor.py:183} INFO - Processing /opt/airflow/dags/airflow_dag_spark_streaming.py took 0.252 seconds
[2026-01-28T15:17:34.088+0000] {processor.py:161} INFO - Started process (PID=6288) to work on /opt/airflow/dags/airflow_dag_spark_streaming.py
[2026-01-28T15:17:34.090+0000] {processor.py:830} INFO - Processing file /opt/airflow/dags/airflow_dag_spark_streaming.py for tasks to queue
[2026-01-28T15:17:34.092+0000] {logging_mixin.py:188} INFO - [2026-01-28T15:17:34.091+0000] {dagbag.py:538} INFO - Filling up the DagBag from /opt/airflow/dags/airflow_dag_spark_streaming.py
[2026-01-28T15:17:34.123+0000] {processor.py:840} INFO - DAG(s) 'spark_sgp4_streaming' retrieved from /opt/airflow/dags/airflow_dag_spark_streaming.py
[2026-01-28T15:17:34.177+0000] {logging_mixin.py:188} INFO - [2026-01-28T15:17:34.177+0000] {dag.py:3036} INFO - Sync 1 DAGs
[2026-01-28T15:17:34.203+0000] {logging_mixin.py:188} INFO - [2026-01-28T15:17:34.203+0000] {dag.py:3823} INFO - Setting next_dagrun for spark_sgp4_streaming to None, run_after=None
[2026-01-28T15:17:34.229+0000] {processor.py:183} INFO - Processing /opt/airflow/dags/airflow_dag_spark_streaming.py took 0.149 seconds
[2026-01-28T15:18:04.383+0000] {processor.py:161} INFO - Started process (PID=6298) to work on /opt/airflow/dags/airflow_dag_spark_streaming.py
[2026-01-28T15:18:04.384+0000] {processor.py:830} INFO - Processing file /opt/airflow/dags/airflow_dag_spark_streaming.py for tasks to queue
[2026-01-28T15:18:04.387+0000] {logging_mixin.py:188} INFO - [2026-01-28T15:18:04.385+0000] {dagbag.py:538} INFO - Filling up the DagBag from /opt/airflow/dags/airflow_dag_spark_streaming.py
[2026-01-28T15:18:04.425+0000] {processor.py:840} INFO - DAG(s) 'spark_sgp4_streaming' retrieved from /opt/airflow/dags/airflow_dag_spark_streaming.py
[2026-01-28T15:18:04.490+0000] {logging_mixin.py:188} INFO - [2026-01-28T15:18:04.489+0000] {dag.py:3036} INFO - Sync 1 DAGs
[2026-01-28T15:18:04.513+0000] {logging_mixin.py:188} INFO - [2026-01-28T15:18:04.513+0000] {dag.py:3823} INFO - Setting next_dagrun for spark_sgp4_streaming to None, run_after=None
[2026-01-28T15:18:04.540+0000] {processor.py:183} INFO - Processing /opt/airflow/dags/airflow_dag_spark_streaming.py took 0.171 seconds
[2026-01-28T15:18:34.710+0000] {processor.py:161} INFO - Started process (PID=6308) to work on /opt/airflow/dags/airflow_dag_spark_streaming.py
[2026-01-28T15:18:34.713+0000] {processor.py:830} INFO - Processing file /opt/airflow/dags/airflow_dag_spark_streaming.py for tasks to queue
[2026-01-28T15:18:34.719+0000] {logging_mixin.py:188} INFO - [2026-01-28T15:18:34.717+0000] {dagbag.py:538} INFO - Filling up the DagBag from /opt/airflow/dags/airflow_dag_spark_streaming.py
[2026-01-28T15:18:34.779+0000] {processor.py:840} INFO - DAG(s) 'spark_sgp4_streaming' retrieved from /opt/airflow/dags/airflow_dag_spark_streaming.py
[2026-01-28T15:18:34.834+0000] {logging_mixin.py:188} INFO - [2026-01-28T15:18:34.834+0000] {dag.py:3036} INFO - Sync 1 DAGs
[2026-01-28T15:18:34.861+0000] {logging_mixin.py:188} INFO - [2026-01-28T15:18:34.861+0000] {dag.py:3823} INFO - Setting next_dagrun for spark_sgp4_streaming to None, run_after=None
[2026-01-28T15:18:34.896+0000] {processor.py:183} INFO - Processing /opt/airflow/dags/airflow_dag_spark_streaming.py took 0.209 seconds
[2026-01-28T15:19:05.065+0000] {processor.py:161} INFO - Started process (PID=6318) to work on /opt/airflow/dags/airflow_dag_spark_streaming.py
[2026-01-28T15:19:05.069+0000] {processor.py:830} INFO - Processing file /opt/airflow/dags/airflow_dag_spark_streaming.py for tasks to queue
[2026-01-28T15:19:05.071+0000] {logging_mixin.py:188} INFO - [2026-01-28T15:19:05.069+0000] {dagbag.py:538} INFO - Filling up the DagBag from /opt/airflow/dags/airflow_dag_spark_streaming.py
[2026-01-28T15:19:05.111+0000] {processor.py:840} INFO - DAG(s) 'spark_sgp4_streaming' retrieved from /opt/airflow/dags/airflow_dag_spark_streaming.py
[2026-01-28T15:19:05.180+0000] {logging_mixin.py:188} INFO - [2026-01-28T15:19:05.180+0000] {dag.py:3036} INFO - Sync 1 DAGs
[2026-01-28T15:19:05.206+0000] {logging_mixin.py:188} INFO - [2026-01-28T15:19:05.205+0000] {dag.py:3823} INFO - Setting next_dagrun for spark_sgp4_streaming to None, run_after=None
[2026-01-28T15:19:05.232+0000] {processor.py:183} INFO - Processing /opt/airflow/dags/airflow_dag_spark_streaming.py took 0.182 seconds
[2026-01-28T15:19:35.390+0000] {processor.py:161} INFO - Started process (PID=6328) to work on /opt/airflow/dags/airflow_dag_spark_streaming.py
[2026-01-28T15:19:35.392+0000] {processor.py:830} INFO - Processing file /opt/airflow/dags/airflow_dag_spark_streaming.py for tasks to queue
[2026-01-28T15:19:35.394+0000] {logging_mixin.py:188} INFO - [2026-01-28T15:19:35.393+0000] {dagbag.py:538} INFO - Filling up the DagBag from /opt/airflow/dags/airflow_dag_spark_streaming.py
[2026-01-28T15:19:35.434+0000] {processor.py:840} INFO - DAG(s) 'spark_sgp4_streaming' retrieved from /opt/airflow/dags/airflow_dag_spark_streaming.py
[2026-01-28T15:19:35.491+0000] {logging_mixin.py:188} INFO - [2026-01-28T15:19:35.491+0000] {dag.py:3036} INFO - Sync 1 DAGs
[2026-01-28T15:19:35.512+0000] {logging_mixin.py:188} INFO - [2026-01-28T15:19:35.512+0000] {dag.py:3823} INFO - Setting next_dagrun for spark_sgp4_streaming to None, run_after=None
[2026-01-28T15:19:35.534+0000] {processor.py:183} INFO - Processing /opt/airflow/dags/airflow_dag_spark_streaming.py took 0.155 seconds
[2026-01-28T15:20:05.683+0000] {processor.py:161} INFO - Started process (PID=6338) to work on /opt/airflow/dags/airflow_dag_spark_streaming.py
[2026-01-28T15:20:05.685+0000] {processor.py:830} INFO - Processing file /opt/airflow/dags/airflow_dag_spark_streaming.py for tasks to queue
[2026-01-28T15:20:05.687+0000] {logging_mixin.py:188} INFO - [2026-01-28T15:20:05.686+0000] {dagbag.py:538} INFO - Filling up the DagBag from /opt/airflow/dags/airflow_dag_spark_streaming.py
[2026-01-28T15:20:05.720+0000] {processor.py:840} INFO - DAG(s) 'spark_sgp4_streaming' retrieved from /opt/airflow/dags/airflow_dag_spark_streaming.py
[2026-01-28T15:20:05.779+0000] {logging_mixin.py:188} INFO - [2026-01-28T15:20:05.779+0000] {dag.py:3036} INFO - Sync 1 DAGs
[2026-01-28T15:20:05.803+0000] {logging_mixin.py:188} INFO - [2026-01-28T15:20:05.802+0000] {dag.py:3823} INFO - Setting next_dagrun for spark_sgp4_streaming to None, run_after=None
[2026-01-28T15:20:05.830+0000] {processor.py:183} INFO - Processing /opt/airflow/dags/airflow_dag_spark_streaming.py took 0.156 seconds
[2026-01-28T15:20:35.969+0000] {processor.py:161} INFO - Started process (PID=6348) to work on /opt/airflow/dags/airflow_dag_spark_streaming.py
[2026-01-28T15:20:35.970+0000] {processor.py:830} INFO - Processing file /opt/airflow/dags/airflow_dag_spark_streaming.py for tasks to queue
[2026-01-28T15:20:35.971+0000] {logging_mixin.py:188} INFO - [2026-01-28T15:20:35.970+0000] {dagbag.py:538} INFO - Filling up the DagBag from /opt/airflow/dags/airflow_dag_spark_streaming.py
[2026-01-28T15:20:35.985+0000] {processor.py:840} INFO - DAG(s) 'spark_sgp4_streaming' retrieved from /opt/airflow/dags/airflow_dag_spark_streaming.py
[2026-01-28T15:20:36.022+0000] {logging_mixin.py:188} INFO - [2026-01-28T15:20:36.021+0000] {dag.py:3036} INFO - Sync 1 DAGs
[2026-01-28T15:20:36.035+0000] {logging_mixin.py:188} INFO - [2026-01-28T15:20:36.035+0000] {dag.py:3823} INFO - Setting next_dagrun for spark_sgp4_streaming to None, run_after=None
[2026-01-28T15:20:36.052+0000] {processor.py:183} INFO - Processing /opt/airflow/dags/airflow_dag_spark_streaming.py took 0.087 seconds
[2026-01-28T15:21:06.213+0000] {processor.py:161} INFO - Started process (PID=6358) to work on /opt/airflow/dags/airflow_dag_spark_streaming.py
[2026-01-28T15:21:06.216+0000] {processor.py:830} INFO - Processing file /opt/airflow/dags/airflow_dag_spark_streaming.py for tasks to queue
[2026-01-28T15:21:06.219+0000] {logging_mixin.py:188} INFO - [2026-01-28T15:21:06.219+0000] {dagbag.py:538} INFO - Filling up the DagBag from /opt/airflow/dags/airflow_dag_spark_streaming.py
[2026-01-28T15:21:06.257+0000] {processor.py:840} INFO - DAG(s) 'spark_sgp4_streaming' retrieved from /opt/airflow/dags/airflow_dag_spark_streaming.py
[2026-01-28T15:21:06.324+0000] {logging_mixin.py:188} INFO - [2026-01-28T15:21:06.323+0000] {dag.py:3036} INFO - Sync 1 DAGs
[2026-01-28T15:21:06.347+0000] {logging_mixin.py:188} INFO - [2026-01-28T15:21:06.347+0000] {dag.py:3823} INFO - Setting next_dagrun for spark_sgp4_streaming to None, run_after=None
[2026-01-28T15:21:06.374+0000] {processor.py:183} INFO - Processing /opt/airflow/dags/airflow_dag_spark_streaming.py took 0.174 seconds
[2026-01-28T15:21:36.517+0000] {processor.py:161} INFO - Started process (PID=6368) to work on /opt/airflow/dags/airflow_dag_spark_streaming.py
[2026-01-28T15:21:36.520+0000] {processor.py:830} INFO - Processing file /opt/airflow/dags/airflow_dag_spark_streaming.py for tasks to queue
[2026-01-28T15:21:36.522+0000] {logging_mixin.py:188} INFO - [2026-01-28T15:21:36.521+0000] {dagbag.py:538} INFO - Filling up the DagBag from /opt/airflow/dags/airflow_dag_spark_streaming.py
[2026-01-28T15:21:36.548+0000] {processor.py:840} INFO - DAG(s) 'spark_sgp4_streaming' retrieved from /opt/airflow/dags/airflow_dag_spark_streaming.py
[2026-01-28T15:21:36.603+0000] {logging_mixin.py:188} INFO - [2026-01-28T15:21:36.603+0000] {dag.py:3036} INFO - Sync 1 DAGs
[2026-01-28T15:21:36.624+0000] {logging_mixin.py:188} INFO - [2026-01-28T15:21:36.623+0000] {dag.py:3823} INFO - Setting next_dagrun for spark_sgp4_streaming to None, run_after=None
[2026-01-28T15:21:36.645+0000] {processor.py:183} INFO - Processing /opt/airflow/dags/airflow_dag_spark_streaming.py took 0.135 seconds
[2026-01-28T15:22:06.831+0000] {processor.py:161} INFO - Started process (PID=6378) to work on /opt/airflow/dags/airflow_dag_spark_streaming.py
[2026-01-28T15:22:06.832+0000] {processor.py:830} INFO - Processing file /opt/airflow/dags/airflow_dag_spark_streaming.py for tasks to queue
[2026-01-28T15:22:06.835+0000] {logging_mixin.py:188} INFO - [2026-01-28T15:22:06.833+0000] {dagbag.py:538} INFO - Filling up the DagBag from /opt/airflow/dags/airflow_dag_spark_streaming.py
[2026-01-28T15:22:06.859+0000] {processor.py:840} INFO - DAG(s) 'spark_sgp4_streaming' retrieved from /opt/airflow/dags/airflow_dag_spark_streaming.py
[2026-01-28T15:22:06.896+0000] {logging_mixin.py:188} INFO - [2026-01-28T15:22:06.896+0000] {dag.py:3036} INFO - Sync 1 DAGs
[2026-01-28T15:22:06.915+0000] {logging_mixin.py:188} INFO - [2026-01-28T15:22:06.914+0000] {dag.py:3823} INFO - Setting next_dagrun for spark_sgp4_streaming to None, run_after=None
[2026-01-28T15:22:06.945+0000] {processor.py:183} INFO - Processing /opt/airflow/dags/airflow_dag_spark_streaming.py took 0.120 seconds
[2026-01-28T15:22:37.129+0000] {processor.py:161} INFO - Started process (PID=6388) to work on /opt/airflow/dags/airflow_dag_spark_streaming.py
[2026-01-28T15:22:37.132+0000] {processor.py:830} INFO - Processing file /opt/airflow/dags/airflow_dag_spark_streaming.py for tasks to queue
[2026-01-28T15:22:37.134+0000] {logging_mixin.py:188} INFO - [2026-01-28T15:22:37.133+0000] {dagbag.py:538} INFO - Filling up the DagBag from /opt/airflow/dags/airflow_dag_spark_streaming.py
[2026-01-28T15:22:37.171+0000] {processor.py:840} INFO - DAG(s) 'spark_sgp4_streaming' retrieved from /opt/airflow/dags/airflow_dag_spark_streaming.py
[2026-01-28T15:22:37.246+0000] {logging_mixin.py:188} INFO - [2026-01-28T15:22:37.245+0000] {dag.py:3036} INFO - Sync 1 DAGs
[2026-01-28T15:22:37.269+0000] {logging_mixin.py:188} INFO - [2026-01-28T15:22:37.269+0000] {dag.py:3823} INFO - Setting next_dagrun for spark_sgp4_streaming to None, run_after=None
[2026-01-28T15:22:37.295+0000] {processor.py:183} INFO - Processing /opt/airflow/dags/airflow_dag_spark_streaming.py took 0.179 seconds
[2026-01-28T15:23:07.643+0000] {processor.py:161} INFO - Started process (PID=6398) to work on /opt/airflow/dags/airflow_dag_spark_streaming.py
[2026-01-28T15:23:07.644+0000] {processor.py:830} INFO - Processing file /opt/airflow/dags/airflow_dag_spark_streaming.py for tasks to queue
[2026-01-28T15:23:07.646+0000] {logging_mixin.py:188} INFO - [2026-01-28T15:23:07.645+0000] {dagbag.py:538} INFO - Filling up the DagBag from /opt/airflow/dags/airflow_dag_spark_streaming.py
[2026-01-28T15:23:07.664+0000] {processor.py:840} INFO - DAG(s) 'spark_sgp4_streaming' retrieved from /opt/airflow/dags/airflow_dag_spark_streaming.py
[2026-01-28T15:23:07.712+0000] {logging_mixin.py:188} INFO - [2026-01-28T15:23:07.712+0000] {dag.py:3036} INFO - Sync 1 DAGs
[2026-01-28T15:23:07.729+0000] {logging_mixin.py:188} INFO - [2026-01-28T15:23:07.729+0000] {dag.py:3823} INFO - Setting next_dagrun for spark_sgp4_streaming to None, run_after=None
[2026-01-28T15:23:07.748+0000] {processor.py:183} INFO - Processing /opt/airflow/dags/airflow_dag_spark_streaming.py took 0.111 seconds
[2026-01-28T15:23:37.911+0000] {processor.py:161} INFO - Started process (PID=6408) to work on /opt/airflow/dags/airflow_dag_spark_streaming.py
[2026-01-28T15:23:37.914+0000] {processor.py:830} INFO - Processing file /opt/airflow/dags/airflow_dag_spark_streaming.py for tasks to queue
[2026-01-28T15:23:37.916+0000] {logging_mixin.py:188} INFO - [2026-01-28T15:23:37.915+0000] {dagbag.py:538} INFO - Filling up the DagBag from /opt/airflow/dags/airflow_dag_spark_streaming.py
[2026-01-28T15:23:37.947+0000] {processor.py:840} INFO - DAG(s) 'spark_sgp4_streaming' retrieved from /opt/airflow/dags/airflow_dag_spark_streaming.py
[2026-01-28T15:23:37.999+0000] {logging_mixin.py:188} INFO - [2026-01-28T15:23:37.998+0000] {dag.py:3036} INFO - Sync 1 DAGs
[2026-01-28T15:23:38.018+0000] {logging_mixin.py:188} INFO - [2026-01-28T15:23:38.018+0000] {dag.py:3823} INFO - Setting next_dagrun for spark_sgp4_streaming to None, run_after=None
[2026-01-28T15:23:38.040+0000] {processor.py:183} INFO - Processing /opt/airflow/dags/airflow_dag_spark_streaming.py took 0.138 seconds
[2026-01-28T15:24:08.215+0000] {processor.py:161} INFO - Started process (PID=6418) to work on /opt/airflow/dags/airflow_dag_spark_streaming.py
[2026-01-28T15:24:08.219+0000] {processor.py:830} INFO - Processing file /opt/airflow/dags/airflow_dag_spark_streaming.py for tasks to queue
[2026-01-28T15:24:08.223+0000] {logging_mixin.py:188} INFO - [2026-01-28T15:24:08.220+0000] {dagbag.py:538} INFO - Filling up the DagBag from /opt/airflow/dags/airflow_dag_spark_streaming.py
[2026-01-28T15:24:08.267+0000] {processor.py:840} INFO - DAG(s) 'spark_sgp4_streaming' retrieved from /opt/airflow/dags/airflow_dag_spark_streaming.py
[2026-01-28T15:24:08.339+0000] {logging_mixin.py:188} INFO - [2026-01-28T15:24:08.339+0000] {dag.py:3036} INFO - Sync 1 DAGs
[2026-01-28T15:24:08.364+0000] {logging_mixin.py:188} INFO - [2026-01-28T15:24:08.364+0000] {dag.py:3823} INFO - Setting next_dagrun for spark_sgp4_streaming to None, run_after=None
[2026-01-28T15:24:08.392+0000] {processor.py:183} INFO - Processing /opt/airflow/dags/airflow_dag_spark_streaming.py took 0.187 seconds
[2026-01-28T15:24:38.541+0000] {processor.py:161} INFO - Started process (PID=6428) to work on /opt/airflow/dags/airflow_dag_spark_streaming.py
[2026-01-28T15:24:38.542+0000] {processor.py:830} INFO - Processing file /opt/airflow/dags/airflow_dag_spark_streaming.py for tasks to queue
[2026-01-28T15:24:38.543+0000] {logging_mixin.py:188} INFO - [2026-01-28T15:24:38.543+0000] {dagbag.py:538} INFO - Filling up the DagBag from /opt/airflow/dags/airflow_dag_spark_streaming.py
[2026-01-28T15:24:38.559+0000] {processor.py:840} INFO - DAG(s) 'spark_sgp4_streaming' retrieved from /opt/airflow/dags/airflow_dag_spark_streaming.py
[2026-01-28T15:24:38.601+0000] {logging_mixin.py:188} INFO - [2026-01-28T15:24:38.601+0000] {dag.py:3036} INFO - Sync 1 DAGs
[2026-01-28T15:24:38.615+0000] {logging_mixin.py:188} INFO - [2026-01-28T15:24:38.615+0000] {dag.py:3823} INFO - Setting next_dagrun for spark_sgp4_streaming to None, run_after=None
[2026-01-28T15:24:38.634+0000] {processor.py:183} INFO - Processing /opt/airflow/dags/airflow_dag_spark_streaming.py took 0.097 seconds
[2026-01-28T15:25:08.791+0000] {processor.py:161} INFO - Started process (PID=6438) to work on /opt/airflow/dags/airflow_dag_spark_streaming.py
[2026-01-28T15:25:08.793+0000] {processor.py:830} INFO - Processing file /opt/airflow/dags/airflow_dag_spark_streaming.py for tasks to queue
[2026-01-28T15:25:08.796+0000] {logging_mixin.py:188} INFO - [2026-01-28T15:25:08.793+0000] {dagbag.py:538} INFO - Filling up the DagBag from /opt/airflow/dags/airflow_dag_spark_streaming.py
[2026-01-28T15:25:08.836+0000] {processor.py:840} INFO - DAG(s) 'spark_sgp4_streaming' retrieved from /opt/airflow/dags/airflow_dag_spark_streaming.py
[2026-01-28T15:25:08.895+0000] {logging_mixin.py:188} INFO - [2026-01-28T15:25:08.895+0000] {dag.py:3036} INFO - Sync 1 DAGs
[2026-01-28T15:25:08.918+0000] {logging_mixin.py:188} INFO - [2026-01-28T15:25:08.918+0000] {dag.py:3823} INFO - Setting next_dagrun for spark_sgp4_streaming to None, run_after=None
[2026-01-28T15:25:08.942+0000] {processor.py:183} INFO - Processing /opt/airflow/dags/airflow_dag_spark_streaming.py took 0.162 seconds
[2026-01-28T15:25:39.083+0000] {processor.py:161} INFO - Started process (PID=6448) to work on /opt/airflow/dags/airflow_dag_spark_streaming.py
[2026-01-28T15:25:39.084+0000] {processor.py:830} INFO - Processing file /opt/airflow/dags/airflow_dag_spark_streaming.py for tasks to queue
[2026-01-28T15:25:39.085+0000] {logging_mixin.py:188} INFO - [2026-01-28T15:25:39.084+0000] {dagbag.py:538} INFO - Filling up the DagBag from /opt/airflow/dags/airflow_dag_spark_streaming.py
[2026-01-28T15:25:39.104+0000] {processor.py:840} INFO - DAG(s) 'spark_sgp4_streaming' retrieved from /opt/airflow/dags/airflow_dag_spark_streaming.py
[2026-01-28T15:25:39.139+0000] {logging_mixin.py:188} INFO - [2026-01-28T15:25:39.139+0000] {dag.py:3036} INFO - Sync 1 DAGs
[2026-01-28T15:25:39.154+0000] {logging_mixin.py:188} INFO - [2026-01-28T15:25:39.154+0000] {dag.py:3823} INFO - Setting next_dagrun for spark_sgp4_streaming to None, run_after=None
[2026-01-28T15:25:39.180+0000] {processor.py:183} INFO - Processing /opt/airflow/dags/airflow_dag_spark_streaming.py took 0.102 seconds
[2026-01-28T15:26:09.324+0000] {processor.py:161} INFO - Started process (PID=6458) to work on /opt/airflow/dags/airflow_dag_spark_streaming.py
[2026-01-28T15:26:09.327+0000] {processor.py:830} INFO - Processing file /opt/airflow/dags/airflow_dag_spark_streaming.py for tasks to queue
[2026-01-28T15:26:09.329+0000] {logging_mixin.py:188} INFO - [2026-01-28T15:26:09.328+0000] {dagbag.py:538} INFO - Filling up the DagBag from /opt/airflow/dags/airflow_dag_spark_streaming.py
[2026-01-28T15:26:09.358+0000] {processor.py:840} INFO - DAG(s) 'spark_sgp4_streaming' retrieved from /opt/airflow/dags/airflow_dag_spark_streaming.py
[2026-01-28T15:26:09.409+0000] {logging_mixin.py:188} INFO - [2026-01-28T15:26:09.408+0000] {dag.py:3036} INFO - Sync 1 DAGs
[2026-01-28T15:26:09.431+0000] {logging_mixin.py:188} INFO - [2026-01-28T15:26:09.431+0000] {dag.py:3823} INFO - Setting next_dagrun for spark_sgp4_streaming to None, run_after=None
[2026-01-28T15:26:09.454+0000] {processor.py:183} INFO - Processing /opt/airflow/dags/airflow_dag_spark_streaming.py took 0.139 seconds
[2026-01-28T15:26:39.604+0000] {processor.py:161} INFO - Started process (PID=6468) to work on /opt/airflow/dags/airflow_dag_spark_streaming.py
[2026-01-28T15:26:39.605+0000] {processor.py:830} INFO - Processing file /opt/airflow/dags/airflow_dag_spark_streaming.py for tasks to queue
[2026-01-28T15:26:39.607+0000] {logging_mixin.py:188} INFO - [2026-01-28T15:26:39.606+0000] {dagbag.py:538} INFO - Filling up the DagBag from /opt/airflow/dags/airflow_dag_spark_streaming.py
[2026-01-28T15:26:39.638+0000] {processor.py:840} INFO - DAG(s) 'spark_sgp4_streaming' retrieved from /opt/airflow/dags/airflow_dag_spark_streaming.py
[2026-01-28T15:26:39.698+0000] {logging_mixin.py:188} INFO - [2026-01-28T15:26:39.697+0000] {dag.py:3036} INFO - Sync 1 DAGs
[2026-01-28T15:26:39.720+0000] {logging_mixin.py:188} INFO - [2026-01-28T15:26:39.719+0000] {dag.py:3823} INFO - Setting next_dagrun for spark_sgp4_streaming to None, run_after=None
[2026-01-28T15:26:39.746+0000] {processor.py:183} INFO - Processing /opt/airflow/dags/airflow_dag_spark_streaming.py took 0.153 seconds
[2026-01-28T15:27:09.907+0000] {processor.py:161} INFO - Started process (PID=6478) to work on /opt/airflow/dags/airflow_dag_spark_streaming.py
[2026-01-28T15:27:09.908+0000] {processor.py:830} INFO - Processing file /opt/airflow/dags/airflow_dag_spark_streaming.py for tasks to queue
[2026-01-28T15:27:09.911+0000] {logging_mixin.py:188} INFO - [2026-01-28T15:27:09.908+0000] {dagbag.py:538} INFO - Filling up the DagBag from /opt/airflow/dags/airflow_dag_spark_streaming.py
[2026-01-28T15:27:09.930+0000] {processor.py:840} INFO - DAG(s) 'spark_sgp4_streaming' retrieved from /opt/airflow/dags/airflow_dag_spark_streaming.py
[2026-01-28T15:27:09.974+0000] {logging_mixin.py:188} INFO - [2026-01-28T15:27:09.974+0000] {dag.py:3036} INFO - Sync 1 DAGs
[2026-01-28T15:27:09.991+0000] {logging_mixin.py:188} INFO - [2026-01-28T15:27:09.991+0000] {dag.py:3823} INFO - Setting next_dagrun for spark_sgp4_streaming to None, run_after=None
[2026-01-28T15:27:10.007+0000] {processor.py:183} INFO - Processing /opt/airflow/dags/airflow_dag_spark_streaming.py took 0.106 seconds
[2026-01-28T15:27:40.164+0000] {processor.py:161} INFO - Started process (PID=6488) to work on /opt/airflow/dags/airflow_dag_spark_streaming.py
[2026-01-28T15:27:40.165+0000] {processor.py:830} INFO - Processing file /opt/airflow/dags/airflow_dag_spark_streaming.py for tasks to queue
[2026-01-28T15:27:40.166+0000] {logging_mixin.py:188} INFO - [2026-01-28T15:27:40.165+0000] {dagbag.py:538} INFO - Filling up the DagBag from /opt/airflow/dags/airflow_dag_spark_streaming.py
[2026-01-28T15:27:40.205+0000] {processor.py:840} INFO - DAG(s) 'spark_sgp4_streaming' retrieved from /opt/airflow/dags/airflow_dag_spark_streaming.py
[2026-01-28T15:27:40.267+0000] {logging_mixin.py:188} INFO - [2026-01-28T15:27:40.267+0000] {dag.py:3036} INFO - Sync 1 DAGs
[2026-01-28T15:27:40.291+0000] {logging_mixin.py:188} INFO - [2026-01-28T15:27:40.291+0000] {dag.py:3823} INFO - Setting next_dagrun for spark_sgp4_streaming to None, run_after=None
[2026-01-28T15:27:40.320+0000] {processor.py:183} INFO - Processing /opt/airflow/dags/airflow_dag_spark_streaming.py took 0.168 seconds
[2026-01-28T15:28:10.481+0000] {processor.py:161} INFO - Started process (PID=6498) to work on /opt/airflow/dags/airflow_dag_spark_streaming.py
[2026-01-28T15:28:10.483+0000] {processor.py:830} INFO - Processing file /opt/airflow/dags/airflow_dag_spark_streaming.py for tasks to queue
[2026-01-28T15:28:10.485+0000] {logging_mixin.py:188} INFO - [2026-01-28T15:28:10.484+0000] {dagbag.py:538} INFO - Filling up the DagBag from /opt/airflow/dags/airflow_dag_spark_streaming.py
[2026-01-28T15:28:10.519+0000] {processor.py:840} INFO - DAG(s) 'spark_sgp4_streaming' retrieved from /opt/airflow/dags/airflow_dag_spark_streaming.py
[2026-01-28T15:28:10.575+0000] {logging_mixin.py:188} INFO - [2026-01-28T15:28:10.575+0000] {dag.py:3036} INFO - Sync 1 DAGs
[2026-01-28T15:28:10.599+0000] {logging_mixin.py:188} INFO - [2026-01-28T15:28:10.599+0000] {dag.py:3823} INFO - Setting next_dagrun for spark_sgp4_streaming to None, run_after=None
[2026-01-28T15:28:10.630+0000] {processor.py:183} INFO - Processing /opt/airflow/dags/airflow_dag_spark_streaming.py took 0.162 seconds
[2026-01-28T15:28:40.833+0000] {processor.py:161} INFO - Started process (PID=6508) to work on /opt/airflow/dags/airflow_dag_spark_streaming.py
[2026-01-28T15:28:40.839+0000] {processor.py:830} INFO - Processing file /opt/airflow/dags/airflow_dag_spark_streaming.py for tasks to queue
[2026-01-28T15:28:40.842+0000] {logging_mixin.py:188} INFO - [2026-01-28T15:28:40.839+0000] {dagbag.py:538} INFO - Filling up the DagBag from /opt/airflow/dags/airflow_dag_spark_streaming.py
[2026-01-28T15:28:40.912+0000] {processor.py:840} INFO - DAG(s) 'spark_sgp4_streaming' retrieved from /opt/airflow/dags/airflow_dag_spark_streaming.py
[2026-01-28T15:28:41.040+0000] {logging_mixin.py:188} INFO - [2026-01-28T15:28:41.040+0000] {dag.py:3036} INFO - Sync 1 DAGs
[2026-01-28T15:28:41.074+0000] {logging_mixin.py:188} INFO - [2026-01-28T15:28:41.073+0000] {dag.py:3823} INFO - Setting next_dagrun for spark_sgp4_streaming to None, run_after=None
[2026-01-28T15:28:41.115+0000] {processor.py:183} INFO - Processing /opt/airflow/dags/airflow_dag_spark_streaming.py took 0.301 seconds
[2026-01-28T15:29:11.265+0000] {processor.py:161} INFO - Started process (PID=6518) to work on /opt/airflow/dags/airflow_dag_spark_streaming.py
[2026-01-28T15:29:11.267+0000] {processor.py:830} INFO - Processing file /opt/airflow/dags/airflow_dag_spark_streaming.py for tasks to queue
[2026-01-28T15:29:11.269+0000] {logging_mixin.py:188} INFO - [2026-01-28T15:29:11.268+0000] {dagbag.py:538} INFO - Filling up the DagBag from /opt/airflow/dags/airflow_dag_spark_streaming.py
[2026-01-28T15:29:11.294+0000] {processor.py:840} INFO - DAG(s) 'spark_sgp4_streaming' retrieved from /opt/airflow/dags/airflow_dag_spark_streaming.py
[2026-01-28T15:29:11.342+0000] {logging_mixin.py:188} INFO - [2026-01-28T15:29:11.342+0000] {dag.py:3036} INFO - Sync 1 DAGs
[2026-01-28T15:29:11.358+0000] {logging_mixin.py:188} INFO - [2026-01-28T15:29:11.357+0000] {dag.py:3823} INFO - Setting next_dagrun for spark_sgp4_streaming to None, run_after=None
[2026-01-28T15:29:11.380+0000] {processor.py:183} INFO - Processing /opt/airflow/dags/airflow_dag_spark_streaming.py took 0.127 seconds
[2026-01-28T15:29:41.544+0000] {processor.py:161} INFO - Started process (PID=6528) to work on /opt/airflow/dags/airflow_dag_spark_streaming.py
[2026-01-28T15:29:41.546+0000] {processor.py:830} INFO - Processing file /opt/airflow/dags/airflow_dag_spark_streaming.py for tasks to queue
[2026-01-28T15:29:41.549+0000] {logging_mixin.py:188} INFO - [2026-01-28T15:29:41.547+0000] {dagbag.py:538} INFO - Filling up the DagBag from /opt/airflow/dags/airflow_dag_spark_streaming.py
[2026-01-28T15:29:41.591+0000] {processor.py:840} INFO - DAG(s) 'spark_sgp4_streaming' retrieved from /opt/airflow/dags/airflow_dag_spark_streaming.py
[2026-01-28T15:29:41.663+0000] {logging_mixin.py:188} INFO - [2026-01-28T15:29:41.662+0000] {dag.py:3036} INFO - Sync 1 DAGs
[2026-01-28T15:29:41.689+0000] {logging_mixin.py:188} INFO - [2026-01-28T15:29:41.688+0000] {dag.py:3823} INFO - Setting next_dagrun for spark_sgp4_streaming to None, run_after=None
[2026-01-28T15:29:41.719+0000] {processor.py:183} INFO - Processing /opt/airflow/dags/airflow_dag_spark_streaming.py took 0.186 seconds
[2026-01-28T15:30:11.886+0000] {processor.py:161} INFO - Started process (PID=6538) to work on /opt/airflow/dags/airflow_dag_spark_streaming.py
[2026-01-28T15:30:11.887+0000] {processor.py:830} INFO - Processing file /opt/airflow/dags/airflow_dag_spark_streaming.py for tasks to queue
[2026-01-28T15:30:11.891+0000] {logging_mixin.py:188} INFO - [2026-01-28T15:30:11.890+0000] {dagbag.py:538} INFO - Filling up the DagBag from /opt/airflow/dags/airflow_dag_spark_streaming.py
[2026-01-28T15:30:11.923+0000] {processor.py:840} INFO - DAG(s) 'spark_sgp4_streaming' retrieved from /opt/airflow/dags/airflow_dag_spark_streaming.py
[2026-01-28T15:30:11.983+0000] {logging_mixin.py:188} INFO - [2026-01-28T15:30:11.983+0000] {dag.py:3036} INFO - Sync 1 DAGs
[2026-01-28T15:30:12.008+0000] {logging_mixin.py:188} INFO - [2026-01-28T15:30:12.008+0000] {dag.py:3823} INFO - Setting next_dagrun for spark_sgp4_streaming to None, run_after=None
[2026-01-28T15:30:12.036+0000] {processor.py:183} INFO - Processing /opt/airflow/dags/airflow_dag_spark_streaming.py took 0.164 seconds
[2026-01-28T15:30:42.200+0000] {processor.py:161} INFO - Started process (PID=6548) to work on /opt/airflow/dags/airflow_dag_spark_streaming.py
[2026-01-28T15:30:42.201+0000] {processor.py:830} INFO - Processing file /opt/airflow/dags/airflow_dag_spark_streaming.py for tasks to queue
[2026-01-28T15:30:42.204+0000] {logging_mixin.py:188} INFO - [2026-01-28T15:30:42.202+0000] {dagbag.py:538} INFO - Filling up the DagBag from /opt/airflow/dags/airflow_dag_spark_streaming.py
[2026-01-28T15:30:42.240+0000] {processor.py:840} INFO - DAG(s) 'spark_sgp4_streaming' retrieved from /opt/airflow/dags/airflow_dag_spark_streaming.py
[2026-01-28T15:30:42.308+0000] {logging_mixin.py:188} INFO - [2026-01-28T15:30:42.308+0000] {dag.py:3036} INFO - Sync 1 DAGs
[2026-01-28T15:30:42.333+0000] {logging_mixin.py:188} INFO - [2026-01-28T15:30:42.333+0000] {dag.py:3823} INFO - Setting next_dagrun for spark_sgp4_streaming to None, run_after=None
[2026-01-28T15:30:42.357+0000] {processor.py:183} INFO - Processing /opt/airflow/dags/airflow_dag_spark_streaming.py took 0.166 seconds
[2026-01-28T15:31:12.523+0000] {processor.py:161} INFO - Started process (PID=6558) to work on /opt/airflow/dags/airflow_dag_spark_streaming.py
[2026-01-28T15:31:12.525+0000] {processor.py:830} INFO - Processing file /opt/airflow/dags/airflow_dag_spark_streaming.py for tasks to queue
[2026-01-28T15:31:12.527+0000] {logging_mixin.py:188} INFO - [2026-01-28T15:31:12.526+0000] {dagbag.py:538} INFO - Filling up the DagBag from /opt/airflow/dags/airflow_dag_spark_streaming.py
[2026-01-28T15:31:12.570+0000] {processor.py:840} INFO - DAG(s) 'spark_sgp4_streaming' retrieved from /opt/airflow/dags/airflow_dag_spark_streaming.py
[2026-01-28T15:31:12.638+0000] {logging_mixin.py:188} INFO - [2026-01-28T15:31:12.637+0000] {dag.py:3036} INFO - Sync 1 DAGs
[2026-01-28T15:31:12.665+0000] {logging_mixin.py:188} INFO - [2026-01-28T15:31:12.665+0000] {dag.py:3823} INFO - Setting next_dagrun for spark_sgp4_streaming to None, run_after=None
[2026-01-28T15:31:12.694+0000] {processor.py:183} INFO - Processing /opt/airflow/dags/airflow_dag_spark_streaming.py took 0.184 seconds
[2026-01-28T15:31:42.859+0000] {processor.py:161} INFO - Started process (PID=6568) to work on /opt/airflow/dags/airflow_dag_spark_streaming.py
[2026-01-28T15:31:42.860+0000] {processor.py:830} INFO - Processing file /opt/airflow/dags/airflow_dag_spark_streaming.py for tasks to queue
[2026-01-28T15:31:42.863+0000] {logging_mixin.py:188} INFO - [2026-01-28T15:31:42.861+0000] {dagbag.py:538} INFO - Filling up the DagBag from /opt/airflow/dags/airflow_dag_spark_streaming.py
[2026-01-28T15:31:42.902+0000] {processor.py:840} INFO - DAG(s) 'spark_sgp4_streaming' retrieved from /opt/airflow/dags/airflow_dag_spark_streaming.py
[2026-01-28T15:31:42.969+0000] {logging_mixin.py:188} INFO - [2026-01-28T15:31:42.969+0000] {dag.py:3036} INFO - Sync 1 DAGs
[2026-01-28T15:31:42.990+0000] {logging_mixin.py:188} INFO - [2026-01-28T15:31:42.989+0000] {dag.py:3823} INFO - Setting next_dagrun for spark_sgp4_streaming to None, run_after=None
[2026-01-28T15:31:43.019+0000] {processor.py:183} INFO - Processing /opt/airflow/dags/airflow_dag_spark_streaming.py took 0.171 seconds
[2026-01-28T15:32:13.204+0000] {processor.py:161} INFO - Started process (PID=6578) to work on /opt/airflow/dags/airflow_dag_spark_streaming.py
[2026-01-28T15:32:13.207+0000] {processor.py:830} INFO - Processing file /opt/airflow/dags/airflow_dag_spark_streaming.py for tasks to queue
[2026-01-28T15:32:13.210+0000] {logging_mixin.py:188} INFO - [2026-01-28T15:32:13.208+0000] {dagbag.py:538} INFO - Filling up the DagBag from /opt/airflow/dags/airflow_dag_spark_streaming.py
[2026-01-28T15:32:13.240+0000] {processor.py:840} INFO - DAG(s) 'spark_sgp4_streaming' retrieved from /opt/airflow/dags/airflow_dag_spark_streaming.py
[2026-01-28T15:32:13.307+0000] {logging_mixin.py:188} INFO - [2026-01-28T15:32:13.307+0000] {dag.py:3036} INFO - Sync 1 DAGs
[2026-01-28T15:32:13.332+0000] {logging_mixin.py:188} INFO - [2026-01-28T15:32:13.332+0000] {dag.py:3823} INFO - Setting next_dagrun for spark_sgp4_streaming to None, run_after=None
[2026-01-28T15:32:13.362+0000] {processor.py:183} INFO - Processing /opt/airflow/dags/airflow_dag_spark_streaming.py took 0.173 seconds
[2026-01-28T15:32:43.536+0000] {processor.py:161} INFO - Started process (PID=6588) to work on /opt/airflow/dags/airflow_dag_spark_streaming.py
[2026-01-28T15:32:43.538+0000] {processor.py:830} INFO - Processing file /opt/airflow/dags/airflow_dag_spark_streaming.py for tasks to queue
[2026-01-28T15:32:43.541+0000] {logging_mixin.py:188} INFO - [2026-01-28T15:32:43.539+0000] {dagbag.py:538} INFO - Filling up the DagBag from /opt/airflow/dags/airflow_dag_spark_streaming.py
[2026-01-28T15:32:43.583+0000] {processor.py:840} INFO - DAG(s) 'spark_sgp4_streaming' retrieved from /opt/airflow/dags/airflow_dag_spark_streaming.py
[2026-01-28T15:32:43.648+0000] {logging_mixin.py:188} INFO - [2026-01-28T15:32:43.648+0000] {dag.py:3036} INFO - Sync 1 DAGs
[2026-01-28T15:32:43.677+0000] {logging_mixin.py:188} INFO - [2026-01-28T15:32:43.677+0000] {dag.py:3823} INFO - Setting next_dagrun for spark_sgp4_streaming to None, run_after=None
[2026-01-28T15:32:43.706+0000] {processor.py:183} INFO - Processing /opt/airflow/dags/airflow_dag_spark_streaming.py took 0.188 seconds
[2026-01-28T15:33:13.865+0000] {processor.py:161} INFO - Started process (PID=6598) to work on /opt/airflow/dags/airflow_dag_spark_streaming.py
[2026-01-28T15:33:13.867+0000] {processor.py:830} INFO - Processing file /opt/airflow/dags/airflow_dag_spark_streaming.py for tasks to queue
[2026-01-28T15:33:13.868+0000] {logging_mixin.py:188} INFO - [2026-01-28T15:33:13.867+0000] {dagbag.py:538} INFO - Filling up the DagBag from /opt/airflow/dags/airflow_dag_spark_streaming.py
[2026-01-28T15:33:13.898+0000] {processor.py:840} INFO - DAG(s) 'spark_sgp4_streaming' retrieved from /opt/airflow/dags/airflow_dag_spark_streaming.py
[2026-01-28T15:33:13.959+0000] {logging_mixin.py:188} INFO - [2026-01-28T15:33:13.959+0000] {dag.py:3036} INFO - Sync 1 DAGs
[2026-01-28T15:33:13.982+0000] {logging_mixin.py:188} INFO - [2026-01-28T15:33:13.982+0000] {dag.py:3823} INFO - Setting next_dagrun for spark_sgp4_streaming to None, run_after=None
[2026-01-28T15:33:14.010+0000] {processor.py:183} INFO - Processing /opt/airflow/dags/airflow_dag_spark_streaming.py took 0.157 seconds
[2026-01-28T15:33:44.179+0000] {processor.py:161} INFO - Started process (PID=6608) to work on /opt/airflow/dags/airflow_dag_spark_streaming.py
[2026-01-28T15:33:44.183+0000] {processor.py:830} INFO - Processing file /opt/airflow/dags/airflow_dag_spark_streaming.py for tasks to queue
[2026-01-28T15:33:44.184+0000] {logging_mixin.py:188} INFO - [2026-01-28T15:33:44.184+0000] {dagbag.py:538} INFO - Filling up the DagBag from /opt/airflow/dags/airflow_dag_spark_streaming.py
[2026-01-28T15:33:44.219+0000] {processor.py:840} INFO - DAG(s) 'spark_sgp4_streaming' retrieved from /opt/airflow/dags/airflow_dag_spark_streaming.py
[2026-01-28T15:33:44.277+0000] {logging_mixin.py:188} INFO - [2026-01-28T15:33:44.277+0000] {dag.py:3036} INFO - Sync 1 DAGs
[2026-01-28T15:33:44.302+0000] {logging_mixin.py:188} INFO - [2026-01-28T15:33:44.302+0000] {dag.py:3823} INFO - Setting next_dagrun for spark_sgp4_streaming to None, run_after=None
[2026-01-28T15:33:44.328+0000] {processor.py:183} INFO - Processing /opt/airflow/dags/airflow_dag_spark_streaming.py took 0.161 seconds
[2026-01-28T15:34:14.491+0000] {processor.py:161} INFO - Started process (PID=6618) to work on /opt/airflow/dags/airflow_dag_spark_streaming.py
[2026-01-28T15:34:14.496+0000] {processor.py:830} INFO - Processing file /opt/airflow/dags/airflow_dag_spark_streaming.py for tasks to queue
[2026-01-28T15:34:14.499+0000] {logging_mixin.py:188} INFO - [2026-01-28T15:34:14.496+0000] {dagbag.py:538} INFO - Filling up the DagBag from /opt/airflow/dags/airflow_dag_spark_streaming.py
[2026-01-28T15:34:14.537+0000] {processor.py:840} INFO - DAG(s) 'spark_sgp4_streaming' retrieved from /opt/airflow/dags/airflow_dag_spark_streaming.py
[2026-01-28T15:34:14.611+0000] {logging_mixin.py:188} INFO - [2026-01-28T15:34:14.611+0000] {dag.py:3036} INFO - Sync 1 DAGs
[2026-01-28T15:34:14.635+0000] {logging_mixin.py:188} INFO - [2026-01-28T15:34:14.635+0000] {dag.py:3823} INFO - Setting next_dagrun for spark_sgp4_streaming to None, run_after=None
[2026-01-28T15:34:14.670+0000] {processor.py:183} INFO - Processing /opt/airflow/dags/airflow_dag_spark_streaming.py took 0.193 seconds
[2026-01-28T15:34:44.839+0000] {processor.py:161} INFO - Started process (PID=6628) to work on /opt/airflow/dags/airflow_dag_spark_streaming.py
[2026-01-28T15:34:44.841+0000] {processor.py:830} INFO - Processing file /opt/airflow/dags/airflow_dag_spark_streaming.py for tasks to queue
[2026-01-28T15:34:44.843+0000] {logging_mixin.py:188} INFO - [2026-01-28T15:34:44.842+0000] {dagbag.py:538} INFO - Filling up the DagBag from /opt/airflow/dags/airflow_dag_spark_streaming.py
[2026-01-28T15:34:44.877+0000] {processor.py:840} INFO - DAG(s) 'spark_sgp4_streaming' retrieved from /opt/airflow/dags/airflow_dag_spark_streaming.py
[2026-01-28T15:34:44.951+0000] {logging_mixin.py:188} INFO - [2026-01-28T15:34:44.951+0000] {dag.py:3036} INFO - Sync 1 DAGs
[2026-01-28T15:34:44.973+0000] {logging_mixin.py:188} INFO - [2026-01-28T15:34:44.972+0000] {dag.py:3823} INFO - Setting next_dagrun for spark_sgp4_streaming to None, run_after=None
[2026-01-28T15:34:45.004+0000] {processor.py:183} INFO - Processing /opt/airflow/dags/airflow_dag_spark_streaming.py took 0.177 seconds
[2026-01-28T15:35:15.243+0000] {processor.py:161} INFO - Started process (PID=6638) to work on /opt/airflow/dags/airflow_dag_spark_streaming.py
[2026-01-28T15:35:15.247+0000] {processor.py:830} INFO - Processing file /opt/airflow/dags/airflow_dag_spark_streaming.py for tasks to queue
[2026-01-28T15:35:15.249+0000] {logging_mixin.py:188} INFO - [2026-01-28T15:35:15.248+0000] {dagbag.py:538} INFO - Filling up the DagBag from /opt/airflow/dags/airflow_dag_spark_streaming.py
[2026-01-28T15:35:15.287+0000] {processor.py:840} INFO - DAG(s) 'spark_sgp4_streaming' retrieved from /opt/airflow/dags/airflow_dag_spark_streaming.py
[2026-01-28T15:35:15.352+0000] {logging_mixin.py:188} INFO - [2026-01-28T15:35:15.352+0000] {dag.py:3036} INFO - Sync 1 DAGs
[2026-01-28T15:35:15.376+0000] {logging_mixin.py:188} INFO - [2026-01-28T15:35:15.376+0000] {dag.py:3823} INFO - Setting next_dagrun for spark_sgp4_streaming to None, run_after=None
[2026-01-28T15:35:15.405+0000] {processor.py:183} INFO - Processing /opt/airflow/dags/airflow_dag_spark_streaming.py took 0.173 seconds
[2026-01-28T15:35:45.557+0000] {processor.py:161} INFO - Started process (PID=6648) to work on /opt/airflow/dags/airflow_dag_spark_streaming.py
[2026-01-28T15:35:45.558+0000] {processor.py:830} INFO - Processing file /opt/airflow/dags/airflow_dag_spark_streaming.py for tasks to queue
[2026-01-28T15:35:45.559+0000] {logging_mixin.py:188} INFO - [2026-01-28T15:35:45.558+0000] {dagbag.py:538} INFO - Filling up the DagBag from /opt/airflow/dags/airflow_dag_spark_streaming.py
[2026-01-28T15:35:45.575+0000] {processor.py:840} INFO - DAG(s) 'spark_sgp4_streaming' retrieved from /opt/airflow/dags/airflow_dag_spark_streaming.py
[2026-01-28T15:35:45.624+0000] {logging_mixin.py:188} INFO - [2026-01-28T15:35:45.624+0000] {dag.py:3036} INFO - Sync 1 DAGs
[2026-01-28T15:35:45.640+0000] {logging_mixin.py:188} INFO - [2026-01-28T15:35:45.640+0000] {dag.py:3823} INFO - Setting next_dagrun for spark_sgp4_streaming to None, run_after=None
[2026-01-28T15:35:45.662+0000] {processor.py:183} INFO - Processing /opt/airflow/dags/airflow_dag_spark_streaming.py took 0.111 seconds
[2026-01-28T15:36:15.828+0000] {processor.py:161} INFO - Started process (PID=6660) to work on /opt/airflow/dags/airflow_dag_spark_streaming.py
[2026-01-28T15:36:15.829+0000] {processor.py:830} INFO - Processing file /opt/airflow/dags/airflow_dag_spark_streaming.py for tasks to queue
[2026-01-28T15:36:15.831+0000] {logging_mixin.py:188} INFO - [2026-01-28T15:36:15.830+0000] {dagbag.py:538} INFO - Filling up the DagBag from /opt/airflow/dags/airflow_dag_spark_streaming.py
[2026-01-28T15:36:15.865+0000] {processor.py:840} INFO - DAG(s) 'spark_sgp4_streaming' retrieved from /opt/airflow/dags/airflow_dag_spark_streaming.py
[2026-01-28T15:36:15.936+0000] {logging_mixin.py:188} INFO - [2026-01-28T15:36:15.935+0000] {dag.py:3036} INFO - Sync 1 DAGs
[2026-01-28T15:36:15.962+0000] {logging_mixin.py:188} INFO - [2026-01-28T15:36:15.962+0000] {dag.py:3823} INFO - Setting next_dagrun for spark_sgp4_streaming to None, run_after=None
[2026-01-28T15:36:15.991+0000] {processor.py:183} INFO - Processing /opt/airflow/dags/airflow_dag_spark_streaming.py took 0.177 seconds
[2026-01-28T15:36:46.160+0000] {processor.py:161} INFO - Started process (PID=6670) to work on /opt/airflow/dags/airflow_dag_spark_streaming.py
[2026-01-28T15:36:46.162+0000] {processor.py:830} INFO - Processing file /opt/airflow/dags/airflow_dag_spark_streaming.py for tasks to queue
[2026-01-28T15:36:46.164+0000] {logging_mixin.py:188} INFO - [2026-01-28T15:36:46.163+0000] {dagbag.py:538} INFO - Filling up the DagBag from /opt/airflow/dags/airflow_dag_spark_streaming.py
[2026-01-28T15:36:46.199+0000] {processor.py:840} INFO - DAG(s) 'spark_sgp4_streaming' retrieved from /opt/airflow/dags/airflow_dag_spark_streaming.py
[2026-01-28T15:36:46.260+0000] {logging_mixin.py:188} INFO - [2026-01-28T15:36:46.259+0000] {dag.py:3036} INFO - Sync 1 DAGs
[2026-01-28T15:36:46.280+0000] {logging_mixin.py:188} INFO - [2026-01-28T15:36:46.280+0000] {dag.py:3823} INFO - Setting next_dagrun for spark_sgp4_streaming to None, run_after=None
[2026-01-28T15:36:46.307+0000] {processor.py:183} INFO - Processing /opt/airflow/dags/airflow_dag_spark_streaming.py took 0.160 seconds
[2026-01-28T15:37:16.500+0000] {processor.py:161} INFO - Started process (PID=6680) to work on /opt/airflow/dags/airflow_dag_spark_streaming.py
[2026-01-28T15:37:16.502+0000] {processor.py:830} INFO - Processing file /opt/airflow/dags/airflow_dag_spark_streaming.py for tasks to queue
[2026-01-28T15:37:16.505+0000] {logging_mixin.py:188} INFO - [2026-01-28T15:37:16.503+0000] {dagbag.py:538} INFO - Filling up the DagBag from /opt/airflow/dags/airflow_dag_spark_streaming.py
[2026-01-28T15:37:16.544+0000] {processor.py:840} INFO - DAG(s) 'spark_sgp4_streaming' retrieved from /opt/airflow/dags/airflow_dag_spark_streaming.py
[2026-01-28T15:37:16.605+0000] {logging_mixin.py:188} INFO - [2026-01-28T15:37:16.605+0000] {dag.py:3036} INFO - Sync 1 DAGs
[2026-01-28T15:37:16.627+0000] {logging_mixin.py:188} INFO - [2026-01-28T15:37:16.627+0000] {dag.py:3823} INFO - Setting next_dagrun for spark_sgp4_streaming to None, run_after=None
[2026-01-28T15:37:16.651+0000] {processor.py:183} INFO - Processing /opt/airflow/dags/airflow_dag_spark_streaming.py took 0.162 seconds
[2026-01-28T15:37:46.822+0000] {processor.py:161} INFO - Started process (PID=6690) to work on /opt/airflow/dags/airflow_dag_spark_streaming.py
[2026-01-28T15:37:46.824+0000] {processor.py:830} INFO - Processing file /opt/airflow/dags/airflow_dag_spark_streaming.py for tasks to queue
[2026-01-28T15:37:46.827+0000] {logging_mixin.py:188} INFO - [2026-01-28T15:37:46.824+0000] {dagbag.py:538} INFO - Filling up the DagBag from /opt/airflow/dags/airflow_dag_spark_streaming.py
[2026-01-28T15:37:46.861+0000] {processor.py:840} INFO - DAG(s) 'spark_sgp4_streaming' retrieved from /opt/airflow/dags/airflow_dag_spark_streaming.py
[2026-01-28T15:37:46.920+0000] {logging_mixin.py:188} INFO - [2026-01-28T15:37:46.920+0000] {dag.py:3036} INFO - Sync 1 DAGs
[2026-01-28T15:37:46.947+0000] {logging_mixin.py:188} INFO - [2026-01-28T15:37:46.947+0000] {dag.py:3823} INFO - Setting next_dagrun for spark_sgp4_streaming to None, run_after=None
[2026-01-28T15:37:46.974+0000] {processor.py:183} INFO - Processing /opt/airflow/dags/airflow_dag_spark_streaming.py took 0.164 seconds
[2026-01-28T15:38:17.136+0000] {processor.py:161} INFO - Started process (PID=6700) to work on /opt/airflow/dags/airflow_dag_spark_streaming.py
[2026-01-28T15:38:17.137+0000] {processor.py:830} INFO - Processing file /opt/airflow/dags/airflow_dag_spark_streaming.py for tasks to queue
[2026-01-28T15:38:17.140+0000] {logging_mixin.py:188} INFO - [2026-01-28T15:38:17.138+0000] {dagbag.py:538} INFO - Filling up the DagBag from /opt/airflow/dags/airflow_dag_spark_streaming.py
[2026-01-28T15:38:17.183+0000] {processor.py:840} INFO - DAG(s) 'spark_sgp4_streaming' retrieved from /opt/airflow/dags/airflow_dag_spark_streaming.py
[2026-01-28T15:38:17.249+0000] {logging_mixin.py:188} INFO - [2026-01-28T15:38:17.248+0000] {dag.py:3036} INFO - Sync 1 DAGs
[2026-01-28T15:38:17.272+0000] {logging_mixin.py:188} INFO - [2026-01-28T15:38:17.272+0000] {dag.py:3823} INFO - Setting next_dagrun for spark_sgp4_streaming to None, run_after=None
[2026-01-28T15:38:17.297+0000] {processor.py:183} INFO - Processing /opt/airflow/dags/airflow_dag_spark_streaming.py took 0.175 seconds
[2026-01-28T15:38:47.478+0000] {processor.py:161} INFO - Started process (PID=6710) to work on /opt/airflow/dags/airflow_dag_spark_streaming.py
[2026-01-28T15:38:47.483+0000] {processor.py:830} INFO - Processing file /opt/airflow/dags/airflow_dag_spark_streaming.py for tasks to queue
[2026-01-28T15:38:47.485+0000] {logging_mixin.py:188} INFO - [2026-01-28T15:38:47.484+0000] {dagbag.py:538} INFO - Filling up the DagBag from /opt/airflow/dags/airflow_dag_spark_streaming.py
[2026-01-28T15:38:47.523+0000] {processor.py:840} INFO - DAG(s) 'spark_sgp4_streaming' retrieved from /opt/airflow/dags/airflow_dag_spark_streaming.py
[2026-01-28T15:38:47.584+0000] {logging_mixin.py:188} INFO - [2026-01-28T15:38:47.584+0000] {dag.py:3036} INFO - Sync 1 DAGs
[2026-01-28T15:38:47.611+0000] {logging_mixin.py:188} INFO - [2026-01-28T15:38:47.610+0000] {dag.py:3823} INFO - Setting next_dagrun for spark_sgp4_streaming to None, run_after=None
[2026-01-28T15:38:47.638+0000] {processor.py:183} INFO - Processing /opt/airflow/dags/airflow_dag_spark_streaming.py took 0.175 seconds
[2026-01-28T15:39:17.982+0000] {processor.py:161} INFO - Started process (PID=6720) to work on /opt/airflow/dags/airflow_dag_spark_streaming.py
[2026-01-28T15:39:17.983+0000] {processor.py:830} INFO - Processing file /opt/airflow/dags/airflow_dag_spark_streaming.py for tasks to queue
[2026-01-28T15:39:17.986+0000] {logging_mixin.py:188} INFO - [2026-01-28T15:39:17.984+0000] {dagbag.py:538} INFO - Filling up the DagBag from /opt/airflow/dags/airflow_dag_spark_streaming.py
[2026-01-28T15:39:18.022+0000] {processor.py:840} INFO - DAG(s) 'spark_sgp4_streaming' retrieved from /opt/airflow/dags/airflow_dag_spark_streaming.py
[2026-01-28T15:39:18.071+0000] {logging_mixin.py:188} INFO - [2026-01-28T15:39:18.071+0000] {dag.py:3036} INFO - Sync 1 DAGs
[2026-01-28T15:39:18.091+0000] {logging_mixin.py:188} INFO - [2026-01-28T15:39:18.091+0000] {dag.py:3823} INFO - Setting next_dagrun for spark_sgp4_streaming to None, run_after=None
[2026-01-28T15:39:18.113+0000] {processor.py:183} INFO - Processing /opt/airflow/dags/airflow_dag_spark_streaming.py took 0.143 seconds
[2026-01-28T15:39:48.277+0000] {processor.py:161} INFO - Started process (PID=6730) to work on /opt/airflow/dags/airflow_dag_spark_streaming.py
[2026-01-28T15:39:48.278+0000] {processor.py:830} INFO - Processing file /opt/airflow/dags/airflow_dag_spark_streaming.py for tasks to queue
[2026-01-28T15:39:48.280+0000] {logging_mixin.py:188} INFO - [2026-01-28T15:39:48.279+0000] {dagbag.py:538} INFO - Filling up the DagBag from /opt/airflow/dags/airflow_dag_spark_streaming.py
[2026-01-28T15:39:48.318+0000] {processor.py:840} INFO - DAG(s) 'spark_sgp4_streaming' retrieved from /opt/airflow/dags/airflow_dag_spark_streaming.py
[2026-01-28T15:39:48.383+0000] {logging_mixin.py:188} INFO - [2026-01-28T15:39:48.383+0000] {dag.py:3036} INFO - Sync 1 DAGs
[2026-01-28T15:39:48.405+0000] {logging_mixin.py:188} INFO - [2026-01-28T15:39:48.405+0000] {dag.py:3823} INFO - Setting next_dagrun for spark_sgp4_streaming to None, run_after=None
[2026-01-28T15:39:48.431+0000] {processor.py:183} INFO - Processing /opt/airflow/dags/airflow_dag_spark_streaming.py took 0.168 seconds
[2026-01-28T15:40:18.592+0000] {processor.py:161} INFO - Started process (PID=6740) to work on /opt/airflow/dags/airflow_dag_spark_streaming.py
[2026-01-28T15:40:18.594+0000] {processor.py:830} INFO - Processing file /opt/airflow/dags/airflow_dag_spark_streaming.py for tasks to queue
[2026-01-28T15:40:18.595+0000] {logging_mixin.py:188} INFO - [2026-01-28T15:40:18.595+0000] {dagbag.py:538} INFO - Filling up the DagBag from /opt/airflow/dags/airflow_dag_spark_streaming.py
[2026-01-28T15:40:18.629+0000] {processor.py:840} INFO - DAG(s) 'spark_sgp4_streaming' retrieved from /opt/airflow/dags/airflow_dag_spark_streaming.py
[2026-01-28T15:40:18.697+0000] {logging_mixin.py:188} INFO - [2026-01-28T15:40:18.697+0000] {dag.py:3036} INFO - Sync 1 DAGs
[2026-01-28T15:40:18.723+0000] {logging_mixin.py:188} INFO - [2026-01-28T15:40:18.723+0000] {dag.py:3823} INFO - Setting next_dagrun for spark_sgp4_streaming to None, run_after=None
[2026-01-28T15:40:18.749+0000] {processor.py:183} INFO - Processing /opt/airflow/dags/airflow_dag_spark_streaming.py took 0.168 seconds
[2026-01-28T15:40:48.912+0000] {processor.py:161} INFO - Started process (PID=6750) to work on /opt/airflow/dags/airflow_dag_spark_streaming.py
[2026-01-28T15:40:48.913+0000] {processor.py:830} INFO - Processing file /opt/airflow/dags/airflow_dag_spark_streaming.py for tasks to queue
[2026-01-28T15:40:48.915+0000] {logging_mixin.py:188} INFO - [2026-01-28T15:40:48.913+0000] {dagbag.py:538} INFO - Filling up the DagBag from /opt/airflow/dags/airflow_dag_spark_streaming.py
[2026-01-28T15:40:48.954+0000] {processor.py:840} INFO - DAG(s) 'spark_sgp4_streaming' retrieved from /opt/airflow/dags/airflow_dag_spark_streaming.py
[2026-01-28T15:40:49.016+0000] {logging_mixin.py:188} INFO - [2026-01-28T15:40:49.015+0000] {dag.py:3036} INFO - Sync 1 DAGs
[2026-01-28T15:40:49.039+0000] {logging_mixin.py:188} INFO - [2026-01-28T15:40:49.038+0000] {dag.py:3823} INFO - Setting next_dagrun for spark_sgp4_streaming to None, run_after=None
[2026-01-28T15:40:49.065+0000] {processor.py:183} INFO - Processing /opt/airflow/dags/airflow_dag_spark_streaming.py took 0.164 seconds
[2026-01-28T15:41:19.225+0000] {processor.py:161} INFO - Started process (PID=6760) to work on /opt/airflow/dags/airflow_dag_spark_streaming.py
[2026-01-28T15:41:19.227+0000] {processor.py:830} INFO - Processing file /opt/airflow/dags/airflow_dag_spark_streaming.py for tasks to queue
[2026-01-28T15:41:19.228+0000] {logging_mixin.py:188} INFO - [2026-01-28T15:41:19.228+0000] {dagbag.py:538} INFO - Filling up the DagBag from /opt/airflow/dags/airflow_dag_spark_streaming.py
[2026-01-28T15:41:19.269+0000] {processor.py:840} INFO - DAG(s) 'spark_sgp4_streaming' retrieved from /opt/airflow/dags/airflow_dag_spark_streaming.py
[2026-01-28T15:41:19.337+0000] {logging_mixin.py:188} INFO - [2026-01-28T15:41:19.336+0000] {dag.py:3036} INFO - Sync 1 DAGs
[2026-01-28T15:41:19.369+0000] {logging_mixin.py:188} INFO - [2026-01-28T15:41:19.369+0000] {dag.py:3823} INFO - Setting next_dagrun for spark_sgp4_streaming to None, run_after=None
[2026-01-28T15:41:19.402+0000] {processor.py:183} INFO - Processing /opt/airflow/dags/airflow_dag_spark_streaming.py took 0.189 seconds
[2026-01-28T15:41:49.567+0000] {processor.py:161} INFO - Started process (PID=6770) to work on /opt/airflow/dags/airflow_dag_spark_streaming.py
[2026-01-28T15:41:49.569+0000] {processor.py:830} INFO - Processing file /opt/airflow/dags/airflow_dag_spark_streaming.py for tasks to queue
[2026-01-28T15:41:49.572+0000] {logging_mixin.py:188} INFO - [2026-01-28T15:41:49.570+0000] {dagbag.py:538} INFO - Filling up the DagBag from /opt/airflow/dags/airflow_dag_spark_streaming.py
[2026-01-28T15:41:49.613+0000] {processor.py:840} INFO - DAG(s) 'spark_sgp4_streaming' retrieved from /opt/airflow/dags/airflow_dag_spark_streaming.py
[2026-01-28T15:41:49.678+0000] {logging_mixin.py:188} INFO - [2026-01-28T15:41:49.678+0000] {dag.py:3036} INFO - Sync 1 DAGs
[2026-01-28T15:41:49.700+0000] {logging_mixin.py:188} INFO - [2026-01-28T15:41:49.700+0000] {dag.py:3823} INFO - Setting next_dagrun for spark_sgp4_streaming to None, run_after=None
[2026-01-28T15:41:49.730+0000] {processor.py:183} INFO - Processing /opt/airflow/dags/airflow_dag_spark_streaming.py took 0.176 seconds
[2026-01-28T15:42:19.911+0000] {processor.py:161} INFO - Started process (PID=6780) to work on /opt/airflow/dags/airflow_dag_spark_streaming.py
[2026-01-28T15:42:19.912+0000] {processor.py:830} INFO - Processing file /opt/airflow/dags/airflow_dag_spark_streaming.py for tasks to queue
[2026-01-28T15:42:19.915+0000] {logging_mixin.py:188} INFO - [2026-01-28T15:42:19.914+0000] {dagbag.py:538} INFO - Filling up the DagBag from /opt/airflow/dags/airflow_dag_spark_streaming.py
[2026-01-28T15:42:19.949+0000] {processor.py:840} INFO - DAG(s) 'spark_sgp4_streaming' retrieved from /opt/airflow/dags/airflow_dag_spark_streaming.py
[2026-01-28T15:42:20.008+0000] {logging_mixin.py:188} INFO - [2026-01-28T15:42:20.007+0000] {dag.py:3036} INFO - Sync 1 DAGs
[2026-01-28T15:42:20.030+0000] {logging_mixin.py:188} INFO - [2026-01-28T15:42:20.030+0000] {dag.py:3823} INFO - Setting next_dagrun for spark_sgp4_streaming to None, run_after=None
[2026-01-28T15:42:20.054+0000] {processor.py:183} INFO - Processing /opt/airflow/dags/airflow_dag_spark_streaming.py took 0.155 seconds
[2026-01-28T15:42:50.219+0000] {processor.py:161} INFO - Started process (PID=6790) to work on /opt/airflow/dags/airflow_dag_spark_streaming.py
[2026-01-28T15:42:50.222+0000] {processor.py:830} INFO - Processing file /opt/airflow/dags/airflow_dag_spark_streaming.py for tasks to queue
[2026-01-28T15:42:50.224+0000] {logging_mixin.py:188} INFO - [2026-01-28T15:42:50.222+0000] {dagbag.py:538} INFO - Filling up the DagBag from /opt/airflow/dags/airflow_dag_spark_streaming.py
[2026-01-28T15:42:50.256+0000] {processor.py:840} INFO - DAG(s) 'spark_sgp4_streaming' retrieved from /opt/airflow/dags/airflow_dag_spark_streaming.py
[2026-01-28T15:42:50.309+0000] {logging_mixin.py:188} INFO - [2026-01-28T15:42:50.308+0000] {dag.py:3036} INFO - Sync 1 DAGs
[2026-01-28T15:42:50.331+0000] {logging_mixin.py:188} INFO - [2026-01-28T15:42:50.331+0000] {dag.py:3823} INFO - Setting next_dagrun for spark_sgp4_streaming to None, run_after=None
[2026-01-28T15:42:50.351+0000] {processor.py:183} INFO - Processing /opt/airflow/dags/airflow_dag_spark_streaming.py took 0.143 seconds
[2026-01-28T15:43:20.508+0000] {processor.py:161} INFO - Started process (PID=6800) to work on /opt/airflow/dags/airflow_dag_spark_streaming.py
[2026-01-28T15:43:20.512+0000] {processor.py:830} INFO - Processing file /opt/airflow/dags/airflow_dag_spark_streaming.py for tasks to queue
[2026-01-28T15:43:20.513+0000] {logging_mixin.py:188} INFO - [2026-01-28T15:43:20.513+0000] {dagbag.py:538} INFO - Filling up the DagBag from /opt/airflow/dags/airflow_dag_spark_streaming.py
[2026-01-28T15:43:20.554+0000] {processor.py:840} INFO - DAG(s) 'spark_sgp4_streaming' retrieved from /opt/airflow/dags/airflow_dag_spark_streaming.py
[2026-01-28T15:43:20.623+0000] {logging_mixin.py:188} INFO - [2026-01-28T15:43:20.622+0000] {dag.py:3036} INFO - Sync 1 DAGs
[2026-01-28T15:43:20.650+0000] {logging_mixin.py:188} INFO - [2026-01-28T15:43:20.650+0000] {dag.py:3823} INFO - Setting next_dagrun for spark_sgp4_streaming to None, run_after=None
[2026-01-28T15:43:20.676+0000] {processor.py:183} INFO - Processing /opt/airflow/dags/airflow_dag_spark_streaming.py took 0.180 seconds
[2026-01-28T15:43:50.825+0000] {processor.py:161} INFO - Started process (PID=6810) to work on /opt/airflow/dags/airflow_dag_spark_streaming.py
[2026-01-28T15:43:50.827+0000] {processor.py:830} INFO - Processing file /opt/airflow/dags/airflow_dag_spark_streaming.py for tasks to queue
[2026-01-28T15:43:50.830+0000] {logging_mixin.py:188} INFO - [2026-01-28T15:43:50.828+0000] {dagbag.py:538} INFO - Filling up the DagBag from /opt/airflow/dags/airflow_dag_spark_streaming.py
[2026-01-28T15:43:50.864+0000] {processor.py:840} INFO - DAG(s) 'spark_sgp4_streaming' retrieved from /opt/airflow/dags/airflow_dag_spark_streaming.py
[2026-01-28T15:43:50.930+0000] {logging_mixin.py:188} INFO - [2026-01-28T15:43:50.930+0000] {dag.py:3036} INFO - Sync 1 DAGs
[2026-01-28T15:43:50.964+0000] {logging_mixin.py:188} INFO - [2026-01-28T15:43:50.963+0000] {dag.py:3823} INFO - Setting next_dagrun for spark_sgp4_streaming to None, run_after=None
[2026-01-28T15:43:51.000+0000] {processor.py:183} INFO - Processing /opt/airflow/dags/airflow_dag_spark_streaming.py took 0.186 seconds
[2026-01-28T15:44:21.145+0000] {processor.py:161} INFO - Started process (PID=6820) to work on /opt/airflow/dags/airflow_dag_spark_streaming.py
[2026-01-28T15:44:21.147+0000] {processor.py:830} INFO - Processing file /opt/airflow/dags/airflow_dag_spark_streaming.py for tasks to queue
[2026-01-28T15:44:21.149+0000] {logging_mixin.py:188} INFO - [2026-01-28T15:44:21.148+0000] {dagbag.py:538} INFO - Filling up the DagBag from /opt/airflow/dags/airflow_dag_spark_streaming.py
[2026-01-28T15:44:21.178+0000] {processor.py:840} INFO - DAG(s) 'spark_sgp4_streaming' retrieved from /opt/airflow/dags/airflow_dag_spark_streaming.py
[2026-01-28T15:44:21.243+0000] {logging_mixin.py:188} INFO - [2026-01-28T15:44:21.243+0000] {dag.py:3036} INFO - Sync 1 DAGs
[2026-01-28T15:44:21.265+0000] {logging_mixin.py:188} INFO - [2026-01-28T15:44:21.265+0000] {dag.py:3823} INFO - Setting next_dagrun for spark_sgp4_streaming to None, run_after=None
[2026-01-28T15:44:21.285+0000] {processor.py:183} INFO - Processing /opt/airflow/dags/airflow_dag_spark_streaming.py took 0.147 seconds
[2026-01-28T15:44:51.448+0000] {processor.py:161} INFO - Started process (PID=6830) to work on /opt/airflow/dags/airflow_dag_spark_streaming.py
[2026-01-28T15:44:51.449+0000] {processor.py:830} INFO - Processing file /opt/airflow/dags/airflow_dag_spark_streaming.py for tasks to queue
[2026-01-28T15:44:51.451+0000] {logging_mixin.py:188} INFO - [2026-01-28T15:44:51.450+0000] {dagbag.py:538} INFO - Filling up the DagBag from /opt/airflow/dags/airflow_dag_spark_streaming.py
[2026-01-28T15:44:51.492+0000] {processor.py:840} INFO - DAG(s) 'spark_sgp4_streaming' retrieved from /opt/airflow/dags/airflow_dag_spark_streaming.py
[2026-01-28T15:44:51.561+0000] {logging_mixin.py:188} INFO - [2026-01-28T15:44:51.561+0000] {dag.py:3036} INFO - Sync 1 DAGs
[2026-01-28T15:44:51.585+0000] {logging_mixin.py:188} INFO - [2026-01-28T15:44:51.585+0000] {dag.py:3823} INFO - Setting next_dagrun for spark_sgp4_streaming to None, run_after=None
[2026-01-28T15:44:51.610+0000] {processor.py:183} INFO - Processing /opt/airflow/dags/airflow_dag_spark_streaming.py took 0.174 seconds
[2026-01-28T15:45:21.776+0000] {processor.py:161} INFO - Started process (PID=6840) to work on /opt/airflow/dags/airflow_dag_spark_streaming.py
[2026-01-28T15:45:21.777+0000] {processor.py:830} INFO - Processing file /opt/airflow/dags/airflow_dag_spark_streaming.py for tasks to queue
[2026-01-28T15:45:21.779+0000] {logging_mixin.py:188} INFO - [2026-01-28T15:45:21.778+0000] {dagbag.py:538} INFO - Filling up the DagBag from /opt/airflow/dags/airflow_dag_spark_streaming.py
[2026-01-28T15:45:21.811+0000] {processor.py:840} INFO - DAG(s) 'spark_sgp4_streaming' retrieved from /opt/airflow/dags/airflow_dag_spark_streaming.py
[2026-01-28T15:45:21.858+0000] {logging_mixin.py:188} INFO - [2026-01-28T15:45:21.858+0000] {dag.py:3036} INFO - Sync 1 DAGs
[2026-01-28T15:45:21.877+0000] {logging_mixin.py:188} INFO - [2026-01-28T15:45:21.877+0000] {dag.py:3823} INFO - Setting next_dagrun for spark_sgp4_streaming to None, run_after=None
[2026-01-28T15:45:21.898+0000] {processor.py:183} INFO - Processing /opt/airflow/dags/airflow_dag_spark_streaming.py took 0.133 seconds
[2026-01-28T15:45:52.067+0000] {processor.py:161} INFO - Started process (PID=6850) to work on /opt/airflow/dags/airflow_dag_spark_streaming.py
[2026-01-28T15:45:52.069+0000] {processor.py:830} INFO - Processing file /opt/airflow/dags/airflow_dag_spark_streaming.py for tasks to queue
[2026-01-28T15:45:52.072+0000] {logging_mixin.py:188} INFO - [2026-01-28T15:45:52.071+0000] {dagbag.py:538} INFO - Filling up the DagBag from /opt/airflow/dags/airflow_dag_spark_streaming.py
[2026-01-28T15:45:52.107+0000] {processor.py:840} INFO - DAG(s) 'spark_sgp4_streaming' retrieved from /opt/airflow/dags/airflow_dag_spark_streaming.py
[2026-01-28T15:45:52.182+0000] {logging_mixin.py:188} INFO - [2026-01-28T15:45:52.182+0000] {dag.py:3036} INFO - Sync 1 DAGs
[2026-01-28T15:45:52.207+0000] {logging_mixin.py:188} INFO - [2026-01-28T15:45:52.207+0000] {dag.py:3823} INFO - Setting next_dagrun for spark_sgp4_streaming to None, run_after=None
[2026-01-28T15:45:52.233+0000] {processor.py:183} INFO - Processing /opt/airflow/dags/airflow_dag_spark_streaming.py took 0.177 seconds
[2026-01-28T15:46:22.408+0000] {processor.py:161} INFO - Started process (PID=6860) to work on /opt/airflow/dags/airflow_dag_spark_streaming.py
[2026-01-28T15:46:22.411+0000] {processor.py:830} INFO - Processing file /opt/airflow/dags/airflow_dag_spark_streaming.py for tasks to queue
[2026-01-28T15:46:22.413+0000] {logging_mixin.py:188} INFO - [2026-01-28T15:46:22.412+0000] {dagbag.py:538} INFO - Filling up the DagBag from /opt/airflow/dags/airflow_dag_spark_streaming.py
[2026-01-28T15:46:22.451+0000] {processor.py:840} INFO - DAG(s) 'spark_sgp4_streaming' retrieved from /opt/airflow/dags/airflow_dag_spark_streaming.py
[2026-01-28T15:46:22.518+0000] {logging_mixin.py:188} INFO - [2026-01-28T15:46:22.518+0000] {dag.py:3036} INFO - Sync 1 DAGs
[2026-01-28T15:46:22.544+0000] {logging_mixin.py:188} INFO - [2026-01-28T15:46:22.544+0000] {dag.py:3823} INFO - Setting next_dagrun for spark_sgp4_streaming to None, run_after=None
[2026-01-28T15:46:22.570+0000] {processor.py:183} INFO - Processing /opt/airflow/dags/airflow_dag_spark_streaming.py took 0.176 seconds
[2026-01-28T15:46:52.743+0000] {processor.py:161} INFO - Started process (PID=6870) to work on /opt/airflow/dags/airflow_dag_spark_streaming.py
[2026-01-28T15:46:52.746+0000] {processor.py:830} INFO - Processing file /opt/airflow/dags/airflow_dag_spark_streaming.py for tasks to queue
[2026-01-28T15:46:52.747+0000] {logging_mixin.py:188} INFO - [2026-01-28T15:46:52.746+0000] {dagbag.py:538} INFO - Filling up the DagBag from /opt/airflow/dags/airflow_dag_spark_streaming.py
[2026-01-28T15:46:52.767+0000] {processor.py:840} INFO - DAG(s) 'spark_sgp4_streaming' retrieved from /opt/airflow/dags/airflow_dag_spark_streaming.py
[2026-01-28T15:46:52.810+0000] {logging_mixin.py:188} INFO - [2026-01-28T15:46:52.810+0000] {dag.py:3036} INFO - Sync 1 DAGs
[2026-01-28T15:46:52.827+0000] {logging_mixin.py:188} INFO - [2026-01-28T15:46:52.826+0000] {dag.py:3823} INFO - Setting next_dagrun for spark_sgp4_streaming to None, run_after=None
[2026-01-28T15:46:52.849+0000] {processor.py:183} INFO - Processing /opt/airflow/dags/airflow_dag_spark_streaming.py took 0.114 seconds
[2026-01-28T15:47:23.023+0000] {processor.py:161} INFO - Started process (PID=6880) to work on /opt/airflow/dags/airflow_dag_spark_streaming.py
[2026-01-28T15:47:23.023+0000] {processor.py:830} INFO - Processing file /opt/airflow/dags/airflow_dag_spark_streaming.py for tasks to queue
[2026-01-28T15:47:23.024+0000] {logging_mixin.py:188} INFO - [2026-01-28T15:47:23.024+0000] {dagbag.py:538} INFO - Filling up the DagBag from /opt/airflow/dags/airflow_dag_spark_streaming.py
[2026-01-28T15:47:23.059+0000] {processor.py:840} INFO - DAG(s) 'spark_sgp4_streaming' retrieved from /opt/airflow/dags/airflow_dag_spark_streaming.py
[2026-01-28T15:47:23.128+0000] {logging_mixin.py:188} INFO - [2026-01-28T15:47:23.128+0000] {dag.py:3036} INFO - Sync 1 DAGs
[2026-01-28T15:47:23.151+0000] {logging_mixin.py:188} INFO - [2026-01-28T15:47:23.151+0000] {dag.py:3823} INFO - Setting next_dagrun for spark_sgp4_streaming to None, run_after=None
[2026-01-28T15:47:23.177+0000] {processor.py:183} INFO - Processing /opt/airflow/dags/airflow_dag_spark_streaming.py took 0.168 seconds
[2026-01-28T15:47:53.337+0000] {processor.py:161} INFO - Started process (PID=6890) to work on /opt/airflow/dags/airflow_dag_spark_streaming.py
[2026-01-28T15:47:53.339+0000] {processor.py:830} INFO - Processing file /opt/airflow/dags/airflow_dag_spark_streaming.py for tasks to queue
[2026-01-28T15:47:53.339+0000] {logging_mixin.py:188} INFO - [2026-01-28T15:47:53.339+0000] {dagbag.py:538} INFO - Filling up the DagBag from /opt/airflow/dags/airflow_dag_spark_streaming.py
[2026-01-28T15:47:53.362+0000] {processor.py:840} INFO - DAG(s) 'spark_sgp4_streaming' retrieved from /opt/airflow/dags/airflow_dag_spark_streaming.py
[2026-01-28T15:47:53.411+0000] {logging_mixin.py:188} INFO - [2026-01-28T15:47:53.411+0000] {dag.py:3036} INFO - Sync 1 DAGs
[2026-01-28T15:47:53.435+0000] {logging_mixin.py:188} INFO - [2026-01-28T15:47:53.434+0000] {dag.py:3823} INFO - Setting next_dagrun for spark_sgp4_streaming to None, run_after=None
[2026-01-28T15:47:53.461+0000] {processor.py:183} INFO - Processing /opt/airflow/dags/airflow_dag_spark_streaming.py took 0.135 seconds
[2026-01-28T15:48:23.613+0000] {processor.py:161} INFO - Started process (PID=6900) to work on /opt/airflow/dags/airflow_dag_spark_streaming.py
[2026-01-28T15:48:23.614+0000] {processor.py:830} INFO - Processing file /opt/airflow/dags/airflow_dag_spark_streaming.py for tasks to queue
[2026-01-28T15:48:23.616+0000] {logging_mixin.py:188} INFO - [2026-01-28T15:48:23.615+0000] {dagbag.py:538} INFO - Filling up the DagBag from /opt/airflow/dags/airflow_dag_spark_streaming.py
[2026-01-28T15:48:23.649+0000] {processor.py:840} INFO - DAG(s) 'spark_sgp4_streaming' retrieved from /opt/airflow/dags/airflow_dag_spark_streaming.py
[2026-01-28T15:48:23.710+0000] {logging_mixin.py:188} INFO - [2026-01-28T15:48:23.709+0000] {dag.py:3036} INFO - Sync 1 DAGs
[2026-01-28T15:48:23.735+0000] {logging_mixin.py:188} INFO - [2026-01-28T15:48:23.735+0000] {dag.py:3823} INFO - Setting next_dagrun for spark_sgp4_streaming to None, run_after=None
[2026-01-28T15:48:23.758+0000] {processor.py:183} INFO - Processing /opt/airflow/dags/airflow_dag_spark_streaming.py took 0.155 seconds
[2026-01-28T15:48:53.931+0000] {processor.py:161} INFO - Started process (PID=6910) to work on /opt/airflow/dags/airflow_dag_spark_streaming.py
[2026-01-28T15:48:53.934+0000] {processor.py:830} INFO - Processing file /opt/airflow/dags/airflow_dag_spark_streaming.py for tasks to queue
[2026-01-28T15:48:53.937+0000] {logging_mixin.py:188} INFO - [2026-01-28T15:48:53.936+0000] {dagbag.py:538} INFO - Filling up the DagBag from /opt/airflow/dags/airflow_dag_spark_streaming.py
[2026-01-28T15:48:53.981+0000] {processor.py:840} INFO - DAG(s) 'spark_sgp4_streaming' retrieved from /opt/airflow/dags/airflow_dag_spark_streaming.py
[2026-01-28T15:48:54.051+0000] {logging_mixin.py:188} INFO - [2026-01-28T15:48:54.050+0000] {dag.py:3036} INFO - Sync 1 DAGs
[2026-01-28T15:48:54.078+0000] {logging_mixin.py:188} INFO - [2026-01-28T15:48:54.078+0000] {dag.py:3823} INFO - Setting next_dagrun for spark_sgp4_streaming to None, run_after=None
[2026-01-28T15:48:54.103+0000] {processor.py:183} INFO - Processing /opt/airflow/dags/airflow_dag_spark_streaming.py took 0.182 seconds
[2026-01-28T15:49:24.252+0000] {processor.py:161} INFO - Started process (PID=6920) to work on /opt/airflow/dags/airflow_dag_spark_streaming.py
[2026-01-28T15:49:24.253+0000] {processor.py:830} INFO - Processing file /opt/airflow/dags/airflow_dag_spark_streaming.py for tasks to queue
[2026-01-28T15:49:24.255+0000] {logging_mixin.py:188} INFO - [2026-01-28T15:49:24.254+0000] {dagbag.py:538} INFO - Filling up the DagBag from /opt/airflow/dags/airflow_dag_spark_streaming.py
[2026-01-28T15:49:24.291+0000] {processor.py:840} INFO - DAG(s) 'spark_sgp4_streaming' retrieved from /opt/airflow/dags/airflow_dag_spark_streaming.py
[2026-01-28T15:49:24.338+0000] {logging_mixin.py:188} INFO - [2026-01-28T15:49:24.338+0000] {dag.py:3036} INFO - Sync 1 DAGs
[2026-01-28T15:49:24.356+0000] {logging_mixin.py:188} INFO - [2026-01-28T15:49:24.355+0000] {dag.py:3823} INFO - Setting next_dagrun for spark_sgp4_streaming to None, run_after=None
[2026-01-28T15:49:24.377+0000] {processor.py:183} INFO - Processing /opt/airflow/dags/airflow_dag_spark_streaming.py took 0.135 seconds
[2026-01-28T15:49:54.548+0000] {processor.py:161} INFO - Started process (PID=6930) to work on /opt/airflow/dags/airflow_dag_spark_streaming.py
[2026-01-28T15:49:54.551+0000] {processor.py:830} INFO - Processing file /opt/airflow/dags/airflow_dag_spark_streaming.py for tasks to queue
[2026-01-28T15:49:54.554+0000] {logging_mixin.py:188} INFO - [2026-01-28T15:49:54.552+0000] {dagbag.py:538} INFO - Filling up the DagBag from /opt/airflow/dags/airflow_dag_spark_streaming.py
[2026-01-28T15:49:54.588+0000] {processor.py:840} INFO - DAG(s) 'spark_sgp4_streaming' retrieved from /opt/airflow/dags/airflow_dag_spark_streaming.py
[2026-01-28T15:49:54.657+0000] {logging_mixin.py:188} INFO - [2026-01-28T15:49:54.656+0000] {dag.py:3036} INFO - Sync 1 DAGs
[2026-01-28T15:49:54.686+0000] {logging_mixin.py:188} INFO - [2026-01-28T15:49:54.685+0000] {dag.py:3823} INFO - Setting next_dagrun for spark_sgp4_streaming to None, run_after=None
[2026-01-28T15:49:54.714+0000] {processor.py:183} INFO - Processing /opt/airflow/dags/airflow_dag_spark_streaming.py took 0.180 seconds
[2026-01-28T15:50:24.866+0000] {processor.py:161} INFO - Started process (PID=6940) to work on /opt/airflow/dags/airflow_dag_spark_streaming.py
[2026-01-28T15:50:24.867+0000] {processor.py:830} INFO - Processing file /opt/airflow/dags/airflow_dag_spark_streaming.py for tasks to queue
[2026-01-28T15:50:24.869+0000] {logging_mixin.py:188} INFO - [2026-01-28T15:50:24.868+0000] {dagbag.py:538} INFO - Filling up the DagBag from /opt/airflow/dags/airflow_dag_spark_streaming.py
[2026-01-28T15:50:24.903+0000] {processor.py:840} INFO - DAG(s) 'spark_sgp4_streaming' retrieved from /opt/airflow/dags/airflow_dag_spark_streaming.py
[2026-01-28T15:50:24.946+0000] {logging_mixin.py:188} INFO - [2026-01-28T15:50:24.945+0000] {dag.py:3036} INFO - Sync 1 DAGs
[2026-01-28T15:50:24.963+0000] {logging_mixin.py:188} INFO - [2026-01-28T15:50:24.963+0000] {dag.py:3823} INFO - Setting next_dagrun for spark_sgp4_streaming to None, run_after=None
[2026-01-28T15:50:24.986+0000] {processor.py:183} INFO - Processing /opt/airflow/dags/airflow_dag_spark_streaming.py took 0.127 seconds
[2026-01-28T15:50:55.158+0000] {processor.py:161} INFO - Started process (PID=6950) to work on /opt/airflow/dags/airflow_dag_spark_streaming.py
[2026-01-28T15:50:55.158+0000] {processor.py:830} INFO - Processing file /opt/airflow/dags/airflow_dag_spark_streaming.py for tasks to queue
[2026-01-28T15:50:55.161+0000] {logging_mixin.py:188} INFO - [2026-01-28T15:50:55.160+0000] {dagbag.py:538} INFO - Filling up the DagBag from /opt/airflow/dags/airflow_dag_spark_streaming.py
[2026-01-28T15:50:55.192+0000] {processor.py:840} INFO - DAG(s) 'spark_sgp4_streaming' retrieved from /opt/airflow/dags/airflow_dag_spark_streaming.py
[2026-01-28T15:50:55.264+0000] {logging_mixin.py:188} INFO - [2026-01-28T15:50:55.264+0000] {dag.py:3036} INFO - Sync 1 DAGs
[2026-01-28T15:50:55.290+0000] {logging_mixin.py:188} INFO - [2026-01-28T15:50:55.290+0000] {dag.py:3823} INFO - Setting next_dagrun for spark_sgp4_streaming to None, run_after=None
[2026-01-28T15:50:55.320+0000] {processor.py:183} INFO - Processing /opt/airflow/dags/airflow_dag_spark_streaming.py took 0.174 seconds
[2026-01-28T15:51:25.469+0000] {processor.py:161} INFO - Started process (PID=6960) to work on /opt/airflow/dags/airflow_dag_spark_streaming.py
[2026-01-28T15:51:25.470+0000] {processor.py:830} INFO - Processing file /opt/airflow/dags/airflow_dag_spark_streaming.py for tasks to queue
[2026-01-28T15:51:25.473+0000] {logging_mixin.py:188} INFO - [2026-01-28T15:51:25.472+0000] {dagbag.py:538} INFO - Filling up the DagBag from /opt/airflow/dags/airflow_dag_spark_streaming.py
[2026-01-28T15:51:25.510+0000] {processor.py:840} INFO - DAG(s) 'spark_sgp4_streaming' retrieved from /opt/airflow/dags/airflow_dag_spark_streaming.py
[2026-01-28T15:51:25.571+0000] {logging_mixin.py:188} INFO - [2026-01-28T15:51:25.571+0000] {dag.py:3036} INFO - Sync 1 DAGs
[2026-01-28T15:51:25.595+0000] {logging_mixin.py:188} INFO - [2026-01-28T15:51:25.595+0000] {dag.py:3823} INFO - Setting next_dagrun for spark_sgp4_streaming to None, run_after=None
[2026-01-28T15:51:25.623+0000] {processor.py:183} INFO - Processing /opt/airflow/dags/airflow_dag_spark_streaming.py took 0.165 seconds
[2026-01-28T15:51:55.795+0000] {processor.py:161} INFO - Started process (PID=6970) to work on /opt/airflow/dags/airflow_dag_spark_streaming.py
[2026-01-28T15:51:55.797+0000] {processor.py:830} INFO - Processing file /opt/airflow/dags/airflow_dag_spark_streaming.py for tasks to queue
[2026-01-28T15:51:55.799+0000] {logging_mixin.py:188} INFO - [2026-01-28T15:51:55.798+0000] {dagbag.py:538} INFO - Filling up the DagBag from /opt/airflow/dags/airflow_dag_spark_streaming.py
[2026-01-28T15:51:55.833+0000] {processor.py:840} INFO - DAG(s) 'spark_sgp4_streaming' retrieved from /opt/airflow/dags/airflow_dag_spark_streaming.py
[2026-01-28T15:51:55.899+0000] {logging_mixin.py:188} INFO - [2026-01-28T15:51:55.899+0000] {dag.py:3036} INFO - Sync 1 DAGs
[2026-01-28T15:51:55.923+0000] {logging_mixin.py:188} INFO - [2026-01-28T15:51:55.923+0000] {dag.py:3823} INFO - Setting next_dagrun for spark_sgp4_streaming to None, run_after=None
[2026-01-28T15:51:55.949+0000] {processor.py:183} INFO - Processing /opt/airflow/dags/airflow_dag_spark_streaming.py took 0.167 seconds
[2026-01-28T15:52:26.135+0000] {processor.py:161} INFO - Started process (PID=6980) to work on /opt/airflow/dags/airflow_dag_spark_streaming.py
[2026-01-28T15:52:26.137+0000] {processor.py:830} INFO - Processing file /opt/airflow/dags/airflow_dag_spark_streaming.py for tasks to queue
[2026-01-28T15:52:26.138+0000] {logging_mixin.py:188} INFO - [2026-01-28T15:52:26.138+0000] {dagbag.py:538} INFO - Filling up the DagBag from /opt/airflow/dags/airflow_dag_spark_streaming.py
[2026-01-28T15:52:26.173+0000] {processor.py:840} INFO - DAG(s) 'spark_sgp4_streaming' retrieved from /opt/airflow/dags/airflow_dag_spark_streaming.py
[2026-01-28T15:52:26.240+0000] {logging_mixin.py:188} INFO - [2026-01-28T15:52:26.239+0000] {dag.py:3036} INFO - Sync 1 DAGs
[2026-01-28T15:52:26.262+0000] {logging_mixin.py:188} INFO - [2026-01-28T15:52:26.262+0000] {dag.py:3823} INFO - Setting next_dagrun for spark_sgp4_streaming to None, run_after=None
[2026-01-28T15:52:26.295+0000] {processor.py:183} INFO - Processing /opt/airflow/dags/airflow_dag_spark_streaming.py took 0.173 seconds
[2026-01-28T15:52:56.454+0000] {processor.py:161} INFO - Started process (PID=6990) to work on /opt/airflow/dags/airflow_dag_spark_streaming.py
[2026-01-28T15:52:56.455+0000] {processor.py:830} INFO - Processing file /opt/airflow/dags/airflow_dag_spark_streaming.py for tasks to queue
[2026-01-28T15:52:56.458+0000] {logging_mixin.py:188} INFO - [2026-01-28T15:52:56.457+0000] {dagbag.py:538} INFO - Filling up the DagBag from /opt/airflow/dags/airflow_dag_spark_streaming.py
[2026-01-28T15:52:56.490+0000] {processor.py:840} INFO - DAG(s) 'spark_sgp4_streaming' retrieved from /opt/airflow/dags/airflow_dag_spark_streaming.py
[2026-01-28T15:52:56.555+0000] {logging_mixin.py:188} INFO - [2026-01-28T15:52:56.554+0000] {dag.py:3036} INFO - Sync 1 DAGs
[2026-01-28T15:52:56.571+0000] {logging_mixin.py:188} INFO - [2026-01-28T15:52:56.571+0000] {dag.py:3823} INFO - Setting next_dagrun for spark_sgp4_streaming to None, run_after=None
[2026-01-28T15:52:56.597+0000] {processor.py:183} INFO - Processing /opt/airflow/dags/airflow_dag_spark_streaming.py took 0.159 seconds
[2026-01-28T15:53:26.748+0000] {processor.py:161} INFO - Started process (PID=7000) to work on /opt/airflow/dags/airflow_dag_spark_streaming.py
[2026-01-28T15:53:26.750+0000] {processor.py:830} INFO - Processing file /opt/airflow/dags/airflow_dag_spark_streaming.py for tasks to queue
[2026-01-28T15:53:26.752+0000] {logging_mixin.py:188} INFO - [2026-01-28T15:53:26.751+0000] {dagbag.py:538} INFO - Filling up the DagBag from /opt/airflow/dags/airflow_dag_spark_streaming.py
[2026-01-28T15:53:26.770+0000] {processor.py:840} INFO - DAG(s) 'spark_sgp4_streaming' retrieved from /opt/airflow/dags/airflow_dag_spark_streaming.py
[2026-01-28T15:53:26.815+0000] {logging_mixin.py:188} INFO - [2026-01-28T15:53:26.814+0000] {dag.py:3036} INFO - Sync 1 DAGs
[2026-01-28T15:53:26.838+0000] {logging_mixin.py:188} INFO - [2026-01-28T15:53:26.838+0000] {dag.py:3823} INFO - Setting next_dagrun for spark_sgp4_streaming to None, run_after=None
[2026-01-28T15:53:26.863+0000] {processor.py:183} INFO - Processing /opt/airflow/dags/airflow_dag_spark_streaming.py took 0.121 seconds
[2026-01-28T15:53:57.050+0000] {processor.py:161} INFO - Started process (PID=7010) to work on /opt/airflow/dags/airflow_dag_spark_streaming.py
[2026-01-28T15:53:57.051+0000] {processor.py:830} INFO - Processing file /opt/airflow/dags/airflow_dag_spark_streaming.py for tasks to queue
[2026-01-28T15:53:57.053+0000] {logging_mixin.py:188} INFO - [2026-01-28T15:53:57.052+0000] {dagbag.py:538} INFO - Filling up the DagBag from /opt/airflow/dags/airflow_dag_spark_streaming.py
[2026-01-28T15:53:57.097+0000] {processor.py:840} INFO - DAG(s) 'spark_sgp4_streaming' retrieved from /opt/airflow/dags/airflow_dag_spark_streaming.py
[2026-01-28T15:53:57.164+0000] {logging_mixin.py:188} INFO - [2026-01-28T15:53:57.164+0000] {dag.py:3036} INFO - Sync 1 DAGs
[2026-01-28T15:53:57.191+0000] {logging_mixin.py:188} INFO - [2026-01-28T15:53:57.191+0000] {dag.py:3823} INFO - Setting next_dagrun for spark_sgp4_streaming to None, run_after=None
[2026-01-28T15:53:57.222+0000] {processor.py:183} INFO - Processing /opt/airflow/dags/airflow_dag_spark_streaming.py took 0.186 seconds
[2026-01-28T15:54:27.378+0000] {processor.py:161} INFO - Started process (PID=7020) to work on /opt/airflow/dags/airflow_dag_spark_streaming.py
[2026-01-28T15:54:27.380+0000] {processor.py:830} INFO - Processing file /opt/airflow/dags/airflow_dag_spark_streaming.py for tasks to queue
[2026-01-28T15:54:27.382+0000] {logging_mixin.py:188} INFO - [2026-01-28T15:54:27.381+0000] {dagbag.py:538} INFO - Filling up the DagBag from /opt/airflow/dags/airflow_dag_spark_streaming.py
[2026-01-28T15:54:27.397+0000] {processor.py:840} INFO - DAG(s) 'spark_sgp4_streaming' retrieved from /opt/airflow/dags/airflow_dag_spark_streaming.py
[2026-01-28T15:54:27.438+0000] {logging_mixin.py:188} INFO - [2026-01-28T15:54:27.437+0000] {dag.py:3036} INFO - Sync 1 DAGs
[2026-01-28T15:54:27.452+0000] {logging_mixin.py:188} INFO - [2026-01-28T15:54:27.452+0000] {dag.py:3823} INFO - Setting next_dagrun for spark_sgp4_streaming to None, run_after=None
[2026-01-28T15:54:27.473+0000] {processor.py:183} INFO - Processing /opt/airflow/dags/airflow_dag_spark_streaming.py took 0.105 seconds
[2026-01-28T15:54:57.613+0000] {processor.py:161} INFO - Started process (PID=7030) to work on /opt/airflow/dags/airflow_dag_spark_streaming.py
[2026-01-28T15:54:57.615+0000] {processor.py:830} INFO - Processing file /opt/airflow/dags/airflow_dag_spark_streaming.py for tasks to queue
[2026-01-28T15:54:57.616+0000] {logging_mixin.py:188} INFO - [2026-01-28T15:54:57.615+0000] {dagbag.py:538} INFO - Filling up the DagBag from /opt/airflow/dags/airflow_dag_spark_streaming.py
[2026-01-28T15:54:57.648+0000] {processor.py:840} INFO - DAG(s) 'spark_sgp4_streaming' retrieved from /opt/airflow/dags/airflow_dag_spark_streaming.py
[2026-01-28T15:54:57.703+0000] {logging_mixin.py:188} INFO - [2026-01-28T15:54:57.703+0000] {dag.py:3036} INFO - Sync 1 DAGs
[2026-01-28T15:54:57.726+0000] {logging_mixin.py:188} INFO - [2026-01-28T15:54:57.725+0000] {dag.py:3823} INFO - Setting next_dagrun for spark_sgp4_streaming to None, run_after=None
[2026-01-28T15:54:57.750+0000] {processor.py:183} INFO - Processing /opt/airflow/dags/airflow_dag_spark_streaming.py took 0.141 seconds
[2026-01-28T15:55:27.892+0000] {processor.py:161} INFO - Started process (PID=7040) to work on /opt/airflow/dags/airflow_dag_spark_streaming.py
[2026-01-28T15:55:27.895+0000] {processor.py:830} INFO - Processing file /opt/airflow/dags/airflow_dag_spark_streaming.py for tasks to queue
[2026-01-28T15:55:27.896+0000] {logging_mixin.py:188} INFO - [2026-01-28T15:55:27.895+0000] {dagbag.py:538} INFO - Filling up the DagBag from /opt/airflow/dags/airflow_dag_spark_streaming.py
[2026-01-28T15:55:27.909+0000] {processor.py:840} INFO - DAG(s) 'spark_sgp4_streaming' retrieved from /opt/airflow/dags/airflow_dag_spark_streaming.py
[2026-01-28T15:55:27.940+0000] {logging_mixin.py:188} INFO - [2026-01-28T15:55:27.940+0000] {dag.py:3036} INFO - Sync 1 DAGs
[2026-01-28T15:55:27.954+0000] {logging_mixin.py:188} INFO - [2026-01-28T15:55:27.953+0000] {dag.py:3823} INFO - Setting next_dagrun for spark_sgp4_streaming to None, run_after=None
[2026-01-28T15:55:27.971+0000] {processor.py:183} INFO - Processing /opt/airflow/dags/airflow_dag_spark_streaming.py took 0.083 seconds
[2026-01-28T15:55:58.119+0000] {processor.py:161} INFO - Started process (PID=7050) to work on /opt/airflow/dags/airflow_dag_spark_streaming.py
[2026-01-28T15:55:58.122+0000] {processor.py:830} INFO - Processing file /opt/airflow/dags/airflow_dag_spark_streaming.py for tasks to queue
[2026-01-28T15:55:58.124+0000] {logging_mixin.py:188} INFO - [2026-01-28T15:55:58.123+0000] {dagbag.py:538} INFO - Filling up the DagBag from /opt/airflow/dags/airflow_dag_spark_streaming.py
[2026-01-28T15:55:58.142+0000] {processor.py:840} INFO - DAG(s) 'spark_sgp4_streaming' retrieved from /opt/airflow/dags/airflow_dag_spark_streaming.py
[2026-01-28T15:55:58.182+0000] {logging_mixin.py:188} INFO - [2026-01-28T15:55:58.181+0000] {dag.py:3036} INFO - Sync 1 DAGs
[2026-01-28T15:55:58.198+0000] {logging_mixin.py:188} INFO - [2026-01-28T15:55:58.198+0000] {dag.py:3823} INFO - Setting next_dagrun for spark_sgp4_streaming to None, run_after=None
[2026-01-28T15:55:58.219+0000] {processor.py:183} INFO - Processing /opt/airflow/dags/airflow_dag_spark_streaming.py took 0.110 seconds
[2026-01-28T15:56:28.371+0000] {processor.py:161} INFO - Started process (PID=7060) to work on /opt/airflow/dags/airflow_dag_spark_streaming.py
[2026-01-28T15:56:28.374+0000] {processor.py:830} INFO - Processing file /opt/airflow/dags/airflow_dag_spark_streaming.py for tasks to queue
[2026-01-28T15:56:28.375+0000] {logging_mixin.py:188} INFO - [2026-01-28T15:56:28.374+0000] {dagbag.py:538} INFO - Filling up the DagBag from /opt/airflow/dags/airflow_dag_spark_streaming.py
[2026-01-28T15:56:28.391+0000] {processor.py:840} INFO - DAG(s) 'spark_sgp4_streaming' retrieved from /opt/airflow/dags/airflow_dag_spark_streaming.py
[2026-01-28T15:56:28.427+0000] {logging_mixin.py:188} INFO - [2026-01-28T15:56:28.426+0000] {dag.py:3036} INFO - Sync 1 DAGs
[2026-01-28T15:56:28.446+0000] {logging_mixin.py:188} INFO - [2026-01-28T15:56:28.445+0000] {dag.py:3823} INFO - Setting next_dagrun for spark_sgp4_streaming to None, run_after=None
[2026-01-28T15:56:28.470+0000] {processor.py:183} INFO - Processing /opt/airflow/dags/airflow_dag_spark_streaming.py took 0.106 seconds
[2026-01-28T15:56:58.628+0000] {processor.py:161} INFO - Started process (PID=7070) to work on /opt/airflow/dags/airflow_dag_spark_streaming.py
[2026-01-28T15:56:58.630+0000] {processor.py:830} INFO - Processing file /opt/airflow/dags/airflow_dag_spark_streaming.py for tasks to queue
[2026-01-28T15:56:58.632+0000] {logging_mixin.py:188} INFO - [2026-01-28T15:56:58.631+0000] {dagbag.py:538} INFO - Filling up the DagBag from /opt/airflow/dags/airflow_dag_spark_streaming.py
[2026-01-28T15:56:58.648+0000] {processor.py:840} INFO - DAG(s) 'spark_sgp4_streaming' retrieved from /opt/airflow/dags/airflow_dag_spark_streaming.py
[2026-01-28T15:56:58.689+0000] {logging_mixin.py:188} INFO - [2026-01-28T15:56:58.689+0000] {dag.py:3036} INFO - Sync 1 DAGs
[2026-01-28T15:56:58.708+0000] {logging_mixin.py:188} INFO - [2026-01-28T15:56:58.708+0000] {dag.py:3823} INFO - Setting next_dagrun for spark_sgp4_streaming to None, run_after=None
[2026-01-28T15:56:58.732+0000] {processor.py:183} INFO - Processing /opt/airflow/dags/airflow_dag_spark_streaming.py took 0.109 seconds
[2026-01-28T15:57:28.897+0000] {processor.py:161} INFO - Started process (PID=7080) to work on /opt/airflow/dags/airflow_dag_spark_streaming.py
[2026-01-28T15:57:28.899+0000] {processor.py:830} INFO - Processing file /opt/airflow/dags/airflow_dag_spark_streaming.py for tasks to queue
[2026-01-28T15:57:28.900+0000] {logging_mixin.py:188} INFO - [2026-01-28T15:57:28.900+0000] {dagbag.py:538} INFO - Filling up the DagBag from /opt/airflow/dags/airflow_dag_spark_streaming.py
[2026-01-28T15:57:28.911+0000] {processor.py:840} INFO - DAG(s) 'spark_sgp4_streaming' retrieved from /opt/airflow/dags/airflow_dag_spark_streaming.py
[2026-01-28T15:57:28.943+0000] {logging_mixin.py:188} INFO - [2026-01-28T15:57:28.943+0000] {dag.py:3036} INFO - Sync 1 DAGs
[2026-01-28T15:57:28.958+0000] {logging_mixin.py:188} INFO - [2026-01-28T15:57:28.958+0000] {dag.py:3823} INFO - Setting next_dagrun for spark_sgp4_streaming to None, run_after=None
[2026-01-28T15:57:28.976+0000] {processor.py:183} INFO - Processing /opt/airflow/dags/airflow_dag_spark_streaming.py took 0.084 seconds
[2026-01-28T15:57:59.121+0000] {processor.py:161} INFO - Started process (PID=7090) to work on /opt/airflow/dags/airflow_dag_spark_streaming.py
[2026-01-28T15:57:59.125+0000] {processor.py:830} INFO - Processing file /opt/airflow/dags/airflow_dag_spark_streaming.py for tasks to queue
[2026-01-28T15:57:59.126+0000] {logging_mixin.py:188} INFO - [2026-01-28T15:57:59.125+0000] {dagbag.py:538} INFO - Filling up the DagBag from /opt/airflow/dags/airflow_dag_spark_streaming.py
[2026-01-28T15:57:59.143+0000] {processor.py:840} INFO - DAG(s) 'spark_sgp4_streaming' retrieved from /opt/airflow/dags/airflow_dag_spark_streaming.py
[2026-01-28T15:57:59.180+0000] {logging_mixin.py:188} INFO - [2026-01-28T15:57:59.179+0000] {dag.py:3036} INFO - Sync 1 DAGs
[2026-01-28T15:57:59.196+0000] {logging_mixin.py:188} INFO - [2026-01-28T15:57:59.196+0000] {dag.py:3823} INFO - Setting next_dagrun for spark_sgp4_streaming to None, run_after=None
[2026-01-28T15:57:59.218+0000] {processor.py:183} INFO - Processing /opt/airflow/dags/airflow_dag_spark_streaming.py took 0.103 seconds
[2026-01-28T15:58:29.364+0000] {processor.py:161} INFO - Started process (PID=7100) to work on /opt/airflow/dags/airflow_dag_spark_streaming.py
[2026-01-28T15:58:29.367+0000] {processor.py:830} INFO - Processing file /opt/airflow/dags/airflow_dag_spark_streaming.py for tasks to queue
[2026-01-28T15:58:29.369+0000] {logging_mixin.py:188} INFO - [2026-01-28T15:58:29.368+0000] {dagbag.py:538} INFO - Filling up the DagBag from /opt/airflow/dags/airflow_dag_spark_streaming.py
[2026-01-28T15:58:29.383+0000] {processor.py:840} INFO - DAG(s) 'spark_sgp4_streaming' retrieved from /opt/airflow/dags/airflow_dag_spark_streaming.py
[2026-01-28T15:58:29.433+0000] {logging_mixin.py:188} INFO - [2026-01-28T15:58:29.433+0000] {dag.py:3036} INFO - Sync 1 DAGs
[2026-01-28T15:58:29.452+0000] {logging_mixin.py:188} INFO - [2026-01-28T15:58:29.451+0000] {dag.py:3823} INFO - Setting next_dagrun for spark_sgp4_streaming to None, run_after=None
[2026-01-28T15:58:29.477+0000] {processor.py:183} INFO - Processing /opt/airflow/dags/airflow_dag_spark_streaming.py took 0.118 seconds
[2026-01-28T15:58:59.623+0000] {processor.py:161} INFO - Started process (PID=7110) to work on /opt/airflow/dags/airflow_dag_spark_streaming.py
[2026-01-28T15:58:59.624+0000] {processor.py:830} INFO - Processing file /opt/airflow/dags/airflow_dag_spark_streaming.py for tasks to queue
[2026-01-28T15:58:59.625+0000] {logging_mixin.py:188} INFO - [2026-01-28T15:58:59.624+0000] {dagbag.py:538} INFO - Filling up the DagBag from /opt/airflow/dags/airflow_dag_spark_streaming.py
[2026-01-28T15:58:59.659+0000] {processor.py:840} INFO - DAG(s) 'spark_sgp4_streaming' retrieved from /opt/airflow/dags/airflow_dag_spark_streaming.py
[2026-01-28T15:58:59.714+0000] {logging_mixin.py:188} INFO - [2026-01-28T15:58:59.714+0000] {dag.py:3036} INFO - Sync 1 DAGs
[2026-01-28T15:58:59.737+0000] {logging_mixin.py:188} INFO - [2026-01-28T15:58:59.736+0000] {dag.py:3823} INFO - Setting next_dagrun for spark_sgp4_streaming to None, run_after=None
[2026-01-28T15:58:59.765+0000] {processor.py:183} INFO - Processing /opt/airflow/dags/airflow_dag_spark_streaming.py took 0.146 seconds
[2026-01-28T15:59:29.903+0000] {processor.py:161} INFO - Started process (PID=7120) to work on /opt/airflow/dags/airflow_dag_spark_streaming.py
[2026-01-28T15:59:29.906+0000] {processor.py:830} INFO - Processing file /opt/airflow/dags/airflow_dag_spark_streaming.py for tasks to queue
[2026-01-28T15:59:29.907+0000] {logging_mixin.py:188} INFO - [2026-01-28T15:59:29.906+0000] {dagbag.py:538} INFO - Filling up the DagBag from /opt/airflow/dags/airflow_dag_spark_streaming.py
[2026-01-28T15:59:29.918+0000] {processor.py:840} INFO - DAG(s) 'spark_sgp4_streaming' retrieved from /opt/airflow/dags/airflow_dag_spark_streaming.py
[2026-01-28T15:59:29.947+0000] {logging_mixin.py:188} INFO - [2026-01-28T15:59:29.947+0000] {dag.py:3036} INFO - Sync 1 DAGs
[2026-01-28T15:59:29.960+0000] {logging_mixin.py:188} INFO - [2026-01-28T15:59:29.960+0000] {dag.py:3823} INFO - Setting next_dagrun for spark_sgp4_streaming to None, run_after=None
[2026-01-28T15:59:29.976+0000] {processor.py:183} INFO - Processing /opt/airflow/dags/airflow_dag_spark_streaming.py took 0.076 seconds
[2026-01-28T16:00:00.119+0000] {processor.py:161} INFO - Started process (PID=7130) to work on /opt/airflow/dags/airflow_dag_spark_streaming.py
[2026-01-28T16:00:00.122+0000] {processor.py:830} INFO - Processing file /opt/airflow/dags/airflow_dag_spark_streaming.py for tasks to queue
[2026-01-28T16:00:00.125+0000] {logging_mixin.py:188} INFO - [2026-01-28T16:00:00.124+0000] {dagbag.py:538} INFO - Filling up the DagBag from /opt/airflow/dags/airflow_dag_spark_streaming.py
[2026-01-28T16:00:00.141+0000] {processor.py:840} INFO - DAG(s) 'spark_sgp4_streaming' retrieved from /opt/airflow/dags/airflow_dag_spark_streaming.py
[2026-01-28T16:00:00.178+0000] {logging_mixin.py:188} INFO - [2026-01-28T16:00:00.177+0000] {dag.py:3036} INFO - Sync 1 DAGs
[2026-01-28T16:00:00.194+0000] {logging_mixin.py:188} INFO - [2026-01-28T16:00:00.194+0000] {dag.py:3823} INFO - Setting next_dagrun for spark_sgp4_streaming to None, run_after=None
[2026-01-28T16:00:00.216+0000] {processor.py:183} INFO - Processing /opt/airflow/dags/airflow_dag_spark_streaming.py took 0.107 seconds
[2026-01-28T16:00:30.352+0000] {processor.py:161} INFO - Started process (PID=7145) to work on /opt/airflow/dags/airflow_dag_spark_streaming.py
[2026-01-28T16:00:30.353+0000] {processor.py:830} INFO - Processing file /opt/airflow/dags/airflow_dag_spark_streaming.py for tasks to queue
[2026-01-28T16:00:30.355+0000] {logging_mixin.py:188} INFO - [2026-01-28T16:00:30.354+0000] {dagbag.py:538} INFO - Filling up the DagBag from /opt/airflow/dags/airflow_dag_spark_streaming.py
[2026-01-28T16:00:30.389+0000] {processor.py:840} INFO - DAG(s) 'spark_sgp4_streaming' retrieved from /opt/airflow/dags/airflow_dag_spark_streaming.py
[2026-01-28T16:00:30.457+0000] {logging_mixin.py:188} INFO - [2026-01-28T16:00:30.457+0000] {dag.py:3036} INFO - Sync 1 DAGs
[2026-01-28T16:00:30.480+0000] {logging_mixin.py:188} INFO - [2026-01-28T16:00:30.480+0000] {dag.py:3823} INFO - Setting next_dagrun for spark_sgp4_streaming to None, run_after=None
[2026-01-28T16:00:30.506+0000] {processor.py:183} INFO - Processing /opt/airflow/dags/airflow_dag_spark_streaming.py took 0.158 seconds
[2026-01-28T16:01:00.662+0000] {processor.py:161} INFO - Started process (PID=7155) to work on /opt/airflow/dags/airflow_dag_spark_streaming.py
[2026-01-28T16:01:00.663+0000] {processor.py:830} INFO - Processing file /opt/airflow/dags/airflow_dag_spark_streaming.py for tasks to queue
[2026-01-28T16:01:00.665+0000] {logging_mixin.py:188} INFO - [2026-01-28T16:01:00.664+0000] {dagbag.py:538} INFO - Filling up the DagBag from /opt/airflow/dags/airflow_dag_spark_streaming.py
[2026-01-28T16:01:00.684+0000] {processor.py:840} INFO - DAG(s) 'spark_sgp4_streaming' retrieved from /opt/airflow/dags/airflow_dag_spark_streaming.py
[2026-01-28T16:01:00.722+0000] {logging_mixin.py:188} INFO - [2026-01-28T16:01:00.722+0000] {dag.py:3036} INFO - Sync 1 DAGs
[2026-01-28T16:01:00.736+0000] {logging_mixin.py:188} INFO - [2026-01-28T16:01:00.736+0000] {dag.py:3823} INFO - Setting next_dagrun for spark_sgp4_streaming to None, run_after=None
[2026-01-28T16:01:00.753+0000] {processor.py:183} INFO - Processing /opt/airflow/dags/airflow_dag_spark_streaming.py took 0.101 seconds
[2026-01-28T16:01:30.900+0000] {processor.py:161} INFO - Started process (PID=7165) to work on /opt/airflow/dags/airflow_dag_spark_streaming.py
[2026-01-28T16:01:30.904+0000] {processor.py:830} INFO - Processing file /opt/airflow/dags/airflow_dag_spark_streaming.py for tasks to queue
[2026-01-28T16:01:30.906+0000] {logging_mixin.py:188} INFO - [2026-01-28T16:01:30.905+0000] {dagbag.py:538} INFO - Filling up the DagBag from /opt/airflow/dags/airflow_dag_spark_streaming.py
[2026-01-28T16:01:30.920+0000] {processor.py:840} INFO - DAG(s) 'spark_sgp4_streaming' retrieved from /opt/airflow/dags/airflow_dag_spark_streaming.py
[2026-01-28T16:01:30.957+0000] {logging_mixin.py:188} INFO - [2026-01-28T16:01:30.957+0000] {dag.py:3036} INFO - Sync 1 DAGs
[2026-01-28T16:01:30.974+0000] {logging_mixin.py:188} INFO - [2026-01-28T16:01:30.973+0000] {dag.py:3823} INFO - Setting next_dagrun for spark_sgp4_streaming to None, run_after=None
[2026-01-28T16:01:30.995+0000] {processor.py:183} INFO - Processing /opt/airflow/dags/airflow_dag_spark_streaming.py took 0.099 seconds
[2026-01-28T16:02:01.137+0000] {processor.py:161} INFO - Started process (PID=7175) to work on /opt/airflow/dags/airflow_dag_spark_streaming.py
[2026-01-28T16:02:01.139+0000] {processor.py:830} INFO - Processing file /opt/airflow/dags/airflow_dag_spark_streaming.py for tasks to queue
[2026-01-28T16:02:01.140+0000] {logging_mixin.py:188} INFO - [2026-01-28T16:02:01.140+0000] {dagbag.py:538} INFO - Filling up the DagBag from /opt/airflow/dags/airflow_dag_spark_streaming.py
[2026-01-28T16:02:01.150+0000] {processor.py:840} INFO - DAG(s) 'spark_sgp4_streaming' retrieved from /opt/airflow/dags/airflow_dag_spark_streaming.py
[2026-01-28T16:02:01.181+0000] {logging_mixin.py:188} INFO - [2026-01-28T16:02:01.181+0000] {dag.py:3036} INFO - Sync 1 DAGs
[2026-01-28T16:02:01.194+0000] {logging_mixin.py:188} INFO - [2026-01-28T16:02:01.194+0000] {dag.py:3823} INFO - Setting next_dagrun for spark_sgp4_streaming to None, run_after=None
[2026-01-28T16:02:01.213+0000] {processor.py:183} INFO - Processing /opt/airflow/dags/airflow_dag_spark_streaming.py took 0.079 seconds
[2026-01-28T16:02:31.377+0000] {processor.py:161} INFO - Started process (PID=7185) to work on /opt/airflow/dags/airflow_dag_spark_streaming.py
[2026-01-28T16:02:31.378+0000] {processor.py:830} INFO - Processing file /opt/airflow/dags/airflow_dag_spark_streaming.py for tasks to queue
[2026-01-28T16:02:31.379+0000] {logging_mixin.py:188} INFO - [2026-01-28T16:02:31.378+0000] {dagbag.py:538} INFO - Filling up the DagBag from /opt/airflow/dags/airflow_dag_spark_streaming.py
[2026-01-28T16:02:31.391+0000] {processor.py:840} INFO - DAG(s) 'spark_sgp4_streaming' retrieved from /opt/airflow/dags/airflow_dag_spark_streaming.py
[2026-01-28T16:02:31.420+0000] {logging_mixin.py:188} INFO - [2026-01-28T16:02:31.420+0000] {dag.py:3036} INFO - Sync 1 DAGs
[2026-01-28T16:02:31.434+0000] {logging_mixin.py:188} INFO - [2026-01-28T16:02:31.434+0000] {dag.py:3823} INFO - Setting next_dagrun for spark_sgp4_streaming to None, run_after=None
[2026-01-28T16:02:31.451+0000] {processor.py:183} INFO - Processing /opt/airflow/dags/airflow_dag_spark_streaming.py took 0.077 seconds
[2026-01-28T16:03:01.583+0000] {processor.py:161} INFO - Started process (PID=7195) to work on /opt/airflow/dags/airflow_dag_spark_streaming.py
[2026-01-28T16:03:01.584+0000] {processor.py:830} INFO - Processing file /opt/airflow/dags/airflow_dag_spark_streaming.py for tasks to queue
[2026-01-28T16:03:01.585+0000] {logging_mixin.py:188} INFO - [2026-01-28T16:03:01.584+0000] {dagbag.py:538} INFO - Filling up the DagBag from /opt/airflow/dags/airflow_dag_spark_streaming.py
[2026-01-28T16:03:01.598+0000] {processor.py:840} INFO - DAG(s) 'spark_sgp4_streaming' retrieved from /opt/airflow/dags/airflow_dag_spark_streaming.py
[2026-01-28T16:03:01.639+0000] {logging_mixin.py:188} INFO - [2026-01-28T16:03:01.639+0000] {dag.py:3036} INFO - Sync 1 DAGs
[2026-01-28T16:03:01.656+0000] {logging_mixin.py:188} INFO - [2026-01-28T16:03:01.656+0000] {dag.py:3823} INFO - Setting next_dagrun for spark_sgp4_streaming to None, run_after=None
[2026-01-28T16:03:01.681+0000] {processor.py:183} INFO - Processing /opt/airflow/dags/airflow_dag_spark_streaming.py took 0.101 seconds
[2026-01-28T16:03:31.826+0000] {processor.py:161} INFO - Started process (PID=7205) to work on /opt/airflow/dags/airflow_dag_spark_streaming.py
[2026-01-28T16:03:31.829+0000] {processor.py:830} INFO - Processing file /opt/airflow/dags/airflow_dag_spark_streaming.py for tasks to queue
[2026-01-28T16:03:31.832+0000] {logging_mixin.py:188} INFO - [2026-01-28T16:03:31.831+0000] {dagbag.py:538} INFO - Filling up the DagBag from /opt/airflow/dags/airflow_dag_spark_streaming.py
[2026-01-28T16:03:31.861+0000] {processor.py:840} INFO - DAG(s) 'spark_sgp4_streaming' retrieved from /opt/airflow/dags/airflow_dag_spark_streaming.py
[2026-01-28T16:03:31.913+0000] {logging_mixin.py:188} INFO - [2026-01-28T16:03:31.913+0000] {dag.py:3036} INFO - Sync 1 DAGs
[2026-01-28T16:03:31.936+0000] {logging_mixin.py:188} INFO - [2026-01-28T16:03:31.936+0000] {dag.py:3823} INFO - Setting next_dagrun for spark_sgp4_streaming to None, run_after=None
[2026-01-28T16:03:31.965+0000] {processor.py:183} INFO - Processing /opt/airflow/dags/airflow_dag_spark_streaming.py took 0.148 seconds
[2026-01-28T16:04:02.103+0000] {processor.py:161} INFO - Started process (PID=7215) to work on /opt/airflow/dags/airflow_dag_spark_streaming.py
[2026-01-28T16:04:02.104+0000] {processor.py:830} INFO - Processing file /opt/airflow/dags/airflow_dag_spark_streaming.py for tasks to queue
[2026-01-28T16:04:02.105+0000] {logging_mixin.py:188} INFO - [2026-01-28T16:04:02.105+0000] {dagbag.py:538} INFO - Filling up the DagBag from /opt/airflow/dags/airflow_dag_spark_streaming.py
[2026-01-28T16:04:02.125+0000] {processor.py:840} INFO - DAG(s) 'spark_sgp4_streaming' retrieved from /opt/airflow/dags/airflow_dag_spark_streaming.py
[2026-01-28T16:04:02.176+0000] {logging_mixin.py:188} INFO - [2026-01-28T16:04:02.175+0000] {dag.py:3036} INFO - Sync 1 DAGs
[2026-01-28T16:04:02.195+0000] {logging_mixin.py:188} INFO - [2026-01-28T16:04:02.194+0000] {dag.py:3823} INFO - Setting next_dagrun for spark_sgp4_streaming to None, run_after=None
[2026-01-28T16:04:02.216+0000] {processor.py:183} INFO - Processing /opt/airflow/dags/airflow_dag_spark_streaming.py took 0.117 seconds
[2026-01-28T16:04:32.366+0000] {processor.py:161} INFO - Started process (PID=7225) to work on /opt/airflow/dags/airflow_dag_spark_streaming.py
[2026-01-28T16:04:32.368+0000] {processor.py:830} INFO - Processing file /opt/airflow/dags/airflow_dag_spark_streaming.py for tasks to queue
[2026-01-28T16:04:32.370+0000] {logging_mixin.py:188} INFO - [2026-01-28T16:04:32.369+0000] {dagbag.py:538} INFO - Filling up the DagBag from /opt/airflow/dags/airflow_dag_spark_streaming.py
[2026-01-28T16:04:32.399+0000] {processor.py:840} INFO - DAG(s) 'spark_sgp4_streaming' retrieved from /opt/airflow/dags/airflow_dag_spark_streaming.py
[2026-01-28T16:04:32.456+0000] {logging_mixin.py:188} INFO - [2026-01-28T16:04:32.456+0000] {dag.py:3036} INFO - Sync 1 DAGs
[2026-01-28T16:04:32.479+0000] {logging_mixin.py:188} INFO - [2026-01-28T16:04:32.479+0000] {dag.py:3823} INFO - Setting next_dagrun for spark_sgp4_streaming to None, run_after=None
[2026-01-28T16:04:32.509+0000] {processor.py:183} INFO - Processing /opt/airflow/dags/airflow_dag_spark_streaming.py took 0.153 seconds
[2026-01-28T16:05:02.662+0000] {processor.py:161} INFO - Started process (PID=7235) to work on /opt/airflow/dags/airflow_dag_spark_streaming.py
[2026-01-28T16:05:02.663+0000] {processor.py:830} INFO - Processing file /opt/airflow/dags/airflow_dag_spark_streaming.py for tasks to queue
[2026-01-28T16:05:02.664+0000] {logging_mixin.py:188} INFO - [2026-01-28T16:05:02.664+0000] {dagbag.py:538} INFO - Filling up the DagBag from /opt/airflow/dags/airflow_dag_spark_streaming.py
[2026-01-28T16:05:02.690+0000] {processor.py:840} INFO - DAG(s) 'spark_sgp4_streaming' retrieved from /opt/airflow/dags/airflow_dag_spark_streaming.py
[2026-01-28T16:05:02.739+0000] {logging_mixin.py:188} INFO - [2026-01-28T16:05:02.739+0000] {dag.py:3036} INFO - Sync 1 DAGs
[2026-01-28T16:05:02.755+0000] {logging_mixin.py:188} INFO - [2026-01-28T16:05:02.754+0000] {dag.py:3823} INFO - Setting next_dagrun for spark_sgp4_streaming to None, run_after=None
[2026-01-28T16:05:02.777+0000] {processor.py:183} INFO - Processing /opt/airflow/dags/airflow_dag_spark_streaming.py took 0.121 seconds
[2026-01-28T16:05:32.925+0000] {processor.py:161} INFO - Started process (PID=7245) to work on /opt/airflow/dags/airflow_dag_spark_streaming.py
[2026-01-28T16:05:32.928+0000] {processor.py:830} INFO - Processing file /opt/airflow/dags/airflow_dag_spark_streaming.py for tasks to queue
[2026-01-28T16:05:32.931+0000] {logging_mixin.py:188} INFO - [2026-01-28T16:05:32.929+0000] {dagbag.py:538} INFO - Filling up the DagBag from /opt/airflow/dags/airflow_dag_spark_streaming.py
[2026-01-28T16:05:32.955+0000] {processor.py:840} INFO - DAG(s) 'spark_sgp4_streaming' retrieved from /opt/airflow/dags/airflow_dag_spark_streaming.py
[2026-01-28T16:05:33.004+0000] {logging_mixin.py:188} INFO - [2026-01-28T16:05:33.004+0000] {dag.py:3036} INFO - Sync 1 DAGs
[2026-01-28T16:05:33.027+0000] {logging_mixin.py:188} INFO - [2026-01-28T16:05:33.027+0000] {dag.py:3823} INFO - Setting next_dagrun for spark_sgp4_streaming to None, run_after=None
[2026-01-28T16:05:33.053+0000] {processor.py:183} INFO - Processing /opt/airflow/dags/airflow_dag_spark_streaming.py took 0.138 seconds
[2026-01-28T16:06:03.203+0000] {processor.py:161} INFO - Started process (PID=7255) to work on /opt/airflow/dags/airflow_dag_spark_streaming.py
[2026-01-28T16:06:03.207+0000] {processor.py:830} INFO - Processing file /opt/airflow/dags/airflow_dag_spark_streaming.py for tasks to queue
[2026-01-28T16:06:03.210+0000] {logging_mixin.py:188} INFO - [2026-01-28T16:06:03.208+0000] {dagbag.py:538} INFO - Filling up the DagBag from /opt/airflow/dags/airflow_dag_spark_streaming.py
[2026-01-28T16:06:03.239+0000] {processor.py:840} INFO - DAG(s) 'spark_sgp4_streaming' retrieved from /opt/airflow/dags/airflow_dag_spark_streaming.py
[2026-01-28T16:06:03.290+0000] {logging_mixin.py:188} INFO - [2026-01-28T16:06:03.289+0000] {dag.py:3036} INFO - Sync 1 DAGs
[2026-01-28T16:06:03.306+0000] {logging_mixin.py:188} INFO - [2026-01-28T16:06:03.306+0000] {dag.py:3823} INFO - Setting next_dagrun for spark_sgp4_streaming to None, run_after=None
[2026-01-28T16:06:03.329+0000] {processor.py:183} INFO - Processing /opt/airflow/dags/airflow_dag_spark_streaming.py took 0.135 seconds
[2026-01-28T16:06:33.502+0000] {processor.py:161} INFO - Started process (PID=7265) to work on /opt/airflow/dags/airflow_dag_spark_streaming.py
[2026-01-28T16:06:33.510+0000] {processor.py:830} INFO - Processing file /opt/airflow/dags/airflow_dag_spark_streaming.py for tasks to queue
[2026-01-28T16:06:33.513+0000] {logging_mixin.py:188} INFO - [2026-01-28T16:06:33.511+0000] {dagbag.py:538} INFO - Filling up the DagBag from /opt/airflow/dags/airflow_dag_spark_streaming.py
[2026-01-28T16:06:33.559+0000] {processor.py:840} INFO - DAG(s) 'spark_sgp4_streaming' retrieved from /opt/airflow/dags/airflow_dag_spark_streaming.py
[2026-01-28T16:06:33.624+0000] {logging_mixin.py:188} INFO - [2026-01-28T16:06:33.624+0000] {dag.py:3036} INFO - Sync 1 DAGs
[2026-01-28T16:06:33.650+0000] {logging_mixin.py:188} INFO - [2026-01-28T16:06:33.649+0000] {dag.py:3823} INFO - Setting next_dagrun for spark_sgp4_streaming to None, run_after=None
[2026-01-28T16:06:33.677+0000] {processor.py:183} INFO - Processing /opt/airflow/dags/airflow_dag_spark_streaming.py took 0.185 seconds
[2026-01-28T16:07:03.846+0000] {processor.py:161} INFO - Started process (PID=7275) to work on /opt/airflow/dags/airflow_dag_spark_streaming.py
[2026-01-28T16:07:03.847+0000] {processor.py:830} INFO - Processing file /opt/airflow/dags/airflow_dag_spark_streaming.py for tasks to queue
[2026-01-28T16:07:03.848+0000] {logging_mixin.py:188} INFO - [2026-01-28T16:07:03.848+0000] {dagbag.py:538} INFO - Filling up the DagBag from /opt/airflow/dags/airflow_dag_spark_streaming.py
[2026-01-28T16:07:03.871+0000] {processor.py:840} INFO - DAG(s) 'spark_sgp4_streaming' retrieved from /opt/airflow/dags/airflow_dag_spark_streaming.py
[2026-01-28T16:07:03.911+0000] {logging_mixin.py:188} INFO - [2026-01-28T16:07:03.911+0000] {dag.py:3036} INFO - Sync 1 DAGs
[2026-01-28T16:07:03.929+0000] {logging_mixin.py:188} INFO - [2026-01-28T16:07:03.929+0000] {dag.py:3823} INFO - Setting next_dagrun for spark_sgp4_streaming to None, run_after=None
[2026-01-28T16:07:03.958+0000] {processor.py:183} INFO - Processing /opt/airflow/dags/airflow_dag_spark_streaming.py took 0.119 seconds
[2026-01-28T16:07:34.134+0000] {processor.py:161} INFO - Started process (PID=7285) to work on /opt/airflow/dags/airflow_dag_spark_streaming.py
[2026-01-28T16:07:34.135+0000] {processor.py:830} INFO - Processing file /opt/airflow/dags/airflow_dag_spark_streaming.py for tasks to queue
[2026-01-28T16:07:34.136+0000] {logging_mixin.py:188} INFO - [2026-01-28T16:07:34.135+0000] {dagbag.py:538} INFO - Filling up the DagBag from /opt/airflow/dags/airflow_dag_spark_streaming.py
[2026-01-28T16:07:34.152+0000] {processor.py:840} INFO - DAG(s) 'spark_sgp4_streaming' retrieved from /opt/airflow/dags/airflow_dag_spark_streaming.py
[2026-01-28T16:07:34.205+0000] {logging_mixin.py:188} INFO - [2026-01-28T16:07:34.205+0000] {dag.py:3036} INFO - Sync 1 DAGs
[2026-01-28T16:07:34.227+0000] {logging_mixin.py:188} INFO - [2026-01-28T16:07:34.227+0000] {dag.py:3823} INFO - Setting next_dagrun for spark_sgp4_streaming to None, run_after=None
[2026-01-28T16:07:34.255+0000] {processor.py:183} INFO - Processing /opt/airflow/dags/airflow_dag_spark_streaming.py took 0.125 seconds
[2026-01-28T16:08:04.423+0000] {processor.py:161} INFO - Started process (PID=7295) to work on /opt/airflow/dags/airflow_dag_spark_streaming.py
[2026-01-28T16:08:04.426+0000] {processor.py:830} INFO - Processing file /opt/airflow/dags/airflow_dag_spark_streaming.py for tasks to queue
[2026-01-28T16:08:04.427+0000] {logging_mixin.py:188} INFO - [2026-01-28T16:08:04.427+0000] {dagbag.py:538} INFO - Filling up the DagBag from /opt/airflow/dags/airflow_dag_spark_streaming.py
[2026-01-28T16:08:04.445+0000] {processor.py:840} INFO - DAG(s) 'spark_sgp4_streaming' retrieved from /opt/airflow/dags/airflow_dag_spark_streaming.py
[2026-01-28T16:08:04.481+0000] {logging_mixin.py:188} INFO - [2026-01-28T16:08:04.481+0000] {dag.py:3036} INFO - Sync 1 DAGs
[2026-01-28T16:08:04.498+0000] {logging_mixin.py:188} INFO - [2026-01-28T16:08:04.498+0000] {dag.py:3823} INFO - Setting next_dagrun for spark_sgp4_streaming to None, run_after=None
[2026-01-28T16:08:04.521+0000] {processor.py:183} INFO - Processing /opt/airflow/dags/airflow_dag_spark_streaming.py took 0.104 seconds
[2026-01-28T16:08:34.700+0000] {processor.py:161} INFO - Started process (PID=7305) to work on /opt/airflow/dags/airflow_dag_spark_streaming.py
[2026-01-28T16:08:34.702+0000] {processor.py:830} INFO - Processing file /opt/airflow/dags/airflow_dag_spark_streaming.py for tasks to queue
[2026-01-28T16:08:34.704+0000] {logging_mixin.py:188} INFO - [2026-01-28T16:08:34.703+0000] {dagbag.py:538} INFO - Filling up the DagBag from /opt/airflow/dags/airflow_dag_spark_streaming.py
[2026-01-28T16:08:34.724+0000] {processor.py:840} INFO - DAG(s) 'spark_sgp4_streaming' retrieved from /opt/airflow/dags/airflow_dag_spark_streaming.py
[2026-01-28T16:08:34.769+0000] {logging_mixin.py:188} INFO - [2026-01-28T16:08:34.769+0000] {dag.py:3036} INFO - Sync 1 DAGs
[2026-01-28T16:08:34.794+0000] {logging_mixin.py:188} INFO - [2026-01-28T16:08:34.794+0000] {dag.py:3823} INFO - Setting next_dagrun for spark_sgp4_streaming to None, run_after=None
[2026-01-28T16:08:34.826+0000] {processor.py:183} INFO - Processing /opt/airflow/dags/airflow_dag_spark_streaming.py took 0.132 seconds
[2026-01-28T16:09:05.014+0000] {processor.py:161} INFO - Started process (PID=7315) to work on /opt/airflow/dags/airflow_dag_spark_streaming.py
[2026-01-28T16:09:05.016+0000] {processor.py:830} INFO - Processing file /opt/airflow/dags/airflow_dag_spark_streaming.py for tasks to queue
[2026-01-28T16:09:05.018+0000] {logging_mixin.py:188} INFO - [2026-01-28T16:09:05.017+0000] {dagbag.py:538} INFO - Filling up the DagBag from /opt/airflow/dags/airflow_dag_spark_streaming.py
[2026-01-28T16:09:05.039+0000] {processor.py:840} INFO - DAG(s) 'spark_sgp4_streaming' retrieved from /opt/airflow/dags/airflow_dag_spark_streaming.py
[2026-01-28T16:09:05.091+0000] {logging_mixin.py:188} INFO - [2026-01-28T16:09:05.091+0000] {dag.py:3036} INFO - Sync 1 DAGs
[2026-01-28T16:09:05.117+0000] {logging_mixin.py:188} INFO - [2026-01-28T16:09:05.116+0000] {dag.py:3823} INFO - Setting next_dagrun for spark_sgp4_streaming to None, run_after=None
[2026-01-28T16:09:05.146+0000] {processor.py:183} INFO - Processing /opt/airflow/dags/airflow_dag_spark_streaming.py took 0.136 seconds
[2026-01-28T16:09:35.339+0000] {processor.py:161} INFO - Started process (PID=7325) to work on /opt/airflow/dags/airflow_dag_spark_streaming.py
[2026-01-28T16:09:35.341+0000] {processor.py:830} INFO - Processing file /opt/airflow/dags/airflow_dag_spark_streaming.py for tasks to queue
[2026-01-28T16:09:35.342+0000] {logging_mixin.py:188} INFO - [2026-01-28T16:09:35.342+0000] {dagbag.py:538} INFO - Filling up the DagBag from /opt/airflow/dags/airflow_dag_spark_streaming.py
[2026-01-28T16:09:35.361+0000] {processor.py:840} INFO - DAG(s) 'spark_sgp4_streaming' retrieved from /opt/airflow/dags/airflow_dag_spark_streaming.py
[2026-01-28T16:09:35.419+0000] {logging_mixin.py:188} INFO - [2026-01-28T16:09:35.419+0000] {dag.py:3036} INFO - Sync 1 DAGs
[2026-01-28T16:09:35.444+0000] {logging_mixin.py:188} INFO - [2026-01-28T16:09:35.444+0000] {dag.py:3823} INFO - Setting next_dagrun for spark_sgp4_streaming to None, run_after=None
[2026-01-28T16:09:35.477+0000] {processor.py:183} INFO - Processing /opt/airflow/dags/airflow_dag_spark_streaming.py took 0.144 seconds
[2026-01-28T16:10:05.665+0000] {processor.py:161} INFO - Started process (PID=7335) to work on /opt/airflow/dags/airflow_dag_spark_streaming.py
[2026-01-28T16:10:05.667+0000] {processor.py:830} INFO - Processing file /opt/airflow/dags/airflow_dag_spark_streaming.py for tasks to queue
[2026-01-28T16:10:05.668+0000] {logging_mixin.py:188} INFO - [2026-01-28T16:10:05.668+0000] {dagbag.py:538} INFO - Filling up the DagBag from /opt/airflow/dags/airflow_dag_spark_streaming.py
[2026-01-28T16:10:05.681+0000] {processor.py:840} INFO - DAG(s) 'spark_sgp4_streaming' retrieved from /opt/airflow/dags/airflow_dag_spark_streaming.py
[2026-01-28T16:10:05.717+0000] {logging_mixin.py:188} INFO - [2026-01-28T16:10:05.717+0000] {dag.py:3036} INFO - Sync 1 DAGs
[2026-01-28T16:10:05.734+0000] {logging_mixin.py:188} INFO - [2026-01-28T16:10:05.734+0000] {dag.py:3823} INFO - Setting next_dagrun for spark_sgp4_streaming to None, run_after=None
[2026-01-28T16:10:05.755+0000] {processor.py:183} INFO - Processing /opt/airflow/dags/airflow_dag_spark_streaming.py took 0.094 seconds
[2026-01-28T16:10:35.951+0000] {processor.py:161} INFO - Started process (PID=7345) to work on /opt/airflow/dags/airflow_dag_spark_streaming.py
[2026-01-28T16:10:35.954+0000] {processor.py:830} INFO - Processing file /opt/airflow/dags/airflow_dag_spark_streaming.py for tasks to queue
[2026-01-28T16:10:35.955+0000] {logging_mixin.py:188} INFO - [2026-01-28T16:10:35.954+0000] {dagbag.py:538} INFO - Filling up the DagBag from /opt/airflow/dags/airflow_dag_spark_streaming.py
[2026-01-28T16:10:35.976+0000] {processor.py:840} INFO - DAG(s) 'spark_sgp4_streaming' retrieved from /opt/airflow/dags/airflow_dag_spark_streaming.py
[2026-01-28T16:10:36.032+0000] {logging_mixin.py:188} INFO - [2026-01-28T16:10:36.032+0000] {dag.py:3036} INFO - Sync 1 DAGs
[2026-01-28T16:10:36.054+0000] {logging_mixin.py:188} INFO - [2026-01-28T16:10:36.054+0000] {dag.py:3823} INFO - Setting next_dagrun for spark_sgp4_streaming to None, run_after=None
[2026-01-28T16:10:36.083+0000] {processor.py:183} INFO - Processing /opt/airflow/dags/airflow_dag_spark_streaming.py took 0.139 seconds
[2026-01-28T16:11:06.278+0000] {processor.py:161} INFO - Started process (PID=7355) to work on /opt/airflow/dags/airflow_dag_spark_streaming.py
[2026-01-28T16:11:06.280+0000] {processor.py:830} INFO - Processing file /opt/airflow/dags/airflow_dag_spark_streaming.py for tasks to queue
[2026-01-28T16:11:06.281+0000] {logging_mixin.py:188} INFO - [2026-01-28T16:11:06.280+0000] {dagbag.py:538} INFO - Filling up the DagBag from /opt/airflow/dags/airflow_dag_spark_streaming.py
[2026-01-28T16:11:06.298+0000] {processor.py:840} INFO - DAG(s) 'spark_sgp4_streaming' retrieved from /opt/airflow/dags/airflow_dag_spark_streaming.py
[2026-01-28T16:11:06.351+0000] {logging_mixin.py:188} INFO - [2026-01-28T16:11:06.351+0000] {dag.py:3036} INFO - Sync 1 DAGs
[2026-01-28T16:11:06.377+0000] {logging_mixin.py:188} INFO - [2026-01-28T16:11:06.376+0000] {dag.py:3823} INFO - Setting next_dagrun for spark_sgp4_streaming to None, run_after=None
[2026-01-28T16:11:06.401+0000] {processor.py:183} INFO - Processing /opt/airflow/dags/airflow_dag_spark_streaming.py took 0.128 seconds
[2026-01-28T16:11:36.582+0000] {processor.py:161} INFO - Started process (PID=7365) to work on /opt/airflow/dags/airflow_dag_spark_streaming.py
[2026-01-28T16:11:36.583+0000] {processor.py:830} INFO - Processing file /opt/airflow/dags/airflow_dag_spark_streaming.py for tasks to queue
[2026-01-28T16:11:36.584+0000] {logging_mixin.py:188} INFO - [2026-01-28T16:11:36.584+0000] {dagbag.py:538} INFO - Filling up the DagBag from /opt/airflow/dags/airflow_dag_spark_streaming.py
[2026-01-28T16:11:36.597+0000] {processor.py:840} INFO - DAG(s) 'spark_sgp4_streaming' retrieved from /opt/airflow/dags/airflow_dag_spark_streaming.py
[2026-01-28T16:11:36.639+0000] {logging_mixin.py:188} INFO - [2026-01-28T16:11:36.639+0000] {dag.py:3036} INFO - Sync 1 DAGs
[2026-01-28T16:11:36.661+0000] {logging_mixin.py:188} INFO - [2026-01-28T16:11:36.660+0000] {dag.py:3823} INFO - Setting next_dagrun for spark_sgp4_streaming to None, run_after=None
[2026-01-28T16:11:36.685+0000] {processor.py:183} INFO - Processing /opt/airflow/dags/airflow_dag_spark_streaming.py took 0.107 seconds
[2026-01-28T16:12:06.864+0000] {processor.py:161} INFO - Started process (PID=7375) to work on /opt/airflow/dags/airflow_dag_spark_streaming.py
[2026-01-28T16:12:06.867+0000] {processor.py:830} INFO - Processing file /opt/airflow/dags/airflow_dag_spark_streaming.py for tasks to queue
[2026-01-28T16:12:06.869+0000] {logging_mixin.py:188} INFO - [2026-01-28T16:12:06.868+0000] {dagbag.py:538} INFO - Filling up the DagBag from /opt/airflow/dags/airflow_dag_spark_streaming.py
[2026-01-28T16:12:06.887+0000] {processor.py:840} INFO - DAG(s) 'spark_sgp4_streaming' retrieved from /opt/airflow/dags/airflow_dag_spark_streaming.py
[2026-01-28T16:12:06.925+0000] {logging_mixin.py:188} INFO - [2026-01-28T16:12:06.924+0000] {dag.py:3036} INFO - Sync 1 DAGs
[2026-01-28T16:12:06.944+0000] {logging_mixin.py:188} INFO - [2026-01-28T16:12:06.944+0000] {dag.py:3823} INFO - Setting next_dagrun for spark_sgp4_streaming to None, run_after=None
[2026-01-28T16:12:06.977+0000] {processor.py:183} INFO - Processing /opt/airflow/dags/airflow_dag_spark_streaming.py took 0.119 seconds
[2026-01-28T16:12:37.181+0000] {processor.py:161} INFO - Started process (PID=7385) to work on /opt/airflow/dags/airflow_dag_spark_streaming.py
[2026-01-28T16:12:37.184+0000] {processor.py:830} INFO - Processing file /opt/airflow/dags/airflow_dag_spark_streaming.py for tasks to queue
[2026-01-28T16:12:37.185+0000] {logging_mixin.py:188} INFO - [2026-01-28T16:12:37.185+0000] {dagbag.py:538} INFO - Filling up the DagBag from /opt/airflow/dags/airflow_dag_spark_streaming.py
[2026-01-28T16:12:37.204+0000] {processor.py:840} INFO - DAG(s) 'spark_sgp4_streaming' retrieved from /opt/airflow/dags/airflow_dag_spark_streaming.py
[2026-01-28T16:12:37.256+0000] {logging_mixin.py:188} INFO - [2026-01-28T16:12:37.256+0000] {dag.py:3036} INFO - Sync 1 DAGs
[2026-01-28T16:12:37.282+0000] {logging_mixin.py:188} INFO - [2026-01-28T16:12:37.281+0000] {dag.py:3823} INFO - Setting next_dagrun for spark_sgp4_streaming to None, run_after=None
[2026-01-28T16:12:37.314+0000] {processor.py:183} INFO - Processing /opt/airflow/dags/airflow_dag_spark_streaming.py took 0.140 seconds
[2026-01-28T16:13:07.504+0000] {processor.py:161} INFO - Started process (PID=7395) to work on /opt/airflow/dags/airflow_dag_spark_streaming.py
[2026-01-28T16:13:07.505+0000] {processor.py:830} INFO - Processing file /opt/airflow/dags/airflow_dag_spark_streaming.py for tasks to queue
[2026-01-28T16:13:07.506+0000] {logging_mixin.py:188} INFO - [2026-01-28T16:13:07.505+0000] {dagbag.py:538} INFO - Filling up the DagBag from /opt/airflow/dags/airflow_dag_spark_streaming.py
[2026-01-28T16:13:07.519+0000] {processor.py:840} INFO - DAG(s) 'spark_sgp4_streaming' retrieved from /opt/airflow/dags/airflow_dag_spark_streaming.py
[2026-01-28T16:13:07.555+0000] {logging_mixin.py:188} INFO - [2026-01-28T16:13:07.555+0000] {dag.py:3036} INFO - Sync 1 DAGs
[2026-01-28T16:13:07.580+0000] {logging_mixin.py:188} INFO - [2026-01-28T16:13:07.579+0000] {dag.py:3823} INFO - Setting next_dagrun for spark_sgp4_streaming to None, run_after=None
[2026-01-28T16:13:07.607+0000] {processor.py:183} INFO - Processing /opt/airflow/dags/airflow_dag_spark_streaming.py took 0.107 seconds
[2026-01-28T16:13:37.793+0000] {processor.py:161} INFO - Started process (PID=7405) to work on /opt/airflow/dags/airflow_dag_spark_streaming.py
[2026-01-28T16:13:37.795+0000] {processor.py:830} INFO - Processing file /opt/airflow/dags/airflow_dag_spark_streaming.py for tasks to queue
[2026-01-28T16:13:37.796+0000] {logging_mixin.py:188} INFO - [2026-01-28T16:13:37.795+0000] {dagbag.py:538} INFO - Filling up the DagBag from /opt/airflow/dags/airflow_dag_spark_streaming.py
[2026-01-28T16:13:37.809+0000] {processor.py:840} INFO - DAG(s) 'spark_sgp4_streaming' retrieved from /opt/airflow/dags/airflow_dag_spark_streaming.py
[2026-01-28T16:13:37.844+0000] {logging_mixin.py:188} INFO - [2026-01-28T16:13:37.844+0000] {dag.py:3036} INFO - Sync 1 DAGs
[2026-01-28T16:13:37.864+0000] {logging_mixin.py:188} INFO - [2026-01-28T16:13:37.864+0000] {dag.py:3823} INFO - Setting next_dagrun for spark_sgp4_streaming to None, run_after=None
[2026-01-28T16:13:37.884+0000] {processor.py:183} INFO - Processing /opt/airflow/dags/airflow_dag_spark_streaming.py took 0.096 seconds
[2026-01-28T16:14:08.072+0000] {processor.py:161} INFO - Started process (PID=7415) to work on /opt/airflow/dags/airflow_dag_spark_streaming.py
[2026-01-28T16:14:08.075+0000] {processor.py:830} INFO - Processing file /opt/airflow/dags/airflow_dag_spark_streaming.py for tasks to queue
[2026-01-28T16:14:08.077+0000] {logging_mixin.py:188} INFO - [2026-01-28T16:14:08.076+0000] {dagbag.py:538} INFO - Filling up the DagBag from /opt/airflow/dags/airflow_dag_spark_streaming.py
[2026-01-28T16:14:08.098+0000] {processor.py:840} INFO - DAG(s) 'spark_sgp4_streaming' retrieved from /opt/airflow/dags/airflow_dag_spark_streaming.py
[2026-01-28T16:14:08.156+0000] {logging_mixin.py:188} INFO - [2026-01-28T16:14:08.156+0000] {dag.py:3036} INFO - Sync 1 DAGs
[2026-01-28T16:14:08.181+0000] {logging_mixin.py:188} INFO - [2026-01-28T16:14:08.181+0000] {dag.py:3823} INFO - Setting next_dagrun for spark_sgp4_streaming to None, run_after=None
[2026-01-28T16:14:08.211+0000] {processor.py:183} INFO - Processing /opt/airflow/dags/airflow_dag_spark_streaming.py took 0.145 seconds
[2026-01-28T16:14:38.405+0000] {processor.py:161} INFO - Started process (PID=7425) to work on /opt/airflow/dags/airflow_dag_spark_streaming.py
[2026-01-28T16:14:38.407+0000] {processor.py:830} INFO - Processing file /opt/airflow/dags/airflow_dag_spark_streaming.py for tasks to queue
[2026-01-28T16:14:38.408+0000] {logging_mixin.py:188} INFO - [2026-01-28T16:14:38.408+0000] {dagbag.py:538} INFO - Filling up the DagBag from /opt/airflow/dags/airflow_dag_spark_streaming.py
[2026-01-28T16:14:38.422+0000] {processor.py:840} INFO - DAG(s) 'spark_sgp4_streaming' retrieved from /opt/airflow/dags/airflow_dag_spark_streaming.py
[2026-01-28T16:14:38.473+0000] {logging_mixin.py:188} INFO - [2026-01-28T16:14:38.472+0000] {dag.py:3036} INFO - Sync 1 DAGs
[2026-01-28T16:14:38.497+0000] {logging_mixin.py:188} INFO - [2026-01-28T16:14:38.497+0000] {dag.py:3823} INFO - Setting next_dagrun for spark_sgp4_streaming to None, run_after=None
[2026-01-28T16:14:38.529+0000] {processor.py:183} INFO - Processing /opt/airflow/dags/airflow_dag_spark_streaming.py took 0.128 seconds
[2026-01-28T16:15:08.729+0000] {processor.py:161} INFO - Started process (PID=7435) to work on /opt/airflow/dags/airflow_dag_spark_streaming.py
[2026-01-28T16:15:08.732+0000] {processor.py:830} INFO - Processing file /opt/airflow/dags/airflow_dag_spark_streaming.py for tasks to queue
[2026-01-28T16:15:08.733+0000] {logging_mixin.py:188} INFO - [2026-01-28T16:15:08.733+0000] {dagbag.py:538} INFO - Filling up the DagBag from /opt/airflow/dags/airflow_dag_spark_streaming.py
[2026-01-28T16:15:08.754+0000] {processor.py:840} INFO - DAG(s) 'spark_sgp4_streaming' retrieved from /opt/airflow/dags/airflow_dag_spark_streaming.py
[2026-01-28T16:15:08.810+0000] {logging_mixin.py:188} INFO - [2026-01-28T16:15:08.810+0000] {dag.py:3036} INFO - Sync 1 DAGs
[2026-01-28T16:15:08.836+0000] {logging_mixin.py:188} INFO - [2026-01-28T16:15:08.835+0000] {dag.py:3823} INFO - Setting next_dagrun for spark_sgp4_streaming to None, run_after=None
[2026-01-28T16:15:08.864+0000] {processor.py:183} INFO - Processing /opt/airflow/dags/airflow_dag_spark_streaming.py took 0.141 seconds
[2026-01-28T16:15:39.074+0000] {processor.py:161} INFO - Started process (PID=7445) to work on /opt/airflow/dags/airflow_dag_spark_streaming.py
[2026-01-28T16:15:39.076+0000] {processor.py:830} INFO - Processing file /opt/airflow/dags/airflow_dag_spark_streaming.py for tasks to queue
[2026-01-28T16:15:39.077+0000] {logging_mixin.py:188} INFO - [2026-01-28T16:15:39.077+0000] {dagbag.py:538} INFO - Filling up the DagBag from /opt/airflow/dags/airflow_dag_spark_streaming.py
[2026-01-28T16:15:39.097+0000] {processor.py:840} INFO - DAG(s) 'spark_sgp4_streaming' retrieved from /opt/airflow/dags/airflow_dag_spark_streaming.py
[2026-01-28T16:15:39.152+0000] {logging_mixin.py:188} INFO - [2026-01-28T16:15:39.151+0000] {dag.py:3036} INFO - Sync 1 DAGs
[2026-01-28T16:15:39.177+0000] {logging_mixin.py:188} INFO - [2026-01-28T16:15:39.177+0000] {dag.py:3823} INFO - Setting next_dagrun for spark_sgp4_streaming to None, run_after=None
[2026-01-28T16:15:39.208+0000] {processor.py:183} INFO - Processing /opt/airflow/dags/airflow_dag_spark_streaming.py took 0.139 seconds
[2026-01-28T16:16:09.409+0000] {processor.py:161} INFO - Started process (PID=7455) to work on /opt/airflow/dags/airflow_dag_spark_streaming.py
[2026-01-28T16:16:09.410+0000] {processor.py:830} INFO - Processing file /opt/airflow/dags/airflow_dag_spark_streaming.py for tasks to queue
[2026-01-28T16:16:09.411+0000] {logging_mixin.py:188} INFO - [2026-01-28T16:16:09.410+0000] {dagbag.py:538} INFO - Filling up the DagBag from /opt/airflow/dags/airflow_dag_spark_streaming.py
[2026-01-28T16:16:09.430+0000] {processor.py:840} INFO - DAG(s) 'spark_sgp4_streaming' retrieved from /opt/airflow/dags/airflow_dag_spark_streaming.py
[2026-01-28T16:16:09.487+0000] {logging_mixin.py:188} INFO - [2026-01-28T16:16:09.486+0000] {dag.py:3036} INFO - Sync 1 DAGs
[2026-01-28T16:16:09.512+0000] {logging_mixin.py:188} INFO - [2026-01-28T16:16:09.512+0000] {dag.py:3823} INFO - Setting next_dagrun for spark_sgp4_streaming to None, run_after=None
[2026-01-28T16:16:09.544+0000] {processor.py:183} INFO - Processing /opt/airflow/dags/airflow_dag_spark_streaming.py took 0.139 seconds
[2026-01-28T16:16:39.744+0000] {processor.py:161} INFO - Started process (PID=7465) to work on /opt/airflow/dags/airflow_dag_spark_streaming.py
[2026-01-28T16:16:39.747+0000] {processor.py:830} INFO - Processing file /opt/airflow/dags/airflow_dag_spark_streaming.py for tasks to queue
[2026-01-28T16:16:39.748+0000] {logging_mixin.py:188} INFO - [2026-01-28T16:16:39.748+0000] {dagbag.py:538} INFO - Filling up the DagBag from /opt/airflow/dags/airflow_dag_spark_streaming.py
[2026-01-28T16:16:39.769+0000] {processor.py:840} INFO - DAG(s) 'spark_sgp4_streaming' retrieved from /opt/airflow/dags/airflow_dag_spark_streaming.py
[2026-01-28T16:16:39.827+0000] {logging_mixin.py:188} INFO - [2026-01-28T16:16:39.826+0000] {dag.py:3036} INFO - Sync 1 DAGs
[2026-01-28T16:16:39.851+0000] {logging_mixin.py:188} INFO - [2026-01-28T16:16:39.851+0000] {dag.py:3823} INFO - Setting next_dagrun for spark_sgp4_streaming to None, run_after=None
[2026-01-28T16:16:39.884+0000] {processor.py:183} INFO - Processing /opt/airflow/dags/airflow_dag_spark_streaming.py took 0.147 seconds
[2026-01-28T16:17:10.093+0000] {processor.py:161} INFO - Started process (PID=7475) to work on /opt/airflow/dags/airflow_dag_spark_streaming.py
[2026-01-28T16:17:10.096+0000] {processor.py:830} INFO - Processing file /opt/airflow/dags/airflow_dag_spark_streaming.py for tasks to queue
[2026-01-28T16:17:10.098+0000] {logging_mixin.py:188} INFO - [2026-01-28T16:17:10.097+0000] {dagbag.py:538} INFO - Filling up the DagBag from /opt/airflow/dags/airflow_dag_spark_streaming.py
[2026-01-28T16:17:10.120+0000] {processor.py:840} INFO - DAG(s) 'spark_sgp4_streaming' retrieved from /opt/airflow/dags/airflow_dag_spark_streaming.py
[2026-01-28T16:17:10.173+0000] {logging_mixin.py:188} INFO - [2026-01-28T16:17:10.173+0000] {dag.py:3036} INFO - Sync 1 DAGs
[2026-01-28T16:17:10.198+0000] {logging_mixin.py:188} INFO - [2026-01-28T16:17:10.198+0000] {dag.py:3823} INFO - Setting next_dagrun for spark_sgp4_streaming to None, run_after=None
[2026-01-28T16:17:10.227+0000] {processor.py:183} INFO - Processing /opt/airflow/dags/airflow_dag_spark_streaming.py took 0.140 seconds
[2026-01-28T16:17:40.431+0000] {processor.py:161} INFO - Started process (PID=7485) to work on /opt/airflow/dags/airflow_dag_spark_streaming.py
[2026-01-28T16:17:40.433+0000] {processor.py:830} INFO - Processing file /opt/airflow/dags/airflow_dag_spark_streaming.py for tasks to queue
[2026-01-28T16:17:40.434+0000] {logging_mixin.py:188} INFO - [2026-01-28T16:17:40.434+0000] {dagbag.py:538} INFO - Filling up the DagBag from /opt/airflow/dags/airflow_dag_spark_streaming.py
[2026-01-28T16:17:40.447+0000] {processor.py:840} INFO - DAG(s) 'spark_sgp4_streaming' retrieved from /opt/airflow/dags/airflow_dag_spark_streaming.py
[2026-01-28T16:17:40.500+0000] {logging_mixin.py:188} INFO - [2026-01-28T16:17:40.499+0000] {dag.py:3036} INFO - Sync 1 DAGs
[2026-01-28T16:17:40.525+0000] {logging_mixin.py:188} INFO - [2026-01-28T16:17:40.524+0000] {dag.py:3823} INFO - Setting next_dagrun for spark_sgp4_streaming to None, run_after=None
[2026-01-28T16:17:40.557+0000] {processor.py:183} INFO - Processing /opt/airflow/dags/airflow_dag_spark_streaming.py took 0.130 seconds
[2026-01-28T16:18:10.756+0000] {processor.py:161} INFO - Started process (PID=7495) to work on /opt/airflow/dags/airflow_dag_spark_streaming.py
[2026-01-28T16:18:10.758+0000] {processor.py:830} INFO - Processing file /opt/airflow/dags/airflow_dag_spark_streaming.py for tasks to queue
[2026-01-28T16:18:10.759+0000] {logging_mixin.py:188} INFO - [2026-01-28T16:18:10.759+0000] {dagbag.py:538} INFO - Filling up the DagBag from /opt/airflow/dags/airflow_dag_spark_streaming.py
[2026-01-28T16:18:10.775+0000] {processor.py:840} INFO - DAG(s) 'spark_sgp4_streaming' retrieved from /opt/airflow/dags/airflow_dag_spark_streaming.py
[2026-01-28T16:18:10.825+0000] {logging_mixin.py:188} INFO - [2026-01-28T16:18:10.824+0000] {dag.py:3036} INFO - Sync 1 DAGs
[2026-01-28T16:18:10.850+0000] {logging_mixin.py:188} INFO - [2026-01-28T16:18:10.849+0000] {dag.py:3823} INFO - Setting next_dagrun for spark_sgp4_streaming to None, run_after=None
[2026-01-28T16:18:10.880+0000] {processor.py:183} INFO - Processing /opt/airflow/dags/airflow_dag_spark_streaming.py took 0.129 seconds
[2026-01-28T16:18:41.084+0000] {processor.py:161} INFO - Started process (PID=7505) to work on /opt/airflow/dags/airflow_dag_spark_streaming.py
[2026-01-28T16:18:41.086+0000] {processor.py:830} INFO - Processing file /opt/airflow/dags/airflow_dag_spark_streaming.py for tasks to queue
[2026-01-28T16:18:41.087+0000] {logging_mixin.py:188} INFO - [2026-01-28T16:18:41.087+0000] {dagbag.py:538} INFO - Filling up the DagBag from /opt/airflow/dags/airflow_dag_spark_streaming.py
[2026-01-28T16:18:41.109+0000] {processor.py:840} INFO - DAG(s) 'spark_sgp4_streaming' retrieved from /opt/airflow/dags/airflow_dag_spark_streaming.py
[2026-01-28T16:18:41.164+0000] {logging_mixin.py:188} INFO - [2026-01-28T16:18:41.163+0000] {dag.py:3036} INFO - Sync 1 DAGs
[2026-01-28T16:18:41.189+0000] {logging_mixin.py:188} INFO - [2026-01-28T16:18:41.188+0000] {dag.py:3823} INFO - Setting next_dagrun for spark_sgp4_streaming to None, run_after=None
[2026-01-28T16:18:41.220+0000] {processor.py:183} INFO - Processing /opt/airflow/dags/airflow_dag_spark_streaming.py took 0.142 seconds
[2026-01-28T16:19:11.424+0000] {processor.py:161} INFO - Started process (PID=7515) to work on /opt/airflow/dags/airflow_dag_spark_streaming.py
[2026-01-28T16:19:11.426+0000] {processor.py:830} INFO - Processing file /opt/airflow/dags/airflow_dag_spark_streaming.py for tasks to queue
[2026-01-28T16:19:11.428+0000] {logging_mixin.py:188} INFO - [2026-01-28T16:19:11.427+0000] {dagbag.py:538} INFO - Filling up the DagBag from /opt/airflow/dags/airflow_dag_spark_streaming.py
[2026-01-28T16:19:11.449+0000] {processor.py:840} INFO - DAG(s) 'spark_sgp4_streaming' retrieved from /opt/airflow/dags/airflow_dag_spark_streaming.py
[2026-01-28T16:19:11.505+0000] {logging_mixin.py:188} INFO - [2026-01-28T16:19:11.505+0000] {dag.py:3036} INFO - Sync 1 DAGs
[2026-01-28T16:19:11.531+0000] {logging_mixin.py:188} INFO - [2026-01-28T16:19:11.530+0000] {dag.py:3823} INFO - Setting next_dagrun for spark_sgp4_streaming to None, run_after=None
[2026-01-28T16:19:11.551+0000] {processor.py:183} INFO - Processing /opt/airflow/dags/airflow_dag_spark_streaming.py took 0.134 seconds
[2026-01-28T16:19:41.708+0000] {processor.py:161} INFO - Started process (PID=7525) to work on /opt/airflow/dags/airflow_dag_spark_streaming.py
[2026-01-28T16:19:41.709+0000] {processor.py:830} INFO - Processing file /opt/airflow/dags/airflow_dag_spark_streaming.py for tasks to queue
[2026-01-28T16:19:41.710+0000] {logging_mixin.py:188} INFO - [2026-01-28T16:19:41.709+0000] {dagbag.py:538} INFO - Filling up the DagBag from /opt/airflow/dags/airflow_dag_spark_streaming.py
[2026-01-28T16:19:41.720+0000] {processor.py:840} INFO - DAG(s) 'spark_sgp4_streaming' retrieved from /opt/airflow/dags/airflow_dag_spark_streaming.py
[2026-01-28T16:19:41.750+0000] {logging_mixin.py:188} INFO - [2026-01-28T16:19:41.749+0000] {dag.py:3036} INFO - Sync 1 DAGs
[2026-01-28T16:19:41.762+0000] {logging_mixin.py:188} INFO - [2026-01-28T16:19:41.762+0000] {dag.py:3823} INFO - Setting next_dagrun for spark_sgp4_streaming to None, run_after=None
[2026-01-28T16:19:41.778+0000] {processor.py:183} INFO - Processing /opt/airflow/dags/airflow_dag_spark_streaming.py took 0.073 seconds
[2026-01-28T16:20:11.946+0000] {processor.py:161} INFO - Started process (PID=7535) to work on /opt/airflow/dags/airflow_dag_spark_streaming.py
[2026-01-28T16:20:11.948+0000] {processor.py:830} INFO - Processing file /opt/airflow/dags/airflow_dag_spark_streaming.py for tasks to queue
[2026-01-28T16:20:11.949+0000] {logging_mixin.py:188} INFO - [2026-01-28T16:20:11.949+0000] {dagbag.py:538} INFO - Filling up the DagBag from /opt/airflow/dags/airflow_dag_spark_streaming.py
[2026-01-28T16:20:11.962+0000] {processor.py:840} INFO - DAG(s) 'spark_sgp4_streaming' retrieved from /opt/airflow/dags/airflow_dag_spark_streaming.py
[2026-01-28T16:20:12.001+0000] {logging_mixin.py:188} INFO - [2026-01-28T16:20:12.001+0000] {dag.py:3036} INFO - Sync 1 DAGs
[2026-01-28T16:20:12.021+0000] {logging_mixin.py:188} INFO - [2026-01-28T16:20:12.020+0000] {dag.py:3823} INFO - Setting next_dagrun for spark_sgp4_streaming to None, run_after=None
[2026-01-28T16:20:12.051+0000] {processor.py:183} INFO - Processing /opt/airflow/dags/airflow_dag_spark_streaming.py took 0.109 seconds
[2026-01-28T16:20:42.224+0000] {processor.py:161} INFO - Started process (PID=7545) to work on /opt/airflow/dags/airflow_dag_spark_streaming.py
[2026-01-28T16:20:42.225+0000] {processor.py:830} INFO - Processing file /opt/airflow/dags/airflow_dag_spark_streaming.py for tasks to queue
[2026-01-28T16:20:42.226+0000] {logging_mixin.py:188} INFO - [2026-01-28T16:20:42.225+0000] {dagbag.py:538} INFO - Filling up the DagBag from /opt/airflow/dags/airflow_dag_spark_streaming.py
[2026-01-28T16:20:42.245+0000] {processor.py:840} INFO - DAG(s) 'spark_sgp4_streaming' retrieved from /opt/airflow/dags/airflow_dag_spark_streaming.py
[2026-01-28T16:20:42.302+0000] {logging_mixin.py:188} INFO - [2026-01-28T16:20:42.302+0000] {dag.py:3036} INFO - Sync 1 DAGs
[2026-01-28T16:20:42.327+0000] {logging_mixin.py:188} INFO - [2026-01-28T16:20:42.327+0000] {dag.py:3823} INFO - Setting next_dagrun for spark_sgp4_streaming to None, run_after=None
[2026-01-28T16:20:42.359+0000] {processor.py:183} INFO - Processing /opt/airflow/dags/airflow_dag_spark_streaming.py took 0.139 seconds
[2026-01-28T16:21:12.548+0000] {processor.py:161} INFO - Started process (PID=7557) to work on /opt/airflow/dags/airflow_dag_spark_streaming.py
[2026-01-28T16:21:12.551+0000] {processor.py:830} INFO - Processing file /opt/airflow/dags/airflow_dag_spark_streaming.py for tasks to queue
[2026-01-28T16:21:12.552+0000] {logging_mixin.py:188} INFO - [2026-01-28T16:21:12.552+0000] {dagbag.py:538} INFO - Filling up the DagBag from /opt/airflow/dags/airflow_dag_spark_streaming.py
[2026-01-28T16:21:12.573+0000] {processor.py:840} INFO - DAG(s) 'spark_sgp4_streaming' retrieved from /opt/airflow/dags/airflow_dag_spark_streaming.py
[2026-01-28T16:21:12.630+0000] {logging_mixin.py:188} INFO - [2026-01-28T16:21:12.629+0000] {dag.py:3036} INFO - Sync 1 DAGs
[2026-01-28T16:21:12.655+0000] {logging_mixin.py:188} INFO - [2026-01-28T16:21:12.654+0000] {dag.py:3823} INFO - Setting next_dagrun for spark_sgp4_streaming to None, run_after=None
[2026-01-28T16:21:12.688+0000] {processor.py:183} INFO - Processing /opt/airflow/dags/airflow_dag_spark_streaming.py took 0.146 seconds
[2026-01-28T16:21:42.888+0000] {processor.py:161} INFO - Started process (PID=7567) to work on /opt/airflow/dags/airflow_dag_spark_streaming.py
[2026-01-28T16:21:42.891+0000] {processor.py:830} INFO - Processing file /opt/airflow/dags/airflow_dag_spark_streaming.py for tasks to queue
[2026-01-28T16:21:42.892+0000] {logging_mixin.py:188} INFO - [2026-01-28T16:21:42.892+0000] {dagbag.py:538} INFO - Filling up the DagBag from /opt/airflow/dags/airflow_dag_spark_streaming.py
[2026-01-28T16:21:42.913+0000] {processor.py:840} INFO - DAG(s) 'spark_sgp4_streaming' retrieved from /opt/airflow/dags/airflow_dag_spark_streaming.py
[2026-01-28T16:21:42.958+0000] {logging_mixin.py:188} INFO - [2026-01-28T16:21:42.958+0000] {dag.py:3036} INFO - Sync 1 DAGs
[2026-01-28T16:21:42.975+0000] {logging_mixin.py:188} INFO - [2026-01-28T16:21:42.974+0000] {dag.py:3823} INFO - Setting next_dagrun for spark_sgp4_streaming to None, run_after=None
[2026-01-28T16:21:42.995+0000] {processor.py:183} INFO - Processing /opt/airflow/dags/airflow_dag_spark_streaming.py took 0.114 seconds
[2026-01-28T16:22:13.214+0000] {processor.py:161} INFO - Started process (PID=7577) to work on /opt/airflow/dags/airflow_dag_spark_streaming.py
[2026-01-28T16:22:13.217+0000] {processor.py:830} INFO - Processing file /opt/airflow/dags/airflow_dag_spark_streaming.py for tasks to queue
[2026-01-28T16:22:13.219+0000] {logging_mixin.py:188} INFO - [2026-01-28T16:22:13.218+0000] {dagbag.py:538} INFO - Filling up the DagBag from /opt/airflow/dags/airflow_dag_spark_streaming.py
[2026-01-28T16:22:13.240+0000] {processor.py:840} INFO - DAG(s) 'spark_sgp4_streaming' retrieved from /opt/airflow/dags/airflow_dag_spark_streaming.py
[2026-01-28T16:22:13.297+0000] {logging_mixin.py:188} INFO - [2026-01-28T16:22:13.297+0000] {dag.py:3036} INFO - Sync 1 DAGs
[2026-01-28T16:22:13.322+0000] {logging_mixin.py:188} INFO - [2026-01-28T16:22:13.322+0000] {dag.py:3823} INFO - Setting next_dagrun for spark_sgp4_streaming to None, run_after=None
[2026-01-28T16:22:13.352+0000] {processor.py:183} INFO - Processing /opt/airflow/dags/airflow_dag_spark_streaming.py took 0.145 seconds
[2026-01-28T16:22:43.548+0000] {processor.py:161} INFO - Started process (PID=7587) to work on /opt/airflow/dags/airflow_dag_spark_streaming.py
[2026-01-28T16:22:43.550+0000] {processor.py:830} INFO - Processing file /opt/airflow/dags/airflow_dag_spark_streaming.py for tasks to queue
[2026-01-28T16:22:43.551+0000] {logging_mixin.py:188} INFO - [2026-01-28T16:22:43.551+0000] {dagbag.py:538} INFO - Filling up the DagBag from /opt/airflow/dags/airflow_dag_spark_streaming.py
[2026-01-28T16:22:43.572+0000] {processor.py:840} INFO - DAG(s) 'spark_sgp4_streaming' retrieved from /opt/airflow/dags/airflow_dag_spark_streaming.py
[2026-01-28T16:22:43.618+0000] {logging_mixin.py:188} INFO - [2026-01-28T16:22:43.617+0000] {dag.py:3036} INFO - Sync 1 DAGs
[2026-01-28T16:22:43.643+0000] {logging_mixin.py:188} INFO - [2026-01-28T16:22:43.642+0000] {dag.py:3823} INFO - Setting next_dagrun for spark_sgp4_streaming to None, run_after=None
[2026-01-28T16:22:43.676+0000] {processor.py:183} INFO - Processing /opt/airflow/dags/airflow_dag_spark_streaming.py took 0.135 seconds
[2026-01-28T16:23:13.877+0000] {processor.py:161} INFO - Started process (PID=7597) to work on /opt/airflow/dags/airflow_dag_spark_streaming.py
[2026-01-28T16:23:13.880+0000] {processor.py:830} INFO - Processing file /opt/airflow/dags/airflow_dag_spark_streaming.py for tasks to queue
[2026-01-28T16:23:13.882+0000] {logging_mixin.py:188} INFO - [2026-01-28T16:23:13.881+0000] {dagbag.py:538} INFO - Filling up the DagBag from /opt/airflow/dags/airflow_dag_spark_streaming.py
[2026-01-28T16:23:13.903+0000] {processor.py:840} INFO - DAG(s) 'spark_sgp4_streaming' retrieved from /opt/airflow/dags/airflow_dag_spark_streaming.py
[2026-01-28T16:23:13.961+0000] {logging_mixin.py:188} INFO - [2026-01-28T16:23:13.961+0000] {dag.py:3036} INFO - Sync 1 DAGs
[2026-01-28T16:23:13.986+0000] {logging_mixin.py:188} INFO - [2026-01-28T16:23:13.986+0000] {dag.py:3823} INFO - Setting next_dagrun for spark_sgp4_streaming to None, run_after=None
[2026-01-28T16:23:14.013+0000] {processor.py:183} INFO - Processing /opt/airflow/dags/airflow_dag_spark_streaming.py took 0.143 seconds
[2026-01-28T16:23:44.205+0000] {processor.py:161} INFO - Started process (PID=7607) to work on /opt/airflow/dags/airflow_dag_spark_streaming.py
[2026-01-28T16:23:44.208+0000] {processor.py:830} INFO - Processing file /opt/airflow/dags/airflow_dag_spark_streaming.py for tasks to queue
[2026-01-28T16:23:44.210+0000] {logging_mixin.py:188} INFO - [2026-01-28T16:23:44.209+0000] {dagbag.py:538} INFO - Filling up the DagBag from /opt/airflow/dags/airflow_dag_spark_streaming.py
[2026-01-28T16:23:44.230+0000] {processor.py:840} INFO - DAG(s) 'spark_sgp4_streaming' retrieved from /opt/airflow/dags/airflow_dag_spark_streaming.py
[2026-01-28T16:23:44.286+0000] {logging_mixin.py:188} INFO - [2026-01-28T16:23:44.286+0000] {dag.py:3036} INFO - Sync 1 DAGs
[2026-01-28T16:23:44.311+0000] {logging_mixin.py:188} INFO - [2026-01-28T16:23:44.310+0000] {dag.py:3823} INFO - Setting next_dagrun for spark_sgp4_streaming to None, run_after=None
[2026-01-28T16:23:44.340+0000] {processor.py:183} INFO - Processing /opt/airflow/dags/airflow_dag_spark_streaming.py took 0.141 seconds
[2026-01-28T16:24:14.539+0000] {processor.py:161} INFO - Started process (PID=7617) to work on /opt/airflow/dags/airflow_dag_spark_streaming.py
[2026-01-28T16:24:14.541+0000] {processor.py:830} INFO - Processing file /opt/airflow/dags/airflow_dag_spark_streaming.py for tasks to queue
[2026-01-28T16:24:14.541+0000] {logging_mixin.py:188} INFO - [2026-01-28T16:24:14.541+0000] {dagbag.py:538} INFO - Filling up the DagBag from /opt/airflow/dags/airflow_dag_spark_streaming.py
[2026-01-28T16:24:14.556+0000] {processor.py:840} INFO - DAG(s) 'spark_sgp4_streaming' retrieved from /opt/airflow/dags/airflow_dag_spark_streaming.py
[2026-01-28T16:24:14.596+0000] {logging_mixin.py:188} INFO - [2026-01-28T16:24:14.596+0000] {dag.py:3036} INFO - Sync 1 DAGs
[2026-01-28T16:24:14.615+0000] {logging_mixin.py:188} INFO - [2026-01-28T16:24:14.615+0000] {dag.py:3823} INFO - Setting next_dagrun for spark_sgp4_streaming to None, run_after=None
[2026-01-28T16:24:14.643+0000] {processor.py:183} INFO - Processing /opt/airflow/dags/airflow_dag_spark_streaming.py took 0.108 seconds
[2026-01-28T16:24:44.824+0000] {processor.py:161} INFO - Started process (PID=7627) to work on /opt/airflow/dags/airflow_dag_spark_streaming.py
[2026-01-28T16:24:44.827+0000] {processor.py:830} INFO - Processing file /opt/airflow/dags/airflow_dag_spark_streaming.py for tasks to queue
[2026-01-28T16:24:44.829+0000] {logging_mixin.py:188} INFO - [2026-01-28T16:24:44.828+0000] {dagbag.py:538} INFO - Filling up the DagBag from /opt/airflow/dags/airflow_dag_spark_streaming.py
[2026-01-28T16:24:44.849+0000] {processor.py:840} INFO - DAG(s) 'spark_sgp4_streaming' retrieved from /opt/airflow/dags/airflow_dag_spark_streaming.py
[2026-01-28T16:24:44.907+0000] {logging_mixin.py:188} INFO - [2026-01-28T16:24:44.906+0000] {dag.py:3036} INFO - Sync 1 DAGs
[2026-01-28T16:24:44.932+0000] {logging_mixin.py:188} INFO - [2026-01-28T16:24:44.931+0000] {dag.py:3823} INFO - Setting next_dagrun for spark_sgp4_streaming to None, run_after=None
[2026-01-28T16:24:44.960+0000] {processor.py:183} INFO - Processing /opt/airflow/dags/airflow_dag_spark_streaming.py took 0.142 seconds
[2026-01-28T16:25:15.152+0000] {processor.py:161} INFO - Started process (PID=7637) to work on /opt/airflow/dags/airflow_dag_spark_streaming.py
[2026-01-28T16:25:15.155+0000] {processor.py:830} INFO - Processing file /opt/airflow/dags/airflow_dag_spark_streaming.py for tasks to queue
[2026-01-28T16:25:15.157+0000] {logging_mixin.py:188} INFO - [2026-01-28T16:25:15.156+0000] {dagbag.py:538} INFO - Filling up the DagBag from /opt/airflow/dags/airflow_dag_spark_streaming.py
[2026-01-28T16:25:15.178+0000] {processor.py:840} INFO - DAG(s) 'spark_sgp4_streaming' retrieved from /opt/airflow/dags/airflow_dag_spark_streaming.py
[2026-01-28T16:25:15.235+0000] {logging_mixin.py:188} INFO - [2026-01-28T16:25:15.235+0000] {dag.py:3036} INFO - Sync 1 DAGs
[2026-01-28T16:25:15.261+0000] {logging_mixin.py:188} INFO - [2026-01-28T16:25:15.260+0000] {dag.py:3823} INFO - Setting next_dagrun for spark_sgp4_streaming to None, run_after=None
[2026-01-28T16:25:15.287+0000] {processor.py:183} INFO - Processing /opt/airflow/dags/airflow_dag_spark_streaming.py took 0.141 seconds
[2026-01-28T16:25:45.477+0000] {processor.py:161} INFO - Started process (PID=7647) to work on /opt/airflow/dags/airflow_dag_spark_streaming.py
[2026-01-28T16:25:45.480+0000] {processor.py:830} INFO - Processing file /opt/airflow/dags/airflow_dag_spark_streaming.py for tasks to queue
[2026-01-28T16:25:45.481+0000] {logging_mixin.py:188} INFO - [2026-01-28T16:25:45.480+0000] {dagbag.py:538} INFO - Filling up the DagBag from /opt/airflow/dags/airflow_dag_spark_streaming.py
[2026-01-28T16:25:45.502+0000] {processor.py:840} INFO - DAG(s) 'spark_sgp4_streaming' retrieved from /opt/airflow/dags/airflow_dag_spark_streaming.py
[2026-01-28T16:25:45.558+0000] {logging_mixin.py:188} INFO - [2026-01-28T16:25:45.557+0000] {dag.py:3036} INFO - Sync 1 DAGs
[2026-01-28T16:25:45.583+0000] {logging_mixin.py:188} INFO - [2026-01-28T16:25:45.583+0000] {dag.py:3823} INFO - Setting next_dagrun for spark_sgp4_streaming to None, run_after=None
[2026-01-28T16:25:45.616+0000] {processor.py:183} INFO - Processing /opt/airflow/dags/airflow_dag_spark_streaming.py took 0.145 seconds
[2026-01-28T16:26:15.802+0000] {processor.py:161} INFO - Started process (PID=7657) to work on /opt/airflow/dags/airflow_dag_spark_streaming.py
[2026-01-28T16:26:15.804+0000] {processor.py:830} INFO - Processing file /opt/airflow/dags/airflow_dag_spark_streaming.py for tasks to queue
[2026-01-28T16:26:15.805+0000] {logging_mixin.py:188} INFO - [2026-01-28T16:26:15.804+0000] {dagbag.py:538} INFO - Filling up the DagBag from /opt/airflow/dags/airflow_dag_spark_streaming.py
[2026-01-28T16:26:15.819+0000] {processor.py:840} INFO - DAG(s) 'spark_sgp4_streaming' retrieved from /opt/airflow/dags/airflow_dag_spark_streaming.py
[2026-01-28T16:26:15.858+0000] {logging_mixin.py:188} INFO - [2026-01-28T16:26:15.857+0000] {dag.py:3036} INFO - Sync 1 DAGs
[2026-01-28T16:26:15.882+0000] {logging_mixin.py:188} INFO - [2026-01-28T16:26:15.882+0000] {dag.py:3823} INFO - Setting next_dagrun for spark_sgp4_streaming to None, run_after=None
[2026-01-28T16:26:15.911+0000] {processor.py:183} INFO - Processing /opt/airflow/dags/airflow_dag_spark_streaming.py took 0.113 seconds
[2026-01-28T16:26:46.111+0000] {processor.py:161} INFO - Started process (PID=7667) to work on /opt/airflow/dags/airflow_dag_spark_streaming.py
[2026-01-28T16:26:46.114+0000] {processor.py:830} INFO - Processing file /opt/airflow/dags/airflow_dag_spark_streaming.py for tasks to queue
[2026-01-28T16:26:46.116+0000] {logging_mixin.py:188} INFO - [2026-01-28T16:26:46.115+0000] {dagbag.py:538} INFO - Filling up the DagBag from /opt/airflow/dags/airflow_dag_spark_streaming.py
[2026-01-28T16:26:46.137+0000] {processor.py:840} INFO - DAG(s) 'spark_sgp4_streaming' retrieved from /opt/airflow/dags/airflow_dag_spark_streaming.py
[2026-01-28T16:26:46.192+0000] {logging_mixin.py:188} INFO - [2026-01-28T16:26:46.192+0000] {dag.py:3036} INFO - Sync 1 DAGs
[2026-01-28T16:26:46.217+0000] {logging_mixin.py:188} INFO - [2026-01-28T16:26:46.216+0000] {dag.py:3823} INFO - Setting next_dagrun for spark_sgp4_streaming to None, run_after=None
[2026-01-28T16:26:46.249+0000] {processor.py:183} INFO - Processing /opt/airflow/dags/airflow_dag_spark_streaming.py took 0.144 seconds
[2026-01-28T16:27:16.453+0000] {processor.py:161} INFO - Started process (PID=7677) to work on /opt/airflow/dags/airflow_dag_spark_streaming.py
[2026-01-28T16:27:16.456+0000] {processor.py:830} INFO - Processing file /opt/airflow/dags/airflow_dag_spark_streaming.py for tasks to queue
[2026-01-28T16:27:16.457+0000] {logging_mixin.py:188} INFO - [2026-01-28T16:27:16.456+0000] {dagbag.py:538} INFO - Filling up the DagBag from /opt/airflow/dags/airflow_dag_spark_streaming.py
[2026-01-28T16:27:16.471+0000] {processor.py:840} INFO - DAG(s) 'spark_sgp4_streaming' retrieved from /opt/airflow/dags/airflow_dag_spark_streaming.py
[2026-01-28T16:27:16.509+0000] {logging_mixin.py:188} INFO - [2026-01-28T16:27:16.508+0000] {dag.py:3036} INFO - Sync 1 DAGs
[2026-01-28T16:27:16.530+0000] {logging_mixin.py:188} INFO - [2026-01-28T16:27:16.530+0000] {dag.py:3823} INFO - Setting next_dagrun for spark_sgp4_streaming to None, run_after=None
[2026-01-28T16:27:16.555+0000] {processor.py:183} INFO - Processing /opt/airflow/dags/airflow_dag_spark_streaming.py took 0.106 seconds
[2026-01-28T16:27:46.739+0000] {processor.py:161} INFO - Started process (PID=7687) to work on /opt/airflow/dags/airflow_dag_spark_streaming.py
[2026-01-28T16:27:46.742+0000] {processor.py:830} INFO - Processing file /opt/airflow/dags/airflow_dag_spark_streaming.py for tasks to queue
[2026-01-28T16:27:46.744+0000] {logging_mixin.py:188} INFO - [2026-01-28T16:27:46.743+0000] {dagbag.py:538} INFO - Filling up the DagBag from /opt/airflow/dags/airflow_dag_spark_streaming.py
[2026-01-28T16:27:46.765+0000] {processor.py:840} INFO - DAG(s) 'spark_sgp4_streaming' retrieved from /opt/airflow/dags/airflow_dag_spark_streaming.py
[2026-01-28T16:27:46.813+0000] {logging_mixin.py:188} INFO - [2026-01-28T16:27:46.812+0000] {dag.py:3036} INFO - Sync 1 DAGs
[2026-01-28T16:27:46.838+0000] {logging_mixin.py:188} INFO - [2026-01-28T16:27:46.838+0000] {dag.py:3823} INFO - Setting next_dagrun for spark_sgp4_streaming to None, run_after=None
[2026-01-28T16:27:46.871+0000] {processor.py:183} INFO - Processing /opt/airflow/dags/airflow_dag_spark_streaming.py took 0.138 seconds
[2026-01-28T16:28:17.071+0000] {processor.py:161} INFO - Started process (PID=7697) to work on /opt/airflow/dags/airflow_dag_spark_streaming.py
[2026-01-28T16:28:17.074+0000] {processor.py:830} INFO - Processing file /opt/airflow/dags/airflow_dag_spark_streaming.py for tasks to queue
[2026-01-28T16:28:17.075+0000] {logging_mixin.py:188} INFO - [2026-01-28T16:28:17.075+0000] {dagbag.py:538} INFO - Filling up the DagBag from /opt/airflow/dags/airflow_dag_spark_streaming.py
[2026-01-28T16:28:17.096+0000] {processor.py:840} INFO - DAG(s) 'spark_sgp4_streaming' retrieved from /opt/airflow/dags/airflow_dag_spark_streaming.py
[2026-01-28T16:28:17.148+0000] {logging_mixin.py:188} INFO - [2026-01-28T16:28:17.148+0000] {dag.py:3036} INFO - Sync 1 DAGs
[2026-01-28T16:28:17.173+0000] {logging_mixin.py:188} INFO - [2026-01-28T16:28:17.173+0000] {dag.py:3823} INFO - Setting next_dagrun for spark_sgp4_streaming to None, run_after=None
[2026-01-28T16:28:17.205+0000] {processor.py:183} INFO - Processing /opt/airflow/dags/airflow_dag_spark_streaming.py took 0.141 seconds
[2026-01-28T16:28:47.403+0000] {processor.py:161} INFO - Started process (PID=7707) to work on /opt/airflow/dags/airflow_dag_spark_streaming.py
[2026-01-28T16:28:47.406+0000] {processor.py:830} INFO - Processing file /opt/airflow/dags/airflow_dag_spark_streaming.py for tasks to queue
[2026-01-28T16:28:47.408+0000] {logging_mixin.py:188} INFO - [2026-01-28T16:28:47.407+0000] {dagbag.py:538} INFO - Filling up the DagBag from /opt/airflow/dags/airflow_dag_spark_streaming.py
[2026-01-28T16:28:47.429+0000] {processor.py:840} INFO - DAG(s) 'spark_sgp4_streaming' retrieved from /opt/airflow/dags/airflow_dag_spark_streaming.py
[2026-01-28T16:28:47.486+0000] {logging_mixin.py:188} INFO - [2026-01-28T16:28:47.486+0000] {dag.py:3036} INFO - Sync 1 DAGs
[2026-01-28T16:28:47.511+0000] {logging_mixin.py:188} INFO - [2026-01-28T16:28:47.511+0000] {dag.py:3823} INFO - Setting next_dagrun for spark_sgp4_streaming to None, run_after=None
[2026-01-28T16:28:47.542+0000] {processor.py:183} INFO - Processing /opt/airflow/dags/airflow_dag_spark_streaming.py took 0.145 seconds
[2026-01-28T16:29:17.735+0000] {processor.py:161} INFO - Started process (PID=7717) to work on /opt/airflow/dags/airflow_dag_spark_streaming.py
[2026-01-28T16:29:17.737+0000] {processor.py:830} INFO - Processing file /opt/airflow/dags/airflow_dag_spark_streaming.py for tasks to queue
[2026-01-28T16:29:17.737+0000] {logging_mixin.py:188} INFO - [2026-01-28T16:29:17.737+0000] {dagbag.py:538} INFO - Filling up the DagBag from /opt/airflow/dags/airflow_dag_spark_streaming.py
[2026-01-28T16:29:17.754+0000] {processor.py:840} INFO - DAG(s) 'spark_sgp4_streaming' retrieved from /opt/airflow/dags/airflow_dag_spark_streaming.py
[2026-01-28T16:29:17.800+0000] {logging_mixin.py:188} INFO - [2026-01-28T16:29:17.799+0000] {dag.py:3036} INFO - Sync 1 DAGs
[2026-01-28T16:29:17.824+0000] {logging_mixin.py:188} INFO - [2026-01-28T16:29:17.823+0000] {dag.py:3823} INFO - Setting next_dagrun for spark_sgp4_streaming to None, run_after=None
[2026-01-28T16:29:17.856+0000] {processor.py:183} INFO - Processing /opt/airflow/dags/airflow_dag_spark_streaming.py took 0.124 seconds
[2026-01-28T16:29:48.059+0000] {processor.py:161} INFO - Started process (PID=7727) to work on /opt/airflow/dags/airflow_dag_spark_streaming.py
[2026-01-28T16:29:48.062+0000] {processor.py:830} INFO - Processing file /opt/airflow/dags/airflow_dag_spark_streaming.py for tasks to queue
[2026-01-28T16:29:48.064+0000] {logging_mixin.py:188} INFO - [2026-01-28T16:29:48.063+0000] {dagbag.py:538} INFO - Filling up the DagBag from /opt/airflow/dags/airflow_dag_spark_streaming.py
[2026-01-28T16:29:48.085+0000] {processor.py:840} INFO - DAG(s) 'spark_sgp4_streaming' retrieved from /opt/airflow/dags/airflow_dag_spark_streaming.py
[2026-01-28T16:29:48.134+0000] {logging_mixin.py:188} INFO - [2026-01-28T16:29:48.133+0000] {dag.py:3036} INFO - Sync 1 DAGs
[2026-01-28T16:29:48.151+0000] {logging_mixin.py:188} INFO - [2026-01-28T16:29:48.151+0000] {dag.py:3823} INFO - Setting next_dagrun for spark_sgp4_streaming to None, run_after=None
[2026-01-28T16:29:48.176+0000] {processor.py:183} INFO - Processing /opt/airflow/dags/airflow_dag_spark_streaming.py took 0.124 seconds
[2026-01-28T16:30:18.378+0000] {processor.py:161} INFO - Started process (PID=7737) to work on /opt/airflow/dags/airflow_dag_spark_streaming.py
[2026-01-28T16:30:18.381+0000] {processor.py:830} INFO - Processing file /opt/airflow/dags/airflow_dag_spark_streaming.py for tasks to queue
[2026-01-28T16:30:18.382+0000] {logging_mixin.py:188} INFO - [2026-01-28T16:30:18.382+0000] {dagbag.py:538} INFO - Filling up the DagBag from /opt/airflow/dags/airflow_dag_spark_streaming.py
[2026-01-28T16:30:18.404+0000] {processor.py:840} INFO - DAG(s) 'spark_sgp4_streaming' retrieved from /opt/airflow/dags/airflow_dag_spark_streaming.py
[2026-01-28T16:30:18.462+0000] {logging_mixin.py:188} INFO - [2026-01-28T16:30:18.462+0000] {dag.py:3036} INFO - Sync 1 DAGs
[2026-01-28T16:30:18.487+0000] {logging_mixin.py:188} INFO - [2026-01-28T16:30:18.486+0000] {dag.py:3823} INFO - Setting next_dagrun for spark_sgp4_streaming to None, run_after=None
[2026-01-28T16:30:18.521+0000] {processor.py:183} INFO - Processing /opt/airflow/dags/airflow_dag_spark_streaming.py took 0.149 seconds
[2026-01-28T16:30:48.722+0000] {processor.py:161} INFO - Started process (PID=7747) to work on /opt/airflow/dags/airflow_dag_spark_streaming.py
[2026-01-28T16:30:48.725+0000] {processor.py:830} INFO - Processing file /opt/airflow/dags/airflow_dag_spark_streaming.py for tasks to queue
[2026-01-28T16:30:48.727+0000] {logging_mixin.py:188} INFO - [2026-01-28T16:30:48.726+0000] {dagbag.py:538} INFO - Filling up the DagBag from /opt/airflow/dags/airflow_dag_spark_streaming.py
[2026-01-28T16:30:48.748+0000] {processor.py:840} INFO - DAG(s) 'spark_sgp4_streaming' retrieved from /opt/airflow/dags/airflow_dag_spark_streaming.py
[2026-01-28T16:30:48.806+0000] {logging_mixin.py:188} INFO - [2026-01-28T16:30:48.806+0000] {dag.py:3036} INFO - Sync 1 DAGs
[2026-01-28T16:30:48.831+0000] {logging_mixin.py:188} INFO - [2026-01-28T16:30:48.831+0000] {dag.py:3823} INFO - Setting next_dagrun for spark_sgp4_streaming to None, run_after=None
[2026-01-28T16:30:48.865+0000] {processor.py:183} INFO - Processing /opt/airflow/dags/airflow_dag_spark_streaming.py took 0.150 seconds
[2026-01-28T16:31:19.054+0000] {processor.py:161} INFO - Started process (PID=7757) to work on /opt/airflow/dags/airflow_dag_spark_streaming.py
[2026-01-28T16:31:19.057+0000] {processor.py:830} INFO - Processing file /opt/airflow/dags/airflow_dag_spark_streaming.py for tasks to queue
[2026-01-28T16:31:19.058+0000] {logging_mixin.py:188} INFO - [2026-01-28T16:31:19.058+0000] {dagbag.py:538} INFO - Filling up the DagBag from /opt/airflow/dags/airflow_dag_spark_streaming.py
[2026-01-28T16:31:19.079+0000] {processor.py:840} INFO - DAG(s) 'spark_sgp4_streaming' retrieved from /opt/airflow/dags/airflow_dag_spark_streaming.py
[2026-01-28T16:31:19.137+0000] {logging_mixin.py:188} INFO - [2026-01-28T16:31:19.136+0000] {dag.py:3036} INFO - Sync 1 DAGs
[2026-01-28T16:31:19.161+0000] {logging_mixin.py:188} INFO - [2026-01-28T16:31:19.161+0000] {dag.py:3823} INFO - Setting next_dagrun for spark_sgp4_streaming to None, run_after=None
[2026-01-28T16:31:19.194+0000] {processor.py:183} INFO - Processing /opt/airflow/dags/airflow_dag_spark_streaming.py took 0.146 seconds
[2026-01-28T16:31:49.396+0000] {processor.py:161} INFO - Started process (PID=7767) to work on /opt/airflow/dags/airflow_dag_spark_streaming.py
[2026-01-28T16:31:49.399+0000] {processor.py:830} INFO - Processing file /opt/airflow/dags/airflow_dag_spark_streaming.py for tasks to queue
[2026-01-28T16:31:49.401+0000] {logging_mixin.py:188} INFO - [2026-01-28T16:31:49.400+0000] {dagbag.py:538} INFO - Filling up the DagBag from /opt/airflow/dags/airflow_dag_spark_streaming.py
[2026-01-28T16:31:49.422+0000] {processor.py:840} INFO - DAG(s) 'spark_sgp4_streaming' retrieved from /opt/airflow/dags/airflow_dag_spark_streaming.py
[2026-01-28T16:31:49.478+0000] {logging_mixin.py:188} INFO - [2026-01-28T16:31:49.477+0000] {dag.py:3036} INFO - Sync 1 DAGs
[2026-01-28T16:31:49.503+0000] {logging_mixin.py:188} INFO - [2026-01-28T16:31:49.503+0000] {dag.py:3823} INFO - Setting next_dagrun for spark_sgp4_streaming to None, run_after=None
[2026-01-28T16:31:49.538+0000] {processor.py:183} INFO - Processing /opt/airflow/dags/airflow_dag_spark_streaming.py took 0.148 seconds
[2026-01-28T16:32:19.755+0000] {processor.py:161} INFO - Started process (PID=7777) to work on /opt/airflow/dags/airflow_dag_spark_streaming.py
[2026-01-28T16:32:19.758+0000] {processor.py:830} INFO - Processing file /opt/airflow/dags/airflow_dag_spark_streaming.py for tasks to queue
[2026-01-28T16:32:19.760+0000] {logging_mixin.py:188} INFO - [2026-01-28T16:32:19.759+0000] {dagbag.py:538} INFO - Filling up the DagBag from /opt/airflow/dags/airflow_dag_spark_streaming.py
[2026-01-28T16:32:19.780+0000] {processor.py:840} INFO - DAG(s) 'spark_sgp4_streaming' retrieved from /opt/airflow/dags/airflow_dag_spark_streaming.py
[2026-01-28T16:32:19.827+0000] {logging_mixin.py:188} INFO - [2026-01-28T16:32:19.827+0000] {dag.py:3036} INFO - Sync 1 DAGs
[2026-01-28T16:32:19.852+0000] {logging_mixin.py:188} INFO - [2026-01-28T16:32:19.852+0000] {dag.py:3823} INFO - Setting next_dagrun for spark_sgp4_streaming to None, run_after=None
[2026-01-28T16:32:19.879+0000] {processor.py:183} INFO - Processing /opt/airflow/dags/airflow_dag_spark_streaming.py took 0.130 seconds
[2026-01-28T16:32:50.060+0000] {processor.py:161} INFO - Started process (PID=7787) to work on /opt/airflow/dags/airflow_dag_spark_streaming.py
[2026-01-28T16:32:50.063+0000] {processor.py:830} INFO - Processing file /opt/airflow/dags/airflow_dag_spark_streaming.py for tasks to queue
[2026-01-28T16:32:50.063+0000] {logging_mixin.py:188} INFO - [2026-01-28T16:32:50.063+0000] {dagbag.py:538} INFO - Filling up the DagBag from /opt/airflow/dags/airflow_dag_spark_streaming.py
[2026-01-28T16:32:50.076+0000] {processor.py:840} INFO - DAG(s) 'spark_sgp4_streaming' retrieved from /opt/airflow/dags/airflow_dag_spark_streaming.py
[2026-01-28T16:32:50.110+0000] {logging_mixin.py:188} INFO - [2026-01-28T16:32:50.110+0000] {dag.py:3036} INFO - Sync 1 DAGs
[2026-01-28T16:32:50.125+0000] {logging_mixin.py:188} INFO - [2026-01-28T16:32:50.125+0000] {dag.py:3823} INFO - Setting next_dagrun for spark_sgp4_streaming to None, run_after=None
[2026-01-28T16:32:50.144+0000] {processor.py:183} INFO - Processing /opt/airflow/dags/airflow_dag_spark_streaming.py took 0.087 seconds
[2026-01-28T16:33:20.318+0000] {processor.py:161} INFO - Started process (PID=7797) to work on /opt/airflow/dags/airflow_dag_spark_streaming.py
[2026-01-28T16:33:20.321+0000] {processor.py:830} INFO - Processing file /opt/airflow/dags/airflow_dag_spark_streaming.py for tasks to queue
[2026-01-28T16:33:20.322+0000] {logging_mixin.py:188} INFO - [2026-01-28T16:33:20.322+0000] {dagbag.py:538} INFO - Filling up the DagBag from /opt/airflow/dags/airflow_dag_spark_streaming.py
[2026-01-28T16:33:20.338+0000] {processor.py:840} INFO - DAG(s) 'spark_sgp4_streaming' retrieved from /opt/airflow/dags/airflow_dag_spark_streaming.py
[2026-01-28T16:33:20.378+0000] {logging_mixin.py:188} INFO - [2026-01-28T16:33:20.378+0000] {dag.py:3036} INFO - Sync 1 DAGs
[2026-01-28T16:33:20.399+0000] {logging_mixin.py:188} INFO - [2026-01-28T16:33:20.399+0000] {dag.py:3823} INFO - Setting next_dagrun for spark_sgp4_streaming to None, run_after=None
[2026-01-28T16:33:20.437+0000] {processor.py:183} INFO - Processing /opt/airflow/dags/airflow_dag_spark_streaming.py took 0.124 seconds
[2026-01-28T16:33:50.618+0000] {processor.py:161} INFO - Started process (PID=7807) to work on /opt/airflow/dags/airflow_dag_spark_streaming.py
[2026-01-28T16:33:50.621+0000] {processor.py:830} INFO - Processing file /opt/airflow/dags/airflow_dag_spark_streaming.py for tasks to queue
[2026-01-28T16:33:50.623+0000] {logging_mixin.py:188} INFO - [2026-01-28T16:33:50.622+0000] {dagbag.py:538} INFO - Filling up the DagBag from /opt/airflow/dags/airflow_dag_spark_streaming.py
[2026-01-28T16:33:50.644+0000] {processor.py:840} INFO - DAG(s) 'spark_sgp4_streaming' retrieved from /opt/airflow/dags/airflow_dag_spark_streaming.py
[2026-01-28T16:33:50.694+0000] {logging_mixin.py:188} INFO - [2026-01-28T16:33:50.694+0000] {dag.py:3036} INFO - Sync 1 DAGs
[2026-01-28T16:33:50.720+0000] {logging_mixin.py:188} INFO - [2026-01-28T16:33:50.720+0000] {dag.py:3823} INFO - Setting next_dagrun for spark_sgp4_streaming to None, run_after=None
[2026-01-28T16:33:50.743+0000] {processor.py:183} INFO - Processing /opt/airflow/dags/airflow_dag_spark_streaming.py took 0.132 seconds
[2026-01-28T16:34:20.945+0000] {processor.py:161} INFO - Started process (PID=7817) to work on /opt/airflow/dags/airflow_dag_spark_streaming.py
[2026-01-28T16:34:20.948+0000] {processor.py:830} INFO - Processing file /opt/airflow/dags/airflow_dag_spark_streaming.py for tasks to queue
[2026-01-28T16:34:20.949+0000] {logging_mixin.py:188} INFO - [2026-01-28T16:34:20.949+0000] {dagbag.py:538} INFO - Filling up the DagBag from /opt/airflow/dags/airflow_dag_spark_streaming.py
[2026-01-28T16:34:20.965+0000] {processor.py:840} INFO - DAG(s) 'spark_sgp4_streaming' retrieved from /opt/airflow/dags/airflow_dag_spark_streaming.py
[2026-01-28T16:34:21.019+0000] {logging_mixin.py:188} INFO - [2026-01-28T16:34:21.019+0000] {dag.py:3036} INFO - Sync 1 DAGs
[2026-01-28T16:34:21.045+0000] {logging_mixin.py:188} INFO - [2026-01-28T16:34:21.044+0000] {dag.py:3823} INFO - Setting next_dagrun for spark_sgp4_streaming to None, run_after=None
[2026-01-28T16:34:21.073+0000] {processor.py:183} INFO - Processing /opt/airflow/dags/airflow_dag_spark_streaming.py took 0.135 seconds
[2026-01-28T16:34:51.264+0000] {processor.py:161} INFO - Started process (PID=7827) to work on /opt/airflow/dags/airflow_dag_spark_streaming.py
[2026-01-28T16:34:51.265+0000] {processor.py:830} INFO - Processing file /opt/airflow/dags/airflow_dag_spark_streaming.py for tasks to queue
[2026-01-28T16:34:51.266+0000] {logging_mixin.py:188} INFO - [2026-01-28T16:34:51.265+0000] {dagbag.py:538} INFO - Filling up the DagBag from /opt/airflow/dags/airflow_dag_spark_streaming.py
[2026-01-28T16:34:51.283+0000] {processor.py:840} INFO - DAG(s) 'spark_sgp4_streaming' retrieved from /opt/airflow/dags/airflow_dag_spark_streaming.py
[2026-01-28T16:34:51.330+0000] {logging_mixin.py:188} INFO - [2026-01-28T16:34:51.330+0000] {dag.py:3036} INFO - Sync 1 DAGs
[2026-01-28T16:34:51.347+0000] {logging_mixin.py:188} INFO - [2026-01-28T16:34:51.347+0000] {dag.py:3823} INFO - Setting next_dagrun for spark_sgp4_streaming to None, run_after=None
[2026-01-28T16:34:51.373+0000] {processor.py:183} INFO - Processing /opt/airflow/dags/airflow_dag_spark_streaming.py took 0.113 seconds
[2026-01-28T16:35:21.572+0000] {processor.py:161} INFO - Started process (PID=7837) to work on /opt/airflow/dags/airflow_dag_spark_streaming.py
[2026-01-28T16:35:21.575+0000] {processor.py:830} INFO - Processing file /opt/airflow/dags/airflow_dag_spark_streaming.py for tasks to queue
[2026-01-28T16:35:21.576+0000] {logging_mixin.py:188} INFO - [2026-01-28T16:35:21.575+0000] {dagbag.py:538} INFO - Filling up the DagBag from /opt/airflow/dags/airflow_dag_spark_streaming.py
[2026-01-28T16:35:21.597+0000] {processor.py:840} INFO - DAG(s) 'spark_sgp4_streaming' retrieved from /opt/airflow/dags/airflow_dag_spark_streaming.py
[2026-01-28T16:35:21.647+0000] {logging_mixin.py:188} INFO - [2026-01-28T16:35:21.647+0000] {dag.py:3036} INFO - Sync 1 DAGs
[2026-01-28T16:35:21.672+0000] {logging_mixin.py:188} INFO - [2026-01-28T16:35:21.672+0000] {dag.py:3823} INFO - Setting next_dagrun for spark_sgp4_streaming to None, run_after=None
[2026-01-28T16:35:21.704+0000] {processor.py:183} INFO - Processing /opt/airflow/dags/airflow_dag_spark_streaming.py took 0.139 seconds
[2026-01-28T16:35:51.900+0000] {processor.py:161} INFO - Started process (PID=7847) to work on /opt/airflow/dags/airflow_dag_spark_streaming.py
[2026-01-28T16:35:51.903+0000] {processor.py:830} INFO - Processing file /opt/airflow/dags/airflow_dag_spark_streaming.py for tasks to queue
[2026-01-28T16:35:51.905+0000] {logging_mixin.py:188} INFO - [2026-01-28T16:35:51.904+0000] {dagbag.py:538} INFO - Filling up the DagBag from /opt/airflow/dags/airflow_dag_spark_streaming.py
[2026-01-28T16:35:51.926+0000] {processor.py:840} INFO - DAG(s) 'spark_sgp4_streaming' retrieved from /opt/airflow/dags/airflow_dag_spark_streaming.py
[2026-01-28T16:35:51.980+0000] {logging_mixin.py:188} INFO - [2026-01-28T16:35:51.980+0000] {dag.py:3036} INFO - Sync 1 DAGs
[2026-01-28T16:35:52.006+0000] {logging_mixin.py:188} INFO - [2026-01-28T16:35:52.005+0000] {dag.py:3823} INFO - Setting next_dagrun for spark_sgp4_streaming to None, run_after=None
[2026-01-28T16:35:52.036+0000] {processor.py:183} INFO - Processing /opt/airflow/dags/airflow_dag_spark_streaming.py took 0.142 seconds
[2026-01-28T16:36:22.244+0000] {processor.py:161} INFO - Started process (PID=7857) to work on /opt/airflow/dags/airflow_dag_spark_streaming.py
[2026-01-28T16:36:22.247+0000] {processor.py:830} INFO - Processing file /opt/airflow/dags/airflow_dag_spark_streaming.py for tasks to queue
[2026-01-28T16:36:22.248+0000] {logging_mixin.py:188} INFO - [2026-01-28T16:36:22.247+0000] {dagbag.py:538} INFO - Filling up the DagBag from /opt/airflow/dags/airflow_dag_spark_streaming.py
[2026-01-28T16:36:22.268+0000] {processor.py:840} INFO - DAG(s) 'spark_sgp4_streaming' retrieved from /opt/airflow/dags/airflow_dag_spark_streaming.py
[2026-01-28T16:36:22.317+0000] {logging_mixin.py:188} INFO - [2026-01-28T16:36:22.317+0000] {dag.py:3036} INFO - Sync 1 DAGs
[2026-01-28T16:36:22.342+0000] {logging_mixin.py:188} INFO - [2026-01-28T16:36:22.342+0000] {dag.py:3823} INFO - Setting next_dagrun for spark_sgp4_streaming to None, run_after=None
[2026-01-28T16:36:22.374+0000] {processor.py:183} INFO - Processing /opt/airflow/dags/airflow_dag_spark_streaming.py took 0.135 seconds
[2026-01-28T16:36:52.566+0000] {processor.py:161} INFO - Started process (PID=7867) to work on /opt/airflow/dags/airflow_dag_spark_streaming.py
[2026-01-28T16:36:52.568+0000] {processor.py:830} INFO - Processing file /opt/airflow/dags/airflow_dag_spark_streaming.py for tasks to queue
[2026-01-28T16:36:52.570+0000] {logging_mixin.py:188} INFO - [2026-01-28T16:36:52.569+0000] {dagbag.py:538} INFO - Filling up the DagBag from /opt/airflow/dags/airflow_dag_spark_streaming.py
[2026-01-28T16:36:52.588+0000] {processor.py:840} INFO - DAG(s) 'spark_sgp4_streaming' retrieved from /opt/airflow/dags/airflow_dag_spark_streaming.py
[2026-01-28T16:36:52.635+0000] {logging_mixin.py:188} INFO - [2026-01-28T16:36:52.635+0000] {dag.py:3036} INFO - Sync 1 DAGs
[2026-01-28T16:36:52.660+0000] {logging_mixin.py:188} INFO - [2026-01-28T16:36:52.660+0000] {dag.py:3823} INFO - Setting next_dagrun for spark_sgp4_streaming to None, run_after=None
[2026-01-28T16:36:52.693+0000] {processor.py:183} INFO - Processing /opt/airflow/dags/airflow_dag_spark_streaming.py took 0.130 seconds
[2026-01-28T16:37:22.905+0000] {processor.py:161} INFO - Started process (PID=7877) to work on /opt/airflow/dags/airflow_dag_spark_streaming.py
[2026-01-28T16:37:22.908+0000] {processor.py:830} INFO - Processing file /opt/airflow/dags/airflow_dag_spark_streaming.py for tasks to queue
[2026-01-28T16:37:22.910+0000] {logging_mixin.py:188} INFO - [2026-01-28T16:37:22.909+0000] {dagbag.py:538} INFO - Filling up the DagBag from /opt/airflow/dags/airflow_dag_spark_streaming.py
[2026-01-28T16:37:22.931+0000] {processor.py:840} INFO - DAG(s) 'spark_sgp4_streaming' retrieved from /opt/airflow/dags/airflow_dag_spark_streaming.py
[2026-01-28T16:37:22.988+0000] {logging_mixin.py:188} INFO - [2026-01-28T16:37:22.987+0000] {dag.py:3036} INFO - Sync 1 DAGs
[2026-01-28T16:37:23.013+0000] {logging_mixin.py:188} INFO - [2026-01-28T16:37:23.013+0000] {dag.py:3823} INFO - Setting next_dagrun for spark_sgp4_streaming to None, run_after=None
[2026-01-28T16:37:23.041+0000] {processor.py:183} INFO - Processing /opt/airflow/dags/airflow_dag_spark_streaming.py took 0.143 seconds
[2026-01-28T16:37:53.237+0000] {processor.py:161} INFO - Started process (PID=7887) to work on /opt/airflow/dags/airflow_dag_spark_streaming.py
[2026-01-28T16:37:53.240+0000] {processor.py:830} INFO - Processing file /opt/airflow/dags/airflow_dag_spark_streaming.py for tasks to queue
[2026-01-28T16:37:53.242+0000] {logging_mixin.py:188} INFO - [2026-01-28T16:37:53.241+0000] {dagbag.py:538} INFO - Filling up the DagBag from /opt/airflow/dags/airflow_dag_spark_streaming.py
[2026-01-28T16:37:53.263+0000] {processor.py:840} INFO - DAG(s) 'spark_sgp4_streaming' retrieved from /opt/airflow/dags/airflow_dag_spark_streaming.py
[2026-01-28T16:37:53.320+0000] {logging_mixin.py:188} INFO - [2026-01-28T16:37:53.320+0000] {dag.py:3036} INFO - Sync 1 DAGs
[2026-01-28T16:37:53.345+0000] {logging_mixin.py:188} INFO - [2026-01-28T16:37:53.345+0000] {dag.py:3823} INFO - Setting next_dagrun for spark_sgp4_streaming to None, run_after=None
[2026-01-28T16:37:53.380+0000] {processor.py:183} INFO - Processing /opt/airflow/dags/airflow_dag_spark_streaming.py took 0.150 seconds
[2026-01-28T16:38:23.556+0000] {processor.py:161} INFO - Started process (PID=7897) to work on /opt/airflow/dags/airflow_dag_spark_streaming.py
[2026-01-28T16:38:23.559+0000] {processor.py:830} INFO - Processing file /opt/airflow/dags/airflow_dag_spark_streaming.py for tasks to queue
[2026-01-28T16:38:23.561+0000] {logging_mixin.py:188} INFO - [2026-01-28T16:38:23.560+0000] {dagbag.py:538} INFO - Filling up the DagBag from /opt/airflow/dags/airflow_dag_spark_streaming.py
[2026-01-28T16:38:23.575+0000] {processor.py:840} INFO - DAG(s) 'spark_sgp4_streaming' retrieved from /opt/airflow/dags/airflow_dag_spark_streaming.py
[2026-01-28T16:38:23.611+0000] {logging_mixin.py:188} INFO - [2026-01-28T16:38:23.611+0000] {dag.py:3036} INFO - Sync 1 DAGs
[2026-01-28T16:38:23.629+0000] {logging_mixin.py:188} INFO - [2026-01-28T16:38:23.628+0000] {dag.py:3823} INFO - Setting next_dagrun for spark_sgp4_streaming to None, run_after=None
[2026-01-28T16:38:23.654+0000] {processor.py:183} INFO - Processing /opt/airflow/dags/airflow_dag_spark_streaming.py took 0.104 seconds
[2026-01-28T16:38:53.836+0000] {processor.py:161} INFO - Started process (PID=7907) to work on /opt/airflow/dags/airflow_dag_spark_streaming.py
[2026-01-28T16:38:53.839+0000] {processor.py:830} INFO - Processing file /opt/airflow/dags/airflow_dag_spark_streaming.py for tasks to queue
[2026-01-28T16:38:53.841+0000] {logging_mixin.py:188} INFO - [2026-01-28T16:38:53.840+0000] {dagbag.py:538} INFO - Filling up the DagBag from /opt/airflow/dags/airflow_dag_spark_streaming.py
[2026-01-28T16:38:53.854+0000] {processor.py:840} INFO - DAG(s) 'spark_sgp4_streaming' retrieved from /opt/airflow/dags/airflow_dag_spark_streaming.py
[2026-01-28T16:38:53.902+0000] {logging_mixin.py:188} INFO - [2026-01-28T16:38:53.901+0000] {dag.py:3036} INFO - Sync 1 DAGs
[2026-01-28T16:38:53.927+0000] {logging_mixin.py:188} INFO - [2026-01-28T16:38:53.927+0000] {dag.py:3823} INFO - Setting next_dagrun for spark_sgp4_streaming to None, run_after=None
[2026-01-28T16:38:53.960+0000] {processor.py:183} INFO - Processing /opt/airflow/dags/airflow_dag_spark_streaming.py took 0.129 seconds
[2026-01-28T16:39:24.172+0000] {processor.py:161} INFO - Started process (PID=7917) to work on /opt/airflow/dags/airflow_dag_spark_streaming.py
[2026-01-28T16:39:24.175+0000] {processor.py:830} INFO - Processing file /opt/airflow/dags/airflow_dag_spark_streaming.py for tasks to queue
[2026-01-28T16:39:24.177+0000] {logging_mixin.py:188} INFO - [2026-01-28T16:39:24.176+0000] {dagbag.py:538} INFO - Filling up the DagBag from /opt/airflow/dags/airflow_dag_spark_streaming.py
[2026-01-28T16:39:24.198+0000] {processor.py:840} INFO - DAG(s) 'spark_sgp4_streaming' retrieved from /opt/airflow/dags/airflow_dag_spark_streaming.py
[2026-01-28T16:39:24.251+0000] {logging_mixin.py:188} INFO - [2026-01-28T16:39:24.251+0000] {dag.py:3036} INFO - Sync 1 DAGs
[2026-01-28T16:39:24.276+0000] {logging_mixin.py:188} INFO - [2026-01-28T16:39:24.276+0000] {dag.py:3823} INFO - Setting next_dagrun for spark_sgp4_streaming to None, run_after=None
[2026-01-28T16:39:24.303+0000] {processor.py:183} INFO - Processing /opt/airflow/dags/airflow_dag_spark_streaming.py took 0.137 seconds
[2026-01-28T16:39:54.483+0000] {processor.py:161} INFO - Started process (PID=7927) to work on /opt/airflow/dags/airflow_dag_spark_streaming.py
[2026-01-28T16:39:54.486+0000] {processor.py:830} INFO - Processing file /opt/airflow/dags/airflow_dag_spark_streaming.py for tasks to queue
[2026-01-28T16:39:54.487+0000] {logging_mixin.py:188} INFO - [2026-01-28T16:39:54.486+0000] {dagbag.py:538} INFO - Filling up the DagBag from /opt/airflow/dags/airflow_dag_spark_streaming.py
[2026-01-28T16:39:54.500+0000] {processor.py:840} INFO - DAG(s) 'spark_sgp4_streaming' retrieved from /opt/airflow/dags/airflow_dag_spark_streaming.py
[2026-01-28T16:39:54.538+0000] {logging_mixin.py:188} INFO - [2026-01-28T16:39:54.538+0000] {dag.py:3036} INFO - Sync 1 DAGs
[2026-01-28T16:39:54.558+0000] {logging_mixin.py:188} INFO - [2026-01-28T16:39:54.558+0000] {dag.py:3823} INFO - Setting next_dagrun for spark_sgp4_streaming to None, run_after=None
[2026-01-28T16:39:54.583+0000] {processor.py:183} INFO - Processing /opt/airflow/dags/airflow_dag_spark_streaming.py took 0.103 seconds
[2026-01-28T16:40:24.766+0000] {processor.py:161} INFO - Started process (PID=7937) to work on /opt/airflow/dags/airflow_dag_spark_streaming.py
[2026-01-28T16:40:24.768+0000] {processor.py:830} INFO - Processing file /opt/airflow/dags/airflow_dag_spark_streaming.py for tasks to queue
[2026-01-28T16:40:24.769+0000] {logging_mixin.py:188} INFO - [2026-01-28T16:40:24.769+0000] {dagbag.py:538} INFO - Filling up the DagBag from /opt/airflow/dags/airflow_dag_spark_streaming.py
[2026-01-28T16:40:24.782+0000] {processor.py:840} INFO - DAG(s) 'spark_sgp4_streaming' retrieved from /opt/airflow/dags/airflow_dag_spark_streaming.py
[2026-01-28T16:40:24.822+0000] {logging_mixin.py:188} INFO - [2026-01-28T16:40:24.822+0000] {dag.py:3036} INFO - Sync 1 DAGs
[2026-01-28T16:40:24.839+0000] {logging_mixin.py:188} INFO - [2026-01-28T16:40:24.839+0000] {dag.py:3823} INFO - Setting next_dagrun for spark_sgp4_streaming to None, run_after=None
[2026-01-28T16:40:24.863+0000] {processor.py:183} INFO - Processing /opt/airflow/dags/airflow_dag_spark_streaming.py took 0.101 seconds
[2026-01-28T16:40:55.059+0000] {processor.py:161} INFO - Started process (PID=7947) to work on /opt/airflow/dags/airflow_dag_spark_streaming.py
[2026-01-28T16:40:55.062+0000] {processor.py:830} INFO - Processing file /opt/airflow/dags/airflow_dag_spark_streaming.py for tasks to queue
[2026-01-28T16:40:55.064+0000] {logging_mixin.py:188} INFO - [2026-01-28T16:40:55.063+0000] {dagbag.py:538} INFO - Filling up the DagBag from /opt/airflow/dags/airflow_dag_spark_streaming.py
[2026-01-28T16:40:55.085+0000] {processor.py:840} INFO - DAG(s) 'spark_sgp4_streaming' retrieved from /opt/airflow/dags/airflow_dag_spark_streaming.py
[2026-01-28T16:40:55.140+0000] {logging_mixin.py:188} INFO - [2026-01-28T16:40:55.140+0000] {dag.py:3036} INFO - Sync 1 DAGs
[2026-01-28T16:40:55.165+0000] {logging_mixin.py:188} INFO - [2026-01-28T16:40:55.165+0000] {dag.py:3823} INFO - Setting next_dagrun for spark_sgp4_streaming to None, run_after=None
[2026-01-28T16:40:55.199+0000] {processor.py:183} INFO - Processing /opt/airflow/dags/airflow_dag_spark_streaming.py took 0.147 seconds
[2026-01-28T16:41:25.390+0000] {processor.py:161} INFO - Started process (PID=7957) to work on /opt/airflow/dags/airflow_dag_spark_streaming.py
[2026-01-28T16:41:25.392+0000] {processor.py:830} INFO - Processing file /opt/airflow/dags/airflow_dag_spark_streaming.py for tasks to queue
[2026-01-28T16:41:25.393+0000] {logging_mixin.py:188} INFO - [2026-01-28T16:41:25.393+0000] {dagbag.py:538} INFO - Filling up the DagBag from /opt/airflow/dags/airflow_dag_spark_streaming.py
[2026-01-28T16:41:25.406+0000] {processor.py:840} INFO - DAG(s) 'spark_sgp4_streaming' retrieved from /opt/airflow/dags/airflow_dag_spark_streaming.py
[2026-01-28T16:41:25.452+0000] {logging_mixin.py:188} INFO - [2026-01-28T16:41:25.451+0000] {dag.py:3036} INFO - Sync 1 DAGs
[2026-01-28T16:41:25.477+0000] {logging_mixin.py:188} INFO - [2026-01-28T16:41:25.477+0000] {dag.py:3823} INFO - Setting next_dagrun for spark_sgp4_streaming to None, run_after=None
[2026-01-28T16:41:25.508+0000] {processor.py:183} INFO - Processing /opt/airflow/dags/airflow_dag_spark_streaming.py took 0.122 seconds
[2026-01-28T16:41:55.690+0000] {processor.py:161} INFO - Started process (PID=7967) to work on /opt/airflow/dags/airflow_dag_spark_streaming.py
[2026-01-28T16:41:55.693+0000] {processor.py:830} INFO - Processing file /opt/airflow/dags/airflow_dag_spark_streaming.py for tasks to queue
[2026-01-28T16:41:55.694+0000] {logging_mixin.py:188} INFO - [2026-01-28T16:41:55.693+0000] {dagbag.py:538} INFO - Filling up the DagBag from /opt/airflow/dags/airflow_dag_spark_streaming.py
[2026-01-28T16:41:55.707+0000] {processor.py:840} INFO - DAG(s) 'spark_sgp4_streaming' retrieved from /opt/airflow/dags/airflow_dag_spark_streaming.py
[2026-01-28T16:41:55.746+0000] {logging_mixin.py:188} INFO - [2026-01-28T16:41:55.746+0000] {dag.py:3036} INFO - Sync 1 DAGs
[2026-01-28T16:41:55.765+0000] {logging_mixin.py:188} INFO - [2026-01-28T16:41:55.765+0000] {dag.py:3823} INFO - Setting next_dagrun for spark_sgp4_streaming to None, run_after=None
[2026-01-28T16:41:55.795+0000] {processor.py:183} INFO - Processing /opt/airflow/dags/airflow_dag_spark_streaming.py took 0.109 seconds
[2026-01-28T16:42:25.989+0000] {processor.py:161} INFO - Started process (PID=7977) to work on /opt/airflow/dags/airflow_dag_spark_streaming.py
[2026-01-28T16:42:25.992+0000] {processor.py:830} INFO - Processing file /opt/airflow/dags/airflow_dag_spark_streaming.py for tasks to queue
[2026-01-28T16:42:25.994+0000] {logging_mixin.py:188} INFO - [2026-01-28T16:42:25.993+0000] {dagbag.py:538} INFO - Filling up the DagBag from /opt/airflow/dags/airflow_dag_spark_streaming.py
[2026-01-28T16:42:26.007+0000] {processor.py:840} INFO - DAG(s) 'spark_sgp4_streaming' retrieved from /opt/airflow/dags/airflow_dag_spark_streaming.py
[2026-01-28T16:42:26.050+0000] {logging_mixin.py:188} INFO - [2026-01-28T16:42:26.050+0000] {dag.py:3036} INFO - Sync 1 DAGs
[2026-01-28T16:42:26.075+0000] {logging_mixin.py:188} INFO - [2026-01-28T16:42:26.075+0000] {dag.py:3823} INFO - Setting next_dagrun for spark_sgp4_streaming to None, run_after=None
[2026-01-28T16:42:26.103+0000] {processor.py:183} INFO - Processing /opt/airflow/dags/airflow_dag_spark_streaming.py took 0.118 seconds
[2026-01-28T16:42:56.276+0000] {processor.py:161} INFO - Started process (PID=7987) to work on /opt/airflow/dags/airflow_dag_spark_streaming.py
[2026-01-28T16:42:56.278+0000] {processor.py:830} INFO - Processing file /opt/airflow/dags/airflow_dag_spark_streaming.py for tasks to queue
[2026-01-28T16:42:56.279+0000] {logging_mixin.py:188} INFO - [2026-01-28T16:42:56.278+0000] {dagbag.py:538} INFO - Filling up the DagBag from /opt/airflow/dags/airflow_dag_spark_streaming.py
[2026-01-28T16:42:56.292+0000] {processor.py:840} INFO - DAG(s) 'spark_sgp4_streaming' retrieved from /opt/airflow/dags/airflow_dag_spark_streaming.py
[2026-01-28T16:42:56.334+0000] {logging_mixin.py:188} INFO - [2026-01-28T16:42:56.334+0000] {dag.py:3036} INFO - Sync 1 DAGs
[2026-01-28T16:42:56.353+0000] {logging_mixin.py:188} INFO - [2026-01-28T16:42:56.353+0000] {dag.py:3823} INFO - Setting next_dagrun for spark_sgp4_streaming to None, run_after=None
[2026-01-28T16:42:56.379+0000] {processor.py:183} INFO - Processing /opt/airflow/dags/airflow_dag_spark_streaming.py took 0.107 seconds
[2026-01-28T16:43:26.576+0000] {processor.py:161} INFO - Started process (PID=7997) to work on /opt/airflow/dags/airflow_dag_spark_streaming.py
[2026-01-28T16:43:26.579+0000] {processor.py:830} INFO - Processing file /opt/airflow/dags/airflow_dag_spark_streaming.py for tasks to queue
[2026-01-28T16:43:26.581+0000] {logging_mixin.py:188} INFO - [2026-01-28T16:43:26.580+0000] {dagbag.py:538} INFO - Filling up the DagBag from /opt/airflow/dags/airflow_dag_spark_streaming.py
[2026-01-28T16:43:26.601+0000] {processor.py:840} INFO - DAG(s) 'spark_sgp4_streaming' retrieved from /opt/airflow/dags/airflow_dag_spark_streaming.py
[2026-01-28T16:43:26.658+0000] {logging_mixin.py:188} INFO - [2026-01-28T16:43:26.657+0000] {dag.py:3036} INFO - Sync 1 DAGs
[2026-01-28T16:43:26.683+0000] {logging_mixin.py:188} INFO - [2026-01-28T16:43:26.682+0000] {dag.py:3823} INFO - Setting next_dagrun for spark_sgp4_streaming to None, run_after=None
[2026-01-28T16:43:26.715+0000] {processor.py:183} INFO - Processing /opt/airflow/dags/airflow_dag_spark_streaming.py took 0.145 seconds
[2026-01-28T16:43:56.919+0000] {processor.py:161} INFO - Started process (PID=8007) to work on /opt/airflow/dags/airflow_dag_spark_streaming.py
[2026-01-28T16:43:56.920+0000] {processor.py:830} INFO - Processing file /opt/airflow/dags/airflow_dag_spark_streaming.py for tasks to queue
[2026-01-28T16:43:56.921+0000] {logging_mixin.py:188} INFO - [2026-01-28T16:43:56.921+0000] {dagbag.py:538} INFO - Filling up the DagBag from /opt/airflow/dags/airflow_dag_spark_streaming.py
[2026-01-28T16:43:56.942+0000] {processor.py:840} INFO - DAG(s) 'spark_sgp4_streaming' retrieved from /opt/airflow/dags/airflow_dag_spark_streaming.py
[2026-01-28T16:43:56.992+0000] {logging_mixin.py:188} INFO - [2026-01-28T16:43:56.992+0000] {dag.py:3036} INFO - Sync 1 DAGs
[2026-01-28T16:43:57.010+0000] {logging_mixin.py:188} INFO - [2026-01-28T16:43:57.009+0000] {dag.py:3823} INFO - Setting next_dagrun for spark_sgp4_streaming to None, run_after=None
[2026-01-28T16:43:57.036+0000] {processor.py:183} INFO - Processing /opt/airflow/dags/airflow_dag_spark_streaming.py took 0.124 seconds
[2026-01-28T16:44:27.241+0000] {processor.py:161} INFO - Started process (PID=8017) to work on /opt/airflow/dags/airflow_dag_spark_streaming.py
[2026-01-28T16:44:27.244+0000] {processor.py:830} INFO - Processing file /opt/airflow/dags/airflow_dag_spark_streaming.py for tasks to queue
[2026-01-28T16:44:27.246+0000] {logging_mixin.py:188} INFO - [2026-01-28T16:44:27.245+0000] {dagbag.py:538} INFO - Filling up the DagBag from /opt/airflow/dags/airflow_dag_spark_streaming.py
[2026-01-28T16:44:27.267+0000] {processor.py:840} INFO - DAG(s) 'spark_sgp4_streaming' retrieved from /opt/airflow/dags/airflow_dag_spark_streaming.py
[2026-01-28T16:44:27.325+0000] {logging_mixin.py:188} INFO - [2026-01-28T16:44:27.324+0000] {dag.py:3036} INFO - Sync 1 DAGs
[2026-01-28T16:44:27.350+0000] {logging_mixin.py:188} INFO - [2026-01-28T16:44:27.349+0000] {dag.py:3823} INFO - Setting next_dagrun for spark_sgp4_streaming to None, run_after=None
[2026-01-28T16:44:27.383+0000] {processor.py:183} INFO - Processing /opt/airflow/dags/airflow_dag_spark_streaming.py took 0.148 seconds
[2026-01-28T16:44:57.592+0000] {processor.py:161} INFO - Started process (PID=8027) to work on /opt/airflow/dags/airflow_dag_spark_streaming.py
[2026-01-28T16:44:57.595+0000] {processor.py:830} INFO - Processing file /opt/airflow/dags/airflow_dag_spark_streaming.py for tasks to queue
[2026-01-28T16:44:57.597+0000] {logging_mixin.py:188} INFO - [2026-01-28T16:44:57.596+0000] {dagbag.py:538} INFO - Filling up the DagBag from /opt/airflow/dags/airflow_dag_spark_streaming.py
[2026-01-28T16:44:57.617+0000] {processor.py:840} INFO - DAG(s) 'spark_sgp4_streaming' retrieved from /opt/airflow/dags/airflow_dag_spark_streaming.py
[2026-01-28T16:44:57.662+0000] {logging_mixin.py:188} INFO - [2026-01-28T16:44:57.662+0000] {dag.py:3036} INFO - Sync 1 DAGs
[2026-01-28T16:44:57.681+0000] {logging_mixin.py:188} INFO - [2026-01-28T16:44:57.681+0000] {dag.py:3823} INFO - Setting next_dagrun for spark_sgp4_streaming to None, run_after=None
[2026-01-28T16:44:57.710+0000] {processor.py:183} INFO - Processing /opt/airflow/dags/airflow_dag_spark_streaming.py took 0.125 seconds
[2026-01-28T16:45:27.913+0000] {processor.py:161} INFO - Started process (PID=8037) to work on /opt/airflow/dags/airflow_dag_spark_streaming.py
[2026-01-28T16:45:27.916+0000] {processor.py:830} INFO - Processing file /opt/airflow/dags/airflow_dag_spark_streaming.py for tasks to queue
[2026-01-28T16:45:27.918+0000] {logging_mixin.py:188} INFO - [2026-01-28T16:45:27.917+0000] {dagbag.py:538} INFO - Filling up the DagBag from /opt/airflow/dags/airflow_dag_spark_streaming.py
[2026-01-28T16:45:27.938+0000] {processor.py:840} INFO - DAG(s) 'spark_sgp4_streaming' retrieved from /opt/airflow/dags/airflow_dag_spark_streaming.py
[2026-01-28T16:45:27.993+0000] {logging_mixin.py:188} INFO - [2026-01-28T16:45:27.993+0000] {dag.py:3036} INFO - Sync 1 DAGs
[2026-01-28T16:45:28.018+0000] {logging_mixin.py:188} INFO - [2026-01-28T16:45:28.018+0000] {dag.py:3823} INFO - Setting next_dagrun for spark_sgp4_streaming to None, run_after=None
[2026-01-28T16:45:28.051+0000] {processor.py:183} INFO - Processing /opt/airflow/dags/airflow_dag_spark_streaming.py took 0.144 seconds
[2026-01-28T16:45:58.256+0000] {processor.py:161} INFO - Started process (PID=8047) to work on /opt/airflow/dags/airflow_dag_spark_streaming.py
[2026-01-28T16:45:58.259+0000] {processor.py:830} INFO - Processing file /opt/airflow/dags/airflow_dag_spark_streaming.py for tasks to queue
[2026-01-28T16:45:58.261+0000] {logging_mixin.py:188} INFO - [2026-01-28T16:45:58.260+0000] {dagbag.py:538} INFO - Filling up the DagBag from /opt/airflow/dags/airflow_dag_spark_streaming.py
[2026-01-28T16:45:58.282+0000] {processor.py:840} INFO - DAG(s) 'spark_sgp4_streaming' retrieved from /opt/airflow/dags/airflow_dag_spark_streaming.py
[2026-01-28T16:45:58.326+0000] {logging_mixin.py:188} INFO - [2026-01-28T16:45:58.325+0000] {dag.py:3036} INFO - Sync 1 DAGs
[2026-01-28T16:45:58.343+0000] {logging_mixin.py:188} INFO - [2026-01-28T16:45:58.343+0000] {dag.py:3823} INFO - Setting next_dagrun for spark_sgp4_streaming to None, run_after=None
[2026-01-28T16:45:58.368+0000] {processor.py:183} INFO - Processing /opt/airflow/dags/airflow_dag_spark_streaming.py took 0.119 seconds
[2026-01-28T16:46:28.566+0000] {processor.py:161} INFO - Started process (PID=8057) to work on /opt/airflow/dags/airflow_dag_spark_streaming.py
[2026-01-28T16:46:28.569+0000] {processor.py:830} INFO - Processing file /opt/airflow/dags/airflow_dag_spark_streaming.py for tasks to queue
[2026-01-28T16:46:28.571+0000] {logging_mixin.py:188} INFO - [2026-01-28T16:46:28.570+0000] {dagbag.py:538} INFO - Filling up the DagBag from /opt/airflow/dags/airflow_dag_spark_streaming.py
[2026-01-28T16:46:28.591+0000] {processor.py:840} INFO - DAG(s) 'spark_sgp4_streaming' retrieved from /opt/airflow/dags/airflow_dag_spark_streaming.py
[2026-01-28T16:46:28.644+0000] {logging_mixin.py:188} INFO - [2026-01-28T16:46:28.644+0000] {dag.py:3036} INFO - Sync 1 DAGs
[2026-01-28T16:46:28.670+0000] {logging_mixin.py:188} INFO - [2026-01-28T16:46:28.670+0000] {dag.py:3823} INFO - Setting next_dagrun for spark_sgp4_streaming to None, run_after=None
[2026-01-28T16:46:28.700+0000] {processor.py:183} INFO - Processing /opt/airflow/dags/airflow_dag_spark_streaming.py took 0.140 seconds
[2026-01-28T16:46:58.900+0000] {processor.py:161} INFO - Started process (PID=8067) to work on /opt/airflow/dags/airflow_dag_spark_streaming.py
[2026-01-28T16:46:58.902+0000] {processor.py:830} INFO - Processing file /opt/airflow/dags/airflow_dag_spark_streaming.py for tasks to queue
[2026-01-28T16:46:58.903+0000] {logging_mixin.py:188} INFO - [2026-01-28T16:46:58.903+0000] {dagbag.py:538} INFO - Filling up the DagBag from /opt/airflow/dags/airflow_dag_spark_streaming.py
[2026-01-28T16:46:58.918+0000] {processor.py:840} INFO - DAG(s) 'spark_sgp4_streaming' retrieved from /opt/airflow/dags/airflow_dag_spark_streaming.py
[2026-01-28T16:46:58.966+0000] {logging_mixin.py:188} INFO - [2026-01-28T16:46:58.966+0000] {dag.py:3036} INFO - Sync 1 DAGs
[2026-01-28T16:46:58.992+0000] {logging_mixin.py:188} INFO - [2026-01-28T16:46:58.992+0000] {dag.py:3823} INFO - Setting next_dagrun for spark_sgp4_streaming to None, run_after=None
[2026-01-28T16:46:59.022+0000] {processor.py:183} INFO - Processing /opt/airflow/dags/airflow_dag_spark_streaming.py took 0.127 seconds
[2026-01-28T16:47:29.234+0000] {processor.py:161} INFO - Started process (PID=8077) to work on /opt/airflow/dags/airflow_dag_spark_streaming.py
[2026-01-28T16:47:29.237+0000] {processor.py:830} INFO - Processing file /opt/airflow/dags/airflow_dag_spark_streaming.py for tasks to queue
[2026-01-28T16:47:29.238+0000] {logging_mixin.py:188} INFO - [2026-01-28T16:47:29.238+0000] {dagbag.py:538} INFO - Filling up the DagBag from /opt/airflow/dags/airflow_dag_spark_streaming.py
[2026-01-28T16:47:29.260+0000] {processor.py:840} INFO - DAG(s) 'spark_sgp4_streaming' retrieved from /opt/airflow/dags/airflow_dag_spark_streaming.py
[2026-01-28T16:47:29.318+0000] {logging_mixin.py:188} INFO - [2026-01-28T16:47:29.318+0000] {dag.py:3036} INFO - Sync 1 DAGs
[2026-01-28T16:47:29.343+0000] {logging_mixin.py:188} INFO - [2026-01-28T16:47:29.343+0000] {dag.py:3823} INFO - Setting next_dagrun for spark_sgp4_streaming to None, run_after=None
[2026-01-28T16:47:29.373+0000] {processor.py:183} INFO - Processing /opt/airflow/dags/airflow_dag_spark_streaming.py took 0.146 seconds
[2026-01-28T16:47:59.571+0000] {processor.py:161} INFO - Started process (PID=8087) to work on /opt/airflow/dags/airflow_dag_spark_streaming.py
[2026-01-28T16:47:59.574+0000] {processor.py:830} INFO - Processing file /opt/airflow/dags/airflow_dag_spark_streaming.py for tasks to queue
[2026-01-28T16:47:59.575+0000] {logging_mixin.py:188} INFO - [2026-01-28T16:47:59.575+0000] {dagbag.py:538} INFO - Filling up the DagBag from /opt/airflow/dags/airflow_dag_spark_streaming.py
[2026-01-28T16:47:59.597+0000] {processor.py:840} INFO - DAG(s) 'spark_sgp4_streaming' retrieved from /opt/airflow/dags/airflow_dag_spark_streaming.py
[2026-01-28T16:47:59.654+0000] {logging_mixin.py:188} INFO - [2026-01-28T16:47:59.654+0000] {dag.py:3036} INFO - Sync 1 DAGs
[2026-01-28T16:47:59.679+0000] {logging_mixin.py:188} INFO - [2026-01-28T16:47:59.679+0000] {dag.py:3823} INFO - Setting next_dagrun for spark_sgp4_streaming to None, run_after=None
[2026-01-28T16:47:59.715+0000] {processor.py:183} INFO - Processing /opt/airflow/dags/airflow_dag_spark_streaming.py took 0.151 seconds
[2026-01-28T16:48:29.925+0000] {processor.py:161} INFO - Started process (PID=8097) to work on /opt/airflow/dags/airflow_dag_spark_streaming.py
[2026-01-28T16:48:29.927+0000] {processor.py:830} INFO - Processing file /opt/airflow/dags/airflow_dag_spark_streaming.py for tasks to queue
[2026-01-28T16:48:29.929+0000] {logging_mixin.py:188} INFO - [2026-01-28T16:48:29.928+0000] {dagbag.py:538} INFO - Filling up the DagBag from /opt/airflow/dags/airflow_dag_spark_streaming.py
[2026-01-28T16:48:29.950+0000] {processor.py:840} INFO - DAG(s) 'spark_sgp4_streaming' retrieved from /opt/airflow/dags/airflow_dag_spark_streaming.py
[2026-01-28T16:48:30.004+0000] {logging_mixin.py:188} INFO - [2026-01-28T16:48:30.003+0000] {dag.py:3036} INFO - Sync 1 DAGs
[2026-01-28T16:48:30.024+0000] {logging_mixin.py:188} INFO - [2026-01-28T16:48:30.024+0000] {dag.py:3823} INFO - Setting next_dagrun for spark_sgp4_streaming to None, run_after=None
[2026-01-28T16:48:30.050+0000] {processor.py:183} INFO - Processing /opt/airflow/dags/airflow_dag_spark_streaming.py took 0.132 seconds
[2026-01-28T16:49:00.251+0000] {processor.py:161} INFO - Started process (PID=8107) to work on /opt/airflow/dags/airflow_dag_spark_streaming.py
[2026-01-28T16:49:00.254+0000] {processor.py:830} INFO - Processing file /opt/airflow/dags/airflow_dag_spark_streaming.py for tasks to queue
[2026-01-28T16:49:00.255+0000] {logging_mixin.py:188} INFO - [2026-01-28T16:49:00.255+0000] {dagbag.py:538} INFO - Filling up the DagBag from /opt/airflow/dags/airflow_dag_spark_streaming.py
[2026-01-28T16:49:00.276+0000] {processor.py:840} INFO - DAG(s) 'spark_sgp4_streaming' retrieved from /opt/airflow/dags/airflow_dag_spark_streaming.py
[2026-01-28T16:49:00.334+0000] {logging_mixin.py:188} INFO - [2026-01-28T16:49:00.333+0000] {dag.py:3036} INFO - Sync 1 DAGs
[2026-01-28T16:49:00.359+0000] {logging_mixin.py:188} INFO - [2026-01-28T16:49:00.359+0000] {dag.py:3823} INFO - Setting next_dagrun for spark_sgp4_streaming to None, run_after=None
[2026-01-28T16:49:00.390+0000] {processor.py:183} INFO - Processing /opt/airflow/dags/airflow_dag_spark_streaming.py took 0.145 seconds
[2026-01-28T16:49:30.582+0000] {processor.py:161} INFO - Started process (PID=8117) to work on /opt/airflow/dags/airflow_dag_spark_streaming.py
[2026-01-28T16:49:30.585+0000] {processor.py:830} INFO - Processing file /opt/airflow/dags/airflow_dag_spark_streaming.py for tasks to queue
[2026-01-28T16:49:30.586+0000] {logging_mixin.py:188} INFO - [2026-01-28T16:49:30.585+0000] {dagbag.py:538} INFO - Filling up the DagBag from /opt/airflow/dags/airflow_dag_spark_streaming.py
[2026-01-28T16:49:30.600+0000] {processor.py:840} INFO - DAG(s) 'spark_sgp4_streaming' retrieved from /opt/airflow/dags/airflow_dag_spark_streaming.py
[2026-01-28T16:49:30.640+0000] {logging_mixin.py:188} INFO - [2026-01-28T16:49:30.640+0000] {dag.py:3036} INFO - Sync 1 DAGs
[2026-01-28T16:49:30.662+0000] {logging_mixin.py:188} INFO - [2026-01-28T16:49:30.662+0000] {dag.py:3823} INFO - Setting next_dagrun for spark_sgp4_streaming to None, run_after=None
[2026-01-28T16:49:30.692+0000] {processor.py:183} INFO - Processing /opt/airflow/dags/airflow_dag_spark_streaming.py took 0.114 seconds
[2026-01-28T16:50:00.874+0000] {processor.py:161} INFO - Started process (PID=8127) to work on /opt/airflow/dags/airflow_dag_spark_streaming.py
[2026-01-28T16:50:00.876+0000] {processor.py:830} INFO - Processing file /opt/airflow/dags/airflow_dag_spark_streaming.py for tasks to queue
[2026-01-28T16:50:00.877+0000] {logging_mixin.py:188} INFO - [2026-01-28T16:50:00.877+0000] {dagbag.py:538} INFO - Filling up the DagBag from /opt/airflow/dags/airflow_dag_spark_streaming.py
[2026-01-28T16:50:00.892+0000] {processor.py:840} INFO - DAG(s) 'spark_sgp4_streaming' retrieved from /opt/airflow/dags/airflow_dag_spark_streaming.py
[2026-01-28T16:50:00.935+0000] {logging_mixin.py:188} INFO - [2026-01-28T16:50:00.935+0000] {dag.py:3036} INFO - Sync 1 DAGs
[2026-01-28T16:50:00.956+0000] {logging_mixin.py:188} INFO - [2026-01-28T16:50:00.956+0000] {dag.py:3823} INFO - Setting next_dagrun for spark_sgp4_streaming to None, run_after=None
[2026-01-28T16:50:00.978+0000] {processor.py:183} INFO - Processing /opt/airflow/dags/airflow_dag_spark_streaming.py took 0.110 seconds
[2026-01-28T16:50:31.175+0000] {processor.py:161} INFO - Started process (PID=8137) to work on /opt/airflow/dags/airflow_dag_spark_streaming.py
[2026-01-28T16:50:31.176+0000] {processor.py:830} INFO - Processing file /opt/airflow/dags/airflow_dag_spark_streaming.py for tasks to queue
[2026-01-28T16:50:31.177+0000] {logging_mixin.py:188} INFO - [2026-01-28T16:50:31.177+0000] {dagbag.py:538} INFO - Filling up the DagBag from /opt/airflow/dags/airflow_dag_spark_streaming.py
[2026-01-28T16:50:31.190+0000] {processor.py:840} INFO - DAG(s) 'spark_sgp4_streaming' retrieved from /opt/airflow/dags/airflow_dag_spark_streaming.py
[2026-01-28T16:50:31.232+0000] {logging_mixin.py:188} INFO - [2026-01-28T16:50:31.232+0000] {dag.py:3036} INFO - Sync 1 DAGs
[2026-01-28T16:50:31.249+0000] {logging_mixin.py:188} INFO - [2026-01-28T16:50:31.248+0000] {dag.py:3823} INFO - Setting next_dagrun for spark_sgp4_streaming to None, run_after=None
[2026-01-28T16:50:31.266+0000] {processor.py:183} INFO - Processing /opt/airflow/dags/airflow_dag_spark_streaming.py took 0.098 seconds
[2026-01-28T16:51:01.460+0000] {processor.py:161} INFO - Started process (PID=8147) to work on /opt/airflow/dags/airflow_dag_spark_streaming.py
[2026-01-28T16:51:01.463+0000] {processor.py:830} INFO - Processing file /opt/airflow/dags/airflow_dag_spark_streaming.py for tasks to queue
[2026-01-28T16:51:01.464+0000] {logging_mixin.py:188} INFO - [2026-01-28T16:51:01.464+0000] {dagbag.py:538} INFO - Filling up the DagBag from /opt/airflow/dags/airflow_dag_spark_streaming.py
[2026-01-28T16:51:01.484+0000] {processor.py:840} INFO - DAG(s) 'spark_sgp4_streaming' retrieved from /opt/airflow/dags/airflow_dag_spark_streaming.py
[2026-01-28T16:51:01.540+0000] {logging_mixin.py:188} INFO - [2026-01-28T16:51:01.540+0000] {dag.py:3036} INFO - Sync 1 DAGs
[2026-01-28T16:51:01.566+0000] {logging_mixin.py:188} INFO - [2026-01-28T16:51:01.565+0000] {dag.py:3823} INFO - Setting next_dagrun for spark_sgp4_streaming to None, run_after=None
[2026-01-28T16:51:01.598+0000] {processor.py:183} INFO - Processing /opt/airflow/dags/airflow_dag_spark_streaming.py took 0.143 seconds
[2026-01-28T16:51:31.797+0000] {processor.py:161} INFO - Started process (PID=8157) to work on /opt/airflow/dags/airflow_dag_spark_streaming.py
[2026-01-28T16:51:31.799+0000] {processor.py:830} INFO - Processing file /opt/airflow/dags/airflow_dag_spark_streaming.py for tasks to queue
[2026-01-28T16:51:31.800+0000] {logging_mixin.py:188} INFO - [2026-01-28T16:51:31.800+0000] {dagbag.py:538} INFO - Filling up the DagBag from /opt/airflow/dags/airflow_dag_spark_streaming.py
[2026-01-28T16:51:31.819+0000] {processor.py:840} INFO - DAG(s) 'spark_sgp4_streaming' retrieved from /opt/airflow/dags/airflow_dag_spark_streaming.py
[2026-01-28T16:51:31.874+0000] {logging_mixin.py:188} INFO - [2026-01-28T16:51:31.874+0000] {dag.py:3036} INFO - Sync 1 DAGs
[2026-01-28T16:51:31.900+0000] {logging_mixin.py:188} INFO - [2026-01-28T16:51:31.899+0000] {dag.py:3823} INFO - Setting next_dagrun for spark_sgp4_streaming to None, run_after=None
[2026-01-28T16:51:31.936+0000] {processor.py:183} INFO - Processing /opt/airflow/dags/airflow_dag_spark_streaming.py took 0.143 seconds
[2026-01-28T16:52:02.139+0000] {processor.py:161} INFO - Started process (PID=8167) to work on /opt/airflow/dags/airflow_dag_spark_streaming.py
[2026-01-28T16:52:02.142+0000] {processor.py:830} INFO - Processing file /opt/airflow/dags/airflow_dag_spark_streaming.py for tasks to queue
[2026-01-28T16:52:02.143+0000] {logging_mixin.py:188} INFO - [2026-01-28T16:52:02.143+0000] {dagbag.py:538} INFO - Filling up the DagBag from /opt/airflow/dags/airflow_dag_spark_streaming.py
[2026-01-28T16:52:02.164+0000] {processor.py:840} INFO - DAG(s) 'spark_sgp4_streaming' retrieved from /opt/airflow/dags/airflow_dag_spark_streaming.py
[2026-01-28T16:52:02.216+0000] {logging_mixin.py:188} INFO - [2026-01-28T16:52:02.215+0000] {dag.py:3036} INFO - Sync 1 DAGs
[2026-01-28T16:52:02.241+0000] {logging_mixin.py:188} INFO - [2026-01-28T16:52:02.241+0000] {dag.py:3823} INFO - Setting next_dagrun for spark_sgp4_streaming to None, run_after=None
[2026-01-28T16:52:02.272+0000] {processor.py:183} INFO - Processing /opt/airflow/dags/airflow_dag_spark_streaming.py took 0.140 seconds
[2026-01-28T16:52:32.487+0000] {processor.py:161} INFO - Started process (PID=8177) to work on /opt/airflow/dags/airflow_dag_spark_streaming.py
[2026-01-28T16:52:32.490+0000] {processor.py:830} INFO - Processing file /opt/airflow/dags/airflow_dag_spark_streaming.py for tasks to queue
[2026-01-28T16:52:32.491+0000] {logging_mixin.py:188} INFO - [2026-01-28T16:52:32.490+0000] {dagbag.py:538} INFO - Filling up the DagBag from /opt/airflow/dags/airflow_dag_spark_streaming.py
[2026-01-28T16:52:32.512+0000] {processor.py:840} INFO - DAG(s) 'spark_sgp4_streaming' retrieved from /opt/airflow/dags/airflow_dag_spark_streaming.py
[2026-01-28T16:52:32.561+0000] {logging_mixin.py:188} INFO - [2026-01-28T16:52:32.561+0000] {dag.py:3036} INFO - Sync 1 DAGs
[2026-01-28T16:52:32.586+0000] {logging_mixin.py:188} INFO - [2026-01-28T16:52:32.586+0000] {dag.py:3823} INFO - Setting next_dagrun for spark_sgp4_streaming to None, run_after=None
[2026-01-28T16:52:32.619+0000] {processor.py:183} INFO - Processing /opt/airflow/dags/airflow_dag_spark_streaming.py took 0.139 seconds
[2026-01-28T16:53:02.820+0000] {processor.py:161} INFO - Started process (PID=8187) to work on /opt/airflow/dags/airflow_dag_spark_streaming.py
[2026-01-28T16:53:02.823+0000] {processor.py:830} INFO - Processing file /opt/airflow/dags/airflow_dag_spark_streaming.py for tasks to queue
[2026-01-28T16:53:02.824+0000] {logging_mixin.py:188} INFO - [2026-01-28T16:53:02.823+0000] {dagbag.py:538} INFO - Filling up the DagBag from /opt/airflow/dags/airflow_dag_spark_streaming.py
[2026-01-28T16:53:02.844+0000] {processor.py:840} INFO - DAG(s) 'spark_sgp4_streaming' retrieved from /opt/airflow/dags/airflow_dag_spark_streaming.py
[2026-01-28T16:53:02.898+0000] {logging_mixin.py:188} INFO - [2026-01-28T16:53:02.898+0000] {dag.py:3036} INFO - Sync 1 DAGs
[2026-01-28T16:53:02.923+0000] {logging_mixin.py:188} INFO - [2026-01-28T16:53:02.923+0000] {dag.py:3823} INFO - Setting next_dagrun for spark_sgp4_streaming to None, run_after=None
[2026-01-28T16:53:02.957+0000] {processor.py:183} INFO - Processing /opt/airflow/dags/airflow_dag_spark_streaming.py took 0.140 seconds
[2026-01-28T16:53:33.163+0000] {processor.py:161} INFO - Started process (PID=8197) to work on /opt/airflow/dags/airflow_dag_spark_streaming.py
[2026-01-28T16:53:33.166+0000] {processor.py:830} INFO - Processing file /opt/airflow/dags/airflow_dag_spark_streaming.py for tasks to queue
[2026-01-28T16:53:33.168+0000] {logging_mixin.py:188} INFO - [2026-01-28T16:53:33.167+0000] {dagbag.py:538} INFO - Filling up the DagBag from /opt/airflow/dags/airflow_dag_spark_streaming.py
[2026-01-28T16:53:33.183+0000] {processor.py:840} INFO - DAG(s) 'spark_sgp4_streaming' retrieved from /opt/airflow/dags/airflow_dag_spark_streaming.py
[2026-01-28T16:53:33.223+0000] {logging_mixin.py:188} INFO - [2026-01-28T16:53:33.222+0000] {dag.py:3036} INFO - Sync 1 DAGs
[2026-01-28T16:53:33.240+0000] {logging_mixin.py:188} INFO - [2026-01-28T16:53:33.239+0000] {dag.py:3823} INFO - Setting next_dagrun for spark_sgp4_streaming to None, run_after=None
[2026-01-28T16:53:33.266+0000] {processor.py:183} INFO - Processing /opt/airflow/dags/airflow_dag_spark_streaming.py took 0.109 seconds
[2026-01-28T16:54:03.490+0000] {processor.py:161} INFO - Started process (PID=8207) to work on /opt/airflow/dags/airflow_dag_spark_streaming.py
[2026-01-28T16:54:03.494+0000] {processor.py:830} INFO - Processing file /opt/airflow/dags/airflow_dag_spark_streaming.py for tasks to queue
[2026-01-28T16:54:03.495+0000] {logging_mixin.py:188} INFO - [2026-01-28T16:54:03.495+0000] {dagbag.py:538} INFO - Filling up the DagBag from /opt/airflow/dags/airflow_dag_spark_streaming.py
[2026-01-28T16:54:03.516+0000] {processor.py:840} INFO - DAG(s) 'spark_sgp4_streaming' retrieved from /opt/airflow/dags/airflow_dag_spark_streaming.py
[2026-01-28T16:54:03.574+0000] {logging_mixin.py:188} INFO - [2026-01-28T16:54:03.574+0000] {dag.py:3036} INFO - Sync 1 DAGs
[2026-01-28T16:54:03.599+0000] {logging_mixin.py:188} INFO - [2026-01-28T16:54:03.599+0000] {dag.py:3823} INFO - Setting next_dagrun for spark_sgp4_streaming to None, run_after=None
[2026-01-28T16:54:03.631+0000] {processor.py:183} INFO - Processing /opt/airflow/dags/airflow_dag_spark_streaming.py took 0.147 seconds
[2026-01-28T16:54:33.834+0000] {processor.py:161} INFO - Started process (PID=8217) to work on /opt/airflow/dags/airflow_dag_spark_streaming.py
[2026-01-28T16:54:33.835+0000] {processor.py:830} INFO - Processing file /opt/airflow/dags/airflow_dag_spark_streaming.py for tasks to queue
[2026-01-28T16:54:33.837+0000] {logging_mixin.py:188} INFO - [2026-01-28T16:54:33.836+0000] {dagbag.py:538} INFO - Filling up the DagBag from /opt/airflow/dags/airflow_dag_spark_streaming.py
[2026-01-28T16:54:33.855+0000] {processor.py:840} INFO - DAG(s) 'spark_sgp4_streaming' retrieved from /opt/airflow/dags/airflow_dag_spark_streaming.py
[2026-01-28T16:54:33.906+0000] {logging_mixin.py:188} INFO - [2026-01-28T16:54:33.905+0000] {dag.py:3036} INFO - Sync 1 DAGs
[2026-01-28T16:54:33.931+0000] {logging_mixin.py:188} INFO - [2026-01-28T16:54:33.930+0000] {dag.py:3823} INFO - Setting next_dagrun for spark_sgp4_streaming to None, run_after=None
[2026-01-28T16:54:33.963+0000] {processor.py:183} INFO - Processing /opt/airflow/dags/airflow_dag_spark_streaming.py took 0.133 seconds
[2026-01-28T16:55:04.159+0000] {processor.py:161} INFO - Started process (PID=8227) to work on /opt/airflow/dags/airflow_dag_spark_streaming.py
[2026-01-28T16:55:04.161+0000] {processor.py:830} INFO - Processing file /opt/airflow/dags/airflow_dag_spark_streaming.py for tasks to queue
[2026-01-28T16:55:04.162+0000] {logging_mixin.py:188} INFO - [2026-01-28T16:55:04.162+0000] {dagbag.py:538} INFO - Filling up the DagBag from /opt/airflow/dags/airflow_dag_spark_streaming.py
[2026-01-28T16:55:04.175+0000] {processor.py:840} INFO - DAG(s) 'spark_sgp4_streaming' retrieved from /opt/airflow/dags/airflow_dag_spark_streaming.py
[2026-01-28T16:55:04.214+0000] {logging_mixin.py:188} INFO - [2026-01-28T16:55:04.213+0000] {dag.py:3036} INFO - Sync 1 DAGs
[2026-01-28T16:55:04.231+0000] {logging_mixin.py:188} INFO - [2026-01-28T16:55:04.231+0000] {dag.py:3823} INFO - Setting next_dagrun for spark_sgp4_streaming to None, run_after=None
[2026-01-28T16:55:04.254+0000] {processor.py:183} INFO - Processing /opt/airflow/dags/airflow_dag_spark_streaming.py took 0.099 seconds
[2026-01-28T16:55:34.441+0000] {processor.py:161} INFO - Started process (PID=8237) to work on /opt/airflow/dags/airflow_dag_spark_streaming.py
[2026-01-28T16:55:34.444+0000] {processor.py:830} INFO - Processing file /opt/airflow/dags/airflow_dag_spark_streaming.py for tasks to queue
[2026-01-28T16:55:34.445+0000] {logging_mixin.py:188} INFO - [2026-01-28T16:55:34.444+0000] {dagbag.py:538} INFO - Filling up the DagBag from /opt/airflow/dags/airflow_dag_spark_streaming.py
[2026-01-28T16:55:34.467+0000] {processor.py:840} INFO - DAG(s) 'spark_sgp4_streaming' retrieved from /opt/airflow/dags/airflow_dag_spark_streaming.py
[2026-01-28T16:55:34.522+0000] {logging_mixin.py:188} INFO - [2026-01-28T16:55:34.522+0000] {dag.py:3036} INFO - Sync 1 DAGs
[2026-01-28T16:55:34.547+0000] {logging_mixin.py:188} INFO - [2026-01-28T16:55:34.547+0000] {dag.py:3823} INFO - Setting next_dagrun for spark_sgp4_streaming to None, run_after=None
[2026-01-28T16:55:34.583+0000] {processor.py:183} INFO - Processing /opt/airflow/dags/airflow_dag_spark_streaming.py took 0.148 seconds
[2026-01-28T16:56:04.786+0000] {processor.py:161} INFO - Started process (PID=8247) to work on /opt/airflow/dags/airflow_dag_spark_streaming.py
[2026-01-28T16:56:04.789+0000] {processor.py:830} INFO - Processing file /opt/airflow/dags/airflow_dag_spark_streaming.py for tasks to queue
[2026-01-28T16:56:04.790+0000] {logging_mixin.py:188} INFO - [2026-01-28T16:56:04.790+0000] {dagbag.py:538} INFO - Filling up the DagBag from /opt/airflow/dags/airflow_dag_spark_streaming.py
[2026-01-28T16:56:04.812+0000] {processor.py:840} INFO - DAG(s) 'spark_sgp4_streaming' retrieved from /opt/airflow/dags/airflow_dag_spark_streaming.py
[2026-01-28T16:56:04.855+0000] {logging_mixin.py:188} INFO - [2026-01-28T16:56:04.855+0000] {dag.py:3036} INFO - Sync 1 DAGs
[2026-01-28T16:56:04.879+0000] {logging_mixin.py:188} INFO - [2026-01-28T16:56:04.879+0000] {dag.py:3823} INFO - Setting next_dagrun for spark_sgp4_streaming to None, run_after=None
[2026-01-28T16:56:04.907+0000] {processor.py:183} INFO - Processing /opt/airflow/dags/airflow_dag_spark_streaming.py took 0.127 seconds
[2026-01-28T16:56:35.095+0000] {processor.py:161} INFO - Started process (PID=8257) to work on /opt/airflow/dags/airflow_dag_spark_streaming.py
[2026-01-28T16:56:35.097+0000] {processor.py:830} INFO - Processing file /opt/airflow/dags/airflow_dag_spark_streaming.py for tasks to queue
[2026-01-28T16:56:35.098+0000] {logging_mixin.py:188} INFO - [2026-01-28T16:56:35.098+0000] {dagbag.py:538} INFO - Filling up the DagBag from /opt/airflow/dags/airflow_dag_spark_streaming.py
[2026-01-28T16:56:35.119+0000] {processor.py:840} INFO - DAG(s) 'spark_sgp4_streaming' retrieved from /opt/airflow/dags/airflow_dag_spark_streaming.py
[2026-01-28T16:56:35.161+0000] {logging_mixin.py:188} INFO - [2026-01-28T16:56:35.161+0000] {dag.py:3036} INFO - Sync 1 DAGs
[2026-01-28T16:56:35.176+0000] {logging_mixin.py:188} INFO - [2026-01-28T16:56:35.176+0000] {dag.py:3823} INFO - Setting next_dagrun for spark_sgp4_streaming to None, run_after=None
[2026-01-28T16:56:35.195+0000] {processor.py:183} INFO - Processing /opt/airflow/dags/airflow_dag_spark_streaming.py took 0.105 seconds
[2026-01-28T16:57:05.368+0000] {processor.py:161} INFO - Started process (PID=8267) to work on /opt/airflow/dags/airflow_dag_spark_streaming.py
[2026-01-28T16:57:05.370+0000] {processor.py:830} INFO - Processing file /opt/airflow/dags/airflow_dag_spark_streaming.py for tasks to queue
[2026-01-28T16:57:05.371+0000] {logging_mixin.py:188} INFO - [2026-01-28T16:57:05.371+0000] {dagbag.py:538} INFO - Filling up the DagBag from /opt/airflow/dags/airflow_dag_spark_streaming.py
[2026-01-28T16:57:05.384+0000] {processor.py:840} INFO - DAG(s) 'spark_sgp4_streaming' retrieved from /opt/airflow/dags/airflow_dag_spark_streaming.py
[2026-01-28T16:57:05.420+0000] {logging_mixin.py:188} INFO - [2026-01-28T16:57:05.420+0000] {dag.py:3036} INFO - Sync 1 DAGs
[2026-01-28T16:57:05.435+0000] {logging_mixin.py:188} INFO - [2026-01-28T16:57:05.435+0000] {dag.py:3823} INFO - Setting next_dagrun for spark_sgp4_streaming to None, run_after=None
[2026-01-28T16:57:05.453+0000] {processor.py:183} INFO - Processing /opt/airflow/dags/airflow_dag_spark_streaming.py took 0.090 seconds
[2026-01-28T16:57:35.624+0000] {processor.py:161} INFO - Started process (PID=8277) to work on /opt/airflow/dags/airflow_dag_spark_streaming.py
[2026-01-28T16:57:35.626+0000] {processor.py:830} INFO - Processing file /opt/airflow/dags/airflow_dag_spark_streaming.py for tasks to queue
[2026-01-28T16:57:35.627+0000] {logging_mixin.py:188} INFO - [2026-01-28T16:57:35.627+0000] {dagbag.py:538} INFO - Filling up the DagBag from /opt/airflow/dags/airflow_dag_spark_streaming.py
[2026-01-28T16:57:35.643+0000] {processor.py:840} INFO - DAG(s) 'spark_sgp4_streaming' retrieved from /opt/airflow/dags/airflow_dag_spark_streaming.py
[2026-01-28T16:57:35.683+0000] {logging_mixin.py:188} INFO - [2026-01-28T16:57:35.683+0000] {dag.py:3036} INFO - Sync 1 DAGs
[2026-01-28T16:57:35.711+0000] {logging_mixin.py:188} INFO - [2026-01-28T16:57:35.711+0000] {dag.py:3823} INFO - Setting next_dagrun for spark_sgp4_streaming to None, run_after=None
[2026-01-28T16:57:35.743+0000] {processor.py:183} INFO - Processing /opt/airflow/dags/airflow_dag_spark_streaming.py took 0.122 seconds
[2026-01-28T16:58:05.929+0000] {processor.py:161} INFO - Started process (PID=8287) to work on /opt/airflow/dags/airflow_dag_spark_streaming.py
[2026-01-28T16:58:05.932+0000] {processor.py:830} INFO - Processing file /opt/airflow/dags/airflow_dag_spark_streaming.py for tasks to queue
[2026-01-28T16:58:05.934+0000] {logging_mixin.py:188} INFO - [2026-01-28T16:58:05.933+0000] {dagbag.py:538} INFO - Filling up the DagBag from /opt/airflow/dags/airflow_dag_spark_streaming.py
[2026-01-28T16:58:05.954+0000] {processor.py:840} INFO - DAG(s) 'spark_sgp4_streaming' retrieved from /opt/airflow/dags/airflow_dag_spark_streaming.py
[2026-01-28T16:58:06.012+0000] {logging_mixin.py:188} INFO - [2026-01-28T16:58:06.011+0000] {dag.py:3036} INFO - Sync 1 DAGs
[2026-01-28T16:58:06.036+0000] {logging_mixin.py:188} INFO - [2026-01-28T16:58:06.036+0000] {dag.py:3823} INFO - Setting next_dagrun for spark_sgp4_streaming to None, run_after=None
[2026-01-28T16:58:06.068+0000] {processor.py:183} INFO - Processing /opt/airflow/dags/airflow_dag_spark_streaming.py took 0.145 seconds
[2026-01-28T16:58:36.251+0000] {processor.py:161} INFO - Started process (PID=8297) to work on /opt/airflow/dags/airflow_dag_spark_streaming.py
[2026-01-28T16:58:36.253+0000] {processor.py:830} INFO - Processing file /opt/airflow/dags/airflow_dag_spark_streaming.py for tasks to queue
[2026-01-28T16:58:36.253+0000] {logging_mixin.py:188} INFO - [2026-01-28T16:58:36.253+0000] {dagbag.py:538} INFO - Filling up the DagBag from /opt/airflow/dags/airflow_dag_spark_streaming.py
[2026-01-28T16:58:36.272+0000] {processor.py:840} INFO - DAG(s) 'spark_sgp4_streaming' retrieved from /opt/airflow/dags/airflow_dag_spark_streaming.py
[2026-01-28T16:58:36.315+0000] {logging_mixin.py:188} INFO - [2026-01-28T16:58:36.315+0000] {dag.py:3036} INFO - Sync 1 DAGs
[2026-01-28T16:58:36.334+0000] {logging_mixin.py:188} INFO - [2026-01-28T16:58:36.334+0000] {dag.py:3823} INFO - Setting next_dagrun for spark_sgp4_streaming to None, run_after=None
[2026-01-28T16:58:36.355+0000] {processor.py:183} INFO - Processing /opt/airflow/dags/airflow_dag_spark_streaming.py took 0.108 seconds
[2026-01-28T16:59:06.552+0000] {processor.py:161} INFO - Started process (PID=8307) to work on /opt/airflow/dags/airflow_dag_spark_streaming.py
[2026-01-28T16:59:06.555+0000] {processor.py:830} INFO - Processing file /opt/airflow/dags/airflow_dag_spark_streaming.py for tasks to queue
[2026-01-28T16:59:06.557+0000] {logging_mixin.py:188} INFO - [2026-01-28T16:59:06.556+0000] {dagbag.py:538} INFO - Filling up the DagBag from /opt/airflow/dags/airflow_dag_spark_streaming.py
[2026-01-28T16:59:06.577+0000] {processor.py:840} INFO - DAG(s) 'spark_sgp4_streaming' retrieved from /opt/airflow/dags/airflow_dag_spark_streaming.py
[2026-01-28T16:59:06.634+0000] {logging_mixin.py:188} INFO - [2026-01-28T16:59:06.633+0000] {dag.py:3036} INFO - Sync 1 DAGs
[2026-01-28T16:59:06.656+0000] {logging_mixin.py:188} INFO - [2026-01-28T16:59:06.655+0000] {dag.py:3823} INFO - Setting next_dagrun for spark_sgp4_streaming to None, run_after=None
[2026-01-28T16:59:06.677+0000] {processor.py:183} INFO - Processing /opt/airflow/dags/airflow_dag_spark_streaming.py took 0.131 seconds
[2026-01-28T16:59:36.866+0000] {processor.py:161} INFO - Started process (PID=8317) to work on /opt/airflow/dags/airflow_dag_spark_streaming.py
[2026-01-28T16:59:36.868+0000] {processor.py:830} INFO - Processing file /opt/airflow/dags/airflow_dag_spark_streaming.py for tasks to queue
[2026-01-28T16:59:36.869+0000] {logging_mixin.py:188} INFO - [2026-01-28T16:59:36.869+0000] {dagbag.py:538} INFO - Filling up the DagBag from /opt/airflow/dags/airflow_dag_spark_streaming.py
[2026-01-28T16:59:36.890+0000] {processor.py:840} INFO - DAG(s) 'spark_sgp4_streaming' retrieved from /opt/airflow/dags/airflow_dag_spark_streaming.py
[2026-01-28T16:59:36.946+0000] {logging_mixin.py:188} INFO - [2026-01-28T16:59:36.945+0000] {dag.py:3036} INFO - Sync 1 DAGs
[2026-01-28T16:59:36.971+0000] {logging_mixin.py:188} INFO - [2026-01-28T16:59:36.970+0000] {dag.py:3823} INFO - Setting next_dagrun for spark_sgp4_streaming to None, run_after=None
[2026-01-28T16:59:36.996+0000] {processor.py:183} INFO - Processing /opt/airflow/dags/airflow_dag_spark_streaming.py took 0.135 seconds
[2026-01-28T17:00:07.190+0000] {processor.py:161} INFO - Started process (PID=8332) to work on /opt/airflow/dags/airflow_dag_spark_streaming.py
[2026-01-28T17:00:07.192+0000] {processor.py:830} INFO - Processing file /opt/airflow/dags/airflow_dag_spark_streaming.py for tasks to queue
[2026-01-28T17:00:07.194+0000] {logging_mixin.py:188} INFO - [2026-01-28T17:00:07.193+0000] {dagbag.py:538} INFO - Filling up the DagBag from /opt/airflow/dags/airflow_dag_spark_streaming.py
[2026-01-28T17:00:07.211+0000] {processor.py:840} INFO - DAG(s) 'spark_sgp4_streaming' retrieved from /opt/airflow/dags/airflow_dag_spark_streaming.py
[2026-01-28T17:00:07.251+0000] {logging_mixin.py:188} INFO - [2026-01-28T17:00:07.251+0000] {dag.py:3036} INFO - Sync 1 DAGs
[2026-01-28T17:00:07.278+0000] {logging_mixin.py:188} INFO - [2026-01-28T17:00:07.277+0000] {dag.py:3823} INFO - Setting next_dagrun for spark_sgp4_streaming to None, run_after=None
[2026-01-28T17:00:07.304+0000] {processor.py:183} INFO - Processing /opt/airflow/dags/airflow_dag_spark_streaming.py took 0.119 seconds
[2026-01-28T17:00:37.488+0000] {processor.py:161} INFO - Started process (PID=8342) to work on /opt/airflow/dags/airflow_dag_spark_streaming.py
[2026-01-28T17:00:37.491+0000] {processor.py:830} INFO - Processing file /opt/airflow/dags/airflow_dag_spark_streaming.py for tasks to queue
[2026-01-28T17:00:37.493+0000] {logging_mixin.py:188} INFO - [2026-01-28T17:00:37.492+0000] {dagbag.py:538} INFO - Filling up the DagBag from /opt/airflow/dags/airflow_dag_spark_streaming.py
[2026-01-28T17:00:37.514+0000] {processor.py:840} INFO - DAG(s) 'spark_sgp4_streaming' retrieved from /opt/airflow/dags/airflow_dag_spark_streaming.py
[2026-01-28T17:00:37.553+0000] {logging_mixin.py:188} INFO - [2026-01-28T17:00:37.553+0000] {dag.py:3036} INFO - Sync 1 DAGs
[2026-01-28T17:00:37.574+0000] {logging_mixin.py:188} INFO - [2026-01-28T17:00:37.574+0000] {dag.py:3823} INFO - Setting next_dagrun for spark_sgp4_streaming to None, run_after=None
[2026-01-28T17:00:37.594+0000] {processor.py:183} INFO - Processing /opt/airflow/dags/airflow_dag_spark_streaming.py took 0.113 seconds
[2026-01-28T17:01:07.772+0000] {processor.py:161} INFO - Started process (PID=8352) to work on /opt/airflow/dags/airflow_dag_spark_streaming.py
[2026-01-28T17:01:07.775+0000] {processor.py:830} INFO - Processing file /opt/airflow/dags/airflow_dag_spark_streaming.py for tasks to queue
[2026-01-28T17:01:07.776+0000] {logging_mixin.py:188} INFO - [2026-01-28T17:01:07.775+0000] {dagbag.py:538} INFO - Filling up the DagBag from /opt/airflow/dags/airflow_dag_spark_streaming.py
[2026-01-28T17:01:07.788+0000] {processor.py:840} INFO - DAG(s) 'spark_sgp4_streaming' retrieved from /opt/airflow/dags/airflow_dag_spark_streaming.py
[2026-01-28T17:01:07.827+0000] {logging_mixin.py:188} INFO - [2026-01-28T17:01:07.827+0000] {dag.py:3036} INFO - Sync 1 DAGs
[2026-01-28T17:01:07.850+0000] {logging_mixin.py:188} INFO - [2026-01-28T17:01:07.850+0000] {dag.py:3823} INFO - Setting next_dagrun for spark_sgp4_streaming to None, run_after=None
[2026-01-28T17:01:07.881+0000] {processor.py:183} INFO - Processing /opt/airflow/dags/airflow_dag_spark_streaming.py took 0.114 seconds
[2026-01-28T17:01:38.060+0000] {processor.py:161} INFO - Started process (PID=8362) to work on /opt/airflow/dags/airflow_dag_spark_streaming.py
[2026-01-28T17:01:38.063+0000] {processor.py:830} INFO - Processing file /opt/airflow/dags/airflow_dag_spark_streaming.py for tasks to queue
[2026-01-28T17:01:38.065+0000] {logging_mixin.py:188} INFO - [2026-01-28T17:01:38.064+0000] {dagbag.py:538} INFO - Filling up the DagBag from /opt/airflow/dags/airflow_dag_spark_streaming.py
[2026-01-28T17:01:38.085+0000] {processor.py:840} INFO - DAG(s) 'spark_sgp4_streaming' retrieved from /opt/airflow/dags/airflow_dag_spark_streaming.py
[2026-01-28T17:01:38.137+0000] {logging_mixin.py:188} INFO - [2026-01-28T17:01:38.137+0000] {dag.py:3036} INFO - Sync 1 DAGs
[2026-01-28T17:01:38.162+0000] {logging_mixin.py:188} INFO - [2026-01-28T17:01:38.162+0000] {dag.py:3823} INFO - Setting next_dagrun for spark_sgp4_streaming to None, run_after=None
[2026-01-28T17:01:38.193+0000] {processor.py:183} INFO - Processing /opt/airflow/dags/airflow_dag_spark_streaming.py took 0.139 seconds
[2026-01-28T17:02:08.370+0000] {processor.py:161} INFO - Started process (PID=8372) to work on /opt/airflow/dags/airflow_dag_spark_streaming.py
[2026-01-28T17:02:08.372+0000] {processor.py:830} INFO - Processing file /opt/airflow/dags/airflow_dag_spark_streaming.py for tasks to queue
[2026-01-28T17:02:08.373+0000] {logging_mixin.py:188} INFO - [2026-01-28T17:02:08.373+0000] {dagbag.py:538} INFO - Filling up the DagBag from /opt/airflow/dags/airflow_dag_spark_streaming.py
[2026-01-28T17:02:08.395+0000] {processor.py:840} INFO - DAG(s) 'spark_sgp4_streaming' retrieved from /opt/airflow/dags/airflow_dag_spark_streaming.py
[2026-01-28T17:02:08.448+0000] {logging_mixin.py:188} INFO - [2026-01-28T17:02:08.448+0000] {dag.py:3036} INFO - Sync 1 DAGs
[2026-01-28T17:02:08.473+0000] {logging_mixin.py:188} INFO - [2026-01-28T17:02:08.473+0000] {dag.py:3823} INFO - Setting next_dagrun for spark_sgp4_streaming to None, run_after=None
[2026-01-28T17:02:08.507+0000] {processor.py:183} INFO - Processing /opt/airflow/dags/airflow_dag_spark_streaming.py took 0.143 seconds
[2026-01-28T17:02:38.709+0000] {processor.py:161} INFO - Started process (PID=8382) to work on /opt/airflow/dags/airflow_dag_spark_streaming.py
[2026-01-28T17:02:38.712+0000] {processor.py:830} INFO - Processing file /opt/airflow/dags/airflow_dag_spark_streaming.py for tasks to queue
[2026-01-28T17:02:38.713+0000] {logging_mixin.py:188} INFO - [2026-01-28T17:02:38.712+0000] {dagbag.py:538} INFO - Filling up the DagBag from /opt/airflow/dags/airflow_dag_spark_streaming.py
[2026-01-28T17:02:38.734+0000] {processor.py:840} INFO - DAG(s) 'spark_sgp4_streaming' retrieved from /opt/airflow/dags/airflow_dag_spark_streaming.py
[2026-01-28T17:02:38.791+0000] {logging_mixin.py:188} INFO - [2026-01-28T17:02:38.791+0000] {dag.py:3036} INFO - Sync 1 DAGs
[2026-01-28T17:02:38.816+0000] {logging_mixin.py:188} INFO - [2026-01-28T17:02:38.816+0000] {dag.py:3823} INFO - Setting next_dagrun for spark_sgp4_streaming to None, run_after=None
[2026-01-28T17:02:38.848+0000] {processor.py:183} INFO - Processing /opt/airflow/dags/airflow_dag_spark_streaming.py took 0.146 seconds
[2026-01-28T17:03:09.039+0000] {processor.py:161} INFO - Started process (PID=8392) to work on /opt/airflow/dags/airflow_dag_spark_streaming.py
[2026-01-28T17:03:09.042+0000] {processor.py:830} INFO - Processing file /opt/airflow/dags/airflow_dag_spark_streaming.py for tasks to queue
[2026-01-28T17:03:09.043+0000] {logging_mixin.py:188} INFO - [2026-01-28T17:03:09.042+0000] {dagbag.py:538} INFO - Filling up the DagBag from /opt/airflow/dags/airflow_dag_spark_streaming.py
[2026-01-28T17:03:09.065+0000] {processor.py:840} INFO - DAG(s) 'spark_sgp4_streaming' retrieved from /opt/airflow/dags/airflow_dag_spark_streaming.py
[2026-01-28T17:03:09.122+0000] {logging_mixin.py:188} INFO - [2026-01-28T17:03:09.121+0000] {dag.py:3036} INFO - Sync 1 DAGs
[2026-01-28T17:03:09.147+0000] {logging_mixin.py:188} INFO - [2026-01-28T17:03:09.146+0000] {dag.py:3823} INFO - Setting next_dagrun for spark_sgp4_streaming to None, run_after=None
[2026-01-28T17:03:09.175+0000] {processor.py:183} INFO - Processing /opt/airflow/dags/airflow_dag_spark_streaming.py took 0.141 seconds
[2026-01-28T17:03:39.371+0000] {processor.py:161} INFO - Started process (PID=8402) to work on /opt/airflow/dags/airflow_dag_spark_streaming.py
[2026-01-28T17:03:39.374+0000] {processor.py:830} INFO - Processing file /opt/airflow/dags/airflow_dag_spark_streaming.py for tasks to queue
[2026-01-28T17:03:39.376+0000] {logging_mixin.py:188} INFO - [2026-01-28T17:03:39.375+0000] {dagbag.py:538} INFO - Filling up the DagBag from /opt/airflow/dags/airflow_dag_spark_streaming.py
[2026-01-28T17:03:39.397+0000] {processor.py:840} INFO - DAG(s) 'spark_sgp4_streaming' retrieved from /opt/airflow/dags/airflow_dag_spark_streaming.py
[2026-01-28T17:03:39.454+0000] {logging_mixin.py:188} INFO - [2026-01-28T17:03:39.453+0000] {dag.py:3036} INFO - Sync 1 DAGs
[2026-01-28T17:03:39.481+0000] {logging_mixin.py:188} INFO - [2026-01-28T17:03:39.481+0000] {dag.py:3823} INFO - Setting next_dagrun for spark_sgp4_streaming to None, run_after=None
[2026-01-28T17:03:39.514+0000] {processor.py:183} INFO - Processing /opt/airflow/dags/airflow_dag_spark_streaming.py took 0.150 seconds
[2026-01-28T17:04:09.703+0000] {processor.py:161} INFO - Started process (PID=8412) to work on /opt/airflow/dags/airflow_dag_spark_streaming.py
[2026-01-28T17:04:09.705+0000] {processor.py:830} INFO - Processing file /opt/airflow/dags/airflow_dag_spark_streaming.py for tasks to queue
[2026-01-28T17:04:09.706+0000] {logging_mixin.py:188} INFO - [2026-01-28T17:04:09.706+0000] {dagbag.py:538} INFO - Filling up the DagBag from /opt/airflow/dags/airflow_dag_spark_streaming.py
[2026-01-28T17:04:09.720+0000] {processor.py:840} INFO - DAG(s) 'spark_sgp4_streaming' retrieved from /opt/airflow/dags/airflow_dag_spark_streaming.py
[2026-01-28T17:04:09.764+0000] {logging_mixin.py:188} INFO - [2026-01-28T17:04:09.763+0000] {dag.py:3036} INFO - Sync 1 DAGs
[2026-01-28T17:04:09.789+0000] {logging_mixin.py:188} INFO - [2026-01-28T17:04:09.788+0000] {dag.py:3823} INFO - Setting next_dagrun for spark_sgp4_streaming to None, run_after=None
[2026-01-28T17:04:09.818+0000] {processor.py:183} INFO - Processing /opt/airflow/dags/airflow_dag_spark_streaming.py took 0.121 seconds
[2026-01-28T17:04:40.014+0000] {processor.py:161} INFO - Started process (PID=8422) to work on /opt/airflow/dags/airflow_dag_spark_streaming.py
[2026-01-28T17:04:40.017+0000] {processor.py:830} INFO - Processing file /opt/airflow/dags/airflow_dag_spark_streaming.py for tasks to queue
[2026-01-28T17:04:40.018+0000] {logging_mixin.py:188} INFO - [2026-01-28T17:04:40.018+0000] {dagbag.py:538} INFO - Filling up the DagBag from /opt/airflow/dags/airflow_dag_spark_streaming.py
[2026-01-28T17:04:40.037+0000] {processor.py:840} INFO - DAG(s) 'spark_sgp4_streaming' retrieved from /opt/airflow/dags/airflow_dag_spark_streaming.py
[2026-01-28T17:04:40.086+0000] {logging_mixin.py:188} INFO - [2026-01-28T17:04:40.085+0000] {dag.py:3036} INFO - Sync 1 DAGs
[2026-01-28T17:04:40.108+0000] {logging_mixin.py:188} INFO - [2026-01-28T17:04:40.108+0000] {dag.py:3823} INFO - Setting next_dagrun for spark_sgp4_streaming to None, run_after=None
[2026-01-28T17:04:40.130+0000] {processor.py:183} INFO - Processing /opt/airflow/dags/airflow_dag_spark_streaming.py took 0.122 seconds
[2026-01-28T17:05:10.314+0000] {processor.py:161} INFO - Started process (PID=8432) to work on /opt/airflow/dags/airflow_dag_spark_streaming.py
[2026-01-28T17:05:10.316+0000] {processor.py:830} INFO - Processing file /opt/airflow/dags/airflow_dag_spark_streaming.py for tasks to queue
[2026-01-28T17:05:10.318+0000] {logging_mixin.py:188} INFO - [2026-01-28T17:05:10.317+0000] {dagbag.py:538} INFO - Filling up the DagBag from /opt/airflow/dags/airflow_dag_spark_streaming.py
[2026-01-28T17:05:10.339+0000] {processor.py:840} INFO - DAG(s) 'spark_sgp4_streaming' retrieved from /opt/airflow/dags/airflow_dag_spark_streaming.py
[2026-01-28T17:05:10.380+0000] {logging_mixin.py:188} INFO - [2026-01-28T17:05:10.380+0000] {dag.py:3036} INFO - Sync 1 DAGs
[2026-01-28T17:05:10.405+0000] {logging_mixin.py:188} INFO - [2026-01-28T17:05:10.405+0000] {dag.py:3823} INFO - Setting next_dagrun for spark_sgp4_streaming to None, run_after=None
[2026-01-28T17:05:10.440+0000] {processor.py:183} INFO - Processing /opt/airflow/dags/airflow_dag_spark_streaming.py took 0.132 seconds
[2026-01-28T17:05:40.627+0000] {processor.py:161} INFO - Started process (PID=8442) to work on /opt/airflow/dags/airflow_dag_spark_streaming.py
[2026-01-28T17:05:40.628+0000] {processor.py:830} INFO - Processing file /opt/airflow/dags/airflow_dag_spark_streaming.py for tasks to queue
[2026-01-28T17:05:40.629+0000] {logging_mixin.py:188} INFO - [2026-01-28T17:05:40.628+0000] {dagbag.py:538} INFO - Filling up the DagBag from /opt/airflow/dags/airflow_dag_spark_streaming.py
[2026-01-28T17:05:40.642+0000] {processor.py:840} INFO - DAG(s) 'spark_sgp4_streaming' retrieved from /opt/airflow/dags/airflow_dag_spark_streaming.py
[2026-01-28T17:05:40.680+0000] {logging_mixin.py:188} INFO - [2026-01-28T17:05:40.680+0000] {dag.py:3036} INFO - Sync 1 DAGs
[2026-01-28T17:05:40.699+0000] {logging_mixin.py:188} INFO - [2026-01-28T17:05:40.698+0000] {dag.py:3823} INFO - Setting next_dagrun for spark_sgp4_streaming to None, run_after=None
[2026-01-28T17:05:40.722+0000] {processor.py:183} INFO - Processing /opt/airflow/dags/airflow_dag_spark_streaming.py took 0.099 seconds
[2026-01-28T17:06:10.909+0000] {processor.py:161} INFO - Started process (PID=8452) to work on /opt/airflow/dags/airflow_dag_spark_streaming.py
[2026-01-28T17:06:10.911+0000] {processor.py:830} INFO - Processing file /opt/airflow/dags/airflow_dag_spark_streaming.py for tasks to queue
[2026-01-28T17:06:10.913+0000] {logging_mixin.py:188} INFO - [2026-01-28T17:06:10.912+0000] {dagbag.py:538} INFO - Filling up the DagBag from /opt/airflow/dags/airflow_dag_spark_streaming.py
[2026-01-28T17:06:10.927+0000] {processor.py:840} INFO - DAG(s) 'spark_sgp4_streaming' retrieved from /opt/airflow/dags/airflow_dag_spark_streaming.py
[2026-01-28T17:06:10.982+0000] {logging_mixin.py:188} INFO - [2026-01-28T17:06:10.981+0000] {dag.py:3036} INFO - Sync 1 DAGs
[2026-01-28T17:06:11.004+0000] {logging_mixin.py:188} INFO - [2026-01-28T17:06:11.004+0000] {dag.py:3823} INFO - Setting next_dagrun for spark_sgp4_streaming to None, run_after=None
[2026-01-28T17:06:11.026+0000] {processor.py:183} INFO - Processing /opt/airflow/dags/airflow_dag_spark_streaming.py took 0.123 seconds
[2026-01-28T17:06:41.212+0000] {processor.py:161} INFO - Started process (PID=8462) to work on /opt/airflow/dags/airflow_dag_spark_streaming.py
[2026-01-28T17:06:41.214+0000] {processor.py:830} INFO - Processing file /opt/airflow/dags/airflow_dag_spark_streaming.py for tasks to queue
[2026-01-28T17:06:41.215+0000] {logging_mixin.py:188} INFO - [2026-01-28T17:06:41.214+0000] {dagbag.py:538} INFO - Filling up the DagBag from /opt/airflow/dags/airflow_dag_spark_streaming.py
[2026-01-28T17:06:41.235+0000] {processor.py:840} INFO - DAG(s) 'spark_sgp4_streaming' retrieved from /opt/airflow/dags/airflow_dag_spark_streaming.py
[2026-01-28T17:06:41.294+0000] {logging_mixin.py:188} INFO - [2026-01-28T17:06:41.294+0000] {dag.py:3036} INFO - Sync 1 DAGs
[2026-01-28T17:06:41.319+0000] {logging_mixin.py:188} INFO - [2026-01-28T17:06:41.319+0000] {dag.py:3823} INFO - Setting next_dagrun for spark_sgp4_streaming to None, run_after=None
[2026-01-28T17:06:41.343+0000] {processor.py:183} INFO - Processing /opt/airflow/dags/airflow_dag_spark_streaming.py took 0.137 seconds
[2026-01-28T17:07:11.532+0000] {processor.py:161} INFO - Started process (PID=8472) to work on /opt/airflow/dags/airflow_dag_spark_streaming.py
[2026-01-28T17:07:11.535+0000] {processor.py:830} INFO - Processing file /opt/airflow/dags/airflow_dag_spark_streaming.py for tasks to queue
[2026-01-28T17:07:11.537+0000] {logging_mixin.py:188} INFO - [2026-01-28T17:07:11.536+0000] {dagbag.py:538} INFO - Filling up the DagBag from /opt/airflow/dags/airflow_dag_spark_streaming.py
[2026-01-28T17:07:11.558+0000] {processor.py:840} INFO - DAG(s) 'spark_sgp4_streaming' retrieved from /opt/airflow/dags/airflow_dag_spark_streaming.py
[2026-01-28T17:07:11.617+0000] {logging_mixin.py:188} INFO - [2026-01-28T17:07:11.617+0000] {dag.py:3036} INFO - Sync 1 DAGs
[2026-01-28T17:07:11.643+0000] {logging_mixin.py:188} INFO - [2026-01-28T17:07:11.643+0000] {dag.py:3823} INFO - Setting next_dagrun for spark_sgp4_streaming to None, run_after=None
[2026-01-28T17:07:11.674+0000] {processor.py:183} INFO - Processing /opt/airflow/dags/airflow_dag_spark_streaming.py took 0.148 seconds
[2026-01-28T17:07:41.864+0000] {processor.py:161} INFO - Started process (PID=8482) to work on /opt/airflow/dags/airflow_dag_spark_streaming.py
[2026-01-28T17:07:41.867+0000] {processor.py:830} INFO - Processing file /opt/airflow/dags/airflow_dag_spark_streaming.py for tasks to queue
[2026-01-28T17:07:41.869+0000] {logging_mixin.py:188} INFO - [2026-01-28T17:07:41.868+0000] {dagbag.py:538} INFO - Filling up the DagBag from /opt/airflow/dags/airflow_dag_spark_streaming.py
[2026-01-28T17:07:41.889+0000] {processor.py:840} INFO - DAG(s) 'spark_sgp4_streaming' retrieved from /opt/airflow/dags/airflow_dag_spark_streaming.py
[2026-01-28T17:07:41.943+0000] {logging_mixin.py:188} INFO - [2026-01-28T17:07:41.943+0000] {dag.py:3036} INFO - Sync 1 DAGs
[2026-01-28T17:07:41.968+0000] {logging_mixin.py:188} INFO - [2026-01-28T17:07:41.968+0000] {dag.py:3823} INFO - Setting next_dagrun for spark_sgp4_streaming to None, run_after=None
[2026-01-28T17:07:42.000+0000] {processor.py:183} INFO - Processing /opt/airflow/dags/airflow_dag_spark_streaming.py took 0.143 seconds
[2026-01-28T17:08:12.199+0000] {processor.py:161} INFO - Started process (PID=8492) to work on /opt/airflow/dags/airflow_dag_spark_streaming.py
[2026-01-28T17:08:12.202+0000] {processor.py:830} INFO - Processing file /opt/airflow/dags/airflow_dag_spark_streaming.py for tasks to queue
[2026-01-28T17:08:12.203+0000] {logging_mixin.py:188} INFO - [2026-01-28T17:08:12.202+0000] {dagbag.py:538} INFO - Filling up the DagBag from /opt/airflow/dags/airflow_dag_spark_streaming.py
[2026-01-28T17:08:12.223+0000] {processor.py:840} INFO - DAG(s) 'spark_sgp4_streaming' retrieved from /opt/airflow/dags/airflow_dag_spark_streaming.py
[2026-01-28T17:08:12.270+0000] {logging_mixin.py:188} INFO - [2026-01-28T17:08:12.270+0000] {dag.py:3036} INFO - Sync 1 DAGs
[2026-01-28T17:08:12.285+0000] {logging_mixin.py:188} INFO - [2026-01-28T17:08:12.285+0000] {dag.py:3823} INFO - Setting next_dagrun for spark_sgp4_streaming to None, run_after=None
[2026-01-28T17:08:12.305+0000] {processor.py:183} INFO - Processing /opt/airflow/dags/airflow_dag_spark_streaming.py took 0.110 seconds
[2026-01-28T17:08:42.495+0000] {processor.py:161} INFO - Started process (PID=8502) to work on /opt/airflow/dags/airflow_dag_spark_streaming.py
[2026-01-28T17:08:42.498+0000] {processor.py:830} INFO - Processing file /opt/airflow/dags/airflow_dag_spark_streaming.py for tasks to queue
[2026-01-28T17:08:42.500+0000] {logging_mixin.py:188} INFO - [2026-01-28T17:08:42.499+0000] {dagbag.py:538} INFO - Filling up the DagBag from /opt/airflow/dags/airflow_dag_spark_streaming.py
[2026-01-28T17:08:42.520+0000] {processor.py:840} INFO - DAG(s) 'spark_sgp4_streaming' retrieved from /opt/airflow/dags/airflow_dag_spark_streaming.py
[2026-01-28T17:08:42.567+0000] {logging_mixin.py:188} INFO - [2026-01-28T17:08:42.566+0000] {dag.py:3036} INFO - Sync 1 DAGs
[2026-01-28T17:08:42.591+0000] {logging_mixin.py:188} INFO - [2026-01-28T17:08:42.590+0000] {dag.py:3823} INFO - Setting next_dagrun for spark_sgp4_streaming to None, run_after=None
[2026-01-28T17:08:42.613+0000] {processor.py:183} INFO - Processing /opt/airflow/dags/airflow_dag_spark_streaming.py took 0.125 seconds
[2026-01-28T17:09:12.791+0000] {processor.py:161} INFO - Started process (PID=8512) to work on /opt/airflow/dags/airflow_dag_spark_streaming.py
[2026-01-28T17:09:12.794+0000] {processor.py:830} INFO - Processing file /opt/airflow/dags/airflow_dag_spark_streaming.py for tasks to queue
[2026-01-28T17:09:12.795+0000] {logging_mixin.py:188} INFO - [2026-01-28T17:09:12.794+0000] {dagbag.py:538} INFO - Filling up the DagBag from /opt/airflow/dags/airflow_dag_spark_streaming.py
[2026-01-28T17:09:12.808+0000] {processor.py:840} INFO - DAG(s) 'spark_sgp4_streaming' retrieved from /opt/airflow/dags/airflow_dag_spark_streaming.py
[2026-01-28T17:09:12.848+0000] {logging_mixin.py:188} INFO - [2026-01-28T17:09:12.848+0000] {dag.py:3036} INFO - Sync 1 DAGs
[2026-01-28T17:09:12.865+0000] {logging_mixin.py:188} INFO - [2026-01-28T17:09:12.865+0000] {dag.py:3823} INFO - Setting next_dagrun for spark_sgp4_streaming to None, run_after=None
[2026-01-28T17:09:12.887+0000] {processor.py:183} INFO - Processing /opt/airflow/dags/airflow_dag_spark_streaming.py took 0.100 seconds
[2026-01-28T17:09:43.066+0000] {processor.py:161} INFO - Started process (PID=8522) to work on /opt/airflow/dags/airflow_dag_spark_streaming.py
[2026-01-28T17:09:43.067+0000] {processor.py:830} INFO - Processing file /opt/airflow/dags/airflow_dag_spark_streaming.py for tasks to queue
[2026-01-28T17:09:43.068+0000] {logging_mixin.py:188} INFO - [2026-01-28T17:09:43.068+0000] {dagbag.py:538} INFO - Filling up the DagBag from /opt/airflow/dags/airflow_dag_spark_streaming.py
[2026-01-28T17:09:43.081+0000] {processor.py:840} INFO - DAG(s) 'spark_sgp4_streaming' retrieved from /opt/airflow/dags/airflow_dag_spark_streaming.py
[2026-01-28T17:09:43.116+0000] {logging_mixin.py:188} INFO - [2026-01-28T17:09:43.115+0000] {dag.py:3036} INFO - Sync 1 DAGs
[2026-01-28T17:09:43.133+0000] {logging_mixin.py:188} INFO - [2026-01-28T17:09:43.133+0000] {dag.py:3823} INFO - Setting next_dagrun for spark_sgp4_streaming to None, run_after=None
[2026-01-28T17:09:43.155+0000] {processor.py:183} INFO - Processing /opt/airflow/dags/airflow_dag_spark_streaming.py took 0.095 seconds
[2026-01-28T17:10:13.305+0000] {processor.py:161} INFO - Started process (PID=8532) to work on /opt/airflow/dags/airflow_dag_spark_streaming.py
[2026-01-28T17:10:13.308+0000] {processor.py:830} INFO - Processing file /opt/airflow/dags/airflow_dag_spark_streaming.py for tasks to queue
[2026-01-28T17:10:13.309+0000] {logging_mixin.py:188} INFO - [2026-01-28T17:10:13.308+0000] {dagbag.py:538} INFO - Filling up the DagBag from /opt/airflow/dags/airflow_dag_spark_streaming.py
[2026-01-28T17:10:13.321+0000] {processor.py:840} INFO - DAG(s) 'spark_sgp4_streaming' retrieved from /opt/airflow/dags/airflow_dag_spark_streaming.py
[2026-01-28T17:10:13.367+0000] {logging_mixin.py:188} INFO - [2026-01-28T17:10:13.367+0000] {dag.py:3036} INFO - Sync 1 DAGs
[2026-01-28T17:10:13.391+0000] {logging_mixin.py:188} INFO - [2026-01-28T17:10:13.391+0000] {dag.py:3823} INFO - Setting next_dagrun for spark_sgp4_streaming to None, run_after=None
[2026-01-28T17:10:13.416+0000] {processor.py:183} INFO - Processing /opt/airflow/dags/airflow_dag_spark_streaming.py took 0.115 seconds
[2026-01-28T17:10:43.569+0000] {processor.py:161} INFO - Started process (PID=8542) to work on /opt/airflow/dags/airflow_dag_spark_streaming.py
[2026-01-28T17:10:43.572+0000] {processor.py:830} INFO - Processing file /opt/airflow/dags/airflow_dag_spark_streaming.py for tasks to queue
[2026-01-28T17:10:43.573+0000] {logging_mixin.py:188} INFO - [2026-01-28T17:10:43.572+0000] {dagbag.py:538} INFO - Filling up the DagBag from /opt/airflow/dags/airflow_dag_spark_streaming.py
[2026-01-28T17:10:43.586+0000] {processor.py:840} INFO - DAG(s) 'spark_sgp4_streaming' retrieved from /opt/airflow/dags/airflow_dag_spark_streaming.py
[2026-01-28T17:10:43.629+0000] {logging_mixin.py:188} INFO - [2026-01-28T17:10:43.629+0000] {dag.py:3036} INFO - Sync 1 DAGs
[2026-01-28T17:10:43.650+0000] {logging_mixin.py:188} INFO - [2026-01-28T17:10:43.650+0000] {dag.py:3823} INFO - Setting next_dagrun for spark_sgp4_streaming to None, run_after=None
[2026-01-28T17:10:43.680+0000] {processor.py:183} INFO - Processing /opt/airflow/dags/airflow_dag_spark_streaming.py took 0.115 seconds
[2026-01-28T17:11:13.843+0000] {processor.py:161} INFO - Started process (PID=8552) to work on /opt/airflow/dags/airflow_dag_spark_streaming.py
[2026-01-28T17:11:13.845+0000] {processor.py:830} INFO - Processing file /opt/airflow/dags/airflow_dag_spark_streaming.py for tasks to queue
[2026-01-28T17:11:13.846+0000] {logging_mixin.py:188} INFO - [2026-01-28T17:11:13.846+0000] {dagbag.py:538} INFO - Filling up the DagBag from /opt/airflow/dags/airflow_dag_spark_streaming.py
[2026-01-28T17:11:13.861+0000] {processor.py:840} INFO - DAG(s) 'spark_sgp4_streaming' retrieved from /opt/airflow/dags/airflow_dag_spark_streaming.py
[2026-01-28T17:11:13.915+0000] {logging_mixin.py:188} INFO - [2026-01-28T17:11:13.914+0000] {dag.py:3036} INFO - Sync 1 DAGs
[2026-01-28T17:11:13.939+0000] {logging_mixin.py:188} INFO - [2026-01-28T17:11:13.938+0000] {dag.py:3823} INFO - Setting next_dagrun for spark_sgp4_streaming to None, run_after=None
[2026-01-28T17:11:13.973+0000] {processor.py:183} INFO - Processing /opt/airflow/dags/airflow_dag_spark_streaming.py took 0.135 seconds
[2026-01-28T17:11:44.142+0000] {processor.py:161} INFO - Started process (PID=8562) to work on /opt/airflow/dags/airflow_dag_spark_streaming.py
[2026-01-28T17:11:44.145+0000] {processor.py:830} INFO - Processing file /opt/airflow/dags/airflow_dag_spark_streaming.py for tasks to queue
[2026-01-28T17:11:44.146+0000] {logging_mixin.py:188} INFO - [2026-01-28T17:11:44.146+0000] {dagbag.py:538} INFO - Filling up the DagBag from /opt/airflow/dags/airflow_dag_spark_streaming.py
[2026-01-28T17:11:44.161+0000] {processor.py:840} INFO - DAG(s) 'spark_sgp4_streaming' retrieved from /opt/airflow/dags/airflow_dag_spark_streaming.py
[2026-01-28T17:11:44.197+0000] {logging_mixin.py:188} INFO - [2026-01-28T17:11:44.197+0000] {dag.py:3036} INFO - Sync 1 DAGs
[2026-01-28T17:11:44.217+0000] {logging_mixin.py:188} INFO - [2026-01-28T17:11:44.217+0000] {dag.py:3823} INFO - Setting next_dagrun for spark_sgp4_streaming to None, run_after=None
[2026-01-28T17:11:44.244+0000] {processor.py:183} INFO - Processing /opt/airflow/dags/airflow_dag_spark_streaming.py took 0.107 seconds
[2026-01-28T17:12:14.449+0000] {processor.py:161} INFO - Started process (PID=8572) to work on /opt/airflow/dags/airflow_dag_spark_streaming.py
[2026-01-28T17:12:14.451+0000] {processor.py:830} INFO - Processing file /opt/airflow/dags/airflow_dag_spark_streaming.py for tasks to queue
[2026-01-28T17:12:14.452+0000] {logging_mixin.py:188} INFO - [2026-01-28T17:12:14.451+0000] {dagbag.py:538} INFO - Filling up the DagBag from /opt/airflow/dags/airflow_dag_spark_streaming.py
[2026-01-28T17:12:14.465+0000] {processor.py:840} INFO - DAG(s) 'spark_sgp4_streaming' retrieved from /opt/airflow/dags/airflow_dag_spark_streaming.py
[2026-01-28T17:12:14.515+0000] {logging_mixin.py:188} INFO - [2026-01-28T17:12:14.514+0000] {dag.py:3036} INFO - Sync 1 DAGs
[2026-01-28T17:12:14.540+0000] {logging_mixin.py:188} INFO - [2026-01-28T17:12:14.539+0000] {dag.py:3823} INFO - Setting next_dagrun for spark_sgp4_streaming to None, run_after=None
[2026-01-28T17:12:14.571+0000] {processor.py:183} INFO - Processing /opt/airflow/dags/airflow_dag_spark_streaming.py took 0.127 seconds
[2026-01-28T17:12:44.757+0000] {processor.py:161} INFO - Started process (PID=8582) to work on /opt/airflow/dags/airflow_dag_spark_streaming.py
[2026-01-28T17:12:44.760+0000] {processor.py:830} INFO - Processing file /opt/airflow/dags/airflow_dag_spark_streaming.py for tasks to queue
[2026-01-28T17:12:44.761+0000] {logging_mixin.py:188} INFO - [2026-01-28T17:12:44.761+0000] {dagbag.py:538} INFO - Filling up the DagBag from /opt/airflow/dags/airflow_dag_spark_streaming.py
[2026-01-28T17:12:44.777+0000] {processor.py:840} INFO - DAG(s) 'spark_sgp4_streaming' retrieved from /opt/airflow/dags/airflow_dag_spark_streaming.py
[2026-01-28T17:12:44.822+0000] {logging_mixin.py:188} INFO - [2026-01-28T17:12:44.822+0000] {dag.py:3036} INFO - Sync 1 DAGs
[2026-01-28T17:12:44.847+0000] {logging_mixin.py:188} INFO - [2026-01-28T17:12:44.847+0000] {dag.py:3823} INFO - Setting next_dagrun for spark_sgp4_streaming to None, run_after=None
[2026-01-28T17:12:44.882+0000] {processor.py:183} INFO - Processing /opt/airflow/dags/airflow_dag_spark_streaming.py took 0.132 seconds
[2026-01-28T17:13:15.069+0000] {processor.py:161} INFO - Started process (PID=8592) to work on /opt/airflow/dags/airflow_dag_spark_streaming.py
[2026-01-28T17:13:15.072+0000] {processor.py:830} INFO - Processing file /opt/airflow/dags/airflow_dag_spark_streaming.py for tasks to queue
[2026-01-28T17:13:15.074+0000] {logging_mixin.py:188} INFO - [2026-01-28T17:13:15.073+0000] {dagbag.py:538} INFO - Filling up the DagBag from /opt/airflow/dags/airflow_dag_spark_streaming.py
[2026-01-28T17:13:15.094+0000] {processor.py:840} INFO - DAG(s) 'spark_sgp4_streaming' retrieved from /opt/airflow/dags/airflow_dag_spark_streaming.py
[2026-01-28T17:13:15.141+0000] {logging_mixin.py:188} INFO - [2026-01-28T17:13:15.141+0000] {dag.py:3036} INFO - Sync 1 DAGs
[2026-01-28T17:13:15.166+0000] {logging_mixin.py:188} INFO - [2026-01-28T17:13:15.165+0000] {dag.py:3823} INFO - Setting next_dagrun for spark_sgp4_streaming to None, run_after=None
[2026-01-28T17:13:15.204+0000] {processor.py:183} INFO - Processing /opt/airflow/dags/airflow_dag_spark_streaming.py took 0.141 seconds
[2026-01-28T17:13:45.370+0000] {processor.py:161} INFO - Started process (PID=8602) to work on /opt/airflow/dags/airflow_dag_spark_streaming.py
[2026-01-28T17:13:45.371+0000] {processor.py:830} INFO - Processing file /opt/airflow/dags/airflow_dag_spark_streaming.py for tasks to queue
[2026-01-28T17:13:45.372+0000] {logging_mixin.py:188} INFO - [2026-01-28T17:13:45.372+0000] {dagbag.py:538} INFO - Filling up the DagBag from /opt/airflow/dags/airflow_dag_spark_streaming.py
[2026-01-28T17:13:45.388+0000] {processor.py:840} INFO - DAG(s) 'spark_sgp4_streaming' retrieved from /opt/airflow/dags/airflow_dag_spark_streaming.py
[2026-01-28T17:13:45.424+0000] {logging_mixin.py:188} INFO - [2026-01-28T17:13:45.424+0000] {dag.py:3036} INFO - Sync 1 DAGs
[2026-01-28T17:13:45.441+0000] {logging_mixin.py:188} INFO - [2026-01-28T17:13:45.440+0000] {dag.py:3823} INFO - Setting next_dagrun for spark_sgp4_streaming to None, run_after=None
[2026-01-28T17:13:45.461+0000] {processor.py:183} INFO - Processing /opt/airflow/dags/airflow_dag_spark_streaming.py took 0.095 seconds
[2026-01-28T17:14:15.623+0000] {processor.py:161} INFO - Started process (PID=8612) to work on /opt/airflow/dags/airflow_dag_spark_streaming.py
[2026-01-28T17:14:15.625+0000] {processor.py:830} INFO - Processing file /opt/airflow/dags/airflow_dag_spark_streaming.py for tasks to queue
[2026-01-28T17:14:15.626+0000] {logging_mixin.py:188} INFO - [2026-01-28T17:14:15.626+0000] {dagbag.py:538} INFO - Filling up the DagBag from /opt/airflow/dags/airflow_dag_spark_streaming.py
[2026-01-28T17:14:15.647+0000] {processor.py:840} INFO - DAG(s) 'spark_sgp4_streaming' retrieved from /opt/airflow/dags/airflow_dag_spark_streaming.py
[2026-01-28T17:14:15.693+0000] {logging_mixin.py:188} INFO - [2026-01-28T17:14:15.693+0000] {dag.py:3036} INFO - Sync 1 DAGs
[2026-01-28T17:14:15.710+0000] {logging_mixin.py:188} INFO - [2026-01-28T17:14:15.709+0000] {dag.py:3823} INFO - Setting next_dagrun for spark_sgp4_streaming to None, run_after=None
[2026-01-28T17:14:15.731+0000] {processor.py:183} INFO - Processing /opt/airflow/dags/airflow_dag_spark_streaming.py took 0.115 seconds
[2026-01-28T17:14:45.905+0000] {processor.py:161} INFO - Started process (PID=8622) to work on /opt/airflow/dags/airflow_dag_spark_streaming.py
[2026-01-28T17:14:45.908+0000] {processor.py:830} INFO - Processing file /opt/airflow/dags/airflow_dag_spark_streaming.py for tasks to queue
[2026-01-28T17:14:45.910+0000] {logging_mixin.py:188} INFO - [2026-01-28T17:14:45.909+0000] {dagbag.py:538} INFO - Filling up the DagBag from /opt/airflow/dags/airflow_dag_spark_streaming.py
[2026-01-28T17:14:45.930+0000] {processor.py:840} INFO - DAG(s) 'spark_sgp4_streaming' retrieved from /opt/airflow/dags/airflow_dag_spark_streaming.py
[2026-01-28T17:14:45.972+0000] {logging_mixin.py:188} INFO - [2026-01-28T17:14:45.972+0000] {dag.py:3036} INFO - Sync 1 DAGs
[2026-01-28T17:14:45.991+0000] {logging_mixin.py:188} INFO - [2026-01-28T17:14:45.991+0000] {dag.py:3823} INFO - Setting next_dagrun for spark_sgp4_streaming to None, run_after=None
[2026-01-28T17:14:46.023+0000] {processor.py:183} INFO - Processing /opt/airflow/dags/airflow_dag_spark_streaming.py took 0.123 seconds
[2026-01-28T17:15:16.195+0000] {processor.py:161} INFO - Started process (PID=8632) to work on /opt/airflow/dags/airflow_dag_spark_streaming.py
[2026-01-28T17:15:16.196+0000] {processor.py:830} INFO - Processing file /opt/airflow/dags/airflow_dag_spark_streaming.py for tasks to queue
[2026-01-28T17:15:16.197+0000] {logging_mixin.py:188} INFO - [2026-01-28T17:15:16.197+0000] {dagbag.py:538} INFO - Filling up the DagBag from /opt/airflow/dags/airflow_dag_spark_streaming.py
[2026-01-28T17:15:16.212+0000] {processor.py:840} INFO - DAG(s) 'spark_sgp4_streaming' retrieved from /opt/airflow/dags/airflow_dag_spark_streaming.py
[2026-01-28T17:15:16.251+0000] {logging_mixin.py:188} INFO - [2026-01-28T17:15:16.251+0000] {dag.py:3036} INFO - Sync 1 DAGs
[2026-01-28T17:15:16.267+0000] {logging_mixin.py:188} INFO - [2026-01-28T17:15:16.267+0000] {dag.py:3823} INFO - Setting next_dagrun for spark_sgp4_streaming to None, run_after=None
[2026-01-28T17:15:16.285+0000] {processor.py:183} INFO - Processing /opt/airflow/dags/airflow_dag_spark_streaming.py took 0.094 seconds
[2026-01-28T17:15:46.445+0000] {processor.py:161} INFO - Started process (PID=8642) to work on /opt/airflow/dags/airflow_dag_spark_streaming.py
[2026-01-28T17:15:46.447+0000] {processor.py:830} INFO - Processing file /opt/airflow/dags/airflow_dag_spark_streaming.py for tasks to queue
[2026-01-28T17:15:46.449+0000] {logging_mixin.py:188} INFO - [2026-01-28T17:15:46.448+0000] {dagbag.py:538} INFO - Filling up the DagBag from /opt/airflow/dags/airflow_dag_spark_streaming.py
[2026-01-28T17:15:46.463+0000] {processor.py:840} INFO - DAG(s) 'spark_sgp4_streaming' retrieved from /opt/airflow/dags/airflow_dag_spark_streaming.py
[2026-01-28T17:15:46.509+0000] {logging_mixin.py:188} INFO - [2026-01-28T17:15:46.508+0000] {dag.py:3036} INFO - Sync 1 DAGs
[2026-01-28T17:15:46.535+0000] {logging_mixin.py:188} INFO - [2026-01-28T17:15:46.534+0000] {dag.py:3823} INFO - Setting next_dagrun for spark_sgp4_streaming to None, run_after=None
[2026-01-28T17:15:46.571+0000] {processor.py:183} INFO - Processing /opt/airflow/dags/airflow_dag_spark_streaming.py took 0.131 seconds
[2026-01-28T17:16:16.742+0000] {processor.py:161} INFO - Started process (PID=8652) to work on /opt/airflow/dags/airflow_dag_spark_streaming.py
[2026-01-28T17:16:16.745+0000] {processor.py:830} INFO - Processing file /opt/airflow/dags/airflow_dag_spark_streaming.py for tasks to queue
[2026-01-28T17:16:16.746+0000] {logging_mixin.py:188} INFO - [2026-01-28T17:16:16.745+0000] {dagbag.py:538} INFO - Filling up the DagBag from /opt/airflow/dags/airflow_dag_spark_streaming.py
[2026-01-28T17:16:16.759+0000] {processor.py:840} INFO - DAG(s) 'spark_sgp4_streaming' retrieved from /opt/airflow/dags/airflow_dag_spark_streaming.py
[2026-01-28T17:16:16.811+0000] {logging_mixin.py:188} INFO - [2026-01-28T17:16:16.811+0000] {dag.py:3036} INFO - Sync 1 DAGs
[2026-01-28T17:16:16.834+0000] {logging_mixin.py:188} INFO - [2026-01-28T17:16:16.833+0000] {dag.py:3823} INFO - Setting next_dagrun for spark_sgp4_streaming to None, run_after=None
[2026-01-28T17:16:16.868+0000] {processor.py:183} INFO - Processing /opt/airflow/dags/airflow_dag_spark_streaming.py took 0.130 seconds
[2026-01-28T17:16:47.045+0000] {processor.py:161} INFO - Started process (PID=8662) to work on /opt/airflow/dags/airflow_dag_spark_streaming.py
[2026-01-28T17:16:47.048+0000] {processor.py:830} INFO - Processing file /opt/airflow/dags/airflow_dag_spark_streaming.py for tasks to queue
[2026-01-28T17:16:47.050+0000] {logging_mixin.py:188} INFO - [2026-01-28T17:16:47.049+0000] {dagbag.py:538} INFO - Filling up the DagBag from /opt/airflow/dags/airflow_dag_spark_streaming.py
[2026-01-28T17:16:47.071+0000] {processor.py:840} INFO - DAG(s) 'spark_sgp4_streaming' retrieved from /opt/airflow/dags/airflow_dag_spark_streaming.py
[2026-01-28T17:16:47.124+0000] {logging_mixin.py:188} INFO - [2026-01-28T17:16:47.124+0000] {dag.py:3036} INFO - Sync 1 DAGs
[2026-01-28T17:16:47.149+0000] {logging_mixin.py:188} INFO - [2026-01-28T17:16:47.149+0000] {dag.py:3823} INFO - Setting next_dagrun for spark_sgp4_streaming to None, run_after=None
[2026-01-28T17:16:47.182+0000] {processor.py:183} INFO - Processing /opt/airflow/dags/airflow_dag_spark_streaming.py took 0.144 seconds
[2026-01-28T17:17:17.358+0000] {processor.py:161} INFO - Started process (PID=8672) to work on /opt/airflow/dags/airflow_dag_spark_streaming.py
[2026-01-28T17:17:17.360+0000] {processor.py:830} INFO - Processing file /opt/airflow/dags/airflow_dag_spark_streaming.py for tasks to queue
[2026-01-28T17:17:17.361+0000] {logging_mixin.py:188} INFO - [2026-01-28T17:17:17.361+0000] {dagbag.py:538} INFO - Filling up the DagBag from /opt/airflow/dags/airflow_dag_spark_streaming.py
[2026-01-28T17:17:17.375+0000] {processor.py:840} INFO - DAG(s) 'spark_sgp4_streaming' retrieved from /opt/airflow/dags/airflow_dag_spark_streaming.py
[2026-01-28T17:17:17.411+0000] {logging_mixin.py:188} INFO - [2026-01-28T17:17:17.411+0000] {dag.py:3036} INFO - Sync 1 DAGs
[2026-01-28T17:17:17.430+0000] {logging_mixin.py:188} INFO - [2026-01-28T17:17:17.430+0000] {dag.py:3823} INFO - Setting next_dagrun for spark_sgp4_streaming to None, run_after=None
[2026-01-28T17:17:17.462+0000] {processor.py:183} INFO - Processing /opt/airflow/dags/airflow_dag_spark_streaming.py took 0.108 seconds
[2026-01-28T17:17:47.655+0000] {processor.py:161} INFO - Started process (PID=8682) to work on /opt/airflow/dags/airflow_dag_spark_streaming.py
[2026-01-28T17:17:47.658+0000] {processor.py:830} INFO - Processing file /opt/airflow/dags/airflow_dag_spark_streaming.py for tasks to queue
[2026-01-28T17:17:47.659+0000] {logging_mixin.py:188} INFO - [2026-01-28T17:17:47.658+0000] {dagbag.py:538} INFO - Filling up the DagBag from /opt/airflow/dags/airflow_dag_spark_streaming.py
[2026-01-28T17:17:47.680+0000] {processor.py:840} INFO - DAG(s) 'spark_sgp4_streaming' retrieved from /opt/airflow/dags/airflow_dag_spark_streaming.py
[2026-01-28T17:17:47.729+0000] {logging_mixin.py:188} INFO - [2026-01-28T17:17:47.729+0000] {dag.py:3036} INFO - Sync 1 DAGs
[2026-01-28T17:17:47.749+0000] {logging_mixin.py:188} INFO - [2026-01-28T17:17:47.748+0000] {dag.py:3823} INFO - Setting next_dagrun for spark_sgp4_streaming to None, run_after=None
[2026-01-28T17:17:47.770+0000] {processor.py:183} INFO - Processing /opt/airflow/dags/airflow_dag_spark_streaming.py took 0.122 seconds
[2026-01-28T17:18:17.947+0000] {processor.py:161} INFO - Started process (PID=8692) to work on /opt/airflow/dags/airflow_dag_spark_streaming.py
[2026-01-28T17:18:17.949+0000] {processor.py:830} INFO - Processing file /opt/airflow/dags/airflow_dag_spark_streaming.py for tasks to queue
[2026-01-28T17:18:17.950+0000] {logging_mixin.py:188} INFO - [2026-01-28T17:18:17.950+0000] {dagbag.py:538} INFO - Filling up the DagBag from /opt/airflow/dags/airflow_dag_spark_streaming.py
[2026-01-28T17:18:17.963+0000] {processor.py:840} INFO - DAG(s) 'spark_sgp4_streaming' retrieved from /opt/airflow/dags/airflow_dag_spark_streaming.py
[2026-01-28T17:18:18.001+0000] {logging_mixin.py:188} INFO - [2026-01-28T17:18:18.001+0000] {dag.py:3036} INFO - Sync 1 DAGs
[2026-01-28T17:18:18.023+0000] {logging_mixin.py:188} INFO - [2026-01-28T17:18:18.023+0000] {dag.py:3823} INFO - Setting next_dagrun for spark_sgp4_streaming to None, run_after=None
[2026-01-28T17:18:18.046+0000] {processor.py:183} INFO - Processing /opt/airflow/dags/airflow_dag_spark_streaming.py took 0.103 seconds
[2026-01-28T17:18:48.228+0000] {processor.py:161} INFO - Started process (PID=8702) to work on /opt/airflow/dags/airflow_dag_spark_streaming.py
[2026-01-28T17:18:48.231+0000] {processor.py:830} INFO - Processing file /opt/airflow/dags/airflow_dag_spark_streaming.py for tasks to queue
[2026-01-28T17:18:48.232+0000] {logging_mixin.py:188} INFO - [2026-01-28T17:18:48.232+0000] {dagbag.py:538} INFO - Filling up the DagBag from /opt/airflow/dags/airflow_dag_spark_streaming.py
[2026-01-28T17:18:48.254+0000] {processor.py:840} INFO - DAG(s) 'spark_sgp4_streaming' retrieved from /opt/airflow/dags/airflow_dag_spark_streaming.py
[2026-01-28T17:18:48.300+0000] {logging_mixin.py:188} INFO - [2026-01-28T17:18:48.300+0000] {dag.py:3036} INFO - Sync 1 DAGs
[2026-01-28T17:18:48.318+0000] {logging_mixin.py:188} INFO - [2026-01-28T17:18:48.318+0000] {dag.py:3823} INFO - Setting next_dagrun for spark_sgp4_streaming to None, run_after=None
[2026-01-28T17:18:48.345+0000] {processor.py:183} INFO - Processing /opt/airflow/dags/airflow_dag_spark_streaming.py took 0.123 seconds
[2026-01-28T17:19:18.519+0000] {processor.py:161} INFO - Started process (PID=8712) to work on /opt/airflow/dags/airflow_dag_spark_streaming.py
[2026-01-28T17:19:18.522+0000] {processor.py:830} INFO - Processing file /opt/airflow/dags/airflow_dag_spark_streaming.py for tasks to queue
[2026-01-28T17:19:18.524+0000] {logging_mixin.py:188} INFO - [2026-01-28T17:19:18.523+0000] {dagbag.py:538} INFO - Filling up the DagBag from /opt/airflow/dags/airflow_dag_spark_streaming.py
[2026-01-28T17:19:18.544+0000] {processor.py:840} INFO - DAG(s) 'spark_sgp4_streaming' retrieved from /opt/airflow/dags/airflow_dag_spark_streaming.py
[2026-01-28T17:19:18.583+0000] {logging_mixin.py:188} INFO - [2026-01-28T17:19:18.583+0000] {dag.py:3036} INFO - Sync 1 DAGs
[2026-01-28T17:19:18.606+0000] {logging_mixin.py:188} INFO - [2026-01-28T17:19:18.606+0000] {dag.py:3823} INFO - Setting next_dagrun for spark_sgp4_streaming to None, run_after=None
[2026-01-28T17:19:18.637+0000] {processor.py:183} INFO - Processing /opt/airflow/dags/airflow_dag_spark_streaming.py took 0.124 seconds
[2026-01-28T17:19:48.815+0000] {processor.py:161} INFO - Started process (PID=8722) to work on /opt/airflow/dags/airflow_dag_spark_streaming.py
[2026-01-28T17:19:48.817+0000] {processor.py:830} INFO - Processing file /opt/airflow/dags/airflow_dag_spark_streaming.py for tasks to queue
[2026-01-28T17:19:48.818+0000] {logging_mixin.py:188} INFO - [2026-01-28T17:19:48.817+0000] {dagbag.py:538} INFO - Filling up the DagBag from /opt/airflow/dags/airflow_dag_spark_streaming.py
[2026-01-28T17:19:48.836+0000] {processor.py:840} INFO - DAG(s) 'spark_sgp4_streaming' retrieved from /opt/airflow/dags/airflow_dag_spark_streaming.py
[2026-01-28T17:19:48.889+0000] {logging_mixin.py:188} INFO - [2026-01-28T17:19:48.889+0000] {dag.py:3036} INFO - Sync 1 DAGs
[2026-01-28T17:19:48.914+0000] {logging_mixin.py:188} INFO - [2026-01-28T17:19:48.914+0000] {dag.py:3823} INFO - Setting next_dagrun for spark_sgp4_streaming to None, run_after=None
[2026-01-28T17:19:48.947+0000] {processor.py:183} INFO - Processing /opt/airflow/dags/airflow_dag_spark_streaming.py took 0.136 seconds
[2026-01-28T17:20:19.095+0000] {processor.py:161} INFO - Started process (PID=8732) to work on /opt/airflow/dags/airflow_dag_spark_streaming.py
[2026-01-28T17:20:19.096+0000] {processor.py:830} INFO - Processing file /opt/airflow/dags/airflow_dag_spark_streaming.py for tasks to queue
[2026-01-28T17:20:19.097+0000] {logging_mixin.py:188} INFO - [2026-01-28T17:20:19.097+0000] {dagbag.py:538} INFO - Filling up the DagBag from /opt/airflow/dags/airflow_dag_spark_streaming.py
[2026-01-28T17:20:19.107+0000] {processor.py:840} INFO - DAG(s) 'spark_sgp4_streaming' retrieved from /opt/airflow/dags/airflow_dag_spark_streaming.py
[2026-01-28T17:20:19.138+0000] {logging_mixin.py:188} INFO - [2026-01-28T17:20:19.138+0000] {dag.py:3036} INFO - Sync 1 DAGs
[2026-01-28T17:20:19.152+0000] {logging_mixin.py:188} INFO - [2026-01-28T17:20:19.152+0000] {dag.py:3823} INFO - Setting next_dagrun for spark_sgp4_streaming to None, run_after=None
[2026-01-28T17:20:19.169+0000] {processor.py:183} INFO - Processing /opt/airflow/dags/airflow_dag_spark_streaming.py took 0.077 seconds
[2026-01-28T17:20:49.323+0000] {processor.py:161} INFO - Started process (PID=8743) to work on /opt/airflow/dags/airflow_dag_spark_streaming.py
[2026-01-28T17:20:49.324+0000] {processor.py:830} INFO - Processing file /opt/airflow/dags/airflow_dag_spark_streaming.py for tasks to queue
[2026-01-28T17:20:49.325+0000] {logging_mixin.py:188} INFO - [2026-01-28T17:20:49.325+0000] {dagbag.py:538} INFO - Filling up the DagBag from /opt/airflow/dags/airflow_dag_spark_streaming.py
[2026-01-28T17:20:49.341+0000] {processor.py:840} INFO - DAG(s) 'spark_sgp4_streaming' retrieved from /opt/airflow/dags/airflow_dag_spark_streaming.py
[2026-01-28T17:20:49.379+0000] {logging_mixin.py:188} INFO - [2026-01-28T17:20:49.379+0000] {dag.py:3036} INFO - Sync 1 DAGs
[2026-01-28T17:20:49.404+0000] {logging_mixin.py:188} INFO - [2026-01-28T17:20:49.404+0000] {dag.py:3823} INFO - Setting next_dagrun for spark_sgp4_streaming to None, run_after=None
[2026-01-28T17:20:49.429+0000] {processor.py:183} INFO - Processing /opt/airflow/dags/airflow_dag_spark_streaming.py took 0.111 seconds
[2026-01-28T17:21:19.583+0000] {processor.py:161} INFO - Started process (PID=8754) to work on /opt/airflow/dags/airflow_dag_spark_streaming.py
[2026-01-28T17:21:19.586+0000] {processor.py:830} INFO - Processing file /opt/airflow/dags/airflow_dag_spark_streaming.py for tasks to queue
[2026-01-28T17:21:19.588+0000] {logging_mixin.py:188} INFO - [2026-01-28T17:21:19.587+0000] {dagbag.py:538} INFO - Filling up the DagBag from /opt/airflow/dags/airflow_dag_spark_streaming.py
[2026-01-28T17:21:19.609+0000] {processor.py:840} INFO - DAG(s) 'spark_sgp4_streaming' retrieved from /opt/airflow/dags/airflow_dag_spark_streaming.py
[2026-01-28T17:21:19.660+0000] {logging_mixin.py:188} INFO - [2026-01-28T17:21:19.660+0000] {dag.py:3036} INFO - Sync 1 DAGs
[2026-01-28T17:21:19.685+0000] {logging_mixin.py:188} INFO - [2026-01-28T17:21:19.685+0000] {dag.py:3823} INFO - Setting next_dagrun for spark_sgp4_streaming to None, run_after=None
[2026-01-28T17:21:19.714+0000] {processor.py:183} INFO - Processing /opt/airflow/dags/airflow_dag_spark_streaming.py took 0.137 seconds
[2026-01-28T17:21:49.887+0000] {processor.py:161} INFO - Started process (PID=8764) to work on /opt/airflow/dags/airflow_dag_spark_streaming.py
[2026-01-28T17:21:49.889+0000] {processor.py:830} INFO - Processing file /opt/airflow/dags/airflow_dag_spark_streaming.py for tasks to queue
[2026-01-28T17:21:49.890+0000] {logging_mixin.py:188} INFO - [2026-01-28T17:21:49.889+0000] {dagbag.py:538} INFO - Filling up the DagBag from /opt/airflow/dags/airflow_dag_spark_streaming.py
[2026-01-28T17:21:49.911+0000] {processor.py:840} INFO - DAG(s) 'spark_sgp4_streaming' retrieved from /opt/airflow/dags/airflow_dag_spark_streaming.py
[2026-01-28T17:21:49.963+0000] {logging_mixin.py:188} INFO - [2026-01-28T17:21:49.963+0000] {dag.py:3036} INFO - Sync 1 DAGs
[2026-01-28T17:21:49.989+0000] {logging_mixin.py:188} INFO - [2026-01-28T17:21:49.989+0000] {dag.py:3823} INFO - Setting next_dagrun for spark_sgp4_streaming to None, run_after=None
[2026-01-28T17:21:50.018+0000] {processor.py:183} INFO - Processing /opt/airflow/dags/airflow_dag_spark_streaming.py took 0.135 seconds
[2026-01-28T17:22:20.221+0000] {processor.py:161} INFO - Started process (PID=8774) to work on /opt/airflow/dags/airflow_dag_spark_streaming.py
[2026-01-28T17:22:20.224+0000] {processor.py:830} INFO - Processing file /opt/airflow/dags/airflow_dag_spark_streaming.py for tasks to queue
[2026-01-28T17:22:20.224+0000] {logging_mixin.py:188} INFO - [2026-01-28T17:22:20.224+0000] {dagbag.py:538} INFO - Filling up the DagBag from /opt/airflow/dags/airflow_dag_spark_streaming.py
[2026-01-28T17:22:20.238+0000] {processor.py:840} INFO - DAG(s) 'spark_sgp4_streaming' retrieved from /opt/airflow/dags/airflow_dag_spark_streaming.py
[2026-01-28T17:22:20.279+0000] {logging_mixin.py:188} INFO - [2026-01-28T17:22:20.278+0000] {dag.py:3036} INFO - Sync 1 DAGs
[2026-01-28T17:22:20.304+0000] {logging_mixin.py:188} INFO - [2026-01-28T17:22:20.304+0000] {dag.py:3823} INFO - Setting next_dagrun for spark_sgp4_streaming to None, run_after=None
[2026-01-28T17:22:20.334+0000] {processor.py:183} INFO - Processing /opt/airflow/dags/airflow_dag_spark_streaming.py took 0.117 seconds
[2026-01-28T17:22:50.496+0000] {processor.py:161} INFO - Started process (PID=8784) to work on /opt/airflow/dags/airflow_dag_spark_streaming.py
[2026-01-28T17:22:50.497+0000] {processor.py:830} INFO - Processing file /opt/airflow/dags/airflow_dag_spark_streaming.py for tasks to queue
[2026-01-28T17:22:50.498+0000] {logging_mixin.py:188} INFO - [2026-01-28T17:22:50.498+0000] {dagbag.py:538} INFO - Filling up the DagBag from /opt/airflow/dags/airflow_dag_spark_streaming.py
[2026-01-28T17:22:50.512+0000] {processor.py:840} INFO - DAG(s) 'spark_sgp4_streaming' retrieved from /opt/airflow/dags/airflow_dag_spark_streaming.py
[2026-01-28T17:22:50.547+0000] {logging_mixin.py:188} INFO - [2026-01-28T17:22:50.547+0000] {dag.py:3036} INFO - Sync 1 DAGs
[2026-01-28T17:22:50.564+0000] {logging_mixin.py:188} INFO - [2026-01-28T17:22:50.563+0000] {dag.py:3823} INFO - Setting next_dagrun for spark_sgp4_streaming to None, run_after=None
[2026-01-28T17:22:50.583+0000] {processor.py:183} INFO - Processing /opt/airflow/dags/airflow_dag_spark_streaming.py took 0.091 seconds
[2026-01-28T17:23:20.747+0000] {processor.py:161} INFO - Started process (PID=8794) to work on /opt/airflow/dags/airflow_dag_spark_streaming.py
[2026-01-28T17:23:20.749+0000] {processor.py:830} INFO - Processing file /opt/airflow/dags/airflow_dag_spark_streaming.py for tasks to queue
[2026-01-28T17:23:20.750+0000] {logging_mixin.py:188} INFO - [2026-01-28T17:23:20.749+0000] {dagbag.py:538} INFO - Filling up the DagBag from /opt/airflow/dags/airflow_dag_spark_streaming.py
[2026-01-28T17:23:20.771+0000] {processor.py:840} INFO - DAG(s) 'spark_sgp4_streaming' retrieved from /opt/airflow/dags/airflow_dag_spark_streaming.py
[2026-01-28T17:23:20.816+0000] {logging_mixin.py:188} INFO - [2026-01-28T17:23:20.815+0000] {dag.py:3036} INFO - Sync 1 DAGs
[2026-01-28T17:23:20.834+0000] {logging_mixin.py:188} INFO - [2026-01-28T17:23:20.834+0000] {dag.py:3823} INFO - Setting next_dagrun for spark_sgp4_streaming to None, run_after=None
[2026-01-28T17:23:20.865+0000] {processor.py:183} INFO - Processing /opt/airflow/dags/airflow_dag_spark_streaming.py took 0.121 seconds
[2026-01-28T17:23:51.069+0000] {processor.py:161} INFO - Started process (PID=8804) to work on /opt/airflow/dags/airflow_dag_spark_streaming.py
[2026-01-28T17:23:51.071+0000] {processor.py:830} INFO - Processing file /opt/airflow/dags/airflow_dag_spark_streaming.py for tasks to queue
[2026-01-28T17:23:51.074+0000] {logging_mixin.py:188} INFO - [2026-01-28T17:23:51.072+0000] {dagbag.py:538} INFO - Filling up the DagBag from /opt/airflow/dags/airflow_dag_spark_streaming.py
[2026-01-28T17:23:51.097+0000] {processor.py:840} INFO - DAG(s) 'spark_sgp4_streaming' retrieved from /opt/airflow/dags/airflow_dag_spark_streaming.py
[2026-01-28T17:23:51.133+0000] {logging_mixin.py:188} INFO - [2026-01-28T17:23:51.133+0000] {dag.py:3036} INFO - Sync 1 DAGs
[2026-01-28T17:23:51.151+0000] {logging_mixin.py:188} INFO - [2026-01-28T17:23:51.151+0000] {dag.py:3823} INFO - Setting next_dagrun for spark_sgp4_streaming to None, run_after=None
[2026-01-28T17:23:51.171+0000] {processor.py:183} INFO - Processing /opt/airflow/dags/airflow_dag_spark_streaming.py took 0.116 seconds
[2026-01-28T17:24:21.346+0000] {processor.py:161} INFO - Started process (PID=8814) to work on /opt/airflow/dags/airflow_dag_spark_streaming.py
[2026-01-28T17:24:21.349+0000] {processor.py:830} INFO - Processing file /opt/airflow/dags/airflow_dag_spark_streaming.py for tasks to queue
[2026-01-28T17:24:21.351+0000] {logging_mixin.py:188} INFO - [2026-01-28T17:24:21.350+0000] {dagbag.py:538} INFO - Filling up the DagBag from /opt/airflow/dags/airflow_dag_spark_streaming.py
[2026-01-28T17:24:21.396+0000] {processor.py:840} INFO - DAG(s) 'spark_sgp4_streaming' retrieved from /opt/airflow/dags/airflow_dag_spark_streaming.py
[2026-01-28T17:24:21.450+0000] {logging_mixin.py:188} INFO - [2026-01-28T17:24:21.450+0000] {dag.py:3036} INFO - Sync 1 DAGs
[2026-01-28T17:24:21.471+0000] {logging_mixin.py:188} INFO - [2026-01-28T17:24:21.471+0000] {dag.py:3823} INFO - Setting next_dagrun for spark_sgp4_streaming to None, run_after=None
[2026-01-28T17:24:21.494+0000] {processor.py:183} INFO - Processing /opt/airflow/dags/airflow_dag_spark_streaming.py took 0.154 seconds
[2026-01-28T17:24:51.663+0000] {processor.py:161} INFO - Started process (PID=8824) to work on /opt/airflow/dags/airflow_dag_spark_streaming.py
[2026-01-28T17:24:51.665+0000] {processor.py:830} INFO - Processing file /opt/airflow/dags/airflow_dag_spark_streaming.py for tasks to queue
[2026-01-28T17:24:51.666+0000] {logging_mixin.py:188} INFO - [2026-01-28T17:24:51.666+0000] {dagbag.py:538} INFO - Filling up the DagBag from /opt/airflow/dags/airflow_dag_spark_streaming.py
[2026-01-28T17:24:51.681+0000] {processor.py:840} INFO - DAG(s) 'spark_sgp4_streaming' retrieved from /opt/airflow/dags/airflow_dag_spark_streaming.py
[2026-01-28T17:24:51.722+0000] {logging_mixin.py:188} INFO - [2026-01-28T17:24:51.722+0000] {dag.py:3036} INFO - Sync 1 DAGs
[2026-01-28T17:24:51.743+0000] {logging_mixin.py:188} INFO - [2026-01-28T17:24:51.743+0000] {dag.py:3823} INFO - Setting next_dagrun for spark_sgp4_streaming to None, run_after=None
[2026-01-28T17:24:51.773+0000] {processor.py:183} INFO - Processing /opt/airflow/dags/airflow_dag_spark_streaming.py took 0.115 seconds
[2026-01-28T17:25:21.936+0000] {processor.py:161} INFO - Started process (PID=8834) to work on /opt/airflow/dags/airflow_dag_spark_streaming.py
[2026-01-28T17:25:21.939+0000] {processor.py:830} INFO - Processing file /opt/airflow/dags/airflow_dag_spark_streaming.py for tasks to queue
[2026-01-28T17:25:21.940+0000] {logging_mixin.py:188} INFO - [2026-01-28T17:25:21.940+0000] {dagbag.py:538} INFO - Filling up the DagBag from /opt/airflow/dags/airflow_dag_spark_streaming.py
[2026-01-28T17:25:21.961+0000] {processor.py:840} INFO - DAG(s) 'spark_sgp4_streaming' retrieved from /opt/airflow/dags/airflow_dag_spark_streaming.py
[2026-01-28T17:25:22.013+0000] {logging_mixin.py:188} INFO - [2026-01-28T17:25:22.012+0000] {dag.py:3036} INFO - Sync 1 DAGs
[2026-01-28T17:25:22.038+0000] {logging_mixin.py:188} INFO - [2026-01-28T17:25:22.038+0000] {dag.py:3823} INFO - Setting next_dagrun for spark_sgp4_streaming to None, run_after=None
[2026-01-28T17:25:22.069+0000] {processor.py:183} INFO - Processing /opt/airflow/dags/airflow_dag_spark_streaming.py took 0.140 seconds
[2026-01-28T17:25:52.243+0000] {processor.py:161} INFO - Started process (PID=8844) to work on /opt/airflow/dags/airflow_dag_spark_streaming.py
[2026-01-28T17:25:52.246+0000] {processor.py:830} INFO - Processing file /opt/airflow/dags/airflow_dag_spark_streaming.py for tasks to queue
[2026-01-28T17:25:52.247+0000] {logging_mixin.py:188} INFO - [2026-01-28T17:25:52.246+0000] {dagbag.py:538} INFO - Filling up the DagBag from /opt/airflow/dags/airflow_dag_spark_streaming.py
[2026-01-28T17:25:52.268+0000] {processor.py:840} INFO - DAG(s) 'spark_sgp4_streaming' retrieved from /opt/airflow/dags/airflow_dag_spark_streaming.py
[2026-01-28T17:25:52.319+0000] {logging_mixin.py:188} INFO - [2026-01-28T17:25:52.318+0000] {dag.py:3036} INFO - Sync 1 DAGs
[2026-01-28T17:25:52.345+0000] {logging_mixin.py:188} INFO - [2026-01-28T17:25:52.344+0000] {dag.py:3823} INFO - Setting next_dagrun for spark_sgp4_streaming to None, run_after=None
[2026-01-28T17:25:52.372+0000] {processor.py:183} INFO - Processing /opt/airflow/dags/airflow_dag_spark_streaming.py took 0.133 seconds
[2026-01-28T17:26:22.557+0000] {processor.py:161} INFO - Started process (PID=8854) to work on /opt/airflow/dags/airflow_dag_spark_streaming.py
[2026-01-28T17:26:22.560+0000] {processor.py:830} INFO - Processing file /opt/airflow/dags/airflow_dag_spark_streaming.py for tasks to queue
[2026-01-28T17:26:22.561+0000] {logging_mixin.py:188} INFO - [2026-01-28T17:26:22.560+0000] {dagbag.py:538} INFO - Filling up the DagBag from /opt/airflow/dags/airflow_dag_spark_streaming.py
[2026-01-28T17:26:22.576+0000] {processor.py:840} INFO - DAG(s) 'spark_sgp4_streaming' retrieved from /opt/airflow/dags/airflow_dag_spark_streaming.py
[2026-01-28T17:26:22.627+0000] {logging_mixin.py:188} INFO - [2026-01-28T17:26:22.627+0000] {dag.py:3036} INFO - Sync 1 DAGs
[2026-01-28T17:26:22.649+0000] {logging_mixin.py:188} INFO - [2026-01-28T17:26:22.649+0000] {dag.py:3823} INFO - Setting next_dagrun for spark_sgp4_streaming to None, run_after=None
[2026-01-28T17:26:22.672+0000] {processor.py:183} INFO - Processing /opt/airflow/dags/airflow_dag_spark_streaming.py took 0.122 seconds
[2026-01-28T17:26:52.865+0000] {processor.py:161} INFO - Started process (PID=8864) to work on /opt/airflow/dags/airflow_dag_spark_streaming.py
[2026-01-28T17:26:52.867+0000] {processor.py:830} INFO - Processing file /opt/airflow/dags/airflow_dag_spark_streaming.py for tasks to queue
[2026-01-28T17:26:52.869+0000] {logging_mixin.py:188} INFO - [2026-01-28T17:26:52.868+0000] {dagbag.py:538} INFO - Filling up the DagBag from /opt/airflow/dags/airflow_dag_spark_streaming.py
[2026-01-28T17:26:52.892+0000] {processor.py:840} INFO - DAG(s) 'spark_sgp4_streaming' retrieved from /opt/airflow/dags/airflow_dag_spark_streaming.py
[2026-01-28T17:26:52.950+0000] {logging_mixin.py:188} INFO - [2026-01-28T17:26:52.950+0000] {dag.py:3036} INFO - Sync 1 DAGs
[2026-01-28T17:26:52.976+0000] {logging_mixin.py:188} INFO - [2026-01-28T17:26:52.976+0000] {dag.py:3823} INFO - Setting next_dagrun for spark_sgp4_streaming to None, run_after=None
[2026-01-28T17:26:53.010+0000] {processor.py:183} INFO - Processing /opt/airflow/dags/airflow_dag_spark_streaming.py took 0.151 seconds
[2026-01-28T17:27:23.190+0000] {processor.py:161} INFO - Started process (PID=8874) to work on /opt/airflow/dags/airflow_dag_spark_streaming.py
[2026-01-28T17:27:23.193+0000] {processor.py:830} INFO - Processing file /opt/airflow/dags/airflow_dag_spark_streaming.py for tasks to queue
[2026-01-28T17:27:23.194+0000] {logging_mixin.py:188} INFO - [2026-01-28T17:27:23.193+0000] {dagbag.py:538} INFO - Filling up the DagBag from /opt/airflow/dags/airflow_dag_spark_streaming.py
[2026-01-28T17:27:23.215+0000] {processor.py:840} INFO - DAG(s) 'spark_sgp4_streaming' retrieved from /opt/airflow/dags/airflow_dag_spark_streaming.py
[2026-01-28T17:27:23.267+0000] {logging_mixin.py:188} INFO - [2026-01-28T17:27:23.267+0000] {dag.py:3036} INFO - Sync 1 DAGs
[2026-01-28T17:27:23.292+0000] {logging_mixin.py:188} INFO - [2026-01-28T17:27:23.292+0000] {dag.py:3823} INFO - Setting next_dagrun for spark_sgp4_streaming to None, run_after=None
[2026-01-28T17:27:23.324+0000] {processor.py:183} INFO - Processing /opt/airflow/dags/airflow_dag_spark_streaming.py took 0.140 seconds
[2026-01-28T17:27:53.524+0000] {processor.py:161} INFO - Started process (PID=8884) to work on /opt/airflow/dags/airflow_dag_spark_streaming.py
[2026-01-28T17:27:53.527+0000] {processor.py:830} INFO - Processing file /opt/airflow/dags/airflow_dag_spark_streaming.py for tasks to queue
[2026-01-28T17:27:53.528+0000] {logging_mixin.py:188} INFO - [2026-01-28T17:27:53.527+0000] {dagbag.py:538} INFO - Filling up the DagBag from /opt/airflow/dags/airflow_dag_spark_streaming.py
[2026-01-28T17:27:53.549+0000] {processor.py:840} INFO - DAG(s) 'spark_sgp4_streaming' retrieved from /opt/airflow/dags/airflow_dag_spark_streaming.py
[2026-01-28T17:27:53.606+0000] {logging_mixin.py:188} INFO - [2026-01-28T17:27:53.605+0000] {dag.py:3036} INFO - Sync 1 DAGs
[2026-01-28T17:27:53.631+0000] {logging_mixin.py:188} INFO - [2026-01-28T17:27:53.631+0000] {dag.py:3823} INFO - Setting next_dagrun for spark_sgp4_streaming to None, run_after=None
[2026-01-28T17:27:53.663+0000] {processor.py:183} INFO - Processing /opt/airflow/dags/airflow_dag_spark_streaming.py took 0.146 seconds
[2026-01-28T17:28:23.847+0000] {processor.py:161} INFO - Started process (PID=8894) to work on /opt/airflow/dags/airflow_dag_spark_streaming.py
[2026-01-28T17:28:23.850+0000] {processor.py:830} INFO - Processing file /opt/airflow/dags/airflow_dag_spark_streaming.py for tasks to queue
[2026-01-28T17:28:23.852+0000] {logging_mixin.py:188} INFO - [2026-01-28T17:28:23.851+0000] {dagbag.py:538} INFO - Filling up the DagBag from /opt/airflow/dags/airflow_dag_spark_streaming.py
[2026-01-28T17:28:23.873+0000] {processor.py:840} INFO - DAG(s) 'spark_sgp4_streaming' retrieved from /opt/airflow/dags/airflow_dag_spark_streaming.py
[2026-01-28T17:28:23.931+0000] {logging_mixin.py:188} INFO - [2026-01-28T17:28:23.930+0000] {dag.py:3036} INFO - Sync 1 DAGs
[2026-01-28T17:28:23.954+0000] {logging_mixin.py:188} INFO - [2026-01-28T17:28:23.954+0000] {dag.py:3823} INFO - Setting next_dagrun for spark_sgp4_streaming to None, run_after=None
[2026-01-28T17:28:23.982+0000] {processor.py:183} INFO - Processing /opt/airflow/dags/airflow_dag_spark_streaming.py took 0.141 seconds
[2026-01-28T17:28:54.172+0000] {processor.py:161} INFO - Started process (PID=8904) to work on /opt/airflow/dags/airflow_dag_spark_streaming.py
[2026-01-28T17:28:54.174+0000] {processor.py:830} INFO - Processing file /opt/airflow/dags/airflow_dag_spark_streaming.py for tasks to queue
[2026-01-28T17:28:54.175+0000] {logging_mixin.py:188} INFO - [2026-01-28T17:28:54.175+0000] {dagbag.py:538} INFO - Filling up the DagBag from /opt/airflow/dags/airflow_dag_spark_streaming.py
[2026-01-28T17:28:54.191+0000] {processor.py:840} INFO - DAG(s) 'spark_sgp4_streaming' retrieved from /opt/airflow/dags/airflow_dag_spark_streaming.py
[2026-01-28T17:28:54.232+0000] {logging_mixin.py:188} INFO - [2026-01-28T17:28:54.231+0000] {dag.py:3036} INFO - Sync 1 DAGs
[2026-01-28T17:28:54.250+0000] {logging_mixin.py:188} INFO - [2026-01-28T17:28:54.249+0000] {dag.py:3823} INFO - Setting next_dagrun for spark_sgp4_streaming to None, run_after=None
[2026-01-28T17:28:54.272+0000] {processor.py:183} INFO - Processing /opt/airflow/dags/airflow_dag_spark_streaming.py took 0.105 seconds
[2026-01-28T17:29:24.451+0000] {processor.py:161} INFO - Started process (PID=8914) to work on /opt/airflow/dags/airflow_dag_spark_streaming.py
[2026-01-28T17:29:24.454+0000] {processor.py:830} INFO - Processing file /opt/airflow/dags/airflow_dag_spark_streaming.py for tasks to queue
[2026-01-28T17:29:24.455+0000] {logging_mixin.py:188} INFO - [2026-01-28T17:29:24.454+0000] {dagbag.py:538} INFO - Filling up the DagBag from /opt/airflow/dags/airflow_dag_spark_streaming.py
[2026-01-28T17:29:24.468+0000] {processor.py:840} INFO - DAG(s) 'spark_sgp4_streaming' retrieved from /opt/airflow/dags/airflow_dag_spark_streaming.py
[2026-01-28T17:29:24.509+0000] {logging_mixin.py:188} INFO - [2026-01-28T17:29:24.509+0000] {dag.py:3036} INFO - Sync 1 DAGs
[2026-01-28T17:29:24.526+0000] {logging_mixin.py:188} INFO - [2026-01-28T17:29:24.526+0000] {dag.py:3823} INFO - Setting next_dagrun for spark_sgp4_streaming to None, run_after=None
[2026-01-28T17:29:24.551+0000] {processor.py:183} INFO - Processing /opt/airflow/dags/airflow_dag_spark_streaming.py took 0.104 seconds
[2026-01-28T17:29:54.745+0000] {processor.py:161} INFO - Started process (PID=8924) to work on /opt/airflow/dags/airflow_dag_spark_streaming.py
[2026-01-28T17:29:54.748+0000] {processor.py:830} INFO - Processing file /opt/airflow/dags/airflow_dag_spark_streaming.py for tasks to queue
[2026-01-28T17:29:54.750+0000] {logging_mixin.py:188} INFO - [2026-01-28T17:29:54.749+0000] {dagbag.py:538} INFO - Filling up the DagBag from /opt/airflow/dags/airflow_dag_spark_streaming.py
[2026-01-28T17:29:54.765+0000] {processor.py:840} INFO - DAG(s) 'spark_sgp4_streaming' retrieved from /opt/airflow/dags/airflow_dag_spark_streaming.py
[2026-01-28T17:29:54.810+0000] {logging_mixin.py:188} INFO - [2026-01-28T17:29:54.809+0000] {dag.py:3036} INFO - Sync 1 DAGs
[2026-01-28T17:29:54.829+0000] {logging_mixin.py:188} INFO - [2026-01-28T17:29:54.829+0000] {dag.py:3823} INFO - Setting next_dagrun for spark_sgp4_streaming to None, run_after=None
[2026-01-28T17:29:54.850+0000] {processor.py:183} INFO - Processing /opt/airflow/dags/airflow_dag_spark_streaming.py took 0.112 seconds
[2026-01-28T17:30:25.027+0000] {processor.py:161} INFO - Started process (PID=8934) to work on /opt/airflow/dags/airflow_dag_spark_streaming.py
[2026-01-28T17:30:25.030+0000] {processor.py:830} INFO - Processing file /opt/airflow/dags/airflow_dag_spark_streaming.py for tasks to queue
[2026-01-28T17:30:25.031+0000] {logging_mixin.py:188} INFO - [2026-01-28T17:30:25.030+0000] {dagbag.py:538} INFO - Filling up the DagBag from /opt/airflow/dags/airflow_dag_spark_streaming.py
[2026-01-28T17:30:25.046+0000] {processor.py:840} INFO - DAG(s) 'spark_sgp4_streaming' retrieved from /opt/airflow/dags/airflow_dag_spark_streaming.py
[2026-01-28T17:30:25.085+0000] {logging_mixin.py:188} INFO - [2026-01-28T17:30:25.084+0000] {dag.py:3036} INFO - Sync 1 DAGs
[2026-01-28T17:30:25.103+0000] {logging_mixin.py:188} INFO - [2026-01-28T17:30:25.102+0000] {dag.py:3823} INFO - Setting next_dagrun for spark_sgp4_streaming to None, run_after=None
[2026-01-28T17:30:25.123+0000] {processor.py:183} INFO - Processing /opt/airflow/dags/airflow_dag_spark_streaming.py took 0.100 seconds
[2026-01-28T17:30:55.292+0000] {processor.py:161} INFO - Started process (PID=8944) to work on /opt/airflow/dags/airflow_dag_spark_streaming.py
[2026-01-28T17:30:55.293+0000] {processor.py:830} INFO - Processing file /opt/airflow/dags/airflow_dag_spark_streaming.py for tasks to queue
[2026-01-28T17:30:55.294+0000] {logging_mixin.py:188} INFO - [2026-01-28T17:30:55.294+0000] {dagbag.py:538} INFO - Filling up the DagBag from /opt/airflow/dags/airflow_dag_spark_streaming.py
[2026-01-28T17:30:55.311+0000] {processor.py:840} INFO - DAG(s) 'spark_sgp4_streaming' retrieved from /opt/airflow/dags/airflow_dag_spark_streaming.py
[2026-01-28T17:30:55.351+0000] {logging_mixin.py:188} INFO - [2026-01-28T17:30:55.350+0000] {dag.py:3036} INFO - Sync 1 DAGs
[2026-01-28T17:30:55.368+0000] {logging_mixin.py:188} INFO - [2026-01-28T17:30:55.368+0000] {dag.py:3823} INFO - Setting next_dagrun for spark_sgp4_streaming to None, run_after=None
[2026-01-28T17:30:55.390+0000] {processor.py:183} INFO - Processing /opt/airflow/dags/airflow_dag_spark_streaming.py took 0.103 seconds
[2026-01-28T17:31:25.545+0000] {processor.py:161} INFO - Started process (PID=8954) to work on /opt/airflow/dags/airflow_dag_spark_streaming.py
[2026-01-28T17:31:25.547+0000] {processor.py:830} INFO - Processing file /opt/airflow/dags/airflow_dag_spark_streaming.py for tasks to queue
[2026-01-28T17:31:25.548+0000] {logging_mixin.py:188} INFO - [2026-01-28T17:31:25.548+0000] {dagbag.py:538} INFO - Filling up the DagBag from /opt/airflow/dags/airflow_dag_spark_streaming.py
[2026-01-28T17:31:25.563+0000] {processor.py:840} INFO - DAG(s) 'spark_sgp4_streaming' retrieved from /opt/airflow/dags/airflow_dag_spark_streaming.py
[2026-01-28T17:31:25.602+0000] {logging_mixin.py:188} INFO - [2026-01-28T17:31:25.601+0000] {dag.py:3036} INFO - Sync 1 DAGs
[2026-01-28T17:31:25.620+0000] {logging_mixin.py:188} INFO - [2026-01-28T17:31:25.620+0000] {dag.py:3823} INFO - Setting next_dagrun for spark_sgp4_streaming to None, run_after=None
[2026-01-28T17:31:25.642+0000] {processor.py:183} INFO - Processing /opt/airflow/dags/airflow_dag_spark_streaming.py took 0.102 seconds
[2026-01-28T17:31:55.807+0000] {processor.py:161} INFO - Started process (PID=8964) to work on /opt/airflow/dags/airflow_dag_spark_streaming.py
[2026-01-28T17:31:55.808+0000] {processor.py:830} INFO - Processing file /opt/airflow/dags/airflow_dag_spark_streaming.py for tasks to queue
[2026-01-28T17:31:55.810+0000] {logging_mixin.py:188} INFO - [2026-01-28T17:31:55.809+0000] {dagbag.py:538} INFO - Filling up the DagBag from /opt/airflow/dags/airflow_dag_spark_streaming.py
[2026-01-28T17:31:55.824+0000] {processor.py:840} INFO - DAG(s) 'spark_sgp4_streaming' retrieved from /opt/airflow/dags/airflow_dag_spark_streaming.py
[2026-01-28T17:31:55.866+0000] {logging_mixin.py:188} INFO - [2026-01-28T17:31:55.865+0000] {dag.py:3036} INFO - Sync 1 DAGs
[2026-01-28T17:31:55.888+0000] {logging_mixin.py:188} INFO - [2026-01-28T17:31:55.887+0000] {dag.py:3823} INFO - Setting next_dagrun for spark_sgp4_streaming to None, run_after=None
[2026-01-28T17:31:55.909+0000] {processor.py:183} INFO - Processing /opt/airflow/dags/airflow_dag_spark_streaming.py took 0.106 seconds
[2026-01-28T17:32:26.085+0000] {processor.py:161} INFO - Started process (PID=8974) to work on /opt/airflow/dags/airflow_dag_spark_streaming.py
[2026-01-28T17:32:26.087+0000] {processor.py:830} INFO - Processing file /opt/airflow/dags/airflow_dag_spark_streaming.py for tasks to queue
[2026-01-28T17:32:26.088+0000] {logging_mixin.py:188} INFO - [2026-01-28T17:32:26.087+0000] {dagbag.py:538} INFO - Filling up the DagBag from /opt/airflow/dags/airflow_dag_spark_streaming.py
[2026-01-28T17:32:26.101+0000] {processor.py:840} INFO - DAG(s) 'spark_sgp4_streaming' retrieved from /opt/airflow/dags/airflow_dag_spark_streaming.py
[2026-01-28T17:32:26.140+0000] {logging_mixin.py:188} INFO - [2026-01-28T17:32:26.139+0000] {dag.py:3036} INFO - Sync 1 DAGs
[2026-01-28T17:32:26.157+0000] {logging_mixin.py:188} INFO - [2026-01-28T17:32:26.157+0000] {dag.py:3823} INFO - Setting next_dagrun for spark_sgp4_streaming to None, run_after=None
[2026-01-28T17:32:26.181+0000] {processor.py:183} INFO - Processing /opt/airflow/dags/airflow_dag_spark_streaming.py took 0.100 seconds
[2026-01-28T17:32:56.332+0000] {processor.py:161} INFO - Started process (PID=8984) to work on /opt/airflow/dags/airflow_dag_spark_streaming.py
[2026-01-28T17:32:56.334+0000] {processor.py:830} INFO - Processing file /opt/airflow/dags/airflow_dag_spark_streaming.py for tasks to queue
[2026-01-28T17:32:56.335+0000] {logging_mixin.py:188} INFO - [2026-01-28T17:32:56.335+0000] {dagbag.py:538} INFO - Filling up the DagBag from /opt/airflow/dags/airflow_dag_spark_streaming.py
[2026-01-28T17:32:56.349+0000] {processor.py:840} INFO - DAG(s) 'spark_sgp4_streaming' retrieved from /opt/airflow/dags/airflow_dag_spark_streaming.py
[2026-01-28T17:32:56.385+0000] {logging_mixin.py:188} INFO - [2026-01-28T17:32:56.385+0000] {dag.py:3036} INFO - Sync 1 DAGs
[2026-01-28T17:32:56.403+0000] {logging_mixin.py:188} INFO - [2026-01-28T17:32:56.403+0000] {dag.py:3823} INFO - Setting next_dagrun for spark_sgp4_streaming to None, run_after=None
[2026-01-28T17:32:56.423+0000] {processor.py:183} INFO - Processing /opt/airflow/dags/airflow_dag_spark_streaming.py took 0.095 seconds
[2026-01-28T17:33:26.577+0000] {processor.py:161} INFO - Started process (PID=8994) to work on /opt/airflow/dags/airflow_dag_spark_streaming.py
[2026-01-28T17:33:26.580+0000] {processor.py:830} INFO - Processing file /opt/airflow/dags/airflow_dag_spark_streaming.py for tasks to queue
[2026-01-28T17:33:26.581+0000] {logging_mixin.py:188} INFO - [2026-01-28T17:33:26.581+0000] {dagbag.py:538} INFO - Filling up the DagBag from /opt/airflow/dags/airflow_dag_spark_streaming.py
[2026-01-28T17:33:26.600+0000] {processor.py:840} INFO - DAG(s) 'spark_sgp4_streaming' retrieved from /opt/airflow/dags/airflow_dag_spark_streaming.py
[2026-01-28T17:33:26.647+0000] {logging_mixin.py:188} INFO - [2026-01-28T17:33:26.647+0000] {dag.py:3036} INFO - Sync 1 DAGs
[2026-01-28T17:33:26.673+0000] {logging_mixin.py:188} INFO - [2026-01-28T17:33:26.672+0000] {dag.py:3823} INFO - Setting next_dagrun for spark_sgp4_streaming to None, run_after=None
[2026-01-28T17:33:26.706+0000] {processor.py:183} INFO - Processing /opt/airflow/dags/airflow_dag_spark_streaming.py took 0.133 seconds
[2026-01-28T17:33:56.875+0000] {processor.py:161} INFO - Started process (PID=9004) to work on /opt/airflow/dags/airflow_dag_spark_streaming.py
[2026-01-28T17:33:56.878+0000] {processor.py:830} INFO - Processing file /opt/airflow/dags/airflow_dag_spark_streaming.py for tasks to queue
[2026-01-28T17:33:56.879+0000] {logging_mixin.py:188} INFO - [2026-01-28T17:33:56.879+0000] {dagbag.py:538} INFO - Filling up the DagBag from /opt/airflow/dags/airflow_dag_spark_streaming.py
[2026-01-28T17:33:56.896+0000] {processor.py:840} INFO - DAG(s) 'spark_sgp4_streaming' retrieved from /opt/airflow/dags/airflow_dag_spark_streaming.py
[2026-01-28T17:33:56.933+0000] {logging_mixin.py:188} INFO - [2026-01-28T17:33:56.933+0000] {dag.py:3036} INFO - Sync 1 DAGs
[2026-01-28T17:33:56.950+0000] {logging_mixin.py:188} INFO - [2026-01-28T17:33:56.950+0000] {dag.py:3823} INFO - Setting next_dagrun for spark_sgp4_streaming to None, run_after=None
[2026-01-28T17:33:56.972+0000] {processor.py:183} INFO - Processing /opt/airflow/dags/airflow_dag_spark_streaming.py took 0.101 seconds
[2026-01-28T17:34:27.139+0000] {processor.py:161} INFO - Started process (PID=9014) to work on /opt/airflow/dags/airflow_dag_spark_streaming.py
[2026-01-28T17:34:27.141+0000] {processor.py:830} INFO - Processing file /opt/airflow/dags/airflow_dag_spark_streaming.py for tasks to queue
[2026-01-28T17:34:27.143+0000] {logging_mixin.py:188} INFO - [2026-01-28T17:34:27.142+0000] {dagbag.py:538} INFO - Filling up the DagBag from /opt/airflow/dags/airflow_dag_spark_streaming.py
[2026-01-28T17:34:27.163+0000] {processor.py:840} INFO - DAG(s) 'spark_sgp4_streaming' retrieved from /opt/airflow/dags/airflow_dag_spark_streaming.py
[2026-01-28T17:34:27.219+0000] {logging_mixin.py:188} INFO - [2026-01-28T17:34:27.219+0000] {dag.py:3036} INFO - Sync 1 DAGs
[2026-01-28T17:34:27.244+0000] {logging_mixin.py:188} INFO - [2026-01-28T17:34:27.244+0000] {dag.py:3823} INFO - Setting next_dagrun for spark_sgp4_streaming to None, run_after=None
[2026-01-28T17:34:27.275+0000] {processor.py:183} INFO - Processing /opt/airflow/dags/airflow_dag_spark_streaming.py took 0.142 seconds
[2026-01-28T17:34:57.469+0000] {processor.py:161} INFO - Started process (PID=9024) to work on /opt/airflow/dags/airflow_dag_spark_streaming.py
[2026-01-28T17:34:57.472+0000] {processor.py:830} INFO - Processing file /opt/airflow/dags/airflow_dag_spark_streaming.py for tasks to queue
[2026-01-28T17:34:57.474+0000] {logging_mixin.py:188} INFO - [2026-01-28T17:34:57.473+0000] {dagbag.py:538} INFO - Filling up the DagBag from /opt/airflow/dags/airflow_dag_spark_streaming.py
[2026-01-28T17:34:57.494+0000] {processor.py:840} INFO - DAG(s) 'spark_sgp4_streaming' retrieved from /opt/airflow/dags/airflow_dag_spark_streaming.py
[2026-01-28T17:34:57.541+0000] {logging_mixin.py:188} INFO - [2026-01-28T17:34:57.541+0000] {dag.py:3036} INFO - Sync 1 DAGs
[2026-01-28T17:34:57.566+0000] {logging_mixin.py:188} INFO - [2026-01-28T17:34:57.566+0000] {dag.py:3823} INFO - Setting next_dagrun for spark_sgp4_streaming to None, run_after=None
[2026-01-28T17:34:57.597+0000] {processor.py:183} INFO - Processing /opt/airflow/dags/airflow_dag_spark_streaming.py took 0.134 seconds
[2026-01-28T17:35:27.754+0000] {processor.py:161} INFO - Started process (PID=9034) to work on /opt/airflow/dags/airflow_dag_spark_streaming.py
[2026-01-28T17:35:27.756+0000] {processor.py:830} INFO - Processing file /opt/airflow/dags/airflow_dag_spark_streaming.py for tasks to queue
[2026-01-28T17:35:27.757+0000] {logging_mixin.py:188} INFO - [2026-01-28T17:35:27.757+0000] {dagbag.py:538} INFO - Filling up the DagBag from /opt/airflow/dags/airflow_dag_spark_streaming.py
[2026-01-28T17:35:27.771+0000] {processor.py:840} INFO - DAG(s) 'spark_sgp4_streaming' retrieved from /opt/airflow/dags/airflow_dag_spark_streaming.py
[2026-01-28T17:35:27.806+0000] {logging_mixin.py:188} INFO - [2026-01-28T17:35:27.806+0000] {dag.py:3036} INFO - Sync 1 DAGs
[2026-01-28T17:35:27.831+0000] {logging_mixin.py:188} INFO - [2026-01-28T17:35:27.830+0000] {dag.py:3823} INFO - Setting next_dagrun for spark_sgp4_streaming to None, run_after=None
[2026-01-28T17:35:27.862+0000] {processor.py:183} INFO - Processing /opt/airflow/dags/airflow_dag_spark_streaming.py took 0.113 seconds
[2026-01-28T17:35:58.021+0000] {processor.py:161} INFO - Started process (PID=9044) to work on /opt/airflow/dags/airflow_dag_spark_streaming.py
[2026-01-28T17:35:58.024+0000] {processor.py:830} INFO - Processing file /opt/airflow/dags/airflow_dag_spark_streaming.py for tasks to queue
[2026-01-28T17:35:58.026+0000] {logging_mixin.py:188} INFO - [2026-01-28T17:35:58.025+0000] {dagbag.py:538} INFO - Filling up the DagBag from /opt/airflow/dags/airflow_dag_spark_streaming.py
[2026-01-28T17:35:58.046+0000] {processor.py:840} INFO - DAG(s) 'spark_sgp4_streaming' retrieved from /opt/airflow/dags/airflow_dag_spark_streaming.py
[2026-01-28T17:35:58.089+0000] {logging_mixin.py:188} INFO - [2026-01-28T17:35:58.088+0000] {dag.py:3036} INFO - Sync 1 DAGs
[2026-01-28T17:35:58.109+0000] {logging_mixin.py:188} INFO - [2026-01-28T17:35:58.109+0000] {dag.py:3823} INFO - Setting next_dagrun for spark_sgp4_streaming to None, run_after=None
[2026-01-28T17:35:58.142+0000] {processor.py:183} INFO - Processing /opt/airflow/dags/airflow_dag_spark_streaming.py took 0.127 seconds
[2026-01-28T17:36:28.298+0000] {processor.py:161} INFO - Started process (PID=9054) to work on /opt/airflow/dags/airflow_dag_spark_streaming.py
[2026-01-28T17:36:28.299+0000] {processor.py:830} INFO - Processing file /opt/airflow/dags/airflow_dag_spark_streaming.py for tasks to queue
[2026-01-28T17:36:28.300+0000] {logging_mixin.py:188} INFO - [2026-01-28T17:36:28.299+0000] {dagbag.py:538} INFO - Filling up the DagBag from /opt/airflow/dags/airflow_dag_spark_streaming.py
[2026-01-28T17:36:28.315+0000] {processor.py:840} INFO - DAG(s) 'spark_sgp4_streaming' retrieved from /opt/airflow/dags/airflow_dag_spark_streaming.py
[2026-01-28T17:36:28.354+0000] {logging_mixin.py:188} INFO - [2026-01-28T17:36:28.354+0000] {dag.py:3036} INFO - Sync 1 DAGs
[2026-01-28T17:36:28.373+0000] {logging_mixin.py:188} INFO - [2026-01-28T17:36:28.372+0000] {dag.py:3823} INFO - Setting next_dagrun for spark_sgp4_streaming to None, run_after=None
[2026-01-28T17:36:28.393+0000] {processor.py:183} INFO - Processing /opt/airflow/dags/airflow_dag_spark_streaming.py took 0.100 seconds
[2026-01-28T17:36:58.566+0000] {processor.py:161} INFO - Started process (PID=9064) to work on /opt/airflow/dags/airflow_dag_spark_streaming.py
[2026-01-28T17:36:58.568+0000] {processor.py:830} INFO - Processing file /opt/airflow/dags/airflow_dag_spark_streaming.py for tasks to queue
[2026-01-28T17:36:58.570+0000] {logging_mixin.py:188} INFO - [2026-01-28T17:36:58.569+0000] {dagbag.py:538} INFO - Filling up the DagBag from /opt/airflow/dags/airflow_dag_spark_streaming.py
[2026-01-28T17:36:58.586+0000] {processor.py:840} INFO - DAG(s) 'spark_sgp4_streaming' retrieved from /opt/airflow/dags/airflow_dag_spark_streaming.py
[2026-01-28T17:36:58.633+0000] {logging_mixin.py:188} INFO - [2026-01-28T17:36:58.633+0000] {dag.py:3036} INFO - Sync 1 DAGs
[2026-01-28T17:36:58.655+0000] {logging_mixin.py:188} INFO - [2026-01-28T17:36:58.655+0000] {dag.py:3823} INFO - Setting next_dagrun for spark_sgp4_streaming to None, run_after=None
[2026-01-28T17:36:58.681+0000] {processor.py:183} INFO - Processing /opt/airflow/dags/airflow_dag_spark_streaming.py took 0.121 seconds
[2026-01-28T17:37:28.845+0000] {processor.py:161} INFO - Started process (PID=9074) to work on /opt/airflow/dags/airflow_dag_spark_streaming.py
[2026-01-28T17:37:28.848+0000] {processor.py:830} INFO - Processing file /opt/airflow/dags/airflow_dag_spark_streaming.py for tasks to queue
[2026-01-28T17:37:28.849+0000] {logging_mixin.py:188} INFO - [2026-01-28T17:37:28.848+0000] {dagbag.py:538} INFO - Filling up the DagBag from /opt/airflow/dags/airflow_dag_spark_streaming.py
[2026-01-28T17:37:28.862+0000] {processor.py:840} INFO - DAG(s) 'spark_sgp4_streaming' retrieved from /opt/airflow/dags/airflow_dag_spark_streaming.py
[2026-01-28T17:37:28.897+0000] {logging_mixin.py:188} INFO - [2026-01-28T17:37:28.897+0000] {dag.py:3036} INFO - Sync 1 DAGs
[2026-01-28T17:37:28.914+0000] {logging_mixin.py:188} INFO - [2026-01-28T17:37:28.913+0000] {dag.py:3823} INFO - Setting next_dagrun for spark_sgp4_streaming to None, run_after=None
[2026-01-28T17:37:28.934+0000] {processor.py:183} INFO - Processing /opt/airflow/dags/airflow_dag_spark_streaming.py took 0.093 seconds
[2026-01-28T17:37:59.086+0000] {processor.py:161} INFO - Started process (PID=9084) to work on /opt/airflow/dags/airflow_dag_spark_streaming.py
[2026-01-28T17:37:59.088+0000] {processor.py:830} INFO - Processing file /opt/airflow/dags/airflow_dag_spark_streaming.py for tasks to queue
[2026-01-28T17:37:59.090+0000] {logging_mixin.py:188} INFO - [2026-01-28T17:37:59.089+0000] {dagbag.py:538} INFO - Filling up the DagBag from /opt/airflow/dags/airflow_dag_spark_streaming.py
[2026-01-28T17:37:59.104+0000] {processor.py:840} INFO - DAG(s) 'spark_sgp4_streaming' retrieved from /opt/airflow/dags/airflow_dag_spark_streaming.py
[2026-01-28T17:37:59.145+0000] {logging_mixin.py:188} INFO - [2026-01-28T17:37:59.145+0000] {dag.py:3036} INFO - Sync 1 DAGs
[2026-01-28T17:37:59.163+0000] {logging_mixin.py:188} INFO - [2026-01-28T17:37:59.163+0000] {dag.py:3823} INFO - Setting next_dagrun for spark_sgp4_streaming to None, run_after=None
[2026-01-28T17:37:59.184+0000] {processor.py:183} INFO - Processing /opt/airflow/dags/airflow_dag_spark_streaming.py took 0.103 seconds
[2026-01-28T17:38:29.355+0000] {processor.py:161} INFO - Started process (PID=9094) to work on /opt/airflow/dags/airflow_dag_spark_streaming.py
[2026-01-28T17:38:29.358+0000] {processor.py:830} INFO - Processing file /opt/airflow/dags/airflow_dag_spark_streaming.py for tasks to queue
[2026-01-28T17:38:29.359+0000] {logging_mixin.py:188} INFO - [2026-01-28T17:38:29.358+0000] {dagbag.py:538} INFO - Filling up the DagBag from /opt/airflow/dags/airflow_dag_spark_streaming.py
[2026-01-28T17:38:29.373+0000] {processor.py:840} INFO - DAG(s) 'spark_sgp4_streaming' retrieved from /opt/airflow/dags/airflow_dag_spark_streaming.py
[2026-01-28T17:38:29.413+0000] {logging_mixin.py:188} INFO - [2026-01-28T17:38:29.412+0000] {dag.py:3036} INFO - Sync 1 DAGs
[2026-01-28T17:38:29.430+0000] {logging_mixin.py:188} INFO - [2026-01-28T17:38:29.429+0000] {dag.py:3823} INFO - Setting next_dagrun for spark_sgp4_streaming to None, run_after=None
[2026-01-28T17:38:29.451+0000] {processor.py:183} INFO - Processing /opt/airflow/dags/airflow_dag_spark_streaming.py took 0.101 seconds
[2026-01-28T17:38:59.603+0000] {processor.py:161} INFO - Started process (PID=9104) to work on /opt/airflow/dags/airflow_dag_spark_streaming.py
[2026-01-28T17:38:59.606+0000] {processor.py:830} INFO - Processing file /opt/airflow/dags/airflow_dag_spark_streaming.py for tasks to queue
[2026-01-28T17:38:59.607+0000] {logging_mixin.py:188} INFO - [2026-01-28T17:38:59.606+0000] {dagbag.py:538} INFO - Filling up the DagBag from /opt/airflow/dags/airflow_dag_spark_streaming.py
[2026-01-28T17:38:59.621+0000] {processor.py:840} INFO - DAG(s) 'spark_sgp4_streaming' retrieved from /opt/airflow/dags/airflow_dag_spark_streaming.py
[2026-01-28T17:38:59.658+0000] {logging_mixin.py:188} INFO - [2026-01-28T17:38:59.658+0000] {dag.py:3036} INFO - Sync 1 DAGs
[2026-01-28T17:38:59.675+0000] {logging_mixin.py:188} INFO - [2026-01-28T17:38:59.675+0000] {dag.py:3823} INFO - Setting next_dagrun for spark_sgp4_streaming to None, run_after=None
[2026-01-28T17:38:59.696+0000] {processor.py:183} INFO - Processing /opt/airflow/dags/airflow_dag_spark_streaming.py took 0.099 seconds
[2026-01-28T17:39:29.858+0000] {processor.py:161} INFO - Started process (PID=9114) to work on /opt/airflow/dags/airflow_dag_spark_streaming.py
[2026-01-28T17:39:29.861+0000] {processor.py:830} INFO - Processing file /opt/airflow/dags/airflow_dag_spark_streaming.py for tasks to queue
[2026-01-28T17:39:29.862+0000] {logging_mixin.py:188} INFO - [2026-01-28T17:39:29.862+0000] {dagbag.py:538} INFO - Filling up the DagBag from /opt/airflow/dags/airflow_dag_spark_streaming.py
[2026-01-28T17:39:29.883+0000] {processor.py:840} INFO - DAG(s) 'spark_sgp4_streaming' retrieved from /opt/airflow/dags/airflow_dag_spark_streaming.py
[2026-01-28T17:39:29.929+0000] {logging_mixin.py:188} INFO - [2026-01-28T17:39:29.929+0000] {dag.py:3036} INFO - Sync 1 DAGs
[2026-01-28T17:39:29.954+0000] {logging_mixin.py:188} INFO - [2026-01-28T17:39:29.954+0000] {dag.py:3823} INFO - Setting next_dagrun for spark_sgp4_streaming to None, run_after=None
[2026-01-28T17:39:29.985+0000] {processor.py:183} INFO - Processing /opt/airflow/dags/airflow_dag_spark_streaming.py took 0.133 seconds
[2026-01-28T17:40:00.173+0000] {processor.py:161} INFO - Started process (PID=9124) to work on /opt/airflow/dags/airflow_dag_spark_streaming.py
[2026-01-28T17:40:00.176+0000] {processor.py:830} INFO - Processing file /opt/airflow/dags/airflow_dag_spark_streaming.py for tasks to queue
[2026-01-28T17:40:00.177+0000] {logging_mixin.py:188} INFO - [2026-01-28T17:40:00.177+0000] {dagbag.py:538} INFO - Filling up the DagBag from /opt/airflow/dags/airflow_dag_spark_streaming.py
[2026-01-28T17:40:00.191+0000] {processor.py:840} INFO - DAG(s) 'spark_sgp4_streaming' retrieved from /opt/airflow/dags/airflow_dag_spark_streaming.py
[2026-01-28T17:40:00.227+0000] {logging_mixin.py:188} INFO - [2026-01-28T17:40:00.227+0000] {dag.py:3036} INFO - Sync 1 DAGs
[2026-01-28T17:40:00.244+0000] {logging_mixin.py:188} INFO - [2026-01-28T17:40:00.243+0000] {dag.py:3823} INFO - Setting next_dagrun for spark_sgp4_streaming to None, run_after=None
[2026-01-28T17:40:00.273+0000] {processor.py:183} INFO - Processing /opt/airflow/dags/airflow_dag_spark_streaming.py took 0.106 seconds
[2026-01-28T17:40:30.456+0000] {processor.py:161} INFO - Started process (PID=9134) to work on /opt/airflow/dags/airflow_dag_spark_streaming.py
[2026-01-28T17:40:30.459+0000] {processor.py:830} INFO - Processing file /opt/airflow/dags/airflow_dag_spark_streaming.py for tasks to queue
[2026-01-28T17:40:30.460+0000] {logging_mixin.py:188} INFO - [2026-01-28T17:40:30.460+0000] {dagbag.py:538} INFO - Filling up the DagBag from /opt/airflow/dags/airflow_dag_spark_streaming.py
[2026-01-28T17:40:30.482+0000] {processor.py:840} INFO - DAG(s) 'spark_sgp4_streaming' retrieved from /opt/airflow/dags/airflow_dag_spark_streaming.py
[2026-01-28T17:40:30.539+0000] {logging_mixin.py:188} INFO - [2026-01-28T17:40:30.539+0000] {dag.py:3036} INFO - Sync 1 DAGs
[2026-01-28T17:40:30.565+0000] {logging_mixin.py:188} INFO - [2026-01-28T17:40:30.565+0000] {dag.py:3823} INFO - Setting next_dagrun for spark_sgp4_streaming to None, run_after=None
[2026-01-28T17:40:30.588+0000] {processor.py:183} INFO - Processing /opt/airflow/dags/airflow_dag_spark_streaming.py took 0.138 seconds
[2026-01-28T17:41:00.785+0000] {processor.py:161} INFO - Started process (PID=9144) to work on /opt/airflow/dags/airflow_dag_spark_streaming.py
[2026-01-28T17:41:00.787+0000] {processor.py:830} INFO - Processing file /opt/airflow/dags/airflow_dag_spark_streaming.py for tasks to queue
[2026-01-28T17:41:00.788+0000] {logging_mixin.py:188} INFO - [2026-01-28T17:41:00.788+0000] {dagbag.py:538} INFO - Filling up the DagBag from /opt/airflow/dags/airflow_dag_spark_streaming.py
[2026-01-28T17:41:00.805+0000] {processor.py:840} INFO - DAG(s) 'spark_sgp4_streaming' retrieved from /opt/airflow/dags/airflow_dag_spark_streaming.py
[2026-01-28T17:41:00.840+0000] {logging_mixin.py:188} INFO - [2026-01-28T17:41:00.840+0000] {dag.py:3036} INFO - Sync 1 DAGs
[2026-01-28T17:41:00.867+0000] {logging_mixin.py:188} INFO - [2026-01-28T17:41:00.866+0000] {dag.py:3823} INFO - Setting next_dagrun for spark_sgp4_streaming to None, run_after=None
[2026-01-28T17:41:00.897+0000] {processor.py:183} INFO - Processing /opt/airflow/dags/airflow_dag_spark_streaming.py took 0.118 seconds
[2026-01-28T17:41:31.050+0000] {processor.py:161} INFO - Started process (PID=9154) to work on /opt/airflow/dags/airflow_dag_spark_streaming.py
[2026-01-28T17:41:31.052+0000] {processor.py:830} INFO - Processing file /opt/airflow/dags/airflow_dag_spark_streaming.py for tasks to queue
[2026-01-28T17:41:31.053+0000] {logging_mixin.py:188} INFO - [2026-01-28T17:41:31.053+0000] {dagbag.py:538} INFO - Filling up the DagBag from /opt/airflow/dags/airflow_dag_spark_streaming.py
[2026-01-28T17:41:31.067+0000] {processor.py:840} INFO - DAG(s) 'spark_sgp4_streaming' retrieved from /opt/airflow/dags/airflow_dag_spark_streaming.py
[2026-01-28T17:41:31.106+0000] {logging_mixin.py:188} INFO - [2026-01-28T17:41:31.106+0000] {dag.py:3036} INFO - Sync 1 DAGs
[2026-01-28T17:41:31.125+0000] {logging_mixin.py:188} INFO - [2026-01-28T17:41:31.124+0000] {dag.py:3823} INFO - Setting next_dagrun for spark_sgp4_streaming to None, run_after=None
[2026-01-28T17:41:31.148+0000] {processor.py:183} INFO - Processing /opt/airflow/dags/airflow_dag_spark_streaming.py took 0.102 seconds
[2026-01-28T17:42:01.303+0000] {processor.py:161} INFO - Started process (PID=9164) to work on /opt/airflow/dags/airflow_dag_spark_streaming.py
[2026-01-28T17:42:01.306+0000] {processor.py:830} INFO - Processing file /opt/airflow/dags/airflow_dag_spark_streaming.py for tasks to queue
[2026-01-28T17:42:01.307+0000] {logging_mixin.py:188} INFO - [2026-01-28T17:42:01.306+0000] {dagbag.py:538} INFO - Filling up the DagBag from /opt/airflow/dags/airflow_dag_spark_streaming.py
[2026-01-28T17:42:01.321+0000] {processor.py:840} INFO - DAG(s) 'spark_sgp4_streaming' retrieved from /opt/airflow/dags/airflow_dag_spark_streaming.py
[2026-01-28T17:42:01.357+0000] {logging_mixin.py:188} INFO - [2026-01-28T17:42:01.357+0000] {dag.py:3036} INFO - Sync 1 DAGs
[2026-01-28T17:42:01.373+0000] {logging_mixin.py:188} INFO - [2026-01-28T17:42:01.373+0000] {dag.py:3823} INFO - Setting next_dagrun for spark_sgp4_streaming to None, run_after=None
[2026-01-28T17:42:01.393+0000] {processor.py:183} INFO - Processing /opt/airflow/dags/airflow_dag_spark_streaming.py took 0.094 seconds
[2026-01-28T17:42:31.533+0000] {processor.py:161} INFO - Started process (PID=9174) to work on /opt/airflow/dags/airflow_dag_spark_streaming.py
[2026-01-28T17:42:31.535+0000] {processor.py:830} INFO - Processing file /opt/airflow/dags/airflow_dag_spark_streaming.py for tasks to queue
[2026-01-28T17:42:31.536+0000] {logging_mixin.py:188} INFO - [2026-01-28T17:42:31.535+0000] {dagbag.py:538} INFO - Filling up the DagBag from /opt/airflow/dags/airflow_dag_spark_streaming.py
[2026-01-28T17:42:31.551+0000] {processor.py:840} INFO - DAG(s) 'spark_sgp4_streaming' retrieved from /opt/airflow/dags/airflow_dag_spark_streaming.py
[2026-01-28T17:42:31.587+0000] {logging_mixin.py:188} INFO - [2026-01-28T17:42:31.587+0000] {dag.py:3036} INFO - Sync 1 DAGs
[2026-01-28T17:42:31.604+0000] {logging_mixin.py:188} INFO - [2026-01-28T17:42:31.604+0000] {dag.py:3823} INFO - Setting next_dagrun for spark_sgp4_streaming to None, run_after=None
[2026-01-28T17:42:31.625+0000] {processor.py:183} INFO - Processing /opt/airflow/dags/airflow_dag_spark_streaming.py took 0.096 seconds
[2026-01-28T17:43:01.768+0000] {processor.py:161} INFO - Started process (PID=9184) to work on /opt/airflow/dags/airflow_dag_spark_streaming.py
[2026-01-28T17:43:01.771+0000] {processor.py:830} INFO - Processing file /opt/airflow/dags/airflow_dag_spark_streaming.py for tasks to queue
[2026-01-28T17:43:01.772+0000] {logging_mixin.py:188} INFO - [2026-01-28T17:43:01.771+0000] {dagbag.py:538} INFO - Filling up the DagBag from /opt/airflow/dags/airflow_dag_spark_streaming.py
[2026-01-28T17:43:01.787+0000] {processor.py:840} INFO - DAG(s) 'spark_sgp4_streaming' retrieved from /opt/airflow/dags/airflow_dag_spark_streaming.py
[2026-01-28T17:43:01.825+0000] {logging_mixin.py:188} INFO - [2026-01-28T17:43:01.825+0000] {dag.py:3036} INFO - Sync 1 DAGs
[2026-01-28T17:43:01.844+0000] {logging_mixin.py:188} INFO - [2026-01-28T17:43:01.843+0000] {dag.py:3823} INFO - Setting next_dagrun for spark_sgp4_streaming to None, run_after=None
[2026-01-28T17:43:01.868+0000] {processor.py:183} INFO - Processing /opt/airflow/dags/airflow_dag_spark_streaming.py took 0.105 seconds
[2026-01-28T17:43:32.045+0000] {processor.py:161} INFO - Started process (PID=9194) to work on /opt/airflow/dags/airflow_dag_spark_streaming.py
[2026-01-28T17:43:32.047+0000] {processor.py:830} INFO - Processing file /opt/airflow/dags/airflow_dag_spark_streaming.py for tasks to queue
[2026-01-28T17:43:32.048+0000] {logging_mixin.py:188} INFO - [2026-01-28T17:43:32.048+0000] {dagbag.py:538} INFO - Filling up the DagBag from /opt/airflow/dags/airflow_dag_spark_streaming.py
[2026-01-28T17:43:32.062+0000] {processor.py:840} INFO - DAG(s) 'spark_sgp4_streaming' retrieved from /opt/airflow/dags/airflow_dag_spark_streaming.py
[2026-01-28T17:43:32.104+0000] {logging_mixin.py:188} INFO - [2026-01-28T17:43:32.104+0000] {dag.py:3036} INFO - Sync 1 DAGs
[2026-01-28T17:43:32.120+0000] {logging_mixin.py:188} INFO - [2026-01-28T17:43:32.120+0000] {dag.py:3823} INFO - Setting next_dagrun for spark_sgp4_streaming to None, run_after=None
[2026-01-28T17:43:32.139+0000] {processor.py:183} INFO - Processing /opt/airflow/dags/airflow_dag_spark_streaming.py took 0.099 seconds
[2026-01-28T17:44:02.326+0000] {processor.py:161} INFO - Started process (PID=9204) to work on /opt/airflow/dags/airflow_dag_spark_streaming.py
[2026-01-28T17:44:02.329+0000] {processor.py:830} INFO - Processing file /opt/airflow/dags/airflow_dag_spark_streaming.py for tasks to queue
[2026-01-28T17:44:02.330+0000] {logging_mixin.py:188} INFO - [2026-01-28T17:44:02.329+0000] {dagbag.py:538} INFO - Filling up the DagBag from /opt/airflow/dags/airflow_dag_spark_streaming.py
[2026-01-28T17:44:02.343+0000] {processor.py:840} INFO - DAG(s) 'spark_sgp4_streaming' retrieved from /opt/airflow/dags/airflow_dag_spark_streaming.py
[2026-01-28T17:44:02.379+0000] {logging_mixin.py:188} INFO - [2026-01-28T17:44:02.379+0000] {dag.py:3036} INFO - Sync 1 DAGs
[2026-01-28T17:44:02.395+0000] {logging_mixin.py:188} INFO - [2026-01-28T17:44:02.395+0000] {dag.py:3823} INFO - Setting next_dagrun for spark_sgp4_streaming to None, run_after=None
[2026-01-28T17:44:02.414+0000] {processor.py:183} INFO - Processing /opt/airflow/dags/airflow_dag_spark_streaming.py took 0.095 seconds
[2026-01-28T17:44:32.573+0000] {processor.py:161} INFO - Started process (PID=9214) to work on /opt/airflow/dags/airflow_dag_spark_streaming.py
[2026-01-28T17:44:32.576+0000] {processor.py:830} INFO - Processing file /opt/airflow/dags/airflow_dag_spark_streaming.py for tasks to queue
[2026-01-28T17:44:32.577+0000] {logging_mixin.py:188} INFO - [2026-01-28T17:44:32.576+0000] {dagbag.py:538} INFO - Filling up the DagBag from /opt/airflow/dags/airflow_dag_spark_streaming.py
[2026-01-28T17:44:32.597+0000] {processor.py:840} INFO - DAG(s) 'spark_sgp4_streaming' retrieved from /opt/airflow/dags/airflow_dag_spark_streaming.py
[2026-01-28T17:44:32.641+0000] {logging_mixin.py:188} INFO - [2026-01-28T17:44:32.641+0000] {dag.py:3036} INFO - Sync 1 DAGs
[2026-01-28T17:44:32.667+0000] {logging_mixin.py:188} INFO - [2026-01-28T17:44:32.667+0000] {dag.py:3823} INFO - Setting next_dagrun for spark_sgp4_streaming to None, run_after=None
[2026-01-28T17:44:32.699+0000] {processor.py:183} INFO - Processing /opt/airflow/dags/airflow_dag_spark_streaming.py took 0.132 seconds
[2026-01-28T17:45:02.860+0000] {processor.py:161} INFO - Started process (PID=9224) to work on /opt/airflow/dags/airflow_dag_spark_streaming.py
[2026-01-28T17:45:02.863+0000] {processor.py:830} INFO - Processing file /opt/airflow/dags/airflow_dag_spark_streaming.py for tasks to queue
[2026-01-28T17:45:02.864+0000] {logging_mixin.py:188} INFO - [2026-01-28T17:45:02.864+0000] {dagbag.py:538} INFO - Filling up the DagBag from /opt/airflow/dags/airflow_dag_spark_streaming.py
[2026-01-28T17:45:02.884+0000] {processor.py:840} INFO - DAG(s) 'spark_sgp4_streaming' retrieved from /opt/airflow/dags/airflow_dag_spark_streaming.py
[2026-01-28T17:45:02.924+0000] {logging_mixin.py:188} INFO - [2026-01-28T17:45:02.924+0000] {dag.py:3036} INFO - Sync 1 DAGs
[2026-01-28T17:45:02.943+0000] {logging_mixin.py:188} INFO - [2026-01-28T17:45:02.943+0000] {dag.py:3823} INFO - Setting next_dagrun for spark_sgp4_streaming to None, run_after=None
[2026-01-28T17:45:02.963+0000] {processor.py:183} INFO - Processing /opt/airflow/dags/airflow_dag_spark_streaming.py took 0.109 seconds
[2026-01-28T17:45:33.128+0000] {processor.py:161} INFO - Started process (PID=9234) to work on /opt/airflow/dags/airflow_dag_spark_streaming.py
[2026-01-28T17:45:33.131+0000] {processor.py:830} INFO - Processing file /opt/airflow/dags/airflow_dag_spark_streaming.py for tasks to queue
[2026-01-28T17:45:33.133+0000] {logging_mixin.py:188} INFO - [2026-01-28T17:45:33.132+0000] {dagbag.py:538} INFO - Filling up the DagBag from /opt/airflow/dags/airflow_dag_spark_streaming.py
[2026-01-28T17:45:33.154+0000] {processor.py:840} INFO - DAG(s) 'spark_sgp4_streaming' retrieved from /opt/airflow/dags/airflow_dag_spark_streaming.py
[2026-01-28T17:45:33.209+0000] {logging_mixin.py:188} INFO - [2026-01-28T17:45:33.209+0000] {dag.py:3036} INFO - Sync 1 DAGs
[2026-01-28T17:45:33.234+0000] {logging_mixin.py:188} INFO - [2026-01-28T17:45:33.234+0000] {dag.py:3823} INFO - Setting next_dagrun for spark_sgp4_streaming to None, run_after=None
[2026-01-28T17:45:33.266+0000] {processor.py:183} INFO - Processing /opt/airflow/dags/airflow_dag_spark_streaming.py took 0.145 seconds
[2026-01-28T17:46:03.448+0000] {processor.py:161} INFO - Started process (PID=9244) to work on /opt/airflow/dags/airflow_dag_spark_streaming.py
[2026-01-28T17:46:03.451+0000] {processor.py:830} INFO - Processing file /opt/airflow/dags/airflow_dag_spark_streaming.py for tasks to queue
[2026-01-28T17:46:03.452+0000] {logging_mixin.py:188} INFO - [2026-01-28T17:46:03.451+0000] {dagbag.py:538} INFO - Filling up the DagBag from /opt/airflow/dags/airflow_dag_spark_streaming.py
[2026-01-28T17:46:03.468+0000] {processor.py:840} INFO - DAG(s) 'spark_sgp4_streaming' retrieved from /opt/airflow/dags/airflow_dag_spark_streaming.py
[2026-01-28T17:46:03.521+0000] {logging_mixin.py:188} INFO - [2026-01-28T17:46:03.520+0000] {dag.py:3036} INFO - Sync 1 DAGs
[2026-01-28T17:46:03.546+0000] {logging_mixin.py:188} INFO - [2026-01-28T17:46:03.546+0000] {dag.py:3823} INFO - Setting next_dagrun for spark_sgp4_streaming to None, run_after=None
[2026-01-28T17:46:03.579+0000] {processor.py:183} INFO - Processing /opt/airflow/dags/airflow_dag_spark_streaming.py took 0.136 seconds
[2026-01-28T17:46:33.791+0000] {processor.py:161} INFO - Started process (PID=9254) to work on /opt/airflow/dags/airflow_dag_spark_streaming.py
[2026-01-28T17:46:33.793+0000] {processor.py:830} INFO - Processing file /opt/airflow/dags/airflow_dag_spark_streaming.py for tasks to queue
[2026-01-28T17:46:33.795+0000] {logging_mixin.py:188} INFO - [2026-01-28T17:46:33.794+0000] {dagbag.py:538} INFO - Filling up the DagBag from /opt/airflow/dags/airflow_dag_spark_streaming.py
[2026-01-28T17:46:33.819+0000] {processor.py:840} INFO - DAG(s) 'spark_sgp4_streaming' retrieved from /opt/airflow/dags/airflow_dag_spark_streaming.py
[2026-01-28T17:46:33.883+0000] {logging_mixin.py:188} INFO - [2026-01-28T17:46:33.883+0000] {dag.py:3036} INFO - Sync 1 DAGs
[2026-01-28T17:46:33.912+0000] {logging_mixin.py:188} INFO - [2026-01-28T17:46:33.911+0000] {dag.py:3823} INFO - Setting next_dagrun for spark_sgp4_streaming to None, run_after=None
[2026-01-28T17:46:33.949+0000] {processor.py:183} INFO - Processing /opt/airflow/dags/airflow_dag_spark_streaming.py took 0.166 seconds
[2026-01-28T17:47:04.129+0000] {processor.py:161} INFO - Started process (PID=9264) to work on /opt/airflow/dags/airflow_dag_spark_streaming.py
[2026-01-28T17:47:04.132+0000] {processor.py:830} INFO - Processing file /opt/airflow/dags/airflow_dag_spark_streaming.py for tasks to queue
[2026-01-28T17:47:04.134+0000] {logging_mixin.py:188} INFO - [2026-01-28T17:47:04.133+0000] {dagbag.py:538} INFO - Filling up the DagBag from /opt/airflow/dags/airflow_dag_spark_streaming.py
[2026-01-28T17:47:04.156+0000] {processor.py:840} INFO - DAG(s) 'spark_sgp4_streaming' retrieved from /opt/airflow/dags/airflow_dag_spark_streaming.py
[2026-01-28T17:47:04.216+0000] {logging_mixin.py:188} INFO - [2026-01-28T17:47:04.215+0000] {dag.py:3036} INFO - Sync 1 DAGs
[2026-01-28T17:47:04.243+0000] {logging_mixin.py:188} INFO - [2026-01-28T17:47:04.243+0000] {dag.py:3823} INFO - Setting next_dagrun for spark_sgp4_streaming to None, run_after=None
[2026-01-28T17:47:04.280+0000] {processor.py:183} INFO - Processing /opt/airflow/dags/airflow_dag_spark_streaming.py took 0.158 seconds
[2026-01-28T17:47:34.484+0000] {processor.py:161} INFO - Started process (PID=9274) to work on /opt/airflow/dags/airflow_dag_spark_streaming.py
[2026-01-28T17:47:34.485+0000] {processor.py:830} INFO - Processing file /opt/airflow/dags/airflow_dag_spark_streaming.py for tasks to queue
[2026-01-28T17:47:34.487+0000] {logging_mixin.py:188} INFO - [2026-01-28T17:47:34.486+0000] {dagbag.py:538} INFO - Filling up the DagBag from /opt/airflow/dags/airflow_dag_spark_streaming.py
[2026-01-28T17:47:34.509+0000] {processor.py:840} INFO - DAG(s) 'spark_sgp4_streaming' retrieved from /opt/airflow/dags/airflow_dag_spark_streaming.py
[2026-01-28T17:47:34.571+0000] {logging_mixin.py:188} INFO - [2026-01-28T17:47:34.570+0000] {dag.py:3036} INFO - Sync 1 DAGs
[2026-01-28T17:47:34.600+0000] {logging_mixin.py:188} INFO - [2026-01-28T17:47:34.600+0000] {dag.py:3823} INFO - Setting next_dagrun for spark_sgp4_streaming to None, run_after=None
[2026-01-28T17:47:34.642+0000] {processor.py:183} INFO - Processing /opt/airflow/dags/airflow_dag_spark_streaming.py took 0.165 seconds
[2026-01-28T17:48:04.948+0000] {processor.py:161} INFO - Started process (PID=9284) to work on /opt/airflow/dags/airflow_dag_spark_streaming.py
[2026-01-28T17:48:04.952+0000] {processor.py:830} INFO - Processing file /opt/airflow/dags/airflow_dag_spark_streaming.py for tasks to queue
[2026-01-28T17:48:04.954+0000] {logging_mixin.py:188} INFO - [2026-01-28T17:48:04.953+0000] {dagbag.py:538} INFO - Filling up the DagBag from /opt/airflow/dags/airflow_dag_spark_streaming.py
[2026-01-28T17:48:05.010+0000] {processor.py:840} INFO - DAG(s) 'spark_sgp4_streaming' retrieved from /opt/airflow/dags/airflow_dag_spark_streaming.py
[2026-01-28T17:48:05.085+0000] {logging_mixin.py:188} INFO - [2026-01-28T17:48:05.085+0000] {dag.py:3036} INFO - Sync 1 DAGs
[2026-01-28T17:48:05.108+0000] {logging_mixin.py:188} INFO - [2026-01-28T17:48:05.108+0000] {dag.py:3823} INFO - Setting next_dagrun for spark_sgp4_streaming to None, run_after=None
[2026-01-28T17:48:05.135+0000] {processor.py:183} INFO - Processing /opt/airflow/dags/airflow_dag_spark_streaming.py took 0.203 seconds
[2026-01-28T17:48:35.391+0000] {processor.py:161} INFO - Started process (PID=9294) to work on /opt/airflow/dags/airflow_dag_spark_streaming.py
[2026-01-28T17:48:35.396+0000] {processor.py:830} INFO - Processing file /opt/airflow/dags/airflow_dag_spark_streaming.py for tasks to queue
[2026-01-28T17:48:35.405+0000] {logging_mixin.py:188} INFO - [2026-01-28T17:48:35.400+0000] {dagbag.py:538} INFO - Filling up the DagBag from /opt/airflow/dags/airflow_dag_spark_streaming.py
[2026-01-28T17:48:35.517+0000] {processor.py:840} INFO - DAG(s) 'spark_sgp4_streaming' retrieved from /opt/airflow/dags/airflow_dag_spark_streaming.py
[2026-01-28T17:48:35.740+0000] {logging_mixin.py:188} INFO - [2026-01-28T17:48:35.739+0000] {dag.py:3036} INFO - Sync 1 DAGs
[2026-01-28T17:48:35.794+0000] {logging_mixin.py:188} INFO - [2026-01-28T17:48:35.794+0000] {dag.py:3823} INFO - Setting next_dagrun for spark_sgp4_streaming to None, run_after=None
[2026-01-28T17:48:35.843+0000] {processor.py:183} INFO - Processing /opt/airflow/dags/airflow_dag_spark_streaming.py took 0.476 seconds
[2026-01-28T17:49:06.498+0000] {processor.py:161} INFO - Started process (PID=9304) to work on /opt/airflow/dags/airflow_dag_spark_streaming.py
[2026-01-28T17:49:06.499+0000] {processor.py:830} INFO - Processing file /opt/airflow/dags/airflow_dag_spark_streaming.py for tasks to queue
[2026-01-28T17:49:06.499+0000] {logging_mixin.py:188} INFO - [2026-01-28T17:49:06.499+0000] {dagbag.py:538} INFO - Filling up the DagBag from /opt/airflow/dags/airflow_dag_spark_streaming.py
[2026-01-28T17:49:06.521+0000] {processor.py:840} INFO - DAG(s) 'spark_sgp4_streaming' retrieved from /opt/airflow/dags/airflow_dag_spark_streaming.py
[2026-01-28T17:49:06.573+0000] {logging_mixin.py:188} INFO - [2026-01-28T17:49:06.573+0000] {dag.py:3036} INFO - Sync 1 DAGs
[2026-01-28T17:49:06.588+0000] {logging_mixin.py:188} INFO - [2026-01-28T17:49:06.588+0000] {dag.py:3823} INFO - Setting next_dagrun for spark_sgp4_streaming to None, run_after=None
[2026-01-28T17:49:06.613+0000] {processor.py:183} INFO - Processing /opt/airflow/dags/airflow_dag_spark_streaming.py took 0.123 seconds
[2026-01-28T17:49:37.059+0000] {processor.py:161} INFO - Started process (PID=9314) to work on /opt/airflow/dags/airflow_dag_spark_streaming.py
[2026-01-28T17:49:37.062+0000] {processor.py:830} INFO - Processing file /opt/airflow/dags/airflow_dag_spark_streaming.py for tasks to queue
[2026-01-28T17:49:37.064+0000] {logging_mixin.py:188} INFO - [2026-01-28T17:49:37.063+0000] {dagbag.py:538} INFO - Filling up the DagBag from /opt/airflow/dags/airflow_dag_spark_streaming.py
[2026-01-28T17:49:37.107+0000] {processor.py:840} INFO - DAG(s) 'spark_sgp4_streaming' retrieved from /opt/airflow/dags/airflow_dag_spark_streaming.py
[2026-01-28T17:49:37.180+0000] {logging_mixin.py:188} INFO - [2026-01-28T17:49:37.179+0000] {dag.py:3036} INFO - Sync 1 DAGs
[2026-01-28T17:49:37.205+0000] {logging_mixin.py:188} INFO - [2026-01-28T17:49:37.204+0000] {dag.py:3823} INFO - Setting next_dagrun for spark_sgp4_streaming to None, run_after=None
[2026-01-28T17:49:37.227+0000] {processor.py:183} INFO - Processing /opt/airflow/dags/airflow_dag_spark_streaming.py took 0.183 seconds
[2026-01-28T17:50:07.387+0000] {processor.py:161} INFO - Started process (PID=9324) to work on /opt/airflow/dags/airflow_dag_spark_streaming.py
[2026-01-28T17:50:07.390+0000] {processor.py:830} INFO - Processing file /opt/airflow/dags/airflow_dag_spark_streaming.py for tasks to queue
[2026-01-28T17:50:07.391+0000] {logging_mixin.py:188} INFO - [2026-01-28T17:50:07.391+0000] {dagbag.py:538} INFO - Filling up the DagBag from /opt/airflow/dags/airflow_dag_spark_streaming.py
[2026-01-28T17:50:07.414+0000] {processor.py:840} INFO - DAG(s) 'spark_sgp4_streaming' retrieved from /opt/airflow/dags/airflow_dag_spark_streaming.py
[2026-01-28T17:50:07.477+0000] {logging_mixin.py:188} INFO - [2026-01-28T17:50:07.477+0000] {dag.py:3036} INFO - Sync 1 DAGs
[2026-01-28T17:50:07.505+0000] {logging_mixin.py:188} INFO - [2026-01-28T17:50:07.505+0000] {dag.py:3823} INFO - Setting next_dagrun for spark_sgp4_streaming to None, run_after=None
[2026-01-28T17:50:07.543+0000] {processor.py:183} INFO - Processing /opt/airflow/dags/airflow_dag_spark_streaming.py took 0.162 seconds
[2026-01-28T17:50:37.754+0000] {processor.py:161} INFO - Started process (PID=9334) to work on /opt/airflow/dags/airflow_dag_spark_streaming.py
[2026-01-28T17:50:37.755+0000] {processor.py:830} INFO - Processing file /opt/airflow/dags/airflow_dag_spark_streaming.py for tasks to queue
[2026-01-28T17:50:37.757+0000] {logging_mixin.py:188} INFO - [2026-01-28T17:50:37.756+0000] {dagbag.py:538} INFO - Filling up the DagBag from /opt/airflow/dags/airflow_dag_spark_streaming.py
[2026-01-28T17:50:37.779+0000] {processor.py:840} INFO - DAG(s) 'spark_sgp4_streaming' retrieved from /opt/airflow/dags/airflow_dag_spark_streaming.py
[2026-01-28T17:50:37.841+0000] {logging_mixin.py:188} INFO - [2026-01-28T17:50:37.840+0000] {dag.py:3036} INFO - Sync 1 DAGs
[2026-01-28T17:50:37.867+0000] {logging_mixin.py:188} INFO - [2026-01-28T17:50:37.867+0000] {dag.py:3823} INFO - Setting next_dagrun for spark_sgp4_streaming to None, run_after=None
[2026-01-28T17:50:37.905+0000] {processor.py:183} INFO - Processing /opt/airflow/dags/airflow_dag_spark_streaming.py took 0.159 seconds
[2026-01-28T17:51:08.109+0000] {processor.py:161} INFO - Started process (PID=9344) to work on /opt/airflow/dags/airflow_dag_spark_streaming.py
[2026-01-28T17:51:08.110+0000] {processor.py:830} INFO - Processing file /opt/airflow/dags/airflow_dag_spark_streaming.py for tasks to queue
[2026-01-28T17:51:08.112+0000] {logging_mixin.py:188} INFO - [2026-01-28T17:51:08.111+0000] {dagbag.py:538} INFO - Filling up the DagBag from /opt/airflow/dags/airflow_dag_spark_streaming.py
[2026-01-28T17:51:08.134+0000] {processor.py:840} INFO - DAG(s) 'spark_sgp4_streaming' retrieved from /opt/airflow/dags/airflow_dag_spark_streaming.py
[2026-01-28T17:51:08.195+0000] {logging_mixin.py:188} INFO - [2026-01-28T17:51:08.194+0000] {dag.py:3036} INFO - Sync 1 DAGs
[2026-01-28T17:51:08.221+0000] {logging_mixin.py:188} INFO - [2026-01-28T17:51:08.221+0000] {dag.py:3823} INFO - Setting next_dagrun for spark_sgp4_streaming to None, run_after=None
[2026-01-28T17:51:08.256+0000] {processor.py:183} INFO - Processing /opt/airflow/dags/airflow_dag_spark_streaming.py took 0.154 seconds
[2026-01-28T17:51:38.470+0000] {processor.py:161} INFO - Started process (PID=9354) to work on /opt/airflow/dags/airflow_dag_spark_streaming.py
[2026-01-28T17:51:38.471+0000] {processor.py:830} INFO - Processing file /opt/airflow/dags/airflow_dag_spark_streaming.py for tasks to queue
[2026-01-28T17:51:38.472+0000] {logging_mixin.py:188} INFO - [2026-01-28T17:51:38.471+0000] {dagbag.py:538} INFO - Filling up the DagBag from /opt/airflow/dags/airflow_dag_spark_streaming.py
[2026-01-28T17:51:38.494+0000] {processor.py:840} INFO - DAG(s) 'spark_sgp4_streaming' retrieved from /opt/airflow/dags/airflow_dag_spark_streaming.py
[2026-01-28T17:51:38.560+0000] {logging_mixin.py:188} INFO - [2026-01-28T17:51:38.559+0000] {dag.py:3036} INFO - Sync 1 DAGs
[2026-01-28T17:51:38.588+0000] {logging_mixin.py:188} INFO - [2026-01-28T17:51:38.588+0000] {dag.py:3823} INFO - Setting next_dagrun for spark_sgp4_streaming to None, run_after=None
[2026-01-28T17:51:38.622+0000] {processor.py:183} INFO - Processing /opt/airflow/dags/airflow_dag_spark_streaming.py took 0.160 seconds
[2026-01-28T17:52:08.828+0000] {processor.py:161} INFO - Started process (PID=9364) to work on /opt/airflow/dags/airflow_dag_spark_streaming.py
[2026-01-28T17:52:08.830+0000] {processor.py:830} INFO - Processing file /opt/airflow/dags/airflow_dag_spark_streaming.py for tasks to queue
[2026-01-28T17:52:08.831+0000] {logging_mixin.py:188} INFO - [2026-01-28T17:52:08.831+0000] {dagbag.py:538} INFO - Filling up the DagBag from /opt/airflow/dags/airflow_dag_spark_streaming.py
[2026-01-28T17:52:08.853+0000] {processor.py:840} INFO - DAG(s) 'spark_sgp4_streaming' retrieved from /opt/airflow/dags/airflow_dag_spark_streaming.py
[2026-01-28T17:52:08.915+0000] {logging_mixin.py:188} INFO - [2026-01-28T17:52:08.915+0000] {dag.py:3036} INFO - Sync 1 DAGs
[2026-01-28T17:52:08.937+0000] {logging_mixin.py:188} INFO - [2026-01-28T17:52:08.937+0000] {dag.py:3823} INFO - Setting next_dagrun for spark_sgp4_streaming to None, run_after=None
[2026-01-28T17:52:08.970+0000] {processor.py:183} INFO - Processing /opt/airflow/dags/airflow_dag_spark_streaming.py took 0.147 seconds
[2026-01-28T17:52:39.160+0000] {processor.py:161} INFO - Started process (PID=9374) to work on /opt/airflow/dags/airflow_dag_spark_streaming.py
[2026-01-28T17:52:39.161+0000] {processor.py:830} INFO - Processing file /opt/airflow/dags/airflow_dag_spark_streaming.py for tasks to queue
[2026-01-28T17:52:39.163+0000] {logging_mixin.py:188} INFO - [2026-01-28T17:52:39.162+0000] {dagbag.py:538} INFO - Filling up the DagBag from /opt/airflow/dags/airflow_dag_spark_streaming.py
[2026-01-28T17:52:39.184+0000] {processor.py:840} INFO - DAG(s) 'spark_sgp4_streaming' retrieved from /opt/airflow/dags/airflow_dag_spark_streaming.py
[2026-01-28T17:52:39.245+0000] {logging_mixin.py:188} INFO - [2026-01-28T17:52:39.244+0000] {dag.py:3036} INFO - Sync 1 DAGs
[2026-01-28T17:52:39.271+0000] {logging_mixin.py:188} INFO - [2026-01-28T17:52:39.271+0000] {dag.py:3823} INFO - Setting next_dagrun for spark_sgp4_streaming to None, run_after=None
[2026-01-28T17:52:39.308+0000] {processor.py:183} INFO - Processing /opt/airflow/dags/airflow_dag_spark_streaming.py took 0.155 seconds
[2026-01-28T17:53:09.506+0000] {processor.py:161} INFO - Started process (PID=9384) to work on /opt/airflow/dags/airflow_dag_spark_streaming.py
[2026-01-28T17:53:09.507+0000] {processor.py:830} INFO - Processing file /opt/airflow/dags/airflow_dag_spark_streaming.py for tasks to queue
[2026-01-28T17:53:09.508+0000] {logging_mixin.py:188} INFO - [2026-01-28T17:53:09.508+0000] {dagbag.py:538} INFO - Filling up the DagBag from /opt/airflow/dags/airflow_dag_spark_streaming.py
[2026-01-28T17:53:09.525+0000] {processor.py:840} INFO - DAG(s) 'spark_sgp4_streaming' retrieved from /opt/airflow/dags/airflow_dag_spark_streaming.py
[2026-01-28T17:53:09.565+0000] {logging_mixin.py:188} INFO - [2026-01-28T17:53:09.565+0000] {dag.py:3036} INFO - Sync 1 DAGs
[2026-01-28T17:53:09.585+0000] {logging_mixin.py:188} INFO - [2026-01-28T17:53:09.585+0000] {dag.py:3823} INFO - Setting next_dagrun for spark_sgp4_streaming to None, run_after=None
[2026-01-28T17:53:09.608+0000] {processor.py:183} INFO - Processing /opt/airflow/dags/airflow_dag_spark_streaming.py took 0.107 seconds
[2026-01-28T17:53:39.812+0000] {processor.py:161} INFO - Started process (PID=9394) to work on /opt/airflow/dags/airflow_dag_spark_streaming.py
[2026-01-28T17:53:39.814+0000] {processor.py:830} INFO - Processing file /opt/airflow/dags/airflow_dag_spark_streaming.py for tasks to queue
[2026-01-28T17:53:39.815+0000] {logging_mixin.py:188} INFO - [2026-01-28T17:53:39.815+0000] {dagbag.py:538} INFO - Filling up the DagBag from /opt/airflow/dags/airflow_dag_spark_streaming.py
[2026-01-28T17:53:39.838+0000] {processor.py:840} INFO - DAG(s) 'spark_sgp4_streaming' retrieved from /opt/airflow/dags/airflow_dag_spark_streaming.py
[2026-01-28T17:53:39.898+0000] {logging_mixin.py:188} INFO - [2026-01-28T17:53:39.898+0000] {dag.py:3036} INFO - Sync 1 DAGs
[2026-01-28T17:53:39.925+0000] {logging_mixin.py:188} INFO - [2026-01-28T17:53:39.925+0000] {dag.py:3823} INFO - Setting next_dagrun for spark_sgp4_streaming to None, run_after=None
[2026-01-28T17:53:39.960+0000] {processor.py:183} INFO - Processing /opt/airflow/dags/airflow_dag_spark_streaming.py took 0.154 seconds
