[2026-02-04T07:52:49.328+0530] {processor.py:161} INFO - Started process (PID=6529) to work on /opt/airflow/dags/dag_tle_ingestion_only.py
[2026-02-04T07:52:49.329+0530] {processor.py:830} INFO - Processing file /opt/airflow/dags/dag_tle_ingestion_only.py for tasks to queue
[2026-02-04T07:52:49.331+0530] {logging_mixin.py:188} INFO - [2026-02-04T07:52:49.330+0530] {dagbag.py:538} INFO - Filling up the DagBag from /opt/airflow/dags/dag_tle_ingestion_only.py
[2026-02-04T07:52:49.365+0530] {processor.py:840} INFO - DAG(s) 'tle_data_ingestion' retrieved from /opt/airflow/dags/dag_tle_ingestion_only.py
[2026-02-04T07:52:49.411+0530] {logging_mixin.py:188} INFO - [2026-02-04T07:52:49.410+0530] {dag.py:3036} INFO - Sync 1 DAGs
[2026-02-04T07:52:49.463+0530] {logging_mixin.py:188} INFO - [2026-02-04T07:52:49.463+0530] {dag.py:3823} INFO - Setting next_dagrun for tle_data_ingestion to 2026-02-04 02:15:00+00:00, run_after=2026-02-04 02:20:00+00:00
[2026-02-04T07:52:49.496+0530] {processor.py:183} INFO - Processing /opt/airflow/dags/dag_tle_ingestion_only.py took 0.173 seconds
[2026-02-04T07:53:19.676+0530] {processor.py:161} INFO - Started process (PID=6540) to work on /opt/airflow/dags/dag_tle_ingestion_only.py
[2026-02-04T07:53:19.678+0530] {processor.py:830} INFO - Processing file /opt/airflow/dags/dag_tle_ingestion_only.py for tasks to queue
[2026-02-04T07:53:19.680+0530] {logging_mixin.py:188} INFO - [2026-02-04T07:53:19.679+0530] {dagbag.py:538} INFO - Filling up the DagBag from /opt/airflow/dags/dag_tle_ingestion_only.py
[2026-02-04T07:53:19.738+0530] {processor.py:840} INFO - DAG(s) 'tle_data_ingestion' retrieved from /opt/airflow/dags/dag_tle_ingestion_only.py
[2026-02-04T07:53:19.813+0530] {logging_mixin.py:188} INFO - [2026-02-04T07:53:19.813+0530] {dag.py:3036} INFO - Sync 1 DAGs
[2026-02-04T07:53:19.867+0530] {logging_mixin.py:188} INFO - [2026-02-04T07:53:19.866+0530] {dag.py:3823} INFO - Setting next_dagrun for tle_data_ingestion to 2026-02-04 02:20:00+00:00, run_after=2026-02-04 02:25:00+00:00
[2026-02-04T07:53:19.896+0530] {processor.py:183} INFO - Processing /opt/airflow/dags/dag_tle_ingestion_only.py took 0.230 seconds
[2026-02-04T07:53:50.047+0530] {processor.py:161} INFO - Started process (PID=6555) to work on /opt/airflow/dags/dag_tle_ingestion_only.py
[2026-02-04T07:53:50.050+0530] {processor.py:830} INFO - Processing file /opt/airflow/dags/dag_tle_ingestion_only.py for tasks to queue
[2026-02-04T07:53:50.052+0530] {logging_mixin.py:188} INFO - [2026-02-04T07:53:50.051+0530] {dagbag.py:538} INFO - Filling up the DagBag from /opt/airflow/dags/dag_tle_ingestion_only.py
[2026-02-04T07:53:50.096+0530] {processor.py:840} INFO - DAG(s) 'tle_data_ingestion' retrieved from /opt/airflow/dags/dag_tle_ingestion_only.py
[2026-02-04T07:53:50.150+0530] {logging_mixin.py:188} INFO - [2026-02-04T07:53:50.150+0530] {dag.py:3036} INFO - Sync 1 DAGs
[2026-02-04T07:53:50.189+0530] {logging_mixin.py:188} INFO - [2026-02-04T07:53:50.189+0530] {dag.py:3823} INFO - Setting next_dagrun for tle_data_ingestion to 2026-02-04 02:20:00+00:00, run_after=2026-02-04 02:25:00+00:00
[2026-02-04T07:53:50.215+0530] {processor.py:183} INFO - Processing /opt/airflow/dags/dag_tle_ingestion_only.py took 0.176 seconds
[2026-02-04T07:54:20.339+0530] {processor.py:161} INFO - Started process (PID=6560) to work on /opt/airflow/dags/dag_tle_ingestion_only.py
[2026-02-04T07:54:20.340+0530] {processor.py:830} INFO - Processing file /opt/airflow/dags/dag_tle_ingestion_only.py for tasks to queue
[2026-02-04T07:54:20.341+0530] {logging_mixin.py:188} INFO - [2026-02-04T07:54:20.340+0530] {dagbag.py:538} INFO - Filling up the DagBag from /opt/airflow/dags/dag_tle_ingestion_only.py
[2026-02-04T07:54:20.360+0530] {processor.py:840} INFO - DAG(s) 'tle_data_ingestion' retrieved from /opt/airflow/dags/dag_tle_ingestion_only.py
[2026-02-04T07:54:20.392+0530] {logging_mixin.py:188} INFO - [2026-02-04T07:54:20.391+0530] {dag.py:3036} INFO - Sync 1 DAGs
[2026-02-04T07:54:20.419+0530] {logging_mixin.py:188} INFO - [2026-02-04T07:54:20.419+0530] {dag.py:3823} INFO - Setting next_dagrun for tle_data_ingestion to 2026-02-04 02:20:00+00:00, run_after=2026-02-04 02:25:00+00:00
[2026-02-04T07:54:20.439+0530] {processor.py:183} INFO - Processing /opt/airflow/dags/dag_tle_ingestion_only.py took 0.103 seconds
[2026-02-04T07:54:50.574+0530] {processor.py:161} INFO - Started process (PID=6565) to work on /opt/airflow/dags/dag_tle_ingestion_only.py
[2026-02-04T07:54:50.578+0530] {processor.py:830} INFO - Processing file /opt/airflow/dags/dag_tle_ingestion_only.py for tasks to queue
[2026-02-04T07:54:50.579+0530] {logging_mixin.py:188} INFO - [2026-02-04T07:54:50.579+0530] {dagbag.py:538} INFO - Filling up the DagBag from /opt/airflow/dags/dag_tle_ingestion_only.py
[2026-02-04T07:54:50.620+0530] {processor.py:840} INFO - DAG(s) 'tle_data_ingestion' retrieved from /opt/airflow/dags/dag_tle_ingestion_only.py
[2026-02-04T07:54:50.671+0530] {logging_mixin.py:188} INFO - [2026-02-04T07:54:50.671+0530] {dag.py:3036} INFO - Sync 1 DAGs
[2026-02-04T07:54:50.875+0530] {logging_mixin.py:188} INFO - [2026-02-04T07:54:50.874+0530] {dag.py:3823} INFO - Setting next_dagrun for tle_data_ingestion to 2026-02-04 02:20:00+00:00, run_after=2026-02-04 02:25:00+00:00
[2026-02-04T07:54:50.907+0530] {processor.py:183} INFO - Processing /opt/airflow/dags/dag_tle_ingestion_only.py took 0.340 seconds
[2026-02-04T07:55:21.086+0530] {processor.py:161} INFO - Started process (PID=6577) to work on /opt/airflow/dags/dag_tle_ingestion_only.py
[2026-02-04T07:55:21.088+0530] {processor.py:830} INFO - Processing file /opt/airflow/dags/dag_tle_ingestion_only.py for tasks to queue
[2026-02-04T07:55:21.089+0530] {logging_mixin.py:188} INFO - [2026-02-04T07:55:21.089+0530] {dagbag.py:538} INFO - Filling up the DagBag from /opt/airflow/dags/dag_tle_ingestion_only.py
[2026-02-04T07:55:21.125+0530] {processor.py:840} INFO - DAG(s) 'tle_data_ingestion' retrieved from /opt/airflow/dags/dag_tle_ingestion_only.py
[2026-02-04T07:55:21.173+0530] {logging_mixin.py:188} INFO - [2026-02-04T07:55:21.173+0530] {dag.py:3036} INFO - Sync 1 DAGs
[2026-02-04T07:55:21.251+0530] {processor.py:183} INFO - Processing /opt/airflow/dags/dag_tle_ingestion_only.py took 0.174 seconds
[2026-02-04T07:55:51.424+0530] {processor.py:161} INFO - Started process (PID=6582) to work on /opt/airflow/dags/dag_tle_ingestion_only.py
[2026-02-04T07:55:51.426+0530] {processor.py:830} INFO - Processing file /opt/airflow/dags/dag_tle_ingestion_only.py for tasks to queue
[2026-02-04T07:55:51.428+0530] {logging_mixin.py:188} INFO - [2026-02-04T07:55:51.427+0530] {dagbag.py:538} INFO - Filling up the DagBag from /opt/airflow/dags/dag_tle_ingestion_only.py
[2026-02-04T07:55:51.469+0530] {processor.py:840} INFO - DAG(s) 'tle_data_ingestion' retrieved from /opt/airflow/dags/dag_tle_ingestion_only.py
[2026-02-04T07:55:51.529+0530] {logging_mixin.py:188} INFO - [2026-02-04T07:55:51.529+0530] {dag.py:3036} INFO - Sync 1 DAGs
[2026-02-04T07:55:51.612+0530] {processor.py:183} INFO - Processing /opt/airflow/dags/dag_tle_ingestion_only.py took 0.195 seconds
[2026-02-04T07:56:21.788+0530] {processor.py:161} INFO - Started process (PID=6587) to work on /opt/airflow/dags/dag_tle_ingestion_only.py
[2026-02-04T07:56:21.789+0530] {processor.py:830} INFO - Processing file /opt/airflow/dags/dag_tle_ingestion_only.py for tasks to queue
[2026-02-04T07:56:21.791+0530] {logging_mixin.py:188} INFO - [2026-02-04T07:56:21.790+0530] {dagbag.py:538} INFO - Filling up the DagBag from /opt/airflow/dags/dag_tle_ingestion_only.py
[2026-02-04T07:56:21.833+0530] {processor.py:840} INFO - DAG(s) 'tle_data_ingestion' retrieved from /opt/airflow/dags/dag_tle_ingestion_only.py
[2026-02-04T07:56:21.892+0530] {logging_mixin.py:188} INFO - [2026-02-04T07:56:21.892+0530] {dag.py:3036} INFO - Sync 1 DAGs
[2026-02-04T07:56:21.979+0530] {processor.py:183} INFO - Processing /opt/airflow/dags/dag_tle_ingestion_only.py took 0.198 seconds
[2026-02-04T07:56:52.144+0530] {processor.py:161} INFO - Started process (PID=6637) to work on /opt/airflow/dags/dag_tle_ingestion_only.py
[2026-02-04T07:56:52.145+0530] {processor.py:830} INFO - Processing file /opt/airflow/dags/dag_tle_ingestion_only.py for tasks to queue
[2026-02-04T07:56:52.147+0530] {logging_mixin.py:188} INFO - [2026-02-04T07:56:52.147+0530] {dagbag.py:538} INFO - Filling up the DagBag from /opt/airflow/dags/dag_tle_ingestion_only.py
[2026-02-04T07:56:52.185+0530] {processor.py:840} INFO - DAG(s) 'tle_data_ingestion' retrieved from /opt/airflow/dags/dag_tle_ingestion_only.py
[2026-02-04T07:56:52.244+0530] {logging_mixin.py:188} INFO - [2026-02-04T07:56:52.243+0530] {dag.py:3036} INFO - Sync 1 DAGs
[2026-02-04T07:56:52.310+0530] {processor.py:183} INFO - Processing /opt/airflow/dags/dag_tle_ingestion_only.py took 0.171 seconds
[2026-02-04T07:57:22.480+0530] {processor.py:161} INFO - Started process (PID=6642) to work on /opt/airflow/dags/dag_tle_ingestion_only.py
[2026-02-04T07:57:22.482+0530] {processor.py:830} INFO - Processing file /opt/airflow/dags/dag_tle_ingestion_only.py for tasks to queue
[2026-02-04T07:57:22.483+0530] {logging_mixin.py:188} INFO - [2026-02-04T07:57:22.482+0530] {dagbag.py:538} INFO - Filling up the DagBag from /opt/airflow/dags/dag_tle_ingestion_only.py
[2026-02-04T07:57:22.525+0530] {processor.py:840} INFO - DAG(s) 'tle_data_ingestion' retrieved from /opt/airflow/dags/dag_tle_ingestion_only.py
[2026-02-04T07:57:22.577+0530] {logging_mixin.py:188} INFO - [2026-02-04T07:57:22.576+0530] {dag.py:3036} INFO - Sync 1 DAGs
[2026-02-04T07:57:22.649+0530] {processor.py:183} INFO - Processing /opt/airflow/dags/dag_tle_ingestion_only.py took 0.176 seconds
[2026-02-04T07:57:52.808+0530] {processor.py:161} INFO - Started process (PID=6647) to work on /opt/airflow/dags/dag_tle_ingestion_only.py
[2026-02-04T07:57:52.811+0530] {processor.py:830} INFO - Processing file /opt/airflow/dags/dag_tle_ingestion_only.py for tasks to queue
[2026-02-04T07:57:52.812+0530] {logging_mixin.py:188} INFO - [2026-02-04T07:57:52.812+0530] {dagbag.py:538} INFO - Filling up the DagBag from /opt/airflow/dags/dag_tle_ingestion_only.py
[2026-02-04T07:57:52.852+0530] {processor.py:840} INFO - DAG(s) 'tle_data_ingestion' retrieved from /opt/airflow/dags/dag_tle_ingestion_only.py
[2026-02-04T07:57:52.916+0530] {logging_mixin.py:188} INFO - [2026-02-04T07:57:52.915+0530] {dag.py:3036} INFO - Sync 1 DAGs
[2026-02-04T07:57:53.001+0530] {processor.py:183} INFO - Processing /opt/airflow/dags/dag_tle_ingestion_only.py took 0.199 seconds
[2026-02-04T07:58:23.176+0530] {processor.py:161} INFO - Started process (PID=6655) to work on /opt/airflow/dags/dag_tle_ingestion_only.py
[2026-02-04T07:58:23.177+0530] {processor.py:830} INFO - Processing file /opt/airflow/dags/dag_tle_ingestion_only.py for tasks to queue
[2026-02-04T07:58:23.179+0530] {logging_mixin.py:188} INFO - [2026-02-04T07:58:23.178+0530] {dagbag.py:538} INFO - Filling up the DagBag from /opt/airflow/dags/dag_tle_ingestion_only.py
[2026-02-04T07:58:23.219+0530] {processor.py:840} INFO - DAG(s) 'tle_data_ingestion' retrieved from /opt/airflow/dags/dag_tle_ingestion_only.py
[2026-02-04T07:58:23.277+0530] {logging_mixin.py:188} INFO - [2026-02-04T07:58:23.276+0530] {dag.py:3036} INFO - Sync 1 DAGs
[2026-02-04T07:58:23.454+0530] {processor.py:183} INFO - Processing /opt/airflow/dags/dag_tle_ingestion_only.py took 0.284 seconds
[2026-02-04T07:58:53.619+0530] {processor.py:161} INFO - Started process (PID=6660) to work on /opt/airflow/dags/dag_tle_ingestion_only.py
[2026-02-04T07:58:53.622+0530] {processor.py:830} INFO - Processing file /opt/airflow/dags/dag_tle_ingestion_only.py for tasks to queue
[2026-02-04T07:58:53.624+0530] {logging_mixin.py:188} INFO - [2026-02-04T07:58:53.623+0530] {dagbag.py:538} INFO - Filling up the DagBag from /opt/airflow/dags/dag_tle_ingestion_only.py
[2026-02-04T07:58:53.663+0530] {processor.py:840} INFO - DAG(s) 'tle_data_ingestion' retrieved from /opt/airflow/dags/dag_tle_ingestion_only.py
[2026-02-04T07:58:53.721+0530] {logging_mixin.py:188} INFO - [2026-02-04T07:58:53.720+0530] {dag.py:3036} INFO - Sync 1 DAGs
[2026-02-04T07:58:53.796+0530] {processor.py:183} INFO - Processing /opt/airflow/dags/dag_tle_ingestion_only.py took 0.185 seconds
[2026-02-04T07:59:23.972+0530] {processor.py:161} INFO - Started process (PID=6665) to work on /opt/airflow/dags/dag_tle_ingestion_only.py
[2026-02-04T07:59:23.973+0530] {processor.py:830} INFO - Processing file /opt/airflow/dags/dag_tle_ingestion_only.py for tasks to queue
[2026-02-04T07:59:23.975+0530] {logging_mixin.py:188} INFO - [2026-02-04T07:59:23.974+0530] {dagbag.py:538} INFO - Filling up the DagBag from /opt/airflow/dags/dag_tle_ingestion_only.py
[2026-02-04T07:59:24.016+0530] {processor.py:840} INFO - DAG(s) 'tle_data_ingestion' retrieved from /opt/airflow/dags/dag_tle_ingestion_only.py
[2026-02-04T07:59:24.069+0530] {logging_mixin.py:188} INFO - [2026-02-04T07:59:24.068+0530] {dag.py:3036} INFO - Sync 1 DAGs
[2026-02-04T07:59:24.138+0530] {processor.py:183} INFO - Processing /opt/airflow/dags/dag_tle_ingestion_only.py took 0.173 seconds
[2026-02-04T07:59:54.327+0530] {processor.py:161} INFO - Started process (PID=6715) to work on /opt/airflow/dags/dag_tle_ingestion_only.py
[2026-02-04T07:59:54.329+0530] {processor.py:830} INFO - Processing file /opt/airflow/dags/dag_tle_ingestion_only.py for tasks to queue
[2026-02-04T07:59:54.332+0530] {logging_mixin.py:188} INFO - [2026-02-04T07:59:54.331+0530] {dagbag.py:538} INFO - Filling up the DagBag from /opt/airflow/dags/dag_tle_ingestion_only.py
[2026-02-04T07:59:54.399+0530] {processor.py:840} INFO - DAG(s) 'tle_data_ingestion' retrieved from /opt/airflow/dags/dag_tle_ingestion_only.py
[2026-02-04T07:59:54.469+0530] {logging_mixin.py:188} INFO - [2026-02-04T07:59:54.469+0530] {dag.py:3036} INFO - Sync 1 DAGs
[2026-02-04T07:59:54.542+0530] {processor.py:183} INFO - Processing /opt/airflow/dags/dag_tle_ingestion_only.py took 0.232 seconds
[2026-02-04T08:00:24.700+0530] {processor.py:161} INFO - Started process (PID=6720) to work on /opt/airflow/dags/dag_tle_ingestion_only.py
[2026-02-04T08:00:24.702+0530] {processor.py:830} INFO - Processing file /opt/airflow/dags/dag_tle_ingestion_only.py for tasks to queue
[2026-02-04T08:00:24.703+0530] {logging_mixin.py:188} INFO - [2026-02-04T08:00:24.702+0530] {dagbag.py:538} INFO - Filling up the DagBag from /opt/airflow/dags/dag_tle_ingestion_only.py
[2026-02-04T08:00:24.742+0530] {processor.py:840} INFO - DAG(s) 'tle_data_ingestion' retrieved from /opt/airflow/dags/dag_tle_ingestion_only.py
[2026-02-04T08:00:24.798+0530] {logging_mixin.py:188} INFO - [2026-02-04T08:00:24.798+0530] {dag.py:3036} INFO - Sync 1 DAGs
[2026-02-04T08:00:24.874+0530] {processor.py:183} INFO - Processing /opt/airflow/dags/dag_tle_ingestion_only.py took 0.181 seconds
[2026-02-04T08:00:55.048+0530] {processor.py:161} INFO - Started process (PID=6725) to work on /opt/airflow/dags/dag_tle_ingestion_only.py
[2026-02-04T08:00:55.051+0530] {processor.py:830} INFO - Processing file /opt/airflow/dags/dag_tle_ingestion_only.py for tasks to queue
[2026-02-04T08:00:55.053+0530] {logging_mixin.py:188} INFO - [2026-02-04T08:00:55.052+0530] {dagbag.py:538} INFO - Filling up the DagBag from /opt/airflow/dags/dag_tle_ingestion_only.py
[2026-02-04T08:00:55.098+0530] {processor.py:840} INFO - DAG(s) 'tle_data_ingestion' retrieved from /opt/airflow/dags/dag_tle_ingestion_only.py
[2026-02-04T08:00:55.159+0530] {logging_mixin.py:188} INFO - [2026-02-04T08:00:55.159+0530] {dag.py:3036} INFO - Sync 1 DAGs
[2026-02-04T08:00:55.248+0530] {processor.py:183} INFO - Processing /opt/airflow/dags/dag_tle_ingestion_only.py took 0.208 seconds
[2026-02-04T08:01:25.412+0530] {processor.py:161} INFO - Started process (PID=6733) to work on /opt/airflow/dags/dag_tle_ingestion_only.py
[2026-02-04T08:01:25.414+0530] {processor.py:830} INFO - Processing file /opt/airflow/dags/dag_tle_ingestion_only.py for tasks to queue
[2026-02-04T08:01:25.415+0530] {logging_mixin.py:188} INFO - [2026-02-04T08:01:25.415+0530] {dagbag.py:538} INFO - Filling up the DagBag from /opt/airflow/dags/dag_tle_ingestion_only.py
[2026-02-04T08:01:25.456+0530] {processor.py:840} INFO - DAG(s) 'tle_data_ingestion' retrieved from /opt/airflow/dags/dag_tle_ingestion_only.py
[2026-02-04T08:01:25.516+0530] {logging_mixin.py:188} INFO - [2026-02-04T08:01:25.516+0530] {dag.py:3036} INFO - Sync 1 DAGs
[2026-02-04T08:01:25.591+0530] {processor.py:183} INFO - Processing /opt/airflow/dags/dag_tle_ingestion_only.py took 0.186 seconds
[2026-02-04T08:01:55.759+0530] {processor.py:161} INFO - Started process (PID=6738) to work on /opt/airflow/dags/dag_tle_ingestion_only.py
[2026-02-04T08:01:55.763+0530] {processor.py:830} INFO - Processing file /opt/airflow/dags/dag_tle_ingestion_only.py for tasks to queue
[2026-02-04T08:01:55.765+0530] {logging_mixin.py:188} INFO - [2026-02-04T08:01:55.764+0530] {dagbag.py:538} INFO - Filling up the DagBag from /opt/airflow/dags/dag_tle_ingestion_only.py
[2026-02-04T08:01:55.809+0530] {processor.py:840} INFO - DAG(s) 'tle_data_ingestion' retrieved from /opt/airflow/dags/dag_tle_ingestion_only.py
[2026-02-04T08:01:55.868+0530] {logging_mixin.py:188} INFO - [2026-02-04T08:01:55.868+0530] {dag.py:3036} INFO - Sync 1 DAGs
[2026-02-04T08:01:55.951+0530] {processor.py:183} INFO - Processing /opt/airflow/dags/dag_tle_ingestion_only.py took 0.198 seconds
[2026-02-04T08:02:26.120+0530] {processor.py:161} INFO - Started process (PID=6743) to work on /opt/airflow/dags/dag_tle_ingestion_only.py
[2026-02-04T08:02:26.121+0530] {processor.py:830} INFO - Processing file /opt/airflow/dags/dag_tle_ingestion_only.py for tasks to queue
[2026-02-04T08:02:26.122+0530] {logging_mixin.py:188} INFO - [2026-02-04T08:02:26.121+0530] {dagbag.py:538} INFO - Filling up the DagBag from /opt/airflow/dags/dag_tle_ingestion_only.py
[2026-02-04T08:02:26.158+0530] {processor.py:840} INFO - DAG(s) 'tle_data_ingestion' retrieved from /opt/airflow/dags/dag_tle_ingestion_only.py
[2026-02-04T08:02:26.211+0530] {logging_mixin.py:188} INFO - [2026-02-04T08:02:26.211+0530] {dag.py:3036} INFO - Sync 1 DAGs
[2026-02-04T08:02:26.283+0530] {processor.py:183} INFO - Processing /opt/airflow/dags/dag_tle_ingestion_only.py took 0.170 seconds
[2026-02-04T08:02:56.441+0530] {processor.py:161} INFO - Started process (PID=6748) to work on /opt/airflow/dags/dag_tle_ingestion_only.py
[2026-02-04T08:02:56.444+0530] {processor.py:830} INFO - Processing file /opt/airflow/dags/dag_tle_ingestion_only.py for tasks to queue
[2026-02-04T08:02:56.445+0530] {logging_mixin.py:188} INFO - [2026-02-04T08:02:56.444+0530] {dagbag.py:538} INFO - Filling up the DagBag from /opt/airflow/dags/dag_tle_ingestion_only.py
[2026-02-04T08:02:56.477+0530] {processor.py:840} INFO - DAG(s) 'tle_data_ingestion' retrieved from /opt/airflow/dags/dag_tle_ingestion_only.py
[2026-02-04T08:02:56.531+0530] {logging_mixin.py:188} INFO - [2026-02-04T08:02:56.531+0530] {dag.py:3036} INFO - Sync 1 DAGs
[2026-02-04T08:02:56.613+0530] {processor.py:183} INFO - Processing /opt/airflow/dags/dag_tle_ingestion_only.py took 0.178 seconds
[2026-02-04T08:03:26.777+0530] {processor.py:161} INFO - Started process (PID=6753) to work on /opt/airflow/dags/dag_tle_ingestion_only.py
[2026-02-04T08:03:26.778+0530] {processor.py:830} INFO - Processing file /opt/airflow/dags/dag_tle_ingestion_only.py for tasks to queue
[2026-02-04T08:03:26.780+0530] {logging_mixin.py:188} INFO - [2026-02-04T08:03:26.779+0530] {dagbag.py:538} INFO - Filling up the DagBag from /opt/airflow/dags/dag_tle_ingestion_only.py
[2026-02-04T08:03:26.813+0530] {processor.py:840} INFO - DAG(s) 'tle_data_ingestion' retrieved from /opt/airflow/dags/dag_tle_ingestion_only.py
[2026-02-04T08:03:26.853+0530] {logging_mixin.py:188} INFO - [2026-02-04T08:03:26.853+0530] {dag.py:3036} INFO - Sync 1 DAGs
[2026-02-04T08:03:26.991+0530] {processor.py:183} INFO - Processing /opt/airflow/dags/dag_tle_ingestion_only.py took 0.220 seconds
[2026-02-04T08:03:57.151+0530] {processor.py:161} INFO - Started process (PID=6758) to work on /opt/airflow/dags/dag_tle_ingestion_only.py
[2026-02-04T08:03:57.152+0530] {processor.py:830} INFO - Processing file /opt/airflow/dags/dag_tle_ingestion_only.py for tasks to queue
[2026-02-04T08:03:57.154+0530] {logging_mixin.py:188} INFO - [2026-02-04T08:03:57.153+0530] {dagbag.py:538} INFO - Filling up the DagBag from /opt/airflow/dags/dag_tle_ingestion_only.py
[2026-02-04T08:03:57.187+0530] {processor.py:840} INFO - DAG(s) 'tle_data_ingestion' retrieved from /opt/airflow/dags/dag_tle_ingestion_only.py
[2026-02-04T08:03:57.235+0530] {logging_mixin.py:188} INFO - [2026-02-04T08:03:57.235+0530] {dag.py:3036} INFO - Sync 1 DAGs
[2026-02-04T08:03:57.308+0530] {processor.py:183} INFO - Processing /opt/airflow/dags/dag_tle_ingestion_only.py took 0.163 seconds
[2026-02-04T08:04:27.468+0530] {processor.py:161} INFO - Started process (PID=6763) to work on /opt/airflow/dags/dag_tle_ingestion_only.py
[2026-02-04T08:04:27.471+0530] {processor.py:830} INFO - Processing file /opt/airflow/dags/dag_tle_ingestion_only.py for tasks to queue
[2026-02-04T08:04:27.473+0530] {logging_mixin.py:188} INFO - [2026-02-04T08:04:27.472+0530] {dagbag.py:538} INFO - Filling up the DagBag from /opt/airflow/dags/dag_tle_ingestion_only.py
[2026-02-04T08:04:27.507+0530] {processor.py:840} INFO - DAG(s) 'tle_data_ingestion' retrieved from /opt/airflow/dags/dag_tle_ingestion_only.py
[2026-02-04T08:04:27.552+0530] {logging_mixin.py:188} INFO - [2026-02-04T08:04:27.552+0530] {dag.py:3036} INFO - Sync 1 DAGs
[2026-02-04T08:04:27.622+0530] {processor.py:183} INFO - Processing /opt/airflow/dags/dag_tle_ingestion_only.py took 0.160 seconds
[2026-02-04T08:04:57.782+0530] {processor.py:161} INFO - Started process (PID=6768) to work on /opt/airflow/dags/dag_tle_ingestion_only.py
[2026-02-04T08:04:57.783+0530] {processor.py:830} INFO - Processing file /opt/airflow/dags/dag_tle_ingestion_only.py for tasks to queue
[2026-02-04T08:04:57.785+0530] {logging_mixin.py:188} INFO - [2026-02-04T08:04:57.784+0530] {dagbag.py:538} INFO - Filling up the DagBag from /opt/airflow/dags/dag_tle_ingestion_only.py
[2026-02-04T08:04:57.825+0530] {processor.py:840} INFO - DAG(s) 'tle_data_ingestion' retrieved from /opt/airflow/dags/dag_tle_ingestion_only.py
[2026-02-04T08:04:57.881+0530] {logging_mixin.py:188} INFO - [2026-02-04T08:04:57.880+0530] {dag.py:3036} INFO - Sync 1 DAGs
[2026-02-04T08:04:57.957+0530] {processor.py:183} INFO - Processing /opt/airflow/dags/dag_tle_ingestion_only.py took 0.182 seconds
[2026-02-04T08:05:28.139+0530] {processor.py:161} INFO - Started process (PID=6773) to work on /opt/airflow/dags/dag_tle_ingestion_only.py
[2026-02-04T08:05:28.142+0530] {processor.py:830} INFO - Processing file /opt/airflow/dags/dag_tle_ingestion_only.py for tasks to queue
[2026-02-04T08:05:28.144+0530] {logging_mixin.py:188} INFO - [2026-02-04T08:05:28.144+0530] {dagbag.py:538} INFO - Filling up the DagBag from /opt/airflow/dags/dag_tle_ingestion_only.py
[2026-02-04T08:05:28.220+0530] {processor.py:840} INFO - DAG(s) 'tle_data_ingestion' retrieved from /opt/airflow/dags/dag_tle_ingestion_only.py
[2026-02-04T08:05:28.291+0530] {logging_mixin.py:188} INFO - [2026-02-04T08:05:28.291+0530] {dag.py:3036} INFO - Sync 1 DAGs
[2026-02-04T08:05:28.384+0530] {processor.py:183} INFO - Processing /opt/airflow/dags/dag_tle_ingestion_only.py took 0.255 seconds
[2026-02-04T08:05:58.557+0530] {processor.py:161} INFO - Started process (PID=6778) to work on /opt/airflow/dags/dag_tle_ingestion_only.py
[2026-02-04T08:05:58.558+0530] {processor.py:830} INFO - Processing file /opt/airflow/dags/dag_tle_ingestion_only.py for tasks to queue
[2026-02-04T08:05:58.560+0530] {logging_mixin.py:188} INFO - [2026-02-04T08:05:58.559+0530] {dagbag.py:538} INFO - Filling up the DagBag from /opt/airflow/dags/dag_tle_ingestion_only.py
[2026-02-04T08:05:58.604+0530] {processor.py:840} INFO - DAG(s) 'tle_data_ingestion' retrieved from /opt/airflow/dags/dag_tle_ingestion_only.py
[2026-02-04T08:05:58.662+0530] {logging_mixin.py:188} INFO - [2026-02-04T08:05:58.662+0530] {dag.py:3036} INFO - Sync 1 DAGs
[2026-02-04T08:05:58.744+0530] {processor.py:183} INFO - Processing /opt/airflow/dags/dag_tle_ingestion_only.py took 0.194 seconds
[2026-02-04T08:06:28.923+0530] {processor.py:161} INFO - Started process (PID=6783) to work on /opt/airflow/dags/dag_tle_ingestion_only.py
[2026-02-04T08:06:28.926+0530] {processor.py:830} INFO - Processing file /opt/airflow/dags/dag_tle_ingestion_only.py for tasks to queue
[2026-02-04T08:06:28.928+0530] {logging_mixin.py:188} INFO - [2026-02-04T08:06:28.927+0530] {dagbag.py:538} INFO - Filling up the DagBag from /opt/airflow/dags/dag_tle_ingestion_only.py
[2026-02-04T08:06:28.969+0530] {processor.py:840} INFO - DAG(s) 'tle_data_ingestion' retrieved from /opt/airflow/dags/dag_tle_ingestion_only.py
[2026-02-04T08:06:29.025+0530] {logging_mixin.py:188} INFO - [2026-02-04T08:06:29.025+0530] {dag.py:3036} INFO - Sync 1 DAGs
[2026-02-04T08:06:29.103+0530] {processor.py:183} INFO - Processing /opt/airflow/dags/dag_tle_ingestion_only.py took 0.187 seconds
[2026-02-04T08:06:59.277+0530] {processor.py:161} INFO - Started process (PID=6788) to work on /opt/airflow/dags/dag_tle_ingestion_only.py
[2026-02-04T08:06:59.278+0530] {processor.py:830} INFO - Processing file /opt/airflow/dags/dag_tle_ingestion_only.py for tasks to queue
[2026-02-04T08:06:59.279+0530] {logging_mixin.py:188} INFO - [2026-02-04T08:06:59.279+0530] {dagbag.py:538} INFO - Filling up the DagBag from /opt/airflow/dags/dag_tle_ingestion_only.py
[2026-02-04T08:06:59.319+0530] {processor.py:840} INFO - DAG(s) 'tle_data_ingestion' retrieved from /opt/airflow/dags/dag_tle_ingestion_only.py
[2026-02-04T08:06:59.379+0530] {logging_mixin.py:188} INFO - [2026-02-04T08:06:59.379+0530] {dag.py:3036} INFO - Sync 1 DAGs
[2026-02-04T08:06:59.463+0530] {processor.py:183} INFO - Processing /opt/airflow/dags/dag_tle_ingestion_only.py took 0.191 seconds
[2026-02-04T08:07:29.634+0530] {processor.py:161} INFO - Started process (PID=6793) to work on /opt/airflow/dags/dag_tle_ingestion_only.py
[2026-02-04T08:07:29.637+0530] {processor.py:830} INFO - Processing file /opt/airflow/dags/dag_tle_ingestion_only.py for tasks to queue
[2026-02-04T08:07:29.639+0530] {logging_mixin.py:188} INFO - [2026-02-04T08:07:29.638+0530] {dagbag.py:538} INFO - Filling up the DagBag from /opt/airflow/dags/dag_tle_ingestion_only.py
[2026-02-04T08:07:29.680+0530] {processor.py:840} INFO - DAG(s) 'tle_data_ingestion' retrieved from /opt/airflow/dags/dag_tle_ingestion_only.py
[2026-02-04T08:07:29.737+0530] {logging_mixin.py:188} INFO - [2026-02-04T08:07:29.737+0530] {dag.py:3036} INFO - Sync 1 DAGs
[2026-02-04T08:07:29.818+0530] {processor.py:183} INFO - Processing /opt/airflow/dags/dag_tle_ingestion_only.py took 0.191 seconds
[2026-02-04T08:07:59.970+0530] {processor.py:161} INFO - Started process (PID=6798) to work on /opt/airflow/dags/dag_tle_ingestion_only.py
[2026-02-04T08:07:59.991+0530] {processor.py:830} INFO - Processing file /opt/airflow/dags/dag_tle_ingestion_only.py for tasks to queue
[2026-02-04T08:07:59.993+0530] {logging_mixin.py:188} INFO - [2026-02-04T08:07:59.992+0530] {dagbag.py:538} INFO - Filling up the DagBag from /opt/airflow/dags/dag_tle_ingestion_only.py
[2026-02-04T08:08:00.016+0530] {processor.py:840} INFO - DAG(s) 'tle_data_ingestion' retrieved from /opt/airflow/dags/dag_tle_ingestion_only.py
[2026-02-04T08:08:00.047+0530] {logging_mixin.py:188} INFO - [2026-02-04T08:08:00.047+0530] {dag.py:3036} INFO - Sync 1 DAGs
[2026-02-04T08:08:00.093+0530] {processor.py:183} INFO - Processing /opt/airflow/dags/dag_tle_ingestion_only.py took 0.127 seconds
[2026-02-04T08:08:30.242+0530] {processor.py:161} INFO - Started process (PID=6803) to work on /opt/airflow/dags/dag_tle_ingestion_only.py
[2026-02-04T08:08:30.245+0530] {processor.py:830} INFO - Processing file /opt/airflow/dags/dag_tle_ingestion_only.py for tasks to queue
[2026-02-04T08:08:30.247+0530] {logging_mixin.py:188} INFO - [2026-02-04T08:08:30.246+0530] {dagbag.py:538} INFO - Filling up the DagBag from /opt/airflow/dags/dag_tle_ingestion_only.py
[2026-02-04T08:08:30.299+0530] {processor.py:840} INFO - DAG(s) 'tle_data_ingestion' retrieved from /opt/airflow/dags/dag_tle_ingestion_only.py
[2026-02-04T08:08:30.356+0530] {logging_mixin.py:188} INFO - [2026-02-04T08:08:30.355+0530] {dag.py:3036} INFO - Sync 1 DAGs
[2026-02-04T08:08:30.442+0530] {processor.py:183} INFO - Processing /opt/airflow/dags/dag_tle_ingestion_only.py took 0.210 seconds
[2026-02-04T08:09:00.599+0530] {processor.py:161} INFO - Started process (PID=6808) to work on /opt/airflow/dags/dag_tle_ingestion_only.py
[2026-02-04T08:09:00.600+0530] {processor.py:830} INFO - Processing file /opt/airflow/dags/dag_tle_ingestion_only.py for tasks to queue
[2026-02-04T08:09:00.602+0530] {logging_mixin.py:188} INFO - [2026-02-04T08:09:00.601+0530] {dagbag.py:538} INFO - Filling up the DagBag from /opt/airflow/dags/dag_tle_ingestion_only.py
[2026-02-04T08:09:00.647+0530] {processor.py:840} INFO - DAG(s) 'tle_data_ingestion' retrieved from /opt/airflow/dags/dag_tle_ingestion_only.py
[2026-02-04T08:09:00.710+0530] {logging_mixin.py:188} INFO - [2026-02-04T08:09:00.710+0530] {dag.py:3036} INFO - Sync 1 DAGs
[2026-02-04T08:09:00.792+0530] {processor.py:183} INFO - Processing /opt/airflow/dags/dag_tle_ingestion_only.py took 0.200 seconds
[2026-02-04T08:09:30.937+0530] {processor.py:161} INFO - Started process (PID=6813) to work on /opt/airflow/dags/dag_tle_ingestion_only.py
[2026-02-04T08:09:30.939+0530] {processor.py:830} INFO - Processing file /opt/airflow/dags/dag_tle_ingestion_only.py for tasks to queue
[2026-02-04T08:09:30.940+0530] {logging_mixin.py:188} INFO - [2026-02-04T08:09:30.940+0530] {dagbag.py:538} INFO - Filling up the DagBag from /opt/airflow/dags/dag_tle_ingestion_only.py
[2026-02-04T08:09:30.961+0530] {processor.py:840} INFO - DAG(s) 'tle_data_ingestion' retrieved from /opt/airflow/dags/dag_tle_ingestion_only.py
[2026-02-04T08:09:30.992+0530] {logging_mixin.py:188} INFO - [2026-02-04T08:09:30.992+0530] {dag.py:3036} INFO - Sync 1 DAGs
[2026-02-04T08:09:31.035+0530] {processor.py:183} INFO - Processing /opt/airflow/dags/dag_tle_ingestion_only.py took 0.102 seconds
[2026-02-04T08:10:01.155+0530] {processor.py:161} INFO - Started process (PID=6818) to work on /opt/airflow/dags/dag_tle_ingestion_only.py
[2026-02-04T08:10:01.156+0530] {processor.py:830} INFO - Processing file /opt/airflow/dags/dag_tle_ingestion_only.py for tasks to queue
[2026-02-04T08:10:01.157+0530] {logging_mixin.py:188} INFO - [2026-02-04T08:10:01.156+0530] {dagbag.py:538} INFO - Filling up the DagBag from /opt/airflow/dags/dag_tle_ingestion_only.py
[2026-02-04T08:10:01.179+0530] {processor.py:840} INFO - DAG(s) 'tle_data_ingestion' retrieved from /opt/airflow/dags/dag_tle_ingestion_only.py
[2026-02-04T08:10:01.213+0530] {logging_mixin.py:188} INFO - [2026-02-04T08:10:01.212+0530] {dag.py:3036} INFO - Sync 1 DAGs
[2026-02-04T08:10:01.260+0530] {processor.py:183} INFO - Processing /opt/airflow/dags/dag_tle_ingestion_only.py took 0.109 seconds
[2026-02-04T08:10:31.380+0530] {processor.py:161} INFO - Started process (PID=6823) to work on /opt/airflow/dags/dag_tle_ingestion_only.py
[2026-02-04T08:10:31.381+0530] {processor.py:830} INFO - Processing file /opt/airflow/dags/dag_tle_ingestion_only.py for tasks to queue
[2026-02-04T08:10:31.382+0530] {logging_mixin.py:188} INFO - [2026-02-04T08:10:31.381+0530] {dagbag.py:538} INFO - Filling up the DagBag from /opt/airflow/dags/dag_tle_ingestion_only.py
[2026-02-04T08:10:31.401+0530] {processor.py:840} INFO - DAG(s) 'tle_data_ingestion' retrieved from /opt/airflow/dags/dag_tle_ingestion_only.py
[2026-02-04T08:10:31.432+0530] {logging_mixin.py:188} INFO - [2026-02-04T08:10:31.432+0530] {dag.py:3036} INFO - Sync 1 DAGs
[2026-02-04T08:10:31.473+0530] {processor.py:183} INFO - Processing /opt/airflow/dags/dag_tle_ingestion_only.py took 0.097 seconds
[2026-02-04T08:11:01.519+0530] {processor.py:161} INFO - Started process (PID=6828) to work on /opt/airflow/dags/dag_tle_ingestion_only.py
[2026-02-04T08:11:01.520+0530] {processor.py:830} INFO - Processing file /opt/airflow/dags/dag_tle_ingestion_only.py for tasks to queue
[2026-02-04T08:11:01.522+0530] {logging_mixin.py:188} INFO - [2026-02-04T08:11:01.521+0530] {dagbag.py:538} INFO - Filling up the DagBag from /opt/airflow/dags/dag_tle_ingestion_only.py
[2026-02-04T08:11:01.565+0530] {processor.py:840} INFO - DAG(s) 'tle_data_ingestion' retrieved from /opt/airflow/dags/dag_tle_ingestion_only.py
[2026-02-04T08:11:01.623+0530] {logging_mixin.py:188} INFO - [2026-02-04T08:11:01.623+0530] {dag.py:3036} INFO - Sync 1 DAGs
[2026-02-04T08:11:01.774+0530] {processor.py:183} INFO - Processing /opt/airflow/dags/dag_tle_ingestion_only.py took 0.262 seconds
[2026-02-04T08:11:31.951+0530] {processor.py:161} INFO - Started process (PID=6833) to work on /opt/airflow/dags/dag_tle_ingestion_only.py
[2026-02-04T08:11:31.954+0530] {processor.py:830} INFO - Processing file /opt/airflow/dags/dag_tle_ingestion_only.py for tasks to queue
[2026-02-04T08:11:31.956+0530] {logging_mixin.py:188} INFO - [2026-02-04T08:11:31.955+0530] {dagbag.py:538} INFO - Filling up the DagBag from /opt/airflow/dags/dag_tle_ingestion_only.py
[2026-02-04T08:11:31.995+0530] {processor.py:840} INFO - DAG(s) 'tle_data_ingestion' retrieved from /opt/airflow/dags/dag_tle_ingestion_only.py
[2026-02-04T08:11:32.050+0530] {logging_mixin.py:188} INFO - [2026-02-04T08:11:32.050+0530] {dag.py:3036} INFO - Sync 1 DAGs
[2026-02-04T08:11:32.127+0530] {processor.py:183} INFO - Processing /opt/airflow/dags/dag_tle_ingestion_only.py took 0.184 seconds
[2026-02-04T08:12:02.302+0530] {processor.py:161} INFO - Started process (PID=6838) to work on /opt/airflow/dags/dag_tle_ingestion_only.py
[2026-02-04T08:12:02.303+0530] {processor.py:830} INFO - Processing file /opt/airflow/dags/dag_tle_ingestion_only.py for tasks to queue
[2026-02-04T08:12:02.305+0530] {logging_mixin.py:188} INFO - [2026-02-04T08:12:02.304+0530] {dagbag.py:538} INFO - Filling up the DagBag from /opt/airflow/dags/dag_tle_ingestion_only.py
[2026-02-04T08:12:02.345+0530] {processor.py:840} INFO - DAG(s) 'tle_data_ingestion' retrieved from /opt/airflow/dags/dag_tle_ingestion_only.py
[2026-02-04T08:12:02.404+0530] {logging_mixin.py:188} INFO - [2026-02-04T08:12:02.403+0530] {dag.py:3036} INFO - Sync 1 DAGs
[2026-02-04T08:12:02.479+0530] {processor.py:183} INFO - Processing /opt/airflow/dags/dag_tle_ingestion_only.py took 0.184 seconds
[2026-02-04T08:12:32.654+0530] {processor.py:161} INFO - Started process (PID=6843) to work on /opt/airflow/dags/dag_tle_ingestion_only.py
[2026-02-04T08:12:32.657+0530] {processor.py:830} INFO - Processing file /opt/airflow/dags/dag_tle_ingestion_only.py for tasks to queue
[2026-02-04T08:12:32.659+0530] {logging_mixin.py:188} INFO - [2026-02-04T08:12:32.658+0530] {dagbag.py:538} INFO - Filling up the DagBag from /opt/airflow/dags/dag_tle_ingestion_only.py
[2026-02-04T08:12:32.699+0530] {processor.py:840} INFO - DAG(s) 'tle_data_ingestion' retrieved from /opt/airflow/dags/dag_tle_ingestion_only.py
[2026-02-04T08:12:32.757+0530] {logging_mixin.py:188} INFO - [2026-02-04T08:12:32.756+0530] {dag.py:3036} INFO - Sync 1 DAGs
[2026-02-04T08:12:32.924+0530] {processor.py:183} INFO - Processing /opt/airflow/dags/dag_tle_ingestion_only.py took 0.277 seconds
[2026-02-04T08:13:03.097+0530] {processor.py:161} INFO - Started process (PID=6848) to work on /opt/airflow/dags/dag_tle_ingestion_only.py
[2026-02-04T08:13:03.098+0530] {processor.py:830} INFO - Processing file /opt/airflow/dags/dag_tle_ingestion_only.py for tasks to queue
[2026-02-04T08:13:03.100+0530] {logging_mixin.py:188} INFO - [2026-02-04T08:13:03.099+0530] {dagbag.py:538} INFO - Filling up the DagBag from /opt/airflow/dags/dag_tle_ingestion_only.py
[2026-02-04T08:13:03.145+0530] {processor.py:840} INFO - DAG(s) 'tle_data_ingestion' retrieved from /opt/airflow/dags/dag_tle_ingestion_only.py
[2026-02-04T08:13:03.205+0530] {logging_mixin.py:188} INFO - [2026-02-04T08:13:03.205+0530] {dag.py:3036} INFO - Sync 1 DAGs
[2026-02-04T08:13:03.283+0530] {processor.py:183} INFO - Processing /opt/airflow/dags/dag_tle_ingestion_only.py took 0.196 seconds
[2026-02-04T08:13:33.449+0530] {processor.py:161} INFO - Started process (PID=6853) to work on /opt/airflow/dags/dag_tle_ingestion_only.py
[2026-02-04T08:13:33.450+0530] {processor.py:830} INFO - Processing file /opt/airflow/dags/dag_tle_ingestion_only.py for tasks to queue
[2026-02-04T08:13:33.452+0530] {logging_mixin.py:188} INFO - [2026-02-04T08:13:33.451+0530] {dagbag.py:538} INFO - Filling up the DagBag from /opt/airflow/dags/dag_tle_ingestion_only.py
[2026-02-04T08:13:33.484+0530] {processor.py:840} INFO - DAG(s) 'tle_data_ingestion' retrieved from /opt/airflow/dags/dag_tle_ingestion_only.py
[2026-02-04T08:13:33.544+0530] {logging_mixin.py:188} INFO - [2026-02-04T08:13:33.543+0530] {dag.py:3036} INFO - Sync 1 DAGs
[2026-02-04T08:13:33.624+0530] {processor.py:183} INFO - Processing /opt/airflow/dags/dag_tle_ingestion_only.py took 0.182 seconds
[2026-02-04T08:14:03.802+0530] {processor.py:161} INFO - Started process (PID=6858) to work on /opt/airflow/dags/dag_tle_ingestion_only.py
[2026-02-04T08:14:03.803+0530] {processor.py:830} INFO - Processing file /opt/airflow/dags/dag_tle_ingestion_only.py for tasks to queue
[2026-02-04T08:14:03.805+0530] {logging_mixin.py:188} INFO - [2026-02-04T08:14:03.804+0530] {dagbag.py:538} INFO - Filling up the DagBag from /opt/airflow/dags/dag_tle_ingestion_only.py
[2026-02-04T08:14:03.847+0530] {processor.py:840} INFO - DAG(s) 'tle_data_ingestion' retrieved from /opt/airflow/dags/dag_tle_ingestion_only.py
[2026-02-04T08:14:03.915+0530] {logging_mixin.py:188} INFO - [2026-02-04T08:14:03.914+0530] {dag.py:3036} INFO - Sync 1 DAGs
[2026-02-04T08:14:03.997+0530] {processor.py:183} INFO - Processing /opt/airflow/dags/dag_tle_ingestion_only.py took 0.202 seconds
[2026-02-04T08:14:34.170+0530] {processor.py:161} INFO - Started process (PID=6863) to work on /opt/airflow/dags/dag_tle_ingestion_only.py
[2026-02-04T08:14:34.171+0530] {processor.py:830} INFO - Processing file /opt/airflow/dags/dag_tle_ingestion_only.py for tasks to queue
[2026-02-04T08:14:34.173+0530] {logging_mixin.py:188} INFO - [2026-02-04T08:14:34.172+0530] {dagbag.py:538} INFO - Filling up the DagBag from /opt/airflow/dags/dag_tle_ingestion_only.py
[2026-02-04T08:14:34.207+0530] {processor.py:840} INFO - DAG(s) 'tle_data_ingestion' retrieved from /opt/airflow/dags/dag_tle_ingestion_only.py
[2026-02-04T08:14:34.260+0530] {logging_mixin.py:188} INFO - [2026-02-04T08:14:34.259+0530] {dag.py:3036} INFO - Sync 1 DAGs
[2026-02-04T08:14:34.323+0530] {processor.py:183} INFO - Processing /opt/airflow/dags/dag_tle_ingestion_only.py took 0.159 seconds
[2026-02-04T08:15:04.502+0530] {processor.py:161} INFO - Started process (PID=6868) to work on /opt/airflow/dags/dag_tle_ingestion_only.py
[2026-02-04T08:15:04.503+0530] {processor.py:830} INFO - Processing file /opt/airflow/dags/dag_tle_ingestion_only.py for tasks to queue
[2026-02-04T08:15:04.505+0530] {logging_mixin.py:188} INFO - [2026-02-04T08:15:04.504+0530] {dagbag.py:538} INFO - Filling up the DagBag from /opt/airflow/dags/dag_tle_ingestion_only.py
[2026-02-04T08:15:04.548+0530] {processor.py:840} INFO - DAG(s) 'tle_data_ingestion' retrieved from /opt/airflow/dags/dag_tle_ingestion_only.py
[2026-02-04T08:15:04.609+0530] {logging_mixin.py:188} INFO - [2026-02-04T08:15:04.608+0530] {dag.py:3036} INFO - Sync 1 DAGs
[2026-02-04T08:15:04.692+0530] {processor.py:183} INFO - Processing /opt/airflow/dags/dag_tle_ingestion_only.py took 0.197 seconds
[2026-02-04T08:15:34.881+0530] {processor.py:161} INFO - Started process (PID=6873) to work on /opt/airflow/dags/dag_tle_ingestion_only.py
[2026-02-04T08:15:34.882+0530] {processor.py:830} INFO - Processing file /opt/airflow/dags/dag_tle_ingestion_only.py for tasks to queue
[2026-02-04T08:15:34.884+0530] {logging_mixin.py:188} INFO - [2026-02-04T08:15:34.883+0530] {dagbag.py:538} INFO - Filling up the DagBag from /opt/airflow/dags/dag_tle_ingestion_only.py
[2026-02-04T08:15:34.927+0530] {processor.py:840} INFO - DAG(s) 'tle_data_ingestion' retrieved from /opt/airflow/dags/dag_tle_ingestion_only.py
[2026-02-04T08:15:34.981+0530] {logging_mixin.py:188} INFO - [2026-02-04T08:15:34.981+0530] {dag.py:3036} INFO - Sync 1 DAGs
[2026-02-04T08:15:35.056+0530] {processor.py:183} INFO - Processing /opt/airflow/dags/dag_tle_ingestion_only.py took 0.182 seconds
[2026-02-04T08:16:05.244+0530] {processor.py:161} INFO - Started process (PID=6878) to work on /opt/airflow/dags/dag_tle_ingestion_only.py
[2026-02-04T08:16:05.245+0530] {processor.py:830} INFO - Processing file /opt/airflow/dags/dag_tle_ingestion_only.py for tasks to queue
[2026-02-04T08:16:05.246+0530] {logging_mixin.py:188} INFO - [2026-02-04T08:16:05.246+0530] {dagbag.py:538} INFO - Filling up the DagBag from /opt/airflow/dags/dag_tle_ingestion_only.py
[2026-02-04T08:16:05.282+0530] {processor.py:840} INFO - DAG(s) 'tle_data_ingestion' retrieved from /opt/airflow/dags/dag_tle_ingestion_only.py
[2026-02-04T08:16:05.331+0530] {logging_mixin.py:188} INFO - [2026-02-04T08:16:05.330+0530] {dag.py:3036} INFO - Sync 1 DAGs
[2026-02-04T08:16:05.404+0530] {processor.py:183} INFO - Processing /opt/airflow/dags/dag_tle_ingestion_only.py took 0.169 seconds
[2026-02-04T08:16:35.570+0530] {processor.py:161} INFO - Started process (PID=6883) to work on /opt/airflow/dags/dag_tle_ingestion_only.py
[2026-02-04T08:16:35.572+0530] {processor.py:830} INFO - Processing file /opt/airflow/dags/dag_tle_ingestion_only.py for tasks to queue
[2026-02-04T08:16:35.574+0530] {logging_mixin.py:188} INFO - [2026-02-04T08:16:35.573+0530] {dagbag.py:538} INFO - Filling up the DagBag from /opt/airflow/dags/dag_tle_ingestion_only.py
[2026-02-04T08:16:35.612+0530] {processor.py:840} INFO - DAG(s) 'tle_data_ingestion' retrieved from /opt/airflow/dags/dag_tle_ingestion_only.py
[2026-02-04T08:16:35.671+0530] {logging_mixin.py:188} INFO - [2026-02-04T08:16:35.670+0530] {dag.py:3036} INFO - Sync 1 DAGs
[2026-02-04T08:16:35.879+0530] {processor.py:183} INFO - Processing /opt/airflow/dags/dag_tle_ingestion_only.py took 0.314 seconds
[2026-02-04T08:17:06.059+0530] {processor.py:161} INFO - Started process (PID=6888) to work on /opt/airflow/dags/dag_tle_ingestion_only.py
[2026-02-04T08:17:06.060+0530] {processor.py:830} INFO - Processing file /opt/airflow/dags/dag_tle_ingestion_only.py for tasks to queue
[2026-02-04T08:17:06.062+0530] {logging_mixin.py:188} INFO - [2026-02-04T08:17:06.061+0530] {dagbag.py:538} INFO - Filling up the DagBag from /opt/airflow/dags/dag_tle_ingestion_only.py
[2026-02-04T08:17:06.105+0530] {processor.py:840} INFO - DAG(s) 'tle_data_ingestion' retrieved from /opt/airflow/dags/dag_tle_ingestion_only.py
[2026-02-04T08:17:06.160+0530] {logging_mixin.py:188} INFO - [2026-02-04T08:17:06.160+0530] {dag.py:3036} INFO - Sync 1 DAGs
[2026-02-04T08:17:06.276+0530] {processor.py:183} INFO - Processing /opt/airflow/dags/dag_tle_ingestion_only.py took 0.225 seconds
[2026-02-04T08:17:36.455+0530] {processor.py:161} INFO - Started process (PID=6893) to work on /opt/airflow/dags/dag_tle_ingestion_only.py
[2026-02-04T08:17:36.456+0530] {processor.py:830} INFO - Processing file /opt/airflow/dags/dag_tle_ingestion_only.py for tasks to queue
[2026-02-04T08:17:36.458+0530] {logging_mixin.py:188} INFO - [2026-02-04T08:17:36.457+0530] {dagbag.py:538} INFO - Filling up the DagBag from /opt/airflow/dags/dag_tle_ingestion_only.py
[2026-02-04T08:17:36.499+0530] {processor.py:840} INFO - DAG(s) 'tle_data_ingestion' retrieved from /opt/airflow/dags/dag_tle_ingestion_only.py
[2026-02-04T08:17:36.550+0530] {logging_mixin.py:188} INFO - [2026-02-04T08:17:36.549+0530] {dag.py:3036} INFO - Sync 1 DAGs
[2026-02-04T08:17:36.638+0530] {processor.py:183} INFO - Processing /opt/airflow/dags/dag_tle_ingestion_only.py took 0.190 seconds
[2026-02-04T08:18:06.812+0530] {processor.py:161} INFO - Started process (PID=6898) to work on /opt/airflow/dags/dag_tle_ingestion_only.py
[2026-02-04T08:18:06.816+0530] {processor.py:830} INFO - Processing file /opt/airflow/dags/dag_tle_ingestion_only.py for tasks to queue
[2026-02-04T08:18:06.817+0530] {logging_mixin.py:188} INFO - [2026-02-04T08:18:06.817+0530] {dagbag.py:538} INFO - Filling up the DagBag from /opt/airflow/dags/dag_tle_ingestion_only.py
[2026-02-04T08:18:06.858+0530] {processor.py:840} INFO - DAG(s) 'tle_data_ingestion' retrieved from /opt/airflow/dags/dag_tle_ingestion_only.py
[2026-02-04T08:18:06.917+0530] {logging_mixin.py:188} INFO - [2026-02-04T08:18:06.916+0530] {dag.py:3036} INFO - Sync 1 DAGs
[2026-02-04T08:18:06.992+0530] {processor.py:183} INFO - Processing /opt/airflow/dags/dag_tle_ingestion_only.py took 0.186 seconds
[2026-02-04T08:18:37.171+0530] {processor.py:161} INFO - Started process (PID=6903) to work on /opt/airflow/dags/dag_tle_ingestion_only.py
[2026-02-04T08:18:37.173+0530] {processor.py:830} INFO - Processing file /opt/airflow/dags/dag_tle_ingestion_only.py for tasks to queue
[2026-02-04T08:18:37.174+0530] {logging_mixin.py:188} INFO - [2026-02-04T08:18:37.174+0530] {dagbag.py:538} INFO - Filling up the DagBag from /opt/airflow/dags/dag_tle_ingestion_only.py
[2026-02-04T08:18:37.215+0530] {processor.py:840} INFO - DAG(s) 'tle_data_ingestion' retrieved from /opt/airflow/dags/dag_tle_ingestion_only.py
[2026-02-04T08:18:37.272+0530] {logging_mixin.py:188} INFO - [2026-02-04T08:18:37.272+0530] {dag.py:3036} INFO - Sync 1 DAGs
[2026-02-04T08:18:37.350+0530] {processor.py:183} INFO - Processing /opt/airflow/dags/dag_tle_ingestion_only.py took 0.186 seconds
[2026-02-04T08:19:07.531+0530] {processor.py:161} INFO - Started process (PID=6908) to work on /opt/airflow/dags/dag_tle_ingestion_only.py
[2026-02-04T08:19:07.534+0530] {processor.py:830} INFO - Processing file /opt/airflow/dags/dag_tle_ingestion_only.py for tasks to queue
[2026-02-04T08:19:07.536+0530] {logging_mixin.py:188} INFO - [2026-02-04T08:19:07.535+0530] {dagbag.py:538} INFO - Filling up the DagBag from /opt/airflow/dags/dag_tle_ingestion_only.py
[2026-02-04T08:19:07.578+0530] {processor.py:840} INFO - DAG(s) 'tle_data_ingestion' retrieved from /opt/airflow/dags/dag_tle_ingestion_only.py
[2026-02-04T08:19:07.634+0530] {logging_mixin.py:188} INFO - [2026-02-04T08:19:07.634+0530] {dag.py:3036} INFO - Sync 1 DAGs
[2026-02-04T08:19:07.713+0530] {processor.py:183} INFO - Processing /opt/airflow/dags/dag_tle_ingestion_only.py took 0.189 seconds
[2026-02-04T08:19:37.894+0530] {processor.py:161} INFO - Started process (PID=6913) to work on /opt/airflow/dags/dag_tle_ingestion_only.py
[2026-02-04T08:19:37.896+0530] {processor.py:830} INFO - Processing file /opt/airflow/dags/dag_tle_ingestion_only.py for tasks to queue
[2026-02-04T08:19:37.897+0530] {logging_mixin.py:188} INFO - [2026-02-04T08:19:37.897+0530] {dagbag.py:538} INFO - Filling up the DagBag from /opt/airflow/dags/dag_tle_ingestion_only.py
[2026-02-04T08:19:37.938+0530] {processor.py:840} INFO - DAG(s) 'tle_data_ingestion' retrieved from /opt/airflow/dags/dag_tle_ingestion_only.py
[2026-02-04T08:19:37.995+0530] {logging_mixin.py:188} INFO - [2026-02-04T08:19:37.994+0530] {dag.py:3036} INFO - Sync 1 DAGs
[2026-02-04T08:19:38.070+0530] {processor.py:183} INFO - Processing /opt/airflow/dags/dag_tle_ingestion_only.py took 0.183 seconds
[2026-02-04T08:20:08.241+0530] {processor.py:161} INFO - Started process (PID=6918) to work on /opt/airflow/dags/dag_tle_ingestion_only.py
[2026-02-04T08:20:08.243+0530] {processor.py:830} INFO - Processing file /opt/airflow/dags/dag_tle_ingestion_only.py for tasks to queue
[2026-02-04T08:20:08.245+0530] {logging_mixin.py:188} INFO - [2026-02-04T08:20:08.244+0530] {dagbag.py:538} INFO - Filling up the DagBag from /opt/airflow/dags/dag_tle_ingestion_only.py
[2026-02-04T08:20:08.286+0530] {processor.py:840} INFO - DAG(s) 'tle_data_ingestion' retrieved from /opt/airflow/dags/dag_tle_ingestion_only.py
[2026-02-04T08:20:08.343+0530] {logging_mixin.py:188} INFO - [2026-02-04T08:20:08.342+0530] {dag.py:3036} INFO - Sync 1 DAGs
[2026-02-04T08:20:08.423+0530] {processor.py:183} INFO - Processing /opt/airflow/dags/dag_tle_ingestion_only.py took 0.188 seconds
[2026-02-04T08:20:38.589+0530] {processor.py:161} INFO - Started process (PID=6923) to work on /opt/airflow/dags/dag_tle_ingestion_only.py
[2026-02-04T08:20:38.591+0530] {processor.py:830} INFO - Processing file /opt/airflow/dags/dag_tle_ingestion_only.py for tasks to queue
[2026-02-04T08:20:38.592+0530] {logging_mixin.py:188} INFO - [2026-02-04T08:20:38.592+0530] {dagbag.py:538} INFO - Filling up the DagBag from /opt/airflow/dags/dag_tle_ingestion_only.py
[2026-02-04T08:20:38.633+0530] {processor.py:840} INFO - DAG(s) 'tle_data_ingestion' retrieved from /opt/airflow/dags/dag_tle_ingestion_only.py
[2026-02-04T08:20:38.690+0530] {logging_mixin.py:188} INFO - [2026-02-04T08:20:38.690+0530] {dag.py:3036} INFO - Sync 1 DAGs
[2026-02-04T08:20:38.843+0530] {processor.py:183} INFO - Processing /opt/airflow/dags/dag_tle_ingestion_only.py took 0.260 seconds
[2026-02-04T08:21:09.022+0530] {processor.py:161} INFO - Started process (PID=6928) to work on /opt/airflow/dags/dag_tle_ingestion_only.py
[2026-02-04T08:21:09.024+0530] {processor.py:830} INFO - Processing file /opt/airflow/dags/dag_tle_ingestion_only.py for tasks to queue
[2026-02-04T08:21:09.025+0530] {logging_mixin.py:188} INFO - [2026-02-04T08:21:09.025+0530] {dagbag.py:538} INFO - Filling up the DagBag from /opt/airflow/dags/dag_tle_ingestion_only.py
[2026-02-04T08:21:09.066+0530] {processor.py:840} INFO - DAG(s) 'tle_data_ingestion' retrieved from /opt/airflow/dags/dag_tle_ingestion_only.py
[2026-02-04T08:21:09.115+0530] {logging_mixin.py:188} INFO - [2026-02-04T08:21:09.115+0530] {dag.py:3036} INFO - Sync 1 DAGs
[2026-02-04T08:21:09.184+0530] {processor.py:183} INFO - Processing /opt/airflow/dags/dag_tle_ingestion_only.py took 0.168 seconds
[2026-02-04T08:21:39.354+0530] {processor.py:161} INFO - Started process (PID=6933) to work on /opt/airflow/dags/dag_tle_ingestion_only.py
[2026-02-04T08:21:39.355+0530] {processor.py:830} INFO - Processing file /opt/airflow/dags/dag_tle_ingestion_only.py for tasks to queue
[2026-02-04T08:21:39.357+0530] {logging_mixin.py:188} INFO - [2026-02-04T08:21:39.356+0530] {dagbag.py:538} INFO - Filling up the DagBag from /opt/airflow/dags/dag_tle_ingestion_only.py
[2026-02-04T08:21:39.399+0530] {processor.py:840} INFO - DAG(s) 'tle_data_ingestion' retrieved from /opt/airflow/dags/dag_tle_ingestion_only.py
[2026-02-04T08:21:39.457+0530] {logging_mixin.py:188} INFO - [2026-02-04T08:21:39.456+0530] {dag.py:3036} INFO - Sync 1 DAGs
[2026-02-04T08:21:39.537+0530] {processor.py:183} INFO - Processing /opt/airflow/dags/dag_tle_ingestion_only.py took 0.189 seconds
[2026-02-04T08:22:09.715+0530] {processor.py:161} INFO - Started process (PID=6938) to work on /opt/airflow/dags/dag_tle_ingestion_only.py
[2026-02-04T08:22:09.718+0530] {processor.py:830} INFO - Processing file /opt/airflow/dags/dag_tle_ingestion_only.py for tasks to queue
[2026-02-04T08:22:09.720+0530] {logging_mixin.py:188} INFO - [2026-02-04T08:22:09.719+0530] {dagbag.py:538} INFO - Filling up the DagBag from /opt/airflow/dags/dag_tle_ingestion_only.py
[2026-02-04T08:22:09.760+0530] {processor.py:840} INFO - DAG(s) 'tle_data_ingestion' retrieved from /opt/airflow/dags/dag_tle_ingestion_only.py
[2026-02-04T08:22:09.817+0530] {logging_mixin.py:188} INFO - [2026-02-04T08:22:09.816+0530] {dag.py:3036} INFO - Sync 1 DAGs
[2026-02-04T08:22:09.897+0530] {processor.py:183} INFO - Processing /opt/airflow/dags/dag_tle_ingestion_only.py took 0.189 seconds
[2026-02-04T08:22:40.078+0530] {processor.py:161} INFO - Started process (PID=6943) to work on /opt/airflow/dags/dag_tle_ingestion_only.py
[2026-02-04T08:22:40.080+0530] {processor.py:830} INFO - Processing file /opt/airflow/dags/dag_tle_ingestion_only.py for tasks to queue
[2026-02-04T08:22:40.081+0530] {logging_mixin.py:188} INFO - [2026-02-04T08:22:40.081+0530] {dagbag.py:538} INFO - Filling up the DagBag from /opt/airflow/dags/dag_tle_ingestion_only.py
[2026-02-04T08:22:40.122+0530] {processor.py:840} INFO - DAG(s) 'tle_data_ingestion' retrieved from /opt/airflow/dags/dag_tle_ingestion_only.py
[2026-02-04T08:22:40.183+0530] {logging_mixin.py:188} INFO - [2026-02-04T08:22:40.183+0530] {dag.py:3036} INFO - Sync 1 DAGs
[2026-02-04T08:22:40.265+0530] {processor.py:183} INFO - Processing /opt/airflow/dags/dag_tle_ingestion_only.py took 0.193 seconds
[2026-02-04T08:23:10.473+0530] {processor.py:161} INFO - Started process (PID=6948) to work on /opt/airflow/dags/dag_tle_ingestion_only.py
[2026-02-04T08:23:10.475+0530] {processor.py:830} INFO - Processing file /opt/airflow/dags/dag_tle_ingestion_only.py for tasks to queue
[2026-02-04T08:23:10.477+0530] {logging_mixin.py:188} INFO - [2026-02-04T08:23:10.476+0530] {dagbag.py:538} INFO - Filling up the DagBag from /opt/airflow/dags/dag_tle_ingestion_only.py
[2026-02-04T08:23:10.519+0530] {processor.py:840} INFO - DAG(s) 'tle_data_ingestion' retrieved from /opt/airflow/dags/dag_tle_ingestion_only.py
[2026-02-04T08:23:10.576+0530] {logging_mixin.py:188} INFO - [2026-02-04T08:23:10.575+0530] {dag.py:3036} INFO - Sync 1 DAGs
[2026-02-04T08:23:10.651+0530] {processor.py:183} INFO - Processing /opt/airflow/dags/dag_tle_ingestion_only.py took 0.185 seconds
[2026-02-04T08:23:40.828+0530] {processor.py:161} INFO - Started process (PID=6953) to work on /opt/airflow/dags/dag_tle_ingestion_only.py
[2026-02-04T08:23:40.830+0530] {processor.py:830} INFO - Processing file /opt/airflow/dags/dag_tle_ingestion_only.py for tasks to queue
[2026-02-04T08:23:40.831+0530] {logging_mixin.py:188} INFO - [2026-02-04T08:23:40.831+0530] {dagbag.py:538} INFO - Filling up the DagBag from /opt/airflow/dags/dag_tle_ingestion_only.py
[2026-02-04T08:23:40.871+0530] {processor.py:840} INFO - DAG(s) 'tle_data_ingestion' retrieved from /opt/airflow/dags/dag_tle_ingestion_only.py
[2026-02-04T08:23:40.927+0530] {logging_mixin.py:188} INFO - [2026-02-04T08:23:40.926+0530] {dag.py:3036} INFO - Sync 1 DAGs
[2026-02-04T08:23:41.005+0530] {processor.py:183} INFO - Processing /opt/airflow/dags/dag_tle_ingestion_only.py took 0.183 seconds
[2026-02-04T08:24:11.183+0530] {processor.py:161} INFO - Started process (PID=6958) to work on /opt/airflow/dags/dag_tle_ingestion_only.py
[2026-02-04T08:24:11.185+0530] {processor.py:830} INFO - Processing file /opt/airflow/dags/dag_tle_ingestion_only.py for tasks to queue
[2026-02-04T08:24:11.186+0530] {logging_mixin.py:188} INFO - [2026-02-04T08:24:11.186+0530] {dagbag.py:538} INFO - Filling up the DagBag from /opt/airflow/dags/dag_tle_ingestion_only.py
[2026-02-04T08:24:11.227+0530] {processor.py:840} INFO - DAG(s) 'tle_data_ingestion' retrieved from /opt/airflow/dags/dag_tle_ingestion_only.py
[2026-02-04T08:24:11.283+0530] {logging_mixin.py:188} INFO - [2026-02-04T08:24:11.283+0530] {dag.py:3036} INFO - Sync 1 DAGs
[2026-02-04T08:24:11.359+0530] {processor.py:183} INFO - Processing /opt/airflow/dags/dag_tle_ingestion_only.py took 0.183 seconds
[2026-02-04T08:24:41.544+0530] {processor.py:161} INFO - Started process (PID=6963) to work on /opt/airflow/dags/dag_tle_ingestion_only.py
[2026-02-04T08:24:41.546+0530] {processor.py:830} INFO - Processing file /opt/airflow/dags/dag_tle_ingestion_only.py for tasks to queue
[2026-02-04T08:24:41.547+0530] {logging_mixin.py:188} INFO - [2026-02-04T08:24:41.547+0530] {dagbag.py:538} INFO - Filling up the DagBag from /opt/airflow/dags/dag_tle_ingestion_only.py
[2026-02-04T08:24:41.587+0530] {processor.py:840} INFO - DAG(s) 'tle_data_ingestion' retrieved from /opt/airflow/dags/dag_tle_ingestion_only.py
[2026-02-04T08:24:41.643+0530] {logging_mixin.py:188} INFO - [2026-02-04T08:24:41.643+0530] {dag.py:3036} INFO - Sync 1 DAGs
[2026-02-04T08:24:41.721+0530] {processor.py:183} INFO - Processing /opt/airflow/dags/dag_tle_ingestion_only.py took 0.184 seconds
[2026-02-04T08:25:11.906+0530] {processor.py:161} INFO - Started process (PID=6968) to work on /opt/airflow/dags/dag_tle_ingestion_only.py
[2026-02-04T08:25:11.909+0530] {processor.py:830} INFO - Processing file /opt/airflow/dags/dag_tle_ingestion_only.py for tasks to queue
[2026-02-04T08:25:11.910+0530] {logging_mixin.py:188} INFO - [2026-02-04T08:25:11.910+0530] {dagbag.py:538} INFO - Filling up the DagBag from /opt/airflow/dags/dag_tle_ingestion_only.py
[2026-02-04T08:25:11.951+0530] {processor.py:840} INFO - DAG(s) 'tle_data_ingestion' retrieved from /opt/airflow/dags/dag_tle_ingestion_only.py
[2026-02-04T08:25:12.006+0530] {logging_mixin.py:188} INFO - [2026-02-04T08:25:12.005+0530] {dag.py:3036} INFO - Sync 1 DAGs
[2026-02-04T08:25:12.094+0530] {processor.py:183} INFO - Processing /opt/airflow/dags/dag_tle_ingestion_only.py took 0.195 seconds
[2026-02-04T08:25:42.270+0530] {processor.py:161} INFO - Started process (PID=6973) to work on /opt/airflow/dags/dag_tle_ingestion_only.py
[2026-02-04T08:25:42.271+0530] {processor.py:830} INFO - Processing file /opt/airflow/dags/dag_tle_ingestion_only.py for tasks to queue
[2026-02-04T08:25:42.272+0530] {logging_mixin.py:188} INFO - [2026-02-04T08:25:42.271+0530] {dagbag.py:538} INFO - Filling up the DagBag from /opt/airflow/dags/dag_tle_ingestion_only.py
[2026-02-04T08:25:42.305+0530] {processor.py:840} INFO - DAG(s) 'tle_data_ingestion' retrieved from /opt/airflow/dags/dag_tle_ingestion_only.py
[2026-02-04T08:25:42.349+0530] {logging_mixin.py:188} INFO - [2026-02-04T08:25:42.349+0530] {dag.py:3036} INFO - Sync 1 DAGs
[2026-02-04T08:25:42.417+0530] {processor.py:183} INFO - Processing /opt/airflow/dags/dag_tle_ingestion_only.py took 0.153 seconds
[2026-02-04T08:26:12.584+0530] {processor.py:161} INFO - Started process (PID=6978) to work on /opt/airflow/dags/dag_tle_ingestion_only.py
[2026-02-04T08:26:12.587+0530] {processor.py:830} INFO - Processing file /opt/airflow/dags/dag_tle_ingestion_only.py for tasks to queue
[2026-02-04T08:26:12.589+0530] {logging_mixin.py:188} INFO - [2026-02-04T08:26:12.588+0530] {dagbag.py:538} INFO - Filling up the DagBag from /opt/airflow/dags/dag_tle_ingestion_only.py
[2026-02-04T08:26:12.630+0530] {processor.py:840} INFO - DAG(s) 'tle_data_ingestion' retrieved from /opt/airflow/dags/dag_tle_ingestion_only.py
[2026-02-04T08:26:12.693+0530] {logging_mixin.py:188} INFO - [2026-02-04T08:26:12.692+0530] {dag.py:3036} INFO - Sync 1 DAGs
[2026-02-04T08:26:12.774+0530] {processor.py:183} INFO - Processing /opt/airflow/dags/dag_tle_ingestion_only.py took 0.197 seconds
[2026-02-04T08:26:42.949+0530] {processor.py:161} INFO - Started process (PID=6983) to work on /opt/airflow/dags/dag_tle_ingestion_only.py
[2026-02-04T08:26:42.950+0530] {processor.py:830} INFO - Processing file /opt/airflow/dags/dag_tle_ingestion_only.py for tasks to queue
[2026-02-04T08:26:42.952+0530] {logging_mixin.py:188} INFO - [2026-02-04T08:26:42.951+0530] {dagbag.py:538} INFO - Filling up the DagBag from /opt/airflow/dags/dag_tle_ingestion_only.py
[2026-02-04T08:26:42.993+0530] {processor.py:840} INFO - DAG(s) 'tle_data_ingestion' retrieved from /opt/airflow/dags/dag_tle_ingestion_only.py
[2026-02-04T08:26:43.053+0530] {logging_mixin.py:188} INFO - [2026-02-04T08:26:43.052+0530] {dag.py:3036} INFO - Sync 1 DAGs
[2026-02-04T08:26:43.186+0530] {processor.py:183} INFO - Processing /opt/airflow/dags/dag_tle_ingestion_only.py took 0.243 seconds
[2026-02-04T08:27:13.363+0530] {processor.py:161} INFO - Started process (PID=6988) to work on /opt/airflow/dags/dag_tle_ingestion_only.py
[2026-02-04T08:27:13.366+0530] {processor.py:830} INFO - Processing file /opt/airflow/dags/dag_tle_ingestion_only.py for tasks to queue
[2026-02-04T08:27:13.367+0530] {logging_mixin.py:188} INFO - [2026-02-04T08:27:13.367+0530] {dagbag.py:538} INFO - Filling up the DagBag from /opt/airflow/dags/dag_tle_ingestion_only.py
[2026-02-04T08:27:13.406+0530] {processor.py:840} INFO - DAG(s) 'tle_data_ingestion' retrieved from /opt/airflow/dags/dag_tle_ingestion_only.py
[2026-02-04T08:27:13.463+0530] {logging_mixin.py:188} INFO - [2026-02-04T08:27:13.462+0530] {dag.py:3036} INFO - Sync 1 DAGs
[2026-02-04T08:27:13.536+0530] {processor.py:183} INFO - Processing /opt/airflow/dags/dag_tle_ingestion_only.py took 0.179 seconds
[2026-02-04T08:27:43.720+0530] {processor.py:161} INFO - Started process (PID=6993) to work on /opt/airflow/dags/dag_tle_ingestion_only.py
[2026-02-04T08:27:43.721+0530] {processor.py:830} INFO - Processing file /opt/airflow/dags/dag_tle_ingestion_only.py for tasks to queue
[2026-02-04T08:27:43.723+0530] {logging_mixin.py:188} INFO - [2026-02-04T08:27:43.722+0530] {dagbag.py:538} INFO - Filling up the DagBag from /opt/airflow/dags/dag_tle_ingestion_only.py
[2026-02-04T08:27:43.762+0530] {processor.py:840} INFO - DAG(s) 'tle_data_ingestion' retrieved from /opt/airflow/dags/dag_tle_ingestion_only.py
[2026-02-04T08:27:43.820+0530] {logging_mixin.py:188} INFO - [2026-02-04T08:27:43.820+0530] {dag.py:3036} INFO - Sync 1 DAGs
[2026-02-04T08:27:43.896+0530] {processor.py:183} INFO - Processing /opt/airflow/dags/dag_tle_ingestion_only.py took 0.183 seconds
[2026-02-04T08:28:14.068+0530] {processor.py:161} INFO - Started process (PID=6998) to work on /opt/airflow/dags/dag_tle_ingestion_only.py
[2026-02-04T08:28:14.071+0530] {processor.py:830} INFO - Processing file /opt/airflow/dags/dag_tle_ingestion_only.py for tasks to queue
[2026-02-04T08:28:14.073+0530] {logging_mixin.py:188} INFO - [2026-02-04T08:28:14.072+0530] {dagbag.py:538} INFO - Filling up the DagBag from /opt/airflow/dags/dag_tle_ingestion_only.py
[2026-02-04T08:28:14.111+0530] {processor.py:840} INFO - DAG(s) 'tle_data_ingestion' retrieved from /opt/airflow/dags/dag_tle_ingestion_only.py
[2026-02-04T08:28:14.166+0530] {logging_mixin.py:188} INFO - [2026-02-04T08:28:14.165+0530] {dag.py:3036} INFO - Sync 1 DAGs
[2026-02-04T08:28:14.243+0530] {processor.py:183} INFO - Processing /opt/airflow/dags/dag_tle_ingestion_only.py took 0.182 seconds
[2026-02-04T08:28:44.413+0530] {processor.py:161} INFO - Started process (PID=7003) to work on /opt/airflow/dags/dag_tle_ingestion_only.py
[2026-02-04T08:28:44.414+0530] {processor.py:830} INFO - Processing file /opt/airflow/dags/dag_tle_ingestion_only.py for tasks to queue
[2026-02-04T08:28:44.415+0530] {logging_mixin.py:188} INFO - [2026-02-04T08:28:44.414+0530] {dagbag.py:538} INFO - Filling up the DagBag from /opt/airflow/dags/dag_tle_ingestion_only.py
[2026-02-04T08:28:44.450+0530] {processor.py:840} INFO - DAG(s) 'tle_data_ingestion' retrieved from /opt/airflow/dags/dag_tle_ingestion_only.py
[2026-02-04T08:28:44.511+0530] {logging_mixin.py:188} INFO - [2026-02-04T08:28:44.511+0530] {dag.py:3036} INFO - Sync 1 DAGs
[2026-02-04T08:28:44.589+0530] {processor.py:183} INFO - Processing /opt/airflow/dags/dag_tle_ingestion_only.py took 0.182 seconds
[2026-02-04T08:29:14.747+0530] {processor.py:161} INFO - Started process (PID=7008) to work on /opt/airflow/dags/dag_tle_ingestion_only.py
[2026-02-04T08:29:14.748+0530] {processor.py:830} INFO - Processing file /opt/airflow/dags/dag_tle_ingestion_only.py for tasks to queue
[2026-02-04T08:29:14.750+0530] {logging_mixin.py:188} INFO - [2026-02-04T08:29:14.749+0530] {dagbag.py:538} INFO - Filling up the DagBag from /opt/airflow/dags/dag_tle_ingestion_only.py
[2026-02-04T08:29:14.782+0530] {processor.py:840} INFO - DAG(s) 'tle_data_ingestion' retrieved from /opt/airflow/dags/dag_tle_ingestion_only.py
[2026-02-04T08:29:14.829+0530] {logging_mixin.py:188} INFO - [2026-02-04T08:29:14.828+0530] {dag.py:3036} INFO - Sync 1 DAGs
[2026-02-04T08:29:14.921+0530] {processor.py:183} INFO - Processing /opt/airflow/dags/dag_tle_ingestion_only.py took 0.178 seconds
[2026-02-04T08:29:45.096+0530] {processor.py:161} INFO - Started process (PID=7013) to work on /opt/airflow/dags/dag_tle_ingestion_only.py
[2026-02-04T08:29:45.097+0530] {processor.py:830} INFO - Processing file /opt/airflow/dags/dag_tle_ingestion_only.py for tasks to queue
[2026-02-04T08:29:45.099+0530] {logging_mixin.py:188} INFO - [2026-02-04T08:29:45.098+0530] {dagbag.py:538} INFO - Filling up the DagBag from /opt/airflow/dags/dag_tle_ingestion_only.py
[2026-02-04T08:29:45.141+0530] {processor.py:840} INFO - DAG(s) 'tle_data_ingestion' retrieved from /opt/airflow/dags/dag_tle_ingestion_only.py
[2026-02-04T08:29:45.204+0530] {logging_mixin.py:188} INFO - [2026-02-04T08:29:45.204+0530] {dag.py:3036} INFO - Sync 1 DAGs
[2026-02-04T08:29:45.306+0530] {processor.py:183} INFO - Processing /opt/airflow/dags/dag_tle_ingestion_only.py took 0.216 seconds
[2026-02-04T08:30:15.481+0530] {processor.py:161} INFO - Started process (PID=7018) to work on /opt/airflow/dags/dag_tle_ingestion_only.py
[2026-02-04T08:30:15.483+0530] {processor.py:830} INFO - Processing file /opt/airflow/dags/dag_tle_ingestion_only.py for tasks to queue
[2026-02-04T08:30:15.484+0530] {logging_mixin.py:188} INFO - [2026-02-04T08:30:15.484+0530] {dagbag.py:538} INFO - Filling up the DagBag from /opt/airflow/dags/dag_tle_ingestion_only.py
[2026-02-04T08:30:15.524+0530] {processor.py:840} INFO - DAG(s) 'tle_data_ingestion' retrieved from /opt/airflow/dags/dag_tle_ingestion_only.py
[2026-02-04T08:30:15.582+0530] {logging_mixin.py:188} INFO - [2026-02-04T08:30:15.581+0530] {dag.py:3036} INFO - Sync 1 DAGs
[2026-02-04T08:30:15.661+0530] {processor.py:183} INFO - Processing /opt/airflow/dags/dag_tle_ingestion_only.py took 0.186 seconds
[2026-02-04T08:30:45.838+0530] {processor.py:161} INFO - Started process (PID=7023) to work on /opt/airflow/dags/dag_tle_ingestion_only.py
[2026-02-04T08:30:45.839+0530] {processor.py:830} INFO - Processing file /opt/airflow/dags/dag_tle_ingestion_only.py for tasks to queue
[2026-02-04T08:30:45.841+0530] {logging_mixin.py:188} INFO - [2026-02-04T08:30:45.840+0530] {dagbag.py:538} INFO - Filling up the DagBag from /opt/airflow/dags/dag_tle_ingestion_only.py
[2026-02-04T08:30:45.881+0530] {processor.py:840} INFO - DAG(s) 'tle_data_ingestion' retrieved from /opt/airflow/dags/dag_tle_ingestion_only.py
[2026-02-04T08:30:45.940+0530] {logging_mixin.py:188} INFO - [2026-02-04T08:30:45.939+0530] {dag.py:3036} INFO - Sync 1 DAGs
[2026-02-04T08:30:46.018+0530] {processor.py:183} INFO - Processing /opt/airflow/dags/dag_tle_ingestion_only.py took 0.187 seconds
[2026-02-04T08:31:16.201+0530] {processor.py:161} INFO - Started process (PID=7028) to work on /opt/airflow/dags/dag_tle_ingestion_only.py
[2026-02-04T08:31:16.203+0530] {processor.py:830} INFO - Processing file /opt/airflow/dags/dag_tle_ingestion_only.py for tasks to queue
[2026-02-04T08:31:16.204+0530] {logging_mixin.py:188} INFO - [2026-02-04T08:31:16.204+0530] {dagbag.py:538} INFO - Filling up the DagBag from /opt/airflow/dags/dag_tle_ingestion_only.py
[2026-02-04T08:31:16.244+0530] {processor.py:840} INFO - DAG(s) 'tle_data_ingestion' retrieved from /opt/airflow/dags/dag_tle_ingestion_only.py
[2026-02-04T08:31:16.300+0530] {logging_mixin.py:188} INFO - [2026-02-04T08:31:16.299+0530] {dag.py:3036} INFO - Sync 1 DAGs
[2026-02-04T08:31:16.379+0530] {processor.py:183} INFO - Processing /opt/airflow/dags/dag_tle_ingestion_only.py took 0.185 seconds
[2026-02-04T08:31:46.564+0530] {processor.py:161} INFO - Started process (PID=7033) to work on /opt/airflow/dags/dag_tle_ingestion_only.py
[2026-02-04T08:31:46.567+0530] {processor.py:830} INFO - Processing file /opt/airflow/dags/dag_tle_ingestion_only.py for tasks to queue
[2026-02-04T08:31:46.569+0530] {logging_mixin.py:188} INFO - [2026-02-04T08:31:46.568+0530] {dagbag.py:538} INFO - Filling up the DagBag from /opt/airflow/dags/dag_tle_ingestion_only.py
[2026-02-04T08:31:46.612+0530] {processor.py:840} INFO - DAG(s) 'tle_data_ingestion' retrieved from /opt/airflow/dags/dag_tle_ingestion_only.py
[2026-02-04T08:31:46.679+0530] {logging_mixin.py:188} INFO - [2026-02-04T08:31:46.678+0530] {dag.py:3036} INFO - Sync 1 DAGs
[2026-02-04T08:31:46.774+0530] {processor.py:183} INFO - Processing /opt/airflow/dags/dag_tle_ingestion_only.py took 0.217 seconds
[2026-02-04T08:32:16.957+0530] {processor.py:161} INFO - Started process (PID=7038) to work on /opt/airflow/dags/dag_tle_ingestion_only.py
[2026-02-04T08:32:16.959+0530] {processor.py:830} INFO - Processing file /opt/airflow/dags/dag_tle_ingestion_only.py for tasks to queue
[2026-02-04T08:32:16.960+0530] {logging_mixin.py:188} INFO - [2026-02-04T08:32:16.960+0530] {dagbag.py:538} INFO - Filling up the DagBag from /opt/airflow/dags/dag_tle_ingestion_only.py
[2026-02-04T08:32:17.000+0530] {processor.py:840} INFO - DAG(s) 'tle_data_ingestion' retrieved from /opt/airflow/dags/dag_tle_ingestion_only.py
[2026-02-04T08:32:17.056+0530] {logging_mixin.py:188} INFO - [2026-02-04T08:32:17.056+0530] {dag.py:3036} INFO - Sync 1 DAGs
[2026-02-04T08:32:17.135+0530] {processor.py:183} INFO - Processing /opt/airflow/dags/dag_tle_ingestion_only.py took 0.184 seconds
[2026-02-04T08:32:47.320+0530] {processor.py:161} INFO - Started process (PID=7043) to work on /opt/airflow/dags/dag_tle_ingestion_only.py
[2026-02-04T08:32:47.323+0530] {processor.py:830} INFO - Processing file /opt/airflow/dags/dag_tle_ingestion_only.py for tasks to queue
[2026-02-04T08:32:47.325+0530] {logging_mixin.py:188} INFO - [2026-02-04T08:32:47.324+0530] {dagbag.py:538} INFO - Filling up the DagBag from /opt/airflow/dags/dag_tle_ingestion_only.py
[2026-02-04T08:32:47.368+0530] {processor.py:840} INFO - DAG(s) 'tle_data_ingestion' retrieved from /opt/airflow/dags/dag_tle_ingestion_only.py
[2026-02-04T08:32:47.429+0530] {logging_mixin.py:188} INFO - [2026-02-04T08:32:47.428+0530] {dag.py:3036} INFO - Sync 1 DAGs
[2026-02-04T08:32:47.514+0530] {processor.py:183} INFO - Processing /opt/airflow/dags/dag_tle_ingestion_only.py took 0.202 seconds
[2026-02-04T08:33:17.694+0530] {processor.py:161} INFO - Started process (PID=7048) to work on /opt/airflow/dags/dag_tle_ingestion_only.py
[2026-02-04T08:33:17.695+0530] {processor.py:830} INFO - Processing file /opt/airflow/dags/dag_tle_ingestion_only.py for tasks to queue
[2026-02-04T08:33:17.697+0530] {logging_mixin.py:188} INFO - [2026-02-04T08:33:17.696+0530] {dagbag.py:538} INFO - Filling up the DagBag from /opt/airflow/dags/dag_tle_ingestion_only.py
[2026-02-04T08:33:17.738+0530] {processor.py:840} INFO - DAG(s) 'tle_data_ingestion' retrieved from /opt/airflow/dags/dag_tle_ingestion_only.py
[2026-02-04T08:33:17.801+0530] {logging_mixin.py:188} INFO - [2026-02-04T08:33:17.801+0530] {dag.py:3036} INFO - Sync 1 DAGs
[2026-02-04T08:33:17.959+0530] {processor.py:183} INFO - Processing /opt/airflow/dags/dag_tle_ingestion_only.py took 0.272 seconds
[2026-02-04T08:33:48.144+0530] {processor.py:161} INFO - Started process (PID=7053) to work on /opt/airflow/dags/dag_tle_ingestion_only.py
[2026-02-04T08:33:48.148+0530] {processor.py:830} INFO - Processing file /opt/airflow/dags/dag_tle_ingestion_only.py for tasks to queue
[2026-02-04T08:33:48.150+0530] {logging_mixin.py:188} INFO - [2026-02-04T08:33:48.149+0530] {dagbag.py:538} INFO - Filling up the DagBag from /opt/airflow/dags/dag_tle_ingestion_only.py
[2026-02-04T08:33:48.189+0530] {processor.py:840} INFO - DAG(s) 'tle_data_ingestion' retrieved from /opt/airflow/dags/dag_tle_ingestion_only.py
[2026-02-04T08:33:48.245+0530] {logging_mixin.py:188} INFO - [2026-02-04T08:33:48.245+0530] {dag.py:3036} INFO - Sync 1 DAGs
[2026-02-04T08:33:48.325+0530] {processor.py:183} INFO - Processing /opt/airflow/dags/dag_tle_ingestion_only.py took 0.188 seconds
[2026-02-04T08:34:18.511+0530] {processor.py:161} INFO - Started process (PID=7058) to work on /opt/airflow/dags/dag_tle_ingestion_only.py
[2026-02-04T08:34:18.512+0530] {processor.py:830} INFO - Processing file /opt/airflow/dags/dag_tle_ingestion_only.py for tasks to queue
[2026-02-04T08:34:18.514+0530] {logging_mixin.py:188} INFO - [2026-02-04T08:34:18.513+0530] {dagbag.py:538} INFO - Filling up the DagBag from /opt/airflow/dags/dag_tle_ingestion_only.py
[2026-02-04T08:34:18.553+0530] {processor.py:840} INFO - DAG(s) 'tle_data_ingestion' retrieved from /opt/airflow/dags/dag_tle_ingestion_only.py
[2026-02-04T08:34:18.609+0530] {logging_mixin.py:188} INFO - [2026-02-04T08:34:18.608+0530] {dag.py:3036} INFO - Sync 1 DAGs
[2026-02-04T08:34:18.686+0530] {processor.py:183} INFO - Processing /opt/airflow/dags/dag_tle_ingestion_only.py took 0.182 seconds
[2026-02-04T08:34:48.866+0530] {processor.py:161} INFO - Started process (PID=7063) to work on /opt/airflow/dags/dag_tle_ingestion_only.py
[2026-02-04T08:34:48.868+0530] {processor.py:830} INFO - Processing file /opt/airflow/dags/dag_tle_ingestion_only.py for tasks to queue
[2026-02-04T08:34:48.869+0530] {logging_mixin.py:188} INFO - [2026-02-04T08:34:48.869+0530] {dagbag.py:538} INFO - Filling up the DagBag from /opt/airflow/dags/dag_tle_ingestion_only.py
[2026-02-04T08:34:48.910+0530] {processor.py:840} INFO - DAG(s) 'tle_data_ingestion' retrieved from /opt/airflow/dags/dag_tle_ingestion_only.py
[2026-02-04T08:34:48.968+0530] {logging_mixin.py:188} INFO - [2026-02-04T08:34:48.967+0530] {dag.py:3036} INFO - Sync 1 DAGs
[2026-02-04T08:34:49.045+0530] {processor.py:183} INFO - Processing /opt/airflow/dags/dag_tle_ingestion_only.py took 0.186 seconds
[2026-02-04T08:35:19.231+0530] {processor.py:161} INFO - Started process (PID=7068) to work on /opt/airflow/dags/dag_tle_ingestion_only.py
[2026-02-04T08:35:19.233+0530] {processor.py:830} INFO - Processing file /opt/airflow/dags/dag_tle_ingestion_only.py for tasks to queue
[2026-02-04T08:35:19.235+0530] {logging_mixin.py:188} INFO - [2026-02-04T08:35:19.234+0530] {dagbag.py:538} INFO - Filling up the DagBag from /opt/airflow/dags/dag_tle_ingestion_only.py
[2026-02-04T08:35:19.279+0530] {processor.py:840} INFO - DAG(s) 'tle_data_ingestion' retrieved from /opt/airflow/dags/dag_tle_ingestion_only.py
[2026-02-04T08:35:19.342+0530] {logging_mixin.py:188} INFO - [2026-02-04T08:35:19.342+0530] {dag.py:3036} INFO - Sync 1 DAGs
[2026-02-04T08:35:19.423+0530] {processor.py:183} INFO - Processing /opt/airflow/dags/dag_tle_ingestion_only.py took 0.199 seconds
[2026-02-04T08:35:49.606+0530] {processor.py:161} INFO - Started process (PID=7073) to work on /opt/airflow/dags/dag_tle_ingestion_only.py
[2026-02-04T08:35:49.608+0530] {processor.py:830} INFO - Processing file /opt/airflow/dags/dag_tle_ingestion_only.py for tasks to queue
[2026-02-04T08:35:49.610+0530] {logging_mixin.py:188} INFO - [2026-02-04T08:35:49.609+0530] {dagbag.py:538} INFO - Filling up the DagBag from /opt/airflow/dags/dag_tle_ingestion_only.py
[2026-02-04T08:35:49.652+0530] {processor.py:840} INFO - DAG(s) 'tle_data_ingestion' retrieved from /opt/airflow/dags/dag_tle_ingestion_only.py
[2026-02-04T08:35:49.701+0530] {logging_mixin.py:188} INFO - [2026-02-04T08:35:49.701+0530] {dag.py:3036} INFO - Sync 1 DAGs
[2026-02-04T08:35:49.781+0530] {processor.py:183} INFO - Processing /opt/airflow/dags/dag_tle_ingestion_only.py took 0.182 seconds
[2026-02-04T08:36:19.961+0530] {processor.py:161} INFO - Started process (PID=7078) to work on /opt/airflow/dags/dag_tle_ingestion_only.py
[2026-02-04T08:36:19.962+0530] {processor.py:830} INFO - Processing file /opt/airflow/dags/dag_tle_ingestion_only.py for tasks to queue
[2026-02-04T08:36:19.964+0530] {logging_mixin.py:188} INFO - [2026-02-04T08:36:19.963+0530] {dagbag.py:538} INFO - Filling up the DagBag from /opt/airflow/dags/dag_tle_ingestion_only.py
[2026-02-04T08:36:20.005+0530] {processor.py:840} INFO - DAG(s) 'tle_data_ingestion' retrieved from /opt/airflow/dags/dag_tle_ingestion_only.py
[2026-02-04T08:36:20.062+0530] {logging_mixin.py:188} INFO - [2026-02-04T08:36:20.062+0530] {dag.py:3036} INFO - Sync 1 DAGs
[2026-02-04T08:36:20.239+0530] {processor.py:183} INFO - Processing /opt/airflow/dags/dag_tle_ingestion_only.py took 0.285 seconds
[2026-02-04T08:36:50.422+0530] {processor.py:161} INFO - Started process (PID=7083) to work on /opt/airflow/dags/dag_tle_ingestion_only.py
[2026-02-04T08:36:50.424+0530] {processor.py:830} INFO - Processing file /opt/airflow/dags/dag_tle_ingestion_only.py for tasks to queue
[2026-02-04T08:36:50.426+0530] {logging_mixin.py:188} INFO - [2026-02-04T08:36:50.425+0530] {dagbag.py:538} INFO - Filling up the DagBag from /opt/airflow/dags/dag_tle_ingestion_only.py
[2026-02-04T08:36:50.469+0530] {processor.py:840} INFO - DAG(s) 'tle_data_ingestion' retrieved from /opt/airflow/dags/dag_tle_ingestion_only.py
[2026-02-04T08:36:50.526+0530] {logging_mixin.py:188} INFO - [2026-02-04T08:36:50.526+0530] {dag.py:3036} INFO - Sync 1 DAGs
[2026-02-04T08:36:50.606+0530] {processor.py:183} INFO - Processing /opt/airflow/dags/dag_tle_ingestion_only.py took 0.191 seconds
[2026-02-04T08:37:20.781+0530] {processor.py:161} INFO - Started process (PID=7088) to work on /opt/airflow/dags/dag_tle_ingestion_only.py
[2026-02-04T08:37:20.783+0530] {processor.py:830} INFO - Processing file /opt/airflow/dags/dag_tle_ingestion_only.py for tasks to queue
[2026-02-04T08:37:20.785+0530] {logging_mixin.py:188} INFO - [2026-02-04T08:37:20.784+0530] {dagbag.py:538} INFO - Filling up the DagBag from /opt/airflow/dags/dag_tle_ingestion_only.py
[2026-02-04T08:37:20.827+0530] {processor.py:840} INFO - DAG(s) 'tle_data_ingestion' retrieved from /opt/airflow/dags/dag_tle_ingestion_only.py
[2026-02-04T08:37:20.888+0530] {logging_mixin.py:188} INFO - [2026-02-04T08:37:20.888+0530] {dag.py:3036} INFO - Sync 1 DAGs
[2026-02-04T08:37:21.015+0530] {processor.py:183} INFO - Processing /opt/airflow/dags/dag_tle_ingestion_only.py took 0.241 seconds
[2026-02-04T08:37:51.186+0530] {processor.py:161} INFO - Started process (PID=7093) to work on /opt/airflow/dags/dag_tle_ingestion_only.py
[2026-02-04T08:37:51.189+0530] {processor.py:830} INFO - Processing file /opt/airflow/dags/dag_tle_ingestion_only.py for tasks to queue
[2026-02-04T08:37:51.190+0530] {logging_mixin.py:188} INFO - [2026-02-04T08:37:51.190+0530] {dagbag.py:538} INFO - Filling up the DagBag from /opt/airflow/dags/dag_tle_ingestion_only.py
[2026-02-04T08:37:51.230+0530] {processor.py:840} INFO - DAG(s) 'tle_data_ingestion' retrieved from /opt/airflow/dags/dag_tle_ingestion_only.py
[2026-02-04T08:37:51.294+0530] {logging_mixin.py:188} INFO - [2026-02-04T08:37:51.293+0530] {dag.py:3036} INFO - Sync 1 DAGs
[2026-02-04T08:37:51.375+0530] {processor.py:183} INFO - Processing /opt/airflow/dags/dag_tle_ingestion_only.py took 0.196 seconds
[2026-02-04T08:38:21.564+0530] {processor.py:161} INFO - Started process (PID=7098) to work on /opt/airflow/dags/dag_tle_ingestion_only.py
[2026-02-04T08:38:21.566+0530] {processor.py:830} INFO - Processing file /opt/airflow/dags/dag_tle_ingestion_only.py for tasks to queue
[2026-02-04T08:38:21.567+0530] {logging_mixin.py:188} INFO - [2026-02-04T08:38:21.566+0530] {dagbag.py:538} INFO - Filling up the DagBag from /opt/airflow/dags/dag_tle_ingestion_only.py
[2026-02-04T08:38:21.608+0530] {processor.py:840} INFO - DAG(s) 'tle_data_ingestion' retrieved from /opt/airflow/dags/dag_tle_ingestion_only.py
[2026-02-04T08:38:21.657+0530] {logging_mixin.py:188} INFO - [2026-02-04T08:38:21.657+0530] {dag.py:3036} INFO - Sync 1 DAGs
[2026-02-04T08:38:21.725+0530] {processor.py:183} INFO - Processing /opt/airflow/dags/dag_tle_ingestion_only.py took 0.167 seconds
[2026-02-04T08:38:51.893+0530] {processor.py:161} INFO - Started process (PID=7103) to work on /opt/airflow/dags/dag_tle_ingestion_only.py
[2026-02-04T08:38:51.895+0530] {processor.py:830} INFO - Processing file /opt/airflow/dags/dag_tle_ingestion_only.py for tasks to queue
[2026-02-04T08:38:51.897+0530] {logging_mixin.py:188} INFO - [2026-02-04T08:38:51.896+0530] {dagbag.py:538} INFO - Filling up the DagBag from /opt/airflow/dags/dag_tle_ingestion_only.py
[2026-02-04T08:38:51.939+0530] {processor.py:840} INFO - DAG(s) 'tle_data_ingestion' retrieved from /opt/airflow/dags/dag_tle_ingestion_only.py
[2026-02-04T08:38:51.998+0530] {logging_mixin.py:188} INFO - [2026-02-04T08:38:51.997+0530] {dag.py:3036} INFO - Sync 1 DAGs
[2026-02-04T08:38:52.085+0530] {processor.py:183} INFO - Processing /opt/airflow/dags/dag_tle_ingestion_only.py took 0.199 seconds
[2026-02-04T08:39:22.268+0530] {processor.py:161} INFO - Started process (PID=7108) to work on /opt/airflow/dags/dag_tle_ingestion_only.py
[2026-02-04T08:39:22.269+0530] {processor.py:830} INFO - Processing file /opt/airflow/dags/dag_tle_ingestion_only.py for tasks to queue
[2026-02-04T08:39:22.271+0530] {logging_mixin.py:188} INFO - [2026-02-04T08:39:22.270+0530] {dagbag.py:538} INFO - Filling up the DagBag from /opt/airflow/dags/dag_tle_ingestion_only.py
[2026-02-04T08:39:22.313+0530] {processor.py:840} INFO - DAG(s) 'tle_data_ingestion' retrieved from /opt/airflow/dags/dag_tle_ingestion_only.py
[2026-02-04T08:39:22.370+0530] {logging_mixin.py:188} INFO - [2026-02-04T08:39:22.370+0530] {dag.py:3036} INFO - Sync 1 DAGs
[2026-02-04T08:39:22.445+0530] {processor.py:183} INFO - Processing /opt/airflow/dags/dag_tle_ingestion_only.py took 0.185 seconds
[2026-02-04T08:39:52.614+0530] {processor.py:161} INFO - Started process (PID=7113) to work on /opt/airflow/dags/dag_tle_ingestion_only.py
[2026-02-04T08:39:52.616+0530] {processor.py:830} INFO - Processing file /opt/airflow/dags/dag_tle_ingestion_only.py for tasks to queue
[2026-02-04T08:39:52.617+0530] {logging_mixin.py:188} INFO - [2026-02-04T08:39:52.617+0530] {dagbag.py:538} INFO - Filling up the DagBag from /opt/airflow/dags/dag_tle_ingestion_only.py
[2026-02-04T08:39:52.652+0530] {processor.py:840} INFO - DAG(s) 'tle_data_ingestion' retrieved from /opt/airflow/dags/dag_tle_ingestion_only.py
[2026-02-04T08:39:52.708+0530] {logging_mixin.py:188} INFO - [2026-02-04T08:39:52.707+0530] {dag.py:3036} INFO - Sync 1 DAGs
[2026-02-04T08:39:52.785+0530] {processor.py:183} INFO - Processing /opt/airflow/dags/dag_tle_ingestion_only.py took 0.177 seconds
[2026-02-04T08:40:22.963+0530] {processor.py:161} INFO - Started process (PID=7118) to work on /opt/airflow/dags/dag_tle_ingestion_only.py
[2026-02-04T08:40:22.964+0530] {processor.py:830} INFO - Processing file /opt/airflow/dags/dag_tle_ingestion_only.py for tasks to queue
[2026-02-04T08:40:22.966+0530] {logging_mixin.py:188} INFO - [2026-02-04T08:40:22.965+0530] {dagbag.py:538} INFO - Filling up the DagBag from /opt/airflow/dags/dag_tle_ingestion_only.py
[2026-02-04T08:40:23.009+0530] {processor.py:840} INFO - DAG(s) 'tle_data_ingestion' retrieved from /opt/airflow/dags/dag_tle_ingestion_only.py
[2026-02-04T08:40:23.071+0530] {logging_mixin.py:188} INFO - [2026-02-04T08:40:23.070+0530] {dag.py:3036} INFO - Sync 1 DAGs
[2026-02-04T08:40:23.159+0530] {processor.py:183} INFO - Processing /opt/airflow/dags/dag_tle_ingestion_only.py took 0.204 seconds
[2026-02-04T08:40:53.333+0530] {processor.py:161} INFO - Started process (PID=7123) to work on /opt/airflow/dags/dag_tle_ingestion_only.py
[2026-02-04T08:40:53.336+0530] {processor.py:830} INFO - Processing file /opt/airflow/dags/dag_tle_ingestion_only.py for tasks to queue
[2026-02-04T08:40:53.338+0530] {logging_mixin.py:188} INFO - [2026-02-04T08:40:53.337+0530] {dagbag.py:538} INFO - Filling up the DagBag from /opt/airflow/dags/dag_tle_ingestion_only.py
[2026-02-04T08:40:53.380+0530] {processor.py:840} INFO - DAG(s) 'tle_data_ingestion' retrieved from /opt/airflow/dags/dag_tle_ingestion_only.py
[2026-02-04T08:40:53.439+0530] {logging_mixin.py:188} INFO - [2026-02-04T08:40:53.439+0530] {dag.py:3036} INFO - Sync 1 DAGs
[2026-02-04T08:40:53.527+0530] {processor.py:183} INFO - Processing /opt/airflow/dags/dag_tle_ingestion_only.py took 0.201 seconds
[2026-02-04T08:41:23.706+0530] {processor.py:161} INFO - Started process (PID=7128) to work on /opt/airflow/dags/dag_tle_ingestion_only.py
[2026-02-04T08:41:23.708+0530] {processor.py:830} INFO - Processing file /opt/airflow/dags/dag_tle_ingestion_only.py for tasks to queue
[2026-02-04T08:41:23.709+0530] {logging_mixin.py:188} INFO - [2026-02-04T08:41:23.708+0530] {dagbag.py:538} INFO - Filling up the DagBag from /opt/airflow/dags/dag_tle_ingestion_only.py
[2026-02-04T08:41:23.751+0530] {processor.py:840} INFO - DAG(s) 'tle_data_ingestion' retrieved from /opt/airflow/dags/dag_tle_ingestion_only.py
[2026-02-04T08:41:23.809+0530] {logging_mixin.py:188} INFO - [2026-02-04T08:41:23.808+0530] {dag.py:3036} INFO - Sync 1 DAGs
[2026-02-04T08:41:23.888+0530] {processor.py:183} INFO - Processing /opt/airflow/dags/dag_tle_ingestion_only.py took 0.190 seconds
[2026-02-04T08:41:54.057+0530] {processor.py:161} INFO - Started process (PID=7133) to work on /opt/airflow/dags/dag_tle_ingestion_only.py
[2026-02-04T08:41:54.058+0530] {processor.py:830} INFO - Processing file /opt/airflow/dags/dag_tle_ingestion_only.py for tasks to queue
[2026-02-04T08:41:54.060+0530] {logging_mixin.py:188} INFO - [2026-02-04T08:41:54.059+0530] {dagbag.py:538} INFO - Filling up the DagBag from /opt/airflow/dags/dag_tle_ingestion_only.py
[2026-02-04T08:41:54.091+0530] {processor.py:840} INFO - DAG(s) 'tle_data_ingestion' retrieved from /opt/airflow/dags/dag_tle_ingestion_only.py
[2026-02-04T08:41:54.139+0530] {logging_mixin.py:188} INFO - [2026-02-04T08:41:54.139+0530] {dag.py:3036} INFO - Sync 1 DAGs
[2026-02-04T08:41:54.217+0530] {processor.py:183} INFO - Processing /opt/airflow/dags/dag_tle_ingestion_only.py took 0.165 seconds
[2026-02-04T08:42:24.383+0530] {processor.py:161} INFO - Started process (PID=7138) to work on /opt/airflow/dags/dag_tle_ingestion_only.py
[2026-02-04T08:42:24.384+0530] {processor.py:830} INFO - Processing file /opt/airflow/dags/dag_tle_ingestion_only.py for tasks to queue
[2026-02-04T08:42:24.386+0530] {logging_mixin.py:188} INFO - [2026-02-04T08:42:24.385+0530] {dagbag.py:538} INFO - Filling up the DagBag from /opt/airflow/dags/dag_tle_ingestion_only.py
[2026-02-04T08:42:24.425+0530] {processor.py:840} INFO - DAG(s) 'tle_data_ingestion' retrieved from /opt/airflow/dags/dag_tle_ingestion_only.py
[2026-02-04T08:42:24.480+0530] {logging_mixin.py:188} INFO - [2026-02-04T08:42:24.480+0530] {dag.py:3036} INFO - Sync 1 DAGs
[2026-02-04T08:42:24.548+0530] {processor.py:183} INFO - Processing /opt/airflow/dags/dag_tle_ingestion_only.py took 0.172 seconds
[2026-02-04T08:42:54.722+0530] {processor.py:161} INFO - Started process (PID=7143) to work on /opt/airflow/dags/dag_tle_ingestion_only.py
[2026-02-04T08:42:54.738+0530] {processor.py:830} INFO - Processing file /opt/airflow/dags/dag_tle_ingestion_only.py for tasks to queue
[2026-02-04T08:42:54.740+0530] {logging_mixin.py:188} INFO - [2026-02-04T08:42:54.739+0530] {dagbag.py:538} INFO - Filling up the DagBag from /opt/airflow/dags/dag_tle_ingestion_only.py
[2026-02-04T08:42:54.784+0530] {processor.py:840} INFO - DAG(s) 'tle_data_ingestion' retrieved from /opt/airflow/dags/dag_tle_ingestion_only.py
[2026-02-04T08:42:54.846+0530] {logging_mixin.py:188} INFO - [2026-02-04T08:42:54.846+0530] {dag.py:3036} INFO - Sync 1 DAGs
[2026-02-04T08:42:54.942+0530] {processor.py:183} INFO - Processing /opt/airflow/dags/dag_tle_ingestion_only.py took 0.227 seconds
[2026-02-04T08:43:25.110+0530] {processor.py:161} INFO - Started process (PID=7148) to work on /opt/airflow/dags/dag_tle_ingestion_only.py
[2026-02-04T08:43:25.112+0530] {processor.py:830} INFO - Processing file /opt/airflow/dags/dag_tle_ingestion_only.py for tasks to queue
[2026-02-04T08:43:25.113+0530] {logging_mixin.py:188} INFO - [2026-02-04T08:43:25.113+0530] {dagbag.py:538} INFO - Filling up the DagBag from /opt/airflow/dags/dag_tle_ingestion_only.py
[2026-02-04T08:43:25.156+0530] {processor.py:840} INFO - DAG(s) 'tle_data_ingestion' retrieved from /opt/airflow/dags/dag_tle_ingestion_only.py
[2026-02-04T08:43:25.215+0530] {logging_mixin.py:188} INFO - [2026-02-04T08:43:25.215+0530] {dag.py:3036} INFO - Sync 1 DAGs
[2026-02-04T08:43:25.887+0530] {processor.py:183} INFO - Processing /opt/airflow/dags/dag_tle_ingestion_only.py took 0.783 seconds
[2026-02-04T08:43:56.018+0530] {processor.py:161} INFO - Started process (PID=7153) to work on /opt/airflow/dags/dag_tle_ingestion_only.py
[2026-02-04T08:43:56.019+0530] {processor.py:830} INFO - Processing file /opt/airflow/dags/dag_tle_ingestion_only.py for tasks to queue
[2026-02-04T08:43:56.021+0530] {logging_mixin.py:188} INFO - [2026-02-04T08:43:56.020+0530] {dagbag.py:538} INFO - Filling up the DagBag from /opt/airflow/dags/dag_tle_ingestion_only.py
[2026-02-04T08:43:56.067+0530] {processor.py:840} INFO - DAG(s) 'tle_data_ingestion' retrieved from /opt/airflow/dags/dag_tle_ingestion_only.py
[2026-02-04T08:43:56.112+0530] {logging_mixin.py:188} INFO - [2026-02-04T08:43:56.112+0530] {dag.py:3036} INFO - Sync 1 DAGs
[2026-02-04T08:43:56.294+0530] {processor.py:183} INFO - Processing /opt/airflow/dags/dag_tle_ingestion_only.py took 0.283 seconds
[2026-02-04T08:44:26.474+0530] {processor.py:161} INFO - Started process (PID=7158) to work on /opt/airflow/dags/dag_tle_ingestion_only.py
[2026-02-04T08:44:26.475+0530] {processor.py:830} INFO - Processing file /opt/airflow/dags/dag_tle_ingestion_only.py for tasks to queue
[2026-02-04T08:44:26.477+0530] {logging_mixin.py:188} INFO - [2026-02-04T08:44:26.476+0530] {dagbag.py:538} INFO - Filling up the DagBag from /opt/airflow/dags/dag_tle_ingestion_only.py
[2026-02-04T08:44:26.529+0530] {processor.py:840} INFO - DAG(s) 'tle_data_ingestion' retrieved from /opt/airflow/dags/dag_tle_ingestion_only.py
[2026-02-04T08:44:26.594+0530] {logging_mixin.py:188} INFO - [2026-02-04T08:44:26.594+0530] {dag.py:3036} INFO - Sync 1 DAGs
[2026-02-04T08:44:26.675+0530] {processor.py:183} INFO - Processing /opt/airflow/dags/dag_tle_ingestion_only.py took 0.211 seconds
[2026-02-04T08:44:56.854+0530] {processor.py:161} INFO - Started process (PID=7163) to work on /opt/airflow/dags/dag_tle_ingestion_only.py
[2026-02-04T08:44:56.855+0530] {processor.py:830} INFO - Processing file /opt/airflow/dags/dag_tle_ingestion_only.py for tasks to queue
[2026-02-04T08:44:56.857+0530] {logging_mixin.py:188} INFO - [2026-02-04T08:44:56.856+0530] {dagbag.py:538} INFO - Filling up the DagBag from /opt/airflow/dags/dag_tle_ingestion_only.py
[2026-02-04T08:44:56.899+0530] {processor.py:840} INFO - DAG(s) 'tle_data_ingestion' retrieved from /opt/airflow/dags/dag_tle_ingestion_only.py
[2026-02-04T08:44:56.955+0530] {logging_mixin.py:188} INFO - [2026-02-04T08:44:56.955+0530] {dag.py:3036} INFO - Sync 1 DAGs
[2026-02-04T08:44:57.329+0530] {processor.py:183} INFO - Processing /opt/airflow/dags/dag_tle_ingestion_only.py took 0.481 seconds
[2026-02-04T08:45:27.529+0530] {processor.py:161} INFO - Started process (PID=7168) to work on /opt/airflow/dags/dag_tle_ingestion_only.py
[2026-02-04T08:45:27.530+0530] {processor.py:830} INFO - Processing file /opt/airflow/dags/dag_tle_ingestion_only.py for tasks to queue
[2026-02-04T08:45:27.532+0530] {logging_mixin.py:188} INFO - [2026-02-04T08:45:27.531+0530] {dagbag.py:538} INFO - Filling up the DagBag from /opt/airflow/dags/dag_tle_ingestion_only.py
[2026-02-04T08:45:27.572+0530] {processor.py:840} INFO - DAG(s) 'tle_data_ingestion' retrieved from /opt/airflow/dags/dag_tle_ingestion_only.py
[2026-02-04T08:45:27.627+0530] {logging_mixin.py:188} INFO - [2026-02-04T08:45:27.626+0530] {dag.py:3036} INFO - Sync 1 DAGs
[2026-02-04T08:45:27.703+0530] {processor.py:183} INFO - Processing /opt/airflow/dags/dag_tle_ingestion_only.py took 0.181 seconds
[2026-02-04T08:45:57.877+0530] {processor.py:161} INFO - Started process (PID=7173) to work on /opt/airflow/dags/dag_tle_ingestion_only.py
[2026-02-04T08:45:57.879+0530] {processor.py:830} INFO - Processing file /opt/airflow/dags/dag_tle_ingestion_only.py for tasks to queue
[2026-02-04T08:45:57.881+0530] {logging_mixin.py:188} INFO - [2026-02-04T08:45:57.880+0530] {dagbag.py:538} INFO - Filling up the DagBag from /opt/airflow/dags/dag_tle_ingestion_only.py
[2026-02-04T08:45:57.912+0530] {processor.py:840} INFO - DAG(s) 'tle_data_ingestion' retrieved from /opt/airflow/dags/dag_tle_ingestion_only.py
[2026-02-04T08:45:57.957+0530] {logging_mixin.py:188} INFO - [2026-02-04T08:45:57.956+0530] {dag.py:3036} INFO - Sync 1 DAGs
[2026-02-04T08:45:58.022+0530] {processor.py:183} INFO - Processing /opt/airflow/dags/dag_tle_ingestion_only.py took 0.150 seconds
[2026-02-04T08:46:28.196+0530] {processor.py:161} INFO - Started process (PID=7178) to work on /opt/airflow/dags/dag_tle_ingestion_only.py
[2026-02-04T08:46:28.199+0530] {processor.py:830} INFO - Processing file /opt/airflow/dags/dag_tle_ingestion_only.py for tasks to queue
[2026-02-04T08:46:28.201+0530] {logging_mixin.py:188} INFO - [2026-02-04T08:46:28.200+0530] {dagbag.py:538} INFO - Filling up the DagBag from /opt/airflow/dags/dag_tle_ingestion_only.py
[2026-02-04T08:46:28.242+0530] {processor.py:840} INFO - DAG(s) 'tle_data_ingestion' retrieved from /opt/airflow/dags/dag_tle_ingestion_only.py
[2026-02-04T08:46:28.301+0530] {logging_mixin.py:188} INFO - [2026-02-04T08:46:28.300+0530] {dag.py:3036} INFO - Sync 1 DAGs
[2026-02-04T08:46:28.671+0530] {processor.py:183} INFO - Processing /opt/airflow/dags/dag_tle_ingestion_only.py took 0.482 seconds
[2026-02-04T08:46:58.860+0530] {processor.py:161} INFO - Started process (PID=7183) to work on /opt/airflow/dags/dag_tle_ingestion_only.py
[2026-02-04T08:46:58.862+0530] {processor.py:830} INFO - Processing file /opt/airflow/dags/dag_tle_ingestion_only.py for tasks to queue
[2026-02-04T08:46:58.863+0530] {logging_mixin.py:188} INFO - [2026-02-04T08:46:58.863+0530] {dagbag.py:538} INFO - Filling up the DagBag from /opt/airflow/dags/dag_tle_ingestion_only.py
[2026-02-04T08:46:58.904+0530] {processor.py:840} INFO - DAG(s) 'tle_data_ingestion' retrieved from /opt/airflow/dags/dag_tle_ingestion_only.py
[2026-02-04T08:46:58.965+0530] {logging_mixin.py:188} INFO - [2026-02-04T08:46:58.964+0530] {dag.py:3036} INFO - Sync 1 DAGs
[2026-02-04T08:46:59.377+0530] {processor.py:183} INFO - Processing /opt/airflow/dags/dag_tle_ingestion_only.py took 0.524 seconds
[2026-02-04T08:47:29.485+0530] {processor.py:161} INFO - Started process (PID=7188) to work on /opt/airflow/dags/dag_tle_ingestion_only.py
[2026-02-04T08:47:29.486+0530] {processor.py:830} INFO - Processing file /opt/airflow/dags/dag_tle_ingestion_only.py for tasks to queue
[2026-02-04T08:47:29.488+0530] {logging_mixin.py:188} INFO - [2026-02-04T08:47:29.487+0530] {dagbag.py:538} INFO - Filling up the DagBag from /opt/airflow/dags/dag_tle_ingestion_only.py
[2026-02-04T08:47:29.606+0530] {processor.py:840} INFO - DAG(s) 'tle_data_ingestion' retrieved from /opt/airflow/dags/dag_tle_ingestion_only.py
[2026-02-04T08:47:29.708+0530] {logging_mixin.py:188} INFO - [2026-02-04T08:47:29.708+0530] {dag.py:3036} INFO - Sync 1 DAGs
[2026-02-04T08:47:29.789+0530] {processor.py:183} INFO - Processing /opt/airflow/dags/dag_tle_ingestion_only.py took 0.312 seconds
[2026-02-04T08:47:59.952+0530] {processor.py:161} INFO - Started process (PID=7193) to work on /opt/airflow/dags/dag_tle_ingestion_only.py
[2026-02-04T08:47:59.954+0530] {processor.py:830} INFO - Processing file /opt/airflow/dags/dag_tle_ingestion_only.py for tasks to queue
[2026-02-04T08:47:59.956+0530] {logging_mixin.py:188} INFO - [2026-02-04T08:47:59.955+0530] {dagbag.py:538} INFO - Filling up the DagBag from /opt/airflow/dags/dag_tle_ingestion_only.py
[2026-02-04T08:48:00.005+0530] {processor.py:840} INFO - DAG(s) 'tle_data_ingestion' retrieved from /opt/airflow/dags/dag_tle_ingestion_only.py
[2026-02-04T08:48:00.070+0530] {logging_mixin.py:188} INFO - [2026-02-04T08:48:00.069+0530] {dag.py:3036} INFO - Sync 1 DAGs
[2026-02-04T08:48:00.498+0530] {processor.py:183} INFO - Processing /opt/airflow/dags/dag_tle_ingestion_only.py took 0.556 seconds
[2026-02-04T08:48:30.699+0530] {processor.py:161} INFO - Started process (PID=7198) to work on /opt/airflow/dags/dag_tle_ingestion_only.py
[2026-02-04T08:48:30.701+0530] {processor.py:830} INFO - Processing file /opt/airflow/dags/dag_tle_ingestion_only.py for tasks to queue
[2026-02-04T08:48:30.704+0530] {logging_mixin.py:188} INFO - [2026-02-04T08:48:30.703+0530] {dagbag.py:538} INFO - Filling up the DagBag from /opt/airflow/dags/dag_tle_ingestion_only.py
[2026-02-04T08:48:30.748+0530] {processor.py:840} INFO - DAG(s) 'tle_data_ingestion' retrieved from /opt/airflow/dags/dag_tle_ingestion_only.py
[2026-02-04T08:48:30.809+0530] {logging_mixin.py:188} INFO - [2026-02-04T08:48:30.809+0530] {dag.py:3036} INFO - Sync 1 DAGs
[2026-02-04T08:48:31.524+0530] {processor.py:183} INFO - Processing /opt/airflow/dags/dag_tle_ingestion_only.py took 0.833 seconds
[2026-02-04T08:49:01.715+0530] {processor.py:161} INFO - Started process (PID=7203) to work on /opt/airflow/dags/dag_tle_ingestion_only.py
[2026-02-04T08:49:01.716+0530] {processor.py:830} INFO - Processing file /opt/airflow/dags/dag_tle_ingestion_only.py for tasks to queue
[2026-02-04T08:49:01.718+0530] {logging_mixin.py:188} INFO - [2026-02-04T08:49:01.717+0530] {dagbag.py:538} INFO - Filling up the DagBag from /opt/airflow/dags/dag_tle_ingestion_only.py
[2026-02-04T08:49:02.050+0530] {processor.py:840} INFO - DAG(s) 'tle_data_ingestion' retrieved from /opt/airflow/dags/dag_tle_ingestion_only.py
[2026-02-04T08:49:02.098+0530] {logging_mixin.py:188} INFO - [2026-02-04T08:49:02.098+0530] {dag.py:3036} INFO - Sync 1 DAGs
[2026-02-04T08:49:02.169+0530] {processor.py:183} INFO - Processing /opt/airflow/dags/dag_tle_ingestion_only.py took 0.461 seconds
[2026-02-04T08:49:32.618+0530] {processor.py:161} INFO - Started process (PID=7208) to work on /opt/airflow/dags/dag_tle_ingestion_only.py
[2026-02-04T08:49:32.621+0530] {processor.py:830} INFO - Processing file /opt/airflow/dags/dag_tle_ingestion_only.py for tasks to queue
[2026-02-04T08:49:32.622+0530] {logging_mixin.py:188} INFO - [2026-02-04T08:49:32.621+0530] {dagbag.py:538} INFO - Filling up the DagBag from /opt/airflow/dags/dag_tle_ingestion_only.py
[2026-02-04T08:49:32.654+0530] {processor.py:840} INFO - DAG(s) 'tle_data_ingestion' retrieved from /opt/airflow/dags/dag_tle_ingestion_only.py
[2026-02-04T08:49:32.708+0530] {logging_mixin.py:188} INFO - [2026-02-04T08:49:32.707+0530] {dag.py:3036} INFO - Sync 1 DAGs
[2026-02-04T08:49:32.788+0530] {processor.py:183} INFO - Processing /opt/airflow/dags/dag_tle_ingestion_only.py took 0.174 seconds
[2026-02-04T08:50:02.959+0530] {processor.py:161} INFO - Started process (PID=7213) to work on /opt/airflow/dags/dag_tle_ingestion_only.py
[2026-02-04T08:50:02.962+0530] {processor.py:830} INFO - Processing file /opt/airflow/dags/dag_tle_ingestion_only.py for tasks to queue
[2026-02-04T08:50:02.963+0530] {logging_mixin.py:188} INFO - [2026-02-04T08:50:02.963+0530] {dagbag.py:538} INFO - Filling up the DagBag from /opt/airflow/dags/dag_tle_ingestion_only.py
[2026-02-04T08:50:02.996+0530] {processor.py:840} INFO - DAG(s) 'tle_data_ingestion' retrieved from /opt/airflow/dags/dag_tle_ingestion_only.py
[2026-02-04T08:50:03.049+0530] {logging_mixin.py:188} INFO - [2026-02-04T08:50:03.049+0530] {dag.py:3036} INFO - Sync 1 DAGs
[2026-02-04T08:50:03.123+0530] {processor.py:183} INFO - Processing /opt/airflow/dags/dag_tle_ingestion_only.py took 0.169 seconds
[2026-02-04T08:50:33.281+0530] {processor.py:161} INFO - Started process (PID=7218) to work on /opt/airflow/dags/dag_tle_ingestion_only.py
[2026-02-04T08:50:33.282+0530] {processor.py:830} INFO - Processing file /opt/airflow/dags/dag_tle_ingestion_only.py for tasks to queue
[2026-02-04T08:50:33.284+0530] {logging_mixin.py:188} INFO - [2026-02-04T08:50:33.283+0530] {dagbag.py:538} INFO - Filling up the DagBag from /opt/airflow/dags/dag_tle_ingestion_only.py
[2026-02-04T08:50:33.318+0530] {processor.py:840} INFO - DAG(s) 'tle_data_ingestion' retrieved from /opt/airflow/dags/dag_tle_ingestion_only.py
[2026-02-04T08:50:33.361+0530] {logging_mixin.py:188} INFO - [2026-02-04T08:50:33.360+0530] {dag.py:3036} INFO - Sync 1 DAGs
[2026-02-04T08:50:33.430+0530] {processor.py:183} INFO - Processing /opt/airflow/dags/dag_tle_ingestion_only.py took 0.154 seconds
[2026-02-04T08:51:03.594+0530] {processor.py:161} INFO - Started process (PID=7223) to work on /opt/airflow/dags/dag_tle_ingestion_only.py
[2026-02-04T08:51:03.595+0530] {processor.py:830} INFO - Processing file /opt/airflow/dags/dag_tle_ingestion_only.py for tasks to queue
[2026-02-04T08:51:03.597+0530] {logging_mixin.py:188} INFO - [2026-02-04T08:51:03.596+0530] {dagbag.py:538} INFO - Filling up the DagBag from /opt/airflow/dags/dag_tle_ingestion_only.py
[2026-02-04T08:51:03.635+0530] {processor.py:840} INFO - DAG(s) 'tle_data_ingestion' retrieved from /opt/airflow/dags/dag_tle_ingestion_only.py
[2026-02-04T08:51:03.691+0530] {logging_mixin.py:188} INFO - [2026-02-04T08:51:03.691+0530] {dag.py:3036} INFO - Sync 1 DAGs
[2026-02-04T08:51:03.825+0530] {processor.py:183} INFO - Processing /opt/airflow/dags/dag_tle_ingestion_only.py took 0.237 seconds
[2026-02-04T08:51:33.992+0530] {processor.py:161} INFO - Started process (PID=7228) to work on /opt/airflow/dags/dag_tle_ingestion_only.py
[2026-02-04T08:51:33.993+0530] {processor.py:830} INFO - Processing file /opt/airflow/dags/dag_tle_ingestion_only.py for tasks to queue
[2026-02-04T08:51:33.995+0530] {logging_mixin.py:188} INFO - [2026-02-04T08:51:33.994+0530] {dagbag.py:538} INFO - Filling up the DagBag from /opt/airflow/dags/dag_tle_ingestion_only.py
[2026-02-04T08:51:34.030+0530] {processor.py:840} INFO - DAG(s) 'tle_data_ingestion' retrieved from /opt/airflow/dags/dag_tle_ingestion_only.py
[2026-02-04T08:51:34.089+0530] {logging_mixin.py:188} INFO - [2026-02-04T08:51:34.089+0530] {dag.py:3036} INFO - Sync 1 DAGs
[2026-02-04T08:51:34.175+0530] {processor.py:183} INFO - Processing /opt/airflow/dags/dag_tle_ingestion_only.py took 0.188 seconds
[2026-02-04T08:52:04.343+0530] {processor.py:161} INFO - Started process (PID=7233) to work on /opt/airflow/dags/dag_tle_ingestion_only.py
[2026-02-04T08:52:04.346+0530] {processor.py:830} INFO - Processing file /opt/airflow/dags/dag_tle_ingestion_only.py for tasks to queue
[2026-02-04T08:52:04.348+0530] {logging_mixin.py:188} INFO - [2026-02-04T08:52:04.347+0530] {dagbag.py:538} INFO - Filling up the DagBag from /opt/airflow/dags/dag_tle_ingestion_only.py
[2026-02-04T08:52:04.384+0530] {processor.py:840} INFO - DAG(s) 'tle_data_ingestion' retrieved from /opt/airflow/dags/dag_tle_ingestion_only.py
[2026-02-04T08:52:04.437+0530] {logging_mixin.py:188} INFO - [2026-02-04T08:52:04.437+0530] {dag.py:3036} INFO - Sync 1 DAGs
[2026-02-04T08:52:04.513+0530] {processor.py:183} INFO - Processing /opt/airflow/dags/dag_tle_ingestion_only.py took 0.176 seconds
[2026-02-04T08:52:34.678+0530] {processor.py:161} INFO - Started process (PID=7238) to work on /opt/airflow/dags/dag_tle_ingestion_only.py
[2026-02-04T08:52:34.681+0530] {processor.py:830} INFO - Processing file /opt/airflow/dags/dag_tle_ingestion_only.py for tasks to queue
[2026-02-04T08:52:34.683+0530] {logging_mixin.py:188} INFO - [2026-02-04T08:52:34.682+0530] {dagbag.py:538} INFO - Filling up the DagBag from /opt/airflow/dags/dag_tle_ingestion_only.py
[2026-02-04T08:52:34.719+0530] {processor.py:840} INFO - DAG(s) 'tle_data_ingestion' retrieved from /opt/airflow/dags/dag_tle_ingestion_only.py
[2026-02-04T08:52:34.774+0530] {logging_mixin.py:188} INFO - [2026-02-04T08:52:34.774+0530] {dag.py:3036} INFO - Sync 1 DAGs
[2026-02-04T08:52:34.853+0530] {processor.py:183} INFO - Processing /opt/airflow/dags/dag_tle_ingestion_only.py took 0.181 seconds
[2026-02-04T08:53:05.022+0530] {processor.py:161} INFO - Started process (PID=7243) to work on /opt/airflow/dags/dag_tle_ingestion_only.py
[2026-02-04T08:53:05.023+0530] {processor.py:830} INFO - Processing file /opt/airflow/dags/dag_tle_ingestion_only.py for tasks to queue
[2026-02-04T08:53:05.025+0530] {logging_mixin.py:188} INFO - [2026-02-04T08:53:05.024+0530] {dagbag.py:538} INFO - Filling up the DagBag from /opt/airflow/dags/dag_tle_ingestion_only.py
[2026-02-04T08:53:05.070+0530] {processor.py:840} INFO - DAG(s) 'tle_data_ingestion' retrieved from /opt/airflow/dags/dag_tle_ingestion_only.py
[2026-02-04T08:53:05.122+0530] {logging_mixin.py:188} INFO - [2026-02-04T08:53:05.122+0530] {dag.py:3036} INFO - Sync 1 DAGs
[2026-02-04T08:53:05.201+0530] {processor.py:183} INFO - Processing /opt/airflow/dags/dag_tle_ingestion_only.py took 0.186 seconds
[2026-02-04T08:53:35.357+0530] {processor.py:161} INFO - Started process (PID=7248) to work on /opt/airflow/dags/dag_tle_ingestion_only.py
[2026-02-04T08:53:35.360+0530] {processor.py:830} INFO - Processing file /opt/airflow/dags/dag_tle_ingestion_only.py for tasks to queue
[2026-02-04T08:53:35.361+0530] {logging_mixin.py:188} INFO - [2026-02-04T08:53:35.361+0530] {dagbag.py:538} INFO - Filling up the DagBag from /opt/airflow/dags/dag_tle_ingestion_only.py
[2026-02-04T08:53:35.398+0530] {processor.py:840} INFO - DAG(s) 'tle_data_ingestion' retrieved from /opt/airflow/dags/dag_tle_ingestion_only.py
[2026-02-04T08:53:35.440+0530] {logging_mixin.py:188} INFO - [2026-02-04T08:53:35.440+0530] {dag.py:3036} INFO - Sync 1 DAGs
[2026-02-04T08:53:35.499+0530] {processor.py:183} INFO - Processing /opt/airflow/dags/dag_tle_ingestion_only.py took 0.147 seconds
[2026-02-04T08:54:05.668+0530] {processor.py:161} INFO - Started process (PID=7253) to work on /opt/airflow/dags/dag_tle_ingestion_only.py
[2026-02-04T08:54:05.669+0530] {processor.py:830} INFO - Processing file /opt/airflow/dags/dag_tle_ingestion_only.py for tasks to queue
[2026-02-04T08:54:05.672+0530] {logging_mixin.py:188} INFO - [2026-02-04T08:54:05.671+0530] {dagbag.py:538} INFO - Filling up the DagBag from /opt/airflow/dags/dag_tle_ingestion_only.py
[2026-02-04T08:54:05.710+0530] {processor.py:840} INFO - DAG(s) 'tle_data_ingestion' retrieved from /opt/airflow/dags/dag_tle_ingestion_only.py
[2026-02-04T08:54:05.769+0530] {logging_mixin.py:188} INFO - [2026-02-04T08:54:05.768+0530] {dag.py:3036} INFO - Sync 1 DAGs
[2026-02-04T08:54:05.851+0530] {processor.py:183} INFO - Processing /opt/airflow/dags/dag_tle_ingestion_only.py took 0.191 seconds
[2026-02-04T08:54:36.016+0530] {processor.py:161} INFO - Started process (PID=7258) to work on /opt/airflow/dags/dag_tle_ingestion_only.py
[2026-02-04T08:54:36.019+0530] {processor.py:830} INFO - Processing file /opt/airflow/dags/dag_tle_ingestion_only.py for tasks to queue
[2026-02-04T08:54:36.021+0530] {logging_mixin.py:188} INFO - [2026-02-04T08:54:36.020+0530] {dagbag.py:538} INFO - Filling up the DagBag from /opt/airflow/dags/dag_tle_ingestion_only.py
[2026-02-04T08:54:36.059+0530] {processor.py:840} INFO - DAG(s) 'tle_data_ingestion' retrieved from /opt/airflow/dags/dag_tle_ingestion_only.py
[2026-02-04T08:54:36.115+0530] {logging_mixin.py:188} INFO - [2026-02-04T08:54:36.114+0530] {dag.py:3036} INFO - Sync 1 DAGs
[2026-02-04T08:54:36.197+0530] {processor.py:183} INFO - Processing /opt/airflow/dags/dag_tle_ingestion_only.py took 0.188 seconds
[2026-02-04T08:55:06.367+0530] {processor.py:161} INFO - Started process (PID=7263) to work on /opt/airflow/dags/dag_tle_ingestion_only.py
[2026-02-04T08:55:06.368+0530] {processor.py:830} INFO - Processing file /opt/airflow/dags/dag_tle_ingestion_only.py for tasks to queue
[2026-02-04T08:55:06.370+0530] {logging_mixin.py:188} INFO - [2026-02-04T08:55:06.369+0530] {dagbag.py:538} INFO - Filling up the DagBag from /opt/airflow/dags/dag_tle_ingestion_only.py
[2026-02-04T08:55:06.421+0530] {processor.py:840} INFO - DAG(s) 'tle_data_ingestion' retrieved from /opt/airflow/dags/dag_tle_ingestion_only.py
[2026-02-04T08:55:06.477+0530] {logging_mixin.py:188} INFO - [2026-02-04T08:55:06.477+0530] {dag.py:3036} INFO - Sync 1 DAGs
[2026-02-04T08:55:06.559+0530] {processor.py:183} INFO - Processing /opt/airflow/dags/dag_tle_ingestion_only.py took 0.199 seconds
[2026-02-04T08:55:36.728+0530] {processor.py:161} INFO - Started process (PID=7268) to work on /opt/airflow/dags/dag_tle_ingestion_only.py
[2026-02-04T08:55:36.732+0530] {processor.py:830} INFO - Processing file /opt/airflow/dags/dag_tle_ingestion_only.py for tasks to queue
[2026-02-04T08:55:36.733+0530] {logging_mixin.py:188} INFO - [2026-02-04T08:55:36.733+0530] {dagbag.py:538} INFO - Filling up the DagBag from /opt/airflow/dags/dag_tle_ingestion_only.py
[2026-02-04T08:55:36.773+0530] {processor.py:840} INFO - DAG(s) 'tle_data_ingestion' retrieved from /opt/airflow/dags/dag_tle_ingestion_only.py
[2026-02-04T08:55:36.830+0530] {logging_mixin.py:188} INFO - [2026-02-04T08:55:36.830+0530] {dag.py:3036} INFO - Sync 1 DAGs
[2026-02-04T08:55:36.917+0530] {processor.py:183} INFO - Processing /opt/airflow/dags/dag_tle_ingestion_only.py took 0.195 seconds
[2026-02-04T08:56:07.089+0530] {processor.py:161} INFO - Started process (PID=7273) to work on /opt/airflow/dags/dag_tle_ingestion_only.py
[2026-02-04T08:56:07.091+0530] {processor.py:830} INFO - Processing file /opt/airflow/dags/dag_tle_ingestion_only.py for tasks to queue
[2026-02-04T08:56:07.092+0530] {logging_mixin.py:188} INFO - [2026-02-04T08:56:07.092+0530] {dagbag.py:538} INFO - Filling up the DagBag from /opt/airflow/dags/dag_tle_ingestion_only.py
[2026-02-04T08:56:07.130+0530] {processor.py:840} INFO - DAG(s) 'tle_data_ingestion' retrieved from /opt/airflow/dags/dag_tle_ingestion_only.py
[2026-02-04T08:56:07.187+0530] {logging_mixin.py:188} INFO - [2026-02-04T08:56:07.186+0530] {dag.py:3036} INFO - Sync 1 DAGs
[2026-02-04T08:56:07.265+0530] {processor.py:183} INFO - Processing /opt/airflow/dags/dag_tle_ingestion_only.py took 0.182 seconds
[2026-02-04T08:56:37.436+0530] {processor.py:161} INFO - Started process (PID=7278) to work on /opt/airflow/dags/dag_tle_ingestion_only.py
[2026-02-04T08:56:37.439+0530] {processor.py:830} INFO - Processing file /opt/airflow/dags/dag_tle_ingestion_only.py for tasks to queue
[2026-02-04T08:56:37.440+0530] {logging_mixin.py:188} INFO - [2026-02-04T08:56:37.440+0530] {dagbag.py:538} INFO - Filling up the DagBag from /opt/airflow/dags/dag_tle_ingestion_only.py
[2026-02-04T08:56:37.479+0530] {processor.py:840} INFO - DAG(s) 'tle_data_ingestion' retrieved from /opt/airflow/dags/dag_tle_ingestion_only.py
[2026-02-04T08:56:37.536+0530] {logging_mixin.py:188} INFO - [2026-02-04T08:56:37.535+0530] {dag.py:3036} INFO - Sync 1 DAGs
[2026-02-04T08:56:37.615+0530] {processor.py:183} INFO - Processing /opt/airflow/dags/dag_tle_ingestion_only.py took 0.185 seconds
[2026-02-04T08:57:07.780+0530] {processor.py:161} INFO - Started process (PID=7283) to work on /opt/airflow/dags/dag_tle_ingestion_only.py
[2026-02-04T08:57:07.782+0530] {processor.py:830} INFO - Processing file /opt/airflow/dags/dag_tle_ingestion_only.py for tasks to queue
[2026-02-04T08:57:07.783+0530] {logging_mixin.py:188} INFO - [2026-02-04T08:57:07.783+0530] {dagbag.py:538} INFO - Filling up the DagBag from /opt/airflow/dags/dag_tle_ingestion_only.py
[2026-02-04T08:57:07.821+0530] {processor.py:840} INFO - DAG(s) 'tle_data_ingestion' retrieved from /opt/airflow/dags/dag_tle_ingestion_only.py
[2026-02-04T08:57:07.876+0530] {logging_mixin.py:188} INFO - [2026-02-04T08:57:07.875+0530] {dag.py:3036} INFO - Sync 1 DAGs
[2026-02-04T08:57:07.955+0530] {processor.py:183} INFO - Processing /opt/airflow/dags/dag_tle_ingestion_only.py took 0.180 seconds
[2026-02-04T08:57:38.126+0530] {processor.py:161} INFO - Started process (PID=7288) to work on /opt/airflow/dags/dag_tle_ingestion_only.py
[2026-02-04T08:57:38.127+0530] {processor.py:830} INFO - Processing file /opt/airflow/dags/dag_tle_ingestion_only.py for tasks to queue
[2026-02-04T08:57:38.129+0530] {logging_mixin.py:188} INFO - [2026-02-04T08:57:38.128+0530] {dagbag.py:538} INFO - Filling up the DagBag from /opt/airflow/dags/dag_tle_ingestion_only.py
[2026-02-04T08:57:38.167+0530] {processor.py:840} INFO - DAG(s) 'tle_data_ingestion' retrieved from /opt/airflow/dags/dag_tle_ingestion_only.py
[2026-02-04T08:57:38.216+0530] {logging_mixin.py:188} INFO - [2026-02-04T08:57:38.216+0530] {dag.py:3036} INFO - Sync 1 DAGs
[2026-02-04T08:57:38.294+0530] {processor.py:183} INFO - Processing /opt/airflow/dags/dag_tle_ingestion_only.py took 0.175 seconds
[2026-02-04T08:58:08.461+0530] {processor.py:161} INFO - Started process (PID=7293) to work on /opt/airflow/dags/dag_tle_ingestion_only.py
[2026-02-04T08:58:08.463+0530] {processor.py:830} INFO - Processing file /opt/airflow/dags/dag_tle_ingestion_only.py for tasks to queue
[2026-02-04T08:58:08.465+0530] {logging_mixin.py:188} INFO - [2026-02-04T08:58:08.464+0530] {dagbag.py:538} INFO - Filling up the DagBag from /opt/airflow/dags/dag_tle_ingestion_only.py
[2026-02-04T08:58:08.502+0530] {processor.py:840} INFO - DAG(s) 'tle_data_ingestion' retrieved from /opt/airflow/dags/dag_tle_ingestion_only.py
[2026-02-04T08:58:08.546+0530] {logging_mixin.py:188} INFO - [2026-02-04T08:58:08.546+0530] {dag.py:3036} INFO - Sync 1 DAGs
[2026-02-04T08:58:08.620+0530] {processor.py:183} INFO - Processing /opt/airflow/dags/dag_tle_ingestion_only.py took 0.166 seconds
[2026-02-04T08:58:38.774+0530] {processor.py:161} INFO - Started process (PID=7298) to work on /opt/airflow/dags/dag_tle_ingestion_only.py
[2026-02-04T08:58:38.776+0530] {processor.py:830} INFO - Processing file /opt/airflow/dags/dag_tle_ingestion_only.py for tasks to queue
[2026-02-04T08:58:38.777+0530] {logging_mixin.py:188} INFO - [2026-02-04T08:58:38.777+0530] {dagbag.py:538} INFO - Filling up the DagBag from /opt/airflow/dags/dag_tle_ingestion_only.py
[2026-02-04T08:58:38.801+0530] {processor.py:840} INFO - DAG(s) 'tle_data_ingestion' retrieved from /opt/airflow/dags/dag_tle_ingestion_only.py
[2026-02-04T08:58:38.834+0530] {logging_mixin.py:188} INFO - [2026-02-04T08:58:38.834+0530] {dag.py:3036} INFO - Sync 1 DAGs
[2026-02-04T08:58:38.883+0530] {processor.py:183} INFO - Processing /opt/airflow/dags/dag_tle_ingestion_only.py took 0.113 seconds
[2026-02-04T08:59:09.010+0530] {processor.py:161} INFO - Started process (PID=7303) to work on /opt/airflow/dags/dag_tle_ingestion_only.py
[2026-02-04T08:59:09.012+0530] {processor.py:830} INFO - Processing file /opt/airflow/dags/dag_tle_ingestion_only.py for tasks to queue
[2026-02-04T08:59:09.013+0530] {logging_mixin.py:188} INFO - [2026-02-04T08:59:09.013+0530] {dagbag.py:538} INFO - Filling up the DagBag from /opt/airflow/dags/dag_tle_ingestion_only.py
[2026-02-04T08:59:09.033+0530] {processor.py:840} INFO - DAG(s) 'tle_data_ingestion' retrieved from /opt/airflow/dags/dag_tle_ingestion_only.py
[2026-02-04T08:59:09.064+0530] {logging_mixin.py:188} INFO - [2026-02-04T08:59:09.064+0530] {dag.py:3036} INFO - Sync 1 DAGs
[2026-02-04T08:59:09.107+0530] {processor.py:183} INFO - Processing /opt/airflow/dags/dag_tle_ingestion_only.py took 0.100 seconds
[2026-02-04T08:59:39.227+0530] {processor.py:161} INFO - Started process (PID=7308) to work on /opt/airflow/dags/dag_tle_ingestion_only.py
[2026-02-04T08:59:39.228+0530] {processor.py:830} INFO - Processing file /opt/airflow/dags/dag_tle_ingestion_only.py for tasks to queue
[2026-02-04T08:59:39.229+0530] {logging_mixin.py:188} INFO - [2026-02-04T08:59:39.228+0530] {dagbag.py:538} INFO - Filling up the DagBag from /opt/airflow/dags/dag_tle_ingestion_only.py
[2026-02-04T08:59:39.248+0530] {processor.py:840} INFO - DAG(s) 'tle_data_ingestion' retrieved from /opt/airflow/dags/dag_tle_ingestion_only.py
[2026-02-04T08:59:39.277+0530] {logging_mixin.py:188} INFO - [2026-02-04T08:59:39.277+0530] {dag.py:3036} INFO - Sync 1 DAGs
[2026-02-04T08:59:39.318+0530] {processor.py:183} INFO - Processing /opt/airflow/dags/dag_tle_ingestion_only.py took 0.095 seconds
[2026-02-04T09:00:09.444+0530] {processor.py:161} INFO - Started process (PID=7313) to work on /opt/airflow/dags/dag_tle_ingestion_only.py
[2026-02-04T09:00:09.445+0530] {processor.py:830} INFO - Processing file /opt/airflow/dags/dag_tle_ingestion_only.py for tasks to queue
[2026-02-04T09:00:09.447+0530] {logging_mixin.py:188} INFO - [2026-02-04T09:00:09.446+0530] {dagbag.py:538} INFO - Filling up the DagBag from /opt/airflow/dags/dag_tle_ingestion_only.py
[2026-02-04T09:00:09.502+0530] {processor.py:840} INFO - DAG(s) 'tle_data_ingestion' retrieved from /opt/airflow/dags/dag_tle_ingestion_only.py
[2026-02-04T09:00:09.555+0530] {logging_mixin.py:188} INFO - [2026-02-04T09:00:09.554+0530] {dag.py:3036} INFO - Sync 1 DAGs
[2026-02-04T09:00:09.610+0530] {processor.py:183} INFO - Processing /opt/airflow/dags/dag_tle_ingestion_only.py took 0.176 seconds
[2026-02-04T09:00:39.748+0530] {processor.py:161} INFO - Started process (PID=7318) to work on /opt/airflow/dags/dag_tle_ingestion_only.py
[2026-02-04T09:00:39.750+0530] {processor.py:830} INFO - Processing file /opt/airflow/dags/dag_tle_ingestion_only.py for tasks to queue
[2026-02-04T09:00:39.752+0530] {logging_mixin.py:188} INFO - [2026-02-04T09:00:39.751+0530] {dagbag.py:538} INFO - Filling up the DagBag from /opt/airflow/dags/dag_tle_ingestion_only.py
[2026-02-04T09:00:39.791+0530] {processor.py:840} INFO - DAG(s) 'tle_data_ingestion' retrieved from /opt/airflow/dags/dag_tle_ingestion_only.py
[2026-02-04T09:00:39.851+0530] {logging_mixin.py:188} INFO - [2026-02-04T09:00:39.851+0530] {dag.py:3036} INFO - Sync 1 DAGs
[2026-02-04T09:00:40.028+0530] {processor.py:183} INFO - Processing /opt/airflow/dags/dag_tle_ingestion_only.py took 0.288 seconds
[2026-02-04T09:01:10.193+0530] {processor.py:161} INFO - Started process (PID=7323) to work on /opt/airflow/dags/dag_tle_ingestion_only.py
[2026-02-04T09:01:10.195+0530] {processor.py:830} INFO - Processing file /opt/airflow/dags/dag_tle_ingestion_only.py for tasks to queue
[2026-02-04T09:01:10.197+0530] {logging_mixin.py:188} INFO - [2026-02-04T09:01:10.196+0530] {dagbag.py:538} INFO - Filling up the DagBag from /opt/airflow/dags/dag_tle_ingestion_only.py
[2026-02-04T09:01:10.237+0530] {processor.py:840} INFO - DAG(s) 'tle_data_ingestion' retrieved from /opt/airflow/dags/dag_tle_ingestion_only.py
[2026-02-04T09:01:10.291+0530] {logging_mixin.py:188} INFO - [2026-02-04T09:01:10.291+0530] {dag.py:3036} INFO - Sync 1 DAGs
[2026-02-04T09:01:10.373+0530] {processor.py:183} INFO - Processing /opt/airflow/dags/dag_tle_ingestion_only.py took 0.187 seconds
[2026-02-04T09:01:40.542+0530] {processor.py:161} INFO - Started process (PID=7328) to work on /opt/airflow/dags/dag_tle_ingestion_only.py
[2026-02-04T09:01:40.543+0530] {processor.py:830} INFO - Processing file /opt/airflow/dags/dag_tle_ingestion_only.py for tasks to queue
[2026-02-04T09:01:40.545+0530] {logging_mixin.py:188} INFO - [2026-02-04T09:01:40.544+0530] {dagbag.py:538} INFO - Filling up the DagBag from /opt/airflow/dags/dag_tle_ingestion_only.py
[2026-02-04T09:01:40.582+0530] {processor.py:840} INFO - DAG(s) 'tle_data_ingestion' retrieved from /opt/airflow/dags/dag_tle_ingestion_only.py
[2026-02-04T09:01:40.636+0530] {logging_mixin.py:188} INFO - [2026-02-04T09:01:40.636+0530] {dag.py:3036} INFO - Sync 1 DAGs
[2026-02-04T09:01:40.714+0530] {processor.py:183} INFO - Processing /opt/airflow/dags/dag_tle_ingestion_only.py took 0.179 seconds
[2026-02-04T09:02:10.871+0530] {processor.py:161} INFO - Started process (PID=7333) to work on /opt/airflow/dags/dag_tle_ingestion_only.py
[2026-02-04T09:02:10.873+0530] {processor.py:830} INFO - Processing file /opt/airflow/dags/dag_tle_ingestion_only.py for tasks to queue
[2026-02-04T09:02:10.874+0530] {logging_mixin.py:188} INFO - [2026-02-04T09:02:10.873+0530] {dagbag.py:538} INFO - Filling up the DagBag from /opt/airflow/dags/dag_tle_ingestion_only.py
[2026-02-04T09:02:10.906+0530] {processor.py:840} INFO - DAG(s) 'tle_data_ingestion' retrieved from /opt/airflow/dags/dag_tle_ingestion_only.py
[2026-02-04T09:02:10.952+0530] {logging_mixin.py:188} INFO - [2026-02-04T09:02:10.951+0530] {dag.py:3036} INFO - Sync 1 DAGs
[2026-02-04T09:02:11.018+0530] {processor.py:183} INFO - Processing /opt/airflow/dags/dag_tle_ingestion_only.py took 0.153 seconds
[2026-02-04T09:02:41.181+0530] {processor.py:161} INFO - Started process (PID=7338) to work on /opt/airflow/dags/dag_tle_ingestion_only.py
[2026-02-04T09:02:41.183+0530] {processor.py:830} INFO - Processing file /opt/airflow/dags/dag_tle_ingestion_only.py for tasks to queue
[2026-02-04T09:02:41.185+0530] {logging_mixin.py:188} INFO - [2026-02-04T09:02:41.184+0530] {dagbag.py:538} INFO - Filling up the DagBag from /opt/airflow/dags/dag_tle_ingestion_only.py
[2026-02-04T09:02:41.224+0530] {processor.py:840} INFO - DAG(s) 'tle_data_ingestion' retrieved from /opt/airflow/dags/dag_tle_ingestion_only.py
[2026-02-04T09:02:41.283+0530] {logging_mixin.py:188} INFO - [2026-02-04T09:02:41.282+0530] {dag.py:3036} INFO - Sync 1 DAGs
[2026-02-04T09:02:41.345+0530] {processor.py:183} INFO - Processing /opt/airflow/dags/dag_tle_ingestion_only.py took 0.173 seconds
[2026-02-04T09:03:11.519+0530] {processor.py:161} INFO - Started process (PID=7343) to work on /opt/airflow/dags/dag_tle_ingestion_only.py
[2026-02-04T09:03:11.522+0530] {processor.py:830} INFO - Processing file /opt/airflow/dags/dag_tle_ingestion_only.py for tasks to queue
[2026-02-04T09:03:11.524+0530] {logging_mixin.py:188} INFO - [2026-02-04T09:03:11.523+0530] {dagbag.py:538} INFO - Filling up the DagBag from /opt/airflow/dags/dag_tle_ingestion_only.py
[2026-02-04T09:03:11.564+0530] {processor.py:840} INFO - DAG(s) 'tle_data_ingestion' retrieved from /opt/airflow/dags/dag_tle_ingestion_only.py
[2026-02-04T09:03:11.621+0530] {logging_mixin.py:188} INFO - [2026-02-04T09:03:11.620+0530] {dag.py:3036} INFO - Sync 1 DAGs
[2026-02-04T09:03:11.704+0530] {processor.py:183} INFO - Processing /opt/airflow/dags/dag_tle_ingestion_only.py took 0.191 seconds
[2026-02-04T09:03:41.876+0530] {processor.py:161} INFO - Started process (PID=7348) to work on /opt/airflow/dags/dag_tle_ingestion_only.py
[2026-02-04T09:03:41.878+0530] {processor.py:830} INFO - Processing file /opt/airflow/dags/dag_tle_ingestion_only.py for tasks to queue
[2026-02-04T09:03:41.880+0530] {logging_mixin.py:188} INFO - [2026-02-04T09:03:41.879+0530] {dagbag.py:538} INFO - Filling up the DagBag from /opt/airflow/dags/dag_tle_ingestion_only.py
[2026-02-04T09:03:41.922+0530] {processor.py:840} INFO - DAG(s) 'tle_data_ingestion' retrieved from /opt/airflow/dags/dag_tle_ingestion_only.py
[2026-02-04T09:03:41.976+0530] {logging_mixin.py:188} INFO - [2026-02-04T09:03:41.975+0530] {dag.py:3036} INFO - Sync 1 DAGs
[2026-02-04T09:03:42.056+0530] {processor.py:183} INFO - Processing /opt/airflow/dags/dag_tle_ingestion_only.py took 0.187 seconds
[2026-02-04T09:04:12.232+0530] {processor.py:161} INFO - Started process (PID=7353) to work on /opt/airflow/dags/dag_tle_ingestion_only.py
[2026-02-04T09:04:12.233+0530] {processor.py:830} INFO - Processing file /opt/airflow/dags/dag_tle_ingestion_only.py for tasks to queue
[2026-02-04T09:04:12.235+0530] {logging_mixin.py:188} INFO - [2026-02-04T09:04:12.234+0530] {dagbag.py:538} INFO - Filling up the DagBag from /opt/airflow/dags/dag_tle_ingestion_only.py
[2026-02-04T09:04:12.275+0530] {processor.py:840} INFO - DAG(s) 'tle_data_ingestion' retrieved from /opt/airflow/dags/dag_tle_ingestion_only.py
[2026-02-04T09:04:12.333+0530] {logging_mixin.py:188} INFO - [2026-02-04T09:04:12.332+0530] {dag.py:3036} INFO - Sync 1 DAGs
[2026-02-04T09:04:12.412+0530] {processor.py:183} INFO - Processing /opt/airflow/dags/dag_tle_ingestion_only.py took 0.187 seconds
[2026-02-04T09:04:42.585+0530] {processor.py:161} INFO - Started process (PID=7358) to work on /opt/airflow/dags/dag_tle_ingestion_only.py
[2026-02-04T09:04:42.586+0530] {processor.py:830} INFO - Processing file /opt/airflow/dags/dag_tle_ingestion_only.py for tasks to queue
[2026-02-04T09:04:42.588+0530] {logging_mixin.py:188} INFO - [2026-02-04T09:04:42.587+0530] {dagbag.py:538} INFO - Filling up the DagBag from /opt/airflow/dags/dag_tle_ingestion_only.py
[2026-02-04T09:04:42.631+0530] {processor.py:840} INFO - DAG(s) 'tle_data_ingestion' retrieved from /opt/airflow/dags/dag_tle_ingestion_only.py
[2026-02-04T09:04:42.677+0530] {logging_mixin.py:188} INFO - [2026-02-04T09:04:42.676+0530] {dag.py:3036} INFO - Sync 1 DAGs
[2026-02-04T09:04:42.745+0530] {processor.py:183} INFO - Processing /opt/airflow/dags/dag_tle_ingestion_only.py took 0.167 seconds
[2026-02-04T09:05:12.906+0530] {processor.py:161} INFO - Started process (PID=7363) to work on /opt/airflow/dags/dag_tle_ingestion_only.py
[2026-02-04T09:05:12.908+0530] {processor.py:830} INFO - Processing file /opt/airflow/dags/dag_tle_ingestion_only.py for tasks to queue
[2026-02-04T09:05:12.909+0530] {logging_mixin.py:188} INFO - [2026-02-04T09:05:12.908+0530] {dagbag.py:538} INFO - Filling up the DagBag from /opt/airflow/dags/dag_tle_ingestion_only.py
[2026-02-04T09:05:12.945+0530] {processor.py:840} INFO - DAG(s) 'tle_data_ingestion' retrieved from /opt/airflow/dags/dag_tle_ingestion_only.py
[2026-02-04T09:05:13.003+0530] {logging_mixin.py:188} INFO - [2026-02-04T09:05:13.003+0530] {dag.py:3036} INFO - Sync 1 DAGs
[2026-02-04T09:05:13.084+0530] {processor.py:183} INFO - Processing /opt/airflow/dags/dag_tle_ingestion_only.py took 0.185 seconds
[2026-02-04T09:05:43.254+0530] {processor.py:161} INFO - Started process (PID=7368) to work on /opt/airflow/dags/dag_tle_ingestion_only.py
[2026-02-04T09:05:43.255+0530] {processor.py:830} INFO - Processing file /opt/airflow/dags/dag_tle_ingestion_only.py for tasks to queue
[2026-02-04T09:05:43.257+0530] {logging_mixin.py:188} INFO - [2026-02-04T09:05:43.256+0530] {dagbag.py:538} INFO - Filling up the DagBag from /opt/airflow/dags/dag_tle_ingestion_only.py
[2026-02-04T09:05:43.295+0530] {processor.py:840} INFO - DAG(s) 'tle_data_ingestion' retrieved from /opt/airflow/dags/dag_tle_ingestion_only.py
[2026-02-04T09:05:43.352+0530] {logging_mixin.py:188} INFO - [2026-02-04T09:05:43.352+0530] {dag.py:3036} INFO - Sync 1 DAGs
[2026-02-04T09:05:43.430+0530] {processor.py:183} INFO - Processing /opt/airflow/dags/dag_tle_ingestion_only.py took 0.182 seconds
[2026-02-04T09:06:13.597+0530] {processor.py:161} INFO - Started process (PID=7373) to work on /opt/airflow/dags/dag_tle_ingestion_only.py
[2026-02-04T09:06:13.600+0530] {processor.py:830} INFO - Processing file /opt/airflow/dags/dag_tle_ingestion_only.py for tasks to queue
[2026-02-04T09:06:13.601+0530] {logging_mixin.py:188} INFO - [2026-02-04T09:06:13.600+0530] {dagbag.py:538} INFO - Filling up the DagBag from /opt/airflow/dags/dag_tle_ingestion_only.py
[2026-02-04T09:06:13.638+0530] {processor.py:840} INFO - DAG(s) 'tle_data_ingestion' retrieved from /opt/airflow/dags/dag_tle_ingestion_only.py
[2026-02-04T09:06:13.691+0530] {logging_mixin.py:188} INFO - [2026-02-04T09:06:13.690+0530] {dag.py:3036} INFO - Sync 1 DAGs
[2026-02-04T09:06:13.768+0530] {processor.py:183} INFO - Processing /opt/airflow/dags/dag_tle_ingestion_only.py took 0.178 seconds
[2026-02-04T09:06:43.927+0530] {processor.py:161} INFO - Started process (PID=7378) to work on /opt/airflow/dags/dag_tle_ingestion_only.py
[2026-02-04T09:06:43.929+0530] {processor.py:830} INFO - Processing file /opt/airflow/dags/dag_tle_ingestion_only.py for tasks to queue
[2026-02-04T09:06:43.930+0530] {logging_mixin.py:188} INFO - [2026-02-04T09:06:43.930+0530] {dagbag.py:538} INFO - Filling up the DagBag from /opt/airflow/dags/dag_tle_ingestion_only.py
[2026-02-04T09:06:43.964+0530] {processor.py:840} INFO - DAG(s) 'tle_data_ingestion' retrieved from /opt/airflow/dags/dag_tle_ingestion_only.py
[2026-02-04T09:06:44.015+0530] {logging_mixin.py:188} INFO - [2026-02-04T09:06:44.015+0530] {dag.py:3036} INFO - Sync 1 DAGs
[2026-02-04T09:06:44.182+0530] {processor.py:183} INFO - Processing /opt/airflow/dags/dag_tle_ingestion_only.py took 0.261 seconds
[2026-02-04T09:07:14.353+0530] {processor.py:161} INFO - Started process (PID=7383) to work on /opt/airflow/dags/dag_tle_ingestion_only.py
[2026-02-04T09:07:14.356+0530] {processor.py:830} INFO - Processing file /opt/airflow/dags/dag_tle_ingestion_only.py for tasks to queue
[2026-02-04T09:07:14.359+0530] {logging_mixin.py:188} INFO - [2026-02-04T09:07:14.357+0530] {dagbag.py:538} INFO - Filling up the DagBag from /opt/airflow/dags/dag_tle_ingestion_only.py
[2026-02-04T09:07:14.408+0530] {processor.py:840} INFO - DAG(s) 'tle_data_ingestion' retrieved from /opt/airflow/dags/dag_tle_ingestion_only.py
[2026-02-04T09:07:14.464+0530] {logging_mixin.py:188} INFO - [2026-02-04T09:07:14.464+0530] {dag.py:3036} INFO - Sync 1 DAGs
[2026-02-04T09:07:14.543+0530] {processor.py:183} INFO - Processing /opt/airflow/dags/dag_tle_ingestion_only.py took 0.197 seconds
[2026-02-04T09:07:44.721+0530] {processor.py:161} INFO - Started process (PID=7388) to work on /opt/airflow/dags/dag_tle_ingestion_only.py
[2026-02-04T09:07:44.722+0530] {processor.py:830} INFO - Processing file /opt/airflow/dags/dag_tle_ingestion_only.py for tasks to queue
[2026-02-04T09:07:44.724+0530] {logging_mixin.py:188} INFO - [2026-02-04T09:07:44.723+0530] {dagbag.py:538} INFO - Filling up the DagBag from /opt/airflow/dags/dag_tle_ingestion_only.py
[2026-02-04T09:07:44.763+0530] {processor.py:840} INFO - DAG(s) 'tle_data_ingestion' retrieved from /opt/airflow/dags/dag_tle_ingestion_only.py
[2026-02-04T09:07:44.818+0530] {logging_mixin.py:188} INFO - [2026-02-04T09:07:44.818+0530] {dag.py:3036} INFO - Sync 1 DAGs
[2026-02-04T09:07:44.895+0530] {processor.py:183} INFO - Processing /opt/airflow/dags/dag_tle_ingestion_only.py took 0.181 seconds
[2026-02-04T09:08:15.070+0530] {processor.py:161} INFO - Started process (PID=7393) to work on /opt/airflow/dags/dag_tle_ingestion_only.py
[2026-02-04T09:08:15.072+0530] {processor.py:830} INFO - Processing file /opt/airflow/dags/dag_tle_ingestion_only.py for tasks to queue
[2026-02-04T09:08:15.074+0530] {logging_mixin.py:188} INFO - [2026-02-04T09:08:15.073+0530] {dagbag.py:538} INFO - Filling up the DagBag from /opt/airflow/dags/dag_tle_ingestion_only.py
[2026-02-04T09:08:15.136+0530] {processor.py:840} INFO - DAG(s) 'tle_data_ingestion' retrieved from /opt/airflow/dags/dag_tle_ingestion_only.py
[2026-02-04T09:08:15.200+0530] {logging_mixin.py:188} INFO - [2026-02-04T09:08:15.200+0530] {dag.py:3036} INFO - Sync 1 DAGs
[2026-02-04T09:08:15.274+0530] {processor.py:183} INFO - Processing /opt/airflow/dags/dag_tle_ingestion_only.py took 0.212 seconds
[2026-02-04T09:08:45.441+0530] {processor.py:161} INFO - Started process (PID=7398) to work on /opt/airflow/dags/dag_tle_ingestion_only.py
[2026-02-04T09:08:45.442+0530] {processor.py:830} INFO - Processing file /opt/airflow/dags/dag_tle_ingestion_only.py for tasks to queue
[2026-02-04T09:08:45.444+0530] {logging_mixin.py:188} INFO - [2026-02-04T09:08:45.443+0530] {dagbag.py:538} INFO - Filling up the DagBag from /opt/airflow/dags/dag_tle_ingestion_only.py
[2026-02-04T09:08:45.483+0530] {processor.py:840} INFO - DAG(s) 'tle_data_ingestion' retrieved from /opt/airflow/dags/dag_tle_ingestion_only.py
[2026-02-04T09:08:45.536+0530] {logging_mixin.py:188} INFO - [2026-02-04T09:08:45.535+0530] {dag.py:3036} INFO - Sync 1 DAGs
[2026-02-04T09:08:45.612+0530] {processor.py:183} INFO - Processing /opt/airflow/dags/dag_tle_ingestion_only.py took 0.177 seconds
[2026-02-04T09:09:15.781+0530] {processor.py:161} INFO - Started process (PID=7403) to work on /opt/airflow/dags/dag_tle_ingestion_only.py
[2026-02-04T09:09:15.784+0530] {processor.py:830} INFO - Processing file /opt/airflow/dags/dag_tle_ingestion_only.py for tasks to queue
[2026-02-04T09:09:15.786+0530] {logging_mixin.py:188} INFO - [2026-02-04T09:09:15.785+0530] {dagbag.py:538} INFO - Filling up the DagBag from /opt/airflow/dags/dag_tle_ingestion_only.py
[2026-02-04T09:09:15.827+0530] {processor.py:840} INFO - DAG(s) 'tle_data_ingestion' retrieved from /opt/airflow/dags/dag_tle_ingestion_only.py
[2026-02-04T09:09:15.884+0530] {logging_mixin.py:188} INFO - [2026-02-04T09:09:15.884+0530] {dag.py:3036} INFO - Sync 1 DAGs
[2026-02-04T09:09:15.962+0530] {processor.py:183} INFO - Processing /opt/airflow/dags/dag_tle_ingestion_only.py took 0.187 seconds
[2026-02-04T09:09:46.127+0530] {processor.py:161} INFO - Started process (PID=7408) to work on /opt/airflow/dags/dag_tle_ingestion_only.py
[2026-02-04T09:09:46.129+0530] {processor.py:830} INFO - Processing file /opt/airflow/dags/dag_tle_ingestion_only.py for tasks to queue
[2026-02-04T09:09:46.131+0530] {logging_mixin.py:188} INFO - [2026-02-04T09:09:46.130+0530] {dagbag.py:538} INFO - Filling up the DagBag from /opt/airflow/dags/dag_tle_ingestion_only.py
[2026-02-04T09:09:46.170+0530] {processor.py:840} INFO - DAG(s) 'tle_data_ingestion' retrieved from /opt/airflow/dags/dag_tle_ingestion_only.py
[2026-02-04T09:09:46.227+0530] {logging_mixin.py:188} INFO - [2026-02-04T09:09:46.227+0530] {dag.py:3036} INFO - Sync 1 DAGs
[2026-02-04T09:09:46.310+0530] {processor.py:183} INFO - Processing /opt/airflow/dags/dag_tle_ingestion_only.py took 0.189 seconds
[2026-02-04T09:10:16.480+0530] {processor.py:161} INFO - Started process (PID=7413) to work on /opt/airflow/dags/dag_tle_ingestion_only.py
[2026-02-04T09:10:16.482+0530] {processor.py:830} INFO - Processing file /opt/airflow/dags/dag_tle_ingestion_only.py for tasks to queue
[2026-02-04T09:10:16.484+0530] {logging_mixin.py:188} INFO - [2026-02-04T09:10:16.483+0530] {dagbag.py:538} INFO - Filling up the DagBag from /opt/airflow/dags/dag_tle_ingestion_only.py
[2026-02-04T09:10:16.525+0530] {processor.py:840} INFO - DAG(s) 'tle_data_ingestion' retrieved from /opt/airflow/dags/dag_tle_ingestion_only.py
[2026-02-04T09:10:16.580+0530] {logging_mixin.py:188} INFO - [2026-02-04T09:10:16.580+0530] {dag.py:3036} INFO - Sync 1 DAGs
[2026-02-04T09:10:16.659+0530] {processor.py:183} INFO - Processing /opt/airflow/dags/dag_tle_ingestion_only.py took 0.185 seconds
[2026-02-04T09:10:46.823+0530] {processor.py:161} INFO - Started process (PID=7418) to work on /opt/airflow/dags/dag_tle_ingestion_only.py
[2026-02-04T09:10:46.824+0530] {processor.py:830} INFO - Processing file /opt/airflow/dags/dag_tle_ingestion_only.py for tasks to queue
[2026-02-04T09:10:46.825+0530] {logging_mixin.py:188} INFO - [2026-02-04T09:10:46.825+0530] {dagbag.py:538} INFO - Filling up the DagBag from /opt/airflow/dags/dag_tle_ingestion_only.py
[2026-02-04T09:10:46.859+0530] {processor.py:840} INFO - DAG(s) 'tle_data_ingestion' retrieved from /opt/airflow/dags/dag_tle_ingestion_only.py
[2026-02-04T09:10:46.907+0530] {logging_mixin.py:188} INFO - [2026-02-04T09:10:46.906+0530] {dag.py:3036} INFO - Sync 1 DAGs
[2026-02-04T09:10:46.981+0530] {processor.py:183} INFO - Processing /opt/airflow/dags/dag_tle_ingestion_only.py took 0.165 seconds
[2026-02-04T09:11:17.148+0530] {processor.py:161} INFO - Started process (PID=7423) to work on /opt/airflow/dags/dag_tle_ingestion_only.py
[2026-02-04T09:11:17.150+0530] {processor.py:830} INFO - Processing file /opt/airflow/dags/dag_tle_ingestion_only.py for tasks to queue
[2026-02-04T09:11:17.152+0530] {logging_mixin.py:188} INFO - [2026-02-04T09:11:17.151+0530] {dagbag.py:538} INFO - Filling up the DagBag from /opt/airflow/dags/dag_tle_ingestion_only.py
[2026-02-04T09:11:17.188+0530] {processor.py:840} INFO - DAG(s) 'tle_data_ingestion' retrieved from /opt/airflow/dags/dag_tle_ingestion_only.py
[2026-02-04T09:11:17.247+0530] {logging_mixin.py:188} INFO - [2026-02-04T09:11:17.247+0530] {dag.py:3036} INFO - Sync 1 DAGs
[2026-02-04T09:11:17.316+0530] {processor.py:183} INFO - Processing /opt/airflow/dags/dag_tle_ingestion_only.py took 0.175 seconds
[2026-02-04T09:11:47.488+0530] {processor.py:161} INFO - Started process (PID=7428) to work on /opt/airflow/dags/dag_tle_ingestion_only.py
[2026-02-04T09:11:47.489+0530] {processor.py:830} INFO - Processing file /opt/airflow/dags/dag_tle_ingestion_only.py for tasks to queue
[2026-02-04T09:11:47.491+0530] {logging_mixin.py:188} INFO - [2026-02-04T09:11:47.490+0530] {dagbag.py:538} INFO - Filling up the DagBag from /opt/airflow/dags/dag_tle_ingestion_only.py
[2026-02-04T09:11:47.529+0530] {processor.py:840} INFO - DAG(s) 'tle_data_ingestion' retrieved from /opt/airflow/dags/dag_tle_ingestion_only.py
[2026-02-04T09:11:47.585+0530] {logging_mixin.py:188} INFO - [2026-02-04T09:11:47.585+0530] {dag.py:3036} INFO - Sync 1 DAGs
[2026-02-04T09:11:47.663+0530] {processor.py:183} INFO - Processing /opt/airflow/dags/dag_tle_ingestion_only.py took 0.182 seconds
[2026-02-04T09:12:17.823+0530] {processor.py:161} INFO - Started process (PID=7433) to work on /opt/airflow/dags/dag_tle_ingestion_only.py
[2026-02-04T09:12:17.824+0530] {processor.py:830} INFO - Processing file /opt/airflow/dags/dag_tle_ingestion_only.py for tasks to queue
[2026-02-04T09:12:17.826+0530] {logging_mixin.py:188} INFO - [2026-02-04T09:12:17.825+0530] {dagbag.py:538} INFO - Filling up the DagBag from /opt/airflow/dags/dag_tle_ingestion_only.py
[2026-02-04T09:12:17.862+0530] {processor.py:840} INFO - DAG(s) 'tle_data_ingestion' retrieved from /opt/airflow/dags/dag_tle_ingestion_only.py
[2026-02-04T09:12:17.915+0530] {logging_mixin.py:188} INFO - [2026-02-04T09:12:17.915+0530] {dag.py:3036} INFO - Sync 1 DAGs
[2026-02-04T09:12:17.996+0530] {processor.py:183} INFO - Processing /opt/airflow/dags/dag_tle_ingestion_only.py took 0.179 seconds
[2026-02-04T09:12:48.166+0530] {processor.py:161} INFO - Started process (PID=7438) to work on /opt/airflow/dags/dag_tle_ingestion_only.py
[2026-02-04T09:12:48.169+0530] {processor.py:830} INFO - Processing file /opt/airflow/dags/dag_tle_ingestion_only.py for tasks to queue
[2026-02-04T09:12:48.170+0530] {logging_mixin.py:188} INFO - [2026-02-04T09:12:48.170+0530] {dagbag.py:538} INFO - Filling up the DagBag from /opt/airflow/dags/dag_tle_ingestion_only.py
[2026-02-04T09:12:48.209+0530] {processor.py:840} INFO - DAG(s) 'tle_data_ingestion' retrieved from /opt/airflow/dags/dag_tle_ingestion_only.py
[2026-02-04T09:12:48.265+0530] {logging_mixin.py:188} INFO - [2026-02-04T09:12:48.265+0530] {dag.py:3036} INFO - Sync 1 DAGs
[2026-02-04T09:12:48.342+0530] {processor.py:183} INFO - Processing /opt/airflow/dags/dag_tle_ingestion_only.py took 0.183 seconds
[2026-02-04T09:13:18.506+0530] {processor.py:161} INFO - Started process (PID=7443) to work on /opt/airflow/dags/dag_tle_ingestion_only.py
[2026-02-04T09:13:18.508+0530] {processor.py:830} INFO - Processing file /opt/airflow/dags/dag_tle_ingestion_only.py for tasks to queue
[2026-02-04T09:13:18.509+0530] {logging_mixin.py:188} INFO - [2026-02-04T09:13:18.509+0530] {dagbag.py:538} INFO - Filling up the DagBag from /opt/airflow/dags/dag_tle_ingestion_only.py
[2026-02-04T09:13:18.537+0530] {processor.py:840} INFO - DAG(s) 'tle_data_ingestion' retrieved from /opt/airflow/dags/dag_tle_ingestion_only.py
[2026-02-04T09:13:18.575+0530] {logging_mixin.py:188} INFO - [2026-02-04T09:13:18.574+0530] {dag.py:3036} INFO - Sync 1 DAGs
[2026-02-04T09:13:18.629+0530] {processor.py:183} INFO - Processing /opt/airflow/dags/dag_tle_ingestion_only.py took 0.128 seconds
[2026-02-04T09:13:48.799+0530] {processor.py:161} INFO - Started process (PID=7448) to work on /opt/airflow/dags/dag_tle_ingestion_only.py
[2026-02-04T09:13:48.803+0530] {processor.py:830} INFO - Processing file /opt/airflow/dags/dag_tle_ingestion_only.py for tasks to queue
[2026-02-04T09:13:48.806+0530] {logging_mixin.py:188} INFO - [2026-02-04T09:13:48.804+0530] {dagbag.py:538} INFO - Filling up the DagBag from /opt/airflow/dags/dag_tle_ingestion_only.py
[2026-02-04T09:13:48.868+0530] {processor.py:840} INFO - DAG(s) 'tle_data_ingestion' retrieved from /opt/airflow/dags/dag_tle_ingestion_only.py
[2026-02-04T09:13:48.933+0530] {logging_mixin.py:188} INFO - [2026-02-04T09:13:48.933+0530] {dag.py:3036} INFO - Sync 1 DAGs
[2026-02-04T09:13:49.018+0530] {processor.py:183} INFO - Processing /opt/airflow/dags/dag_tle_ingestion_only.py took 0.230 seconds
[2026-02-04T09:14:19.191+0530] {processor.py:161} INFO - Started process (PID=7453) to work on /opt/airflow/dags/dag_tle_ingestion_only.py
[2026-02-04T09:14:19.194+0530] {processor.py:830} INFO - Processing file /opt/airflow/dags/dag_tle_ingestion_only.py for tasks to queue
[2026-02-04T09:14:19.196+0530] {logging_mixin.py:188} INFO - [2026-02-04T09:14:19.195+0530] {dagbag.py:538} INFO - Filling up the DagBag from /opt/airflow/dags/dag_tle_ingestion_only.py
[2026-02-04T09:14:19.230+0530] {processor.py:840} INFO - DAG(s) 'tle_data_ingestion' retrieved from /opt/airflow/dags/dag_tle_ingestion_only.py
[2026-02-04T09:14:19.285+0530] {logging_mixin.py:188} INFO - [2026-02-04T09:14:19.285+0530] {dag.py:3036} INFO - Sync 1 DAGs
[2026-02-04T09:14:19.350+0530] {processor.py:183} INFO - Processing /opt/airflow/dags/dag_tle_ingestion_only.py took 0.166 seconds
[2026-02-04T09:14:49.514+0530] {processor.py:161} INFO - Started process (PID=7458) to work on /opt/airflow/dags/dag_tle_ingestion_only.py
[2026-02-04T09:14:49.515+0530] {processor.py:830} INFO - Processing file /opt/airflow/dags/dag_tle_ingestion_only.py for tasks to queue
[2026-02-04T09:14:49.517+0530] {logging_mixin.py:188} INFO - [2026-02-04T09:14:49.516+0530] {dagbag.py:538} INFO - Filling up the DagBag from /opt/airflow/dags/dag_tle_ingestion_only.py
[2026-02-04T09:14:49.564+0530] {processor.py:840} INFO - DAG(s) 'tle_data_ingestion' retrieved from /opt/airflow/dags/dag_tle_ingestion_only.py
[2026-02-04T09:14:49.622+0530] {logging_mixin.py:188} INFO - [2026-02-04T09:14:49.622+0530] {dag.py:3036} INFO - Sync 1 DAGs
[2026-02-04T09:14:49.706+0530] {processor.py:183} INFO - Processing /opt/airflow/dags/dag_tle_ingestion_only.py took 0.200 seconds
[2026-02-04T09:15:19.868+0530] {processor.py:161} INFO - Started process (PID=7463) to work on /opt/airflow/dags/dag_tle_ingestion_only.py
[2026-02-04T09:15:19.869+0530] {processor.py:830} INFO - Processing file /opt/airflow/dags/dag_tle_ingestion_only.py for tasks to queue
[2026-02-04T09:15:19.871+0530] {logging_mixin.py:188} INFO - [2026-02-04T09:15:19.870+0530] {dagbag.py:538} INFO - Filling up the DagBag from /opt/airflow/dags/dag_tle_ingestion_only.py
[2026-02-04T09:15:19.910+0530] {processor.py:840} INFO - DAG(s) 'tle_data_ingestion' retrieved from /opt/airflow/dags/dag_tle_ingestion_only.py
[2026-02-04T09:15:19.968+0530] {logging_mixin.py:188} INFO - [2026-02-04T09:15:19.967+0530] {dag.py:3036} INFO - Sync 1 DAGs
[2026-02-04T09:15:20.049+0530] {processor.py:183} INFO - Processing /opt/airflow/dags/dag_tle_ingestion_only.py took 0.187 seconds
[2026-02-04T09:15:50.221+0530] {processor.py:161} INFO - Started process (PID=7468) to work on /opt/airflow/dags/dag_tle_ingestion_only.py
[2026-02-04T09:15:50.224+0530] {processor.py:830} INFO - Processing file /opt/airflow/dags/dag_tle_ingestion_only.py for tasks to queue
[2026-02-04T09:15:50.226+0530] {logging_mixin.py:188} INFO - [2026-02-04T09:15:50.225+0530] {dagbag.py:538} INFO - Filling up the DagBag from /opt/airflow/dags/dag_tle_ingestion_only.py
[2026-02-04T09:15:50.265+0530] {processor.py:840} INFO - DAG(s) 'tle_data_ingestion' retrieved from /opt/airflow/dags/dag_tle_ingestion_only.py
[2026-02-04T09:15:50.321+0530] {logging_mixin.py:188} INFO - [2026-02-04T09:15:50.321+0530] {dag.py:3036} INFO - Sync 1 DAGs
[2026-02-04T09:15:50.402+0530] {processor.py:183} INFO - Processing /opt/airflow/dags/dag_tle_ingestion_only.py took 0.188 seconds
[2026-02-04T09:16:20.576+0530] {processor.py:161} INFO - Started process (PID=7473) to work on /opt/airflow/dags/dag_tle_ingestion_only.py
[2026-02-04T09:16:20.577+0530] {processor.py:830} INFO - Processing file /opt/airflow/dags/dag_tle_ingestion_only.py for tasks to queue
[2026-02-04T09:16:20.579+0530] {logging_mixin.py:188} INFO - [2026-02-04T09:16:20.578+0530] {dagbag.py:538} INFO - Filling up the DagBag from /opt/airflow/dags/dag_tle_ingestion_only.py
[2026-02-04T09:16:20.617+0530] {processor.py:840} INFO - DAG(s) 'tle_data_ingestion' retrieved from /opt/airflow/dags/dag_tle_ingestion_only.py
[2026-02-04T09:16:20.672+0530] {logging_mixin.py:188} INFO - [2026-02-04T09:16:20.671+0530] {dag.py:3036} INFO - Sync 1 DAGs
[2026-02-04T09:16:20.750+0530] {processor.py:183} INFO - Processing /opt/airflow/dags/dag_tle_ingestion_only.py took 0.180 seconds
[2026-02-04T09:16:50.920+0530] {processor.py:161} INFO - Started process (PID=7478) to work on /opt/airflow/dags/dag_tle_ingestion_only.py
[2026-02-04T09:16:50.923+0530] {processor.py:830} INFO - Processing file /opt/airflow/dags/dag_tle_ingestion_only.py for tasks to queue
[2026-02-04T09:16:50.925+0530] {logging_mixin.py:188} INFO - [2026-02-04T09:16:50.924+0530] {dagbag.py:538} INFO - Filling up the DagBag from /opt/airflow/dags/dag_tle_ingestion_only.py
[2026-02-04T09:16:50.965+0530] {processor.py:840} INFO - DAG(s) 'tle_data_ingestion' retrieved from /opt/airflow/dags/dag_tle_ingestion_only.py
[2026-02-04T09:16:51.022+0530] {logging_mixin.py:188} INFO - [2026-02-04T09:16:51.022+0530] {dag.py:3036} INFO - Sync 1 DAGs
[2026-02-04T09:16:51.106+0530] {processor.py:183} INFO - Processing /opt/airflow/dags/dag_tle_ingestion_only.py took 0.192 seconds
[2026-02-04T09:17:21.277+0530] {processor.py:161} INFO - Started process (PID=7483) to work on /opt/airflow/dags/dag_tle_ingestion_only.py
[2026-02-04T09:17:21.278+0530] {processor.py:830} INFO - Processing file /opt/airflow/dags/dag_tle_ingestion_only.py for tasks to queue
[2026-02-04T09:17:21.280+0530] {logging_mixin.py:188} INFO - [2026-02-04T09:17:21.279+0530] {dagbag.py:538} INFO - Filling up the DagBag from /opt/airflow/dags/dag_tle_ingestion_only.py
[2026-02-04T09:17:21.320+0530] {processor.py:840} INFO - DAG(s) 'tle_data_ingestion' retrieved from /opt/airflow/dags/dag_tle_ingestion_only.py
[2026-02-04T09:17:21.378+0530] {logging_mixin.py:188} INFO - [2026-02-04T09:17:21.377+0530] {dag.py:3036} INFO - Sync 1 DAGs
[2026-02-04T09:17:21.447+0530] {processor.py:183} INFO - Processing /opt/airflow/dags/dag_tle_ingestion_only.py took 0.175 seconds
[2026-02-04T09:17:51.615+0530] {processor.py:161} INFO - Started process (PID=7488) to work on /opt/airflow/dags/dag_tle_ingestion_only.py
[2026-02-04T09:17:51.618+0530] {processor.py:830} INFO - Processing file /opt/airflow/dags/dag_tle_ingestion_only.py for tasks to queue
[2026-02-04T09:17:51.619+0530] {logging_mixin.py:188} INFO - [2026-02-04T09:17:51.618+0530] {dagbag.py:538} INFO - Filling up the DagBag from /opt/airflow/dags/dag_tle_ingestion_only.py
[2026-02-04T09:17:51.653+0530] {processor.py:840} INFO - DAG(s) 'tle_data_ingestion' retrieved from /opt/airflow/dags/dag_tle_ingestion_only.py
[2026-02-04T09:17:51.705+0530] {logging_mixin.py:188} INFO - [2026-02-04T09:17:51.704+0530] {dag.py:3036} INFO - Sync 1 DAGs
[2026-02-04T09:17:51.871+0530] {processor.py:183} INFO - Processing /opt/airflow/dags/dag_tle_ingestion_only.py took 0.262 seconds
[2026-02-04T09:18:22.038+0530] {processor.py:161} INFO - Started process (PID=7493) to work on /opt/airflow/dags/dag_tle_ingestion_only.py
[2026-02-04T09:18:22.040+0530] {processor.py:830} INFO - Processing file /opt/airflow/dags/dag_tle_ingestion_only.py for tasks to queue
[2026-02-04T09:18:22.042+0530] {logging_mixin.py:188} INFO - [2026-02-04T09:18:22.041+0530] {dagbag.py:538} INFO - Filling up the DagBag from /opt/airflow/dags/dag_tle_ingestion_only.py
[2026-02-04T09:18:22.081+0530] {processor.py:840} INFO - DAG(s) 'tle_data_ingestion' retrieved from /opt/airflow/dags/dag_tle_ingestion_only.py
[2026-02-04T09:18:22.137+0530] {logging_mixin.py:188} INFO - [2026-02-04T09:18:22.136+0530] {dag.py:3036} INFO - Sync 1 DAGs
[2026-02-04T09:18:22.218+0530] {processor.py:183} INFO - Processing /opt/airflow/dags/dag_tle_ingestion_only.py took 0.187 seconds
[2026-02-04T09:18:52.394+0530] {processor.py:161} INFO - Started process (PID=7498) to work on /opt/airflow/dags/dag_tle_ingestion_only.py
[2026-02-04T09:18:52.396+0530] {processor.py:830} INFO - Processing file /opt/airflow/dags/dag_tle_ingestion_only.py for tasks to queue
[2026-02-04T09:18:52.397+0530] {logging_mixin.py:188} INFO - [2026-02-04T09:18:52.397+0530] {dagbag.py:538} INFO - Filling up the DagBag from /opt/airflow/dags/dag_tle_ingestion_only.py
[2026-02-04T09:18:52.436+0530] {processor.py:840} INFO - DAG(s) 'tle_data_ingestion' retrieved from /opt/airflow/dags/dag_tle_ingestion_only.py
[2026-02-04T09:18:52.494+0530] {logging_mixin.py:188} INFO - [2026-02-04T09:18:52.493+0530] {dag.py:3036} INFO - Sync 1 DAGs
[2026-02-04T09:18:52.571+0530] {processor.py:183} INFO - Processing /opt/airflow/dags/dag_tle_ingestion_only.py took 0.183 seconds
[2026-02-04T09:19:22.743+0530] {processor.py:161} INFO - Started process (PID=7503) to work on /opt/airflow/dags/dag_tle_ingestion_only.py
[2026-02-04T09:19:22.745+0530] {processor.py:830} INFO - Processing file /opt/airflow/dags/dag_tle_ingestion_only.py for tasks to queue
[2026-02-04T09:19:22.746+0530] {logging_mixin.py:188} INFO - [2026-02-04T09:19:22.746+0530] {dagbag.py:538} INFO - Filling up the DagBag from /opt/airflow/dags/dag_tle_ingestion_only.py
[2026-02-04T09:19:22.791+0530] {processor.py:840} INFO - DAG(s) 'tle_data_ingestion' retrieved from /opt/airflow/dags/dag_tle_ingestion_only.py
[2026-02-04T09:19:22.847+0530] {logging_mixin.py:188} INFO - [2026-02-04T09:19:22.846+0530] {dag.py:3036} INFO - Sync 1 DAGs
[2026-02-04T09:19:22.924+0530] {processor.py:183} INFO - Processing /opt/airflow/dags/dag_tle_ingestion_only.py took 0.187 seconds
[2026-02-04T09:19:53.095+0530] {processor.py:161} INFO - Started process (PID=7508) to work on /opt/airflow/dags/dag_tle_ingestion_only.py
[2026-02-04T09:19:53.097+0530] {processor.py:830} INFO - Processing file /opt/airflow/dags/dag_tle_ingestion_only.py for tasks to queue
[2026-02-04T09:19:53.099+0530] {logging_mixin.py:188} INFO - [2026-02-04T09:19:53.098+0530] {dagbag.py:538} INFO - Filling up the DagBag from /opt/airflow/dags/dag_tle_ingestion_only.py
[2026-02-04T09:19:53.143+0530] {processor.py:840} INFO - DAG(s) 'tle_data_ingestion' retrieved from /opt/airflow/dags/dag_tle_ingestion_only.py
[2026-02-04T09:19:53.192+0530] {logging_mixin.py:188} INFO - [2026-02-04T09:19:53.191+0530] {dag.py:3036} INFO - Sync 1 DAGs
[2026-02-04T09:19:53.277+0530] {processor.py:183} INFO - Processing /opt/airflow/dags/dag_tle_ingestion_only.py took 0.190 seconds
[2026-02-04T09:20:23.459+0530] {processor.py:161} INFO - Started process (PID=7513) to work on /opt/airflow/dags/dag_tle_ingestion_only.py
[2026-02-04T09:20:23.463+0530] {processor.py:830} INFO - Processing file /opt/airflow/dags/dag_tle_ingestion_only.py for tasks to queue
[2026-02-04T09:20:23.465+0530] {logging_mixin.py:188} INFO - [2026-02-04T09:20:23.464+0530] {dagbag.py:538} INFO - Filling up the DagBag from /opt/airflow/dags/dag_tle_ingestion_only.py
[2026-02-04T09:20:23.532+0530] {processor.py:840} INFO - DAG(s) 'tle_data_ingestion' retrieved from /opt/airflow/dags/dag_tle_ingestion_only.py
[2026-02-04T09:20:23.592+0530] {logging_mixin.py:188} INFO - [2026-02-04T09:20:23.592+0530] {dag.py:3036} INFO - Sync 1 DAGs
[2026-02-04T09:20:23.670+0530] {processor.py:183} INFO - Processing /opt/airflow/dags/dag_tle_ingestion_only.py took 0.224 seconds
[2026-02-04T09:20:53.838+0530] {processor.py:161} INFO - Started process (PID=7525) to work on /opt/airflow/dags/dag_tle_ingestion_only.py
[2026-02-04T09:20:53.841+0530] {processor.py:830} INFO - Processing file /opt/airflow/dags/dag_tle_ingestion_only.py for tasks to queue
[2026-02-04T09:20:53.844+0530] {logging_mixin.py:188} INFO - [2026-02-04T09:20:53.843+0530] {dagbag.py:538} INFO - Filling up the DagBag from /opt/airflow/dags/dag_tle_ingestion_only.py
[2026-02-04T09:20:53.900+0530] {processor.py:840} INFO - DAG(s) 'tle_data_ingestion' retrieved from /opt/airflow/dags/dag_tle_ingestion_only.py
[2026-02-04T09:20:53.961+0530] {logging_mixin.py:188} INFO - [2026-02-04T09:20:53.961+0530] {dag.py:3036} INFO - Sync 1 DAGs
[2026-02-04T09:20:54.024+0530] {logging_mixin.py:188} INFO - [2026-02-04T09:20:54.023+0530] {dag.py:3823} INFO - Setting next_dagrun for tle_data_ingestion to 2026-02-04 03:50:00+00:00, run_after=2026-02-04 03:55:00+00:00
[2026-02-04T09:20:54.056+0530] {processor.py:183} INFO - Processing /opt/airflow/dags/dag_tle_ingestion_only.py took 0.224 seconds
[2026-02-04T09:21:24.221+0530] {processor.py:161} INFO - Started process (PID=7530) to work on /opt/airflow/dags/dag_tle_ingestion_only.py
[2026-02-04T09:21:24.222+0530] {processor.py:830} INFO - Processing file /opt/airflow/dags/dag_tle_ingestion_only.py for tasks to queue
[2026-02-04T09:21:24.224+0530] {logging_mixin.py:188} INFO - [2026-02-04T09:21:24.223+0530] {dagbag.py:538} INFO - Filling up the DagBag from /opt/airflow/dags/dag_tle_ingestion_only.py
[2026-02-04T09:21:24.263+0530] {processor.py:840} INFO - DAG(s) 'tle_data_ingestion' retrieved from /opt/airflow/dags/dag_tle_ingestion_only.py
[2026-02-04T09:21:24.321+0530] {logging_mixin.py:188} INFO - [2026-02-04T09:21:24.320+0530] {dag.py:3036} INFO - Sync 1 DAGs
[2026-02-04T09:21:24.374+0530] {logging_mixin.py:188} INFO - [2026-02-04T09:21:24.373+0530] {dag.py:3823} INFO - Setting next_dagrun for tle_data_ingestion to 2026-02-04 03:50:00+00:00, run_after=2026-02-04 03:55:00+00:00
[2026-02-04T09:21:24.400+0530] {processor.py:183} INFO - Processing /opt/airflow/dags/dag_tle_ingestion_only.py took 0.186 seconds
[2026-02-04T09:21:54.559+0530] {processor.py:161} INFO - Started process (PID=7535) to work on /opt/airflow/dags/dag_tle_ingestion_only.py
[2026-02-04T09:21:54.562+0530] {processor.py:830} INFO - Processing file /opt/airflow/dags/dag_tle_ingestion_only.py for tasks to queue
[2026-02-04T09:21:54.564+0530] {logging_mixin.py:188} INFO - [2026-02-04T09:21:54.564+0530] {dagbag.py:538} INFO - Filling up the DagBag from /opt/airflow/dags/dag_tle_ingestion_only.py
[2026-02-04T09:21:54.595+0530] {processor.py:840} INFO - DAG(s) 'tle_data_ingestion' retrieved from /opt/airflow/dags/dag_tle_ingestion_only.py
[2026-02-04T09:21:54.637+0530] {logging_mixin.py:188} INFO - [2026-02-04T09:21:54.636+0530] {dag.py:3036} INFO - Sync 1 DAGs
[2026-02-04T09:21:54.687+0530] {logging_mixin.py:188} INFO - [2026-02-04T09:21:54.686+0530] {dag.py:3823} INFO - Setting next_dagrun for tle_data_ingestion to 2026-02-04 03:50:00+00:00, run_after=2026-02-04 03:55:00+00:00
[2026-02-04T09:21:54.718+0530] {processor.py:183} INFO - Processing /opt/airflow/dags/dag_tle_ingestion_only.py took 0.165 seconds
[2026-02-04T09:22:24.883+0530] {processor.py:161} INFO - Started process (PID=7540) to work on /opt/airflow/dags/dag_tle_ingestion_only.py
[2026-02-04T09:22:24.884+0530] {processor.py:830} INFO - Processing file /opt/airflow/dags/dag_tle_ingestion_only.py for tasks to queue
[2026-02-04T09:22:24.886+0530] {logging_mixin.py:188} INFO - [2026-02-04T09:22:24.885+0530] {dagbag.py:538} INFO - Filling up the DagBag from /opt/airflow/dags/dag_tle_ingestion_only.py
[2026-02-04T09:22:24.927+0530] {processor.py:840} INFO - DAG(s) 'tle_data_ingestion' retrieved from /opt/airflow/dags/dag_tle_ingestion_only.py
[2026-02-04T09:22:24.984+0530] {logging_mixin.py:188} INFO - [2026-02-04T09:22:24.984+0530] {dag.py:3036} INFO - Sync 1 DAGs
[2026-02-04T09:22:25.043+0530] {logging_mixin.py:188} INFO - [2026-02-04T09:22:25.043+0530] {dag.py:3823} INFO - Setting next_dagrun for tle_data_ingestion to 2026-02-04 03:50:00+00:00, run_after=2026-02-04 03:55:00+00:00
[2026-02-04T09:22:25.080+0530] {processor.py:183} INFO - Processing /opt/airflow/dags/dag_tle_ingestion_only.py took 0.202 seconds
[2026-02-04T09:22:55.253+0530] {processor.py:161} INFO - Started process (PID=7545) to work on /opt/airflow/dags/dag_tle_ingestion_only.py
[2026-02-04T09:22:55.255+0530] {processor.py:830} INFO - Processing file /opt/airflow/dags/dag_tle_ingestion_only.py for tasks to queue
[2026-02-04T09:22:55.257+0530] {logging_mixin.py:188} INFO - [2026-02-04T09:22:55.256+0530] {dagbag.py:538} INFO - Filling up the DagBag from /opt/airflow/dags/dag_tle_ingestion_only.py
[2026-02-04T09:22:55.293+0530] {processor.py:840} INFO - DAG(s) 'tle_data_ingestion' retrieved from /opt/airflow/dags/dag_tle_ingestion_only.py
[2026-02-04T09:22:55.341+0530] {logging_mixin.py:188} INFO - [2026-02-04T09:22:55.341+0530] {dag.py:3036} INFO - Sync 1 DAGs
[2026-02-04T09:22:55.385+0530] {logging_mixin.py:188} INFO - [2026-02-04T09:22:55.385+0530] {dag.py:3823} INFO - Setting next_dagrun for tle_data_ingestion to 2026-02-04 03:50:00+00:00, run_after=2026-02-04 03:55:00+00:00
[2026-02-04T09:22:55.420+0530] {processor.py:183} INFO - Processing /opt/airflow/dags/dag_tle_ingestion_only.py took 0.173 seconds
[2026-02-04T09:23:25.599+0530] {processor.py:161} INFO - Started process (PID=7550) to work on /opt/airflow/dags/dag_tle_ingestion_only.py
[2026-02-04T09:23:25.600+0530] {processor.py:830} INFO - Processing file /opt/airflow/dags/dag_tle_ingestion_only.py for tasks to queue
[2026-02-04T09:23:25.602+0530] {logging_mixin.py:188} INFO - [2026-02-04T09:23:25.601+0530] {dagbag.py:538} INFO - Filling up the DagBag from /opt/airflow/dags/dag_tle_ingestion_only.py
[2026-02-04T09:23:25.641+0530] {processor.py:840} INFO - DAG(s) 'tle_data_ingestion' retrieved from /opt/airflow/dags/dag_tle_ingestion_only.py
[2026-02-04T09:23:25.699+0530] {logging_mixin.py:188} INFO - [2026-02-04T09:23:25.698+0530] {dag.py:3036} INFO - Sync 1 DAGs
[2026-02-04T09:23:25.753+0530] {logging_mixin.py:188} INFO - [2026-02-04T09:23:25.752+0530] {dag.py:3823} INFO - Setting next_dagrun for tle_data_ingestion to 2026-02-04 03:50:00+00:00, run_after=2026-02-04 03:55:00+00:00
[2026-02-04T09:23:25.787+0530] {processor.py:183} INFO - Processing /opt/airflow/dags/dag_tle_ingestion_only.py took 0.195 seconds
[2026-02-04T09:23:55.965+0530] {processor.py:161} INFO - Started process (PID=7555) to work on /opt/airflow/dags/dag_tle_ingestion_only.py
[2026-02-04T09:23:55.968+0530] {processor.py:830} INFO - Processing file /opt/airflow/dags/dag_tle_ingestion_only.py for tasks to queue
[2026-02-04T09:23:55.970+0530] {logging_mixin.py:188} INFO - [2026-02-04T09:23:55.969+0530] {dagbag.py:538} INFO - Filling up the DagBag from /opt/airflow/dags/dag_tle_ingestion_only.py
[2026-02-04T09:23:56.009+0530] {processor.py:840} INFO - DAG(s) 'tle_data_ingestion' retrieved from /opt/airflow/dags/dag_tle_ingestion_only.py
[2026-02-04T09:23:56.064+0530] {logging_mixin.py:188} INFO - [2026-02-04T09:23:56.064+0530] {dag.py:3036} INFO - Sync 1 DAGs
[2026-02-04T09:23:56.119+0530] {logging_mixin.py:188} INFO - [2026-02-04T09:23:56.119+0530] {dag.py:3823} INFO - Setting next_dagrun for tle_data_ingestion to 2026-02-04 03:50:00+00:00, run_after=2026-02-04 03:55:00+00:00
[2026-02-04T09:23:56.152+0530] {processor.py:183} INFO - Processing /opt/airflow/dags/dag_tle_ingestion_only.py took 0.193 seconds
[2026-02-04T09:24:26.333+0530] {processor.py:161} INFO - Started process (PID=7560) to work on /opt/airflow/dags/dag_tle_ingestion_only.py
[2026-02-04T09:24:26.335+0530] {processor.py:830} INFO - Processing file /opt/airflow/dags/dag_tle_ingestion_only.py for tasks to queue
[2026-02-04T09:24:26.336+0530] {logging_mixin.py:188} INFO - [2026-02-04T09:24:26.336+0530] {dagbag.py:538} INFO - Filling up the DagBag from /opt/airflow/dags/dag_tle_ingestion_only.py
[2026-02-04T09:24:26.377+0530] {processor.py:840} INFO - DAG(s) 'tle_data_ingestion' retrieved from /opt/airflow/dags/dag_tle_ingestion_only.py
[2026-02-04T09:24:26.433+0530] {logging_mixin.py:188} INFO - [2026-02-04T09:24:26.433+0530] {dag.py:3036} INFO - Sync 1 DAGs
[2026-02-04T09:24:26.486+0530] {logging_mixin.py:188} INFO - [2026-02-04T09:24:26.485+0530] {dag.py:3823} INFO - Setting next_dagrun for tle_data_ingestion to 2026-02-04 03:50:00+00:00, run_after=2026-02-04 03:55:00+00:00
[2026-02-04T09:24:26.520+0530] {processor.py:183} INFO - Processing /opt/airflow/dags/dag_tle_ingestion_only.py took 0.194 seconds
[2026-02-04T09:24:56.697+0530] {processor.py:161} INFO - Started process (PID=7565) to work on /opt/airflow/dags/dag_tle_ingestion_only.py
[2026-02-04T09:24:56.700+0530] {processor.py:830} INFO - Processing file /opt/airflow/dags/dag_tle_ingestion_only.py for tasks to queue
[2026-02-04T09:24:56.702+0530] {logging_mixin.py:188} INFO - [2026-02-04T09:24:56.701+0530] {dagbag.py:538} INFO - Filling up the DagBag from /opt/airflow/dags/dag_tle_ingestion_only.py
[2026-02-04T09:24:56.742+0530] {processor.py:840} INFO - DAG(s) 'tle_data_ingestion' retrieved from /opt/airflow/dags/dag_tle_ingestion_only.py
[2026-02-04T09:24:56.799+0530] {logging_mixin.py:188} INFO - [2026-02-04T09:24:56.798+0530] {dag.py:3036} INFO - Sync 1 DAGs
[2026-02-04T09:24:56.852+0530] {logging_mixin.py:188} INFO - [2026-02-04T09:24:56.852+0530] {dag.py:3823} INFO - Setting next_dagrun for tle_data_ingestion to 2026-02-04 03:50:00+00:00, run_after=2026-02-04 03:55:00+00:00
[2026-02-04T09:24:56.888+0530] {processor.py:183} INFO - Processing /opt/airflow/dags/dag_tle_ingestion_only.py took 0.197 seconds
[2026-02-04T09:25:27.063+0530] {processor.py:161} INFO - Started process (PID=7577) to work on /opt/airflow/dags/dag_tle_ingestion_only.py
[2026-02-04T09:25:27.066+0530] {processor.py:830} INFO - Processing file /opt/airflow/dags/dag_tle_ingestion_only.py for tasks to queue
[2026-02-04T09:25:27.068+0530] {logging_mixin.py:188} INFO - [2026-02-04T09:25:27.067+0530] {dagbag.py:538} INFO - Filling up the DagBag from /opt/airflow/dags/dag_tle_ingestion_only.py
[2026-02-04T09:25:27.108+0530] {processor.py:840} INFO - DAG(s) 'tle_data_ingestion' retrieved from /opt/airflow/dags/dag_tle_ingestion_only.py
[2026-02-04T09:25:27.164+0530] {logging_mixin.py:188} INFO - [2026-02-04T09:25:27.163+0530] {dag.py:3036} INFO - Sync 1 DAGs
[2026-02-04T09:25:27.216+0530] {logging_mixin.py:188} INFO - [2026-02-04T09:25:27.216+0530] {dag.py:3823} INFO - Setting next_dagrun for tle_data_ingestion to 2026-02-04 03:55:00+00:00, run_after=2026-02-04 04:00:00+00:00
[2026-02-04T09:25:27.247+0530] {processor.py:183} INFO - Processing /opt/airflow/dags/dag_tle_ingestion_only.py took 0.191 seconds
[2026-02-04T09:25:57.423+0530] {processor.py:161} INFO - Started process (PID=7582) to work on /opt/airflow/dags/dag_tle_ingestion_only.py
[2026-02-04T09:25:57.424+0530] {processor.py:830} INFO - Processing file /opt/airflow/dags/dag_tle_ingestion_only.py for tasks to queue
[2026-02-04T09:25:57.425+0530] {logging_mixin.py:188} INFO - [2026-02-04T09:25:57.424+0530] {dagbag.py:538} INFO - Filling up the DagBag from /opt/airflow/dags/dag_tle_ingestion_only.py
[2026-02-04T09:25:57.464+0530] {processor.py:840} INFO - DAG(s) 'tle_data_ingestion' retrieved from /opt/airflow/dags/dag_tle_ingestion_only.py
[2026-02-04T09:25:57.520+0530] {logging_mixin.py:188} INFO - [2026-02-04T09:25:57.520+0530] {dag.py:3036} INFO - Sync 1 DAGs
[2026-02-04T09:25:57.572+0530] {logging_mixin.py:188} INFO - [2026-02-04T09:25:57.571+0530] {dag.py:3823} INFO - Setting next_dagrun for tle_data_ingestion to 2026-02-04 03:55:00+00:00, run_after=2026-02-04 04:00:00+00:00
[2026-02-04T09:25:57.605+0530] {processor.py:183} INFO - Processing /opt/airflow/dags/dag_tle_ingestion_only.py took 0.189 seconds
[2026-02-04T09:26:27.773+0530] {processor.py:161} INFO - Started process (PID=7587) to work on /opt/airflow/dags/dag_tle_ingestion_only.py
[2026-02-04T09:26:27.777+0530] {processor.py:830} INFO - Processing file /opt/airflow/dags/dag_tle_ingestion_only.py for tasks to queue
[2026-02-04T09:26:27.779+0530] {logging_mixin.py:188} INFO - [2026-02-04T09:26:27.778+0530] {dagbag.py:538} INFO - Filling up the DagBag from /opt/airflow/dags/dag_tle_ingestion_only.py
[2026-02-04T09:26:27.813+0530] {processor.py:840} INFO - DAG(s) 'tle_data_ingestion' retrieved from /opt/airflow/dags/dag_tle_ingestion_only.py
[2026-02-04T09:26:27.871+0530] {logging_mixin.py:188} INFO - [2026-02-04T09:26:27.871+0530] {dag.py:3036} INFO - Sync 1 DAGs
[2026-02-04T09:26:27.945+0530] {logging_mixin.py:188} INFO - [2026-02-04T09:26:27.945+0530] {dag.py:3823} INFO - Setting next_dagrun for tle_data_ingestion to 2026-02-04 03:55:00+00:00, run_after=2026-02-04 04:00:00+00:00
[2026-02-04T09:26:27.980+0530] {processor.py:183} INFO - Processing /opt/airflow/dags/dag_tle_ingestion_only.py took 0.213 seconds
[2026-02-04T09:26:58.159+0530] {processor.py:161} INFO - Started process (PID=7592) to work on /opt/airflow/dags/dag_tle_ingestion_only.py
[2026-02-04T09:26:58.160+0530] {processor.py:830} INFO - Processing file /opt/airflow/dags/dag_tle_ingestion_only.py for tasks to queue
[2026-02-04T09:26:58.162+0530] {logging_mixin.py:188} INFO - [2026-02-04T09:26:58.161+0530] {dagbag.py:538} INFO - Filling up the DagBag from /opt/airflow/dags/dag_tle_ingestion_only.py
[2026-02-04T09:26:58.204+0530] {processor.py:840} INFO - DAG(s) 'tle_data_ingestion' retrieved from /opt/airflow/dags/dag_tle_ingestion_only.py
[2026-02-04T09:26:58.257+0530] {logging_mixin.py:188} INFO - [2026-02-04T09:26:58.256+0530] {dag.py:3036} INFO - Sync 1 DAGs
[2026-02-04T09:26:58.311+0530] {logging_mixin.py:188} INFO - [2026-02-04T09:26:58.311+0530] {dag.py:3823} INFO - Setting next_dagrun for tle_data_ingestion to 2026-02-04 03:55:00+00:00, run_after=2026-02-04 04:00:00+00:00
[2026-02-04T09:26:58.343+0530] {processor.py:183} INFO - Processing /opt/airflow/dags/dag_tle_ingestion_only.py took 0.192 seconds
[2026-02-04T09:27:28.514+0530] {processor.py:161} INFO - Started process (PID=7597) to work on /opt/airflow/dags/dag_tle_ingestion_only.py
[2026-02-04T09:27:28.517+0530] {processor.py:830} INFO - Processing file /opt/airflow/dags/dag_tle_ingestion_only.py for tasks to queue
[2026-02-04T09:27:28.519+0530] {logging_mixin.py:188} INFO - [2026-02-04T09:27:28.518+0530] {dagbag.py:538} INFO - Filling up the DagBag from /opt/airflow/dags/dag_tle_ingestion_only.py
[2026-02-04T09:27:28.559+0530] {processor.py:840} INFO - DAG(s) 'tle_data_ingestion' retrieved from /opt/airflow/dags/dag_tle_ingestion_only.py
[2026-02-04T09:27:28.615+0530] {logging_mixin.py:188} INFO - [2026-02-04T09:27:28.615+0530] {dag.py:3036} INFO - Sync 1 DAGs
[2026-02-04T09:27:28.667+0530] {logging_mixin.py:188} INFO - [2026-02-04T09:27:28.666+0530] {dag.py:3823} INFO - Setting next_dagrun for tle_data_ingestion to 2026-02-04 03:55:00+00:00, run_after=2026-02-04 04:00:00+00:00
[2026-02-04T09:27:28.703+0530] {processor.py:183} INFO - Processing /opt/airflow/dags/dag_tle_ingestion_only.py took 0.196 seconds
[2026-02-04T09:27:58.864+0530] {processor.py:161} INFO - Started process (PID=7602) to work on /opt/airflow/dags/dag_tle_ingestion_only.py
[2026-02-04T09:27:58.865+0530] {processor.py:830} INFO - Processing file /opt/airflow/dags/dag_tle_ingestion_only.py for tasks to queue
[2026-02-04T09:27:58.867+0530] {logging_mixin.py:188} INFO - [2026-02-04T09:27:58.866+0530] {dagbag.py:538} INFO - Filling up the DagBag from /opt/airflow/dags/dag_tle_ingestion_only.py
[2026-02-04T09:27:58.905+0530] {processor.py:840} INFO - DAG(s) 'tle_data_ingestion' retrieved from /opt/airflow/dags/dag_tle_ingestion_only.py
[2026-02-04T09:27:58.961+0530] {logging_mixin.py:188} INFO - [2026-02-04T09:27:58.961+0530] {dag.py:3036} INFO - Sync 1 DAGs
[2026-02-04T09:27:59.005+0530] {logging_mixin.py:188} INFO - [2026-02-04T09:27:59.005+0530] {dag.py:3823} INFO - Setting next_dagrun for tle_data_ingestion to 2026-02-04 03:55:00+00:00, run_after=2026-02-04 04:00:00+00:00
[2026-02-04T09:27:59.036+0530] {processor.py:183} INFO - Processing /opt/airflow/dags/dag_tle_ingestion_only.py took 0.177 seconds
[2026-02-04T09:28:29.219+0530] {processor.py:161} INFO - Started process (PID=7607) to work on /opt/airflow/dags/dag_tle_ingestion_only.py
[2026-02-04T09:28:29.222+0530] {processor.py:830} INFO - Processing file /opt/airflow/dags/dag_tle_ingestion_only.py for tasks to queue
[2026-02-04T09:28:29.224+0530] {logging_mixin.py:188} INFO - [2026-02-04T09:28:29.223+0530] {dagbag.py:538} INFO - Filling up the DagBag from /opt/airflow/dags/dag_tle_ingestion_only.py
[2026-02-04T09:28:29.265+0530] {processor.py:840} INFO - DAG(s) 'tle_data_ingestion' retrieved from /opt/airflow/dags/dag_tle_ingestion_only.py
[2026-02-04T09:28:29.324+0530] {logging_mixin.py:188} INFO - [2026-02-04T09:28:29.323+0530] {dag.py:3036} INFO - Sync 1 DAGs
[2026-02-04T09:28:29.376+0530] {logging_mixin.py:188} INFO - [2026-02-04T09:28:29.376+0530] {dag.py:3823} INFO - Setting next_dagrun for tle_data_ingestion to 2026-02-04 03:55:00+00:00, run_after=2026-02-04 04:00:00+00:00
[2026-02-04T09:28:29.410+0530] {processor.py:183} INFO - Processing /opt/airflow/dags/dag_tle_ingestion_only.py took 0.197 seconds
[2026-02-04T09:28:59.588+0530] {processor.py:161} INFO - Started process (PID=7612) to work on /opt/airflow/dags/dag_tle_ingestion_only.py
[2026-02-04T09:28:59.589+0530] {processor.py:830} INFO - Processing file /opt/airflow/dags/dag_tle_ingestion_only.py for tasks to queue
[2026-02-04T09:28:59.591+0530] {logging_mixin.py:188} INFO - [2026-02-04T09:28:59.590+0530] {dagbag.py:538} INFO - Filling up the DagBag from /opt/airflow/dags/dag_tle_ingestion_only.py
[2026-02-04T09:28:59.630+0530] {processor.py:840} INFO - DAG(s) 'tle_data_ingestion' retrieved from /opt/airflow/dags/dag_tle_ingestion_only.py
[2026-02-04T09:28:59.670+0530] {logging_mixin.py:188} INFO - [2026-02-04T09:28:59.669+0530] {dag.py:3036} INFO - Sync 1 DAGs
[2026-02-04T09:28:59.712+0530] {logging_mixin.py:188} INFO - [2026-02-04T09:28:59.712+0530] {dag.py:3823} INFO - Setting next_dagrun for tle_data_ingestion to 2026-02-04 03:55:00+00:00, run_after=2026-02-04 04:00:00+00:00
[2026-02-04T09:28:59.748+0530] {processor.py:183} INFO - Processing /opt/airflow/dags/dag_tle_ingestion_only.py took 0.166 seconds
[2026-02-04T09:29:29.924+0530] {processor.py:161} INFO - Started process (PID=7617) to work on /opt/airflow/dags/dag_tle_ingestion_only.py
[2026-02-04T09:29:29.927+0530] {processor.py:830} INFO - Processing file /opt/airflow/dags/dag_tle_ingestion_only.py for tasks to queue
[2026-02-04T09:29:29.929+0530] {logging_mixin.py:188} INFO - [2026-02-04T09:29:29.928+0530] {dagbag.py:538} INFO - Filling up the DagBag from /opt/airflow/dags/dag_tle_ingestion_only.py
[2026-02-04T09:29:29.969+0530] {processor.py:840} INFO - DAG(s) 'tle_data_ingestion' retrieved from /opt/airflow/dags/dag_tle_ingestion_only.py
[2026-02-04T09:29:30.027+0530] {logging_mixin.py:188} INFO - [2026-02-04T09:29:30.026+0530] {dag.py:3036} INFO - Sync 1 DAGs
[2026-02-04T09:29:30.079+0530] {logging_mixin.py:188} INFO - [2026-02-04T09:29:30.079+0530] {dag.py:3823} INFO - Setting next_dagrun for tle_data_ingestion to 2026-02-04 03:55:00+00:00, run_after=2026-02-04 04:00:00+00:00
[2026-02-04T09:29:30.112+0530] {processor.py:183} INFO - Processing /opt/airflow/dags/dag_tle_ingestion_only.py took 0.195 seconds
[2026-02-04T09:30:00.286+0530] {processor.py:161} INFO - Started process (PID=7622) to work on /opt/airflow/dags/dag_tle_ingestion_only.py
[2026-02-04T09:30:00.288+0530] {processor.py:830} INFO - Processing file /opt/airflow/dags/dag_tle_ingestion_only.py for tasks to queue
[2026-02-04T09:30:00.289+0530] {logging_mixin.py:188} INFO - [2026-02-04T09:30:00.289+0530] {dagbag.py:538} INFO - Filling up the DagBag from /opt/airflow/dags/dag_tle_ingestion_only.py
[2026-02-04T09:30:00.329+0530] {processor.py:840} INFO - DAG(s) 'tle_data_ingestion' retrieved from /opt/airflow/dags/dag_tle_ingestion_only.py
[2026-02-04T09:30:00.376+0530] {logging_mixin.py:188} INFO - [2026-02-04T09:30:00.376+0530] {dag.py:3036} INFO - Sync 1 DAGs
[2026-02-04T09:30:00.428+0530] {logging_mixin.py:188} INFO - [2026-02-04T09:30:00.427+0530] {dag.py:3823} INFO - Setting next_dagrun for tle_data_ingestion to 2026-02-04 04:00:00+00:00, run_after=2026-02-04 04:05:00+00:00
[2026-02-04T09:30:00.450+0530] {processor.py:183} INFO - Processing /opt/airflow/dags/dag_tle_ingestion_only.py took 0.170 seconds
[2026-02-04T09:30:30.625+0530] {processor.py:161} INFO - Started process (PID=7634) to work on /opt/airflow/dags/dag_tle_ingestion_only.py
[2026-02-04T09:30:30.628+0530] {processor.py:830} INFO - Processing file /opt/airflow/dags/dag_tle_ingestion_only.py for tasks to queue
[2026-02-04T09:30:30.630+0530] {logging_mixin.py:188} INFO - [2026-02-04T09:30:30.629+0530] {dagbag.py:538} INFO - Filling up the DagBag from /opt/airflow/dags/dag_tle_ingestion_only.py
[2026-02-04T09:30:30.671+0530] {processor.py:840} INFO - DAG(s) 'tle_data_ingestion' retrieved from /opt/airflow/dags/dag_tle_ingestion_only.py
[2026-02-04T09:30:30.729+0530] {logging_mixin.py:188} INFO - [2026-02-04T09:30:30.729+0530] {dag.py:3036} INFO - Sync 1 DAGs
[2026-02-04T09:30:30.785+0530] {logging_mixin.py:188} INFO - [2026-02-04T09:30:30.785+0530] {dag.py:3823} INFO - Setting next_dagrun for tle_data_ingestion to 2026-02-04 04:00:00+00:00, run_after=2026-02-04 04:05:00+00:00
[2026-02-04T09:30:30.824+0530] {processor.py:183} INFO - Processing /opt/airflow/dags/dag_tle_ingestion_only.py took 0.206 seconds
[2026-02-04T09:31:00.985+0530] {processor.py:161} INFO - Started process (PID=7639) to work on /opt/airflow/dags/dag_tle_ingestion_only.py
[2026-02-04T09:31:00.987+0530] {processor.py:830} INFO - Processing file /opt/airflow/dags/dag_tle_ingestion_only.py for tasks to queue
[2026-02-04T09:31:00.988+0530] {logging_mixin.py:188} INFO - [2026-02-04T09:31:00.987+0530] {dagbag.py:538} INFO - Filling up the DagBag from /opt/airflow/dags/dag_tle_ingestion_only.py
[2026-02-04T09:31:01.027+0530] {processor.py:840} INFO - DAG(s) 'tle_data_ingestion' retrieved from /opt/airflow/dags/dag_tle_ingestion_only.py
[2026-02-04T09:31:01.075+0530] {logging_mixin.py:188} INFO - [2026-02-04T09:31:01.075+0530] {dag.py:3036} INFO - Sync 1 DAGs
[2026-02-04T09:31:01.126+0530] {logging_mixin.py:188} INFO - [2026-02-04T09:31:01.125+0530] {dag.py:3823} INFO - Setting next_dagrun for tle_data_ingestion to 2026-02-04 04:00:00+00:00, run_after=2026-02-04 04:05:00+00:00
[2026-02-04T09:31:01.160+0530] {processor.py:183} INFO - Processing /opt/airflow/dags/dag_tle_ingestion_only.py took 0.180 seconds
[2026-02-04T09:31:31.337+0530] {processor.py:161} INFO - Started process (PID=7644) to work on /opt/airflow/dags/dag_tle_ingestion_only.py
[2026-02-04T09:31:31.340+0530] {processor.py:830} INFO - Processing file /opt/airflow/dags/dag_tle_ingestion_only.py for tasks to queue
[2026-02-04T09:31:31.341+0530] {logging_mixin.py:188} INFO - [2026-02-04T09:31:31.340+0530] {dagbag.py:538} INFO - Filling up the DagBag from /opt/airflow/dags/dag_tle_ingestion_only.py
[2026-02-04T09:31:31.379+0530] {processor.py:840} INFO - DAG(s) 'tle_data_ingestion' retrieved from /opt/airflow/dags/dag_tle_ingestion_only.py
[2026-02-04T09:31:31.436+0530] {logging_mixin.py:188} INFO - [2026-02-04T09:31:31.436+0530] {dag.py:3036} INFO - Sync 1 DAGs
[2026-02-04T09:31:31.484+0530] {logging_mixin.py:188} INFO - [2026-02-04T09:31:31.484+0530] {dag.py:3823} INFO - Setting next_dagrun for tle_data_ingestion to 2026-02-04 04:00:00+00:00, run_after=2026-02-04 04:05:00+00:00
[2026-02-04T09:31:31.516+0530] {processor.py:183} INFO - Processing /opt/airflow/dags/dag_tle_ingestion_only.py took 0.186 seconds
[2026-02-04T09:32:01.695+0530] {processor.py:161} INFO - Started process (PID=7649) to work on /opt/airflow/dags/dag_tle_ingestion_only.py
[2026-02-04T09:32:01.696+0530] {processor.py:830} INFO - Processing file /opt/airflow/dags/dag_tle_ingestion_only.py for tasks to queue
[2026-02-04T09:32:01.698+0530] {logging_mixin.py:188} INFO - [2026-02-04T09:32:01.697+0530] {dagbag.py:538} INFO - Filling up the DagBag from /opt/airflow/dags/dag_tle_ingestion_only.py
[2026-02-04T09:32:01.738+0530] {processor.py:840} INFO - DAG(s) 'tle_data_ingestion' retrieved from /opt/airflow/dags/dag_tle_ingestion_only.py
[2026-02-04T09:32:01.793+0530] {logging_mixin.py:188} INFO - [2026-02-04T09:32:01.792+0530] {dag.py:3036} INFO - Sync 1 DAGs
[2026-02-04T09:32:01.845+0530] {logging_mixin.py:188} INFO - [2026-02-04T09:32:01.845+0530] {dag.py:3823} INFO - Setting next_dagrun for tle_data_ingestion to 2026-02-04 04:00:00+00:00, run_after=2026-02-04 04:05:00+00:00
[2026-02-04T09:32:01.881+0530] {processor.py:183} INFO - Processing /opt/airflow/dags/dag_tle_ingestion_only.py took 0.191 seconds
[2026-02-04T09:32:32.065+0530] {processor.py:161} INFO - Started process (PID=7654) to work on /opt/airflow/dags/dag_tle_ingestion_only.py
[2026-02-04T09:32:32.068+0530] {processor.py:830} INFO - Processing file /opt/airflow/dags/dag_tle_ingestion_only.py for tasks to queue
[2026-02-04T09:32:32.069+0530] {logging_mixin.py:188} INFO - [2026-02-04T09:32:32.069+0530] {dagbag.py:538} INFO - Filling up the DagBag from /opt/airflow/dags/dag_tle_ingestion_only.py
[2026-02-04T09:32:32.108+0530] {processor.py:840} INFO - DAG(s) 'tle_data_ingestion' retrieved from /opt/airflow/dags/dag_tle_ingestion_only.py
[2026-02-04T09:32:32.166+0530] {logging_mixin.py:188} INFO - [2026-02-04T09:32:32.165+0530] {dag.py:3036} INFO - Sync 1 DAGs
[2026-02-04T09:32:32.220+0530] {logging_mixin.py:188} INFO - [2026-02-04T09:32:32.220+0530] {dag.py:3823} INFO - Setting next_dagrun for tle_data_ingestion to 2026-02-04 04:00:00+00:00, run_after=2026-02-04 04:05:00+00:00
[2026-02-04T09:32:32.252+0530] {processor.py:183} INFO - Processing /opt/airflow/dags/dag_tle_ingestion_only.py took 0.194 seconds
[2026-02-04T09:33:02.440+0530] {processor.py:161} INFO - Started process (PID=7659) to work on /opt/airflow/dags/dag_tle_ingestion_only.py
[2026-02-04T09:33:02.441+0530] {processor.py:830} INFO - Processing file /opt/airflow/dags/dag_tle_ingestion_only.py for tasks to queue
[2026-02-04T09:33:02.443+0530] {logging_mixin.py:188} INFO - [2026-02-04T09:33:02.442+0530] {dagbag.py:538} INFO - Filling up the DagBag from /opt/airflow/dags/dag_tle_ingestion_only.py
[2026-02-04T09:33:02.482+0530] {processor.py:840} INFO - DAG(s) 'tle_data_ingestion' retrieved from /opt/airflow/dags/dag_tle_ingestion_only.py
[2026-02-04T09:33:02.537+0530] {logging_mixin.py:188} INFO - [2026-02-04T09:33:02.537+0530] {dag.py:3036} INFO - Sync 1 DAGs
[2026-02-04T09:33:02.589+0530] {logging_mixin.py:188} INFO - [2026-02-04T09:33:02.589+0530] {dag.py:3823} INFO - Setting next_dagrun for tle_data_ingestion to 2026-02-04 04:00:00+00:00, run_after=2026-02-04 04:05:00+00:00
[2026-02-04T09:33:02.622+0530] {processor.py:183} INFO - Processing /opt/airflow/dags/dag_tle_ingestion_only.py took 0.189 seconds
[2026-02-04T09:33:32.803+0530] {processor.py:161} INFO - Started process (PID=7664) to work on /opt/airflow/dags/dag_tle_ingestion_only.py
[2026-02-04T09:33:32.806+0530] {processor.py:830} INFO - Processing file /opt/airflow/dags/dag_tle_ingestion_only.py for tasks to queue
[2026-02-04T09:33:32.808+0530] {logging_mixin.py:188} INFO - [2026-02-04T09:33:32.807+0530] {dagbag.py:538} INFO - Filling up the DagBag from /opt/airflow/dags/dag_tle_ingestion_only.py
[2026-02-04T09:33:32.850+0530] {processor.py:840} INFO - DAG(s) 'tle_data_ingestion' retrieved from /opt/airflow/dags/dag_tle_ingestion_only.py
[2026-02-04T09:33:32.908+0530] {logging_mixin.py:188} INFO - [2026-02-04T09:33:32.908+0530] {dag.py:3036} INFO - Sync 1 DAGs
[2026-02-04T09:33:32.962+0530] {logging_mixin.py:188} INFO - [2026-02-04T09:33:32.961+0530] {dag.py:3823} INFO - Setting next_dagrun for tle_data_ingestion to 2026-02-04 04:00:00+00:00, run_after=2026-02-04 04:05:00+00:00
[2026-02-04T09:33:32.997+0530] {processor.py:183} INFO - Processing /opt/airflow/dags/dag_tle_ingestion_only.py took 0.202 seconds
[2026-02-04T09:34:03.181+0530] {processor.py:161} INFO - Started process (PID=7669) to work on /opt/airflow/dags/dag_tle_ingestion_only.py
[2026-02-04T09:34:03.182+0530] {processor.py:830} INFO - Processing file /opt/airflow/dags/dag_tle_ingestion_only.py for tasks to queue
[2026-02-04T09:34:03.184+0530] {logging_mixin.py:188} INFO - [2026-02-04T09:34:03.183+0530] {dagbag.py:538} INFO - Filling up the DagBag from /opt/airflow/dags/dag_tle_ingestion_only.py
[2026-02-04T09:34:03.220+0530] {processor.py:840} INFO - DAG(s) 'tle_data_ingestion' retrieved from /opt/airflow/dags/dag_tle_ingestion_only.py
[2026-02-04T09:34:03.276+0530] {logging_mixin.py:188} INFO - [2026-02-04T09:34:03.275+0530] {dag.py:3036} INFO - Sync 1 DAGs
[2026-02-04T09:34:03.326+0530] {logging_mixin.py:188} INFO - [2026-02-04T09:34:03.326+0530] {dag.py:3823} INFO - Setting next_dagrun for tle_data_ingestion to 2026-02-04 04:00:00+00:00, run_after=2026-02-04 04:05:00+00:00
[2026-02-04T09:34:03.359+0530] {processor.py:183} INFO - Processing /opt/airflow/dags/dag_tle_ingestion_only.py took 0.184 seconds
[2026-02-04T09:34:33.544+0530] {processor.py:161} INFO - Started process (PID=7674) to work on /opt/airflow/dags/dag_tle_ingestion_only.py
[2026-02-04T09:34:33.548+0530] {processor.py:830} INFO - Processing file /opt/airflow/dags/dag_tle_ingestion_only.py for tasks to queue
[2026-02-04T09:34:33.549+0530] {logging_mixin.py:188} INFO - [2026-02-04T09:34:33.549+0530] {dagbag.py:538} INFO - Filling up the DagBag from /opt/airflow/dags/dag_tle_ingestion_only.py
[2026-02-04T09:34:33.590+0530] {processor.py:840} INFO - DAG(s) 'tle_data_ingestion' retrieved from /opt/airflow/dags/dag_tle_ingestion_only.py
[2026-02-04T09:34:33.648+0530] {logging_mixin.py:188} INFO - [2026-02-04T09:34:33.648+0530] {dag.py:3036} INFO - Sync 1 DAGs
[2026-02-04T09:34:33.719+0530] {logging_mixin.py:188} INFO - [2026-02-04T09:34:33.718+0530] {dag.py:3823} INFO - Setting next_dagrun for tle_data_ingestion to 2026-02-04 04:00:00+00:00, run_after=2026-02-04 04:05:00+00:00
[2026-02-04T09:34:33.752+0530] {processor.py:183} INFO - Processing /opt/airflow/dags/dag_tle_ingestion_only.py took 0.215 seconds
[2026-02-04T09:35:03.931+0530] {processor.py:161} INFO - Started process (PID=7683) to work on /opt/airflow/dags/dag_tle_ingestion_only.py
[2026-02-04T09:35:03.934+0530] {processor.py:830} INFO - Processing file /opt/airflow/dags/dag_tle_ingestion_only.py for tasks to queue
[2026-02-04T09:35:03.936+0530] {logging_mixin.py:188} INFO - [2026-02-04T09:35:03.935+0530] {dagbag.py:538} INFO - Filling up the DagBag from /opt/airflow/dags/dag_tle_ingestion_only.py
[2026-02-04T09:35:03.974+0530] {processor.py:840} INFO - DAG(s) 'tle_data_ingestion' retrieved from /opt/airflow/dags/dag_tle_ingestion_only.py
[2026-02-04T09:35:04.029+0530] {logging_mixin.py:188} INFO - [2026-02-04T09:35:04.029+0530] {dag.py:3036} INFO - Sync 1 DAGs
[2026-02-04T09:35:04.080+0530] {logging_mixin.py:188} INFO - [2026-02-04T09:35:04.080+0530] {dag.py:3823} INFO - Setting next_dagrun for tle_data_ingestion to 2026-02-04 04:05:00+00:00, run_after=2026-02-04 04:10:00+00:00
[2026-02-04T09:35:04.117+0530] {processor.py:183} INFO - Processing /opt/airflow/dags/dag_tle_ingestion_only.py took 0.193 seconds
[2026-02-04T09:35:34.294+0530] {processor.py:161} INFO - Started process (PID=7691) to work on /opt/airflow/dags/dag_tle_ingestion_only.py
[2026-02-04T09:35:34.297+0530] {processor.py:830} INFO - Processing file /opt/airflow/dags/dag_tle_ingestion_only.py for tasks to queue
[2026-02-04T09:35:34.299+0530] {logging_mixin.py:188} INFO - [2026-02-04T09:35:34.298+0530] {dagbag.py:538} INFO - Filling up the DagBag from /opt/airflow/dags/dag_tle_ingestion_only.py
[2026-02-04T09:35:34.337+0530] {processor.py:840} INFO - DAG(s) 'tle_data_ingestion' retrieved from /opt/airflow/dags/dag_tle_ingestion_only.py
[2026-02-04T09:35:34.395+0530] {logging_mixin.py:188} INFO - [2026-02-04T09:35:34.395+0530] {dag.py:3036} INFO - Sync 1 DAGs
[2026-02-04T09:35:34.447+0530] {logging_mixin.py:188} INFO - [2026-02-04T09:35:34.446+0530] {dag.py:3823} INFO - Setting next_dagrun for tle_data_ingestion to 2026-02-04 04:05:00+00:00, run_after=2026-02-04 04:10:00+00:00
[2026-02-04T09:35:34.479+0530] {processor.py:183} INFO - Processing /opt/airflow/dags/dag_tle_ingestion_only.py took 0.191 seconds
[2026-02-04T09:36:04.664+0530] {processor.py:161} INFO - Started process (PID=7696) to work on /opt/airflow/dags/dag_tle_ingestion_only.py
[2026-02-04T09:36:04.665+0530] {processor.py:830} INFO - Processing file /opt/airflow/dags/dag_tle_ingestion_only.py for tasks to queue
[2026-02-04T09:36:04.668+0530] {logging_mixin.py:188} INFO - [2026-02-04T09:36:04.667+0530] {dagbag.py:538} INFO - Filling up the DagBag from /opt/airflow/dags/dag_tle_ingestion_only.py
[2026-02-04T09:36:04.711+0530] {processor.py:840} INFO - DAG(s) 'tle_data_ingestion' retrieved from /opt/airflow/dags/dag_tle_ingestion_only.py
[2026-02-04T09:36:04.769+0530] {logging_mixin.py:188} INFO - [2026-02-04T09:36:04.768+0530] {dag.py:3036} INFO - Sync 1 DAGs
[2026-02-04T09:36:04.822+0530] {logging_mixin.py:188} INFO - [2026-02-04T09:36:04.822+0530] {dag.py:3823} INFO - Setting next_dagrun for tle_data_ingestion to 2026-02-04 04:05:00+00:00, run_after=2026-02-04 04:10:00+00:00
[2026-02-04T09:36:04.858+0530] {processor.py:183} INFO - Processing /opt/airflow/dags/dag_tle_ingestion_only.py took 0.202 seconds
[2026-02-04T09:36:35.034+0530] {processor.py:161} INFO - Started process (PID=7701) to work on /opt/airflow/dags/dag_tle_ingestion_only.py
[2026-02-04T09:36:35.037+0530] {processor.py:830} INFO - Processing file /opt/airflow/dags/dag_tle_ingestion_only.py for tasks to queue
[2026-02-04T09:36:35.038+0530] {logging_mixin.py:188} INFO - [2026-02-04T09:36:35.038+0530] {dagbag.py:538} INFO - Filling up the DagBag from /opt/airflow/dags/dag_tle_ingestion_only.py
[2026-02-04T09:36:35.080+0530] {processor.py:840} INFO - DAG(s) 'tle_data_ingestion' retrieved from /opt/airflow/dags/dag_tle_ingestion_only.py
[2026-02-04T09:36:35.137+0530] {logging_mixin.py:188} INFO - [2026-02-04T09:36:35.136+0530] {dag.py:3036} INFO - Sync 1 DAGs
[2026-02-04T09:36:35.188+0530] {logging_mixin.py:188} INFO - [2026-02-04T09:36:35.188+0530] {dag.py:3823} INFO - Setting next_dagrun for tle_data_ingestion to 2026-02-04 04:05:00+00:00, run_after=2026-02-04 04:10:00+00:00
[2026-02-04T09:36:35.225+0530] {processor.py:183} INFO - Processing /opt/airflow/dags/dag_tle_ingestion_only.py took 0.196 seconds
[2026-02-04T09:37:05.407+0530] {processor.py:161} INFO - Started process (PID=7706) to work on /opt/airflow/dags/dag_tle_ingestion_only.py
[2026-02-04T09:37:05.408+0530] {processor.py:830} INFO - Processing file /opt/airflow/dags/dag_tle_ingestion_only.py for tasks to queue
[2026-02-04T09:37:05.410+0530] {logging_mixin.py:188} INFO - [2026-02-04T09:37:05.409+0530] {dagbag.py:538} INFO - Filling up the DagBag from /opt/airflow/dags/dag_tle_ingestion_only.py
[2026-02-04T09:37:05.451+0530] {processor.py:840} INFO - DAG(s) 'tle_data_ingestion' retrieved from /opt/airflow/dags/dag_tle_ingestion_only.py
[2026-02-04T09:37:05.511+0530] {logging_mixin.py:188} INFO - [2026-02-04T09:37:05.511+0530] {dag.py:3036} INFO - Sync 1 DAGs
[2026-02-04T09:37:05.564+0530] {logging_mixin.py:188} INFO - [2026-02-04T09:37:05.563+0530] {dag.py:3823} INFO - Setting next_dagrun for tle_data_ingestion to 2026-02-04 04:05:00+00:00, run_after=2026-02-04 04:10:00+00:00
[2026-02-04T09:37:05.598+0530] {processor.py:183} INFO - Processing /opt/airflow/dags/dag_tle_ingestion_only.py took 0.199 seconds
[2026-02-04T09:37:35.776+0530] {processor.py:161} INFO - Started process (PID=7711) to work on /opt/airflow/dags/dag_tle_ingestion_only.py
[2026-02-04T09:37:35.778+0530] {processor.py:830} INFO - Processing file /opt/airflow/dags/dag_tle_ingestion_only.py for tasks to queue
[2026-02-04T09:37:35.780+0530] {logging_mixin.py:188} INFO - [2026-02-04T09:37:35.779+0530] {dagbag.py:538} INFO - Filling up the DagBag from /opt/airflow/dags/dag_tle_ingestion_only.py
[2026-02-04T09:37:35.818+0530] {processor.py:840} INFO - DAG(s) 'tle_data_ingestion' retrieved from /opt/airflow/dags/dag_tle_ingestion_only.py
[2026-02-04T09:37:35.874+0530] {logging_mixin.py:188} INFO - [2026-02-04T09:37:35.873+0530] {dag.py:3036} INFO - Sync 1 DAGs
[2026-02-04T09:37:35.925+0530] {logging_mixin.py:188} INFO - [2026-02-04T09:37:35.925+0530] {dag.py:3823} INFO - Setting next_dagrun for tle_data_ingestion to 2026-02-04 04:05:00+00:00, run_after=2026-02-04 04:10:00+00:00
[2026-02-04T09:37:35.960+0530] {processor.py:183} INFO - Processing /opt/airflow/dags/dag_tle_ingestion_only.py took 0.190 seconds
[2026-02-04T09:38:06.127+0530] {processor.py:161} INFO - Started process (PID=7716) to work on /opt/airflow/dags/dag_tle_ingestion_only.py
[2026-02-04T09:38:06.129+0530] {processor.py:830} INFO - Processing file /opt/airflow/dags/dag_tle_ingestion_only.py for tasks to queue
[2026-02-04T09:38:06.130+0530] {logging_mixin.py:188} INFO - [2026-02-04T09:38:06.130+0530] {dagbag.py:538} INFO - Filling up the DagBag from /opt/airflow/dags/dag_tle_ingestion_only.py
[2026-02-04T09:38:06.170+0530] {processor.py:840} INFO - DAG(s) 'tle_data_ingestion' retrieved from /opt/airflow/dags/dag_tle_ingestion_only.py
[2026-02-04T09:38:06.226+0530] {logging_mixin.py:188} INFO - [2026-02-04T09:38:06.226+0530] {dag.py:3036} INFO - Sync 1 DAGs
[2026-02-04T09:38:06.277+0530] {logging_mixin.py:188} INFO - [2026-02-04T09:38:06.276+0530] {dag.py:3823} INFO - Setting next_dagrun for tle_data_ingestion to 2026-02-04 04:05:00+00:00, run_after=2026-02-04 04:10:00+00:00
[2026-02-04T09:38:06.310+0530] {processor.py:183} INFO - Processing /opt/airflow/dags/dag_tle_ingestion_only.py took 0.189 seconds
[2026-02-04T09:38:36.467+0530] {processor.py:161} INFO - Started process (PID=7721) to work on /opt/airflow/dags/dag_tle_ingestion_only.py
[2026-02-04T09:38:36.468+0530] {processor.py:830} INFO - Processing file /opt/airflow/dags/dag_tle_ingestion_only.py for tasks to queue
[2026-02-04T09:38:36.469+0530] {logging_mixin.py:188} INFO - [2026-02-04T09:38:36.468+0530] {dagbag.py:538} INFO - Filling up the DagBag from /opt/airflow/dags/dag_tle_ingestion_only.py
[2026-02-04T09:38:36.489+0530] {processor.py:840} INFO - DAG(s) 'tle_data_ingestion' retrieved from /opt/airflow/dags/dag_tle_ingestion_only.py
[2026-02-04T09:38:36.518+0530] {logging_mixin.py:188} INFO - [2026-02-04T09:38:36.518+0530] {dag.py:3036} INFO - Sync 1 DAGs
[2026-02-04T09:38:36.549+0530] {logging_mixin.py:188} INFO - [2026-02-04T09:38:36.549+0530] {dag.py:3823} INFO - Setting next_dagrun for tle_data_ingestion to 2026-02-04 04:05:00+00:00, run_after=2026-02-04 04:10:00+00:00
[2026-02-04T09:38:36.568+0530] {processor.py:183} INFO - Processing /opt/airflow/dags/dag_tle_ingestion_only.py took 0.105 seconds
[2026-02-04T09:39:06.625+0530] {processor.py:161} INFO - Started process (PID=7726) to work on /opt/airflow/dags/dag_tle_ingestion_only.py
[2026-02-04T09:39:06.627+0530] {processor.py:830} INFO - Processing file /opt/airflow/dags/dag_tle_ingestion_only.py for tasks to queue
[2026-02-04T09:39:06.629+0530] {logging_mixin.py:188} INFO - [2026-02-04T09:39:06.628+0530] {dagbag.py:538} INFO - Filling up the DagBag from /opt/airflow/dags/dag_tle_ingestion_only.py
[2026-02-04T09:39:06.668+0530] {processor.py:840} INFO - DAG(s) 'tle_data_ingestion' retrieved from /opt/airflow/dags/dag_tle_ingestion_only.py
[2026-02-04T09:39:06.727+0530] {logging_mixin.py:188} INFO - [2026-02-04T09:39:06.727+0530] {dag.py:3036} INFO - Sync 1 DAGs
[2026-02-04T09:39:06.787+0530] {logging_mixin.py:188} INFO - [2026-02-04T09:39:06.786+0530] {dag.py:3823} INFO - Setting next_dagrun for tle_data_ingestion to 2026-02-04 04:05:00+00:00, run_after=2026-02-04 04:10:00+00:00
[2026-02-04T09:39:06.821+0530] {processor.py:183} INFO - Processing /opt/airflow/dags/dag_tle_ingestion_only.py took 0.202 seconds
[2026-02-04T09:39:36.995+0530] {processor.py:161} INFO - Started process (PID=7731) to work on /opt/airflow/dags/dag_tle_ingestion_only.py
[2026-02-04T09:39:36.997+0530] {processor.py:830} INFO - Processing file /opt/airflow/dags/dag_tle_ingestion_only.py for tasks to queue
[2026-02-04T09:39:36.999+0530] {logging_mixin.py:188} INFO - [2026-02-04T09:39:36.998+0530] {dagbag.py:538} INFO - Filling up the DagBag from /opt/airflow/dags/dag_tle_ingestion_only.py
[2026-02-04T09:39:37.038+0530] {processor.py:840} INFO - DAG(s) 'tle_data_ingestion' retrieved from /opt/airflow/dags/dag_tle_ingestion_only.py
[2026-02-04T09:39:37.094+0530] {logging_mixin.py:188} INFO - [2026-02-04T09:39:37.094+0530] {dag.py:3036} INFO - Sync 1 DAGs
[2026-02-04T09:39:37.143+0530] {logging_mixin.py:188} INFO - [2026-02-04T09:39:37.143+0530] {dag.py:3823} INFO - Setting next_dagrun for tle_data_ingestion to 2026-02-04 04:05:00+00:00, run_after=2026-02-04 04:10:00+00:00
[2026-02-04T09:39:37.175+0530] {processor.py:183} INFO - Processing /opt/airflow/dags/dag_tle_ingestion_only.py took 0.186 seconds
[2026-02-04T09:40:07.345+0530] {processor.py:161} INFO - Started process (PID=7743) to work on /opt/airflow/dags/dag_tle_ingestion_only.py
[2026-02-04T09:40:07.348+0530] {processor.py:830} INFO - Processing file /opt/airflow/dags/dag_tle_ingestion_only.py for tasks to queue
[2026-02-04T09:40:07.349+0530] {logging_mixin.py:188} INFO - [2026-02-04T09:40:07.349+0530] {dagbag.py:538} INFO - Filling up the DagBag from /opt/airflow/dags/dag_tle_ingestion_only.py
[2026-02-04T09:40:07.389+0530] {processor.py:840} INFO - DAG(s) 'tle_data_ingestion' retrieved from /opt/airflow/dags/dag_tle_ingestion_only.py
[2026-02-04T09:40:07.447+0530] {logging_mixin.py:188} INFO - [2026-02-04T09:40:07.446+0530] {dag.py:3036} INFO - Sync 1 DAGs
[2026-02-04T09:40:07.500+0530] {logging_mixin.py:188} INFO - [2026-02-04T09:40:07.500+0530] {dag.py:3823} INFO - Setting next_dagrun for tle_data_ingestion to 2026-02-04 04:10:00+00:00, run_after=2026-02-04 04:15:00+00:00
[2026-02-04T09:40:07.533+0530] {processor.py:183} INFO - Processing /opt/airflow/dags/dag_tle_ingestion_only.py took 0.193 seconds
[2026-02-04T09:40:37.706+0530] {processor.py:161} INFO - Started process (PID=7748) to work on /opt/airflow/dags/dag_tle_ingestion_only.py
[2026-02-04T09:40:37.707+0530] {processor.py:830} INFO - Processing file /opt/airflow/dags/dag_tle_ingestion_only.py for tasks to queue
[2026-02-04T09:40:37.708+0530] {logging_mixin.py:188} INFO - [2026-02-04T09:40:37.708+0530] {dagbag.py:538} INFO - Filling up the DagBag from /opt/airflow/dags/dag_tle_ingestion_only.py
[2026-02-04T09:40:37.747+0530] {processor.py:840} INFO - DAG(s) 'tle_data_ingestion' retrieved from /opt/airflow/dags/dag_tle_ingestion_only.py
[2026-02-04T09:40:37.801+0530] {logging_mixin.py:188} INFO - [2026-02-04T09:40:37.801+0530] {dag.py:3036} INFO - Sync 1 DAGs
[2026-02-04T09:40:37.850+0530] {logging_mixin.py:188} INFO - [2026-02-04T09:40:37.850+0530] {dag.py:3823} INFO - Setting next_dagrun for tle_data_ingestion to 2026-02-04 04:10:00+00:00, run_after=2026-02-04 04:15:00+00:00
[2026-02-04T09:40:37.878+0530] {processor.py:183} INFO - Processing /opt/airflow/dags/dag_tle_ingestion_only.py took 0.176 seconds
[2026-02-04T09:41:08.040+0530] {processor.py:161} INFO - Started process (PID=7753) to work on /opt/airflow/dags/dag_tle_ingestion_only.py
[2026-02-04T09:41:08.043+0530] {processor.py:830} INFO - Processing file /opt/airflow/dags/dag_tle_ingestion_only.py for tasks to queue
[2026-02-04T09:41:08.044+0530] {logging_mixin.py:188} INFO - [2026-02-04T09:41:08.043+0530] {dagbag.py:538} INFO - Filling up the DagBag from /opt/airflow/dags/dag_tle_ingestion_only.py
[2026-02-04T09:41:08.068+0530] {processor.py:840} INFO - DAG(s) 'tle_data_ingestion' retrieved from /opt/airflow/dags/dag_tle_ingestion_only.py
[2026-02-04T09:41:08.103+0530] {logging_mixin.py:188} INFO - [2026-02-04T09:41:08.103+0530] {dag.py:3036} INFO - Sync 1 DAGs
[2026-02-04T09:41:08.142+0530] {logging_mixin.py:188} INFO - [2026-02-04T09:41:08.142+0530] {dag.py:3823} INFO - Setting next_dagrun for tle_data_ingestion to 2026-02-04 04:10:00+00:00, run_after=2026-02-04 04:15:00+00:00
[2026-02-04T09:41:08.168+0530] {processor.py:183} INFO - Processing /opt/airflow/dags/dag_tle_ingestion_only.py took 0.131 seconds
[2026-02-04T09:41:38.316+0530] {processor.py:161} INFO - Started process (PID=7758) to work on /opt/airflow/dags/dag_tle_ingestion_only.py
[2026-02-04T09:41:38.318+0530] {processor.py:830} INFO - Processing file /opt/airflow/dags/dag_tle_ingestion_only.py for tasks to queue
[2026-02-04T09:41:38.319+0530] {logging_mixin.py:188} INFO - [2026-02-04T09:41:38.319+0530] {dagbag.py:538} INFO - Filling up the DagBag from /opt/airflow/dags/dag_tle_ingestion_only.py
[2026-02-04T09:41:38.345+0530] {processor.py:840} INFO - DAG(s) 'tle_data_ingestion' retrieved from /opt/airflow/dags/dag_tle_ingestion_only.py
[2026-02-04T09:41:38.385+0530] {logging_mixin.py:188} INFO - [2026-02-04T09:41:38.385+0530] {dag.py:3036} INFO - Sync 1 DAGs
[2026-02-04T09:41:38.448+0530] {logging_mixin.py:188} INFO - [2026-02-04T09:41:38.447+0530] {dag.py:3823} INFO - Setting next_dagrun for tle_data_ingestion to 2026-02-04 04:10:00+00:00, run_after=2026-02-04 04:15:00+00:00
[2026-02-04T09:41:38.474+0530] {processor.py:183} INFO - Processing /opt/airflow/dags/dag_tle_ingestion_only.py took 0.162 seconds
[2026-02-04T09:42:08.611+0530] {processor.py:161} INFO - Started process (PID=7763) to work on /opt/airflow/dags/dag_tle_ingestion_only.py
[2026-02-04T09:42:08.614+0530] {processor.py:830} INFO - Processing file /opt/airflow/dags/dag_tle_ingestion_only.py for tasks to queue
[2026-02-04T09:42:08.615+0530] {logging_mixin.py:188} INFO - [2026-02-04T09:42:08.614+0530] {dagbag.py:538} INFO - Filling up the DagBag from /opt/airflow/dags/dag_tle_ingestion_only.py
[2026-02-04T09:42:08.644+0530] {processor.py:840} INFO - DAG(s) 'tle_data_ingestion' retrieved from /opt/airflow/dags/dag_tle_ingestion_only.py
[2026-02-04T09:42:08.677+0530] {logging_mixin.py:188} INFO - [2026-02-04T09:42:08.677+0530] {dag.py:3036} INFO - Sync 1 DAGs
[2026-02-04T09:42:08.723+0530] {logging_mixin.py:188} INFO - [2026-02-04T09:42:08.723+0530] {dag.py:3823} INFO - Setting next_dagrun for tle_data_ingestion to 2026-02-04 04:10:00+00:00, run_after=2026-02-04 04:15:00+00:00
[2026-02-04T09:42:08.753+0530] {processor.py:183} INFO - Processing /opt/airflow/dags/dag_tle_ingestion_only.py took 0.146 seconds
[2026-02-04T09:42:38.896+0530] {processor.py:161} INFO - Started process (PID=7768) to work on /opt/airflow/dags/dag_tle_ingestion_only.py
[2026-02-04T09:42:38.897+0530] {processor.py:830} INFO - Processing file /opt/airflow/dags/dag_tle_ingestion_only.py for tasks to queue
[2026-02-04T09:42:38.898+0530] {logging_mixin.py:188} INFO - [2026-02-04T09:42:38.897+0530] {dagbag.py:538} INFO - Filling up the DagBag from /opt/airflow/dags/dag_tle_ingestion_only.py
[2026-02-04T09:42:38.921+0530] {processor.py:840} INFO - DAG(s) 'tle_data_ingestion' retrieved from /opt/airflow/dags/dag_tle_ingestion_only.py
[2026-02-04T09:42:38.960+0530] {logging_mixin.py:188} INFO - [2026-02-04T09:42:38.960+0530] {dag.py:3036} INFO - Sync 1 DAGs
[2026-02-04T09:42:38.993+0530] {logging_mixin.py:188} INFO - [2026-02-04T09:42:38.993+0530] {dag.py:3823} INFO - Setting next_dagrun for tle_data_ingestion to 2026-02-04 04:10:00+00:00, run_after=2026-02-04 04:15:00+00:00
[2026-02-04T09:42:39.014+0530] {processor.py:183} INFO - Processing /opt/airflow/dags/dag_tle_ingestion_only.py took 0.124 seconds
[2026-02-04T09:43:09.150+0530] {processor.py:161} INFO - Started process (PID=7773) to work on /opt/airflow/dags/dag_tle_ingestion_only.py
[2026-02-04T09:43:09.153+0530] {processor.py:830} INFO - Processing file /opt/airflow/dags/dag_tle_ingestion_only.py for tasks to queue
[2026-02-04T09:43:09.154+0530] {logging_mixin.py:188} INFO - [2026-02-04T09:43:09.154+0530] {dagbag.py:538} INFO - Filling up the DagBag from /opt/airflow/dags/dag_tle_ingestion_only.py
[2026-02-04T09:43:09.192+0530] {processor.py:840} INFO - DAG(s) 'tle_data_ingestion' retrieved from /opt/airflow/dags/dag_tle_ingestion_only.py
[2026-02-04T09:43:09.244+0530] {logging_mixin.py:188} INFO - [2026-02-04T09:43:09.244+0530] {dag.py:3036} INFO - Sync 1 DAGs
[2026-02-04T09:43:09.293+0530] {logging_mixin.py:188} INFO - [2026-02-04T09:43:09.293+0530] {dag.py:3823} INFO - Setting next_dagrun for tle_data_ingestion to 2026-02-04 04:10:00+00:00, run_after=2026-02-04 04:15:00+00:00
[2026-02-04T09:43:09.320+0530] {processor.py:183} INFO - Processing /opt/airflow/dags/dag_tle_ingestion_only.py took 0.174 seconds
[2026-02-04T09:43:39.458+0530] {processor.py:161} INFO - Started process (PID=7778) to work on /opt/airflow/dags/dag_tle_ingestion_only.py
[2026-02-04T09:43:39.459+0530] {processor.py:830} INFO - Processing file /opt/airflow/dags/dag_tle_ingestion_only.py for tasks to queue
[2026-02-04T09:43:39.460+0530] {logging_mixin.py:188} INFO - [2026-02-04T09:43:39.460+0530] {dagbag.py:538} INFO - Filling up the DagBag from /opt/airflow/dags/dag_tle_ingestion_only.py
[2026-02-04T09:43:39.485+0530] {processor.py:840} INFO - DAG(s) 'tle_data_ingestion' retrieved from /opt/airflow/dags/dag_tle_ingestion_only.py
[2026-02-04T09:43:39.520+0530] {logging_mixin.py:188} INFO - [2026-02-04T09:43:39.520+0530] {dag.py:3036} INFO - Sync 1 DAGs
[2026-02-04T09:43:39.554+0530] {logging_mixin.py:188} INFO - [2026-02-04T09:43:39.554+0530] {dag.py:3823} INFO - Setting next_dagrun for tle_data_ingestion to 2026-02-04 04:10:00+00:00, run_after=2026-02-04 04:15:00+00:00
[2026-02-04T09:43:39.576+0530] {processor.py:183} INFO - Processing /opt/airflow/dags/dag_tle_ingestion_only.py took 0.122 seconds
[2026-02-04T09:44:09.710+0530] {processor.py:161} INFO - Started process (PID=7783) to work on /opt/airflow/dags/dag_tle_ingestion_only.py
[2026-02-04T09:44:09.712+0530] {processor.py:830} INFO - Processing file /opt/airflow/dags/dag_tle_ingestion_only.py for tasks to queue
[2026-02-04T09:44:09.714+0530] {logging_mixin.py:188} INFO - [2026-02-04T09:44:09.713+0530] {dagbag.py:538} INFO - Filling up the DagBag from /opt/airflow/dags/dag_tle_ingestion_only.py
[2026-02-04T09:44:09.740+0530] {processor.py:840} INFO - DAG(s) 'tle_data_ingestion' retrieved from /opt/airflow/dags/dag_tle_ingestion_only.py
[2026-02-04T09:44:09.775+0530] {logging_mixin.py:188} INFO - [2026-02-04T09:44:09.775+0530] {dag.py:3036} INFO - Sync 1 DAGs
[2026-02-04T09:44:09.812+0530] {logging_mixin.py:188} INFO - [2026-02-04T09:44:09.812+0530] {dag.py:3823} INFO - Setting next_dagrun for tle_data_ingestion to 2026-02-04 04:10:00+00:00, run_after=2026-02-04 04:15:00+00:00
[2026-02-04T09:44:09.834+0530] {processor.py:183} INFO - Processing /opt/airflow/dags/dag_tle_ingestion_only.py took 0.130 seconds
[2026-02-04T09:44:39.964+0530] {processor.py:161} INFO - Started process (PID=7788) to work on /opt/airflow/dags/dag_tle_ingestion_only.py
[2026-02-04T09:44:39.966+0530] {processor.py:830} INFO - Processing file /opt/airflow/dags/dag_tle_ingestion_only.py for tasks to queue
[2026-02-04T09:44:39.967+0530] {logging_mixin.py:188} INFO - [2026-02-04T09:44:39.967+0530] {dagbag.py:538} INFO - Filling up the DagBag from /opt/airflow/dags/dag_tle_ingestion_only.py
[2026-02-04T09:44:40.001+0530] {processor.py:840} INFO - DAG(s) 'tle_data_ingestion' retrieved from /opt/airflow/dags/dag_tle_ingestion_only.py
[2026-02-04T09:44:40.039+0530] {logging_mixin.py:188} INFO - [2026-02-04T09:44:40.039+0530] {dag.py:3036} INFO - Sync 1 DAGs
[2026-02-04T09:44:40.072+0530] {logging_mixin.py:188} INFO - [2026-02-04T09:44:40.072+0530] {dag.py:3823} INFO - Setting next_dagrun for tle_data_ingestion to 2026-02-04 04:10:00+00:00, run_after=2026-02-04 04:15:00+00:00
[2026-02-04T09:44:40.096+0530] {processor.py:183} INFO - Processing /opt/airflow/dags/dag_tle_ingestion_only.py took 0.136 seconds
[2026-02-04T09:45:10.235+0530] {processor.py:161} INFO - Started process (PID=7800) to work on /opt/airflow/dags/dag_tle_ingestion_only.py
[2026-02-04T09:45:10.236+0530] {processor.py:830} INFO - Processing file /opt/airflow/dags/dag_tle_ingestion_only.py for tasks to queue
[2026-02-04T09:45:10.238+0530] {logging_mixin.py:188} INFO - [2026-02-04T09:45:10.237+0530] {dagbag.py:538} INFO - Filling up the DagBag from /opt/airflow/dags/dag_tle_ingestion_only.py
[2026-02-04T09:45:10.263+0530] {processor.py:840} INFO - DAG(s) 'tle_data_ingestion' retrieved from /opt/airflow/dags/dag_tle_ingestion_only.py
[2026-02-04T09:45:10.307+0530] {logging_mixin.py:188} INFO - [2026-02-04T09:45:10.307+0530] {dag.py:3036} INFO - Sync 1 DAGs
[2026-02-04T09:45:10.358+0530] {logging_mixin.py:188} INFO - [2026-02-04T09:45:10.358+0530] {dag.py:3823} INFO - Setting next_dagrun for tle_data_ingestion to 2026-02-04 04:15:00+00:00, run_after=2026-02-04 04:20:00+00:00
[2026-02-04T09:45:10.387+0530] {processor.py:183} INFO - Processing /opt/airflow/dags/dag_tle_ingestion_only.py took 0.158 seconds
[2026-02-04T09:45:40.520+0530] {processor.py:161} INFO - Started process (PID=7805) to work on /opt/airflow/dags/dag_tle_ingestion_only.py
[2026-02-04T09:45:40.521+0530] {processor.py:830} INFO - Processing file /opt/airflow/dags/dag_tle_ingestion_only.py for tasks to queue
[2026-02-04T09:45:40.522+0530] {logging_mixin.py:188} INFO - [2026-02-04T09:45:40.522+0530] {dagbag.py:538} INFO - Filling up the DagBag from /opt/airflow/dags/dag_tle_ingestion_only.py
[2026-02-04T09:45:40.548+0530] {processor.py:840} INFO - DAG(s) 'tle_data_ingestion' retrieved from /opt/airflow/dags/dag_tle_ingestion_only.py
[2026-02-04T09:45:40.585+0530] {logging_mixin.py:188} INFO - [2026-02-04T09:45:40.584+0530] {dag.py:3036} INFO - Sync 1 DAGs
[2026-02-04T09:45:40.620+0530] {logging_mixin.py:188} INFO - [2026-02-04T09:45:40.620+0530] {dag.py:3823} INFO - Setting next_dagrun for tle_data_ingestion to 2026-02-04 04:15:00+00:00, run_after=2026-02-04 04:20:00+00:00
[2026-02-04T09:45:40.644+0530] {processor.py:183} INFO - Processing /opt/airflow/dags/dag_tle_ingestion_only.py took 0.128 seconds
[2026-02-04T09:46:10.786+0530] {processor.py:161} INFO - Started process (PID=7810) to work on /opt/airflow/dags/dag_tle_ingestion_only.py
[2026-02-04T09:46:10.788+0530] {processor.py:830} INFO - Processing file /opt/airflow/dags/dag_tle_ingestion_only.py for tasks to queue
[2026-02-04T09:46:10.789+0530] {logging_mixin.py:188} INFO - [2026-02-04T09:46:10.789+0530] {dagbag.py:538} INFO - Filling up the DagBag from /opt/airflow/dags/dag_tle_ingestion_only.py
[2026-02-04T09:46:10.814+0530] {processor.py:840} INFO - DAG(s) 'tle_data_ingestion' retrieved from /opt/airflow/dags/dag_tle_ingestion_only.py
[2026-02-04T09:46:10.848+0530] {logging_mixin.py:188} INFO - [2026-02-04T09:46:10.847+0530] {dag.py:3036} INFO - Sync 1 DAGs
[2026-02-04T09:46:10.883+0530] {logging_mixin.py:188} INFO - [2026-02-04T09:46:10.882+0530] {dag.py:3823} INFO - Setting next_dagrun for tle_data_ingestion to 2026-02-04 04:15:00+00:00, run_after=2026-02-04 04:20:00+00:00
[2026-02-04T09:46:10.901+0530] {processor.py:183} INFO - Processing /opt/airflow/dags/dag_tle_ingestion_only.py took 0.120 seconds
[2026-02-04T09:46:41.039+0530] {processor.py:161} INFO - Started process (PID=7815) to work on /opt/airflow/dags/dag_tle_ingestion_only.py
[2026-02-04T09:46:41.041+0530] {processor.py:830} INFO - Processing file /opt/airflow/dags/dag_tle_ingestion_only.py for tasks to queue
[2026-02-04T09:46:41.042+0530] {logging_mixin.py:188} INFO - [2026-02-04T09:46:41.042+0530] {dagbag.py:538} INFO - Filling up the DagBag from /opt/airflow/dags/dag_tle_ingestion_only.py
[2026-02-04T09:46:41.068+0530] {processor.py:840} INFO - DAG(s) 'tle_data_ingestion' retrieved from /opt/airflow/dags/dag_tle_ingestion_only.py
[2026-02-04T09:46:41.100+0530] {logging_mixin.py:188} INFO - [2026-02-04T09:46:41.099+0530] {dag.py:3036} INFO - Sync 1 DAGs
[2026-02-04T09:46:41.137+0530] {logging_mixin.py:188} INFO - [2026-02-04T09:46:41.136+0530] {dag.py:3823} INFO - Setting next_dagrun for tle_data_ingestion to 2026-02-04 04:15:00+00:00, run_after=2026-02-04 04:20:00+00:00
[2026-02-04T09:46:41.162+0530] {processor.py:183} INFO - Processing /opt/airflow/dags/dag_tle_ingestion_only.py took 0.126 seconds
[2026-02-04T09:47:11.309+0530] {processor.py:161} INFO - Started process (PID=7820) to work on /opt/airflow/dags/dag_tle_ingestion_only.py
[2026-02-04T09:47:11.312+0530] {processor.py:830} INFO - Processing file /opt/airflow/dags/dag_tle_ingestion_only.py for tasks to queue
[2026-02-04T09:47:11.314+0530] {logging_mixin.py:188} INFO - [2026-02-04T09:47:11.313+0530] {dagbag.py:538} INFO - Filling up the DagBag from /opt/airflow/dags/dag_tle_ingestion_only.py
[2026-02-04T09:47:11.351+0530] {processor.py:840} INFO - DAG(s) 'tle_data_ingestion' retrieved from /opt/airflow/dags/dag_tle_ingestion_only.py
[2026-02-04T09:47:11.391+0530] {logging_mixin.py:188} INFO - [2026-02-04T09:47:11.391+0530] {dag.py:3036} INFO - Sync 1 DAGs
[2026-02-04T09:47:11.442+0530] {logging_mixin.py:188} INFO - [2026-02-04T09:47:11.442+0530] {dag.py:3823} INFO - Setting next_dagrun for tle_data_ingestion to 2026-02-04 04:15:00+00:00, run_after=2026-02-04 04:20:00+00:00
[2026-02-04T09:47:11.474+0530] {processor.py:183} INFO - Processing /opt/airflow/dags/dag_tle_ingestion_only.py took 0.171 seconds
[2026-02-04T09:47:41.610+0530] {processor.py:161} INFO - Started process (PID=7825) to work on /opt/airflow/dags/dag_tle_ingestion_only.py
[2026-02-04T09:47:41.613+0530] {processor.py:830} INFO - Processing file /opt/airflow/dags/dag_tle_ingestion_only.py for tasks to queue
[2026-02-04T09:47:41.614+0530] {logging_mixin.py:188} INFO - [2026-02-04T09:47:41.613+0530] {dagbag.py:538} INFO - Filling up the DagBag from /opt/airflow/dags/dag_tle_ingestion_only.py
[2026-02-04T09:47:41.646+0530] {processor.py:840} INFO - DAG(s) 'tle_data_ingestion' retrieved from /opt/airflow/dags/dag_tle_ingestion_only.py
[2026-02-04T09:47:41.699+0530] {logging_mixin.py:188} INFO - [2026-02-04T09:47:41.699+0530] {dag.py:3036} INFO - Sync 1 DAGs
[2026-02-04T09:47:41.736+0530] {logging_mixin.py:188} INFO - [2026-02-04T09:47:41.735+0530] {dag.py:3823} INFO - Setting next_dagrun for tle_data_ingestion to 2026-02-04 04:15:00+00:00, run_after=2026-02-04 04:20:00+00:00
[2026-02-04T09:47:41.759+0530] {processor.py:183} INFO - Processing /opt/airflow/dags/dag_tle_ingestion_only.py took 0.153 seconds
[2026-02-04T09:48:11.894+0530] {processor.py:161} INFO - Started process (PID=7830) to work on /opt/airflow/dags/dag_tle_ingestion_only.py
[2026-02-04T09:48:11.896+0530] {processor.py:830} INFO - Processing file /opt/airflow/dags/dag_tle_ingestion_only.py for tasks to queue
[2026-02-04T09:48:11.897+0530] {logging_mixin.py:188} INFO - [2026-02-04T09:48:11.897+0530] {dagbag.py:538} INFO - Filling up the DagBag from /opt/airflow/dags/dag_tle_ingestion_only.py
[2026-02-04T09:48:11.929+0530] {processor.py:840} INFO - DAG(s) 'tle_data_ingestion' retrieved from /opt/airflow/dags/dag_tle_ingestion_only.py
[2026-02-04T09:48:11.963+0530] {logging_mixin.py:188} INFO - [2026-02-04T09:48:11.962+0530] {dag.py:3036} INFO - Sync 1 DAGs
[2026-02-04T09:48:11.998+0530] {logging_mixin.py:188} INFO - [2026-02-04T09:48:11.997+0530] {dag.py:3823} INFO - Setting next_dagrun for tle_data_ingestion to 2026-02-04 04:15:00+00:00, run_after=2026-02-04 04:20:00+00:00
[2026-02-04T09:48:12.020+0530] {processor.py:183} INFO - Processing /opt/airflow/dags/dag_tle_ingestion_only.py took 0.130 seconds
[2026-02-04T09:48:42.157+0530] {processor.py:161} INFO - Started process (PID=7835) to work on /opt/airflow/dags/dag_tle_ingestion_only.py
[2026-02-04T09:48:42.158+0530] {processor.py:830} INFO - Processing file /opt/airflow/dags/dag_tle_ingestion_only.py for tasks to queue
[2026-02-04T09:48:42.160+0530] {logging_mixin.py:188} INFO - [2026-02-04T09:48:42.159+0530] {dagbag.py:538} INFO - Filling up the DagBag from /opt/airflow/dags/dag_tle_ingestion_only.py
[2026-02-04T09:48:42.198+0530] {processor.py:840} INFO - DAG(s) 'tle_data_ingestion' retrieved from /opt/airflow/dags/dag_tle_ingestion_only.py
[2026-02-04T09:48:42.239+0530] {logging_mixin.py:188} INFO - [2026-02-04T09:48:42.239+0530] {dag.py:3036} INFO - Sync 1 DAGs
[2026-02-04T09:48:42.271+0530] {logging_mixin.py:188} INFO - [2026-02-04T09:48:42.271+0530] {dag.py:3823} INFO - Setting next_dagrun for tle_data_ingestion to 2026-02-04 04:15:00+00:00, run_after=2026-02-04 04:20:00+00:00
[2026-02-04T09:48:42.293+0530] {processor.py:183} INFO - Processing /opt/airflow/dags/dag_tle_ingestion_only.py took 0.142 seconds
[2026-02-04T09:49:12.415+0530] {processor.py:161} INFO - Started process (PID=7840) to work on /opt/airflow/dags/dag_tle_ingestion_only.py
[2026-02-04T09:49:12.418+0530] {processor.py:830} INFO - Processing file /opt/airflow/dags/dag_tle_ingestion_only.py for tasks to queue
[2026-02-04T09:49:12.419+0530] {logging_mixin.py:188} INFO - [2026-02-04T09:49:12.418+0530] {dagbag.py:538} INFO - Filling up the DagBag from /opt/airflow/dags/dag_tle_ingestion_only.py
[2026-02-04T09:49:12.447+0530] {processor.py:840} INFO - DAG(s) 'tle_data_ingestion' retrieved from /opt/airflow/dags/dag_tle_ingestion_only.py
[2026-02-04T09:49:12.484+0530] {logging_mixin.py:188} INFO - [2026-02-04T09:49:12.483+0530] {dag.py:3036} INFO - Sync 1 DAGs
[2026-02-04T09:49:12.518+0530] {logging_mixin.py:188} INFO - [2026-02-04T09:49:12.518+0530] {dag.py:3823} INFO - Setting next_dagrun for tle_data_ingestion to 2026-02-04 04:15:00+00:00, run_after=2026-02-04 04:20:00+00:00
[2026-02-04T09:49:12.540+0530] {processor.py:183} INFO - Processing /opt/airflow/dags/dag_tle_ingestion_only.py took 0.128 seconds
[2026-02-04T09:49:42.679+0530] {processor.py:161} INFO - Started process (PID=7845) to work on /opt/airflow/dags/dag_tle_ingestion_only.py
[2026-02-04T09:49:42.682+0530] {processor.py:830} INFO - Processing file /opt/airflow/dags/dag_tle_ingestion_only.py for tasks to queue
[2026-02-04T09:49:42.683+0530] {logging_mixin.py:188} INFO - [2026-02-04T09:49:42.682+0530] {dagbag.py:538} INFO - Filling up the DagBag from /opt/airflow/dags/dag_tle_ingestion_only.py
[2026-02-04T09:49:42.709+0530] {processor.py:840} INFO - DAG(s) 'tle_data_ingestion' retrieved from /opt/airflow/dags/dag_tle_ingestion_only.py
[2026-02-04T09:49:42.747+0530] {logging_mixin.py:188} INFO - [2026-02-04T09:49:42.747+0530] {dag.py:3036} INFO - Sync 1 DAGs
[2026-02-04T09:49:42.785+0530] {logging_mixin.py:188} INFO - [2026-02-04T09:49:42.785+0530] {dag.py:3823} INFO - Setting next_dagrun for tle_data_ingestion to 2026-02-04 04:15:00+00:00, run_after=2026-02-04 04:20:00+00:00
[2026-02-04T09:49:42.809+0530] {processor.py:183} INFO - Processing /opt/airflow/dags/dag_tle_ingestion_only.py took 0.134 seconds
[2026-02-04T09:50:12.937+0530] {processor.py:161} INFO - Started process (PID=7857) to work on /opt/airflow/dags/dag_tle_ingestion_only.py
[2026-02-04T09:50:12.939+0530] {processor.py:830} INFO - Processing file /opt/airflow/dags/dag_tle_ingestion_only.py for tasks to queue
[2026-02-04T09:50:12.940+0530] {logging_mixin.py:188} INFO - [2026-02-04T09:50:12.940+0530] {dagbag.py:538} INFO - Filling up the DagBag from /opt/airflow/dags/dag_tle_ingestion_only.py
[2026-02-04T09:50:12.978+0530] {processor.py:840} INFO - DAG(s) 'tle_data_ingestion' retrieved from /opt/airflow/dags/dag_tle_ingestion_only.py
[2026-02-04T09:50:13.021+0530] {logging_mixin.py:188} INFO - [2026-02-04T09:50:13.021+0530] {dag.py:3036} INFO - Sync 1 DAGs
[2026-02-04T09:50:13.054+0530] {logging_mixin.py:188} INFO - [2026-02-04T09:50:13.054+0530] {dag.py:3823} INFO - Setting next_dagrun for tle_data_ingestion to 2026-02-04 04:20:00+00:00, run_after=2026-02-04 04:25:00+00:00
[2026-02-04T09:50:13.076+0530] {processor.py:183} INFO - Processing /opt/airflow/dags/dag_tle_ingestion_only.py took 0.144 seconds
[2026-02-04T09:50:43.212+0530] {processor.py:161} INFO - Started process (PID=7862) to work on /opt/airflow/dags/dag_tle_ingestion_only.py
[2026-02-04T09:50:43.215+0530] {processor.py:830} INFO - Processing file /opt/airflow/dags/dag_tle_ingestion_only.py for tasks to queue
[2026-02-04T09:50:43.216+0530] {logging_mixin.py:188} INFO - [2026-02-04T09:50:43.216+0530] {dagbag.py:538} INFO - Filling up the DagBag from /opt/airflow/dags/dag_tle_ingestion_only.py
[2026-02-04T09:50:43.268+0530] {processor.py:840} INFO - DAG(s) 'tle_data_ingestion' retrieved from /opt/airflow/dags/dag_tle_ingestion_only.py
[2026-02-04T09:50:43.315+0530] {logging_mixin.py:188} INFO - [2026-02-04T09:50:43.314+0530] {dag.py:3036} INFO - Sync 1 DAGs
[2026-02-04T09:50:43.356+0530] {logging_mixin.py:188} INFO - [2026-02-04T09:50:43.356+0530] {dag.py:3823} INFO - Setting next_dagrun for tle_data_ingestion to 2026-02-04 04:20:00+00:00, run_after=2026-02-04 04:25:00+00:00
[2026-02-04T09:50:43.385+0530] {processor.py:183} INFO - Processing /opt/airflow/dags/dag_tle_ingestion_only.py took 0.181 seconds
[2026-02-04T09:51:13.529+0530] {processor.py:161} INFO - Started process (PID=7867) to work on /opt/airflow/dags/dag_tle_ingestion_only.py
[2026-02-04T09:51:13.532+0530] {processor.py:830} INFO - Processing file /opt/airflow/dags/dag_tle_ingestion_only.py for tasks to queue
[2026-02-04T09:51:13.535+0530] {logging_mixin.py:188} INFO - [2026-02-04T09:51:13.534+0530] {dagbag.py:538} INFO - Filling up the DagBag from /opt/airflow/dags/dag_tle_ingestion_only.py
[2026-02-04T09:51:13.587+0530] {processor.py:840} INFO - DAG(s) 'tle_data_ingestion' retrieved from /opt/airflow/dags/dag_tle_ingestion_only.py
[2026-02-04T09:51:13.637+0530] {logging_mixin.py:188} INFO - [2026-02-04T09:51:13.636+0530] {dag.py:3036} INFO - Sync 1 DAGs
[2026-02-04T09:51:13.690+0530] {logging_mixin.py:188} INFO - [2026-02-04T09:51:13.690+0530] {dag.py:3823} INFO - Setting next_dagrun for tle_data_ingestion to 2026-02-04 04:20:00+00:00, run_after=2026-02-04 04:25:00+00:00
[2026-02-04T09:51:13.717+0530] {processor.py:183} INFO - Processing /opt/airflow/dags/dag_tle_ingestion_only.py took 0.193 seconds
[2026-02-04T09:51:43.849+0530] {processor.py:161} INFO - Started process (PID=7872) to work on /opt/airflow/dags/dag_tle_ingestion_only.py
[2026-02-04T09:51:43.850+0530] {processor.py:830} INFO - Processing file /opt/airflow/dags/dag_tle_ingestion_only.py for tasks to queue
[2026-02-04T09:51:43.851+0530] {logging_mixin.py:188} INFO - [2026-02-04T09:51:43.851+0530] {dagbag.py:538} INFO - Filling up the DagBag from /opt/airflow/dags/dag_tle_ingestion_only.py
[2026-02-04T09:51:43.875+0530] {processor.py:840} INFO - DAG(s) 'tle_data_ingestion' retrieved from /opt/airflow/dags/dag_tle_ingestion_only.py
[2026-02-04T09:51:43.909+0530] {logging_mixin.py:188} INFO - [2026-02-04T09:51:43.909+0530] {dag.py:3036} INFO - Sync 1 DAGs
[2026-02-04T09:51:43.961+0530] {logging_mixin.py:188} INFO - [2026-02-04T09:51:43.961+0530] {dag.py:3823} INFO - Setting next_dagrun for tle_data_ingestion to 2026-02-04 04:20:00+00:00, run_after=2026-02-04 04:25:00+00:00
[2026-02-04T09:51:44.368+0530] {processor.py:183} INFO - Processing /opt/airflow/dags/dag_tle_ingestion_only.py took 0.523 seconds
[2026-02-04T09:52:14.525+0530] {processor.py:161} INFO - Started process (PID=7877) to work on /opt/airflow/dags/dag_tle_ingestion_only.py
[2026-02-04T09:52:14.528+0530] {processor.py:830} INFO - Processing file /opt/airflow/dags/dag_tle_ingestion_only.py for tasks to queue
[2026-02-04T09:52:14.530+0530] {logging_mixin.py:188} INFO - [2026-02-04T09:52:14.529+0530] {dagbag.py:538} INFO - Filling up the DagBag from /opt/airflow/dags/dag_tle_ingestion_only.py
[2026-02-04T09:52:14.564+0530] {processor.py:840} INFO - DAG(s) 'tle_data_ingestion' retrieved from /opt/airflow/dags/dag_tle_ingestion_only.py
[2026-02-04T09:52:14.603+0530] {logging_mixin.py:188} INFO - [2026-02-04T09:52:14.603+0530] {dag.py:3036} INFO - Sync 1 DAGs
[2026-02-04T09:52:14.641+0530] {logging_mixin.py:188} INFO - [2026-02-04T09:52:14.640+0530] {dag.py:3823} INFO - Setting next_dagrun for tle_data_ingestion to 2026-02-04 04:20:00+00:00, run_after=2026-02-04 04:25:00+00:00
[2026-02-04T09:52:14.662+0530] {processor.py:183} INFO - Processing /opt/airflow/dags/dag_tle_ingestion_only.py took 0.143 seconds
[2026-02-04T09:52:44.796+0530] {processor.py:161} INFO - Started process (PID=7882) to work on /opt/airflow/dags/dag_tle_ingestion_only.py
[2026-02-04T09:52:44.799+0530] {processor.py:830} INFO - Processing file /opt/airflow/dags/dag_tle_ingestion_only.py for tasks to queue
[2026-02-04T09:52:44.800+0530] {logging_mixin.py:188} INFO - [2026-02-04T09:52:44.799+0530] {dagbag.py:538} INFO - Filling up the DagBag from /opt/airflow/dags/dag_tle_ingestion_only.py
[2026-02-04T09:52:44.825+0530] {processor.py:840} INFO - DAG(s) 'tle_data_ingestion' retrieved from /opt/airflow/dags/dag_tle_ingestion_only.py
[2026-02-04T09:52:44.861+0530] {logging_mixin.py:188} INFO - [2026-02-04T09:52:44.861+0530] {dag.py:3036} INFO - Sync 1 DAGs
[2026-02-04T09:52:44.893+0530] {logging_mixin.py:188} INFO - [2026-02-04T09:52:44.893+0530] {dag.py:3823} INFO - Setting next_dagrun for tle_data_ingestion to 2026-02-04 04:20:00+00:00, run_after=2026-02-04 04:25:00+00:00
[2026-02-04T09:52:44.916+0530] {processor.py:183} INFO - Processing /opt/airflow/dags/dag_tle_ingestion_only.py took 0.124 seconds
[2026-02-04T09:53:14.953+0530] {processor.py:161} INFO - Started process (PID=7887) to work on /opt/airflow/dags/dag_tle_ingestion_only.py
[2026-02-04T09:53:14.955+0530] {processor.py:830} INFO - Processing file /opt/airflow/dags/dag_tle_ingestion_only.py for tasks to queue
[2026-02-04T09:53:14.957+0530] {logging_mixin.py:188} INFO - [2026-02-04T09:53:14.956+0530] {dagbag.py:538} INFO - Filling up the DagBag from /opt/airflow/dags/dag_tle_ingestion_only.py
[2026-02-04T09:53:14.985+0530] {processor.py:840} INFO - DAG(s) 'tle_data_ingestion' retrieved from /opt/airflow/dags/dag_tle_ingestion_only.py
[2026-02-04T09:53:15.022+0530] {logging_mixin.py:188} INFO - [2026-02-04T09:53:15.022+0530] {dag.py:3036} INFO - Sync 1 DAGs
[2026-02-04T09:53:15.059+0530] {logging_mixin.py:188} INFO - [2026-02-04T09:53:15.058+0530] {dag.py:3823} INFO - Setting next_dagrun for tle_data_ingestion to 2026-02-04 04:20:00+00:00, run_after=2026-02-04 04:25:00+00:00
[2026-02-04T09:53:15.296+0530] {processor.py:183} INFO - Processing /opt/airflow/dags/dag_tle_ingestion_only.py took 0.347 seconds
[2026-02-04T09:53:45.432+0530] {processor.py:161} INFO - Started process (PID=7892) to work on /opt/airflow/dags/dag_tle_ingestion_only.py
[2026-02-04T09:53:45.434+0530] {processor.py:830} INFO - Processing file /opt/airflow/dags/dag_tle_ingestion_only.py for tasks to queue
[2026-02-04T09:53:45.436+0530] {logging_mixin.py:188} INFO - [2026-02-04T09:53:45.435+0530] {dagbag.py:538} INFO - Filling up the DagBag from /opt/airflow/dags/dag_tle_ingestion_only.py
[2026-02-04T09:53:45.463+0530] {processor.py:840} INFO - DAG(s) 'tle_data_ingestion' retrieved from /opt/airflow/dags/dag_tle_ingestion_only.py
[2026-02-04T09:53:45.499+0530] {logging_mixin.py:188} INFO - [2026-02-04T09:53:45.499+0530] {dag.py:3036} INFO - Sync 1 DAGs
[2026-02-04T09:53:45.537+0530] {logging_mixin.py:188} INFO - [2026-02-04T09:53:45.536+0530] {dag.py:3823} INFO - Setting next_dagrun for tle_data_ingestion to 2026-02-04 04:20:00+00:00, run_after=2026-02-04 04:25:00+00:00
[2026-02-04T09:53:45.558+0530] {processor.py:183} INFO - Processing /opt/airflow/dags/dag_tle_ingestion_only.py took 0.131 seconds
[2026-02-04T09:54:15.685+0530] {processor.py:161} INFO - Started process (PID=7897) to work on /opt/airflow/dags/dag_tle_ingestion_only.py
[2026-02-04T09:54:15.686+0530] {processor.py:830} INFO - Processing file /opt/airflow/dags/dag_tle_ingestion_only.py for tasks to queue
[2026-02-04T09:54:15.688+0530] {logging_mixin.py:188} INFO - [2026-02-04T09:54:15.687+0530] {dagbag.py:538} INFO - Filling up the DagBag from /opt/airflow/dags/dag_tle_ingestion_only.py
[2026-02-04T09:54:15.713+0530] {processor.py:840} INFO - DAG(s) 'tle_data_ingestion' retrieved from /opt/airflow/dags/dag_tle_ingestion_only.py
[2026-02-04T09:54:15.746+0530] {logging_mixin.py:188} INFO - [2026-02-04T09:54:15.746+0530] {dag.py:3036} INFO - Sync 1 DAGs
[2026-02-04T09:54:15.780+0530] {logging_mixin.py:188} INFO - [2026-02-04T09:54:15.780+0530] {dag.py:3823} INFO - Setting next_dagrun for tle_data_ingestion to 2026-02-04 04:20:00+00:00, run_after=2026-02-04 04:25:00+00:00
[2026-02-04T09:54:15.801+0530] {processor.py:183} INFO - Processing /opt/airflow/dags/dag_tle_ingestion_only.py took 0.119 seconds
[2026-02-04T09:54:45.929+0530] {processor.py:161} INFO - Started process (PID=7902) to work on /opt/airflow/dags/dag_tle_ingestion_only.py
[2026-02-04T09:54:45.932+0530] {processor.py:830} INFO - Processing file /opt/airflow/dags/dag_tle_ingestion_only.py for tasks to queue
[2026-02-04T09:54:45.934+0530] {logging_mixin.py:188} INFO - [2026-02-04T09:54:45.933+0530] {dagbag.py:538} INFO - Filling up the DagBag from /opt/airflow/dags/dag_tle_ingestion_only.py
[2026-02-04T09:54:45.972+0530] {processor.py:840} INFO - DAG(s) 'tle_data_ingestion' retrieved from /opt/airflow/dags/dag_tle_ingestion_only.py
[2026-02-04T09:54:46.011+0530] {logging_mixin.py:188} INFO - [2026-02-04T09:54:46.010+0530] {dag.py:3036} INFO - Sync 1 DAGs
[2026-02-04T09:54:46.046+0530] {logging_mixin.py:188} INFO - [2026-02-04T09:54:46.045+0530] {dag.py:3823} INFO - Setting next_dagrun for tle_data_ingestion to 2026-02-04 04:20:00+00:00, run_after=2026-02-04 04:25:00+00:00
[2026-02-04T09:54:46.306+0530] {processor.py:183} INFO - Processing /opt/airflow/dags/dag_tle_ingestion_only.py took 0.383 seconds
[2026-02-04T09:55:16.438+0530] {processor.py:161} INFO - Started process (PID=7914) to work on /opt/airflow/dags/dag_tle_ingestion_only.py
[2026-02-04T09:55:16.439+0530] {processor.py:830} INFO - Processing file /opt/airflow/dags/dag_tle_ingestion_only.py for tasks to queue
[2026-02-04T09:55:16.440+0530] {logging_mixin.py:188} INFO - [2026-02-04T09:55:16.440+0530] {dagbag.py:538} INFO - Filling up the DagBag from /opt/airflow/dags/dag_tle_ingestion_only.py
[2026-02-04T09:55:16.465+0530] {processor.py:840} INFO - DAG(s) 'tle_data_ingestion' retrieved from /opt/airflow/dags/dag_tle_ingestion_only.py
[2026-02-04T09:55:16.503+0530] {logging_mixin.py:188} INFO - [2026-02-04T09:55:16.503+0530] {dag.py:3036} INFO - Sync 1 DAGs
[2026-02-04T09:55:16.770+0530] {logging_mixin.py:188} INFO - [2026-02-04T09:55:16.770+0530] {dag.py:3823} INFO - Setting next_dagrun for tle_data_ingestion to 2026-02-04 04:25:00+00:00, run_after=2026-02-04 04:30:00+00:00
[2026-02-04T09:55:16.793+0530] {processor.py:183} INFO - Processing /opt/airflow/dags/dag_tle_ingestion_only.py took 0.359 seconds
[2026-02-04T09:55:46.938+0530] {processor.py:161} INFO - Started process (PID=7919) to work on /opt/airflow/dags/dag_tle_ingestion_only.py
[2026-02-04T09:55:46.941+0530] {processor.py:830} INFO - Processing file /opt/airflow/dags/dag_tle_ingestion_only.py for tasks to queue
[2026-02-04T09:55:46.942+0530] {logging_mixin.py:188} INFO - [2026-02-04T09:55:46.941+0530] {dagbag.py:538} INFO - Filling up the DagBag from /opt/airflow/dags/dag_tle_ingestion_only.py
[2026-02-04T09:55:46.965+0530] {processor.py:840} INFO - DAG(s) 'tle_data_ingestion' retrieved from /opt/airflow/dags/dag_tle_ingestion_only.py
[2026-02-04T09:55:47.000+0530] {logging_mixin.py:188} INFO - [2026-02-04T09:55:47.000+0530] {dag.py:3036} INFO - Sync 1 DAGs
[2026-02-04T09:55:47.034+0530] {logging_mixin.py:188} INFO - [2026-02-04T09:55:47.034+0530] {dag.py:3823} INFO - Setting next_dagrun for tle_data_ingestion to 2026-02-04 04:25:00+00:00, run_after=2026-02-04 04:30:00+00:00
[2026-02-04T09:55:47.055+0530] {processor.py:183} INFO - Processing /opt/airflow/dags/dag_tle_ingestion_only.py took 0.121 seconds
[2026-02-04T09:56:17.191+0530] {processor.py:161} INFO - Started process (PID=7924) to work on /opt/airflow/dags/dag_tle_ingestion_only.py
[2026-02-04T09:56:17.192+0530] {processor.py:830} INFO - Processing file /opt/airflow/dags/dag_tle_ingestion_only.py for tasks to queue
[2026-02-04T09:56:17.193+0530] {logging_mixin.py:188} INFO - [2026-02-04T09:56:17.192+0530] {dagbag.py:538} INFO - Filling up the DagBag from /opt/airflow/dags/dag_tle_ingestion_only.py
[2026-02-04T09:56:17.224+0530] {processor.py:840} INFO - DAG(s) 'tle_data_ingestion' retrieved from /opt/airflow/dags/dag_tle_ingestion_only.py
[2026-02-04T09:56:17.264+0530] {logging_mixin.py:188} INFO - [2026-02-04T09:56:17.263+0530] {dag.py:3036} INFO - Sync 1 DAGs
[2026-02-04T09:56:17.301+0530] {logging_mixin.py:188} INFO - [2026-02-04T09:56:17.301+0530] {dag.py:3823} INFO - Setting next_dagrun for tle_data_ingestion to 2026-02-04 04:25:00+00:00, run_after=2026-02-04 04:30:00+00:00
[2026-02-04T09:56:17.520+0530] {processor.py:183} INFO - Processing /opt/airflow/dags/dag_tle_ingestion_only.py took 0.333 seconds
[2026-02-04T09:56:47.659+0530] {processor.py:161} INFO - Started process (PID=7929) to work on /opt/airflow/dags/dag_tle_ingestion_only.py
[2026-02-04T09:56:47.660+0530] {processor.py:830} INFO - Processing file /opt/airflow/dags/dag_tle_ingestion_only.py for tasks to queue
[2026-02-04T09:56:47.661+0530] {logging_mixin.py:188} INFO - [2026-02-04T09:56:47.660+0530] {dagbag.py:538} INFO - Filling up the DagBag from /opt/airflow/dags/dag_tle_ingestion_only.py
[2026-02-04T09:56:47.701+0530] {processor.py:840} INFO - DAG(s) 'tle_data_ingestion' retrieved from /opt/airflow/dags/dag_tle_ingestion_only.py
[2026-02-04T09:56:47.754+0530] {logging_mixin.py:188} INFO - [2026-02-04T09:56:47.753+0530] {dag.py:3036} INFO - Sync 1 DAGs
[2026-02-04T09:56:48.012+0530] {logging_mixin.py:188} INFO - [2026-02-04T09:56:48.012+0530] {dag.py:3823} INFO - Setting next_dagrun for tle_data_ingestion to 2026-02-04 04:25:00+00:00, run_after=2026-02-04 04:30:00+00:00
[2026-02-04T09:56:48.032+0530] {processor.py:183} INFO - Processing /opt/airflow/dags/dag_tle_ingestion_only.py took 0.381 seconds
[2026-02-04T09:57:18.175+0530] {processor.py:161} INFO - Started process (PID=7934) to work on /opt/airflow/dags/dag_tle_ingestion_only.py
[2026-02-04T09:57:18.176+0530] {processor.py:830} INFO - Processing file /opt/airflow/dags/dag_tle_ingestion_only.py for tasks to queue
[2026-02-04T09:57:18.177+0530] {logging_mixin.py:188} INFO - [2026-02-04T09:57:18.177+0530] {dagbag.py:538} INFO - Filling up the DagBag from /opt/airflow/dags/dag_tle_ingestion_only.py
[2026-02-04T09:57:18.436+0530] {processor.py:840} INFO - DAG(s) 'tle_data_ingestion' retrieved from /opt/airflow/dags/dag_tle_ingestion_only.py
[2026-02-04T09:57:18.466+0530] {logging_mixin.py:188} INFO - [2026-02-04T09:57:18.466+0530] {dag.py:3036} INFO - Sync 1 DAGs
[2026-02-04T09:57:18.506+0530] {logging_mixin.py:188} INFO - [2026-02-04T09:57:18.506+0530] {dag.py:3823} INFO - Setting next_dagrun for tle_data_ingestion to 2026-02-04 04:25:00+00:00, run_after=2026-02-04 04:30:00+00:00
[2026-02-04T09:57:18.529+0530] {processor.py:183} INFO - Processing /opt/airflow/dags/dag_tle_ingestion_only.py took 0.358 seconds
[2026-02-04T09:57:48.912+0530] {processor.py:161} INFO - Started process (PID=7939) to work on /opt/airflow/dags/dag_tle_ingestion_only.py
[2026-02-04T09:57:48.913+0530] {processor.py:830} INFO - Processing file /opt/airflow/dags/dag_tle_ingestion_only.py for tasks to queue
[2026-02-04T09:57:48.915+0530] {logging_mixin.py:188} INFO - [2026-02-04T09:57:48.914+0530] {dagbag.py:538} INFO - Filling up the DagBag from /opt/airflow/dags/dag_tle_ingestion_only.py
[2026-02-04T09:57:48.938+0530] {processor.py:840} INFO - DAG(s) 'tle_data_ingestion' retrieved from /opt/airflow/dags/dag_tle_ingestion_only.py
[2026-02-04T09:57:48.974+0530] {logging_mixin.py:188} INFO - [2026-02-04T09:57:48.973+0530] {dag.py:3036} INFO - Sync 1 DAGs
[2026-02-04T09:57:49.009+0530] {logging_mixin.py:188} INFO - [2026-02-04T09:57:49.008+0530] {dag.py:3823} INFO - Setting next_dagrun for tle_data_ingestion to 2026-02-04 04:25:00+00:00, run_after=2026-02-04 04:30:00+00:00
[2026-02-04T09:57:49.031+0530] {processor.py:183} INFO - Processing /opt/airflow/dags/dag_tle_ingestion_only.py took 0.125 seconds
[2026-02-04T09:58:19.174+0530] {processor.py:161} INFO - Started process (PID=7944) to work on /opt/airflow/dags/dag_tle_ingestion_only.py
[2026-02-04T09:58:19.175+0530] {processor.py:830} INFO - Processing file /opt/airflow/dags/dag_tle_ingestion_only.py for tasks to queue
[2026-02-04T09:58:19.176+0530] {logging_mixin.py:188} INFO - [2026-02-04T09:58:19.176+0530] {dagbag.py:538} INFO - Filling up the DagBag from /opt/airflow/dags/dag_tle_ingestion_only.py
[2026-02-04T09:58:19.198+0530] {processor.py:840} INFO - DAG(s) 'tle_data_ingestion' retrieved from /opt/airflow/dags/dag_tle_ingestion_only.py
[2026-02-04T09:58:19.236+0530] {logging_mixin.py:188} INFO - [2026-02-04T09:58:19.236+0530] {dag.py:3036} INFO - Sync 1 DAGs
[2026-02-04T09:58:19.270+0530] {logging_mixin.py:188} INFO - [2026-02-04T09:58:19.270+0530] {dag.py:3823} INFO - Setting next_dagrun for tle_data_ingestion to 2026-02-04 04:25:00+00:00, run_after=2026-02-04 04:30:00+00:00
[2026-02-04T09:58:19.295+0530] {processor.py:183} INFO - Processing /opt/airflow/dags/dag_tle_ingestion_only.py took 0.124 seconds
[2026-02-04T09:58:49.425+0530] {processor.py:161} INFO - Started process (PID=7949) to work on /opt/airflow/dags/dag_tle_ingestion_only.py
[2026-02-04T09:58:49.428+0530] {processor.py:830} INFO - Processing file /opt/airflow/dags/dag_tle_ingestion_only.py for tasks to queue
[2026-02-04T09:58:49.429+0530] {logging_mixin.py:188} INFO - [2026-02-04T09:58:49.429+0530] {dagbag.py:538} INFO - Filling up the DagBag from /opt/airflow/dags/dag_tle_ingestion_only.py
[2026-02-04T09:58:49.451+0530] {processor.py:840} INFO - DAG(s) 'tle_data_ingestion' retrieved from /opt/airflow/dags/dag_tle_ingestion_only.py
[2026-02-04T09:58:49.489+0530] {logging_mixin.py:188} INFO - [2026-02-04T09:58:49.489+0530] {dag.py:3036} INFO - Sync 1 DAGs
[2026-02-04T09:58:49.533+0530] {logging_mixin.py:188} INFO - [2026-02-04T09:58:49.532+0530] {dag.py:3823} INFO - Setting next_dagrun for tle_data_ingestion to 2026-02-04 04:25:00+00:00, run_after=2026-02-04 04:30:00+00:00
[2026-02-04T09:58:49.554+0530] {processor.py:183} INFO - Processing /opt/airflow/dags/dag_tle_ingestion_only.py took 0.134 seconds
[2026-02-04T09:59:19.687+0530] {processor.py:161} INFO - Started process (PID=7954) to work on /opt/airflow/dags/dag_tle_ingestion_only.py
[2026-02-04T09:59:19.689+0530] {processor.py:830} INFO - Processing file /opt/airflow/dags/dag_tle_ingestion_only.py for tasks to queue
[2026-02-04T09:59:19.690+0530] {logging_mixin.py:188} INFO - [2026-02-04T09:59:19.690+0530] {dagbag.py:538} INFO - Filling up the DagBag from /opt/airflow/dags/dag_tle_ingestion_only.py
[2026-02-04T09:59:19.713+0530] {processor.py:840} INFO - DAG(s) 'tle_data_ingestion' retrieved from /opt/airflow/dags/dag_tle_ingestion_only.py
[2026-02-04T09:59:19.747+0530] {logging_mixin.py:188} INFO - [2026-02-04T09:59:19.747+0530] {dag.py:3036} INFO - Sync 1 DAGs
[2026-02-04T09:59:19.780+0530] {logging_mixin.py:188} INFO - [2026-02-04T09:59:19.780+0530] {dag.py:3823} INFO - Setting next_dagrun for tle_data_ingestion to 2026-02-04 04:25:00+00:00, run_after=2026-02-04 04:30:00+00:00
[2026-02-04T09:59:19.803+0530] {processor.py:183} INFO - Processing /opt/airflow/dags/dag_tle_ingestion_only.py took 0.120 seconds
[2026-02-04T09:59:49.935+0530] {processor.py:161} INFO - Started process (PID=7959) to work on /opt/airflow/dags/dag_tle_ingestion_only.py
[2026-02-04T09:59:49.938+0530] {processor.py:830} INFO - Processing file /opt/airflow/dags/dag_tle_ingestion_only.py for tasks to queue
[2026-02-04T09:59:49.939+0530] {logging_mixin.py:188} INFO - [2026-02-04T09:59:49.939+0530] {dagbag.py:538} INFO - Filling up the DagBag from /opt/airflow/dags/dag_tle_ingestion_only.py
[2026-02-04T09:59:49.960+0530] {processor.py:840} INFO - DAG(s) 'tle_data_ingestion' retrieved from /opt/airflow/dags/dag_tle_ingestion_only.py
[2026-02-04T09:59:49.994+0530] {logging_mixin.py:188} INFO - [2026-02-04T09:59:49.993+0530] {dag.py:3036} INFO - Sync 1 DAGs
[2026-02-04T09:59:50.033+0530] {logging_mixin.py:188} INFO - [2026-02-04T09:59:50.033+0530] {dag.py:3823} INFO - Setting next_dagrun for tle_data_ingestion to 2026-02-04 04:25:00+00:00, run_after=2026-02-04 04:30:00+00:00
[2026-02-04T09:59:50.059+0530] {processor.py:183} INFO - Processing /opt/airflow/dags/dag_tle_ingestion_only.py took 0.127 seconds
[2026-02-04T10:00:20.186+0530] {processor.py:161} INFO - Started process (PID=7971) to work on /opt/airflow/dags/dag_tle_ingestion_only.py
[2026-02-04T10:00:20.188+0530] {processor.py:830} INFO - Processing file /opt/airflow/dags/dag_tle_ingestion_only.py for tasks to queue
[2026-02-04T10:00:20.189+0530] {logging_mixin.py:188} INFO - [2026-02-04T10:00:20.189+0530] {dagbag.py:538} INFO - Filling up the DagBag from /opt/airflow/dags/dag_tle_ingestion_only.py
[2026-02-04T10:00:20.212+0530] {processor.py:840} INFO - DAG(s) 'tle_data_ingestion' retrieved from /opt/airflow/dags/dag_tle_ingestion_only.py
[2026-02-04T10:00:20.245+0530] {logging_mixin.py:188} INFO - [2026-02-04T10:00:20.245+0530] {dag.py:3036} INFO - Sync 1 DAGs
[2026-02-04T10:00:20.282+0530] {logging_mixin.py:188} INFO - [2026-02-04T10:00:20.281+0530] {dag.py:3823} INFO - Setting next_dagrun for tle_data_ingestion to 2026-02-04 04:30:00+00:00, run_after=2026-02-04 04:35:00+00:00
[2026-02-04T10:00:20.300+0530] {processor.py:183} INFO - Processing /opt/airflow/dags/dag_tle_ingestion_only.py took 0.118 seconds
[2026-02-04T10:00:50.434+0530] {processor.py:161} INFO - Started process (PID=7976) to work on /opt/airflow/dags/dag_tle_ingestion_only.py
[2026-02-04T10:00:50.437+0530] {processor.py:830} INFO - Processing file /opt/airflow/dags/dag_tle_ingestion_only.py for tasks to queue
[2026-02-04T10:00:50.437+0530] {logging_mixin.py:188} INFO - [2026-02-04T10:00:50.437+0530] {dagbag.py:538} INFO - Filling up the DagBag from /opt/airflow/dags/dag_tle_ingestion_only.py
[2026-02-04T10:00:50.469+0530] {processor.py:840} INFO - DAG(s) 'tle_data_ingestion' retrieved from /opt/airflow/dags/dag_tle_ingestion_only.py
[2026-02-04T10:00:50.508+0530] {logging_mixin.py:188} INFO - [2026-02-04T10:00:50.508+0530] {dag.py:3036} INFO - Sync 1 DAGs
[2026-02-04T10:00:50.555+0530] {logging_mixin.py:188} INFO - [2026-02-04T10:00:50.555+0530] {dag.py:3823} INFO - Setting next_dagrun for tle_data_ingestion to 2026-02-04 04:30:00+00:00, run_after=2026-02-04 04:35:00+00:00
[2026-02-04T10:00:50.572+0530] {processor.py:183} INFO - Processing /opt/airflow/dags/dag_tle_ingestion_only.py took 0.142 seconds
[2026-02-04T10:01:20.698+0530] {processor.py:161} INFO - Started process (PID=7981) to work on /opt/airflow/dags/dag_tle_ingestion_only.py
[2026-02-04T10:01:20.699+0530] {processor.py:830} INFO - Processing file /opt/airflow/dags/dag_tle_ingestion_only.py for tasks to queue
[2026-02-04T10:01:20.701+0530] {logging_mixin.py:188} INFO - [2026-02-04T10:01:20.700+0530] {dagbag.py:538} INFO - Filling up the DagBag from /opt/airflow/dags/dag_tle_ingestion_only.py
[2026-02-04T10:01:20.746+0530] {processor.py:840} INFO - DAG(s) 'tle_data_ingestion' retrieved from /opt/airflow/dags/dag_tle_ingestion_only.py
[2026-02-04T10:01:20.787+0530] {logging_mixin.py:188} INFO - [2026-02-04T10:01:20.787+0530] {dag.py:3036} INFO - Sync 1 DAGs
[2026-02-04T10:01:20.821+0530] {logging_mixin.py:188} INFO - [2026-02-04T10:01:20.821+0530] {dag.py:3823} INFO - Setting next_dagrun for tle_data_ingestion to 2026-02-04 04:30:00+00:00, run_after=2026-02-04 04:35:00+00:00
[2026-02-04T10:01:20.838+0530] {processor.py:183} INFO - Processing /opt/airflow/dags/dag_tle_ingestion_only.py took 0.147 seconds
[2026-02-04T10:01:50.974+0530] {processor.py:161} INFO - Started process (PID=7986) to work on /opt/airflow/dags/dag_tle_ingestion_only.py
[2026-02-04T10:01:50.977+0530] {processor.py:830} INFO - Processing file /opt/airflow/dags/dag_tle_ingestion_only.py for tasks to queue
[2026-02-04T10:01:50.978+0530] {logging_mixin.py:188} INFO - [2026-02-04T10:01:50.978+0530] {dagbag.py:538} INFO - Filling up the DagBag from /opt/airflow/dags/dag_tle_ingestion_only.py
[2026-02-04T10:01:51.004+0530] {processor.py:840} INFO - DAG(s) 'tle_data_ingestion' retrieved from /opt/airflow/dags/dag_tle_ingestion_only.py
[2026-02-04T10:01:51.044+0530] {logging_mixin.py:188} INFO - [2026-02-04T10:01:51.044+0530] {dag.py:3036} INFO - Sync 1 DAGs
[2026-02-04T10:01:51.084+0530] {logging_mixin.py:188} INFO - [2026-02-04T10:01:51.083+0530] {dag.py:3823} INFO - Setting next_dagrun for tle_data_ingestion to 2026-02-04 04:30:00+00:00, run_after=2026-02-04 04:35:00+00:00
[2026-02-04T10:01:51.102+0530] {processor.py:183} INFO - Processing /opt/airflow/dags/dag_tle_ingestion_only.py took 0.134 seconds
[2026-02-04T10:02:21.235+0530] {processor.py:161} INFO - Started process (PID=7991) to work on /opt/airflow/dags/dag_tle_ingestion_only.py
[2026-02-04T10:02:21.238+0530] {processor.py:830} INFO - Processing file /opt/airflow/dags/dag_tle_ingestion_only.py for tasks to queue
[2026-02-04T10:02:21.239+0530] {logging_mixin.py:188} INFO - [2026-02-04T10:02:21.238+0530] {dagbag.py:538} INFO - Filling up the DagBag from /opt/airflow/dags/dag_tle_ingestion_only.py
[2026-02-04T10:02:21.266+0530] {processor.py:840} INFO - DAG(s) 'tle_data_ingestion' retrieved from /opt/airflow/dags/dag_tle_ingestion_only.py
[2026-02-04T10:02:21.303+0530] {logging_mixin.py:188} INFO - [2026-02-04T10:02:21.302+0530] {dag.py:3036} INFO - Sync 1 DAGs
[2026-02-04T10:02:21.338+0530] {logging_mixin.py:188} INFO - [2026-02-04T10:02:21.338+0530] {dag.py:3823} INFO - Setting next_dagrun for tle_data_ingestion to 2026-02-04 04:30:00+00:00, run_after=2026-02-04 04:35:00+00:00
[2026-02-04T10:02:21.361+0530] {processor.py:183} INFO - Processing /opt/airflow/dags/dag_tle_ingestion_only.py took 0.130 seconds
[2026-02-04T10:02:51.482+0530] {processor.py:161} INFO - Started process (PID=7996) to work on /opt/airflow/dags/dag_tle_ingestion_only.py
[2026-02-04T10:02:51.484+0530] {processor.py:830} INFO - Processing file /opt/airflow/dags/dag_tle_ingestion_only.py for tasks to queue
[2026-02-04T10:02:51.485+0530] {logging_mixin.py:188} INFO - [2026-02-04T10:02:51.484+0530] {dagbag.py:538} INFO - Filling up the DagBag from /opt/airflow/dags/dag_tle_ingestion_only.py
[2026-02-04T10:02:51.512+0530] {processor.py:840} INFO - DAG(s) 'tle_data_ingestion' retrieved from /opt/airflow/dags/dag_tle_ingestion_only.py
[2026-02-04T10:02:51.549+0530] {logging_mixin.py:188} INFO - [2026-02-04T10:02:51.549+0530] {dag.py:3036} INFO - Sync 1 DAGs
[2026-02-04T10:02:51.597+0530] {logging_mixin.py:188} INFO - [2026-02-04T10:02:51.596+0530] {dag.py:3823} INFO - Setting next_dagrun for tle_data_ingestion to 2026-02-04 04:30:00+00:00, run_after=2026-02-04 04:35:00+00:00
[2026-02-04T10:02:51.620+0530] {processor.py:183} INFO - Processing /opt/airflow/dags/dag_tle_ingestion_only.py took 0.141 seconds
[2026-02-04T10:03:21.733+0530] {processor.py:161} INFO - Started process (PID=8001) to work on /opt/airflow/dags/dag_tle_ingestion_only.py
[2026-02-04T10:03:21.735+0530] {processor.py:830} INFO - Processing file /opt/airflow/dags/dag_tle_ingestion_only.py for tasks to queue
[2026-02-04T10:03:21.736+0530] {logging_mixin.py:188} INFO - [2026-02-04T10:03:21.736+0530] {dagbag.py:538} INFO - Filling up the DagBag from /opt/airflow/dags/dag_tle_ingestion_only.py
[2026-02-04T10:03:21.762+0530] {processor.py:840} INFO - DAG(s) 'tle_data_ingestion' retrieved from /opt/airflow/dags/dag_tle_ingestion_only.py
[2026-02-04T10:03:21.796+0530] {logging_mixin.py:188} INFO - [2026-02-04T10:03:21.796+0530] {dag.py:3036} INFO - Sync 1 DAGs
[2026-02-04T10:03:21.829+0530] {logging_mixin.py:188} INFO - [2026-02-04T10:03:21.829+0530] {dag.py:3823} INFO - Setting next_dagrun for tle_data_ingestion to 2026-02-04 04:30:00+00:00, run_after=2026-02-04 04:35:00+00:00
[2026-02-04T10:03:21.853+0530] {processor.py:183} INFO - Processing /opt/airflow/dags/dag_tle_ingestion_only.py took 0.125 seconds
[2026-02-04T10:03:51.974+0530] {processor.py:161} INFO - Started process (PID=8006) to work on /opt/airflow/dags/dag_tle_ingestion_only.py
[2026-02-04T10:03:51.977+0530] {processor.py:830} INFO - Processing file /opt/airflow/dags/dag_tle_ingestion_only.py for tasks to queue
[2026-02-04T10:03:51.978+0530] {logging_mixin.py:188} INFO - [2026-02-04T10:03:51.977+0530] {dagbag.py:538} INFO - Filling up the DagBag from /opt/airflow/dags/dag_tle_ingestion_only.py
[2026-02-04T10:03:52.005+0530] {processor.py:840} INFO - DAG(s) 'tle_data_ingestion' retrieved from /opt/airflow/dags/dag_tle_ingestion_only.py
[2026-02-04T10:03:52.044+0530] {logging_mixin.py:188} INFO - [2026-02-04T10:03:52.044+0530] {dag.py:3036} INFO - Sync 1 DAGs
[2026-02-04T10:03:52.080+0530] {logging_mixin.py:188} INFO - [2026-02-04T10:03:52.079+0530] {dag.py:3823} INFO - Setting next_dagrun for tle_data_ingestion to 2026-02-04 04:30:00+00:00, run_after=2026-02-04 04:35:00+00:00
[2026-02-04T10:03:52.106+0530] {processor.py:183} INFO - Processing /opt/airflow/dags/dag_tle_ingestion_only.py took 0.136 seconds
[2026-02-04T10:04:22.241+0530] {processor.py:161} INFO - Started process (PID=8011) to work on /opt/airflow/dags/dag_tle_ingestion_only.py
[2026-02-04T10:04:22.244+0530] {processor.py:830} INFO - Processing file /opt/airflow/dags/dag_tle_ingestion_only.py for tasks to queue
[2026-02-04T10:04:22.246+0530] {logging_mixin.py:188} INFO - [2026-02-04T10:04:22.245+0530] {dagbag.py:538} INFO - Filling up the DagBag from /opt/airflow/dags/dag_tle_ingestion_only.py
[2026-02-04T10:04:22.285+0530] {processor.py:840} INFO - DAG(s) 'tle_data_ingestion' retrieved from /opt/airflow/dags/dag_tle_ingestion_only.py
[2026-02-04T10:04:22.323+0530] {logging_mixin.py:188} INFO - [2026-02-04T10:04:22.323+0530] {dag.py:3036} INFO - Sync 1 DAGs
[2026-02-04T10:04:22.369+0530] {logging_mixin.py:188} INFO - [2026-02-04T10:04:22.369+0530] {dag.py:3823} INFO - Setting next_dagrun for tle_data_ingestion to 2026-02-04 04:30:00+00:00, run_after=2026-02-04 04:35:00+00:00
[2026-02-04T10:04:22.394+0530] {processor.py:183} INFO - Processing /opt/airflow/dags/dag_tle_ingestion_only.py took 0.158 seconds
[2026-02-04T10:04:52.537+0530] {processor.py:161} INFO - Started process (PID=8016) to work on /opt/airflow/dags/dag_tle_ingestion_only.py
[2026-02-04T10:04:52.540+0530] {processor.py:830} INFO - Processing file /opt/airflow/dags/dag_tle_ingestion_only.py for tasks to queue
[2026-02-04T10:04:52.542+0530] {logging_mixin.py:188} INFO - [2026-02-04T10:04:52.541+0530] {dagbag.py:538} INFO - Filling up the DagBag from /opt/airflow/dags/dag_tle_ingestion_only.py
[2026-02-04T10:04:52.580+0530] {processor.py:840} INFO - DAG(s) 'tle_data_ingestion' retrieved from /opt/airflow/dags/dag_tle_ingestion_only.py
[2026-02-04T10:04:52.625+0530] {logging_mixin.py:188} INFO - [2026-02-04T10:04:52.625+0530] {dag.py:3036} INFO - Sync 1 DAGs
[2026-02-04T10:04:52.666+0530] {logging_mixin.py:188} INFO - [2026-02-04T10:04:52.666+0530] {dag.py:3823} INFO - Setting next_dagrun for tle_data_ingestion to 2026-02-04 04:30:00+00:00, run_after=2026-02-04 04:35:00+00:00
[2026-02-04T10:04:52.692+0530] {processor.py:183} INFO - Processing /opt/airflow/dags/dag_tle_ingestion_only.py took 0.161 seconds
[2026-02-04T10:05:22.833+0530] {processor.py:161} INFO - Started process (PID=8028) to work on /opt/airflow/dags/dag_tle_ingestion_only.py
[2026-02-04T10:05:22.843+0530] {processor.py:830} INFO - Processing file /opt/airflow/dags/dag_tle_ingestion_only.py for tasks to queue
[2026-02-04T10:05:22.844+0530] {logging_mixin.py:188} INFO - [2026-02-04T10:05:22.843+0530] {dagbag.py:538} INFO - Filling up the DagBag from /opt/airflow/dags/dag_tle_ingestion_only.py
[2026-02-04T10:05:22.868+0530] {processor.py:840} INFO - DAG(s) 'tle_data_ingestion' retrieved from /opt/airflow/dags/dag_tle_ingestion_only.py
[2026-02-04T10:05:22.900+0530] {logging_mixin.py:188} INFO - [2026-02-04T10:05:22.900+0530] {dag.py:3036} INFO - Sync 1 DAGs
[2026-02-04T10:05:22.936+0530] {logging_mixin.py:188} INFO - [2026-02-04T10:05:22.936+0530] {dag.py:3823} INFO - Setting next_dagrun for tle_data_ingestion to 2026-02-04 04:35:00+00:00, run_after=2026-02-04 04:40:00+00:00
[2026-02-04T10:05:22.955+0530] {processor.py:183} INFO - Processing /opt/airflow/dags/dag_tle_ingestion_only.py took 0.126 seconds
[2026-02-04T10:05:53.086+0530] {processor.py:161} INFO - Started process (PID=8033) to work on /opt/airflow/dags/dag_tle_ingestion_only.py
[2026-02-04T10:05:53.087+0530] {processor.py:830} INFO - Processing file /opt/airflow/dags/dag_tle_ingestion_only.py for tasks to queue
[2026-02-04T10:05:53.088+0530] {logging_mixin.py:188} INFO - [2026-02-04T10:05:53.088+0530] {dagbag.py:538} INFO - Filling up the DagBag from /opt/airflow/dags/dag_tle_ingestion_only.py
[2026-02-04T10:05:53.115+0530] {processor.py:840} INFO - DAG(s) 'tle_data_ingestion' retrieved from /opt/airflow/dags/dag_tle_ingestion_only.py
[2026-02-04T10:05:53.151+0530] {logging_mixin.py:188} INFO - [2026-02-04T10:05:53.151+0530] {dag.py:3036} INFO - Sync 1 DAGs
[2026-02-04T10:05:53.185+0530] {logging_mixin.py:188} INFO - [2026-02-04T10:05:53.184+0530] {dag.py:3823} INFO - Setting next_dagrun for tle_data_ingestion to 2026-02-04 04:35:00+00:00, run_after=2026-02-04 04:40:00+00:00
[2026-02-04T10:05:53.208+0530] {processor.py:183} INFO - Processing /opt/airflow/dags/dag_tle_ingestion_only.py took 0.126 seconds
[2026-02-04T10:06:23.337+0530] {processor.py:161} INFO - Started process (PID=8038) to work on /opt/airflow/dags/dag_tle_ingestion_only.py
[2026-02-04T10:06:23.340+0530] {processor.py:830} INFO - Processing file /opt/airflow/dags/dag_tle_ingestion_only.py for tasks to queue
[2026-02-04T10:06:23.341+0530] {logging_mixin.py:188} INFO - [2026-02-04T10:06:23.341+0530] {dagbag.py:538} INFO - Filling up the DagBag from /opt/airflow/dags/dag_tle_ingestion_only.py
[2026-02-04T10:06:23.367+0530] {processor.py:840} INFO - DAG(s) 'tle_data_ingestion' retrieved from /opt/airflow/dags/dag_tle_ingestion_only.py
[2026-02-04T10:06:23.401+0530] {logging_mixin.py:188} INFO - [2026-02-04T10:06:23.401+0530] {dag.py:3036} INFO - Sync 1 DAGs
[2026-02-04T10:06:23.480+0530] {logging_mixin.py:188} INFO - [2026-02-04T10:06:23.480+0530] {dag.py:3823} INFO - Setting next_dagrun for tle_data_ingestion to 2026-02-04 04:35:00+00:00, run_after=2026-02-04 04:40:00+00:00
[2026-02-04T10:06:23.501+0530] {processor.py:183} INFO - Processing /opt/airflow/dags/dag_tle_ingestion_only.py took 0.168 seconds
[2026-02-04T10:06:53.644+0530] {processor.py:161} INFO - Started process (PID=8043) to work on /opt/airflow/dags/dag_tle_ingestion_only.py
[2026-02-04T10:06:53.647+0530] {processor.py:830} INFO - Processing file /opt/airflow/dags/dag_tle_ingestion_only.py for tasks to queue
[2026-02-04T10:06:53.648+0530] {logging_mixin.py:188} INFO - [2026-02-04T10:06:53.648+0530] {dagbag.py:538} INFO - Filling up the DagBag from /opt/airflow/dags/dag_tle_ingestion_only.py
[2026-02-04T10:06:53.674+0530] {processor.py:840} INFO - DAG(s) 'tle_data_ingestion' retrieved from /opt/airflow/dags/dag_tle_ingestion_only.py
[2026-02-04T10:06:53.710+0530] {logging_mixin.py:188} INFO - [2026-02-04T10:06:53.710+0530] {dag.py:3036} INFO - Sync 1 DAGs
[2026-02-04T10:06:53.744+0530] {logging_mixin.py:188} INFO - [2026-02-04T10:06:53.744+0530] {dag.py:3823} INFO - Setting next_dagrun for tle_data_ingestion to 2026-02-04 04:35:00+00:00, run_after=2026-02-04 04:40:00+00:00
[2026-02-04T10:06:53.765+0530] {processor.py:183} INFO - Processing /opt/airflow/dags/dag_tle_ingestion_only.py took 0.127 seconds
[2026-02-04T10:07:23.915+0530] {processor.py:161} INFO - Started process (PID=8048) to work on /opt/airflow/dags/dag_tle_ingestion_only.py
[2026-02-04T10:07:23.918+0530] {processor.py:830} INFO - Processing file /opt/airflow/dags/dag_tle_ingestion_only.py for tasks to queue
[2026-02-04T10:07:23.920+0530] {logging_mixin.py:188} INFO - [2026-02-04T10:07:23.919+0530] {dagbag.py:538} INFO - Filling up the DagBag from /opt/airflow/dags/dag_tle_ingestion_only.py
[2026-02-04T10:07:23.959+0530] {processor.py:840} INFO - DAG(s) 'tle_data_ingestion' retrieved from /opt/airflow/dags/dag_tle_ingestion_only.py
[2026-02-04T10:07:23.996+0530] {logging_mixin.py:188} INFO - [2026-02-04T10:07:23.996+0530] {dag.py:3036} INFO - Sync 1 DAGs
[2026-02-04T10:07:24.029+0530] {logging_mixin.py:188} INFO - [2026-02-04T10:07:24.029+0530] {dag.py:3823} INFO - Setting next_dagrun for tle_data_ingestion to 2026-02-04 04:35:00+00:00, run_after=2026-02-04 04:40:00+00:00
[2026-02-04T10:07:24.048+0530] {processor.py:183} INFO - Processing /opt/airflow/dags/dag_tle_ingestion_only.py took 0.140 seconds
[2026-02-04T10:07:54.198+0530] {processor.py:161} INFO - Started process (PID=8053) to work on /opt/airflow/dags/dag_tle_ingestion_only.py
[2026-02-04T10:07:54.201+0530] {processor.py:830} INFO - Processing file /opt/airflow/dags/dag_tle_ingestion_only.py for tasks to queue
[2026-02-04T10:07:54.202+0530] {logging_mixin.py:188} INFO - [2026-02-04T10:07:54.202+0530] {dagbag.py:538} INFO - Filling up the DagBag from /opt/airflow/dags/dag_tle_ingestion_only.py
[2026-02-04T10:07:54.241+0530] {processor.py:840} INFO - DAG(s) 'tle_data_ingestion' retrieved from /opt/airflow/dags/dag_tle_ingestion_only.py
[2026-02-04T10:07:54.282+0530] {logging_mixin.py:188} INFO - [2026-02-04T10:07:54.281+0530] {dag.py:3036} INFO - Sync 1 DAGs
[2026-02-04T10:07:54.312+0530] {logging_mixin.py:188} INFO - [2026-02-04T10:07:54.312+0530] {dag.py:3823} INFO - Setting next_dagrun for tle_data_ingestion to 2026-02-04 04:35:00+00:00, run_after=2026-02-04 04:40:00+00:00
[2026-02-04T10:07:54.330+0530] {processor.py:183} INFO - Processing /opt/airflow/dags/dag_tle_ingestion_only.py took 0.138 seconds
[2026-02-04T10:08:24.458+0530] {processor.py:161} INFO - Started process (PID=8058) to work on /opt/airflow/dags/dag_tle_ingestion_only.py
[2026-02-04T10:08:24.459+0530] {processor.py:830} INFO - Processing file /opt/airflow/dags/dag_tle_ingestion_only.py for tasks to queue
[2026-02-04T10:08:24.460+0530] {logging_mixin.py:188} INFO - [2026-02-04T10:08:24.460+0530] {dagbag.py:538} INFO - Filling up the DagBag from /opt/airflow/dags/dag_tle_ingestion_only.py
[2026-02-04T10:08:24.484+0530] {processor.py:840} INFO - DAG(s) 'tle_data_ingestion' retrieved from /opt/airflow/dags/dag_tle_ingestion_only.py
[2026-02-04T10:08:24.521+0530] {logging_mixin.py:188} INFO - [2026-02-04T10:08:24.521+0530] {dag.py:3036} INFO - Sync 1 DAGs
[2026-02-04T10:08:24.563+0530] {logging_mixin.py:188} INFO - [2026-02-04T10:08:24.563+0530] {dag.py:3823} INFO - Setting next_dagrun for tle_data_ingestion to 2026-02-04 04:35:00+00:00, run_after=2026-02-04 04:40:00+00:00
[2026-02-04T10:08:24.590+0530] {processor.py:183} INFO - Processing /opt/airflow/dags/dag_tle_ingestion_only.py took 0.137 seconds
[2026-02-04T10:08:54.727+0530] {processor.py:161} INFO - Started process (PID=8063) to work on /opt/airflow/dags/dag_tle_ingestion_only.py
[2026-02-04T10:08:54.729+0530] {processor.py:830} INFO - Processing file /opt/airflow/dags/dag_tle_ingestion_only.py for tasks to queue
[2026-02-04T10:08:54.730+0530] {logging_mixin.py:188} INFO - [2026-02-04T10:08:54.730+0530] {dagbag.py:538} INFO - Filling up the DagBag from /opt/airflow/dags/dag_tle_ingestion_only.py
[2026-02-04T10:08:54.755+0530] {processor.py:840} INFO - DAG(s) 'tle_data_ingestion' retrieved from /opt/airflow/dags/dag_tle_ingestion_only.py
[2026-02-04T10:08:54.795+0530] {logging_mixin.py:188} INFO - [2026-02-04T10:08:54.794+0530] {dag.py:3036} INFO - Sync 1 DAGs
[2026-02-04T10:08:54.829+0530] {logging_mixin.py:188} INFO - [2026-02-04T10:08:54.828+0530] {dag.py:3823} INFO - Setting next_dagrun for tle_data_ingestion to 2026-02-04 04:35:00+00:00, run_after=2026-02-04 04:40:00+00:00
[2026-02-04T10:08:54.849+0530] {processor.py:183} INFO - Processing /opt/airflow/dags/dag_tle_ingestion_only.py took 0.127 seconds
[2026-02-04T10:09:24.987+0530] {processor.py:161} INFO - Started process (PID=8068) to work on /opt/airflow/dags/dag_tle_ingestion_only.py
[2026-02-04T10:09:24.990+0530] {processor.py:830} INFO - Processing file /opt/airflow/dags/dag_tle_ingestion_only.py for tasks to queue
[2026-02-04T10:09:24.991+0530] {logging_mixin.py:188} INFO - [2026-02-04T10:09:24.990+0530] {dagbag.py:538} INFO - Filling up the DagBag from /opt/airflow/dags/dag_tle_ingestion_only.py
[2026-02-04T10:09:25.025+0530] {processor.py:840} INFO - DAG(s) 'tle_data_ingestion' retrieved from /opt/airflow/dags/dag_tle_ingestion_only.py
[2026-02-04T10:09:25.072+0530] {logging_mixin.py:188} INFO - [2026-02-04T10:09:25.072+0530] {dag.py:3036} INFO - Sync 1 DAGs
[2026-02-04T10:09:25.120+0530] {logging_mixin.py:188} INFO - [2026-02-04T10:09:25.119+0530] {dag.py:3823} INFO - Setting next_dagrun for tle_data_ingestion to 2026-02-04 04:35:00+00:00, run_after=2026-02-04 04:40:00+00:00
[2026-02-04T10:09:25.144+0530] {processor.py:183} INFO - Processing /opt/airflow/dags/dag_tle_ingestion_only.py took 0.161 seconds
[2026-02-04T10:09:55.289+0530] {processor.py:161} INFO - Started process (PID=8073) to work on /opt/airflow/dags/dag_tle_ingestion_only.py
[2026-02-04T10:09:55.291+0530] {processor.py:830} INFO - Processing file /opt/airflow/dags/dag_tle_ingestion_only.py for tasks to queue
[2026-02-04T10:09:55.292+0530] {logging_mixin.py:188} INFO - [2026-02-04T10:09:55.292+0530] {dagbag.py:538} INFO - Filling up the DagBag from /opt/airflow/dags/dag_tle_ingestion_only.py
[2026-02-04T10:09:55.317+0530] {processor.py:840} INFO - DAG(s) 'tle_data_ingestion' retrieved from /opt/airflow/dags/dag_tle_ingestion_only.py
[2026-02-04T10:09:55.350+0530] {logging_mixin.py:188} INFO - [2026-02-04T10:09:55.350+0530] {dag.py:3036} INFO - Sync 1 DAGs
[2026-02-04T10:09:55.384+0530] {logging_mixin.py:188} INFO - [2026-02-04T10:09:55.384+0530] {dag.py:3823} INFO - Setting next_dagrun for tle_data_ingestion to 2026-02-04 04:35:00+00:00, run_after=2026-02-04 04:40:00+00:00
[2026-02-04T10:09:55.405+0530] {processor.py:183} INFO - Processing /opt/airflow/dags/dag_tle_ingestion_only.py took 0.120 seconds
[2026-02-04T10:10:25.532+0530] {processor.py:161} INFO - Started process (PID=8085) to work on /opt/airflow/dags/dag_tle_ingestion_only.py
[2026-02-04T10:10:25.533+0530] {processor.py:830} INFO - Processing file /opt/airflow/dags/dag_tle_ingestion_only.py for tasks to queue
[2026-02-04T10:10:25.534+0530] {logging_mixin.py:188} INFO - [2026-02-04T10:10:25.534+0530] {dagbag.py:538} INFO - Filling up the DagBag from /opt/airflow/dags/dag_tle_ingestion_only.py
[2026-02-04T10:10:25.564+0530] {processor.py:840} INFO - DAG(s) 'tle_data_ingestion' retrieved from /opt/airflow/dags/dag_tle_ingestion_only.py
[2026-02-04T10:10:25.606+0530] {logging_mixin.py:188} INFO - [2026-02-04T10:10:25.605+0530] {dag.py:3036} INFO - Sync 1 DAGs
[2026-02-04T10:10:25.646+0530] {logging_mixin.py:188} INFO - [2026-02-04T10:10:25.646+0530] {dag.py:3823} INFO - Setting next_dagrun for tle_data_ingestion to 2026-02-04 04:40:00+00:00, run_after=2026-02-04 04:45:00+00:00
[2026-02-04T10:10:25.673+0530] {processor.py:183} INFO - Processing /opt/airflow/dags/dag_tle_ingestion_only.py took 0.145 seconds
[2026-02-04T10:10:55.817+0530] {processor.py:161} INFO - Started process (PID=8090) to work on /opt/airflow/dags/dag_tle_ingestion_only.py
[2026-02-04T10:10:55.818+0530] {processor.py:830} INFO - Processing file /opt/airflow/dags/dag_tle_ingestion_only.py for tasks to queue
[2026-02-04T10:10:55.819+0530] {logging_mixin.py:188} INFO - [2026-02-04T10:10:55.818+0530] {dagbag.py:538} INFO - Filling up the DagBag from /opt/airflow/dags/dag_tle_ingestion_only.py
[2026-02-04T10:10:55.845+0530] {processor.py:840} INFO - DAG(s) 'tle_data_ingestion' retrieved from /opt/airflow/dags/dag_tle_ingestion_only.py
[2026-02-04T10:10:55.879+0530] {logging_mixin.py:188} INFO - [2026-02-04T10:10:55.879+0530] {dag.py:3036} INFO - Sync 1 DAGs
[2026-02-04T10:10:55.917+0530] {logging_mixin.py:188} INFO - [2026-02-04T10:10:55.917+0530] {dag.py:3823} INFO - Setting next_dagrun for tle_data_ingestion to 2026-02-04 04:40:00+00:00, run_after=2026-02-04 04:45:00+00:00
[2026-02-04T10:10:55.943+0530] {processor.py:183} INFO - Processing /opt/airflow/dags/dag_tle_ingestion_only.py took 0.132 seconds
[2026-02-04T10:11:26.089+0530] {processor.py:161} INFO - Started process (PID=8095) to work on /opt/airflow/dags/dag_tle_ingestion_only.py
[2026-02-04T10:11:26.092+0530] {processor.py:830} INFO - Processing file /opt/airflow/dags/dag_tle_ingestion_only.py for tasks to queue
[2026-02-04T10:11:26.094+0530] {logging_mixin.py:188} INFO - [2026-02-04T10:11:26.093+0530] {dagbag.py:538} INFO - Filling up the DagBag from /opt/airflow/dags/dag_tle_ingestion_only.py
[2026-02-04T10:11:26.121+0530] {processor.py:840} INFO - DAG(s) 'tle_data_ingestion' retrieved from /opt/airflow/dags/dag_tle_ingestion_only.py
[2026-02-04T10:11:26.158+0530] {logging_mixin.py:188} INFO - [2026-02-04T10:11:26.158+0530] {dag.py:3036} INFO - Sync 1 DAGs
[2026-02-04T10:11:26.194+0530] {logging_mixin.py:188} INFO - [2026-02-04T10:11:26.193+0530] {dag.py:3823} INFO - Setting next_dagrun for tle_data_ingestion to 2026-02-04 04:40:00+00:00, run_after=2026-02-04 04:45:00+00:00
[2026-02-04T10:11:26.219+0530] {processor.py:183} INFO - Processing /opt/airflow/dags/dag_tle_ingestion_only.py took 0.136 seconds
[2026-02-04T10:11:56.357+0530] {processor.py:161} INFO - Started process (PID=8100) to work on /opt/airflow/dags/dag_tle_ingestion_only.py
[2026-02-04T10:11:56.360+0530] {processor.py:830} INFO - Processing file /opt/airflow/dags/dag_tle_ingestion_only.py for tasks to queue
[2026-02-04T10:11:56.361+0530] {logging_mixin.py:188} INFO - [2026-02-04T10:11:56.361+0530] {dagbag.py:538} INFO - Filling up the DagBag from /opt/airflow/dags/dag_tle_ingestion_only.py
[2026-02-04T10:11:56.386+0530] {processor.py:840} INFO - DAG(s) 'tle_data_ingestion' retrieved from /opt/airflow/dags/dag_tle_ingestion_only.py
[2026-02-04T10:11:56.421+0530] {logging_mixin.py:188} INFO - [2026-02-04T10:11:56.420+0530] {dag.py:3036} INFO - Sync 1 DAGs
[2026-02-04T10:11:56.457+0530] {logging_mixin.py:188} INFO - [2026-02-04T10:11:56.456+0530] {dag.py:3823} INFO - Setting next_dagrun for tle_data_ingestion to 2026-02-04 04:40:00+00:00, run_after=2026-02-04 04:45:00+00:00
[2026-02-04T10:11:56.478+0530] {processor.py:183} INFO - Processing /opt/airflow/dags/dag_tle_ingestion_only.py took 0.126 seconds
[2026-02-04T10:12:26.614+0530] {processor.py:161} INFO - Started process (PID=8105) to work on /opt/airflow/dags/dag_tle_ingestion_only.py
[2026-02-04T10:12:26.617+0530] {processor.py:830} INFO - Processing file /opt/airflow/dags/dag_tle_ingestion_only.py for tasks to queue
[2026-02-04T10:12:26.618+0530] {logging_mixin.py:188} INFO - [2026-02-04T10:12:26.617+0530] {dagbag.py:538} INFO - Filling up the DagBag from /opt/airflow/dags/dag_tle_ingestion_only.py
[2026-02-04T10:12:26.641+0530] {processor.py:840} INFO - DAG(s) 'tle_data_ingestion' retrieved from /opt/airflow/dags/dag_tle_ingestion_only.py
[2026-02-04T10:12:26.674+0530] {logging_mixin.py:188} INFO - [2026-02-04T10:12:26.674+0530] {dag.py:3036} INFO - Sync 1 DAGs
[2026-02-04T10:12:26.715+0530] {logging_mixin.py:188} INFO - [2026-02-04T10:12:26.715+0530] {dag.py:3823} INFO - Setting next_dagrun for tle_data_ingestion to 2026-02-04 04:40:00+00:00, run_after=2026-02-04 04:45:00+00:00
[2026-02-04T10:12:26.741+0530] {processor.py:183} INFO - Processing /opt/airflow/dags/dag_tle_ingestion_only.py took 0.131 seconds
[2026-02-04T10:12:56.875+0530] {processor.py:161} INFO - Started process (PID=8110) to work on /opt/airflow/dags/dag_tle_ingestion_only.py
[2026-02-04T10:12:56.878+0530] {processor.py:830} INFO - Processing file /opt/airflow/dags/dag_tle_ingestion_only.py for tasks to queue
[2026-02-04T10:12:56.879+0530] {logging_mixin.py:188} INFO - [2026-02-04T10:12:56.878+0530] {dagbag.py:538} INFO - Filling up the DagBag from /opt/airflow/dags/dag_tle_ingestion_only.py
[2026-02-04T10:12:56.911+0530] {processor.py:840} INFO - DAG(s) 'tle_data_ingestion' retrieved from /opt/airflow/dags/dag_tle_ingestion_only.py
[2026-02-04T10:12:56.944+0530] {logging_mixin.py:188} INFO - [2026-02-04T10:12:56.944+0530] {dag.py:3036} INFO - Sync 1 DAGs
[2026-02-04T10:12:56.986+0530] {logging_mixin.py:188} INFO - [2026-02-04T10:12:56.986+0530] {dag.py:3823} INFO - Setting next_dagrun for tle_data_ingestion to 2026-02-04 04:40:00+00:00, run_after=2026-02-04 04:45:00+00:00
[2026-02-04T10:12:57.007+0530] {processor.py:183} INFO - Processing /opt/airflow/dags/dag_tle_ingestion_only.py took 0.136 seconds
[2026-02-04T10:13:27.149+0530] {processor.py:161} INFO - Started process (PID=8115) to work on /opt/airflow/dags/dag_tle_ingestion_only.py
[2026-02-04T10:13:27.151+0530] {processor.py:830} INFO - Processing file /opt/airflow/dags/dag_tle_ingestion_only.py for tasks to queue
[2026-02-04T10:13:27.153+0530] {logging_mixin.py:188} INFO - [2026-02-04T10:13:27.152+0530] {dagbag.py:538} INFO - Filling up the DagBag from /opt/airflow/dags/dag_tle_ingestion_only.py
[2026-02-04T10:13:27.191+0530] {processor.py:840} INFO - DAG(s) 'tle_data_ingestion' retrieved from /opt/airflow/dags/dag_tle_ingestion_only.py
[2026-02-04T10:13:27.228+0530] {logging_mixin.py:188} INFO - [2026-02-04T10:13:27.228+0530] {dag.py:3036} INFO - Sync 1 DAGs
[2026-02-04T10:13:27.269+0530] {logging_mixin.py:188} INFO - [2026-02-04T10:13:27.269+0530] {dag.py:3823} INFO - Setting next_dagrun for tle_data_ingestion to 2026-02-04 04:40:00+00:00, run_after=2026-02-04 04:45:00+00:00
[2026-02-04T10:13:27.296+0530] {processor.py:183} INFO - Processing /opt/airflow/dags/dag_tle_ingestion_only.py took 0.151 seconds
[2026-02-04T10:13:57.429+0530] {processor.py:161} INFO - Started process (PID=8120) to work on /opt/airflow/dags/dag_tle_ingestion_only.py
[2026-02-04T10:13:57.432+0530] {processor.py:830} INFO - Processing file /opt/airflow/dags/dag_tle_ingestion_only.py for tasks to queue
[2026-02-04T10:13:57.433+0530] {logging_mixin.py:188} INFO - [2026-02-04T10:13:57.432+0530] {dagbag.py:538} INFO - Filling up the DagBag from /opt/airflow/dags/dag_tle_ingestion_only.py
[2026-02-04T10:13:57.456+0530] {processor.py:840} INFO - DAG(s) 'tle_data_ingestion' retrieved from /opt/airflow/dags/dag_tle_ingestion_only.py
[2026-02-04T10:13:57.489+0530] {logging_mixin.py:188} INFO - [2026-02-04T10:13:57.489+0530] {dag.py:3036} INFO - Sync 1 DAGs
[2026-02-04T10:13:57.522+0530] {logging_mixin.py:188} INFO - [2026-02-04T10:13:57.522+0530] {dag.py:3823} INFO - Setting next_dagrun for tle_data_ingestion to 2026-02-04 04:40:00+00:00, run_after=2026-02-04 04:45:00+00:00
[2026-02-04T10:13:57.543+0530] {processor.py:183} INFO - Processing /opt/airflow/dags/dag_tle_ingestion_only.py took 0.118 seconds
[2026-02-04T10:14:27.678+0530] {processor.py:161} INFO - Started process (PID=8125) to work on /opt/airflow/dags/dag_tle_ingestion_only.py
[2026-02-04T10:14:27.679+0530] {processor.py:830} INFO - Processing file /opt/airflow/dags/dag_tle_ingestion_only.py for tasks to queue
[2026-02-04T10:14:27.681+0530] {logging_mixin.py:188} INFO - [2026-02-04T10:14:27.680+0530] {dagbag.py:538} INFO - Filling up the DagBag from /opt/airflow/dags/dag_tle_ingestion_only.py
[2026-02-04T10:14:27.709+0530] {processor.py:840} INFO - DAG(s) 'tle_data_ingestion' retrieved from /opt/airflow/dags/dag_tle_ingestion_only.py
[2026-02-04T10:14:27.746+0530] {logging_mixin.py:188} INFO - [2026-02-04T10:14:27.745+0530] {dag.py:3036} INFO - Sync 1 DAGs
[2026-02-04T10:14:27.802+0530] {logging_mixin.py:188} INFO - [2026-02-04T10:14:27.802+0530] {dag.py:3823} INFO - Setting next_dagrun for tle_data_ingestion to 2026-02-04 04:40:00+00:00, run_after=2026-02-04 04:45:00+00:00
[2026-02-04T10:14:27.825+0530] {processor.py:183} INFO - Processing /opt/airflow/dags/dag_tle_ingestion_only.py took 0.151 seconds
[2026-02-04T10:14:57.952+0530] {processor.py:161} INFO - Started process (PID=8130) to work on /opt/airflow/dags/dag_tle_ingestion_only.py
[2026-02-04T10:14:57.953+0530] {processor.py:830} INFO - Processing file /opt/airflow/dags/dag_tle_ingestion_only.py for tasks to queue
[2026-02-04T10:14:57.954+0530] {logging_mixin.py:188} INFO - [2026-02-04T10:14:57.954+0530] {dagbag.py:538} INFO - Filling up the DagBag from /opt/airflow/dags/dag_tle_ingestion_only.py
[2026-02-04T10:14:57.981+0530] {processor.py:840} INFO - DAG(s) 'tle_data_ingestion' retrieved from /opt/airflow/dags/dag_tle_ingestion_only.py
[2026-02-04T10:14:58.037+0530] {logging_mixin.py:188} INFO - [2026-02-04T10:14:58.037+0530] {dag.py:3036} INFO - Sync 1 DAGs
[2026-02-04T10:14:58.079+0530] {logging_mixin.py:188} INFO - [2026-02-04T10:14:58.079+0530] {dag.py:3823} INFO - Setting next_dagrun for tle_data_ingestion to 2026-02-04 04:40:00+00:00, run_after=2026-02-04 04:45:00+00:00
[2026-02-04T10:14:58.105+0530] {processor.py:183} INFO - Processing /opt/airflow/dags/dag_tle_ingestion_only.py took 0.156 seconds
[2026-02-04T10:15:28.251+0530] {processor.py:161} INFO - Started process (PID=8142) to work on /opt/airflow/dags/dag_tle_ingestion_only.py
[2026-02-04T10:15:28.253+0530] {processor.py:830} INFO - Processing file /opt/airflow/dags/dag_tle_ingestion_only.py for tasks to queue
[2026-02-04T10:15:28.255+0530] {logging_mixin.py:188} INFO - [2026-02-04T10:15:28.254+0530] {dagbag.py:538} INFO - Filling up the DagBag from /opt/airflow/dags/dag_tle_ingestion_only.py
[2026-02-04T10:15:28.314+0530] {processor.py:840} INFO - DAG(s) 'tle_data_ingestion' retrieved from /opt/airflow/dags/dag_tle_ingestion_only.py
[2026-02-04T10:15:28.373+0530] {logging_mixin.py:188} INFO - [2026-02-04T10:15:28.372+0530] {dag.py:3036} INFO - Sync 1 DAGs
[2026-02-04T10:15:28.427+0530] {logging_mixin.py:188} INFO - [2026-02-04T10:15:28.426+0530] {dag.py:3823} INFO - Setting next_dagrun for tle_data_ingestion to 2026-02-04 04:45:00+00:00, run_after=2026-02-04 04:50:00+00:00
[2026-02-04T10:15:28.454+0530] {processor.py:183} INFO - Processing /opt/airflow/dags/dag_tle_ingestion_only.py took 0.213 seconds
[2026-02-04T10:15:58.586+0530] {processor.py:161} INFO - Started process (PID=8147) to work on /opt/airflow/dags/dag_tle_ingestion_only.py
[2026-02-04T10:15:58.587+0530] {processor.py:830} INFO - Processing file /opt/airflow/dags/dag_tle_ingestion_only.py for tasks to queue
[2026-02-04T10:15:58.588+0530] {logging_mixin.py:188} INFO - [2026-02-04T10:15:58.588+0530] {dagbag.py:538} INFO - Filling up the DagBag from /opt/airflow/dags/dag_tle_ingestion_only.py
[2026-02-04T10:15:58.614+0530] {processor.py:840} INFO - DAG(s) 'tle_data_ingestion' retrieved from /opt/airflow/dags/dag_tle_ingestion_only.py
[2026-02-04T10:15:58.649+0530] {logging_mixin.py:188} INFO - [2026-02-04T10:15:58.648+0530] {dag.py:3036} INFO - Sync 1 DAGs
[2026-02-04T10:15:58.688+0530] {logging_mixin.py:188} INFO - [2026-02-04T10:15:58.688+0530] {dag.py:3823} INFO - Setting next_dagrun for tle_data_ingestion to 2026-02-04 04:45:00+00:00, run_after=2026-02-04 04:50:00+00:00
[2026-02-04T10:15:58.711+0530] {processor.py:183} INFO - Processing /opt/airflow/dags/dag_tle_ingestion_only.py took 0.129 seconds
[2026-02-04T10:16:28.837+0530] {processor.py:161} INFO - Started process (PID=8152) to work on /opt/airflow/dags/dag_tle_ingestion_only.py
[2026-02-04T10:16:28.838+0530] {processor.py:830} INFO - Processing file /opt/airflow/dags/dag_tle_ingestion_only.py for tasks to queue
[2026-02-04T10:16:28.839+0530] {logging_mixin.py:188} INFO - [2026-02-04T10:16:28.839+0530] {dagbag.py:538} INFO - Filling up the DagBag from /opt/airflow/dags/dag_tle_ingestion_only.py
[2026-02-04T10:16:28.873+0530] {processor.py:840} INFO - DAG(s) 'tle_data_ingestion' retrieved from /opt/airflow/dags/dag_tle_ingestion_only.py
[2026-02-04T10:16:28.915+0530] {logging_mixin.py:188} INFO - [2026-02-04T10:16:28.915+0530] {dag.py:3036} INFO - Sync 1 DAGs
[2026-02-04T10:16:28.948+0530] {logging_mixin.py:188} INFO - [2026-02-04T10:16:28.948+0530] {dag.py:3823} INFO - Setting next_dagrun for tle_data_ingestion to 2026-02-04 04:45:00+00:00, run_after=2026-02-04 04:50:00+00:00
[2026-02-04T10:16:28.966+0530] {processor.py:183} INFO - Processing /opt/airflow/dags/dag_tle_ingestion_only.py took 0.133 seconds
[2026-02-04T10:16:59.105+0530] {processor.py:161} INFO - Started process (PID=8157) to work on /opt/airflow/dags/dag_tle_ingestion_only.py
[2026-02-04T10:16:59.107+0530] {processor.py:830} INFO - Processing file /opt/airflow/dags/dag_tle_ingestion_only.py for tasks to queue
[2026-02-04T10:16:59.108+0530] {logging_mixin.py:188} INFO - [2026-02-04T10:16:59.108+0530] {dagbag.py:538} INFO - Filling up the DagBag from /opt/airflow/dags/dag_tle_ingestion_only.py
[2026-02-04T10:16:59.138+0530] {processor.py:840} INFO - DAG(s) 'tle_data_ingestion' retrieved from /opt/airflow/dags/dag_tle_ingestion_only.py
[2026-02-04T10:16:59.173+0530] {logging_mixin.py:188} INFO - [2026-02-04T10:16:59.173+0530] {dag.py:3036} INFO - Sync 1 DAGs
[2026-02-04T10:16:59.206+0530] {logging_mixin.py:188} INFO - [2026-02-04T10:16:59.206+0530] {dag.py:3823} INFO - Setting next_dagrun for tle_data_ingestion to 2026-02-04 04:45:00+00:00, run_after=2026-02-04 04:50:00+00:00
[2026-02-04T10:16:59.226+0530] {processor.py:183} INFO - Processing /opt/airflow/dags/dag_tle_ingestion_only.py took 0.125 seconds
[2026-02-04T10:17:29.364+0530] {processor.py:161} INFO - Started process (PID=8162) to work on /opt/airflow/dags/dag_tle_ingestion_only.py
[2026-02-04T10:17:29.366+0530] {processor.py:830} INFO - Processing file /opt/airflow/dags/dag_tle_ingestion_only.py for tasks to queue
[2026-02-04T10:17:29.368+0530] {logging_mixin.py:188} INFO - [2026-02-04T10:17:29.367+0530] {dagbag.py:538} INFO - Filling up the DagBag from /opt/airflow/dags/dag_tle_ingestion_only.py
[2026-02-04T10:17:29.405+0530] {processor.py:840} INFO - DAG(s) 'tle_data_ingestion' retrieved from /opt/airflow/dags/dag_tle_ingestion_only.py
[2026-02-04T10:17:29.453+0530] {logging_mixin.py:188} INFO - [2026-02-04T10:17:29.452+0530] {dag.py:3036} INFO - Sync 1 DAGs
[2026-02-04T10:17:29.492+0530] {logging_mixin.py:188} INFO - [2026-02-04T10:17:29.492+0530] {dag.py:3823} INFO - Setting next_dagrun for tle_data_ingestion to 2026-02-04 04:45:00+00:00, run_after=2026-02-04 04:50:00+00:00
[2026-02-04T10:17:29.518+0530] {processor.py:183} INFO - Processing /opt/airflow/dags/dag_tle_ingestion_only.py took 0.160 seconds
[2026-02-04T10:17:59.647+0530] {processor.py:161} INFO - Started process (PID=8167) to work on /opt/airflow/dags/dag_tle_ingestion_only.py
[2026-02-04T10:17:59.648+0530] {processor.py:830} INFO - Processing file /opt/airflow/dags/dag_tle_ingestion_only.py for tasks to queue
[2026-02-04T10:17:59.649+0530] {logging_mixin.py:188} INFO - [2026-02-04T10:17:59.649+0530] {dagbag.py:538} INFO - Filling up the DagBag from /opt/airflow/dags/dag_tle_ingestion_only.py
[2026-02-04T10:17:59.676+0530] {processor.py:840} INFO - DAG(s) 'tle_data_ingestion' retrieved from /opt/airflow/dags/dag_tle_ingestion_only.py
[2026-02-04T10:17:59.710+0530] {logging_mixin.py:188} INFO - [2026-02-04T10:17:59.710+0530] {dag.py:3036} INFO - Sync 1 DAGs
[2026-02-04T10:17:59.744+0530] {logging_mixin.py:188} INFO - [2026-02-04T10:17:59.744+0530] {dag.py:3823} INFO - Setting next_dagrun for tle_data_ingestion to 2026-02-04 04:45:00+00:00, run_after=2026-02-04 04:50:00+00:00
[2026-02-04T10:17:59.765+0530] {processor.py:183} INFO - Processing /opt/airflow/dags/dag_tle_ingestion_only.py took 0.122 seconds
[2026-02-04T10:18:29.895+0530] {processor.py:161} INFO - Started process (PID=8172) to work on /opt/airflow/dags/dag_tle_ingestion_only.py
[2026-02-04T10:18:29.898+0530] {processor.py:830} INFO - Processing file /opt/airflow/dags/dag_tle_ingestion_only.py for tasks to queue
[2026-02-04T10:18:29.899+0530] {logging_mixin.py:188} INFO - [2026-02-04T10:18:29.898+0530] {dagbag.py:538} INFO - Filling up the DagBag from /opt/airflow/dags/dag_tle_ingestion_only.py
[2026-02-04T10:18:29.924+0530] {processor.py:840} INFO - DAG(s) 'tle_data_ingestion' retrieved from /opt/airflow/dags/dag_tle_ingestion_only.py
[2026-02-04T10:18:29.963+0530] {logging_mixin.py:188} INFO - [2026-02-04T10:18:29.963+0530] {dag.py:3036} INFO - Sync 1 DAGs
[2026-02-04T10:18:29.996+0530] {logging_mixin.py:188} INFO - [2026-02-04T10:18:29.996+0530] {dag.py:3823} INFO - Setting next_dagrun for tle_data_ingestion to 2026-02-04 04:45:00+00:00, run_after=2026-02-04 04:50:00+00:00
[2026-02-04T10:18:30.016+0530] {processor.py:183} INFO - Processing /opt/airflow/dags/dag_tle_ingestion_only.py took 0.125 seconds
[2026-02-04T10:19:00.167+0530] {processor.py:161} INFO - Started process (PID=8177) to work on /opt/airflow/dags/dag_tle_ingestion_only.py
[2026-02-04T10:19:00.170+0530] {processor.py:830} INFO - Processing file /opt/airflow/dags/dag_tle_ingestion_only.py for tasks to queue
[2026-02-04T10:19:00.172+0530] {logging_mixin.py:188} INFO - [2026-02-04T10:19:00.171+0530] {dagbag.py:538} INFO - Filling up the DagBag from /opt/airflow/dags/dag_tle_ingestion_only.py
[2026-02-04T10:19:00.198+0530] {processor.py:840} INFO - DAG(s) 'tle_data_ingestion' retrieved from /opt/airflow/dags/dag_tle_ingestion_only.py
[2026-02-04T10:19:00.233+0530] {logging_mixin.py:188} INFO - [2026-02-04T10:19:00.233+0530] {dag.py:3036} INFO - Sync 1 DAGs
[2026-02-04T10:19:00.265+0530] {logging_mixin.py:188} INFO - [2026-02-04T10:19:00.265+0530] {dag.py:3823} INFO - Setting next_dagrun for tle_data_ingestion to 2026-02-04 04:45:00+00:00, run_after=2026-02-04 04:50:00+00:00
[2026-02-04T10:19:00.285+0530] {processor.py:183} INFO - Processing /opt/airflow/dags/dag_tle_ingestion_only.py took 0.124 seconds
[2026-02-04T10:19:30.423+0530] {processor.py:161} INFO - Started process (PID=8182) to work on /opt/airflow/dags/dag_tle_ingestion_only.py
[2026-02-04T10:19:30.424+0530] {processor.py:830} INFO - Processing file /opt/airflow/dags/dag_tle_ingestion_only.py for tasks to queue
[2026-02-04T10:19:30.425+0530] {logging_mixin.py:188} INFO - [2026-02-04T10:19:30.425+0530] {dagbag.py:538} INFO - Filling up the DagBag from /opt/airflow/dags/dag_tle_ingestion_only.py
[2026-02-04T10:19:30.454+0530] {processor.py:840} INFO - DAG(s) 'tle_data_ingestion' retrieved from /opt/airflow/dags/dag_tle_ingestion_only.py
[2026-02-04T10:19:30.493+0530] {logging_mixin.py:188} INFO - [2026-02-04T10:19:30.492+0530] {dag.py:3036} INFO - Sync 1 DAGs
[2026-02-04T10:19:30.527+0530] {logging_mixin.py:188} INFO - [2026-02-04T10:19:30.527+0530] {dag.py:3823} INFO - Setting next_dagrun for tle_data_ingestion to 2026-02-04 04:45:00+00:00, run_after=2026-02-04 04:50:00+00:00
[2026-02-04T10:19:30.547+0530] {processor.py:183} INFO - Processing /opt/airflow/dags/dag_tle_ingestion_only.py took 0.129 seconds
[2026-02-04T10:20:00.680+0530] {processor.py:161} INFO - Started process (PID=8188) to work on /opt/airflow/dags/dag_tle_ingestion_only.py
[2026-02-04T10:20:00.682+0530] {processor.py:830} INFO - Processing file /opt/airflow/dags/dag_tle_ingestion_only.py for tasks to queue
[2026-02-04T10:20:00.684+0530] {logging_mixin.py:188} INFO - [2026-02-04T10:20:00.683+0530] {dagbag.py:538} INFO - Filling up the DagBag from /opt/airflow/dags/dag_tle_ingestion_only.py
[2026-02-04T10:20:00.713+0530] {processor.py:840} INFO - DAG(s) 'tle_data_ingestion' retrieved from /opt/airflow/dags/dag_tle_ingestion_only.py
[2026-02-04T10:20:00.752+0530] {logging_mixin.py:188} INFO - [2026-02-04T10:20:00.751+0530] {dag.py:3036} INFO - Sync 1 DAGs
[2026-02-04T10:20:00.790+0530] {logging_mixin.py:188} INFO - [2026-02-04T10:20:00.790+0530] {dag.py:3823} INFO - Setting next_dagrun for tle_data_ingestion to 2026-02-04 04:50:00+00:00, run_after=2026-02-04 04:55:00+00:00
[2026-02-04T10:20:00.809+0530] {processor.py:183} INFO - Processing /opt/airflow/dags/dag_tle_ingestion_only.py took 0.134 seconds
[2026-02-04T10:20:30.944+0530] {processor.py:161} INFO - Started process (PID=8199) to work on /opt/airflow/dags/dag_tle_ingestion_only.py
[2026-02-04T10:20:30.947+0530] {processor.py:830} INFO - Processing file /opt/airflow/dags/dag_tle_ingestion_only.py for tasks to queue
[2026-02-04T10:20:30.948+0530] {logging_mixin.py:188} INFO - [2026-02-04T10:20:30.947+0530] {dagbag.py:538} INFO - Filling up the DagBag from /opt/airflow/dags/dag_tle_ingestion_only.py
[2026-02-04T10:20:30.974+0530] {processor.py:840} INFO - DAG(s) 'tle_data_ingestion' retrieved from /opt/airflow/dags/dag_tle_ingestion_only.py
[2026-02-04T10:20:31.011+0530] {logging_mixin.py:188} INFO - [2026-02-04T10:20:31.011+0530] {dag.py:3036} INFO - Sync 1 DAGs
[2026-02-04T10:20:31.051+0530] {logging_mixin.py:188} INFO - [2026-02-04T10:20:31.051+0530] {dag.py:3823} INFO - Setting next_dagrun for tle_data_ingestion to 2026-02-04 04:50:00+00:00, run_after=2026-02-04 04:55:00+00:00
[2026-02-04T10:20:31.076+0530] {processor.py:183} INFO - Processing /opt/airflow/dags/dag_tle_ingestion_only.py took 0.137 seconds
[2026-02-04T10:21:01.199+0530] {processor.py:161} INFO - Started process (PID=8204) to work on /opt/airflow/dags/dag_tle_ingestion_only.py
[2026-02-04T10:21:01.201+0530] {processor.py:830} INFO - Processing file /opt/airflow/dags/dag_tle_ingestion_only.py for tasks to queue
[2026-02-04T10:21:01.203+0530] {logging_mixin.py:188} INFO - [2026-02-04T10:21:01.202+0530] {dagbag.py:538} INFO - Filling up the DagBag from /opt/airflow/dags/dag_tle_ingestion_only.py
[2026-02-04T10:21:01.231+0530] {processor.py:840} INFO - DAG(s) 'tle_data_ingestion' retrieved from /opt/airflow/dags/dag_tle_ingestion_only.py
[2026-02-04T10:21:01.277+0530] {logging_mixin.py:188} INFO - [2026-02-04T10:21:01.277+0530] {dag.py:3036} INFO - Sync 1 DAGs
[2026-02-04T10:21:01.312+0530] {logging_mixin.py:188} INFO - [2026-02-04T10:21:01.312+0530] {dag.py:3823} INFO - Setting next_dagrun for tle_data_ingestion to 2026-02-04 04:50:00+00:00, run_after=2026-02-04 04:55:00+00:00
[2026-02-04T10:21:01.337+0530] {processor.py:183} INFO - Processing /opt/airflow/dags/dag_tle_ingestion_only.py took 0.143 seconds
[2026-02-04T10:21:31.488+0530] {processor.py:161} INFO - Started process (PID=8209) to work on /opt/airflow/dags/dag_tle_ingestion_only.py
[2026-02-04T10:21:31.490+0530] {processor.py:830} INFO - Processing file /opt/airflow/dags/dag_tle_ingestion_only.py for tasks to queue
[2026-02-04T10:21:31.493+0530] {logging_mixin.py:188} INFO - [2026-02-04T10:21:31.492+0530] {dagbag.py:538} INFO - Filling up the DagBag from /opt/airflow/dags/dag_tle_ingestion_only.py
[2026-02-04T10:21:31.557+0530] {processor.py:840} INFO - DAG(s) 'tle_data_ingestion' retrieved from /opt/airflow/dags/dag_tle_ingestion_only.py
[2026-02-04T10:21:31.604+0530] {logging_mixin.py:188} INFO - [2026-02-04T10:21:31.604+0530] {dag.py:3036} INFO - Sync 1 DAGs
[2026-02-04T10:21:31.665+0530] {logging_mixin.py:188} INFO - [2026-02-04T10:21:31.665+0530] {dag.py:3823} INFO - Setting next_dagrun for tle_data_ingestion to 2026-02-04 04:50:00+00:00, run_after=2026-02-04 04:55:00+00:00
[2026-02-04T10:21:31.697+0530] {processor.py:183} INFO - Processing /opt/airflow/dags/dag_tle_ingestion_only.py took 0.222 seconds
[2026-02-04T10:22:01.828+0530] {processor.py:161} INFO - Started process (PID=8214) to work on /opt/airflow/dags/dag_tle_ingestion_only.py
[2026-02-04T10:22:01.829+0530] {processor.py:830} INFO - Processing file /opt/airflow/dags/dag_tle_ingestion_only.py for tasks to queue
[2026-02-04T10:22:01.831+0530] {logging_mixin.py:188} INFO - [2026-02-04T10:22:01.830+0530] {dagbag.py:538} INFO - Filling up the DagBag from /opt/airflow/dags/dag_tle_ingestion_only.py
[2026-02-04T10:22:01.860+0530] {processor.py:840} INFO - DAG(s) 'tle_data_ingestion' retrieved from /opt/airflow/dags/dag_tle_ingestion_only.py
[2026-02-04T10:22:01.896+0530] {logging_mixin.py:188} INFO - [2026-02-04T10:22:01.896+0530] {dag.py:3036} INFO - Sync 1 DAGs
[2026-02-04T10:22:01.928+0530] {logging_mixin.py:188} INFO - [2026-02-04T10:22:01.928+0530] {dag.py:3823} INFO - Setting next_dagrun for tle_data_ingestion to 2026-02-04 04:50:00+00:00, run_after=2026-02-04 04:55:00+00:00
[2026-02-04T10:22:01.949+0530] {processor.py:183} INFO - Processing /opt/airflow/dags/dag_tle_ingestion_only.py took 0.125 seconds
[2026-02-04T10:22:32.084+0530] {processor.py:161} INFO - Started process (PID=8219) to work on /opt/airflow/dags/dag_tle_ingestion_only.py
[2026-02-04T10:22:32.087+0530] {processor.py:830} INFO - Processing file /opt/airflow/dags/dag_tle_ingestion_only.py for tasks to queue
[2026-02-04T10:22:32.088+0530] {logging_mixin.py:188} INFO - [2026-02-04T10:22:32.087+0530] {dagbag.py:538} INFO - Filling up the DagBag from /opt/airflow/dags/dag_tle_ingestion_only.py
[2026-02-04T10:22:32.114+0530] {processor.py:840} INFO - DAG(s) 'tle_data_ingestion' retrieved from /opt/airflow/dags/dag_tle_ingestion_only.py
[2026-02-04T10:22:32.150+0530] {logging_mixin.py:188} INFO - [2026-02-04T10:22:32.150+0530] {dag.py:3036} INFO - Sync 1 DAGs
[2026-02-04T10:22:32.184+0530] {logging_mixin.py:188} INFO - [2026-02-04T10:22:32.184+0530] {dag.py:3823} INFO - Setting next_dagrun for tle_data_ingestion to 2026-02-04 04:50:00+00:00, run_after=2026-02-04 04:55:00+00:00
[2026-02-04T10:22:32.205+0530] {processor.py:183} INFO - Processing /opt/airflow/dags/dag_tle_ingestion_only.py took 0.125 seconds
[2026-02-04T10:23:02.248+0530] {processor.py:161} INFO - Started process (PID=8224) to work on /opt/airflow/dags/dag_tle_ingestion_only.py
[2026-02-04T10:23:02.249+0530] {processor.py:830} INFO - Processing file /opt/airflow/dags/dag_tle_ingestion_only.py for tasks to queue
[2026-02-04T10:23:02.250+0530] {logging_mixin.py:188} INFO - [2026-02-04T10:23:02.250+0530] {dagbag.py:538} INFO - Filling up the DagBag from /opt/airflow/dags/dag_tle_ingestion_only.py
[2026-02-04T10:23:02.276+0530] {processor.py:840} INFO - DAG(s) 'tle_data_ingestion' retrieved from /opt/airflow/dags/dag_tle_ingestion_only.py
[2026-02-04T10:23:02.313+0530] {logging_mixin.py:188} INFO - [2026-02-04T10:23:02.313+0530] {dag.py:3036} INFO - Sync 1 DAGs
[2026-02-04T10:23:02.349+0530] {logging_mixin.py:188} INFO - [2026-02-04T10:23:02.348+0530] {dag.py:3823} INFO - Setting next_dagrun for tle_data_ingestion to 2026-02-04 04:50:00+00:00, run_after=2026-02-04 04:55:00+00:00
[2026-02-04T10:23:02.371+0530] {processor.py:183} INFO - Processing /opt/airflow/dags/dag_tle_ingestion_only.py took 0.127 seconds
[2026-02-04T10:23:32.448+0530] {processor.py:161} INFO - Started process (PID=8229) to work on /opt/airflow/dags/dag_tle_ingestion_only.py
[2026-02-04T10:23:32.449+0530] {processor.py:830} INFO - Processing file /opt/airflow/dags/dag_tle_ingestion_only.py for tasks to queue
[2026-02-04T10:23:32.450+0530] {logging_mixin.py:188} INFO - [2026-02-04T10:23:32.449+0530] {dagbag.py:538} INFO - Filling up the DagBag from /opt/airflow/dags/dag_tle_ingestion_only.py
[2026-02-04T10:23:32.483+0530] {processor.py:840} INFO - DAG(s) 'tle_data_ingestion' retrieved from /opt/airflow/dags/dag_tle_ingestion_only.py
[2026-02-04T10:23:32.516+0530] {logging_mixin.py:188} INFO - [2026-02-04T10:23:32.516+0530] {dag.py:3036} INFO - Sync 1 DAGs
[2026-02-04T10:23:32.554+0530] {logging_mixin.py:188} INFO - [2026-02-04T10:23:32.554+0530] {dag.py:3823} INFO - Setting next_dagrun for tle_data_ingestion to 2026-02-04 04:50:00+00:00, run_after=2026-02-04 04:55:00+00:00
[2026-02-04T10:23:32.578+0530] {processor.py:183} INFO - Processing /opt/airflow/dags/dag_tle_ingestion_only.py took 0.134 seconds
[2026-02-04T10:24:02.621+0530] {processor.py:161} INFO - Started process (PID=8234) to work on /opt/airflow/dags/dag_tle_ingestion_only.py
[2026-02-04T10:24:02.623+0530] {processor.py:830} INFO - Processing file /opt/airflow/dags/dag_tle_ingestion_only.py for tasks to queue
[2026-02-04T10:24:02.624+0530] {logging_mixin.py:188} INFO - [2026-02-04T10:24:02.624+0530] {dagbag.py:538} INFO - Filling up the DagBag from /opt/airflow/dags/dag_tle_ingestion_only.py
[2026-02-04T10:24:02.653+0530] {processor.py:840} INFO - DAG(s) 'tle_data_ingestion' retrieved from /opt/airflow/dags/dag_tle_ingestion_only.py
[2026-02-04T10:24:02.690+0530] {logging_mixin.py:188} INFO - [2026-02-04T10:24:02.690+0530] {dag.py:3036} INFO - Sync 1 DAGs
[2026-02-04T10:24:02.727+0530] {logging_mixin.py:188} INFO - [2026-02-04T10:24:02.727+0530] {dag.py:3823} INFO - Setting next_dagrun for tle_data_ingestion to 2026-02-04 04:50:00+00:00, run_after=2026-02-04 04:55:00+00:00
[2026-02-04T10:24:02.749+0530] {processor.py:183} INFO - Processing /opt/airflow/dags/dag_tle_ingestion_only.py took 0.133 seconds
[2026-02-04T10:24:32.835+0530] {processor.py:161} INFO - Started process (PID=8239) to work on /opt/airflow/dags/dag_tle_ingestion_only.py
[2026-02-04T10:24:32.837+0530] {processor.py:830} INFO - Processing file /opt/airflow/dags/dag_tle_ingestion_only.py for tasks to queue
[2026-02-04T10:24:32.839+0530] {logging_mixin.py:188} INFO - [2026-02-04T10:24:32.838+0530] {dagbag.py:538} INFO - Filling up the DagBag from /opt/airflow/dags/dag_tle_ingestion_only.py
[2026-02-04T10:24:32.868+0530] {processor.py:840} INFO - DAG(s) 'tle_data_ingestion' retrieved from /opt/airflow/dags/dag_tle_ingestion_only.py
[2026-02-04T10:24:32.900+0530] {logging_mixin.py:188} INFO - [2026-02-04T10:24:32.900+0530] {dag.py:3036} INFO - Sync 1 DAGs
[2026-02-04T10:24:32.935+0530] {logging_mixin.py:188} INFO - [2026-02-04T10:24:32.934+0530] {dag.py:3823} INFO - Setting next_dagrun for tle_data_ingestion to 2026-02-04 04:50:00+00:00, run_after=2026-02-04 04:55:00+00:00
[2026-02-04T10:24:32.954+0530] {processor.py:183} INFO - Processing /opt/airflow/dags/dag_tle_ingestion_only.py took 0.126 seconds
[2026-02-04T10:25:02.994+0530] {processor.py:161} INFO - Started process (PID=8248) to work on /opt/airflow/dags/dag_tle_ingestion_only.py
[2026-02-04T10:25:03.012+0530] {processor.py:830} INFO - Processing file /opt/airflow/dags/dag_tle_ingestion_only.py for tasks to queue
[2026-02-04T10:25:03.014+0530] {logging_mixin.py:188} INFO - [2026-02-04T10:25:03.013+0530] {dagbag.py:538} INFO - Filling up the DagBag from /opt/airflow/dags/dag_tle_ingestion_only.py
[2026-02-04T10:25:03.051+0530] {processor.py:840} INFO - DAG(s) 'tle_data_ingestion' retrieved from /opt/airflow/dags/dag_tle_ingestion_only.py
[2026-02-04T10:25:03.091+0530] {logging_mixin.py:188} INFO - [2026-02-04T10:25:03.091+0530] {dag.py:3036} INFO - Sync 1 DAGs
[2026-02-04T10:25:03.135+0530] {logging_mixin.py:188} INFO - [2026-02-04T10:25:03.135+0530] {dag.py:3823} INFO - Setting next_dagrun for tle_data_ingestion to 2026-02-04 04:55:00+00:00, run_after=2026-02-04 05:00:00+00:00
[2026-02-04T10:25:03.167+0530] {processor.py:183} INFO - Processing /opt/airflow/dags/dag_tle_ingestion_only.py took 0.176 seconds
[2026-02-04T10:25:33.302+0530] {processor.py:161} INFO - Started process (PID=8256) to work on /opt/airflow/dags/dag_tle_ingestion_only.py
[2026-02-04T10:25:33.305+0530] {processor.py:830} INFO - Processing file /opt/airflow/dags/dag_tle_ingestion_only.py for tasks to queue
[2026-02-04T10:25:33.306+0530] {logging_mixin.py:188} INFO - [2026-02-04T10:25:33.305+0530] {dagbag.py:538} INFO - Filling up the DagBag from /opt/airflow/dags/dag_tle_ingestion_only.py
[2026-02-04T10:25:33.330+0530] {processor.py:840} INFO - DAG(s) 'tle_data_ingestion' retrieved from /opt/airflow/dags/dag_tle_ingestion_only.py
[2026-02-04T10:25:33.369+0530] {logging_mixin.py:188} INFO - [2026-02-04T10:25:33.369+0530] {dag.py:3036} INFO - Sync 1 DAGs
[2026-02-04T10:25:33.404+0530] {logging_mixin.py:188} INFO - [2026-02-04T10:25:33.404+0530] {dag.py:3823} INFO - Setting next_dagrun for tle_data_ingestion to 2026-02-04 04:55:00+00:00, run_after=2026-02-04 05:00:00+00:00
[2026-02-04T10:25:33.426+0530] {processor.py:183} INFO - Processing /opt/airflow/dags/dag_tle_ingestion_only.py took 0.127 seconds
[2026-02-04T10:26:03.558+0530] {processor.py:161} INFO - Started process (PID=8261) to work on /opt/airflow/dags/dag_tle_ingestion_only.py
[2026-02-04T10:26:03.559+0530] {processor.py:830} INFO - Processing file /opt/airflow/dags/dag_tle_ingestion_only.py for tasks to queue
[2026-02-04T10:26:03.561+0530] {logging_mixin.py:188} INFO - [2026-02-04T10:26:03.560+0530] {dagbag.py:538} INFO - Filling up the DagBag from /opt/airflow/dags/dag_tle_ingestion_only.py
[2026-02-04T10:26:03.587+0530] {processor.py:840} INFO - DAG(s) 'tle_data_ingestion' retrieved from /opt/airflow/dags/dag_tle_ingestion_only.py
[2026-02-04T10:26:03.626+0530] {logging_mixin.py:188} INFO - [2026-02-04T10:26:03.625+0530] {dag.py:3036} INFO - Sync 1 DAGs
[2026-02-04T10:26:03.665+0530] {logging_mixin.py:188} INFO - [2026-02-04T10:26:03.664+0530] {dag.py:3823} INFO - Setting next_dagrun for tle_data_ingestion to 2026-02-04 04:55:00+00:00, run_after=2026-02-04 05:00:00+00:00
[2026-02-04T10:26:03.684+0530] {processor.py:183} INFO - Processing /opt/airflow/dags/dag_tle_ingestion_only.py took 0.131 seconds
[2026-02-04T10:26:33.809+0530] {processor.py:161} INFO - Started process (PID=8266) to work on /opt/airflow/dags/dag_tle_ingestion_only.py
[2026-02-04T10:26:33.810+0530] {processor.py:830} INFO - Processing file /opt/airflow/dags/dag_tle_ingestion_only.py for tasks to queue
[2026-02-04T10:26:33.811+0530] {logging_mixin.py:188} INFO - [2026-02-04T10:26:33.811+0530] {dagbag.py:538} INFO - Filling up the DagBag from /opt/airflow/dags/dag_tle_ingestion_only.py
[2026-02-04T10:26:33.836+0530] {processor.py:840} INFO - DAG(s) 'tle_data_ingestion' retrieved from /opt/airflow/dags/dag_tle_ingestion_only.py
[2026-02-04T10:26:33.874+0530] {logging_mixin.py:188} INFO - [2026-02-04T10:26:33.874+0530] {dag.py:3036} INFO - Sync 1 DAGs
[2026-02-04T10:26:33.910+0530] {logging_mixin.py:188} INFO - [2026-02-04T10:26:33.910+0530] {dag.py:3823} INFO - Setting next_dagrun for tle_data_ingestion to 2026-02-04 04:55:00+00:00, run_after=2026-02-04 05:00:00+00:00
[2026-02-04T10:26:33.935+0530] {processor.py:183} INFO - Processing /opt/airflow/dags/dag_tle_ingestion_only.py took 0.130 seconds
[2026-02-04T10:27:04.070+0530] {processor.py:161} INFO - Started process (PID=8271) to work on /opt/airflow/dags/dag_tle_ingestion_only.py
[2026-02-04T10:27:04.072+0530] {processor.py:830} INFO - Processing file /opt/airflow/dags/dag_tle_ingestion_only.py for tasks to queue
[2026-02-04T10:27:04.073+0530] {logging_mixin.py:188} INFO - [2026-02-04T10:27:04.073+0530] {dagbag.py:538} INFO - Filling up the DagBag from /opt/airflow/dags/dag_tle_ingestion_only.py
[2026-02-04T10:27:04.107+0530] {processor.py:840} INFO - DAG(s) 'tle_data_ingestion' retrieved from /opt/airflow/dags/dag_tle_ingestion_only.py
[2026-02-04T10:27:04.143+0530] {logging_mixin.py:188} INFO - [2026-02-04T10:27:04.143+0530] {dag.py:3036} INFO - Sync 1 DAGs
[2026-02-04T10:27:04.184+0530] {logging_mixin.py:188} INFO - [2026-02-04T10:27:04.183+0530] {dag.py:3823} INFO - Setting next_dagrun for tle_data_ingestion to 2026-02-04 04:55:00+00:00, run_after=2026-02-04 05:00:00+00:00
[2026-02-04T10:27:04.211+0530] {processor.py:183} INFO - Processing /opt/airflow/dags/dag_tle_ingestion_only.py took 0.146 seconds
[2026-02-04T10:27:34.341+0530] {processor.py:161} INFO - Started process (PID=8276) to work on /opt/airflow/dags/dag_tle_ingestion_only.py
[2026-02-04T10:27:34.344+0530] {processor.py:830} INFO - Processing file /opt/airflow/dags/dag_tle_ingestion_only.py for tasks to queue
[2026-02-04T10:27:34.345+0530] {logging_mixin.py:188} INFO - [2026-02-04T10:27:34.344+0530] {dagbag.py:538} INFO - Filling up the DagBag from /opt/airflow/dags/dag_tle_ingestion_only.py
[2026-02-04T10:27:34.377+0530] {processor.py:840} INFO - DAG(s) 'tle_data_ingestion' retrieved from /opt/airflow/dags/dag_tle_ingestion_only.py
[2026-02-04T10:27:34.413+0530] {logging_mixin.py:188} INFO - [2026-02-04T10:27:34.412+0530] {dag.py:3036} INFO - Sync 1 DAGs
[2026-02-04T10:27:34.448+0530] {logging_mixin.py:188} INFO - [2026-02-04T10:27:34.448+0530] {dag.py:3823} INFO - Setting next_dagrun for tle_data_ingestion to 2026-02-04 04:55:00+00:00, run_after=2026-02-04 05:00:00+00:00
[2026-02-04T10:27:34.473+0530] {processor.py:183} INFO - Processing /opt/airflow/dags/dag_tle_ingestion_only.py took 0.136 seconds
[2026-02-04T10:28:04.610+0530] {processor.py:161} INFO - Started process (PID=8281) to work on /opt/airflow/dags/dag_tle_ingestion_only.py
[2026-02-04T10:28:04.611+0530] {processor.py:830} INFO - Processing file /opt/airflow/dags/dag_tle_ingestion_only.py for tasks to queue
[2026-02-04T10:28:04.612+0530] {logging_mixin.py:188} INFO - [2026-02-04T10:28:04.612+0530] {dagbag.py:538} INFO - Filling up the DagBag from /opt/airflow/dags/dag_tle_ingestion_only.py
[2026-02-04T10:28:04.639+0530] {processor.py:840} INFO - DAG(s) 'tle_data_ingestion' retrieved from /opt/airflow/dags/dag_tle_ingestion_only.py
[2026-02-04T10:28:04.676+0530] {logging_mixin.py:188} INFO - [2026-02-04T10:28:04.676+0530] {dag.py:3036} INFO - Sync 1 DAGs
[2026-02-04T10:28:04.711+0530] {logging_mixin.py:188} INFO - [2026-02-04T10:28:04.711+0530] {dag.py:3823} INFO - Setting next_dagrun for tle_data_ingestion to 2026-02-04 04:55:00+00:00, run_after=2026-02-04 05:00:00+00:00
[2026-02-04T10:28:04.736+0530] {processor.py:183} INFO - Processing /opt/airflow/dags/dag_tle_ingestion_only.py took 0.130 seconds
[2026-02-04T10:28:34.875+0530] {processor.py:161} INFO - Started process (PID=8286) to work on /opt/airflow/dags/dag_tle_ingestion_only.py
[2026-02-04T10:28:34.878+0530] {processor.py:830} INFO - Processing file /opt/airflow/dags/dag_tle_ingestion_only.py for tasks to queue
[2026-02-04T10:28:34.880+0530] {logging_mixin.py:188} INFO - [2026-02-04T10:28:34.879+0530] {dagbag.py:538} INFO - Filling up the DagBag from /opt/airflow/dags/dag_tle_ingestion_only.py
[2026-02-04T10:28:34.937+0530] {processor.py:840} INFO - DAG(s) 'tle_data_ingestion' retrieved from /opt/airflow/dags/dag_tle_ingestion_only.py
[2026-02-04T10:28:34.990+0530] {logging_mixin.py:188} INFO - [2026-02-04T10:28:34.989+0530] {dag.py:3036} INFO - Sync 1 DAGs
[2026-02-04T10:28:35.038+0530] {logging_mixin.py:188} INFO - [2026-02-04T10:28:35.038+0530] {dag.py:3823} INFO - Setting next_dagrun for tle_data_ingestion to 2026-02-04 04:55:00+00:00, run_after=2026-02-04 05:00:00+00:00
[2026-02-04T10:28:35.073+0530] {processor.py:183} INFO - Processing /opt/airflow/dags/dag_tle_ingestion_only.py took 0.206 seconds
[2026-02-04T10:29:05.227+0530] {processor.py:161} INFO - Started process (PID=8291) to work on /opt/airflow/dags/dag_tle_ingestion_only.py
[2026-02-04T10:29:05.230+0530] {processor.py:830} INFO - Processing file /opt/airflow/dags/dag_tle_ingestion_only.py for tasks to queue
[2026-02-04T10:29:05.232+0530] {logging_mixin.py:188} INFO - [2026-02-04T10:29:05.231+0530] {dagbag.py:538} INFO - Filling up the DagBag from /opt/airflow/dags/dag_tle_ingestion_only.py
[2026-02-04T10:29:05.268+0530] {processor.py:840} INFO - DAG(s) 'tle_data_ingestion' retrieved from /opt/airflow/dags/dag_tle_ingestion_only.py
[2026-02-04T10:29:05.314+0530] {logging_mixin.py:188} INFO - [2026-02-04T10:29:05.313+0530] {dag.py:3036} INFO - Sync 1 DAGs
[2026-02-04T10:29:05.356+0530] {logging_mixin.py:188} INFO - [2026-02-04T10:29:05.356+0530] {dag.py:3823} INFO - Setting next_dagrun for tle_data_ingestion to 2026-02-04 04:55:00+00:00, run_after=2026-02-04 05:00:00+00:00
[2026-02-04T10:29:05.376+0530] {processor.py:183} INFO - Processing /opt/airflow/dags/dag_tle_ingestion_only.py took 0.154 seconds
[2026-02-04T10:29:35.519+0530] {processor.py:161} INFO - Started process (PID=8296) to work on /opt/airflow/dags/dag_tle_ingestion_only.py
[2026-02-04T10:29:35.520+0530] {processor.py:830} INFO - Processing file /opt/airflow/dags/dag_tle_ingestion_only.py for tasks to queue
[2026-02-04T10:29:35.521+0530] {logging_mixin.py:188} INFO - [2026-02-04T10:29:35.521+0530] {dagbag.py:538} INFO - Filling up the DagBag from /opt/airflow/dags/dag_tle_ingestion_only.py
[2026-02-04T10:29:35.545+0530] {processor.py:840} INFO - DAG(s) 'tle_data_ingestion' retrieved from /opt/airflow/dags/dag_tle_ingestion_only.py
[2026-02-04T10:29:35.581+0530] {logging_mixin.py:188} INFO - [2026-02-04T10:29:35.580+0530] {dag.py:3036} INFO - Sync 1 DAGs
[2026-02-04T10:29:35.622+0530] {logging_mixin.py:188} INFO - [2026-02-04T10:29:35.621+0530] {dag.py:3823} INFO - Setting next_dagrun for tle_data_ingestion to 2026-02-04 04:55:00+00:00, run_after=2026-02-04 05:00:00+00:00
[2026-02-04T10:29:35.648+0530] {processor.py:183} INFO - Processing /opt/airflow/dags/dag_tle_ingestion_only.py took 0.134 seconds
[2026-02-04T10:30:05.770+0530] {processor.py:161} INFO - Started process (PID=8307) to work on /opt/airflow/dags/dag_tle_ingestion_only.py
[2026-02-04T10:30:05.771+0530] {processor.py:830} INFO - Processing file /opt/airflow/dags/dag_tle_ingestion_only.py for tasks to queue
[2026-02-04T10:30:05.772+0530] {logging_mixin.py:188} INFO - [2026-02-04T10:30:05.771+0530] {dagbag.py:538} INFO - Filling up the DagBag from /opt/airflow/dags/dag_tle_ingestion_only.py
[2026-02-04T10:30:05.796+0530] {processor.py:840} INFO - DAG(s) 'tle_data_ingestion' retrieved from /opt/airflow/dags/dag_tle_ingestion_only.py
[2026-02-04T10:30:05.829+0530] {logging_mixin.py:188} INFO - [2026-02-04T10:30:05.829+0530] {dag.py:3036} INFO - Sync 1 DAGs
[2026-02-04T10:30:05.863+0530] {logging_mixin.py:188} INFO - [2026-02-04T10:30:05.863+0530] {dag.py:3823} INFO - Setting next_dagrun for tle_data_ingestion to 2026-02-04 05:00:00+00:00, run_after=2026-02-04 05:05:00+00:00
[2026-02-04T10:30:05.881+0530] {processor.py:183} INFO - Processing /opt/airflow/dags/dag_tle_ingestion_only.py took 0.115 seconds
[2026-02-04T10:30:36.019+0530] {processor.py:161} INFO - Started process (PID=8313) to work on /opt/airflow/dags/dag_tle_ingestion_only.py
[2026-02-04T10:30:36.020+0530] {processor.py:830} INFO - Processing file /opt/airflow/dags/dag_tle_ingestion_only.py for tasks to queue
[2026-02-04T10:30:36.021+0530] {logging_mixin.py:188} INFO - [2026-02-04T10:30:36.021+0530] {dagbag.py:538} INFO - Filling up the DagBag from /opt/airflow/dags/dag_tle_ingestion_only.py
[2026-02-04T10:30:36.045+0530] {processor.py:840} INFO - DAG(s) 'tle_data_ingestion' retrieved from /opt/airflow/dags/dag_tle_ingestion_only.py
[2026-02-04T10:30:36.081+0530] {logging_mixin.py:188} INFO - [2026-02-04T10:30:36.080+0530] {dag.py:3036} INFO - Sync 1 DAGs
[2026-02-04T10:30:36.117+0530] {logging_mixin.py:188} INFO - [2026-02-04T10:30:36.117+0530] {dag.py:3823} INFO - Setting next_dagrun for tle_data_ingestion to 2026-02-04 05:00:00+00:00, run_after=2026-02-04 05:05:00+00:00
[2026-02-04T10:30:36.137+0530] {processor.py:183} INFO - Processing /opt/airflow/dags/dag_tle_ingestion_only.py took 0.122 seconds
[2026-02-04T10:31:06.278+0530] {processor.py:161} INFO - Started process (PID=8318) to work on /opt/airflow/dags/dag_tle_ingestion_only.py
[2026-02-04T10:31:06.281+0530] {processor.py:830} INFO - Processing file /opt/airflow/dags/dag_tle_ingestion_only.py for tasks to queue
[2026-02-04T10:31:06.282+0530] {logging_mixin.py:188} INFO - [2026-02-04T10:31:06.282+0530] {dagbag.py:538} INFO - Filling up the DagBag from /opt/airflow/dags/dag_tle_ingestion_only.py
[2026-02-04T10:31:06.321+0530] {processor.py:840} INFO - DAG(s) 'tle_data_ingestion' retrieved from /opt/airflow/dags/dag_tle_ingestion_only.py
[2026-02-04T10:31:06.359+0530] {logging_mixin.py:188} INFO - [2026-02-04T10:31:06.359+0530] {dag.py:3036} INFO - Sync 1 DAGs
[2026-02-04T10:31:06.409+0530] {logging_mixin.py:188} INFO - [2026-02-04T10:31:06.408+0530] {dag.py:3823} INFO - Setting next_dagrun for tle_data_ingestion to 2026-02-04 05:00:00+00:00, run_after=2026-02-04 05:05:00+00:00
[2026-02-04T10:31:06.430+0530] {processor.py:183} INFO - Processing /opt/airflow/dags/dag_tle_ingestion_only.py took 0.158 seconds
[2026-02-04T10:31:36.553+0530] {processor.py:161} INFO - Started process (PID=8323) to work on /opt/airflow/dags/dag_tle_ingestion_only.py
[2026-02-04T10:31:36.554+0530] {processor.py:830} INFO - Processing file /opt/airflow/dags/dag_tle_ingestion_only.py for tasks to queue
[2026-02-04T10:31:36.555+0530] {logging_mixin.py:188} INFO - [2026-02-04T10:31:36.555+0530] {dagbag.py:538} INFO - Filling up the DagBag from /opt/airflow/dags/dag_tle_ingestion_only.py
[2026-02-04T10:31:36.582+0530] {processor.py:840} INFO - DAG(s) 'tle_data_ingestion' retrieved from /opt/airflow/dags/dag_tle_ingestion_only.py
[2026-02-04T10:31:36.622+0530] {logging_mixin.py:188} INFO - [2026-02-04T10:31:36.621+0530] {dag.py:3036} INFO - Sync 1 DAGs
[2026-02-04T10:31:36.655+0530] {logging_mixin.py:188} INFO - [2026-02-04T10:31:36.655+0530] {dag.py:3823} INFO - Setting next_dagrun for tle_data_ingestion to 2026-02-04 05:00:00+00:00, run_after=2026-02-04 05:05:00+00:00
[2026-02-04T10:31:36.674+0530] {processor.py:183} INFO - Processing /opt/airflow/dags/dag_tle_ingestion_only.py took 0.125 seconds
[2026-02-04T10:32:06.810+0530] {processor.py:161} INFO - Started process (PID=8328) to work on /opt/airflow/dags/dag_tle_ingestion_only.py
[2026-02-04T10:32:06.812+0530] {processor.py:830} INFO - Processing file /opt/airflow/dags/dag_tle_ingestion_only.py for tasks to queue
[2026-02-04T10:32:06.813+0530] {logging_mixin.py:188} INFO - [2026-02-04T10:32:06.813+0530] {dagbag.py:538} INFO - Filling up the DagBag from /opt/airflow/dags/dag_tle_ingestion_only.py
[2026-02-04T10:32:06.838+0530] {processor.py:840} INFO - DAG(s) 'tle_data_ingestion' retrieved from /opt/airflow/dags/dag_tle_ingestion_only.py
[2026-02-04T10:32:06.873+0530] {logging_mixin.py:188} INFO - [2026-02-04T10:32:06.873+0530] {dag.py:3036} INFO - Sync 1 DAGs
[2026-02-04T10:32:06.908+0530] {logging_mixin.py:188} INFO - [2026-02-04T10:32:06.908+0530] {dag.py:3823} INFO - Setting next_dagrun for tle_data_ingestion to 2026-02-04 05:00:00+00:00, run_after=2026-02-04 05:05:00+00:00
[2026-02-04T10:32:06.929+0530] {processor.py:183} INFO - Processing /opt/airflow/dags/dag_tle_ingestion_only.py took 0.124 seconds
[2026-02-04T12:04:17.308+0530] {processor.py:161} INFO - Started process (PID=8333) to work on /opt/airflow/dags/dag_tle_ingestion_only.py
[2026-02-04T12:04:17.309+0530] {processor.py:830} INFO - Processing file /opt/airflow/dags/dag_tle_ingestion_only.py for tasks to queue
[2026-02-04T12:04:17.310+0530] {logging_mixin.py:188} INFO - [2026-02-04T12:04:17.310+0530] {dagbag.py:538} INFO - Filling up the DagBag from /opt/airflow/dags/dag_tle_ingestion_only.py
[2026-02-04T12:04:17.344+0530] {processor.py:840} INFO - DAG(s) 'tle_data_ingestion' retrieved from /opt/airflow/dags/dag_tle_ingestion_only.py
[2026-02-04T12:04:17.402+0530] {logging_mixin.py:188} INFO - [2026-02-04T12:04:17.402+0530] {dag.py:3036} INFO - Sync 1 DAGs
[2026-02-04T12:04:17.506+0530] {logging_mixin.py:188} INFO - [2026-02-04T12:04:17.506+0530] {dag.py:3823} INFO - Setting next_dagrun for tle_data_ingestion to 2026-02-04 06:25:00+00:00, run_after=2026-02-04 06:30:00+00:00
[2026-02-04T12:04:17.555+0530] {processor.py:183} INFO - Processing /opt/airflow/dags/dag_tle_ingestion_only.py took 0.252 seconds
[2026-02-04T12:04:47.622+0530] {processor.py:161} INFO - Started process (PID=8342) to work on /opt/airflow/dags/dag_tle_ingestion_only.py
[2026-02-04T12:04:47.623+0530] {processor.py:830} INFO - Processing file /opt/airflow/dags/dag_tle_ingestion_only.py for tasks to queue
[2026-02-04T12:04:47.625+0530] {logging_mixin.py:188} INFO - [2026-02-04T12:04:47.624+0530] {dagbag.py:538} INFO - Filling up the DagBag from /opt/airflow/dags/dag_tle_ingestion_only.py
[2026-02-04T12:04:47.674+0530] {processor.py:840} INFO - DAG(s) 'tle_data_ingestion' retrieved from /opt/airflow/dags/dag_tle_ingestion_only.py
[2026-02-04T12:04:47.714+0530] {logging_mixin.py:188} INFO - [2026-02-04T12:04:47.713+0530] {taskinstance.py:2700} ERROR - {'DAG Id': 'tle_data_ingestion', 'Task Id': 'ingest_api_to_kafka', 'Run Id': 'scheduled__2026-02-04T04:00:00+00:00', 'Hostname': 'airflow-scheduler'}
[2026-02-04T12:04:47.743+0530] {logging_mixin.py:188} INFO - [2026-02-04T12:04:47.743+0530] {taskinstance.py:1138} INFO - Marking task as UP_FOR_RETRY. dag_id=tle_data_ingestion, task_id=ingest_api_to_kafka, execution_date=20260204T040000, start_date=20260204T040505, end_date=20260204T063447
[2026-02-04T12:04:47.754+0530] {processor.py:791} INFO - Executed failure callback for <TaskInstance: tle_data_ingestion.ingest_api_to_kafka scheduled__2026-02-04T04:00:00+00:00 [up_for_retry]> in state up_for_retry
[2026-02-04T12:04:47.756+0530] {logging_mixin.py:188} INFO - [2026-02-04T12:04:47.756+0530] {taskinstance.py:2700} ERROR - {'DAG Id': 'tle_data_ingestion', 'Task Id': 'ingest_api_to_kafka', 'Run Id': 'scheduled__2026-02-04T04:40:00+00:00', 'Hostname': 'airflow-scheduler'}
[2026-02-04T12:04:47.765+0530] {logging_mixin.py:188} INFO - [2026-02-04T12:04:47.765+0530] {taskinstance.py:1138} INFO - Marking task as UP_FOR_RETRY. dag_id=tle_data_ingestion, task_id=ingest_api_to_kafka, execution_date=20260204T044000, start_date=20260204T044504, end_date=20260204T063447
[2026-02-04T12:04:47.767+0530] {processor.py:791} INFO - Executed failure callback for <TaskInstance: tle_data_ingestion.ingest_api_to_kafka scheduled__2026-02-04T04:40:00+00:00 [up_for_retry]> in state up_for_retry
[2026-02-04T12:04:47.769+0530] {logging_mixin.py:188} INFO - [2026-02-04T12:04:47.769+0530] {taskinstance.py:2700} ERROR - {'DAG Id': 'tle_data_ingestion', 'Task Id': 'ingest_api_to_kafka', 'Run Id': 'scheduled__2026-02-04T04:55:00+00:00', 'Hostname': 'airflow-scheduler'}
[2026-02-04T12:04:47.778+0530] {logging_mixin.py:188} INFO - [2026-02-04T12:04:47.778+0530] {taskinstance.py:1138} INFO - Marking task as UP_FOR_RETRY. dag_id=tle_data_ingestion, task_id=ingest_api_to_kafka, execution_date=20260204T045500, start_date=20260204T050005, end_date=20260204T063447
[2026-02-04T12:04:47.781+0530] {processor.py:791} INFO - Executed failure callback for <TaskInstance: tle_data_ingestion.ingest_api_to_kafka scheduled__2026-02-04T04:55:00+00:00 [up_for_retry]> in state up_for_retry
[2026-02-04T12:04:47.782+0530] {logging_mixin.py:188} INFO - [2026-02-04T12:04:47.782+0530] {taskinstance.py:2700} ERROR - {'DAG Id': 'tle_data_ingestion', 'Task Id': 'ingest_api_to_kafka', 'Run Id': 'scheduled__2026-02-04T04:25:00+00:00', 'Hostname': 'airflow-scheduler'}
[2026-02-04T12:04:47.791+0530] {logging_mixin.py:188} INFO - [2026-02-04T12:04:47.790+0530] {taskinstance.py:1138} INFO - Marking task as UP_FOR_RETRY. dag_id=tle_data_ingestion, task_id=ingest_api_to_kafka, execution_date=20260204T042500, start_date=20260204T043005, end_date=20260204T063447
[2026-02-04T12:04:47.793+0530] {processor.py:791} INFO - Executed failure callback for <TaskInstance: tle_data_ingestion.ingest_api_to_kafka scheduled__2026-02-04T04:25:00+00:00 [up_for_retry]> in state up_for_retry
[2026-02-04T12:04:47.794+0530] {logging_mixin.py:188} INFO - [2026-02-04T12:04:47.794+0530] {taskinstance.py:2700} ERROR - {'DAG Id': 'tle_data_ingestion', 'Task Id': 'ingest_api_to_kafka', 'Run Id': 'scheduled__2026-02-04T04:05:00+00:00', 'Hostname': 'airflow-scheduler'}
[2026-02-04T12:04:47.802+0530] {logging_mixin.py:188} INFO - [2026-02-04T12:04:47.802+0530] {taskinstance.py:1138} INFO - Marking task as UP_FOR_RETRY. dag_id=tle_data_ingestion, task_id=ingest_api_to_kafka, execution_date=20260204T040500, start_date=20260204T041006, end_date=20260204T063447
[2026-02-04T12:04:47.804+0530] {processor.py:791} INFO - Executed failure callback for <TaskInstance: tle_data_ingestion.ingest_api_to_kafka scheduled__2026-02-04T04:05:00+00:00 [up_for_retry]> in state up_for_retry
[2026-02-04T12:04:47.806+0530] {logging_mixin.py:188} INFO - [2026-02-04T12:04:47.806+0530] {taskinstance.py:2700} ERROR - {'DAG Id': 'tle_data_ingestion', 'Task Id': 'ingest_api_to_kafka', 'Run Id': 'scheduled__2026-02-04T04:10:00+00:00', 'Hostname': 'airflow-scheduler'}
[2026-02-04T12:04:47.815+0530] {logging_mixin.py:188} INFO - [2026-02-04T12:04:47.815+0530] {taskinstance.py:1138} INFO - Marking task as UP_FOR_RETRY. dag_id=tle_data_ingestion, task_id=ingest_api_to_kafka, execution_date=20260204T041000, start_date=20260204T041505, end_date=20260204T063447
[2026-02-04T12:04:47.817+0530] {processor.py:791} INFO - Executed failure callback for <TaskInstance: tle_data_ingestion.ingest_api_to_kafka scheduled__2026-02-04T04:10:00+00:00 [up_for_retry]> in state up_for_retry
[2026-02-04T12:04:47.819+0530] {logging_mixin.py:188} INFO - [2026-02-04T12:04:47.819+0530] {taskinstance.py:2700} ERROR - {'DAG Id': 'tle_data_ingestion', 'Task Id': 'ingest_api_to_kafka', 'Run Id': 'scheduled__2026-02-04T04:45:00+00:00', 'Hostname': 'airflow-scheduler'}
[2026-02-04T12:04:47.827+0530] {logging_mixin.py:188} INFO - [2026-02-04T12:04:47.827+0530] {taskinstance.py:1138} INFO - Marking task as UP_FOR_RETRY. dag_id=tle_data_ingestion, task_id=ingest_api_to_kafka, execution_date=20260204T044500, start_date=20260204T045004, end_date=20260204T063447
[2026-02-04T12:04:47.829+0530] {processor.py:791} INFO - Executed failure callback for <TaskInstance: tle_data_ingestion.ingest_api_to_kafka scheduled__2026-02-04T04:45:00+00:00 [up_for_retry]> in state up_for_retry
[2026-02-04T12:04:47.862+0530] {logging_mixin.py:188} INFO - [2026-02-04T12:04:47.862+0530] {dag.py:3036} INFO - Sync 1 DAGs
[2026-02-04T12:04:47.895+0530] {processor.py:183} INFO - Processing /opt/airflow/dags/dag_tle_ingestion_only.py took 0.280 seconds
[2026-02-04T12:05:18.014+0530] {processor.py:161} INFO - Started process (PID=8349) to work on /opt/airflow/dags/dag_tle_ingestion_only.py
[2026-02-04T12:05:18.015+0530] {processor.py:830} INFO - Processing file /opt/airflow/dags/dag_tle_ingestion_only.py for tasks to queue
[2026-02-04T12:05:18.016+0530] {logging_mixin.py:188} INFO - [2026-02-04T12:05:18.016+0530] {dagbag.py:538} INFO - Filling up the DagBag from /opt/airflow/dags/dag_tle_ingestion_only.py
[2026-02-04T12:05:18.043+0530] {processor.py:840} INFO - DAG(s) 'tle_data_ingestion' retrieved from /opt/airflow/dags/dag_tle_ingestion_only.py
[2026-02-04T12:05:18.087+0530] {logging_mixin.py:188} INFO - [2026-02-04T12:05:18.087+0530] {dag.py:3036} INFO - Sync 1 DAGs
[2026-02-04T12:05:18.196+0530] {processor.py:183} INFO - Processing /opt/airflow/dags/dag_tle_ingestion_only.py took 0.188 seconds
[2026-02-04T12:05:49.061+0530] {processor.py:161} INFO - Started process (PID=8357) to work on /opt/airflow/dags/dag_tle_ingestion_only.py
[2026-02-04T12:05:49.065+0530] {processor.py:830} INFO - Processing file /opt/airflow/dags/dag_tle_ingestion_only.py for tasks to queue
[2026-02-04T12:05:49.067+0530] {logging_mixin.py:188} INFO - [2026-02-04T12:05:49.066+0530] {dagbag.py:538} INFO - Filling up the DagBag from /opt/airflow/dags/dag_tle_ingestion_only.py
[2026-02-04T12:05:49.108+0530] {processor.py:840} INFO - DAG(s) 'tle_data_ingestion' retrieved from /opt/airflow/dags/dag_tle_ingestion_only.py
[2026-02-04T12:05:49.165+0530] {logging_mixin.py:188} INFO - [2026-02-04T12:05:49.164+0530] {dag.py:3036} INFO - Sync 1 DAGs
[2026-02-04T12:05:49.238+0530] {processor.py:183} INFO - Processing /opt/airflow/dags/dag_tle_ingestion_only.py took 0.182 seconds
[2026-02-04T12:06:19.415+0530] {processor.py:161} INFO - Started process (PID=8362) to work on /opt/airflow/dags/dag_tle_ingestion_only.py
[2026-02-04T12:06:19.416+0530] {processor.py:830} INFO - Processing file /opt/airflow/dags/dag_tle_ingestion_only.py for tasks to queue
[2026-02-04T12:06:19.418+0530] {logging_mixin.py:188} INFO - [2026-02-04T12:06:19.417+0530] {dagbag.py:538} INFO - Filling up the DagBag from /opt/airflow/dags/dag_tle_ingestion_only.py
[2026-02-04T12:06:19.461+0530] {processor.py:840} INFO - DAG(s) 'tle_data_ingestion' retrieved from /opt/airflow/dags/dag_tle_ingestion_only.py
[2026-02-04T12:06:19.523+0530] {logging_mixin.py:188} INFO - [2026-02-04T12:06:19.522+0530] {dag.py:3036} INFO - Sync 1 DAGs
[2026-02-04T12:06:19.641+0530] {processor.py:183} INFO - Processing /opt/airflow/dags/dag_tle_ingestion_only.py took 0.233 seconds
[2026-02-04T12:06:49.802+0530] {processor.py:161} INFO - Started process (PID=8367) to work on /opt/airflow/dags/dag_tle_ingestion_only.py
[2026-02-04T12:06:49.804+0530] {processor.py:830} INFO - Processing file /opt/airflow/dags/dag_tle_ingestion_only.py for tasks to queue
[2026-02-04T12:06:49.805+0530] {logging_mixin.py:188} INFO - [2026-02-04T12:06:49.804+0530] {dagbag.py:538} INFO - Filling up the DagBag from /opt/airflow/dags/dag_tle_ingestion_only.py
[2026-02-04T12:06:49.837+0530] {processor.py:840} INFO - DAG(s) 'tle_data_ingestion' retrieved from /opt/airflow/dags/dag_tle_ingestion_only.py
[2026-02-04T12:06:49.881+0530] {logging_mixin.py:188} INFO - [2026-02-04T12:06:49.880+0530] {dag.py:3036} INFO - Sync 1 DAGs
[2026-02-04T12:06:49.966+0530] {processor.py:183} INFO - Processing /opt/airflow/dags/dag_tle_ingestion_only.py took 0.169 seconds
[2026-02-04T12:07:20.128+0530] {processor.py:161} INFO - Started process (PID=8372) to work on /opt/airflow/dags/dag_tle_ingestion_only.py
[2026-02-04T12:07:20.129+0530] {processor.py:830} INFO - Processing file /opt/airflow/dags/dag_tle_ingestion_only.py for tasks to queue
[2026-02-04T12:07:20.130+0530] {logging_mixin.py:188} INFO - [2026-02-04T12:07:20.129+0530] {dagbag.py:538} INFO - Filling up the DagBag from /opt/airflow/dags/dag_tle_ingestion_only.py
[2026-02-04T12:07:20.160+0530] {processor.py:840} INFO - DAG(s) 'tle_data_ingestion' retrieved from /opt/airflow/dags/dag_tle_ingestion_only.py
[2026-02-04T12:07:20.211+0530] {logging_mixin.py:188} INFO - [2026-02-04T12:07:20.210+0530] {dag.py:3036} INFO - Sync 1 DAGs
[2026-02-04T12:07:20.286+0530] {processor.py:183} INFO - Processing /opt/airflow/dags/dag_tle_ingestion_only.py took 0.163 seconds
[2026-02-04T12:07:50.462+0530] {processor.py:161} INFO - Started process (PID=8377) to work on /opt/airflow/dags/dag_tle_ingestion_only.py
[2026-02-04T12:07:50.463+0530] {processor.py:830} INFO - Processing file /opt/airflow/dags/dag_tle_ingestion_only.py for tasks to queue
[2026-02-04T12:07:50.465+0530] {logging_mixin.py:188} INFO - [2026-02-04T12:07:50.464+0530] {dagbag.py:538} INFO - Filling up the DagBag from /opt/airflow/dags/dag_tle_ingestion_only.py
[2026-02-04T12:07:50.506+0530] {processor.py:840} INFO - DAG(s) 'tle_data_ingestion' retrieved from /opt/airflow/dags/dag_tle_ingestion_only.py
[2026-02-04T12:07:50.563+0530] {logging_mixin.py:188} INFO - [2026-02-04T12:07:50.562+0530] {dag.py:3036} INFO - Sync 1 DAGs
[2026-02-04T12:07:50.658+0530] {processor.py:183} INFO - Processing /opt/airflow/dags/dag_tle_ingestion_only.py took 0.202 seconds
[2026-02-04T12:49:29.273+0530] {processor.py:161} INFO - Started process (PID=8403) to work on /opt/airflow/dags/dag_tle_ingestion_only.py
[2026-02-04T12:49:29.275+0530] {processor.py:830} INFO - Processing file /opt/airflow/dags/dag_tle_ingestion_only.py for tasks to queue
[2026-02-04T12:49:29.276+0530] {logging_mixin.py:188} INFO - [2026-02-04T12:49:29.276+0530] {dagbag.py:538} INFO - Filling up the DagBag from /opt/airflow/dags/dag_tle_ingestion_only.py
[2026-02-04T12:49:29.322+0530] {processor.py:840} INFO - DAG(s) 'tle_data_ingestion' retrieved from /opt/airflow/dags/dag_tle_ingestion_only.py
[2026-02-04T12:49:29.384+0530] {logging_mixin.py:188} INFO - [2026-02-04T12:49:29.384+0530] {dag.py:3036} INFO - Sync 1 DAGs
[2026-02-04T12:49:29.821+0530] {processor.py:183} INFO - Processing /opt/airflow/dags/dag_tle_ingestion_only.py took 0.554 seconds
[2026-02-04T12:50:00.097+0530] {processor.py:161} INFO - Started process (PID=8465) to work on /opt/airflow/dags/dag_tle_ingestion_only.py
[2026-02-04T12:50:00.098+0530] {processor.py:830} INFO - Processing file /opt/airflow/dags/dag_tle_ingestion_only.py for tasks to queue
[2026-02-04T12:50:00.100+0530] {logging_mixin.py:188} INFO - [2026-02-04T12:50:00.099+0530] {dagbag.py:538} INFO - Filling up the DagBag from /opt/airflow/dags/dag_tle_ingestion_only.py
[2026-02-04T12:50:00.141+0530] {processor.py:840} INFO - DAG(s) 'tle_data_ingestion' retrieved from /opt/airflow/dags/dag_tle_ingestion_only.py
[2026-02-04T12:50:00.200+0530] {logging_mixin.py:188} INFO - [2026-02-04T12:50:00.199+0530] {dag.py:3036} INFO - Sync 1 DAGs
[2026-02-04T12:50:00.252+0530] {logging_mixin.py:188} INFO - [2026-02-04T12:50:00.251+0530] {dag.py:3823} INFO - Setting next_dagrun for tle_data_ingestion to 2026-02-04 07:15:00+00:00, run_after=2026-02-04 07:20:00+00:00
[2026-02-04T12:50:00.286+0530] {processor.py:183} INFO - Processing /opt/airflow/dags/dag_tle_ingestion_only.py took 0.197 seconds
[2026-02-04T12:50:30.465+0530] {processor.py:161} INFO - Started process (PID=8477) to work on /opt/airflow/dags/dag_tle_ingestion_only.py
[2026-02-04T12:50:30.467+0530] {processor.py:830} INFO - Processing file /opt/airflow/dags/dag_tle_ingestion_only.py for tasks to queue
[2026-02-04T12:50:30.469+0530] {logging_mixin.py:188} INFO - [2026-02-04T12:50:30.467+0530] {dagbag.py:538} INFO - Filling up the DagBag from /opt/airflow/dags/dag_tle_ingestion_only.py
[2026-02-04T12:50:30.502+0530] {processor.py:840} INFO - DAG(s) 'tle_data_ingestion' retrieved from /opt/airflow/dags/dag_tle_ingestion_only.py
[2026-02-04T12:50:30.554+0530] {logging_mixin.py:188} INFO - [2026-02-04T12:50:30.554+0530] {dag.py:3036} INFO - Sync 1 DAGs
[2026-02-04T12:50:30.711+0530] {logging_mixin.py:188} INFO - [2026-02-04T12:50:30.711+0530] {dag.py:3823} INFO - Setting next_dagrun for tle_data_ingestion to 2026-02-04 07:20:00+00:00, run_after=2026-02-04 07:25:00+00:00
[2026-02-04T12:50:30.737+0530] {processor.py:183} INFO - Processing /opt/airflow/dags/dag_tle_ingestion_only.py took 0.278 seconds
[2026-02-04T12:51:00.905+0530] {processor.py:161} INFO - Started process (PID=8482) to work on /opt/airflow/dags/dag_tle_ingestion_only.py
[2026-02-04T12:51:00.907+0530] {processor.py:830} INFO - Processing file /opt/airflow/dags/dag_tle_ingestion_only.py for tasks to queue
[2026-02-04T12:51:00.908+0530] {logging_mixin.py:188} INFO - [2026-02-04T12:51:00.907+0530] {dagbag.py:538} INFO - Filling up the DagBag from /opt/airflow/dags/dag_tle_ingestion_only.py
[2026-02-04T12:51:00.947+0530] {processor.py:840} INFO - DAG(s) 'tle_data_ingestion' retrieved from /opt/airflow/dags/dag_tle_ingestion_only.py
[2026-02-04T12:51:01.004+0530] {logging_mixin.py:188} INFO - [2026-02-04T12:51:01.004+0530] {dag.py:3036} INFO - Sync 1 DAGs
[2026-02-04T12:51:01.062+0530] {logging_mixin.py:188} INFO - [2026-02-04T12:51:01.061+0530] {dag.py:3823} INFO - Setting next_dagrun for tle_data_ingestion to 2026-02-04 07:20:00+00:00, run_after=2026-02-04 07:25:00+00:00
[2026-02-04T12:51:01.096+0530] {processor.py:183} INFO - Processing /opt/airflow/dags/dag_tle_ingestion_only.py took 0.197 seconds
[2026-02-04T12:51:31.278+0530] {processor.py:161} INFO - Started process (PID=8487) to work on /opt/airflow/dags/dag_tle_ingestion_only.py
[2026-02-04T12:51:31.279+0530] {processor.py:830} INFO - Processing file /opt/airflow/dags/dag_tle_ingestion_only.py for tasks to queue
[2026-02-04T12:51:31.281+0530] {logging_mixin.py:188} INFO - [2026-02-04T12:51:31.280+0530] {dagbag.py:538} INFO - Filling up the DagBag from /opt/airflow/dags/dag_tle_ingestion_only.py
[2026-02-04T12:51:31.322+0530] {processor.py:840} INFO - DAG(s) 'tle_data_ingestion' retrieved from /opt/airflow/dags/dag_tle_ingestion_only.py
[2026-02-04T12:51:31.381+0530] {logging_mixin.py:188} INFO - [2026-02-04T12:51:31.381+0530] {dag.py:3036} INFO - Sync 1 DAGs
[2026-02-04T12:51:31.435+0530] {logging_mixin.py:188} INFO - [2026-02-04T12:51:31.434+0530] {dag.py:3823} INFO - Setting next_dagrun for tle_data_ingestion to 2026-02-04 07:20:00+00:00, run_after=2026-02-04 07:25:00+00:00
[2026-02-04T12:51:31.470+0530] {processor.py:183} INFO - Processing /opt/airflow/dags/dag_tle_ingestion_only.py took 0.199 seconds
[2026-02-04T12:52:01.650+0530] {processor.py:161} INFO - Started process (PID=8492) to work on /opt/airflow/dags/dag_tle_ingestion_only.py
[2026-02-04T12:52:01.651+0530] {processor.py:830} INFO - Processing file /opt/airflow/dags/dag_tle_ingestion_only.py for tasks to queue
[2026-02-04T12:52:01.652+0530] {logging_mixin.py:188} INFO - [2026-02-04T12:52:01.652+0530] {dagbag.py:538} INFO - Filling up the DagBag from /opt/airflow/dags/dag_tle_ingestion_only.py
[2026-02-04T12:52:01.686+0530] {processor.py:840} INFO - DAG(s) 'tle_data_ingestion' retrieved from /opt/airflow/dags/dag_tle_ingestion_only.py
[2026-02-04T12:52:01.736+0530] {logging_mixin.py:188} INFO - [2026-02-04T12:52:01.735+0530] {dag.py:3036} INFO - Sync 1 DAGs
[2026-02-04T12:52:01.785+0530] {logging_mixin.py:188} INFO - [2026-02-04T12:52:01.785+0530] {dag.py:3823} INFO - Setting next_dagrun for tle_data_ingestion to 2026-02-04 07:20:00+00:00, run_after=2026-02-04 07:25:00+00:00
[2026-02-04T12:52:01.811+0530] {processor.py:183} INFO - Processing /opt/airflow/dags/dag_tle_ingestion_only.py took 0.167 seconds
[2026-02-04T12:52:31.972+0530] {processor.py:161} INFO - Started process (PID=8505) to work on /opt/airflow/dags/dag_tle_ingestion_only.py
[2026-02-04T12:52:31.974+0530] {processor.py:830} INFO - Processing file /opt/airflow/dags/dag_tle_ingestion_only.py for tasks to queue
[2026-02-04T12:52:31.976+0530] {logging_mixin.py:188} INFO - [2026-02-04T12:52:31.975+0530] {dagbag.py:538} INFO - Filling up the DagBag from /opt/airflow/dags/dag_tle_ingestion_only.py
[2026-02-04T12:52:32.029+0530] {processor.py:840} INFO - DAG(s) 'tle_data_ingestion' retrieved from /opt/airflow/dags/dag_tle_ingestion_only.py
[2026-02-04T12:52:32.095+0530] {logging_mixin.py:188} INFO - [2026-02-04T12:52:32.095+0530] {dag.py:3036} INFO - Sync 1 DAGs
[2026-02-04T12:52:32.157+0530] {logging_mixin.py:188} INFO - [2026-02-04T12:52:32.157+0530] {dag.py:3823} INFO - Setting next_dagrun for tle_data_ingestion to 2026-02-04 07:20:00+00:00, run_after=2026-02-04 07:25:00+00:00
[2026-02-04T12:52:32.198+0530] {processor.py:183} INFO - Processing /opt/airflow/dags/dag_tle_ingestion_only.py took 0.236 seconds
[2026-02-04T12:53:02.381+0530] {processor.py:161} INFO - Started process (PID=8532) to work on /opt/airflow/dags/dag_tle_ingestion_only.py
[2026-02-04T12:53:02.383+0530] {processor.py:830} INFO - Processing file /opt/airflow/dags/dag_tle_ingestion_only.py for tasks to queue
[2026-02-04T12:53:02.384+0530] {logging_mixin.py:188} INFO - [2026-02-04T12:53:02.383+0530] {dagbag.py:538} INFO - Filling up the DagBag from /opt/airflow/dags/dag_tle_ingestion_only.py
[2026-02-04T12:53:02.425+0530] {processor.py:840} INFO - DAG(s) 'tle_data_ingestion' retrieved from /opt/airflow/dags/dag_tle_ingestion_only.py
[2026-02-04T12:53:02.487+0530] {logging_mixin.py:188} INFO - [2026-02-04T12:53:02.486+0530] {dag.py:3036} INFO - Sync 1 DAGs
[2026-02-04T12:53:02.572+0530] {logging_mixin.py:188} INFO - [2026-02-04T12:53:02.572+0530] {dag.py:3823} INFO - Setting next_dagrun for tle_data_ingestion to 2026-02-04 07:20:00+00:00, run_after=2026-02-04 07:25:00+00:00
[2026-02-04T12:53:02.607+0530] {processor.py:183} INFO - Processing /opt/airflow/dags/dag_tle_ingestion_only.py took 0.233 seconds
[2026-02-04T12:53:32.790+0530] {processor.py:161} INFO - Started process (PID=8540) to work on /opt/airflow/dags/dag_tle_ingestion_only.py
[2026-02-04T12:53:32.793+0530] {processor.py:830} INFO - Processing file /opt/airflow/dags/dag_tle_ingestion_only.py for tasks to queue
[2026-02-04T12:53:32.795+0530] {logging_mixin.py:188} INFO - [2026-02-04T12:53:32.794+0530] {dagbag.py:538} INFO - Filling up the DagBag from /opt/airflow/dags/dag_tle_ingestion_only.py
[2026-02-04T12:53:32.836+0530] {processor.py:840} INFO - DAG(s) 'tle_data_ingestion' retrieved from /opt/airflow/dags/dag_tle_ingestion_only.py
[2026-02-04T12:53:32.895+0530] {logging_mixin.py:188} INFO - [2026-02-04T12:53:32.895+0530] {dag.py:3036} INFO - Sync 1 DAGs
[2026-02-04T12:53:32.950+0530] {logging_mixin.py:188} INFO - [2026-02-04T12:53:32.950+0530] {dag.py:3823} INFO - Setting next_dagrun for tle_data_ingestion to 2026-02-04 07:20:00+00:00, run_after=2026-02-04 07:25:00+00:00
[2026-02-04T12:53:32.983+0530] {processor.py:183} INFO - Processing /opt/airflow/dags/dag_tle_ingestion_only.py took 0.199 seconds
[2026-02-04T12:54:03.165+0530] {processor.py:161} INFO - Started process (PID=8545) to work on /opt/airflow/dags/dag_tle_ingestion_only.py
[2026-02-04T12:54:03.167+0530] {processor.py:830} INFO - Processing file /opt/airflow/dags/dag_tle_ingestion_only.py for tasks to queue
[2026-02-04T12:54:03.168+0530] {logging_mixin.py:188} INFO - [2026-02-04T12:54:03.168+0530] {dagbag.py:538} INFO - Filling up the DagBag from /opt/airflow/dags/dag_tle_ingestion_only.py
[2026-02-04T12:54:03.209+0530] {processor.py:840} INFO - DAG(s) 'tle_data_ingestion' retrieved from /opt/airflow/dags/dag_tle_ingestion_only.py
[2026-02-04T12:54:03.267+0530] {logging_mixin.py:188} INFO - [2026-02-04T12:54:03.266+0530] {dag.py:3036} INFO - Sync 1 DAGs
[2026-02-04T12:54:03.318+0530] {logging_mixin.py:188} INFO - [2026-02-04T12:54:03.318+0530] {dag.py:3823} INFO - Setting next_dagrun for tle_data_ingestion to 2026-02-04 07:20:00+00:00, run_after=2026-02-04 07:25:00+00:00
[2026-02-04T12:54:03.349+0530] {processor.py:183} INFO - Processing /opt/airflow/dags/dag_tle_ingestion_only.py took 0.191 seconds
[2026-02-04T12:54:33.530+0530] {processor.py:161} INFO - Started process (PID=8550) to work on /opt/airflow/dags/dag_tle_ingestion_only.py
[2026-02-04T12:54:33.533+0530] {processor.py:830} INFO - Processing file /opt/airflow/dags/dag_tle_ingestion_only.py for tasks to queue
[2026-02-04T12:54:33.534+0530] {logging_mixin.py:188} INFO - [2026-02-04T12:54:33.533+0530] {dagbag.py:538} INFO - Filling up the DagBag from /opt/airflow/dags/dag_tle_ingestion_only.py
[2026-02-04T12:54:33.574+0530] {processor.py:840} INFO - DAG(s) 'tle_data_ingestion' retrieved from /opt/airflow/dags/dag_tle_ingestion_only.py
[2026-02-04T12:54:33.630+0530] {logging_mixin.py:188} INFO - [2026-02-04T12:54:33.629+0530] {dag.py:3036} INFO - Sync 1 DAGs
[2026-02-04T12:54:33.684+0530] {logging_mixin.py:188} INFO - [2026-02-04T12:54:33.684+0530] {dag.py:3823} INFO - Setting next_dagrun for tle_data_ingestion to 2026-02-04 07:20:00+00:00, run_after=2026-02-04 07:25:00+00:00
[2026-02-04T12:54:33.717+0530] {processor.py:183} INFO - Processing /opt/airflow/dags/dag_tle_ingestion_only.py took 0.192 seconds
[2026-02-04T12:55:03.882+0530] {processor.py:161} INFO - Started process (PID=8559) to work on /opt/airflow/dags/dag_tle_ingestion_only.py
[2026-02-04T12:55:03.883+0530] {processor.py:830} INFO - Processing file /opt/airflow/dags/dag_tle_ingestion_only.py for tasks to queue
[2026-02-04T12:55:03.884+0530] {logging_mixin.py:188} INFO - [2026-02-04T12:55:03.883+0530] {dagbag.py:538} INFO - Filling up the DagBag from /opt/airflow/dags/dag_tle_ingestion_only.py
[2026-02-04T12:55:03.917+0530] {processor.py:840} INFO - DAG(s) 'tle_data_ingestion' retrieved from /opt/airflow/dags/dag_tle_ingestion_only.py
[2026-02-04T12:55:03.969+0530] {logging_mixin.py:188} INFO - [2026-02-04T12:55:03.969+0530] {dag.py:3036} INFO - Sync 1 DAGs
[2026-02-04T12:55:04.018+0530] {logging_mixin.py:188} INFO - [2026-02-04T12:55:04.018+0530] {dag.py:3823} INFO - Setting next_dagrun for tle_data_ingestion to 2026-02-04 07:25:00+00:00, run_after=2026-02-04 07:30:00+00:00
[2026-02-04T12:55:04.050+0530] {processor.py:183} INFO - Processing /opt/airflow/dags/dag_tle_ingestion_only.py took 0.174 seconds
[2026-02-04T12:55:34.217+0530] {processor.py:161} INFO - Started process (PID=8567) to work on /opt/airflow/dags/dag_tle_ingestion_only.py
[2026-02-04T12:55:34.219+0530] {processor.py:830} INFO - Processing file /opt/airflow/dags/dag_tle_ingestion_only.py for tasks to queue
[2026-02-04T12:55:34.221+0530] {logging_mixin.py:188} INFO - [2026-02-04T12:55:34.220+0530] {dagbag.py:538} INFO - Filling up the DagBag from /opt/airflow/dags/dag_tle_ingestion_only.py
[2026-02-04T12:55:34.261+0530] {processor.py:840} INFO - DAG(s) 'tle_data_ingestion' retrieved from /opt/airflow/dags/dag_tle_ingestion_only.py
[2026-02-04T12:55:34.310+0530] {logging_mixin.py:188} INFO - [2026-02-04T12:55:34.309+0530] {dag.py:3036} INFO - Sync 1 DAGs
[2026-02-04T12:55:34.361+0530] {logging_mixin.py:188} INFO - [2026-02-04T12:55:34.361+0530] {dag.py:3823} INFO - Setting next_dagrun for tle_data_ingestion to 2026-02-04 07:25:00+00:00, run_after=2026-02-04 07:30:00+00:00
[2026-02-04T12:55:34.390+0530] {processor.py:183} INFO - Processing /opt/airflow/dags/dag_tle_ingestion_only.py took 0.179 seconds
[2026-02-04T12:56:04.536+0530] {processor.py:161} INFO - Started process (PID=8572) to work on /opt/airflow/dags/dag_tle_ingestion_only.py
[2026-02-04T12:56:04.537+0530] {processor.py:830} INFO - Processing file /opt/airflow/dags/dag_tle_ingestion_only.py for tasks to queue
[2026-02-04T12:56:04.538+0530] {logging_mixin.py:188} INFO - [2026-02-04T12:56:04.537+0530] {dagbag.py:538} INFO - Filling up the DagBag from /opt/airflow/dags/dag_tle_ingestion_only.py
[2026-02-04T12:56:04.560+0530] {processor.py:840} INFO - DAG(s) 'tle_data_ingestion' retrieved from /opt/airflow/dags/dag_tle_ingestion_only.py
[2026-02-04T12:56:04.596+0530] {logging_mixin.py:188} INFO - [2026-02-04T12:56:04.596+0530] {dag.py:3036} INFO - Sync 1 DAGs
[2026-02-04T12:56:04.628+0530] {logging_mixin.py:188} INFO - [2026-02-04T12:56:04.628+0530] {dag.py:3823} INFO - Setting next_dagrun for tle_data_ingestion to 2026-02-04 07:25:00+00:00, run_after=2026-02-04 07:30:00+00:00
[2026-02-04T12:56:04.653+0530] {processor.py:183} INFO - Processing /opt/airflow/dags/dag_tle_ingestion_only.py took 0.122 seconds
[2026-02-04T12:56:34.777+0530] {processor.py:161} INFO - Started process (PID=8577) to work on /opt/airflow/dags/dag_tle_ingestion_only.py
[2026-02-04T12:56:34.778+0530] {processor.py:830} INFO - Processing file /opt/airflow/dags/dag_tle_ingestion_only.py for tasks to queue
[2026-02-04T12:56:34.780+0530] {logging_mixin.py:188} INFO - [2026-02-04T12:56:34.779+0530] {dagbag.py:538} INFO - Filling up the DagBag from /opt/airflow/dags/dag_tle_ingestion_only.py
[2026-02-04T12:56:34.801+0530] {processor.py:840} INFO - DAG(s) 'tle_data_ingestion' retrieved from /opt/airflow/dags/dag_tle_ingestion_only.py
[2026-02-04T12:56:34.832+0530] {logging_mixin.py:188} INFO - [2026-02-04T12:56:34.832+0530] {dag.py:3036} INFO - Sync 1 DAGs
[2026-02-04T12:56:34.862+0530] {logging_mixin.py:188} INFO - [2026-02-04T12:56:34.862+0530] {dag.py:3823} INFO - Setting next_dagrun for tle_data_ingestion to 2026-02-04 07:25:00+00:00, run_after=2026-02-04 07:30:00+00:00
[2026-02-04T12:56:34.881+0530] {processor.py:183} INFO - Processing /opt/airflow/dags/dag_tle_ingestion_only.py took 0.107 seconds
[2026-02-04T12:57:05.000+0530] {processor.py:161} INFO - Started process (PID=8582) to work on /opt/airflow/dags/dag_tle_ingestion_only.py
[2026-02-04T12:57:05.001+0530] {processor.py:830} INFO - Processing file /opt/airflow/dags/dag_tle_ingestion_only.py for tasks to queue
[2026-02-04T12:57:05.001+0530] {logging_mixin.py:188} INFO - [2026-02-04T12:57:05.001+0530] {dagbag.py:538} INFO - Filling up the DagBag from /opt/airflow/dags/dag_tle_ingestion_only.py
[2026-02-04T12:57:05.021+0530] {processor.py:840} INFO - DAG(s) 'tle_data_ingestion' retrieved from /opt/airflow/dags/dag_tle_ingestion_only.py
[2026-02-04T12:57:05.053+0530] {logging_mixin.py:188} INFO - [2026-02-04T12:57:05.053+0530] {dag.py:3036} INFO - Sync 1 DAGs
[2026-02-04T12:57:05.082+0530] {logging_mixin.py:188} INFO - [2026-02-04T12:57:05.081+0530] {dag.py:3823} INFO - Setting next_dagrun for tle_data_ingestion to 2026-02-04 07:25:00+00:00, run_after=2026-02-04 07:30:00+00:00
[2026-02-04T12:57:05.099+0530] {processor.py:183} INFO - Processing /opt/airflow/dags/dag_tle_ingestion_only.py took 0.102 seconds
[2026-02-04T12:57:35.219+0530] {processor.py:161} INFO - Started process (PID=8587) to work on /opt/airflow/dags/dag_tle_ingestion_only.py
[2026-02-04T12:57:35.221+0530] {processor.py:830} INFO - Processing file /opt/airflow/dags/dag_tle_ingestion_only.py for tasks to queue
[2026-02-04T12:57:35.222+0530] {logging_mixin.py:188} INFO - [2026-02-04T12:57:35.222+0530] {dagbag.py:538} INFO - Filling up the DagBag from /opt/airflow/dags/dag_tle_ingestion_only.py
[2026-02-04T12:57:35.241+0530] {processor.py:840} INFO - DAG(s) 'tle_data_ingestion' retrieved from /opt/airflow/dags/dag_tle_ingestion_only.py
[2026-02-04T12:57:35.270+0530] {logging_mixin.py:188} INFO - [2026-02-04T12:57:35.270+0530] {dag.py:3036} INFO - Sync 1 DAGs
[2026-02-04T12:57:35.300+0530] {logging_mixin.py:188} INFO - [2026-02-04T12:57:35.300+0530] {dag.py:3823} INFO - Setting next_dagrun for tle_data_ingestion to 2026-02-04 07:25:00+00:00, run_after=2026-02-04 07:30:00+00:00
[2026-02-04T12:57:35.319+0530] {processor.py:183} INFO - Processing /opt/airflow/dags/dag_tle_ingestion_only.py took 0.104 seconds
[2026-02-04T12:58:05.392+0530] {processor.py:161} INFO - Started process (PID=8592) to work on /opt/airflow/dags/dag_tle_ingestion_only.py
[2026-02-04T12:58:05.393+0530] {processor.py:830} INFO - Processing file /opt/airflow/dags/dag_tle_ingestion_only.py for tasks to queue
[2026-02-04T12:58:05.395+0530] {logging_mixin.py:188} INFO - [2026-02-04T12:58:05.394+0530] {dagbag.py:538} INFO - Filling up the DagBag from /opt/airflow/dags/dag_tle_ingestion_only.py
[2026-02-04T12:58:05.434+0530] {processor.py:840} INFO - DAG(s) 'tle_data_ingestion' retrieved from /opt/airflow/dags/dag_tle_ingestion_only.py
[2026-02-04T12:58:05.491+0530] {logging_mixin.py:188} INFO - [2026-02-04T12:58:05.490+0530] {dag.py:3036} INFO - Sync 1 DAGs
[2026-02-04T12:58:05.544+0530] {logging_mixin.py:188} INFO - [2026-02-04T12:58:05.544+0530] {dag.py:3823} INFO - Setting next_dagrun for tle_data_ingestion to 2026-02-04 07:25:00+00:00, run_after=2026-02-04 07:30:00+00:00
[2026-02-04T12:58:05.577+0530] {processor.py:183} INFO - Processing /opt/airflow/dags/dag_tle_ingestion_only.py took 0.191 seconds
[2026-02-04T12:58:35.636+0530] {processor.py:161} INFO - Started process (PID=8597) to work on /opt/airflow/dags/dag_tle_ingestion_only.py
[2026-02-04T12:58:36.105+0530] {processor.py:830} INFO - Processing file /opt/airflow/dags/dag_tle_ingestion_only.py for tasks to queue
[2026-02-04T12:58:36.106+0530] {logging_mixin.py:188} INFO - [2026-02-04T12:58:36.106+0530] {dagbag.py:538} INFO - Filling up the DagBag from /opt/airflow/dags/dag_tle_ingestion_only.py
[2026-02-04T12:58:36.147+0530] {processor.py:840} INFO - DAG(s) 'tle_data_ingestion' retrieved from /opt/airflow/dags/dag_tle_ingestion_only.py
[2026-02-04T12:58:36.205+0530] {logging_mixin.py:188} INFO - [2026-02-04T12:58:36.204+0530] {dag.py:3036} INFO - Sync 1 DAGs
[2026-02-04T12:58:36.258+0530] {logging_mixin.py:188} INFO - [2026-02-04T12:58:36.258+0530] {dag.py:3823} INFO - Setting next_dagrun for tle_data_ingestion to 2026-02-04 07:25:00+00:00, run_after=2026-02-04 07:30:00+00:00
[2026-02-04T12:58:36.295+0530] {processor.py:183} INFO - Processing /opt/airflow/dags/dag_tle_ingestion_only.py took 0.666 seconds
[2026-02-04T12:59:06.491+0530] {processor.py:161} INFO - Started process (PID=8602) to work on /opt/airflow/dags/dag_tle_ingestion_only.py
[2026-02-04T12:59:06.492+0530] {processor.py:830} INFO - Processing file /opt/airflow/dags/dag_tle_ingestion_only.py for tasks to queue
[2026-02-04T12:59:06.494+0530] {logging_mixin.py:188} INFO - [2026-02-04T12:59:06.493+0530] {dagbag.py:538} INFO - Filling up the DagBag from /opt/airflow/dags/dag_tle_ingestion_only.py
[2026-02-04T12:59:06.527+0530] {processor.py:840} INFO - DAG(s) 'tle_data_ingestion' retrieved from /opt/airflow/dags/dag_tle_ingestion_only.py
[2026-02-04T12:59:06.573+0530] {logging_mixin.py:188} INFO - [2026-02-04T12:59:06.573+0530] {dag.py:3036} INFO - Sync 1 DAGs
[2026-02-04T12:59:06.620+0530] {logging_mixin.py:188} INFO - [2026-02-04T12:59:06.619+0530] {dag.py:3823} INFO - Setting next_dagrun for tle_data_ingestion to 2026-02-04 07:25:00+00:00, run_after=2026-02-04 07:30:00+00:00
[2026-02-04T12:59:06.650+0530] {processor.py:183} INFO - Processing /opt/airflow/dags/dag_tle_ingestion_only.py took 0.166 seconds
[2026-02-04T12:59:36.811+0530] {processor.py:161} INFO - Started process (PID=8607) to work on /opt/airflow/dags/dag_tle_ingestion_only.py
[2026-02-04T12:59:36.813+0530] {processor.py:830} INFO - Processing file /opt/airflow/dags/dag_tle_ingestion_only.py for tasks to queue
[2026-02-04T12:59:36.815+0530] {logging_mixin.py:188} INFO - [2026-02-04T12:59:36.814+0530] {dagbag.py:538} INFO - Filling up the DagBag from /opt/airflow/dags/dag_tle_ingestion_only.py
[2026-02-04T12:59:36.849+0530] {processor.py:840} INFO - DAG(s) 'tle_data_ingestion' retrieved from /opt/airflow/dags/dag_tle_ingestion_only.py
[2026-02-04T12:59:36.900+0530] {logging_mixin.py:188} INFO - [2026-02-04T12:59:36.900+0530] {dag.py:3036} INFO - Sync 1 DAGs
[2026-02-04T12:59:36.948+0530] {logging_mixin.py:188} INFO - [2026-02-04T12:59:36.948+0530] {dag.py:3823} INFO - Setting next_dagrun for tle_data_ingestion to 2026-02-04 07:25:00+00:00, run_after=2026-02-04 07:30:00+00:00
[2026-02-04T12:59:36.977+0530] {processor.py:183} INFO - Processing /opt/airflow/dags/dag_tle_ingestion_only.py took 0.172 seconds
[2026-02-04T13:00:07.151+0530] {processor.py:161} INFO - Started process (PID=8619) to work on /opt/airflow/dags/dag_tle_ingestion_only.py
[2026-02-04T13:00:07.152+0530] {processor.py:830} INFO - Processing file /opt/airflow/dags/dag_tle_ingestion_only.py for tasks to queue
[2026-02-04T13:00:07.154+0530] {logging_mixin.py:188} INFO - [2026-02-04T13:00:07.153+0530] {dagbag.py:538} INFO - Filling up the DagBag from /opt/airflow/dags/dag_tle_ingestion_only.py
[2026-02-04T13:00:07.193+0530] {processor.py:840} INFO - DAG(s) 'tle_data_ingestion' retrieved from /opt/airflow/dags/dag_tle_ingestion_only.py
[2026-02-04T13:00:07.248+0530] {logging_mixin.py:188} INFO - [2026-02-04T13:00:07.247+0530] {dag.py:3036} INFO - Sync 1 DAGs
[2026-02-04T13:00:07.358+0530] {logging_mixin.py:188} INFO - [2026-02-04T13:00:07.357+0530] {dag.py:3823} INFO - Setting next_dagrun for tle_data_ingestion to 2026-02-04 07:30:00+00:00, run_after=2026-02-04 07:35:00+00:00
[2026-02-04T13:00:07.389+0530] {processor.py:183} INFO - Processing /opt/airflow/dags/dag_tle_ingestion_only.py took 0.245 seconds
[2026-02-04T13:00:37.569+0530] {processor.py:161} INFO - Started process (PID=8624) to work on /opt/airflow/dags/dag_tle_ingestion_only.py
[2026-02-04T13:00:37.572+0530] {processor.py:830} INFO - Processing file /opt/airflow/dags/dag_tle_ingestion_only.py for tasks to queue
[2026-02-04T13:00:37.574+0530] {logging_mixin.py:188} INFO - [2026-02-04T13:00:37.573+0530] {dagbag.py:538} INFO - Filling up the DagBag from /opt/airflow/dags/dag_tle_ingestion_only.py
[2026-02-04T13:00:37.612+0530] {processor.py:840} INFO - DAG(s) 'tle_data_ingestion' retrieved from /opt/airflow/dags/dag_tle_ingestion_only.py
[2026-02-04T13:00:37.666+0530] {logging_mixin.py:188} INFO - [2026-02-04T13:00:37.665+0530] {dag.py:3036} INFO - Sync 1 DAGs
[2026-02-04T13:00:37.719+0530] {logging_mixin.py:188} INFO - [2026-02-04T13:00:37.718+0530] {dag.py:3823} INFO - Setting next_dagrun for tle_data_ingestion to 2026-02-04 07:30:00+00:00, run_after=2026-02-04 07:35:00+00:00
[2026-02-04T13:00:37.753+0530] {processor.py:183} INFO - Processing /opt/airflow/dags/dag_tle_ingestion_only.py took 0.191 seconds
[2026-02-04T13:01:07.929+0530] {processor.py:161} INFO - Started process (PID=8629) to work on /opt/airflow/dags/dag_tle_ingestion_only.py
[2026-02-04T13:01:07.930+0530] {processor.py:830} INFO - Processing file /opt/airflow/dags/dag_tle_ingestion_only.py for tasks to queue
[2026-02-04T13:01:07.932+0530] {logging_mixin.py:188} INFO - [2026-02-04T13:01:07.931+0530] {dagbag.py:538} INFO - Filling up the DagBag from /opt/airflow/dags/dag_tle_ingestion_only.py
[2026-02-04T13:01:07.970+0530] {processor.py:840} INFO - DAG(s) 'tle_data_ingestion' retrieved from /opt/airflow/dags/dag_tle_ingestion_only.py
[2026-02-04T13:01:08.024+0530] {logging_mixin.py:188} INFO - [2026-02-04T13:01:08.023+0530] {dag.py:3036} INFO - Sync 1 DAGs
[2026-02-04T13:01:08.078+0530] {logging_mixin.py:188} INFO - [2026-02-04T13:01:08.077+0530] {dag.py:3823} INFO - Setting next_dagrun for tle_data_ingestion to 2026-02-04 07:30:00+00:00, run_after=2026-02-04 07:35:00+00:00
[2026-02-04T13:01:08.113+0530] {processor.py:183} INFO - Processing /opt/airflow/dags/dag_tle_ingestion_only.py took 0.190 seconds
[2026-02-04T13:01:38.268+0530] {processor.py:161} INFO - Started process (PID=8634) to work on /opt/airflow/dags/dag_tle_ingestion_only.py
[2026-02-04T13:01:38.271+0530] {processor.py:830} INFO - Processing file /opt/airflow/dags/dag_tle_ingestion_only.py for tasks to queue
[2026-02-04T13:01:38.271+0530] {logging_mixin.py:188} INFO - [2026-02-04T13:01:38.271+0530] {dagbag.py:538} INFO - Filling up the DagBag from /opt/airflow/dags/dag_tle_ingestion_only.py
[2026-02-04T13:01:38.293+0530] {processor.py:840} INFO - DAG(s) 'tle_data_ingestion' retrieved from /opt/airflow/dags/dag_tle_ingestion_only.py
[2026-02-04T13:01:38.324+0530] {logging_mixin.py:188} INFO - [2026-02-04T13:01:38.324+0530] {dag.py:3036} INFO - Sync 1 DAGs
[2026-02-04T13:01:38.353+0530] {logging_mixin.py:188} INFO - [2026-02-04T13:01:38.353+0530] {dag.py:3823} INFO - Setting next_dagrun for tle_data_ingestion to 2026-02-04 07:30:00+00:00, run_after=2026-02-04 07:35:00+00:00
[2026-02-04T13:01:38.371+0530] {processor.py:183} INFO - Processing /opt/airflow/dags/dag_tle_ingestion_only.py took 0.106 seconds
[2026-02-04T13:02:08.433+0530] {processor.py:161} INFO - Started process (PID=8639) to work on /opt/airflow/dags/dag_tle_ingestion_only.py
[2026-02-04T13:02:08.434+0530] {processor.py:830} INFO - Processing file /opt/airflow/dags/dag_tle_ingestion_only.py for tasks to queue
[2026-02-04T13:02:08.436+0530] {logging_mixin.py:188} INFO - [2026-02-04T13:02:08.435+0530] {dagbag.py:538} INFO - Filling up the DagBag from /opt/airflow/dags/dag_tle_ingestion_only.py
[2026-02-04T13:02:08.477+0530] {processor.py:840} INFO - DAG(s) 'tle_data_ingestion' retrieved from /opt/airflow/dags/dag_tle_ingestion_only.py
[2026-02-04T13:02:08.533+0530] {logging_mixin.py:188} INFO - [2026-02-04T13:02:08.533+0530] {dag.py:3036} INFO - Sync 1 DAGs
[2026-02-04T13:02:08.586+0530] {logging_mixin.py:188} INFO - [2026-02-04T13:02:08.586+0530] {dag.py:3823} INFO - Setting next_dagrun for tle_data_ingestion to 2026-02-04 07:30:00+00:00, run_after=2026-02-04 07:35:00+00:00
[2026-02-04T13:02:08.622+0530] {processor.py:183} INFO - Processing /opt/airflow/dags/dag_tle_ingestion_only.py took 0.196 seconds
[2026-02-04T13:02:38.680+0530] {processor.py:161} INFO - Started process (PID=8644) to work on /opt/airflow/dags/dag_tle_ingestion_only.py
[2026-02-04T13:02:38.683+0530] {processor.py:830} INFO - Processing file /opt/airflow/dags/dag_tle_ingestion_only.py for tasks to queue
[2026-02-04T13:02:38.685+0530] {logging_mixin.py:188} INFO - [2026-02-04T13:02:38.684+0530] {dagbag.py:538} INFO - Filling up the DagBag from /opt/airflow/dags/dag_tle_ingestion_only.py
[2026-02-04T13:02:38.727+0530] {processor.py:840} INFO - DAG(s) 'tle_data_ingestion' retrieved from /opt/airflow/dags/dag_tle_ingestion_only.py
[2026-02-04T13:02:38.786+0530] {logging_mixin.py:188} INFO - [2026-02-04T13:02:38.786+0530] {dag.py:3036} INFO - Sync 1 DAGs
[2026-02-04T13:02:38.841+0530] {logging_mixin.py:188} INFO - [2026-02-04T13:02:38.841+0530] {dag.py:3823} INFO - Setting next_dagrun for tle_data_ingestion to 2026-02-04 07:30:00+00:00, run_after=2026-02-04 07:35:00+00:00
[2026-02-04T13:02:38.874+0530] {processor.py:183} INFO - Processing /opt/airflow/dags/dag_tle_ingestion_only.py took 0.200 seconds
[2026-02-04T13:03:08.954+0530] {processor.py:161} INFO - Started process (PID=8649) to work on /opt/airflow/dags/dag_tle_ingestion_only.py
[2026-02-04T13:03:08.956+0530] {processor.py:830} INFO - Processing file /opt/airflow/dags/dag_tle_ingestion_only.py for tasks to queue
[2026-02-04T13:03:08.958+0530] {logging_mixin.py:188} INFO - [2026-02-04T13:03:08.957+0530] {dagbag.py:538} INFO - Filling up the DagBag from /opt/airflow/dags/dag_tle_ingestion_only.py
[2026-02-04T13:03:08.997+0530] {processor.py:840} INFO - DAG(s) 'tle_data_ingestion' retrieved from /opt/airflow/dags/dag_tle_ingestion_only.py
[2026-02-04T13:03:09.052+0530] {logging_mixin.py:188} INFO - [2026-02-04T13:03:09.052+0530] {dag.py:3036} INFO - Sync 1 DAGs
[2026-02-04T13:03:09.104+0530] {logging_mixin.py:188} INFO - [2026-02-04T13:03:09.104+0530] {dag.py:3823} INFO - Setting next_dagrun for tle_data_ingestion to 2026-02-04 07:30:00+00:00, run_after=2026-02-04 07:35:00+00:00
[2026-02-04T13:03:09.137+0530] {processor.py:183} INFO - Processing /opt/airflow/dags/dag_tle_ingestion_only.py took 0.190 seconds
[2026-02-04T13:03:39.200+0530] {processor.py:161} INFO - Started process (PID=8654) to work on /opt/airflow/dags/dag_tle_ingestion_only.py
[2026-02-04T13:03:39.201+0530] {processor.py:830} INFO - Processing file /opt/airflow/dags/dag_tle_ingestion_only.py for tasks to queue
[2026-02-04T13:03:39.203+0530] {logging_mixin.py:188} INFO - [2026-02-04T13:03:39.202+0530] {dagbag.py:538} INFO - Filling up the DagBag from /opt/airflow/dags/dag_tle_ingestion_only.py
[2026-02-04T13:03:39.242+0530] {processor.py:840} INFO - DAG(s) 'tle_data_ingestion' retrieved from /opt/airflow/dags/dag_tle_ingestion_only.py
[2026-02-04T13:03:39.291+0530] {logging_mixin.py:188} INFO - [2026-02-04T13:03:39.291+0530] {dag.py:3036} INFO - Sync 1 DAGs
[2026-02-04T13:03:39.339+0530] {logging_mixin.py:188} INFO - [2026-02-04T13:03:39.338+0530] {dag.py:3823} INFO - Setting next_dagrun for tle_data_ingestion to 2026-02-04 07:30:00+00:00, run_after=2026-02-04 07:35:00+00:00
[2026-02-04T13:03:39.369+0530] {processor.py:183} INFO - Processing /opt/airflow/dags/dag_tle_ingestion_only.py took 0.176 seconds
[2026-02-04T13:04:09.459+0530] {processor.py:161} INFO - Started process (PID=8659) to work on /opt/airflow/dags/dag_tle_ingestion_only.py
[2026-02-04T13:04:09.460+0530] {processor.py:830} INFO - Processing file /opt/airflow/dags/dag_tle_ingestion_only.py for tasks to queue
[2026-02-04T13:04:09.462+0530] {logging_mixin.py:188} INFO - [2026-02-04T13:04:09.461+0530] {dagbag.py:538} INFO - Filling up the DagBag from /opt/airflow/dags/dag_tle_ingestion_only.py
[2026-02-04T13:04:09.501+0530] {processor.py:840} INFO - DAG(s) 'tle_data_ingestion' retrieved from /opt/airflow/dags/dag_tle_ingestion_only.py
[2026-02-04T13:04:09.555+0530] {logging_mixin.py:188} INFO - [2026-02-04T13:04:09.555+0530] {dag.py:3036} INFO - Sync 1 DAGs
[2026-02-04T13:04:09.608+0530] {logging_mixin.py:188} INFO - [2026-02-04T13:04:09.608+0530] {dag.py:3823} INFO - Setting next_dagrun for tle_data_ingestion to 2026-02-04 07:30:00+00:00, run_after=2026-02-04 07:35:00+00:00
[2026-02-04T13:04:09.641+0530] {processor.py:183} INFO - Processing /opt/airflow/dags/dag_tle_ingestion_only.py took 0.189 seconds
[2026-02-04T13:04:39.696+0530] {processor.py:161} INFO - Started process (PID=8664) to work on /opt/airflow/dags/dag_tle_ingestion_only.py
[2026-02-04T13:04:39.698+0530] {processor.py:830} INFO - Processing file /opt/airflow/dags/dag_tle_ingestion_only.py for tasks to queue
[2026-02-04T13:04:39.699+0530] {logging_mixin.py:188} INFO - [2026-02-04T13:04:39.699+0530] {dagbag.py:538} INFO - Filling up the DagBag from /opt/airflow/dags/dag_tle_ingestion_only.py
[2026-02-04T13:04:39.739+0530] {processor.py:840} INFO - DAG(s) 'tle_data_ingestion' retrieved from /opt/airflow/dags/dag_tle_ingestion_only.py
[2026-02-04T13:04:39.797+0530] {logging_mixin.py:188} INFO - [2026-02-04T13:04:39.796+0530] {dag.py:3036} INFO - Sync 1 DAGs
[2026-02-04T13:04:39.853+0530] {logging_mixin.py:188} INFO - [2026-02-04T13:04:39.853+0530] {dag.py:3823} INFO - Setting next_dagrun for tle_data_ingestion to 2026-02-04 07:30:00+00:00, run_after=2026-02-04 07:35:00+00:00
[2026-02-04T13:04:39.889+0530] {processor.py:183} INFO - Processing /opt/airflow/dags/dag_tle_ingestion_only.py took 0.199 seconds
[2026-02-04T13:05:09.960+0530] {processor.py:161} INFO - Started process (PID=8676) to work on /opt/airflow/dags/dag_tle_ingestion_only.py
[2026-02-04T13:05:09.961+0530] {processor.py:830} INFO - Processing file /opt/airflow/dags/dag_tle_ingestion_only.py for tasks to queue
[2026-02-04T13:05:09.963+0530] {logging_mixin.py:188} INFO - [2026-02-04T13:05:09.962+0530] {dagbag.py:538} INFO - Filling up the DagBag from /opt/airflow/dags/dag_tle_ingestion_only.py
[2026-02-04T13:05:10.002+0530] {processor.py:840} INFO - DAG(s) 'tle_data_ingestion' retrieved from /opt/airflow/dags/dag_tle_ingestion_only.py
[2026-02-04T13:05:10.058+0530] {logging_mixin.py:188} INFO - [2026-02-04T13:05:10.058+0530] {dag.py:3036} INFO - Sync 1 DAGs
[2026-02-04T13:05:10.113+0530] {logging_mixin.py:188} INFO - [2026-02-04T13:05:10.112+0530] {dag.py:3823} INFO - Setting next_dagrun for tle_data_ingestion to 2026-02-04 07:35:00+00:00, run_after=2026-02-04 07:40:00+00:00
[2026-02-04T13:05:10.148+0530] {processor.py:183} INFO - Processing /opt/airflow/dags/dag_tle_ingestion_only.py took 0.195 seconds
[2026-02-04T13:05:40.214+0530] {processor.py:161} INFO - Started process (PID=8681) to work on /opt/airflow/dags/dag_tle_ingestion_only.py
[2026-02-04T13:05:40.215+0530] {processor.py:830} INFO - Processing file /opt/airflow/dags/dag_tle_ingestion_only.py for tasks to queue
[2026-02-04T13:05:40.217+0530] {logging_mixin.py:188} INFO - [2026-02-04T13:05:40.216+0530] {dagbag.py:538} INFO - Filling up the DagBag from /opt/airflow/dags/dag_tle_ingestion_only.py
[2026-02-04T13:05:40.257+0530] {processor.py:840} INFO - DAG(s) 'tle_data_ingestion' retrieved from /opt/airflow/dags/dag_tle_ingestion_only.py
[2026-02-04T13:05:40.316+0530] {logging_mixin.py:188} INFO - [2026-02-04T13:05:40.315+0530] {dag.py:3036} INFO - Sync 1 DAGs
[2026-02-04T13:05:40.372+0530] {logging_mixin.py:188} INFO - [2026-02-04T13:05:40.371+0530] {dag.py:3823} INFO - Setting next_dagrun for tle_data_ingestion to 2026-02-04 07:35:00+00:00, run_after=2026-02-04 07:40:00+00:00
[2026-02-04T13:05:40.406+0530] {processor.py:183} INFO - Processing /opt/airflow/dags/dag_tle_ingestion_only.py took 0.199 seconds
[2026-02-04T13:06:10.468+0530] {processor.py:161} INFO - Started process (PID=8686) to work on /opt/airflow/dags/dag_tle_ingestion_only.py
[2026-02-04T13:06:10.470+0530] {processor.py:830} INFO - Processing file /opt/airflow/dags/dag_tle_ingestion_only.py for tasks to queue
[2026-02-04T13:06:10.472+0530] {logging_mixin.py:188} INFO - [2026-02-04T13:06:10.471+0530] {dagbag.py:538} INFO - Filling up the DagBag from /opt/airflow/dags/dag_tle_ingestion_only.py
[2026-02-04T13:06:10.513+0530] {processor.py:840} INFO - DAG(s) 'tle_data_ingestion' retrieved from /opt/airflow/dags/dag_tle_ingestion_only.py
[2026-02-04T13:06:10.570+0530] {logging_mixin.py:188} INFO - [2026-02-04T13:06:10.569+0530] {dag.py:3036} INFO - Sync 1 DAGs
[2026-02-04T13:06:10.622+0530] {logging_mixin.py:188} INFO - [2026-02-04T13:06:10.622+0530] {dag.py:3823} INFO - Setting next_dagrun for tle_data_ingestion to 2026-02-04 07:35:00+00:00, run_after=2026-02-04 07:40:00+00:00
[2026-02-04T13:06:10.654+0530] {processor.py:183} INFO - Processing /opt/airflow/dags/dag_tle_ingestion_only.py took 0.192 seconds
[2026-02-04T13:06:40.723+0530] {processor.py:161} INFO - Started process (PID=8691) to work on /opt/airflow/dags/dag_tle_ingestion_only.py
[2026-02-04T13:06:40.725+0530] {processor.py:830} INFO - Processing file /opt/airflow/dags/dag_tle_ingestion_only.py for tasks to queue
[2026-02-04T13:06:40.726+0530] {logging_mixin.py:188} INFO - [2026-02-04T13:06:40.726+0530] {dagbag.py:538} INFO - Filling up the DagBag from /opt/airflow/dags/dag_tle_ingestion_only.py
[2026-02-04T13:06:40.767+0530] {processor.py:840} INFO - DAG(s) 'tle_data_ingestion' retrieved from /opt/airflow/dags/dag_tle_ingestion_only.py
[2026-02-04T13:06:40.822+0530] {logging_mixin.py:188} INFO - [2026-02-04T13:06:40.822+0530] {dag.py:3036} INFO - Sync 1 DAGs
[2026-02-04T13:06:40.899+0530] {logging_mixin.py:188} INFO - [2026-02-04T13:06:40.899+0530] {dag.py:3823} INFO - Setting next_dagrun for tle_data_ingestion to 2026-02-04 07:35:00+00:00, run_after=2026-02-04 07:40:00+00:00
[2026-02-04T13:06:40.933+0530] {processor.py:183} INFO - Processing /opt/airflow/dags/dag_tle_ingestion_only.py took 0.216 seconds
[2026-02-04T13:07:11.103+0530] {processor.py:161} INFO - Started process (PID=8696) to work on /opt/airflow/dags/dag_tle_ingestion_only.py
[2026-02-04T13:07:11.106+0530] {processor.py:830} INFO - Processing file /opt/airflow/dags/dag_tle_ingestion_only.py for tasks to queue
[2026-02-04T13:07:11.107+0530] {logging_mixin.py:188} INFO - [2026-02-04T13:07:11.107+0530] {dagbag.py:538} INFO - Filling up the DagBag from /opt/airflow/dags/dag_tle_ingestion_only.py
[2026-02-04T13:07:11.146+0530] {processor.py:840} INFO - DAG(s) 'tle_data_ingestion' retrieved from /opt/airflow/dags/dag_tle_ingestion_only.py
[2026-02-04T13:07:11.202+0530] {logging_mixin.py:188} INFO - [2026-02-04T13:07:11.201+0530] {dag.py:3036} INFO - Sync 1 DAGs
[2026-02-04T13:07:11.255+0530] {logging_mixin.py:188} INFO - [2026-02-04T13:07:11.255+0530] {dag.py:3823} INFO - Setting next_dagrun for tle_data_ingestion to 2026-02-04 07:35:00+00:00, run_after=2026-02-04 07:40:00+00:00
[2026-02-04T13:07:11.289+0530] {processor.py:183} INFO - Processing /opt/airflow/dags/dag_tle_ingestion_only.py took 0.192 seconds
[2026-02-04T13:07:41.464+0530] {processor.py:161} INFO - Started process (PID=8701) to work on /opt/airflow/dags/dag_tle_ingestion_only.py
[2026-02-04T13:07:41.465+0530] {processor.py:830} INFO - Processing file /opt/airflow/dags/dag_tle_ingestion_only.py for tasks to queue
[2026-02-04T13:07:41.467+0530] {logging_mixin.py:188} INFO - [2026-02-04T13:07:41.466+0530] {dagbag.py:538} INFO - Filling up the DagBag from /opt/airflow/dags/dag_tle_ingestion_only.py
[2026-02-04T13:07:41.505+0530] {processor.py:840} INFO - DAG(s) 'tle_data_ingestion' retrieved from /opt/airflow/dags/dag_tle_ingestion_only.py
[2026-02-04T13:07:41.563+0530] {logging_mixin.py:188} INFO - [2026-02-04T13:07:41.563+0530] {dag.py:3036} INFO - Sync 1 DAGs
[2026-02-04T13:07:41.616+0530] {logging_mixin.py:188} INFO - [2026-02-04T13:07:41.616+0530] {dag.py:3823} INFO - Setting next_dagrun for tle_data_ingestion to 2026-02-04 07:35:00+00:00, run_after=2026-02-04 07:40:00+00:00
[2026-02-04T13:07:41.653+0530] {processor.py:183} INFO - Processing /opt/airflow/dags/dag_tle_ingestion_only.py took 0.196 seconds
[2026-02-04T13:08:11.827+0530] {processor.py:161} INFO - Started process (PID=8706) to work on /opt/airflow/dags/dag_tle_ingestion_only.py
[2026-02-04T13:08:11.830+0530] {processor.py:830} INFO - Processing file /opt/airflow/dags/dag_tle_ingestion_only.py for tasks to queue
[2026-02-04T13:08:11.832+0530] {logging_mixin.py:188} INFO - [2026-02-04T13:08:11.831+0530] {dagbag.py:538} INFO - Filling up the DagBag from /opt/airflow/dags/dag_tle_ingestion_only.py
[2026-02-04T13:08:11.872+0530] {processor.py:840} INFO - DAG(s) 'tle_data_ingestion' retrieved from /opt/airflow/dags/dag_tle_ingestion_only.py
[2026-02-04T13:08:11.927+0530] {logging_mixin.py:188} INFO - [2026-02-04T13:08:11.926+0530] {dag.py:3036} INFO - Sync 1 DAGs
[2026-02-04T13:08:11.974+0530] {logging_mixin.py:188} INFO - [2026-02-04T13:08:11.974+0530] {dag.py:3823} INFO - Setting next_dagrun for tle_data_ingestion to 2026-02-04 07:35:00+00:00, run_after=2026-02-04 07:40:00+00:00
[2026-02-04T13:08:12.008+0530] {processor.py:183} INFO - Processing /opt/airflow/dags/dag_tle_ingestion_only.py took 0.187 seconds
[2026-02-04T13:08:42.174+0530] {processor.py:161} INFO - Started process (PID=8711) to work on /opt/airflow/dags/dag_tle_ingestion_only.py
[2026-02-04T13:08:42.175+0530] {processor.py:830} INFO - Processing file /opt/airflow/dags/dag_tle_ingestion_only.py for tasks to queue
[2026-02-04T13:08:42.177+0530] {logging_mixin.py:188} INFO - [2026-02-04T13:08:42.176+0530] {dagbag.py:538} INFO - Filling up the DagBag from /opt/airflow/dags/dag_tle_ingestion_only.py
[2026-02-04T13:08:42.214+0530] {processor.py:840} INFO - DAG(s) 'tle_data_ingestion' retrieved from /opt/airflow/dags/dag_tle_ingestion_only.py
[2026-02-04T13:08:42.269+0530] {logging_mixin.py:188} INFO - [2026-02-04T13:08:42.269+0530] {dag.py:3036} INFO - Sync 1 DAGs
[2026-02-04T13:08:42.322+0530] {logging_mixin.py:188} INFO - [2026-02-04T13:08:42.322+0530] {dag.py:3823} INFO - Setting next_dagrun for tle_data_ingestion to 2026-02-04 07:35:00+00:00, run_after=2026-02-04 07:40:00+00:00
[2026-02-04T13:08:42.368+0530] {processor.py:183} INFO - Processing /opt/airflow/dags/dag_tle_ingestion_only.py took 0.201 seconds
[2026-02-04T13:09:12.543+0530] {processor.py:161} INFO - Started process (PID=8716) to work on /opt/airflow/dags/dag_tle_ingestion_only.py
[2026-02-04T13:09:12.546+0530] {processor.py:830} INFO - Processing file /opt/airflow/dags/dag_tle_ingestion_only.py for tasks to queue
[2026-02-04T13:09:12.548+0530] {logging_mixin.py:188} INFO - [2026-02-04T13:09:12.547+0530] {dagbag.py:538} INFO - Filling up the DagBag from /opt/airflow/dags/dag_tle_ingestion_only.py
[2026-02-04T13:09:12.588+0530] {processor.py:840} INFO - DAG(s) 'tle_data_ingestion' retrieved from /opt/airflow/dags/dag_tle_ingestion_only.py
[2026-02-04T13:09:12.646+0530] {logging_mixin.py:188} INFO - [2026-02-04T13:09:12.646+0530] {dag.py:3036} INFO - Sync 1 DAGs
[2026-02-04T13:09:12.703+0530] {logging_mixin.py:188} INFO - [2026-02-04T13:09:12.703+0530] {dag.py:3823} INFO - Setting next_dagrun for tle_data_ingestion to 2026-02-04 07:35:00+00:00, run_after=2026-02-04 07:40:00+00:00
[2026-02-04T13:09:12.739+0530] {processor.py:183} INFO - Processing /opt/airflow/dags/dag_tle_ingestion_only.py took 0.202 seconds
[2026-02-04T13:09:42.921+0530] {processor.py:161} INFO - Started process (PID=8721) to work on /opt/airflow/dags/dag_tle_ingestion_only.py
[2026-02-04T13:09:42.922+0530] {processor.py:830} INFO - Processing file /opt/airflow/dags/dag_tle_ingestion_only.py for tasks to queue
[2026-02-04T13:09:42.924+0530] {logging_mixin.py:188} INFO - [2026-02-04T13:09:42.923+0530] {dagbag.py:538} INFO - Filling up the DagBag from /opt/airflow/dags/dag_tle_ingestion_only.py
[2026-02-04T13:09:42.962+0530] {processor.py:840} INFO - DAG(s) 'tle_data_ingestion' retrieved from /opt/airflow/dags/dag_tle_ingestion_only.py
[2026-02-04T13:09:43.018+0530] {logging_mixin.py:188} INFO - [2026-02-04T13:09:43.017+0530] {dag.py:3036} INFO - Sync 1 DAGs
[2026-02-04T13:09:43.069+0530] {logging_mixin.py:188} INFO - [2026-02-04T13:09:43.069+0530] {dag.py:3823} INFO - Setting next_dagrun for tle_data_ingestion to 2026-02-04 07:35:00+00:00, run_after=2026-02-04 07:40:00+00:00
[2026-02-04T13:09:43.105+0530] {processor.py:183} INFO - Processing /opt/airflow/dags/dag_tle_ingestion_only.py took 0.190 seconds
[2026-02-04T13:10:13.287+0530] {processor.py:161} INFO - Started process (PID=8733) to work on /opt/airflow/dags/dag_tle_ingestion_only.py
[2026-02-04T13:10:13.290+0530] {processor.py:830} INFO - Processing file /opt/airflow/dags/dag_tle_ingestion_only.py for tasks to queue
[2026-02-04T13:10:13.292+0530] {logging_mixin.py:188} INFO - [2026-02-04T13:10:13.291+0530] {dagbag.py:538} INFO - Filling up the DagBag from /opt/airflow/dags/dag_tle_ingestion_only.py
[2026-02-04T13:10:13.329+0530] {processor.py:840} INFO - DAG(s) 'tle_data_ingestion' retrieved from /opt/airflow/dags/dag_tle_ingestion_only.py
[2026-02-04T13:10:13.383+0530] {logging_mixin.py:188} INFO - [2026-02-04T13:10:13.383+0530] {dag.py:3036} INFO - Sync 1 DAGs
[2026-02-04T13:10:13.436+0530] {logging_mixin.py:188} INFO - [2026-02-04T13:10:13.435+0530] {dag.py:3823} INFO - Setting next_dagrun for tle_data_ingestion to 2026-02-04 07:40:00+00:00, run_after=2026-02-04 07:45:00+00:00
[2026-02-04T13:10:13.468+0530] {processor.py:183} INFO - Processing /opt/airflow/dags/dag_tle_ingestion_only.py took 0.187 seconds
[2026-02-04T13:10:43.646+0530] {processor.py:161} INFO - Started process (PID=8738) to work on /opt/airflow/dags/dag_tle_ingestion_only.py
[2026-02-04T13:10:43.647+0530] {processor.py:830} INFO - Processing file /opt/airflow/dags/dag_tle_ingestion_only.py for tasks to queue
[2026-02-04T13:10:43.649+0530] {logging_mixin.py:188} INFO - [2026-02-04T13:10:43.648+0530] {dagbag.py:538} INFO - Filling up the DagBag from /opt/airflow/dags/dag_tle_ingestion_only.py
[2026-02-04T13:10:43.688+0530] {processor.py:840} INFO - DAG(s) 'tle_data_ingestion' retrieved from /opt/airflow/dags/dag_tle_ingestion_only.py
[2026-02-04T13:10:43.743+0530] {logging_mixin.py:188} INFO - [2026-02-04T13:10:43.743+0530] {dag.py:3036} INFO - Sync 1 DAGs
[2026-02-04T13:10:43.795+0530] {logging_mixin.py:188} INFO - [2026-02-04T13:10:43.795+0530] {dag.py:3823} INFO - Setting next_dagrun for tle_data_ingestion to 2026-02-04 07:40:00+00:00, run_after=2026-02-04 07:45:00+00:00
[2026-02-04T13:10:43.829+0530] {processor.py:183} INFO - Processing /opt/airflow/dags/dag_tle_ingestion_only.py took 0.189 seconds
[2026-02-04T13:11:14.002+0530] {processor.py:161} INFO - Started process (PID=8743) to work on /opt/airflow/dags/dag_tle_ingestion_only.py
[2026-02-04T13:11:14.004+0530] {processor.py:830} INFO - Processing file /opt/airflow/dags/dag_tle_ingestion_only.py for tasks to queue
[2026-02-04T13:11:14.006+0530] {logging_mixin.py:188} INFO - [2026-02-04T13:11:14.005+0530] {dagbag.py:538} INFO - Filling up the DagBag from /opt/airflow/dags/dag_tle_ingestion_only.py
[2026-02-04T13:11:14.044+0530] {processor.py:840} INFO - DAG(s) 'tle_data_ingestion' retrieved from /opt/airflow/dags/dag_tle_ingestion_only.py
[2026-02-04T13:11:14.099+0530] {logging_mixin.py:188} INFO - [2026-02-04T13:11:14.099+0530] {dag.py:3036} INFO - Sync 1 DAGs
[2026-02-04T13:11:14.150+0530] {logging_mixin.py:188} INFO - [2026-02-04T13:11:14.150+0530] {dag.py:3823} INFO - Setting next_dagrun for tle_data_ingestion to 2026-02-04 07:40:00+00:00, run_after=2026-02-04 07:45:00+00:00
[2026-02-04T13:11:14.185+0530] {processor.py:183} INFO - Processing /opt/airflow/dags/dag_tle_ingestion_only.py took 0.189 seconds
[2026-02-04T13:11:44.355+0530] {processor.py:161} INFO - Started process (PID=8748) to work on /opt/airflow/dags/dag_tle_ingestion_only.py
[2026-02-04T13:11:44.356+0530] {processor.py:830} INFO - Processing file /opt/airflow/dags/dag_tle_ingestion_only.py for tasks to queue
[2026-02-04T13:11:44.358+0530] {logging_mixin.py:188} INFO - [2026-02-04T13:11:44.357+0530] {dagbag.py:538} INFO - Filling up the DagBag from /opt/airflow/dags/dag_tle_ingestion_only.py
[2026-02-04T13:11:44.396+0530] {processor.py:840} INFO - DAG(s) 'tle_data_ingestion' retrieved from /opt/airflow/dags/dag_tle_ingestion_only.py
[2026-02-04T13:11:44.450+0530] {logging_mixin.py:188} INFO - [2026-02-04T13:11:44.450+0530] {dag.py:3036} INFO - Sync 1 DAGs
[2026-02-04T13:11:44.506+0530] {logging_mixin.py:188} INFO - [2026-02-04T13:11:44.506+0530] {dag.py:3823} INFO - Setting next_dagrun for tle_data_ingestion to 2026-02-04 07:40:00+00:00, run_after=2026-02-04 07:45:00+00:00
[2026-02-04T13:11:44.539+0530] {processor.py:183} INFO - Processing /opt/airflow/dags/dag_tle_ingestion_only.py took 0.189 seconds
[2026-02-04T13:12:14.715+0530] {processor.py:161} INFO - Started process (PID=8753) to work on /opt/airflow/dags/dag_tle_ingestion_only.py
[2026-02-04T13:12:14.719+0530] {processor.py:830} INFO - Processing file /opt/airflow/dags/dag_tle_ingestion_only.py for tasks to queue
[2026-02-04T13:12:14.720+0530] {logging_mixin.py:188} INFO - [2026-02-04T13:12:14.719+0530] {dagbag.py:538} INFO - Filling up the DagBag from /opt/airflow/dags/dag_tle_ingestion_only.py
[2026-02-04T13:12:14.760+0530] {processor.py:840} INFO - DAG(s) 'tle_data_ingestion' retrieved from /opt/airflow/dags/dag_tle_ingestion_only.py
[2026-02-04T13:12:14.815+0530] {logging_mixin.py:188} INFO - [2026-02-04T13:12:14.815+0530] {dag.py:3036} INFO - Sync 1 DAGs
[2026-02-04T13:12:14.868+0530] {logging_mixin.py:188} INFO - [2026-02-04T13:12:14.868+0530] {dag.py:3823} INFO - Setting next_dagrun for tle_data_ingestion to 2026-02-04 07:40:00+00:00, run_after=2026-02-04 07:45:00+00:00
[2026-02-04T13:12:14.901+0530] {processor.py:183} INFO - Processing /opt/airflow/dags/dag_tle_ingestion_only.py took 0.192 seconds
[2026-02-04T13:12:45.078+0530] {processor.py:161} INFO - Started process (PID=8758) to work on /opt/airflow/dags/dag_tle_ingestion_only.py
[2026-02-04T13:12:45.079+0530] {processor.py:830} INFO - Processing file /opt/airflow/dags/dag_tle_ingestion_only.py for tasks to queue
[2026-02-04T13:12:45.081+0530] {logging_mixin.py:188} INFO - [2026-02-04T13:12:45.080+0530] {dagbag.py:538} INFO - Filling up the DagBag from /opt/airflow/dags/dag_tle_ingestion_only.py
[2026-02-04T13:12:45.122+0530] {processor.py:840} INFO - DAG(s) 'tle_data_ingestion' retrieved from /opt/airflow/dags/dag_tle_ingestion_only.py
[2026-02-04T13:12:45.182+0530] {logging_mixin.py:188} INFO - [2026-02-04T13:12:45.181+0530] {dag.py:3036} INFO - Sync 1 DAGs
[2026-02-04T13:12:45.236+0530] {logging_mixin.py:188} INFO - [2026-02-04T13:12:45.235+0530] {dag.py:3823} INFO - Setting next_dagrun for tle_data_ingestion to 2026-02-04 07:40:00+00:00, run_after=2026-02-04 07:45:00+00:00
[2026-02-04T13:12:45.271+0530] {processor.py:183} INFO - Processing /opt/airflow/dags/dag_tle_ingestion_only.py took 0.200 seconds
[2026-02-04T13:13:15.450+0530] {processor.py:161} INFO - Started process (PID=8763) to work on /opt/airflow/dags/dag_tle_ingestion_only.py
[2026-02-04T13:13:15.453+0530] {processor.py:830} INFO - Processing file /opt/airflow/dags/dag_tle_ingestion_only.py for tasks to queue
[2026-02-04T13:13:15.455+0530] {logging_mixin.py:188} INFO - [2026-02-04T13:13:15.454+0530] {dagbag.py:538} INFO - Filling up the DagBag from /opt/airflow/dags/dag_tle_ingestion_only.py
[2026-02-04T13:13:15.495+0530] {processor.py:840} INFO - DAG(s) 'tle_data_ingestion' retrieved from /opt/airflow/dags/dag_tle_ingestion_only.py
[2026-02-04T13:13:15.555+0530] {logging_mixin.py:188} INFO - [2026-02-04T13:13:15.554+0530] {dag.py:3036} INFO - Sync 1 DAGs
[2026-02-04T13:13:15.616+0530] {logging_mixin.py:188} INFO - [2026-02-04T13:13:15.615+0530] {dag.py:3823} INFO - Setting next_dagrun for tle_data_ingestion to 2026-02-04 07:40:00+00:00, run_after=2026-02-04 07:45:00+00:00
[2026-02-04T13:13:15.650+0530] {processor.py:183} INFO - Processing /opt/airflow/dags/dag_tle_ingestion_only.py took 0.206 seconds
[2026-02-04T13:13:45.832+0530] {processor.py:161} INFO - Started process (PID=8768) to work on /opt/airflow/dags/dag_tle_ingestion_only.py
[2026-02-04T13:13:45.833+0530] {processor.py:830} INFO - Processing file /opt/airflow/dags/dag_tle_ingestion_only.py for tasks to queue
[2026-02-04T13:13:45.835+0530] {logging_mixin.py:188} INFO - [2026-02-04T13:13:45.834+0530] {dagbag.py:538} INFO - Filling up the DagBag from /opt/airflow/dags/dag_tle_ingestion_only.py
[2026-02-04T13:13:45.875+0530] {processor.py:840} INFO - DAG(s) 'tle_data_ingestion' retrieved from /opt/airflow/dags/dag_tle_ingestion_only.py
[2026-02-04T13:13:45.930+0530] {logging_mixin.py:188} INFO - [2026-02-04T13:13:45.930+0530] {dag.py:3036} INFO - Sync 1 DAGs
[2026-02-04T13:13:46.109+0530] {logging_mixin.py:188} INFO - [2026-02-04T13:13:46.108+0530] {dag.py:3823} INFO - Setting next_dagrun for tle_data_ingestion to 2026-02-04 07:40:00+00:00, run_after=2026-02-04 07:45:00+00:00
[2026-02-04T13:13:46.140+0530] {processor.py:183} INFO - Processing /opt/airflow/dags/dag_tle_ingestion_only.py took 0.315 seconds
[2026-02-04T13:14:16.326+0530] {processor.py:161} INFO - Started process (PID=8773) to work on /opt/airflow/dags/dag_tle_ingestion_only.py
[2026-02-04T13:14:16.328+0530] {processor.py:830} INFO - Processing file /opt/airflow/dags/dag_tle_ingestion_only.py for tasks to queue
[2026-02-04T13:14:16.330+0530] {logging_mixin.py:188} INFO - [2026-02-04T13:14:16.329+0530] {dagbag.py:538} INFO - Filling up the DagBag from /opt/airflow/dags/dag_tle_ingestion_only.py
[2026-02-04T13:14:16.374+0530] {processor.py:840} INFO - DAG(s) 'tle_data_ingestion' retrieved from /opt/airflow/dags/dag_tle_ingestion_only.py
[2026-02-04T13:14:16.433+0530] {logging_mixin.py:188} INFO - [2026-02-04T13:14:16.433+0530] {dag.py:3036} INFO - Sync 1 DAGs
[2026-02-04T13:14:16.485+0530] {logging_mixin.py:188} INFO - [2026-02-04T13:14:16.485+0530] {dag.py:3823} INFO - Setting next_dagrun for tle_data_ingestion to 2026-02-04 07:40:00+00:00, run_after=2026-02-04 07:45:00+00:00
[2026-02-04T13:14:16.522+0530] {processor.py:183} INFO - Processing /opt/airflow/dags/dag_tle_ingestion_only.py took 0.204 seconds
[2026-02-04T13:14:46.691+0530] {processor.py:161} INFO - Started process (PID=8778) to work on /opt/airflow/dags/dag_tle_ingestion_only.py
[2026-02-04T13:14:46.692+0530] {processor.py:830} INFO - Processing file /opt/airflow/dags/dag_tle_ingestion_only.py for tasks to queue
[2026-02-04T13:14:46.693+0530] {logging_mixin.py:188} INFO - [2026-02-04T13:14:46.693+0530] {dagbag.py:538} INFO - Filling up the DagBag from /opt/airflow/dags/dag_tle_ingestion_only.py
[2026-02-04T13:14:46.726+0530] {processor.py:840} INFO - DAG(s) 'tle_data_ingestion' retrieved from /opt/airflow/dags/dag_tle_ingestion_only.py
[2026-02-04T13:14:46.778+0530] {logging_mixin.py:188} INFO - [2026-02-04T13:14:46.778+0530] {dag.py:3036} INFO - Sync 1 DAGs
[2026-02-04T13:14:46.834+0530] {logging_mixin.py:188} INFO - [2026-02-04T13:14:46.834+0530] {dag.py:3823} INFO - Setting next_dagrun for tle_data_ingestion to 2026-02-04 07:40:00+00:00, run_after=2026-02-04 07:45:00+00:00
[2026-02-04T13:14:46.871+0530] {processor.py:183} INFO - Processing /opt/airflow/dags/dag_tle_ingestion_only.py took 0.185 seconds
[2026-02-04T13:15:17.044+0530] {processor.py:161} INFO - Started process (PID=8790) to work on /opt/airflow/dags/dag_tle_ingestion_only.py
[2026-02-04T13:15:17.047+0530] {processor.py:830} INFO - Processing file /opt/airflow/dags/dag_tle_ingestion_only.py for tasks to queue
[2026-02-04T13:15:17.049+0530] {logging_mixin.py:188} INFO - [2026-02-04T13:15:17.048+0530] {dagbag.py:538} INFO - Filling up the DagBag from /opt/airflow/dags/dag_tle_ingestion_only.py
[2026-02-04T13:15:17.090+0530] {processor.py:840} INFO - DAG(s) 'tle_data_ingestion' retrieved from /opt/airflow/dags/dag_tle_ingestion_only.py
[2026-02-04T13:15:17.146+0530] {logging_mixin.py:188} INFO - [2026-02-04T13:15:17.146+0530] {dag.py:3036} INFO - Sync 1 DAGs
[2026-02-04T13:15:17.235+0530] {processor.py:183} INFO - Processing /opt/airflow/dags/dag_tle_ingestion_only.py took 0.197 seconds
[2026-02-04T13:15:47.408+0530] {processor.py:161} INFO - Started process (PID=8795) to work on /opt/airflow/dags/dag_tle_ingestion_only.py
[2026-02-04T13:15:47.410+0530] {processor.py:830} INFO - Processing file /opt/airflow/dags/dag_tle_ingestion_only.py for tasks to queue
[2026-02-04T13:15:47.411+0530] {logging_mixin.py:188} INFO - [2026-02-04T13:15:47.411+0530] {dagbag.py:538} INFO - Filling up the DagBag from /opt/airflow/dags/dag_tle_ingestion_only.py
[2026-02-04T13:15:47.453+0530] {processor.py:840} INFO - DAG(s) 'tle_data_ingestion' retrieved from /opt/airflow/dags/dag_tle_ingestion_only.py
[2026-02-04T13:15:47.507+0530] {logging_mixin.py:188} INFO - [2026-02-04T13:15:47.507+0530] {dag.py:3036} INFO - Sync 1 DAGs
[2026-02-04T13:15:47.594+0530] {processor.py:183} INFO - Processing /opt/airflow/dags/dag_tle_ingestion_only.py took 0.193 seconds
[2026-02-04T13:16:17.773+0530] {processor.py:161} INFO - Started process (PID=8800) to work on /opt/airflow/dags/dag_tle_ingestion_only.py
[2026-02-04T13:16:17.774+0530] {processor.py:830} INFO - Processing file /opt/airflow/dags/dag_tle_ingestion_only.py for tasks to queue
[2026-02-04T13:16:17.776+0530] {logging_mixin.py:188} INFO - [2026-02-04T13:16:17.775+0530] {dagbag.py:538} INFO - Filling up the DagBag from /opt/airflow/dags/dag_tle_ingestion_only.py
[2026-02-04T13:16:17.816+0530] {processor.py:840} INFO - DAG(s) 'tle_data_ingestion' retrieved from /opt/airflow/dags/dag_tle_ingestion_only.py
[2026-02-04T13:16:17.874+0530] {logging_mixin.py:188} INFO - [2026-02-04T13:16:17.874+0530] {dag.py:3036} INFO - Sync 1 DAGs
[2026-02-04T13:16:17.960+0530] {processor.py:183} INFO - Processing /opt/airflow/dags/dag_tle_ingestion_only.py took 0.194 seconds
[2026-02-04T13:16:48.137+0530] {processor.py:161} INFO - Started process (PID=8805) to work on /opt/airflow/dags/dag_tle_ingestion_only.py
[2026-02-04T13:16:48.140+0530] {processor.py:830} INFO - Processing file /opt/airflow/dags/dag_tle_ingestion_only.py for tasks to queue
[2026-02-04T13:16:48.142+0530] {logging_mixin.py:188} INFO - [2026-02-04T13:16:48.141+0530] {dagbag.py:538} INFO - Filling up the DagBag from /opt/airflow/dags/dag_tle_ingestion_only.py
[2026-02-04T13:16:48.182+0530] {processor.py:840} INFO - DAG(s) 'tle_data_ingestion' retrieved from /opt/airflow/dags/dag_tle_ingestion_only.py
[2026-02-04T13:16:48.245+0530] {logging_mixin.py:188} INFO - [2026-02-04T13:16:48.245+0530] {dag.py:3036} INFO - Sync 1 DAGs
[2026-02-04T13:16:48.455+0530] {processor.py:183} INFO - Processing /opt/airflow/dags/dag_tle_ingestion_only.py took 0.324 seconds
[2026-02-04T13:17:18.625+0530] {processor.py:161} INFO - Started process (PID=8810) to work on /opt/airflow/dags/dag_tle_ingestion_only.py
[2026-02-04T13:17:18.626+0530] {processor.py:830} INFO - Processing file /opt/airflow/dags/dag_tle_ingestion_only.py for tasks to queue
[2026-02-04T13:17:18.628+0530] {logging_mixin.py:188} INFO - [2026-02-04T13:17:18.627+0530] {dagbag.py:538} INFO - Filling up the DagBag from /opt/airflow/dags/dag_tle_ingestion_only.py
[2026-02-04T13:17:18.669+0530] {processor.py:840} INFO - DAG(s) 'tle_data_ingestion' retrieved from /opt/airflow/dags/dag_tle_ingestion_only.py
[2026-02-04T13:17:18.716+0530] {logging_mixin.py:188} INFO - [2026-02-04T13:17:18.715+0530] {dag.py:3036} INFO - Sync 1 DAGs
[2026-02-04T13:17:18.885+0530] {processor.py:183} INFO - Processing /opt/airflow/dags/dag_tle_ingestion_only.py took 0.265 seconds
[2026-02-04T13:17:49.063+0530] {processor.py:161} INFO - Started process (PID=8815) to work on /opt/airflow/dags/dag_tle_ingestion_only.py
[2026-02-04T13:17:49.066+0530] {processor.py:830} INFO - Processing file /opt/airflow/dags/dag_tle_ingestion_only.py for tasks to queue
[2026-02-04T13:17:49.068+0530] {logging_mixin.py:188} INFO - [2026-02-04T13:17:49.067+0530] {dagbag.py:538} INFO - Filling up the DagBag from /opt/airflow/dags/dag_tle_ingestion_only.py
[2026-02-04T13:17:49.106+0530] {processor.py:840} INFO - DAG(s) 'tle_data_ingestion' retrieved from /opt/airflow/dags/dag_tle_ingestion_only.py
[2026-02-04T13:17:49.162+0530] {logging_mixin.py:188} INFO - [2026-02-04T13:17:49.161+0530] {dag.py:3036} INFO - Sync 1 DAGs
[2026-02-04T13:17:49.240+0530] {processor.py:183} INFO - Processing /opt/airflow/dags/dag_tle_ingestion_only.py took 0.184 seconds
[2026-02-04T13:18:19.423+0530] {processor.py:161} INFO - Started process (PID=8820) to work on /opt/airflow/dags/dag_tle_ingestion_only.py
[2026-02-04T13:18:19.425+0530] {processor.py:830} INFO - Processing file /opt/airflow/dags/dag_tle_ingestion_only.py for tasks to queue
[2026-02-04T13:18:19.426+0530] {logging_mixin.py:188} INFO - [2026-02-04T13:18:19.425+0530] {dagbag.py:538} INFO - Filling up the DagBag from /opt/airflow/dags/dag_tle_ingestion_only.py
[2026-02-04T13:18:19.467+0530] {processor.py:840} INFO - DAG(s) 'tle_data_ingestion' retrieved from /opt/airflow/dags/dag_tle_ingestion_only.py
[2026-02-04T13:18:19.527+0530] {logging_mixin.py:188} INFO - [2026-02-04T13:18:19.527+0530] {dag.py:3036} INFO - Sync 1 DAGs
[2026-02-04T13:18:19.610+0530] {processor.py:183} INFO - Processing /opt/airflow/dags/dag_tle_ingestion_only.py took 0.191 seconds
[2026-02-04T13:18:49.783+0530] {processor.py:161} INFO - Started process (PID=8825) to work on /opt/airflow/dags/dag_tle_ingestion_only.py
[2026-02-04T13:18:49.786+0530] {processor.py:830} INFO - Processing file /opt/airflow/dags/dag_tle_ingestion_only.py for tasks to queue
[2026-02-04T13:18:49.788+0530] {logging_mixin.py:188} INFO - [2026-02-04T13:18:49.787+0530] {dagbag.py:538} INFO - Filling up the DagBag from /opt/airflow/dags/dag_tle_ingestion_only.py
[2026-02-04T13:18:49.829+0530] {processor.py:840} INFO - DAG(s) 'tle_data_ingestion' retrieved from /opt/airflow/dags/dag_tle_ingestion_only.py
[2026-02-04T13:18:49.887+0530] {logging_mixin.py:188} INFO - [2026-02-04T13:18:49.887+0530] {dag.py:3036} INFO - Sync 1 DAGs
[2026-02-04T13:18:49.970+0530] {processor.py:183} INFO - Processing /opt/airflow/dags/dag_tle_ingestion_only.py took 0.194 seconds
[2026-02-04T13:19:20.148+0530] {processor.py:161} INFO - Started process (PID=8830) to work on /opt/airflow/dags/dag_tle_ingestion_only.py
[2026-02-04T13:19:20.149+0530] {processor.py:830} INFO - Processing file /opt/airflow/dags/dag_tle_ingestion_only.py for tasks to queue
[2026-02-04T13:19:20.151+0530] {logging_mixin.py:188} INFO - [2026-02-04T13:19:20.150+0530] {dagbag.py:538} INFO - Filling up the DagBag from /opt/airflow/dags/dag_tle_ingestion_only.py
[2026-02-04T13:19:20.192+0530] {processor.py:840} INFO - DAG(s) 'tle_data_ingestion' retrieved from /opt/airflow/dags/dag_tle_ingestion_only.py
[2026-02-04T13:19:20.241+0530] {logging_mixin.py:188} INFO - [2026-02-04T13:19:20.241+0530] {dag.py:3036} INFO - Sync 1 DAGs
[2026-02-04T13:19:20.306+0530] {processor.py:183} INFO - Processing /opt/airflow/dags/dag_tle_ingestion_only.py took 0.165 seconds
[2026-02-04T13:19:50.516+0530] {processor.py:161} INFO - Started process (PID=8835) to work on /opt/airflow/dags/dag_tle_ingestion_only.py
[2026-02-04T13:19:50.519+0530] {processor.py:830} INFO - Processing file /opt/airflow/dags/dag_tle_ingestion_only.py for tasks to queue
[2026-02-04T13:19:50.521+0530] {logging_mixin.py:188} INFO - [2026-02-04T13:19:50.521+0530] {dagbag.py:538} INFO - Filling up the DagBag from /opt/airflow/dags/dag_tle_ingestion_only.py
[2026-02-04T13:19:50.566+0530] {processor.py:840} INFO - DAG(s) 'tle_data_ingestion' retrieved from /opt/airflow/dags/dag_tle_ingestion_only.py
[2026-02-04T13:19:50.626+0530] {logging_mixin.py:188} INFO - [2026-02-04T13:19:50.625+0530] {dag.py:3036} INFO - Sync 1 DAGs
[2026-02-04T13:19:50.706+0530] {processor.py:183} INFO - Processing /opt/airflow/dags/dag_tle_ingestion_only.py took 0.197 seconds
[2026-02-04T13:20:20.886+0530] {processor.py:161} INFO - Started process (PID=8840) to work on /opt/airflow/dags/dag_tle_ingestion_only.py
[2026-02-04T13:20:20.887+0530] {processor.py:830} INFO - Processing file /opt/airflow/dags/dag_tle_ingestion_only.py for tasks to queue
[2026-02-04T13:20:20.889+0530] {logging_mixin.py:188} INFO - [2026-02-04T13:20:20.888+0530] {dagbag.py:538} INFO - Filling up the DagBag from /opt/airflow/dags/dag_tle_ingestion_only.py
[2026-02-04T13:20:20.933+0530] {processor.py:840} INFO - DAG(s) 'tle_data_ingestion' retrieved from /opt/airflow/dags/dag_tle_ingestion_only.py
[2026-02-04T13:20:20.992+0530] {logging_mixin.py:188} INFO - [2026-02-04T13:20:20.992+0530] {dag.py:3036} INFO - Sync 1 DAGs
[2026-02-04T13:20:21.079+0530] {processor.py:183} INFO - Processing /opt/airflow/dags/dag_tle_ingestion_only.py took 0.201 seconds
[2026-02-04T13:20:51.258+0530] {processor.py:161} INFO - Started process (PID=8845) to work on /opt/airflow/dags/dag_tle_ingestion_only.py
[2026-02-04T13:20:51.261+0530] {processor.py:830} INFO - Processing file /opt/airflow/dags/dag_tle_ingestion_only.py for tasks to queue
[2026-02-04T13:20:51.263+0530] {logging_mixin.py:188} INFO - [2026-02-04T13:20:51.262+0530] {dagbag.py:538} INFO - Filling up the DagBag from /opt/airflow/dags/dag_tle_ingestion_only.py
[2026-02-04T13:20:51.303+0530] {processor.py:840} INFO - DAG(s) 'tle_data_ingestion' retrieved from /opt/airflow/dags/dag_tle_ingestion_only.py
[2026-02-04T13:20:51.364+0530] {logging_mixin.py:188} INFO - [2026-02-04T13:20:51.364+0530] {dag.py:3036} INFO - Sync 1 DAGs
[2026-02-04T13:20:51.449+0530] {processor.py:183} INFO - Processing /opt/airflow/dags/dag_tle_ingestion_only.py took 0.197 seconds
[2026-02-04T13:21:21.624+0530] {processor.py:161} INFO - Started process (PID=8850) to work on /opt/airflow/dags/dag_tle_ingestion_only.py
[2026-02-04T13:21:21.625+0530] {processor.py:830} INFO - Processing file /opt/airflow/dags/dag_tle_ingestion_only.py for tasks to queue
[2026-02-04T13:21:21.627+0530] {logging_mixin.py:188} INFO - [2026-02-04T13:21:21.626+0530] {dagbag.py:538} INFO - Filling up the DagBag from /opt/airflow/dags/dag_tle_ingestion_only.py
[2026-02-04T13:21:21.660+0530] {processor.py:840} INFO - DAG(s) 'tle_data_ingestion' retrieved from /opt/airflow/dags/dag_tle_ingestion_only.py
[2026-02-04T13:21:21.712+0530] {logging_mixin.py:188} INFO - [2026-02-04T13:21:21.712+0530] {dag.py:3036} INFO - Sync 1 DAGs
[2026-02-04T13:21:21.789+0530] {processor.py:183} INFO - Processing /opt/airflow/dags/dag_tle_ingestion_only.py took 0.170 seconds
[2026-02-04T13:21:51.963+0530] {processor.py:161} INFO - Started process (PID=8855) to work on /opt/airflow/dags/dag_tle_ingestion_only.py
[2026-02-04T13:21:51.964+0530] {processor.py:830} INFO - Processing file /opt/airflow/dags/dag_tle_ingestion_only.py for tasks to queue
[2026-02-04T13:21:51.966+0530] {logging_mixin.py:188} INFO - [2026-02-04T13:21:51.965+0530] {dagbag.py:538} INFO - Filling up the DagBag from /opt/airflow/dags/dag_tle_ingestion_only.py
[2026-02-04T13:21:52.006+0530] {processor.py:840} INFO - DAG(s) 'tle_data_ingestion' retrieved from /opt/airflow/dags/dag_tle_ingestion_only.py
[2026-02-04T13:21:52.060+0530] {logging_mixin.py:188} INFO - [2026-02-04T13:21:52.059+0530] {dag.py:3036} INFO - Sync 1 DAGs
[2026-02-04T13:21:52.134+0530] {processor.py:183} INFO - Processing /opt/airflow/dags/dag_tle_ingestion_only.py took 0.178 seconds
[2026-02-04T13:22:22.307+0530] {processor.py:161} INFO - Started process (PID=8860) to work on /opt/airflow/dags/dag_tle_ingestion_only.py
[2026-02-04T13:22:22.308+0530] {processor.py:830} INFO - Processing file /opt/airflow/dags/dag_tle_ingestion_only.py for tasks to queue
[2026-02-04T13:22:22.309+0530] {logging_mixin.py:188} INFO - [2026-02-04T13:22:22.309+0530] {dagbag.py:538} INFO - Filling up the DagBag from /opt/airflow/dags/dag_tle_ingestion_only.py
[2026-02-04T13:22:22.350+0530] {processor.py:840} INFO - DAG(s) 'tle_data_ingestion' retrieved from /opt/airflow/dags/dag_tle_ingestion_only.py
[2026-02-04T13:22:22.407+0530] {logging_mixin.py:188} INFO - [2026-02-04T13:22:22.407+0530] {dag.py:3036} INFO - Sync 1 DAGs
[2026-02-04T13:22:22.523+0530] {processor.py:183} INFO - Processing /opt/airflow/dags/dag_tle_ingestion_only.py took 0.222 seconds
[2026-02-04T13:22:52.694+0530] {processor.py:161} INFO - Started process (PID=8865) to work on /opt/airflow/dags/dag_tle_ingestion_only.py
[2026-02-04T13:22:52.697+0530] {processor.py:830} INFO - Processing file /opt/airflow/dags/dag_tle_ingestion_only.py for tasks to queue
[2026-02-04T13:22:52.698+0530] {logging_mixin.py:188} INFO - [2026-02-04T13:22:52.698+0530] {dagbag.py:538} INFO - Filling up the DagBag from /opt/airflow/dags/dag_tle_ingestion_only.py
[2026-02-04T13:22:52.734+0530] {processor.py:840} INFO - DAG(s) 'tle_data_ingestion' retrieved from /opt/airflow/dags/dag_tle_ingestion_only.py
[2026-02-04T13:22:52.785+0530] {logging_mixin.py:188} INFO - [2026-02-04T13:22:52.785+0530] {dag.py:3036} INFO - Sync 1 DAGs
[2026-02-04T13:22:52.856+0530] {processor.py:183} INFO - Processing /opt/airflow/dags/dag_tle_ingestion_only.py took 0.168 seconds
[2026-02-04T13:23:23.013+0530] {processor.py:161} INFO - Started process (PID=8870) to work on /opt/airflow/dags/dag_tle_ingestion_only.py
[2026-02-04T13:23:23.014+0530] {processor.py:830} INFO - Processing file /opt/airflow/dags/dag_tle_ingestion_only.py for tasks to queue
[2026-02-04T13:23:23.015+0530] {logging_mixin.py:188} INFO - [2026-02-04T13:23:23.015+0530] {dagbag.py:538} INFO - Filling up the DagBag from /opt/airflow/dags/dag_tle_ingestion_only.py
[2026-02-04T13:23:23.050+0530] {processor.py:840} INFO - DAG(s) 'tle_data_ingestion' retrieved from /opt/airflow/dags/dag_tle_ingestion_only.py
[2026-02-04T13:23:23.101+0530] {logging_mixin.py:188} INFO - [2026-02-04T13:23:23.100+0530] {dag.py:3036} INFO - Sync 1 DAGs
[2026-02-04T13:23:23.172+0530] {processor.py:183} INFO - Processing /opt/airflow/dags/dag_tle_ingestion_only.py took 0.164 seconds
[2026-02-04T13:23:53.346+0530] {processor.py:161} INFO - Started process (PID=8875) to work on /opt/airflow/dags/dag_tle_ingestion_only.py
[2026-02-04T13:23:53.349+0530] {processor.py:830} INFO - Processing file /opt/airflow/dags/dag_tle_ingestion_only.py for tasks to queue
[2026-02-04T13:23:53.351+0530] {logging_mixin.py:188} INFO - [2026-02-04T13:23:53.350+0530] {dagbag.py:538} INFO - Filling up the DagBag from /opt/airflow/dags/dag_tle_ingestion_only.py
[2026-02-04T13:23:53.390+0530] {processor.py:840} INFO - DAG(s) 'tle_data_ingestion' retrieved from /opt/airflow/dags/dag_tle_ingestion_only.py
[2026-02-04T13:23:53.447+0530] {logging_mixin.py:188} INFO - [2026-02-04T13:23:53.447+0530] {dag.py:3036} INFO - Sync 1 DAGs
[2026-02-04T13:23:53.526+0530] {processor.py:183} INFO - Processing /opt/airflow/dags/dag_tle_ingestion_only.py took 0.186 seconds
[2026-02-04T13:24:23.695+0530] {processor.py:161} INFO - Started process (PID=8880) to work on /opt/airflow/dags/dag_tle_ingestion_only.py
[2026-02-04T13:24:23.696+0530] {processor.py:830} INFO - Processing file /opt/airflow/dags/dag_tle_ingestion_only.py for tasks to queue
[2026-02-04T13:24:23.698+0530] {logging_mixin.py:188} INFO - [2026-02-04T13:24:23.697+0530] {dagbag.py:538} INFO - Filling up the DagBag from /opt/airflow/dags/dag_tle_ingestion_only.py
[2026-02-04T13:24:23.737+0530] {processor.py:840} INFO - DAG(s) 'tle_data_ingestion' retrieved from /opt/airflow/dags/dag_tle_ingestion_only.py
[2026-02-04T13:24:23.793+0530] {logging_mixin.py:188} INFO - [2026-02-04T13:24:23.793+0530] {dag.py:3036} INFO - Sync 1 DAGs
[2026-02-04T13:24:23.873+0530] {processor.py:183} INFO - Processing /opt/airflow/dags/dag_tle_ingestion_only.py took 0.184 seconds
[2026-02-04T13:24:54.047+0530] {processor.py:161} INFO - Started process (PID=8885) to work on /opt/airflow/dags/dag_tle_ingestion_only.py
[2026-02-04T13:24:54.048+0530] {processor.py:830} INFO - Processing file /opt/airflow/dags/dag_tle_ingestion_only.py for tasks to queue
[2026-02-04T13:24:54.049+0530] {logging_mixin.py:188} INFO - [2026-02-04T13:24:54.049+0530] {dagbag.py:538} INFO - Filling up the DagBag from /opt/airflow/dags/dag_tle_ingestion_only.py
[2026-02-04T13:24:54.081+0530] {processor.py:840} INFO - DAG(s) 'tle_data_ingestion' retrieved from /opt/airflow/dags/dag_tle_ingestion_only.py
[2026-02-04T13:24:54.125+0530] {logging_mixin.py:188} INFO - [2026-02-04T13:24:54.124+0530] {dag.py:3036} INFO - Sync 1 DAGs
[2026-02-04T13:24:54.189+0530] {processor.py:183} INFO - Processing /opt/airflow/dags/dag_tle_ingestion_only.py took 0.148 seconds
[2026-02-04T13:25:24.355+0530] {processor.py:161} INFO - Started process (PID=8890) to work on /opt/airflow/dags/dag_tle_ingestion_only.py
[2026-02-04T13:25:24.356+0530] {processor.py:830} INFO - Processing file /opt/airflow/dags/dag_tle_ingestion_only.py for tasks to queue
[2026-02-04T13:25:24.358+0530] {logging_mixin.py:188} INFO - [2026-02-04T13:25:24.357+0530] {dagbag.py:538} INFO - Filling up the DagBag from /opt/airflow/dags/dag_tle_ingestion_only.py
[2026-02-04T13:25:24.397+0530] {processor.py:840} INFO - DAG(s) 'tle_data_ingestion' retrieved from /opt/airflow/dags/dag_tle_ingestion_only.py
[2026-02-04T13:25:24.455+0530] {logging_mixin.py:188} INFO - [2026-02-04T13:25:24.454+0530] {dag.py:3036} INFO - Sync 1 DAGs
[2026-02-04T13:25:24.662+0530] {processor.py:183} INFO - Processing /opt/airflow/dags/dag_tle_ingestion_only.py took 0.312 seconds
[2026-02-04T13:25:54.837+0530] {processor.py:161} INFO - Started process (PID=8895) to work on /opt/airflow/dags/dag_tle_ingestion_only.py
[2026-02-04T13:25:54.840+0530] {processor.py:830} INFO - Processing file /opt/airflow/dags/dag_tle_ingestion_only.py for tasks to queue
[2026-02-04T13:25:54.841+0530] {logging_mixin.py:188} INFO - [2026-02-04T13:25:54.840+0530] {dagbag.py:538} INFO - Filling up the DagBag from /opt/airflow/dags/dag_tle_ingestion_only.py
[2026-02-04T13:25:54.874+0530] {processor.py:840} INFO - DAG(s) 'tle_data_ingestion' retrieved from /opt/airflow/dags/dag_tle_ingestion_only.py
[2026-02-04T13:25:54.924+0530] {logging_mixin.py:188} INFO - [2026-02-04T13:25:54.924+0530] {dag.py:3036} INFO - Sync 1 DAGs
[2026-02-04T13:25:54.994+0530] {processor.py:183} INFO - Processing /opt/airflow/dags/dag_tle_ingestion_only.py took 0.163 seconds
[2026-02-04T13:26:25.175+0530] {processor.py:161} INFO - Started process (PID=8900) to work on /opt/airflow/dags/dag_tle_ingestion_only.py
[2026-02-04T13:26:25.180+0530] {processor.py:830} INFO - Processing file /opt/airflow/dags/dag_tle_ingestion_only.py for tasks to queue
[2026-02-04T13:26:25.182+0530] {logging_mixin.py:188} INFO - [2026-02-04T13:26:25.181+0530] {dagbag.py:538} INFO - Filling up the DagBag from /opt/airflow/dags/dag_tle_ingestion_only.py
[2026-02-04T13:26:25.222+0530] {processor.py:840} INFO - DAG(s) 'tle_data_ingestion' retrieved from /opt/airflow/dags/dag_tle_ingestion_only.py
[2026-02-04T13:26:25.278+0530] {logging_mixin.py:188} INFO - [2026-02-04T13:26:25.278+0530] {dag.py:3036} INFO - Sync 1 DAGs
[2026-02-04T13:26:25.362+0530] {processor.py:183} INFO - Processing /opt/airflow/dags/dag_tle_ingestion_only.py took 0.193 seconds
[2026-02-04T13:26:55.541+0530] {processor.py:161} INFO - Started process (PID=8905) to work on /opt/airflow/dags/dag_tle_ingestion_only.py
[2026-02-04T13:26:55.542+0530] {processor.py:830} INFO - Processing file /opt/airflow/dags/dag_tle_ingestion_only.py for tasks to queue
[2026-02-04T13:26:55.544+0530] {logging_mixin.py:188} INFO - [2026-02-04T13:26:55.543+0530] {dagbag.py:538} INFO - Filling up the DagBag from /opt/airflow/dags/dag_tle_ingestion_only.py
[2026-02-04T13:26:55.584+0530] {processor.py:840} INFO - DAG(s) 'tle_data_ingestion' retrieved from /opt/airflow/dags/dag_tle_ingestion_only.py
[2026-02-04T13:26:55.640+0530] {logging_mixin.py:188} INFO - [2026-02-04T13:26:55.640+0530] {dag.py:3036} INFO - Sync 1 DAGs
[2026-02-04T13:26:55.718+0530] {processor.py:183} INFO - Processing /opt/airflow/dags/dag_tle_ingestion_only.py took 0.183 seconds
[2026-02-04T13:27:25.897+0530] {processor.py:161} INFO - Started process (PID=8910) to work on /opt/airflow/dags/dag_tle_ingestion_only.py
[2026-02-04T13:27:25.899+0530] {processor.py:830} INFO - Processing file /opt/airflow/dags/dag_tle_ingestion_only.py for tasks to queue
[2026-02-04T13:27:25.900+0530] {logging_mixin.py:188} INFO - [2026-02-04T13:27:25.900+0530] {dagbag.py:538} INFO - Filling up the DagBag from /opt/airflow/dags/dag_tle_ingestion_only.py
[2026-02-04T13:27:25.946+0530] {processor.py:840} INFO - DAG(s) 'tle_data_ingestion' retrieved from /opt/airflow/dags/dag_tle_ingestion_only.py
[2026-02-04T13:27:25.997+0530] {logging_mixin.py:188} INFO - [2026-02-04T13:27:25.997+0530] {dag.py:3036} INFO - Sync 1 DAGs
[2026-02-04T13:27:26.079+0530] {processor.py:183} INFO - Processing /opt/airflow/dags/dag_tle_ingestion_only.py took 0.188 seconds
[2026-02-04T13:27:56.243+0530] {processor.py:161} INFO - Started process (PID=8915) to work on /opt/airflow/dags/dag_tle_ingestion_only.py
[2026-02-04T13:27:56.244+0530] {processor.py:830} INFO - Processing file /opt/airflow/dags/dag_tle_ingestion_only.py for tasks to queue
[2026-02-04T13:27:56.246+0530] {logging_mixin.py:188} INFO - [2026-02-04T13:27:56.245+0530] {dagbag.py:538} INFO - Filling up the DagBag from /opt/airflow/dags/dag_tle_ingestion_only.py
[2026-02-04T13:27:56.285+0530] {processor.py:840} INFO - DAG(s) 'tle_data_ingestion' retrieved from /opt/airflow/dags/dag_tle_ingestion_only.py
[2026-02-04T13:27:56.336+0530] {logging_mixin.py:188} INFO - [2026-02-04T13:27:56.336+0530] {dag.py:3036} INFO - Sync 1 DAGs
[2026-02-04T13:27:56.406+0530] {processor.py:183} INFO - Processing /opt/airflow/dags/dag_tle_ingestion_only.py took 0.170 seconds
[2026-02-04T13:28:26.579+0530] {processor.py:161} INFO - Started process (PID=8920) to work on /opt/airflow/dags/dag_tle_ingestion_only.py
[2026-02-04T13:28:26.582+0530] {processor.py:830} INFO - Processing file /opt/airflow/dags/dag_tle_ingestion_only.py for tasks to queue
[2026-02-04T13:28:26.584+0530] {logging_mixin.py:188} INFO - [2026-02-04T13:28:26.583+0530] {dagbag.py:538} INFO - Filling up the DagBag from /opt/airflow/dags/dag_tle_ingestion_only.py
[2026-02-04T13:28:26.627+0530] {processor.py:840} INFO - DAG(s) 'tle_data_ingestion' retrieved from /opt/airflow/dags/dag_tle_ingestion_only.py
[2026-02-04T13:28:26.682+0530] {logging_mixin.py:188} INFO - [2026-02-04T13:28:26.682+0530] {dag.py:3036} INFO - Sync 1 DAGs
[2026-02-04T13:28:26.759+0530] {processor.py:183} INFO - Processing /opt/airflow/dags/dag_tle_ingestion_only.py took 0.188 seconds
[2026-02-04T13:28:56.932+0530] {processor.py:161} INFO - Started process (PID=8925) to work on /opt/airflow/dags/dag_tle_ingestion_only.py
[2026-02-04T13:28:56.935+0530] {processor.py:830} INFO - Processing file /opt/airflow/dags/dag_tle_ingestion_only.py for tasks to queue
[2026-02-04T13:28:56.936+0530] {logging_mixin.py:188} INFO - [2026-02-04T13:28:56.935+0530] {dagbag.py:538} INFO - Filling up the DagBag from /opt/airflow/dags/dag_tle_ingestion_only.py
[2026-02-04T13:28:56.967+0530] {processor.py:840} INFO - DAG(s) 'tle_data_ingestion' retrieved from /opt/airflow/dags/dag_tle_ingestion_only.py
[2026-02-04T13:28:57.025+0530] {logging_mixin.py:188} INFO - [2026-02-04T13:28:57.024+0530] {dag.py:3036} INFO - Sync 1 DAGs
[2026-02-04T13:28:57.107+0530] {processor.py:183} INFO - Processing /opt/airflow/dags/dag_tle_ingestion_only.py took 0.180 seconds
[2026-02-04T13:29:27.276+0530] {processor.py:161} INFO - Started process (PID=8930) to work on /opt/airflow/dags/dag_tle_ingestion_only.py
[2026-02-04T13:29:27.278+0530] {processor.py:830} INFO - Processing file /opt/airflow/dags/dag_tle_ingestion_only.py for tasks to queue
[2026-02-04T13:29:27.280+0530] {logging_mixin.py:188} INFO - [2026-02-04T13:29:27.279+0530] {dagbag.py:538} INFO - Filling up the DagBag from /opt/airflow/dags/dag_tle_ingestion_only.py
[2026-02-04T13:29:27.319+0530] {processor.py:840} INFO - DAG(s) 'tle_data_ingestion' retrieved from /opt/airflow/dags/dag_tle_ingestion_only.py
[2026-02-04T13:29:27.377+0530] {logging_mixin.py:188} INFO - [2026-02-04T13:29:27.377+0530] {dag.py:3036} INFO - Sync 1 DAGs
[2026-02-04T13:29:27.565+0530] {processor.py:183} INFO - Processing /opt/airflow/dags/dag_tle_ingestion_only.py took 0.295 seconds
[2026-02-04T13:29:57.744+0530] {processor.py:161} INFO - Started process (PID=8935) to work on /opt/airflow/dags/dag_tle_ingestion_only.py
[2026-02-04T13:29:57.745+0530] {processor.py:830} INFO - Processing file /opt/airflow/dags/dag_tle_ingestion_only.py for tasks to queue
[2026-02-04T13:29:57.746+0530] {logging_mixin.py:188} INFO - [2026-02-04T13:29:57.746+0530] {dagbag.py:538} INFO - Filling up the DagBag from /opt/airflow/dags/dag_tle_ingestion_only.py
[2026-02-04T13:29:57.786+0530] {processor.py:840} INFO - DAG(s) 'tle_data_ingestion' retrieved from /opt/airflow/dags/dag_tle_ingestion_only.py
[2026-02-04T13:29:57.852+0530] {logging_mixin.py:188} INFO - [2026-02-04T13:29:57.852+0530] {dag.py:3036} INFO - Sync 1 DAGs
[2026-02-04T13:29:57.937+0530] {processor.py:183} INFO - Processing /opt/airflow/dags/dag_tle_ingestion_only.py took 0.198 seconds
[2026-02-04T13:30:28.118+0530] {processor.py:161} INFO - Started process (PID=8940) to work on /opt/airflow/dags/dag_tle_ingestion_only.py
[2026-02-04T13:30:28.121+0530] {processor.py:830} INFO - Processing file /opt/airflow/dags/dag_tle_ingestion_only.py for tasks to queue
[2026-02-04T13:30:28.123+0530] {logging_mixin.py:188} INFO - [2026-02-04T13:30:28.122+0530] {dagbag.py:538} INFO - Filling up the DagBag from /opt/airflow/dags/dag_tle_ingestion_only.py
[2026-02-04T13:30:28.162+0530] {processor.py:840} INFO - DAG(s) 'tle_data_ingestion' retrieved from /opt/airflow/dags/dag_tle_ingestion_only.py
[2026-02-04T13:30:28.213+0530] {logging_mixin.py:188} INFO - [2026-02-04T13:30:28.213+0530] {dag.py:3036} INFO - Sync 1 DAGs
[2026-02-04T13:30:28.291+0530] {processor.py:183} INFO - Processing /opt/airflow/dags/dag_tle_ingestion_only.py took 0.179 seconds
[2026-02-04T13:30:58.471+0530] {processor.py:161} INFO - Started process (PID=8945) to work on /opt/airflow/dags/dag_tle_ingestion_only.py
[2026-02-04T13:30:58.473+0530] {processor.py:830} INFO - Processing file /opt/airflow/dags/dag_tle_ingestion_only.py for tasks to queue
[2026-02-04T13:30:58.474+0530] {logging_mixin.py:188} INFO - [2026-02-04T13:30:58.474+0530] {dagbag.py:538} INFO - Filling up the DagBag from /opt/airflow/dags/dag_tle_ingestion_only.py
[2026-02-04T13:30:58.513+0530] {processor.py:840} INFO - DAG(s) 'tle_data_ingestion' retrieved from /opt/airflow/dags/dag_tle_ingestion_only.py
[2026-02-04T13:30:58.570+0530] {logging_mixin.py:188} INFO - [2026-02-04T13:30:58.570+0530] {dag.py:3036} INFO - Sync 1 DAGs
[2026-02-04T13:30:58.650+0530] {processor.py:183} INFO - Processing /opt/airflow/dags/dag_tle_ingestion_only.py took 0.186 seconds
[2026-02-04T13:31:28.830+0530] {processor.py:161} INFO - Started process (PID=8950) to work on /opt/airflow/dags/dag_tle_ingestion_only.py
[2026-02-04T13:31:28.833+0530] {processor.py:830} INFO - Processing file /opt/airflow/dags/dag_tle_ingestion_only.py for tasks to queue
[2026-02-04T13:31:28.834+0530] {logging_mixin.py:188} INFO - [2026-02-04T13:31:28.834+0530] {dagbag.py:538} INFO - Filling up the DagBag from /opt/airflow/dags/dag_tle_ingestion_only.py
[2026-02-04T13:31:28.874+0530] {processor.py:840} INFO - DAG(s) 'tle_data_ingestion' retrieved from /opt/airflow/dags/dag_tle_ingestion_only.py
[2026-02-04T13:31:28.931+0530] {logging_mixin.py:188} INFO - [2026-02-04T13:31:28.931+0530] {dag.py:3036} INFO - Sync 1 DAGs
[2026-02-04T13:31:29.010+0530] {processor.py:183} INFO - Processing /opt/airflow/dags/dag_tle_ingestion_only.py took 0.187 seconds
[2026-02-04T13:31:59.181+0530] {processor.py:161} INFO - Started process (PID=8955) to work on /opt/airflow/dags/dag_tle_ingestion_only.py
[2026-02-04T13:31:59.182+0530] {processor.py:830} INFO - Processing file /opt/airflow/dags/dag_tle_ingestion_only.py for tasks to queue
[2026-02-04T13:31:59.184+0530] {logging_mixin.py:188} INFO - [2026-02-04T13:31:59.183+0530] {dagbag.py:538} INFO - Filling up the DagBag from /opt/airflow/dags/dag_tle_ingestion_only.py
[2026-02-04T13:31:59.225+0530] {processor.py:840} INFO - DAG(s) 'tle_data_ingestion' retrieved from /opt/airflow/dags/dag_tle_ingestion_only.py
[2026-02-04T13:31:59.281+0530] {logging_mixin.py:188} INFO - [2026-02-04T13:31:59.280+0530] {dag.py:3036} INFO - Sync 1 DAGs
[2026-02-04T13:31:59.357+0530] {processor.py:183} INFO - Processing /opt/airflow/dags/dag_tle_ingestion_only.py took 0.183 seconds
[2026-02-04T13:32:29.525+0530] {processor.py:161} INFO - Started process (PID=8960) to work on /opt/airflow/dags/dag_tle_ingestion_only.py
[2026-02-04T13:32:29.528+0530] {processor.py:830} INFO - Processing file /opt/airflow/dags/dag_tle_ingestion_only.py for tasks to queue
[2026-02-04T13:32:29.530+0530] {logging_mixin.py:188} INFO - [2026-02-04T13:32:29.529+0530] {dagbag.py:538} INFO - Filling up the DagBag from /opt/airflow/dags/dag_tle_ingestion_only.py
[2026-02-04T13:32:29.570+0530] {processor.py:840} INFO - DAG(s) 'tle_data_ingestion' retrieved from /opt/airflow/dags/dag_tle_ingestion_only.py
[2026-02-04T13:32:29.628+0530] {logging_mixin.py:188} INFO - [2026-02-04T13:32:29.627+0530] {dag.py:3036} INFO - Sync 1 DAGs
[2026-02-04T13:32:29.707+0530] {processor.py:183} INFO - Processing /opt/airflow/dags/dag_tle_ingestion_only.py took 0.189 seconds
[2026-02-04T13:32:59.884+0530] {processor.py:161} INFO - Started process (PID=8965) to work on /opt/airflow/dags/dag_tle_ingestion_only.py
[2026-02-04T13:32:59.885+0530] {processor.py:830} INFO - Processing file /opt/airflow/dags/dag_tle_ingestion_only.py for tasks to queue
[2026-02-04T13:32:59.886+0530] {logging_mixin.py:188} INFO - [2026-02-04T13:32:59.886+0530] {dagbag.py:538} INFO - Filling up the DagBag from /opt/airflow/dags/dag_tle_ingestion_only.py
[2026-02-04T13:32:59.925+0530] {processor.py:840} INFO - DAG(s) 'tle_data_ingestion' retrieved from /opt/airflow/dags/dag_tle_ingestion_only.py
[2026-02-04T13:32:59.981+0530] {logging_mixin.py:188} INFO - [2026-02-04T13:32:59.981+0530] {dag.py:3036} INFO - Sync 1 DAGs
[2026-02-04T13:33:00.062+0530] {processor.py:183} INFO - Processing /opt/airflow/dags/dag_tle_ingestion_only.py took 0.184 seconds
[2026-02-04T13:33:30.245+0530] {processor.py:161} INFO - Started process (PID=8970) to work on /opt/airflow/dags/dag_tle_ingestion_only.py
[2026-02-04T13:33:30.249+0530] {processor.py:830} INFO - Processing file /opt/airflow/dags/dag_tle_ingestion_only.py for tasks to queue
[2026-02-04T13:33:30.251+0530] {logging_mixin.py:188} INFO - [2026-02-04T13:33:30.250+0530] {dagbag.py:538} INFO - Filling up the DagBag from /opt/airflow/dags/dag_tle_ingestion_only.py
[2026-02-04T13:33:30.292+0530] {processor.py:840} INFO - DAG(s) 'tle_data_ingestion' retrieved from /opt/airflow/dags/dag_tle_ingestion_only.py
[2026-02-04T13:33:30.349+0530] {logging_mixin.py:188} INFO - [2026-02-04T13:33:30.348+0530] {dag.py:3036} INFO - Sync 1 DAGs
[2026-02-04T13:33:30.504+0530] {processor.py:183} INFO - Processing /opt/airflow/dags/dag_tle_ingestion_only.py took 0.266 seconds
[2026-02-04T13:34:00.677+0530] {processor.py:161} INFO - Started process (PID=8975) to work on /opt/airflow/dags/dag_tle_ingestion_only.py
[2026-02-04T13:34:00.678+0530] {processor.py:830} INFO - Processing file /opt/airflow/dags/dag_tle_ingestion_only.py for tasks to queue
[2026-02-04T13:34:00.679+0530] {logging_mixin.py:188} INFO - [2026-02-04T13:34:00.678+0530] {dagbag.py:538} INFO - Filling up the DagBag from /opt/airflow/dags/dag_tle_ingestion_only.py
[2026-02-04T13:34:00.721+0530] {processor.py:840} INFO - DAG(s) 'tle_data_ingestion' retrieved from /opt/airflow/dags/dag_tle_ingestion_only.py
[2026-02-04T13:34:00.769+0530] {logging_mixin.py:188} INFO - [2026-02-04T13:34:00.769+0530] {dag.py:3036} INFO - Sync 1 DAGs
[2026-02-04T13:34:00.860+0530] {processor.py:183} INFO - Processing /opt/airflow/dags/dag_tle_ingestion_only.py took 0.188 seconds
[2026-02-04T13:34:31.038+0530] {processor.py:161} INFO - Started process (PID=8980) to work on /opt/airflow/dags/dag_tle_ingestion_only.py
[2026-02-04T13:34:31.041+0530] {processor.py:830} INFO - Processing file /opt/airflow/dags/dag_tle_ingestion_only.py for tasks to queue
[2026-02-04T13:34:31.043+0530] {logging_mixin.py:188} INFO - [2026-02-04T13:34:31.042+0530] {dagbag.py:538} INFO - Filling up the DagBag from /opt/airflow/dags/dag_tle_ingestion_only.py
[2026-02-04T13:34:31.087+0530] {processor.py:840} INFO - DAG(s) 'tle_data_ingestion' retrieved from /opt/airflow/dags/dag_tle_ingestion_only.py
[2026-02-04T13:34:31.147+0530] {logging_mixin.py:188} INFO - [2026-02-04T13:34:31.147+0530] {dag.py:3036} INFO - Sync 1 DAGs
[2026-02-04T13:34:31.229+0530] {processor.py:183} INFO - Processing /opt/airflow/dags/dag_tle_ingestion_only.py took 0.199 seconds
[2026-02-04T13:35:01.405+0530] {processor.py:161} INFO - Started process (PID=8985) to work on /opt/airflow/dags/dag_tle_ingestion_only.py
[2026-02-04T13:35:01.406+0530] {processor.py:830} INFO - Processing file /opt/airflow/dags/dag_tle_ingestion_only.py for tasks to queue
[2026-02-04T13:35:01.408+0530] {logging_mixin.py:188} INFO - [2026-02-04T13:35:01.407+0530] {dagbag.py:538} INFO - Filling up the DagBag from /opt/airflow/dags/dag_tle_ingestion_only.py
[2026-02-04T13:35:01.450+0530] {processor.py:840} INFO - DAG(s) 'tle_data_ingestion' retrieved from /opt/airflow/dags/dag_tle_ingestion_only.py
[2026-02-04T13:35:01.508+0530] {logging_mixin.py:188} INFO - [2026-02-04T13:35:01.508+0530] {dag.py:3036} INFO - Sync 1 DAGs
[2026-02-04T13:35:01.583+0530] {processor.py:183} INFO - Processing /opt/airflow/dags/dag_tle_ingestion_only.py took 0.185 seconds
[2026-02-04T13:35:31.755+0530] {processor.py:161} INFO - Started process (PID=8990) to work on /opt/airflow/dags/dag_tle_ingestion_only.py
[2026-02-04T13:35:31.757+0530] {processor.py:830} INFO - Processing file /opt/airflow/dags/dag_tle_ingestion_only.py for tasks to queue
[2026-02-04T13:35:31.758+0530] {logging_mixin.py:188} INFO - [2026-02-04T13:35:31.757+0530] {dagbag.py:538} INFO - Filling up the DagBag from /opt/airflow/dags/dag_tle_ingestion_only.py
[2026-02-04T13:35:31.794+0530] {processor.py:840} INFO - DAG(s) 'tle_data_ingestion' retrieved from /opt/airflow/dags/dag_tle_ingestion_only.py
[2026-02-04T13:35:31.851+0530] {logging_mixin.py:188} INFO - [2026-02-04T13:35:31.850+0530] {dag.py:3036} INFO - Sync 1 DAGs
[2026-02-04T13:35:31.930+0530] {processor.py:183} INFO - Processing /opt/airflow/dags/dag_tle_ingestion_only.py took 0.182 seconds
[2026-02-04T13:36:02.106+0530] {processor.py:161} INFO - Started process (PID=8995) to work on /opt/airflow/dags/dag_tle_ingestion_only.py
[2026-02-04T13:36:02.108+0530] {processor.py:830} INFO - Processing file /opt/airflow/dags/dag_tle_ingestion_only.py for tasks to queue
[2026-02-04T13:36:02.110+0530] {logging_mixin.py:188} INFO - [2026-02-04T13:36:02.109+0530] {dagbag.py:538} INFO - Filling up the DagBag from /opt/airflow/dags/dag_tle_ingestion_only.py
[2026-02-04T13:36:02.150+0530] {processor.py:840} INFO - DAG(s) 'tle_data_ingestion' retrieved from /opt/airflow/dags/dag_tle_ingestion_only.py
[2026-02-04T13:36:02.204+0530] {logging_mixin.py:188} INFO - [2026-02-04T13:36:02.203+0530] {dag.py:3036} INFO - Sync 1 DAGs
[2026-02-04T13:36:02.289+0530] {processor.py:183} INFO - Processing /opt/airflow/dags/dag_tle_ingestion_only.py took 0.189 seconds
[2026-02-04T13:36:32.469+0530] {processor.py:161} INFO - Started process (PID=9000) to work on /opt/airflow/dags/dag_tle_ingestion_only.py
[2026-02-04T13:36:32.472+0530] {processor.py:830} INFO - Processing file /opt/airflow/dags/dag_tle_ingestion_only.py for tasks to queue
[2026-02-04T13:36:32.474+0530] {logging_mixin.py:188} INFO - [2026-02-04T13:36:32.473+0530] {dagbag.py:538} INFO - Filling up the DagBag from /opt/airflow/dags/dag_tle_ingestion_only.py
[2026-02-04T13:36:32.515+0530] {processor.py:840} INFO - DAG(s) 'tle_data_ingestion' retrieved from /opt/airflow/dags/dag_tle_ingestion_only.py
[2026-02-04T13:36:32.576+0530] {logging_mixin.py:188} INFO - [2026-02-04T13:36:32.575+0530] {dag.py:3036} INFO - Sync 1 DAGs
[2026-02-04T13:36:32.656+0530] {processor.py:183} INFO - Processing /opt/airflow/dags/dag_tle_ingestion_only.py took 0.194 seconds
[2026-02-04T13:37:02.834+0530] {processor.py:161} INFO - Started process (PID=9005) to work on /opt/airflow/dags/dag_tle_ingestion_only.py
[2026-02-04T13:37:02.836+0530] {processor.py:830} INFO - Processing file /opt/airflow/dags/dag_tle_ingestion_only.py for tasks to queue
[2026-02-04T13:37:02.837+0530] {logging_mixin.py:188} INFO - [2026-02-04T13:37:02.837+0530] {dagbag.py:538} INFO - Filling up the DagBag from /opt/airflow/dags/dag_tle_ingestion_only.py
[2026-02-04T13:37:02.878+0530] {processor.py:840} INFO - DAG(s) 'tle_data_ingestion' retrieved from /opt/airflow/dags/dag_tle_ingestion_only.py
[2026-02-04T13:37:02.938+0530] {logging_mixin.py:188} INFO - [2026-02-04T13:37:02.938+0530] {dag.py:3036} INFO - Sync 1 DAGs
[2026-02-04T13:37:03.025+0530] {processor.py:183} INFO - Processing /opt/airflow/dags/dag_tle_ingestion_only.py took 0.198 seconds
[2026-02-04T13:37:33.197+0530] {processor.py:161} INFO - Started process (PID=9010) to work on /opt/airflow/dags/dag_tle_ingestion_only.py
[2026-02-04T13:37:33.200+0530] {processor.py:830} INFO - Processing file /opt/airflow/dags/dag_tle_ingestion_only.py for tasks to queue
[2026-02-04T13:37:33.202+0530] {logging_mixin.py:188} INFO - [2026-02-04T13:37:33.201+0530] {dagbag.py:538} INFO - Filling up the DagBag from /opt/airflow/dags/dag_tle_ingestion_only.py
[2026-02-04T13:37:33.242+0530] {processor.py:840} INFO - DAG(s) 'tle_data_ingestion' retrieved from /opt/airflow/dags/dag_tle_ingestion_only.py
[2026-02-04T13:37:33.300+0530] {logging_mixin.py:188} INFO - [2026-02-04T13:37:33.299+0530] {dag.py:3036} INFO - Sync 1 DAGs
[2026-02-04T13:37:33.379+0530] {processor.py:183} INFO - Processing /opt/airflow/dags/dag_tle_ingestion_only.py took 0.188 seconds
[2026-02-04T13:38:03.549+0530] {processor.py:161} INFO - Started process (PID=9015) to work on /opt/airflow/dags/dag_tle_ingestion_only.py
[2026-02-04T13:38:03.551+0530] {processor.py:830} INFO - Processing file /opt/airflow/dags/dag_tle_ingestion_only.py for tasks to queue
[2026-02-04T13:38:03.553+0530] {logging_mixin.py:188} INFO - [2026-02-04T13:38:03.552+0530] {dagbag.py:538} INFO - Filling up the DagBag from /opt/airflow/dags/dag_tle_ingestion_only.py
[2026-02-04T13:38:03.595+0530] {processor.py:840} INFO - DAG(s) 'tle_data_ingestion' retrieved from /opt/airflow/dags/dag_tle_ingestion_only.py
[2026-02-04T13:38:03.653+0530] {logging_mixin.py:188} INFO - [2026-02-04T13:38:03.652+0530] {dag.py:3036} INFO - Sync 1 DAGs
[2026-02-04T13:38:03.742+0530] {processor.py:183} INFO - Processing /opt/airflow/dags/dag_tle_ingestion_only.py took 0.200 seconds
[2026-02-04T13:38:33.921+0530] {processor.py:161} INFO - Started process (PID=9020) to work on /opt/airflow/dags/dag_tle_ingestion_only.py
[2026-02-04T13:38:33.924+0530] {processor.py:830} INFO - Processing file /opt/airflow/dags/dag_tle_ingestion_only.py for tasks to queue
[2026-02-04T13:38:33.926+0530] {logging_mixin.py:188} INFO - [2026-02-04T13:38:33.925+0530] {dagbag.py:538} INFO - Filling up the DagBag from /opt/airflow/dags/dag_tle_ingestion_only.py
[2026-02-04T13:38:33.967+0530] {processor.py:840} INFO - DAG(s) 'tle_data_ingestion' retrieved from /opt/airflow/dags/dag_tle_ingestion_only.py
[2026-02-04T13:38:34.024+0530] {logging_mixin.py:188} INFO - [2026-02-04T13:38:34.024+0530] {dag.py:3036} INFO - Sync 1 DAGs
[2026-02-04T13:38:34.103+0530] {processor.py:183} INFO - Processing /opt/airflow/dags/dag_tle_ingestion_only.py took 0.190 seconds
[2026-02-04T18:07:04.256+0530] {processor.py:161} INFO - Started process (PID=9025) to work on /opt/airflow/dags/dag_tle_ingestion_only.py
[2026-02-04T18:07:04.258+0530] {processor.py:830} INFO - Processing file /opt/airflow/dags/dag_tle_ingestion_only.py for tasks to queue
[2026-02-04T18:07:04.259+0530] {logging_mixin.py:188} INFO - [2026-02-04T18:07:04.258+0530] {dagbag.py:538} INFO - Filling up the DagBag from /opt/airflow/dags/dag_tle_ingestion_only.py
[2026-02-04T18:07:04.306+0530] {processor.py:840} INFO - DAG(s) 'tle_data_ingestion' retrieved from /opt/airflow/dags/dag_tle_ingestion_only.py
[2026-02-04T18:07:04.386+0530] {logging_mixin.py:188} INFO - [2026-02-04T18:07:04.385+0530] {dag.py:3036} INFO - Sync 1 DAGs
[2026-02-04T18:07:04.510+0530] {processor.py:183} INFO - Processing /opt/airflow/dags/dag_tle_ingestion_only.py took 0.258 seconds
[2026-02-04T18:07:34.685+0530] {processor.py:161} INFO - Started process (PID=9032) to work on /opt/airflow/dags/dag_tle_ingestion_only.py
[2026-02-04T18:07:34.687+0530] {processor.py:830} INFO - Processing file /opt/airflow/dags/dag_tle_ingestion_only.py for tasks to queue
[2026-02-04T18:07:34.688+0530] {logging_mixin.py:188} INFO - [2026-02-04T18:07:34.687+0530] {dagbag.py:538} INFO - Filling up the DagBag from /opt/airflow/dags/dag_tle_ingestion_only.py
[2026-02-04T18:07:34.729+0530] {processor.py:840} INFO - DAG(s) 'tle_data_ingestion' retrieved from /opt/airflow/dags/dag_tle_ingestion_only.py
[2026-02-04T18:07:34.764+0530] {logging_mixin.py:188} INFO - [2026-02-04T18:07:34.764+0530] {dag.py:3036} INFO - Sync 1 DAGs
[2026-02-04T18:07:34.811+0530] {processor.py:183} INFO - Processing /opt/airflow/dags/dag_tle_ingestion_only.py took 0.132 seconds
[2026-02-04T18:08:04.946+0530] {processor.py:161} INFO - Started process (PID=9037) to work on /opt/airflow/dags/dag_tle_ingestion_only.py
[2026-02-04T18:08:04.949+0530] {processor.py:830} INFO - Processing file /opt/airflow/dags/dag_tle_ingestion_only.py for tasks to queue
[2026-02-04T18:08:04.951+0530] {logging_mixin.py:188} INFO - [2026-02-04T18:08:04.950+0530] {dagbag.py:538} INFO - Filling up the DagBag from /opt/airflow/dags/dag_tle_ingestion_only.py
[2026-02-04T18:08:04.998+0530] {processor.py:840} INFO - DAG(s) 'tle_data_ingestion' retrieved from /opt/airflow/dags/dag_tle_ingestion_only.py
[2026-02-04T18:08:05.067+0530] {logging_mixin.py:188} INFO - [2026-02-04T18:08:05.067+0530] {dag.py:3036} INFO - Sync 1 DAGs
[2026-02-04T18:08:05.256+0530] {processor.py:183} INFO - Processing /opt/airflow/dags/dag_tle_ingestion_only.py took 0.317 seconds
[2026-02-04T18:08:35.437+0530] {processor.py:161} INFO - Started process (PID=9042) to work on /opt/airflow/dags/dag_tle_ingestion_only.py
[2026-02-04T18:08:35.438+0530] {processor.py:830} INFO - Processing file /opt/airflow/dags/dag_tle_ingestion_only.py for tasks to queue
[2026-02-04T18:08:35.440+0530] {logging_mixin.py:188} INFO - [2026-02-04T18:08:35.439+0530] {dagbag.py:538} INFO - Filling up the DagBag from /opt/airflow/dags/dag_tle_ingestion_only.py
[2026-02-04T18:08:35.484+0530] {processor.py:840} INFO - DAG(s) 'tle_data_ingestion' retrieved from /opt/airflow/dags/dag_tle_ingestion_only.py
[2026-02-04T18:08:35.547+0530] {logging_mixin.py:188} INFO - [2026-02-04T18:08:35.546+0530] {dag.py:3036} INFO - Sync 1 DAGs
[2026-02-04T18:08:35.975+0530] {processor.py:183} INFO - Processing /opt/airflow/dags/dag_tle_ingestion_only.py took 0.545 seconds
[2026-02-04T18:09:06.167+0530] {processor.py:161} INFO - Started process (PID=9047) to work on /opt/airflow/dags/dag_tle_ingestion_only.py
[2026-02-04T18:09:06.169+0530] {processor.py:830} INFO - Processing file /opt/airflow/dags/dag_tle_ingestion_only.py for tasks to queue
[2026-02-04T18:09:06.170+0530] {logging_mixin.py:188} INFO - [2026-02-04T18:09:06.170+0530] {dagbag.py:538} INFO - Filling up the DagBag from /opt/airflow/dags/dag_tle_ingestion_only.py
[2026-02-04T18:09:06.210+0530] {processor.py:840} INFO - DAG(s) 'tle_data_ingestion' retrieved from /opt/airflow/dags/dag_tle_ingestion_only.py
[2026-02-04T18:09:06.271+0530] {logging_mixin.py:188} INFO - [2026-02-04T18:09:06.271+0530] {dag.py:3036} INFO - Sync 1 DAGs
[2026-02-04T18:09:06.352+0530] {processor.py:183} INFO - Processing /opt/airflow/dags/dag_tle_ingestion_only.py took 0.191 seconds
[2026-02-04T18:09:36.535+0530] {processor.py:161} INFO - Started process (PID=9052) to work on /opt/airflow/dags/dag_tle_ingestion_only.py
[2026-02-04T18:09:36.536+0530] {processor.py:830} INFO - Processing file /opt/airflow/dags/dag_tle_ingestion_only.py for tasks to queue
[2026-02-04T18:09:36.538+0530] {logging_mixin.py:188} INFO - [2026-02-04T18:09:36.537+0530] {dagbag.py:538} INFO - Filling up the DagBag from /opt/airflow/dags/dag_tle_ingestion_only.py
[2026-02-04T18:09:36.578+0530] {processor.py:840} INFO - DAG(s) 'tle_data_ingestion' retrieved from /opt/airflow/dags/dag_tle_ingestion_only.py
[2026-02-04T18:09:36.632+0530] {logging_mixin.py:188} INFO - [2026-02-04T18:09:36.632+0530] {dag.py:3036} INFO - Sync 1 DAGs
[2026-02-04T18:09:36.699+0530] {processor.py:183} INFO - Processing /opt/airflow/dags/dag_tle_ingestion_only.py took 0.171 seconds
[2026-02-04T18:10:06.881+0530] {processor.py:161} INFO - Started process (PID=9057) to work on /opt/airflow/dags/dag_tle_ingestion_only.py
[2026-02-04T18:10:06.884+0530] {processor.py:830} INFO - Processing file /opt/airflow/dags/dag_tle_ingestion_only.py for tasks to queue
[2026-02-04T18:10:06.885+0530] {logging_mixin.py:188} INFO - [2026-02-04T18:10:06.885+0530] {dagbag.py:538} INFO - Filling up the DagBag from /opt/airflow/dags/dag_tle_ingestion_only.py
[2026-02-04T18:10:06.925+0530] {processor.py:840} INFO - DAG(s) 'tle_data_ingestion' retrieved from /opt/airflow/dags/dag_tle_ingestion_only.py
[2026-02-04T18:10:06.984+0530] {logging_mixin.py:188} INFO - [2026-02-04T18:10:06.984+0530] {dag.py:3036} INFO - Sync 1 DAGs
[2026-02-04T18:10:07.064+0530] {processor.py:183} INFO - Processing /opt/airflow/dags/dag_tle_ingestion_only.py took 0.190 seconds
[2026-02-04T18:10:37.242+0530] {processor.py:161} INFO - Started process (PID=9062) to work on /opt/airflow/dags/dag_tle_ingestion_only.py
[2026-02-04T18:10:37.243+0530] {processor.py:830} INFO - Processing file /opt/airflow/dags/dag_tle_ingestion_only.py for tasks to queue
[2026-02-04T18:10:37.245+0530] {logging_mixin.py:188} INFO - [2026-02-04T18:10:37.244+0530] {dagbag.py:538} INFO - Filling up the DagBag from /opt/airflow/dags/dag_tle_ingestion_only.py
[2026-02-04T18:10:37.284+0530] {processor.py:840} INFO - DAG(s) 'tle_data_ingestion' retrieved from /opt/airflow/dags/dag_tle_ingestion_only.py
[2026-02-04T18:10:37.571+0530] {logging_mixin.py:188} INFO - [2026-02-04T18:10:37.571+0530] {dag.py:3036} INFO - Sync 1 DAGs
[2026-02-04T18:10:37.648+0530] {processor.py:183} INFO - Processing /opt/airflow/dags/dag_tle_ingestion_only.py took 0.412 seconds
[2026-02-04T18:11:07.839+0530] {processor.py:161} INFO - Started process (PID=9067) to work on /opt/airflow/dags/dag_tle_ingestion_only.py
[2026-02-04T18:11:07.842+0530] {processor.py:830} INFO - Processing file /opt/airflow/dags/dag_tle_ingestion_only.py for tasks to queue
[2026-02-04T18:11:07.843+0530] {logging_mixin.py:188} INFO - [2026-02-04T18:11:07.843+0530] {dagbag.py:538} INFO - Filling up the DagBag from /opt/airflow/dags/dag_tle_ingestion_only.py
[2026-02-04T18:11:07.884+0530] {processor.py:840} INFO - DAG(s) 'tle_data_ingestion' retrieved from /opt/airflow/dags/dag_tle_ingestion_only.py
[2026-02-04T18:11:07.944+0530] {logging_mixin.py:188} INFO - [2026-02-04T18:11:07.943+0530] {dag.py:3036} INFO - Sync 1 DAGs
[2026-02-04T18:11:08.023+0530] {processor.py:183} INFO - Processing /opt/airflow/dags/dag_tle_ingestion_only.py took 0.191 seconds
[2026-02-04T18:11:38.210+0530] {processor.py:161} INFO - Started process (PID=9072) to work on /opt/airflow/dags/dag_tle_ingestion_only.py
[2026-02-04T18:11:38.211+0530] {processor.py:830} INFO - Processing file /opt/airflow/dags/dag_tle_ingestion_only.py for tasks to queue
[2026-02-04T18:11:38.213+0530] {logging_mixin.py:188} INFO - [2026-02-04T18:11:38.212+0530] {dagbag.py:538} INFO - Filling up the DagBag from /opt/airflow/dags/dag_tle_ingestion_only.py
[2026-02-04T18:11:38.254+0530] {processor.py:840} INFO - DAG(s) 'tle_data_ingestion' retrieved from /opt/airflow/dags/dag_tle_ingestion_only.py
[2026-02-04T18:11:38.312+0530] {logging_mixin.py:188} INFO - [2026-02-04T18:11:38.311+0530] {dag.py:3036} INFO - Sync 1 DAGs
[2026-02-04T18:11:38.392+0530] {processor.py:183} INFO - Processing /opt/airflow/dags/dag_tle_ingestion_only.py took 0.189 seconds
[2026-02-04T18:12:08.569+0530] {processor.py:161} INFO - Started process (PID=9077) to work on /opt/airflow/dags/dag_tle_ingestion_only.py
[2026-02-04T18:12:08.571+0530] {processor.py:830} INFO - Processing file /opt/airflow/dags/dag_tle_ingestion_only.py for tasks to queue
[2026-02-04T18:12:08.572+0530] {logging_mixin.py:188} INFO - [2026-02-04T18:12:08.572+0530] {dagbag.py:538} INFO - Filling up the DagBag from /opt/airflow/dags/dag_tle_ingestion_only.py
[2026-02-04T18:12:08.610+0530] {processor.py:840} INFO - DAG(s) 'tle_data_ingestion' retrieved from /opt/airflow/dags/dag_tle_ingestion_only.py
[2026-02-04T18:12:08.669+0530] {logging_mixin.py:188} INFO - [2026-02-04T18:12:08.669+0530] {dag.py:3036} INFO - Sync 1 DAGs
[2026-02-04T18:12:08.740+0530] {processor.py:183} INFO - Processing /opt/airflow/dags/dag_tle_ingestion_only.py took 0.178 seconds
[2026-02-04T18:12:38.909+0530] {processor.py:161} INFO - Started process (PID=9082) to work on /opt/airflow/dags/dag_tle_ingestion_only.py
[2026-02-04T18:12:38.910+0530] {processor.py:830} INFO - Processing file /opt/airflow/dags/dag_tle_ingestion_only.py for tasks to queue
[2026-02-04T18:12:38.912+0530] {logging_mixin.py:188} INFO - [2026-02-04T18:12:38.911+0530] {dagbag.py:538} INFO - Filling up the DagBag from /opt/airflow/dags/dag_tle_ingestion_only.py
[2026-02-04T18:12:38.951+0530] {processor.py:840} INFO - DAG(s) 'tle_data_ingestion' retrieved from /opt/airflow/dags/dag_tle_ingestion_only.py
[2026-02-04T18:12:39.007+0530] {logging_mixin.py:188} INFO - [2026-02-04T18:12:39.006+0530] {dag.py:3036} INFO - Sync 1 DAGs
[2026-02-04T18:12:39.082+0530] {processor.py:183} INFO - Processing /opt/airflow/dags/dag_tle_ingestion_only.py took 0.180 seconds
[2026-02-04T18:13:09.245+0530] {processor.py:161} INFO - Started process (PID=9087) to work on /opt/airflow/dags/dag_tle_ingestion_only.py
[2026-02-04T18:13:09.248+0530] {processor.py:830} INFO - Processing file /opt/airflow/dags/dag_tle_ingestion_only.py for tasks to queue
[2026-02-04T18:13:09.249+0530] {logging_mixin.py:188} INFO - [2026-02-04T18:13:09.249+0530] {dagbag.py:538} INFO - Filling up the DagBag from /opt/airflow/dags/dag_tle_ingestion_only.py
[2026-02-04T18:13:09.284+0530] {processor.py:840} INFO - DAG(s) 'tle_data_ingestion' retrieved from /opt/airflow/dags/dag_tle_ingestion_only.py
[2026-02-04T18:13:09.339+0530] {logging_mixin.py:188} INFO - [2026-02-04T18:13:09.338+0530] {dag.py:3036} INFO - Sync 1 DAGs
[2026-02-04T18:13:09.421+0530] {processor.py:183} INFO - Processing /opt/airflow/dags/dag_tle_ingestion_only.py took 0.181 seconds
[2026-02-04T18:13:39.596+0530] {processor.py:161} INFO - Started process (PID=9092) to work on /opt/airflow/dags/dag_tle_ingestion_only.py
[2026-02-04T18:13:39.598+0530] {processor.py:830} INFO - Processing file /opt/airflow/dags/dag_tle_ingestion_only.py for tasks to queue
[2026-02-04T18:13:39.599+0530] {logging_mixin.py:188} INFO - [2026-02-04T18:13:39.599+0530] {dagbag.py:538} INFO - Filling up the DagBag from /opt/airflow/dags/dag_tle_ingestion_only.py
[2026-02-04T18:13:39.638+0530] {processor.py:840} INFO - DAG(s) 'tle_data_ingestion' retrieved from /opt/airflow/dags/dag_tle_ingestion_only.py
[2026-02-04T18:13:39.690+0530] {logging_mixin.py:188} INFO - [2026-02-04T18:13:39.690+0530] {dag.py:3036} INFO - Sync 1 DAGs
[2026-02-04T18:13:39.763+0530] {processor.py:183} INFO - Processing /opt/airflow/dags/dag_tle_ingestion_only.py took 0.173 seconds
[2026-02-04T18:14:09.953+0530] {processor.py:161} INFO - Started process (PID=9097) to work on /opt/airflow/dags/dag_tle_ingestion_only.py
[2026-02-04T18:14:09.956+0530] {processor.py:830} INFO - Processing file /opt/airflow/dags/dag_tle_ingestion_only.py for tasks to queue
[2026-02-04T18:14:09.958+0530] {logging_mixin.py:188} INFO - [2026-02-04T18:14:09.957+0530] {dagbag.py:538} INFO - Filling up the DagBag from /opt/airflow/dags/dag_tle_ingestion_only.py
[2026-02-04T18:14:09.998+0530] {processor.py:840} INFO - DAG(s) 'tle_data_ingestion' retrieved from /opt/airflow/dags/dag_tle_ingestion_only.py
[2026-02-04T18:14:10.057+0530] {logging_mixin.py:188} INFO - [2026-02-04T18:14:10.056+0530] {dag.py:3036} INFO - Sync 1 DAGs
[2026-02-04T18:14:10.135+0530] {processor.py:183} INFO - Processing /opt/airflow/dags/dag_tle_ingestion_only.py took 0.189 seconds
[2026-02-04T18:14:40.334+0530] {processor.py:161} INFO - Started process (PID=9102) to work on /opt/airflow/dags/dag_tle_ingestion_only.py
[2026-02-04T18:14:40.336+0530] {processor.py:830} INFO - Processing file /opt/airflow/dags/dag_tle_ingestion_only.py for tasks to queue
[2026-02-04T18:14:40.340+0530] {logging_mixin.py:188} INFO - [2026-02-04T18:14:40.338+0530] {dagbag.py:538} INFO - Filling up the DagBag from /opt/airflow/dags/dag_tle_ingestion_only.py
[2026-02-04T18:14:40.385+0530] {processor.py:840} INFO - DAG(s) 'tle_data_ingestion' retrieved from /opt/airflow/dags/dag_tle_ingestion_only.py
[2026-02-04T18:14:40.439+0530] {logging_mixin.py:188} INFO - [2026-02-04T18:14:40.438+0530] {dag.py:3036} INFO - Sync 1 DAGs
[2026-02-04T18:14:40.515+0530] {processor.py:183} INFO - Processing /opt/airflow/dags/dag_tle_ingestion_only.py took 0.196 seconds
[2026-02-04T18:41:17.119+0530] {processor.py:161} INFO - Started process (PID=214) to work on /opt/airflow/dags/dag_tle_ingestion_only.py
[2026-02-04T18:41:17.120+0530] {processor.py:830} INFO - Processing file /opt/airflow/dags/dag_tle_ingestion_only.py for tasks to queue
[2026-02-04T18:41:17.120+0530] {logging_mixin.py:188} INFO - [2026-02-04T18:41:17.120+0530] {dagbag.py:538} INFO - Filling up the DagBag from /opt/airflow/dags/dag_tle_ingestion_only.py
[2026-02-04T18:41:17.138+0530] {processor.py:840} INFO - DAG(s) 'tle_data_ingestion' retrieved from /opt/airflow/dags/dag_tle_ingestion_only.py
[2026-02-04T18:41:17.355+0530] {logging_mixin.py:188} INFO - [2026-02-04T18:41:17.354+0530] {override.py:1769} INFO - Created Permission View: can read on DAG:tle_data_ingestion
[2026-02-04T18:41:17.363+0530] {logging_mixin.py:188} INFO - [2026-02-04T18:41:17.363+0530] {override.py:1769} INFO - Created Permission View: can edit on DAG:tle_data_ingestion
[2026-02-04T18:41:17.369+0530] {logging_mixin.py:188} INFO - [2026-02-04T18:41:17.368+0530] {override.py:1769} INFO - Created Permission View: can delete on DAG:tle_data_ingestion
[2026-02-04T18:41:17.369+0530] {logging_mixin.py:188} INFO - [2026-02-04T18:41:17.369+0530] {dag.py:3036} INFO - Sync 1 DAGs
[2026-02-04T18:41:17.381+0530] {logging_mixin.py:188} INFO - [2026-02-04T18:41:17.381+0530] {dag.py:3058} INFO - Creating ORM DAG for tle_data_ingestion
[2026-02-04T18:41:17.397+0530] {logging_mixin.py:188} INFO - [2026-02-04T18:41:17.397+0530] {dag.py:3823} INFO - Setting next_dagrun for tle_data_ingestion to 2026-02-04 13:05:00+00:00, run_after=2026-02-04 13:10:00+00:00
[2026-02-04T18:41:17.416+0530] {processor.py:183} INFO - Processing /opt/airflow/dags/dag_tle_ingestion_only.py took 0.299 seconds
[2026-02-04T18:41:47.531+0530] {processor.py:161} INFO - Started process (PID=220) to work on /opt/airflow/dags/dag_tle_ingestion_only.py
[2026-02-04T18:41:47.531+0530] {processor.py:830} INFO - Processing file /opt/airflow/dags/dag_tle_ingestion_only.py for tasks to queue
[2026-02-04T18:41:47.532+0530] {logging_mixin.py:188} INFO - [2026-02-04T18:41:47.532+0530] {dagbag.py:538} INFO - Filling up the DagBag from /opt/airflow/dags/dag_tle_ingestion_only.py
[2026-02-04T18:41:47.552+0530] {processor.py:840} INFO - DAG(s) 'tle_data_ingestion' retrieved from /opt/airflow/dags/dag_tle_ingestion_only.py
[2026-02-04T18:41:47.580+0530] {logging_mixin.py:188} INFO - [2026-02-04T18:41:47.580+0530] {dag.py:3036} INFO - Sync 1 DAGs
[2026-02-04T18:41:47.604+0530] {logging_mixin.py:188} INFO - [2026-02-04T18:41:47.604+0530] {dag.py:3823} INFO - Setting next_dagrun for tle_data_ingestion to 2026-02-04 13:05:00+00:00, run_after=2026-02-04 13:10:00+00:00
[2026-02-04T18:41:47.622+0530] {processor.py:183} INFO - Processing /opt/airflow/dags/dag_tle_ingestion_only.py took 0.095 seconds
[2026-02-04T18:42:17.654+0530] {processor.py:161} INFO - Started process (PID=225) to work on /opt/airflow/dags/dag_tle_ingestion_only.py
[2026-02-04T18:42:17.655+0530] {processor.py:830} INFO - Processing file /opt/airflow/dags/dag_tle_ingestion_only.py for tasks to queue
[2026-02-04T18:42:17.656+0530] {logging_mixin.py:188} INFO - [2026-02-04T18:42:17.655+0530] {dagbag.py:538} INFO - Filling up the DagBag from /opt/airflow/dags/dag_tle_ingestion_only.py
[2026-02-04T18:42:17.679+0530] {processor.py:840} INFO - DAG(s) 'tle_data_ingestion' retrieved from /opt/airflow/dags/dag_tle_ingestion_only.py
[2026-02-04T18:42:17.725+0530] {logging_mixin.py:188} INFO - [2026-02-04T18:42:17.725+0530] {dag.py:3036} INFO - Sync 1 DAGs
[2026-02-04T18:42:17.775+0530] {logging_mixin.py:188} INFO - [2026-02-04T18:42:17.775+0530] {dag.py:3823} INFO - Setting next_dagrun for tle_data_ingestion to 2026-02-04 13:05:00+00:00, run_after=2026-02-04 13:10:00+00:00
[2026-02-04T18:42:17.803+0530] {processor.py:183} INFO - Processing /opt/airflow/dags/dag_tle_ingestion_only.py took 0.152 seconds
[2026-02-04T18:42:47.870+0530] {processor.py:161} INFO - Started process (PID=230) to work on /opt/airflow/dags/dag_tle_ingestion_only.py
[2026-02-04T18:42:47.872+0530] {processor.py:830} INFO - Processing file /opt/airflow/dags/dag_tle_ingestion_only.py for tasks to queue
[2026-02-04T18:42:47.873+0530] {logging_mixin.py:188} INFO - [2026-02-04T18:42:47.873+0530] {dagbag.py:538} INFO - Filling up the DagBag from /opt/airflow/dags/dag_tle_ingestion_only.py
[2026-02-04T18:42:47.897+0530] {processor.py:840} INFO - DAG(s) 'tle_data_ingestion' retrieved from /opt/airflow/dags/dag_tle_ingestion_only.py
[2026-02-04T18:42:47.934+0530] {logging_mixin.py:188} INFO - [2026-02-04T18:42:47.934+0530] {dag.py:3036} INFO - Sync 1 DAGs
[2026-02-04T18:42:47.974+0530] {logging_mixin.py:188} INFO - [2026-02-04T18:42:47.974+0530] {dag.py:3823} INFO - Setting next_dagrun for tle_data_ingestion to 2026-02-04 13:05:00+00:00, run_after=2026-02-04 13:10:00+00:00
[2026-02-04T18:42:48.003+0530] {processor.py:183} INFO - Processing /opt/airflow/dags/dag_tle_ingestion_only.py took 0.138 seconds
[2026-02-04T18:43:18.058+0530] {processor.py:161} INFO - Started process (PID=242) to work on /opt/airflow/dags/dag_tle_ingestion_only.py
[2026-02-04T18:43:18.059+0530] {processor.py:830} INFO - Processing file /opt/airflow/dags/dag_tle_ingestion_only.py for tasks to queue
[2026-02-04T18:43:18.060+0530] {logging_mixin.py:188} INFO - [2026-02-04T18:43:18.059+0530] {dagbag.py:538} INFO - Filling up the DagBag from /opt/airflow/dags/dag_tle_ingestion_only.py
[2026-02-04T18:43:18.085+0530] {processor.py:840} INFO - DAG(s) 'tle_data_ingestion' retrieved from /opt/airflow/dags/dag_tle_ingestion_only.py
[2026-02-04T18:43:18.128+0530] {logging_mixin.py:188} INFO - [2026-02-04T18:43:18.127+0530] {dag.py:3036} INFO - Sync 1 DAGs
[2026-02-04T18:43:18.174+0530] {logging_mixin.py:188} INFO - [2026-02-04T18:43:18.173+0530] {dag.py:3823} INFO - Setting next_dagrun for tle_data_ingestion to 2026-02-04 13:10:00+00:00, run_after=2026-02-04 13:15:00+00:00
[2026-02-04T18:43:18.202+0530] {processor.py:183} INFO - Processing /opt/airflow/dags/dag_tle_ingestion_only.py took 0.149 seconds
[2026-02-04T18:43:48.254+0530] {processor.py:161} INFO - Started process (PID=247) to work on /opt/airflow/dags/dag_tle_ingestion_only.py
[2026-02-04T18:43:48.255+0530] {processor.py:830} INFO - Processing file /opt/airflow/dags/dag_tle_ingestion_only.py for tasks to queue
[2026-02-04T18:43:48.257+0530] {logging_mixin.py:188} INFO - [2026-02-04T18:43:48.256+0530] {dagbag.py:538} INFO - Filling up the DagBag from /opt/airflow/dags/dag_tle_ingestion_only.py
[2026-02-04T18:43:48.283+0530] {processor.py:840} INFO - DAG(s) 'tle_data_ingestion' retrieved from /opt/airflow/dags/dag_tle_ingestion_only.py
[2026-02-04T18:43:48.323+0530] {logging_mixin.py:188} INFO - [2026-02-04T18:43:48.323+0530] {dag.py:3036} INFO - Sync 1 DAGs
[2026-02-04T18:43:48.371+0530] {logging_mixin.py:188} INFO - [2026-02-04T18:43:48.371+0530] {dag.py:3823} INFO - Setting next_dagrun for tle_data_ingestion to 2026-02-04 13:10:00+00:00, run_after=2026-02-04 13:15:00+00:00
[2026-02-04T18:43:48.394+0530] {processor.py:183} INFO - Processing /opt/airflow/dags/dag_tle_ingestion_only.py took 0.143 seconds
[2026-02-04T18:44:18.452+0530] {processor.py:161} INFO - Started process (PID=252) to work on /opt/airflow/dags/dag_tle_ingestion_only.py
[2026-02-04T18:44:18.454+0530] {processor.py:830} INFO - Processing file /opt/airflow/dags/dag_tle_ingestion_only.py for tasks to queue
[2026-02-04T18:44:18.455+0530] {logging_mixin.py:188} INFO - [2026-02-04T18:44:18.455+0530] {dagbag.py:538} INFO - Filling up the DagBag from /opt/airflow/dags/dag_tle_ingestion_only.py
[2026-02-04T18:44:18.482+0530] {processor.py:840} INFO - DAG(s) 'tle_data_ingestion' retrieved from /opt/airflow/dags/dag_tle_ingestion_only.py
[2026-02-04T18:44:18.520+0530] {logging_mixin.py:188} INFO - [2026-02-04T18:44:18.519+0530] {dag.py:3036} INFO - Sync 1 DAGs
[2026-02-04T18:44:18.556+0530] {logging_mixin.py:188} INFO - [2026-02-04T18:44:18.556+0530] {dag.py:3823} INFO - Setting next_dagrun for tle_data_ingestion to 2026-02-04 13:10:00+00:00, run_after=2026-02-04 13:15:00+00:00
[2026-02-04T18:44:18.576+0530] {processor.py:183} INFO - Processing /opt/airflow/dags/dag_tle_ingestion_only.py took 0.127 seconds
[2026-02-04T18:44:48.643+0530] {processor.py:161} INFO - Started process (PID=257) to work on /opt/airflow/dags/dag_tle_ingestion_only.py
[2026-02-04T18:44:48.645+0530] {processor.py:830} INFO - Processing file /opt/airflow/dags/dag_tle_ingestion_only.py for tasks to queue
[2026-02-04T18:44:48.646+0530] {logging_mixin.py:188} INFO - [2026-02-04T18:44:48.645+0530] {dagbag.py:538} INFO - Filling up the DagBag from /opt/airflow/dags/dag_tle_ingestion_only.py
[2026-02-04T18:44:48.669+0530] {processor.py:840} INFO - DAG(s) 'tle_data_ingestion' retrieved from /opt/airflow/dags/dag_tle_ingestion_only.py
[2026-02-04T18:44:48.715+0530] {logging_mixin.py:188} INFO - [2026-02-04T18:44:48.715+0530] {dag.py:3036} INFO - Sync 1 DAGs
[2026-02-04T18:44:48.766+0530] {logging_mixin.py:188} INFO - [2026-02-04T18:44:48.766+0530] {dag.py:3823} INFO - Setting next_dagrun for tle_data_ingestion to 2026-02-04 13:10:00+00:00, run_after=2026-02-04 13:15:00+00:00
[2026-02-04T18:44:48.798+0530] {processor.py:183} INFO - Processing /opt/airflow/dags/dag_tle_ingestion_only.py took 0.159 seconds
[2026-02-04T18:45:18.925+0530] {processor.py:161} INFO - Started process (PID=269) to work on /opt/airflow/dags/dag_tle_ingestion_only.py
[2026-02-04T18:45:18.927+0530] {processor.py:830} INFO - Processing file /opt/airflow/dags/dag_tle_ingestion_only.py for tasks to queue
[2026-02-04T18:45:18.928+0530] {logging_mixin.py:188} INFO - [2026-02-04T18:45:18.927+0530] {dagbag.py:538} INFO - Filling up the DagBag from /opt/airflow/dags/dag_tle_ingestion_only.py
[2026-02-04T18:45:18.949+0530] {processor.py:840} INFO - DAG(s) 'tle_data_ingestion' retrieved from /opt/airflow/dags/dag_tle_ingestion_only.py
[2026-02-04T18:45:18.984+0530] {logging_mixin.py:188} INFO - [2026-02-04T18:45:18.984+0530] {dag.py:3036} INFO - Sync 1 DAGs
[2026-02-04T18:45:19.019+0530] {logging_mixin.py:188} INFO - [2026-02-04T18:45:19.018+0530] {dag.py:3823} INFO - Setting next_dagrun for tle_data_ingestion to 2026-02-04 13:15:00+00:00, run_after=2026-02-04 13:20:00+00:00
[2026-02-04T18:45:19.039+0530] {processor.py:183} INFO - Processing /opt/airflow/dags/dag_tle_ingestion_only.py took 0.118 seconds
[2026-02-04T18:45:49.171+0530] {processor.py:161} INFO - Started process (PID=274) to work on /opt/airflow/dags/dag_tle_ingestion_only.py
[2026-02-04T18:45:49.173+0530] {processor.py:830} INFO - Processing file /opt/airflow/dags/dag_tle_ingestion_only.py for tasks to queue
[2026-02-04T18:45:49.174+0530] {logging_mixin.py:188} INFO - [2026-02-04T18:45:49.173+0530] {dagbag.py:538} INFO - Filling up the DagBag from /opt/airflow/dags/dag_tle_ingestion_only.py
[2026-02-04T18:45:49.202+0530] {processor.py:840} INFO - DAG(s) 'tle_data_ingestion' retrieved from /opt/airflow/dags/dag_tle_ingestion_only.py
[2026-02-04T18:45:49.240+0530] {logging_mixin.py:188} INFO - [2026-02-04T18:45:49.239+0530] {dag.py:3036} INFO - Sync 1 DAGs
[2026-02-04T18:45:49.282+0530] {logging_mixin.py:188} INFO - [2026-02-04T18:45:49.282+0530] {dag.py:3823} INFO - Setting next_dagrun for tle_data_ingestion to 2026-02-04 13:15:00+00:00, run_after=2026-02-04 13:20:00+00:00
[2026-02-04T18:45:49.307+0530] {processor.py:183} INFO - Processing /opt/airflow/dags/dag_tle_ingestion_only.py took 0.140 seconds
[2026-02-04T18:46:19.440+0530] {processor.py:161} INFO - Started process (PID=279) to work on /opt/airflow/dags/dag_tle_ingestion_only.py
[2026-02-04T18:46:19.441+0530] {processor.py:830} INFO - Processing file /opt/airflow/dags/dag_tle_ingestion_only.py for tasks to queue
[2026-02-04T18:46:19.442+0530] {logging_mixin.py:188} INFO - [2026-02-04T18:46:19.441+0530] {dagbag.py:538} INFO - Filling up the DagBag from /opt/airflow/dags/dag_tle_ingestion_only.py
[2026-02-04T18:46:19.463+0530] {processor.py:840} INFO - DAG(s) 'tle_data_ingestion' retrieved from /opt/airflow/dags/dag_tle_ingestion_only.py
[2026-02-04T18:46:19.497+0530] {logging_mixin.py:188} INFO - [2026-02-04T18:46:19.497+0530] {dag.py:3036} INFO - Sync 1 DAGs
[2026-02-04T18:46:19.533+0530] {logging_mixin.py:188} INFO - [2026-02-04T18:46:19.533+0530] {dag.py:3823} INFO - Setting next_dagrun for tle_data_ingestion to 2026-02-04 13:15:00+00:00, run_after=2026-02-04 13:20:00+00:00
[2026-02-04T18:46:19.557+0530] {processor.py:183} INFO - Processing /opt/airflow/dags/dag_tle_ingestion_only.py took 0.120 seconds
[2026-02-04T18:46:49.703+0530] {processor.py:161} INFO - Started process (PID=284) to work on /opt/airflow/dags/dag_tle_ingestion_only.py
[2026-02-04T18:46:49.705+0530] {processor.py:830} INFO - Processing file /opt/airflow/dags/dag_tle_ingestion_only.py for tasks to queue
[2026-02-04T18:46:49.706+0530] {logging_mixin.py:188} INFO - [2026-02-04T18:46:49.706+0530] {dagbag.py:538} INFO - Filling up the DagBag from /opt/airflow/dags/dag_tle_ingestion_only.py
[2026-02-04T18:46:49.727+0530] {processor.py:840} INFO - DAG(s) 'tle_data_ingestion' retrieved from /opt/airflow/dags/dag_tle_ingestion_only.py
[2026-02-04T18:46:49.771+0530] {logging_mixin.py:188} INFO - [2026-02-04T18:46:49.770+0530] {dag.py:3036} INFO - Sync 1 DAGs
[2026-02-04T18:46:49.821+0530] {logging_mixin.py:188} INFO - [2026-02-04T18:46:49.821+0530] {dag.py:3823} INFO - Setting next_dagrun for tle_data_ingestion to 2026-02-04 13:15:00+00:00, run_after=2026-02-04 13:20:00+00:00
[2026-02-04T18:46:49.847+0530] {processor.py:183} INFO - Processing /opt/airflow/dags/dag_tle_ingestion_only.py took 0.147 seconds
[2026-02-04T18:47:19.988+0530] {processor.py:161} INFO - Started process (PID=289) to work on /opt/airflow/dags/dag_tle_ingestion_only.py
[2026-02-04T18:47:19.990+0530] {processor.py:830} INFO - Processing file /opt/airflow/dags/dag_tle_ingestion_only.py for tasks to queue
[2026-02-04T18:47:19.991+0530] {logging_mixin.py:188} INFO - [2026-02-04T18:47:19.991+0530] {dagbag.py:538} INFO - Filling up the DagBag from /opt/airflow/dags/dag_tle_ingestion_only.py
[2026-02-04T18:47:20.011+0530] {processor.py:840} INFO - DAG(s) 'tle_data_ingestion' retrieved from /opt/airflow/dags/dag_tle_ingestion_only.py
[2026-02-04T18:47:20.049+0530] {logging_mixin.py:188} INFO - [2026-02-04T18:47:20.049+0530] {dag.py:3036} INFO - Sync 1 DAGs
[2026-02-04T18:47:20.085+0530] {logging_mixin.py:188} INFO - [2026-02-04T18:47:20.085+0530] {dag.py:3823} INFO - Setting next_dagrun for tle_data_ingestion to 2026-02-04 13:15:00+00:00, run_after=2026-02-04 13:20:00+00:00
[2026-02-04T18:47:20.107+0530] {processor.py:183} INFO - Processing /opt/airflow/dags/dag_tle_ingestion_only.py took 0.123 seconds
[2026-02-04T18:47:50.238+0530] {processor.py:161} INFO - Started process (PID=294) to work on /opt/airflow/dags/dag_tle_ingestion_only.py
[2026-02-04T18:47:50.240+0530] {processor.py:830} INFO - Processing file /opt/airflow/dags/dag_tle_ingestion_only.py for tasks to queue
[2026-02-04T18:47:50.241+0530] {logging_mixin.py:188} INFO - [2026-02-04T18:47:50.241+0530] {dagbag.py:538} INFO - Filling up the DagBag from /opt/airflow/dags/dag_tle_ingestion_only.py
[2026-02-04T18:47:50.263+0530] {processor.py:840} INFO - DAG(s) 'tle_data_ingestion' retrieved from /opt/airflow/dags/dag_tle_ingestion_only.py
[2026-02-04T18:47:50.301+0530] {logging_mixin.py:188} INFO - [2026-02-04T18:47:50.301+0530] {dag.py:3036} INFO - Sync 1 DAGs
[2026-02-04T18:47:50.342+0530] {logging_mixin.py:188} INFO - [2026-02-04T18:47:50.342+0530] {dag.py:3823} INFO - Setting next_dagrun for tle_data_ingestion to 2026-02-04 13:15:00+00:00, run_after=2026-02-04 13:20:00+00:00
[2026-02-04T18:47:50.373+0530] {processor.py:183} INFO - Processing /opt/airflow/dags/dag_tle_ingestion_only.py took 0.139 seconds
[2026-02-04T18:48:20.516+0530] {processor.py:161} INFO - Started process (PID=303) to work on /opt/airflow/dags/dag_tle_ingestion_only.py
[2026-02-04T18:48:20.518+0530] {processor.py:830} INFO - Processing file /opt/airflow/dags/dag_tle_ingestion_only.py for tasks to queue
[2026-02-04T18:48:20.519+0530] {logging_mixin.py:188} INFO - [2026-02-04T18:48:20.518+0530] {dagbag.py:538} INFO - Filling up the DagBag from /opt/airflow/dags/dag_tle_ingestion_only.py
[2026-02-04T18:48:20.560+0530] {processor.py:840} INFO - DAG(s) 'tle_data_ingestion' retrieved from /opt/airflow/dags/dag_tle_ingestion_only.py
[2026-02-04T18:48:20.613+0530] {logging_mixin.py:188} INFO - [2026-02-04T18:48:20.613+0530] {dag.py:3036} INFO - Sync 1 DAGs
[2026-02-04T18:48:20.666+0530] {logging_mixin.py:188} INFO - [2026-02-04T18:48:20.666+0530] {dag.py:3823} INFO - Setting next_dagrun for tle_data_ingestion to 2026-02-04 13:15:00+00:00, run_after=2026-02-04 13:20:00+00:00
[2026-02-04T18:48:20.694+0530] {processor.py:183} INFO - Processing /opt/airflow/dags/dag_tle_ingestion_only.py took 0.183 seconds
[2026-02-04T18:48:50.823+0530] {processor.py:161} INFO - Started process (PID=311) to work on /opt/airflow/dags/dag_tle_ingestion_only.py
[2026-02-04T18:48:50.826+0530] {processor.py:830} INFO - Processing file /opt/airflow/dags/dag_tle_ingestion_only.py for tasks to queue
[2026-02-04T18:48:50.829+0530] {logging_mixin.py:188} INFO - [2026-02-04T18:48:50.828+0530] {dagbag.py:538} INFO - Filling up the DagBag from /opt/airflow/dags/dag_tle_ingestion_only.py
[2026-02-04T18:48:50.877+0530] {processor.py:840} INFO - DAG(s) 'tle_data_ingestion' retrieved from /opt/airflow/dags/dag_tle_ingestion_only.py
[2026-02-04T18:48:50.929+0530] {logging_mixin.py:188} INFO - [2026-02-04T18:48:50.928+0530] {dag.py:3036} INFO - Sync 1 DAGs
[2026-02-04T18:48:50.986+0530] {logging_mixin.py:188} INFO - [2026-02-04T18:48:50.986+0530] {dag.py:3823} INFO - Setting next_dagrun for tle_data_ingestion to 2026-02-04 13:15:00+00:00, run_after=2026-02-04 13:20:00+00:00
[2026-02-04T18:48:51.013+0530] {processor.py:183} INFO - Processing /opt/airflow/dags/dag_tle_ingestion_only.py took 0.197 seconds
[2026-02-04T18:49:21.146+0530] {processor.py:161} INFO - Started process (PID=316) to work on /opt/airflow/dags/dag_tle_ingestion_only.py
[2026-02-04T18:49:21.147+0530] {processor.py:830} INFO - Processing file /opt/airflow/dags/dag_tle_ingestion_only.py for tasks to queue
[2026-02-04T18:49:21.148+0530] {logging_mixin.py:188} INFO - [2026-02-04T18:49:21.148+0530] {dagbag.py:538} INFO - Filling up the DagBag from /opt/airflow/dags/dag_tle_ingestion_only.py
[2026-02-04T18:49:21.171+0530] {processor.py:840} INFO - DAG(s) 'tle_data_ingestion' retrieved from /opt/airflow/dags/dag_tle_ingestion_only.py
[2026-02-04T18:49:21.208+0530] {logging_mixin.py:188} INFO - [2026-02-04T18:49:21.208+0530] {dag.py:3036} INFO - Sync 1 DAGs
[2026-02-04T18:49:21.253+0530] {logging_mixin.py:188} INFO - [2026-02-04T18:49:21.252+0530] {dag.py:3823} INFO - Setting next_dagrun for tle_data_ingestion to 2026-02-04 13:15:00+00:00, run_after=2026-02-04 13:20:00+00:00
[2026-02-04T18:49:21.285+0530] {processor.py:183} INFO - Processing /opt/airflow/dags/dag_tle_ingestion_only.py took 0.143 seconds
[2026-02-04T18:49:51.425+0530] {processor.py:161} INFO - Started process (PID=321) to work on /opt/airflow/dags/dag_tle_ingestion_only.py
[2026-02-04T18:49:51.428+0530] {processor.py:830} INFO - Processing file /opt/airflow/dags/dag_tle_ingestion_only.py for tasks to queue
[2026-02-04T18:49:51.429+0530] {logging_mixin.py:188} INFO - [2026-02-04T18:49:51.429+0530] {dagbag.py:538} INFO - Filling up the DagBag from /opt/airflow/dags/dag_tle_ingestion_only.py
[2026-02-04T18:49:51.460+0530] {processor.py:840} INFO - DAG(s) 'tle_data_ingestion' retrieved from /opt/airflow/dags/dag_tle_ingestion_only.py
[2026-02-04T18:49:51.497+0530] {logging_mixin.py:188} INFO - [2026-02-04T18:49:51.496+0530] {dag.py:3036} INFO - Sync 1 DAGs
[2026-02-04T18:49:51.551+0530] {logging_mixin.py:188} INFO - [2026-02-04T18:49:51.551+0530] {dag.py:3823} INFO - Setting next_dagrun for tle_data_ingestion to 2026-02-04 13:15:00+00:00, run_after=2026-02-04 13:20:00+00:00
[2026-02-04T18:49:51.569+0530] {processor.py:183} INFO - Processing /opt/airflow/dags/dag_tle_ingestion_only.py took 0.148 seconds
[2026-02-04T18:50:21.694+0530] {processor.py:161} INFO - Started process (PID=333) to work on /opt/airflow/dags/dag_tle_ingestion_only.py
[2026-02-04T18:50:21.696+0530] {processor.py:830} INFO - Processing file /opt/airflow/dags/dag_tle_ingestion_only.py for tasks to queue
[2026-02-04T18:50:21.696+0530] {logging_mixin.py:188} INFO - [2026-02-04T18:50:21.696+0530] {dagbag.py:538} INFO - Filling up the DagBag from /opt/airflow/dags/dag_tle_ingestion_only.py
[2026-02-04T18:50:21.721+0530] {processor.py:840} INFO - DAG(s) 'tle_data_ingestion' retrieved from /opt/airflow/dags/dag_tle_ingestion_only.py
[2026-02-04T18:50:21.755+0530] {logging_mixin.py:188} INFO - [2026-02-04T18:50:21.754+0530] {dag.py:3036} INFO - Sync 1 DAGs
[2026-02-04T18:50:21.797+0530] {logging_mixin.py:188} INFO - [2026-02-04T18:50:21.797+0530] {dag.py:3823} INFO - Setting next_dagrun for tle_data_ingestion to 2026-02-04 13:20:00+00:00, run_after=2026-02-04 13:25:00+00:00
[2026-02-04T18:50:21.820+0530] {processor.py:183} INFO - Processing /opt/airflow/dags/dag_tle_ingestion_only.py took 0.130 seconds
[2026-02-04T18:50:51.956+0530] {processor.py:161} INFO - Started process (PID=338) to work on /opt/airflow/dags/dag_tle_ingestion_only.py
[2026-02-04T18:50:51.958+0530] {processor.py:830} INFO - Processing file /opt/airflow/dags/dag_tle_ingestion_only.py for tasks to queue
[2026-02-04T18:50:51.960+0530] {logging_mixin.py:188} INFO - [2026-02-04T18:50:51.959+0530] {dagbag.py:538} INFO - Filling up the DagBag from /opt/airflow/dags/dag_tle_ingestion_only.py
[2026-02-04T18:50:51.998+0530] {processor.py:840} INFO - DAG(s) 'tle_data_ingestion' retrieved from /opt/airflow/dags/dag_tle_ingestion_only.py
[2026-02-04T18:50:52.044+0530] {logging_mixin.py:188} INFO - [2026-02-04T18:50:52.043+0530] {dag.py:3036} INFO - Sync 1 DAGs
[2026-02-04T18:50:52.091+0530] {logging_mixin.py:188} INFO - [2026-02-04T18:50:52.091+0530] {dag.py:3823} INFO - Setting next_dagrun for tle_data_ingestion to 2026-02-04 13:20:00+00:00, run_after=2026-02-04 13:25:00+00:00
[2026-02-04T18:50:52.120+0530] {processor.py:183} INFO - Processing /opt/airflow/dags/dag_tle_ingestion_only.py took 0.172 seconds
[2026-02-04T18:51:22.275+0530] {processor.py:161} INFO - Started process (PID=343) to work on /opt/airflow/dags/dag_tle_ingestion_only.py
[2026-02-04T18:51:22.276+0530] {processor.py:830} INFO - Processing file /opt/airflow/dags/dag_tle_ingestion_only.py for tasks to queue
[2026-02-04T18:51:22.278+0530] {logging_mixin.py:188} INFO - [2026-02-04T18:51:22.277+0530] {dagbag.py:538} INFO - Filling up the DagBag from /opt/airflow/dags/dag_tle_ingestion_only.py
[2026-02-04T18:51:22.311+0530] {processor.py:840} INFO - DAG(s) 'tle_data_ingestion' retrieved from /opt/airflow/dags/dag_tle_ingestion_only.py
[2026-02-04T18:51:22.385+0530] {logging_mixin.py:188} INFO - [2026-02-04T18:51:22.384+0530] {dag.py:3036} INFO - Sync 1 DAGs
[2026-02-04T18:51:22.448+0530] {logging_mixin.py:188} INFO - [2026-02-04T18:51:22.447+0530] {dag.py:3823} INFO - Setting next_dagrun for tle_data_ingestion to 2026-02-04 13:20:00+00:00, run_after=2026-02-04 13:25:00+00:00
[2026-02-04T18:51:22.476+0530] {processor.py:183} INFO - Processing /opt/airflow/dags/dag_tle_ingestion_only.py took 0.207 seconds
[2026-02-04T18:51:52.624+0530] {processor.py:161} INFO - Started process (PID=348) to work on /opt/airflow/dags/dag_tle_ingestion_only.py
[2026-02-04T18:51:52.627+0530] {processor.py:830} INFO - Processing file /opt/airflow/dags/dag_tle_ingestion_only.py for tasks to queue
[2026-02-04T18:51:52.628+0530] {logging_mixin.py:188} INFO - [2026-02-04T18:51:52.628+0530] {dagbag.py:538} INFO - Filling up the DagBag from /opt/airflow/dags/dag_tle_ingestion_only.py
[2026-02-04T18:51:52.663+0530] {processor.py:840} INFO - DAG(s) 'tle_data_ingestion' retrieved from /opt/airflow/dags/dag_tle_ingestion_only.py
[2026-02-04T18:51:52.702+0530] {logging_mixin.py:188} INFO - [2026-02-04T18:51:52.702+0530] {dag.py:3036} INFO - Sync 1 DAGs
[2026-02-04T18:51:52.742+0530] {logging_mixin.py:188} INFO - [2026-02-04T18:51:52.742+0530] {dag.py:3823} INFO - Setting next_dagrun for tle_data_ingestion to 2026-02-04 13:20:00+00:00, run_after=2026-02-04 13:25:00+00:00
[2026-02-04T18:51:52.773+0530] {processor.py:183} INFO - Processing /opt/airflow/dags/dag_tle_ingestion_only.py took 0.156 seconds
[2026-02-04T18:52:22.901+0530] {processor.py:161} INFO - Started process (PID=353) to work on /opt/airflow/dags/dag_tle_ingestion_only.py
[2026-02-04T18:52:23.011+0530] {processor.py:830} INFO - Processing file /opt/airflow/dags/dag_tle_ingestion_only.py for tasks to queue
[2026-02-04T18:52:23.013+0530] {logging_mixin.py:188} INFO - [2026-02-04T18:52:23.012+0530] {dagbag.py:538} INFO - Filling up the DagBag from /opt/airflow/dags/dag_tle_ingestion_only.py
[2026-02-04T18:52:23.039+0530] {processor.py:840} INFO - DAG(s) 'tle_data_ingestion' retrieved from /opt/airflow/dags/dag_tle_ingestion_only.py
[2026-02-04T18:52:23.078+0530] {logging_mixin.py:188} INFO - [2026-02-04T18:52:23.078+0530] {dag.py:3036} INFO - Sync 1 DAGs
[2026-02-04T18:52:23.114+0530] {logging_mixin.py:188} INFO - [2026-02-04T18:52:23.114+0530] {dag.py:3823} INFO - Setting next_dagrun for tle_data_ingestion to 2026-02-04 13:20:00+00:00, run_after=2026-02-04 13:25:00+00:00
[2026-02-04T18:52:23.147+0530] {processor.py:183} INFO - Processing /opt/airflow/dags/dag_tle_ingestion_only.py took 0.249 seconds
[2026-02-04T18:52:53.272+0530] {processor.py:161} INFO - Started process (PID=358) to work on /opt/airflow/dags/dag_tle_ingestion_only.py
[2026-02-04T18:52:53.273+0530] {processor.py:830} INFO - Processing file /opt/airflow/dags/dag_tle_ingestion_only.py for tasks to queue
[2026-02-04T18:52:53.274+0530] {logging_mixin.py:188} INFO - [2026-02-04T18:52:53.273+0530] {dagbag.py:538} INFO - Filling up the DagBag from /opt/airflow/dags/dag_tle_ingestion_only.py
[2026-02-04T18:52:53.299+0530] {processor.py:840} INFO - DAG(s) 'tle_data_ingestion' retrieved from /opt/airflow/dags/dag_tle_ingestion_only.py
[2026-02-04T18:52:53.336+0530] {logging_mixin.py:188} INFO - [2026-02-04T18:52:53.336+0530] {dag.py:3036} INFO - Sync 1 DAGs
[2026-02-04T18:52:53.372+0530] {logging_mixin.py:188} INFO - [2026-02-04T18:52:53.372+0530] {dag.py:3823} INFO - Setting next_dagrun for tle_data_ingestion to 2026-02-04 13:20:00+00:00, run_after=2026-02-04 13:25:00+00:00
[2026-02-04T18:52:53.394+0530] {processor.py:183} INFO - Processing /opt/airflow/dags/dag_tle_ingestion_only.py took 0.127 seconds
[2026-02-04T18:53:23.529+0530] {processor.py:161} INFO - Started process (PID=363) to work on /opt/airflow/dags/dag_tle_ingestion_only.py
[2026-02-04T18:53:23.532+0530] {processor.py:830} INFO - Processing file /opt/airflow/dags/dag_tle_ingestion_only.py for tasks to queue
[2026-02-04T18:53:23.534+0530] {logging_mixin.py:188} INFO - [2026-02-04T18:53:23.533+0530] {dagbag.py:538} INFO - Filling up the DagBag from /opt/airflow/dags/dag_tle_ingestion_only.py
[2026-02-04T18:53:23.582+0530] {processor.py:840} INFO - DAG(s) 'tle_data_ingestion' retrieved from /opt/airflow/dags/dag_tle_ingestion_only.py
[2026-02-04T18:53:23.630+0530] {logging_mixin.py:188} INFO - [2026-02-04T18:53:23.630+0530] {dag.py:3036} INFO - Sync 1 DAGs
[2026-02-04T18:53:23.677+0530] {logging_mixin.py:188} INFO - [2026-02-04T18:53:23.677+0530] {dag.py:3823} INFO - Setting next_dagrun for tle_data_ingestion to 2026-02-04 13:20:00+00:00, run_after=2026-02-04 13:25:00+00:00
[2026-02-04T18:53:23.713+0530] {processor.py:183} INFO - Processing /opt/airflow/dags/dag_tle_ingestion_only.py took 0.191 seconds
[2026-02-04T18:53:53.846+0530] {processor.py:161} INFO - Started process (PID=368) to work on /opt/airflow/dags/dag_tle_ingestion_only.py
[2026-02-04T18:53:53.847+0530] {processor.py:830} INFO - Processing file /opt/airflow/dags/dag_tle_ingestion_only.py for tasks to queue
[2026-02-04T18:53:53.848+0530] {logging_mixin.py:188} INFO - [2026-02-04T18:53:53.848+0530] {dagbag.py:538} INFO - Filling up the DagBag from /opt/airflow/dags/dag_tle_ingestion_only.py
[2026-02-04T18:53:53.870+0530] {processor.py:840} INFO - DAG(s) 'tle_data_ingestion' retrieved from /opt/airflow/dags/dag_tle_ingestion_only.py
[2026-02-04T18:53:53.905+0530] {logging_mixin.py:188} INFO - [2026-02-04T18:53:53.904+0530] {dag.py:3036} INFO - Sync 1 DAGs
[2026-02-04T18:53:53.952+0530] {logging_mixin.py:188} INFO - [2026-02-04T18:53:53.952+0530] {dag.py:3823} INFO - Setting next_dagrun for tle_data_ingestion to 2026-02-04 13:20:00+00:00, run_after=2026-02-04 13:25:00+00:00
[2026-02-04T18:53:53.982+0530] {processor.py:183} INFO - Processing /opt/airflow/dags/dag_tle_ingestion_only.py took 0.139 seconds
[2026-02-04T18:54:24.122+0530] {processor.py:161} INFO - Started process (PID=373) to work on /opt/airflow/dags/dag_tle_ingestion_only.py
[2026-02-04T18:54:24.124+0530] {processor.py:830} INFO - Processing file /opt/airflow/dags/dag_tle_ingestion_only.py for tasks to queue
[2026-02-04T18:54:24.125+0530] {logging_mixin.py:188} INFO - [2026-02-04T18:54:24.124+0530] {dagbag.py:538} INFO - Filling up the DagBag from /opt/airflow/dags/dag_tle_ingestion_only.py
[2026-02-04T18:54:24.157+0530] {processor.py:840} INFO - DAG(s) 'tle_data_ingestion' retrieved from /opt/airflow/dags/dag_tle_ingestion_only.py
[2026-02-04T18:54:24.194+0530] {logging_mixin.py:188} INFO - [2026-02-04T18:54:24.194+0530] {dag.py:3036} INFO - Sync 1 DAGs
[2026-02-04T18:54:24.244+0530] {logging_mixin.py:188} INFO - [2026-02-04T18:54:24.243+0530] {dag.py:3823} INFO - Setting next_dagrun for tle_data_ingestion to 2026-02-04 13:20:00+00:00, run_after=2026-02-04 13:25:00+00:00
[2026-02-04T18:54:24.271+0530] {processor.py:183} INFO - Processing /opt/airflow/dags/dag_tle_ingestion_only.py took 0.155 seconds
[2026-02-04T18:54:54.406+0530] {processor.py:161} INFO - Started process (PID=378) to work on /opt/airflow/dags/dag_tle_ingestion_only.py
[2026-02-04T18:54:54.412+0530] {processor.py:830} INFO - Processing file /opt/airflow/dags/dag_tle_ingestion_only.py for tasks to queue
[2026-02-04T18:54:54.413+0530] {logging_mixin.py:188} INFO - [2026-02-04T18:54:54.413+0530] {dagbag.py:538} INFO - Filling up the DagBag from /opt/airflow/dags/dag_tle_ingestion_only.py
[2026-02-04T18:54:54.444+0530] {processor.py:840} INFO - DAG(s) 'tle_data_ingestion' retrieved from /opt/airflow/dags/dag_tle_ingestion_only.py
[2026-02-04T18:54:54.482+0530] {logging_mixin.py:188} INFO - [2026-02-04T18:54:54.482+0530] {dag.py:3036} INFO - Sync 1 DAGs
[2026-02-04T18:54:54.520+0530] {logging_mixin.py:188} INFO - [2026-02-04T18:54:54.520+0530] {dag.py:3823} INFO - Setting next_dagrun for tle_data_ingestion to 2026-02-04 13:20:00+00:00, run_after=2026-02-04 13:25:00+00:00
[2026-02-04T18:54:54.544+0530] {processor.py:183} INFO - Processing /opt/airflow/dags/dag_tle_ingestion_only.py took 0.144 seconds
[2026-02-04T18:55:24.679+0530] {processor.py:161} INFO - Started process (PID=390) to work on /opt/airflow/dags/dag_tle_ingestion_only.py
[2026-02-04T18:55:24.681+0530] {processor.py:830} INFO - Processing file /opt/airflow/dags/dag_tle_ingestion_only.py for tasks to queue
[2026-02-04T18:55:24.682+0530] {logging_mixin.py:188} INFO - [2026-02-04T18:55:24.681+0530] {dagbag.py:538} INFO - Filling up the DagBag from /opt/airflow/dags/dag_tle_ingestion_only.py
[2026-02-04T18:55:24.755+0530] {processor.py:840} INFO - DAG(s) 'tle_data_ingestion' retrieved from /opt/airflow/dags/dag_tle_ingestion_only.py
[2026-02-04T18:55:24.818+0530] {logging_mixin.py:188} INFO - [2026-02-04T18:55:24.817+0530] {dag.py:3036} INFO - Sync 1 DAGs
[2026-02-04T18:55:24.880+0530] {logging_mixin.py:188} INFO - [2026-02-04T18:55:24.879+0530] {dag.py:3823} INFO - Setting next_dagrun for tle_data_ingestion to 2026-02-04 13:25:00+00:00, run_after=2026-02-04 13:30:00+00:00
[2026-02-04T18:55:24.922+0530] {processor.py:183} INFO - Processing /opt/airflow/dags/dag_tle_ingestion_only.py took 0.250 seconds
[2026-02-04T18:55:55.057+0530] {processor.py:161} INFO - Started process (PID=395) to work on /opt/airflow/dags/dag_tle_ingestion_only.py
[2026-02-04T18:55:55.058+0530] {processor.py:830} INFO - Processing file /opt/airflow/dags/dag_tle_ingestion_only.py for tasks to queue
[2026-02-04T18:55:55.059+0530] {logging_mixin.py:188} INFO - [2026-02-04T18:55:55.059+0530] {dagbag.py:538} INFO - Filling up the DagBag from /opt/airflow/dags/dag_tle_ingestion_only.py
[2026-02-04T18:55:55.089+0530] {processor.py:840} INFO - DAG(s) 'tle_data_ingestion' retrieved from /opt/airflow/dags/dag_tle_ingestion_only.py
[2026-02-04T18:55:55.125+0530] {logging_mixin.py:188} INFO - [2026-02-04T18:55:55.125+0530] {dag.py:3036} INFO - Sync 1 DAGs
[2026-02-04T18:55:55.161+0530] {logging_mixin.py:188} INFO - [2026-02-04T18:55:55.161+0530] {dag.py:3823} INFO - Setting next_dagrun for tle_data_ingestion to 2026-02-04 13:25:00+00:00, run_after=2026-02-04 13:30:00+00:00
[2026-02-04T18:55:55.188+0530] {processor.py:183} INFO - Processing /opt/airflow/dags/dag_tle_ingestion_only.py took 0.137 seconds
[2026-02-04T18:56:25.328+0530] {processor.py:161} INFO - Started process (PID=400) to work on /opt/airflow/dags/dag_tle_ingestion_only.py
[2026-02-04T18:56:25.330+0530] {processor.py:830} INFO - Processing file /opt/airflow/dags/dag_tle_ingestion_only.py for tasks to queue
[2026-02-04T18:56:25.331+0530] {logging_mixin.py:188} INFO - [2026-02-04T18:56:25.330+0530] {dagbag.py:538} INFO - Filling up the DagBag from /opt/airflow/dags/dag_tle_ingestion_only.py
[2026-02-04T18:56:25.369+0530] {processor.py:840} INFO - DAG(s) 'tle_data_ingestion' retrieved from /opt/airflow/dags/dag_tle_ingestion_only.py
[2026-02-04T18:56:25.409+0530] {logging_mixin.py:188} INFO - [2026-02-04T18:56:25.409+0530] {dag.py:3036} INFO - Sync 1 DAGs
[2026-02-04T18:56:25.460+0530] {logging_mixin.py:188} INFO - [2026-02-04T18:56:25.460+0530] {dag.py:3823} INFO - Setting next_dagrun for tle_data_ingestion to 2026-02-04 13:25:00+00:00, run_after=2026-02-04 13:30:00+00:00
[2026-02-04T18:56:25.517+0530] {processor.py:183} INFO - Processing /opt/airflow/dags/dag_tle_ingestion_only.py took 0.193 seconds
[2026-02-04T18:56:55.634+0530] {processor.py:161} INFO - Started process (PID=405) to work on /opt/airflow/dags/dag_tle_ingestion_only.py
[2026-02-04T18:56:55.635+0530] {processor.py:830} INFO - Processing file /opt/airflow/dags/dag_tle_ingestion_only.py for tasks to queue
[2026-02-04T18:56:55.636+0530] {logging_mixin.py:188} INFO - [2026-02-04T18:56:55.635+0530] {dagbag.py:538} INFO - Filling up the DagBag from /opt/airflow/dags/dag_tle_ingestion_only.py
[2026-02-04T18:56:55.673+0530] {processor.py:840} INFO - DAG(s) 'tle_data_ingestion' retrieved from /opt/airflow/dags/dag_tle_ingestion_only.py
[2026-02-04T18:56:55.712+0530] {logging_mixin.py:188} INFO - [2026-02-04T18:56:55.712+0530] {dag.py:3036} INFO - Sync 1 DAGs
[2026-02-04T18:56:55.759+0530] {logging_mixin.py:188} INFO - [2026-02-04T18:56:55.759+0530] {dag.py:3823} INFO - Setting next_dagrun for tle_data_ingestion to 2026-02-04 13:25:00+00:00, run_after=2026-02-04 13:30:00+00:00
[2026-02-04T18:56:55.791+0530] {processor.py:183} INFO - Processing /opt/airflow/dags/dag_tle_ingestion_only.py took 0.162 seconds
[2026-02-04T18:57:25.925+0530] {processor.py:161} INFO - Started process (PID=410) to work on /opt/airflow/dags/dag_tle_ingestion_only.py
[2026-02-04T18:57:25.926+0530] {processor.py:830} INFO - Processing file /opt/airflow/dags/dag_tle_ingestion_only.py for tasks to queue
[2026-02-04T18:57:25.928+0530] {logging_mixin.py:188} INFO - [2026-02-04T18:57:25.927+0530] {dagbag.py:538} INFO - Filling up the DagBag from /opt/airflow/dags/dag_tle_ingestion_only.py
[2026-02-04T18:57:25.982+0530] {processor.py:840} INFO - DAG(s) 'tle_data_ingestion' retrieved from /opt/airflow/dags/dag_tle_ingestion_only.py
[2026-02-04T18:57:26.036+0530] {logging_mixin.py:188} INFO - [2026-02-04T18:57:26.035+0530] {dag.py:3036} INFO - Sync 1 DAGs
[2026-02-04T18:57:26.098+0530] {logging_mixin.py:188} INFO - [2026-02-04T18:57:26.098+0530] {dag.py:3823} INFO - Setting next_dagrun for tle_data_ingestion to 2026-02-04 13:25:00+00:00, run_after=2026-02-04 13:30:00+00:00
[2026-02-04T18:57:26.133+0530] {processor.py:183} INFO - Processing /opt/airflow/dags/dag_tle_ingestion_only.py took 0.217 seconds
[2026-02-04T18:57:56.260+0530] {processor.py:161} INFO - Started process (PID=415) to work on /opt/airflow/dags/dag_tle_ingestion_only.py
[2026-02-04T18:57:56.261+0530] {processor.py:830} INFO - Processing file /opt/airflow/dags/dag_tle_ingestion_only.py for tasks to queue
[2026-02-04T18:57:56.262+0530] {logging_mixin.py:188} INFO - [2026-02-04T18:57:56.261+0530] {dagbag.py:538} INFO - Filling up the DagBag from /opt/airflow/dags/dag_tle_ingestion_only.py
[2026-02-04T18:57:56.291+0530] {processor.py:840} INFO - DAG(s) 'tle_data_ingestion' retrieved from /opt/airflow/dags/dag_tle_ingestion_only.py
[2026-02-04T18:57:56.336+0530] {logging_mixin.py:188} INFO - [2026-02-04T18:57:56.336+0530] {dag.py:3036} INFO - Sync 1 DAGs
[2026-02-04T18:57:56.372+0530] {logging_mixin.py:188} INFO - [2026-02-04T18:57:56.371+0530] {dag.py:3823} INFO - Setting next_dagrun for tle_data_ingestion to 2026-02-04 13:25:00+00:00, run_after=2026-02-04 13:30:00+00:00
[2026-02-04T18:57:56.399+0530] {processor.py:183} INFO - Processing /opt/airflow/dags/dag_tle_ingestion_only.py took 0.144 seconds
[2026-02-04T18:58:26.545+0530] {processor.py:161} INFO - Started process (PID=420) to work on /opt/airflow/dags/dag_tle_ingestion_only.py
[2026-02-04T18:58:26.547+0530] {processor.py:830} INFO - Processing file /opt/airflow/dags/dag_tle_ingestion_only.py for tasks to queue
[2026-02-04T18:58:26.548+0530] {logging_mixin.py:188} INFO - [2026-02-04T18:58:26.547+0530] {dagbag.py:538} INFO - Filling up the DagBag from /opt/airflow/dags/dag_tle_ingestion_only.py
[2026-02-04T18:58:26.572+0530] {processor.py:840} INFO - DAG(s) 'tle_data_ingestion' retrieved from /opt/airflow/dags/dag_tle_ingestion_only.py
[2026-02-04T18:58:26.615+0530] {logging_mixin.py:188} INFO - [2026-02-04T18:58:26.614+0530] {dag.py:3036} INFO - Sync 1 DAGs
[2026-02-04T18:58:26.667+0530] {logging_mixin.py:188} INFO - [2026-02-04T18:58:26.667+0530] {dag.py:3823} INFO - Setting next_dagrun for tle_data_ingestion to 2026-02-04 13:25:00+00:00, run_after=2026-02-04 13:30:00+00:00
[2026-02-04T18:58:26.696+0530] {processor.py:183} INFO - Processing /opt/airflow/dags/dag_tle_ingestion_only.py took 0.155 seconds
[2026-02-04T18:58:56.830+0530] {processor.py:161} INFO - Started process (PID=425) to work on /opt/airflow/dags/dag_tle_ingestion_only.py
[2026-02-04T18:58:56.831+0530] {processor.py:830} INFO - Processing file /opt/airflow/dags/dag_tle_ingestion_only.py for tasks to queue
[2026-02-04T18:58:56.832+0530] {logging_mixin.py:188} INFO - [2026-02-04T18:58:56.832+0530] {dagbag.py:538} INFO - Filling up the DagBag from /opt/airflow/dags/dag_tle_ingestion_only.py
[2026-02-04T18:58:56.863+0530] {processor.py:840} INFO - DAG(s) 'tle_data_ingestion' retrieved from /opt/airflow/dags/dag_tle_ingestion_only.py
[2026-02-04T18:58:56.898+0530] {logging_mixin.py:188} INFO - [2026-02-04T18:58:56.898+0530] {dag.py:3036} INFO - Sync 1 DAGs
[2026-02-04T18:58:56.944+0530] {logging_mixin.py:188} INFO - [2026-02-04T18:58:56.943+0530] {dag.py:3823} INFO - Setting next_dagrun for tle_data_ingestion to 2026-02-04 13:25:00+00:00, run_after=2026-02-04 13:30:00+00:00
[2026-02-04T18:58:56.974+0530] {processor.py:183} INFO - Processing /opt/airflow/dags/dag_tle_ingestion_only.py took 0.148 seconds
[2026-02-04T18:59:27.113+0530] {processor.py:161} INFO - Started process (PID=430) to work on /opt/airflow/dags/dag_tle_ingestion_only.py
[2026-02-04T18:59:27.116+0530] {processor.py:830} INFO - Processing file /opt/airflow/dags/dag_tle_ingestion_only.py for tasks to queue
[2026-02-04T18:59:27.117+0530] {logging_mixin.py:188} INFO - [2026-02-04T18:59:27.116+0530] {dagbag.py:538} INFO - Filling up the DagBag from /opt/airflow/dags/dag_tle_ingestion_only.py
[2026-02-04T18:59:27.153+0530] {processor.py:840} INFO - DAG(s) 'tle_data_ingestion' retrieved from /opt/airflow/dags/dag_tle_ingestion_only.py
[2026-02-04T18:59:27.199+0530] {logging_mixin.py:188} INFO - [2026-02-04T18:59:27.199+0530] {dag.py:3036} INFO - Sync 1 DAGs
[2026-02-04T18:59:27.240+0530] {logging_mixin.py:188} INFO - [2026-02-04T18:59:27.240+0530] {dag.py:3823} INFO - Setting next_dagrun for tle_data_ingestion to 2026-02-04 13:25:00+00:00, run_after=2026-02-04 13:30:00+00:00
[2026-02-04T18:59:27.263+0530] {processor.py:183} INFO - Processing /opt/airflow/dags/dag_tle_ingestion_only.py took 0.157 seconds
[2026-02-04T18:59:57.406+0530] {processor.py:161} INFO - Started process (PID=435) to work on /opt/airflow/dags/dag_tle_ingestion_only.py
[2026-02-04T18:59:57.408+0530] {processor.py:830} INFO - Processing file /opt/airflow/dags/dag_tle_ingestion_only.py for tasks to queue
[2026-02-04T18:59:57.409+0530] {logging_mixin.py:188} INFO - [2026-02-04T18:59:57.409+0530] {dagbag.py:538} INFO - Filling up the DagBag from /opt/airflow/dags/dag_tle_ingestion_only.py
[2026-02-04T18:59:57.448+0530] {processor.py:840} INFO - DAG(s) 'tle_data_ingestion' retrieved from /opt/airflow/dags/dag_tle_ingestion_only.py
[2026-02-04T18:59:57.490+0530] {logging_mixin.py:188} INFO - [2026-02-04T18:59:57.490+0530] {dag.py:3036} INFO - Sync 1 DAGs
[2026-02-04T18:59:57.531+0530] {logging_mixin.py:188} INFO - [2026-02-04T18:59:57.531+0530] {dag.py:3823} INFO - Setting next_dagrun for tle_data_ingestion to 2026-02-04 13:25:00+00:00, run_after=2026-02-04 13:30:00+00:00
[2026-02-04T18:59:57.562+0530] {processor.py:183} INFO - Processing /opt/airflow/dags/dag_tle_ingestion_only.py took 0.160 seconds
[2026-02-04T19:00:27.708+0530] {processor.py:161} INFO - Started process (PID=447) to work on /opt/airflow/dags/dag_tle_ingestion_only.py
[2026-02-04T19:00:27.709+0530] {processor.py:830} INFO - Processing file /opt/airflow/dags/dag_tle_ingestion_only.py for tasks to queue
[2026-02-04T19:00:27.711+0530] {logging_mixin.py:188} INFO - [2026-02-04T19:00:27.710+0530] {dagbag.py:538} INFO - Filling up the DagBag from /opt/airflow/dags/dag_tle_ingestion_only.py
[2026-02-04T19:00:27.764+0530] {processor.py:840} INFO - DAG(s) 'tle_data_ingestion' retrieved from /opt/airflow/dags/dag_tle_ingestion_only.py
[2026-02-04T19:00:27.825+0530] {logging_mixin.py:188} INFO - [2026-02-04T19:00:27.825+0530] {dag.py:3036} INFO - Sync 1 DAGs
[2026-02-04T19:00:27.876+0530] {logging_mixin.py:188} INFO - [2026-02-04T19:00:27.875+0530] {dag.py:3823} INFO - Setting next_dagrun for tle_data_ingestion to 2026-02-04 13:30:00+00:00, run_after=2026-02-04 13:35:00+00:00
[2026-02-04T19:00:27.904+0530] {processor.py:183} INFO - Processing /opt/airflow/dags/dag_tle_ingestion_only.py took 0.205 seconds
[2026-02-04T19:00:58.035+0530] {processor.py:161} INFO - Started process (PID=452) to work on /opt/airflow/dags/dag_tle_ingestion_only.py
[2026-02-04T19:00:58.115+0530] {processor.py:830} INFO - Processing file /opt/airflow/dags/dag_tle_ingestion_only.py for tasks to queue
[2026-02-04T19:00:58.116+0530] {logging_mixin.py:188} INFO - [2026-02-04T19:00:58.116+0530] {dagbag.py:538} INFO - Filling up the DagBag from /opt/airflow/dags/dag_tle_ingestion_only.py
[2026-02-04T19:00:58.139+0530] {processor.py:840} INFO - DAG(s) 'tle_data_ingestion' retrieved from /opt/airflow/dags/dag_tle_ingestion_only.py
[2026-02-04T19:00:58.171+0530] {logging_mixin.py:188} INFO - [2026-02-04T19:00:58.171+0530] {dag.py:3036} INFO - Sync 1 DAGs
[2026-02-04T19:00:58.199+0530] {logging_mixin.py:188} INFO - [2026-02-04T19:00:58.198+0530] {dag.py:3823} INFO - Setting next_dagrun for tle_data_ingestion to 2026-02-04 13:30:00+00:00, run_after=2026-02-04 13:35:00+00:00
[2026-02-04T19:00:58.215+0530] {processor.py:183} INFO - Processing /opt/airflow/dags/dag_tle_ingestion_only.py took 0.184 seconds
[2026-02-04T19:01:28.372+0530] {processor.py:161} INFO - Started process (PID=457) to work on /opt/airflow/dags/dag_tle_ingestion_only.py
[2026-02-04T19:01:28.374+0530] {processor.py:830} INFO - Processing file /opt/airflow/dags/dag_tle_ingestion_only.py for tasks to queue
[2026-02-04T19:01:28.375+0530] {logging_mixin.py:188} INFO - [2026-02-04T19:01:28.374+0530] {dagbag.py:538} INFO - Filling up the DagBag from /opt/airflow/dags/dag_tle_ingestion_only.py
[2026-02-04T19:01:28.405+0530] {processor.py:840} INFO - DAG(s) 'tle_data_ingestion' retrieved from /opt/airflow/dags/dag_tle_ingestion_only.py
[2026-02-04T19:01:28.451+0530] {logging_mixin.py:188} INFO - [2026-02-04T19:01:28.451+0530] {dag.py:3036} INFO - Sync 1 DAGs
[2026-02-04T19:01:28.492+0530] {logging_mixin.py:188} INFO - [2026-02-04T19:01:28.492+0530] {dag.py:3823} INFO - Setting next_dagrun for tle_data_ingestion to 2026-02-04 13:30:00+00:00, run_after=2026-02-04 13:35:00+00:00
[2026-02-04T19:01:28.515+0530] {processor.py:183} INFO - Processing /opt/airflow/dags/dag_tle_ingestion_only.py took 0.151 seconds
[2026-02-04T19:01:58.642+0530] {processor.py:161} INFO - Started process (PID=462) to work on /opt/airflow/dags/dag_tle_ingestion_only.py
[2026-02-04T19:01:58.659+0530] {processor.py:830} INFO - Processing file /opt/airflow/dags/dag_tle_ingestion_only.py for tasks to queue
[2026-02-04T19:01:58.660+0530] {logging_mixin.py:188} INFO - [2026-02-04T19:01:58.660+0530] {dagbag.py:538} INFO - Filling up the DagBag from /opt/airflow/dags/dag_tle_ingestion_only.py
[2026-02-04T19:01:58.685+0530] {processor.py:840} INFO - DAG(s) 'tle_data_ingestion' retrieved from /opt/airflow/dags/dag_tle_ingestion_only.py
[2026-02-04T19:01:58.720+0530] {logging_mixin.py:188} INFO - [2026-02-04T19:01:58.720+0530] {dag.py:3036} INFO - Sync 1 DAGs
[2026-02-04T19:01:58.768+0530] {logging_mixin.py:188} INFO - [2026-02-04T19:01:58.768+0530] {dag.py:3823} INFO - Setting next_dagrun for tle_data_ingestion to 2026-02-04 13:30:00+00:00, run_after=2026-02-04 13:35:00+00:00
[2026-02-04T19:01:58.855+0530] {processor.py:183} INFO - Processing /opt/airflow/dags/dag_tle_ingestion_only.py took 0.217 seconds
[2026-02-04T19:02:28.992+0530] {processor.py:161} INFO - Started process (PID=467) to work on /opt/airflow/dags/dag_tle_ingestion_only.py
[2026-02-04T19:02:28.993+0530] {processor.py:830} INFO - Processing file /opt/airflow/dags/dag_tle_ingestion_only.py for tasks to queue
[2026-02-04T19:02:28.994+0530] {logging_mixin.py:188} INFO - [2026-02-04T19:02:28.994+0530] {dagbag.py:538} INFO - Filling up the DagBag from /opt/airflow/dags/dag_tle_ingestion_only.py
[2026-02-04T19:02:29.026+0530] {processor.py:840} INFO - DAG(s) 'tle_data_ingestion' retrieved from /opt/airflow/dags/dag_tle_ingestion_only.py
[2026-02-04T19:02:29.063+0530] {logging_mixin.py:188} INFO - [2026-02-04T19:02:29.063+0530] {dag.py:3036} INFO - Sync 1 DAGs
[2026-02-04T19:02:29.115+0530] {logging_mixin.py:188} INFO - [2026-02-04T19:02:29.115+0530] {dag.py:3823} INFO - Setting next_dagrun for tle_data_ingestion to 2026-02-04 13:30:00+00:00, run_after=2026-02-04 13:35:00+00:00
[2026-02-04T19:02:29.173+0530] {processor.py:183} INFO - Processing /opt/airflow/dags/dag_tle_ingestion_only.py took 0.185 seconds
[2026-02-04T19:02:59.308+0530] {processor.py:161} INFO - Started process (PID=472) to work on /opt/airflow/dags/dag_tle_ingestion_only.py
[2026-02-04T19:02:59.310+0530] {processor.py:830} INFO - Processing file /opt/airflow/dags/dag_tle_ingestion_only.py for tasks to queue
[2026-02-04T19:02:59.311+0530] {logging_mixin.py:188} INFO - [2026-02-04T19:02:59.310+0530] {dagbag.py:538} INFO - Filling up the DagBag from /opt/airflow/dags/dag_tle_ingestion_only.py
[2026-02-04T19:02:59.353+0530] {processor.py:840} INFO - DAG(s) 'tle_data_ingestion' retrieved from /opt/airflow/dags/dag_tle_ingestion_only.py
[2026-02-04T19:02:59.397+0530] {logging_mixin.py:188} INFO - [2026-02-04T19:02:59.397+0530] {dag.py:3036} INFO - Sync 1 DAGs
[2026-02-04T19:02:59.440+0530] {logging_mixin.py:188} INFO - [2026-02-04T19:02:59.439+0530] {dag.py:3823} INFO - Setting next_dagrun for tle_data_ingestion to 2026-02-04 13:30:00+00:00, run_after=2026-02-04 13:35:00+00:00
[2026-02-04T19:02:59.466+0530] {processor.py:183} INFO - Processing /opt/airflow/dags/dag_tle_ingestion_only.py took 0.164 seconds
[2026-02-04T19:03:29.607+0530] {processor.py:161} INFO - Started process (PID=477) to work on /opt/airflow/dags/dag_tle_ingestion_only.py
[2026-02-04T19:03:29.616+0530] {processor.py:830} INFO - Processing file /opt/airflow/dags/dag_tle_ingestion_only.py for tasks to queue
[2026-02-04T19:03:29.618+0530] {logging_mixin.py:188} INFO - [2026-02-04T19:03:29.617+0530] {dagbag.py:538} INFO - Filling up the DagBag from /opt/airflow/dags/dag_tle_ingestion_only.py
[2026-02-04T19:03:29.650+0530] {processor.py:840} INFO - DAG(s) 'tle_data_ingestion' retrieved from /opt/airflow/dags/dag_tle_ingestion_only.py
[2026-02-04T19:03:29.692+0530] {logging_mixin.py:188} INFO - [2026-02-04T19:03:29.692+0530] {dag.py:3036} INFO - Sync 1 DAGs
[2026-02-04T19:03:29.727+0530] {logging_mixin.py:188} INFO - [2026-02-04T19:03:29.727+0530] {dag.py:3823} INFO - Setting next_dagrun for tle_data_ingestion to 2026-02-04 13:30:00+00:00, run_after=2026-02-04 13:35:00+00:00
[2026-02-04T19:03:29.748+0530] {processor.py:183} INFO - Processing /opt/airflow/dags/dag_tle_ingestion_only.py took 0.148 seconds
[2026-02-04T19:03:59.886+0530] {processor.py:161} INFO - Started process (PID=482) to work on /opt/airflow/dags/dag_tle_ingestion_only.py
[2026-02-04T19:03:59.889+0530] {processor.py:830} INFO - Processing file /opt/airflow/dags/dag_tle_ingestion_only.py for tasks to queue
[2026-02-04T19:03:59.892+0530] {logging_mixin.py:188} INFO - [2026-02-04T19:03:59.890+0530] {dagbag.py:538} INFO - Filling up the DagBag from /opt/airflow/dags/dag_tle_ingestion_only.py
[2026-02-04T19:03:59.969+0530] {processor.py:840} INFO - DAG(s) 'tle_data_ingestion' retrieved from /opt/airflow/dags/dag_tle_ingestion_only.py
[2026-02-04T19:04:00.026+0530] {logging_mixin.py:188} INFO - [2026-02-04T19:04:00.026+0530] {dag.py:3036} INFO - Sync 1 DAGs
[2026-02-04T19:04:00.079+0530] {logging_mixin.py:188} INFO - [2026-02-04T19:04:00.079+0530] {dag.py:3823} INFO - Setting next_dagrun for tle_data_ingestion to 2026-02-04 13:30:00+00:00, run_after=2026-02-04 13:35:00+00:00
[2026-02-04T19:04:00.127+0530] {processor.py:183} INFO - Processing /opt/airflow/dags/dag_tle_ingestion_only.py took 0.253 seconds
[2026-02-04T19:04:30.259+0530] {processor.py:161} INFO - Started process (PID=487) to work on /opt/airflow/dags/dag_tle_ingestion_only.py
[2026-02-04T19:04:30.260+0530] {processor.py:830} INFO - Processing file /opt/airflow/dags/dag_tle_ingestion_only.py for tasks to queue
[2026-02-04T19:04:30.262+0530] {logging_mixin.py:188} INFO - [2026-02-04T19:04:30.261+0530] {dagbag.py:538} INFO - Filling up the DagBag from /opt/airflow/dags/dag_tle_ingestion_only.py
[2026-02-04T19:04:30.306+0530] {processor.py:840} INFO - DAG(s) 'tle_data_ingestion' retrieved from /opt/airflow/dags/dag_tle_ingestion_only.py
[2026-02-04T19:04:30.354+0530] {logging_mixin.py:188} INFO - [2026-02-04T19:04:30.354+0530] {dag.py:3036} INFO - Sync 1 DAGs
[2026-02-04T19:04:30.405+0530] {logging_mixin.py:188} INFO - [2026-02-04T19:04:30.404+0530] {dag.py:3823} INFO - Setting next_dagrun for tle_data_ingestion to 2026-02-04 13:30:00+00:00, run_after=2026-02-04 13:35:00+00:00
[2026-02-04T19:04:30.435+0530] {processor.py:183} INFO - Processing /opt/airflow/dags/dag_tle_ingestion_only.py took 0.181 seconds
[2026-02-04T19:05:00.577+0530] {processor.py:161} INFO - Started process (PID=492) to work on /opt/airflow/dags/dag_tle_ingestion_only.py
[2026-02-04T19:05:00.578+0530] {processor.py:830} INFO - Processing file /opt/airflow/dags/dag_tle_ingestion_only.py for tasks to queue
[2026-02-04T19:05:00.580+0530] {logging_mixin.py:188} INFO - [2026-02-04T19:05:00.579+0530] {dagbag.py:538} INFO - Filling up the DagBag from /opt/airflow/dags/dag_tle_ingestion_only.py
[2026-02-04T19:05:00.616+0530] {processor.py:840} INFO - DAG(s) 'tle_data_ingestion' retrieved from /opt/airflow/dags/dag_tle_ingestion_only.py
[2026-02-04T19:05:00.656+0530] {logging_mixin.py:188} INFO - [2026-02-04T19:05:00.656+0530] {dag.py:3036} INFO - Sync 1 DAGs
[2026-02-04T19:05:00.703+0530] {logging_mixin.py:188} INFO - [2026-02-04T19:05:00.703+0530] {dag.py:3823} INFO - Setting next_dagrun for tle_data_ingestion to 2026-02-04 13:30:00+00:00, run_after=2026-02-04 13:35:00+00:00
[2026-02-04T19:05:00.728+0530] {processor.py:183} INFO - Processing /opt/airflow/dags/dag_tle_ingestion_only.py took 0.156 seconds
[2026-02-04T19:05:30.857+0530] {processor.py:161} INFO - Started process (PID=504) to work on /opt/airflow/dags/dag_tle_ingestion_only.py
[2026-02-04T19:05:30.864+0530] {processor.py:830} INFO - Processing file /opt/airflow/dags/dag_tle_ingestion_only.py for tasks to queue
[2026-02-04T19:05:30.865+0530] {logging_mixin.py:188} INFO - [2026-02-04T19:05:30.865+0530] {dagbag.py:538} INFO - Filling up the DagBag from /opt/airflow/dags/dag_tle_ingestion_only.py
[2026-02-04T19:05:30.892+0530] {processor.py:840} INFO - DAG(s) 'tle_data_ingestion' retrieved from /opt/airflow/dags/dag_tle_ingestion_only.py
[2026-02-04T19:05:30.933+0530] {logging_mixin.py:188} INFO - [2026-02-04T19:05:30.932+0530] {dag.py:3036} INFO - Sync 1 DAGs
[2026-02-04T19:05:30.970+0530] {logging_mixin.py:188} INFO - [2026-02-04T19:05:30.970+0530] {dag.py:3823} INFO - Setting next_dagrun for tle_data_ingestion to 2026-02-04 13:35:00+00:00, run_after=2026-02-04 13:40:00+00:00
[2026-02-04T19:05:31.027+0530] {processor.py:183} INFO - Processing /opt/airflow/dags/dag_tle_ingestion_only.py took 0.174 seconds
[2026-02-04T19:06:01.174+0530] {processor.py:161} INFO - Started process (PID=509) to work on /opt/airflow/dags/dag_tle_ingestion_only.py
[2026-02-04T19:06:01.177+0530] {processor.py:830} INFO - Processing file /opt/airflow/dags/dag_tle_ingestion_only.py for tasks to queue
[2026-02-04T19:06:01.178+0530] {logging_mixin.py:188} INFO - [2026-02-04T19:06:01.177+0530] {dagbag.py:538} INFO - Filling up the DagBag from /opt/airflow/dags/dag_tle_ingestion_only.py
[2026-02-04T19:06:01.217+0530] {processor.py:840} INFO - DAG(s) 'tle_data_ingestion' retrieved from /opt/airflow/dags/dag_tle_ingestion_only.py
[2026-02-04T19:06:01.260+0530] {logging_mixin.py:188} INFO - [2026-02-04T19:06:01.260+0530] {dag.py:3036} INFO - Sync 1 DAGs
[2026-02-04T19:06:01.301+0530] {logging_mixin.py:188} INFO - [2026-02-04T19:06:01.301+0530] {dag.py:3823} INFO - Setting next_dagrun for tle_data_ingestion to 2026-02-04 13:35:00+00:00, run_after=2026-02-04 13:40:00+00:00
[2026-02-04T19:06:01.328+0530] {processor.py:183} INFO - Processing /opt/airflow/dags/dag_tle_ingestion_only.py took 0.160 seconds
[2026-02-04T19:06:31.491+0530] {processor.py:161} INFO - Started process (PID=514) to work on /opt/airflow/dags/dag_tle_ingestion_only.py
[2026-02-04T19:06:31.492+0530] {processor.py:830} INFO - Processing file /opt/airflow/dags/dag_tle_ingestion_only.py for tasks to queue
[2026-02-04T19:06:31.494+0530] {logging_mixin.py:188} INFO - [2026-02-04T19:06:31.493+0530] {dagbag.py:538} INFO - Filling up the DagBag from /opt/airflow/dags/dag_tle_ingestion_only.py
[2026-02-04T19:06:31.527+0530] {processor.py:840} INFO - DAG(s) 'tle_data_ingestion' retrieved from /opt/airflow/dags/dag_tle_ingestion_only.py
[2026-02-04T19:06:31.577+0530] {logging_mixin.py:188} INFO - [2026-02-04T19:06:31.577+0530] {dag.py:3036} INFO - Sync 1 DAGs
[2026-02-04T19:06:31.625+0530] {logging_mixin.py:188} INFO - [2026-02-04T19:06:31.624+0530] {dag.py:3823} INFO - Setting next_dagrun for tle_data_ingestion to 2026-02-04 13:35:00+00:00, run_after=2026-02-04 13:40:00+00:00
[2026-02-04T19:06:31.652+0530] {processor.py:183} INFO - Processing /opt/airflow/dags/dag_tle_ingestion_only.py took 0.167 seconds
[2026-02-04T19:07:01.787+0530] {processor.py:161} INFO - Started process (PID=519) to work on /opt/airflow/dags/dag_tle_ingestion_only.py
[2026-02-04T19:07:01.802+0530] {processor.py:830} INFO - Processing file /opt/airflow/dags/dag_tle_ingestion_only.py for tasks to queue
[2026-02-04T19:07:01.804+0530] {logging_mixin.py:188} INFO - [2026-02-04T19:07:01.803+0530] {dagbag.py:538} INFO - Filling up the DagBag from /opt/airflow/dags/dag_tle_ingestion_only.py
[2026-02-04T19:07:01.865+0530] {processor.py:840} INFO - DAG(s) 'tle_data_ingestion' retrieved from /opt/airflow/dags/dag_tle_ingestion_only.py
[2026-02-04T19:07:01.921+0530] {logging_mixin.py:188} INFO - [2026-02-04T19:07:01.921+0530] {dag.py:3036} INFO - Sync 1 DAGs
[2026-02-04T19:07:01.962+0530] {logging_mixin.py:188} INFO - [2026-02-04T19:07:01.962+0530] {dag.py:3823} INFO - Setting next_dagrun for tle_data_ingestion to 2026-02-04 13:35:00+00:00, run_after=2026-02-04 13:40:00+00:00
[2026-02-04T19:07:01.995+0530] {processor.py:183} INFO - Processing /opt/airflow/dags/dag_tle_ingestion_only.py took 0.216 seconds
[2026-02-04T19:07:32.133+0530] {processor.py:161} INFO - Started process (PID=524) to work on /opt/airflow/dags/dag_tle_ingestion_only.py
[2026-02-04T19:07:32.135+0530] {processor.py:830} INFO - Processing file /opt/airflow/dags/dag_tle_ingestion_only.py for tasks to queue
[2026-02-04T19:07:32.137+0530] {logging_mixin.py:188} INFO - [2026-02-04T19:07:32.136+0530] {dagbag.py:538} INFO - Filling up the DagBag from /opt/airflow/dags/dag_tle_ingestion_only.py
[2026-02-04T19:07:32.188+0530] {processor.py:840} INFO - DAG(s) 'tle_data_ingestion' retrieved from /opt/airflow/dags/dag_tle_ingestion_only.py
[2026-02-04T19:07:32.266+0530] {logging_mixin.py:188} INFO - [2026-02-04T19:07:32.266+0530] {dag.py:3036} INFO - Sync 1 DAGs
[2026-02-04T19:07:32.339+0530] {logging_mixin.py:188} INFO - [2026-02-04T19:07:32.338+0530] {dag.py:3823} INFO - Setting next_dagrun for tle_data_ingestion to 2026-02-04 13:35:00+00:00, run_after=2026-02-04 13:40:00+00:00
[2026-02-04T19:07:32.376+0530] {processor.py:183} INFO - Processing /opt/airflow/dags/dag_tle_ingestion_only.py took 0.251 seconds
[2026-02-04T19:08:02.527+0530] {processor.py:161} INFO - Started process (PID=529) to work on /opt/airflow/dags/dag_tle_ingestion_only.py
[2026-02-04T19:08:02.528+0530] {processor.py:830} INFO - Processing file /opt/airflow/dags/dag_tle_ingestion_only.py for tasks to queue
[2026-02-04T19:08:02.530+0530] {logging_mixin.py:188} INFO - [2026-02-04T19:08:02.529+0530] {dagbag.py:538} INFO - Filling up the DagBag from /opt/airflow/dags/dag_tle_ingestion_only.py
[2026-02-04T19:08:02.580+0530] {processor.py:840} INFO - DAG(s) 'tle_data_ingestion' retrieved from /opt/airflow/dags/dag_tle_ingestion_only.py
[2026-02-04T19:08:02.625+0530] {logging_mixin.py:188} INFO - [2026-02-04T19:08:02.624+0530] {dag.py:3036} INFO - Sync 1 DAGs
[2026-02-04T19:08:02.666+0530] {logging_mixin.py:188} INFO - [2026-02-04T19:08:02.665+0530] {dag.py:3823} INFO - Setting next_dagrun for tle_data_ingestion to 2026-02-04 13:35:00+00:00, run_after=2026-02-04 13:40:00+00:00
[2026-02-04T19:08:02.689+0530] {processor.py:183} INFO - Processing /opt/airflow/dags/dag_tle_ingestion_only.py took 0.170 seconds
[2026-02-04T19:08:32.836+0530] {processor.py:161} INFO - Started process (PID=534) to work on /opt/airflow/dags/dag_tle_ingestion_only.py
[2026-02-04T19:08:32.837+0530] {processor.py:830} INFO - Processing file /opt/airflow/dags/dag_tle_ingestion_only.py for tasks to queue
[2026-02-04T19:08:32.839+0530] {logging_mixin.py:188} INFO - [2026-02-04T19:08:32.838+0530] {dagbag.py:538} INFO - Filling up the DagBag from /opt/airflow/dags/dag_tle_ingestion_only.py
[2026-02-04T19:08:32.891+0530] {processor.py:840} INFO - DAG(s) 'tle_data_ingestion' retrieved from /opt/airflow/dags/dag_tle_ingestion_only.py
[2026-02-04T19:08:32.955+0530] {logging_mixin.py:188} INFO - [2026-02-04T19:08:32.955+0530] {dag.py:3036} INFO - Sync 1 DAGs
[2026-02-04T19:08:32.997+0530] {logging_mixin.py:188} INFO - [2026-02-04T19:08:32.997+0530] {dag.py:3823} INFO - Setting next_dagrun for tle_data_ingestion to 2026-02-04 13:35:00+00:00, run_after=2026-02-04 13:40:00+00:00
[2026-02-04T19:08:33.019+0530] {processor.py:183} INFO - Processing /opt/airflow/dags/dag_tle_ingestion_only.py took 0.189 seconds
[2026-02-04T19:09:03.161+0530] {processor.py:161} INFO - Started process (PID=539) to work on /opt/airflow/dags/dag_tle_ingestion_only.py
[2026-02-04T19:09:03.163+0530] {processor.py:830} INFO - Processing file /opt/airflow/dags/dag_tle_ingestion_only.py for tasks to queue
[2026-02-04T19:09:03.166+0530] {logging_mixin.py:188} INFO - [2026-02-04T19:09:03.164+0530] {dagbag.py:538} INFO - Filling up the DagBag from /opt/airflow/dags/dag_tle_ingestion_only.py
[2026-02-04T19:09:03.221+0530] {processor.py:840} INFO - DAG(s) 'tle_data_ingestion' retrieved from /opt/airflow/dags/dag_tle_ingestion_only.py
[2026-02-04T19:09:03.285+0530] {logging_mixin.py:188} INFO - [2026-02-04T19:09:03.285+0530] {dag.py:3036} INFO - Sync 1 DAGs
[2026-02-04T19:09:03.340+0530] {logging_mixin.py:188} INFO - [2026-02-04T19:09:03.340+0530] {dag.py:3823} INFO - Setting next_dagrun for tle_data_ingestion to 2026-02-04 13:35:00+00:00, run_after=2026-02-04 13:40:00+00:00
[2026-02-04T19:09:03.376+0530] {processor.py:183} INFO - Processing /opt/airflow/dags/dag_tle_ingestion_only.py took 0.224 seconds
[2026-02-04T19:09:33.521+0530] {processor.py:161} INFO - Started process (PID=544) to work on /opt/airflow/dags/dag_tle_ingestion_only.py
[2026-02-04T19:09:33.522+0530] {processor.py:830} INFO - Processing file /opt/airflow/dags/dag_tle_ingestion_only.py for tasks to queue
[2026-02-04T19:09:33.523+0530] {logging_mixin.py:188} INFO - [2026-02-04T19:09:33.523+0530] {dagbag.py:538} INFO - Filling up the DagBag from /opt/airflow/dags/dag_tle_ingestion_only.py
[2026-02-04T19:09:33.567+0530] {processor.py:840} INFO - DAG(s) 'tle_data_ingestion' retrieved from /opt/airflow/dags/dag_tle_ingestion_only.py
[2026-02-04T19:09:33.617+0530] {logging_mixin.py:188} INFO - [2026-02-04T19:09:33.617+0530] {dag.py:3036} INFO - Sync 1 DAGs
[2026-02-04T19:09:33.665+0530] {logging_mixin.py:188} INFO - [2026-02-04T19:09:33.664+0530] {dag.py:3823} INFO - Setting next_dagrun for tle_data_ingestion to 2026-02-04 13:35:00+00:00, run_after=2026-02-04 13:40:00+00:00
[2026-02-04T19:09:33.687+0530] {processor.py:183} INFO - Processing /opt/airflow/dags/dag_tle_ingestion_only.py took 0.174 seconds
[2026-02-04T19:10:03.830+0530] {processor.py:161} INFO - Started process (PID=553) to work on /opt/airflow/dags/dag_tle_ingestion_only.py
[2026-02-04T19:10:03.833+0530] {processor.py:830} INFO - Processing file /opt/airflow/dags/dag_tle_ingestion_only.py for tasks to queue
[2026-02-04T19:10:03.837+0530] {logging_mixin.py:188} INFO - [2026-02-04T19:10:03.835+0530] {dagbag.py:538} INFO - Filling up the DagBag from /opt/airflow/dags/dag_tle_ingestion_only.py
[2026-02-04T19:10:03.891+0530] {processor.py:840} INFO - DAG(s) 'tle_data_ingestion' retrieved from /opt/airflow/dags/dag_tle_ingestion_only.py
[2026-02-04T19:10:03.954+0530] {logging_mixin.py:188} INFO - [2026-02-04T19:10:03.953+0530] {dag.py:3036} INFO - Sync 1 DAGs
[2026-02-04T19:10:04.030+0530] {logging_mixin.py:188} INFO - [2026-02-04T19:10:04.030+0530] {dag.py:3823} INFO - Setting next_dagrun for tle_data_ingestion to 2026-02-04 13:40:00+00:00, run_after=2026-02-04 13:45:00+00:00
[2026-02-04T19:10:04.068+0530] {processor.py:183} INFO - Processing /opt/airflow/dags/dag_tle_ingestion_only.py took 0.250 seconds
[2026-02-04T19:10:34.208+0530] {processor.py:161} INFO - Started process (PID=561) to work on /opt/airflow/dags/dag_tle_ingestion_only.py
[2026-02-04T19:10:34.209+0530] {processor.py:830} INFO - Processing file /opt/airflow/dags/dag_tle_ingestion_only.py for tasks to queue
[2026-02-04T19:10:34.210+0530] {logging_mixin.py:188} INFO - [2026-02-04T19:10:34.209+0530] {dagbag.py:538} INFO - Filling up the DagBag from /opt/airflow/dags/dag_tle_ingestion_only.py
[2026-02-04T19:10:34.240+0530] {processor.py:840} INFO - DAG(s) 'tle_data_ingestion' retrieved from /opt/airflow/dags/dag_tle_ingestion_only.py
[2026-02-04T19:10:34.282+0530] {logging_mixin.py:188} INFO - [2026-02-04T19:10:34.282+0530] {dag.py:3036} INFO - Sync 1 DAGs
[2026-02-04T19:10:34.315+0530] {logging_mixin.py:188} INFO - [2026-02-04T19:10:34.315+0530] {dag.py:3823} INFO - Setting next_dagrun for tle_data_ingestion to 2026-02-04 13:40:00+00:00, run_after=2026-02-04 13:45:00+00:00
[2026-02-04T19:10:34.337+0530] {processor.py:183} INFO - Processing /opt/airflow/dags/dag_tle_ingestion_only.py took 0.132 seconds
[2026-02-04T19:11:04.472+0530] {processor.py:161} INFO - Started process (PID=566) to work on /opt/airflow/dags/dag_tle_ingestion_only.py
[2026-02-04T19:11:04.474+0530] {processor.py:830} INFO - Processing file /opt/airflow/dags/dag_tle_ingestion_only.py for tasks to queue
[2026-02-04T19:11:04.477+0530] {logging_mixin.py:188} INFO - [2026-02-04T19:11:04.475+0530] {dagbag.py:538} INFO - Filling up the DagBag from /opt/airflow/dags/dag_tle_ingestion_only.py
[2026-02-04T19:11:04.548+0530] {processor.py:840} INFO - DAG(s) 'tle_data_ingestion' retrieved from /opt/airflow/dags/dag_tle_ingestion_only.py
[2026-02-04T19:11:04.608+0530] {logging_mixin.py:188} INFO - [2026-02-04T19:11:04.608+0530] {dag.py:3036} INFO - Sync 1 DAGs
[2026-02-04T19:11:04.647+0530] {logging_mixin.py:188} INFO - [2026-02-04T19:11:04.647+0530] {dag.py:3823} INFO - Setting next_dagrun for tle_data_ingestion to 2026-02-04 13:40:00+00:00, run_after=2026-02-04 13:45:00+00:00
[2026-02-04T19:11:04.674+0530] {processor.py:183} INFO - Processing /opt/airflow/dags/dag_tle_ingestion_only.py took 0.215 seconds
[2026-02-04T19:11:34.810+0530] {processor.py:161} INFO - Started process (PID=571) to work on /opt/airflow/dags/dag_tle_ingestion_only.py
[2026-02-04T19:11:34.817+0530] {processor.py:830} INFO - Processing file /opt/airflow/dags/dag_tle_ingestion_only.py for tasks to queue
[2026-02-04T19:11:34.819+0530] {logging_mixin.py:188} INFO - [2026-02-04T19:11:34.818+0530] {dagbag.py:538} INFO - Filling up the DagBag from /opt/airflow/dags/dag_tle_ingestion_only.py
[2026-02-04T19:11:34.876+0530] {processor.py:840} INFO - DAG(s) 'tle_data_ingestion' retrieved from /opt/airflow/dags/dag_tle_ingestion_only.py
[2026-02-04T19:11:34.929+0530] {logging_mixin.py:188} INFO - [2026-02-04T19:11:34.929+0530] {dag.py:3036} INFO - Sync 1 DAGs
[2026-02-04T19:11:34.977+0530] {logging_mixin.py:188} INFO - [2026-02-04T19:11:34.977+0530] {dag.py:3823} INFO - Setting next_dagrun for tle_data_ingestion to 2026-02-04 13:40:00+00:00, run_after=2026-02-04 13:45:00+00:00
[2026-02-04T19:11:34.997+0530] {processor.py:183} INFO - Processing /opt/airflow/dags/dag_tle_ingestion_only.py took 0.193 seconds
[2026-02-04T19:12:05.140+0530] {processor.py:161} INFO - Started process (PID=576) to work on /opt/airflow/dags/dag_tle_ingestion_only.py
[2026-02-04T19:12:05.156+0530] {processor.py:830} INFO - Processing file /opt/airflow/dags/dag_tle_ingestion_only.py for tasks to queue
[2026-02-04T19:12:05.158+0530] {logging_mixin.py:188} INFO - [2026-02-04T19:12:05.157+0530] {dagbag.py:538} INFO - Filling up the DagBag from /opt/airflow/dags/dag_tle_ingestion_only.py
[2026-02-04T19:12:05.237+0530] {processor.py:840} INFO - DAG(s) 'tle_data_ingestion' retrieved from /opt/airflow/dags/dag_tle_ingestion_only.py
[2026-02-04T19:12:05.306+0530] {logging_mixin.py:188} INFO - [2026-02-04T19:12:05.306+0530] {dag.py:3036} INFO - Sync 1 DAGs
[2026-02-04T19:12:05.351+0530] {logging_mixin.py:188} INFO - [2026-02-04T19:12:05.351+0530] {dag.py:3823} INFO - Setting next_dagrun for tle_data_ingestion to 2026-02-04 13:40:00+00:00, run_after=2026-02-04 13:45:00+00:00
[2026-02-04T19:12:05.378+0530] {processor.py:183} INFO - Processing /opt/airflow/dags/dag_tle_ingestion_only.py took 0.246 seconds
[2026-02-04T19:12:35.520+0530] {processor.py:161} INFO - Started process (PID=581) to work on /opt/airflow/dags/dag_tle_ingestion_only.py
[2026-02-04T19:12:35.521+0530] {processor.py:830} INFO - Processing file /opt/airflow/dags/dag_tle_ingestion_only.py for tasks to queue
[2026-02-04T19:12:35.523+0530] {logging_mixin.py:188} INFO - [2026-02-04T19:12:35.522+0530] {dagbag.py:538} INFO - Filling up the DagBag from /opt/airflow/dags/dag_tle_ingestion_only.py
[2026-02-04T19:12:35.561+0530] {processor.py:840} INFO - DAG(s) 'tle_data_ingestion' retrieved from /opt/airflow/dags/dag_tle_ingestion_only.py
[2026-02-04T19:12:35.630+0530] {logging_mixin.py:188} INFO - [2026-02-04T19:12:35.630+0530] {dag.py:3036} INFO - Sync 1 DAGs
[2026-02-04T19:12:35.680+0530] {logging_mixin.py:188} INFO - [2026-02-04T19:12:35.680+0530] {dag.py:3823} INFO - Setting next_dagrun for tle_data_ingestion to 2026-02-04 13:40:00+00:00, run_after=2026-02-04 13:45:00+00:00
[2026-02-04T19:12:35.709+0530] {processor.py:183} INFO - Processing /opt/airflow/dags/dag_tle_ingestion_only.py took 0.196 seconds
[2026-02-04T19:13:05.851+0530] {processor.py:161} INFO - Started process (PID=586) to work on /opt/airflow/dags/dag_tle_ingestion_only.py
[2026-02-04T19:13:05.852+0530] {processor.py:830} INFO - Processing file /opt/airflow/dags/dag_tle_ingestion_only.py for tasks to queue
[2026-02-04T19:13:05.854+0530] {logging_mixin.py:188} INFO - [2026-02-04T19:13:05.853+0530] {dagbag.py:538} INFO - Filling up the DagBag from /opt/airflow/dags/dag_tle_ingestion_only.py
[2026-02-04T19:13:05.913+0530] {processor.py:840} INFO - DAG(s) 'tle_data_ingestion' retrieved from /opt/airflow/dags/dag_tle_ingestion_only.py
[2026-02-04T19:13:05.977+0530] {logging_mixin.py:188} INFO - [2026-02-04T19:13:05.977+0530] {dag.py:3036} INFO - Sync 1 DAGs
[2026-02-04T19:13:06.051+0530] {logging_mixin.py:188} INFO - [2026-02-04T19:13:06.051+0530] {dag.py:3823} INFO - Setting next_dagrun for tle_data_ingestion to 2026-02-04 13:40:00+00:00, run_after=2026-02-04 13:45:00+00:00
[2026-02-04T19:13:06.079+0530] {processor.py:183} INFO - Processing /opt/airflow/dags/dag_tle_ingestion_only.py took 0.238 seconds
[2026-02-04T19:13:36.211+0530] {processor.py:161} INFO - Started process (PID=591) to work on /opt/airflow/dags/dag_tle_ingestion_only.py
[2026-02-04T19:13:36.213+0530] {processor.py:830} INFO - Processing file /opt/airflow/dags/dag_tle_ingestion_only.py for tasks to queue
[2026-02-04T19:13:36.214+0530] {logging_mixin.py:188} INFO - [2026-02-04T19:13:36.213+0530] {dagbag.py:538} INFO - Filling up the DagBag from /opt/airflow/dags/dag_tle_ingestion_only.py
[2026-02-04T19:13:36.248+0530] {processor.py:840} INFO - DAG(s) 'tle_data_ingestion' retrieved from /opt/airflow/dags/dag_tle_ingestion_only.py
[2026-02-04T19:13:36.292+0530] {logging_mixin.py:188} INFO - [2026-02-04T19:13:36.292+0530] {dag.py:3036} INFO - Sync 1 DAGs
[2026-02-04T19:13:36.342+0530] {logging_mixin.py:188} INFO - [2026-02-04T19:13:36.342+0530] {dag.py:3823} INFO - Setting next_dagrun for tle_data_ingestion to 2026-02-04 13:40:00+00:00, run_after=2026-02-04 13:45:00+00:00
[2026-02-04T19:13:36.368+0530] {processor.py:183} INFO - Processing /opt/airflow/dags/dag_tle_ingestion_only.py took 0.162 seconds
[2026-02-04T19:14:06.504+0530] {processor.py:161} INFO - Started process (PID=596) to work on /opt/airflow/dags/dag_tle_ingestion_only.py
[2026-02-04T19:14:06.506+0530] {processor.py:830} INFO - Processing file /opt/airflow/dags/dag_tle_ingestion_only.py for tasks to queue
[2026-02-04T19:14:06.509+0530] {logging_mixin.py:188} INFO - [2026-02-04T19:14:06.507+0530] {dagbag.py:538} INFO - Filling up the DagBag from /opt/airflow/dags/dag_tle_ingestion_only.py
[2026-02-04T19:14:06.575+0530] {processor.py:840} INFO - DAG(s) 'tle_data_ingestion' retrieved from /opt/airflow/dags/dag_tle_ingestion_only.py
[2026-02-04T19:14:06.630+0530] {logging_mixin.py:188} INFO - [2026-02-04T19:14:06.629+0530] {dag.py:3036} INFO - Sync 1 DAGs
[2026-02-04T19:14:06.675+0530] {logging_mixin.py:188} INFO - [2026-02-04T19:14:06.674+0530] {dag.py:3823} INFO - Setting next_dagrun for tle_data_ingestion to 2026-02-04 13:40:00+00:00, run_after=2026-02-04 13:45:00+00:00
[2026-02-04T19:14:06.702+0530] {processor.py:183} INFO - Processing /opt/airflow/dags/dag_tle_ingestion_only.py took 0.209 seconds
[2026-02-04T19:14:36.837+0530] {processor.py:161} INFO - Started process (PID=601) to work on /opt/airflow/dags/dag_tle_ingestion_only.py
[2026-02-04T19:14:36.839+0530] {processor.py:830} INFO - Processing file /opt/airflow/dags/dag_tle_ingestion_only.py for tasks to queue
[2026-02-04T19:14:36.840+0530] {logging_mixin.py:188} INFO - [2026-02-04T19:14:36.839+0530] {dagbag.py:538} INFO - Filling up the DagBag from /opt/airflow/dags/dag_tle_ingestion_only.py
[2026-02-04T19:14:36.868+0530] {processor.py:840} INFO - DAG(s) 'tle_data_ingestion' retrieved from /opt/airflow/dags/dag_tle_ingestion_only.py
[2026-02-04T19:14:36.915+0530] {logging_mixin.py:188} INFO - [2026-02-04T19:14:36.915+0530] {dag.py:3036} INFO - Sync 1 DAGs
[2026-02-04T19:14:36.952+0530] {logging_mixin.py:188} INFO - [2026-02-04T19:14:36.951+0530] {dag.py:3823} INFO - Setting next_dagrun for tle_data_ingestion to 2026-02-04 13:40:00+00:00, run_after=2026-02-04 13:45:00+00:00
[2026-02-04T19:14:36.977+0530] {processor.py:183} INFO - Processing /opt/airflow/dags/dag_tle_ingestion_only.py took 0.144 seconds
[2026-02-04T19:15:07.104+0530] {processor.py:161} INFO - Started process (PID=613) to work on /opt/airflow/dags/dag_tle_ingestion_only.py
[2026-02-04T19:15:07.105+0530] {processor.py:830} INFO - Processing file /opt/airflow/dags/dag_tle_ingestion_only.py for tasks to queue
[2026-02-04T19:15:07.107+0530] {logging_mixin.py:188} INFO - [2026-02-04T19:15:07.106+0530] {dagbag.py:538} INFO - Filling up the DagBag from /opt/airflow/dags/dag_tle_ingestion_only.py
[2026-02-04T19:15:07.147+0530] {processor.py:840} INFO - DAG(s) 'tle_data_ingestion' retrieved from /opt/airflow/dags/dag_tle_ingestion_only.py
[2026-02-04T19:15:07.199+0530] {logging_mixin.py:188} INFO - [2026-02-04T19:15:07.199+0530] {dag.py:3036} INFO - Sync 1 DAGs
[2026-02-04T19:15:07.238+0530] {logging_mixin.py:188} INFO - [2026-02-04T19:15:07.237+0530] {dag.py:3823} INFO - Setting next_dagrun for tle_data_ingestion to 2026-02-04 13:45:00+00:00, run_after=2026-02-04 13:50:00+00:00
[2026-02-04T19:15:07.264+0530] {processor.py:183} INFO - Processing /opt/airflow/dags/dag_tle_ingestion_only.py took 0.168 seconds
[2026-02-04T19:15:37.390+0530] {processor.py:161} INFO - Started process (PID=618) to work on /opt/airflow/dags/dag_tle_ingestion_only.py
[2026-02-04T19:15:37.392+0530] {processor.py:830} INFO - Processing file /opt/airflow/dags/dag_tle_ingestion_only.py for tasks to queue
[2026-02-04T19:15:37.393+0530] {logging_mixin.py:188} INFO - [2026-02-04T19:15:37.392+0530] {dagbag.py:538} INFO - Filling up the DagBag from /opt/airflow/dags/dag_tle_ingestion_only.py
[2026-02-04T19:15:37.431+0530] {processor.py:840} INFO - DAG(s) 'tle_data_ingestion' retrieved from /opt/airflow/dags/dag_tle_ingestion_only.py
[2026-02-04T19:15:37.477+0530] {logging_mixin.py:188} INFO - [2026-02-04T19:15:37.477+0530] {dag.py:3036} INFO - Sync 1 DAGs
[2026-02-04T19:15:37.519+0530] {logging_mixin.py:188} INFO - [2026-02-04T19:15:37.519+0530] {dag.py:3823} INFO - Setting next_dagrun for tle_data_ingestion to 2026-02-04 13:45:00+00:00, run_after=2026-02-04 13:50:00+00:00
[2026-02-04T19:15:37.545+0530] {processor.py:183} INFO - Processing /opt/airflow/dags/dag_tle_ingestion_only.py took 0.161 seconds
[2026-02-04T19:16:07.684+0530] {processor.py:161} INFO - Started process (PID=623) to work on /opt/airflow/dags/dag_tle_ingestion_only.py
[2026-02-04T19:16:07.686+0530] {processor.py:830} INFO - Processing file /opt/airflow/dags/dag_tle_ingestion_only.py for tasks to queue
[2026-02-04T19:16:07.688+0530] {logging_mixin.py:188} INFO - [2026-02-04T19:16:07.687+0530] {dagbag.py:538} INFO - Filling up the DagBag from /opt/airflow/dags/dag_tle_ingestion_only.py
[2026-02-04T19:16:07.747+0530] {processor.py:840} INFO - DAG(s) 'tle_data_ingestion' retrieved from /opt/airflow/dags/dag_tle_ingestion_only.py
[2026-02-04T19:16:07.808+0530] {logging_mixin.py:188} INFO - [2026-02-04T19:16:07.808+0530] {dag.py:3036} INFO - Sync 1 DAGs
[2026-02-04T19:16:07.855+0530] {logging_mixin.py:188} INFO - [2026-02-04T19:16:07.855+0530] {dag.py:3823} INFO - Setting next_dagrun for tle_data_ingestion to 2026-02-04 13:45:00+00:00, run_after=2026-02-04 13:50:00+00:00
[2026-02-04T19:16:07.881+0530] {processor.py:183} INFO - Processing /opt/airflow/dags/dag_tle_ingestion_only.py took 0.205 seconds
[2026-02-04T19:16:38.038+0530] {processor.py:161} INFO - Started process (PID=628) to work on /opt/airflow/dags/dag_tle_ingestion_only.py
[2026-02-04T19:16:38.039+0530] {processor.py:830} INFO - Processing file /opt/airflow/dags/dag_tle_ingestion_only.py for tasks to queue
[2026-02-04T19:16:38.040+0530] {logging_mixin.py:188} INFO - [2026-02-04T19:16:38.040+0530] {dagbag.py:538} INFO - Filling up the DagBag from /opt/airflow/dags/dag_tle_ingestion_only.py
[2026-02-04T19:16:38.079+0530] {processor.py:840} INFO - DAG(s) 'tle_data_ingestion' retrieved from /opt/airflow/dags/dag_tle_ingestion_only.py
[2026-02-04T19:16:38.127+0530] {logging_mixin.py:188} INFO - [2026-02-04T19:16:38.126+0530] {dag.py:3036} INFO - Sync 1 DAGs
[2026-02-04T19:16:38.164+0530] {logging_mixin.py:188} INFO - [2026-02-04T19:16:38.164+0530] {dag.py:3823} INFO - Setting next_dagrun for tle_data_ingestion to 2026-02-04 13:45:00+00:00, run_after=2026-02-04 13:50:00+00:00
[2026-02-04T19:16:38.185+0530] {processor.py:183} INFO - Processing /opt/airflow/dags/dag_tle_ingestion_only.py took 0.156 seconds
[2026-02-04T19:17:08.340+0530] {processor.py:161} INFO - Started process (PID=633) to work on /opt/airflow/dags/dag_tle_ingestion_only.py
[2026-02-04T19:17:08.342+0530] {processor.py:830} INFO - Processing file /opt/airflow/dags/dag_tle_ingestion_only.py for tasks to queue
[2026-02-04T19:17:08.344+0530] {logging_mixin.py:188} INFO - [2026-02-04T19:17:08.343+0530] {dagbag.py:538} INFO - Filling up the DagBag from /opt/airflow/dags/dag_tle_ingestion_only.py
[2026-02-04T19:17:08.406+0530] {processor.py:840} INFO - DAG(s) 'tle_data_ingestion' retrieved from /opt/airflow/dags/dag_tle_ingestion_only.py
[2026-02-04T19:17:08.471+0530] {logging_mixin.py:188} INFO - [2026-02-04T19:17:08.471+0530] {dag.py:3036} INFO - Sync 1 DAGs
[2026-02-04T19:17:08.524+0530] {logging_mixin.py:188} INFO - [2026-02-04T19:17:08.523+0530] {dag.py:3823} INFO - Setting next_dagrun for tle_data_ingestion to 2026-02-04 13:45:00+00:00, run_after=2026-02-04 13:50:00+00:00
[2026-02-04T19:17:08.552+0530] {processor.py:183} INFO - Processing /opt/airflow/dags/dag_tle_ingestion_only.py took 0.221 seconds
[2026-02-04T19:17:38.685+0530] {processor.py:161} INFO - Started process (PID=638) to work on /opt/airflow/dags/dag_tle_ingestion_only.py
[2026-02-04T19:17:38.686+0530] {processor.py:830} INFO - Processing file /opt/airflow/dags/dag_tle_ingestion_only.py for tasks to queue
[2026-02-04T19:17:38.687+0530] {logging_mixin.py:188} INFO - [2026-02-04T19:17:38.687+0530] {dagbag.py:538} INFO - Filling up the DagBag from /opt/airflow/dags/dag_tle_ingestion_only.py
[2026-02-04T19:17:38.721+0530] {processor.py:840} INFO - DAG(s) 'tle_data_ingestion' retrieved from /opt/airflow/dags/dag_tle_ingestion_only.py
[2026-02-04T19:17:38.772+0530] {logging_mixin.py:188} INFO - [2026-02-04T19:17:38.772+0530] {dag.py:3036} INFO - Sync 1 DAGs
[2026-02-04T19:17:38.809+0530] {logging_mixin.py:188} INFO - [2026-02-04T19:17:38.808+0530] {dag.py:3823} INFO - Setting next_dagrun for tle_data_ingestion to 2026-02-04 13:45:00+00:00, run_after=2026-02-04 13:50:00+00:00
[2026-02-04T19:17:38.830+0530] {processor.py:183} INFO - Processing /opt/airflow/dags/dag_tle_ingestion_only.py took 0.152 seconds
[2026-02-04T19:18:08.966+0530] {processor.py:161} INFO - Started process (PID=643) to work on /opt/airflow/dags/dag_tle_ingestion_only.py
[2026-02-04T19:18:08.967+0530] {processor.py:830} INFO - Processing file /opt/airflow/dags/dag_tle_ingestion_only.py for tasks to queue
[2026-02-04T19:18:08.970+0530] {logging_mixin.py:188} INFO - [2026-02-04T19:18:08.969+0530] {dagbag.py:538} INFO - Filling up the DagBag from /opt/airflow/dags/dag_tle_ingestion_only.py
[2026-02-04T19:18:09.040+0530] {processor.py:840} INFO - DAG(s) 'tle_data_ingestion' retrieved from /opt/airflow/dags/dag_tle_ingestion_only.py
[2026-02-04T19:18:09.104+0530] {logging_mixin.py:188} INFO - [2026-02-04T19:18:09.103+0530] {dag.py:3036} INFO - Sync 1 DAGs
[2026-02-04T19:18:09.177+0530] {logging_mixin.py:188} INFO - [2026-02-04T19:18:09.176+0530] {dag.py:3823} INFO - Setting next_dagrun for tle_data_ingestion to 2026-02-04 13:45:00+00:00, run_after=2026-02-04 13:50:00+00:00
[2026-02-04T19:18:09.204+0530] {processor.py:183} INFO - Processing /opt/airflow/dags/dag_tle_ingestion_only.py took 0.250 seconds
[2026-02-04T19:18:39.330+0530] {processor.py:161} INFO - Started process (PID=648) to work on /opt/airflow/dags/dag_tle_ingestion_only.py
[2026-02-04T19:18:39.331+0530] {processor.py:830} INFO - Processing file /opt/airflow/dags/dag_tle_ingestion_only.py for tasks to queue
[2026-02-04T19:18:39.333+0530] {logging_mixin.py:188} INFO - [2026-02-04T19:18:39.332+0530] {dagbag.py:538} INFO - Filling up the DagBag from /opt/airflow/dags/dag_tle_ingestion_only.py
[2026-02-04T19:18:39.383+0530] {processor.py:840} INFO - DAG(s) 'tle_data_ingestion' retrieved from /opt/airflow/dags/dag_tle_ingestion_only.py
[2026-02-04T19:18:39.437+0530] {logging_mixin.py:188} INFO - [2026-02-04T19:18:39.436+0530] {dag.py:3036} INFO - Sync 1 DAGs
[2026-02-04T19:18:39.481+0530] {logging_mixin.py:188} INFO - [2026-02-04T19:18:39.481+0530] {dag.py:3823} INFO - Setting next_dagrun for tle_data_ingestion to 2026-02-04 13:45:00+00:00, run_after=2026-02-04 13:50:00+00:00
[2026-02-04T19:18:39.510+0530] {processor.py:183} INFO - Processing /opt/airflow/dags/dag_tle_ingestion_only.py took 0.188 seconds
[2026-02-04T19:19:09.640+0530] {processor.py:161} INFO - Started process (PID=653) to work on /opt/airflow/dags/dag_tle_ingestion_only.py
[2026-02-04T19:19:09.641+0530] {processor.py:830} INFO - Processing file /opt/airflow/dags/dag_tle_ingestion_only.py for tasks to queue
[2026-02-04T19:19:09.643+0530] {logging_mixin.py:188} INFO - [2026-02-04T19:19:09.642+0530] {dagbag.py:538} INFO - Filling up the DagBag from /opt/airflow/dags/dag_tle_ingestion_only.py
[2026-02-04T19:19:09.686+0530] {processor.py:840} INFO - DAG(s) 'tle_data_ingestion' retrieved from /opt/airflow/dags/dag_tle_ingestion_only.py
[2026-02-04T19:19:09.736+0530] {logging_mixin.py:188} INFO - [2026-02-04T19:19:09.736+0530] {dag.py:3036} INFO - Sync 1 DAGs
[2026-02-04T19:19:09.780+0530] {logging_mixin.py:188} INFO - [2026-02-04T19:19:09.780+0530] {dag.py:3823} INFO - Setting next_dagrun for tle_data_ingestion to 2026-02-04 13:45:00+00:00, run_after=2026-02-04 13:50:00+00:00
[2026-02-04T19:19:09.808+0530] {processor.py:183} INFO - Processing /opt/airflow/dags/dag_tle_ingestion_only.py took 0.175 seconds
[2026-02-04T19:19:39.941+0530] {processor.py:161} INFO - Started process (PID=658) to work on /opt/airflow/dags/dag_tle_ingestion_only.py
[2026-02-04T19:19:39.942+0530] {processor.py:830} INFO - Processing file /opt/airflow/dags/dag_tle_ingestion_only.py for tasks to queue
[2026-02-04T19:19:39.944+0530] {logging_mixin.py:188} INFO - [2026-02-04T19:19:39.943+0530] {dagbag.py:538} INFO - Filling up the DagBag from /opt/airflow/dags/dag_tle_ingestion_only.py
[2026-02-04T19:19:40.001+0530] {processor.py:840} INFO - DAG(s) 'tle_data_ingestion' retrieved from /opt/airflow/dags/dag_tle_ingestion_only.py
[2026-02-04T19:19:40.053+0530] {logging_mixin.py:188} INFO - [2026-02-04T19:19:40.053+0530] {dag.py:3036} INFO - Sync 1 DAGs
[2026-02-04T19:19:40.098+0530] {logging_mixin.py:188} INFO - [2026-02-04T19:19:40.098+0530] {dag.py:3823} INFO - Setting next_dagrun for tle_data_ingestion to 2026-02-04 13:45:00+00:00, run_after=2026-02-04 13:50:00+00:00
[2026-02-04T19:19:40.123+0530] {processor.py:183} INFO - Processing /opt/airflow/dags/dag_tle_ingestion_only.py took 0.192 seconds
[2026-02-04T19:20:10.256+0530] {processor.py:161} INFO - Started process (PID=670) to work on /opt/airflow/dags/dag_tle_ingestion_only.py
[2026-02-04T19:20:10.258+0530] {processor.py:830} INFO - Processing file /opt/airflow/dags/dag_tle_ingestion_only.py for tasks to queue
[2026-02-04T19:20:10.260+0530] {logging_mixin.py:188} INFO - [2026-02-04T19:20:10.259+0530] {dagbag.py:538} INFO - Filling up the DagBag from /opt/airflow/dags/dag_tle_ingestion_only.py
[2026-02-04T19:20:10.293+0530] {processor.py:840} INFO - DAG(s) 'tle_data_ingestion' retrieved from /opt/airflow/dags/dag_tle_ingestion_only.py
[2026-02-04T19:20:10.339+0530] {logging_mixin.py:188} INFO - [2026-02-04T19:20:10.339+0530] {dag.py:3036} INFO - Sync 1 DAGs
[2026-02-04T19:20:10.376+0530] {logging_mixin.py:188} INFO - [2026-02-04T19:20:10.375+0530] {dag.py:3823} INFO - Setting next_dagrun for tle_data_ingestion to 2026-02-04 13:50:00+00:00, run_after=2026-02-04 13:55:00+00:00
[2026-02-04T19:20:10.398+0530] {processor.py:183} INFO - Processing /opt/airflow/dags/dag_tle_ingestion_only.py took 0.148 seconds
[2026-02-04T19:20:40.522+0530] {processor.py:161} INFO - Started process (PID=675) to work on /opt/airflow/dags/dag_tle_ingestion_only.py
[2026-02-04T19:20:40.524+0530] {processor.py:830} INFO - Processing file /opt/airflow/dags/dag_tle_ingestion_only.py for tasks to queue
[2026-02-04T19:20:40.526+0530] {logging_mixin.py:188} INFO - [2026-02-04T19:20:40.525+0530] {dagbag.py:538} INFO - Filling up the DagBag from /opt/airflow/dags/dag_tle_ingestion_only.py
[2026-02-04T19:20:40.571+0530] {processor.py:840} INFO - DAG(s) 'tle_data_ingestion' retrieved from /opt/airflow/dags/dag_tle_ingestion_only.py
[2026-02-04T19:20:40.636+0530] {logging_mixin.py:188} INFO - [2026-02-04T19:20:40.635+0530] {dag.py:3036} INFO - Sync 1 DAGs
[2026-02-04T19:20:40.682+0530] {logging_mixin.py:188} INFO - [2026-02-04T19:20:40.682+0530] {dag.py:3823} INFO - Setting next_dagrun for tle_data_ingestion to 2026-02-04 13:50:00+00:00, run_after=2026-02-04 13:55:00+00:00
[2026-02-04T19:20:40.714+0530] {processor.py:183} INFO - Processing /opt/airflow/dags/dag_tle_ingestion_only.py took 0.199 seconds
[2026-02-04T19:21:10.839+0530] {processor.py:161} INFO - Started process (PID=680) to work on /opt/airflow/dags/dag_tle_ingestion_only.py
[2026-02-04T19:21:10.840+0530] {processor.py:830} INFO - Processing file /opt/airflow/dags/dag_tle_ingestion_only.py for tasks to queue
[2026-02-04T19:21:10.841+0530] {logging_mixin.py:188} INFO - [2026-02-04T19:21:10.840+0530] {dagbag.py:538} INFO - Filling up the DagBag from /opt/airflow/dags/dag_tle_ingestion_only.py
[2026-02-04T19:21:10.869+0530] {processor.py:840} INFO - DAG(s) 'tle_data_ingestion' retrieved from /opt/airflow/dags/dag_tle_ingestion_only.py
[2026-02-04T19:21:10.911+0530] {logging_mixin.py:188} INFO - [2026-02-04T19:21:10.910+0530] {dag.py:3036} INFO - Sync 1 DAGs
[2026-02-04T19:21:10.957+0530] {logging_mixin.py:188} INFO - [2026-02-04T19:21:10.957+0530] {dag.py:3823} INFO - Setting next_dagrun for tle_data_ingestion to 2026-02-04 13:50:00+00:00, run_after=2026-02-04 13:55:00+00:00
[2026-02-04T19:21:10.983+0530] {processor.py:183} INFO - Processing /opt/airflow/dags/dag_tle_ingestion_only.py took 0.150 seconds
[2026-02-04T19:21:41.112+0530] {processor.py:161} INFO - Started process (PID=685) to work on /opt/airflow/dags/dag_tle_ingestion_only.py
[2026-02-04T19:21:41.113+0530] {processor.py:830} INFO - Processing file /opt/airflow/dags/dag_tle_ingestion_only.py for tasks to queue
[2026-02-04T19:21:41.115+0530] {logging_mixin.py:188} INFO - [2026-02-04T19:21:41.114+0530] {dagbag.py:538} INFO - Filling up the DagBag from /opt/airflow/dags/dag_tle_ingestion_only.py
[2026-02-04T19:21:41.175+0530] {processor.py:840} INFO - DAG(s) 'tle_data_ingestion' retrieved from /opt/airflow/dags/dag_tle_ingestion_only.py
[2026-02-04T19:21:41.229+0530] {logging_mixin.py:188} INFO - [2026-02-04T19:21:41.229+0530] {dag.py:3036} INFO - Sync 1 DAGs
[2026-02-04T19:21:41.267+0530] {logging_mixin.py:188} INFO - [2026-02-04T19:21:41.267+0530] {dag.py:3823} INFO - Setting next_dagrun for tle_data_ingestion to 2026-02-04 13:50:00+00:00, run_after=2026-02-04 13:55:00+00:00
[2026-02-04T19:21:41.295+0530] {processor.py:183} INFO - Processing /opt/airflow/dags/dag_tle_ingestion_only.py took 0.192 seconds
[2026-02-04T19:22:11.411+0530] {processor.py:161} INFO - Started process (PID=690) to work on /opt/airflow/dags/dag_tle_ingestion_only.py
[2026-02-04T19:22:11.412+0530] {processor.py:830} INFO - Processing file /opt/airflow/dags/dag_tle_ingestion_only.py for tasks to queue
[2026-02-04T19:22:11.414+0530] {logging_mixin.py:188} INFO - [2026-02-04T19:22:11.413+0530] {dagbag.py:538} INFO - Filling up the DagBag from /opt/airflow/dags/dag_tle_ingestion_only.py
[2026-02-04T19:22:11.440+0530] {processor.py:840} INFO - DAG(s) 'tle_data_ingestion' retrieved from /opt/airflow/dags/dag_tle_ingestion_only.py
[2026-02-04T19:22:11.479+0530] {logging_mixin.py:188} INFO - [2026-02-04T19:22:11.479+0530] {dag.py:3036} INFO - Sync 1 DAGs
[2026-02-04T19:22:11.510+0530] {logging_mixin.py:188} INFO - [2026-02-04T19:22:11.510+0530] {dag.py:3823} INFO - Setting next_dagrun for tle_data_ingestion to 2026-02-04 13:50:00+00:00, run_after=2026-02-04 13:55:00+00:00
[2026-02-04T19:22:11.530+0530] {processor.py:183} INFO - Processing /opt/airflow/dags/dag_tle_ingestion_only.py took 0.122 seconds
[2026-02-04T19:22:41.663+0530] {processor.py:161} INFO - Started process (PID=695) to work on /opt/airflow/dags/dag_tle_ingestion_only.py
[2026-02-04T19:22:41.664+0530] {processor.py:830} INFO - Processing file /opt/airflow/dags/dag_tle_ingestion_only.py for tasks to queue
[2026-02-04T19:22:41.667+0530] {logging_mixin.py:188} INFO - [2026-02-04T19:22:41.665+0530] {dagbag.py:538} INFO - Filling up the DagBag from /opt/airflow/dags/dag_tle_ingestion_only.py
[2026-02-04T19:22:41.725+0530] {processor.py:840} INFO - DAG(s) 'tle_data_ingestion' retrieved from /opt/airflow/dags/dag_tle_ingestion_only.py
[2026-02-04T19:22:41.780+0530] {logging_mixin.py:188} INFO - [2026-02-04T19:22:41.780+0530] {dag.py:3036} INFO - Sync 1 DAGs
[2026-02-04T19:22:41.829+0530] {logging_mixin.py:188} INFO - [2026-02-04T19:22:41.829+0530] {dag.py:3823} INFO - Setting next_dagrun for tle_data_ingestion to 2026-02-04 13:50:00+00:00, run_after=2026-02-04 13:55:00+00:00
[2026-02-04T19:22:41.862+0530] {processor.py:183} INFO - Processing /opt/airflow/dags/dag_tle_ingestion_only.py took 0.209 seconds
[2026-02-04T19:23:11.989+0530] {processor.py:161} INFO - Started process (PID=700) to work on /opt/airflow/dags/dag_tle_ingestion_only.py
[2026-02-04T19:23:11.990+0530] {processor.py:830} INFO - Processing file /opt/airflow/dags/dag_tle_ingestion_only.py for tasks to queue
[2026-02-04T19:23:11.992+0530] {logging_mixin.py:188} INFO - [2026-02-04T19:23:11.991+0530] {dagbag.py:538} INFO - Filling up the DagBag from /opt/airflow/dags/dag_tle_ingestion_only.py
[2026-02-04T19:23:12.031+0530] {processor.py:840} INFO - DAG(s) 'tle_data_ingestion' retrieved from /opt/airflow/dags/dag_tle_ingestion_only.py
[2026-02-04T19:23:12.080+0530] {logging_mixin.py:188} INFO - [2026-02-04T19:23:12.080+0530] {dag.py:3036} INFO - Sync 1 DAGs
[2026-02-04T19:23:12.118+0530] {logging_mixin.py:188} INFO - [2026-02-04T19:23:12.118+0530] {dag.py:3823} INFO - Setting next_dagrun for tle_data_ingestion to 2026-02-04 13:50:00+00:00, run_after=2026-02-04 13:55:00+00:00
[2026-02-04T19:23:12.140+0530] {processor.py:183} INFO - Processing /opt/airflow/dags/dag_tle_ingestion_only.py took 0.158 seconds
[2026-02-04T19:23:42.280+0530] {processor.py:161} INFO - Started process (PID=705) to work on /opt/airflow/dags/dag_tle_ingestion_only.py
[2026-02-04T19:23:42.282+0530] {processor.py:830} INFO - Processing file /opt/airflow/dags/dag_tle_ingestion_only.py for tasks to queue
[2026-02-04T19:23:42.285+0530] {logging_mixin.py:188} INFO - [2026-02-04T19:23:42.283+0530] {dagbag.py:538} INFO - Filling up the DagBag from /opt/airflow/dags/dag_tle_ingestion_only.py
[2026-02-04T19:23:42.356+0530] {processor.py:840} INFO - DAG(s) 'tle_data_ingestion' retrieved from /opt/airflow/dags/dag_tle_ingestion_only.py
[2026-02-04T19:23:42.424+0530] {logging_mixin.py:188} INFO - [2026-02-04T19:23:42.424+0530] {dag.py:3036} INFO - Sync 1 DAGs
[2026-02-04T19:23:42.491+0530] {logging_mixin.py:188} INFO - [2026-02-04T19:23:42.491+0530] {dag.py:3823} INFO - Setting next_dagrun for tle_data_ingestion to 2026-02-04 13:50:00+00:00, run_after=2026-02-04 13:55:00+00:00
[2026-02-04T19:23:42.527+0530] {processor.py:183} INFO - Processing /opt/airflow/dags/dag_tle_ingestion_only.py took 0.259 seconds
[2026-02-04T19:59:23.342+0530] {processor.py:161} INFO - Started process (PID=710) to work on /opt/airflow/dags/dag_tle_ingestion_only.py
[2026-02-04T19:59:23.346+0530] {processor.py:830} INFO - Processing file /opt/airflow/dags/dag_tle_ingestion_only.py for tasks to queue
[2026-02-04T19:59:23.347+0530] {logging_mixin.py:188} INFO - [2026-02-04T19:59:23.346+0530] {dagbag.py:538} INFO - Filling up the DagBag from /opt/airflow/dags/dag_tle_ingestion_only.py
[2026-02-04T19:59:23.433+0530] {processor.py:840} INFO - DAG(s) 'tle_data_ingestion' retrieved from /opt/airflow/dags/dag_tle_ingestion_only.py
[2026-02-04T19:59:23.534+0530] {logging_mixin.py:188} INFO - [2026-02-04T19:59:23.534+0530] {dag.py:3036} INFO - Sync 1 DAGs
[2026-02-04T19:59:23.613+0530] {logging_mixin.py:188} INFO - [2026-02-04T19:59:23.613+0530] {dag.py:3823} INFO - Setting next_dagrun for tle_data_ingestion to 2026-02-04 14:20:00+00:00, run_after=2026-02-04 14:25:00+00:00
[2026-02-04T19:59:23.660+0530] {processor.py:183} INFO - Processing /opt/airflow/dags/dag_tle_ingestion_only.py took 0.324 seconds
[2026-02-04T19:59:23.715+0530] {processor.py:161} INFO - Started process (PID=716) to work on /opt/airflow/dags/dag_tle_ingestion_only.py
[2026-02-04T19:59:23.716+0530] {processor.py:830} INFO - Processing file /opt/airflow/dags/dag_tle_ingestion_only.py for tasks to queue
[2026-02-04T19:59:23.717+0530] {logging_mixin.py:188} INFO - [2026-02-04T19:59:23.717+0530] {dagbag.py:538} INFO - Filling up the DagBag from /opt/airflow/dags/dag_tle_ingestion_only.py
[2026-02-04T19:59:23.830+0530] {processor.py:840} INFO - DAG(s) 'tle_data_ingestion' retrieved from /opt/airflow/dags/dag_tle_ingestion_only.py
[2026-02-04T19:59:24.006+0530] {logging_mixin.py:188} INFO - [2026-02-04T19:59:24.006+0530] {taskinstance.py:2700} ERROR - {'DAG Id': 'tle_data_ingestion', 'Task Id': 'ingest_api_to_kafka', 'Run Id': 'scheduled__2026-02-04T13:10:00+00:00', 'Hostname': 'airflow-scheduler'}
[2026-02-04T19:59:24.111+0530] {logging_mixin.py:188} INFO - [2026-02-04T19:59:24.110+0530] {taskinstance.py:1138} INFO - Marking task as UP_FOR_RETRY. dag_id=tle_data_ingestion, task_id=ingest_api_to_kafka, execution_date=20260204T131000, start_date=20260204T131505, end_date=20260204T142924
[2026-02-04T19:59:24.159+0530] {processor.py:791} INFO - Executed failure callback for <TaskInstance: tle_data_ingestion.ingest_api_to_kafka scheduled__2026-02-04T13:10:00+00:00 [up_for_retry]> in state up_for_retry
[2026-02-04T19:59:24.248+0530] {logging_mixin.py:188} INFO - [2026-02-04T19:59:24.247+0530] {dag.py:3036} INFO - Sync 1 DAGs
[2026-02-04T19:59:24.335+0530] {logging_mixin.py:188} INFO - [2026-02-04T19:59:24.335+0530] {dag.py:3823} INFO - Setting next_dagrun for tle_data_ingestion to 2026-02-04 14:25:00+00:00, run_after=2026-02-04 14:30:00+00:00
[2026-02-04T19:59:24.404+0530] {processor.py:183} INFO - Processing /opt/airflow/dags/dag_tle_ingestion_only.py took 0.698 seconds
[2026-02-04T19:59:54.626+0530] {processor.py:161} INFO - Started process (PID=726) to work on /opt/airflow/dags/dag_tle_ingestion_only.py
[2026-02-04T19:59:54.633+0530] {processor.py:830} INFO - Processing file /opt/airflow/dags/dag_tle_ingestion_only.py for tasks to queue
[2026-02-04T19:59:54.647+0530] {logging_mixin.py:188} INFO - [2026-02-04T19:59:54.646+0530] {dagbag.py:538} INFO - Filling up the DagBag from /opt/airflow/dags/dag_tle_ingestion_only.py
[2026-02-04T19:59:54.758+0530] {processor.py:840} INFO - DAG(s) 'tle_data_ingestion' retrieved from /opt/airflow/dags/dag_tle_ingestion_only.py
[2026-02-04T19:59:54.865+0530] {logging_mixin.py:188} INFO - [2026-02-04T19:59:54.864+0530] {taskinstance.py:2700} ERROR - {'DAG Id': 'tle_data_ingestion', 'Task Id': 'ingest_api_to_kafka', 'Run Id': 'scheduled__2026-02-04T13:30:00+00:00', 'Hostname': 'airflow-scheduler'}
[2026-02-04T19:59:54.964+0530] {logging_mixin.py:188} INFO - [2026-02-04T19:59:54.964+0530] {taskinstance.py:1138} INFO - Marking task as UP_FOR_RETRY. dag_id=tle_data_ingestion, task_id=ingest_api_to_kafka, execution_date=20260204T133000, start_date=20260204T133505, end_date=20260204T142954
[2026-02-04T19:59:55.010+0530] {processor.py:791} INFO - Executed failure callback for <TaskInstance: tle_data_ingestion.ingest_api_to_kafka scheduled__2026-02-04T13:30:00+00:00 [up_for_retry]> in state up_for_retry
[2026-02-04T19:59:55.016+0530] {logging_mixin.py:188} INFO - [2026-02-04T19:59:55.016+0530] {taskinstance.py:2700} ERROR - {'DAG Id': 'tle_data_ingestion', 'Task Id': 'ingest_api_to_kafka', 'Run Id': 'scheduled__2026-02-04T13:15:00+00:00', 'Hostname': 'airflow-scheduler'}
[2026-02-04T19:59:55.043+0530] {logging_mixin.py:188} INFO - [2026-02-04T19:59:55.042+0530] {taskinstance.py:1138} INFO - Marking task as UP_FOR_RETRY. dag_id=tle_data_ingestion, task_id=ingest_api_to_kafka, execution_date=20260204T131500, start_date=20260204T132005, end_date=20260204T142955
[2026-02-04T19:59:55.050+0530] {processor.py:791} INFO - Executed failure callback for <TaskInstance: tle_data_ingestion.ingest_api_to_kafka scheduled__2026-02-04T13:15:00+00:00 [up_for_retry]> in state up_for_retry
[2026-02-04T19:59:55.055+0530] {logging_mixin.py:188} INFO - [2026-02-04T19:59:55.055+0530] {taskinstance.py:2700} ERROR - {'DAG Id': 'tle_data_ingestion', 'Task Id': 'ingest_api_to_kafka', 'Run Id': 'scheduled__2026-02-04T13:20:00+00:00', 'Hostname': 'airflow-scheduler'}
[2026-02-04T19:59:55.077+0530] {logging_mixin.py:188} INFO - [2026-02-04T19:59:55.077+0530] {taskinstance.py:1138} INFO - Marking task as UP_FOR_RETRY. dag_id=tle_data_ingestion, task_id=ingest_api_to_kafka, execution_date=20260204T132000, start_date=20260204T132503, end_date=20260204T142955
[2026-02-04T19:59:55.084+0530] {processor.py:791} INFO - Executed failure callback for <TaskInstance: tle_data_ingestion.ingest_api_to_kafka scheduled__2026-02-04T13:20:00+00:00 [up_for_retry]> in state up_for_retry
[2026-02-04T19:59:55.087+0530] {logging_mixin.py:188} INFO - [2026-02-04T19:59:55.087+0530] {taskinstance.py:2700} ERROR - {'DAG Id': 'tle_data_ingestion', 'Task Id': 'ingest_api_to_kafka', 'Run Id': 'scheduled__2026-02-04T13:45:00+00:00', 'Hostname': 'airflow-scheduler'}
[2026-02-04T19:59:55.105+0530] {logging_mixin.py:188} INFO - [2026-02-04T19:59:55.105+0530] {taskinstance.py:1138} INFO - Marking task as UP_FOR_RETRY. dag_id=tle_data_ingestion, task_id=ingest_api_to_kafka, execution_date=20260204T134500, start_date=20260204T135005, end_date=20260204T142955
[2026-02-04T19:59:55.111+0530] {processor.py:791} INFO - Executed failure callback for <TaskInstance: tle_data_ingestion.ingest_api_to_kafka scheduled__2026-02-04T13:45:00+00:00 [up_for_retry]> in state up_for_retry
[2026-02-04T19:59:55.229+0530] {logging_mixin.py:188} INFO - [2026-02-04T19:59:55.229+0530] {dag.py:3036} INFO - Sync 1 DAGs
[2026-02-04T19:59:55.391+0530] {logging_mixin.py:188} INFO - [2026-02-04T19:59:55.391+0530] {dag.py:3823} INFO - Setting next_dagrun for tle_data_ingestion to 2026-02-04 14:25:00+00:00, run_after=2026-02-04 14:30:00+00:00
[2026-02-04T19:59:55.440+0530] {processor.py:183} INFO - Processing /opt/airflow/dags/dag_tle_ingestion_only.py took 0.849 seconds
[2026-02-04T20:08:31.614+0530] {processor.py:161} INFO - Started process (PID=735) to work on /opt/airflow/dags/dag_tle_ingestion_only.py
[2026-02-04T20:08:31.616+0530] {processor.py:830} INFO - Processing file /opt/airflow/dags/dag_tle_ingestion_only.py for tasks to queue
[2026-02-04T20:08:31.618+0530] {logging_mixin.py:188} INFO - [2026-02-04T20:08:31.617+0530] {dagbag.py:538} INFO - Filling up the DagBag from /opt/airflow/dags/dag_tle_ingestion_only.py
[2026-02-04T20:08:31.696+0530] {processor.py:840} INFO - DAG(s) 'tle_data_ingestion' retrieved from /opt/airflow/dags/dag_tle_ingestion_only.py
[2026-02-04T20:08:31.794+0530] {logging_mixin.py:188} INFO - [2026-02-04T20:08:31.794+0530] {dag.py:3036} INFO - Sync 1 DAGs
[2026-02-04T20:08:32.858+0530] {logging_mixin.py:188} INFO - [2026-02-04T20:08:32.857+0530] {dag.py:3823} INFO - Setting next_dagrun for tle_data_ingestion to 2026-02-04 14:30:00+00:00, run_after=2026-02-04 14:35:00+00:00
[2026-02-04T20:08:32.947+0530] {processor.py:183} INFO - Processing /opt/airflow/dags/dag_tle_ingestion_only.py took 1.355 seconds
[2026-02-04T20:09:03.123+0530] {processor.py:161} INFO - Started process (PID=761) to work on /opt/airflow/dags/dag_tle_ingestion_only.py
[2026-02-04T20:09:03.125+0530] {processor.py:830} INFO - Processing file /opt/airflow/dags/dag_tle_ingestion_only.py for tasks to queue
[2026-02-04T20:09:03.127+0530] {logging_mixin.py:188} INFO - [2026-02-04T20:09:03.126+0530] {dagbag.py:538} INFO - Filling up the DagBag from /opt/airflow/dags/dag_tle_ingestion_only.py
[2026-02-04T20:09:03.174+0530] {processor.py:840} INFO - DAG(s) 'tle_data_ingestion' retrieved from /opt/airflow/dags/dag_tle_ingestion_only.py
[2026-02-04T20:09:03.242+0530] {logging_mixin.py:188} INFO - [2026-02-04T20:09:03.241+0530] {dag.py:3036} INFO - Sync 1 DAGs
[2026-02-04T20:09:03.289+0530] {logging_mixin.py:188} INFO - [2026-02-04T20:09:03.289+0530] {dag.py:3823} INFO - Setting next_dagrun for tle_data_ingestion to 2026-02-04 14:35:00+00:00, run_after=2026-02-04 14:40:00+00:00
[2026-02-04T20:09:03.318+0530] {processor.py:183} INFO - Processing /opt/airflow/dags/dag_tle_ingestion_only.py took 0.205 seconds
[2026-02-04T20:09:34.141+0530] {processor.py:161} INFO - Started process (PID=776) to work on /opt/airflow/dags/dag_tle_ingestion_only.py
[2026-02-04T20:09:34.142+0530] {processor.py:830} INFO - Processing file /opt/airflow/dags/dag_tle_ingestion_only.py for tasks to queue
[2026-02-04T20:09:34.143+0530] {logging_mixin.py:188} INFO - [2026-02-04T20:09:34.143+0530] {dagbag.py:538} INFO - Filling up the DagBag from /opt/airflow/dags/dag_tle_ingestion_only.py
[2026-02-04T20:09:34.176+0530] {processor.py:840} INFO - DAG(s) 'tle_data_ingestion' retrieved from /opt/airflow/dags/dag_tle_ingestion_only.py
[2026-02-04T20:09:34.219+0530] {logging_mixin.py:188} INFO - [2026-02-04T20:09:34.218+0530] {dag.py:3036} INFO - Sync 1 DAGs
[2026-02-04T20:09:34.254+0530] {logging_mixin.py:188} INFO - [2026-02-04T20:09:34.254+0530] {dag.py:3823} INFO - Setting next_dagrun for tle_data_ingestion to 2026-02-04 14:35:00+00:00, run_after=2026-02-04 14:40:00+00:00
[2026-02-04T20:09:34.273+0530] {processor.py:183} INFO - Processing /opt/airflow/dags/dag_tle_ingestion_only.py took 0.135 seconds
[2026-02-04T20:10:04.394+0530] {processor.py:161} INFO - Started process (PID=787) to work on /opt/airflow/dags/dag_tle_ingestion_only.py
[2026-02-04T20:10:04.430+0530] {processor.py:830} INFO - Processing file /opt/airflow/dags/dag_tle_ingestion_only.py for tasks to queue
[2026-02-04T20:10:04.432+0530] {logging_mixin.py:188} INFO - [2026-02-04T20:10:04.431+0530] {dagbag.py:538} INFO - Filling up the DagBag from /opt/airflow/dags/dag_tle_ingestion_only.py
[2026-02-04T20:10:04.474+0530] {processor.py:840} INFO - DAG(s) 'tle_data_ingestion' retrieved from /opt/airflow/dags/dag_tle_ingestion_only.py
[2026-02-04T20:10:04.527+0530] {logging_mixin.py:188} INFO - [2026-02-04T20:10:04.526+0530] {dag.py:3036} INFO - Sync 1 DAGs
[2026-02-04T20:10:04.567+0530] {logging_mixin.py:188} INFO - [2026-02-04T20:10:04.566+0530] {dag.py:3823} INFO - Setting next_dagrun for tle_data_ingestion to 2026-02-04 14:40:00+00:00, run_after=2026-02-04 14:45:00+00:00
[2026-02-04T20:10:04.590+0530] {processor.py:183} INFO - Processing /opt/airflow/dags/dag_tle_ingestion_only.py took 0.204 seconds
[2026-02-04T20:10:34.701+0530] {processor.py:161} INFO - Started process (PID=793) to work on /opt/airflow/dags/dag_tle_ingestion_only.py
[2026-02-04T20:10:34.702+0530] {processor.py:830} INFO - Processing file /opt/airflow/dags/dag_tle_ingestion_only.py for tasks to queue
[2026-02-04T20:10:34.703+0530] {logging_mixin.py:188} INFO - [2026-02-04T20:10:34.702+0530] {dagbag.py:538} INFO - Filling up the DagBag from /opt/airflow/dags/dag_tle_ingestion_only.py
[2026-02-04T20:10:34.737+0530] {processor.py:840} INFO - DAG(s) 'tle_data_ingestion' retrieved from /opt/airflow/dags/dag_tle_ingestion_only.py
[2026-02-04T20:10:34.780+0530] {logging_mixin.py:188} INFO - [2026-02-04T20:10:34.779+0530] {dag.py:3036} INFO - Sync 1 DAGs
[2026-02-04T20:10:34.818+0530] {logging_mixin.py:188} INFO - [2026-02-04T20:10:34.818+0530] {dag.py:3823} INFO - Setting next_dagrun for tle_data_ingestion to 2026-02-04 14:40:00+00:00, run_after=2026-02-04 14:45:00+00:00
[2026-02-04T20:10:34.841+0530] {processor.py:183} INFO - Processing /opt/airflow/dags/dag_tle_ingestion_only.py took 0.145 seconds
[2026-02-04T20:11:04.956+0530] {processor.py:161} INFO - Started process (PID=798) to work on /opt/airflow/dags/dag_tle_ingestion_only.py
[2026-02-04T20:11:05.001+0530] {processor.py:830} INFO - Processing file /opt/airflow/dags/dag_tle_ingestion_only.py for tasks to queue
[2026-02-04T20:11:05.002+0530] {logging_mixin.py:188} INFO - [2026-02-04T20:11:05.002+0530] {dagbag.py:538} INFO - Filling up the DagBag from /opt/airflow/dags/dag_tle_ingestion_only.py
[2026-02-04T20:11:05.027+0530] {processor.py:840} INFO - DAG(s) 'tle_data_ingestion' retrieved from /opt/airflow/dags/dag_tle_ingestion_only.py
[2026-02-04T20:11:05.064+0530] {logging_mixin.py:188} INFO - [2026-02-04T20:11:05.064+0530] {dag.py:3036} INFO - Sync 1 DAGs
[2026-02-04T20:11:05.099+0530] {logging_mixin.py:188} INFO - [2026-02-04T20:11:05.099+0530] {dag.py:3823} INFO - Setting next_dagrun for tle_data_ingestion to 2026-02-04 14:40:00+00:00, run_after=2026-02-04 14:45:00+00:00
[2026-02-04T20:11:05.122+0530] {processor.py:183} INFO - Processing /opt/airflow/dags/dag_tle_ingestion_only.py took 0.170 seconds
[2026-02-04T20:11:35.232+0530] {processor.py:161} INFO - Started process (PID=809) to work on /opt/airflow/dags/dag_tle_ingestion_only.py
[2026-02-04T20:11:35.233+0530] {processor.py:830} INFO - Processing file /opt/airflow/dags/dag_tle_ingestion_only.py for tasks to queue
[2026-02-04T20:11:35.234+0530] {logging_mixin.py:188} INFO - [2026-02-04T20:11:35.234+0530] {dagbag.py:538} INFO - Filling up the DagBag from /opt/airflow/dags/dag_tle_ingestion_only.py
[2026-02-04T20:11:35.261+0530] {processor.py:840} INFO - DAG(s) 'tle_data_ingestion' retrieved from /opt/airflow/dags/dag_tle_ingestion_only.py
[2026-02-04T20:11:35.303+0530] {logging_mixin.py:188} INFO - [2026-02-04T20:11:35.303+0530] {dag.py:3036} INFO - Sync 1 DAGs
[2026-02-04T20:11:35.333+0530] {logging_mixin.py:188} INFO - [2026-02-04T20:11:35.333+0530] {dag.py:3823} INFO - Setting next_dagrun for tle_data_ingestion to 2026-02-04 14:40:00+00:00, run_after=2026-02-04 14:45:00+00:00
[2026-02-04T20:11:35.352+0530] {processor.py:183} INFO - Processing /opt/airflow/dags/dag_tle_ingestion_only.py took 0.124 seconds
[2026-02-04T20:12:05.465+0530] {processor.py:161} INFO - Started process (PID=814) to work on /opt/airflow/dags/dag_tle_ingestion_only.py
[2026-02-04T20:12:05.466+0530] {processor.py:830} INFO - Processing file /opt/airflow/dags/dag_tle_ingestion_only.py for tasks to queue
[2026-02-04T20:12:05.467+0530] {logging_mixin.py:188} INFO - [2026-02-04T20:12:05.466+0530] {dagbag.py:538} INFO - Filling up the DagBag from /opt/airflow/dags/dag_tle_ingestion_only.py
[2026-02-04T20:12:05.487+0530] {processor.py:840} INFO - DAG(s) 'tle_data_ingestion' retrieved from /opt/airflow/dags/dag_tle_ingestion_only.py
[2026-02-04T20:12:05.514+0530] {logging_mixin.py:188} INFO - [2026-02-04T20:12:05.514+0530] {dag.py:3036} INFO - Sync 1 DAGs
[2026-02-04T20:12:05.540+0530] {logging_mixin.py:188} INFO - [2026-02-04T20:12:05.540+0530] {dag.py:3823} INFO - Setting next_dagrun for tle_data_ingestion to 2026-02-04 14:40:00+00:00, run_after=2026-02-04 14:45:00+00:00
[2026-02-04T20:12:05.558+0530] {processor.py:183} INFO - Processing /opt/airflow/dags/dag_tle_ingestion_only.py took 0.097 seconds
[2026-02-04T20:12:35.671+0530] {processor.py:161} INFO - Started process (PID=849) to work on /opt/airflow/dags/dag_tle_ingestion_only.py
[2026-02-04T20:12:35.674+0530] {processor.py:830} INFO - Processing file /opt/airflow/dags/dag_tle_ingestion_only.py for tasks to queue
[2026-02-04T20:12:35.675+0530] {logging_mixin.py:188} INFO - [2026-02-04T20:12:35.674+0530] {dagbag.py:538} INFO - Filling up the DagBag from /opt/airflow/dags/dag_tle_ingestion_only.py
[2026-02-04T20:12:35.703+0530] {processor.py:840} INFO - DAG(s) 'tle_data_ingestion' retrieved from /opt/airflow/dags/dag_tle_ingestion_only.py
[2026-02-04T20:12:35.745+0530] {logging_mixin.py:188} INFO - [2026-02-04T20:12:35.745+0530] {dag.py:3036} INFO - Sync 1 DAGs
[2026-02-04T20:12:35.789+0530] {logging_mixin.py:188} INFO - [2026-02-04T20:12:35.789+0530] {dag.py:3823} INFO - Setting next_dagrun for tle_data_ingestion to 2026-02-04 14:40:00+00:00, run_after=2026-02-04 14:45:00+00:00
[2026-02-04T20:12:35.821+0530] {processor.py:183} INFO - Processing /opt/airflow/dags/dag_tle_ingestion_only.py took 0.154 seconds
[2026-02-04T20:13:05.944+0530] {processor.py:161} INFO - Started process (PID=857) to work on /opt/airflow/dags/dag_tle_ingestion_only.py
[2026-02-04T20:13:05.946+0530] {processor.py:830} INFO - Processing file /opt/airflow/dags/dag_tle_ingestion_only.py for tasks to queue
[2026-02-04T20:13:05.947+0530] {logging_mixin.py:188} INFO - [2026-02-04T20:13:05.946+0530] {dagbag.py:538} INFO - Filling up the DagBag from /opt/airflow/dags/dag_tle_ingestion_only.py
[2026-02-04T20:13:05.988+0530] {processor.py:840} INFO - DAG(s) 'tle_data_ingestion' retrieved from /opt/airflow/dags/dag_tle_ingestion_only.py
[2026-02-04T20:13:06.039+0530] {logging_mixin.py:188} INFO - [2026-02-04T20:13:06.038+0530] {dag.py:3036} INFO - Sync 1 DAGs
[2026-02-04T20:13:06.076+0530] {logging_mixin.py:188} INFO - [2026-02-04T20:13:06.076+0530] {dag.py:3823} INFO - Setting next_dagrun for tle_data_ingestion to 2026-02-04 14:40:00+00:00, run_after=2026-02-04 14:45:00+00:00
[2026-02-04T20:13:06.102+0530] {processor.py:183} INFO - Processing /opt/airflow/dags/dag_tle_ingestion_only.py took 0.162 seconds
[2026-02-04T20:13:36.216+0530] {processor.py:161} INFO - Started process (PID=862) to work on /opt/airflow/dags/dag_tle_ingestion_only.py
[2026-02-04T20:13:36.218+0530] {processor.py:830} INFO - Processing file /opt/airflow/dags/dag_tle_ingestion_only.py for tasks to queue
[2026-02-04T20:13:36.219+0530] {logging_mixin.py:188} INFO - [2026-02-04T20:13:36.219+0530] {dagbag.py:538} INFO - Filling up the DagBag from /opt/airflow/dags/dag_tle_ingestion_only.py
[2026-02-04T20:13:36.245+0530] {processor.py:840} INFO - DAG(s) 'tle_data_ingestion' retrieved from /opt/airflow/dags/dag_tle_ingestion_only.py
[2026-02-04T20:13:36.286+0530] {logging_mixin.py:188} INFO - [2026-02-04T20:13:36.286+0530] {dag.py:3036} INFO - Sync 1 DAGs
[2026-02-04T20:13:36.347+0530] {logging_mixin.py:188} INFO - [2026-02-04T20:13:36.347+0530] {dag.py:3823} INFO - Setting next_dagrun for tle_data_ingestion to 2026-02-04 14:40:00+00:00, run_after=2026-02-04 14:45:00+00:00
[2026-02-04T20:13:36.377+0530] {processor.py:183} INFO - Processing /opt/airflow/dags/dag_tle_ingestion_only.py took 0.166 seconds
[2026-02-04T20:14:06.501+0530] {processor.py:161} INFO - Started process (PID=867) to work on /opt/airflow/dags/dag_tle_ingestion_only.py
[2026-02-04T20:14:06.503+0530] {processor.py:830} INFO - Processing file /opt/airflow/dags/dag_tle_ingestion_only.py for tasks to queue
[2026-02-04T20:14:06.505+0530] {logging_mixin.py:188} INFO - [2026-02-04T20:14:06.504+0530] {dagbag.py:538} INFO - Filling up the DagBag from /opt/airflow/dags/dag_tle_ingestion_only.py
[2026-02-04T20:14:06.553+0530] {processor.py:840} INFO - DAG(s) 'tle_data_ingestion' retrieved from /opt/airflow/dags/dag_tle_ingestion_only.py
[2026-02-04T20:14:06.599+0530] {logging_mixin.py:188} INFO - [2026-02-04T20:14:06.599+0530] {dag.py:3036} INFO - Sync 1 DAGs
[2026-02-04T20:14:06.638+0530] {logging_mixin.py:188} INFO - [2026-02-04T20:14:06.638+0530] {dag.py:3823} INFO - Setting next_dagrun for tle_data_ingestion to 2026-02-04 14:40:00+00:00, run_after=2026-02-04 14:45:00+00:00
[2026-02-04T20:14:06.662+0530] {processor.py:183} INFO - Processing /opt/airflow/dags/dag_tle_ingestion_only.py took 0.168 seconds
[2026-02-04T20:14:36.785+0530] {processor.py:161} INFO - Started process (PID=878) to work on /opt/airflow/dags/dag_tle_ingestion_only.py
[2026-02-04T20:14:36.786+0530] {processor.py:830} INFO - Processing file /opt/airflow/dags/dag_tle_ingestion_only.py for tasks to queue
[2026-02-04T20:14:36.788+0530] {logging_mixin.py:188} INFO - [2026-02-04T20:14:36.787+0530] {dagbag.py:538} INFO - Filling up the DagBag from /opt/airflow/dags/dag_tle_ingestion_only.py
[2026-02-04T20:14:36.819+0530] {processor.py:840} INFO - DAG(s) 'tle_data_ingestion' retrieved from /opt/airflow/dags/dag_tle_ingestion_only.py
[2026-02-04T20:14:36.865+0530] {logging_mixin.py:188} INFO - [2026-02-04T20:14:36.865+0530] {dag.py:3036} INFO - Sync 1 DAGs
[2026-02-04T20:14:36.907+0530] {logging_mixin.py:188} INFO - [2026-02-04T20:14:36.907+0530] {dag.py:3823} INFO - Setting next_dagrun for tle_data_ingestion to 2026-02-04 14:40:00+00:00, run_after=2026-02-04 14:45:00+00:00
[2026-02-04T20:14:36.935+0530] {processor.py:183} INFO - Processing /opt/airflow/dags/dag_tle_ingestion_only.py took 0.156 seconds
[2026-02-04T20:15:07.058+0530] {processor.py:161} INFO - Started process (PID=885) to work on /opt/airflow/dags/dag_tle_ingestion_only.py
[2026-02-04T20:15:07.059+0530] {processor.py:830} INFO - Processing file /opt/airflow/dags/dag_tle_ingestion_only.py for tasks to queue
[2026-02-04T20:15:07.060+0530] {logging_mixin.py:188} INFO - [2026-02-04T20:15:07.060+0530] {dagbag.py:538} INFO - Filling up the DagBag from /opt/airflow/dags/dag_tle_ingestion_only.py
[2026-02-04T20:15:07.084+0530] {processor.py:840} INFO - DAG(s) 'tle_data_ingestion' retrieved from /opt/airflow/dags/dag_tle_ingestion_only.py
[2026-02-04T20:15:07.128+0530] {logging_mixin.py:188} INFO - [2026-02-04T20:15:07.128+0530] {dag.py:3036} INFO - Sync 1 DAGs
[2026-02-04T20:15:07.167+0530] {logging_mixin.py:188} INFO - [2026-02-04T20:15:07.167+0530] {dag.py:3823} INFO - Setting next_dagrun for tle_data_ingestion to 2026-02-04 14:45:00+00:00, run_after=2026-02-04 14:50:00+00:00
[2026-02-04T20:15:07.202+0530] {processor.py:183} INFO - Processing /opt/airflow/dags/dag_tle_ingestion_only.py took 0.148 seconds
[2026-02-04T20:15:37.353+0530] {processor.py:161} INFO - Started process (PID=919) to work on /opt/airflow/dags/dag_tle_ingestion_only.py
[2026-02-04T20:15:37.355+0530] {processor.py:830} INFO - Processing file /opt/airflow/dags/dag_tle_ingestion_only.py for tasks to queue
[2026-02-04T20:15:37.357+0530] {logging_mixin.py:188} INFO - [2026-02-04T20:15:37.356+0530] {dagbag.py:538} INFO - Filling up the DagBag from /opt/airflow/dags/dag_tle_ingestion_only.py
[2026-02-04T20:15:37.421+0530] {processor.py:840} INFO - DAG(s) 'tle_data_ingestion' retrieved from /opt/airflow/dags/dag_tle_ingestion_only.py
[2026-02-04T20:15:37.507+0530] {logging_mixin.py:188} INFO - [2026-02-04T20:15:37.507+0530] {dag.py:3036} INFO - Sync 1 DAGs
[2026-02-04T20:15:37.567+0530] {logging_mixin.py:188} INFO - [2026-02-04T20:15:37.567+0530] {dag.py:3823} INFO - Setting next_dagrun for tle_data_ingestion to 2026-02-04 14:45:00+00:00, run_after=2026-02-04 14:50:00+00:00
[2026-02-04T20:15:37.611+0530] {processor.py:183} INFO - Processing /opt/airflow/dags/dag_tle_ingestion_only.py took 0.270 seconds
[2026-02-04T20:16:07.737+0530] {processor.py:161} INFO - Started process (PID=930) to work on /opt/airflow/dags/dag_tle_ingestion_only.py
[2026-02-04T20:16:07.739+0530] {processor.py:830} INFO - Processing file /opt/airflow/dags/dag_tle_ingestion_only.py for tasks to queue
[2026-02-04T20:16:07.740+0530] {logging_mixin.py:188} INFO - [2026-02-04T20:16:07.739+0530] {dagbag.py:538} INFO - Filling up the DagBag from /opt/airflow/dags/dag_tle_ingestion_only.py
[2026-02-04T20:16:07.765+0530] {processor.py:840} INFO - DAG(s) 'tle_data_ingestion' retrieved from /opt/airflow/dags/dag_tle_ingestion_only.py
[2026-02-04T20:16:07.806+0530] {logging_mixin.py:188} INFO - [2026-02-04T20:16:07.806+0530] {dag.py:3036} INFO - Sync 1 DAGs
[2026-02-04T20:16:07.838+0530] {logging_mixin.py:188} INFO - [2026-02-04T20:16:07.838+0530] {dag.py:3823} INFO - Setting next_dagrun for tle_data_ingestion to 2026-02-04 14:45:00+00:00, run_after=2026-02-04 14:50:00+00:00
[2026-02-04T20:16:07.859+0530] {processor.py:183} INFO - Processing /opt/airflow/dags/dag_tle_ingestion_only.py took 0.126 seconds
[2026-02-04T20:16:38.521+0530] {processor.py:161} INFO - Started process (PID=935) to work on /opt/airflow/dags/dag_tle_ingestion_only.py
[2026-02-04T20:16:38.523+0530] {processor.py:830} INFO - Processing file /opt/airflow/dags/dag_tle_ingestion_only.py for tasks to queue
[2026-02-04T20:16:38.524+0530] {logging_mixin.py:188} INFO - [2026-02-04T20:16:38.524+0530] {dagbag.py:538} INFO - Filling up the DagBag from /opt/airflow/dags/dag_tle_ingestion_only.py
[2026-02-04T20:16:38.553+0530] {processor.py:840} INFO - DAG(s) 'tle_data_ingestion' retrieved from /opt/airflow/dags/dag_tle_ingestion_only.py
[2026-02-04T20:16:38.591+0530] {logging_mixin.py:188} INFO - [2026-02-04T20:16:38.591+0530] {dag.py:3036} INFO - Sync 1 DAGs
[2026-02-04T20:16:38.627+0530] {logging_mixin.py:188} INFO - [2026-02-04T20:16:38.627+0530] {dag.py:3823} INFO - Setting next_dagrun for tle_data_ingestion to 2026-02-04 14:45:00+00:00, run_after=2026-02-04 14:50:00+00:00
[2026-02-04T20:16:38.649+0530] {processor.py:183} INFO - Processing /opt/airflow/dags/dag_tle_ingestion_only.py took 0.133 seconds
[2026-02-04T20:17:08.760+0530] {processor.py:161} INFO - Started process (PID=940) to work on /opt/airflow/dags/dag_tle_ingestion_only.py
[2026-02-04T20:17:08.762+0530] {processor.py:830} INFO - Processing file /opt/airflow/dags/dag_tle_ingestion_only.py for tasks to queue
[2026-02-04T20:17:08.764+0530] {logging_mixin.py:188} INFO - [2026-02-04T20:17:08.763+0530] {dagbag.py:538} INFO - Filling up the DagBag from /opt/airflow/dags/dag_tle_ingestion_only.py
[2026-02-04T20:17:08.815+0530] {processor.py:840} INFO - DAG(s) 'tle_data_ingestion' retrieved from /opt/airflow/dags/dag_tle_ingestion_only.py
[2026-02-04T20:17:08.873+0530] {logging_mixin.py:188} INFO - [2026-02-04T20:17:08.873+0530] {dag.py:3036} INFO - Sync 1 DAGs
[2026-02-04T20:17:08.914+0530] {logging_mixin.py:188} INFO - [2026-02-04T20:17:08.914+0530] {dag.py:3823} INFO - Setting next_dagrun for tle_data_ingestion to 2026-02-04 14:45:00+00:00, run_after=2026-02-04 14:50:00+00:00
[2026-02-04T20:17:08.939+0530] {processor.py:183} INFO - Processing /opt/airflow/dags/dag_tle_ingestion_only.py took 0.188 seconds
[2026-02-04T20:17:39.068+0530] {processor.py:161} INFO - Started process (PID=945) to work on /opt/airflow/dags/dag_tle_ingestion_only.py
[2026-02-04T20:17:39.072+0530] {processor.py:830} INFO - Processing file /opt/airflow/dags/dag_tle_ingestion_only.py for tasks to queue
[2026-02-04T20:17:39.074+0530] {logging_mixin.py:188} INFO - [2026-02-04T20:17:39.073+0530] {dagbag.py:538} INFO - Filling up the DagBag from /opt/airflow/dags/dag_tle_ingestion_only.py
[2026-02-04T20:17:39.124+0530] {processor.py:840} INFO - DAG(s) 'tle_data_ingestion' retrieved from /opt/airflow/dags/dag_tle_ingestion_only.py
[2026-02-04T20:17:39.177+0530] {logging_mixin.py:188} INFO - [2026-02-04T20:17:39.176+0530] {dag.py:3036} INFO - Sync 1 DAGs
[2026-02-04T20:17:39.219+0530] {logging_mixin.py:188} INFO - [2026-02-04T20:17:39.218+0530] {dag.py:3823} INFO - Setting next_dagrun for tle_data_ingestion to 2026-02-04 14:45:00+00:00, run_after=2026-02-04 14:50:00+00:00
[2026-02-04T20:17:39.246+0530] {processor.py:183} INFO - Processing /opt/airflow/dags/dag_tle_ingestion_only.py took 0.187 seconds
[2026-02-04T20:18:09.383+0530] {processor.py:161} INFO - Started process (PID=950) to work on /opt/airflow/dags/dag_tle_ingestion_only.py
[2026-02-04T20:18:09.384+0530] {processor.py:830} INFO - Processing file /opt/airflow/dags/dag_tle_ingestion_only.py for tasks to queue
[2026-02-04T20:18:09.386+0530] {logging_mixin.py:188} INFO - [2026-02-04T20:18:09.385+0530] {dagbag.py:538} INFO - Filling up the DagBag from /opt/airflow/dags/dag_tle_ingestion_only.py
[2026-02-04T20:18:09.416+0530] {processor.py:840} INFO - DAG(s) 'tle_data_ingestion' retrieved from /opt/airflow/dags/dag_tle_ingestion_only.py
[2026-02-04T20:18:09.467+0530] {logging_mixin.py:188} INFO - [2026-02-04T20:18:09.467+0530] {dag.py:3036} INFO - Sync 1 DAGs
[2026-02-04T20:18:09.506+0530] {logging_mixin.py:188} INFO - [2026-02-04T20:18:09.505+0530] {dag.py:3823} INFO - Setting next_dagrun for tle_data_ingestion to 2026-02-04 14:45:00+00:00, run_after=2026-02-04 14:50:00+00:00
[2026-02-04T20:18:09.529+0530] {processor.py:183} INFO - Processing /opt/airflow/dags/dag_tle_ingestion_only.py took 0.150 seconds
[2026-02-04T20:18:39.656+0530] {processor.py:161} INFO - Started process (PID=955) to work on /opt/airflow/dags/dag_tle_ingestion_only.py
[2026-02-04T20:18:39.658+0530] {processor.py:830} INFO - Processing file /opt/airflow/dags/dag_tle_ingestion_only.py for tasks to queue
[2026-02-04T20:18:39.660+0530] {logging_mixin.py:188} INFO - [2026-02-04T20:18:39.659+0530] {dagbag.py:538} INFO - Filling up the DagBag from /opt/airflow/dags/dag_tle_ingestion_only.py
[2026-02-04T20:18:39.732+0530] {processor.py:840} INFO - DAG(s) 'tle_data_ingestion' retrieved from /opt/airflow/dags/dag_tle_ingestion_only.py
[2026-02-04T20:18:39.797+0530] {logging_mixin.py:188} INFO - [2026-02-04T20:18:39.797+0530] {dag.py:3036} INFO - Sync 1 DAGs
[2026-02-04T20:18:39.850+0530] {logging_mixin.py:188} INFO - [2026-02-04T20:18:39.849+0530] {dag.py:3823} INFO - Setting next_dagrun for tle_data_ingestion to 2026-02-04 14:45:00+00:00, run_after=2026-02-04 14:50:00+00:00
[2026-02-04T20:18:39.878+0530] {processor.py:183} INFO - Processing /opt/airflow/dags/dag_tle_ingestion_only.py took 0.232 seconds
[2026-02-04T20:19:10.010+0530] {processor.py:161} INFO - Started process (PID=963) to work on /opt/airflow/dags/dag_tle_ingestion_only.py
[2026-02-04T20:19:10.010+0530] {processor.py:830} INFO - Processing file /opt/airflow/dags/dag_tle_ingestion_only.py for tasks to queue
[2026-02-04T20:19:10.011+0530] {logging_mixin.py:188} INFO - [2026-02-04T20:19:10.011+0530] {dagbag.py:538} INFO - Filling up the DagBag from /opt/airflow/dags/dag_tle_ingestion_only.py
[2026-02-04T20:19:10.031+0530] {processor.py:840} INFO - DAG(s) 'tle_data_ingestion' retrieved from /opt/airflow/dags/dag_tle_ingestion_only.py
[2026-02-04T20:19:10.062+0530] {logging_mixin.py:188} INFO - [2026-02-04T20:19:10.062+0530] {dag.py:3036} INFO - Sync 1 DAGs
[2026-02-04T20:19:10.088+0530] {logging_mixin.py:188} INFO - [2026-02-04T20:19:10.088+0530] {dag.py:3823} INFO - Setting next_dagrun for tle_data_ingestion to 2026-02-04 14:45:00+00:00, run_after=2026-02-04 14:50:00+00:00
[2026-02-04T20:19:10.107+0530] {processor.py:183} INFO - Processing /opt/airflow/dags/dag_tle_ingestion_only.py took 0.101 seconds
[2026-02-04T20:19:40.233+0530] {processor.py:161} INFO - Started process (PID=968) to work on /opt/airflow/dags/dag_tle_ingestion_only.py
[2026-02-04T20:19:40.234+0530] {processor.py:830} INFO - Processing file /opt/airflow/dags/dag_tle_ingestion_only.py for tasks to queue
[2026-02-04T20:19:40.237+0530] {logging_mixin.py:188} INFO - [2026-02-04T20:19:40.235+0530] {dagbag.py:538} INFO - Filling up the DagBag from /opt/airflow/dags/dag_tle_ingestion_only.py
[2026-02-04T20:19:40.308+0530] {processor.py:840} INFO - DAG(s) 'tle_data_ingestion' retrieved from /opt/airflow/dags/dag_tle_ingestion_only.py
[2026-02-04T20:19:40.377+0530] {logging_mixin.py:188} INFO - [2026-02-04T20:19:40.377+0530] {dag.py:3036} INFO - Sync 1 DAGs
[2026-02-04T20:19:40.428+0530] {logging_mixin.py:188} INFO - [2026-02-04T20:19:40.427+0530] {dag.py:3823} INFO - Setting next_dagrun for tle_data_ingestion to 2026-02-04 14:45:00+00:00, run_after=2026-02-04 14:50:00+00:00
[2026-02-04T20:19:40.455+0530] {processor.py:183} INFO - Processing /opt/airflow/dags/dag_tle_ingestion_only.py took 0.232 seconds
[2026-02-04T20:20:10.590+0530] {processor.py:161} INFO - Started process (PID=980) to work on /opt/airflow/dags/dag_tle_ingestion_only.py
[2026-02-04T20:20:10.592+0530] {processor.py:830} INFO - Processing file /opt/airflow/dags/dag_tle_ingestion_only.py for tasks to queue
[2026-02-04T20:20:10.593+0530] {logging_mixin.py:188} INFO - [2026-02-04T20:20:10.593+0530] {dagbag.py:538} INFO - Filling up the DagBag from /opt/airflow/dags/dag_tle_ingestion_only.py
[2026-02-04T20:20:10.627+0530] {processor.py:840} INFO - DAG(s) 'tle_data_ingestion' retrieved from /opt/airflow/dags/dag_tle_ingestion_only.py
[2026-02-04T20:20:10.669+0530] {logging_mixin.py:188} INFO - [2026-02-04T20:20:10.669+0530] {dag.py:3036} INFO - Sync 1 DAGs
[2026-02-04T20:20:10.708+0530] {logging_mixin.py:188} INFO - [2026-02-04T20:20:10.707+0530] {dag.py:3823} INFO - Setting next_dagrun for tle_data_ingestion to 2026-02-04 14:50:00+00:00, run_after=2026-02-04 14:55:00+00:00
[2026-02-04T20:20:10.729+0530] {processor.py:183} INFO - Processing /opt/airflow/dags/dag_tle_ingestion_only.py took 0.146 seconds
[2026-02-04T20:20:40.851+0530] {processor.py:161} INFO - Started process (PID=985) to work on /opt/airflow/dags/dag_tle_ingestion_only.py
[2026-02-04T20:20:40.852+0530] {processor.py:830} INFO - Processing file /opt/airflow/dags/dag_tle_ingestion_only.py for tasks to queue
[2026-02-04T20:20:40.853+0530] {logging_mixin.py:188} INFO - [2026-02-04T20:20:40.853+0530] {dagbag.py:538} INFO - Filling up the DagBag from /opt/airflow/dags/dag_tle_ingestion_only.py
[2026-02-04T20:20:40.885+0530] {processor.py:840} INFO - DAG(s) 'tle_data_ingestion' retrieved from /opt/airflow/dags/dag_tle_ingestion_only.py
[2026-02-04T20:20:40.944+0530] {logging_mixin.py:188} INFO - [2026-02-04T20:20:40.943+0530] {dag.py:3036} INFO - Sync 1 DAGs
[2026-02-04T20:20:40.989+0530] {logging_mixin.py:188} INFO - [2026-02-04T20:20:40.989+0530] {dag.py:3823} INFO - Setting next_dagrun for tle_data_ingestion to 2026-02-04 14:50:00+00:00, run_after=2026-02-04 14:55:00+00:00
[2026-02-04T20:20:41.016+0530] {processor.py:183} INFO - Processing /opt/airflow/dags/dag_tle_ingestion_only.py took 0.170 seconds
[2026-02-04T20:21:11.149+0530] {processor.py:161} INFO - Started process (PID=990) to work on /opt/airflow/dags/dag_tle_ingestion_only.py
[2026-02-04T20:21:11.151+0530] {processor.py:830} INFO - Processing file /opt/airflow/dags/dag_tle_ingestion_only.py for tasks to queue
[2026-02-04T20:21:11.153+0530] {logging_mixin.py:188} INFO - [2026-02-04T20:21:11.152+0530] {dagbag.py:538} INFO - Filling up the DagBag from /opt/airflow/dags/dag_tle_ingestion_only.py
[2026-02-04T20:21:11.193+0530] {processor.py:840} INFO - DAG(s) 'tle_data_ingestion' retrieved from /opt/airflow/dags/dag_tle_ingestion_only.py
[2026-02-04T20:21:11.238+0530] {logging_mixin.py:188} INFO - [2026-02-04T20:21:11.238+0530] {dag.py:3036} INFO - Sync 1 DAGs
[2026-02-04T20:21:11.276+0530] {logging_mixin.py:188} INFO - [2026-02-04T20:21:11.275+0530] {dag.py:3823} INFO - Setting next_dagrun for tle_data_ingestion to 2026-02-04 14:50:00+00:00, run_after=2026-02-04 14:55:00+00:00
[2026-02-04T20:21:11.303+0530] {processor.py:183} INFO - Processing /opt/airflow/dags/dag_tle_ingestion_only.py took 0.163 seconds
[2026-02-04T20:21:41.429+0530] {processor.py:161} INFO - Started process (PID=995) to work on /opt/airflow/dags/dag_tle_ingestion_only.py
[2026-02-04T20:21:41.430+0530] {processor.py:830} INFO - Processing file /opt/airflow/dags/dag_tle_ingestion_only.py for tasks to queue
[2026-02-04T20:21:41.431+0530] {logging_mixin.py:188} INFO - [2026-02-04T20:21:41.431+0530] {dagbag.py:538} INFO - Filling up the DagBag from /opt/airflow/dags/dag_tle_ingestion_only.py
[2026-02-04T20:21:41.454+0530] {processor.py:840} INFO - DAG(s) 'tle_data_ingestion' retrieved from /opt/airflow/dags/dag_tle_ingestion_only.py
[2026-02-04T20:21:41.487+0530] {logging_mixin.py:188} INFO - [2026-02-04T20:21:41.487+0530] {dag.py:3036} INFO - Sync 1 DAGs
[2026-02-04T20:21:41.519+0530] {logging_mixin.py:188} INFO - [2026-02-04T20:21:41.518+0530] {dag.py:3823} INFO - Setting next_dagrun for tle_data_ingestion to 2026-02-04 14:50:00+00:00, run_after=2026-02-04 14:55:00+00:00
[2026-02-04T20:21:41.539+0530] {processor.py:183} INFO - Processing /opt/airflow/dags/dag_tle_ingestion_only.py took 0.115 seconds
[2026-02-04T20:22:11.670+0530] {processor.py:161} INFO - Started process (PID=1003) to work on /opt/airflow/dags/dag_tle_ingestion_only.py
[2026-02-04T20:22:11.671+0530] {processor.py:830} INFO - Processing file /opt/airflow/dags/dag_tle_ingestion_only.py for tasks to queue
[2026-02-04T20:22:11.673+0530] {logging_mixin.py:188} INFO - [2026-02-04T20:22:11.672+0530] {dagbag.py:538} INFO - Filling up the DagBag from /opt/airflow/dags/dag_tle_ingestion_only.py
[2026-02-04T20:22:11.718+0530] {processor.py:840} INFO - DAG(s) 'tle_data_ingestion' retrieved from /opt/airflow/dags/dag_tle_ingestion_only.py
[2026-02-04T20:22:11.782+0530] {logging_mixin.py:188} INFO - [2026-02-04T20:22:11.782+0530] {dag.py:3036} INFO - Sync 1 DAGs
[2026-02-04T20:22:11.829+0530] {logging_mixin.py:188} INFO - [2026-02-04T20:22:11.829+0530] {dag.py:3823} INFO - Setting next_dagrun for tle_data_ingestion to 2026-02-04 14:50:00+00:00, run_after=2026-02-04 14:55:00+00:00
[2026-02-04T20:22:11.852+0530] {processor.py:183} INFO - Processing /opt/airflow/dags/dag_tle_ingestion_only.py took 0.191 seconds
[2026-02-04T20:22:41.970+0530] {processor.py:161} INFO - Started process (PID=1008) to work on /opt/airflow/dags/dag_tle_ingestion_only.py
[2026-02-04T20:22:42.004+0530] {processor.py:830} INFO - Processing file /opt/airflow/dags/dag_tle_ingestion_only.py for tasks to queue
[2026-02-04T20:22:42.005+0530] {logging_mixin.py:188} INFO - [2026-02-04T20:22:42.005+0530] {dagbag.py:538} INFO - Filling up the DagBag from /opt/airflow/dags/dag_tle_ingestion_only.py
[2026-02-04T20:22:42.029+0530] {processor.py:840} INFO - DAG(s) 'tle_data_ingestion' retrieved from /opt/airflow/dags/dag_tle_ingestion_only.py
[2026-02-04T20:22:42.065+0530] {logging_mixin.py:188} INFO - [2026-02-04T20:22:42.065+0530] {dag.py:3036} INFO - Sync 1 DAGs
[2026-02-04T20:22:42.097+0530] {logging_mixin.py:188} INFO - [2026-02-04T20:22:42.097+0530] {dag.py:3823} INFO - Setting next_dagrun for tle_data_ingestion to 2026-02-04 14:50:00+00:00, run_after=2026-02-04 14:55:00+00:00
[2026-02-04T20:22:42.119+0530] {processor.py:183} INFO - Processing /opt/airflow/dags/dag_tle_ingestion_only.py took 0.153 seconds
[2026-02-04T20:23:12.232+0530] {processor.py:161} INFO - Started process (PID=1016) to work on /opt/airflow/dags/dag_tle_ingestion_only.py
[2026-02-04T20:23:12.235+0530] {processor.py:830} INFO - Processing file /opt/airflow/dags/dag_tle_ingestion_only.py for tasks to queue
[2026-02-04T20:23:12.236+0530] {logging_mixin.py:188} INFO - [2026-02-04T20:23:12.236+0530] {dagbag.py:538} INFO - Filling up the DagBag from /opt/airflow/dags/dag_tle_ingestion_only.py
[2026-02-04T20:23:12.262+0530] {processor.py:840} INFO - DAG(s) 'tle_data_ingestion' retrieved from /opt/airflow/dags/dag_tle_ingestion_only.py
[2026-02-04T20:23:12.299+0530] {logging_mixin.py:188} INFO - [2026-02-04T20:23:12.298+0530] {dag.py:3036} INFO - Sync 1 DAGs
[2026-02-04T20:23:12.331+0530] {logging_mixin.py:188} INFO - [2026-02-04T20:23:12.330+0530] {dag.py:3823} INFO - Setting next_dagrun for tle_data_ingestion to 2026-02-04 14:50:00+00:00, run_after=2026-02-04 14:55:00+00:00
[2026-02-04T20:23:12.350+0530] {processor.py:183} INFO - Processing /opt/airflow/dags/dag_tle_ingestion_only.py took 0.121 seconds
[2026-02-04T20:23:42.473+0530] {processor.py:161} INFO - Started process (PID=1021) to work on /opt/airflow/dags/dag_tle_ingestion_only.py
[2026-02-04T20:23:42.480+0530] {processor.py:830} INFO - Processing file /opt/airflow/dags/dag_tle_ingestion_only.py for tasks to queue
[2026-02-04T20:23:42.481+0530] {logging_mixin.py:188} INFO - [2026-02-04T20:23:42.480+0530] {dagbag.py:538} INFO - Filling up the DagBag from /opt/airflow/dags/dag_tle_ingestion_only.py
[2026-02-04T20:23:42.504+0530] {processor.py:840} INFO - DAG(s) 'tle_data_ingestion' retrieved from /opt/airflow/dags/dag_tle_ingestion_only.py
[2026-02-04T20:23:42.537+0530] {logging_mixin.py:188} INFO - [2026-02-04T20:23:42.537+0530] {dag.py:3036} INFO - Sync 1 DAGs
[2026-02-04T20:23:42.568+0530] {logging_mixin.py:188} INFO - [2026-02-04T20:23:42.568+0530] {dag.py:3823} INFO - Setting next_dagrun for tle_data_ingestion to 2026-02-04 14:50:00+00:00, run_after=2026-02-04 14:55:00+00:00
[2026-02-04T20:23:42.590+0530] {processor.py:183} INFO - Processing /opt/airflow/dags/dag_tle_ingestion_only.py took 0.122 seconds
[2026-02-04T20:24:12.717+0530] {processor.py:161} INFO - Started process (PID=1026) to work on /opt/airflow/dags/dag_tle_ingestion_only.py
[2026-02-04T20:24:12.719+0530] {processor.py:830} INFO - Processing file /opt/airflow/dags/dag_tle_ingestion_only.py for tasks to queue
[2026-02-04T20:24:12.722+0530] {logging_mixin.py:188} INFO - [2026-02-04T20:24:12.720+0530] {dagbag.py:538} INFO - Filling up the DagBag from /opt/airflow/dags/dag_tle_ingestion_only.py
[2026-02-04T20:24:12.777+0530] {processor.py:840} INFO - DAG(s) 'tle_data_ingestion' retrieved from /opt/airflow/dags/dag_tle_ingestion_only.py
[2026-02-04T20:24:12.833+0530] {logging_mixin.py:188} INFO - [2026-02-04T20:24:12.833+0530] {dag.py:3036} INFO - Sync 1 DAGs
[2026-02-04T20:24:12.880+0530] {logging_mixin.py:188} INFO - [2026-02-04T20:24:12.879+0530] {dag.py:3823} INFO - Setting next_dagrun for tle_data_ingestion to 2026-02-04 14:50:00+00:00, run_after=2026-02-04 14:55:00+00:00
[2026-02-04T20:24:12.907+0530] {processor.py:183} INFO - Processing /opt/airflow/dags/dag_tle_ingestion_only.py took 0.200 seconds
[2026-02-04T20:24:43.048+0530] {processor.py:161} INFO - Started process (PID=1031) to work on /opt/airflow/dags/dag_tle_ingestion_only.py
[2026-02-04T20:24:43.049+0530] {processor.py:830} INFO - Processing file /opt/airflow/dags/dag_tle_ingestion_only.py for tasks to queue
[2026-02-04T20:24:43.051+0530] {logging_mixin.py:188} INFO - [2026-02-04T20:24:43.050+0530] {dagbag.py:538} INFO - Filling up the DagBag from /opt/airflow/dags/dag_tle_ingestion_only.py
[2026-02-04T20:24:43.084+0530] {processor.py:840} INFO - DAG(s) 'tle_data_ingestion' retrieved from /opt/airflow/dags/dag_tle_ingestion_only.py
[2026-02-04T20:24:43.190+0530] {logging_mixin.py:188} INFO - [2026-02-04T20:24:43.189+0530] {dag.py:3036} INFO - Sync 1 DAGs
[2026-02-04T20:24:43.228+0530] {logging_mixin.py:188} INFO - [2026-02-04T20:24:43.227+0530] {dag.py:3823} INFO - Setting next_dagrun for tle_data_ingestion to 2026-02-04 14:50:00+00:00, run_after=2026-02-04 14:55:00+00:00
[2026-02-04T20:24:43.258+0530] {processor.py:183} INFO - Processing /opt/airflow/dags/dag_tle_ingestion_only.py took 0.214 seconds
[2026-02-04T20:25:13.394+0530] {processor.py:161} INFO - Started process (PID=1043) to work on /opt/airflow/dags/dag_tle_ingestion_only.py
[2026-02-04T20:25:13.397+0530] {processor.py:830} INFO - Processing file /opt/airflow/dags/dag_tle_ingestion_only.py for tasks to queue
[2026-02-04T20:25:13.400+0530] {logging_mixin.py:188} INFO - [2026-02-04T20:25:13.399+0530] {dagbag.py:538} INFO - Filling up the DagBag from /opt/airflow/dags/dag_tle_ingestion_only.py
[2026-02-04T20:25:13.484+0530] {processor.py:840} INFO - DAG(s) 'tle_data_ingestion' retrieved from /opt/airflow/dags/dag_tle_ingestion_only.py
[2026-02-04T20:25:13.547+0530] {logging_mixin.py:188} INFO - [2026-02-04T20:25:13.546+0530] {dag.py:3036} INFO - Sync 1 DAGs
[2026-02-04T20:25:13.582+0530] {logging_mixin.py:188} INFO - [2026-02-04T20:25:13.581+0530] {dag.py:3823} INFO - Setting next_dagrun for tle_data_ingestion to 2026-02-04 14:55:00+00:00, run_after=2026-02-04 15:00:00+00:00
[2026-02-04T20:25:13.607+0530] {processor.py:183} INFO - Processing /opt/airflow/dags/dag_tle_ingestion_only.py took 0.223 seconds
[2026-02-04T20:32:36.761+0530] {processor.py:161} INFO - Started process (PID=192) to work on /opt/airflow/dags/dag_tle_ingestion_only.py
[2026-02-04T20:32:36.762+0530] {processor.py:830} INFO - Processing file /opt/airflow/dags/dag_tle_ingestion_only.py for tasks to queue
[2026-02-04T20:32:36.762+0530] {logging_mixin.py:188} INFO - [2026-02-04T20:32:36.762+0530] {dagbag.py:538} INFO - Filling up the DagBag from /opt/airflow/dags/dag_tle_ingestion_only.py
[2026-02-04T20:32:36.778+0530] {processor.py:840} INFO - DAG(s) 'tle_data_ingestion' retrieved from /opt/airflow/dags/dag_tle_ingestion_only.py
[2026-02-04T20:32:36.906+0530] {logging_mixin.py:188} INFO - [2026-02-04T20:32:36.906+0530] {dag.py:3036} INFO - Sync 1 DAGs
[2026-02-04T20:32:36.931+0530] {logging_mixin.py:188} INFO - [2026-02-04T20:32:36.931+0530] {dag.py:3823} INFO - Setting next_dagrun for tle_data_ingestion to 2026-02-04 14:55:00+00:00, run_after=2026-02-04 15:00:00+00:00
[2026-02-04T20:32:36.951+0530] {processor.py:183} INFO - Processing /opt/airflow/dags/dag_tle_ingestion_only.py took 0.192 seconds
[2026-02-04T20:33:07.083+0530] {processor.py:161} INFO - Started process (PID=210) to work on /opt/airflow/dags/dag_tle_ingestion_only.py
[2026-02-04T20:33:07.084+0530] {processor.py:830} INFO - Processing file /opt/airflow/dags/dag_tle_ingestion_only.py for tasks to queue
[2026-02-04T20:33:07.085+0530] {logging_mixin.py:188} INFO - [2026-02-04T20:33:07.084+0530] {dagbag.py:538} INFO - Filling up the DagBag from /opt/airflow/dags/dag_tle_ingestion_only.py
[2026-02-04T20:33:07.105+0530] {processor.py:840} INFO - DAG(s) 'tle_data_ingestion' retrieved from /opt/airflow/dags/dag_tle_ingestion_only.py
[2026-02-04T20:33:07.142+0530] {logging_mixin.py:188} INFO - [2026-02-04T20:33:07.142+0530] {dag.py:3036} INFO - Sync 1 DAGs
[2026-02-04T20:33:07.179+0530] {logging_mixin.py:188} INFO - [2026-02-04T20:33:07.178+0530] {dag.py:3823} INFO - Setting next_dagrun for tle_data_ingestion to 2026-02-04 15:00:00+00:00, run_after=2026-02-04 15:05:00+00:00
[2026-02-04T20:33:07.197+0530] {processor.py:183} INFO - Processing /opt/airflow/dags/dag_tle_ingestion_only.py took 0.118 seconds
[2026-02-04T20:33:37.319+0530] {processor.py:161} INFO - Started process (PID=215) to work on /opt/airflow/dags/dag_tle_ingestion_only.py
[2026-02-04T20:33:37.320+0530] {processor.py:830} INFO - Processing file /opt/airflow/dags/dag_tle_ingestion_only.py for tasks to queue
[2026-02-04T20:33:37.321+0530] {logging_mixin.py:188} INFO - [2026-02-04T20:33:37.320+0530] {dagbag.py:538} INFO - Filling up the DagBag from /opt/airflow/dags/dag_tle_ingestion_only.py
[2026-02-04T20:33:37.343+0530] {processor.py:840} INFO - DAG(s) 'tle_data_ingestion' retrieved from /opt/airflow/dags/dag_tle_ingestion_only.py
[2026-02-04T20:33:37.387+0530] {logging_mixin.py:188} INFO - [2026-02-04T20:33:37.386+0530] {dag.py:3036} INFO - Sync 1 DAGs
[2026-02-04T20:33:37.421+0530] {logging_mixin.py:188} INFO - [2026-02-04T20:33:37.420+0530] {dag.py:3823} INFO - Setting next_dagrun for tle_data_ingestion to 2026-02-04 15:00:00+00:00, run_after=2026-02-04 15:05:00+00:00
[2026-02-04T20:33:37.442+0530] {processor.py:183} INFO - Processing /opt/airflow/dags/dag_tle_ingestion_only.py took 0.127 seconds
[2026-02-04T20:34:07.576+0530] {processor.py:161} INFO - Started process (PID=220) to work on /opt/airflow/dags/dag_tle_ingestion_only.py
[2026-02-04T20:34:07.579+0530] {processor.py:830} INFO - Processing file /opt/airflow/dags/dag_tle_ingestion_only.py for tasks to queue
[2026-02-04T20:34:07.580+0530] {logging_mixin.py:188} INFO - [2026-02-04T20:34:07.579+0530] {dagbag.py:538} INFO - Filling up the DagBag from /opt/airflow/dags/dag_tle_ingestion_only.py
[2026-02-04T20:34:07.605+0530] {processor.py:840} INFO - DAG(s) 'tle_data_ingestion' retrieved from /opt/airflow/dags/dag_tle_ingestion_only.py
[2026-02-04T20:34:07.645+0530] {logging_mixin.py:188} INFO - [2026-02-04T20:34:07.644+0530] {dag.py:3036} INFO - Sync 1 DAGs
[2026-02-04T20:34:07.688+0530] {logging_mixin.py:188} INFO - [2026-02-04T20:34:07.688+0530] {dag.py:3823} INFO - Setting next_dagrun for tle_data_ingestion to 2026-02-04 15:00:00+00:00, run_after=2026-02-04 15:05:00+00:00
[2026-02-04T20:34:07.718+0530] {processor.py:183} INFO - Processing /opt/airflow/dags/dag_tle_ingestion_only.py took 0.147 seconds
[2026-02-04T20:34:37.848+0530] {processor.py:161} INFO - Started process (PID=225) to work on /opt/airflow/dags/dag_tle_ingestion_only.py
[2026-02-04T20:34:37.850+0530] {processor.py:830} INFO - Processing file /opt/airflow/dags/dag_tle_ingestion_only.py for tasks to queue
[2026-02-04T20:34:37.851+0530] {logging_mixin.py:188} INFO - [2026-02-04T20:34:37.850+0530] {dagbag.py:538} INFO - Filling up the DagBag from /opt/airflow/dags/dag_tle_ingestion_only.py
[2026-02-04T20:34:37.873+0530] {processor.py:840} INFO - DAG(s) 'tle_data_ingestion' retrieved from /opt/airflow/dags/dag_tle_ingestion_only.py
[2026-02-04T20:34:37.908+0530] {logging_mixin.py:188} INFO - [2026-02-04T20:34:37.908+0530] {dag.py:3036} INFO - Sync 1 DAGs
[2026-02-04T20:34:37.941+0530] {logging_mixin.py:188} INFO - [2026-02-04T20:34:37.941+0530] {dag.py:3823} INFO - Setting next_dagrun for tle_data_ingestion to 2026-02-04 15:00:00+00:00, run_after=2026-02-04 15:05:00+00:00
[2026-02-04T20:34:37.965+0530] {processor.py:183} INFO - Processing /opt/airflow/dags/dag_tle_ingestion_only.py took 0.121 seconds
[2026-02-04T20:35:08.106+0530] {processor.py:161} INFO - Started process (PID=237) to work on /opt/airflow/dags/dag_tle_ingestion_only.py
[2026-02-04T20:35:08.109+0530] {processor.py:830} INFO - Processing file /opt/airflow/dags/dag_tle_ingestion_only.py for tasks to queue
[2026-02-04T20:35:08.111+0530] {logging_mixin.py:188} INFO - [2026-02-04T20:35:08.110+0530] {dagbag.py:538} INFO - Filling up the DagBag from /opt/airflow/dags/dag_tle_ingestion_only.py
[2026-02-04T20:35:08.139+0530] {processor.py:840} INFO - DAG(s) 'tle_data_ingestion' retrieved from /opt/airflow/dags/dag_tle_ingestion_only.py
[2026-02-04T20:35:08.181+0530] {logging_mixin.py:188} INFO - [2026-02-04T20:35:08.180+0530] {dag.py:3036} INFO - Sync 1 DAGs
[2026-02-04T20:35:08.232+0530] {logging_mixin.py:188} INFO - [2026-02-04T20:35:08.231+0530] {dag.py:3823} INFO - Setting next_dagrun for tle_data_ingestion to 2026-02-04 15:05:00+00:00, run_after=2026-02-04 15:10:00+00:00
[2026-02-04T20:35:08.266+0530] {processor.py:183} INFO - Processing /opt/airflow/dags/dag_tle_ingestion_only.py took 0.166 seconds
[2026-02-04T20:35:38.391+0530] {processor.py:161} INFO - Started process (PID=242) to work on /opt/airflow/dags/dag_tle_ingestion_only.py
[2026-02-04T20:35:38.392+0530] {processor.py:830} INFO - Processing file /opt/airflow/dags/dag_tle_ingestion_only.py for tasks to queue
[2026-02-04T20:35:38.393+0530] {logging_mixin.py:188} INFO - [2026-02-04T20:35:38.392+0530] {dagbag.py:538} INFO - Filling up the DagBag from /opt/airflow/dags/dag_tle_ingestion_only.py
[2026-02-04T20:35:38.413+0530] {processor.py:840} INFO - DAG(s) 'tle_data_ingestion' retrieved from /opt/airflow/dags/dag_tle_ingestion_only.py
[2026-02-04T20:35:38.449+0530] {logging_mixin.py:188} INFO - [2026-02-04T20:35:38.449+0530] {dag.py:3036} INFO - Sync 1 DAGs
[2026-02-04T20:35:38.483+0530] {logging_mixin.py:188} INFO - [2026-02-04T20:35:38.483+0530] {dag.py:3823} INFO - Setting next_dagrun for tle_data_ingestion to 2026-02-04 15:05:00+00:00, run_after=2026-02-04 15:10:00+00:00
[2026-02-04T20:35:38.507+0530] {processor.py:183} INFO - Processing /opt/airflow/dags/dag_tle_ingestion_only.py took 0.119 seconds
[2026-02-04T20:36:08.644+0530] {processor.py:161} INFO - Started process (PID=247) to work on /opt/airflow/dags/dag_tle_ingestion_only.py
[2026-02-04T20:36:08.646+0530] {processor.py:830} INFO - Processing file /opt/airflow/dags/dag_tle_ingestion_only.py for tasks to queue
[2026-02-04T20:36:08.647+0530] {logging_mixin.py:188} INFO - [2026-02-04T20:36:08.646+0530] {dagbag.py:538} INFO - Filling up the DagBag from /opt/airflow/dags/dag_tle_ingestion_only.py
[2026-02-04T20:36:08.680+0530] {processor.py:840} INFO - DAG(s) 'tle_data_ingestion' retrieved from /opt/airflow/dags/dag_tle_ingestion_only.py
[2026-02-04T20:36:08.738+0530] {logging_mixin.py:188} INFO - [2026-02-04T20:36:08.737+0530] {dag.py:3036} INFO - Sync 1 DAGs
[2026-02-04T20:36:08.780+0530] {logging_mixin.py:188} INFO - [2026-02-04T20:36:08.780+0530] {dag.py:3823} INFO - Setting next_dagrun for tle_data_ingestion to 2026-02-04 15:05:00+00:00, run_after=2026-02-04 15:10:00+00:00
[2026-02-04T20:36:08.812+0530] {processor.py:183} INFO - Processing /opt/airflow/dags/dag_tle_ingestion_only.py took 0.172 seconds
[2026-02-04T20:36:38.952+0530] {processor.py:161} INFO - Started process (PID=252) to work on /opt/airflow/dags/dag_tle_ingestion_only.py
[2026-02-04T20:36:38.954+0530] {processor.py:830} INFO - Processing file /opt/airflow/dags/dag_tle_ingestion_only.py for tasks to queue
[2026-02-04T20:36:38.956+0530] {logging_mixin.py:188} INFO - [2026-02-04T20:36:38.955+0530] {dagbag.py:538} INFO - Filling up the DagBag from /opt/airflow/dags/dag_tle_ingestion_only.py
[2026-02-04T20:36:39.015+0530] {processor.py:840} INFO - DAG(s) 'tle_data_ingestion' retrieved from /opt/airflow/dags/dag_tle_ingestion_only.py
[2026-02-04T20:36:39.083+0530] {logging_mixin.py:188} INFO - [2026-02-04T20:36:39.082+0530] {dag.py:3036} INFO - Sync 1 DAGs
[2026-02-04T20:36:39.130+0530] {logging_mixin.py:188} INFO - [2026-02-04T20:36:39.130+0530] {dag.py:3823} INFO - Setting next_dagrun for tle_data_ingestion to 2026-02-04 15:05:00+00:00, run_after=2026-02-04 15:10:00+00:00
[2026-02-04T20:36:39.160+0530] {processor.py:183} INFO - Processing /opt/airflow/dags/dag_tle_ingestion_only.py took 0.217 seconds
[2026-02-04T20:37:09.299+0530] {processor.py:161} INFO - Started process (PID=257) to work on /opt/airflow/dags/dag_tle_ingestion_only.py
[2026-02-04T20:37:09.301+0530] {processor.py:830} INFO - Processing file /opt/airflow/dags/dag_tle_ingestion_only.py for tasks to queue
[2026-02-04T20:37:09.302+0530] {logging_mixin.py:188} INFO - [2026-02-04T20:37:09.301+0530] {dagbag.py:538} INFO - Filling up the DagBag from /opt/airflow/dags/dag_tle_ingestion_only.py
[2026-02-04T20:37:09.324+0530] {processor.py:840} INFO - DAG(s) 'tle_data_ingestion' retrieved from /opt/airflow/dags/dag_tle_ingestion_only.py
[2026-02-04T20:37:09.362+0530] {logging_mixin.py:188} INFO - [2026-02-04T20:37:09.361+0530] {dag.py:3036} INFO - Sync 1 DAGs
[2026-02-04T20:37:09.395+0530] {logging_mixin.py:188} INFO - [2026-02-04T20:37:09.395+0530] {dag.py:3823} INFO - Setting next_dagrun for tle_data_ingestion to 2026-02-04 15:05:00+00:00, run_after=2026-02-04 15:10:00+00:00
[2026-02-04T20:37:09.417+0530] {processor.py:183} INFO - Processing /opt/airflow/dags/dag_tle_ingestion_only.py took 0.121 seconds
[2026-02-04T20:37:39.562+0530] {processor.py:161} INFO - Started process (PID=262) to work on /opt/airflow/dags/dag_tle_ingestion_only.py
[2026-02-04T20:37:39.565+0530] {processor.py:830} INFO - Processing file /opt/airflow/dags/dag_tle_ingestion_only.py for tasks to queue
[2026-02-04T20:37:39.567+0530] {logging_mixin.py:188} INFO - [2026-02-04T20:37:39.566+0530] {dagbag.py:538} INFO - Filling up the DagBag from /opt/airflow/dags/dag_tle_ingestion_only.py
[2026-02-04T20:37:39.598+0530] {processor.py:840} INFO - DAG(s) 'tle_data_ingestion' retrieved from /opt/airflow/dags/dag_tle_ingestion_only.py
[2026-02-04T20:37:39.641+0530] {logging_mixin.py:188} INFO - [2026-02-04T20:37:39.641+0530] {dag.py:3036} INFO - Sync 1 DAGs
[2026-02-04T20:37:39.685+0530] {logging_mixin.py:188} INFO - [2026-02-04T20:37:39.684+0530] {dag.py:3823} INFO - Setting next_dagrun for tle_data_ingestion to 2026-02-04 15:05:00+00:00, run_after=2026-02-04 15:10:00+00:00
[2026-02-04T20:37:39.718+0530] {processor.py:183} INFO - Processing /opt/airflow/dags/dag_tle_ingestion_only.py took 0.161 seconds
[2026-02-04T20:38:09.875+0530] {processor.py:161} INFO - Started process (PID=267) to work on /opt/airflow/dags/dag_tle_ingestion_only.py
[2026-02-04T20:38:09.877+0530] {processor.py:830} INFO - Processing file /opt/airflow/dags/dag_tle_ingestion_only.py for tasks to queue
[2026-02-04T20:38:09.878+0530] {logging_mixin.py:188} INFO - [2026-02-04T20:38:09.877+0530] {dagbag.py:538} INFO - Filling up the DagBag from /opt/airflow/dags/dag_tle_ingestion_only.py
[2026-02-04T20:38:09.913+0530] {processor.py:840} INFO - DAG(s) 'tle_data_ingestion' retrieved from /opt/airflow/dags/dag_tle_ingestion_only.py
[2026-02-04T20:38:09.953+0530] {logging_mixin.py:188} INFO - [2026-02-04T20:38:09.952+0530] {dag.py:3036} INFO - Sync 1 DAGs
[2026-02-04T20:38:09.990+0530] {logging_mixin.py:188} INFO - [2026-02-04T20:38:09.989+0530] {dag.py:3823} INFO - Setting next_dagrun for tle_data_ingestion to 2026-02-04 15:05:00+00:00, run_after=2026-02-04 15:10:00+00:00
[2026-02-04T20:38:10.011+0530] {processor.py:183} INFO - Processing /opt/airflow/dags/dag_tle_ingestion_only.py took 0.142 seconds
[2026-02-04T20:38:40.139+0530] {processor.py:161} INFO - Started process (PID=272) to work on /opt/airflow/dags/dag_tle_ingestion_only.py
[2026-02-04T20:38:40.141+0530] {processor.py:830} INFO - Processing file /opt/airflow/dags/dag_tle_ingestion_only.py for tasks to queue
[2026-02-04T20:38:40.142+0530] {logging_mixin.py:188} INFO - [2026-02-04T20:38:40.141+0530] {dagbag.py:538} INFO - Filling up the DagBag from /opt/airflow/dags/dag_tle_ingestion_only.py
[2026-02-04T20:38:40.169+0530] {processor.py:840} INFO - DAG(s) 'tle_data_ingestion' retrieved from /opt/airflow/dags/dag_tle_ingestion_only.py
[2026-02-04T20:38:40.343+0530] {logging_mixin.py:188} INFO - [2026-02-04T20:38:40.343+0530] {dag.py:3036} INFO - Sync 1 DAGs
[2026-02-04T20:38:40.376+0530] {logging_mixin.py:188} INFO - [2026-02-04T20:38:40.376+0530] {dag.py:3823} INFO - Setting next_dagrun for tle_data_ingestion to 2026-02-04 15:05:00+00:00, run_after=2026-02-04 15:10:00+00:00
[2026-02-04T20:38:40.403+0530] {processor.py:183} INFO - Processing /opt/airflow/dags/dag_tle_ingestion_only.py took 0.268 seconds
[2026-02-04T20:39:10.539+0530] {processor.py:161} INFO - Started process (PID=277) to work on /opt/airflow/dags/dag_tle_ingestion_only.py
[2026-02-04T20:39:10.540+0530] {processor.py:830} INFO - Processing file /opt/airflow/dags/dag_tle_ingestion_only.py for tasks to queue
[2026-02-04T20:39:10.541+0530] {logging_mixin.py:188} INFO - [2026-02-04T20:39:10.541+0530] {dagbag.py:538} INFO - Filling up the DagBag from /opt/airflow/dags/dag_tle_ingestion_only.py
[2026-02-04T20:39:10.573+0530] {processor.py:840} INFO - DAG(s) 'tle_data_ingestion' retrieved from /opt/airflow/dags/dag_tle_ingestion_only.py
[2026-02-04T20:39:10.610+0530] {logging_mixin.py:188} INFO - [2026-02-04T20:39:10.610+0530] {dag.py:3036} INFO - Sync 1 DAGs
[2026-02-04T20:39:10.653+0530] {logging_mixin.py:188} INFO - [2026-02-04T20:39:10.653+0530] {dag.py:3823} INFO - Setting next_dagrun for tle_data_ingestion to 2026-02-04 15:05:00+00:00, run_after=2026-02-04 15:10:00+00:00
[2026-02-04T20:39:10.682+0530] {processor.py:183} INFO - Processing /opt/airflow/dags/dag_tle_ingestion_only.py took 0.147 seconds
[2026-02-04T20:39:40.815+0530] {processor.py:161} INFO - Started process (PID=282) to work on /opt/airflow/dags/dag_tle_ingestion_only.py
[2026-02-04T20:39:40.816+0530] {processor.py:830} INFO - Processing file /opt/airflow/dags/dag_tle_ingestion_only.py for tasks to queue
[2026-02-04T20:39:40.817+0530] {logging_mixin.py:188} INFO - [2026-02-04T20:39:40.817+0530] {dagbag.py:538} INFO - Filling up the DagBag from /opt/airflow/dags/dag_tle_ingestion_only.py
[2026-02-04T20:39:40.841+0530] {processor.py:840} INFO - DAG(s) 'tle_data_ingestion' retrieved from /opt/airflow/dags/dag_tle_ingestion_only.py
[2026-02-04T20:39:40.878+0530] {logging_mixin.py:188} INFO - [2026-02-04T20:39:40.878+0530] {dag.py:3036} INFO - Sync 1 DAGs
[2026-02-04T20:39:40.914+0530] {logging_mixin.py:188} INFO - [2026-02-04T20:39:40.914+0530] {dag.py:3823} INFO - Setting next_dagrun for tle_data_ingestion to 2026-02-04 15:05:00+00:00, run_after=2026-02-04 15:10:00+00:00
[2026-02-04T20:39:40.937+0530] {processor.py:183} INFO - Processing /opt/airflow/dags/dag_tle_ingestion_only.py took 0.126 seconds
[2026-02-04T20:40:11.084+0530] {processor.py:161} INFO - Started process (PID=294) to work on /opt/airflow/dags/dag_tle_ingestion_only.py
[2026-02-04T20:40:11.085+0530] {processor.py:830} INFO - Processing file /opt/airflow/dags/dag_tle_ingestion_only.py for tasks to queue
[2026-02-04T20:40:11.086+0530] {logging_mixin.py:188} INFO - [2026-02-04T20:40:11.086+0530] {dagbag.py:538} INFO - Filling up the DagBag from /opt/airflow/dags/dag_tle_ingestion_only.py
[2026-02-04T20:40:11.113+0530] {processor.py:840} INFO - DAG(s) 'tle_data_ingestion' retrieved from /opt/airflow/dags/dag_tle_ingestion_only.py
[2026-02-04T20:40:11.147+0530] {logging_mixin.py:188} INFO - [2026-02-04T20:40:11.147+0530] {dag.py:3036} INFO - Sync 1 DAGs
[2026-02-04T20:40:11.183+0530] {logging_mixin.py:188} INFO - [2026-02-04T20:40:11.183+0530] {dag.py:3823} INFO - Setting next_dagrun for tle_data_ingestion to 2026-02-04 15:10:00+00:00, run_after=2026-02-04 15:15:00+00:00
[2026-02-04T20:40:11.203+0530] {processor.py:183} INFO - Processing /opt/airflow/dags/dag_tle_ingestion_only.py took 0.123 seconds
[2026-02-04T20:40:41.339+0530] {processor.py:161} INFO - Started process (PID=308) to work on /opt/airflow/dags/dag_tle_ingestion_only.py
[2026-02-04T20:40:41.340+0530] {processor.py:830} INFO - Processing file /opt/airflow/dags/dag_tle_ingestion_only.py for tasks to queue
[2026-02-04T20:40:41.341+0530] {logging_mixin.py:188} INFO - [2026-02-04T20:40:41.340+0530] {dagbag.py:538} INFO - Filling up the DagBag from /opt/airflow/dags/dag_tle_ingestion_only.py
[2026-02-04T20:40:41.366+0530] {processor.py:840} INFO - DAG(s) 'tle_data_ingestion' retrieved from /opt/airflow/dags/dag_tle_ingestion_only.py
[2026-02-04T20:40:41.403+0530] {logging_mixin.py:188} INFO - [2026-02-04T20:40:41.402+0530] {dag.py:3036} INFO - Sync 1 DAGs
[2026-02-04T20:40:41.441+0530] {logging_mixin.py:188} INFO - [2026-02-04T20:40:41.441+0530] {dag.py:3823} INFO - Setting next_dagrun for tle_data_ingestion to 2026-02-04 15:10:00+00:00, run_after=2026-02-04 15:15:00+00:00
[2026-02-04T20:40:41.470+0530] {processor.py:183} INFO - Processing /opt/airflow/dags/dag_tle_ingestion_only.py took 0.136 seconds
[2026-02-04T20:41:11.622+0530] {processor.py:161} INFO - Started process (PID=313) to work on /opt/airflow/dags/dag_tle_ingestion_only.py
[2026-02-04T20:41:11.631+0530] {processor.py:830} INFO - Processing file /opt/airflow/dags/dag_tle_ingestion_only.py for tasks to queue
[2026-02-04T20:41:11.633+0530] {logging_mixin.py:188} INFO - [2026-02-04T20:41:11.632+0530] {dagbag.py:538} INFO - Filling up the DagBag from /opt/airflow/dags/dag_tle_ingestion_only.py
[2026-02-04T20:41:11.696+0530] {processor.py:840} INFO - DAG(s) 'tle_data_ingestion' retrieved from /opt/airflow/dags/dag_tle_ingestion_only.py
[2026-02-04T20:41:11.749+0530] {logging_mixin.py:188} INFO - [2026-02-04T20:41:11.749+0530] {dag.py:3036} INFO - Sync 1 DAGs
[2026-02-04T20:41:11.792+0530] {logging_mixin.py:188} INFO - [2026-02-04T20:41:11.792+0530] {dag.py:3823} INFO - Setting next_dagrun for tle_data_ingestion to 2026-02-04 15:10:00+00:00, run_after=2026-02-04 15:15:00+00:00
[2026-02-04T20:41:11.824+0530] {processor.py:183} INFO - Processing /opt/airflow/dags/dag_tle_ingestion_only.py took 0.213 seconds
[2026-02-04T20:41:41.966+0530] {processor.py:161} INFO - Started process (PID=318) to work on /opt/airflow/dags/dag_tle_ingestion_only.py
[2026-02-04T20:41:41.969+0530] {processor.py:830} INFO - Processing file /opt/airflow/dags/dag_tle_ingestion_only.py for tasks to queue
[2026-02-04T20:41:41.970+0530] {logging_mixin.py:188} INFO - [2026-02-04T20:41:41.970+0530] {dagbag.py:538} INFO - Filling up the DagBag from /opt/airflow/dags/dag_tle_ingestion_only.py
[2026-02-04T20:41:42.007+0530] {processor.py:840} INFO - DAG(s) 'tle_data_ingestion' retrieved from /opt/airflow/dags/dag_tle_ingestion_only.py
[2026-02-04T20:41:42.058+0530] {logging_mixin.py:188} INFO - [2026-02-04T20:41:42.058+0530] {dag.py:3036} INFO - Sync 1 DAGs
[2026-02-04T20:41:42.111+0530] {logging_mixin.py:188} INFO - [2026-02-04T20:41:42.110+0530] {dag.py:3823} INFO - Setting next_dagrun for tle_data_ingestion to 2026-02-04 15:10:00+00:00, run_after=2026-02-04 15:15:00+00:00
[2026-02-04T20:41:42.140+0530] {processor.py:183} INFO - Processing /opt/airflow/dags/dag_tle_ingestion_only.py took 0.180 seconds
[2026-02-04T20:42:12.270+0530] {processor.py:161} INFO - Started process (PID=323) to work on /opt/airflow/dags/dag_tle_ingestion_only.py
[2026-02-04T20:42:12.271+0530] {processor.py:830} INFO - Processing file /opt/airflow/dags/dag_tle_ingestion_only.py for tasks to queue
[2026-02-04T20:42:12.272+0530] {logging_mixin.py:188} INFO - [2026-02-04T20:42:12.272+0530] {dagbag.py:538} INFO - Filling up the DagBag from /opt/airflow/dags/dag_tle_ingestion_only.py
[2026-02-04T20:42:12.302+0530] {processor.py:840} INFO - DAG(s) 'tle_data_ingestion' retrieved from /opt/airflow/dags/dag_tle_ingestion_only.py
[2026-02-04T20:42:12.342+0530] {logging_mixin.py:188} INFO - [2026-02-04T20:42:12.342+0530] {dag.py:3036} INFO - Sync 1 DAGs
[2026-02-04T20:42:12.394+0530] {logging_mixin.py:188} INFO - [2026-02-04T20:42:12.393+0530] {dag.py:3823} INFO - Setting next_dagrun for tle_data_ingestion to 2026-02-04 15:10:00+00:00, run_after=2026-02-04 15:15:00+00:00
[2026-02-04T20:42:12.426+0530] {processor.py:183} INFO - Processing /opt/airflow/dags/dag_tle_ingestion_only.py took 0.161 seconds
[2026-02-04T20:42:42.569+0530] {processor.py:161} INFO - Started process (PID=328) to work on /opt/airflow/dags/dag_tle_ingestion_only.py
[2026-02-04T20:42:42.570+0530] {processor.py:830} INFO - Processing file /opt/airflow/dags/dag_tle_ingestion_only.py for tasks to queue
[2026-02-04T20:42:42.572+0530] {logging_mixin.py:188} INFO - [2026-02-04T20:42:42.571+0530] {dagbag.py:538} INFO - Filling up the DagBag from /opt/airflow/dags/dag_tle_ingestion_only.py
[2026-02-04T20:42:42.599+0530] {processor.py:840} INFO - DAG(s) 'tle_data_ingestion' retrieved from /opt/airflow/dags/dag_tle_ingestion_only.py
[2026-02-04T20:42:42.641+0530] {logging_mixin.py:188} INFO - [2026-02-04T20:42:42.641+0530] {dag.py:3036} INFO - Sync 1 DAGs
[2026-02-04T20:42:42.683+0530] {logging_mixin.py:188} INFO - [2026-02-04T20:42:42.683+0530] {dag.py:3823} INFO - Setting next_dagrun for tle_data_ingestion to 2026-02-04 15:10:00+00:00, run_after=2026-02-04 15:15:00+00:00
[2026-02-04T20:42:42.707+0530] {processor.py:183} INFO - Processing /opt/airflow/dags/dag_tle_ingestion_only.py took 0.142 seconds
[2026-02-04T20:43:12.825+0530] {processor.py:161} INFO - Started process (PID=336) to work on /opt/airflow/dags/dag_tle_ingestion_only.py
[2026-02-04T20:43:12.826+0530] {processor.py:830} INFO - Processing file /opt/airflow/dags/dag_tle_ingestion_only.py for tasks to queue
[2026-02-04T20:43:12.827+0530] {logging_mixin.py:188} INFO - [2026-02-04T20:43:12.827+0530] {dagbag.py:538} INFO - Filling up the DagBag from /opt/airflow/dags/dag_tle_ingestion_only.py
[2026-02-04T20:43:12.848+0530] {processor.py:840} INFO - DAG(s) 'tle_data_ingestion' retrieved from /opt/airflow/dags/dag_tle_ingestion_only.py
[2026-02-04T20:43:12.879+0530] {logging_mixin.py:188} INFO - [2026-02-04T20:43:12.878+0530] {dag.py:3036} INFO - Sync 1 DAGs
[2026-02-04T20:43:12.914+0530] {logging_mixin.py:188} INFO - [2026-02-04T20:43:12.914+0530] {dag.py:3823} INFO - Setting next_dagrun for tle_data_ingestion to 2026-02-04 15:10:00+00:00, run_after=2026-02-04 15:15:00+00:00
[2026-02-04T20:43:12.940+0530] {processor.py:183} INFO - Processing /opt/airflow/dags/dag_tle_ingestion_only.py took 0.118 seconds
[2026-02-04T20:43:43.089+0530] {processor.py:161} INFO - Started process (PID=347) to work on /opt/airflow/dags/dag_tle_ingestion_only.py
[2026-02-04T20:43:43.090+0530] {processor.py:830} INFO - Processing file /opt/airflow/dags/dag_tle_ingestion_only.py for tasks to queue
[2026-02-04T20:43:43.092+0530] {logging_mixin.py:188} INFO - [2026-02-04T20:43:43.091+0530] {dagbag.py:538} INFO - Filling up the DagBag from /opt/airflow/dags/dag_tle_ingestion_only.py
[2026-02-04T20:43:43.133+0530] {processor.py:840} INFO - DAG(s) 'tle_data_ingestion' retrieved from /opt/airflow/dags/dag_tle_ingestion_only.py
[2026-02-04T20:43:43.187+0530] {logging_mixin.py:188} INFO - [2026-02-04T20:43:43.187+0530] {dag.py:3036} INFO - Sync 1 DAGs
[2026-02-04T20:43:43.224+0530] {logging_mixin.py:188} INFO - [2026-02-04T20:43:43.223+0530] {dag.py:3823} INFO - Setting next_dagrun for tle_data_ingestion to 2026-02-04 15:10:00+00:00, run_after=2026-02-04 15:15:00+00:00
[2026-02-04T20:43:43.249+0530] {processor.py:183} INFO - Processing /opt/airflow/dags/dag_tle_ingestion_only.py took 0.169 seconds
[2026-02-04T20:44:13.380+0530] {processor.py:161} INFO - Started process (PID=352) to work on /opt/airflow/dags/dag_tle_ingestion_only.py
[2026-02-04T20:44:13.381+0530] {processor.py:830} INFO - Processing file /opt/airflow/dags/dag_tle_ingestion_only.py for tasks to queue
[2026-02-04T20:44:13.382+0530] {logging_mixin.py:188} INFO - [2026-02-04T20:44:13.382+0530] {dagbag.py:538} INFO - Filling up the DagBag from /opt/airflow/dags/dag_tle_ingestion_only.py
[2026-02-04T20:44:13.417+0530] {processor.py:840} INFO - DAG(s) 'tle_data_ingestion' retrieved from /opt/airflow/dags/dag_tle_ingestion_only.py
[2026-02-04T20:44:13.462+0530] {logging_mixin.py:188} INFO - [2026-02-04T20:44:13.461+0530] {dag.py:3036} INFO - Sync 1 DAGs
[2026-02-04T20:44:13.511+0530] {logging_mixin.py:188} INFO - [2026-02-04T20:44:13.511+0530] {dag.py:3823} INFO - Setting next_dagrun for tle_data_ingestion to 2026-02-04 15:10:00+00:00, run_after=2026-02-04 15:15:00+00:00
[2026-02-04T20:44:13.539+0530] {processor.py:183} INFO - Processing /opt/airflow/dags/dag_tle_ingestion_only.py took 0.165 seconds
[2026-02-04T20:44:43.680+0530] {processor.py:161} INFO - Started process (PID=357) to work on /opt/airflow/dags/dag_tle_ingestion_only.py
[2026-02-04T20:44:43.681+0530] {processor.py:830} INFO - Processing file /opt/airflow/dags/dag_tle_ingestion_only.py for tasks to queue
[2026-02-04T20:44:43.683+0530] {logging_mixin.py:188} INFO - [2026-02-04T20:44:43.682+0530] {dagbag.py:538} INFO - Filling up the DagBag from /opt/airflow/dags/dag_tle_ingestion_only.py
[2026-02-04T20:44:43.718+0530] {processor.py:840} INFO - DAG(s) 'tle_data_ingestion' retrieved from /opt/airflow/dags/dag_tle_ingestion_only.py
[2026-02-04T20:44:43.769+0530] {logging_mixin.py:188} INFO - [2026-02-04T20:44:43.768+0530] {dag.py:3036} INFO - Sync 1 DAGs
[2026-02-04T20:44:43.811+0530] {logging_mixin.py:188} INFO - [2026-02-04T20:44:43.811+0530] {dag.py:3823} INFO - Setting next_dagrun for tle_data_ingestion to 2026-02-04 15:10:00+00:00, run_after=2026-02-04 15:15:00+00:00
[2026-02-04T20:44:43.839+0530] {processor.py:183} INFO - Processing /opt/airflow/dags/dag_tle_ingestion_only.py took 0.165 seconds
[2026-02-04T20:45:14.003+0530] {processor.py:161} INFO - Started process (PID=369) to work on /opt/airflow/dags/dag_tle_ingestion_only.py
[2026-02-04T20:45:14.007+0530] {processor.py:830} INFO - Processing file /opt/airflow/dags/dag_tle_ingestion_only.py for tasks to queue
[2026-02-04T20:45:14.010+0530] {logging_mixin.py:188} INFO - [2026-02-04T20:45:14.009+0530] {dagbag.py:538} INFO - Filling up the DagBag from /opt/airflow/dags/dag_tle_ingestion_only.py
[2026-02-04T20:45:14.087+0530] {processor.py:840} INFO - DAG(s) 'tle_data_ingestion' retrieved from /opt/airflow/dags/dag_tle_ingestion_only.py
[2026-02-04T20:45:14.197+0530] {logging_mixin.py:188} INFO - [2026-02-04T20:45:14.197+0530] {dag.py:3036} INFO - Sync 1 DAGs
[2026-02-04T20:45:14.264+0530] {logging_mixin.py:188} INFO - [2026-02-04T20:45:14.263+0530] {dag.py:3823} INFO - Setting next_dagrun for tle_data_ingestion to 2026-02-04 15:15:00+00:00, run_after=2026-02-04 15:20:00+00:00
[2026-02-04T20:45:14.298+0530] {processor.py:183} INFO - Processing /opt/airflow/dags/dag_tle_ingestion_only.py took 0.309 seconds
[2026-02-04T20:45:44.428+0530] {processor.py:161} INFO - Started process (PID=374) to work on /opt/airflow/dags/dag_tle_ingestion_only.py
[2026-02-04T20:45:44.428+0530] {processor.py:830} INFO - Processing file /opt/airflow/dags/dag_tle_ingestion_only.py for tasks to queue
[2026-02-04T20:45:44.429+0530] {logging_mixin.py:188} INFO - [2026-02-04T20:45:44.429+0530] {dagbag.py:538} INFO - Filling up the DagBag from /opt/airflow/dags/dag_tle_ingestion_only.py
[2026-02-04T20:45:44.453+0530] {processor.py:840} INFO - DAG(s) 'tle_data_ingestion' retrieved from /opt/airflow/dags/dag_tle_ingestion_only.py
[2026-02-04T20:45:44.491+0530] {logging_mixin.py:188} INFO - [2026-02-04T20:45:44.491+0530] {dag.py:3036} INFO - Sync 1 DAGs
[2026-02-04T20:45:44.521+0530] {logging_mixin.py:188} INFO - [2026-02-04T20:45:44.521+0530] {dag.py:3823} INFO - Setting next_dagrun for tle_data_ingestion to 2026-02-04 15:15:00+00:00, run_after=2026-02-04 15:20:00+00:00
[2026-02-04T20:45:44.541+0530] {processor.py:183} INFO - Processing /opt/airflow/dags/dag_tle_ingestion_only.py took 0.117 seconds
[2026-02-04T20:46:14.655+0530] {processor.py:161} INFO - Started process (PID=379) to work on /opt/airflow/dags/dag_tle_ingestion_only.py
[2026-02-04T20:46:14.656+0530] {processor.py:830} INFO - Processing file /opt/airflow/dags/dag_tle_ingestion_only.py for tasks to queue
[2026-02-04T20:46:14.657+0530] {logging_mixin.py:188} INFO - [2026-02-04T20:46:14.657+0530] {dagbag.py:538} INFO - Filling up the DagBag from /opt/airflow/dags/dag_tle_ingestion_only.py
[2026-02-04T20:46:14.675+0530] {processor.py:840} INFO - DAG(s) 'tle_data_ingestion' retrieved from /opt/airflow/dags/dag_tle_ingestion_only.py
[2026-02-04T20:46:14.707+0530] {logging_mixin.py:188} INFO - [2026-02-04T20:46:14.706+0530] {dag.py:3036} INFO - Sync 1 DAGs
[2026-02-04T20:46:14.732+0530] {logging_mixin.py:188} INFO - [2026-02-04T20:46:14.732+0530] {dag.py:3823} INFO - Setting next_dagrun for tle_data_ingestion to 2026-02-04 15:15:00+00:00, run_after=2026-02-04 15:20:00+00:00
[2026-02-04T20:46:14.748+0530] {processor.py:183} INFO - Processing /opt/airflow/dags/dag_tle_ingestion_only.py took 0.096 seconds
[2026-02-04T20:46:44.860+0530] {processor.py:161} INFO - Started process (PID=384) to work on /opt/airflow/dags/dag_tle_ingestion_only.py
[2026-02-04T20:46:44.892+0530] {processor.py:830} INFO - Processing file /opt/airflow/dags/dag_tle_ingestion_only.py for tasks to queue
[2026-02-04T20:46:44.894+0530] {logging_mixin.py:188} INFO - [2026-02-04T20:46:44.893+0530] {dagbag.py:538} INFO - Filling up the DagBag from /opt/airflow/dags/dag_tle_ingestion_only.py
[2026-02-04T20:46:44.912+0530] {processor.py:840} INFO - DAG(s) 'tle_data_ingestion' retrieved from /opt/airflow/dags/dag_tle_ingestion_only.py
[2026-02-04T20:46:44.942+0530] {logging_mixin.py:188} INFO - [2026-02-04T20:46:44.942+0530] {dag.py:3036} INFO - Sync 1 DAGs
[2026-02-04T20:46:44.970+0530] {logging_mixin.py:188} INFO - [2026-02-04T20:46:44.970+0530] {dag.py:3823} INFO - Setting next_dagrun for tle_data_ingestion to 2026-02-04 15:15:00+00:00, run_after=2026-02-04 15:20:00+00:00
[2026-02-04T20:46:44.988+0530] {processor.py:183} INFO - Processing /opt/airflow/dags/dag_tle_ingestion_only.py took 0.131 seconds
[2026-02-04T20:47:15.142+0530] {processor.py:161} INFO - Started process (PID=389) to work on /opt/airflow/dags/dag_tle_ingestion_only.py
[2026-02-04T20:47:15.145+0530] {processor.py:830} INFO - Processing file /opt/airflow/dags/dag_tle_ingestion_only.py for tasks to queue
[2026-02-04T20:47:15.146+0530] {logging_mixin.py:188} INFO - [2026-02-04T20:47:15.145+0530] {dagbag.py:538} INFO - Filling up the DagBag from /opt/airflow/dags/dag_tle_ingestion_only.py
[2026-02-04T20:47:15.169+0530] {processor.py:840} INFO - DAG(s) 'tle_data_ingestion' retrieved from /opt/airflow/dags/dag_tle_ingestion_only.py
[2026-02-04T20:47:15.208+0530] {logging_mixin.py:188} INFO - [2026-02-04T20:47:15.207+0530] {dag.py:3036} INFO - Sync 1 DAGs
[2026-02-04T20:47:15.249+0530] {logging_mixin.py:188} INFO - [2026-02-04T20:47:15.249+0530] {dag.py:3823} INFO - Setting next_dagrun for tle_data_ingestion to 2026-02-04 15:15:00+00:00, run_after=2026-02-04 15:20:00+00:00
[2026-02-04T20:47:15.278+0530] {processor.py:183} INFO - Processing /opt/airflow/dags/dag_tle_ingestion_only.py took 0.139 seconds
[2026-02-04T20:47:45.419+0530] {processor.py:161} INFO - Started process (PID=394) to work on /opt/airflow/dags/dag_tle_ingestion_only.py
[2026-02-04T20:47:45.422+0530] {processor.py:830} INFO - Processing file /opt/airflow/dags/dag_tle_ingestion_only.py for tasks to queue
[2026-02-04T20:47:45.424+0530] {logging_mixin.py:188} INFO - [2026-02-04T20:47:45.423+0530] {dagbag.py:538} INFO - Filling up the DagBag from /opt/airflow/dags/dag_tle_ingestion_only.py
[2026-02-04T20:47:45.466+0530] {processor.py:840} INFO - DAG(s) 'tle_data_ingestion' retrieved from /opt/airflow/dags/dag_tle_ingestion_only.py
[2026-02-04T20:47:45.521+0530] {logging_mixin.py:188} INFO - [2026-02-04T20:47:45.521+0530] {dag.py:3036} INFO - Sync 1 DAGs
[2026-02-04T20:47:45.569+0530] {logging_mixin.py:188} INFO - [2026-02-04T20:47:45.569+0530] {dag.py:3823} INFO - Setting next_dagrun for tle_data_ingestion to 2026-02-04 15:15:00+00:00, run_after=2026-02-04 15:20:00+00:00
[2026-02-04T20:47:45.600+0530] {processor.py:183} INFO - Processing /opt/airflow/dags/dag_tle_ingestion_only.py took 0.187 seconds
[2026-02-04T20:48:15.744+0530] {processor.py:161} INFO - Started process (PID=399) to work on /opt/airflow/dags/dag_tle_ingestion_only.py
[2026-02-04T20:48:15.745+0530] {processor.py:830} INFO - Processing file /opt/airflow/dags/dag_tle_ingestion_only.py for tasks to queue
[2026-02-04T20:48:15.746+0530] {logging_mixin.py:188} INFO - [2026-02-04T20:48:15.746+0530] {dagbag.py:538} INFO - Filling up the DagBag from /opt/airflow/dags/dag_tle_ingestion_only.py
[2026-02-04T20:48:15.776+0530] {processor.py:840} INFO - DAG(s) 'tle_data_ingestion' retrieved from /opt/airflow/dags/dag_tle_ingestion_only.py
[2026-02-04T20:48:15.824+0530] {logging_mixin.py:188} INFO - [2026-02-04T20:48:15.824+0530] {dag.py:3036} INFO - Sync 1 DAGs
[2026-02-04T20:48:15.861+0530] {logging_mixin.py:188} INFO - [2026-02-04T20:48:15.861+0530] {dag.py:3823} INFO - Setting next_dagrun for tle_data_ingestion to 2026-02-04 15:15:00+00:00, run_after=2026-02-04 15:20:00+00:00
[2026-02-04T20:48:15.884+0530] {processor.py:183} INFO - Processing /opt/airflow/dags/dag_tle_ingestion_only.py took 0.144 seconds
[2026-02-04T20:48:46.029+0530] {processor.py:161} INFO - Started process (PID=404) to work on /opt/airflow/dags/dag_tle_ingestion_only.py
[2026-02-04T20:48:46.031+0530] {processor.py:830} INFO - Processing file /opt/airflow/dags/dag_tle_ingestion_only.py for tasks to queue
[2026-02-04T20:48:46.032+0530] {logging_mixin.py:188} INFO - [2026-02-04T20:48:46.031+0530] {dagbag.py:538} INFO - Filling up the DagBag from /opt/airflow/dags/dag_tle_ingestion_only.py
[2026-02-04T20:48:46.060+0530] {processor.py:840} INFO - DAG(s) 'tle_data_ingestion' retrieved from /opt/airflow/dags/dag_tle_ingestion_only.py
[2026-02-04T20:48:46.099+0530] {logging_mixin.py:188} INFO - [2026-02-04T20:48:46.099+0530] {dag.py:3036} INFO - Sync 1 DAGs
[2026-02-04T20:48:46.135+0530] {logging_mixin.py:188} INFO - [2026-02-04T20:48:46.134+0530] {dag.py:3823} INFO - Setting next_dagrun for tle_data_ingestion to 2026-02-04 15:15:00+00:00, run_after=2026-02-04 15:20:00+00:00
[2026-02-04T20:48:46.155+0530] {processor.py:183} INFO - Processing /opt/airflow/dags/dag_tle_ingestion_only.py took 0.131 seconds
[2026-02-04T20:49:16.280+0530] {processor.py:161} INFO - Started process (PID=409) to work on /opt/airflow/dags/dag_tle_ingestion_only.py
[2026-02-04T20:49:16.281+0530] {processor.py:830} INFO - Processing file /opt/airflow/dags/dag_tle_ingestion_only.py for tasks to queue
[2026-02-04T20:49:16.282+0530] {logging_mixin.py:188} INFO - [2026-02-04T20:49:16.282+0530] {dagbag.py:538} INFO - Filling up the DagBag from /opt/airflow/dags/dag_tle_ingestion_only.py
[2026-02-04T20:49:16.306+0530] {processor.py:840} INFO - DAG(s) 'tle_data_ingestion' retrieved from /opt/airflow/dags/dag_tle_ingestion_only.py
[2026-02-04T20:49:16.345+0530] {logging_mixin.py:188} INFO - [2026-02-04T20:49:16.344+0530] {dag.py:3036} INFO - Sync 1 DAGs
[2026-02-04T20:49:16.387+0530] {logging_mixin.py:188} INFO - [2026-02-04T20:49:16.387+0530] {dag.py:3823} INFO - Setting next_dagrun for tle_data_ingestion to 2026-02-04 15:15:00+00:00, run_after=2026-02-04 15:20:00+00:00
[2026-02-04T20:49:16.410+0530] {processor.py:183} INFO - Processing /opt/airflow/dags/dag_tle_ingestion_only.py took 0.134 seconds
[2026-02-04T20:49:46.549+0530] {processor.py:161} INFO - Started process (PID=414) to work on /opt/airflow/dags/dag_tle_ingestion_only.py
[2026-02-04T20:49:46.560+0530] {processor.py:830} INFO - Processing file /opt/airflow/dags/dag_tle_ingestion_only.py for tasks to queue
[2026-02-04T20:49:46.562+0530] {logging_mixin.py:188} INFO - [2026-02-04T20:49:46.561+0530] {dagbag.py:538} INFO - Filling up the DagBag from /opt/airflow/dags/dag_tle_ingestion_only.py
[2026-02-04T20:49:46.609+0530] {processor.py:840} INFO - DAG(s) 'tle_data_ingestion' retrieved from /opt/airflow/dags/dag_tle_ingestion_only.py
[2026-02-04T20:49:46.797+0530] {logging_mixin.py:188} INFO - [2026-02-04T20:49:46.797+0530] {dag.py:3036} INFO - Sync 1 DAGs
[2026-02-04T20:49:46.836+0530] {logging_mixin.py:188} INFO - [2026-02-04T20:49:46.835+0530] {dag.py:3823} INFO - Setting next_dagrun for tle_data_ingestion to 2026-02-04 15:15:00+00:00, run_after=2026-02-04 15:20:00+00:00
[2026-02-04T20:49:46.863+0530] {processor.py:183} INFO - Processing /opt/airflow/dags/dag_tle_ingestion_only.py took 0.320 seconds
[2026-02-04T20:50:17.037+0530] {processor.py:161} INFO - Started process (PID=426) to work on /opt/airflow/dags/dag_tle_ingestion_only.py
[2026-02-04T20:50:17.040+0530] {processor.py:830} INFO - Processing file /opt/airflow/dags/dag_tle_ingestion_only.py for tasks to queue
[2026-02-04T20:50:17.042+0530] {logging_mixin.py:188} INFO - [2026-02-04T20:50:17.041+0530] {dagbag.py:538} INFO - Filling up the DagBag from /opt/airflow/dags/dag_tle_ingestion_only.py
[2026-02-04T20:50:17.081+0530] {processor.py:840} INFO - DAG(s) 'tle_data_ingestion' retrieved from /opt/airflow/dags/dag_tle_ingestion_only.py
[2026-02-04T20:50:17.140+0530] {logging_mixin.py:188} INFO - [2026-02-04T20:50:17.139+0530] {dag.py:3036} INFO - Sync 1 DAGs
[2026-02-04T20:50:17.192+0530] {logging_mixin.py:188} INFO - [2026-02-04T20:50:17.192+0530] {dag.py:3823} INFO - Setting next_dagrun for tle_data_ingestion to 2026-02-04 15:20:00+00:00, run_after=2026-02-04 15:25:00+00:00
[2026-02-04T20:50:17.230+0530] {processor.py:183} INFO - Processing /opt/airflow/dags/dag_tle_ingestion_only.py took 0.199 seconds
[2026-02-04T20:50:47.393+0530] {processor.py:161} INFO - Started process (PID=471) to work on /opt/airflow/dags/dag_tle_ingestion_only.py
[2026-02-04T20:50:47.395+0530] {processor.py:830} INFO - Processing file /opt/airflow/dags/dag_tle_ingestion_only.py for tasks to queue
[2026-02-04T20:50:47.397+0530] {logging_mixin.py:188} INFO - [2026-02-04T20:50:47.396+0530] {dagbag.py:538} INFO - Filling up the DagBag from /opt/airflow/dags/dag_tle_ingestion_only.py
[2026-02-04T20:50:47.435+0530] {processor.py:840} INFO - DAG(s) 'tle_data_ingestion' retrieved from /opt/airflow/dags/dag_tle_ingestion_only.py
[2026-02-04T20:50:47.490+0530] {logging_mixin.py:188} INFO - [2026-02-04T20:50:47.490+0530] {dag.py:3036} INFO - Sync 1 DAGs
[2026-02-04T20:50:47.545+0530] {logging_mixin.py:188} INFO - [2026-02-04T20:50:47.545+0530] {dag.py:3823} INFO - Setting next_dagrun for tle_data_ingestion to 2026-02-04 15:20:00+00:00, run_after=2026-02-04 15:25:00+00:00
[2026-02-04T20:50:47.578+0530] {processor.py:183} INFO - Processing /opt/airflow/dags/dag_tle_ingestion_only.py took 0.191 seconds
[2026-02-04T20:51:17.729+0530] {processor.py:161} INFO - Started process (PID=476) to work on /opt/airflow/dags/dag_tle_ingestion_only.py
[2026-02-04T20:51:17.738+0530] {processor.py:830} INFO - Processing file /opt/airflow/dags/dag_tle_ingestion_only.py for tasks to queue
[2026-02-04T20:51:17.739+0530] {logging_mixin.py:188} INFO - [2026-02-04T20:51:17.739+0530] {dagbag.py:538} INFO - Filling up the DagBag from /opt/airflow/dags/dag_tle_ingestion_only.py
[2026-02-04T20:51:17.760+0530] {processor.py:840} INFO - DAG(s) 'tle_data_ingestion' retrieved from /opt/airflow/dags/dag_tle_ingestion_only.py
[2026-02-04T20:51:17.789+0530] {logging_mixin.py:188} INFO - [2026-02-04T20:51:17.788+0530] {dag.py:3036} INFO - Sync 1 DAGs
[2026-02-04T20:51:17.817+0530] {logging_mixin.py:188} INFO - [2026-02-04T20:51:17.817+0530] {dag.py:3823} INFO - Setting next_dagrun for tle_data_ingestion to 2026-02-04 15:20:00+00:00, run_after=2026-02-04 15:25:00+00:00
[2026-02-04T20:51:17.837+0530] {processor.py:183} INFO - Processing /opt/airflow/dags/dag_tle_ingestion_only.py took 0.112 seconds
[2026-02-04T20:51:47.972+0530] {processor.py:161} INFO - Started process (PID=481) to work on /opt/airflow/dags/dag_tle_ingestion_only.py
[2026-02-04T20:51:47.973+0530] {processor.py:830} INFO - Processing file /opt/airflow/dags/dag_tle_ingestion_only.py for tasks to queue
[2026-02-04T20:51:47.974+0530] {logging_mixin.py:188} INFO - [2026-02-04T20:51:47.973+0530] {dagbag.py:538} INFO - Filling up the DagBag from /opt/airflow/dags/dag_tle_ingestion_only.py
[2026-02-04T20:51:48.003+0530] {processor.py:840} INFO - DAG(s) 'tle_data_ingestion' retrieved from /opt/airflow/dags/dag_tle_ingestion_only.py
[2026-02-04T20:51:48.042+0530] {logging_mixin.py:188} INFO - [2026-02-04T20:51:48.042+0530] {dag.py:3036} INFO - Sync 1 DAGs
[2026-02-04T20:51:48.086+0530] {logging_mixin.py:188} INFO - [2026-02-04T20:51:48.085+0530] {dag.py:3823} INFO - Setting next_dagrun for tle_data_ingestion to 2026-02-04 15:20:00+00:00, run_after=2026-02-04 15:25:00+00:00
[2026-02-04T20:51:48.112+0530] {processor.py:183} INFO - Processing /opt/airflow/dags/dag_tle_ingestion_only.py took 0.144 seconds
[2026-02-04T20:52:18.257+0530] {processor.py:161} INFO - Started process (PID=486) to work on /opt/airflow/dags/dag_tle_ingestion_only.py
[2026-02-04T20:52:18.258+0530] {processor.py:830} INFO - Processing file /opt/airflow/dags/dag_tle_ingestion_only.py for tasks to queue
[2026-02-04T20:52:18.260+0530] {logging_mixin.py:188} INFO - [2026-02-04T20:52:18.259+0530] {dagbag.py:538} INFO - Filling up the DagBag from /opt/airflow/dags/dag_tle_ingestion_only.py
[2026-02-04T20:52:18.297+0530] {processor.py:840} INFO - DAG(s) 'tle_data_ingestion' retrieved from /opt/airflow/dags/dag_tle_ingestion_only.py
[2026-02-04T20:52:18.350+0530] {logging_mixin.py:188} INFO - [2026-02-04T20:52:18.350+0530] {dag.py:3036} INFO - Sync 1 DAGs
[2026-02-04T20:52:18.390+0530] {logging_mixin.py:188} INFO - [2026-02-04T20:52:18.389+0530] {dag.py:3823} INFO - Setting next_dagrun for tle_data_ingestion to 2026-02-04 15:20:00+00:00, run_after=2026-02-04 15:25:00+00:00
[2026-02-04T20:52:18.414+0530] {processor.py:183} INFO - Processing /opt/airflow/dags/dag_tle_ingestion_only.py took 0.163 seconds
[2026-02-04T20:52:48.546+0530] {processor.py:161} INFO - Started process (PID=491) to work on /opt/airflow/dags/dag_tle_ingestion_only.py
[2026-02-04T20:52:48.548+0530] {processor.py:830} INFO - Processing file /opt/airflow/dags/dag_tle_ingestion_only.py for tasks to queue
[2026-02-04T20:52:48.549+0530] {logging_mixin.py:188} INFO - [2026-02-04T20:52:48.549+0530] {dagbag.py:538} INFO - Filling up the DagBag from /opt/airflow/dags/dag_tle_ingestion_only.py
[2026-02-04T20:52:48.568+0530] {processor.py:840} INFO - DAG(s) 'tle_data_ingestion' retrieved from /opt/airflow/dags/dag_tle_ingestion_only.py
[2026-02-04T20:52:48.598+0530] {logging_mixin.py:188} INFO - [2026-02-04T20:52:48.598+0530] {dag.py:3036} INFO - Sync 1 DAGs
[2026-02-04T20:52:48.624+0530] {logging_mixin.py:188} INFO - [2026-02-04T20:52:48.624+0530] {dag.py:3823} INFO - Setting next_dagrun for tle_data_ingestion to 2026-02-04 15:20:00+00:00, run_after=2026-02-04 15:25:00+00:00
[2026-02-04T20:52:48.641+0530] {processor.py:183} INFO - Processing /opt/airflow/dags/dag_tle_ingestion_only.py took 0.098 seconds
[2026-02-04T20:53:18.675+0530] {processor.py:161} INFO - Started process (PID=496) to work on /opt/airflow/dags/dag_tle_ingestion_only.py
[2026-02-04T20:53:18.678+0530] {processor.py:830} INFO - Processing file /opt/airflow/dags/dag_tle_ingestion_only.py for tasks to queue
[2026-02-04T20:53:18.679+0530] {logging_mixin.py:188} INFO - [2026-02-04T20:53:18.678+0530] {dagbag.py:538} INFO - Filling up the DagBag from /opt/airflow/dags/dag_tle_ingestion_only.py
[2026-02-04T20:53:18.705+0530] {processor.py:840} INFO - DAG(s) 'tle_data_ingestion' retrieved from /opt/airflow/dags/dag_tle_ingestion_only.py
[2026-02-04T20:53:18.742+0530] {logging_mixin.py:188} INFO - [2026-02-04T20:53:18.742+0530] {dag.py:3036} INFO - Sync 1 DAGs
[2026-02-04T20:53:18.791+0530] {logging_mixin.py:188} INFO - [2026-02-04T20:53:18.791+0530] {dag.py:3823} INFO - Setting next_dagrun for tle_data_ingestion to 2026-02-04 15:20:00+00:00, run_after=2026-02-04 15:25:00+00:00
[2026-02-04T20:53:18.824+0530] {processor.py:183} INFO - Processing /opt/airflow/dags/dag_tle_ingestion_only.py took 0.153 seconds
[2026-02-04T20:53:48.903+0530] {processor.py:161} INFO - Started process (PID=501) to work on /opt/airflow/dags/dag_tle_ingestion_only.py
[2026-02-04T20:53:48.905+0530] {processor.py:830} INFO - Processing file /opt/airflow/dags/dag_tle_ingestion_only.py for tasks to queue
[2026-02-04T20:53:48.907+0530] {logging_mixin.py:188} INFO - [2026-02-04T20:53:48.906+0530] {dagbag.py:538} INFO - Filling up the DagBag from /opt/airflow/dags/dag_tle_ingestion_only.py
[2026-02-04T20:53:48.933+0530] {processor.py:840} INFO - DAG(s) 'tle_data_ingestion' retrieved from /opt/airflow/dags/dag_tle_ingestion_only.py
[2026-02-04T20:53:48.968+0530] {logging_mixin.py:188} INFO - [2026-02-04T20:53:48.967+0530] {dag.py:3036} INFO - Sync 1 DAGs
[2026-02-04T20:53:49.013+0530] {logging_mixin.py:188} INFO - [2026-02-04T20:53:49.013+0530] {dag.py:3823} INFO - Setting next_dagrun for tle_data_ingestion to 2026-02-04 15:20:00+00:00, run_after=2026-02-04 15:25:00+00:00
[2026-02-04T20:53:49.034+0530] {processor.py:183} INFO - Processing /opt/airflow/dags/dag_tle_ingestion_only.py took 0.137 seconds
[2026-02-04T20:54:19.096+0530] {processor.py:161} INFO - Started process (PID=506) to work on /opt/airflow/dags/dag_tle_ingestion_only.py
[2026-02-04T20:54:19.099+0530] {processor.py:830} INFO - Processing file /opt/airflow/dags/dag_tle_ingestion_only.py for tasks to queue
[2026-02-04T20:54:19.100+0530] {logging_mixin.py:188} INFO - [2026-02-04T20:54:19.099+0530] {dagbag.py:538} INFO - Filling up the DagBag from /opt/airflow/dags/dag_tle_ingestion_only.py
[2026-02-04T20:54:19.127+0530] {processor.py:840} INFO - DAG(s) 'tle_data_ingestion' retrieved from /opt/airflow/dags/dag_tle_ingestion_only.py
[2026-02-04T20:54:19.170+0530] {logging_mixin.py:188} INFO - [2026-02-04T20:54:19.170+0530] {dag.py:3036} INFO - Sync 1 DAGs
[2026-02-04T20:54:19.211+0530] {logging_mixin.py:188} INFO - [2026-02-04T20:54:19.211+0530] {dag.py:3823} INFO - Setting next_dagrun for tle_data_ingestion to 2026-02-04 15:20:00+00:00, run_after=2026-02-04 15:25:00+00:00
[2026-02-04T20:54:19.244+0530] {processor.py:183} INFO - Processing /opt/airflow/dags/dag_tle_ingestion_only.py took 0.152 seconds
[2026-02-04T20:54:49.287+0530] {processor.py:161} INFO - Started process (PID=511) to work on /opt/airflow/dags/dag_tle_ingestion_only.py
[2026-02-04T20:54:49.289+0530] {processor.py:830} INFO - Processing file /opt/airflow/dags/dag_tle_ingestion_only.py for tasks to queue
[2026-02-04T20:54:49.290+0530] {logging_mixin.py:188} INFO - [2026-02-04T20:54:49.290+0530] {dagbag.py:538} INFO - Filling up the DagBag from /opt/airflow/dags/dag_tle_ingestion_only.py
[2026-02-04T20:54:49.314+0530] {processor.py:840} INFO - DAG(s) 'tle_data_ingestion' retrieved from /opt/airflow/dags/dag_tle_ingestion_only.py
[2026-02-04T20:54:49.348+0530] {logging_mixin.py:188} INFO - [2026-02-04T20:54:49.347+0530] {dag.py:3036} INFO - Sync 1 DAGs
[2026-02-04T20:54:49.382+0530] {logging_mixin.py:188} INFO - [2026-02-04T20:54:49.382+0530] {dag.py:3823} INFO - Setting next_dagrun for tle_data_ingestion to 2026-02-04 15:20:00+00:00, run_after=2026-02-04 15:25:00+00:00
[2026-02-04T20:54:49.403+0530] {processor.py:183} INFO - Processing /opt/airflow/dags/dag_tle_ingestion_only.py took 0.120 seconds
[2026-02-04T20:55:19.501+0530] {processor.py:161} INFO - Started process (PID=523) to work on /opt/airflow/dags/dag_tle_ingestion_only.py
[2026-02-04T20:55:19.504+0530] {processor.py:830} INFO - Processing file /opt/airflow/dags/dag_tle_ingestion_only.py for tasks to queue
[2026-02-04T20:55:19.505+0530] {logging_mixin.py:188} INFO - [2026-02-04T20:55:19.504+0530] {dagbag.py:538} INFO - Filling up the DagBag from /opt/airflow/dags/dag_tle_ingestion_only.py
[2026-02-04T20:55:19.530+0530] {processor.py:840} INFO - DAG(s) 'tle_data_ingestion' retrieved from /opt/airflow/dags/dag_tle_ingestion_only.py
[2026-02-04T20:55:19.568+0530] {logging_mixin.py:188} INFO - [2026-02-04T20:55:19.568+0530] {dag.py:3036} INFO - Sync 1 DAGs
[2026-02-04T20:55:19.607+0530] {logging_mixin.py:188} INFO - [2026-02-04T20:55:19.607+0530] {dag.py:3823} INFO - Setting next_dagrun for tle_data_ingestion to 2026-02-04 15:25:00+00:00, run_after=2026-02-04 15:30:00+00:00
[2026-02-04T20:55:19.631+0530] {processor.py:183} INFO - Processing /opt/airflow/dags/dag_tle_ingestion_only.py took 0.134 seconds
[2026-02-04T20:55:49.776+0530] {processor.py:161} INFO - Started process (PID=528) to work on /opt/airflow/dags/dag_tle_ingestion_only.py
[2026-02-04T20:55:49.815+0530] {processor.py:830} INFO - Processing file /opt/airflow/dags/dag_tle_ingestion_only.py for tasks to queue
[2026-02-04T20:55:49.817+0530] {logging_mixin.py:188} INFO - [2026-02-04T20:55:49.816+0530] {dagbag.py:538} INFO - Filling up the DagBag from /opt/airflow/dags/dag_tle_ingestion_only.py
[2026-02-04T20:55:49.853+0530] {processor.py:840} INFO - DAG(s) 'tle_data_ingestion' retrieved from /opt/airflow/dags/dag_tle_ingestion_only.py
[2026-02-04T20:55:49.908+0530] {logging_mixin.py:188} INFO - [2026-02-04T20:55:49.908+0530] {dag.py:3036} INFO - Sync 1 DAGs
[2026-02-04T20:55:49.958+0530] {logging_mixin.py:188} INFO - [2026-02-04T20:55:49.958+0530] {dag.py:3823} INFO - Setting next_dagrun for tle_data_ingestion to 2026-02-04 15:25:00+00:00, run_after=2026-02-04 15:30:00+00:00
[2026-02-04T20:55:50.011+0530] {processor.py:183} INFO - Processing /opt/airflow/dags/dag_tle_ingestion_only.py took 0.242 seconds
[2026-02-04T20:56:20.171+0530] {processor.py:161} INFO - Started process (PID=533) to work on /opt/airflow/dags/dag_tle_ingestion_only.py
[2026-02-04T20:56:20.173+0530] {processor.py:830} INFO - Processing file /opt/airflow/dags/dag_tle_ingestion_only.py for tasks to queue
[2026-02-04T20:56:20.174+0530] {logging_mixin.py:188} INFO - [2026-02-04T20:56:20.174+0530] {dagbag.py:538} INFO - Filling up the DagBag from /opt/airflow/dags/dag_tle_ingestion_only.py
[2026-02-04T20:56:20.213+0530] {processor.py:840} INFO - DAG(s) 'tle_data_ingestion' retrieved from /opt/airflow/dags/dag_tle_ingestion_only.py
[2026-02-04T20:56:20.267+0530] {logging_mixin.py:188} INFO - [2026-02-04T20:56:20.267+0530] {dag.py:3036} INFO - Sync 1 DAGs
[2026-02-04T20:56:20.314+0530] {logging_mixin.py:188} INFO - [2026-02-04T20:56:20.314+0530] {dag.py:3823} INFO - Setting next_dagrun for tle_data_ingestion to 2026-02-04 15:25:00+00:00, run_after=2026-02-04 15:30:00+00:00
[2026-02-04T20:56:20.354+0530] {processor.py:183} INFO - Processing /opt/airflow/dags/dag_tle_ingestion_only.py took 0.189 seconds
[2026-02-04T20:56:50.519+0530] {processor.py:161} INFO - Started process (PID=538) to work on /opt/airflow/dags/dag_tle_ingestion_only.py
[2026-02-04T20:56:50.529+0530] {processor.py:830} INFO - Processing file /opt/airflow/dags/dag_tle_ingestion_only.py for tasks to queue
[2026-02-04T20:56:50.531+0530] {logging_mixin.py:188} INFO - [2026-02-04T20:56:50.530+0530] {dagbag.py:538} INFO - Filling up the DagBag from /opt/airflow/dags/dag_tle_ingestion_only.py
[2026-02-04T20:56:50.568+0530] {processor.py:840} INFO - DAG(s) 'tle_data_ingestion' retrieved from /opt/airflow/dags/dag_tle_ingestion_only.py
[2026-02-04T20:56:50.622+0530] {logging_mixin.py:188} INFO - [2026-02-04T20:56:50.622+0530] {dag.py:3036} INFO - Sync 1 DAGs
[2026-02-04T20:56:50.672+0530] {logging_mixin.py:188} INFO - [2026-02-04T20:56:50.671+0530] {dag.py:3823} INFO - Setting next_dagrun for tle_data_ingestion to 2026-02-04 15:25:00+00:00, run_after=2026-02-04 15:30:00+00:00
[2026-02-04T20:56:50.728+0530] {processor.py:183} INFO - Processing /opt/airflow/dags/dag_tle_ingestion_only.py took 0.215 seconds
[2026-02-04T20:57:20.885+0530] {processor.py:161} INFO - Started process (PID=543) to work on /opt/airflow/dags/dag_tle_ingestion_only.py
[2026-02-04T20:57:20.888+0530] {processor.py:830} INFO - Processing file /opt/airflow/dags/dag_tle_ingestion_only.py for tasks to queue
[2026-02-04T20:57:20.889+0530] {logging_mixin.py:188} INFO - [2026-02-04T20:57:20.889+0530] {dagbag.py:538} INFO - Filling up the DagBag from /opt/airflow/dags/dag_tle_ingestion_only.py
[2026-02-04T20:57:20.926+0530] {processor.py:840} INFO - DAG(s) 'tle_data_ingestion' retrieved from /opt/airflow/dags/dag_tle_ingestion_only.py
[2026-02-04T20:57:20.968+0530] {logging_mixin.py:188} INFO - [2026-02-04T20:57:20.968+0530] {dag.py:3036} INFO - Sync 1 DAGs
[2026-02-04T20:57:21.001+0530] {logging_mixin.py:188} INFO - [2026-02-04T20:57:21.000+0530] {dag.py:3823} INFO - Setting next_dagrun for tle_data_ingestion to 2026-02-04 15:25:00+00:00, run_after=2026-02-04 15:30:00+00:00
[2026-02-04T20:57:21.021+0530] {processor.py:183} INFO - Processing /opt/airflow/dags/dag_tle_ingestion_only.py took 0.142 seconds
[2026-02-04T20:57:51.156+0530] {processor.py:161} INFO - Started process (PID=548) to work on /opt/airflow/dags/dag_tle_ingestion_only.py
[2026-02-04T20:57:51.158+0530] {processor.py:830} INFO - Processing file /opt/airflow/dags/dag_tle_ingestion_only.py for tasks to queue
[2026-02-04T20:57:51.159+0530] {logging_mixin.py:188} INFO - [2026-02-04T20:57:51.159+0530] {dagbag.py:538} INFO - Filling up the DagBag from /opt/airflow/dags/dag_tle_ingestion_only.py
[2026-02-04T20:57:51.189+0530] {processor.py:840} INFO - DAG(s) 'tle_data_ingestion' retrieved from /opt/airflow/dags/dag_tle_ingestion_only.py
[2026-02-04T20:57:51.226+0530] {logging_mixin.py:188} INFO - [2026-02-04T20:57:51.225+0530] {dag.py:3036} INFO - Sync 1 DAGs
[2026-02-04T20:57:51.265+0530] {logging_mixin.py:188} INFO - [2026-02-04T20:57:51.264+0530] {dag.py:3823} INFO - Setting next_dagrun for tle_data_ingestion to 2026-02-04 15:25:00+00:00, run_after=2026-02-04 15:30:00+00:00
[2026-02-04T20:57:51.287+0530] {processor.py:183} INFO - Processing /opt/airflow/dags/dag_tle_ingestion_only.py took 0.139 seconds
[2026-02-04T20:58:21.434+0530] {processor.py:161} INFO - Started process (PID=553) to work on /opt/airflow/dags/dag_tle_ingestion_only.py
[2026-02-04T20:58:21.437+0530] {processor.py:830} INFO - Processing file /opt/airflow/dags/dag_tle_ingestion_only.py for tasks to queue
[2026-02-04T20:58:21.439+0530] {logging_mixin.py:188} INFO - [2026-02-04T20:58:21.438+0530] {dagbag.py:538} INFO - Filling up the DagBag from /opt/airflow/dags/dag_tle_ingestion_only.py
[2026-02-04T20:58:21.475+0530] {processor.py:840} INFO - DAG(s) 'tle_data_ingestion' retrieved from /opt/airflow/dags/dag_tle_ingestion_only.py
[2026-02-04T20:58:21.526+0530] {logging_mixin.py:188} INFO - [2026-02-04T20:58:21.526+0530] {dag.py:3036} INFO - Sync 1 DAGs
[2026-02-04T20:58:21.576+0530] {logging_mixin.py:188} INFO - [2026-02-04T20:58:21.576+0530] {dag.py:3823} INFO - Setting next_dagrun for tle_data_ingestion to 2026-02-04 15:25:00+00:00, run_after=2026-02-04 15:30:00+00:00
[2026-02-04T20:58:21.605+0530] {processor.py:183} INFO - Processing /opt/airflow/dags/dag_tle_ingestion_only.py took 0.177 seconds
[2026-02-04T20:58:51.734+0530] {processor.py:161} INFO - Started process (PID=558) to work on /opt/airflow/dags/dag_tle_ingestion_only.py
[2026-02-04T20:58:51.735+0530] {processor.py:830} INFO - Processing file /opt/airflow/dags/dag_tle_ingestion_only.py for tasks to queue
[2026-02-04T20:58:51.737+0530] {logging_mixin.py:188} INFO - [2026-02-04T20:58:51.736+0530] {dagbag.py:538} INFO - Filling up the DagBag from /opt/airflow/dags/dag_tle_ingestion_only.py
[2026-02-04T20:58:51.778+0530] {processor.py:840} INFO - DAG(s) 'tle_data_ingestion' retrieved from /opt/airflow/dags/dag_tle_ingestion_only.py
[2026-02-04T20:58:51.822+0530] {logging_mixin.py:188} INFO - [2026-02-04T20:58:51.822+0530] {dag.py:3036} INFO - Sync 1 DAGs
[2026-02-04T20:58:51.858+0530] {logging_mixin.py:188} INFO - [2026-02-04T20:58:51.858+0530] {dag.py:3823} INFO - Setting next_dagrun for tle_data_ingestion to 2026-02-04 15:25:00+00:00, run_after=2026-02-04 15:30:00+00:00
[2026-02-04T20:58:51.886+0530] {processor.py:183} INFO - Processing /opt/airflow/dags/dag_tle_ingestion_only.py took 0.157 seconds
[2026-02-04T20:59:22.034+0530] {processor.py:161} INFO - Started process (PID=563) to work on /opt/airflow/dags/dag_tle_ingestion_only.py
[2026-02-04T20:59:22.037+0530] {processor.py:830} INFO - Processing file /opt/airflow/dags/dag_tle_ingestion_only.py for tasks to queue
[2026-02-04T20:59:22.039+0530] {logging_mixin.py:188} INFO - [2026-02-04T20:59:22.038+0530] {dagbag.py:538} INFO - Filling up the DagBag from /opt/airflow/dags/dag_tle_ingestion_only.py
[2026-02-04T20:59:22.075+0530] {processor.py:840} INFO - DAG(s) 'tle_data_ingestion' retrieved from /opt/airflow/dags/dag_tle_ingestion_only.py
[2026-02-04T20:59:22.121+0530] {logging_mixin.py:188} INFO - [2026-02-04T20:59:22.121+0530] {dag.py:3036} INFO - Sync 1 DAGs
[2026-02-04T20:59:22.166+0530] {logging_mixin.py:188} INFO - [2026-02-04T20:59:22.165+0530] {dag.py:3823} INFO - Setting next_dagrun for tle_data_ingestion to 2026-02-04 15:25:00+00:00, run_after=2026-02-04 15:30:00+00:00
[2026-02-04T20:59:22.195+0530] {processor.py:183} INFO - Processing /opt/airflow/dags/dag_tle_ingestion_only.py took 0.167 seconds
[2026-02-04T20:59:52.325+0530] {processor.py:161} INFO - Started process (PID=568) to work on /opt/airflow/dags/dag_tle_ingestion_only.py
[2026-02-04T20:59:52.334+0530] {processor.py:830} INFO - Processing file /opt/airflow/dags/dag_tle_ingestion_only.py for tasks to queue
[2026-02-04T20:59:52.335+0530] {logging_mixin.py:188} INFO - [2026-02-04T20:59:52.335+0530] {dagbag.py:538} INFO - Filling up the DagBag from /opt/airflow/dags/dag_tle_ingestion_only.py
[2026-02-04T20:59:52.362+0530] {processor.py:840} INFO - DAG(s) 'tle_data_ingestion' retrieved from /opt/airflow/dags/dag_tle_ingestion_only.py
[2026-02-04T20:59:52.393+0530] {logging_mixin.py:188} INFO - [2026-02-04T20:59:52.393+0530] {dag.py:3036} INFO - Sync 1 DAGs
[2026-02-04T20:59:52.422+0530] {logging_mixin.py:188} INFO - [2026-02-04T20:59:52.422+0530] {dag.py:3823} INFO - Setting next_dagrun for tle_data_ingestion to 2026-02-04 15:25:00+00:00, run_after=2026-02-04 15:30:00+00:00
[2026-02-04T20:59:52.449+0530] {processor.py:183} INFO - Processing /opt/airflow/dags/dag_tle_ingestion_only.py took 0.128 seconds
[2026-02-04T21:00:22.601+0530] {processor.py:161} INFO - Started process (PID=580) to work on /opt/airflow/dags/dag_tle_ingestion_only.py
[2026-02-04T21:00:22.603+0530] {processor.py:830} INFO - Processing file /opt/airflow/dags/dag_tle_ingestion_only.py for tasks to queue
[2026-02-04T21:00:22.605+0530] {logging_mixin.py:188} INFO - [2026-02-04T21:00:22.604+0530] {dagbag.py:538} INFO - Filling up the DagBag from /opt/airflow/dags/dag_tle_ingestion_only.py
[2026-02-04T21:00:22.641+0530] {processor.py:840} INFO - DAG(s) 'tle_data_ingestion' retrieved from /opt/airflow/dags/dag_tle_ingestion_only.py
[2026-02-04T21:00:22.695+0530] {logging_mixin.py:188} INFO - [2026-02-04T21:00:22.695+0530] {dag.py:3036} INFO - Sync 1 DAGs
[2026-02-04T21:00:22.731+0530] {logging_mixin.py:188} INFO - [2026-02-04T21:00:22.731+0530] {dag.py:3823} INFO - Setting next_dagrun for tle_data_ingestion to 2026-02-04 15:30:00+00:00, run_after=2026-02-04 15:35:00+00:00
[2026-02-04T21:00:22.756+0530] {processor.py:183} INFO - Processing /opt/airflow/dags/dag_tle_ingestion_only.py took 0.161 seconds
[2026-02-04T21:00:52.893+0530] {processor.py:161} INFO - Started process (PID=585) to work on /opt/airflow/dags/dag_tle_ingestion_only.py
[2026-02-04T21:00:52.894+0530] {processor.py:830} INFO - Processing file /opt/airflow/dags/dag_tle_ingestion_only.py for tasks to queue
[2026-02-04T21:00:52.895+0530] {logging_mixin.py:188} INFO - [2026-02-04T21:00:52.895+0530] {dagbag.py:538} INFO - Filling up the DagBag from /opt/airflow/dags/dag_tle_ingestion_only.py
[2026-02-04T21:00:52.924+0530] {processor.py:840} INFO - DAG(s) 'tle_data_ingestion' retrieved from /opt/airflow/dags/dag_tle_ingestion_only.py
[2026-02-04T21:00:52.968+0530] {logging_mixin.py:188} INFO - [2026-02-04T21:00:52.968+0530] {dag.py:3036} INFO - Sync 1 DAGs
[2026-02-04T21:00:53.006+0530] {logging_mixin.py:188} INFO - [2026-02-04T21:00:53.006+0530] {dag.py:3823} INFO - Setting next_dagrun for tle_data_ingestion to 2026-02-04 15:30:00+00:00, run_after=2026-02-04 15:35:00+00:00
[2026-02-04T21:00:53.028+0530] {processor.py:183} INFO - Processing /opt/airflow/dags/dag_tle_ingestion_only.py took 0.140 seconds
[2026-02-04T21:01:23.163+0530] {processor.py:161} INFO - Started process (PID=590) to work on /opt/airflow/dags/dag_tle_ingestion_only.py
[2026-02-04T21:01:23.164+0530] {processor.py:830} INFO - Processing file /opt/airflow/dags/dag_tle_ingestion_only.py for tasks to queue
[2026-02-04T21:01:23.164+0530] {logging_mixin.py:188} INFO - [2026-02-04T21:01:23.164+0530] {dagbag.py:538} INFO - Filling up the DagBag from /opt/airflow/dags/dag_tle_ingestion_only.py
[2026-02-04T21:01:23.190+0530] {processor.py:840} INFO - DAG(s) 'tle_data_ingestion' retrieved from /opt/airflow/dags/dag_tle_ingestion_only.py
[2026-02-04T21:01:23.239+0530] {logging_mixin.py:188} INFO - [2026-02-04T21:01:23.239+0530] {dag.py:3036} INFO - Sync 1 DAGs
[2026-02-04T21:01:23.287+0530] {logging_mixin.py:188} INFO - [2026-02-04T21:01:23.287+0530] {dag.py:3823} INFO - Setting next_dagrun for tle_data_ingestion to 2026-02-04 15:30:00+00:00, run_after=2026-02-04 15:35:00+00:00
[2026-02-04T21:01:23.316+0530] {processor.py:183} INFO - Processing /opt/airflow/dags/dag_tle_ingestion_only.py took 0.158 seconds
[2026-02-04T21:01:53.451+0530] {processor.py:161} INFO - Started process (PID=595) to work on /opt/airflow/dags/dag_tle_ingestion_only.py
[2026-02-04T21:01:53.453+0530] {processor.py:830} INFO - Processing file /opt/airflow/dags/dag_tle_ingestion_only.py for tasks to queue
[2026-02-04T21:01:53.454+0530] {logging_mixin.py:188} INFO - [2026-02-04T21:01:53.453+0530] {dagbag.py:538} INFO - Filling up the DagBag from /opt/airflow/dags/dag_tle_ingestion_only.py
[2026-02-04T21:01:53.484+0530] {processor.py:840} INFO - DAG(s) 'tle_data_ingestion' retrieved from /opt/airflow/dags/dag_tle_ingestion_only.py
[2026-02-04T21:01:53.527+0530] {logging_mixin.py:188} INFO - [2026-02-04T21:01:53.527+0530] {dag.py:3036} INFO - Sync 1 DAGs
[2026-02-04T21:01:53.564+0530] {logging_mixin.py:188} INFO - [2026-02-04T21:01:53.564+0530] {dag.py:3823} INFO - Setting next_dagrun for tle_data_ingestion to 2026-02-04 15:30:00+00:00, run_after=2026-02-04 15:35:00+00:00
[2026-02-04T21:01:53.590+0530] {processor.py:183} INFO - Processing /opt/airflow/dags/dag_tle_ingestion_only.py took 0.143 seconds
[2026-02-04T21:02:23.710+0530] {processor.py:161} INFO - Started process (PID=600) to work on /opt/airflow/dags/dag_tle_ingestion_only.py
[2026-02-04T21:02:23.711+0530] {processor.py:830} INFO - Processing file /opt/airflow/dags/dag_tle_ingestion_only.py for tasks to queue
[2026-02-04T21:02:23.712+0530] {logging_mixin.py:188} INFO - [2026-02-04T21:02:23.712+0530] {dagbag.py:538} INFO - Filling up the DagBag from /opt/airflow/dags/dag_tle_ingestion_only.py
[2026-02-04T21:02:23.736+0530] {processor.py:840} INFO - DAG(s) 'tle_data_ingestion' retrieved from /opt/airflow/dags/dag_tle_ingestion_only.py
[2026-02-04T21:02:23.772+0530] {logging_mixin.py:188} INFO - [2026-02-04T21:02:23.772+0530] {dag.py:3036} INFO - Sync 1 DAGs
[2026-02-04T21:02:23.809+0530] {logging_mixin.py:188} INFO - [2026-02-04T21:02:23.809+0530] {dag.py:3823} INFO - Setting next_dagrun for tle_data_ingestion to 2026-02-04 15:30:00+00:00, run_after=2026-02-04 15:35:00+00:00
[2026-02-04T21:02:23.829+0530] {processor.py:183} INFO - Processing /opt/airflow/dags/dag_tle_ingestion_only.py took 0.124 seconds
[2026-02-04T21:02:53.886+0530] {processor.py:161} INFO - Started process (PID=605) to work on /opt/airflow/dags/dag_tle_ingestion_only.py
[2026-02-04T21:02:53.889+0530] {processor.py:830} INFO - Processing file /opt/airflow/dags/dag_tle_ingestion_only.py for tasks to queue
[2026-02-04T21:02:53.890+0530] {logging_mixin.py:188} INFO - [2026-02-04T21:02:53.890+0530] {dagbag.py:538} INFO - Filling up the DagBag from /opt/airflow/dags/dag_tle_ingestion_only.py
[2026-02-04T21:02:53.927+0530] {processor.py:840} INFO - DAG(s) 'tle_data_ingestion' retrieved from /opt/airflow/dags/dag_tle_ingestion_only.py
[2026-02-04T21:02:53.981+0530] {logging_mixin.py:188} INFO - [2026-02-04T21:02:53.980+0530] {dag.py:3036} INFO - Sync 1 DAGs
[2026-02-04T21:02:54.030+0530] {logging_mixin.py:188} INFO - [2026-02-04T21:02:54.030+0530] {dag.py:3823} INFO - Setting next_dagrun for tle_data_ingestion to 2026-02-04 15:30:00+00:00, run_after=2026-02-04 15:35:00+00:00
[2026-02-04T21:02:54.056+0530] {processor.py:183} INFO - Processing /opt/airflow/dags/dag_tle_ingestion_only.py took 0.175 seconds
[2026-02-04T21:03:24.086+0530] {processor.py:161} INFO - Started process (PID=610) to work on /opt/airflow/dags/dag_tle_ingestion_only.py
[2026-02-04T21:03:24.086+0530] {processor.py:830} INFO - Processing file /opt/airflow/dags/dag_tle_ingestion_only.py for tasks to queue
[2026-02-04T21:03:24.087+0530] {logging_mixin.py:188} INFO - [2026-02-04T21:03:24.087+0530] {dagbag.py:538} INFO - Filling up the DagBag from /opt/airflow/dags/dag_tle_ingestion_only.py
[2026-02-04T21:03:24.105+0530] {processor.py:840} INFO - DAG(s) 'tle_data_ingestion' retrieved from /opt/airflow/dags/dag_tle_ingestion_only.py
[2026-02-04T21:03:24.133+0530] {logging_mixin.py:188} INFO - [2026-02-04T21:03:24.133+0530] {dag.py:3036} INFO - Sync 1 DAGs
[2026-02-04T21:03:24.161+0530] {logging_mixin.py:188} INFO - [2026-02-04T21:03:24.161+0530] {dag.py:3823} INFO - Setting next_dagrun for tle_data_ingestion to 2026-02-04 15:30:00+00:00, run_after=2026-02-04 15:35:00+00:00
[2026-02-04T21:03:24.178+0530] {processor.py:183} INFO - Processing /opt/airflow/dags/dag_tle_ingestion_only.py took 0.096 seconds
[2026-02-04T21:03:54.309+0530] {processor.py:161} INFO - Started process (PID=615) to work on /opt/airflow/dags/dag_tle_ingestion_only.py
[2026-02-04T21:03:54.310+0530] {processor.py:830} INFO - Processing file /opt/airflow/dags/dag_tle_ingestion_only.py for tasks to queue
[2026-02-04T21:03:54.311+0530] {logging_mixin.py:188} INFO - [2026-02-04T21:03:54.310+0530] {dagbag.py:538} INFO - Filling up the DagBag from /opt/airflow/dags/dag_tle_ingestion_only.py
[2026-02-04T21:03:54.337+0530] {processor.py:840} INFO - DAG(s) 'tle_data_ingestion' retrieved from /opt/airflow/dags/dag_tle_ingestion_only.py
[2026-02-04T21:03:54.373+0530] {logging_mixin.py:188} INFO - [2026-02-04T21:03:54.373+0530] {dag.py:3036} INFO - Sync 1 DAGs
[2026-02-04T21:03:54.420+0530] {logging_mixin.py:188} INFO - [2026-02-04T21:03:54.420+0530] {dag.py:3823} INFO - Setting next_dagrun for tle_data_ingestion to 2026-02-04 15:30:00+00:00, run_after=2026-02-04 15:35:00+00:00
[2026-02-04T21:03:54.452+0530] {processor.py:183} INFO - Processing /opt/airflow/dags/dag_tle_ingestion_only.py took 0.147 seconds
[2026-02-04T21:04:24.591+0530] {processor.py:161} INFO - Started process (PID=620) to work on /opt/airflow/dags/dag_tle_ingestion_only.py
[2026-02-04T21:04:24.595+0530] {processor.py:830} INFO - Processing file /opt/airflow/dags/dag_tle_ingestion_only.py for tasks to queue
[2026-02-04T21:04:24.596+0530] {logging_mixin.py:188} INFO - [2026-02-04T21:04:24.596+0530] {dagbag.py:538} INFO - Filling up the DagBag from /opt/airflow/dags/dag_tle_ingestion_only.py
[2026-02-04T21:04:24.632+0530] {processor.py:840} INFO - DAG(s) 'tle_data_ingestion' retrieved from /opt/airflow/dags/dag_tle_ingestion_only.py
[2026-02-04T21:04:24.688+0530] {logging_mixin.py:188} INFO - [2026-02-04T21:04:24.688+0530] {dag.py:3036} INFO - Sync 1 DAGs
[2026-02-04T21:04:24.740+0530] {logging_mixin.py:188} INFO - [2026-02-04T21:04:24.740+0530] {dag.py:3823} INFO - Setting next_dagrun for tle_data_ingestion to 2026-02-04 15:30:00+00:00, run_after=2026-02-04 15:35:00+00:00
[2026-02-04T21:04:24.775+0530] {processor.py:183} INFO - Processing /opt/airflow/dags/dag_tle_ingestion_only.py took 0.190 seconds
[2026-02-04T21:04:54.916+0530] {processor.py:161} INFO - Started process (PID=625) to work on /opt/airflow/dags/dag_tle_ingestion_only.py
[2026-02-04T21:04:54.918+0530] {processor.py:830} INFO - Processing file /opt/airflow/dags/dag_tle_ingestion_only.py for tasks to queue
[2026-02-04T21:04:54.919+0530] {logging_mixin.py:188} INFO - [2026-02-04T21:04:54.919+0530] {dagbag.py:538} INFO - Filling up the DagBag from /opt/airflow/dags/dag_tle_ingestion_only.py
[2026-02-04T21:04:54.948+0530] {processor.py:840} INFO - DAG(s) 'tle_data_ingestion' retrieved from /opt/airflow/dags/dag_tle_ingestion_only.py
[2026-02-04T21:04:54.985+0530] {logging_mixin.py:188} INFO - [2026-02-04T21:04:54.985+0530] {dag.py:3036} INFO - Sync 1 DAGs
[2026-02-04T21:04:55.023+0530] {logging_mixin.py:188} INFO - [2026-02-04T21:04:55.022+0530] {dag.py:3823} INFO - Setting next_dagrun for tle_data_ingestion to 2026-02-04 15:30:00+00:00, run_after=2026-02-04 15:35:00+00:00
[2026-02-04T21:04:55.046+0530] {processor.py:183} INFO - Processing /opt/airflow/dags/dag_tle_ingestion_only.py took 0.135 seconds
[2026-02-04T21:05:25.166+0530] {processor.py:161} INFO - Started process (PID=637) to work on /opt/airflow/dags/dag_tle_ingestion_only.py
[2026-02-04T21:05:25.168+0530] {processor.py:830} INFO - Processing file /opt/airflow/dags/dag_tle_ingestion_only.py for tasks to queue
[2026-02-04T21:05:25.169+0530] {logging_mixin.py:188} INFO - [2026-02-04T21:05:25.169+0530] {dagbag.py:538} INFO - Filling up the DagBag from /opt/airflow/dags/dag_tle_ingestion_only.py
[2026-02-04T21:05:25.204+0530] {processor.py:840} INFO - DAG(s) 'tle_data_ingestion' retrieved from /opt/airflow/dags/dag_tle_ingestion_only.py
[2026-02-04T21:05:25.254+0530] {logging_mixin.py:188} INFO - [2026-02-04T21:05:25.254+0530] {dag.py:3036} INFO - Sync 1 DAGs
[2026-02-04T21:05:25.332+0530] {logging_mixin.py:188} INFO - [2026-02-04T21:05:25.332+0530] {dag.py:3823} INFO - Setting next_dagrun for tle_data_ingestion to 2026-02-04 15:35:00+00:00, run_after=2026-02-04 15:40:00+00:00
[2026-02-04T21:05:25.357+0530] {processor.py:183} INFO - Processing /opt/airflow/dags/dag_tle_ingestion_only.py took 0.196 seconds
[2026-02-04T21:05:55.495+0530] {processor.py:161} INFO - Started process (PID=642) to work on /opt/airflow/dags/dag_tle_ingestion_only.py
[2026-02-04T21:05:55.510+0530] {processor.py:830} INFO - Processing file /opt/airflow/dags/dag_tle_ingestion_only.py for tasks to queue
[2026-02-04T21:05:55.512+0530] {logging_mixin.py:188} INFO - [2026-02-04T21:05:55.511+0530] {dagbag.py:538} INFO - Filling up the DagBag from /opt/airflow/dags/dag_tle_ingestion_only.py
[2026-02-04T21:05:55.553+0530] {processor.py:840} INFO - DAG(s) 'tle_data_ingestion' retrieved from /opt/airflow/dags/dag_tle_ingestion_only.py
[2026-02-04T21:05:55.605+0530] {logging_mixin.py:188} INFO - [2026-02-04T21:05:55.604+0530] {dag.py:3036} INFO - Sync 1 DAGs
[2026-02-04T21:05:55.656+0530] {logging_mixin.py:188} INFO - [2026-02-04T21:05:55.656+0530] {dag.py:3823} INFO - Setting next_dagrun for tle_data_ingestion to 2026-02-04 15:35:00+00:00, run_after=2026-02-04 15:40:00+00:00
[2026-02-04T21:05:55.687+0530] {processor.py:183} INFO - Processing /opt/airflow/dags/dag_tle_ingestion_only.py took 0.196 seconds
[2026-02-04T21:06:25.848+0530] {processor.py:161} INFO - Started process (PID=647) to work on /opt/airflow/dags/dag_tle_ingestion_only.py
[2026-02-04T21:06:25.852+0530] {processor.py:830} INFO - Processing file /opt/airflow/dags/dag_tle_ingestion_only.py for tasks to queue
[2026-02-04T21:06:25.854+0530] {logging_mixin.py:188} INFO - [2026-02-04T21:06:25.853+0530] {dagbag.py:538} INFO - Filling up the DagBag from /opt/airflow/dags/dag_tle_ingestion_only.py
[2026-02-04T21:06:25.893+0530] {processor.py:840} INFO - DAG(s) 'tle_data_ingestion' retrieved from /opt/airflow/dags/dag_tle_ingestion_only.py
[2026-02-04T21:06:25.945+0530] {logging_mixin.py:188} INFO - [2026-02-04T21:06:25.945+0530] {dag.py:3036} INFO - Sync 1 DAGs
[2026-02-04T21:06:25.991+0530] {logging_mixin.py:188} INFO - [2026-02-04T21:06:25.991+0530] {dag.py:3823} INFO - Setting next_dagrun for tle_data_ingestion to 2026-02-04 15:35:00+00:00, run_after=2026-02-04 15:40:00+00:00
[2026-02-04T21:06:26.030+0530] {processor.py:183} INFO - Processing /opt/airflow/dags/dag_tle_ingestion_only.py took 0.191 seconds
[2026-02-04T21:06:56.163+0530] {processor.py:161} INFO - Started process (PID=652) to work on /opt/airflow/dags/dag_tle_ingestion_only.py
[2026-02-04T21:06:56.164+0530] {processor.py:830} INFO - Processing file /opt/airflow/dags/dag_tle_ingestion_only.py for tasks to queue
[2026-02-04T21:06:56.164+0530] {logging_mixin.py:188} INFO - [2026-02-04T21:06:56.164+0530] {dagbag.py:538} INFO - Filling up the DagBag from /opt/airflow/dags/dag_tle_ingestion_only.py
[2026-02-04T21:06:56.201+0530] {processor.py:840} INFO - DAG(s) 'tle_data_ingestion' retrieved from /opt/airflow/dags/dag_tle_ingestion_only.py
[2026-02-04T21:06:56.241+0530] {logging_mixin.py:188} INFO - [2026-02-04T21:06:56.241+0530] {dag.py:3036} INFO - Sync 1 DAGs
[2026-02-04T21:06:56.275+0530] {logging_mixin.py:188} INFO - [2026-02-04T21:06:56.274+0530] {dag.py:3823} INFO - Setting next_dagrun for tle_data_ingestion to 2026-02-04 15:35:00+00:00, run_after=2026-02-04 15:40:00+00:00
[2026-02-04T21:06:56.296+0530] {processor.py:183} INFO - Processing /opt/airflow/dags/dag_tle_ingestion_only.py took 0.137 seconds
[2026-02-04T21:07:26.435+0530] {processor.py:161} INFO - Started process (PID=657) to work on /opt/airflow/dags/dag_tle_ingestion_only.py
[2026-02-04T21:07:26.436+0530] {processor.py:830} INFO - Processing file /opt/airflow/dags/dag_tle_ingestion_only.py for tasks to queue
[2026-02-04T21:07:26.437+0530] {logging_mixin.py:188} INFO - [2026-02-04T21:07:26.437+0530] {dagbag.py:538} INFO - Filling up the DagBag from /opt/airflow/dags/dag_tle_ingestion_only.py
[2026-02-04T21:07:26.460+0530] {processor.py:840} INFO - DAG(s) 'tle_data_ingestion' retrieved from /opt/airflow/dags/dag_tle_ingestion_only.py
[2026-02-04T21:07:26.673+0530] {logging_mixin.py:188} INFO - [2026-02-04T21:07:26.673+0530] {dag.py:3036} INFO - Sync 1 DAGs
[2026-02-04T21:07:26.720+0530] {logging_mixin.py:188} INFO - [2026-02-04T21:07:26.720+0530] {dag.py:3823} INFO - Setting next_dagrun for tle_data_ingestion to 2026-02-04 15:35:00+00:00, run_after=2026-02-04 15:40:00+00:00
[2026-02-04T21:07:26.753+0530] {processor.py:183} INFO - Processing /opt/airflow/dags/dag_tle_ingestion_only.py took 0.322 seconds
[2026-02-04T21:07:56.910+0530] {processor.py:161} INFO - Started process (PID=662) to work on /opt/airflow/dags/dag_tle_ingestion_only.py
[2026-02-04T21:07:56.911+0530] {processor.py:830} INFO - Processing file /opt/airflow/dags/dag_tle_ingestion_only.py for tasks to queue
[2026-02-04T21:07:56.912+0530] {logging_mixin.py:188} INFO - [2026-02-04T21:07:56.911+0530] {dagbag.py:538} INFO - Filling up the DagBag from /opt/airflow/dags/dag_tle_ingestion_only.py
[2026-02-04T21:07:56.931+0530] {processor.py:840} INFO - DAG(s) 'tle_data_ingestion' retrieved from /opt/airflow/dags/dag_tle_ingestion_only.py
[2026-02-04T21:07:56.962+0530] {logging_mixin.py:188} INFO - [2026-02-04T21:07:56.962+0530] {dag.py:3036} INFO - Sync 1 DAGs
[2026-02-04T21:07:56.991+0530] {logging_mixin.py:188} INFO - [2026-02-04T21:07:56.990+0530] {dag.py:3823} INFO - Setting next_dagrun for tle_data_ingestion to 2026-02-04 15:35:00+00:00, run_after=2026-02-04 15:40:00+00:00
[2026-02-04T21:07:57.008+0530] {processor.py:183} INFO - Processing /opt/airflow/dags/dag_tle_ingestion_only.py took 0.101 seconds
[2026-02-04T21:08:27.132+0530] {processor.py:161} INFO - Started process (PID=707) to work on /opt/airflow/dags/dag_tle_ingestion_only.py
[2026-02-04T21:08:27.138+0530] {processor.py:830} INFO - Processing file /opt/airflow/dags/dag_tle_ingestion_only.py for tasks to queue
[2026-02-04T21:08:27.139+0530] {logging_mixin.py:188} INFO - [2026-02-04T21:08:27.138+0530] {dagbag.py:538} INFO - Filling up the DagBag from /opt/airflow/dags/dag_tle_ingestion_only.py
[2026-02-04T21:08:27.163+0530] {processor.py:840} INFO - DAG(s) 'tle_data_ingestion' retrieved from /opt/airflow/dags/dag_tle_ingestion_only.py
[2026-02-04T21:08:27.198+0530] {logging_mixin.py:188} INFO - [2026-02-04T21:08:27.198+0530] {dag.py:3036} INFO - Sync 1 DAGs
[2026-02-04T21:08:27.236+0530] {logging_mixin.py:188} INFO - [2026-02-04T21:08:27.236+0530] {dag.py:3823} INFO - Setting next_dagrun for tle_data_ingestion to 2026-02-04 15:35:00+00:00, run_after=2026-02-04 15:40:00+00:00
[2026-02-04T21:08:27.259+0530] {processor.py:183} INFO - Processing /opt/airflow/dags/dag_tle_ingestion_only.py took 0.131 seconds
[2026-02-04T21:08:57.392+0530] {processor.py:161} INFO - Started process (PID=712) to work on /opt/airflow/dags/dag_tle_ingestion_only.py
[2026-02-04T21:08:57.393+0530] {processor.py:830} INFO - Processing file /opt/airflow/dags/dag_tle_ingestion_only.py for tasks to queue
[2026-02-04T21:08:57.394+0530] {logging_mixin.py:188} INFO - [2026-02-04T21:08:57.393+0530] {dagbag.py:538} INFO - Filling up the DagBag from /opt/airflow/dags/dag_tle_ingestion_only.py
[2026-02-04T21:08:57.426+0530] {processor.py:840} INFO - DAG(s) 'tle_data_ingestion' retrieved from /opt/airflow/dags/dag_tle_ingestion_only.py
[2026-02-04T21:08:57.480+0530] {logging_mixin.py:188} INFO - [2026-02-04T21:08:57.479+0530] {dag.py:3036} INFO - Sync 1 DAGs
[2026-02-04T21:08:57.528+0530] {logging_mixin.py:188} INFO - [2026-02-04T21:08:57.528+0530] {dag.py:3823} INFO - Setting next_dagrun for tle_data_ingestion to 2026-02-04 15:35:00+00:00, run_after=2026-02-04 15:40:00+00:00
[2026-02-04T21:08:57.554+0530] {processor.py:183} INFO - Processing /opt/airflow/dags/dag_tle_ingestion_only.py took 0.166 seconds
[2026-02-04T21:09:27.694+0530] {processor.py:161} INFO - Started process (PID=717) to work on /opt/airflow/dags/dag_tle_ingestion_only.py
[2026-02-04T21:09:27.695+0530] {processor.py:830} INFO - Processing file /opt/airflow/dags/dag_tle_ingestion_only.py for tasks to queue
[2026-02-04T21:09:27.697+0530] {logging_mixin.py:188} INFO - [2026-02-04T21:09:27.696+0530] {dagbag.py:538} INFO - Filling up the DagBag from /opt/airflow/dags/dag_tle_ingestion_only.py
[2026-02-04T21:09:27.731+0530] {processor.py:840} INFO - DAG(s) 'tle_data_ingestion' retrieved from /opt/airflow/dags/dag_tle_ingestion_only.py
[2026-02-04T21:09:27.784+0530] {logging_mixin.py:188} INFO - [2026-02-04T21:09:27.783+0530] {dag.py:3036} INFO - Sync 1 DAGs
[2026-02-04T21:09:27.824+0530] {logging_mixin.py:188} INFO - [2026-02-04T21:09:27.823+0530] {dag.py:3823} INFO - Setting next_dagrun for tle_data_ingestion to 2026-02-04 15:35:00+00:00, run_after=2026-02-04 15:40:00+00:00
[2026-02-04T21:09:27.850+0530] {processor.py:183} INFO - Processing /opt/airflow/dags/dag_tle_ingestion_only.py took 0.162 seconds
[2026-02-04T21:09:58.000+0530] {processor.py:161} INFO - Started process (PID=722) to work on /opt/airflow/dags/dag_tle_ingestion_only.py
[2026-02-04T21:09:58.003+0530] {processor.py:830} INFO - Processing file /opt/airflow/dags/dag_tle_ingestion_only.py for tasks to queue
[2026-02-04T21:09:58.004+0530] {logging_mixin.py:188} INFO - [2026-02-04T21:09:58.004+0530] {dagbag.py:538} INFO - Filling up the DagBag from /opt/airflow/dags/dag_tle_ingestion_only.py
[2026-02-04T21:09:58.027+0530] {processor.py:840} INFO - DAG(s) 'tle_data_ingestion' retrieved from /opt/airflow/dags/dag_tle_ingestion_only.py
[2026-02-04T21:09:58.073+0530] {logging_mixin.py:188} INFO - [2026-02-04T21:09:58.072+0530] {dag.py:3036} INFO - Sync 1 DAGs
[2026-02-04T21:09:58.123+0530] {logging_mixin.py:188} INFO - [2026-02-04T21:09:58.123+0530] {dag.py:3823} INFO - Setting next_dagrun for tle_data_ingestion to 2026-02-04 15:35:00+00:00, run_after=2026-02-04 15:40:00+00:00
[2026-02-04T21:09:58.153+0530] {processor.py:183} INFO - Processing /opt/airflow/dags/dag_tle_ingestion_only.py took 0.159 seconds
[2026-02-04T21:10:28.288+0530] {processor.py:161} INFO - Started process (PID=734) to work on /opt/airflow/dags/dag_tle_ingestion_only.py
[2026-02-04T21:10:28.290+0530] {processor.py:830} INFO - Processing file /opt/airflow/dags/dag_tle_ingestion_only.py for tasks to queue
[2026-02-04T21:10:28.291+0530] {logging_mixin.py:188} INFO - [2026-02-04T21:10:28.291+0530] {dagbag.py:538} INFO - Filling up the DagBag from /opt/airflow/dags/dag_tle_ingestion_only.py
[2026-02-04T21:10:28.318+0530] {processor.py:840} INFO - DAG(s) 'tle_data_ingestion' retrieved from /opt/airflow/dags/dag_tle_ingestion_only.py
[2026-02-04T21:10:28.356+0530] {logging_mixin.py:188} INFO - [2026-02-04T21:10:28.356+0530] {dag.py:3036} INFO - Sync 1 DAGs
[2026-02-04T21:10:28.391+0530] {logging_mixin.py:188} INFO - [2026-02-04T21:10:28.391+0530] {dag.py:3823} INFO - Setting next_dagrun for tle_data_ingestion to 2026-02-04 15:40:00+00:00, run_after=2026-02-04 15:45:00+00:00
[2026-02-04T21:10:28.416+0530] {processor.py:183} INFO - Processing /opt/airflow/dags/dag_tle_ingestion_only.py took 0.134 seconds
[2026-02-04T21:10:58.556+0530] {processor.py:161} INFO - Started process (PID=739) to work on /opt/airflow/dags/dag_tle_ingestion_only.py
[2026-02-04T21:10:58.559+0530] {processor.py:830} INFO - Processing file /opt/airflow/dags/dag_tle_ingestion_only.py for tasks to queue
[2026-02-04T21:10:58.561+0530] {logging_mixin.py:188} INFO - [2026-02-04T21:10:58.560+0530] {dagbag.py:538} INFO - Filling up the DagBag from /opt/airflow/dags/dag_tle_ingestion_only.py
[2026-02-04T21:10:58.597+0530] {processor.py:840} INFO - DAG(s) 'tle_data_ingestion' retrieved from /opt/airflow/dags/dag_tle_ingestion_only.py
[2026-02-04T21:10:58.643+0530] {logging_mixin.py:188} INFO - [2026-02-04T21:10:58.643+0530] {dag.py:3036} INFO - Sync 1 DAGs
[2026-02-04T21:10:58.685+0530] {logging_mixin.py:188} INFO - [2026-02-04T21:10:58.684+0530] {dag.py:3823} INFO - Setting next_dagrun for tle_data_ingestion to 2026-02-04 15:40:00+00:00, run_after=2026-02-04 15:45:00+00:00
[2026-02-04T21:10:58.705+0530] {processor.py:183} INFO - Processing /opt/airflow/dags/dag_tle_ingestion_only.py took 0.155 seconds
[2026-02-04T21:11:28.841+0530] {processor.py:161} INFO - Started process (PID=744) to work on /opt/airflow/dags/dag_tle_ingestion_only.py
[2026-02-04T21:11:28.842+0530] {processor.py:830} INFO - Processing file /opt/airflow/dags/dag_tle_ingestion_only.py for tasks to queue
[2026-02-04T21:11:28.843+0530] {logging_mixin.py:188} INFO - [2026-02-04T21:11:28.843+0530] {dagbag.py:538} INFO - Filling up the DagBag from /opt/airflow/dags/dag_tle_ingestion_only.py
[2026-02-04T21:11:28.873+0530] {processor.py:840} INFO - DAG(s) 'tle_data_ingestion' retrieved from /opt/airflow/dags/dag_tle_ingestion_only.py
[2026-02-04T21:11:28.915+0530] {logging_mixin.py:188} INFO - [2026-02-04T21:11:28.914+0530] {dag.py:3036} INFO - Sync 1 DAGs
[2026-02-04T21:11:28.953+0530] {logging_mixin.py:188} INFO - [2026-02-04T21:11:28.953+0530] {dag.py:3823} INFO - Setting next_dagrun for tle_data_ingestion to 2026-02-04 15:40:00+00:00, run_after=2026-02-04 15:45:00+00:00
[2026-02-04T21:11:28.980+0530] {processor.py:183} INFO - Processing /opt/airflow/dags/dag_tle_ingestion_only.py took 0.144 seconds
[2026-02-04T21:11:59.136+0530] {processor.py:161} INFO - Started process (PID=749) to work on /opt/airflow/dags/dag_tle_ingestion_only.py
[2026-02-04T21:11:59.138+0530] {processor.py:830} INFO - Processing file /opt/airflow/dags/dag_tle_ingestion_only.py for tasks to queue
[2026-02-04T21:11:59.140+0530] {logging_mixin.py:188} INFO - [2026-02-04T21:11:59.139+0530] {dagbag.py:538} INFO - Filling up the DagBag from /opt/airflow/dags/dag_tle_ingestion_only.py
[2026-02-04T21:11:59.218+0530] {processor.py:840} INFO - DAG(s) 'tle_data_ingestion' retrieved from /opt/airflow/dags/dag_tle_ingestion_only.py
[2026-02-04T21:11:59.295+0530] {logging_mixin.py:188} INFO - [2026-02-04T21:11:59.294+0530] {dag.py:3036} INFO - Sync 1 DAGs
[2026-02-04T21:11:59.359+0530] {logging_mixin.py:188} INFO - [2026-02-04T21:11:59.358+0530] {dag.py:3823} INFO - Setting next_dagrun for tle_data_ingestion to 2026-02-04 15:40:00+00:00, run_after=2026-02-04 15:45:00+00:00
[2026-02-04T21:11:59.393+0530] {processor.py:183} INFO - Processing /opt/airflow/dags/dag_tle_ingestion_only.py took 0.271 seconds
[2026-02-04T21:12:29.533+0530] {processor.py:161} INFO - Started process (PID=754) to work on /opt/airflow/dags/dag_tle_ingestion_only.py
[2026-02-04T21:12:29.534+0530] {processor.py:830} INFO - Processing file /opt/airflow/dags/dag_tle_ingestion_only.py for tasks to queue
[2026-02-04T21:12:29.535+0530] {logging_mixin.py:188} INFO - [2026-02-04T21:12:29.535+0530] {dagbag.py:538} INFO - Filling up the DagBag from /opt/airflow/dags/dag_tle_ingestion_only.py
[2026-02-04T21:12:29.563+0530] {processor.py:840} INFO - DAG(s) 'tle_data_ingestion' retrieved from /opt/airflow/dags/dag_tle_ingestion_only.py
[2026-02-04T21:12:29.608+0530] {logging_mixin.py:188} INFO - [2026-02-04T21:12:29.607+0530] {dag.py:3036} INFO - Sync 1 DAGs
[2026-02-04T21:12:29.646+0530] {logging_mixin.py:188} INFO - [2026-02-04T21:12:29.645+0530] {dag.py:3823} INFO - Setting next_dagrun for tle_data_ingestion to 2026-02-04 15:40:00+00:00, run_after=2026-02-04 15:45:00+00:00
[2026-02-04T21:12:29.672+0530] {processor.py:183} INFO - Processing /opt/airflow/dags/dag_tle_ingestion_only.py took 0.143 seconds
[2026-02-04T21:12:59.796+0530] {processor.py:161} INFO - Started process (PID=759) to work on /opt/airflow/dags/dag_tle_ingestion_only.py
[2026-02-04T21:12:59.807+0530] {processor.py:830} INFO - Processing file /opt/airflow/dags/dag_tle_ingestion_only.py for tasks to queue
[2026-02-04T21:12:59.808+0530] {logging_mixin.py:188} INFO - [2026-02-04T21:12:59.807+0530] {dagbag.py:538} INFO - Filling up the DagBag from /opt/airflow/dags/dag_tle_ingestion_only.py
[2026-02-04T21:12:59.826+0530] {processor.py:840} INFO - DAG(s) 'tle_data_ingestion' retrieved from /opt/airflow/dags/dag_tle_ingestion_only.py
[2026-02-04T21:12:59.854+0530] {logging_mixin.py:188} INFO - [2026-02-04T21:12:59.854+0530] {dag.py:3036} INFO - Sync 1 DAGs
[2026-02-04T21:12:59.881+0530] {logging_mixin.py:188} INFO - [2026-02-04T21:12:59.881+0530] {dag.py:3823} INFO - Setting next_dagrun for tle_data_ingestion to 2026-02-04 15:40:00+00:00, run_after=2026-02-04 15:45:00+00:00
[2026-02-04T21:12:59.897+0530] {processor.py:183} INFO - Processing /opt/airflow/dags/dag_tle_ingestion_only.py took 0.103 seconds
[2026-02-04T21:13:29.947+0530] {processor.py:161} INFO - Started process (PID=764) to work on /opt/airflow/dags/dag_tle_ingestion_only.py
[2026-02-04T21:13:29.950+0530] {processor.py:830} INFO - Processing file /opt/airflow/dags/dag_tle_ingestion_only.py for tasks to queue
[2026-02-04T21:13:29.951+0530] {logging_mixin.py:188} INFO - [2026-02-04T21:13:29.951+0530] {dagbag.py:538} INFO - Filling up the DagBag from /opt/airflow/dags/dag_tle_ingestion_only.py
[2026-02-04T21:13:29.988+0530] {processor.py:840} INFO - DAG(s) 'tle_data_ingestion' retrieved from /opt/airflow/dags/dag_tle_ingestion_only.py
[2026-02-04T21:13:30.041+0530] {logging_mixin.py:188} INFO - [2026-02-04T21:13:30.041+0530] {dag.py:3036} INFO - Sync 1 DAGs
[2026-02-04T21:13:30.091+0530] {logging_mixin.py:188} INFO - [2026-02-04T21:13:30.091+0530] {dag.py:3823} INFO - Setting next_dagrun for tle_data_ingestion to 2026-02-04 15:40:00+00:00, run_after=2026-02-04 15:45:00+00:00
[2026-02-04T21:13:30.123+0530] {processor.py:183} INFO - Processing /opt/airflow/dags/dag_tle_ingestion_only.py took 0.182 seconds
[2026-02-04T21:14:00.259+0530] {processor.py:161} INFO - Started process (PID=769) to work on /opt/airflow/dags/dag_tle_ingestion_only.py
[2026-02-04T21:14:00.261+0530] {processor.py:830} INFO - Processing file /opt/airflow/dags/dag_tle_ingestion_only.py for tasks to queue
[2026-02-04T21:14:00.262+0530] {logging_mixin.py:188} INFO - [2026-02-04T21:14:00.262+0530] {dagbag.py:538} INFO - Filling up the DagBag from /opt/airflow/dags/dag_tle_ingestion_only.py
[2026-02-04T21:14:00.293+0530] {processor.py:840} INFO - DAG(s) 'tle_data_ingestion' retrieved from /opt/airflow/dags/dag_tle_ingestion_only.py
[2026-02-04T21:14:00.341+0530] {logging_mixin.py:188} INFO - [2026-02-04T21:14:00.341+0530] {dag.py:3036} INFO - Sync 1 DAGs
[2026-02-04T21:14:00.389+0530] {logging_mixin.py:188} INFO - [2026-02-04T21:14:00.389+0530] {dag.py:3823} INFO - Setting next_dagrun for tle_data_ingestion to 2026-02-04 15:40:00+00:00, run_after=2026-02-04 15:45:00+00:00
[2026-02-04T21:14:00.418+0530] {processor.py:183} INFO - Processing /opt/airflow/dags/dag_tle_ingestion_only.py took 0.163 seconds
[2026-02-04T21:14:30.562+0530] {processor.py:161} INFO - Started process (PID=774) to work on /opt/airflow/dags/dag_tle_ingestion_only.py
[2026-02-04T21:14:30.563+0530] {processor.py:830} INFO - Processing file /opt/airflow/dags/dag_tle_ingestion_only.py for tasks to queue
[2026-02-04T21:14:30.564+0530] {logging_mixin.py:188} INFO - [2026-02-04T21:14:30.564+0530] {dagbag.py:538} INFO - Filling up the DagBag from /opt/airflow/dags/dag_tle_ingestion_only.py
[2026-02-04T21:14:30.592+0530] {processor.py:840} INFO - DAG(s) 'tle_data_ingestion' retrieved from /opt/airflow/dags/dag_tle_ingestion_only.py
[2026-02-04T21:14:30.627+0530] {logging_mixin.py:188} INFO - [2026-02-04T21:14:30.627+0530] {dag.py:3036} INFO - Sync 1 DAGs
[2026-02-04T21:14:30.663+0530] {logging_mixin.py:188} INFO - [2026-02-04T21:14:30.663+0530] {dag.py:3823} INFO - Setting next_dagrun for tle_data_ingestion to 2026-02-04 15:40:00+00:00, run_after=2026-02-04 15:45:00+00:00
[2026-02-04T21:14:30.684+0530] {processor.py:183} INFO - Processing /opt/airflow/dags/dag_tle_ingestion_only.py took 0.125 seconds
[2026-02-04T21:15:00.817+0530] {processor.py:161} INFO - Started process (PID=779) to work on /opt/airflow/dags/dag_tle_ingestion_only.py
[2026-02-04T21:15:00.819+0530] {processor.py:830} INFO - Processing file /opt/airflow/dags/dag_tle_ingestion_only.py for tasks to queue
[2026-02-04T21:15:00.820+0530] {logging_mixin.py:188} INFO - [2026-02-04T21:15:00.819+0530] {dagbag.py:538} INFO - Filling up the DagBag from /opt/airflow/dags/dag_tle_ingestion_only.py
[2026-02-04T21:15:00.844+0530] {processor.py:840} INFO - DAG(s) 'tle_data_ingestion' retrieved from /opt/airflow/dags/dag_tle_ingestion_only.py
[2026-02-04T21:15:00.879+0530] {logging_mixin.py:188} INFO - [2026-02-04T21:15:00.878+0530] {dag.py:3036} INFO - Sync 1 DAGs
[2026-02-04T21:15:00.909+0530] {logging_mixin.py:188} INFO - [2026-02-04T21:15:00.909+0530] {dag.py:3823} INFO - Setting next_dagrun for tle_data_ingestion to 2026-02-04 15:40:00+00:00, run_after=2026-02-04 15:45:00+00:00
[2026-02-04T21:15:00.939+0530] {processor.py:183} INFO - Processing /opt/airflow/dags/dag_tle_ingestion_only.py took 0.126 seconds
[2026-02-04T21:15:31.080+0530] {processor.py:161} INFO - Started process (PID=791) to work on /opt/airflow/dags/dag_tle_ingestion_only.py
[2026-02-04T21:15:31.083+0530] {processor.py:830} INFO - Processing file /opt/airflow/dags/dag_tle_ingestion_only.py for tasks to queue
[2026-02-04T21:15:31.085+0530] {logging_mixin.py:188} INFO - [2026-02-04T21:15:31.084+0530] {dagbag.py:538} INFO - Filling up the DagBag from /opt/airflow/dags/dag_tle_ingestion_only.py
[2026-02-04T21:15:31.122+0530] {processor.py:840} INFO - DAG(s) 'tle_data_ingestion' retrieved from /opt/airflow/dags/dag_tle_ingestion_only.py
[2026-02-04T21:15:31.161+0530] {logging_mixin.py:188} INFO - [2026-02-04T21:15:31.160+0530] {dag.py:3036} INFO - Sync 1 DAGs
[2026-02-04T21:15:31.211+0530] {logging_mixin.py:188} INFO - [2026-02-04T21:15:31.211+0530] {dag.py:3823} INFO - Setting next_dagrun for tle_data_ingestion to 2026-02-04 15:45:00+00:00, run_after=2026-02-04 15:50:00+00:00
[2026-02-04T21:15:31.243+0530] {processor.py:183} INFO - Processing /opt/airflow/dags/dag_tle_ingestion_only.py took 0.169 seconds
[2026-02-04T21:16:01.384+0530] {processor.py:161} INFO - Started process (PID=796) to work on /opt/airflow/dags/dag_tle_ingestion_only.py
[2026-02-04T21:16:01.387+0530] {processor.py:830} INFO - Processing file /opt/airflow/dags/dag_tle_ingestion_only.py for tasks to queue
[2026-02-04T21:16:01.388+0530] {logging_mixin.py:188} INFO - [2026-02-04T21:16:01.388+0530] {dagbag.py:538} INFO - Filling up the DagBag from /opt/airflow/dags/dag_tle_ingestion_only.py
[2026-02-04T21:16:01.437+0530] {processor.py:840} INFO - DAG(s) 'tle_data_ingestion' retrieved from /opt/airflow/dags/dag_tle_ingestion_only.py
[2026-02-04T21:16:01.493+0530] {logging_mixin.py:188} INFO - [2026-02-04T21:16:01.492+0530] {dag.py:3036} INFO - Sync 1 DAGs
[2026-02-04T21:16:01.540+0530] {logging_mixin.py:188} INFO - [2026-02-04T21:16:01.539+0530] {dag.py:3823} INFO - Setting next_dagrun for tle_data_ingestion to 2026-02-04 15:45:00+00:00, run_after=2026-02-04 15:50:00+00:00
[2026-02-04T21:16:01.569+0530] {processor.py:183} INFO - Processing /opt/airflow/dags/dag_tle_ingestion_only.py took 0.191 seconds
[2026-02-04T21:16:31.711+0530] {processor.py:161} INFO - Started process (PID=801) to work on /opt/airflow/dags/dag_tle_ingestion_only.py
[2026-02-04T21:16:31.714+0530] {processor.py:830} INFO - Processing file /opt/airflow/dags/dag_tle_ingestion_only.py for tasks to queue
[2026-02-04T21:16:31.715+0530] {logging_mixin.py:188} INFO - [2026-02-04T21:16:31.715+0530] {dagbag.py:538} INFO - Filling up the DagBag from /opt/airflow/dags/dag_tle_ingestion_only.py
[2026-02-04T21:16:31.785+0530] {processor.py:840} INFO - DAG(s) 'tle_data_ingestion' retrieved from /opt/airflow/dags/dag_tle_ingestion_only.py
[2026-02-04T21:16:31.840+0530] {logging_mixin.py:188} INFO - [2026-02-04T21:16:31.840+0530] {dag.py:3036} INFO - Sync 1 DAGs
[2026-02-04T21:16:31.893+0530] {logging_mixin.py:188} INFO - [2026-02-04T21:16:31.893+0530] {dag.py:3823} INFO - Setting next_dagrun for tle_data_ingestion to 2026-02-04 15:45:00+00:00, run_after=2026-02-04 15:50:00+00:00
[2026-02-04T21:16:31.914+0530] {processor.py:183} INFO - Processing /opt/airflow/dags/dag_tle_ingestion_only.py took 0.212 seconds
[2026-02-04T21:17:02.056+0530] {processor.py:161} INFO - Started process (PID=806) to work on /opt/airflow/dags/dag_tle_ingestion_only.py
[2026-02-04T21:17:02.059+0530] {processor.py:830} INFO - Processing file /opt/airflow/dags/dag_tle_ingestion_only.py for tasks to queue
[2026-02-04T21:17:02.060+0530] {logging_mixin.py:188} INFO - [2026-02-04T21:17:02.060+0530] {dagbag.py:538} INFO - Filling up the DagBag from /opt/airflow/dags/dag_tle_ingestion_only.py
[2026-02-04T21:17:02.097+0530] {processor.py:840} INFO - DAG(s) 'tle_data_ingestion' retrieved from /opt/airflow/dags/dag_tle_ingestion_only.py
[2026-02-04T21:17:02.141+0530] {logging_mixin.py:188} INFO - [2026-02-04T21:17:02.141+0530] {dag.py:3036} INFO - Sync 1 DAGs
[2026-02-04T21:17:02.181+0530] {logging_mixin.py:188} INFO - [2026-02-04T21:17:02.181+0530] {dag.py:3823} INFO - Setting next_dagrun for tle_data_ingestion to 2026-02-04 15:45:00+00:00, run_after=2026-02-04 15:50:00+00:00
[2026-02-04T21:17:02.205+0530] {processor.py:183} INFO - Processing /opt/airflow/dags/dag_tle_ingestion_only.py took 0.156 seconds
[2026-02-04T21:17:32.335+0530] {processor.py:161} INFO - Started process (PID=811) to work on /opt/airflow/dags/dag_tle_ingestion_only.py
[2026-02-04T21:17:32.336+0530] {processor.py:830} INFO - Processing file /opt/airflow/dags/dag_tle_ingestion_only.py for tasks to queue
[2026-02-04T21:17:32.336+0530] {logging_mixin.py:188} INFO - [2026-02-04T21:17:32.336+0530] {dagbag.py:538} INFO - Filling up the DagBag from /opt/airflow/dags/dag_tle_ingestion_only.py
[2026-02-04T21:17:32.372+0530] {processor.py:840} INFO - DAG(s) 'tle_data_ingestion' retrieved from /opt/airflow/dags/dag_tle_ingestion_only.py
[2026-02-04T21:17:32.417+0530] {logging_mixin.py:188} INFO - [2026-02-04T21:17:32.417+0530] {dag.py:3036} INFO - Sync 1 DAGs
[2026-02-04T21:17:32.457+0530] {logging_mixin.py:188} INFO - [2026-02-04T21:17:32.457+0530] {dag.py:3823} INFO - Setting next_dagrun for tle_data_ingestion to 2026-02-04 15:45:00+00:00, run_after=2026-02-04 15:50:00+00:00
[2026-02-04T21:17:32.478+0530] {processor.py:183} INFO - Processing /opt/airflow/dags/dag_tle_ingestion_only.py took 0.147 seconds
[2026-02-04T21:18:02.616+0530] {processor.py:161} INFO - Started process (PID=816) to work on /opt/airflow/dags/dag_tle_ingestion_only.py
[2026-02-04T21:18:02.617+0530] {processor.py:830} INFO - Processing file /opt/airflow/dags/dag_tle_ingestion_only.py for tasks to queue
[2026-02-04T21:18:02.618+0530] {logging_mixin.py:188} INFO - [2026-02-04T21:18:02.618+0530] {dagbag.py:538} INFO - Filling up the DagBag from /opt/airflow/dags/dag_tle_ingestion_only.py
[2026-02-04T21:18:02.653+0530] {processor.py:840} INFO - DAG(s) 'tle_data_ingestion' retrieved from /opt/airflow/dags/dag_tle_ingestion_only.py
[2026-02-04T21:18:02.708+0530] {logging_mixin.py:188} INFO - [2026-02-04T21:18:02.707+0530] {dag.py:3036} INFO - Sync 1 DAGs
[2026-02-04T21:18:02.760+0530] {logging_mixin.py:188} INFO - [2026-02-04T21:18:02.759+0530] {dag.py:3823} INFO - Setting next_dagrun for tle_data_ingestion to 2026-02-04 15:45:00+00:00, run_after=2026-02-04 15:50:00+00:00
[2026-02-04T21:18:02.786+0530] {processor.py:183} INFO - Processing /opt/airflow/dags/dag_tle_ingestion_only.py took 0.174 seconds
[2026-02-04T21:18:32.921+0530] {processor.py:161} INFO - Started process (PID=821) to work on /opt/airflow/dags/dag_tle_ingestion_only.py
[2026-02-04T21:18:32.933+0530] {processor.py:830} INFO - Processing file /opt/airflow/dags/dag_tle_ingestion_only.py for tasks to queue
[2026-02-04T21:18:32.934+0530] {logging_mixin.py:188} INFO - [2026-02-04T21:18:32.934+0530] {dagbag.py:538} INFO - Filling up the DagBag from /opt/airflow/dags/dag_tle_ingestion_only.py
[2026-02-04T21:18:32.960+0530] {processor.py:840} INFO - DAG(s) 'tle_data_ingestion' retrieved from /opt/airflow/dags/dag_tle_ingestion_only.py
[2026-02-04T21:18:32.996+0530] {logging_mixin.py:188} INFO - [2026-02-04T21:18:32.995+0530] {dag.py:3036} INFO - Sync 1 DAGs
[2026-02-04T21:18:33.030+0530] {logging_mixin.py:188} INFO - [2026-02-04T21:18:33.030+0530] {dag.py:3823} INFO - Setting next_dagrun for tle_data_ingestion to 2026-02-04 15:45:00+00:00, run_after=2026-02-04 15:50:00+00:00
[2026-02-04T21:18:33.053+0530] {processor.py:183} INFO - Processing /opt/airflow/dags/dag_tle_ingestion_only.py took 0.136 seconds
[2026-02-04T21:19:03.189+0530] {processor.py:161} INFO - Started process (PID=826) to work on /opt/airflow/dags/dag_tle_ingestion_only.py
[2026-02-04T21:19:03.191+0530] {processor.py:830} INFO - Processing file /opt/airflow/dags/dag_tle_ingestion_only.py for tasks to queue
[2026-02-04T21:19:03.193+0530] {logging_mixin.py:188} INFO - [2026-02-04T21:19:03.192+0530] {dagbag.py:538} INFO - Filling up the DagBag from /opt/airflow/dags/dag_tle_ingestion_only.py
[2026-02-04T21:19:03.224+0530] {processor.py:840} INFO - DAG(s) 'tle_data_ingestion' retrieved from /opt/airflow/dags/dag_tle_ingestion_only.py
[2026-02-04T21:19:03.275+0530] {logging_mixin.py:188} INFO - [2026-02-04T21:19:03.274+0530] {dag.py:3036} INFO - Sync 1 DAGs
[2026-02-04T21:19:03.324+0530] {logging_mixin.py:188} INFO - [2026-02-04T21:19:03.324+0530] {dag.py:3823} INFO - Setting next_dagrun for tle_data_ingestion to 2026-02-04 15:45:00+00:00, run_after=2026-02-04 15:50:00+00:00
[2026-02-04T21:19:03.357+0530] {processor.py:183} INFO - Processing /opt/airflow/dags/dag_tle_ingestion_only.py took 0.174 seconds
[2026-02-04T21:19:33.498+0530] {processor.py:161} INFO - Started process (PID=831) to work on /opt/airflow/dags/dag_tle_ingestion_only.py
[2026-02-04T21:19:33.502+0530] {processor.py:830} INFO - Processing file /opt/airflow/dags/dag_tle_ingestion_only.py for tasks to queue
[2026-02-04T21:19:33.504+0530] {logging_mixin.py:188} INFO - [2026-02-04T21:19:33.503+0530] {dagbag.py:538} INFO - Filling up the DagBag from /opt/airflow/dags/dag_tle_ingestion_only.py
[2026-02-04T21:19:33.526+0530] {processor.py:840} INFO - DAG(s) 'tle_data_ingestion' retrieved from /opt/airflow/dags/dag_tle_ingestion_only.py
[2026-02-04T21:19:33.566+0530] {logging_mixin.py:188} INFO - [2026-02-04T21:19:33.566+0530] {dag.py:3036} INFO - Sync 1 DAGs
[2026-02-04T21:19:33.600+0530] {logging_mixin.py:188} INFO - [2026-02-04T21:19:33.600+0530] {dag.py:3823} INFO - Setting next_dagrun for tle_data_ingestion to 2026-02-04 15:45:00+00:00, run_after=2026-02-04 15:50:00+00:00
[2026-02-04T21:19:33.623+0530] {processor.py:183} INFO - Processing /opt/airflow/dags/dag_tle_ingestion_only.py took 0.130 seconds
[2026-02-04T21:20:03.755+0530] {processor.py:161} INFO - Started process (PID=840) to work on /opt/airflow/dags/dag_tle_ingestion_only.py
[2026-02-04T21:20:03.756+0530] {processor.py:830} INFO - Processing file /opt/airflow/dags/dag_tle_ingestion_only.py for tasks to queue
[2026-02-04T21:20:03.757+0530] {logging_mixin.py:188} INFO - [2026-02-04T21:20:03.756+0530] {dagbag.py:538} INFO - Filling up the DagBag from /opt/airflow/dags/dag_tle_ingestion_only.py
[2026-02-04T21:20:03.794+0530] {processor.py:840} INFO - DAG(s) 'tle_data_ingestion' retrieved from /opt/airflow/dags/dag_tle_ingestion_only.py
[2026-02-04T21:20:03.831+0530] {logging_mixin.py:188} INFO - [2026-02-04T21:20:03.831+0530] {dag.py:3036} INFO - Sync 1 DAGs
[2026-02-04T21:20:03.865+0530] {logging_mixin.py:188} INFO - [2026-02-04T21:20:03.864+0530] {dag.py:3823} INFO - Setting next_dagrun for tle_data_ingestion to 2026-02-04 15:50:00+00:00, run_after=2026-02-04 15:55:00+00:00
[2026-02-04T21:20:03.886+0530] {processor.py:183} INFO - Processing /opt/airflow/dags/dag_tle_ingestion_only.py took 0.137 seconds
[2026-02-04T21:20:34.018+0530] {processor.py:161} INFO - Started process (PID=848) to work on /opt/airflow/dags/dag_tle_ingestion_only.py
[2026-02-04T21:20:34.032+0530] {processor.py:830} INFO - Processing file /opt/airflow/dags/dag_tle_ingestion_only.py for tasks to queue
[2026-02-04T21:20:34.033+0530] {logging_mixin.py:188} INFO - [2026-02-04T21:20:34.032+0530] {dagbag.py:538} INFO - Filling up the DagBag from /opt/airflow/dags/dag_tle_ingestion_only.py
[2026-02-04T21:20:34.052+0530] {processor.py:840} INFO - DAG(s) 'tle_data_ingestion' retrieved from /opt/airflow/dags/dag_tle_ingestion_only.py
[2026-02-04T21:20:34.080+0530] {logging_mixin.py:188} INFO - [2026-02-04T21:20:34.080+0530] {dag.py:3036} INFO - Sync 1 DAGs
[2026-02-04T21:20:34.108+0530] {logging_mixin.py:188} INFO - [2026-02-04T21:20:34.108+0530] {dag.py:3823} INFO - Setting next_dagrun for tle_data_ingestion to 2026-02-04 15:50:00+00:00, run_after=2026-02-04 15:55:00+00:00
[2026-02-04T21:20:34.129+0530] {processor.py:183} INFO - Processing /opt/airflow/dags/dag_tle_ingestion_only.py took 0.114 seconds
[2026-02-04T21:21:04.268+0530] {processor.py:161} INFO - Started process (PID=853) to work on /opt/airflow/dags/dag_tle_ingestion_only.py
[2026-02-04T21:21:04.271+0530] {processor.py:830} INFO - Processing file /opt/airflow/dags/dag_tle_ingestion_only.py for tasks to queue
[2026-02-04T21:21:04.273+0530] {logging_mixin.py:188} INFO - [2026-02-04T21:21:04.272+0530] {dagbag.py:538} INFO - Filling up the DagBag from /opt/airflow/dags/dag_tle_ingestion_only.py
[2026-02-04T21:21:04.328+0530] {processor.py:840} INFO - DAG(s) 'tle_data_ingestion' retrieved from /opt/airflow/dags/dag_tle_ingestion_only.py
[2026-02-04T21:21:04.384+0530] {logging_mixin.py:188} INFO - [2026-02-04T21:21:04.384+0530] {dag.py:3036} INFO - Sync 1 DAGs
[2026-02-04T21:21:04.431+0530] {logging_mixin.py:188} INFO - [2026-02-04T21:21:04.431+0530] {dag.py:3823} INFO - Setting next_dagrun for tle_data_ingestion to 2026-02-04 15:50:00+00:00, run_after=2026-02-04 15:55:00+00:00
[2026-02-04T21:21:04.455+0530] {processor.py:183} INFO - Processing /opt/airflow/dags/dag_tle_ingestion_only.py took 0.197 seconds
[2026-02-04T21:21:34.582+0530] {processor.py:161} INFO - Started process (PID=858) to work on /opt/airflow/dags/dag_tle_ingestion_only.py
[2026-02-04T21:21:34.583+0530] {processor.py:830} INFO - Processing file /opt/airflow/dags/dag_tle_ingestion_only.py for tasks to queue
[2026-02-04T21:21:34.584+0530] {logging_mixin.py:188} INFO - [2026-02-04T21:21:34.584+0530] {dagbag.py:538} INFO - Filling up the DagBag from /opt/airflow/dags/dag_tle_ingestion_only.py
[2026-02-04T21:21:34.602+0530] {processor.py:840} INFO - DAG(s) 'tle_data_ingestion' retrieved from /opt/airflow/dags/dag_tle_ingestion_only.py
[2026-02-04T21:21:34.631+0530] {logging_mixin.py:188} INFO - [2026-02-04T21:21:34.631+0530] {dag.py:3036} INFO - Sync 1 DAGs
[2026-02-04T21:21:34.658+0530] {logging_mixin.py:188} INFO - [2026-02-04T21:21:34.658+0530] {dag.py:3823} INFO - Setting next_dagrun for tle_data_ingestion to 2026-02-04 15:50:00+00:00, run_after=2026-02-04 15:55:00+00:00
[2026-02-04T21:21:34.676+0530] {processor.py:183} INFO - Processing /opt/airflow/dags/dag_tle_ingestion_only.py took 0.097 seconds
[2026-02-04T21:22:04.724+0530] {processor.py:161} INFO - Started process (PID=863) to work on /opt/airflow/dags/dag_tle_ingestion_only.py
[2026-02-04T21:22:04.726+0530] {processor.py:830} INFO - Processing file /opt/airflow/dags/dag_tle_ingestion_only.py for tasks to queue
[2026-02-04T21:22:04.727+0530] {logging_mixin.py:188} INFO - [2026-02-04T21:22:04.726+0530] {dagbag.py:538} INFO - Filling up the DagBag from /opt/airflow/dags/dag_tle_ingestion_only.py
[2026-02-04T21:22:04.761+0530] {processor.py:840} INFO - DAG(s) 'tle_data_ingestion' retrieved from /opt/airflow/dags/dag_tle_ingestion_only.py
[2026-02-04T21:22:04.806+0530] {logging_mixin.py:188} INFO - [2026-02-04T21:22:04.806+0530] {dag.py:3036} INFO - Sync 1 DAGs
[2026-02-04T21:22:04.854+0530] {logging_mixin.py:188} INFO - [2026-02-04T21:22:04.853+0530] {dag.py:3823} INFO - Setting next_dagrun for tle_data_ingestion to 2026-02-04 15:50:00+00:00, run_after=2026-02-04 15:55:00+00:00
[2026-02-04T21:22:04.883+0530] {processor.py:183} INFO - Processing /opt/airflow/dags/dag_tle_ingestion_only.py took 0.165 seconds
[2026-02-04T21:22:34.928+0530] {processor.py:161} INFO - Started process (PID=868) to work on /opt/airflow/dags/dag_tle_ingestion_only.py
[2026-02-04T21:22:34.931+0530] {processor.py:830} INFO - Processing file /opt/airflow/dags/dag_tle_ingestion_only.py for tasks to queue
[2026-02-04T21:22:34.932+0530] {logging_mixin.py:188} INFO - [2026-02-04T21:22:34.931+0530] {dagbag.py:538} INFO - Filling up the DagBag from /opt/airflow/dags/dag_tle_ingestion_only.py
[2026-02-04T21:22:34.957+0530] {processor.py:840} INFO - DAG(s) 'tle_data_ingestion' retrieved from /opt/airflow/dags/dag_tle_ingestion_only.py
[2026-02-04T21:22:35.001+0530] {logging_mixin.py:188} INFO - [2026-02-04T21:22:35.000+0530] {dag.py:3036} INFO - Sync 1 DAGs
[2026-02-04T21:22:35.038+0530] {logging_mixin.py:188} INFO - [2026-02-04T21:22:35.038+0530] {dag.py:3823} INFO - Setting next_dagrun for tle_data_ingestion to 2026-02-04 15:50:00+00:00, run_after=2026-02-04 15:55:00+00:00
[2026-02-04T21:22:35.066+0530] {processor.py:183} INFO - Processing /opt/airflow/dags/dag_tle_ingestion_only.py took 0.142 seconds
[2026-02-04T21:23:05.140+0530] {processor.py:161} INFO - Started process (PID=873) to work on /opt/airflow/dags/dag_tle_ingestion_only.py
[2026-02-04T21:23:05.141+0530] {processor.py:830} INFO - Processing file /opt/airflow/dags/dag_tle_ingestion_only.py for tasks to queue
[2026-02-04T21:23:05.142+0530] {logging_mixin.py:188} INFO - [2026-02-04T21:23:05.141+0530] {dagbag.py:538} INFO - Filling up the DagBag from /opt/airflow/dags/dag_tle_ingestion_only.py
[2026-02-04T21:23:05.159+0530] {processor.py:840} INFO - DAG(s) 'tle_data_ingestion' retrieved from /opt/airflow/dags/dag_tle_ingestion_only.py
[2026-02-04T21:23:05.188+0530] {logging_mixin.py:188} INFO - [2026-02-04T21:23:05.188+0530] {dag.py:3036} INFO - Sync 1 DAGs
[2026-02-04T21:23:05.214+0530] {logging_mixin.py:188} INFO - [2026-02-04T21:23:05.214+0530] {dag.py:3823} INFO - Setting next_dagrun for tle_data_ingestion to 2026-02-04 15:50:00+00:00, run_after=2026-02-04 15:55:00+00:00
[2026-02-04T21:23:05.229+0530] {processor.py:183} INFO - Processing /opt/airflow/dags/dag_tle_ingestion_only.py took 0.093 seconds
[2026-02-04T21:23:35.311+0530] {processor.py:161} INFO - Started process (PID=878) to work on /opt/airflow/dags/dag_tle_ingestion_only.py
[2026-02-04T21:23:35.312+0530] {processor.py:830} INFO - Processing file /opt/airflow/dags/dag_tle_ingestion_only.py for tasks to queue
[2026-02-04T21:23:35.314+0530] {logging_mixin.py:188} INFO - [2026-02-04T21:23:35.313+0530] {dagbag.py:538} INFO - Filling up the DagBag from /opt/airflow/dags/dag_tle_ingestion_only.py
[2026-02-04T21:23:35.346+0530] {processor.py:840} INFO - DAG(s) 'tle_data_ingestion' retrieved from /opt/airflow/dags/dag_tle_ingestion_only.py
[2026-02-04T21:23:35.399+0530] {logging_mixin.py:188} INFO - [2026-02-04T21:23:35.399+0530] {dag.py:3036} INFO - Sync 1 DAGs
[2026-02-04T21:23:35.451+0530] {logging_mixin.py:188} INFO - [2026-02-04T21:23:35.451+0530] {dag.py:3823} INFO - Setting next_dagrun for tle_data_ingestion to 2026-02-04 15:50:00+00:00, run_after=2026-02-04 15:55:00+00:00
[2026-02-04T21:23:35.481+0530] {processor.py:183} INFO - Processing /opt/airflow/dags/dag_tle_ingestion_only.py took 0.176 seconds
[2026-02-04T21:24:05.609+0530] {processor.py:161} INFO - Started process (PID=883) to work on /opt/airflow/dags/dag_tle_ingestion_only.py
[2026-02-04T21:24:05.614+0530] {processor.py:830} INFO - Processing file /opt/airflow/dags/dag_tle_ingestion_only.py for tasks to queue
[2026-02-04T21:24:05.615+0530] {logging_mixin.py:188} INFO - [2026-02-04T21:24:05.614+0530] {dagbag.py:538} INFO - Filling up the DagBag from /opt/airflow/dags/dag_tle_ingestion_only.py
[2026-02-04T21:24:05.644+0530] {processor.py:840} INFO - DAG(s) 'tle_data_ingestion' retrieved from /opt/airflow/dags/dag_tle_ingestion_only.py
[2026-02-04T21:24:05.681+0530] {logging_mixin.py:188} INFO - [2026-02-04T21:24:05.681+0530] {dag.py:3036} INFO - Sync 1 DAGs
[2026-02-04T21:24:05.732+0530] {logging_mixin.py:188} INFO - [2026-02-04T21:24:05.732+0530] {dag.py:3823} INFO - Setting next_dagrun for tle_data_ingestion to 2026-02-04 15:50:00+00:00, run_after=2026-02-04 15:55:00+00:00
[2026-02-04T21:24:05.763+0530] {processor.py:183} INFO - Processing /opt/airflow/dags/dag_tle_ingestion_only.py took 0.158 seconds
[2026-02-04T21:24:35.915+0530] {processor.py:161} INFO - Started process (PID=888) to work on /opt/airflow/dags/dag_tle_ingestion_only.py
[2026-02-04T21:24:35.918+0530] {processor.py:830} INFO - Processing file /opt/airflow/dags/dag_tle_ingestion_only.py for tasks to queue
[2026-02-04T21:24:35.920+0530] {logging_mixin.py:188} INFO - [2026-02-04T21:24:35.919+0530] {dagbag.py:538} INFO - Filling up the DagBag from /opt/airflow/dags/dag_tle_ingestion_only.py
[2026-02-04T21:24:35.949+0530] {processor.py:840} INFO - DAG(s) 'tle_data_ingestion' retrieved from /opt/airflow/dags/dag_tle_ingestion_only.py
[2026-02-04T21:24:35.993+0530] {logging_mixin.py:188} INFO - [2026-02-04T21:24:35.992+0530] {dag.py:3036} INFO - Sync 1 DAGs
[2026-02-04T21:24:36.027+0530] {logging_mixin.py:188} INFO - [2026-02-04T21:24:36.027+0530] {dag.py:3823} INFO - Setting next_dagrun for tle_data_ingestion to 2026-02-04 15:50:00+00:00, run_after=2026-02-04 15:55:00+00:00
[2026-02-04T21:24:36.052+0530] {processor.py:183} INFO - Processing /opt/airflow/dags/dag_tle_ingestion_only.py took 0.143 seconds
[2026-02-04T21:25:06.198+0530] {processor.py:161} INFO - Started process (PID=900) to work on /opt/airflow/dags/dag_tle_ingestion_only.py
[2026-02-04T21:25:06.200+0530] {processor.py:830} INFO - Processing file /opt/airflow/dags/dag_tle_ingestion_only.py for tasks to queue
[2026-02-04T21:25:06.202+0530] {logging_mixin.py:188} INFO - [2026-02-04T21:25:06.201+0530] {dagbag.py:538} INFO - Filling up the DagBag from /opt/airflow/dags/dag_tle_ingestion_only.py
[2026-02-04T21:25:06.238+0530] {processor.py:840} INFO - DAG(s) 'tle_data_ingestion' retrieved from /opt/airflow/dags/dag_tle_ingestion_only.py
[2026-02-04T21:25:06.294+0530] {logging_mixin.py:188} INFO - [2026-02-04T21:25:06.293+0530] {dag.py:3036} INFO - Sync 1 DAGs
[2026-02-04T21:25:06.341+0530] {logging_mixin.py:188} INFO - [2026-02-04T21:25:06.341+0530] {dag.py:3823} INFO - Setting next_dagrun for tle_data_ingestion to 2026-02-04 15:55:00+00:00, run_after=2026-02-04 16:00:00+00:00
[2026-02-04T21:25:06.371+0530] {processor.py:183} INFO - Processing /opt/airflow/dags/dag_tle_ingestion_only.py took 0.180 seconds
[2026-02-04T21:25:36.516+0530] {processor.py:161} INFO - Started process (PID=905) to work on /opt/airflow/dags/dag_tle_ingestion_only.py
[2026-02-04T21:25:36.517+0530] {processor.py:830} INFO - Processing file /opt/airflow/dags/dag_tle_ingestion_only.py for tasks to queue
[2026-02-04T21:25:36.519+0530] {logging_mixin.py:188} INFO - [2026-02-04T21:25:36.518+0530] {dagbag.py:538} INFO - Filling up the DagBag from /opt/airflow/dags/dag_tle_ingestion_only.py
[2026-02-04T21:25:36.553+0530] {processor.py:840} INFO - DAG(s) 'tle_data_ingestion' retrieved from /opt/airflow/dags/dag_tle_ingestion_only.py
[2026-02-04T21:25:36.598+0530] {logging_mixin.py:188} INFO - [2026-02-04T21:25:36.598+0530] {dag.py:3036} INFO - Sync 1 DAGs
[2026-02-04T21:25:36.641+0530] {logging_mixin.py:188} INFO - [2026-02-04T21:25:36.641+0530] {dag.py:3823} INFO - Setting next_dagrun for tle_data_ingestion to 2026-02-04 15:55:00+00:00, run_after=2026-02-04 16:00:00+00:00
[2026-02-04T21:25:36.664+0530] {processor.py:183} INFO - Processing /opt/airflow/dags/dag_tle_ingestion_only.py took 0.153 seconds
[2026-02-04T21:26:06.806+0530] {processor.py:161} INFO - Started process (PID=910) to work on /opt/airflow/dags/dag_tle_ingestion_only.py
[2026-02-04T21:26:06.809+0530] {processor.py:830} INFO - Processing file /opt/airflow/dags/dag_tle_ingestion_only.py for tasks to queue
[2026-02-04T21:26:06.811+0530] {logging_mixin.py:188} INFO - [2026-02-04T21:26:06.810+0530] {dagbag.py:538} INFO - Filling up the DagBag from /opt/airflow/dags/dag_tle_ingestion_only.py
[2026-02-04T21:26:06.847+0530] {processor.py:840} INFO - DAG(s) 'tle_data_ingestion' retrieved from /opt/airflow/dags/dag_tle_ingestion_only.py
[2026-02-04T21:26:06.890+0530] {logging_mixin.py:188} INFO - [2026-02-04T21:26:06.890+0530] {dag.py:3036} INFO - Sync 1 DAGs
[2026-02-04T21:26:06.925+0530] {logging_mixin.py:188} INFO - [2026-02-04T21:26:06.925+0530] {dag.py:3823} INFO - Setting next_dagrun for tle_data_ingestion to 2026-02-04 15:55:00+00:00, run_after=2026-02-04 16:00:00+00:00
[2026-02-04T21:26:06.950+0530] {processor.py:183} INFO - Processing /opt/airflow/dags/dag_tle_ingestion_only.py took 0.151 seconds
[2026-02-04T21:26:37.080+0530] {processor.py:161} INFO - Started process (PID=915) to work on /opt/airflow/dags/dag_tle_ingestion_only.py
[2026-02-04T21:26:37.089+0530] {processor.py:830} INFO - Processing file /opt/airflow/dags/dag_tle_ingestion_only.py for tasks to queue
[2026-02-04T21:26:37.091+0530] {logging_mixin.py:188} INFO - [2026-02-04T21:26:37.090+0530] {dagbag.py:538} INFO - Filling up the DagBag from /opt/airflow/dags/dag_tle_ingestion_only.py
[2026-02-04T21:26:37.119+0530] {processor.py:840} INFO - DAG(s) 'tle_data_ingestion' retrieved from /opt/airflow/dags/dag_tle_ingestion_only.py
[2026-02-04T21:26:37.154+0530] {logging_mixin.py:188} INFO - [2026-02-04T21:26:37.154+0530] {dag.py:3036} INFO - Sync 1 DAGs
[2026-02-04T21:26:37.206+0530] {logging_mixin.py:188} INFO - [2026-02-04T21:26:37.206+0530] {dag.py:3823} INFO - Setting next_dagrun for tle_data_ingestion to 2026-02-04 15:55:00+00:00, run_after=2026-02-04 16:00:00+00:00
[2026-02-04T21:26:37.246+0530] {processor.py:183} INFO - Processing /opt/airflow/dags/dag_tle_ingestion_only.py took 0.169 seconds
[2026-02-04T21:27:07.370+0530] {processor.py:161} INFO - Started process (PID=920) to work on /opt/airflow/dags/dag_tle_ingestion_only.py
[2026-02-04T21:27:07.371+0530] {processor.py:830} INFO - Processing file /opt/airflow/dags/dag_tle_ingestion_only.py for tasks to queue
[2026-02-04T21:27:07.372+0530] {logging_mixin.py:188} INFO - [2026-02-04T21:27:07.372+0530] {dagbag.py:538} INFO - Filling up the DagBag from /opt/airflow/dags/dag_tle_ingestion_only.py
[2026-02-04T21:27:07.400+0530] {processor.py:840} INFO - DAG(s) 'tle_data_ingestion' retrieved from /opt/airflow/dags/dag_tle_ingestion_only.py
[2026-02-04T21:27:07.445+0530] {logging_mixin.py:188} INFO - [2026-02-04T21:27:07.444+0530] {dag.py:3036} INFO - Sync 1 DAGs
[2026-02-04T21:27:07.482+0530] {logging_mixin.py:188} INFO - [2026-02-04T21:27:07.481+0530] {dag.py:3823} INFO - Setting next_dagrun for tle_data_ingestion to 2026-02-04 15:55:00+00:00, run_after=2026-02-04 16:00:00+00:00
[2026-02-04T21:27:07.504+0530] {processor.py:183} INFO - Processing /opt/airflow/dags/dag_tle_ingestion_only.py took 0.138 seconds
[2026-02-04T21:27:37.634+0530] {processor.py:161} INFO - Started process (PID=925) to work on /opt/airflow/dags/dag_tle_ingestion_only.py
[2026-02-04T21:27:37.635+0530] {processor.py:830} INFO - Processing file /opt/airflow/dags/dag_tle_ingestion_only.py for tasks to queue
[2026-02-04T21:27:37.636+0530] {logging_mixin.py:188} INFO - [2026-02-04T21:27:37.636+0530] {dagbag.py:538} INFO - Filling up the DagBag from /opt/airflow/dags/dag_tle_ingestion_only.py
[2026-02-04T21:27:37.668+0530] {processor.py:840} INFO - DAG(s) 'tle_data_ingestion' retrieved from /opt/airflow/dags/dag_tle_ingestion_only.py
[2026-02-04T21:27:37.721+0530] {logging_mixin.py:188} INFO - [2026-02-04T21:27:37.721+0530] {dag.py:3036} INFO - Sync 1 DAGs
[2026-02-04T21:27:37.773+0530] {logging_mixin.py:188} INFO - [2026-02-04T21:27:37.773+0530] {dag.py:3823} INFO - Setting next_dagrun for tle_data_ingestion to 2026-02-04 15:55:00+00:00, run_after=2026-02-04 16:00:00+00:00
[2026-02-04T21:27:37.803+0530] {processor.py:183} INFO - Processing /opt/airflow/dags/dag_tle_ingestion_only.py took 0.172 seconds
[2026-02-04T21:28:07.933+0530] {processor.py:161} INFO - Started process (PID=930) to work on /opt/airflow/dags/dag_tle_ingestion_only.py
[2026-02-04T21:28:07.934+0530] {processor.py:830} INFO - Processing file /opt/airflow/dags/dag_tle_ingestion_only.py for tasks to queue
[2026-02-04T21:28:07.935+0530] {logging_mixin.py:188} INFO - [2026-02-04T21:28:07.935+0530] {dagbag.py:538} INFO - Filling up the DagBag from /opt/airflow/dags/dag_tle_ingestion_only.py
[2026-02-04T21:28:07.952+0530] {processor.py:840} INFO - DAG(s) 'tle_data_ingestion' retrieved from /opt/airflow/dags/dag_tle_ingestion_only.py
[2026-02-04T21:28:07.980+0530] {logging_mixin.py:188} INFO - [2026-02-04T21:28:07.980+0530] {dag.py:3036} INFO - Sync 1 DAGs
[2026-02-04T21:28:08.006+0530] {logging_mixin.py:188} INFO - [2026-02-04T21:28:08.006+0530] {dag.py:3823} INFO - Setting next_dagrun for tle_data_ingestion to 2026-02-04 15:55:00+00:00, run_after=2026-02-04 16:00:00+00:00
[2026-02-04T21:28:08.022+0530] {processor.py:183} INFO - Processing /opt/airflow/dags/dag_tle_ingestion_only.py took 0.092 seconds
[2026-02-04T21:28:38.073+0530] {processor.py:161} INFO - Started process (PID=935) to work on /opt/airflow/dags/dag_tle_ingestion_only.py
[2026-02-04T21:28:38.074+0530] {processor.py:830} INFO - Processing file /opt/airflow/dags/dag_tle_ingestion_only.py for tasks to queue
[2026-02-04T21:28:38.075+0530] {logging_mixin.py:188} INFO - [2026-02-04T21:28:38.074+0530] {dagbag.py:538} INFO - Filling up the DagBag from /opt/airflow/dags/dag_tle_ingestion_only.py
[2026-02-04T21:28:38.097+0530] {processor.py:840} INFO - DAG(s) 'tle_data_ingestion' retrieved from /opt/airflow/dags/dag_tle_ingestion_only.py
[2026-02-04T21:28:38.134+0530] {logging_mixin.py:188} INFO - [2026-02-04T21:28:38.134+0530] {dag.py:3036} INFO - Sync 1 DAGs
[2026-02-04T21:28:38.177+0530] {logging_mixin.py:188} INFO - [2026-02-04T21:28:38.176+0530] {dag.py:3823} INFO - Setting next_dagrun for tle_data_ingestion to 2026-02-04 15:55:00+00:00, run_after=2026-02-04 16:00:00+00:00
[2026-02-04T21:28:38.205+0530] {processor.py:183} INFO - Processing /opt/airflow/dags/dag_tle_ingestion_only.py took 0.136 seconds
[2026-02-04T21:29:08.257+0530] {processor.py:161} INFO - Started process (PID=940) to work on /opt/airflow/dags/dag_tle_ingestion_only.py
[2026-02-04T21:29:08.258+0530] {processor.py:830} INFO - Processing file /opt/airflow/dags/dag_tle_ingestion_only.py for tasks to queue
[2026-02-04T21:29:08.259+0530] {logging_mixin.py:188} INFO - [2026-02-04T21:29:08.258+0530] {dagbag.py:538} INFO - Filling up the DagBag from /opt/airflow/dags/dag_tle_ingestion_only.py
[2026-02-04T21:29:08.285+0530] {processor.py:840} INFO - DAG(s) 'tle_data_ingestion' retrieved from /opt/airflow/dags/dag_tle_ingestion_only.py
[2026-02-04T21:29:08.331+0530] {logging_mixin.py:188} INFO - [2026-02-04T21:29:08.331+0530] {dag.py:3036} INFO - Sync 1 DAGs
[2026-02-04T21:29:08.369+0530] {logging_mixin.py:188} INFO - [2026-02-04T21:29:08.369+0530] {dag.py:3823} INFO - Setting next_dagrun for tle_data_ingestion to 2026-02-04 15:55:00+00:00, run_after=2026-02-04 16:00:00+00:00
[2026-02-04T21:29:08.706+0530] {processor.py:183} INFO - Processing /opt/airflow/dags/dag_tle_ingestion_only.py took 0.453 seconds
[2026-02-04T21:29:38.846+0530] {processor.py:161} INFO - Started process (PID=945) to work on /opt/airflow/dags/dag_tle_ingestion_only.py
[2026-02-04T21:29:38.848+0530] {processor.py:830} INFO - Processing file /opt/airflow/dags/dag_tle_ingestion_only.py for tasks to queue
[2026-02-04T21:29:38.849+0530] {logging_mixin.py:188} INFO - [2026-02-04T21:29:38.848+0530] {dagbag.py:538} INFO - Filling up the DagBag from /opt/airflow/dags/dag_tle_ingestion_only.py
[2026-02-04T21:29:38.877+0530] {processor.py:840} INFO - DAG(s) 'tle_data_ingestion' retrieved from /opt/airflow/dags/dag_tle_ingestion_only.py
[2026-02-04T21:29:38.919+0530] {logging_mixin.py:188} INFO - [2026-02-04T21:29:38.919+0530] {dag.py:3036} INFO - Sync 1 DAGs
[2026-02-04T21:29:38.969+0530] {logging_mixin.py:188} INFO - [2026-02-04T21:29:38.968+0530] {dag.py:3823} INFO - Setting next_dagrun for tle_data_ingestion to 2026-02-04 15:55:00+00:00, run_after=2026-02-04 16:00:00+00:00
[2026-02-04T21:29:39.002+0530] {processor.py:183} INFO - Processing /opt/airflow/dags/dag_tle_ingestion_only.py took 0.159 seconds
[2026-02-04T21:30:09.120+0530] {processor.py:161} INFO - Started process (PID=957) to work on /opt/airflow/dags/dag_tle_ingestion_only.py
[2026-02-04T21:30:09.121+0530] {processor.py:830} INFO - Processing file /opt/airflow/dags/dag_tle_ingestion_only.py for tasks to queue
[2026-02-04T21:30:09.121+0530] {logging_mixin.py:188} INFO - [2026-02-04T21:30:09.121+0530] {dagbag.py:538} INFO - Filling up the DagBag from /opt/airflow/dags/dag_tle_ingestion_only.py
[2026-02-04T21:30:09.145+0530] {processor.py:840} INFO - DAG(s) 'tle_data_ingestion' retrieved from /opt/airflow/dags/dag_tle_ingestion_only.py
[2026-02-04T21:30:09.179+0530] {logging_mixin.py:188} INFO - [2026-02-04T21:30:09.179+0530] {dag.py:3036} INFO - Sync 1 DAGs
[2026-02-04T21:30:09.216+0530] {logging_mixin.py:188} INFO - [2026-02-04T21:30:09.216+0530] {dag.py:3823} INFO - Setting next_dagrun for tle_data_ingestion to 2026-02-04 16:00:00+00:00, run_after=2026-02-04 16:05:00+00:00
[2026-02-04T21:30:09.241+0530] {processor.py:183} INFO - Processing /opt/airflow/dags/dag_tle_ingestion_only.py took 0.125 seconds
[2026-02-04T21:30:39.387+0530] {processor.py:161} INFO - Started process (PID=962) to work on /opt/airflow/dags/dag_tle_ingestion_only.py
[2026-02-04T21:30:39.389+0530] {processor.py:830} INFO - Processing file /opt/airflow/dags/dag_tle_ingestion_only.py for tasks to queue
[2026-02-04T21:30:39.390+0530] {logging_mixin.py:188} INFO - [2026-02-04T21:30:39.390+0530] {dagbag.py:538} INFO - Filling up the DagBag from /opt/airflow/dags/dag_tle_ingestion_only.py
[2026-02-04T21:30:39.414+0530] {processor.py:840} INFO - DAG(s) 'tle_data_ingestion' retrieved from /opt/airflow/dags/dag_tle_ingestion_only.py
[2026-02-04T21:30:39.450+0530] {logging_mixin.py:188} INFO - [2026-02-04T21:30:39.450+0530] {dag.py:3036} INFO - Sync 1 DAGs
[2026-02-04T21:30:39.489+0530] {logging_mixin.py:188} INFO - [2026-02-04T21:30:39.489+0530] {dag.py:3823} INFO - Setting next_dagrun for tle_data_ingestion to 2026-02-04 16:00:00+00:00, run_after=2026-02-04 16:05:00+00:00
[2026-02-04T21:30:39.739+0530] {processor.py:183} INFO - Processing /opt/airflow/dags/dag_tle_ingestion_only.py took 0.356 seconds
[2026-02-04T21:31:09.903+0530] {processor.py:161} INFO - Started process (PID=967) to work on /opt/airflow/dags/dag_tle_ingestion_only.py
[2026-02-04T21:31:09.905+0530] {processor.py:830} INFO - Processing file /opt/airflow/dags/dag_tle_ingestion_only.py for tasks to queue
[2026-02-04T21:31:09.906+0530] {logging_mixin.py:188} INFO - [2026-02-04T21:31:09.906+0530] {dagbag.py:538} INFO - Filling up the DagBag from /opt/airflow/dags/dag_tle_ingestion_only.py
[2026-02-04T21:31:09.942+0530] {processor.py:840} INFO - DAG(s) 'tle_data_ingestion' retrieved from /opt/airflow/dags/dag_tle_ingestion_only.py
[2026-02-04T21:31:09.998+0530] {logging_mixin.py:188} INFO - [2026-02-04T21:31:09.998+0530] {dag.py:3036} INFO - Sync 1 DAGs
[2026-02-04T21:31:10.319+0530] {logging_mixin.py:188} INFO - [2026-02-04T21:31:10.319+0530] {dag.py:3823} INFO - Setting next_dagrun for tle_data_ingestion to 2026-02-04 16:00:00+00:00, run_after=2026-02-04 16:05:00+00:00
[2026-02-04T21:31:10.351+0530] {processor.py:183} INFO - Processing /opt/airflow/dags/dag_tle_ingestion_only.py took 0.454 seconds
[2026-02-04T21:31:40.519+0530] {processor.py:161} INFO - Started process (PID=972) to work on /opt/airflow/dags/dag_tle_ingestion_only.py
[2026-02-04T21:31:40.532+0530] {processor.py:830} INFO - Processing file /opt/airflow/dags/dag_tle_ingestion_only.py for tasks to queue
[2026-02-04T21:31:40.534+0530] {logging_mixin.py:188} INFO - [2026-02-04T21:31:40.533+0530] {dagbag.py:538} INFO - Filling up the DagBag from /opt/airflow/dags/dag_tle_ingestion_only.py
[2026-02-04T21:31:40.570+0530] {processor.py:840} INFO - DAG(s) 'tle_data_ingestion' retrieved from /opt/airflow/dags/dag_tle_ingestion_only.py
[2026-02-04T21:31:40.615+0530] {logging_mixin.py:188} INFO - [2026-02-04T21:31:40.615+0530] {dag.py:3036} INFO - Sync 1 DAGs
[2026-02-04T21:31:40.664+0530] {logging_mixin.py:188} INFO - [2026-02-04T21:31:40.664+0530] {dag.py:3823} INFO - Setting next_dagrun for tle_data_ingestion to 2026-02-04 16:00:00+00:00, run_after=2026-02-04 16:05:00+00:00
[2026-02-04T21:31:40.720+0530] {processor.py:183} INFO - Processing /opt/airflow/dags/dag_tle_ingestion_only.py took 0.207 seconds
[2026-02-04T21:32:10.867+0530] {processor.py:161} INFO - Started process (PID=977) to work on /opt/airflow/dags/dag_tle_ingestion_only.py
[2026-02-04T21:32:10.899+0530] {processor.py:830} INFO - Processing file /opt/airflow/dags/dag_tle_ingestion_only.py for tasks to queue
[2026-02-04T21:32:10.900+0530] {logging_mixin.py:188} INFO - [2026-02-04T21:32:10.899+0530] {dagbag.py:538} INFO - Filling up the DagBag from /opt/airflow/dags/dag_tle_ingestion_only.py
[2026-02-04T21:32:10.924+0530] {processor.py:840} INFO - DAG(s) 'tle_data_ingestion' retrieved from /opt/airflow/dags/dag_tle_ingestion_only.py
[2026-02-04T21:32:10.961+0530] {logging_mixin.py:188} INFO - [2026-02-04T21:32:10.961+0530] {dag.py:3036} INFO - Sync 1 DAGs
[2026-02-04T21:32:10.994+0530] {logging_mixin.py:188} INFO - [2026-02-04T21:32:10.994+0530] {dag.py:3823} INFO - Setting next_dagrun for tle_data_ingestion to 2026-02-04 16:00:00+00:00, run_after=2026-02-04 16:05:00+00:00
[2026-02-04T21:32:11.236+0530] {processor.py:183} INFO - Processing /opt/airflow/dags/dag_tle_ingestion_only.py took 0.373 seconds
[2026-02-04T21:32:41.366+0530] {processor.py:161} INFO - Started process (PID=982) to work on /opt/airflow/dags/dag_tle_ingestion_only.py
[2026-02-04T21:32:41.367+0530] {processor.py:830} INFO - Processing file /opt/airflow/dags/dag_tle_ingestion_only.py for tasks to queue
[2026-02-04T21:32:41.368+0530] {logging_mixin.py:188} INFO - [2026-02-04T21:32:41.367+0530] {dagbag.py:538} INFO - Filling up the DagBag from /opt/airflow/dags/dag_tle_ingestion_only.py
[2026-02-04T21:32:41.391+0530] {processor.py:840} INFO - DAG(s) 'tle_data_ingestion' retrieved from /opt/airflow/dags/dag_tle_ingestion_only.py
[2026-02-04T21:32:41.427+0530] {logging_mixin.py:188} INFO - [2026-02-04T21:32:41.427+0530] {dag.py:3036} INFO - Sync 1 DAGs
[2026-02-04T21:32:41.775+0530] {logging_mixin.py:188} INFO - [2026-02-04T21:32:41.775+0530] {dag.py:3823} INFO - Setting next_dagrun for tle_data_ingestion to 2026-02-04 16:00:00+00:00, run_after=2026-02-04 16:05:00+00:00
[2026-02-04T21:32:41.794+0530] {processor.py:183} INFO - Processing /opt/airflow/dags/dag_tle_ingestion_only.py took 0.433 seconds
[2026-02-04T21:33:11.966+0530] {processor.py:161} INFO - Started process (PID=987) to work on /opt/airflow/dags/dag_tle_ingestion_only.py
[2026-02-04T21:33:11.983+0530] {processor.py:830} INFO - Processing file /opt/airflow/dags/dag_tle_ingestion_only.py for tasks to queue
[2026-02-04T21:33:11.985+0530] {logging_mixin.py:188} INFO - [2026-02-04T21:33:11.984+0530] {dagbag.py:538} INFO - Filling up the DagBag from /opt/airflow/dags/dag_tle_ingestion_only.py
[2026-02-04T21:33:12.289+0530] {processor.py:840} INFO - DAG(s) 'tle_data_ingestion' retrieved from /opt/airflow/dags/dag_tle_ingestion_only.py
[2026-02-04T21:33:12.318+0530] {logging_mixin.py:188} INFO - [2026-02-04T21:33:12.318+0530] {dag.py:3036} INFO - Sync 1 DAGs
[2026-02-04T21:33:12.357+0530] {logging_mixin.py:188} INFO - [2026-02-04T21:33:12.357+0530] {dag.py:3823} INFO - Setting next_dagrun for tle_data_ingestion to 2026-02-04 16:00:00+00:00, run_after=2026-02-04 16:05:00+00:00
[2026-02-04T21:33:12.379+0530] {processor.py:183} INFO - Processing /opt/airflow/dags/dag_tle_ingestion_only.py took 0.420 seconds
[2026-02-04T21:33:42.666+0530] {processor.py:161} INFO - Started process (PID=992) to work on /opt/airflow/dags/dag_tle_ingestion_only.py
[2026-02-04T21:33:42.688+0530] {processor.py:830} INFO - Processing file /opt/airflow/dags/dag_tle_ingestion_only.py for tasks to queue
[2026-02-04T21:33:42.689+0530] {logging_mixin.py:188} INFO - [2026-02-04T21:33:42.688+0530] {dagbag.py:538} INFO - Filling up the DagBag from /opt/airflow/dags/dag_tle_ingestion_only.py
[2026-02-04T21:33:42.721+0530] {processor.py:840} INFO - DAG(s) 'tle_data_ingestion' retrieved from /opt/airflow/dags/dag_tle_ingestion_only.py
[2026-02-04T21:33:42.760+0530] {logging_mixin.py:188} INFO - [2026-02-04T21:33:42.760+0530] {dag.py:3036} INFO - Sync 1 DAGs
[2026-02-04T21:33:42.792+0530] {logging_mixin.py:188} INFO - [2026-02-04T21:33:42.792+0530] {dag.py:3823} INFO - Setting next_dagrun for tle_data_ingestion to 2026-02-04 16:00:00+00:00, run_after=2026-02-04 16:05:00+00:00
[2026-02-04T21:33:42.830+0530] {processor.py:183} INFO - Processing /opt/airflow/dags/dag_tle_ingestion_only.py took 0.167 seconds
[2026-02-04T21:34:12.958+0530] {processor.py:161} INFO - Started process (PID=997) to work on /opt/airflow/dags/dag_tle_ingestion_only.py
[2026-02-04T21:34:12.981+0530] {processor.py:830} INFO - Processing file /opt/airflow/dags/dag_tle_ingestion_only.py for tasks to queue
[2026-02-04T21:34:12.983+0530] {logging_mixin.py:188} INFO - [2026-02-04T21:34:12.982+0530] {dagbag.py:538} INFO - Filling up the DagBag from /opt/airflow/dags/dag_tle_ingestion_only.py
[2026-02-04T21:34:13.014+0530] {processor.py:840} INFO - DAG(s) 'tle_data_ingestion' retrieved from /opt/airflow/dags/dag_tle_ingestion_only.py
[2026-02-04T21:34:13.066+0530] {logging_mixin.py:188} INFO - [2026-02-04T21:34:13.066+0530] {dag.py:3036} INFO - Sync 1 DAGs
[2026-02-04T21:34:13.106+0530] {logging_mixin.py:188} INFO - [2026-02-04T21:34:13.106+0530] {dag.py:3823} INFO - Setting next_dagrun for tle_data_ingestion to 2026-02-04 16:00:00+00:00, run_after=2026-02-04 16:05:00+00:00
[2026-02-04T21:34:13.129+0530] {processor.py:183} INFO - Processing /opt/airflow/dags/dag_tle_ingestion_only.py took 0.175 seconds
[2026-02-04T21:34:43.274+0530] {processor.py:161} INFO - Started process (PID=1002) to work on /opt/airflow/dags/dag_tle_ingestion_only.py
[2026-02-04T21:34:43.317+0530] {processor.py:830} INFO - Processing file /opt/airflow/dags/dag_tle_ingestion_only.py for tasks to queue
[2026-02-04T21:34:43.319+0530] {logging_mixin.py:188} INFO - [2026-02-04T21:34:43.318+0530] {dagbag.py:538} INFO - Filling up the DagBag from /opt/airflow/dags/dag_tle_ingestion_only.py
[2026-02-04T21:34:43.350+0530] {processor.py:840} INFO - DAG(s) 'tle_data_ingestion' retrieved from /opt/airflow/dags/dag_tle_ingestion_only.py
[2026-02-04T21:34:43.397+0530] {logging_mixin.py:188} INFO - [2026-02-04T21:34:43.397+0530] {dag.py:3036} INFO - Sync 1 DAGs
[2026-02-04T21:34:43.439+0530] {logging_mixin.py:188} INFO - [2026-02-04T21:34:43.439+0530] {dag.py:3823} INFO - Setting next_dagrun for tle_data_ingestion to 2026-02-04 16:00:00+00:00, run_after=2026-02-04 16:05:00+00:00
[2026-02-04T21:34:43.482+0530] {processor.py:183} INFO - Processing /opt/airflow/dags/dag_tle_ingestion_only.py took 0.211 seconds
[2026-02-04T21:35:13.612+0530] {processor.py:161} INFO - Started process (PID=1014) to work on /opt/airflow/dags/dag_tle_ingestion_only.py
[2026-02-04T21:35:13.622+0530] {processor.py:830} INFO - Processing file /opt/airflow/dags/dag_tle_ingestion_only.py for tasks to queue
[2026-02-04T21:35:13.623+0530] {logging_mixin.py:188} INFO - [2026-02-04T21:35:13.622+0530] {dagbag.py:538} INFO - Filling up the DagBag from /opt/airflow/dags/dag_tle_ingestion_only.py
[2026-02-04T21:35:13.646+0530] {processor.py:840} INFO - DAG(s) 'tle_data_ingestion' retrieved from /opt/airflow/dags/dag_tle_ingestion_only.py
[2026-02-04T21:35:13.691+0530] {logging_mixin.py:188} INFO - [2026-02-04T21:35:13.691+0530] {dag.py:3036} INFO - Sync 1 DAGs
[2026-02-04T21:35:13.773+0530] {processor.py:183} INFO - Processing /opt/airflow/dags/dag_tle_ingestion_only.py took 0.164 seconds
[2026-02-04T21:35:43.906+0530] {processor.py:161} INFO - Started process (PID=1019) to work on /opt/airflow/dags/dag_tle_ingestion_only.py
[2026-02-04T21:35:43.914+0530] {processor.py:830} INFO - Processing file /opt/airflow/dags/dag_tle_ingestion_only.py for tasks to queue
[2026-02-04T21:35:43.916+0530] {logging_mixin.py:188} INFO - [2026-02-04T21:35:43.915+0530] {dagbag.py:538} INFO - Filling up the DagBag from /opt/airflow/dags/dag_tle_ingestion_only.py
[2026-02-04T21:35:43.938+0530] {processor.py:840} INFO - DAG(s) 'tle_data_ingestion' retrieved from /opt/airflow/dags/dag_tle_ingestion_only.py
[2026-02-04T21:35:43.980+0530] {logging_mixin.py:188} INFO - [2026-02-04T21:35:43.980+0530] {dag.py:3036} INFO - Sync 1 DAGs
[2026-02-04T21:35:44.059+0530] {processor.py:183} INFO - Processing /opt/airflow/dags/dag_tle_ingestion_only.py took 0.158 seconds
[2026-02-04T21:36:14.201+0530] {processor.py:161} INFO - Started process (PID=1024) to work on /opt/airflow/dags/dag_tle_ingestion_only.py
[2026-02-04T21:36:14.203+0530] {processor.py:830} INFO - Processing file /opt/airflow/dags/dag_tle_ingestion_only.py for tasks to queue
[2026-02-04T21:36:14.205+0530] {logging_mixin.py:188} INFO - [2026-02-04T21:36:14.204+0530] {dagbag.py:538} INFO - Filling up the DagBag from /opt/airflow/dags/dag_tle_ingestion_only.py
[2026-02-04T21:36:14.265+0530] {processor.py:840} INFO - DAG(s) 'tle_data_ingestion' retrieved from /opt/airflow/dags/dag_tle_ingestion_only.py
[2026-02-04T21:36:14.408+0530] {logging_mixin.py:188} INFO - [2026-02-04T21:36:14.408+0530] {dag.py:3036} INFO - Sync 1 DAGs
[2026-02-04T21:36:14.485+0530] {processor.py:183} INFO - Processing /opt/airflow/dags/dag_tle_ingestion_only.py took 0.292 seconds
[2026-02-04T21:36:44.632+0530] {processor.py:161} INFO - Started process (PID=1029) to work on /opt/airflow/dags/dag_tle_ingestion_only.py
[2026-02-04T21:36:44.633+0530] {processor.py:830} INFO - Processing file /opt/airflow/dags/dag_tle_ingestion_only.py for tasks to queue
[2026-02-04T21:36:44.634+0530] {logging_mixin.py:188} INFO - [2026-02-04T21:36:44.634+0530] {dagbag.py:538} INFO - Filling up the DagBag from /opt/airflow/dags/dag_tle_ingestion_only.py
[2026-02-04T21:36:44.671+0530] {processor.py:840} INFO - DAG(s) 'tle_data_ingestion' retrieved from /opt/airflow/dags/dag_tle_ingestion_only.py
[2026-02-04T21:36:44.708+0530] {logging_mixin.py:188} INFO - [2026-02-04T21:36:44.707+0530] {dag.py:3036} INFO - Sync 1 DAGs
[2026-02-04T21:36:44.773+0530] {processor.py:183} INFO - Processing /opt/airflow/dags/dag_tle_ingestion_only.py took 0.147 seconds
[2026-02-04T21:37:14.912+0530] {processor.py:161} INFO - Started process (PID=1034) to work on /opt/airflow/dags/dag_tle_ingestion_only.py
[2026-02-04T21:37:14.912+0530] {processor.py:830} INFO - Processing file /opt/airflow/dags/dag_tle_ingestion_only.py for tasks to queue
[2026-02-04T21:37:14.913+0530] {logging_mixin.py:188} INFO - [2026-02-04T21:37:14.913+0530] {dagbag.py:538} INFO - Filling up the DagBag from /opt/airflow/dags/dag_tle_ingestion_only.py
[2026-02-04T21:37:14.945+0530] {processor.py:840} INFO - DAG(s) 'tle_data_ingestion' retrieved from /opt/airflow/dags/dag_tle_ingestion_only.py
[2026-02-04T21:37:14.981+0530] {logging_mixin.py:188} INFO - [2026-02-04T21:37:14.980+0530] {dag.py:3036} INFO - Sync 1 DAGs
[2026-02-04T21:37:15.032+0530] {processor.py:183} INFO - Processing /opt/airflow/dags/dag_tle_ingestion_only.py took 0.124 seconds
[2026-02-04T21:37:45.162+0530] {processor.py:161} INFO - Started process (PID=1039) to work on /opt/airflow/dags/dag_tle_ingestion_only.py
[2026-02-04T21:37:45.164+0530] {processor.py:830} INFO - Processing file /opt/airflow/dags/dag_tle_ingestion_only.py for tasks to queue
[2026-02-04T21:37:45.165+0530] {logging_mixin.py:188} INFO - [2026-02-04T21:37:45.164+0530] {dagbag.py:538} INFO - Filling up the DagBag from /opt/airflow/dags/dag_tle_ingestion_only.py
[2026-02-04T21:37:45.197+0530] {processor.py:840} INFO - DAG(s) 'tle_data_ingestion' retrieved from /opt/airflow/dags/dag_tle_ingestion_only.py
[2026-02-04T21:37:45.235+0530] {logging_mixin.py:188} INFO - [2026-02-04T21:37:45.235+0530] {dag.py:3036} INFO - Sync 1 DAGs
[2026-02-04T21:37:45.290+0530] {processor.py:183} INFO - Processing /opt/airflow/dags/dag_tle_ingestion_only.py took 0.132 seconds
[2026-02-04T21:38:15.425+0530] {processor.py:161} INFO - Started process (PID=1044) to work on /opt/airflow/dags/dag_tle_ingestion_only.py
[2026-02-04T21:38:15.426+0530] {processor.py:830} INFO - Processing file /opt/airflow/dags/dag_tle_ingestion_only.py for tasks to queue
[2026-02-04T21:38:15.427+0530] {logging_mixin.py:188} INFO - [2026-02-04T21:38:15.427+0530] {dagbag.py:538} INFO - Filling up the DagBag from /opt/airflow/dags/dag_tle_ingestion_only.py
[2026-02-04T21:38:15.468+0530] {processor.py:840} INFO - DAG(s) 'tle_data_ingestion' retrieved from /opt/airflow/dags/dag_tle_ingestion_only.py
[2026-02-04T21:38:15.516+0530] {logging_mixin.py:188} INFO - [2026-02-04T21:38:15.515+0530] {dag.py:3036} INFO - Sync 1 DAGs
[2026-02-04T21:38:15.586+0530] {processor.py:183} INFO - Processing /opt/airflow/dags/dag_tle_ingestion_only.py took 0.165 seconds
[2026-02-04T21:38:45.726+0530] {processor.py:161} INFO - Started process (PID=1049) to work on /opt/airflow/dags/dag_tle_ingestion_only.py
[2026-02-04T21:38:45.727+0530] {processor.py:830} INFO - Processing file /opt/airflow/dags/dag_tle_ingestion_only.py for tasks to queue
[2026-02-04T21:38:45.729+0530] {logging_mixin.py:188} INFO - [2026-02-04T21:38:45.728+0530] {dagbag.py:538} INFO - Filling up the DagBag from /opt/airflow/dags/dag_tle_ingestion_only.py
[2026-02-04T21:38:45.774+0530] {processor.py:840} INFO - DAG(s) 'tle_data_ingestion' retrieved from /opt/airflow/dags/dag_tle_ingestion_only.py
[2026-02-04T21:38:45.821+0530] {logging_mixin.py:188} INFO - [2026-02-04T21:38:45.820+0530] {dag.py:3036} INFO - Sync 1 DAGs
[2026-02-04T21:38:45.929+0530] {processor.py:183} INFO - Processing /opt/airflow/dags/dag_tle_ingestion_only.py took 0.209 seconds
[2026-02-04T21:39:16.138+0530] {processor.py:161} INFO - Started process (PID=1054) to work on /opt/airflow/dags/dag_tle_ingestion_only.py
[2026-02-04T21:39:16.139+0530] {processor.py:830} INFO - Processing file /opt/airflow/dags/dag_tle_ingestion_only.py for tasks to queue
[2026-02-04T21:39:16.141+0530] {logging_mixin.py:188} INFO - [2026-02-04T21:39:16.140+0530] {dagbag.py:538} INFO - Filling up the DagBag from /opt/airflow/dags/dag_tle_ingestion_only.py
[2026-02-04T21:39:16.175+0530] {processor.py:840} INFO - DAG(s) 'tle_data_ingestion' retrieved from /opt/airflow/dags/dag_tle_ingestion_only.py
[2026-02-04T21:39:16.215+0530] {logging_mixin.py:188} INFO - [2026-02-04T21:39:16.214+0530] {dag.py:3036} INFO - Sync 1 DAGs
[2026-02-04T21:39:16.270+0530] {processor.py:183} INFO - Processing /opt/airflow/dags/dag_tle_ingestion_only.py took 0.139 seconds
[2026-02-04T21:39:46.406+0530] {processor.py:161} INFO - Started process (PID=1059) to work on /opt/airflow/dags/dag_tle_ingestion_only.py
[2026-02-04T21:39:46.407+0530] {processor.py:830} INFO - Processing file /opt/airflow/dags/dag_tle_ingestion_only.py for tasks to queue
[2026-02-04T21:39:46.408+0530] {logging_mixin.py:188} INFO - [2026-02-04T21:39:46.407+0530] {dagbag.py:538} INFO - Filling up the DagBag from /opt/airflow/dags/dag_tle_ingestion_only.py
[2026-02-04T21:39:46.442+0530] {processor.py:840} INFO - DAG(s) 'tle_data_ingestion' retrieved from /opt/airflow/dags/dag_tle_ingestion_only.py
[2026-02-04T21:39:46.476+0530] {logging_mixin.py:188} INFO - [2026-02-04T21:39:46.476+0530] {dag.py:3036} INFO - Sync 1 DAGs
[2026-02-04T21:39:46.527+0530] {processor.py:183} INFO - Processing /opt/airflow/dags/dag_tle_ingestion_only.py took 0.126 seconds
[2026-02-04T21:40:16.654+0530] {processor.py:161} INFO - Started process (PID=1064) to work on /opt/airflow/dags/dag_tle_ingestion_only.py
[2026-02-04T21:40:16.655+0530] {processor.py:830} INFO - Processing file /opt/airflow/dags/dag_tle_ingestion_only.py for tasks to queue
[2026-02-04T21:40:16.656+0530] {logging_mixin.py:188} INFO - [2026-02-04T21:40:16.656+0530] {dagbag.py:538} INFO - Filling up the DagBag from /opt/airflow/dags/dag_tle_ingestion_only.py
[2026-02-04T21:40:16.680+0530] {processor.py:840} INFO - DAG(s) 'tle_data_ingestion' retrieved from /opt/airflow/dags/dag_tle_ingestion_only.py
[2026-02-04T21:40:16.714+0530] {logging_mixin.py:188} INFO - [2026-02-04T21:40:16.714+0530] {dag.py:3036} INFO - Sync 1 DAGs
[2026-02-04T21:40:16.771+0530] {processor.py:183} INFO - Processing /opt/airflow/dags/dag_tle_ingestion_only.py took 0.120 seconds
[2026-02-04T21:40:46.918+0530] {processor.py:161} INFO - Started process (PID=1069) to work on /opt/airflow/dags/dag_tle_ingestion_only.py
[2026-02-04T21:40:46.919+0530] {processor.py:830} INFO - Processing file /opt/airflow/dags/dag_tle_ingestion_only.py for tasks to queue
[2026-02-04T21:40:46.921+0530] {logging_mixin.py:188} INFO - [2026-02-04T21:40:46.920+0530] {dagbag.py:538} INFO - Filling up the DagBag from /opt/airflow/dags/dag_tle_ingestion_only.py
[2026-02-04T21:40:46.951+0530] {processor.py:840} INFO - DAG(s) 'tle_data_ingestion' retrieved from /opt/airflow/dags/dag_tle_ingestion_only.py
[2026-02-04T21:40:46.995+0530] {logging_mixin.py:188} INFO - [2026-02-04T21:40:46.995+0530] {dag.py:3036} INFO - Sync 1 DAGs
[2026-02-04T21:40:47.057+0530] {processor.py:183} INFO - Processing /opt/airflow/dags/dag_tle_ingestion_only.py took 0.145 seconds
[2026-02-04T21:41:17.197+0530] {processor.py:161} INFO - Started process (PID=1074) to work on /opt/airflow/dags/dag_tle_ingestion_only.py
[2026-02-04T21:41:17.198+0530] {processor.py:830} INFO - Processing file /opt/airflow/dags/dag_tle_ingestion_only.py for tasks to queue
[2026-02-04T21:41:17.200+0530] {logging_mixin.py:188} INFO - [2026-02-04T21:41:17.199+0530] {dagbag.py:538} INFO - Filling up the DagBag from /opt/airflow/dags/dag_tle_ingestion_only.py
[2026-02-04T21:41:17.266+0530] {processor.py:840} INFO - DAG(s) 'tle_data_ingestion' retrieved from /opt/airflow/dags/dag_tle_ingestion_only.py
[2026-02-04T21:41:17.328+0530] {logging_mixin.py:188} INFO - [2026-02-04T21:41:17.327+0530] {dag.py:3036} INFO - Sync 1 DAGs
[2026-02-04T21:41:17.410+0530] {processor.py:183} INFO - Processing /opt/airflow/dags/dag_tle_ingestion_only.py took 0.221 seconds
[2026-02-04T21:41:52.709+0530] {processor.py:161} INFO - Started process (PID=191) to work on /opt/airflow/dags/dag_tle_ingestion_only.py
[2026-02-04T21:41:52.710+0530] {processor.py:830} INFO - Processing file /opt/airflow/dags/dag_tle_ingestion_only.py for tasks to queue
[2026-02-04T21:41:52.710+0530] {logging_mixin.py:188} INFO - [2026-02-04T21:41:52.710+0530] {dagbag.py:538} INFO - Filling up the DagBag from /opt/airflow/dags/dag_tle_ingestion_only.py
[2026-02-04T21:41:52.727+0530] {processor.py:840} INFO - DAG(s) 'tle_data_ingestion' retrieved from /opt/airflow/dags/dag_tle_ingestion_only.py
[2026-02-04T21:41:52.849+0530] {logging_mixin.py:188} INFO - [2026-02-04T21:41:52.849+0530] {dag.py:3036} INFO - Sync 1 DAGs
[2026-02-04T21:41:52.889+0530] {processor.py:183} INFO - Processing /opt/airflow/dags/dag_tle_ingestion_only.py took 0.182 seconds
[2026-02-04T21:42:23.027+0530] {processor.py:161} INFO - Started process (PID=209) to work on /opt/airflow/dags/dag_tle_ingestion_only.py
[2026-02-04T21:42:23.029+0530] {processor.py:830} INFO - Processing file /opt/airflow/dags/dag_tle_ingestion_only.py for tasks to queue
[2026-02-04T21:42:23.030+0530] {logging_mixin.py:188} INFO - [2026-02-04T21:42:23.029+0530] {dagbag.py:538} INFO - Filling up the DagBag from /opt/airflow/dags/dag_tle_ingestion_only.py
[2026-02-04T21:42:23.061+0530] {processor.py:840} INFO - DAG(s) 'tle_data_ingestion' retrieved from /opt/airflow/dags/dag_tle_ingestion_only.py
[2026-02-04T21:42:23.100+0530] {logging_mixin.py:188} INFO - [2026-02-04T21:42:23.100+0530] {dag.py:3036} INFO - Sync 1 DAGs
[2026-02-04T21:42:23.139+0530] {logging_mixin.py:188} INFO - [2026-02-04T21:42:23.138+0530] {dag.py:3823} INFO - Setting next_dagrun for tle_data_ingestion to 2026-02-04 16:10:00+00:00, run_after=2026-02-04 16:15:00+00:00
[2026-02-04T21:42:23.163+0530] {processor.py:183} INFO - Processing /opt/airflow/dags/dag_tle_ingestion_only.py took 0.141 seconds
[2026-02-04T21:42:53.321+0530] {processor.py:161} INFO - Started process (PID=214) to work on /opt/airflow/dags/dag_tle_ingestion_only.py
[2026-02-04T21:42:53.324+0530] {processor.py:830} INFO - Processing file /opt/airflow/dags/dag_tle_ingestion_only.py for tasks to queue
[2026-02-04T21:42:53.325+0530] {logging_mixin.py:188} INFO - [2026-02-04T21:42:53.324+0530] {dagbag.py:538} INFO - Filling up the DagBag from /opt/airflow/dags/dag_tle_ingestion_only.py
[2026-02-04T21:42:53.356+0530] {processor.py:840} INFO - DAG(s) 'tle_data_ingestion' retrieved from /opt/airflow/dags/dag_tle_ingestion_only.py
[2026-02-04T21:42:53.542+0530] {logging_mixin.py:188} INFO - [2026-02-04T21:42:53.541+0530] {dag.py:3036} INFO - Sync 1 DAGs
[2026-02-04T21:42:53.579+0530] {logging_mixin.py:188} INFO - [2026-02-04T21:42:53.579+0530] {dag.py:3823} INFO - Setting next_dagrun for tle_data_ingestion to 2026-02-04 16:10:00+00:00, run_after=2026-02-04 16:15:00+00:00
[2026-02-04T21:42:53.598+0530] {processor.py:183} INFO - Processing /opt/airflow/dags/dag_tle_ingestion_only.py took 0.283 seconds
[2026-02-04T21:43:23.733+0530] {processor.py:161} INFO - Started process (PID=219) to work on /opt/airflow/dags/dag_tle_ingestion_only.py
[2026-02-04T21:43:23.734+0530] {processor.py:830} INFO - Processing file /opt/airflow/dags/dag_tle_ingestion_only.py for tasks to queue
[2026-02-04T21:43:23.735+0530] {logging_mixin.py:188} INFO - [2026-02-04T21:43:23.735+0530] {dagbag.py:538} INFO - Filling up the DagBag from /opt/airflow/dags/dag_tle_ingestion_only.py
[2026-02-04T21:43:23.757+0530] {processor.py:840} INFO - DAG(s) 'tle_data_ingestion' retrieved from /opt/airflow/dags/dag_tle_ingestion_only.py
[2026-02-04T21:43:23.795+0530] {logging_mixin.py:188} INFO - [2026-02-04T21:43:23.794+0530] {dag.py:3036} INFO - Sync 1 DAGs
[2026-02-04T21:43:23.839+0530] {logging_mixin.py:188} INFO - [2026-02-04T21:43:23.839+0530] {dag.py:3823} INFO - Setting next_dagrun for tle_data_ingestion to 2026-02-04 16:10:00+00:00, run_after=2026-02-04 16:15:00+00:00
[2026-02-04T21:43:23.877+0530] {processor.py:183} INFO - Processing /opt/airflow/dags/dag_tle_ingestion_only.py took 0.147 seconds
[2026-02-04T21:43:54.026+0530] {processor.py:161} INFO - Started process (PID=224) to work on /opt/airflow/dags/dag_tle_ingestion_only.py
[2026-02-04T21:43:54.030+0530] {processor.py:830} INFO - Processing file /opt/airflow/dags/dag_tle_ingestion_only.py for tasks to queue
[2026-02-04T21:43:54.032+0530] {logging_mixin.py:188} INFO - [2026-02-04T21:43:54.031+0530] {dagbag.py:538} INFO - Filling up the DagBag from /opt/airflow/dags/dag_tle_ingestion_only.py
[2026-02-04T21:43:54.079+0530] {processor.py:840} INFO - DAG(s) 'tle_data_ingestion' retrieved from /opt/airflow/dags/dag_tle_ingestion_only.py
[2026-02-04T21:43:54.120+0530] {logging_mixin.py:188} INFO - [2026-02-04T21:43:54.119+0530] {dag.py:3036} INFO - Sync 1 DAGs
[2026-02-04T21:43:54.159+0530] {logging_mixin.py:188} INFO - [2026-02-04T21:43:54.158+0530] {dag.py:3823} INFO - Setting next_dagrun for tle_data_ingestion to 2026-02-04 16:10:00+00:00, run_after=2026-02-04 16:15:00+00:00
[2026-02-04T21:43:54.184+0530] {processor.py:183} INFO - Processing /opt/airflow/dags/dag_tle_ingestion_only.py took 0.163 seconds
[2026-02-04T21:44:24.324+0530] {processor.py:161} INFO - Started process (PID=229) to work on /opt/airflow/dags/dag_tle_ingestion_only.py
[2026-02-04T21:44:24.327+0530] {processor.py:830} INFO - Processing file /opt/airflow/dags/dag_tle_ingestion_only.py for tasks to queue
[2026-02-04T21:44:24.329+0530] {logging_mixin.py:188} INFO - [2026-02-04T21:44:24.329+0530] {dagbag.py:538} INFO - Filling up the DagBag from /opt/airflow/dags/dag_tle_ingestion_only.py
[2026-02-04T21:44:24.382+0530] {processor.py:840} INFO - DAG(s) 'tle_data_ingestion' retrieved from /opt/airflow/dags/dag_tle_ingestion_only.py
[2026-02-04T21:44:24.447+0530] {logging_mixin.py:188} INFO - [2026-02-04T21:44:24.446+0530] {dag.py:3036} INFO - Sync 1 DAGs
[2026-02-04T21:44:24.489+0530] {logging_mixin.py:188} INFO - [2026-02-04T21:44:24.489+0530] {dag.py:3823} INFO - Setting next_dagrun for tle_data_ingestion to 2026-02-04 16:10:00+00:00, run_after=2026-02-04 16:15:00+00:00
[2026-02-04T21:44:24.520+0530] {processor.py:183} INFO - Processing /opt/airflow/dags/dag_tle_ingestion_only.py took 0.204 seconds
[2026-02-04T21:44:54.657+0530] {processor.py:161} INFO - Started process (PID=267) to work on /opt/airflow/dags/dag_tle_ingestion_only.py
[2026-02-04T21:44:54.659+0530] {processor.py:830} INFO - Processing file /opt/airflow/dags/dag_tle_ingestion_only.py for tasks to queue
[2026-02-04T21:44:54.660+0530] {logging_mixin.py:188} INFO - [2026-02-04T21:44:54.659+0530] {dagbag.py:538} INFO - Filling up the DagBag from /opt/airflow/dags/dag_tle_ingestion_only.py
[2026-02-04T21:44:54.688+0530] {processor.py:840} INFO - DAG(s) 'tle_data_ingestion' retrieved from /opt/airflow/dags/dag_tle_ingestion_only.py
[2026-02-04T21:44:54.727+0530] {logging_mixin.py:188} INFO - [2026-02-04T21:44:54.727+0530] {dag.py:3036} INFO - Sync 1 DAGs
[2026-02-04T21:44:54.771+0530] {logging_mixin.py:188} INFO - [2026-02-04T21:44:54.770+0530] {dag.py:3823} INFO - Setting next_dagrun for tle_data_ingestion to 2026-02-04 16:10:00+00:00, run_after=2026-02-04 16:15:00+00:00
[2026-02-04T21:44:54.803+0530] {processor.py:183} INFO - Processing /opt/airflow/dags/dag_tle_ingestion_only.py took 0.150 seconds
[2026-02-04T21:45:24.940+0530] {processor.py:161} INFO - Started process (PID=282) to work on /opt/airflow/dags/dag_tle_ingestion_only.py
[2026-02-04T21:45:24.942+0530] {processor.py:830} INFO - Processing file /opt/airflow/dags/dag_tle_ingestion_only.py for tasks to queue
[2026-02-04T21:45:24.943+0530] {logging_mixin.py:188} INFO - [2026-02-04T21:45:24.943+0530] {dagbag.py:538} INFO - Filling up the DagBag from /opt/airflow/dags/dag_tle_ingestion_only.py
[2026-02-04T21:45:24.972+0530] {processor.py:840} INFO - DAG(s) 'tle_data_ingestion' retrieved from /opt/airflow/dags/dag_tle_ingestion_only.py
[2026-02-04T21:45:25.006+0530] {logging_mixin.py:188} INFO - [2026-02-04T21:45:25.006+0530] {dag.py:3036} INFO - Sync 1 DAGs
[2026-02-04T21:45:25.053+0530] {logging_mixin.py:188} INFO - [2026-02-04T21:45:25.053+0530] {dag.py:3823} INFO - Setting next_dagrun for tle_data_ingestion to 2026-02-04 16:15:00+00:00, run_after=2026-02-04 16:20:00+00:00
[2026-02-04T21:45:25.080+0530] {processor.py:183} INFO - Processing /opt/airflow/dags/dag_tle_ingestion_only.py took 0.144 seconds
[2026-02-04T21:45:55.214+0530] {processor.py:161} INFO - Started process (PID=296) to work on /opt/airflow/dags/dag_tle_ingestion_only.py
[2026-02-04T21:45:55.216+0530] {processor.py:830} INFO - Processing file /opt/airflow/dags/dag_tle_ingestion_only.py for tasks to queue
[2026-02-04T21:45:55.217+0530] {logging_mixin.py:188} INFO - [2026-02-04T21:45:55.217+0530] {dagbag.py:538} INFO - Filling up the DagBag from /opt/airflow/dags/dag_tle_ingestion_only.py
[2026-02-04T21:45:55.245+0530] {processor.py:840} INFO - DAG(s) 'tle_data_ingestion' retrieved from /opt/airflow/dags/dag_tle_ingestion_only.py
[2026-02-04T21:45:55.294+0530] {logging_mixin.py:188} INFO - [2026-02-04T21:45:55.293+0530] {dag.py:3036} INFO - Sync 1 DAGs
[2026-02-04T21:45:55.339+0530] {logging_mixin.py:188} INFO - [2026-02-04T21:45:55.339+0530] {dag.py:3823} INFO - Setting next_dagrun for tle_data_ingestion to 2026-02-04 16:15:00+00:00, run_after=2026-02-04 16:20:00+00:00
[2026-02-04T21:45:55.372+0530] {processor.py:183} INFO - Processing /opt/airflow/dags/dag_tle_ingestion_only.py took 0.162 seconds
[2026-02-04T21:46:25.512+0530] {processor.py:161} INFO - Started process (PID=301) to work on /opt/airflow/dags/dag_tle_ingestion_only.py
[2026-02-04T21:46:25.517+0530] {processor.py:830} INFO - Processing file /opt/airflow/dags/dag_tle_ingestion_only.py for tasks to queue
[2026-02-04T21:46:25.518+0530] {logging_mixin.py:188} INFO - [2026-02-04T21:46:25.518+0530] {dagbag.py:538} INFO - Filling up the DagBag from /opt/airflow/dags/dag_tle_ingestion_only.py
[2026-02-04T21:46:25.550+0530] {processor.py:840} INFO - DAG(s) 'tle_data_ingestion' retrieved from /opt/airflow/dags/dag_tle_ingestion_only.py
[2026-02-04T21:46:25.591+0530] {logging_mixin.py:188} INFO - [2026-02-04T21:46:25.591+0530] {dag.py:3036} INFO - Sync 1 DAGs
[2026-02-04T21:46:25.635+0530] {logging_mixin.py:188} INFO - [2026-02-04T21:46:25.635+0530] {dag.py:3823} INFO - Setting next_dagrun for tle_data_ingestion to 2026-02-04 16:15:00+00:00, run_after=2026-02-04 16:20:00+00:00
[2026-02-04T21:46:25.661+0530] {processor.py:183} INFO - Processing /opt/airflow/dags/dag_tle_ingestion_only.py took 0.154 seconds
[2026-02-04T21:46:55.815+0530] {processor.py:161} INFO - Started process (PID=306) to work on /opt/airflow/dags/dag_tle_ingestion_only.py
[2026-02-04T21:46:55.816+0530] {processor.py:830} INFO - Processing file /opt/airflow/dags/dag_tle_ingestion_only.py for tasks to queue
[2026-02-04T21:46:55.817+0530] {logging_mixin.py:188} INFO - [2026-02-04T21:46:55.817+0530] {dagbag.py:538} INFO - Filling up the DagBag from /opt/airflow/dags/dag_tle_ingestion_only.py
[2026-02-04T21:46:55.834+0530] {processor.py:840} INFO - DAG(s) 'tle_data_ingestion' retrieved from /opt/airflow/dags/dag_tle_ingestion_only.py
[2026-02-04T21:46:55.860+0530] {logging_mixin.py:188} INFO - [2026-02-04T21:46:55.860+0530] {dag.py:3036} INFO - Sync 1 DAGs
[2026-02-04T21:46:55.885+0530] {logging_mixin.py:188} INFO - [2026-02-04T21:46:55.885+0530] {dag.py:3823} INFO - Setting next_dagrun for tle_data_ingestion to 2026-02-04 16:15:00+00:00, run_after=2026-02-04 16:20:00+00:00
[2026-02-04T21:46:55.902+0530] {processor.py:183} INFO - Processing /opt/airflow/dags/dag_tle_ingestion_only.py took 0.090 seconds
[2026-02-04T21:47:25.946+0530] {processor.py:161} INFO - Started process (PID=311) to work on /opt/airflow/dags/dag_tle_ingestion_only.py
[2026-02-04T21:47:25.950+0530] {processor.py:830} INFO - Processing file /opt/airflow/dags/dag_tle_ingestion_only.py for tasks to queue
[2026-02-04T21:47:25.951+0530] {logging_mixin.py:188} INFO - [2026-02-04T21:47:25.951+0530] {dagbag.py:538} INFO - Filling up the DagBag from /opt/airflow/dags/dag_tle_ingestion_only.py
[2026-02-04T21:47:25.982+0530] {processor.py:840} INFO - DAG(s) 'tle_data_ingestion' retrieved from /opt/airflow/dags/dag_tle_ingestion_only.py
[2026-02-04T21:47:26.028+0530] {logging_mixin.py:188} INFO - [2026-02-04T21:47:26.028+0530] {dag.py:3036} INFO - Sync 1 DAGs
[2026-02-04T21:47:26.075+0530] {logging_mixin.py:188} INFO - [2026-02-04T21:47:26.075+0530] {dag.py:3823} INFO - Setting next_dagrun for tle_data_ingestion to 2026-02-04 16:15:00+00:00, run_after=2026-02-04 16:20:00+00:00
[2026-02-04T21:47:26.104+0530] {processor.py:183} INFO - Processing /opt/airflow/dags/dag_tle_ingestion_only.py took 0.163 seconds
[2026-02-04T21:47:56.173+0530] {processor.py:161} INFO - Started process (PID=346) to work on /opt/airflow/dags/dag_tle_ingestion_only.py
[2026-02-04T21:47:56.175+0530] {processor.py:830} INFO - Processing file /opt/airflow/dags/dag_tle_ingestion_only.py for tasks to queue
[2026-02-04T21:47:56.177+0530] {logging_mixin.py:188} INFO - [2026-02-04T21:47:56.176+0530] {dagbag.py:538} INFO - Filling up the DagBag from /opt/airflow/dags/dag_tle_ingestion_only.py
[2026-02-04T21:47:56.237+0530] {processor.py:840} INFO - DAG(s) 'tle_data_ingestion' retrieved from /opt/airflow/dags/dag_tle_ingestion_only.py
[2026-02-04T21:47:56.285+0530] {logging_mixin.py:188} INFO - [2026-02-04T21:47:56.285+0530] {dag.py:3036} INFO - Sync 1 DAGs
[2026-02-04T21:47:56.342+0530] {logging_mixin.py:188} INFO - [2026-02-04T21:47:56.342+0530] {dag.py:3823} INFO - Setting next_dagrun for tle_data_ingestion to 2026-02-04 16:15:00+00:00, run_after=2026-02-04 16:20:00+00:00
[2026-02-04T21:47:56.377+0530] {processor.py:183} INFO - Processing /opt/airflow/dags/dag_tle_ingestion_only.py took 0.214 seconds
[2026-02-04T21:48:26.523+0530] {processor.py:161} INFO - Started process (PID=357) to work on /opt/airflow/dags/dag_tle_ingestion_only.py
[2026-02-04T21:48:26.525+0530] {processor.py:830} INFO - Processing file /opt/airflow/dags/dag_tle_ingestion_only.py for tasks to queue
[2026-02-04T21:48:26.527+0530] {logging_mixin.py:188} INFO - [2026-02-04T21:48:26.526+0530] {dagbag.py:538} INFO - Filling up the DagBag from /opt/airflow/dags/dag_tle_ingestion_only.py
[2026-02-04T21:48:26.570+0530] {processor.py:840} INFO - DAG(s) 'tle_data_ingestion' retrieved from /opt/airflow/dags/dag_tle_ingestion_only.py
[2026-02-04T21:48:26.617+0530] {logging_mixin.py:188} INFO - [2026-02-04T21:48:26.616+0530] {dag.py:3036} INFO - Sync 1 DAGs
[2026-02-04T21:48:26.658+0530] {logging_mixin.py:188} INFO - [2026-02-04T21:48:26.658+0530] {dag.py:3823} INFO - Setting next_dagrun for tle_data_ingestion to 2026-02-04 16:15:00+00:00, run_after=2026-02-04 16:20:00+00:00
[2026-02-04T21:48:26.690+0530] {processor.py:183} INFO - Processing /opt/airflow/dags/dag_tle_ingestion_only.py took 0.175 seconds
[2026-02-04T21:48:56.828+0530] {processor.py:161} INFO - Started process (PID=362) to work on /opt/airflow/dags/dag_tle_ingestion_only.py
[2026-02-04T21:48:56.830+0530] {processor.py:830} INFO - Processing file /opt/airflow/dags/dag_tle_ingestion_only.py for tasks to queue
[2026-02-04T21:48:56.831+0530] {logging_mixin.py:188} INFO - [2026-02-04T21:48:56.831+0530] {dagbag.py:538} INFO - Filling up the DagBag from /opt/airflow/dags/dag_tle_ingestion_only.py
[2026-02-04T21:48:56.856+0530] {processor.py:840} INFO - DAG(s) 'tle_data_ingestion' retrieved from /opt/airflow/dags/dag_tle_ingestion_only.py
[2026-02-04T21:48:56.896+0530] {logging_mixin.py:188} INFO - [2026-02-04T21:48:56.896+0530] {dag.py:3036} INFO - Sync 1 DAGs
[2026-02-04T21:48:56.977+0530] {logging_mixin.py:188} INFO - [2026-02-04T21:48:56.977+0530] {dag.py:3823} INFO - Setting next_dagrun for tle_data_ingestion to 2026-02-04 16:15:00+00:00, run_after=2026-02-04 16:20:00+00:00
[2026-02-04T21:48:57.001+0530] {processor.py:183} INFO - Processing /opt/airflow/dags/dag_tle_ingestion_only.py took 0.178 seconds
[2026-02-04T21:49:27.148+0530] {processor.py:161} INFO - Started process (PID=367) to work on /opt/airflow/dags/dag_tle_ingestion_only.py
[2026-02-04T21:49:27.149+0530] {processor.py:830} INFO - Processing file /opt/airflow/dags/dag_tle_ingestion_only.py for tasks to queue
[2026-02-04T21:49:27.150+0530] {logging_mixin.py:188} INFO - [2026-02-04T21:49:27.149+0530] {dagbag.py:538} INFO - Filling up the DagBag from /opt/airflow/dags/dag_tle_ingestion_only.py
[2026-02-04T21:49:27.173+0530] {processor.py:840} INFO - DAG(s) 'tle_data_ingestion' retrieved from /opt/airflow/dags/dag_tle_ingestion_only.py
[2026-02-04T21:49:27.207+0530] {logging_mixin.py:188} INFO - [2026-02-04T21:49:27.206+0530] {dag.py:3036} INFO - Sync 1 DAGs
[2026-02-04T21:49:27.253+0530] {logging_mixin.py:188} INFO - [2026-02-04T21:49:27.253+0530] {dag.py:3823} INFO - Setting next_dagrun for tle_data_ingestion to 2026-02-04 16:15:00+00:00, run_after=2026-02-04 16:20:00+00:00
[2026-02-04T21:49:27.278+0530] {processor.py:183} INFO - Processing /opt/airflow/dags/dag_tle_ingestion_only.py took 0.134 seconds
[2026-02-04T21:49:57.405+0530] {processor.py:161} INFO - Started process (PID=372) to work on /opt/airflow/dags/dag_tle_ingestion_only.py
[2026-02-04T21:49:57.407+0530] {processor.py:830} INFO - Processing file /opt/airflow/dags/dag_tle_ingestion_only.py for tasks to queue
[2026-02-04T21:49:57.408+0530] {logging_mixin.py:188} INFO - [2026-02-04T21:49:57.407+0530] {dagbag.py:538} INFO - Filling up the DagBag from /opt/airflow/dags/dag_tle_ingestion_only.py
[2026-02-04T21:49:57.436+0530] {processor.py:840} INFO - DAG(s) 'tle_data_ingestion' retrieved from /opt/airflow/dags/dag_tle_ingestion_only.py
[2026-02-04T21:49:57.481+0530] {logging_mixin.py:188} INFO - [2026-02-04T21:49:57.480+0530] {dag.py:3036} INFO - Sync 1 DAGs
[2026-02-04T21:49:57.524+0530] {logging_mixin.py:188} INFO - [2026-02-04T21:49:57.524+0530] {dag.py:3823} INFO - Setting next_dagrun for tle_data_ingestion to 2026-02-04 16:15:00+00:00, run_after=2026-02-04 16:20:00+00:00
[2026-02-04T21:49:57.556+0530] {processor.py:183} INFO - Processing /opt/airflow/dags/dag_tle_ingestion_only.py took 0.155 seconds
[2026-02-04T21:50:27.687+0530] {processor.py:161} INFO - Started process (PID=384) to work on /opt/airflow/dags/dag_tle_ingestion_only.py
[2026-02-04T21:50:27.688+0530] {processor.py:830} INFO - Processing file /opt/airflow/dags/dag_tle_ingestion_only.py for tasks to queue
[2026-02-04T21:50:27.690+0530] {logging_mixin.py:188} INFO - [2026-02-04T21:50:27.689+0530] {dagbag.py:538} INFO - Filling up the DagBag from /opt/airflow/dags/dag_tle_ingestion_only.py
[2026-02-04T21:50:27.726+0530] {processor.py:840} INFO - DAG(s) 'tle_data_ingestion' retrieved from /opt/airflow/dags/dag_tle_ingestion_only.py
[2026-02-04T21:50:27.769+0530] {logging_mixin.py:188} INFO - [2026-02-04T21:50:27.769+0530] {dag.py:3036} INFO - Sync 1 DAGs
[2026-02-04T21:50:27.801+0530] {logging_mixin.py:188} INFO - [2026-02-04T21:50:27.801+0530] {dag.py:3823} INFO - Setting next_dagrun for tle_data_ingestion to 2026-02-04 16:20:00+00:00, run_after=2026-02-04 16:25:00+00:00
[2026-02-04T21:50:27.819+0530] {processor.py:183} INFO - Processing /opt/airflow/dags/dag_tle_ingestion_only.py took 0.139 seconds
[2026-02-04T21:50:57.957+0530] {processor.py:161} INFO - Started process (PID=389) to work on /opt/airflow/dags/dag_tle_ingestion_only.py
[2026-02-04T21:50:57.959+0530] {processor.py:830} INFO - Processing file /opt/airflow/dags/dag_tle_ingestion_only.py for tasks to queue
[2026-02-04T21:50:57.961+0530] {logging_mixin.py:188} INFO - [2026-02-04T21:50:57.960+0530] {dagbag.py:538} INFO - Filling up the DagBag from /opt/airflow/dags/dag_tle_ingestion_only.py
[2026-02-04T21:50:58.018+0530] {processor.py:840} INFO - DAG(s) 'tle_data_ingestion' retrieved from /opt/airflow/dags/dag_tle_ingestion_only.py
[2026-02-04T21:50:58.092+0530] {logging_mixin.py:188} INFO - [2026-02-04T21:50:58.091+0530] {dag.py:3036} INFO - Sync 1 DAGs
[2026-02-04T21:50:58.143+0530] {logging_mixin.py:188} INFO - [2026-02-04T21:50:58.143+0530] {dag.py:3823} INFO - Setting next_dagrun for tle_data_ingestion to 2026-02-04 16:20:00+00:00, run_after=2026-02-04 16:25:00+00:00
[2026-02-04T21:50:58.176+0530] {processor.py:183} INFO - Processing /opt/airflow/dags/dag_tle_ingestion_only.py took 0.226 seconds
[2026-02-04T21:51:28.311+0530] {processor.py:161} INFO - Started process (PID=394) to work on /opt/airflow/dags/dag_tle_ingestion_only.py
[2026-02-04T21:51:28.312+0530] {processor.py:830} INFO - Processing file /opt/airflow/dags/dag_tle_ingestion_only.py for tasks to queue
[2026-02-04T21:51:28.313+0530] {logging_mixin.py:188} INFO - [2026-02-04T21:51:28.312+0530] {dagbag.py:538} INFO - Filling up the DagBag from /opt/airflow/dags/dag_tle_ingestion_only.py
[2026-02-04T21:51:28.357+0530] {processor.py:840} INFO - DAG(s) 'tle_data_ingestion' retrieved from /opt/airflow/dags/dag_tle_ingestion_only.py
[2026-02-04T21:51:28.402+0530] {logging_mixin.py:188} INFO - [2026-02-04T21:51:28.401+0530] {dag.py:3036} INFO - Sync 1 DAGs
[2026-02-04T21:51:28.436+0530] {logging_mixin.py:188} INFO - [2026-02-04T21:51:28.436+0530] {dag.py:3823} INFO - Setting next_dagrun for tle_data_ingestion to 2026-02-04 16:20:00+00:00, run_after=2026-02-04 16:25:00+00:00
[2026-02-04T21:51:28.457+0530] {processor.py:183} INFO - Processing /opt/airflow/dags/dag_tle_ingestion_only.py took 0.154 seconds
[2026-02-04T21:51:58.577+0530] {processor.py:161} INFO - Started process (PID=399) to work on /opt/airflow/dags/dag_tle_ingestion_only.py
[2026-02-04T21:51:58.578+0530] {processor.py:830} INFO - Processing file /opt/airflow/dags/dag_tle_ingestion_only.py for tasks to queue
[2026-02-04T21:51:58.579+0530] {logging_mixin.py:188} INFO - [2026-02-04T21:51:58.579+0530] {dagbag.py:538} INFO - Filling up the DagBag from /opt/airflow/dags/dag_tle_ingestion_only.py
[2026-02-04T21:51:58.617+0530] {processor.py:840} INFO - DAG(s) 'tle_data_ingestion' retrieved from /opt/airflow/dags/dag_tle_ingestion_only.py
[2026-02-04T21:51:58.658+0530] {logging_mixin.py:188} INFO - [2026-02-04T21:51:58.657+0530] {dag.py:3036} INFO - Sync 1 DAGs
[2026-02-04T21:51:58.690+0530] {logging_mixin.py:188} INFO - [2026-02-04T21:51:58.689+0530] {dag.py:3823} INFO - Setting next_dagrun for tle_data_ingestion to 2026-02-04 16:20:00+00:00, run_after=2026-02-04 16:25:00+00:00
[2026-02-04T21:51:58.708+0530] {processor.py:183} INFO - Processing /opt/airflow/dags/dag_tle_ingestion_only.py took 0.137 seconds
[2026-02-04T21:52:28.853+0530] {processor.py:161} INFO - Started process (PID=404) to work on /opt/airflow/dags/dag_tle_ingestion_only.py
[2026-02-04T21:52:28.854+0530] {processor.py:830} INFO - Processing file /opt/airflow/dags/dag_tle_ingestion_only.py for tasks to queue
[2026-02-04T21:52:28.856+0530] {logging_mixin.py:188} INFO - [2026-02-04T21:52:28.855+0530] {dagbag.py:538} INFO - Filling up the DagBag from /opt/airflow/dags/dag_tle_ingestion_only.py
[2026-02-04T21:52:28.916+0530] {processor.py:840} INFO - DAG(s) 'tle_data_ingestion' retrieved from /opt/airflow/dags/dag_tle_ingestion_only.py
[2026-02-04T21:52:28.977+0530] {logging_mixin.py:188} INFO - [2026-02-04T21:52:28.976+0530] {dag.py:3036} INFO - Sync 1 DAGs
[2026-02-04T21:52:29.023+0530] {logging_mixin.py:188} INFO - [2026-02-04T21:52:29.022+0530] {dag.py:3823} INFO - Setting next_dagrun for tle_data_ingestion to 2026-02-04 16:20:00+00:00, run_after=2026-02-04 16:25:00+00:00
[2026-02-04T21:52:29.047+0530] {processor.py:183} INFO - Processing /opt/airflow/dags/dag_tle_ingestion_only.py took 0.206 seconds
[2026-02-04T21:52:59.201+0530] {processor.py:161} INFO - Started process (PID=409) to work on /opt/airflow/dags/dag_tle_ingestion_only.py
[2026-02-04T21:52:59.202+0530] {processor.py:830} INFO - Processing file /opt/airflow/dags/dag_tle_ingestion_only.py for tasks to queue
[2026-02-04T21:52:59.204+0530] {logging_mixin.py:188} INFO - [2026-02-04T21:52:59.203+0530] {dagbag.py:538} INFO - Filling up the DagBag from /opt/airflow/dags/dag_tle_ingestion_only.py
[2026-02-04T21:52:59.285+0530] {processor.py:840} INFO - DAG(s) 'tle_data_ingestion' retrieved from /opt/airflow/dags/dag_tle_ingestion_only.py
[2026-02-04T21:52:59.364+0530] {logging_mixin.py:188} INFO - [2026-02-04T21:52:59.364+0530] {dag.py:3036} INFO - Sync 1 DAGs
[2026-02-04T21:52:59.429+0530] {logging_mixin.py:188} INFO - [2026-02-04T21:52:59.429+0530] {dag.py:3823} INFO - Setting next_dagrun for tle_data_ingestion to 2026-02-04 16:20:00+00:00, run_after=2026-02-04 16:25:00+00:00
[2026-02-04T21:52:59.464+0530] {processor.py:183} INFO - Processing /opt/airflow/dags/dag_tle_ingestion_only.py took 0.284 seconds
[2026-02-04T21:53:29.610+0530] {processor.py:161} INFO - Started process (PID=414) to work on /opt/airflow/dags/dag_tle_ingestion_only.py
[2026-02-04T21:53:29.611+0530] {processor.py:830} INFO - Processing file /opt/airflow/dags/dag_tle_ingestion_only.py for tasks to queue
[2026-02-04T21:53:29.612+0530] {logging_mixin.py:188} INFO - [2026-02-04T21:53:29.612+0530] {dagbag.py:538} INFO - Filling up the DagBag from /opt/airflow/dags/dag_tle_ingestion_only.py
[2026-02-04T21:53:29.650+0530] {processor.py:840} INFO - DAG(s) 'tle_data_ingestion' retrieved from /opt/airflow/dags/dag_tle_ingestion_only.py
[2026-02-04T21:53:29.698+0530] {logging_mixin.py:188} INFO - [2026-02-04T21:53:29.698+0530] {dag.py:3036} INFO - Sync 1 DAGs
[2026-02-04T21:53:29.734+0530] {logging_mixin.py:188} INFO - [2026-02-04T21:53:29.734+0530] {dag.py:3823} INFO - Setting next_dagrun for tle_data_ingestion to 2026-02-04 16:20:00+00:00, run_after=2026-02-04 16:25:00+00:00
[2026-02-04T21:53:29.754+0530] {processor.py:183} INFO - Processing /opt/airflow/dags/dag_tle_ingestion_only.py took 0.153 seconds
[2026-02-04T21:53:59.892+0530] {processor.py:161} INFO - Started process (PID=419) to work on /opt/airflow/dags/dag_tle_ingestion_only.py
[2026-02-04T21:53:59.893+0530] {processor.py:830} INFO - Processing file /opt/airflow/dags/dag_tle_ingestion_only.py for tasks to queue
[2026-02-04T21:53:59.894+0530] {logging_mixin.py:188} INFO - [2026-02-04T21:53:59.894+0530] {dagbag.py:538} INFO - Filling up the DagBag from /opt/airflow/dags/dag_tle_ingestion_only.py
[2026-02-04T21:53:59.942+0530] {processor.py:840} INFO - DAG(s) 'tle_data_ingestion' retrieved from /opt/airflow/dags/dag_tle_ingestion_only.py
[2026-02-04T21:53:59.991+0530] {logging_mixin.py:188} INFO - [2026-02-04T21:53:59.991+0530] {dag.py:3036} INFO - Sync 1 DAGs
[2026-02-04T21:54:00.026+0530] {logging_mixin.py:188} INFO - [2026-02-04T21:54:00.026+0530] {dag.py:3823} INFO - Setting next_dagrun for tle_data_ingestion to 2026-02-04 16:20:00+00:00, run_after=2026-02-04 16:25:00+00:00
[2026-02-04T21:54:00.046+0530] {processor.py:183} INFO - Processing /opt/airflow/dags/dag_tle_ingestion_only.py took 0.165 seconds
[2026-02-04T21:54:30.206+0530] {processor.py:161} INFO - Started process (PID=424) to work on /opt/airflow/dags/dag_tle_ingestion_only.py
[2026-02-04T21:54:30.208+0530] {processor.py:830} INFO - Processing file /opt/airflow/dags/dag_tle_ingestion_only.py for tasks to queue
[2026-02-04T21:54:30.210+0530] {logging_mixin.py:188} INFO - [2026-02-04T21:54:30.210+0530] {dagbag.py:538} INFO - Filling up the DagBag from /opt/airflow/dags/dag_tle_ingestion_only.py
[2026-02-04T21:54:30.277+0530] {processor.py:840} INFO - DAG(s) 'tle_data_ingestion' retrieved from /opt/airflow/dags/dag_tle_ingestion_only.py
[2026-02-04T21:54:30.364+0530] {logging_mixin.py:188} INFO - [2026-02-04T21:54:30.363+0530] {dag.py:3036} INFO - Sync 1 DAGs
[2026-02-04T21:54:30.475+0530] {logging_mixin.py:188} INFO - [2026-02-04T21:54:30.474+0530] {dag.py:3823} INFO - Setting next_dagrun for tle_data_ingestion to 2026-02-04 16:20:00+00:00, run_after=2026-02-04 16:25:00+00:00
[2026-02-04T21:54:30.505+0530] {processor.py:183} INFO - Processing /opt/airflow/dags/dag_tle_ingestion_only.py took 0.319 seconds
[2026-02-04T21:55:00.672+0530] {processor.py:161} INFO - Started process (PID=429) to work on /opt/airflow/dags/dag_tle_ingestion_only.py
[2026-02-04T21:55:00.674+0530] {processor.py:830} INFO - Processing file /opt/airflow/dags/dag_tle_ingestion_only.py for tasks to queue
[2026-02-04T21:55:00.677+0530] {logging_mixin.py:188} INFO - [2026-02-04T21:55:00.676+0530] {dagbag.py:538} INFO - Filling up the DagBag from /opt/airflow/dags/dag_tle_ingestion_only.py
[2026-02-04T21:55:00.751+0530] {processor.py:840} INFO - DAG(s) 'tle_data_ingestion' retrieved from /opt/airflow/dags/dag_tle_ingestion_only.py
[2026-02-04T21:55:00.820+0530] {logging_mixin.py:188} INFO - [2026-02-04T21:55:00.819+0530] {dag.py:3036} INFO - Sync 1 DAGs
[2026-02-04T21:55:00.865+0530] {logging_mixin.py:188} INFO - [2026-02-04T21:55:00.865+0530] {dag.py:3823} INFO - Setting next_dagrun for tle_data_ingestion to 2026-02-04 16:20:00+00:00, run_after=2026-02-04 16:25:00+00:00
[2026-02-04T21:55:00.891+0530] {processor.py:183} INFO - Processing /opt/airflow/dags/dag_tle_ingestion_only.py took 0.234 seconds
[2026-02-04T21:55:31.018+0530] {processor.py:161} INFO - Started process (PID=441) to work on /opt/airflow/dags/dag_tle_ingestion_only.py
[2026-02-04T21:55:31.019+0530] {processor.py:830} INFO - Processing file /opt/airflow/dags/dag_tle_ingestion_only.py for tasks to queue
[2026-02-04T21:55:31.020+0530] {logging_mixin.py:188} INFO - [2026-02-04T21:55:31.019+0530] {dagbag.py:538} INFO - Filling up the DagBag from /opt/airflow/dags/dag_tle_ingestion_only.py
[2026-02-04T21:55:31.046+0530] {processor.py:840} INFO - DAG(s) 'tle_data_ingestion' retrieved from /opt/airflow/dags/dag_tle_ingestion_only.py
[2026-02-04T21:55:31.090+0530] {logging_mixin.py:188} INFO - [2026-02-04T21:55:31.089+0530] {dag.py:3036} INFO - Sync 1 DAGs
[2026-02-04T21:55:31.134+0530] {logging_mixin.py:188} INFO - [2026-02-04T21:55:31.134+0530] {dag.py:3823} INFO - Setting next_dagrun for tle_data_ingestion to 2026-02-04 16:25:00+00:00, run_after=2026-02-04 16:30:00+00:00
[2026-02-04T21:55:31.173+0530] {processor.py:183} INFO - Processing /opt/airflow/dags/dag_tle_ingestion_only.py took 0.159 seconds
[2026-02-04T21:56:01.322+0530] {processor.py:161} INFO - Started process (PID=446) to work on /opt/airflow/dags/dag_tle_ingestion_only.py
[2026-02-04T21:56:01.327+0530] {processor.py:830} INFO - Processing file /opt/airflow/dags/dag_tle_ingestion_only.py for tasks to queue
[2026-02-04T21:56:01.330+0530] {logging_mixin.py:188} INFO - [2026-02-04T21:56:01.328+0530] {dagbag.py:538} INFO - Filling up the DagBag from /opt/airflow/dags/dag_tle_ingestion_only.py
[2026-02-04T21:56:01.390+0530] {processor.py:840} INFO - DAG(s) 'tle_data_ingestion' retrieved from /opt/airflow/dags/dag_tle_ingestion_only.py
[2026-02-04T21:56:01.446+0530] {logging_mixin.py:188} INFO - [2026-02-04T21:56:01.446+0530] {dag.py:3036} INFO - Sync 1 DAGs
[2026-02-04T21:56:01.490+0530] {logging_mixin.py:188} INFO - [2026-02-04T21:56:01.490+0530] {dag.py:3823} INFO - Setting next_dagrun for tle_data_ingestion to 2026-02-04 16:25:00+00:00, run_after=2026-02-04 16:30:00+00:00
[2026-02-04T21:56:01.518+0530] {processor.py:183} INFO - Processing /opt/airflow/dags/dag_tle_ingestion_only.py took 0.207 seconds
[2026-02-04T21:56:31.671+0530] {processor.py:161} INFO - Started process (PID=451) to work on /opt/airflow/dags/dag_tle_ingestion_only.py
[2026-02-04T21:56:31.672+0530] {processor.py:830} INFO - Processing file /opt/airflow/dags/dag_tle_ingestion_only.py for tasks to queue
[2026-02-04T21:56:31.674+0530] {logging_mixin.py:188} INFO - [2026-02-04T21:56:31.673+0530] {dagbag.py:538} INFO - Filling up the DagBag from /opt/airflow/dags/dag_tle_ingestion_only.py
[2026-02-04T21:56:31.720+0530] {processor.py:840} INFO - DAG(s) 'tle_data_ingestion' retrieved from /opt/airflow/dags/dag_tle_ingestion_only.py
[2026-02-04T21:56:31.791+0530] {logging_mixin.py:188} INFO - [2026-02-04T21:56:31.790+0530] {dag.py:3036} INFO - Sync 1 DAGs
[2026-02-04T21:56:31.840+0530] {logging_mixin.py:188} INFO - [2026-02-04T21:56:31.840+0530] {dag.py:3823} INFO - Setting next_dagrun for tle_data_ingestion to 2026-02-04 16:25:00+00:00, run_after=2026-02-04 16:30:00+00:00
[2026-02-04T21:56:31.874+0530] {processor.py:183} INFO - Processing /opt/airflow/dags/dag_tle_ingestion_only.py took 0.209 seconds
[2026-02-04T21:57:02.019+0530] {processor.py:161} INFO - Started process (PID=456) to work on /opt/airflow/dags/dag_tle_ingestion_only.py
[2026-02-04T21:57:02.020+0530] {processor.py:830} INFO - Processing file /opt/airflow/dags/dag_tle_ingestion_only.py for tasks to queue
[2026-02-04T21:57:02.022+0530] {logging_mixin.py:188} INFO - [2026-02-04T21:57:02.021+0530] {dagbag.py:538} INFO - Filling up the DagBag from /opt/airflow/dags/dag_tle_ingestion_only.py
[2026-02-04T21:57:02.063+0530] {processor.py:840} INFO - DAG(s) 'tle_data_ingestion' retrieved from /opt/airflow/dags/dag_tle_ingestion_only.py
[2026-02-04T21:57:02.114+0530] {logging_mixin.py:188} INFO - [2026-02-04T21:57:02.114+0530] {dag.py:3036} INFO - Sync 1 DAGs
[2026-02-04T21:57:02.151+0530] {logging_mixin.py:188} INFO - [2026-02-04T21:57:02.151+0530] {dag.py:3823} INFO - Setting next_dagrun for tle_data_ingestion to 2026-02-04 16:25:00+00:00, run_after=2026-02-04 16:30:00+00:00
[2026-02-04T21:57:02.173+0530] {processor.py:183} INFO - Processing /opt/airflow/dags/dag_tle_ingestion_only.py took 0.162 seconds
[2026-02-04T21:57:32.337+0530] {processor.py:161} INFO - Started process (PID=461) to work on /opt/airflow/dags/dag_tle_ingestion_only.py
[2026-02-04T21:57:32.338+0530] {processor.py:830} INFO - Processing file /opt/airflow/dags/dag_tle_ingestion_only.py for tasks to queue
[2026-02-04T21:57:32.341+0530] {logging_mixin.py:188} INFO - [2026-02-04T21:57:32.340+0530] {dagbag.py:538} INFO - Filling up the DagBag from /opt/airflow/dags/dag_tle_ingestion_only.py
[2026-02-04T21:57:32.429+0530] {processor.py:840} INFO - DAG(s) 'tle_data_ingestion' retrieved from /opt/airflow/dags/dag_tle_ingestion_only.py
[2026-02-04T21:57:32.501+0530] {logging_mixin.py:188} INFO - [2026-02-04T21:57:32.501+0530] {dag.py:3036} INFO - Sync 1 DAGs
[2026-02-04T21:57:32.560+0530] {logging_mixin.py:188} INFO - [2026-02-04T21:57:32.559+0530] {dag.py:3823} INFO - Setting next_dagrun for tle_data_ingestion to 2026-02-04 16:25:00+00:00, run_after=2026-02-04 16:30:00+00:00
[2026-02-04T21:57:32.601+0530] {processor.py:183} INFO - Processing /opt/airflow/dags/dag_tle_ingestion_only.py took 0.280 seconds
[2026-02-04T21:58:02.784+0530] {processor.py:161} INFO - Started process (PID=466) to work on /opt/airflow/dags/dag_tle_ingestion_only.py
[2026-02-04T21:58:02.785+0530] {processor.py:830} INFO - Processing file /opt/airflow/dags/dag_tle_ingestion_only.py for tasks to queue
[2026-02-04T21:58:02.790+0530] {logging_mixin.py:188} INFO - [2026-02-04T21:58:02.786+0530] {dagbag.py:538} INFO - Filling up the DagBag from /opt/airflow/dags/dag_tle_ingestion_only.py
[2026-02-04T21:58:02.867+0530] {processor.py:840} INFO - DAG(s) 'tle_data_ingestion' retrieved from /opt/airflow/dags/dag_tle_ingestion_only.py
[2026-02-04T21:58:02.932+0530] {logging_mixin.py:188} INFO - [2026-02-04T21:58:02.932+0530] {dag.py:3036} INFO - Sync 1 DAGs
[2026-02-04T21:58:02.988+0530] {logging_mixin.py:188} INFO - [2026-02-04T21:58:02.988+0530] {dag.py:3823} INFO - Setting next_dagrun for tle_data_ingestion to 2026-02-04 16:25:00+00:00, run_after=2026-02-04 16:30:00+00:00
[2026-02-04T21:58:03.026+0530] {processor.py:183} INFO - Processing /opt/airflow/dags/dag_tle_ingestion_only.py took 0.257 seconds
